market,seed,model,draw,pre_contiguous,pre_purged,post_contiguous,post_purged
BOVESPA,42,TimeGAN,0,0.9303393351800555,0.9287306094182824,0.9308252539242844,0.9291698984302862
BOVESPA,42,QuantGAN,0,0.9236906740535549,0.9227151431209603,0.9236018005540167,0.9226036472760848
BOVESPA,42,CNN-WGAN-GP,0,0.7535316251154202,0.741632271468144,0.7521618190212374,0.7408524930747922
BOVESPA,42,GARCH,0,0.6255191597414589,0.624278162511542,0.6269122807017545,0.6250750230840258
BOVESPA,42,GJR-GARCH,0,0.6555821791320406,0.6552536934441366,0.656735918744229,0.6557670821791322
BOVESPA,42,TimeGAN,1,0.9283367959372114,0.9297160664819943,0.9288430286241921,0.9307947830101568
BOVESPA,42,QuantGAN,1,0.7277243767313019,0.7240053093259464,0.7275496306555864,0.7227236842105264
BOVESPA,42,CNN-WGAN-GP,1,0.7310205447830102,0.7144674515235457,0.722733379501385,0.7068238688827331
BOVESPA,42,GARCH,1,0.635508541089566,0.6187338411819022,0.6340036934441367,0.6119076638965835
BOVESPA,42,GJR-GARCH,1,0.6680914127423823,0.6501329639889197,0.6669425207756232,0.6466322714681441
BOVESPA,42,TimeGAN,2,0.7624909972299169,0.7554157433056325,0.7594367497691598,0.7517301477377655
BOVESPA,42,QuantGAN,2,0.7033040166204986,0.6751595106186519,0.6977098337950138,0.6705325484764544
BOVESPA,42,CNN-WGAN-GP,2,0.7310083102493075,0.7078081717451523,0.730303324099723,0.703817405355494
BOVESPA,42,GARCH,2,0.8944286703601108,0.8892712373037858,0.8941874422899353,0.8888942751615883
BOVESPA,42,GJR-GARCH,2,0.842339104339797,0.8394012003693444,0.8421186518928903,0.8384720683287167
BOVESPA,42,TimeGAN,3,0.7502862419205909,0.7394568328716528,0.7486073407202216,0.7367841643582642
BOVESPA,42,QuantGAN,3,0.8028444136657434,0.8008040166204985,0.8027783933518006,0.8006719759926131
BOVESPA,42,CNN-WGAN-GP,3,0.7015283933518006,0.6896094182825486,0.7007548476454295,0.6878663434903046
BOVESPA,42,GARCH,3,0.7916057248384117,0.7824556786703601,0.7922010618651893,0.7836043397968606
BOVESPA,42,GJR-GARCH,3,0.783030701754386,0.7687599261311172,0.7818111726685133,0.7673176361957526
BOVESPA,42,TimeGAN,4,0.7642846260387811,0.7560932594644506,0.7639078947368421,0.754415512465374
BOVESPA,42,QuantGAN,4,0.7564517543859649,0.7482356879039704,0.755741920590951,0.7478361034164359
BOVESPA,42,CNN-WGAN-GP,4,0.725216297322253,0.6697636195752539,0.7213275623268698,0.6654076638965835
BOVESPA,42,GARCH,4,0.8854005078485688,0.8825198522622346,0.8855110803324099,0.8827186057248383
BOVESPA,42,GJR-GARCH,4,0.8273737303785781,0.8234526777469992,0.8274605263157895,0.8240027700831025
BOVESPA,42,TimeGAN,5,0.7626020313942752,0.7227319944598338,0.7656103416435827,0.7311472760849492
BOVESPA,42,QuantGAN,5,0.7002289935364727,0.6876892890120037,0.7022867036011082,0.6656585872576178
BOVESPA,42,CNN-WGAN-GP,5,0.5480791782086796,0.4570630193905817,0.5499374422899354,0.4525512465373961
BOVESPA,42,GARCH,5,0.7507234533702677,0.7465796398891966,0.7522006001846722,0.7464420590951062
BOVESPA,42,GJR-GARCH,5,0.6583328716528162,0.660822483841182,0.6576645891043399,0.6605736380424746
BOVESPA,42,TimeGAN,6,0.8032996306555864,0.7741431209602954,0.8011576638965835,0.7714963065558633
BOVESPA,42,QuantGAN,6,0.8756749769159742,0.8699958448753463,0.8747493074792244,0.8684540627885504
BOVESPA,42,CNN-WGAN-GP,6,0.6207433056325022,0.5718723453370268,0.6205856417359188,0.570898430286242
BOVESPA,42,GARCH,6,0.7694443674976915,0.7669614496768237,0.762817867036011,0.7625734072022161
BOVESPA,42,GJR-GARCH,6,0.7749194367497692,0.7675438596491226,0.7694009695290859,0.7649270544783009
BOVESPA,42,TimeGAN,7,0.6761382733148661,0.633744459833795,0.6699783010156971,0.6288275623268698
BOVESPA,42,QuantGAN,7,0.836755078485688,0.8295884118190212,0.8340821791320406,0.8257885503231763
BOVESPA,42,CNN-WGAN-GP,7,0.48474469067405357,0.32981602031394275,0.4827296860572484,0.32671606648199447
BOVESPA,42,GARCH,7,0.876525623268698,0.8781664358264083,0.8747989381348107,0.875884349030471
BOVESPA,42,GJR-GARCH,7,0.854598568790397,0.8547024469067406,0.8544656048014774,0.8543474145891043
BOVESPA,42,TimeGAN,8,0.7645394736842106,0.738404432132964,0.7654028162511542,0.7393139427516159
BOVESPA,42,QuantGAN,8,0.9230025392428439,0.9219097414589104,0.9233326408125577,0.92206486611265
BOVESPA,42,CNN-WGAN-GP,8,0.8459058171745152,0.8520463988919669,0.8459499076638967,0.8521334256694366
BOVESPA,42,GARCH,8,0.7967760849492153,0.7911477377654663,0.7962920129270545,0.7906391966759003
BOVESPA,42,GJR-GARCH,8,0.8240630193905817,0.8211133425669438,0.8236445060018467,0.8208056325023085
BOVESPA,42,TimeGAN,9,0.804471837488458,0.7639536011080332,0.80247783933518,0.7620927977839336
BOVESPA,42,QuantGAN,9,0.7455537857802401,0.7320263157894737,0.7418961218836565,0.7254452908587258
BOVESPA,42,CNN-WGAN-GP,9,0.5505634810710989,0.5833331024930748,0.5336823638042475,0.5495923361034164
BOVESPA,42,GARCH,9,0.8367486149584489,0.829058864265928,0.8051149584487536,0.7861726685133889
BOVESPA,42,GJR-GARCH,9,0.7861004155124653,0.7723882733148661,0.7839113573407201,0.7694245152354571
BOVESPA,42,TimeGAN,10,0.7633979686057248,0.748673591874423,0.7617486149584487,0.7458271006463526
BOVESPA,42,QuantGAN,10,0.3934706832871653,0.38285087719298244,0.39340397045244685,0.3828938134810711
BOVESPA,42,CNN-WGAN-GP,10,0.518247460757156,0.4623674976915974,0.5178965835641736,0.46299053554939984
BOVESPA,42,GARCH,10,0.8527079870729455,0.8496454293628808,0.8529746075715605,0.8496888273314867
BOVESPA,42,GJR-GARCH,10,0.8995265466297322,0.9009727608494922,0.9000579409048939,0.9009282086795937
BOVESPA,42,TimeGAN,11,0.644699676823638,0.6501470452446906,0.6450113111726685,0.6487366112650046
BOVESPA,42,QuantGAN,11,0.7429150507848569,0.7281204986149584,0.7427158356417359,0.7279224376731301
BOVESPA,42,CNN-WGAN-GP,11,0.6299215143120961,0.6159697599261311,0.626044783010157,0.6105858725761772
BOVESPA,42,GARCH,11,0.8192195290858726,0.8192924746075716,0.8189988457987074,0.8189600646352725
BOVESPA,42,GJR-GARCH,11,0.777137811634349,0.7839554478301015,0.7766777469990768,0.7840004616805171
BOVESPA,42,TimeGAN,12,0.8652426131117267,0.8416659741458912,0.8657347645429363,0.8406209602954755
BOVESPA,42,QuantGAN,12,0.8575055401662051,0.8539427516158818,0.8562735457063713,0.8518090951061865
BOVESPA,42,CNN-WGAN-GP,12,0.6378164819944598,0.6288467220683287,0.6368294090489381,0.6275957987072946
BOVESPA,42,GARCH,12,0.8463421052631579,0.8386934441366576,0.8458988919667589,0.8379166666666666
BOVESPA,42,GJR-GARCH,12,0.8137947830101571,0.7982721606648199,0.8134644506001848,0.7985851800554016
BOVESPA,42,TimeGAN,13,0.8029111265004616,0.7705316251154202,0.8024778393351802,0.7693298707294552
BOVESPA,42,QuantGAN,13,0.7464427516158818,0.733260618651893,0.7464889196675901,0.7332638504155125
BOVESPA,42,CNN-WGAN-GP,13,0.49861080332409974,0.46995729455217,0.5001724376731301,0.4708986611265004
BOVESPA,42,GARCH,13,0.7719462142197598,0.7630907202216066,0.7718578024007388,0.7625625577100645
BOVESPA,42,GJR-GARCH,13,0.8063501846722069,0.7990620960295476,0.8057557710064636,0.7982511542012928
BOVESPA,42,TimeGAN,14,0.8029420590951062,0.7955600184672207,0.7975371652816251,0.7895383194829179
BOVESPA,42,QuantGAN,14,0.7045505540166206,0.6849725300092335,0.7013220221606649,0.6804332871652816
BOVESPA,42,CNN-WGAN-GP,14,0.803482917820868,0.7916775161588182,0.8023624192059096,0.7901378116343489
BOVESPA,42,GARCH,14,0.9478268698060941,0.9449279778393352,0.9477160664819945,0.9448843490304709
BOVESPA,42,GJR-GARCH,14,0.8551643582640812,0.8533026315789474,0.8570939519852263,0.8552742382271468
BOVESPA,42,TimeGAN,15,0.7466038781163435,0.6297084487534627,0.7531387349953832,0.6560373961218836
BOVESPA,42,QuantGAN,15,0.903766620498615,0.9009789935364727,0.8788487996306555,0.901059325946445
BOVESPA,42,CNN-WGAN-GP,15,0.8218868882733148,0.8104344413665743,0.819451754385965,0.8064256694367498
BOVESPA,42,GARCH,15,0.5203437211449675,0.5707626962142198,0.49643374884579866,0.5028896583564173
BOVESPA,42,GJR-GARCH,15,0.5684482917820868,0.6028176361957526,0.4920163896583564,0.5347862419205909
BOVESPA,42,TimeGAN,16,0.7149346722068328,0.623813942751616,0.7354681440443214,0.6240346260387811
BOVESPA,42,QuantGAN,16,0.8770514773776548,0.8775062326869806,0.8760588642659279,0.8764300554016622
BOVESPA,42,CNN-WGAN-GP,16,0.7714734533702677,0.7632797783933519,0.7696666666666666,0.7614711449676823
BOVESPA,42,GARCH,16,0.8235997229916897,0.8190872576177286,0.8228698060941829,0.8164923822714683
BOVESPA,42,GJR-GARCH,16,0.8651728993536473,0.8605650969529087,0.8481941366574329,0.8039145891043397
BOVESPA,42,TimeGAN,17,0.7391696675900277,0.7174434441366574,0.7401318097876269,0.7185572483841183
BOVESPA,42,QuantGAN,17,0.8038550323176363,0.8026786703601108,0.7295764081255771,0.7201849030470914
BOVESPA,42,CNN-WGAN-GP,17,0.8195969529085874,0.8198384118190212,0.8180697137580794,0.8191530470914128
BOVESPA,42,GARCH,17,0.7461920590951061,0.7208513388734995,0.7466793628808864,0.7220256232686981
BOVESPA,42,GJR-GARCH,17,0.7144796860572483,0.6715745614035088,0.714789242843952,0.6737236842105263
BOVESPA,42,TimeGAN,18,0.7811410433979686,0.7158956602031393,0.7947945521698985,0.7346281163434903
BOVESPA,42,QuantGAN,18,0.5846204986149585,0.5576678208679594,0.5849512927054479,0.557974838411819
BOVESPA,42,CNN-WGAN-GP,18,0.7274060480147737,0.7082957063711911,0.7256565096952908,0.7063718836565097
BOVESPA,42,GARCH,18,0.8684291320406279,0.8683808864265927,0.868539242843952,0.8686475069252078
BOVESPA,42,GJR-GARCH,18,0.8199561403508773,0.8171558171745152,0.819845567867036,0.8173993536472761
BOVESPA,42,TimeGAN,19,0.6367086795937211,0.6314085872576177,0.6396202677746999,0.6338051708217913
BOVESPA,42,QuantGAN,19,0.5146214219759926,0.49719252077562326,0.5158185595567867,0.4974605263157895
BOVESPA,42,CNN-WGAN-GP,19,0.8264873037857802,0.8284967682363803,0.8239686057248384,0.8257139889196676
BOVESPA,42,GARCH,19,0.8599988457987073,0.8546498153277933,0.8599990766389658,0.8546029547553093
BOVESPA,42,GJR-GARCH,19,0.7735339335180055,0.7691038781163435,0.7729796860572484,0.7684609879963065
BOVESPA,42,CONTROL: shuffled real,0,0.32027077562326867,0.3097786241920591,0.3199157433056325,0.3094021237303785
BOVESPA,42,CONTROL: shuffled real,1,0.32027077562326867,0.3097786241920591,0.3199157433056325,0.3094021237303785
BOVESPA,42,CONTROL: shuffled real,2,0.32027077562326867,0.3097786241920591,0.3199157433056325,0.3094021237303785
BOVESPA,42,CONTROL: shuffled real,3,0.32027077562326867,0.3097786241920591,0.3199157433056325,0.3094021237303785
BOVESPA,42,CONTROL: shuffled real,4,0.32027077562326867,0.3097786241920591,0.3199157433056325,0.3094021237303785
BOVESPA,42,CONTROL: shuffled real,5,0.32027077562326867,0.3097786241920591,0.3199157433056325,0.3094021237303785
BOVESPA,42,CONTROL: shuffled real,6,0.32027077562326867,0.3097786241920591,0.3199157433056325,0.3094021237303785
BOVESPA,42,CONTROL: shuffled real,7,0.32027077562326867,0.3097786241920591,0.3199157433056325,0.3094021237303785
BOVESPA,42,CONTROL: shuffled real,8,0.32027077562326867,0.3097786241920591,0.3199157433056325,0.3094021237303785
BOVESPA,42,CONTROL: shuffled real,9,0.32027077562326867,0.3097786241920591,0.3199157433056325,0.3094021237303785
BOVESPA,42,CONTROL: shuffled real,10,0.32027077562326867,0.3097786241920591,0.3199157433056325,0.3094021237303785
BOVESPA,42,CONTROL: shuffled real,11,0.32027077562326867,0.3097786241920591,0.3199157433056325,0.3094021237303785
BOVESPA,42,CONTROL: shuffled real,12,0.32027077562326867,0.3097786241920591,0.3199157433056325,0.3094021237303785
BOVESPA,42,CONTROL: shuffled real,13,0.32027077562326867,0.3097786241920591,0.3199157433056325,0.3094021237303785
BOVESPA,42,CONTROL: shuffled real,14,0.32027077562326867,0.3097786241920591,0.3199157433056325,0.3094021237303785
BOVESPA,42,CONTROL: shuffled real,15,0.32027077562326867,0.3097786241920591,0.3199157433056325,0.3094021237303785
BOVESPA,42,CONTROL: shuffled real,16,0.32027077562326867,0.3097786241920591,0.3199157433056325,0.3094021237303785
BOVESPA,42,CONTROL: shuffled real,17,0.32027077562326867,0.3097786241920591,0.3199157433056325,0.3094021237303785
BOVESPA,42,CONTROL: shuffled real,18,0.32027077562326867,0.3097786241920591,0.3199157433056325,0.3094021237303785
BOVESPA,42,CONTROL: shuffled real,19,0.32027077562326867,0.3097786241920591,0.3199157433056325,0.3094021237303785
BOVESPA,43,TimeGAN,0,0.9629115881809789,0.9629930747922437,0.9623377192982456,0.96266297322253
BOVESPA,43,QuantGAN,0,0.7585092336103416,0.7142631578947368,0.7555708679593721,0.7059759926131116
BOVESPA,43,CNN-WGAN-GP,0,0.8187031394275162,0.816932132963989,0.8183723453370266,0.8148506463527238
BOVESPA,43,GARCH,0,0.8191846722068329,0.823846029547553,0.8122823176361956,0.8177527700831024
BOVESPA,43,GJR-GARCH,0,0.7594205909510618,0.7512947830101571,0.7541447368421053,0.746769159741459
BOVESPA,43,TimeGAN,1,0.9226297322253,0.9229399815327793,0.9226975992613111,0.9229420590951062
BOVESPA,43,QuantGAN,1,0.7185722530009235,0.7108670360110804,0.7185325484764543,0.7108508771929826
BOVESPA,43,CNN-WGAN-GP,1,0.6890302400738688,0.6780637119113573,0.6852453831948291,0.6729298245614035
BOVESPA,43,GARCH,1,0.9041823638042474,0.8962740073868882,0.9032973222530009,0.8961643582640813
BOVESPA,43,GJR-GARCH,1,0.8649111265004616,0.8701583564173593,0.8493760387811635,0.8677437673130193
BOVESPA,43,TimeGAN,2,0.9328698060941829,0.9257356879039704,0.9321389658356416,0.9253148661126499
BOVESPA,43,QuantGAN,2,0.8281495844875346,0.8207285318559556,0.8285073868882733,0.8219240535549399
BOVESPA,43,CNN-WGAN-GP,2,0.7943227146814404,0.7818393351800556,0.7881334256694367,0.7727800092336103
BOVESPA,43,GARCH,2,0.8074344413665744,0.7947151431209603,0.808632271468144,0.7973548014773777
BOVESPA,43,GJR-GARCH,2,0.6801043397968606,0.6541897506925208,0.682028162511542,0.6548598799630656
BOVESPA,43,TimeGAN,3,0.9575034626038782,0.9560634810710988,0.9570380886426595,0.9557084487534627
BOVESPA,43,QuantGAN,3,0.8277153739612186,0.8012054478301016,0.8035283933518006,0.7842015235457063
BOVESPA,43,CNN-WGAN-GP,3,0.834059325946445,0.8272308402585411,0.8302375346260389,0.8219531394275161
BOVESPA,43,GARCH,3,0.7869884579870728,0.7832707756232687,0.786590027700831,0.7803711911357342
BOVESPA,43,GJR-GARCH,3,0.7158100184672206,0.698943213296399,0.7123333333333334,0.6879531394275162
BOVESPA,43,TimeGAN,4,0.9550771006463528,0.9503568790397046,0.9551874422899352,0.9506664358264082
BOVESPA,43,QuantGAN,4,0.7332386888273316,0.7202003693444137,0.7327543859649122,0.7191410433979687
BOVESPA,43,CNN-WGAN-GP,4,0.7820376269621422,0.7654148199445983,0.7799238227146814,0.7616929824561404
BOVESPA,43,GARCH,4,0.8905644044321329,0.8856438134810711,0.8907209141274238,0.8872167590027701
BOVESPA,43,GJR-GARCH,4,0.8028896583564172,0.7902793167128347,0.8030674053554941,0.754490997229917
BOVESPA,43,TimeGAN,5,0.9398178670360112,0.9386128808864266,0.9397742382271469,0.9382830101569712
BOVESPA,43,QuantGAN,5,0.8562950138504155,0.8535690212373037,0.8534882271468144,0.8509609879963065
BOVESPA,43,CNN-WGAN-GP,5,0.8068305632502307,0.7987560018467221,0.8065258541089566,0.7983185595567868
BOVESPA,43,GARCH,5,0.9397361495844875,0.9389469067405356,0.93909810710988,0.9382631578947368
BOVESPA,43,GJR-GARCH,5,0.9399035087719299,0.938384349030471,0.9399083564173593,0.9384097414589105
BOVESPA,43,TimeGAN,6,0.953716297322253,0.9475798707294553,0.9532954755309326,0.9470260849492153
BOVESPA,43,QuantGAN,6,0.6735094644506001,0.6690685595567867,0.674389889196676,0.6712091412742381
BOVESPA,43,CNN-WGAN-GP,6,0.8511777469990767,0.835966297322253,0.8503797322253002,0.8340639427516159
BOVESPA,43,GARCH,6,0.7339279778393352,0.7301911357340721,0.7355897968605725,0.7324748384118192
BOVESPA,43,GJR-GARCH,6,0.6273271006463527,0.6228483379501386,0.6269305170821792,0.622561403508772
BOVESPA,43,TimeGAN,7,0.9767587719298246,0.9766481994459835,0.976892890120037,0.9764725300092337
BOVESPA,43,QuantGAN,7,0.8289358264081255,0.8230784856879041,0.8302855493998154,0.8225270083102492
BOVESPA,43,CNN-WGAN-GP,7,0.8289085872576178,0.8298578024007386,0.8266952908587257,0.8280223915050785
BOVESPA,43,GARCH,7,0.9317257617728532,0.9290230840258541,0.9319909972299169,0.929421052631579
BOVESPA,43,GJR-GARCH,7,0.8942733148661126,0.8898866574330562,0.8943402585410896,0.8897989381348108
BOVESPA,43,TimeGAN,8,0.9583813481071098,0.9574746075715606,0.9584249769159742,0.9576512003693445
BOVESPA,43,QuantGAN,8,0.6734727608494921,0.6771588180978763,0.6731214219759927,0.67727216066482
BOVESPA,43,CNN-WGAN-GP,8,0.7885484764542936,0.7829538319482918,0.7885454755309326,0.7832391505078486
BOVESPA,43,GARCH,8,0.8465692520775624,0.8337608494921515,0.8450639427516158,0.8314990766389659
BOVESPA,43,GJR-GARCH,8,0.810070406278855,0.7967209141274239,0.8091867497691597,0.7963448753462604
BOVESPA,43,TimeGAN,9,0.9669215143120959,0.9645316251154202,0.9669870729455218,0.9644866112650046
BOVESPA,43,QuantGAN,9,0.8254990766389658,0.8200939519852263,0.8258979686057248,0.8205369344413667
BOVESPA,43,CNN-WGAN-GP,9,0.8432315327793167,0.821668051708218,0.8444053554939982,0.8209125115420128
BOVESPA,43,GARCH,9,0.8099549861495845,0.8088557248384118,0.8099746075715604,0.808941597414589
BOVESPA,43,GJR-GARCH,9,0.8013781163434903,0.8018861957525394,0.8011578947368421,0.8017546168051709
BOVESPA,43,TimeGAN,10,0.9696500461680518,0.9637128347183749,0.9695835641735918,0.9635353185595568
BOVESPA,43,QuantGAN,10,0.7858227146814404,0.775963758079409,0.7858012465373962,0.7757430747922437
BOVESPA,43,CNN-WGAN-GP,10,0.6805355493998153,0.6640330101569714,0.6797160664819945,0.6630616343490304
BOVESPA,43,GARCH,10,0.750375807940905,0.7375062326869807,0.7503977377654664,0.7376380424746076
BOVESPA,43,GJR-GARCH,10,0.7222236842105263,0.7021539704524469,0.7223100184672206,0.7017987072945522
BOVESPA,43,TimeGAN,11,0.9604090489381347,0.9580182363804246,0.9601445060018466,0.9576223453370268
BOVESPA,43,QuantGAN,11,0.8608206371191136,0.8368670360110805,0.8612608494921515,0.837154432132964
BOVESPA,43,CNN-WGAN-GP,11,0.7219868421052633,0.6928806555863342,0.7210341643582641,0.6906401200369344
BOVESPA,43,GARCH,11,0.8784522160664819,0.8822673130193905,0.8750680978762697,0.8709275161588181
BOVESPA,43,GJR-GARCH,11,0.8619919205909511,0.8611419667590028,0.8607975530932596,0.8590013850415513
BOVESPA,43,TimeGAN,12,0.9814312096029546,0.9806004155124655,0.9814316712834719,0.9805794090489381
BOVESPA,43,QuantGAN,12,0.7106283471837489,0.6690951061865189,0.6892901662049862,0.6392513850415512
BOVESPA,43,CNN-WGAN-GP,12,0.8270076177285318,0.7808981994459833,0.8251486611265004,0.7203164819944599
BOVESPA,43,GARCH,12,0.7388674976915974,0.7409125115420129,0.7400600184672206,0.7396560480147738
BOVESPA,43,GJR-GARCH,12,0.7020376269621421,0.6989900738688827,0.7002622345337027,0.6958811172668513
BOVESPA,43,TimeGAN,13,0.9780602493074791,0.9775717913204062,0.9778829639889196,0.977505078485688
BOVESPA,43,QuantGAN,13,0.6014644506001847,0.6144672206832872,0.600357109879963,0.6119861495844875
BOVESPA,43,CNN-WGAN-GP,13,0.6510831024930749,0.6684175900277008,0.6463123268698061,0.6641516620498615
BOVESPA,43,GARCH,13,0.6443716528162511,0.5959951523545707,0.6441512003693444,0.5879235918744229
BOVESPA,43,GJR-GARCH,13,0.6714750692520776,0.6575362419205909,0.6699905355493998,0.6566493536472761
BOVESPA,43,TimeGAN,14,0.962863111726685,0.9631957525392428,0.9628626500461681,0.9633275623268698
BOVESPA,43,QuantGAN,14,0.8282098337950139,0.8242317636195754,0.8276777469990766,0.8238995844875345
BOVESPA,43,CNN-WGAN-GP,14,0.7990027700831024,0.7900551708217913,0.799044783010157,0.7902322253000924
BOVESPA,43,GARCH,14,0.4398716528162511,0.3579441366574331,0.5037913204062788,0.3625198522622345
BOVESPA,43,GJR-GARCH,14,0.4647631578947369,0.3594150507848569,0.4728638042474608,0.35967982456140357
BOVESPA,43,TimeGAN,15,0.9513139427516158,0.9529759926131117,0.951357109879963,0.9528197137580794
BOVESPA,43,QuantGAN,15,0.8316218836565096,0.8312220683287166,0.8311819021237303,0.8306064173591874
BOVESPA,43,CNN-WGAN-GP,15,0.8398938134810712,0.840722299168975,0.8403587257617728,0.8399762234533703
BOVESPA,43,GARCH,15,0.8367532317636195,0.8230263157894736,0.8362234533702679,0.8224515235457064
BOVESPA,43,GJR-GARCH,15,0.8036634349030471,0.7834704524469067,0.8034838411819022,0.7832938596491228
BOVESPA,43,TimeGAN,16,0.9376465835641736,0.9244630655586334,0.9375355493998153,0.924174515235457
BOVESPA,43,QuantGAN,16,0.7790895660203139,0.6756371191135735,0.7789635272391505,0.6106089566020314
BOVESPA,43,CNN-WGAN-GP,16,0.7863134810710988,0.7761507386888273,0.7870011542012927,0.7771671283471837
BOVESPA,43,GARCH,16,0.6474065096952909,0.6263589566020313,0.6474067405355493,0.6271805170821791
BOVESPA,43,GJR-GARCH,16,0.632291320406279,0.606704755309326,0.6309746075715605,0.6017082179132041
BOVESPA,43,TimeGAN,17,0.9689575253924284,0.9655004616805171,0.9688910433979686,0.9654561403508772
BOVESPA,43,QuantGAN,17,0.9830193905817175,0.9815062326869807,0.9831290397045244,0.9815288550323176
BOVESPA,43,CNN-WGAN-GP,17,0.888269621421976,0.8873176361957524,0.8882698522622345,0.8872527700831025
BOVESPA,43,GARCH,17,0.7887629270544785,0.7998718836565096,0.7665794090489382,0.7891892890120038
BOVESPA,43,GJR-GARCH,17,0.7728471837488458,0.7790727146814405,0.7703206371191136,0.7779630655586335
BOVESPA,43,TimeGAN,18,0.9821447368421052,0.9821671283471837,0.9820782548476454,0.9821671283471837
BOVESPA,43,QuantGAN,18,0.8846830563250231,0.8818603416435826,0.8846186518928901,0.8814000461680518
BOVESPA,43,CNN-WGAN-GP,18,0.7444342105263158,0.734137349953832,0.7438167128347184,0.7340683287165282
BOVESPA,43,GARCH,18,0.8527066020313943,0.8531733610341643,0.8527287626962142,0.8528411819021237
BOVESPA,43,GJR-GARCH,18,0.785118190212373,0.7853460295475531,0.7852089104339797,0.7857472299168975
BOVESPA,43,TimeGAN,19,0.9813940443213296,0.9827239150507848,0.98181486611265,0.9828790397045244
BOVESPA,43,QuantGAN,19,0.9684185133887351,0.9687264542936289,0.9684623730378579,0.9686821329639891
BOVESPA,43,CNN-WGAN-GP,19,0.7824372114496768,0.7650383194829178,0.7813975069252078,0.7633137119113573
BOVESPA,43,GARCH,19,0.8210196214219762,0.806778624192059,0.8214406740535551,0.807247460757156
BOVESPA,43,GJR-GARCH,19,0.9292560018467221,0.9203137119113574,0.9293019390581717,0.9204471375807941
BOVESPA,43,CONTROL: shuffled real,0,0.32027077562326867,0.3097786241920591,0.3199157433056325,0.3094021237303785
BOVESPA,43,CONTROL: shuffled real,1,0.32027077562326867,0.3097786241920591,0.3199157433056325,0.3094021237303785
BOVESPA,43,CONTROL: shuffled real,2,0.32027077562326867,0.3097786241920591,0.3199157433056325,0.3094021237303785
BOVESPA,43,CONTROL: shuffled real,3,0.32027077562326867,0.3097786241920591,0.3199157433056325,0.3094021237303785
BOVESPA,43,CONTROL: shuffled real,4,0.32027077562326867,0.3097786241920591,0.3199157433056325,0.3094021237303785
BOVESPA,43,CONTROL: shuffled real,5,0.32027077562326867,0.3097786241920591,0.3199157433056325,0.3094021237303785
BOVESPA,43,CONTROL: shuffled real,6,0.32027077562326867,0.3097786241920591,0.3199157433056325,0.3094021237303785
BOVESPA,43,CONTROL: shuffled real,7,0.32027077562326867,0.3097786241920591,0.3199157433056325,0.3094021237303785
BOVESPA,43,CONTROL: shuffled real,8,0.32027077562326867,0.3097786241920591,0.3199157433056325,0.3094021237303785
BOVESPA,43,CONTROL: shuffled real,9,0.32027077562326867,0.3097786241920591,0.3199157433056325,0.3094021237303785
BOVESPA,43,CONTROL: shuffled real,10,0.32027077562326867,0.3097786241920591,0.3199157433056325,0.3094021237303785
BOVESPA,43,CONTROL: shuffled real,11,0.32027077562326867,0.3097786241920591,0.3199157433056325,0.3094021237303785
BOVESPA,43,CONTROL: shuffled real,12,0.32027077562326867,0.3097786241920591,0.3199157433056325,0.3094021237303785
BOVESPA,43,CONTROL: shuffled real,13,0.32027077562326867,0.3097786241920591,0.3199157433056325,0.3094021237303785
BOVESPA,43,CONTROL: shuffled real,14,0.32027077562326867,0.3097786241920591,0.3199157433056325,0.3094021237303785
BOVESPA,43,CONTROL: shuffled real,15,0.32027077562326867,0.3097786241920591,0.3199157433056325,0.3094021237303785
BOVESPA,43,CONTROL: shuffled real,16,0.32027077562326867,0.3097786241920591,0.3199157433056325,0.3094021237303785
BOVESPA,43,CONTROL: shuffled real,17,0.32027077562326867,0.3097786241920591,0.3199157433056325,0.3094021237303785
BOVESPA,43,CONTROL: shuffled real,18,0.32027077562326867,0.3097786241920591,0.3199157433056325,0.3094021237303785
BOVESPA,43,CONTROL: shuffled real,19,0.32027077562326867,0.3097786241920591,0.3199157433056325,0.3094021237303785
BOVESPA,44,TimeGAN,0,0.9118347183748845,0.9184531394275162,0.9085997229916897,0.9179208217913203
BOVESPA,44,QuantGAN,0,0.7062271468144045,0.7220944136657433,0.7079554478301016,0.582794783010157
BOVESPA,44,CNN-WGAN-GP,0,0.5236918282548477,0.5559088180978763,0.5212793167128347,0.5475805632502309
BOVESPA,44,GARCH,0,0.921918975069252,0.9187483841181903,0.9213871191135734,0.9185489381348105
BOVESPA,44,GJR-GARCH,0,0.8832126038781164,0.8808831948291782,0.8828344875346261,0.8812356879039704
BOVESPA,44,TimeGAN,1,0.9558548014773777,0.946503000923361,0.9558102493074794,0.946746999076639
BOVESPA,44,QuantGAN,1,0.7512264542936288,0.7352047553093259,0.7151687442289936,0.6953947368421052
BOVESPA,44,CNN-WGAN-GP,1,0.9358148661126501,0.932642890120037,0.935881809787627,0.9329974607571561
BOVESPA,44,GARCH,1,0.6652319944598338,0.6526738227146814,0.6651433518005541,0.6481955216989843
BOVESPA,44,GJR-GARCH,1,0.6842146814404432,0.6766992151431209,0.6837936288088644,0.6733296398891967
BOVESPA,44,TimeGAN,2,0.81190189289012,0.7934122807017543,0.8113081717451524,0.7927830101569714
BOVESPA,44,QuantGAN,2,0.5772056786703601,0.5533993536472761,0.5718448753462605,0.5489639889196676
BOVESPA,44,CNN-WGAN-GP,2,0.7222573868882731,0.7005459372114496,0.7200309325946443,0.6861251154201292
BOVESPA,44,GARCH,2,0.9305888734995383,0.9317433056325022,0.9304808402585412,0.9316572022160665
BOVESPA,44,GJR-GARCH,2,0.8341994459833796,0.8456338873499538,0.8330263157894736,0.8451237303785781
BOVESPA,44,TimeGAN,3,0.6506726685133887,0.6152543859649123,0.6473804247460757,0.6123896583564173
BOVESPA,44,QuantGAN,3,0.7716666666666667,0.7723483379501385,0.7718215604801478,0.7725020775623269
BOVESPA,44,CNN-WGAN-GP,3,0.6984224376731302,0.7057513850415512,0.6958949676823638,0.703468836565097
BOVESPA,44,GARCH,3,0.7493792705447829,0.7421904432132964,0.7499750692520776,0.7421020313942751
BOVESPA,44,GJR-GARCH,3,0.6925293167128347,0.6791952908587258,0.6929953831948292,0.6791308864265928
BOVESPA,44,TimeGAN,4,0.7926034164358263,0.7251020313942752,0.9017227608494922,0.724237996306556
BOVESPA,44,QuantGAN,4,0.521081948291782,0.51230378578024,0.519392890120037,0.5103501846722068
BOVESPA,44,CNN-WGAN-GP,4,0.7452253000923361,0.744918513388735,0.7458460295475531,0.7460720221606649
BOVESPA,44,GARCH,4,0.8176218836565097,0.8119718374884581,0.8166027239150507,0.8117938596491229
BOVESPA,44,GJR-GARCH,4,0.7617091412742382,0.7450590951061866,0.760423130193906,0.742952677746999
BOVESPA,44,TimeGAN,5,0.9598273314866113,0.955163434903047,0.9594942289935364,0.9544789935364728
BOVESPA,44,QuantGAN,5,0.6600237765466297,0.6555581717451524,0.6587211449676824,0.653659972299169
BOVESPA,44,CNN-WGAN-GP,5,0.6120535549399816,0.5559332871652816,0.6046133425669437,0.5419815327793167
BOVESPA,44,GARCH,5,0.8760715604801476,0.8694900738688828,0.876137811634349,0.8694900738688828
BOVESPA,44,GJR-GARCH,5,0.8956731301939058,0.8927920129270543,0.8956731301939058,0.8928148661126499
BOVESPA,44,TimeGAN,6,0.9382232225300093,0.9322631578947369,0.9383561865189289,0.9325503231763619
BOVESPA,44,QuantGAN,6,0.6788845798707295,0.6439808402585411,0.6550159279778394,0.6232144506001847
BOVESPA,44,CNN-WGAN-GP,6,0.6194554478301015,0.6113651892890121,0.604005540166205,0.5925874884579871
BOVESPA,44,GARCH,6,0.8287899353647277,0.8385918744228993,0.8284519852262235,0.8371945983379501
BOVESPA,44,GJR-GARCH,6,0.7780964912280701,0.7947820867959372,0.778935595567867,0.7938769621421976
BOVESPA,44,TimeGAN,7,0.9699259002770082,0.9635214681440443,0.9697693905817175,0.9634759926131118
BOVESPA,44,QuantGAN,7,0.7929515235457064,0.7631645891043398,0.7849379039704525,0.7637516158818098
BOVESPA,44,CNN-WGAN-GP,7,0.6293446445060018,0.5813744228993537,0.6266371191135733,0.5785380886426592
BOVESPA,44,GARCH,7,0.7989877654662972,0.7923471837488458,0.7991207294552171,0.7921027239150508
BOVESPA,44,GJR-GARCH,7,0.7319067405355494,0.7187541551246537,0.7315736380424747,0.7177352262234535
BOVESPA,44,TimeGAN,8,0.967140350877193,0.9661034164358264,0.9670768698060943,0.9657299168975069
BOVESPA,44,QuantGAN,8,0.6033818097876269,0.5875242382271468,0.6043259464450601,0.5888437211449676
BOVESPA,44,CNN-WGAN-GP,8,0.7751717451523545,0.7665927977839335,0.7740080794090489,0.7645886426592797
BOVESPA,44,GARCH,8,0.7511775161588181,0.7480034626038782,0.7516629732225301,0.7488220221606648
BOVESPA,44,GJR-GARCH,8,0.7462176823638044,0.7481089566020314,0.7472804709141274,0.7487075253924285
BOVESPA,44,TimeGAN,9,0.9376098799630656,0.9289898430286241,0.9364579870729456,0.9235152354570637
BOVESPA,44,QuantGAN,9,0.7140863342566945,0.7126244228993537,0.7139307479224376,0.7138222530009235
BOVESPA,44,CNN-WGAN-GP,9,0.7715801015697137,0.7640228531855955,0.649136888273315,0.6377820867959373
BOVESPA,44,GARCH,9,0.6619409048938135,0.6478704986149585,0.6602135272391505,0.6453441828254848
BOVESPA,44,GJR-GARCH,9,0.661510618651893,0.6481969067405354,0.6604249769159742,0.6478873499538319
BOVESPA,44,TimeGAN,10,0.6519422899353647,0.648747460757156,0.6495480147737765,0.6448294090489382
BOVESPA,44,QuantGAN,10,0.6233781163434904,0.6171576638965836,0.6234702216066481,0.6182684672206833
BOVESPA,44,CNN-WGAN-GP,10,0.7118598799630654,0.6104219759926132,0.7078017082179131,0.6079732225300092
BOVESPA,44,GARCH,10,0.8536078024007387,0.8485874884579871,0.8507061403508771,0.8473494921514313
BOVESPA,44,GJR-GARCH,10,0.8410847183748846,0.8368776546629733,0.8409053554939983,0.8358612650046169
BOVESPA,44,TimeGAN,11,0.8232961680517082,0.8098388734995383,0.8236027239150507,0.809704755309326
BOVESPA,44,QuantGAN,11,0.8121144967682363,0.8021251154201293,0.8085348568790398,0.7961329639889196
BOVESPA,44,CNN-WGAN-GP,11,0.6594420590951062,0.6465653277931672,0.6597257617728531,0.6475096952908587
BOVESPA,44,GARCH,11,0.9134503693444136,0.9133644967682363,0.9145521698984304,0.9132807017543861
BOVESPA,44,GJR-GARCH,11,0.8961470452446907,0.896609649122807,0.8953416435826409,0.8962409972299168
BOVESPA,44,TimeGAN,12,0.6368344875346261,0.6197539242843952,0.632764542936288,0.6186013388734996
BOVESPA,44,QuantGAN,12,0.7244032779316714,0.6634621421975992,0.7220505540166205,0.6578695752539242
BOVESPA,44,CNN-WGAN-GP,12,0.5241662049861496,0.4687227608494921,0.5228000923361034,0.4678414127423823
BOVESPA,44,GARCH,12,0.8137811634349029,0.8073571098799631,0.8137816251154201,0.8072908587257619
BOVESPA,44,GJR-GARCH,12,0.8120780240073868,0.8102827793167128,0.8119681440443213,0.8101502770083103
BOVESPA,44,TimeGAN,13,1.0,1.0,1.0,1.0
BOVESPA,44,QuantGAN,13,0.7075002308402586,0.710542243767313,0.7072984764542937,0.7113748845798706
BOVESPA,44,CNN-WGAN-GP,13,0.6970784856879039,0.6802160664819945,0.695704755309326,0.672106186518929
BOVESPA,44,GARCH,13,0.6086161126500462,0.5314441366574331,0.6070103878116344,0.5170283933518005
BOVESPA,44,GJR-GARCH,13,0.6738451061865188,0.6416809787626961,0.6730452446906741,0.634353185595568
BOVESPA,44,TimeGAN,14,0.7889196675900277,0.7905577100646353,0.788895891043398,0.7906209602954755
BOVESPA,44,QuantGAN,14,0.8913628808864266,0.8780230840258539,0.8905011542012927,0.8769856879039704
BOVESPA,44,CNN-WGAN-GP,14,0.7699570637119114,0.758952216066482,0.7674644506001846,0.7513520313942751
BOVESPA,44,GARCH,14,0.7916207294552169,0.7687100646352724,0.7913550323176362,0.7680463988919668
BOVESPA,44,GJR-GARCH,14,0.7410604801477378,0.7093670360110804,0.7420572483841181,0.7092550784856879
BOVESPA,44,TimeGAN,15,0.9695087719298247,0.9669450600184673,0.9688386426592797,0.9658776546629732
BOVESPA,44,QuantGAN,15,0.6870595567867037,0.6774658356417359,0.6856244228993535,0.6762301477377655
BOVESPA,44,CNN-WGAN-GP,15,0.7087264542936288,0.7026872114496768,0.7072723915050785,0.7008887349953832
BOVESPA,44,GARCH,15,0.745570867959372,0.7265554016620498,0.7455263157894737,0.7254919205909511
BOVESPA,44,GJR-GARCH,15,0.6360957987072945,0.6044009695290858,0.6363337950138505,0.6032573868882734
BOVESPA,44,TimeGAN,16,0.7361461218836565,0.7299030470914127,0.9122486149584488,0.7301149584487534
BOVESPA,44,QuantGAN,16,0.8328612650046168,0.8254524469067406,0.8330152354570636,0.8256959833795013
BOVESPA,44,CNN-WGAN-GP,16,0.7376064173591874,0.7271858264081256,0.7346477377654663,0.723980378578024
BOVESPA,44,GARCH,16,0.7634302862419206,0.7602052169898431,0.7634302862419206,0.7600505540166205
BOVESPA,44,GJR-GARCH,16,0.7480318559556787,0.7315736380424747,0.7477654662973222,0.7300006925207756
BOVESPA,44,TimeGAN,17,0.9767276084949217,0.9715861034164359,0.9766837488457988,0.9716082640812559
BOVESPA,44,QuantGAN,17,0.9154233610341643,0.9108210987996307,0.9157160664819944,0.9119072022160666
BOVESPA,44,CNN-WGAN-GP,17,0.816530701754386,0.7996232686980609,0.8164360572483842,0.8003243305632501
BOVESPA,44,GARCH,17,0.8047765466297323,0.7975937211449677,0.8047324561403508,0.7969958448753462
BOVESPA,44,GJR-GARCH,17,0.8107135272391505,0.8054055863342567,0.8104487534626038,0.8054935364727609
BOVESPA,44,TimeGAN,18,0.8954951523545706,0.8894485226223452,0.895826869806094,0.8894699907663897
BOVESPA,44,QuantGAN,18,0.6700198522622345,0.62843513388735,0.6689362880886427,0.6275934903047091
BOVESPA,44,CNN-WGAN-GP,18,0.774455216989843,0.7830193905817174,0.7740782548476455,0.7827742382271469
BOVESPA,44,GARCH,18,0.781188134810711,0.7749379039704525,0.7809672206832872,0.7743423361034164
BOVESPA,44,GJR-GARCH,18,0.8084679132040626,0.8014259002770083,0.8083790397045245,0.8004727608494921
BOVESPA,44,TimeGAN,19,0.8623467220683289,0.8517289935364728,0.8692250692520774,0.8733882733148661
BOVESPA,44,QuantGAN,19,0.636767082179132,0.6521468144044322,0.6356211911357341,0.6514635272391505
BOVESPA,44,CNN-WGAN-GP,19,0.6962382271468145,0.6928635734072023,0.6956417359187442,0.692777700831025
BOVESPA,44,GARCH,19,0.6342712373037859,0.5934704524469068,0.6317846260387812,0.5873578024007386
BOVESPA,44,GJR-GARCH,19,0.5795708679593721,0.5199963065558635,0.5788229455216991,0.5190064635272392
BOVESPA,44,CONTROL: shuffled real,0,0.32027077562326867,0.3097786241920591,0.3199157433056325,0.3094021237303785
BOVESPA,44,CONTROL: shuffled real,1,0.32027077562326867,0.3097786241920591,0.3199157433056325,0.3094021237303785
BOVESPA,44,CONTROL: shuffled real,2,0.32027077562326867,0.3097786241920591,0.3199157433056325,0.3094021237303785
BOVESPA,44,CONTROL: shuffled real,3,0.32027077562326867,0.3097786241920591,0.3199157433056325,0.3094021237303785
BOVESPA,44,CONTROL: shuffled real,4,0.32027077562326867,0.3097786241920591,0.3199157433056325,0.3094021237303785
BOVESPA,44,CONTROL: shuffled real,5,0.32027077562326867,0.3097786241920591,0.3199157433056325,0.3094021237303785
BOVESPA,44,CONTROL: shuffled real,6,0.32027077562326867,0.3097786241920591,0.3199157433056325,0.3094021237303785
BOVESPA,44,CONTROL: shuffled real,7,0.32027077562326867,0.3097786241920591,0.3199157433056325,0.3094021237303785
BOVESPA,44,CONTROL: shuffled real,8,0.32027077562326867,0.3097786241920591,0.3199157433056325,0.3094021237303785
BOVESPA,44,CONTROL: shuffled real,9,0.32027077562326867,0.3097786241920591,0.3199157433056325,0.3094021237303785
BOVESPA,44,CONTROL: shuffled real,10,0.32027077562326867,0.3097786241920591,0.3199157433056325,0.3094021237303785
BOVESPA,44,CONTROL: shuffled real,11,0.32027077562326867,0.3097786241920591,0.3199157433056325,0.3094021237303785
BOVESPA,44,CONTROL: shuffled real,12,0.32027077562326867,0.3097786241920591,0.3199157433056325,0.3094021237303785
BOVESPA,44,CONTROL: shuffled real,13,0.32027077562326867,0.3097786241920591,0.3199157433056325,0.3094021237303785
BOVESPA,44,CONTROL: shuffled real,14,0.32027077562326867,0.3097786241920591,0.3199157433056325,0.3094021237303785
BOVESPA,44,CONTROL: shuffled real,15,0.32027077562326867,0.3097786241920591,0.3199157433056325,0.3094021237303785
BOVESPA,44,CONTROL: shuffled real,16,0.32027077562326867,0.3097786241920591,0.3199157433056325,0.3094021237303785
BOVESPA,44,CONTROL: shuffled real,17,0.32027077562326867,0.3097786241920591,0.3199157433056325,0.3094021237303785
BOVESPA,44,CONTROL: shuffled real,18,0.32027077562326867,0.3097786241920591,0.3199157433056325,0.3094021237303785
BOVESPA,44,CONTROL: shuffled real,19,0.32027077562326867,0.3097786241920591,0.3199157433056325,0.3094021237303785
FTSE,42,TimeGAN,0,0.7499445160366551,0.7406782467067583,0.7499407127004581,0.7402896352376862
FTSE,42,QuantGAN,0,0.7489288015463916,0.7286312911655213,0.7477593875286368,0.7242760237686141
FTSE,42,CNN-WGAN-GP,0,0.6005297823596791,0.5772564969931272,0.6005519311998855,0.5776406339490263
FTSE,42,GARCH,0,0.6936929499570447,0.6669955433848798,0.6905267844358534,0.6583460856958763
FTSE,42,GJR-GARCH,0,0.7111994827462771,0.705898750715922,0.7102931701030928,0.7043212610967927
FTSE,42,TimeGAN,1,0.8474246939432991,0.8303029692869416,0.844131004796678,0.8284205415950744
FTSE,42,QuantGAN,1,0.5586277563001146,0.48689437464203894,0.5548653618986255,0.4924497064719359
FTSE,42,CNN-WGAN-GP,1,0.5432246921534938,0.5153171534936999,0.5399135524054983,0.513923118914662
FTSE,42,GARCH,1,0.5246534489547537,0.43850967389747997,0.5250901614404354,0.43989565435280636
FTSE,42,GJR-GARCH,1,0.6549089884020619,0.6363565381586483,0.6566871599369988,0.6384331597222221
FTSE,42,TimeGAN,2,0.7839644634163803,0.7769790771764031,0.7834248371277205,0.7726866766895762
FTSE,42,QuantGAN,2,0.6048060745990836,0.5768224692153494,0.603352752720504,0.574186309779496
FTSE,42,CNN-WGAN-GP,2,0.5181000769616266,0.49895117411225665,0.5179938072737686,0.4966031733247423
FTSE,42,GARCH,2,0.43874883662657493,0.42492191974513166,0.4331333225945017,0.42118189790950744
FTSE,42,GJR-GARCH,2,0.4880837002434135,0.3964449992840779,0.4877901721792668,0.39832944050687286
FTSE,42,TimeGAN,3,0.7556694319158076,0.7447954700028637,0.7557557900200459,0.7447028475801833
FTSE,42,QuantGAN,3,0.5500011186282932,0.48469112435567013,0.5508436694587628,0.4867328447164948
FTSE,42,CNN-WGAN-GP,3,0.431315551617984,0.37205442797823596,0.4313377004581901,0.37393551331615116
FTSE,42,GARCH,3,0.3973535491838488,0.35908303801546393,0.3978052512886598,0.3587977878006873
FTSE,42,GJR-GARCH,3,0.43441571806987395,0.38097593606815583,0.43764094716494845,0.38338747494272624
FTSE,42,TimeGAN,4,0.8302593427835052,0.8153348278207332,0.828425911010882,0.8163852197880871
FTSE,42,QuantGAN,4,0.3218644848940435,0.2514768130727377,0.32198663910366554,0.25221018578178694
FTSE,42,CNN-WGAN-GP,4,0.5304204252577319,0.468807273768614,0.5310150880584191,0.46754590850515465
FTSE,42,GARCH,4,0.6148292078321879,0.5460290932846507,0.6144457420532646,0.5378702659650629
FTSE,42,GJR-GARCH,4,0.5371120597079039,0.3812231529209622,0.5393005441008019,0.3774788802978236
FTSE,42,TimeGAN,5,0.8502568370561283,0.8092208530211913,0.848104148768614,0.807934654209622
FTSE,42,QuantGAN,5,0.6611216262170676,0.6587917472079038,0.661059654209622,0.6583830004295532
FTSE,42,CNN-WGAN-GP,5,0.534957805340779,0.5059112793528064,0.5333713666953035,0.5038057971792669
FTSE,42,GARCH,5,0.46596976123997713,0.4402055143900344,0.46530753329037805,0.4432949420103093
FTSE,42,GJR-GARCH,5,0.43858417454180987,0.35055774806701023,0.43845597973940437,0.35166586125429555
FTSE,42,TimeGAN,6,0.8606683580326461,0.8521376986683847,0.8590085373711339,0.8527775540521191
FTSE,42,QuantGAN,6,0.5469224298396334,0.48300960230526924,0.5457201281500573,0.48653641358820154
FTSE,42,CNN-WGAN-GP,6,0.5523764139461627,0.5476298503722794,0.5525070697308133,0.548218696305842
FTSE,42,GARCH,6,0.5206342174971363,0.5081724745847651,0.519856323382016,0.5054226625143183
FTSE,42,GJR-GARCH,6,0.5173828125,0.47402612220790374,0.5169022497852234,0.4724434868986255
FTSE,42,TimeGAN,7,0.7088872780641466,0.6583051439003436,0.7076762510738832,0.658696887528637
FTSE,42,QuantGAN,7,0.3760488258877434,0.3517443889604811,0.374755691580756,0.3506834818871707
FTSE,42,CNN-WGAN-GP,7,0.6263463810137456,0.5890571305841925,0.6268186658791524,0.589108363760023
FTSE,42,GARCH,7,0.7571180555555556,0.7309560244845361,0.6953762618127147,0.6970991731099656
FTSE,42,GJR-GARCH,7,0.41654563108533793,0.3829802942439863,0.41615388745704474,0.3825648356958763
FTSE,42,TimeGAN,8,0.8770493270332187,0.865182246921535,0.8751076120418098,0.8658422376145476
FTSE,42,QuantGAN,8,0.8360381765463917,0.83427902169244,0.8285382212915235,0.8256937732674684
FTSE,42,CNN-WGAN-GP,8,0.704953509808133,0.6740274645618556,0.7048671517038946,0.6744366587915235
FTSE,42,GARCH,8,0.6342217479238259,0.6290400379438716,0.634243225587056,0.6300174953465063
FTSE,42,GJR-GARCH,8,0.6260005011454753,0.6099233515893471,0.6245259253293242,0.609597607030355
FTSE,42,TimeGAN,9,0.9298792328894617,0.9299828178694158,0.9282144902634594,0.9319645797537227
FTSE,42,QuantGAN,9,0.6509483730670104,0.6609218392038946,0.6371814146620849,0.6545443155784649
FTSE,42,CNN-WGAN-GP,9,0.4866813878150057,0.5039026703894616,0.4878939808848797,0.5087409614833907
FTSE,42,GARCH,9,0.4094378669100802,0.38492178550973655,0.412191482316724,0.38707156536368836
FTSE,42,GJR-GARCH,9,0.4426163820876289,0.4276954467353953,0.4417315471076747,0.4269535724513173
FTSE,42,TimeGAN,10,0.8539881335910653,0.8521307631729668,0.8522511275773196,0.8511123639747995
FTSE,42,QuantGAN,10,0.681018443943299,0.6216919924112256,0.6825592425544101,0.6232301063144329
FTSE,42,CNN-WGAN-GP,10,0.5609468964776632,0.566116077820733,0.5586505763172968,0.564886929052119
FTSE,42,GARCH,10,0.6239207474226804,0.5692433150773196,0.6225251467640321,0.5437345629295532
FTSE,42,GJR-GARCH,10,0.7523363670532646,0.7569191634450173,0.7474750322164947,0.7445742053264606
FTSE,42,TimeGAN,11,0.6237883018327606,0.5986267719072165,0.6338575225515464,0.6012870937142039
FTSE,42,QuantGAN,11,0.5244174183848798,0.4900014765893471,0.5231735037227949,0.4893506586483391
FTSE,42,CNN-WGAN-GP,11,0.36801103414948455,0.32732339096506297,0.3685663212342497,0.3279044065005728
FTSE,42,GARCH,11,0.39832317618843066,0.4477819838201603,0.3961523661225659,0.44506908648339055
FTSE,42,GJR-GARCH,11,0.4133036225658648,0.29200270260595645,0.41784681951603664,0.29315332366838487
FTSE,42,TimeGAN,12,0.6329024377147767,0.5049915431701031,0.6468000519043529,0.5036679821735396
FTSE,42,QuantGAN,12,0.5783451460481099,0.5734207205756015,0.5779379653493699,0.5726459586197022
FTSE,42,CNN-WGAN-GP,12,0.573034122637457,0.5188276328035509,0.5690607549398626,0.5102128525916381
FTSE,42,GARCH,12,0.33936341101088197,0.3179917937428408,0.3418281965922108,0.3222971703178694
FTSE,42,GJR-GARCH,12,0.3989234321305842,0.39690766394616267,0.398319820303551,0.3969803747852234
FTSE,42,TimeGAN,13,0.8171745239117983,0.7725229095074455,0.8112762206471936,0.7562978772909508
FTSE,42,QuantGAN,13,0.22571032896620843,0.16149726159793815,0.22510224262600226,0.16164313072737685
FTSE,42,CNN-WGAN-GP,13,0.6927924541809851,0.6884302512886599,0.6923693889604812,0.689192932058992
FTSE,42,GARCH,13,0.4689990066580756,0.43524596398911797,0.4688913946162657,0.4350323059851088
FTSE,42,GJR-GARCH,13,0.5264083530211912,0.475334022408362,0.526326469430126,0.47509732066151206
FTSE,42,TimeGAN,14,0.8147464293384881,0.805741024126575,0.8137902258734249,0.8069554070017183
FTSE,42,QuantGAN,14,0.3426839472365407,0.3018434994272623,0.34525209407216495,0.3078064594072165
FTSE,42,CNN-WGAN-GP,14,0.6556439271907216,0.614652912013173,0.6557515392325315,0.6145012260166094
FTSE,42,GARCH,14,0.7896479900486827,0.7830534525343642,0.7894535724513173,0.7827084675687286
FTSE,42,GJR-GARCH,14,0.43254492411225653,0.39613760022909505,0.4287529979238259,0.3941723940435281
FTSE,42,TimeGAN,15,0.8354262868699885,0.8434215707331042,0.8341224137313861,0.8435276166953034
FTSE,42,QuantGAN,15,0.2850063538087056,0.275313663373425,0.28777652491408934,0.2811345575601375
FTSE,42,CNN-WGAN-GP,15,0.5600645224799541,0.43515625,0.5585924076460482,0.43530838344788086
FTSE,42,GARCH,15,0.5341412066867124,0.5200596900057274,0.5351153082044673,0.5203599298396335
FTSE,42,GJR-GARCH,15,0.5806231207044673,0.5851381282216496,0.5810759414375715,0.5862202892325314
FTSE,42,TimeGAN,16,0.8659413480813287,0.8658545425257731,0.865119827462772,0.8660503024770904
FTSE,42,QuantGAN,16,0.5952847580183277,0.5746028869558991,0.5912301779066438,0.5719571073167239
FTSE,42,CNN-WGAN-GP,16,0.45329458404925543,0.4383725300687285,0.4526840367268041,0.43797519329896906
FTSE,42,GARCH,16,0.5931072361827032,0.5631828107101947,0.5901907484965635,0.5610008143613975
FTSE,42,GJR-GARCH,16,0.4945663749284078,0.45188511239977086,0.4802647121993127,0.4430367626002291
FTSE,42,TimeGAN,17,0.6822739923396335,0.6475781697451317,0.6822012815005728,0.6499767325315007
FTSE,42,QuantGAN,17,0.5354587270904926,0.5304497333190149,0.5348052244415807,0.5276909722222223
FTSE,42,CNN-WGAN-GP,17,0.7011631496993128,0.7034679714347079,0.701336760810424,0.7039702355383735
FTSE,42,GARCH,17,0.3555551081042383,0.2917445231958763,0.3551298056271478,0.2926280158218786
FTSE,42,GJR-GARCH,17,0.49364977090492557,0.4662395743843071,0.49380593141466206,0.4653974710051546
FTSE,42,TimeGAN,18,0.9050389730097365,0.9021455290664375,0.903813403851661,0.9037908075601375
FTSE,42,QuantGAN,18,0.7177852949599084,0.7114744415807561,0.7197809278350515,0.7135530766752577
FTSE,42,CNN-WGAN-GP,18,0.4423136812714777,0.4504264211053838,0.4425320375143184,0.4504465564146621
FTSE,42,GARCH,18,0.694112659292669,0.6287789501002291,0.6839993646191294,0.6164943979095074
FTSE,42,GJR-GARCH,18,0.5672944408648339,0.5104482119845362,0.5671572970360825,0.5130879510309279
FTSE,42,TimeGAN,19,0.8379662442726232,0.8300112310280643,0.8381769938430699,0.8326162925973655
FTSE,42,QuantGAN,19,0.6368643954037801,0.607930850873425,0.635523383805842,0.6072874158791524
FTSE,42,CNN-WGAN-GP,19,0.5591098850945017,0.5571719734392898,0.5578512045389462,0.5583630888459334
FTSE,42,GARCH,19,0.5404102233676975,0.510408836268614,0.5410409059994272,0.5098531017325316
FTSE,42,GJR-GARCH,19,0.49044758555269186,0.4652551814862543,0.4898383805841925,0.4650822415521191
FTSE,42,CONTROL: shuffled real,0,0.7014551116838488,0.6766918134306987,0.7017045657932418,0.6801837235108821
FTSE,42,CONTROL: shuffled real,1,0.7014551116838488,0.6766918134306987,0.7017045657932418,0.6801837235108821
FTSE,42,CONTROL: shuffled real,2,0.7014551116838488,0.6766918134306987,0.7017045657932418,0.6801837235108821
FTSE,42,CONTROL: shuffled real,3,0.7014551116838488,0.6766918134306987,0.7017045657932418,0.6801837235108821
FTSE,42,CONTROL: shuffled real,4,0.7014551116838488,0.6766918134306987,0.7017045657932418,0.6801837235108821
FTSE,42,CONTROL: shuffled real,5,0.7014551116838488,0.6766918134306987,0.7017045657932418,0.6801837235108821
FTSE,42,CONTROL: shuffled real,6,0.7014551116838488,0.6766918134306987,0.7017045657932418,0.6801837235108821
FTSE,42,CONTROL: shuffled real,7,0.7014551116838488,0.6766918134306987,0.7017045657932418,0.6801837235108821
FTSE,42,CONTROL: shuffled real,8,0.7014551116838488,0.6766918134306987,0.7017045657932418,0.6801837235108821
FTSE,42,CONTROL: shuffled real,9,0.7014551116838488,0.6766918134306987,0.7017045657932418,0.6801837235108821
FTSE,42,CONTROL: shuffled real,10,0.7014551116838488,0.6766918134306987,0.7017045657932418,0.6801837235108821
FTSE,42,CONTROL: shuffled real,11,0.7014551116838488,0.6766918134306987,0.7017045657932418,0.6801837235108821
FTSE,42,CONTROL: shuffled real,12,0.7014551116838488,0.6766918134306987,0.7017045657932418,0.6801837235108821
FTSE,42,CONTROL: shuffled real,13,0.7014551116838488,0.6766918134306987,0.7017045657932418,0.6801837235108821
FTSE,42,CONTROL: shuffled real,14,0.7014551116838488,0.6766918134306987,0.7017045657932418,0.6801837235108821
FTSE,42,CONTROL: shuffled real,15,0.7014551116838488,0.6766918134306987,0.7017045657932418,0.6801837235108821
FTSE,42,CONTROL: shuffled real,16,0.7014551116838488,0.6766918134306987,0.7017045657932418,0.6801837235108821
FTSE,42,CONTROL: shuffled real,17,0.7014551116838488,0.6766918134306987,0.7017045657932418,0.6801837235108821
FTSE,42,CONTROL: shuffled real,18,0.7014551116838488,0.6766918134306987,0.7017045657932418,0.6801837235108821
FTSE,42,CONTROL: shuffled real,19,0.7014551116838488,0.6766918134306987,0.7017045657932418,0.6801837235108821
FTSE,43,TimeGAN,0,0.9106949813860252,0.8357292114117983,0.9116889944873998,0.8364963666953036
FTSE,43,QuantGAN,0,0.38214020439576174,0.29114560960767466,0.38209926260022914,0.2891244720074456
FTSE,43,CNN-WGAN-GP,0,0.5020614082187859,0.49268282860824747,0.5018455129581902,0.49146710337915234
FTSE,43,GARCH,0,0.5382637993986255,0.5176680627147767,0.5386524108676977,0.5183378973367697
FTSE,43,GJR-GARCH,0,0.45455415950744565,0.414741283648339,0.4541165521191295,0.41555788230240553
FTSE,43,TimeGAN,1,0.9563996724656356,0.9476817547250859,0.956702373281787,0.947245265965063
FTSE,43,QuantGAN,1,0.4211114243270332,0.4032829503150057,0.41937732674685,0.39983421928694163
FTSE,43,CNN-WGAN-GP,1,0.34494469501718217,0.27457134163802976,0.34494424756586484,0.2746981940864834
FTSE,43,GARCH,1,0.62828720110252,0.6011844036368843,0.6273289841065293,0.5973826335194731
FTSE,43,GJR-GARCH,1,0.6478893721363117,0.6541295282073312,0.6448310423825887,0.6575420156786942
FTSE,43,TimeGAN,2,0.9019461895045818,0.9060226947308132,0.9019685620704468,0.9100591530641466
FTSE,43,QuantGAN,2,0.5934788445017182,0.6057564611970218,0.5831187804266895,0.5963179231099657
FTSE,43,CNN-WGAN-GP,2,0.44103374677835044,0.36554401131156933,0.44245350980813286,0.36774211590778927
FTSE,43,GARCH,2,0.364306137242268,0.3603271764032073,0.3651305662943871,0.36143260488258877
FTSE,43,GJR-GARCH,2,0.46864283540950746,0.4304837396191294,0.4697113491552119,0.4300371832044673
FTSE,43,TimeGAN,3,0.9074889926975945,0.8965649162371134,0.9069627899484537,0.8993827409077892
FTSE,43,QuantGAN,3,0.5003069516036656,0.4972479506729668,0.49946574312714775,0.4964114404352807
FTSE,43,CNN-WGAN-GP,3,0.273046875,0.2565837986827033,0.27335024699312716,0.2566484553980527
FTSE,43,GARCH,3,0.22781581113974797,0.22163002040378008,0.22455120632875145,0.22269338845933562
FTSE,43,GJR-GARCH,3,0.35603209120847656,0.3471812804266896,0.3568914214633448,0.34865429016323024
FTSE,43,TimeGAN,4,0.9105153296821304,0.909966083190149,0.9093893184421535,0.9116822827176405
FTSE,43,QuantGAN,4,0.4937334443012601,0.5051425579896908,0.4882888566723941,0.5013132696162658
FTSE,43,CNN-WGAN-GP,4,0.49337235108820165,0.44490464812428404,0.49591230849083623,0.4485706167668958
FTSE,43,GARCH,4,0.46829762671821307,0.352905525128866,0.46955563609679263,0.35472866552119126
FTSE,43,GJR-GARCH,4,0.41436363473654064,0.34853235967926693,0.41447326030927834,0.349051403207331
FTSE,43,TimeGAN,5,0.8178515177548682,0.8095942511454755,0.8168834568298969,0.8130906357388316
FTSE,43,QuantGAN,5,0.5625686837772051,0.5521547018184421,0.5695059690005728,0.5508152563001145
FTSE,43,CNN-WGAN-GP,5,0.5824742268041236,0.5495579180985108,0.5836203733533792,0.5505883984822451
FTSE,43,GARCH,5,0.7068746420389461,0.6802119129438717,0.7062685692296677,0.6826384414375716
FTSE,43,GJR-GARCH,5,0.5213349262600229,0.5098233462199312,0.522130718427835,0.5112824849656358
FTSE,43,TimeGAN,6,0.929378982316724,0.9140642898052691,0.9292662245847652,0.9190746259306988
FTSE,43,QuantGAN,6,0.5703529943442154,0.5373360090922107,0.5702706633018328,0.5372539017754868
FTSE,43,CNN-WGAN-GP,6,0.618970817225086,0.5199509593356243,0.6189251771907217,0.5223973994129438
FTSE,43,GARCH,6,0.5360160277061856,0.5515128329037801,0.5363086608676977,0.5492440309994272
FTSE,43,GJR-GARCH,6,0.6937766233533791,0.683406044172394,0.6926360699455898,0.6811620758161511
FTSE,43,TimeGAN,7,0.8368563412800688,0.8131407502863688,0.8336830165378005,0.8123820965778922
FTSE,43,QuantGAN,7,0.2640461680269187,0.2200460427405498,0.2827588058419245,0.24234880619988547
FTSE,43,CNN-WGAN-GP,7,0.6282068835910654,0.6036722329610538,0.6296221721076748,0.604177181772623
FTSE,43,GARCH,7,0.8130461143327606,0.7967273410652921,0.8123684493127147,0.7892504295532645
FTSE,43,GJR-GARCH,7,0.6758459067153494,0.6711252953178694,0.6758208494415808,0.6691976750429554
FTSE,43,TimeGAN,8,0.9334431826317295,0.9245923718499427,0.9345900003579611,0.9268083744988544
FTSE,43,QuantGAN,8,0.5180448167239404,0.47679316115406645,0.5182551188430699,0.4782243341924398
FTSE,43,CNN-WGAN-GP,8,0.5367330684421535,0.5129443191580757,0.5371896925114548,0.5134000483247423
FTSE,43,GARCH,8,0.6813954216781214,0.6944509324885452,0.6810249319873998,0.6956843320446735
FTSE,43,GJR-GARCH,8,0.5335894992124857,0.5521117464919817,0.5357612041809852,0.5543040342210767
FTSE,43,TimeGAN,9,0.9689627631013746,0.9679931360967927,0.9690258537371135,0.9676671678121419
FTSE,43,QuantGAN,9,0.534380145690149,0.5117424649198167,0.5352269473081328,0.5139649556128293
FTSE,43,CNN-WGAN-GP,9,0.23444860574169532,0.2385566562857961,0.23390830827605957,0.23714852699026348
FTSE,43,GARCH,9,0.6509512815005728,0.6103473117124857,0.6512781446878579,0.6112399770904926
FTSE,43,GJR-GARCH,9,0.6688694695017183,0.6354916147623139,0.6686754993556702,0.635603477591638
FTSE,43,TimeGAN,10,0.974108676975945,0.9746782825028637,0.973805752434135,0.9748107280927835
FTSE,43,QuantGAN,10,0.512801582187858,0.4915181128293242,0.5123098331901489,0.49125635380870564
FTSE,43,CNN-WGAN-GP,10,0.5706290718069873,0.5543814432989691,0.5693437678980527,0.5513184153064146
FTSE,43,GARCH,10,0.5375087253006873,0.4977779567583047,0.5394110645761742,0.4996794011311569
FTSE,43,GJR-GARCH,10,0.4817057291666667,0.4284109213917525,0.48088264246849943,0.4272468767898053
FTSE,43,TimeGAN,11,0.9129827999713631,0.9100018792955324,0.9117966065292096,0.9101224674255441
FTSE,43,QuantGAN,11,0.6409455988688432,0.6035677530784651,0.6390627237256586,0.6017370060137457
FTSE,43,CNN-WGAN-GP,11,0.620194149126575,0.5680604775200458,0.6199198614690721,0.5683419243986255
FTSE,43,GARCH,11,0.6381065202605957,0.6298429893327606,0.6388040968642612,0.6303468195160367
FTSE,43,GJR-GARCH,11,0.5539483104238259,0.5538583727090493,0.5550154818155785,0.557003284292669
FTSE,43,TimeGAN,12,0.9464756496993127,0.8525428658361971,0.9421841441151202,0.823867500715922
FTSE,43,QuantGAN,12,0.4553074438001145,0.36299778959049256,0.4556790521191295,0.3649144473081328
FTSE,43,CNN-WGAN-GP,12,0.4961006854954181,0.39276493592497136,0.49614117983963346,0.39566285438144333
FTSE,43,GARCH,12,0.31058468463631156,0.29164362292382584,0.31103840027205043,0.2888577910223368
FTSE,43,GJR-GARCH,12,0.5576590241981673,0.4907355204753722,0.5558645206901488,0.489518005441008
FTSE,43,TimeGAN,13,0.9567817958906071,0.950736057416953,0.9600211197021764,0.954549461268614
FTSE,43,QuantGAN,13,0.5480370310710195,0.4935314200315005,0.543673709550401,0.49576621563573886
FTSE,43,CNN-WGAN-GP,13,0.3562030176116838,0.3157903332617411,0.35700037585910654,0.3172785563430699
FTSE,43,GARCH,13,0.5235853826603666,0.5295360377290951,0.5219604632016037,0.5283923521620848
FTSE,43,GJR-GARCH,13,0.5082959711483391,0.523800159292669,0.5081885828321877,0.5256693871706759
FTSE,43,TimeGAN,14,0.9405675025057274,0.9078261472651776,0.941646083906071,0.9146710337915236
FTSE,43,QuantGAN,14,0.4690480025773196,0.406611988115693,0.4697373013316152,0.40593745525486835
FTSE,43,CNN-WGAN-GP,14,0.5572807041093928,0.5402565238402062,0.5542268488688431,0.5379129975658647
FTSE,43,GARCH,14,0.5727153135738832,0.55776283290378,0.5733999140893471,0.5571536279352807
FTSE,43,GJR-GARCH,14,0.6347698757875142,0.6031970396620847,0.6337760864117984,0.6014871044530355
FTSE,43,TimeGAN,15,0.8809206758304697,0.857747619558992,0.8813913946162657,0.8658780337199312
FTSE,43,QuantGAN,15,0.5356961000143184,0.47880445482531486,0.5336754098654067,0.4808378973367698
FTSE,43,CNN-WGAN-GP,15,0.5954442744129439,0.5311479810996562,0.5952639515320733,0.5331570375143184
FTSE,43,GARCH,15,0.614131854954181,0.551331615120275,0.6167445231958764,0.5558770493270333
FTSE,43,GJR-GARCH,15,0.46620154102233674,0.3864234321305842,0.4671906321592211,0.39118409042096225
FTSE,43,TimeGAN,16,0.940386955899198,0.9310352233676976,0.9408623729238259,0.9331563663373424
FTSE,43,QuantGAN,16,0.44080711268613976,0.3700171821305842,0.4577849817439862,0.36422313502290954
FTSE,43,CNN-WGAN-GP,16,0.6201456006586483,0.6044720521907216,0.6191594179553264,0.6029681683132875
FTSE,43,GARCH,16,0.575378543814433,0.5988997172107674,0.5777988079896907,0.5971752398339061
FTSE,43,GJR-GARCH,16,0.7180770332187858,0.7234614386454753,0.7190654531786942,0.7230864744415808
FTSE,43,TimeGAN,17,0.924040664375716,0.9142052369702178,0.9248011078894617,0.9178300400916382
FTSE,43,QuantGAN,17,0.7175499355670103,0.7056327409077892,0.7177656071019473,0.7045660169673539
FTSE,43,CNN-WGAN-GP,17,0.5846611451174113,0.5229987739833907,0.5834165592783505,0.5204713452176403
FTSE,43,GARCH,17,0.4918498979810996,0.41935920496849943,0.4906131425400916,0.4175633591065292
FTSE,43,GJR-GARCH,17,0.5418011257875144,0.4698317135595647,0.5417149914089348,0.4709510130297823
FTSE,43,TimeGAN,18,0.8979779674971363,0.8621436050257731,0.8984979059278352,0.8658764676403209
FTSE,43,QuantGAN,18,0.5614086662371134,0.5060475282789232,0.560742858676976,0.5049559707903781
FTSE,43,CNN-WGAN-GP,18,0.3769379116552119,0.33646549255441005,0.3762410062285223,0.33631403028350515
FTSE,43,GARCH,18,0.5594257857245131,0.4976090438860252,0.5557094788087056,0.4880358229524628
FTSE,43,GJR-GARCH,18,0.5571563126431844,0.4781480437428408,0.5565068370561284,0.4771871420389461
FTSE,43,TimeGAN,19,0.9213326890034365,0.9080670997995417,0.9221828465063,0.910498550257732
FTSE,43,QuantGAN,19,0.7568077480670103,0.7340490317153494,0.7444887421248569,0.7273547125572738
FTSE,43,CNN-WGAN-GP,19,0.6436083816580755,0.6391622816437572,0.643355571663803,0.6414046839203895
FTSE,43,GARCH,19,0.5774180269186712,0.5361985878436426,0.5776113258877433,0.5359598725658647
FTSE,43,GJR-GARCH,19,0.6007443352663231,0.5396195768900344,0.6010474835337916,0.5398556074599083
FTSE,43,CONTROL: shuffled real,0,0.7014551116838488,0.6766918134306987,0.7017045657932418,0.6801837235108821
FTSE,43,CONTROL: shuffled real,1,0.7014551116838488,0.6766918134306987,0.7017045657932418,0.6801837235108821
FTSE,43,CONTROL: shuffled real,2,0.7014551116838488,0.6766918134306987,0.7017045657932418,0.6801837235108821
FTSE,43,CONTROL: shuffled real,3,0.7014551116838488,0.6766918134306987,0.7017045657932418,0.6801837235108821
FTSE,43,CONTROL: shuffled real,4,0.7014551116838488,0.6766918134306987,0.7017045657932418,0.6801837235108821
FTSE,43,CONTROL: shuffled real,5,0.7014551116838488,0.6766918134306987,0.7017045657932418,0.6801837235108821
FTSE,43,CONTROL: shuffled real,6,0.7014551116838488,0.6766918134306987,0.7017045657932418,0.6801837235108821
FTSE,43,CONTROL: shuffled real,7,0.7014551116838488,0.6766918134306987,0.7017045657932418,0.6801837235108821
FTSE,43,CONTROL: shuffled real,8,0.7014551116838488,0.6766918134306987,0.7017045657932418,0.6801837235108821
FTSE,43,CONTROL: shuffled real,9,0.7014551116838488,0.6766918134306987,0.7017045657932418,0.6801837235108821
FTSE,43,CONTROL: shuffled real,10,0.7014551116838488,0.6766918134306987,0.7017045657932418,0.6801837235108821
FTSE,43,CONTROL: shuffled real,11,0.7014551116838488,0.6766918134306987,0.7017045657932418,0.6801837235108821
FTSE,43,CONTROL: shuffled real,12,0.7014551116838488,0.6766918134306987,0.7017045657932418,0.6801837235108821
FTSE,43,CONTROL: shuffled real,13,0.7014551116838488,0.6766918134306987,0.7017045657932418,0.6801837235108821
FTSE,43,CONTROL: shuffled real,14,0.7014551116838488,0.6766918134306987,0.7017045657932418,0.6801837235108821
FTSE,43,CONTROL: shuffled real,15,0.7014551116838488,0.6766918134306987,0.7017045657932418,0.6801837235108821
FTSE,43,CONTROL: shuffled real,16,0.7014551116838488,0.6766918134306987,0.7017045657932418,0.6801837235108821
FTSE,43,CONTROL: shuffled real,17,0.7014551116838488,0.6766918134306987,0.7017045657932418,0.6801837235108821
FTSE,43,CONTROL: shuffled real,18,0.7014551116838488,0.6766918134306987,0.7017045657932418,0.6801837235108821
FTSE,43,CONTROL: shuffled real,19,0.7014551116838488,0.6766918134306987,0.7017045657932418,0.6801837235108821
FTSE,44,TimeGAN,0,0.7511058759306988,0.7415554750143184,0.7508738724226803,0.7422508143613975
FTSE,44,QuantGAN,0,0.5329565793241695,0.49014085767468496,0.5313940793241695,0.48499673360538376
FTSE,44,CNN-WGAN-GP,0,0.6287776077462772,0.6356907305985109,0.6267719072164948,0.6317706096076747
FTSE,44,GARCH,0,0.729487041809851,0.7484804553264606,0.7295051635882016,0.7482363706328752
FTSE,44,GJR-GARCH,0,0.46358753042668954,0.4109361576460481,0.46461264139461633,0.4097155104524628
FTSE,44,TimeGAN,1,0.5681466118986254,0.5205283952605957,0.5683233551689575,0.5197994970647193
FTSE,44,QuantGAN,1,0.6606146638745705,0.63870498639748,0.6589192708333333,0.639094940220504
FTSE,44,CNN-WGAN-GP,1,0.7527997028923252,0.7301141448310424,0.7525831364547537,0.7293143256013745
FTSE,44,GARCH,1,0.3458850139604811,0.2592333816580756,0.3474437106242841,0.25873245990836197
FTSE,44,GJR-GARCH,1,0.5643202319587628,0.4567198238831615,0.564134987113402,0.45981931915807567
FTSE,44,TimeGAN,2,0.6831908200887744,0.6192419727233678,0.683322818227377,0.6215955666523482
FTSE,44,QuantGAN,2,0.43647757373997714,0.40169516931557847,0.4356587378293241,0.40118373245990835
FTSE,44,CNN-WGAN-GP,2,0.4897721577892325,0.47846953751431853,0.48791098403493705,0.4782312696878579
FTSE,44,GARCH,2,0.679542525773196,0.6800515016466209,0.6790478683419244,0.6801573238831615
FTSE,44,GJR-GARCH,2,0.2828702212199312,0.24056280426689577,0.28217667167812144,0.2400039375715922
FTSE,44,TimeGAN,3,0.5791919476660939,0.5427465904209622,0.5789290700171821,0.5420865997279496
FTSE,44,QuantGAN,3,0.4989348421391753,0.4661259217497136,0.4982233945446735,0.46423499248281785
FTSE,44,CNN-WGAN-GP,3,0.31401596506300117,0.354158165091638,0.3134304750143184,0.34830214597651776
FTSE,44,GARCH,3,0.4898455398052691,0.4466297966781214,0.4890848725658648,0.44616757946735397
FTSE,44,GJR-GARCH,3,0.676332286297251,0.6871688860252005,0.6762222132731959,0.6854573847365406
FTSE,44,TimeGAN,4,0.5024186980956472,0.45086581829896905,0.5034073417812142,0.4519678908934708
FTSE,44,QuantGAN,4,0.6231987847222222,0.5770609607674685,0.6221457080469645,0.5766996438287514
FTSE,44,CNN-WGAN-GP,4,0.5889862095504009,0.5445005995847652,0.5864093374140894,0.5512815005727377
FTSE,44,GARCH,4,0.48869872207903786,0.49855920675830473,0.48702726768327603,0.5002487829324169
FTSE,44,GJR-GARCH,4,0.478674022766323,0.42602018900343647,0.47893667668957624,0.4268242590206186
FTSE,44,TimeGAN,5,0.4623650934278351,0.41342823775773196,0.46063658898911797,0.4155751091781214
FTSE,44,QuantGAN,5,0.5993060030068729,0.5865464812428407,0.5971920192583047,0.5828776041666666
FTSE,44,CNN-WGAN-GP,5,0.492572979309851,0.4853779621277205,0.4935361182703322,0.48705053515177543
FTSE,44,GARCH,5,0.6563191312285224,0.6607761938001145,0.6561573775773197,0.6591488133591066
FTSE,44,GJR-GARCH,5,0.6644947379725086,0.6257349387886597,0.6644994362113402,0.626459362471363
FTSE,44,TimeGAN,6,0.5122955147479955,0.473935065864834,0.5107744039948454,0.47486621205612833
FTSE,44,QuantGAN,6,0.4762973850945018,0.43885644866838486,0.4783353021191294,0.4423720736683848
FTSE,44,CNN-WGAN-GP,6,0.5242758000429554,0.48311967532932415,0.5234896280784651,0.4824921248568156
FTSE,44,GARCH,6,0.5275401811282933,0.5073612453465064,0.5260982692583047,0.5068401882875143
FTSE,44,GJR-GARCH,6,0.5064247297394043,0.4181327409077893,0.5063542561569301,0.4178474906930125
FTSE,44,TimeGAN,7,0.7048803515177549,0.6968602341065292,0.7045566204896907,0.6949919011311569
FTSE,44,QuantGAN,7,0.6207250501145476,0.6276961179123711,0.6037205577033218,0.6010747780641467
FTSE,44,CNN-WGAN-GP,7,0.493490478235968,0.4497861182703322,0.4934596040950744,0.4495404674971363
FTSE,44,GARCH,7,0.4223394544673539,0.3915686748281787,0.42269719179553267,0.3928128132159221
FTSE,44,GJR-GARCH,7,0.2719184027777778,0.19223560101660936,0.2721573417812142,0.19520869129438717
FTSE,44,TimeGAN,8,0.590859017038946,0.5376660044387169,0.5911221184135166,0.5359804553264605
FTSE,44,QuantGAN,8,0.5296029317010309,0.495642047895189,0.5306662997565864,0.49776542812142044
FTSE,44,CNN-WGAN-GP,8,0.5119095879868271,0.423429893327606,0.5129673629009164,0.4238193996993127
FTSE,44,GARCH,8,0.562765338631157,0.4794957671105385,0.5625991104667812,0.48125693549541804
FTSE,44,GJR-GARCH,8,0.4503176904352806,0.4130792257302406,0.4481057148482245,0.41218857388316155
FTSE,44,TimeGAN,9,0.598235252004582,0.5770197952462773,0.5986874015607102,0.577304374284078
FTSE,44,QuantGAN,9,0.6257101052405498,0.6159037621706759,0.6263645027920963,0.6152795675830469
FTSE,44,CNN-WGAN-GP,9,0.2891607155641466,0.25814965456758304,0.28993749105097366,0.2593315972222222
FTSE,44,GARCH,9,0.24116708727090494,0.1551119075744559,0.2408008483676976,0.15425011633734248
FTSE,44,GJR-GARCH,9,0.31589593177262315,0.24287925973654065,0.31578720110252007,0.2425322612399771
FTSE,44,TimeGAN,10,0.4291107352520046,0.3408335123138603,0.42863173861683845,0.3415559224656357
FTSE,44,QuantGAN,10,0.6512179624856815,0.6095776954467353,0.6497968571019473,0.6083941867124857
FTSE,44,CNN-WGAN-GP,10,0.502222266967354,0.42073243306128294,0.5015580254868272,0.42121321950171825
FTSE,44,GARCH,10,0.5409809475229095,0.5447869684278351,0.5336076209908363,0.5295378275343643
FTSE,44,GJR-GARCH,10,0.48547707259450174,0.4943708387027491,0.48111307989690716,0.47361580934994274
FTSE,44,TimeGAN,11,0.4143256013745704,0.39471000680126,0.4127642200028637,0.3905809260452463
FTSE,44,QuantGAN,11,0.7119899054982819,0.7043570572021765,0.7113366265750287,0.7019584944158075
FTSE,44,CNN-WGAN-GP,11,0.6787966244272624,0.6710545980097364,0.6751995632875143,0.666410724513173
FTSE,44,GARCH,11,0.7149723922537227,0.706102341065292,0.7027498120704466,0.6903784543241696
FTSE,44,GJR-GARCH,11,0.3895578286082474,0.33591982567296685,0.3891694408648339,0.33729551474799535
FTSE,44,TimeGAN,12,0.6298228540234824,0.5956402580899198,0.6298702838631157,0.5973768166523483
FTSE,44,QuantGAN,12,0.6047581973081328,0.5608200440292096,0.6046080773911798,0.562320572021764
FTSE,44,CNN-WGAN-GP,12,0.6142016573596794,0.5971521960910653,0.6116887707617411,0.5980690238402062
FTSE,44,GARCH,12,0.5411655211912945,0.490331024484536,0.5415380244129439,0.4908529764461626
FTSE,44,GJR-GARCH,12,0.6120145153207331,0.5804340725229096,0.6122525594215349,0.5822592264461626
FTSE,44,TimeGAN,13,0.6929497333190149,0.6146106278636884,0.6930893381300114,0.6164843302548684
FTSE,44,QuantGAN,13,0.42668599656357387,0.4307566849226804,0.42616337342497135,0.42709519079324165
FTSE,44,CNN-WGAN-GP,13,0.5764754707187858,0.5191817905211913,0.5755147927405497,0.5172300078751432
FTSE,44,GARCH,13,0.4063164465206185,0.31995901345933564,0.4065527008161512,0.3205449509593357
FTSE,44,GJR-GARCH,13,0.5683280534077892,0.5414820929982818,0.5689144383591065,0.542649940936426
FTSE,44,TimeGAN,14,0.5032176224226804,0.4401578608247423,0.5012658397766323,0.4404759987113402
FTSE,44,QuantGAN,14,0.6820281178407789,0.6514150647909508,0.6810741516323023,0.6526753114261169
FTSE,44,CNN-WGAN-GP,14,0.4845678515177549,0.4342009414375716,0.48442064003436425,0.4343311497709049
FTSE,44,GARCH,14,0.41670604238258874,0.38313757338201604,0.4170519222508591,0.38292771871420395
FTSE,44,GJR-GARCH,14,0.5403019401489118,0.4932667525773196,0.5387875411655212,0.49387908970504013
FTSE,44,TimeGAN,15,0.7078845396620849,0.69398670174685,0.7080163140750286,0.6949399967783505
FTSE,44,QuantGAN,15,0.5092161547823597,0.48791747207903785,0.5097593606815579,0.4880675919959908
FTSE,44,CNN-WGAN-GP,15,0.595443603235968,0.592664035652921,0.5959413928264604,0.59484737435567
FTSE,44,GARCH,15,0.3878120972938145,0.28398571735395184,0.3879056146191294,0.2845150522623139
FTSE,44,GJR-GARCH,15,0.5238017253722795,0.34432788337628867,0.5175711895045819,0.34419409543241697
FTSE,44,TimeGAN,16,0.678272658934708,0.6638566723940436,0.6788337628865981,0.6652117787084764
FTSE,44,QuantGAN,16,0.6523363670532646,0.6174886347365407,0.6514689826746849,0.6159290431701031
FTSE,44,CNN-WGAN-GP,16,0.545919467711913,0.5376498961912944,0.5468257803550973,0.5382555215492555
FTSE,44,GARCH,16,0.4354526864977091,0.394869746921535,0.4385546427548682,0.3986484732961054
FTSE,44,GJR-GARCH,16,0.46908894437285226,0.42054584586197025,0.4698355168957617,0.421643443943299
FTSE,44,TimeGAN,17,0.7060329861111112,0.6703429266895762,0.707068164733677,0.675573856314433
FTSE,44,QuantGAN,17,0.5273280892038945,0.4913066920819015,0.5276314611970218,0.4930188645475372
FTSE,44,CNN-WGAN-GP,17,0.24972951567869414,0.19268461841351658,0.2506512653923253,0.19308866695303553
FTSE,44,GARCH,17,0.592260658290378,0.5862431092497136,0.593102314218213,0.5864791398195877
FTSE,44,GJR-GARCH,17,0.3485936605097365,0.3328192117697594,0.33861818084192447,0.30507186068155784
FTSE,44,TimeGAN,18,0.5521052584478808,0.5221707653207331,0.5526466745418098,0.524012027491409
FTSE,44,QuantGAN,18,0.5535744648482245,0.47862278959049254,0.5514931450458189,0.4745281625859107
FTSE,44,CNN-WGAN-GP,18,0.5020016734679266,0.5054734482388316,0.5018725837628866,0.5055007427691868
FTSE,44,GARCH,18,0.5372778404209623,0.5326393363402062,0.535938171176976,0.5287952820733104
FTSE,44,GJR-GARCH,18,0.6203993055555556,0.62585575064433,0.6192343660509737,0.6239688484392898
FTSE,44,TimeGAN,19,0.5612321466924398,0.5348900164662085,0.561750519043528,0.5354283004009164
FTSE,44,QuantGAN,19,0.5344597920246278,0.5032522998997708,0.5346770296391752,0.5033397766323024
FTSE,44,CNN-WGAN-GP,19,0.4449417865836197,0.3945773374856816,0.44342268936139745,0.39575413445017177
FTSE,44,GARCH,19,0.23761656106815576,0.1943003651202749,0.23796154603379155,0.19503396155498282
FTSE,44,GJR-GARCH,19,0.4803682971792669,0.45919825672966785,0.4811712485681558,0.45923696126861396
FTSE,44,CONTROL: shuffled real,0,0.7014551116838488,0.6766918134306987,0.7017045657932418,0.6801837235108821
FTSE,44,CONTROL: shuffled real,1,0.7014551116838488,0.6766918134306987,0.7017045657932418,0.6801837235108821
FTSE,44,CONTROL: shuffled real,2,0.7014551116838488,0.6766918134306987,0.7017045657932418,0.6801837235108821
FTSE,44,CONTROL: shuffled real,3,0.7014551116838488,0.6766918134306987,0.7017045657932418,0.6801837235108821
FTSE,44,CONTROL: shuffled real,4,0.7014551116838488,0.6766918134306987,0.7017045657932418,0.6801837235108821
FTSE,44,CONTROL: shuffled real,5,0.7014551116838488,0.6766918134306987,0.7017045657932418,0.6801837235108821
FTSE,44,CONTROL: shuffled real,6,0.7014551116838488,0.6766918134306987,0.7017045657932418,0.6801837235108821
FTSE,44,CONTROL: shuffled real,7,0.7014551116838488,0.6766918134306987,0.7017045657932418,0.6801837235108821
FTSE,44,CONTROL: shuffled real,8,0.7014551116838488,0.6766918134306987,0.7017045657932418,0.6801837235108821
FTSE,44,CONTROL: shuffled real,9,0.7014551116838488,0.6766918134306987,0.7017045657932418,0.6801837235108821
FTSE,44,CONTROL: shuffled real,10,0.7014551116838488,0.6766918134306987,0.7017045657932418,0.6801837235108821
FTSE,44,CONTROL: shuffled real,11,0.7014551116838488,0.6766918134306987,0.7017045657932418,0.6801837235108821
FTSE,44,CONTROL: shuffled real,12,0.7014551116838488,0.6766918134306987,0.7017045657932418,0.6801837235108821
FTSE,44,CONTROL: shuffled real,13,0.7014551116838488,0.6766918134306987,0.7017045657932418,0.6801837235108821
FTSE,44,CONTROL: shuffled real,14,0.7014551116838488,0.6766918134306987,0.7017045657932418,0.6801837235108821
FTSE,44,CONTROL: shuffled real,15,0.7014551116838488,0.6766918134306987,0.7017045657932418,0.6801837235108821
FTSE,44,CONTROL: shuffled real,16,0.7014551116838488,0.6766918134306987,0.7017045657932418,0.6801837235108821
FTSE,44,CONTROL: shuffled real,17,0.7014551116838488,0.6766918134306987,0.7017045657932418,0.6801837235108821
FTSE,44,CONTROL: shuffled real,18,0.7014551116838488,0.6766918134306987,0.7017045657932418,0.6801837235108821
FTSE,44,CONTROL: shuffled real,19,0.7014551116838488,0.6766918134306987,0.7017045657932418,0.6801837235108821
MOEX,42,TimeGAN,0,0.6777126736111111,0.6498263888888889,0.6811631944444445,0.6549262152777777
MOEX,42,QuantGAN,0,0.8350911458333332,0.8221354166666666,0.8361328125,0.8258029513888889
MOEX,42,CNN-WGAN-GP,0,0.26855468749999994,0.2849826388888889,0.2691623263888889,0.2857855902777778
MOEX,42,GARCH,0,0.7671006944444444,0.7555555555555555,0.7672960069444444,0.7575303819444443
MOEX,42,GJR-GARCH,0,0.7218315972222222,0.7148003472222222,0.7211154513888889,0.7139105902777778
MOEX,42,TimeGAN,1,0.27465277777777775,0.258203125,0.27469618055555556,0.25766059027777777
MOEX,42,QuantGAN,1,0.587087673611111,0.5518012152777778,0.6003472222222224,0.5584852430555556
MOEX,42,CNN-WGAN-GP,1,0.732595486111111,0.7082899305555556,0.7303602430555556,0.7070746527777778
MOEX,42,GARCH,1,0.5922743055555555,0.5625434027777778,0.5920572916666667,0.561349826388889
MOEX,42,GJR-GARCH,1,0.6134548611111112,0.5804904513888889,0.6126953125000001,0.5787760416666666
MOEX,42,TimeGAN,2,0.6602430555555555,0.6781467013888889,0.6607855902777778,0.6794053819444444
MOEX,42,QuantGAN,2,0.4547526041666667,0.38135850694444445,0.45555555555555555,0.3832465277777778
MOEX,42,CNN-WGAN-GP,2,0.3280381944444445,0.3106119791666667,0.3274956597222222,0.30802951388888894
MOEX,42,GARCH,2,0.5904947916666667,0.5513454861111111,0.5899305555555555,0.5527126736111111
MOEX,42,GJR-GARCH,2,0.6519097222222222,0.6270182291666666,0.6518012152777778,0.6299045138888889
MOEX,42,TimeGAN,3,0.5876519097222221,0.5986545138888889,0.586111111111111,0.5974175347222223
MOEX,42,QuantGAN,3,0.29246961805555555,0.27853732638888895,0.2917317708333333,0.28109809027777777
MOEX,42,CNN-WGAN-GP,3,0.4903428819444445,0.5100043402777776,0.4896050347222222,0.510546875
MOEX,42,GARCH,3,0.5893446180555555,0.5362847222222222,0.590017361111111,0.539453125
MOEX,42,GJR-GARCH,3,0.4952473958333334,0.46907552083333337,0.4981119791666667,0.47196180555555556
MOEX,42,TimeGAN,4,0.6316623263888889,0.6199869791666668,0.6297309027777778,0.6189019097222223
MOEX,42,QuantGAN,4,0.3823133680555556,0.401953125,0.38200954861111114,0.403125
MOEX,42,CNN-WGAN-GP,4,0.7189453125,0.6830946180555555,0.7196397569444445,0.6849392361111112
MOEX,42,GARCH,4,0.46859809027777777,0.46879340277777776,0.46818576388888883,0.46579861111111115
MOEX,42,GJR-GARCH,4,0.44542100694444453,0.3599826388888889,0.4432942708333333,0.35726996527777777
MOEX,42,TimeGAN,5,0.6402994791666666,0.6154730902777777,0.6425564236111112,0.618359375
MOEX,42,QuantGAN,5,0.6692274305555557,0.5975260416666667,0.7422960069444444,0.6846788194444444
MOEX,42,CNN-WGAN-GP,5,0.46258680555555554,0.48298611111111117,0.4631510416666666,0.48513454861111105
MOEX,42,GARCH,5,0.6239583333333333,0.6109809027777777,0.6218315972222224,0.6102430555555556
MOEX,42,GJR-GARCH,5,0.7084418402777777,0.6749565972222222,0.7078776041666668,0.6752387152777778
MOEX,42,TimeGAN,6,0.6712456597222223,0.6573350694444444,0.6727430555555556,0.6600260416666666
MOEX,42,QuantGAN,6,0.5195095486111111,0.48181423611111107,0.5201605902777778,0.48504774305555554
MOEX,42,CNN-WGAN-GP,6,0.6281901041666667,0.5517361111111111,0.6279947916666667,0.5516710069444445
MOEX,42,GARCH,6,0.26970486111111114,0.23046874999999994,0.2713758680555555,0.23131510416666665
MOEX,42,GJR-GARCH,6,0.24548611111111113,0.23122829861111108,0.24722222222222223,0.23070746527777777
MOEX,42,TimeGAN,7,0.6246310763888888,0.6216145833333334,0.6261067708333333,0.6229166666666667
MOEX,42,QuantGAN,7,0.49474826388888893,0.4492404513888889,0.49064670138888883,0.44314236111111105
MOEX,42,CNN-WGAN-GP,7,0.7445746527777778,0.7336371527777776,0.7419053819444446,0.7314453125
MOEX,42,GARCH,7,0.3014973958333334,0.32252604166666665,0.300390625,0.32211371527777777
MOEX,42,GJR-GARCH,7,0.36987847222222225,0.41330295138888895,0.3715711805555556,0.41571180555555554
MOEX,42,TimeGAN,8,0.5744140625,0.5436631944444443,0.5748263888888889,0.5438802083333333
MOEX,42,QuantGAN,8,0.4751302083333334,0.40212673611111105,0.4748046875,0.40160590277777775
MOEX,42,CNN-WGAN-GP,8,0.3241319444444445,0.3299696180555555,0.3242404513888889,0.33038194444444446
MOEX,42,GARCH,8,0.42415364583333337,0.32113715277777777,0.42404513888888895,0.32098524305555554
MOEX,42,GJR-GARCH,8,0.33055555555555555,0.2955512152777778,0.3304253472222222,0.29598524305555557
MOEX,42,TimeGAN,9,0.6740668402777776,0.622265625,0.6753038194444444,0.6256293402777778
MOEX,42,QuantGAN,9,0.6710503472222222,0.6614800347222222,0.6719618055555555,0.6649739583333334
MOEX,42,CNN-WGAN-GP,9,0.6551649305555556,0.6177734375,0.6559244791666667,0.6187717013888889
MOEX,42,GARCH,9,0.5465711805555555,0.49552951388888894,0.5457682291666666,0.49442274305555556
MOEX,42,GJR-GARCH,9,0.5557508680555555,0.5120225694444444,0.5565538194444445,0.5133463541666667
MOEX,42,TimeGAN,10,0.5663194444444445,0.4937065972222222,0.5683159722222222,0.49676649305555565
MOEX,42,QuantGAN,10,0.7955512152777777,0.7858289930555558,0.7952690972222222,0.7858723958333333
MOEX,42,CNN-WGAN-GP,10,0.6637369791666667,0.6243923611111111,0.6634114583333334,0.6246310763888888
MOEX,42,GARCH,10,0.27899305555555554,0.21371527777777777,0.27725694444444443,0.2117404513888889
MOEX,42,GJR-GARCH,10,0.16588541666666665,0.20060763888888888,0.16575520833333335,0.19956597222222222
MOEX,42,TimeGAN,11,0.7086154513888889,0.675998263888889,0.7092664930555556,0.6776909722222222
MOEX,42,QuantGAN,11,0.5462890625,0.4434895833333334,0.5460069444444444,0.4399956597222222
MOEX,42,CNN-WGAN-GP,11,0.6644314236111112,0.6272135416666668,0.6644097222222223,0.6302517361111111
MOEX,42,GARCH,11,0.542795138888889,0.5750651041666667,0.5412977430555556,0.5735677083333333
MOEX,42,GJR-GARCH,11,0.5615017361111112,0.5692491319444445,0.5618923611111112,0.5701605902777779
MOEX,42,TimeGAN,12,0.4989149305555555,0.5016927083333333,0.49724392361111114,0.4987630208333334
MOEX,42,QuantGAN,12,0.24871961805555562,0.21970486111111112,0.25149739583333336,0.21677517361111112
MOEX,42,CNN-WGAN-GP,12,0.631032986111111,0.6123914930555555,0.6298177083333333,0.6130425347222224
MOEX,42,GARCH,12,0.479296875,0.4942057291666667,0.4756510416666667,0.49418402777777787
MOEX,42,GJR-GARCH,12,0.5269748263888889,0.5012586805555556,0.5271701388888889,0.5018446180555555
MOEX,42,TimeGAN,13,0.6024305555555556,0.6142578125,0.6018663194444445,0.6209635416666667
MOEX,42,QuantGAN,13,0.709765625,0.7172309027777779,0.7108289930555556,0.7179253472222221
MOEX,42,CNN-WGAN-GP,13,0.8683376736111112,0.8540798611111111,0.8686631944444445,0.8541883680555555
MOEX,42,GARCH,13,0.5486762152777778,0.5114366319444443,0.5485677083333333,0.51171875
MOEX,42,GJR-GARCH,13,0.5254991319444444,0.5000217013888889,0.5253038194444444,0.49971788194444444
MOEX,42,TimeGAN,14,0.5588324652777777,0.5304904513888888,0.5587239583333333,0.53125
MOEX,42,QuantGAN,14,0.4776475694444445,0.3974392361111111,0.48168402777777775,0.40078125
MOEX,42,CNN-WGAN-GP,14,0.4014756944444445,0.40876736111111117,0.4026041666666667,0.4110460069444445
MOEX,42,GARCH,14,0.44750434027777775,0.3995225694444445,0.4468098958333334,0.3995442708333333
MOEX,42,GJR-GARCH,14,0.4320746527777778,0.38164062500000007,0.4319010416666667,0.38229166666666664
MOEX,42,TimeGAN,15,0.6131727430555556,0.5731987847222222,0.6153862847222222,0.5779730902777777
MOEX,42,QuantGAN,15,0.6069444444444444,0.5773871527777777,0.6073567708333334,0.5798177083333333
MOEX,42,CNN-WGAN-GP,15,0.6187065972222221,0.6082465277777778,0.6224175347222223,0.6128472222222222
MOEX,42,GARCH,15,0.676953125,0.6682074652777777,0.6768446180555555,0.6680555555555557
MOEX,42,GJR-GARCH,15,0.6650607638888889,0.6548177083333334,0.6648220486111112,0.6545789930555557
MOEX,42,TimeGAN,16,0.6374131944444444,0.5961588541666666,0.6395182291666667,0.6000651041666666
MOEX,42,QuantGAN,16,0.3909505208333333,0.31909722222222225,0.3913411458333334,0.3194010416666667
MOEX,42,CNN-WGAN-GP,16,0.6182074652777777,0.593381076388889,0.6172743055555555,0.593576388888889
MOEX,42,GARCH,16,0.5545138888888889,0.5442274305555557,0.5550998263888889,0.5440755208333333
MOEX,42,GJR-GARCH,16,0.40857204861111107,0.4026041666666667,0.4093315972222221,0.4046657986111112
MOEX,42,TimeGAN,17,0.534765625,0.48192274305555555,0.535915798611111,0.48200954861111117
MOEX,42,QuantGAN,17,0.3087239583333334,0.29537760416666664,0.2877170138888888,0.2694010416666667
MOEX,42,CNN-WGAN-GP,17,0.44813368055555564,0.4138020833333333,0.45564236111111106,0.42211371527777775
MOEX,42,GARCH,17,0.6719184027777778,0.6637152777777777,0.6717447916666666,0.6631727430555555
MOEX,42,GJR-GARCH,17,0.6764973958333333,0.6680121527777778,0.6764105902777777,0.6681206597222221
MOEX,42,TimeGAN,18,0.22510850694444445,0.201953125,0.22523871527777778,0.2023871527777778
MOEX,42,QuantGAN,18,0.7767144097222223,0.7533420138888888,0.776193576388889,0.7535373263888889
MOEX,42,CNN-WGAN-GP,18,0.3814887152777778,0.36625434027777776,0.38207465277777775,0.3667534722222222
MOEX,42,GARCH,18,0.4885416666666666,0.39752604166666666,0.48676215277777785,0.39552951388888885
MOEX,42,GJR-GARCH,18,0.569509548611111,0.5450737847222221,0.5698133680555555,0.5454210069444445
MOEX,42,TimeGAN,19,0.6870876736111111,0.6405598958333334,0.6883029513888889,0.6411458333333334
MOEX,42,QuantGAN,19,0.41356336805555555,0.3848741319444444,0.4142578125,0.38843315972222225
MOEX,42,CNN-WGAN-GP,19,0.3836805555555555,0.3939670138888889,0.3848741319444445,0.3921006944444444
MOEX,42,GARCH,19,0.5668836805555555,0.5280381944444444,0.5680121527777777,0.5296223958333334
MOEX,42,GJR-GARCH,19,0.5263888888888889,0.5259114583333334,0.5271484375,0.5281901041666666
MOEX,42,CONTROL: shuffled real,0,0.3829427083333333,0.3814453125,0.3835286458333333,0.38125000000000003
MOEX,42,CONTROL: shuffled real,1,0.3829427083333333,0.3814453125,0.3835286458333333,0.38125000000000003
MOEX,42,CONTROL: shuffled real,2,0.3829427083333333,0.3814453125,0.3835286458333333,0.38125000000000003
MOEX,42,CONTROL: shuffled real,3,0.3829427083333333,0.3814453125,0.3835286458333333,0.38125000000000003
MOEX,42,CONTROL: shuffled real,4,0.3829427083333333,0.3814453125,0.3835286458333333,0.38125000000000003
MOEX,42,CONTROL: shuffled real,5,0.3829427083333333,0.3814453125,0.3835286458333333,0.38125000000000003
MOEX,42,CONTROL: shuffled real,6,0.3829427083333333,0.3814453125,0.3835286458333333,0.38125000000000003
MOEX,42,CONTROL: shuffled real,7,0.3829427083333333,0.3814453125,0.3835286458333333,0.38125000000000003
MOEX,42,CONTROL: shuffled real,8,0.3829427083333333,0.3814453125,0.3835286458333333,0.38125000000000003
MOEX,42,CONTROL: shuffled real,9,0.3829427083333333,0.3814453125,0.3835286458333333,0.38125000000000003
MOEX,42,CONTROL: shuffled real,10,0.3829427083333333,0.3814453125,0.3835286458333333,0.38125000000000003
MOEX,42,CONTROL: shuffled real,11,0.3829427083333333,0.3814453125,0.3835286458333333,0.38125000000000003
MOEX,42,CONTROL: shuffled real,12,0.3829427083333333,0.3814453125,0.3835286458333333,0.38125000000000003
MOEX,42,CONTROL: shuffled real,13,0.3829427083333333,0.3814453125,0.3835286458333333,0.38125000000000003
MOEX,42,CONTROL: shuffled real,14,0.3829427083333333,0.3814453125,0.3835286458333333,0.38125000000000003
MOEX,42,CONTROL: shuffled real,15,0.3829427083333333,0.3814453125,0.3835286458333333,0.38125000000000003
MOEX,42,CONTROL: shuffled real,16,0.3829427083333333,0.3814453125,0.3835286458333333,0.38125000000000003
MOEX,42,CONTROL: shuffled real,17,0.3829427083333333,0.3814453125,0.3835286458333333,0.38125000000000003
MOEX,42,CONTROL: shuffled real,18,0.3829427083333333,0.3814453125,0.3835286458333333,0.38125000000000003
MOEX,42,CONTROL: shuffled real,19,0.3829427083333333,0.3814453125,0.3835286458333333,0.38125000000000003
MOEX,43,TimeGAN,0,0.6626302083333334,0.6712456597222223,0.6567491319444445,0.6657335069444444
MOEX,43,QuantGAN,0,0.6904730902777778,0.6648220486111112,0.6921440972222224,0.6639322916666667
MOEX,43,CNN-WGAN-GP,0,0.5137586805555555,0.49865451388888893,0.5135850694444445,0.49835069444444446
MOEX,43,GARCH,0,0.6887586805555556,0.6450737847222221,0.6876085069444444,0.644314236111111
MOEX,43,GJR-GARCH,0,0.6859809027777779,0.6477213541666667,0.6838324652777777,0.6458984375
MOEX,43,TimeGAN,1,0.678884548611111,0.6594835069444445,0.6780381944444445,0.6587456597222222
MOEX,43,QuantGAN,1,0.5720703125,0.5823567708333333,0.5720052083333333,0.5823784722222223
MOEX,43,CNN-WGAN-GP,1,0.6872395833333333,0.6917751736111111,0.6866753472222223,0.6903211805555556
MOEX,43,GARCH,1,0.40889756944444444,0.38441840277777783,0.40980902777777783,0.38537326388888893
MOEX,43,GJR-GARCH,1,0.4586371527777778,0.43098958333333337,0.46043836805555555,0.43335503472222225
MOEX,43,TimeGAN,2,0.5681640625000001,0.5529079861111111,0.5684678819444444,0.5535156250000001
MOEX,43,QuantGAN,2,0.613064236111111,0.5050998263888888,0.6175998263888889,0.4944661458333333
MOEX,43,CNN-WGAN-GP,2,0.29314236111111114,0.3488932291666667,0.29273003472222225,0.3494791666666666
MOEX,43,GARCH,2,0.37191840277777777,0.43923611111111105,0.36332465277777776,0.4285373263888889
MOEX,43,GJR-GARCH,2,0.5398220486111112,0.5690972222222223,0.5377387152777777,0.5658637152777779
MOEX,43,TimeGAN,3,0.43940972222222224,0.39188368055555556,0.4432508680555555,0.3945312500000001
MOEX,43,QuantGAN,3,0.6950737847222224,0.6459635416666667,0.6953342013888888,0.6474392361111112
MOEX,43,CNN-WGAN-GP,3,0.5168402777777777,0.5126953125,0.5173828125,0.5120659722222223
MOEX,43,GARCH,3,0.3944010416666667,0.3314236111111111,0.3868923611111111,0.32710503472222224
MOEX,43,GJR-GARCH,3,0.4141493055555555,0.3645833333333333,0.4120659722222223,0.3643229166666667
MOEX,43,TimeGAN,4,0.7424262152777779,0.7207682291666667,0.7425347222222223,0.7219618055555556
MOEX,43,QuantGAN,4,0.6823350694444443,0.6739583333333332,0.6831163194444445,0.6751302083333334
MOEX,43,CNN-WGAN-GP,4,0.6318359375,0.599826388888889,0.6321180555555556,0.6007378472222221
MOEX,43,GARCH,4,0.4827690972222222,0.5362413194444444,0.48376736111111107,0.5372395833333333
MOEX,43,GJR-GARCH,4,0.5293402777777778,0.5500217013888888,0.5293185763888889,0.5534071180555555
MOEX,43,TimeGAN,5,0.7794704861111111,0.7547526041666667,0.7795355902777777,0.7544053819444445
MOEX,43,QuantGAN,5,0.33832465277777773,0.3927083333333333,0.3373046875,0.39140625000000007
MOEX,43,CNN-WGAN-GP,5,0.5915581597222224,0.5903862847222221,0.592556423611111,0.5954644097222223
MOEX,43,GARCH,5,0.5979817708333333,0.615625,0.5961154513888889,0.6132595486111111
MOEX,43,GJR-GARCH,5,0.6274522569444444,0.6520616319444444,0.6293619791666666,0.6557725694444445
MOEX,43,TimeGAN,6,0.3976779513888889,0.3999348958333333,0.3987413194444444,0.40099826388888893
MOEX,43,QuantGAN,6,0.7162109375,0.6140625,0.7212456597222221,0.6693793402777777
MOEX,43,CNN-WGAN-GP,6,0.5767144097222221,0.564279513888889,0.5768663194444444,0.5640842013888888
MOEX,43,GARCH,6,0.563671875,0.5540798611111111,0.5654513888888889,0.5567708333333334
MOEX,43,GJR-GARCH,6,0.6727430555555556,0.6327473958333333,0.6735677083333333,0.6349175347222221
MOEX,43,TimeGAN,7,0.8442925347222223,0.8266493055555555,0.8441189236111111,0.8277994791666667
MOEX,43,QuantGAN,7,0.4024088541666666,0.366015625,0.4024522569444445,0.36495225694444444
MOEX,43,CNN-WGAN-GP,7,0.47404513888888883,0.443359375,0.4731119791666667,0.44535590277777776
MOEX,43,GARCH,7,0.8353298611111111,0.8508897569444445,0.8354817708333334,0.850802951388889
MOEX,43,GJR-GARCH,7,0.7604817708333333,0.709201388888889,0.7622178819444445,0.7152777777777778
MOEX,43,TimeGAN,8,0.6999348958333332,0.6787543402777777,0.6969184027777778,0.6762152777777778
MOEX,43,QuantGAN,8,0.891427951388889,0.8731770833333332,0.890407986111111,0.8711588541666668
MOEX,43,CNN-WGAN-GP,8,0.7468098958333332,0.7268880208333333,0.7466145833333333,0.7276692708333334
MOEX,43,GARCH,8,0.5250651041666666,0.4903645833333333,0.5219184027777778,0.48763020833333337
MOEX,43,GJR-GARCH,8,0.5385633680555556,0.4930772569444445,0.5345486111111112,0.48851996527777775
MOEX,43,TimeGAN,9,0.9253038194444443,0.8920138888888889,0.9246744791666666,0.891384548611111
MOEX,43,QuantGAN,9,0.3394748263888888,0.3243272569444445,0.34001736111111114,0.3259765625
MOEX,43,CNN-WGAN-GP,9,0.5389756944444445,0.49455295138888883,0.5449869791666666,0.49585503472222225
MOEX,43,GARCH,9,0.639474826388889,0.6103949652777777,0.6402777777777778,0.613454861111111
MOEX,43,GJR-GARCH,9,0.6243489583333334,0.5962239583333334,0.6243055555555556,0.5997395833333334
MOEX,43,TimeGAN,10,0.8126302083333334,0.7924696180555556,0.811349826388889,0.7922092013888891
MOEX,43,QuantGAN,10,0.6566623263888889,0.6283637152777778,0.6566623263888889,0.6283420138888889
MOEX,43,CNN-WGAN-GP,10,0.6909071180555556,0.6967447916666667,0.6904079861111112,0.6961371527777778
MOEX,43,GARCH,10,0.6548177083333334,0.6426215277777778,0.6551649305555556,0.6437934027777777
MOEX,43,GJR-GARCH,10,0.6722873263888889,0.6497829861111112,0.673068576388889,0.6515407986111111
MOEX,43,TimeGAN,11,0.6445529513888889,0.6301649305555556,0.6454861111111111,0.6315755208333333
MOEX,43,QuantGAN,11,0.6183159722222222,0.6095920138888888,0.6190972222222222,0.6112413194444445
MOEX,43,CNN-WGAN-GP,11,0.7708333333333334,0.7572699652777779,0.7682508680555556,0.7538411458333332
MOEX,43,GARCH,11,0.6978081597222222,0.6363932291666666,0.6964626736111112,0.6383463541666666
MOEX,43,GJR-GARCH,11,0.6854166666666666,0.6145616319444445,0.6837673611111111,0.6155381944444445
MOEX,43,TimeGAN,12,0.686697048611111,0.69453125,0.6898003472222222,0.6975260416666667
MOEX,43,QuantGAN,12,0.5716796875,0.5351128472222222,0.5716796874999999,0.5349826388888889
MOEX,43,CNN-WGAN-GP,12,0.5497612847222222,0.5398871527777778,0.5507378472222222,0.5405598958333334
MOEX,43,GARCH,12,0.6085069444444444,0.5326605902777777,0.6109157986111111,0.5340928819444445
MOEX,43,GJR-GARCH,12,0.5996744791666667,0.5735894097222223,0.6001953125,0.5746310763888889
MOEX,43,TimeGAN,13,0.6996961805555555,0.6855685763888889,0.7001302083333333,0.6869791666666667
MOEX,43,QuantGAN,13,0.6062065972222221,0.5873914930555555,0.6067708333333333,0.5900824652777779
MOEX,43,CNN-WGAN-GP,13,0.46825086805555555,0.4658203125,0.46805555555555556,0.46560329861111105
MOEX,43,GARCH,13,0.6949869791666666,0.657009548611111,0.6990234375,0.6763020833333333
MOEX,43,GJR-GARCH,13,0.6827256944444444,0.6361328125,0.6820529513888889,0.6381510416666667
MOEX,43,TimeGAN,14,0.38817274305555555,0.31766493055555556,0.39164496527777776,0.31955295138888895
MOEX,43,QuantGAN,14,0.6004774305555555,0.5560546875,0.6001519097222222,0.555837673611111
MOEX,43,CNN-WGAN-GP,14,0.6066623263888888,0.5813585069444445,0.6080295138888889,0.5835503472222223
MOEX,43,GARCH,14,0.4710937499999999,0.4460286458333334,0.4752387152777778,0.4611328125
MOEX,43,GJR-GARCH,14,0.4615234375,0.44140625,0.4634765625,0.4509765625
MOEX,43,TimeGAN,15,0.7614800347222221,0.707790798611111,0.7625868055555556,0.7083116319444445
MOEX,43,QuantGAN,15,0.7230685763888889,0.7070746527777778,0.7227864583333334,0.7059895833333333
MOEX,43,CNN-WGAN-GP,15,0.5998046875,0.5836805555555555,0.5985677083333334,0.5830512152777778
MOEX,43,GARCH,15,0.7245876736111112,0.7180121527777776,0.7216796875000001,0.7148871527777778
MOEX,43,GJR-GARCH,15,0.7892144097222222,0.7837456597222223,0.7869140625,0.7808159722222223
MOEX,43,TimeGAN,16,0.6461154513888889,0.5875651041666666,0.6458767361111112,0.589084201388889
MOEX,43,QuantGAN,16,0.5924262152777778,0.5360894097222222,0.5960937500000001,0.6112847222222222
MOEX,43,CNN-WGAN-GP,16,0.7769748263888888,0.7570746527777779,0.7762152777777777,0.7565755208333332
MOEX,43,GARCH,16,0.6748480902777778,0.6610894097222223,0.6737630208333333,0.660546875
MOEX,43,GJR-GARCH,16,0.7093967013888889,0.688671875,0.7090928819444444,0.6895399305555555
MOEX,43,TimeGAN,17,0.6761067708333333,0.6495225694444444,0.6755859375,0.6500868055555556
MOEX,43,QuantGAN,17,0.42771267361111115,0.3857638888888889,0.4247395833333333,0.34683159722222223
MOEX,43,CNN-WGAN-GP,17,0.685546875,0.6555989583333334,0.6844835069444444,0.6556423611111113
MOEX,43,GARCH,17,0.7583767361111112,0.7529513888888889,0.7585503472222223,0.7533203125
MOEX,43,GJR-GARCH,17,0.7333984375,0.7287109375,0.7333767361111112,0.7289279513888889
MOEX,43,TimeGAN,18,0.589040798611111,0.5015842013888889,0.5862630208333334,0.4987413194444444
MOEX,43,QuantGAN,18,0.621875,0.6034071180555555,0.6217447916666667,0.6017578125
MOEX,43,CNN-WGAN-GP,18,0.2287109375,0.3387803819444445,0.2291015625,0.33882378472222224
MOEX,43,GARCH,18,0.660959201388889,0.6333116319444445,0.6607204861111111,0.6310980902777777
MOEX,43,GJR-GARCH,18,0.7034505208333333,0.6980902777777779,0.7040147569444445,0.6995442708333334
MOEX,43,TimeGAN,19,0.6475260416666666,0.6105034722222222,0.6478515625,0.6108289930555556
MOEX,43,QuantGAN,19,0.7240668402777778,0.7209418402777779,0.72265625,0.719921875
MOEX,43,CNN-WGAN-GP,19,0.5827039930555555,0.5355251736111111,0.5798828125,0.5357421875
MOEX,43,GARCH,19,0.4731770833333333,0.4441623263888889,0.4748046875,0.44607204861111105
MOEX,43,GJR-GARCH,19,0.46547309027777783,0.3723958333333333,0.4736328125,0.3736762152777778
MOEX,43,CONTROL: shuffled real,0,0.3829427083333333,0.3814453125,0.3835286458333333,0.38125000000000003
MOEX,43,CONTROL: shuffled real,1,0.3829427083333333,0.3814453125,0.3835286458333333,0.38125000000000003
MOEX,43,CONTROL: shuffled real,2,0.3829427083333333,0.3814453125,0.3835286458333333,0.38125000000000003
MOEX,43,CONTROL: shuffled real,3,0.3829427083333333,0.3814453125,0.3835286458333333,0.38125000000000003
MOEX,43,CONTROL: shuffled real,4,0.3829427083333333,0.3814453125,0.3835286458333333,0.38125000000000003
MOEX,43,CONTROL: shuffled real,5,0.3829427083333333,0.3814453125,0.3835286458333333,0.38125000000000003
MOEX,43,CONTROL: shuffled real,6,0.3829427083333333,0.3814453125,0.3835286458333333,0.38125000000000003
MOEX,43,CONTROL: shuffled real,7,0.3829427083333333,0.3814453125,0.3835286458333333,0.38125000000000003
MOEX,43,CONTROL: shuffled real,8,0.3829427083333333,0.3814453125,0.3835286458333333,0.38125000000000003
MOEX,43,CONTROL: shuffled real,9,0.3829427083333333,0.3814453125,0.3835286458333333,0.38125000000000003
MOEX,43,CONTROL: shuffled real,10,0.3829427083333333,0.3814453125,0.3835286458333333,0.38125000000000003
MOEX,43,CONTROL: shuffled real,11,0.3829427083333333,0.3814453125,0.3835286458333333,0.38125000000000003
MOEX,43,CONTROL: shuffled real,12,0.3829427083333333,0.3814453125,0.3835286458333333,0.38125000000000003
MOEX,43,CONTROL: shuffled real,13,0.3829427083333333,0.3814453125,0.3835286458333333,0.38125000000000003
MOEX,43,CONTROL: shuffled real,14,0.3829427083333333,0.3814453125,0.3835286458333333,0.38125000000000003
MOEX,43,CONTROL: shuffled real,15,0.3829427083333333,0.3814453125,0.3835286458333333,0.38125000000000003
MOEX,43,CONTROL: shuffled real,16,0.3829427083333333,0.3814453125,0.3835286458333333,0.38125000000000003
MOEX,43,CONTROL: shuffled real,17,0.3829427083333333,0.3814453125,0.3835286458333333,0.38125000000000003
MOEX,43,CONTROL: shuffled real,18,0.3829427083333333,0.3814453125,0.3835286458333333,0.38125000000000003
MOEX,43,CONTROL: shuffled real,19,0.3829427083333333,0.3814453125,0.3835286458333333,0.38125000000000003
MOEX,44,TimeGAN,0,0.6855034722222222,0.6816189236111112,0.6829644097222223,0.6766276041666666
MOEX,44,QuantGAN,0,0.7070529513888888,0.6852430555555555,0.7197482638888888,0.7113281249999999
MOEX,44,CNN-WGAN-GP,0,0.7411241319444445,0.6843098958333333,0.7405598958333333,0.6859809027777777
MOEX,44,GARCH,0,0.7307291666666667,0.7409722222222223,0.730642361111111,0.741384548611111
MOEX,44,GJR-GARCH,0,0.5332682291666666,0.4985894097222222,0.5313802083333333,0.49854600694444445
MOEX,44,TimeGAN,1,0.7132595486111112,0.6591579861111111,0.7152777777777779,0.6592664930555555
MOEX,44,QuantGAN,1,0.7072265625,0.6864800347222223,0.7061197916666667,0.6882595486111113
MOEX,44,CNN-WGAN-GP,1,0.2414713541666667,0.24904513888888893,0.24116753472222224,0.24906684027777776
MOEX,44,GARCH,1,0.7020399305555556,0.6970269097222223,0.70234375,0.6996961805555555
MOEX,44,GJR-GARCH,1,0.7094835069444445,0.7001302083333334,0.7095920138888889,0.7026041666666667
MOEX,44,TimeGAN,2,0.7439453125,0.6969184027777778,0.7589626736111111,0.6966145833333334
MOEX,44,QuantGAN,2,0.7048828125,0.6771484375000001,0.7028211805555556,0.6779947916666667
MOEX,44,CNN-WGAN-GP,2,0.40173611111111107,0.3780164930555555,0.4004774305555555,0.3777126736111111
MOEX,44,GARCH,2,0.5550347222222223,0.5113064236111111,0.5552300347222223,0.5115885416666666
MOEX,44,GJR-GARCH,2,0.5805555555555556,0.5471354166666667,0.5796223958333333,0.5465711805555555
MOEX,44,TimeGAN,3,0.7004123263888888,0.6828342013888888,0.7023003472222222,0.6841145833333333
MOEX,44,QuantGAN,3,0.6550564236111113,0.5763888888888888,0.6640842013888888,0.5749348958333332
MOEX,44,CNN-WGAN-GP,3,0.4973307291666667,0.46356336805555554,0.49670138888888893,0.46319444444444446
MOEX,44,GARCH,3,0.7814453125,0.7506944444444444,0.7816189236111113,0.7510633680555556
MOEX,44,GJR-GARCH,3,0.808420138888889,0.7665581597222223,0.8082899305555558,0.765842013888889
MOEX,44,TimeGAN,4,0.6422526041666667,0.5936848958333334,0.6418185763888888,0.5944227430555555
MOEX,44,QuantGAN,4,0.7896050347222223,0.7552734374999999,0.7879774305555556,0.7559895833333334
MOEX,44,CNN-WGAN-GP,4,0.6549696180555555,0.6367621527777778,0.6540581597222223,0.6382378472222223
MOEX,44,GARCH,4,0.541818576388889,0.51640625,0.5419053819444444,0.5166232638888888
MOEX,44,GJR-GARCH,4,0.5638671875,0.5318142361111111,0.5639756944444445,0.5319444444444444
MOEX,44,TimeGAN,5,0.6669704861111112,0.6481553819444444,0.6743272569444445,0.6488932291666667
MOEX,44,QuantGAN,5,0.6783203125,0.6836371527777778,0.6762803819444445,0.6825737847222222
MOEX,44,CNN-WGAN-GP,5,0.5666015625,0.5347005208333333,0.5725694444444445,0.5324218749999999
MOEX,44,GARCH,5,0.40726996527777776,0.38784722222222223,0.40850694444444446,0.38927951388888893
MOEX,44,GJR-GARCH,5,0.4149739583333333,0.40158420138888895,0.41577690972222214,0.40282118055555555
MOEX,44,TimeGAN,6,0.49053819444444446,0.4469184027777778,0.49088541666666663,0.44756944444444446
MOEX,44,QuantGAN,6,0.5580295138888889,0.5343315972222222,0.5490885416666667,0.5248697916666667
MOEX,44,CNN-WGAN-GP,6,0.5746744791666668,0.5116753472222222,0.5759548611111112,0.5111762152777778
MOEX,44,GARCH,6,0.6342664930555555,0.6106553819444445,0.6332899305555555,0.6090928819444444
MOEX,44,GJR-GARCH,6,0.6545789930555556,0.6344401041666666,0.6543185763888889,0.6343532986111111
MOEX,44,TimeGAN,7,0.48506944444444444,0.4428385416666667,0.485546875,0.4397786458333333
MOEX,44,QuantGAN,7,0.5904730902777777,0.5282986111111111,0.5986111111111111,0.5302734375
MOEX,44,CNN-WGAN-GP,7,0.6412109375000001,0.5665364583333332,0.6410373263888889,0.5682508680555556
MOEX,44,GARCH,7,0.7689453125,0.7599175347222222,0.771484375,0.7613281250000001
MOEX,44,GJR-GARCH,7,0.7970269097222221,0.7895833333333334,0.7969618055555555,0.7895399305555555
MOEX,44,TimeGAN,8,0.5406467013888888,0.5158637152777779,0.5390625,0.5129340277777777
MOEX,44,QuantGAN,8,0.6792751736111111,0.6701171874999999,0.6789930555555557,0.6717881944444445
MOEX,44,CNN-WGAN-GP,8,0.5352647569444444,0.5254123263888889,0.5347222222222222,0.5258029513888889
MOEX,44,GARCH,8,0.5771267361111112,0.5762369791666667,0.5775607638888889,0.5773871527777777
MOEX,44,GJR-GARCH,8,0.7033854166666667,0.6861545138888887,0.7047743055555555,0.6893446180555556
MOEX,44,TimeGAN,9,0.7032552083333333,0.6902126736111112,0.7034071180555556,0.6892144097222224
MOEX,44,QuantGAN,9,0.5965711805555556,0.5537109375,0.5985460069444445,0.5584852430555556
MOEX,44,CNN-WGAN-GP,9,0.40397135416666663,0.40271267361111107,0.4002604166666667,0.4003038194444445
MOEX,44,GARCH,9,0.5455295138888888,0.47126736111111106,0.5453559027777778,0.47094184027777786
MOEX,44,GJR-GARCH,9,0.43478732638888895,0.4663628472222222,0.43452690972222224,0.4658420138888889
MOEX,44,TimeGAN,10,0.689626736111111,0.6327690972222222,0.6840928819444444,0.6230251736111111
MOEX,44,QuantGAN,10,0.808810763888889,0.8099392361111111,0.8088324652777779,0.8100043402777777
MOEX,44,CNN-WGAN-GP,10,0.5835937499999999,0.5472439236111112,0.5833984375,0.5468315972222222
MOEX,44,GARCH,10,0.4473524305555556,0.4321614583333334,0.4429253472222222,0.42313368055555556
MOEX,44,GJR-GARCH,10,0.4398003472222222,0.41729600694444446,0.4373914930555555,0.40859375
MOEX,44,TimeGAN,11,0.5508029513888888,0.47137586805555565,0.5536241319444444,0.4720486111111112
MOEX,44,QuantGAN,11,0.5663845486111111,0.5032552083333334,0.5669921875,0.5041666666666667
MOEX,44,CNN-WGAN-GP,11,0.7407986111111111,0.7374348958333334,0.7409939236111112,0.7379123263888889
MOEX,44,GARCH,11,0.3289930555555555,0.3150607638888889,0.32836371527777775,0.3136067708333333
MOEX,44,GJR-GARCH,11,0.43194444444444435,0.42406684027777775,0.42823350694444445,0.4200303819444445
MOEX,44,TimeGAN,12,0.6211805555555555,0.5676649305555556,0.6246961805555556,0.5708116319444445
MOEX,44,QuantGAN,12,0.6347873263888889,0.5831163194444444,0.6401041666666666,0.5879123263888889
MOEX,44,CNN-WGAN-GP,12,0.8571180555555555,0.8446831597222223,0.8568359375,0.8450086805555556
MOEX,44,GARCH,12,0.6955512152777777,0.6657552083333333,0.6956597222222222,0.6686631944444444
MOEX,44,GJR-GARCH,12,0.6453993055555556,0.6203559027777779,0.6452473958333333,0.6215277777777778
MOEX,44,TimeGAN,13,0.7784288194444444,0.7544053819444445,0.7782118055555556,0.753146701388889
MOEX,44,QuantGAN,13,0.405859375,0.4073567708333334,0.4053385416666667,0.4045572916666667
MOEX,44,CNN-WGAN-GP,13,0.5702039930555556,0.5610460069444445,0.5686848958333334,0.5610677083333333
MOEX,44,GARCH,13,0.7132378472222223,0.7079427083333333,0.7139756944444444,0.7110243055555555
MOEX,44,GJR-GARCH,13,0.6381510416666667,0.6320746527777777,0.6389973958333333,0.6351996527777779
MOEX,44,TimeGAN,14,0.5687065972222223,0.5276041666666667,0.5715928819444445,0.52734375
MOEX,44,QuantGAN,14,0.7285590277777778,0.7106987847222221,0.7279947916666667,0.7114583333333334
MOEX,44,CNN-WGAN-GP,14,0.5761501736111112,0.4764973958333333,0.58828125,0.4715928819444445
MOEX,44,GARCH,14,0.5621093750000001,0.579904513888889,0.5628255208333334,0.5817925347222223
MOEX,44,GJR-GARCH,14,0.59609375,0.6034505208333333,0.5969835069444445,0.6060980902777777
MOEX,44,TimeGAN,15,0.5373914930555556,0.5429470486111111,0.5362847222222222,0.5416015625
MOEX,44,QuantGAN,15,0.7384114583333332,0.7393446180555555,0.7411675347222222,0.7422743055555555
MOEX,44,CNN-WGAN-GP,15,0.6394965277777779,0.6133897569444444,0.6392795138888889,0.6139756944444444
MOEX,44,GARCH,15,0.8169921875,0.8173394097222222,0.8167317708333334,0.8168402777777777
MOEX,44,GJR-GARCH,15,0.842578125,0.8379774305555555,0.8422092013888889,0.8385416666666666
MOEX,44,TimeGAN,16,0.5220052083333332,0.48387586805555555,0.5207465277777779,0.4824869791666666
MOEX,44,QuantGAN,16,0.7331163194444444,0.7473524305555557,0.7341796875000001,0.7518446180555556
MOEX,44,CNN-WGAN-GP,16,0.6858072916666667,0.6539496527777777,0.6858723958333335,0.6544053819444444
MOEX,44,GARCH,16,0.575998263888889,0.5185763888888889,0.5762369791666666,0.5194878472222222
MOEX,44,GJR-GARCH,16,0.5764322916666667,0.5327256944444445,0.5766276041666667,0.5328993055555555
MOEX,44,TimeGAN,17,0.6133897569444444,0.5926432291666666,0.6171006944444445,0.5944661458333333
MOEX,44,QuantGAN,17,0.570138888888889,0.5573133680555555,0.5713758680555555,0.5594184027777778
MOEX,44,CNN-WGAN-GP,17,0.6336371527777779,0.6294270833333333,0.6376519097222222,0.6341796874999999
MOEX,44,GARCH,17,0.2748480902777778,0.29574652777777777,0.2740234375,0.2953559027777778
MOEX,44,GJR-GARCH,17,0.23639322916666666,0.24251302083333331,0.22907986111111106,0.24166666666666664
MOEX,44,TimeGAN,18,0.5069227430555555,0.4427734375,0.5058376736111111,0.44463975694444446
MOEX,44,QuantGAN,18,0.5409722222222222,0.5421223958333333,0.5403428819444445,0.5458550347222222
MOEX,44,CNN-WGAN-GP,18,0.3322482638888889,0.34904513888888894,0.33036024305555556,0.34698350694444446
MOEX,44,GARCH,18,0.7585503472222221,0.7375434027777779,0.759375,0.7407335069444445
MOEX,44,GJR-GARCH,18,0.7096788194444444,0.6864149305555556,0.7107855902777779,0.6895182291666667
MOEX,44,TimeGAN,19,0.704296875,0.6904513888888889,0.7088758680555556,0.6966579861111111
MOEX,44,QuantGAN,19,0.6731770833333333,0.6500651041666666,0.6750434027777777,0.6548394097222221
MOEX,44,CNN-WGAN-GP,19,0.5516276041666666,0.5263454861111111,0.5508680555555555,0.5261284722222223
MOEX,44,GARCH,19,0.7126953125,0.7103081597222222,0.7128689236111111,0.7101996527777777
MOEX,44,GJR-GARCH,19,0.780447048611111,0.7716145833333332,0.7805772569444445,0.7726345486111112
MOEX,44,CONTROL: shuffled real,0,0.3829427083333333,0.3814453125,0.3835286458333333,0.38125000000000003
MOEX,44,CONTROL: shuffled real,1,0.3829427083333333,0.3814453125,0.3835286458333333,0.38125000000000003
MOEX,44,CONTROL: shuffled real,2,0.3829427083333333,0.3814453125,0.3835286458333333,0.38125000000000003
MOEX,44,CONTROL: shuffled real,3,0.3829427083333333,0.3814453125,0.3835286458333333,0.38125000000000003
MOEX,44,CONTROL: shuffled real,4,0.3829427083333333,0.3814453125,0.3835286458333333,0.38125000000000003
MOEX,44,CONTROL: shuffled real,5,0.3829427083333333,0.3814453125,0.3835286458333333,0.38125000000000003
MOEX,44,CONTROL: shuffled real,6,0.3829427083333333,0.3814453125,0.3835286458333333,0.38125000000000003
MOEX,44,CONTROL: shuffled real,7,0.3829427083333333,0.3814453125,0.3835286458333333,0.38125000000000003
MOEX,44,CONTROL: shuffled real,8,0.3829427083333333,0.3814453125,0.3835286458333333,0.38125000000000003
MOEX,44,CONTROL: shuffled real,9,0.3829427083333333,0.3814453125,0.3835286458333333,0.38125000000000003
MOEX,44,CONTROL: shuffled real,10,0.3829427083333333,0.3814453125,0.3835286458333333,0.38125000000000003
MOEX,44,CONTROL: shuffled real,11,0.3829427083333333,0.3814453125,0.3835286458333333,0.38125000000000003
MOEX,44,CONTROL: shuffled real,12,0.3829427083333333,0.3814453125,0.3835286458333333,0.38125000000000003
MOEX,44,CONTROL: shuffled real,13,0.3829427083333333,0.3814453125,0.3835286458333333,0.38125000000000003
MOEX,44,CONTROL: shuffled real,14,0.3829427083333333,0.3814453125,0.3835286458333333,0.38125000000000003
MOEX,44,CONTROL: shuffled real,15,0.3829427083333333,0.3814453125,0.3835286458333333,0.38125000000000003
MOEX,44,CONTROL: shuffled real,16,0.3829427083333333,0.3814453125,0.3835286458333333,0.38125000000000003
MOEX,44,CONTROL: shuffled real,17,0.3829427083333333,0.3814453125,0.3835286458333333,0.38125000000000003
MOEX,44,CONTROL: shuffled real,18,0.3829427083333333,0.3814453125,0.3835286458333333,0.38125000000000003
MOEX,44,CONTROL: shuffled real,19,0.3829427083333333,0.3814453125,0.3835286458333333,0.38125000000000003
NIFTY50,42,TimeGAN,0,0.8826888273314866,0.8820274699907664,0.8822894736842105,0.8815837950138505
NIFTY50,42,QuantGAN,0,0.907354570637119,0.913404432132964,0.9073548014773776,0.9135156971375809
NIFTY50,42,CNN-WGAN-GP,0,0.7941793628808864,0.7817682363804247,0.7880831024930748,0.772668513388735
NIFTY50,42,GARCH,0,0.5917075253924284,0.5755048476454293,0.5915738688827331,0.5788714219759926
NIFTY50,42,GJR-GARCH,0,0.36427608494921515,0.3635424746075716,0.3638162511542013,0.36157386888273313
NIFTY50,42,TimeGAN,1,0.8630994921514311,0.8678423361034164,0.8625704062788551,0.8672684672206833
NIFTY50,42,QuantGAN,1,0.5946283471837488,0.6258243305632502,0.5960385503231764,0.6308171745152354
NIFTY50,42,CNN-WGAN-GP,1,0.6669469067405356,0.645996537396122,0.6673206371191135,0.6469429824561403
NIFTY50,42,GARCH,1,0.45330355493998153,0.4168504155124654,0.4537412280701755,0.4170053093259464
NIFTY50,42,GJR-GARCH,1,0.40040258541089563,0.36703855032317634,0.40138665743305635,0.36665720221606646
NIFTY50,42,TimeGAN,2,0.8843067867036011,0.8897915512465374,0.8842396121883656,0.8896140350877193
NIFTY50,42,QuantGAN,2,0.5799224376731302,0.5658451061865188,0.5798774238227147,0.565801246537396
NIFTY50,42,CNN-WGAN-GP,2,0.7121862880886427,0.7188965835641736,0.7112202216066483,0.717946675900277
NIFTY50,42,GARCH,2,0.6670588642659279,0.650997460757156,0.6087959372114498,0.6042463065558633
NIFTY50,42,GJR-GARCH,2,0.747235918744229,0.7305554016620498,0.7496955216989842,0.7356929824561403
NIFTY50,42,TimeGAN,3,0.8630016158818098,0.8635946445060018,0.8634194367497692,0.863480840258541
NIFTY50,42,QuantGAN,3,0.7797880886426592,0.7675173130193905,0.7776421975992612,0.7544907663896584
NIFTY50,42,CNN-WGAN-GP,3,0.6778815789473684,0.6645353185595567,0.6725309325946445,0.6608954293628809
NIFTY50,42,GARCH,3,0.6341276546629732,0.6195500923361034,0.6341068790397045,0.6192052169898431
NIFTY50,42,GJR-GARCH,3,0.7670814866112651,0.7429669898430286,0.7687089104339797,0.7523402585410895
NIFTY50,42,TimeGAN,4,0.8742179132040627,0.8755129270544784,0.8743019390581717,0.8749783010156971
NIFTY50,42,QuantGAN,4,0.8064450600184673,0.7955027700831024,0.7895660203139427,0.7686687442289936
NIFTY50,42,CNN-WGAN-GP,4,0.6103361034164358,0.5591479686057249,0.611284164358264,0.5587437673130193
NIFTY50,42,GARCH,4,0.8454065096952907,0.8412001385041552,0.8435413204062788,0.8355630193905818
NIFTY50,42,GJR-GARCH,4,0.7117823176361957,0.6734132040627886,0.7114796860572484,0.6606895198522622
NIFTY50,42,TimeGAN,5,0.8796285780240074,0.8822913204062788,0.8792345337026777,0.8818972760849493
NIFTY50,42,QuantGAN,5,0.6175660203139427,0.5052465373961219,0.6156719759926131,0.5782608494921514
NIFTY50,42,CNN-WGAN-GP,5,0.5037827793167129,0.3819672206832872,0.47862326869806104,0.3806973684210527
NIFTY50,42,GARCH,5,0.7293462603878116,0.7061516620498616,0.7299291320406279,0.7048836565096954
NIFTY50,42,GJR-GARCH,5,0.682802862419206,0.6551867497691598,0.6831525854108957,0.6523633425669437
NIFTY50,42,TimeGAN,6,0.9017592336103416,0.9045272391505079,0.9012751615881811,0.903889889196676
NIFTY50,42,QuantGAN,6,0.6947760849492152,0.7074704524469068,0.6925131578947368,0.7071608956602031
NIFTY50,42,CNN-WGAN-GP,6,0.5437343028624192,0.5007945521698984,0.5434933056325023,0.49469621421975996
NIFTY50,42,GARCH,6,0.4689374422899354,0.4355318559556786,0.46669621421975993,0.4224732225300093
NIFTY50,42,GJR-GARCH,6,0.5705641735918745,0.5777700831024931,0.5645332409972299,0.5779422899353648
NIFTY50,42,TimeGAN,7,0.877921975992613,0.879306325023084,0.8774097414589104,0.8781726685133888
NIFTY50,42,QuantGAN,7,0.7196752077562327,0.6688167128347183,0.7196336565096952,0.6675378578024007
NIFTY50,42,CNN-WGAN-GP,7,0.437472299168975,0.43028693444136656,0.43919575253924287,0.4315420129270545
NIFTY50,42,GARCH,7,0.7588709602954755,0.7819556786703601,0.757230378578024,0.7799572945521698
NIFTY50,42,GJR-GARCH,7,0.5198891966759003,0.5205078485687904,0.5178951985226223,0.5157006001846722
NIFTY50,42,TimeGAN,8,0.8865904893813482,0.8931170360110803,0.8860150046168052,0.8920994921514313
NIFTY50,42,QuantGAN,8,0.9031491228070176,0.9089792243767313,0.9028005540166205,0.908629270544783
NIFTY50,42,CNN-WGAN-GP,8,0.8455660203139427,0.8430634810710987,0.8445122345337026,0.8380415512465375
NIFTY50,42,GARCH,8,0.6036412742382271,0.5381361957525392,0.598853647276085,0.5265916435826408
NIFTY50,42,GJR-GARCH,8,0.593306786703601,0.5115888734995383,0.5682878578024008,0.5072442289935365
NIFTY50,42,TimeGAN,9,0.8478568790397045,0.862491920590951,0.8464092797783934,0.862140350877193
NIFTY50,42,QuantGAN,9,0.49351846722068327,0.47032917820867964,0.4939385964912281,0.4685766389658356
NIFTY50,42,CNN-WGAN-GP,9,0.40114404432132966,0.3345073868882733,0.3958451061865189,0.31936103416435824
NIFTY50,42,GARCH,9,0.5222890120036935,0.5239538319482918,0.5051615881809788,0.5058220221606649
NIFTY50,42,GJR-GARCH,9,0.5424566020313943,0.5275944136657433,0.5424330563250231,0.525308864265928
NIFTY50,42,TimeGAN,10,0.8477289935364727,0.8565431671283473,0.8472197599261312,0.8562091412742383
NIFTY50,42,QuantGAN,10,0.7210244690674054,0.7101962142197599,0.720887811634349,0.7086133425669436
NIFTY50,42,CNN-WGAN-GP,10,0.620283702677747,0.5590662511542013,0.6094175900277008,0.5370572483841182
NIFTY50,42,GARCH,10,0.6790554016620499,0.6842908587257617,0.6717017543859648,0.6509979224376731
NIFTY50,42,GJR-GARCH,10,0.7168945060018468,0.7172943213296399,0.7076772853185596,0.6690505540166205
NIFTY50,42,TimeGAN,11,0.8426038781163434,0.8423947368421052,0.8425604801477377,0.8417516158818097
NIFTY50,42,QuantGAN,11,0.6173051708217913,0.5919265927977839,0.6178356417359188,0.5919933056325023
NIFTY50,42,CNN-WGAN-GP,11,0.5435637119113573,0.47969044321329635,0.5401682825484764,0.47262603878116344
NIFTY50,42,GARCH,11,0.7542232225300092,0.7531812096029549,0.7550002308402586,0.7534074330563251
NIFTY50,42,GJR-GARCH,11,0.691199215143121,0.7014951523545706,0.6914194367497692,0.7022931671283473
NIFTY50,42,TimeGAN,12,0.9101943674976916,0.909948753462604,0.9099727608494922,0.9097066020313942
NIFTY50,42,QuantGAN,12,0.5801613573407203,0.5799969990766389,0.5794210526315788,0.569191135734072
NIFTY50,42,CNN-WGAN-GP,12,0.6432315327793167,0.6679374422899353,0.6428107109879964,0.6657449215143121
NIFTY50,42,GARCH,12,0.7959785318559557,0.7734584487534626,0.7036537396121884,0.685396352723915
NIFTY50,42,GJR-GARCH,12,0.6075394736842105,0.6080216989843029,0.6020173130193905,0.6100459372114496
NIFTY50,42,TimeGAN,13,0.8262696214219758,0.8095290858725761,0.8265801015697137,0.8100978762696215
NIFTY50,42,QuantGAN,13,0.41396329639889196,0.33515143120960295,0.39596629732225297,0.33489404432132963
NIFTY50,42,CNN-WGAN-GP,13,0.7321396583564173,0.7375168513388736,0.7332668513388736,0.7384482917820868
NIFTY50,42,GARCH,13,0.290909972299169,0.2833381809787627,0.2941819021237304,0.2833619575253924
NIFTY50,42,GJR-GARCH,13,0.49664866112650047,0.34763573407202214,0.4941717451523545,0.34588227146814404
NIFTY50,42,TimeGAN,14,0.9030602493074792,0.9113642659279778,0.9024843028624193,0.9110766389658357
NIFTY50,42,QuantGAN,14,0.665351569713758,0.6444651431209603,0.6649990766389658,0.6352266851338874
NIFTY50,42,CNN-WGAN-GP,14,0.8129810710987997,0.8189706832871654,0.8131585872576178,0.8015773314866113
NIFTY50,42,GARCH,14,0.8051982917820867,0.8031094182825486,0.8028723453370267,0.802688596491228
NIFTY50,42,GJR-GARCH,14,0.5805433979686058,0.5529397506925208,0.5698340258541089,0.5413557248384118
NIFTY50,42,TimeGAN,15,0.8956442751615882,0.8886341181902123,0.8961555863342567,0.8883014773776546
NIFTY50,42,QuantGAN,15,0.7842412280701755,0.7935872576177285,0.7840438596491228,0.7939201292705447
NIFTY50,42,CNN-WGAN-GP,15,0.8158437211449676,0.7996172668513389,0.8153815789473684,0.7998855032317637
NIFTY50,42,GARCH,15,0.4747266851338874,0.44275023084025855,0.47614658356417366,0.4458047091412742
NIFTY50,42,GJR-GARCH,15,0.4091057248384118,0.39002723915050785,0.4101682825484764,0.39791135734072025
NIFTY50,42,TimeGAN,16,0.8768310249307479,0.879282779316713,0.8761516620498615,0.8784046629732225
NIFTY50,42,QuantGAN,16,0.779017082179132,0.7819445983379502,0.778528624192059,0.7809702216066483
NIFTY50,42,CNN-WGAN-GP,16,0.6474621421975992,0.6626389658356417,0.647871191135734,0.661876731301939
NIFTY50,42,GARCH,16,0.5228065558633426,0.50344621421976,0.5232285318559555,0.5075124653739612
NIFTY50,42,GJR-GARCH,16,0.673775161588181,0.5260210064635272,0.5507276084949215,0.5107368421052632
NIFTY50,42,TimeGAN,17,0.892238457987073,0.9006632040627884,0.8921281163434903,0.900640350877193
NIFTY50,42,QuantGAN,17,0.7302797783933518,0.7043294090489381,0.7115951061865189,0.6874427516158818
NIFTY50,42,CNN-WGAN-GP,17,0.7983021698984303,0.7835060018467221,0.7944427516158818,0.7786415050784857
NIFTY50,42,GARCH,17,0.6401445060018467,0.5740016158818098,0.6397917820867959,0.5724482917820868
NIFTY50,42,GJR-GARCH,17,0.4225604801477377,0.3522116805170822,0.42656763619575255,0.35344598337950134
NIFTY50,42,TimeGAN,18,0.9056158818097877,0.9167197599261311,0.9055710987996306,0.9163441828254848
NIFTY50,42,QuantGAN,18,0.5985983379501385,0.5884746075715606,0.5985307017543859,0.583895891043398
NIFTY50,42,CNN-WGAN-GP,18,0.7475969529085873,0.7454702216066482,0.7451313481071098,0.7348912742382272
NIFTY50,42,GARCH,18,0.7892206832871652,0.7963065558633426,0.7894649122807018,0.7955620960295475
NIFTY50,42,GJR-GARCH,18,0.6466747460757156,0.6316147276084949,0.6453598799630655,0.6313107109879963
NIFTY50,42,TimeGAN,19,0.8680662511542012,0.8999852262234533,0.8679741458910435,0.899871191135734
NIFTY50,42,QuantGAN,19,0.33863342566943677,0.3438584949215143,0.3379032779316713,0.3440831024930748
NIFTY50,42,CNN-WGAN-GP,19,0.6446662049861496,0.6080530932594645,0.6252301477377655,0.578876269621422
NIFTY50,42,GARCH,19,0.8567793167128347,0.855044783010157,0.856556325023084,0.8540436288088642
NIFTY50,42,GJR-GARCH,19,0.7600907202216066,0.7307222991689751,0.7599836103416435,0.7332253000923361
NIFTY50,42,CONTROL: shuffled real,0,0.5057890120036934,0.3926941366574331,0.505677054478301,0.3921451985226224
NIFTY50,42,CONTROL: shuffled real,1,0.5057890120036934,0.3926941366574331,0.505677054478301,0.3921451985226224
NIFTY50,42,CONTROL: shuffled real,2,0.5057890120036934,0.3926941366574331,0.505677054478301,0.3921451985226224
NIFTY50,42,CONTROL: shuffled real,3,0.5057890120036934,0.3926941366574331,0.505677054478301,0.3921451985226224
NIFTY50,42,CONTROL: shuffled real,4,0.5057890120036934,0.3926941366574331,0.505677054478301,0.3921451985226224
NIFTY50,42,CONTROL: shuffled real,5,0.5057890120036934,0.3926941366574331,0.505677054478301,0.3921451985226224
NIFTY50,42,CONTROL: shuffled real,6,0.5057890120036934,0.3926941366574331,0.505677054478301,0.3921451985226224
NIFTY50,42,CONTROL: shuffled real,7,0.5057890120036934,0.3926941366574331,0.505677054478301,0.3921451985226224
NIFTY50,42,CONTROL: shuffled real,8,0.5057890120036934,0.3926941366574331,0.505677054478301,0.3921451985226224
NIFTY50,42,CONTROL: shuffled real,9,0.5057890120036934,0.3926941366574331,0.505677054478301,0.3921451985226224
NIFTY50,42,CONTROL: shuffled real,10,0.5057890120036934,0.3926941366574331,0.505677054478301,0.3921451985226224
NIFTY50,42,CONTROL: shuffled real,11,0.5057890120036934,0.3926941366574331,0.505677054478301,0.3921451985226224
NIFTY50,42,CONTROL: shuffled real,12,0.5057890120036934,0.3926941366574331,0.505677054478301,0.3921451985226224
NIFTY50,42,CONTROL: shuffled real,13,0.5057890120036934,0.3926941366574331,0.505677054478301,0.3921451985226224
NIFTY50,42,CONTROL: shuffled real,14,0.5057890120036934,0.3926941366574331,0.505677054478301,0.3921451985226224
NIFTY50,42,CONTROL: shuffled real,15,0.5057890120036934,0.3926941366574331,0.505677054478301,0.3921451985226224
NIFTY50,42,CONTROL: shuffled real,16,0.5057890120036934,0.3926941366574331,0.505677054478301,0.3921451985226224
NIFTY50,42,CONTROL: shuffled real,17,0.5057890120036934,0.3926941366574331,0.505677054478301,0.3921451985226224
NIFTY50,42,CONTROL: shuffled real,18,0.5057890120036934,0.3926941366574331,0.505677054478301,0.3921451985226224
NIFTY50,42,CONTROL: shuffled real,19,0.5057890120036934,0.3926941366574331,0.505677054478301,0.3921451985226224
NIFTY50,43,TimeGAN,0,0.6575715604801478,0.6737379963065558,0.6576606648199446,0.6697248384118191
NIFTY50,43,QuantGAN,0,0.4450581717451523,0.39574653739612187,0.44229293628808863,0.4005865650969529
NIFTY50,43,CNN-WGAN-GP,0,0.6324531394275161,0.5880660203139427,0.629351108033241,0.5792192982456139
NIFTY50,43,GARCH,0,0.5869826869806094,0.5764969990766391,0.5840233148661127,0.5738257156048016
NIFTY50,43,GJR-GARCH,0,0.5859566020313942,0.5374907663896583,0.5853640350877193,0.5376105724838411
NIFTY50,43,TimeGAN,1,0.8004570637119113,0.7946253462603877,0.8004127423822716,0.7930062326869807
NIFTY50,43,QuantGAN,1,0.482427516158818,0.46164727608494915,0.4807003693444137,0.4584409048938135
NIFTY50,43,CNN-WGAN-GP,1,0.4405436288088643,0.42322945521698985,0.4393506463527239,0.42195313942751617
NIFTY50,43,GARCH,1,0.762162511542013,0.7257827793167129,0.742629270544783,0.6942511542012928
NIFTY50,43,GJR-GARCH,1,0.7239194367497691,0.7099397506925207,0.7226987534626039,0.7089138965835642
NIFTY50,43,TimeGAN,2,0.49004616805170825,0.44014635272391506,0.4901391966759002,0.4392908587257617
NIFTY50,43,QuantGAN,2,0.7915461680517083,0.7917860110803325,0.7862624653739612,0.7939942289935364
NIFTY50,43,CNN-WGAN-GP,2,0.630735918744229,0.6097158356417359,0.6301692059095106,0.6095313942751617
NIFTY50,43,GARCH,2,0.686297322253001,0.627806325023084,0.6645184672206834,0.6039660664819945
NIFTY50,43,GJR-GARCH,2,0.5467151431209603,0.522899353647276,0.5481597414589104,0.5244942289935365
NIFTY50,43,TimeGAN,3,0.8313508771929824,0.8184030470914128,0.8274256694367498,0.8148130193905818
NIFTY50,43,QuantGAN,3,0.40931578947368424,0.34691435826408124,0.4074688365650969,0.3457026777469991
NIFTY50,43,CNN-WGAN-GP,3,0.6651006463527238,0.6151343490304708,0.656348568790397,0.5993896583564173
NIFTY50,43,GARCH,3,0.6534099722991689,0.5819942289935365,0.6591424284395199,0.5971290397045246
NIFTY50,43,GJR-GARCH,3,0.5239111265004617,0.45371144967682364,0.5215967220683287,0.430586565096953
NIFTY50,43,TimeGAN,4,0.8143506463527238,0.7929847645429363,0.8140623268698061,0.7903478762696213
NIFTY50,43,QuantGAN,4,0.5940320867959372,0.554935595567867,0.5954822253000923,0.553368190212373
NIFTY50,43,CNN-WGAN-GP,4,0.5631255771006464,0.561966297322253,0.5632818559556787,0.5625470914127424
NIFTY50,43,GARCH,4,0.8246004155124653,0.8279891505078485,0.8244203601108033,0.8244409048938135
NIFTY50,43,GJR-GARCH,4,0.6179127423822715,0.5266172668513388,0.620559325946445,0.4768548014773776
NIFTY50,43,TimeGAN,5,0.8036015697137582,0.791280701754386,0.8044434441366575,0.7899926131117267
NIFTY50,43,QuantGAN,5,0.7213437211449676,0.7182610803324099,0.7176424284395199,0.6939944598337952
NIFTY50,43,CNN-WGAN-GP,5,0.5622204524469068,0.5404868421052631,0.5621994459833795,0.5385738688827331
NIFTY50,43,GARCH,5,0.8900521698984303,0.8934055863342568,0.8899632963988919,0.8937573868882733
NIFTY50,43,GJR-GARCH,5,0.883317405355494,0.8906246537396122,0.883472299168975,0.8908702677747
NIFTY50,43,TimeGAN,6,0.6562451523545707,0.6541897506925208,0.6558434903047092,0.6535701754385965
NIFTY50,43,QuantGAN,6,0.510210757156048,0.5067543859649122,0.5099065096952909,0.5070177746999076
NIFTY50,43,CNN-WGAN-GP,6,0.8577301477377656,0.849779778393352,0.8573580332409971,0.8479365189289011
NIFTY50,43,GARCH,6,0.7128554939981533,0.70989081255771,0.7041064173591873,0.7029656048014774
NIFTY50,43,GJR-GARCH,6,0.6669508310249308,0.6317807017543859,0.6669729916897507,0.6308520313942751
NIFTY50,43,TimeGAN,7,0.6985706371191135,0.6726179593721145,0.6985260849492151,0.6743227146814406
NIFTY50,43,QuantGAN,7,0.7591283471837489,0.7441567405355494,0.7575189289012003,0.7233072483841182
NIFTY50,43,CNN-WGAN-GP,7,0.5334162049861496,0.47472668513388727,0.515261542012927,0.47163919667590026
NIFTY50,43,GARCH,7,0.9883552631578947,0.990949676823638,0.9883114035087719,0.9909272853185594
NIFTY50,43,GJR-GARCH,7,0.8352322253000922,0.8360948753462603,0.8355872576177286,0.8356334256694368
NIFTY50,43,TimeGAN,8,0.7774713758079408,0.7674307479224376,0.7777569252077562,0.7677144506001847
NIFTY50,43,QuantGAN,8,0.6331011080332409,0.5885902585410896,0.6325240073868883,0.5873240997229917
NIFTY50,43,CNN-WGAN-GP,8,0.6171394275161588,0.5830897968605725,0.6162855493998153,0.582904893813481
NIFTY50,43,GARCH,8,0.7449503693444136,0.7376945983379501,0.7412227608494921,0.7332802400738688
NIFTY50,43,GJR-GARCH,8,0.7435244690674054,0.73083702677747,0.7396892890120037,0.7281837488457986
NIFTY50,43,TimeGAN,9,0.6145394736842105,0.5702486149584487,0.6160348568790397,0.5704644506001847
NIFTY50,43,QuantGAN,9,0.7060108494921513,0.7043921975992614,0.7059173591874423,0.7054946906740536
NIFTY50,43,CNN-WGAN-GP,9,0.6628014773776546,0.6774307479224377,0.6593538781163435,0.6701782086795938
NIFTY50,43,GARCH,9,0.6561052631578947,0.6470821791320407,0.6579722991689751,0.6476475069252077
NIFTY50,43,GJR-GARCH,9,0.6625143120960295,0.6660050784856879,0.6636341181902123,0.6670579409048938
NIFTY50,43,TimeGAN,10,0.6784016620498615,0.6781456602031395,0.6776241920590951,0.6763709602954755
NIFTY50,43,QuantGAN,10,0.42311611265004617,0.4174032779316713,0.42149699907663896,0.4189469067405356
NIFTY50,43,CNN-WGAN-GP,10,0.5031493536472761,0.4512691597414589,0.5013663434903046,0.4490161588180979
NIFTY50,43,GARCH,10,0.6017850877192983,0.6026172668513389,0.597225300092336,0.5979046629732225
NIFTY50,43,GJR-GARCH,10,0.5649480609418283,0.5743527239150508,0.5645260849492151,0.5748393351800554
NIFTY50,43,TimeGAN,11,0.7772903970452447,0.7611962142197599,0.7772428439519852,0.7613951985226223
NIFTY50,43,QuantGAN,11,0.7742483841181902,0.7449799168975069,0.7733644967682365,0.7433137119113573
NIFTY50,43,CNN-WGAN-GP,11,0.4811920590951062,0.43896929824561404,0.48127862419205913,0.4386982917820868
NIFTY50,43,GARCH,11,0.44767520775623276,0.4219480609418283,0.4492746999076639,0.42028970452446907
NIFTY50,43,GJR-GARCH,11,0.4782340720221606,0.48338388734995374,0.47681786703601114,0.4815521698984303
NIFTY50,43,TimeGAN,12,0.5077202216066482,0.4910891043397969,0.5081819021237304,0.48561034164358263
NIFTY50,43,QuantGAN,12,0.5966659741458911,0.47424976915974143,0.5735528624192059,0.4503030932594644
NIFTY50,43,CNN-WGAN-GP,12,0.7918857340720222,0.7779589104339796,0.789600646352724,0.7617463065558634
NIFTY50,43,GARCH,12,0.5563984302862419,0.4597426131117267,0.557685595567867,0.4552707756232687
NIFTY50,43,GJR-GARCH,12,0.38285180055401663,0.35786241920590955,0.38247991689750693,0.3589582179132041
NIFTY50,43,TimeGAN,13,0.7523753462603879,0.7407963988919668,0.7538693444136657,0.7407511542012928
NIFTY50,43,QuantGAN,13,0.6259247460757156,0.6109526777469991,0.62536865189289,0.6109926131117268
NIFTY50,43,CNN-WGAN-GP,13,0.6397271468144045,0.6435775623268698,0.629753000923361,0.6335616343490305
NIFTY50,43,GARCH,13,0.536034164358264,0.5576456602031394,0.5483912742382271,0.5632536934441367
NIFTY50,43,GJR-GARCH,13,0.4952206832871653,0.4884702216066482,0.49453808864265925,0.48742936288088645
NIFTY50,43,TimeGAN,14,0.7727569252077562,0.7911075715604803,0.7737989381348107,0.7907966297322252
NIFTY50,43,QuantGAN,14,0.7911567405355493,0.8066149584487535,0.7897848568790398,0.8065036934441366
NIFTY50,43,CNN-WGAN-GP,14,0.6704669898430287,0.6708460295475531,0.6709711449676823,0.6717202216066482
NIFTY50,43,GARCH,14,0.8160697137580794,0.8058298707294552,0.7136387349953832,0.7240408587257618
NIFTY50,43,GJR-GARCH,14,0.7949776084949216,0.7574794552169898,0.7933631117266852,0.757325484764543
NIFTY50,43,TimeGAN,15,0.8246502770083104,0.8251431209602955,0.8248049399815327,0.8242993998153277
NIFTY50,43,QuantGAN,15,0.6824355955678671,0.6597045244690674,0.6814635272391506,0.6558287165281624
NIFTY50,43,CNN-WGAN-GP,15,0.6316371191135733,0.5775330101569713,0.6309792243767315,0.5771505078485688
NIFTY50,43,GARCH,15,0.39812557710064633,0.37113111726685133,0.395604108956602,0.3708977377654663
NIFTY50,43,GJR-GARCH,15,0.46943744228993534,0.43715327793167125,0.47020567867036006,0.43750831024930753
NIFTY50,43,TimeGAN,16,0.6748044783010156,0.6881493536472761,0.675999538319483,0.6894757617728532
NIFTY50,43,QuantGAN,16,0.7064164358264081,0.6170828716528163,0.7162998614958449,0.6870041551246537
NIFTY50,43,CNN-WGAN-GP,16,0.6388000923361034,0.63192405355494,0.6382846260387812,0.6315623268698062
NIFTY50,43,GARCH,16,0.5628455678670361,0.5119753000923362,0.5646747460757157,0.5125803324099723
NIFTY50,43,GJR-GARCH,16,0.568862188365651,0.5172465373961219,0.5692772391505078,0.5138644967682364
NIFTY50,43,TimeGAN,17,0.7420951061865189,0.6999099722991691,0.7416943674976916,0.7009713758079409
NIFTY50,43,QuantGAN,17,0.8431405817174514,0.8650801015697137,0.8441608956602031,0.8641823638042474
NIFTY50,43,CNN-WGAN-GP,17,0.8435489381348107,0.8479002770083103,0.8436816712834718,0.8481433518005541
NIFTY50,43,GARCH,17,0.6482451523545707,0.6271992151431209,0.6456163434903047,0.6282476915974146
NIFTY50,43,GJR-GARCH,17,0.6448545706371192,0.5998305632502309,0.6456295013850416,0.6010013850415512
NIFTY50,43,TimeGAN,18,0.752735918744229,0.7412488457987072,0.7520907202216066,0.7445934903047091
NIFTY50,43,QuantGAN,18,0.6566558171745153,0.48735734072022163,0.6219838411819022,0.4612765466297323
NIFTY50,43,CNN-WGAN-GP,18,0.7294506001846722,0.7627403047091412,0.7243998153277933,0.7589732225300091
NIFTY50,43,GARCH,18,0.8371440443213297,0.8225408587257619,0.8372779316712833,0.8218619575253925
NIFTY50,43,GJR-GARCH,18,0.6628127885503232,0.6042901662049862,0.6634314404432133,0.6047495383194829
NIFTY50,43,TimeGAN,19,0.7972920129270544,0.7927820867959372,0.796679593721145,0.7920831024930749
NIFTY50,43,QuantGAN,19,0.9196101108033241,0.9245496306555865,0.918898891966759,0.9240609418282549
NIFTY50,43,CNN-WGAN-GP,19,0.4548414127423822,0.40591943674976927,0.4535341643582641,0.4002502308402585
NIFTY50,43,GARCH,19,0.7850180055401661,0.8081786703601107,0.7871498153277933,0.8051978301015698
NIFTY50,43,GJR-GARCH,19,0.7513545706371192,0.7374584487534626,0.6486934441366575,0.6655295475530932
NIFTY50,43,CONTROL: shuffled real,0,0.5057890120036934,0.3926941366574331,0.505677054478301,0.3921451985226224
NIFTY50,43,CONTROL: shuffled real,1,0.5057890120036934,0.3926941366574331,0.505677054478301,0.3921451985226224
NIFTY50,43,CONTROL: shuffled real,2,0.5057890120036934,0.3926941366574331,0.505677054478301,0.3921451985226224
NIFTY50,43,CONTROL: shuffled real,3,0.5057890120036934,0.3926941366574331,0.505677054478301,0.3921451985226224
NIFTY50,43,CONTROL: shuffled real,4,0.5057890120036934,0.3926941366574331,0.505677054478301,0.3921451985226224
NIFTY50,43,CONTROL: shuffled real,5,0.5057890120036934,0.3926941366574331,0.505677054478301,0.3921451985226224
NIFTY50,43,CONTROL: shuffled real,6,0.5057890120036934,0.3926941366574331,0.505677054478301,0.3921451985226224
NIFTY50,43,CONTROL: shuffled real,7,0.5057890120036934,0.3926941366574331,0.505677054478301,0.3921451985226224
NIFTY50,43,CONTROL: shuffled real,8,0.5057890120036934,0.3926941366574331,0.505677054478301,0.3921451985226224
NIFTY50,43,CONTROL: shuffled real,9,0.5057890120036934,0.3926941366574331,0.505677054478301,0.3921451985226224
NIFTY50,43,CONTROL: shuffled real,10,0.5057890120036934,0.3926941366574331,0.505677054478301,0.3921451985226224
NIFTY50,43,CONTROL: shuffled real,11,0.5057890120036934,0.3926941366574331,0.505677054478301,0.3921451985226224
NIFTY50,43,CONTROL: shuffled real,12,0.5057890120036934,0.3926941366574331,0.505677054478301,0.3921451985226224
NIFTY50,43,CONTROL: shuffled real,13,0.5057890120036934,0.3926941366574331,0.505677054478301,0.3921451985226224
NIFTY50,43,CONTROL: shuffled real,14,0.5057890120036934,0.3926941366574331,0.505677054478301,0.3921451985226224
NIFTY50,43,CONTROL: shuffled real,15,0.5057890120036934,0.3926941366574331,0.505677054478301,0.3921451985226224
NIFTY50,43,CONTROL: shuffled real,16,0.5057890120036934,0.3926941366574331,0.505677054478301,0.3921451985226224
NIFTY50,43,CONTROL: shuffled real,17,0.5057890120036934,0.3926941366574331,0.505677054478301,0.3921451985226224
NIFTY50,43,CONTROL: shuffled real,18,0.5057890120036934,0.3926941366574331,0.505677054478301,0.3921451985226224
NIFTY50,43,CONTROL: shuffled real,19,0.5057890120036934,0.3926941366574331,0.505677054478301,0.3921451985226224
NIFTY50,44,TimeGAN,0,0.9259540627885503,0.9036216528162513,0.9263153277931672,0.9036532779316714
NIFTY50,44,QuantGAN,0,0.5766198060941828,0.5644508310249308,0.5603381809787626,0.45398476454293624
NIFTY50,44,CNN-WGAN-GP,0,0.45235872576177283,0.41910133887349954,0.4541410433979685,0.42061495844875346
NIFTY50,44,GARCH,0,0.9148169436749768,0.9153067867036011,0.9147287626962143,0.9146650507848569
NIFTY50,44,GJR-GARCH,0,0.7265683287165282,0.7346881348107109,0.7270521698984304,0.733395891043398
NIFTY50,44,TimeGAN,1,0.9300660203139428,0.9162557710064636,0.9300904893813481,0.9163240997229917
NIFTY50,44,QuantGAN,1,0.7104503693444137,0.7119171283471839,0.7101860572483841,0.7116939058171745
NIFTY50,44,CNN-WGAN-GP,1,0.8419374422899354,0.8538167128347183,0.8423552631578947,0.8544993074792243
NIFTY50,44,GARCH,1,0.414753000923361,0.396994459833795,0.414154432132964,0.39635156971375807
NIFTY50,44,GJR-GARCH,1,0.38686218836565095,0.37509626038781163,0.38655009233610343,0.3745819482917821
NIFTY50,44,TimeGAN,2,0.920637811634349,0.8898792705447832,0.9212423822714682,0.8914383656509696
NIFTY50,44,QuantGAN,2,0.44921029547553093,0.4157368421052632,0.44974861495844876,0.41685710987996305
NIFTY50,44,CNN-WGAN-GP,2,0.680204755309326,0.6274205909510618,0.678691135734072,0.6215424746075715
NIFTY50,44,GARCH,2,0.8162562326869807,0.8330604801477378,0.8161029547553096,0.8331710526315789
NIFTY50,44,GJR-GARCH,2,0.6447622345337027,0.6396913665743307,0.6466015697137582,0.6424621421975993
NIFTY50,44,TimeGAN,3,0.9424272853185596,0.9220069252077563,0.9433187903970452,0.9217262234533703
NIFTY50,44,QuantGAN,3,0.430753000923361,0.4400265466297322,0.43262419205909514,0.3744295937211449
NIFTY50,44,CNN-WGAN-GP,3,0.6919480609418283,0.646357109879963,0.6806754385964913,0.6375177746999077
NIFTY50,44,GARCH,3,0.6698734995383194,0.640020083102493,0.6694732225300092,0.6391978301015697
NIFTY50,44,GJR-GARCH,3,0.6566613573407203,0.6488841181902123,0.6566382733148661,0.6487892428439521
NIFTY50,44,TimeGAN,4,0.9384681440443213,0.9225505540166206,0.9393785780240073,0.923659972299169
NIFTY50,44,QuantGAN,4,0.5342640812557711,0.503680055401662,0.5344926131117267,0.5035667128347183
NIFTY50,44,CNN-WGAN-GP,4,0.6937938596491229,0.7086971375807941,0.6946680517082179,0.7099233610341644
NIFTY50,44,GARCH,4,0.7541366574330564,0.7492114496768235,0.7544432132963989,0.7485198522622346
NIFTY50,44,GJR-GARCH,4,0.6309630655586334,0.5894390581717451,0.6298725761772854,0.5865053093259465
NIFTY50,44,TimeGAN,5,0.9401560480147738,0.9233118651892891,0.9409572945521699,0.925264542936288
NIFTY50,44,QuantGAN,5,0.5086602031394275,0.44901592797783935,0.5090360110803325,0.4475334718374885
NIFTY50,44,CNN-WGAN-GP,5,0.4913047091412742,0.46113873499538316,0.48633264081255767,0.44043951985226226
NIFTY50,44,GARCH,5,0.7578875807940906,0.7676239612188366,0.7542991689750693,0.7648765004616805
NIFTY50,44,GJR-GARCH,5,0.7451530470914127,0.7557086795937212,0.7438739612188365,0.7540055401662049
NIFTY50,44,TimeGAN,6,0.9147945521698985,0.9180106186518928,0.9145906048014775,0.9174425207756233
NIFTY50,44,QuantGAN,6,0.6263831948291783,0.6263114035087719,0.6246048014773777,0.6327322253000924
NIFTY50,44,CNN-WGAN-GP,6,0.7439309787626962,0.7407682363804247,0.7432696214219761,0.7412546168051708
NIFTY50,44,GARCH,6,0.7276258079409048,0.7530835641735918,0.7284653739612187,0.7550766389658357
NIFTY50,44,GJR-GARCH,6,0.6504157433056325,0.6461080332409972,0.650635272391505,0.6469032779316712
NIFTY50,44,TimeGAN,7,0.9363240997229918,0.922983841181902,0.9362181440443214,0.9231668975069253
NIFTY50,44,QuantGAN,7,0.5302128347183748,0.5647079870729456,0.5250551708217913,0.5738437211449677
NIFTY50,44,CNN-WGAN-GP,7,0.45706740535549406,0.4491798245614035,0.45700092336103404,0.4491108033240998
NIFTY50,44,GARCH,7,0.7867391505078486,0.7496775161588182,0.7850667128347185,0.7490030009233609
NIFTY50,44,GJR-GARCH,7,0.6852991689750693,0.6650810249307479,0.6846798245614034,0.6654563711911357
NIFTY50,44,TimeGAN,8,0.8561865189289012,0.8571357340720223,0.8534219759926132,0.8564778393351802
NIFTY50,44,QuantGAN,8,0.6904452908587257,0.6833017082179133,0.6905955678670359,0.6838995844875346
NIFTY50,44,CNN-WGAN-GP,8,0.5281011080332411,0.5130117728531856,0.5276004155124653,0.5123328716528163
NIFTY50,44,GARCH,8,0.6659122807017543,0.6167356879039704,0.6647142197599261,0.6143144044321329
NIFTY50,44,GJR-GARCH,8,0.6479120498614959,0.5957566943674977,0.6467659279778393,0.5937869344413667
NIFTY50,44,TimeGAN,9,0.9418529547553094,0.9284265927977838,0.9427843951985226,0.9289362880886426
NIFTY50,44,QuantGAN,9,0.7536308864265928,0.7151962142197599,0.7532430747922436,0.7134836103416435
NIFTY50,44,CNN-WGAN-GP,9,0.6489619113573408,0.6203552631578948,0.6375794090489381,0.6095754847645429
NIFTY50,44,GARCH,9,0.6961495844875346,0.6786770544783011,0.6930023084025854,0.6589951523545707
NIFTY50,44,GJR-GARCH,9,0.6487848568790396,0.5864023545706372,0.6474346722068329,0.5804642197599261
NIFTY50,44,TimeGAN,10,0.9350671745152355,0.9322479224376732,0.9346728993536473,0.9314575253924284
NIFTY50,44,QuantGAN,10,0.6409459833795013,0.6116228070175438,0.6433453370267774,0.6145168513388735
NIFTY50,44,CNN-WGAN-GP,10,0.5543146352723916,0.4906410433979687,0.5522391505078486,0.4908889658356417
NIFTY50,44,GARCH,10,0.7528414127423823,0.7538845798707294,0.7226502770083102,0.7563880424746076
NIFTY50,44,GJR-GARCH,10,0.7595173130193906,0.7666652816251155,0.7609307479224376,0.7681198060941828
NIFTY50,44,TimeGAN,11,0.9548942751615881,0.9286267313019391,0.9560265466297322,0.9305794090489382
NIFTY50,44,QuantGAN,11,0.7720235457063712,0.7405586334256695,0.7713765004616807,0.7306251154201292
NIFTY50,44,CNN-WGAN-GP,11,0.7230459372114497,0.6809607571560481,0.7228730378578024,0.6805706371191136
NIFTY50,44,GARCH,11,0.8784194367497692,0.8747126038781164,0.873728301015697,0.867590027700831
NIFTY50,44,GJR-GARCH,11,0.64841297322253,0.5899120498614958,0.6343344875346262,0.5783704986149585
NIFTY50,44,TimeGAN,12,0.9310579409048938,0.9233716528162512,0.9325734072022162,0.9269289012003693
NIFTY50,44,QuantGAN,12,0.3655323176361957,0.34153393351800554,0.36495914127423823,0.3410706371191136
NIFTY50,44,CNN-WGAN-GP,12,0.6437954755309325,0.6201283471837489,0.6441673591874423,0.6205911819021237
NIFTY50,44,GARCH,12,0.7892294552169898,0.794139889196676,0.7879609879963065,0.7942631578947368
NIFTY50,44,GJR-GARCH,12,0.668429593721145,0.6931888273314867,0.6678384118190214,0.693146352723915
NIFTY50,44,TimeGAN,13,0.9487610803324099,0.9347220683287165,0.9498074792243768,0.9347296860572485
NIFTY50,44,QuantGAN,13,0.6386253462603879,0.6432917820867959,0.6383831948291783,0.6403439519852261
NIFTY50,44,CNN-WGAN-GP,13,0.6232765466297322,0.6164524469067405,0.6224219759926132,0.6134342105263157
NIFTY50,44,GARCH,13,0.46273891966759007,0.4869849953831949,0.46361888273314866,0.48701985226223454
NIFTY50,44,GJR-GARCH,13,0.4828451061865189,0.4988469529085872,0.48296606648199447,0.5027079870729455
NIFTY50,44,TimeGAN,14,0.9340801015697139,0.9076165743305633,0.9348550323176361,0.9082811634349032
NIFTY50,44,QuantGAN,14,0.6786959833795014,0.6609268236380423,0.6770500923361034,0.6595210064635272
NIFTY50,44,CNN-WGAN-GP,14,0.7859704524469067,0.7515932594644507,0.7850738688827332,0.7451276546629733
NIFTY50,44,GARCH,14,0.697095106186519,0.6522938596491228,0.6973608033240998,0.6508236380424747
NIFTY50,44,GJR-GARCH,14,0.6131782086795937,0.622781163434903,0.6128469529085873,0.621213758079409
NIFTY50,44,TimeGAN,15,0.8649254385964913,0.8570092336103418,0.8572393813481071,0.8502578485687904
NIFTY50,44,QuantGAN,15,0.5374903047091413,0.45209418282548486,0.5334330563250231,0.47713250230840254
NIFTY50,44,CNN-WGAN-GP,15,0.664868190212373,0.6829764542936289,0.6645794090489382,0.6816883656509696
NIFTY50,44,GARCH,15,0.5960914127423823,0.5452008310249308,0.5958271006463527,0.5445609418282549
NIFTY50,44,GJR-GARCH,15,0.6283155586334257,0.5685540166204985,0.629044783010157,0.5693681902123731
NIFTY50,44,TimeGAN,16,0.9484826869806096,0.9154877654662974,0.9499951523545705,0.9154065096952909
NIFTY50,44,QuantGAN,16,0.6610584025854109,0.6459415974145891,0.6627795475530933,0.6481408125577099
NIFTY50,44,CNN-WGAN-GP,16,0.6147158356417359,0.6027045244690674,0.6145828716528162,0.6020854108956601
NIFTY50,44,GARCH,16,0.5015355493998153,0.44695590951061864,0.5051913665743305,0.44996583564173587
NIFTY50,44,GJR-GARCH,16,0.4320556325023084,0.4009353647276085,0.43458679593721145,0.4014741458910434
NIFTY50,44,TimeGAN,17,0.913766620498615,0.908635272391505,0.9135274699907663,0.9086165743305632
NIFTY50,44,QuantGAN,17,0.6297721606648199,0.5712068328716529,0.6084845337026776,0.5461567405355494
NIFTY50,44,CNN-WGAN-GP,17,0.8080323176361958,0.796064404432133,0.809803324099723,0.7993208679593721
NIFTY50,44,GARCH,17,0.6975133887349954,0.6905150046168052,0.6982640812557709,0.6929531394275161
NIFTY50,44,GJR-GARCH,17,0.6786645891043397,0.6812310710987997,0.6855290858725762,0.6980468605724839
NIFTY50,44,TimeGAN,18,0.9612984764542937,0.9338926592797783,0.9621043397968606,0.9350519390581719
NIFTY50,44,QuantGAN,18,0.58552216066482,0.3976719759926131,0.5697033702677747,0.3919175900277009
NIFTY50,44,CNN-WGAN-GP,18,0.799006001846722,0.8107996306555864,0.7982518467220683,0.8114815327793167
NIFTY50,44,GARCH,18,0.583168513388735,0.5206057248384118,0.5841839796860573,0.5174208217913204
NIFTY50,44,GJR-GARCH,18,0.6226819021237304,0.6165378578024007,0.6226581255771007,0.6144293628808863
NIFTY50,44,TimeGAN,19,0.9372693905817174,0.9263391043397968,0.9381147276084949,0.9279831486611265
NIFTY50,44,QuantGAN,19,0.6090369344413666,0.6238307940904895,0.6069351338873499,0.6214025854108955
NIFTY50,44,CNN-WGAN-GP,19,0.7210066943674976,0.716142890120037,0.7218848107109881,0.7173060941828255
NIFTY50,44,GARCH,19,0.521343028624192,0.4669282086795937,0.5210150046168052,0.467522622345337
NIFTY50,44,GJR-GARCH,19,0.517718836565097,0.4690355493998153,0.5209439058171745,0.47230678670360116
NIFTY50,44,CONTROL: shuffled real,0,0.5057890120036934,0.3926941366574331,0.505677054478301,0.3921451985226224
NIFTY50,44,CONTROL: shuffled real,1,0.5057890120036934,0.3926941366574331,0.505677054478301,0.3921451985226224
NIFTY50,44,CONTROL: shuffled real,2,0.5057890120036934,0.3926941366574331,0.505677054478301,0.3921451985226224
NIFTY50,44,CONTROL: shuffled real,3,0.5057890120036934,0.3926941366574331,0.505677054478301,0.3921451985226224
NIFTY50,44,CONTROL: shuffled real,4,0.5057890120036934,0.3926941366574331,0.505677054478301,0.3921451985226224
NIFTY50,44,CONTROL: shuffled real,5,0.5057890120036934,0.3926941366574331,0.505677054478301,0.3921451985226224
NIFTY50,44,CONTROL: shuffled real,6,0.5057890120036934,0.3926941366574331,0.505677054478301,0.3921451985226224
NIFTY50,44,CONTROL: shuffled real,7,0.5057890120036934,0.3926941366574331,0.505677054478301,0.3921451985226224
NIFTY50,44,CONTROL: shuffled real,8,0.5057890120036934,0.3926941366574331,0.505677054478301,0.3921451985226224
NIFTY50,44,CONTROL: shuffled real,9,0.5057890120036934,0.3926941366574331,0.505677054478301,0.3921451985226224
NIFTY50,44,CONTROL: shuffled real,10,0.5057890120036934,0.3926941366574331,0.505677054478301,0.3921451985226224
NIFTY50,44,CONTROL: shuffled real,11,0.5057890120036934,0.3926941366574331,0.505677054478301,0.3921451985226224
NIFTY50,44,CONTROL: shuffled real,12,0.5057890120036934,0.3926941366574331,0.505677054478301,0.3921451985226224
NIFTY50,44,CONTROL: shuffled real,13,0.5057890120036934,0.3926941366574331,0.505677054478301,0.3921451985226224
NIFTY50,44,CONTROL: shuffled real,14,0.5057890120036934,0.3926941366574331,0.505677054478301,0.3921451985226224
NIFTY50,44,CONTROL: shuffled real,15,0.5057890120036934,0.3926941366574331,0.505677054478301,0.3921451985226224
NIFTY50,44,CONTROL: shuffled real,16,0.5057890120036934,0.3926941366574331,0.505677054478301,0.3921451985226224
NIFTY50,44,CONTROL: shuffled real,17,0.5057890120036934,0.3926941366574331,0.505677054478301,0.3921451985226224
NIFTY50,44,CONTROL: shuffled real,18,0.5057890120036934,0.3926941366574331,0.505677054478301,0.3921451985226224
NIFTY50,44,CONTROL: shuffled real,19,0.5057890120036934,0.3926941366574331,0.505677054478301,0.3921451985226224
SHANGHAI,42,TimeGAN,0,0.8251365918578706,0.8110496109499807,0.8246787846584158,0.809261186264308
SHANGHAI,42,QuantGAN,0,0.9079490188264293,0.8900768260012842,0.9078789086427406,0.8902357424176452
SHANGHAI,42,CNN-WGAN-GP,0,0.8222751123607944,0.8072619390262801,0.8263080469270829,0.8088894792904359
SHANGHAI,42,GARCH,0,0.5038021859617272,0.4436966024850986,0.4995301387689636,0.4421952605515827
SHANGHAI,42,GJR-GARCH,0,0.4937606856529964,0.4195147391286165,0.49083721399350055,0.41919985830362877
SHANGHAI,42,TimeGAN,1,0.8744115049581431,0.8742024044102996,0.8736523469691491,0.872959117152887
SHANGHAI,42,QuantGAN,1,0.5518544758587266,0.5335089777935218,0.5516087212148496,0.5274787639943617
SHANGHAI,42,CNN-WGAN-GP,1,0.6267365800498397,0.624251235538237,0.6269429745905934,0.6241850613648608
SHANGHAI,42,GARCH,1,0.42500276750725086,0.3077507423069449,0.425860079753409,0.3079645168670342
SHANGHAI,42,GJR-GARCH,1,0.40326246054764664,0.2955237722722834,0.4033802948563725,0.29516092132161387
SHANGHAI,42,TimeGAN,2,0.8534394580113801,0.8481637281889679,0.8529560667448948,0.8476793529199046
SHANGHAI,42,QuantGAN,2,0.40717288679296343,0.38318880795467686,0.4088171551009464,0.38696221184099505
SHANGHAI,42,CNN-WGAN-GP,2,0.788969085099003,0.7910807546315771,0.7895602246477887,0.791942248888692
SHANGHAI,42,GARCH,2,0.6483012425492554,0.6375064882669992,0.6493681473445461,0.6710995982809476
SHANGHAI,42,GJR-GARCH,2,0.6342159836458772,0.6225272630214291,0.6359911242967456,0.6579304457777679
SHANGHAI,42,TimeGAN,3,0.6909292182345518,0.6580901001960624,0.6912062149602832,0.6593087873890229
SHANGHAI,42,QuantGAN,3,0.6289065517351655,0.5633340959353313,0.6239292206945583,0.5499666669126673
SHANGHAI,42,CNN-WGAN-GP,3,0.8472094916888683,0.8400338988888152,0.8502721997131634,0.8408961311478637
SHANGHAI,42,GARCH,3,0.6117416107630202,0.6010174586657417,0.6139093684425453,0.6156992691320851
SHANGHAI,42,GJR-GARCH,3,0.6123344723163175,0.5999628539026772,0.6134058051232094,0.6097015274180018
SHANGHAI,42,TimeGAN,4,0.8931144419598379,0.8972794788722347,0.8929082934197288,0.8969572180279112
SHANGHAI,42,QuantGAN,4,0.7400818690144968,0.730238891225895,0.7398712924627862,0.7288721116449325
SHANGHAI,42,CNN-WGAN-GP,4,0.44081298293001525,0.41577749733704306,0.44136894438663427,0.4160520340563291
SHANGHAI,42,GARCH,4,0.8854559498945888,0.879077891184075,0.8853184355343012,0.8744306930084157
SHANGHAI,42,GJR-GARCH,4,0.8844168431721291,0.8780387844616152,0.884233818692605,0.8729111470272052
SHANGHAI,42,TimeGAN,5,0.8566298403701816,0.8448466554982375,0.855111524392194,0.8428725003259508
SHANGHAI,42,QuantGAN,5,0.2510515297550079,0.2534869361357727,0.24914846876898813,0.25012189331936047
SHANGHAI,42,CNN-WGAN-GP,5,0.7200180564473079,0.7144636078946527,0.7206433900856821,0.7177691185550906
SHANGHAI,42,GARCH,5,0.6158758975948518,0.6030693500416971,0.615999143917757,0.6040139925166603
SHANGHAI,42,GJR-GARCH,5,0.6053709320718421,0.5918020285213148,0.6054002061485402,0.5940017662846276
SHANGHAI,42,TimeGAN,6,0.8805260969783741,0.8807342135236393,0.8804800948578485,0.8805969451639963
SHANGHAI,42,QuantGAN,6,0.5100658543725384,0.42921995655628625,0.5113453037246958,0.4307272025052706
SHANGHAI,42,CNN-WGAN-GP,6,0.825493784793716,0.8118112289454198,0.8254246586126056,0.8113275916782902
SHANGHAI,42,GARCH,6,0.5084353621006488,0.5098102597028804,0.5100375642984185,0.5106070557904862
SHANGHAI,42,GJR-GARCH,6,0.5066051173054074,0.509421086683247,0.507451851523851,0.509827971749286
SHANGHAI,42,TimeGAN,7,0.5952150414634085,0.5783194711970144,0.5942317768872554,0.5777713817610203
SHANGHAI,42,QuantGAN,7,0.5290381620799847,0.5212278876170655,0.5356757514704689,0.5246335205398238
SHANGHAI,42,CNN-WGAN-GP,7,0.5845479615156591,0.48323973008809284,0.5862271619151642,0.48660305089999334
SHANGHAI,42,GARCH,7,0.9972251127297953,0.9963232743669789,0.9971326164874552,0.9963001503063937
SHANGHAI,42,GJR-GARCH,7,0.9939183720661349,0.9930396577639033,0.9940339923690601,0.9931552780668286
SHANGHAI,42,TimeGAN,8,0.8613687967862476,0.856269203425313,0.8613471487295297,0.8564327938539199
SHANGHAI,42,QuantGAN,8,0.9392653928753294,0.940201671328379,0.9394026612349725,0.9402934295687855
SHANGHAI,42,CNN-WGAN-GP,8,0.8476089967355716,0.8364769755696762,0.849323867228532,0.8417376993527723
SHANGHAI,42,GARCH,8,0.6214335441558856,0.5030346639508195,0.6225095509750236,0.5057942991810639
SHANGHAI,42,GJR-GARCH,8,0.6229986002563326,0.502286575990829,0.6244918241685793,0.5045414178985148
SHANGHAI,42,TimeGAN,9,0.8479381455979415,0.8438683109349746,0.8460520586563938,0.8416835792109774
SHANGHAI,42,QuantGAN,9,0.7420262581087963,0.7357094535587683,0.7314649584381911,0.6638135511915041
SHANGHAI,42,CNN-WGAN-GP,9,0.5226295992895502,0.5304585698014528,0.5195169531344173,0.5359766102587189
SHANGHAI,42,GARCH,9,0.7698346629668169,0.7708272755674621,0.7799543914805057,0.7810417143292916
SHANGHAI,42,GJR-GARCH,9,0.7569646472473758,0.7606726149622511,0.7678442717519921,0.7702262959928955
SHANGHAI,42,TimeGAN,10,0.8335018437748307,0.8317478591793911,0.8334787197142456,0.8317481051800355
SHANGHAI,42,QuantGAN,10,0.5738284834306266,0.5303139214224741,0.5692536094444568,0.5287178692408174
SHANGHAI,42,CNN-WGAN-GP,10,0.5641601660996352,0.47771603161600285,0.5637033429027585,0.48186114247619327
SHANGHAI,42,GARCH,10,0.663977141620111,0.5697871848424244,0.66901277481347,0.5794837922475357
SHANGHAI,42,GJR-GARCH,10,0.6667008607562551,0.5740562800274536,0.671275734742425,0.5838680157342012
SHANGHAI,42,TimeGAN,11,0.8415116247604569,0.8397332861012096,0.8401945373096877,0.8387645355630831
SHANGHAI,42,QuantGAN,11,0.6963286863811582,0.6762636438107469,0.6847570620635026,0.6488385079568909
SHANGHAI,42,CNN-WGAN-GP,11,0.7289904379549474,0.6911186387308336,0.7287830594116157,0.690195152311299
SHANGHAI,42,GARCH,11,0.9053382139861206,0.9028203973894412,0.905154943505952,0.9025215066063472
SHANGHAI,42,GJR-GARCH,11,0.90214463361894,0.8993948384144768,0.9017320905380772,0.8986147703706984
SHANGHAI,42,TimeGAN,12,0.8335815479836557,0.8310086272426034,0.8338364046513803,0.8308263407650127
SHANGHAI,42,QuantGAN,12,0.6902143403615717,0.6855474621343508,0.6908800181056474,0.6859403251636519
SHANGHAI,42,CNN-WGAN-GP,12,0.4179499290288141,0.33071564047497803,0.4214751182648099,0.3332007389859361
SHANGHAI,42,GARCH,12,0.9253124823187037,0.9253397883902457,0.9253840685062593,0.9256642632403697
SHANGHAI,42,GJR-GARCH,12,0.8637424570052372,0.8602482638504514,0.8648300258546676,0.8612450584620532
SHANGHAI,42,TimeGAN,13,0.6186222487902919,0.6156070188903895,0.6190163418228156,0.6159560938049659
SHANGHAI,42,QuantGAN,13,0.7855991222697003,0.7670863437662208,0.7897405431202229,0.7619591983330997
SHANGHAI,42,CNN-WGAN-GP,13,0.5964664467420904,0.5965495949599388,0.5923402779315282,0.5919319168616222
SHANGHAI,42,GARCH,13,0.6251429878746283,0.5273424796372966,0.6261360924765622,0.5276676924893543
SHANGHAI,42,GJR-GARCH,13,0.6369960369296167,0.5443305461460309,0.6375278903230726,0.5452127044572856
SHANGHAI,42,TimeGAN,14,0.8276718745003112,0.8198529900148339,0.8270967249934195,0.8189814097312935
SHANGHAI,42,QuantGAN,14,0.707705970189642,0.6941683087209689,0.7076609520716943,0.6939200940706465
SHANGHAI,42,CNN-WGAN-GP,14,0.7887909806323693,0.7882802832943423,0.7889754811157605,0.7886268982024733
SHANGHAI,42,GARCH,14,0.9053760980853769,0.900294708772137,0.9073217171828991,0.9024049023008439
SHANGHAI,42,GJR-GARCH,14,0.9007165998774915,0.895799046993503,0.9026865730388213,0.8974934994329684
SHANGHAI,42,TimeGAN,15,0.8097052174276698,0.8026752570091734,0.8088506111886014,0.8019579191297481
SHANGHAI,42,QuantGAN,15,0.8305675480869759,0.825456392695749,0.830959919114988,0.8263087849290166
SHANGHAI,42,CNN-WGAN-GP,15,0.7779120941296866,0.7868785716218577,0.779186869469598,0.7874170670327156
SHANGHAI,42,GARCH,15,0.5381884020536134,0.5152070218423972,0.5443915543058723,0.5236524699694713
SHANGHAI,42,GJR-GARCH,15,0.5180421792705097,0.5014366437640067,0.522917174042996,0.5097209614689191
SHANGHAI,42,TimeGAN,16,0.868644511848621,0.8641862421679545,0.8687616081554135,0.8643030924741023
SHANGHAI,42,QuantGAN,16,0.7961830539996015,0.7870960361916148,0.7941941387886435,0.7857555786796162
SHANGHAI,42,CNN-WGAN-GP,16,0.734441812237548,0.7264925474104743,0.7340745332752772,0.7262856608684315
SHANGHAI,42,GARCH,16,0.596989198111699,0.5441202155949648,0.59547408014209,0.5499150067773177
SHANGHAI,42,GJR-GARCH,16,0.6065133590650007,0.5461320088658632,0.6039013242214695,0.5516773553946711
SHANGHAI,42,TimeGAN,17,0.8694634479942337,0.8677500535051402,0.8691635732085619,0.867219922116196
SHANGHAI,42,QuantGAN,17,0.887039948044664,0.8824008678902737,0.8864404444739644,0.8824225159469916
SHANGHAI,42,CNN-WGAN-GP,17,0.8838183236040077,0.8837701074776815,0.882476390088142,0.882914025234746
SHANGHAI,42,GARCH,17,0.5899941697847249,0.5546251811179745,0.5900613279606792,0.5548999638379053
SHANGHAI,42,GJR-GARCH,17,0.577621813369151,0.5444255023948162,0.5784252514741589,0.5447231631746876
SHANGHAI,42,TimeGAN,18,0.8590217046368661,0.851930982059173,0.8585156813110849,0.8502311176055282
SHANGHAI,42,QuantGAN,18,0.5006317296551317,0.5068737500092251,0.5016238502544876,0.5092255161708523
SHANGHAI,42,CNN-WGAN-GP,18,0.8410028954275861,0.8419672179541111,0.840191831302598,0.8421221983601596
SHANGHAI,42,GARCH,18,0.7849312305198239,0.7512507902770704,0.7841686285218068,0.7506724427618
SHANGHAI,42,GJR-GARCH,18,0.7846023276580983,0.7512426722558014,0.7841398464463977,0.7501563334095935
SHANGHAI,42,TimeGAN,19,0.8060771999222638,0.7963498424365872,0.8049288689136365,0.7949719928266212
SHANGHAI,42,QuantGAN,19,0.47088975973117053,0.4146048122646081,0.4701650418324096,0.41376226005712125
SHANGHAI,42,CNN-WGAN-GP,19,0.7643978027222431,0.7410582455726035,0.7608612974565994,0.7341193053925801
SHANGHAI,42,GARCH,19,0.9020924814823015,0.900034440090233,0.9024425403994558,0.9002715847115519
SHANGHAI,42,GJR-GARCH,19,0.8920030110478889,0.8902925685665297,0.8925365864458564,0.8903897388211156
SHANGHAI,42,CONTROL: shuffled real,0,0.4146168662961897,0.39080818591744715,0.41437922967358176,0.3866293729689572
SHANGHAI,42,CONTROL: shuffled real,1,0.4146168662961897,0.39080818591744715,0.41437922967358176,0.3866293729689572
SHANGHAI,42,CONTROL: shuffled real,2,0.4146168662961897,0.39080818591744715,0.41437922967358176,0.3866293729689572
SHANGHAI,42,CONTROL: shuffled real,3,0.4146168662961897,0.39080818591744715,0.41437922967358176,0.3866293729689572
SHANGHAI,42,CONTROL: shuffled real,4,0.4146168662961897,0.39080818591744715,0.41437922967358176,0.3866293729689572
SHANGHAI,42,CONTROL: shuffled real,5,0.4146168662961897,0.39080818591744715,0.41437922967358176,0.3866293729689572
SHANGHAI,42,CONTROL: shuffled real,6,0.4146168662961897,0.39080818591744715,0.41437922967358176,0.3866293729689572
SHANGHAI,42,CONTROL: shuffled real,7,0.4146168662961897,0.39080818591744715,0.41437922967358176,0.3866293729689572
SHANGHAI,42,CONTROL: shuffled real,8,0.4146168662961897,0.39080818591744715,0.41437922967358176,0.3866293729689572
SHANGHAI,42,CONTROL: shuffled real,9,0.4146168662961897,0.39080818591744715,0.41437922967358176,0.3866293729689572
SHANGHAI,42,CONTROL: shuffled real,10,0.4146168662961897,0.39080818591744715,0.41437922967358176,0.3866293729689572
SHANGHAI,42,CONTROL: shuffled real,11,0.4146168662961897,0.39080818591744715,0.41437922967358176,0.3866293729689572
SHANGHAI,42,CONTROL: shuffled real,12,0.4146168662961897,0.39080818591744715,0.41437922967358176,0.3866293729689572
SHANGHAI,42,CONTROL: shuffled real,13,0.4146168662961897,0.39080818591744715,0.41437922967358176,0.3866293729689572
SHANGHAI,42,CONTROL: shuffled real,14,0.4146168662961897,0.39080818591744715,0.41437922967358176,0.3866293729689572
SHANGHAI,42,CONTROL: shuffled real,15,0.4146168662961897,0.39080818591744715,0.41437922967358176,0.3866293729689572
SHANGHAI,42,CONTROL: shuffled real,16,0.4146168662961897,0.39080818591744715,0.41437922967358176,0.3866293729689572
SHANGHAI,42,CONTROL: shuffled real,17,0.4146168662961897,0.39080818591744715,0.41437922967358176,0.3866293729689572
SHANGHAI,42,CONTROL: shuffled real,18,0.4146168662961897,0.39080818591744715,0.41437922967358176,0.3866293729689572
SHANGHAI,42,CONTROL: shuffled real,19,0.4146168662961897,0.39080818591744715,0.41437922967358176,0.3866293729689572
SHANGHAI,43,TimeGAN,0,0.9193083445878628,0.9074211014432858,0.9183678841238564,0.9062048742567705
SHANGHAI,43,QuantGAN,0,0.49473091219499,0.440679896581329,0.49607997972954687,0.44357384816348217
SHANGHAI,43,CNN-WGAN-GP,0,0.7456141775091452,0.710027970273282,0.7440877435098879,0.7079005566994586
SHANGHAI,43,GARCH,0,0.4684641933761867,0.48771521981387594,0.47153772542884076,0.4892362417989535
SHANGHAI,43,GJR-GARCH,0,0.46593087873890227,0.4851848571843259,0.46796530406909664,0.4860394634233942
SHANGHAI,43,TimeGAN,1,0.8403017935906991,0.8266962359441383,0.8370191609902017,0.8232549329279243
SHANGHAI,43,QuantGAN,1,0.617211927095249,0.5666769986937366,0.6203388412877641,0.5692826375205102
SHANGHAI,43,CNN-WGAN-GP,1,0.47900138498362865,0.4135548815137896,0.48027739032676264,0.4135969476240028
SHANGHAI,43,GARCH,1,0.5816727059824898,0.5641495880719207,0.6030373699579092,0.5813172350511558
SHANGHAI,43,GJR-GARCH,1,0.5783453012646893,0.5600150552394447,0.5993458842862168,0.5760208411746038
SHANGHAI,43,TimeGAN,2,0.9244883801595561,0.9208741386902434,0.9237776842975329,0.919724823679038
SHANGHAI,43,QuantGAN,2,0.7538441290716182,0.7749379463374194,0.7491511747760778,0.771724193917388
SHANGHAI,43,CNN-WGAN-GP,2,0.6992937321495782,0.6939806102291988,0.6979338405866623,0.6919051027913693
SHANGHAI,43,GARCH,2,0.8929164114409979,0.8885816340838814,0.8938627759204729,0.8897801492239911
SHANGHAI,43,GJR-GARCH,2,0.8802717323119387,0.8751987070206123,0.8810535223602287,0.8760257611874944
SHANGHAI,43,TimeGAN,3,0.8584566411563997,0.8480291658364145,0.8587351138859984,0.8477529071126166
SHANGHAI,43,QuantGAN,3,0.6506677687495541,0.6253956305365521,0.652157794653422,0.6273050875393293
SHANGHAI,43,CNN-WGAN-GP,3,0.7223931926701648,0.7121546458451722,0.7282231619446843,0.7168808102277228
SHANGHAI,43,GARCH,3,0.6962354521368846,0.6295385273909417,0.6976752939092701,0.6107541641759101
SHANGHAI,43,GJR-GARCH,3,0.693772739684578,0.6279464112195974,0.6955112262394129,0.6074629215528545
SHANGHAI,43,TimeGAN,4,0.7661923774240288,0.7653830353035525,0.7658263284649806,0.7646007532539735
SHANGHAI,43,QuantGAN,4,0.39934170227526,0.3529258086656187,0.3995938529358948,0.3545988590490107
SHANGHAI,43,CNN-WGAN-GP,4,0.5160857361446287,0.4204465895700647,0.5092011621070447,0.4157130451681784
SHANGHAI,43,GARCH,4,0.8106065637891972,0.8068867880433845,0.8111135711175563,0.8071856788264785
SHANGHAI,43,GJR-GARCH,4,0.8040991087396648,0.7998706036609817,0.804305749281063,0.8002851147470006
SHANGHAI,43,TimeGAN,5,0.902063945407537,0.8953813378991052,0.901424097731136,0.8949269747086737
SHANGHAI,43,QuantGAN,5,0.705869329377643,0.6936015232359909,0.6983353136385216,0.6865587707839795
SHANGHAI,43,CNN-WGAN-GP,5,0.5812001387443635,0.5820345729305811,0.5820943510871999,0.5853002314866065
SHANGHAI,43,GARCH,5,0.8296457836719533,0.8290524301173668,0.8339065148350688,0.83342509157374
SHANGHAI,43,GJR-GARCH,5,0.8357033035426552,0.835126432031252,0.8403947818343284,0.8392454668231231
SHANGHAI,43,TimeGAN,6,0.9067711677404595,0.874904736250409,0.905075731298416,0.876098331377628
SHANGHAI,43,QuantGAN,6,0.4996238650145264,0.47396845779735947,0.4991453937609317,0.4749042442491199
SHANGHAI,43,CNN-WGAN-GP,6,0.8128943697832488,0.8128468916588562,0.8141324910271266,0.8156894291063044
SHANGHAI,43,GARCH,6,0.8529061286140569,0.8513848606283348,0.8533184256942754,0.8517287695293762
SHANGHAI,43,GJR-GARCH,6,0.847565454621491,0.8468075266357197,0.847954873641769,0.847173575594768
SHANGHAI,43,TimeGAN,7,0.9998627316403569,0.9998627316403569,0.9999084877602378,0.9999084877602378
SHANGHAI,43,QuantGAN,7,0.7291653444132024,0.7227026614809731,0.7288229115160283,0.7225914691896492
SHANGHAI,43,CNN-WGAN-GP,7,0.830464227816277,0.8125192188003533,0.8185654226414073,0.7955439443251342
SHANGHAI,43,GARCH,7,0.9275451841683825,0.9299702585220773,0.9274994280485014,0.9299473804621368
SHANGHAI,43,GJR-GARCH,7,0.9267215740105239,0.9287577213452298,0.9266071837108214,0.928849233584992
SHANGHAI,43,TimeGAN,8,0.9199545882810213,0.7834990147674187,0.9217444889705613,0.88197085876365
SHANGHAI,43,QuantGAN,8,0.29993161182082295,0.28471401195071133,0.3026791930194857,0.2847078619345983
SHANGHAI,43,CNN-WGAN-GP,8,0.6322834025825148,0.5892106577319233,0.6385315729527211,0.5876763517120416
SHANGHAI,43,GARCH,8,0.6427435959882215,0.6584677111854034,0.6416990772515824,0.6571267616721156
SHANGHAI,43,GJR-GARCH,8,0.6321810663143937,0.6493201772188643,0.6310467573425041,0.6480259678280357
SHANGHAI,43,TimeGAN,9,0.9534830001254603,0.9488818040703265,0.9537162087364669,0.9494402255333909
SHANGHAI,43,QuantGAN,9,0.5538028009633386,0.5611751942790091,0.5527691062550584,0.5607653572052359
SHANGHAI,43,CNN-WGAN-GP,9,0.7454710051340334,0.7350400858050248,0.7457258618017579,0.7333043052572797
SHANGHAI,43,GARCH,9,0.4732791639914097,0.46380961518119185,0.47323365387217314,0.4654236254098986
SHANGHAI,43,GJR-GARCH,9,0.4733468141686532,0.4641030939501062,0.474309168690022,0.4666841327124277
SHANGHAI,43,TimeGAN,10,0.9603752001830245,0.960398078242965,0.9601921757035005,0.9601921757035005
SHANGHAI,43,QuantGAN,10,0.473634880923388,0.4661409632893238,0.4754587297018717,0.46704058764633966
SHANGHAI,43,CNN-WGAN-GP,10,0.581943060690819,0.5475519245860424,0.5942797470129372,0.5648329778624019
SHANGHAI,43,GARCH,10,0.7349884256696753,0.7287663313677882,0.7346713308388868,0.7289348418092857
SHANGHAI,43,GJR-GARCH,10,0.7288192215063604,0.7234514874428972,0.7286408710390821,0.7236891240655051
SHANGHAI,43,TimeGAN,11,0.936641550000861,0.7906288514475908,0.9347835071327886,0.9267700361374945
SHANGHAI,43,QuantGAN,11,0.7638268352263082,0.7659089846815399,0.7629491049266549,0.764662745416393
SHANGHAI,43,CNN-WGAN-GP,11,0.3864650445384167,0.34842202886571566,0.3912888711768425,0.3523944472734518
SHANGHAI,43,GARCH,11,0.4790702651640947,0.35890091832040605,0.4881474429463005,0.25317008730562873
SHANGHAI,43,GJR-GARCH,11,0.47979301505769945,0.36364405674742867,0.48921828375190346,0.2549292379146033
SHANGHAI,43,TimeGAN,12,0.9062835944630174,0.9004543631904316,0.9058447293131907,0.8999220177956866
SHANGHAI,43,QuantGAN,12,0.6782690410648875,0.6409969914121175,0.6775042250610697,0.6456441895877767
SHANGHAI,43,CNN-WGAN-GP,12,0.8379050093111244,0.8378811472486059,0.8387054954083979,0.8381054998364096
SHANGHAI,43,GARCH,12,0.5798586972297868,0.5563567796547626,0.5733251661119352,0.5532859536091985
SHANGHAI,43,GJR-GARCH,12,0.5642125642369182,0.4721384590027625,0.5530109248886232,0.5447128311476176
SHANGHAI,43,TimeGAN,13,0.8843617390277562,0.8673296384036526,0.8834982767654852,0.8670612517004794
SHANGHAI,43,QuantGAN,13,0.4070272544114066,0.41226116412425,0.40611902003183253,0.4121910539405613
SHANGHAI,43,CNN-WGAN-GP,13,0.5873208807807077,0.5743581228182817,0.5885821260851702,0.5758941508426753
SHANGHAI,43,GARCH,13,0.362020206492941,0.3809947282061879,0.3652868490515445,0.3794023660341989
SHANGHAI,43,GJR-GARCH,13,0.363132129406179,0.38055487905378305,0.36635006383716723,0.3783443172621112
SHANGHAI,43,TimeGAN,14,0.8968440577314313,0.8878116520665283,0.8946654760235472,0.8844586632816978
SHANGHAI,43,QuantGAN,14,0.42506894168062725,0.3839209058727734,0.42540817656942254,0.38468276986885713
SHANGHAI,43,CNN-WGAN-GP,14,0.7222086921867736,0.7223931926701648,0.7265796316386349,0.7252111300531607
SHANGHAI,43,GARCH,14,0.7876576556630578,0.7764171482129283,0.7880082065815012,0.7763288339815451
SHANGHAI,43,GJR-GARCH,14,0.7889476830429295,0.7769509696115403,0.7890911014186859,0.7769539216192747
SHANGHAI,43,TimeGAN,15,0.9996797071608328,0.9996797071608328,0.9998856097002975,0.9998856097002975
SHANGHAI,43,QuantGAN,15,0.6939956162685147,0.6930280957336109,0.693534611060681,0.6928935333810575
SHANGHAI,43,CNN-WGAN-GP,15,0.7569265171474749,0.7610455519393462,0.7573198721780652,0.7614371849654247
SHANGHAI,43,GARCH,15,0.4676312351938362,0.4177944566214763,0.44917897284890884,0.39825831543678636
SHANGHAI,43,GJR-GARCH,15,0.4575705468348327,0.41394331653148936,0.44142626253680783,0.3946763000519061
SHANGHAI,43,TimeGAN,16,1.0,1.0,1.0,1.0
SHANGHAI,43,QuantGAN,16,0.5268817204301075,0.4944571134776373,0.5343613700267895,0.5065706772151743
SHANGHAI,43,CNN-WGAN-GP,16,0.6121794919102689,0.6289424678292658,0.613718225941752,0.6312949719928266
SHANGHAI,43,GARCH,16,0.8616718695802984,0.8629899410336455,0.8627818244883801,0.8653254711527344
SHANGHAI,43,GJR-GARCH,16,0.8532315874667592,0.8550583882529772,0.854295294253671,0.8571626777662157
SHANGHAI,43,TimeGAN,17,0.9379839755180159,0.752436513383665,0.9378233370971432,0.8234517334435416
SHANGHAI,43,QuantGAN,17,0.8455858874350252,0.8507194288849037,0.8426033756208442,0.8477595491300187
SHANGHAI,43,CNN-WGAN-GP,17,0.8197976398698165,0.8173154933665927,0.822815329776164,0.8197732858060089
SHANGHAI,43,GARCH,17,0.4692206453580908,0.44350742798946136,0.4606231688327023,0.4518825199322022
SHANGHAI,43,GJR-GARCH,17,0.46672029480717236,0.44002701087076856,0.45876660196849717,0.44815536416705404
SHANGHAI,43,TimeGAN,18,0.9999075037576599,0.9999075037576599,0.9999075037576599,0.9999075037576599
SHANGHAI,43,QuantGAN,18,0.7801172439071791,0.766431982051793,0.7793999060277538,0.766571218416592
SHANGHAI,43,CNN-WGAN-GP,18,0.7427349859656632,0.7261407664888082,0.7416348710833622,0.7258204736496409
SHANGHAI,43,GARCH,18,0.9952871196522535,0.9953328757721345,0.9952871196522535,0.9952871196522535
SHANGHAI,43,GJR-GARCH,18,0.9944846655498237,0.9946694120338595,0.9944160313700022,0.9946236559139784
SHANGHAI,43,TimeGAN,19,0.9139147804567248,0.7791243853058896,0.9138500822872155,0.7817184621023706
SHANGHAI,43,QuantGAN,19,0.9493841373864399,0.9471187174510398,0.949475649626202,0.947394238172904
SHANGHAI,43,CNN-WGAN-GP,19,0.6226438673269323,0.6168382521162206,0.6249636534047719,0.619354592709033
SHANGHAI,43,GARCH,19,0.8774353448806036,0.8757959965855111,0.8768660993891805,0.8746309375330565
SHANGHAI,43,GJR-GARCH,19,0.8749559043844695,0.8726545683549691,0.874155418287196,0.8714213671239819
SHANGHAI,43,CONTROL: shuffled real,0,0.4146168662961897,0.39080818591744715,0.41437922967358176,0.3866293729689572
SHANGHAI,43,CONTROL: shuffled real,1,0.4146168662961897,0.39080818591744715,0.41437922967358176,0.3866293729689572
SHANGHAI,43,CONTROL: shuffled real,2,0.4146168662961897,0.39080818591744715,0.41437922967358176,0.3866293729689572
SHANGHAI,43,CONTROL: shuffled real,3,0.4146168662961897,0.39080818591744715,0.41437922967358176,0.3866293729689572
SHANGHAI,43,CONTROL: shuffled real,4,0.4146168662961897,0.39080818591744715,0.41437922967358176,0.3866293729689572
SHANGHAI,43,CONTROL: shuffled real,5,0.4146168662961897,0.39080818591744715,0.41437922967358176,0.3866293729689572
SHANGHAI,43,CONTROL: shuffled real,6,0.4146168662961897,0.39080818591744715,0.41437922967358176,0.3866293729689572
SHANGHAI,43,CONTROL: shuffled real,7,0.4146168662961897,0.39080818591744715,0.41437922967358176,0.3866293729689572
SHANGHAI,43,CONTROL: shuffled real,8,0.4146168662961897,0.39080818591744715,0.41437922967358176,0.3866293729689572
SHANGHAI,43,CONTROL: shuffled real,9,0.4146168662961897,0.39080818591744715,0.41437922967358176,0.3866293729689572
SHANGHAI,43,CONTROL: shuffled real,10,0.4146168662961897,0.39080818591744715,0.41437922967358176,0.3866293729689572
SHANGHAI,43,CONTROL: shuffled real,11,0.4146168662961897,0.39080818591744715,0.41437922967358176,0.3866293729689572
SHANGHAI,43,CONTROL: shuffled real,12,0.4146168662961897,0.39080818591744715,0.41437922967358176,0.3866293729689572
SHANGHAI,43,CONTROL: shuffled real,13,0.4146168662961897,0.39080818591744715,0.41437922967358176,0.3866293729689572
SHANGHAI,43,CONTROL: shuffled real,14,0.4146168662961897,0.39080818591744715,0.41437922967358176,0.3866293729689572
SHANGHAI,43,CONTROL: shuffled real,15,0.4146168662961897,0.39080818591744715,0.41437922967358176,0.3866293729689572
SHANGHAI,43,CONTROL: shuffled real,16,0.4146168662961897,0.39080818591744715,0.41437922967358176,0.3866293729689572
SHANGHAI,43,CONTROL: shuffled real,17,0.4146168662961897,0.39080818591744715,0.41437922967358176,0.3866293729689572
SHANGHAI,43,CONTROL: shuffled real,18,0.4146168662961897,0.39080818591744715,0.41437922967358176,0.3866293729689572
SHANGHAI,43,CONTROL: shuffled real,19,0.4146168662961897,0.39080818591744715,0.41437922967358176,0.3866293729689572
SHANGHAI,44,TimeGAN,0,0.9835297648479839,0.9817019800591875,0.9841248404070818,0.9823905358632039
SHANGHAI,44,QuantGAN,0,0.8355099470360612,0.8146242463155253,0.8200426565117601,0.7864652905390612
SHANGHAI,44,CNN-WGAN-GP,0,0.5248677131534085,0.561173718275142,0.5287503413258943,0.5664629781330026
SHANGHAI,44,GARCH,0,0.9467583265068154,0.9465967040833647,0.9453475128104836,0.941925643845187
SHANGHAI,44,GJR-GARCH,0,0.9462321311281837,0.9456104874994772,0.9445674447667052,0.9408700550795445
SHANGHAI,44,TimeGAN,1,0.9856288883476875,0.9823686418058415,0.9865649208000924,0.9832126700171955
SHANGHAI,44,QuantGAN,1,0.8046221061099181,0.8022388518657918,0.8049141088749652,0.8020949414887466
SHANGHAI,44,CNN-WGAN-GP,1,0.7592094031286363,0.7498313665581803,0.7596480222778184,0.7503179558330444
SHANGHAI,44,GARCH,1,0.3144631158933636,0.26450948701485594,0.3139812006307457,0.2667726929444555
SHANGHAI,44,GJR-GARCH,1,0.31587688159742977,0.2631559914686976,0.31269781526827595,0.26361084666041823
SHANGHAI,44,TimeGAN,2,0.8809351960502138,0.8761556495278018,0.8817654482254744,0.8766191147420805
SHANGHAI,44,QuantGAN,2,0.6615820793450478,0.6605097625355778,0.6602999239858008,0.6594544197705798
SHANGHAI,44,CNN-WGAN-GP,2,0.7892591198588941,0.7955446823270677,0.7887046344061421,0.7950352149922633
SHANGHAI,44,GARCH,2,0.9813327330917607,0.971389387040194,0.9819570827275568,0.9717824960701398
SHANGHAI,44,GJR-GARCH,2,0.9689148665569505,0.9570305754201076,0.9705111647392517,0.9590197366317099
SHANGHAI,44,TimeGAN,3,0.9818584364691036,0.9808869799238874,0.9822040673746566,0.9813720931948842
SHANGHAI,44,QuantGAN,3,0.7401541932039862,0.7416454491110767,0.7361301146609005,0.7382708122695282
SHANGHAI,44,CNN-WGAN-GP,3,0.7833560883929516,0.7924241641513101,0.7825376442486279,0.7936613013926095
SHANGHAI,44,GARCH,3,0.6474038321980403,0.5386757293304109,0.6503580539381014,0.545368422865268
SHANGHAI,44,GJR-GARCH,3,0.5889189009675206,0.4741384442427239,0.5927879991045578,0.4765898406653825
SHANGHAI,44,TimeGAN,4,0.8680063861767318,0.8661936074272514,0.8684184372563056,0.8666745386872915
SHANGHAI,44,QuantGAN,4,0.6150161253422485,0.61130200761126,0.6135526675079889,0.6103716331736789
SHANGHAI,44,CNN-WGAN-GP,4,0.7556748658681486,0.7517445135706257,0.7537789389008199,0.7498254625427119
SHANGHAI,44,GARCH,4,0.6762102616708857,0.6493937314115763,0.6726004482131742,0.6470121991719618
SHANGHAI,44,GJR-GARCH,4,0.6689251985840203,0.6407716548217357,0.665038634401222,0.6380904937970937
SHANGHAI,44,TimeGAN,5,0.9545816390038941,0.951533445017626,0.9546965213048859,0.9513258204736497
SHANGHAI,44,QuantGAN,5,0.5694779620322605,0.5496311220335398,0.5695670142655774,0.5504367741443483
SHANGHAI,44,CNN-WGAN-GP,5,0.5673520244623041,0.5515664091039919,0.5705360108043483,0.557017537385948
SHANGHAI,44,GARCH,5,0.7675972871048922,0.7487398616984376,0.7675562049972571,0.7466436902064684
SHANGHAI,44,GJR-GARCH,5,0.7672287781393987,0.7480955860104354,0.7670479676656753,0.7457671899100375
SHANGHAI,44,TimeGAN,6,0.87848896564109,0.8272753214613422,0.8814953395177897,0.8402479194495489
SHANGHAI,44,QuantGAN,6,0.6363121551378464,0.5677822795895725,0.6348462372971417,0.5576263889811391
SHANGHAI,44,CNN-WGAN-GP,6,0.8204795536564304,0.8106203398252904,0.8247368408105229,0.8166633456579657
SHANGHAI,44,GARCH,6,0.58946945040996,0.5707456033534808,0.5886360002263207,0.5694354039207583
SHANGHAI,44,GJR-GARCH,6,0.5856274123438203,0.5621926529447507,0.5845858456149156,0.5609050855713241
SHANGHAI,44,TimeGAN,7,0.8923449519437741,0.8790769071814969,0.8915599638871055,0.877343094638908
SHANGHAI,44,QuantGAN,7,0.6299636165046751,0.6144350718198882,0.615948221784341,0.6029825118141809
SHANGHAI,44,CNN-WGAN-GP,7,0.49101310445433377,0.44944711355143746,0.49225368570465655,0.4505971665645764
SHANGHAI,44,GARCH,7,0.8078639026034249,0.789808439298111,0.8088326531415513,0.793295498434206
SHANGHAI,44,GJR-GARCH,7,0.7881941830687597,0.7692366353999847,0.7894586263816011,0.7716634317581912
SHANGHAI,44,TimeGAN,8,0.8629618969601699,0.8263648730759675,0.869613016386103,0.8482112063133606
SHANGHAI,44,QuantGAN,8,0.6756395401755952,0.6714223511265599,0.6745701753738593,0.6708818877105458
SHANGHAI,44,CNN-WGAN-GP,8,0.7697711948005304,0.7681038024319624,0.7821039451123362,0.7789234027793153
SHANGHAI,44,GARCH,8,0.9741473002659268,0.9756734882645393,0.9744016649323621,0.9759972251127298
SHANGHAI,44,GJR-GARCH,8,0.9623077812463869,0.9621690368828766,0.9623077812463869,0.9621227887617065
SHANGHAI,44,TimeGAN,9,0.9564254138345841,0.9515218829873333,0.9577262652428148,0.9530554510052817
SHANGHAI,44,QuantGAN,9,0.6828397330401006,0.6825868443775323,0.6666784746976038,0.6767834431726212
SHANGHAI,44,CNN-WGAN-GP,9,0.7792272135752996,0.7817246121184838,0.783939601921757,0.7884315736907231
SHANGHAI,44,GARCH,9,0.7754742277424767,0.7732304558637944,0.7750833327183317,0.7693758717647838
SHANGHAI,44,GJR-GARCH,9,0.7762611838043016,0.7740631680455003,0.7760776673234885,0.770413748484021
SHANGHAI,44,TimeGAN,10,0.9929346154886926,0.9886571562817494,0.9933009104483854,0.9892323057886412
SHANGHAI,44,QuantGAN,10,0.6094926728708029,0.6374221100459283,0.6085369603668361,0.6365338017185604
SHANGHAI,44,CNN-WGAN-GP,10,0.6109283326322316,0.4994789706349031,0.612153661842594,0.5034095689330707
SHANGHAI,44,GARCH,10,0.6775699072331569,0.6755145718481782,0.6742139664405922,0.6746115034821392
SHANGHAI,44,GJR-GARCH,10,0.6775123430823389,0.6754331456348416,0.6742491445327587,0.674484567149566
SHANGHAI,44,TimeGAN,11,0.7655033296187237,0.7656605240305729,0.7626598081686974,0.7629119588293322
SHANGHAI,44,QuantGAN,11,0.8055881506409547,0.7944615414892388,0.7996858571769458,0.7830008634622623
SHANGHAI,44,CNN-WGAN-GP,11,0.7057222209922192,0.7074798955973265,0.7333830254635267,0.7284898266433458
SHANGHAI,44,GARCH,11,0.9364678735458287,0.9310907914578734,0.8956580886241922,0.8894637923951361
SHANGHAI,44,GJR-GARCH,11,0.9341387394434972,0.9276133263469151,0.8930782798650932,0.8863986243643958
SHANGHAI,44,TimeGAN,12,0.8939200940706463,0.885896045047638,0.8942888490367844,0.8866810331043068
SHANGHAI,44,QuantGAN,12,0.7410137194559451,0.7371962814542574,0.7470864913666073,0.7435731101615486
SHANGHAI,44,CNN-WGAN-GP,12,0.5706115330022163,0.5363822653215352,0.5665050442432159,0.5347180709613459
SHANGHAI,44,GARCH,12,0.8293193408166729,0.8290054439942633,0.836053116459165,0.8348705913609493
SHANGHAI,44,GJR-GARCH,12,0.8187900212298557,0.8185934667148829,0.8226647773817166,0.8212537176847402
SHANGHAI,44,TimeGAN,13,0.8099549080818592,0.7377286268490023,0.8109477666831488,0.7424894773224306
SHANGHAI,44,QuantGAN,13,0.49942140648408506,0.4676951953614118,0.4970435642541383,0.466172205371178
SHANGHAI,44,CNN-WGAN-GP,13,0.7227986017323367,0.7248940352223723,0.7226844574332784,0.725055165644534
SHANGHAI,44,GARCH,13,0.4681104444493645,0.4142468813268291,0.46970059261555264,0.41335414498785983
SHANGHAI,44,GJR-GARCH,13,0.4865624607936473,0.4308489728243089,0.49015800621397626,0.43005217673670304
SHANGHAI,44,TimeGAN,14,0.952175260699183,0.9581636543887745,0.952543031662743,0.9584384371087052
SHANGHAI,44,QuantGAN,14,0.657856399583767,0.6518906379534715,0.6580844421812385,0.6462163870869342
SHANGHAI,44,CNN-WGAN-GP,14,0.7686344258221957,0.7552824948401364,0.7687881762250217,0.7478271993072622
SHANGHAI,44,GARCH,14,0.762808638558633,0.75352432823374,0.7648366678720697,0.7564859299931366
SHANGHAI,44,GJR-GARCH,14,0.7616241454552611,0.7521550886463322,0.7633289299217965,0.7556696998546136
SHANGHAI,44,TimeGAN,15,0.8302526672619882,0.6855496761401515,0.837163071367247,0.699977367940704
SHANGHAI,44,QuantGAN,15,0.5047903705507709,0.40571951498512926,0.5034363830033234,0.4137620140564769
SHANGHAI,44,CNN-WGAN-GP,15,0.7125853929737296,0.6963473824301419,0.7128380356356533,0.6965776390334143
SHANGHAI,44,GARCH,15,0.4819688907584938,0.40215102963569765,0.47778810980484765,0.3971217924590963
SHANGHAI,44,GJR-GARCH,15,0.46857218765913167,0.38921385574030204,0.4624216795448004,0.383474660703611
SHANGHAI,44,TimeGAN,16,0.8719067263956232,0.730330403465657,0.8839024558244342,0.8636721008209042
SHANGHAI,44,QuantGAN,16,0.7446670750277365,0.7448136914118716,0.7498057824911502,0.7537031707023073
SHANGHAI,44,CNN-WGAN-GP,16,0.7269690506589127,0.725553562950335,0.7279968413517243,0.725826131664465
SHANGHAI,44,GARCH,16,0.6603771681881806,0.6485989033291267,0.6548613417367154,0.6420759502389896
SHANGHAI,44,GJR-GARCH,16,0.6606755669699854,0.6480513058944215,0.6544903727647766,0.6415945269776607
SHANGHAI,44,TimeGAN,17,0.8803061724021717,0.7950221769581036,0.8857789487408457,0.8595028818975508
SHANGHAI,44,QuantGAN,17,0.893279016391023,0.8876975077674704,0.8938480158818016,0.8884682277867568
SHANGHAI,44,CNN-WGAN-GP,17,0.8271228010617389,0.8187085950165189,0.8284969606620368,0.8211858215068524
SHANGHAI,44,GARCH,17,0.5066990895516146,0.5248364710715542,0.5086353606246449,0.5302873533528658
SHANGHAI,44,GJR-GARCH,17,0.5071915828419471,0.523196876775817,0.5085059642856266,0.528672359121581
SHANGHAI,44,TimeGAN,18,0.8728863009621086,0.8023485681532486,0.8773236605879907,0.8198254379426473
SHANGHAI,44,QuantGAN,18,0.8374550741322941,0.83733896182808,0.8388336617441936,0.8400122508320973
SHANGHAI,44,CNN-WGAN-GP,18,0.7974504493201773,0.7972679168419422,0.8064818709825021,0.8082653756552842
SHANGHAI,44,GARCH,18,0.35710191560701887,0.3602303058034012,0.36109721207469564,0.3717645380230897
SHANGHAI,44,GJR-GARCH,18,0.35405470562332875,0.35762196096953774,0.35802392602268623,0.369455575973609
SHANGHAI,44,TimeGAN,19,0.8618266039857024,0.8513253284723608,0.8617535417942795,0.8508340651852508
SHANGHAI,44,QuantGAN,19,0.6408501290273382,0.612884529757468,0.61520554583853,0.5880158326014815
SHANGHAI,44,CNN-WGAN-GP,19,0.8108833145142841,0.810258964878488,0.8348395952797396,0.8377874210030429
SHANGHAI,44,GARCH,19,0.3981281810958345,0.27541149757812367,0.39863346641968206,0.27599673311144074
SHANGHAI,44,GJR-GARCH,19,0.3558121342277917,0.2602964799767775,0.3560864249464334,0.261277038545841
SHANGHAI,44,CONTROL: shuffled real,0,0.4146168662961897,0.39080818591744715,0.41437922967358176,0.3866293729689572
SHANGHAI,44,CONTROL: shuffled real,1,0.4146168662961897,0.39080818591744715,0.41437922967358176,0.3866293729689572
SHANGHAI,44,CONTROL: shuffled real,2,0.4146168662961897,0.39080818591744715,0.41437922967358176,0.3866293729689572
SHANGHAI,44,CONTROL: shuffled real,3,0.4146168662961897,0.39080818591744715,0.41437922967358176,0.3866293729689572
SHANGHAI,44,CONTROL: shuffled real,4,0.4146168662961897,0.39080818591744715,0.41437922967358176,0.3866293729689572
SHANGHAI,44,CONTROL: shuffled real,5,0.4146168662961897,0.39080818591744715,0.41437922967358176,0.3866293729689572
SHANGHAI,44,CONTROL: shuffled real,6,0.4146168662961897,0.39080818591744715,0.41437922967358176,0.3866293729689572
SHANGHAI,44,CONTROL: shuffled real,7,0.4146168662961897,0.39080818591744715,0.41437922967358176,0.3866293729689572
SHANGHAI,44,CONTROL: shuffled real,8,0.4146168662961897,0.39080818591744715,0.41437922967358176,0.3866293729689572
SHANGHAI,44,CONTROL: shuffled real,9,0.4146168662961897,0.39080818591744715,0.41437922967358176,0.3866293729689572
SHANGHAI,44,CONTROL: shuffled real,10,0.4146168662961897,0.39080818591744715,0.41437922967358176,0.3866293729689572
SHANGHAI,44,CONTROL: shuffled real,11,0.4146168662961897,0.39080818591744715,0.41437922967358176,0.3866293729689572
SHANGHAI,44,CONTROL: shuffled real,12,0.4146168662961897,0.39080818591744715,0.41437922967358176,0.3866293729689572
SHANGHAI,44,CONTROL: shuffled real,13,0.4146168662961897,0.39080818591744715,0.41437922967358176,0.3866293729689572
SHANGHAI,44,CONTROL: shuffled real,14,0.4146168662961897,0.39080818591744715,0.41437922967358176,0.3866293729689572
SHANGHAI,44,CONTROL: shuffled real,15,0.4146168662961897,0.39080818591744715,0.41437922967358176,0.3866293729689572
SHANGHAI,44,CONTROL: shuffled real,16,0.4146168662961897,0.39080818591744715,0.41437922967358176,0.3866293729689572
SHANGHAI,44,CONTROL: shuffled real,17,0.4146168662961897,0.39080818591744715,0.41437922967358176,0.3866293729689572
SHANGHAI,44,CONTROL: shuffled real,18,0.4146168662961897,0.39080818591744715,0.41437922967358176,0.3866293729689572
SHANGHAI,44,CONTROL: shuffled real,19,0.4146168662961897,0.39080818591744715,0.41437922967358176,0.3866293729689572
