market,seed,model,k,d_sigma,d_rbf,d_poly3
BOVESPA,42,TimeGAN,0,8.988418598310233e-06,1.9263914339262556e-06,8.314253925334469e-07
BOVESPA,42,TimeGAN,1,6.796613586601552e-06,9.630693995621442e-07,3.386235469804433e-08
BOVESPA,42,TimeGAN,2,5.148291641887681e-06,3.411821156706907e-07,2.0410915624324844e-08
BOVESPA,42,TimeGAN,3,2.314624479504701e-05,1.728883443075091e-06,5.599510988218981e-07
BOVESPA,42,TimeGAN,4,9.26679582624601e-06,1.095444924104072e-06,1.6933567259513893e-07
BOVESPA,42,TimeGAN,5,4.505097730422847e-07,2.460886847632793e-07,4.511433928655606e-07
BOVESPA,42,TimeGAN,6,7.936390734819554e-06,1.7380882142425946e-06,1.6006803402746073e-06
BOVESPA,42,TimeGAN,7,8.082131005782145e-06,6.394755722727297e-07,1.9201069711982655e-07
BOVESPA,42,TimeGAN,8,1.8945467792796933e-05,2.042757911935311e-06,1.7985447087198736e-07
BOVESPA,42,TimeGAN,9,8.847139402412552e-06,3.82550126021286e-07,6.974948156823757e-07
BOVESPA,42,TimeGAN,10,7.0942319272404575e-06,8.912607312172582e-07,3.222653930379238e-07
BOVESPA,42,TimeGAN,11,5.158727294229948e-06,4.205484553931882e-07,4.671762052765871e-07
BOVESPA,42,TimeGAN,12,6.172377525981432e-06,1.2632587116367944e-06,1.0941662278440845e-06
BOVESPA,42,TimeGAN,13,4.115980143382103e-06,6.443794695609739e-07,4.5374801338482484e-07
BOVESPA,42,TimeGAN,14,5.552062898317445e-06,2.499601947647534e-07,2.607675533283782e-07
BOVESPA,42,TimeGAN,15,8.527153772419638e-06,8.846862251665755e-07,3.115009370446842e-07
BOVESPA,42,TimeGAN,16,1.1662220718022809e-05,1.0149112421586892e-06,3.1727818416982245e-07
BOVESPA,42,TimeGAN,17,4.780540877824535e-06,5.000898000151466e-07,2.092967328337636e-07
BOVESPA,42,TimeGAN,18,7.092627381410921e-06,7.051764523424708e-07,1.7956360665039028e-07
BOVESPA,42,TimeGAN,19,2.2001484571099184e-05,3.176480828592787e-06,9.55051858042566e-07
BOVESPA,42,GARCH,0,0.0,0.0,0.0
BOVESPA,42,GARCH,1,0.0,0.0,0.0
BOVESPA,42,GARCH,2,0.0,0.0,0.0
BOVESPA,42,GARCH,3,0.0,0.0,0.0
BOVESPA,42,GARCH,4,0.0,0.0,0.0
BOVESPA,42,GARCH,5,0.0,0.0,0.0
BOVESPA,42,GARCH,6,0.0,0.0,0.0
BOVESPA,42,GARCH,7,0.0,0.0,0.0
BOVESPA,42,GARCH,8,0.0,0.0,0.0
BOVESPA,42,GARCH,9,0.0,0.0,0.0
BOVESPA,42,GARCH,10,0.0,0.0,0.0
BOVESPA,42,GARCH,11,0.0,0.0,0.0
BOVESPA,42,GARCH,12,0.0,0.0,0.0
BOVESPA,42,GARCH,13,0.0,0.0,0.0
BOVESPA,42,GARCH,14,0.0,0.0,0.0
BOVESPA,42,GARCH,15,0.0,0.0,0.0
BOVESPA,42,GARCH,16,0.0,0.0,0.0
BOVESPA,42,GARCH,17,0.0,0.0,0.0
BOVESPA,42,GARCH,18,0.0,0.0,0.0
BOVESPA,42,GARCH,19,0.0,0.0,0.0
BOVESPA,42,QuantGAN,0,4.029431075913692e-06,7.846423843993477e-07,8.976279559647082e-07
BOVESPA,42,QuantGAN,1,7.696402491319532e-06,6.4827598889039e-07,1.9590076760778175e-07
BOVESPA,42,QuantGAN,2,2.3956427766869126e-05,1.7866765413820929e-06,3.493134368426354e-07
BOVESPA,42,QuantGAN,3,9.980278741217319e-06,7.956409147080734e-07,2.1371506164769016e-07
BOVESPA,42,QuantGAN,4,1.67320932420445e-05,1.5460179614290581e-06,2.9298391268639534e-08
BOVESPA,42,QuantGAN,5,2.239025858052912e-06,6.809358599202397e-07,9.400170810636155e-07
BOVESPA,42,QuantGAN,6,1.2335001705388038e-05,1.1638082662024374e-06,4.747107418268115e-08
BOVESPA,42,QuantGAN,7,2.060496908207199e-06,8.633848591621529e-08,4.894422271917165e-07
BOVESPA,42,QuantGAN,8,1.0989611647804765e-05,9.936594729254011e-07,7.805930053450538e-07
BOVESPA,42,QuantGAN,9,5.950516381858506e-06,3.030662860670219e-07,1.94658076324572e-07
BOVESPA,42,QuantGAN,10,1.6373091318300226e-06,1.543751224630796e-07,1.5310348544517183e-09
BOVESPA,42,QuantGAN,11,9.166220981349227e-06,6.354258947904867e-07,1.9028317410629825e-07
BOVESPA,42,QuantGAN,12,1.663511955074526e-05,1.1564598592084252e-06,1.1231746732676129e-07
BOVESPA,42,QuantGAN,13,1.2177579771233127e-06,2.621336163688426e-07,5.230757160745725e-08
BOVESPA,42,QuantGAN,14,1.0546756984641803e-05,1.2586666200409269e-06,7.128902694830686e-07
BOVESPA,42,QuantGAN,15,1.5042923987351742e-05,1.2823916157866933e-06,5.451415514556857e-07
BOVESPA,42,QuantGAN,16,2.4067210193656763e-06,2.9054804229211584e-07,5.3794090959513596e-08
BOVESPA,42,QuantGAN,17,3.5853603246316368e-06,3.474606824482862e-08,4.4836261992031723e-07
BOVESPA,42,QuantGAN,18,4.4577241267163e-06,2.477980811654845e-07,1.1480968709065564e-07
BOVESPA,42,QuantGAN,19,1.948192479783728e-06,6.928188889254727e-08,4.397612229922743e-08
BOVESPA,42,GJR-GARCH,0,0.0,0.0,0.0
BOVESPA,42,GJR-GARCH,1,0.0,0.0,0.0
BOVESPA,42,GJR-GARCH,2,0.0,0.0,0.0
BOVESPA,42,GJR-GARCH,3,0.0,0.0,0.0
BOVESPA,42,GJR-GARCH,4,0.0,0.0,0.0
BOVESPA,42,GJR-GARCH,5,0.0,0.0,0.0
BOVESPA,42,GJR-GARCH,6,0.0,0.0,0.0
BOVESPA,42,GJR-GARCH,7,0.0,0.0,0.0
BOVESPA,42,GJR-GARCH,8,0.0,0.0,0.0
BOVESPA,42,GJR-GARCH,9,0.0,0.0,0.0
BOVESPA,42,GJR-GARCH,10,0.0,0.0,0.0
BOVESPA,42,GJR-GARCH,11,0.0,0.0,0.0
BOVESPA,42,GJR-GARCH,12,0.0,0.0,0.0
BOVESPA,42,GJR-GARCH,13,0.0,0.0,0.0
BOVESPA,42,GJR-GARCH,14,0.0,0.0,0.0
BOVESPA,42,GJR-GARCH,15,0.0,0.0,0.0
BOVESPA,42,GJR-GARCH,16,0.0,0.0,0.0
BOVESPA,42,GJR-GARCH,17,0.0,0.0,0.0
BOVESPA,42,GJR-GARCH,18,0.0,0.0,0.0
BOVESPA,42,GJR-GARCH,19,0.0,0.0,0.0
BOVESPA,42,CNN-WGAN-GP,0,5.601465010940387e-06,7.923048970237545e-07,5.484286802470706e-07
BOVESPA,42,CNN-WGAN-GP,1,6.462214657165788e-06,4.438040615006855e-07,4.2173621039864884e-08
BOVESPA,42,CNN-WGAN-GP,2,4.862848853814938e-06,4.087325520263363e-07,1.898913524200907e-07
BOVESPA,42,CNN-WGAN-GP,3,1.4681674722627491e-05,9.079222180741198e-07,9.592388217072312e-08
BOVESPA,42,CNN-WGAN-GP,4,5.403330150421937e-06,5.756081149499437e-07,2.7924852830096825e-07
BOVESPA,42,CNN-WGAN-GP,5,5.5307459323472585e-06,7.78848477267502e-07,4.2927423216099214e-07
BOVESPA,42,CNN-WGAN-GP,6,0.0,4.0750579799464504e-08,6.548480691037639e-08
BOVESPA,42,CNN-WGAN-GP,7,8.56526009007652e-06,6.963127925363466e-07,3.5030303990879474e-07
BOVESPA,42,CNN-WGAN-GP,8,6.502798297614021e-06,2.9525456124446237e-07,2.0536878331256503e-07
BOVESPA,42,CNN-WGAN-GP,9,2.705213516307481e-06,1.0258412563857178e-08,3.4927050052147024e-07
BOVESPA,42,CNN-WGAN-GP,10,1.0040883355877384e-06,1.6695408078248875e-07,2.738713842376228e-07
BOVESPA,42,CNN-WGAN-GP,11,8.932872055389396e-07,2.567934531683136e-08,1.3212445182375632e-07
BOVESPA,42,CNN-WGAN-GP,12,0.0,6.298548260730286e-08,6.982337197314337e-08
BOVESPA,42,CNN-WGAN-GP,13,9.191071746794677e-06,4.966096036618239e-07,6.198192892270526e-08
BOVESPA,42,CNN-WGAN-GP,14,4.916994368109329e-06,2.3495080214708253e-07,1.8416735336757029e-07
BOVESPA,42,CNN-WGAN-GP,15,7.2761751672700825e-06,1.4348658505802803e-07,5.909701954465163e-07
BOVESPA,42,CNN-WGAN-GP,16,1.0481091363701012e-06,6.658735232090152e-07,1.0434701938066837e-06
BOVESPA,42,CNN-WGAN-GP,17,1.1202512411045973e-05,9.800316318475666e-07,1.9612382118339156e-07
BOVESPA,42,CNN-WGAN-GP,18,5.505188163112962e-06,2.1022659879577077e-07,1.0971271890980461e-07
BOVESPA,42,CNN-WGAN-GP,19,6.367701238740864e-06,9.24833162274652e-07,5.626705910088958e-07
BOVESPA,42,CONTROL: shuffled real,0,0.0,0.0,0.0
BOVESPA,42,CONTROL: shuffled real,1,0.0,0.0,0.0
BOVESPA,42,CONTROL: shuffled real,2,0.0,0.0,0.0
BOVESPA,42,CONTROL: shuffled real,3,0.0,0.0,0.0
BOVESPA,42,CONTROL: shuffled real,4,0.0,0.0,0.0
BOVESPA,42,CONTROL: shuffled real,5,0.0,0.0,0.0
BOVESPA,42,CONTROL: shuffled real,6,0.0,0.0,0.0
BOVESPA,42,CONTROL: shuffled real,7,0.0,0.0,0.0
BOVESPA,42,CONTROL: shuffled real,8,0.0,0.0,0.0
BOVESPA,42,CONTROL: shuffled real,9,0.0,0.0,0.0
BOVESPA,42,CONTROL: shuffled real,10,0.0,0.0,0.0
BOVESPA,42,CONTROL: shuffled real,11,0.0,0.0,0.0
BOVESPA,42,CONTROL: shuffled real,12,0.0,0.0,0.0
BOVESPA,42,CONTROL: shuffled real,13,0.0,0.0,0.0
BOVESPA,42,CONTROL: shuffled real,14,0.0,0.0,0.0
BOVESPA,42,CONTROL: shuffled real,15,0.0,0.0,0.0
BOVESPA,42,CONTROL: shuffled real,16,0.0,0.0,0.0
BOVESPA,42,CONTROL: shuffled real,17,0.0,0.0,0.0
BOVESPA,42,CONTROL: shuffled real,18,0.0,0.0,0.0
BOVESPA,42,CONTROL: shuffled real,19,0.0,0.0,0.0
BOVESPA,43,TimeGAN,0,1.1128889723099888e-05,1.8824507816983527e-06,8.219782170471035e-07
BOVESPA,43,TimeGAN,1,8.0642662054764e-06,3.2200476063337646e-07,9.352586509692173e-07
BOVESPA,43,TimeGAN,2,3.1028766769303218e-06,3.816692777380837e-07,2.083977079792021e-08
BOVESPA,43,TimeGAN,3,8.629205061172485e-06,1.9048581862968206e-06,7.335513938500071e-07
BOVESPA,43,TimeGAN,4,2.9948451254036e-05,3.673417279914659e-06,3.069137477496042e-08
BOVESPA,43,TimeGAN,5,8.989430192229975e-06,1.234855274034885e-06,1.3900301354397016e-08
BOVESPA,43,TimeGAN,6,1.593367418939451e-05,2.060091307987122e-06,3.2579843001201425e-07
BOVESPA,43,TimeGAN,7,2.2051881125584316e-06,7.739356888691873e-07,9.811088066413731e-07
BOVESPA,43,TimeGAN,8,2.1816635298321785e-07,2.9500922749114977e-07,1.8276482727230814e-07
BOVESPA,43,TimeGAN,9,3.1789162493467416e-06,4.792771328698819e-07,1.2294451234851067e-06
BOVESPA,43,TimeGAN,10,1.546943527497291e-06,4.136378439767441e-08,1.3938881515684898e-07
BOVESPA,43,TimeGAN,11,3.2272352230577894e-06,2.3302158913551807e-07,6.701030805800201e-07
BOVESPA,43,TimeGAN,12,2.496659128325973e-07,1.6742088559951185e-07,4.795194552542625e-07
BOVESPA,43,TimeGAN,13,0.0,6.438712385481438e-08,2.874680156139675e-07
BOVESPA,43,TimeGAN,14,2.182572231834712e-06,4.243840494577711e-07,1.1163447233286661e-07
BOVESPA,43,TimeGAN,15,1.2237837903938953e-05,1.2286998949395667e-06,3.9247169780765034e-07
BOVESPA,43,TimeGAN,16,1.5965616177560094e-05,2.0775640459103073e-06,3.261515288954797e-07
BOVESPA,43,TimeGAN,17,2.2927489745860896e-05,2.3346580795280403e-06,6.5169748530991e-07
BOVESPA,43,TimeGAN,18,7.452729400281299e-06,7.545203901671016e-07,5.202743018628553e-07
BOVESPA,43,TimeGAN,19,3.927894058897152e-06,9.564297820396916e-08,7.595738811261299e-07
BOVESPA,43,GARCH,0,0.0,0.0,0.0
BOVESPA,43,GARCH,1,0.0,0.0,0.0
BOVESPA,43,GARCH,2,0.0,0.0,0.0
BOVESPA,43,GARCH,3,0.0,0.0,0.0
BOVESPA,43,GARCH,4,0.0,0.0,0.0
BOVESPA,43,GARCH,5,0.0,0.0,0.0
BOVESPA,43,GARCH,6,0.0,0.0,0.0
BOVESPA,43,GARCH,7,0.0,0.0,0.0
BOVESPA,43,GARCH,8,0.0,0.0,0.0
BOVESPA,43,GARCH,9,0.0,0.0,0.0
BOVESPA,43,GARCH,10,0.0,0.0,0.0
BOVESPA,43,GARCH,11,0.0,0.0,0.0
BOVESPA,43,GARCH,12,0.0,0.0,0.0
BOVESPA,43,GARCH,13,0.0,0.0,0.0
BOVESPA,43,GARCH,14,0.0,0.0,0.0
BOVESPA,43,GARCH,15,0.0,0.0,0.0
BOVESPA,43,GARCH,16,0.0,0.0,0.0
BOVESPA,43,GARCH,17,0.0,0.0,0.0
BOVESPA,43,GARCH,18,0.0,0.0,0.0
BOVESPA,43,GARCH,19,0.0,0.0,0.0
BOVESPA,43,QuantGAN,0,5.527214433254102e-06,2.767285729454727e-07,5.109702883032696e-08
BOVESPA,43,QuantGAN,1,1.3973214922025079e-05,9.462656875847131e-07,1.9555630004219893e-07
BOVESPA,43,QuantGAN,2,9.32943925224805e-06,1.0312003311252482e-06,3.545043529840086e-07
BOVESPA,43,QuantGAN,3,1.4832591801905437e-05,9.784434420456734e-07,9.87750965464329e-08
BOVESPA,43,QuantGAN,4,6.978238506594181e-06,3.111781570197536e-07,2.4109563767638065e-07
BOVESPA,43,QuantGAN,5,6.704685269198762e-07,2.192814989587788e-07,3.24472246404639e-07
BOVESPA,43,QuantGAN,6,1.2738763244257711e-06,1.387569328326066e-07,4.543330955897318e-07
BOVESPA,43,QuantGAN,7,1.4841241357199664e-05,1.1548230494096146e-06,2.277132615802202e-08
BOVESPA,43,QuantGAN,8,1.5030024265172415e-06,2.0710016190861325e-07,4.851823263152255e-07
BOVESPA,43,QuantGAN,9,7.450270544051563e-06,7.262192127654998e-07,1.685306756371574e-07
BOVESPA,43,QuantGAN,10,1.4321422051377652e-05,9.296244958267863e-07,5.396272761970522e-08
BOVESPA,43,QuantGAN,11,1.0199395705789982e-05,9.338180479989688e-07,4.474562267375859e-07
BOVESPA,43,QuantGAN,12,0.0,1.4012331517321286e-07,2.6035190003881326e-07
BOVESPA,43,QuantGAN,13,8.090236857327682e-06,6.270278858355738e-07,1.9155879371623996e-07
BOVESPA,43,QuantGAN,14,9.522683743767857e-07,3.5468555159567927e-07,9.205252879951331e-07
BOVESPA,43,QuantGAN,15,6.340260168435918e-06,5.04555390135053e-07,1.2432375484650038e-07
BOVESPA,43,QuantGAN,16,9.136706097478964e-06,6.333526485491348e-07,2.1344806810930095e-08
BOVESPA,43,QuantGAN,17,2.813903485332503e-05,4.235007630581933e-06,2.0781545195802664e-07
BOVESPA,43,QuantGAN,18,1.091016953358448e-05,1.0617687569158818e-06,3.0683859186808604e-07
BOVESPA,43,QuantGAN,19,2.2590160731361664e-05,3.280675908046149e-06,3.101549062023423e-08
BOVESPA,43,GJR-GARCH,0,0.0,0.0,0.0
BOVESPA,43,GJR-GARCH,1,0.0,0.0,0.0
BOVESPA,43,GJR-GARCH,2,0.0,0.0,0.0
BOVESPA,43,GJR-GARCH,3,0.0,0.0,0.0
BOVESPA,43,GJR-GARCH,4,0.0,0.0,0.0
BOVESPA,43,GJR-GARCH,5,0.0,0.0,0.0
BOVESPA,43,GJR-GARCH,6,0.0,0.0,0.0
BOVESPA,43,GJR-GARCH,7,0.0,0.0,0.0
BOVESPA,43,GJR-GARCH,8,0.0,0.0,0.0
BOVESPA,43,GJR-GARCH,9,0.0,0.0,0.0
BOVESPA,43,GJR-GARCH,10,0.0,0.0,0.0
BOVESPA,43,GJR-GARCH,11,0.0,0.0,0.0
BOVESPA,43,GJR-GARCH,12,0.0,0.0,0.0
BOVESPA,43,GJR-GARCH,13,0.0,0.0,0.0
BOVESPA,43,GJR-GARCH,14,0.0,0.0,0.0
BOVESPA,43,GJR-GARCH,15,0.0,0.0,0.0
BOVESPA,43,GJR-GARCH,16,0.0,0.0,0.0
BOVESPA,43,GJR-GARCH,17,0.0,0.0,0.0
BOVESPA,43,GJR-GARCH,18,0.0,0.0,0.0
BOVESPA,43,GJR-GARCH,19,0.0,0.0,0.0
BOVESPA,43,CNN-WGAN-GP,0,9.060143928429909e-06,7.259627639033539e-07,1.4367797618319855e-08
BOVESPA,43,CNN-WGAN-GP,1,6.389438821585713e-06,2.6525813057176606e-07,9.726552363531482e-08
BOVESPA,43,CNN-WGAN-GP,2,1.141947821459155e-05,1.1210885522139336e-06,5.9059489743162885e-08
BOVESPA,43,CNN-WGAN-GP,3,2.5437747543932687e-06,6.197992439282984e-07,6.288849601077118e-07
BOVESPA,43,CNN-WGAN-GP,4,6.480302787270631e-06,2.035257831156656e-07,2.4277231425173795e-07
BOVESPA,43,CNN-WGAN-GP,5,1.824008072581762e-06,1.9540961626596243e-07,4.1578774379047445e-07
BOVESPA,43,CNN-WGAN-GP,6,3.7448892808988887e-06,2.8143429808835663e-07,8.120904126940331e-07
BOVESPA,43,CNN-WGAN-GP,7,1.4765973429309298e-05,1.3789206676495525e-06,1.9760032365923053e-07
BOVESPA,43,CNN-WGAN-GP,8,5.460365923859456e-07,5.205931143947851e-07,6.682142075220554e-07
BOVESPA,43,CNN-WGAN-GP,9,3.918298582483715e-06,3.2030226382318006e-07,6.37166941430678e-08
BOVESPA,43,CNN-WGAN-GP,10,1.646285511469614e-06,1.2889844858143817e-07,2.5547585380536475e-08
BOVESPA,43,CNN-WGAN-GP,11,5.136972906605308e-06,9.230847175523138e-08,6.994653318770361e-07
BOVESPA,43,CNN-WGAN-GP,12,7.997976287033026e-06,3.9199574519699354e-07,2.908242588972598e-07
BOVESPA,43,CNN-WGAN-GP,13,7.250468781805353e-06,3.995453967675644e-09,6.56135165755245e-07
BOVESPA,43,CNN-WGAN-GP,14,5.535242464382861e-07,2.962699414688075e-07,2.428580714308737e-07
BOVESPA,43,CNN-WGAN-GP,15,1.4704629420325688e-05,1.1788749099128637e-06,1.3298498302560802e-08
BOVESPA,43,CNN-WGAN-GP,16,4.7501486686307715e-06,4.283239496416513e-07,1.324680294345626e-07
BOVESPA,43,CNN-WGAN-GP,17,8.044799191697649e-06,1.1462950475493727e-06,3.1626676211260474e-07
BOVESPA,43,CNN-WGAN-GP,18,2.146540177516698e-05,1.5049534645150686e-06,1.2187426712273464e-07
BOVESPA,43,CNN-WGAN-GP,19,2.3974777496604815e-07,2.9461720019163806e-07,2.8522853767753986e-07
BOVESPA,43,CONTROL: shuffled real,0,0.0,0.0,0.0
BOVESPA,43,CONTROL: shuffled real,1,0.0,0.0,0.0
BOVESPA,43,CONTROL: shuffled real,2,0.0,0.0,0.0
BOVESPA,43,CONTROL: shuffled real,3,0.0,0.0,1.7763568394002505e-15
BOVESPA,43,CONTROL: shuffled real,4,0.0,0.0,0.0
BOVESPA,43,CONTROL: shuffled real,5,0.0,0.0,0.0
BOVESPA,43,CONTROL: shuffled real,6,0.0,0.0,0.0
BOVESPA,43,CONTROL: shuffled real,7,0.0,0.0,0.0
BOVESPA,43,CONTROL: shuffled real,8,0.0,0.0,0.0
BOVESPA,43,CONTROL: shuffled real,9,0.0,0.0,0.0
BOVESPA,43,CONTROL: shuffled real,10,0.0,0.0,0.0
BOVESPA,43,CONTROL: shuffled real,11,0.0,0.0,0.0
BOVESPA,43,CONTROL: shuffled real,12,0.0,0.0,0.0
BOVESPA,43,CONTROL: shuffled real,13,0.0,0.0,0.0
BOVESPA,43,CONTROL: shuffled real,14,0.0,0.0,0.0
BOVESPA,43,CONTROL: shuffled real,15,0.0,0.0,0.0
BOVESPA,43,CONTROL: shuffled real,16,0.0,0.0,0.0
BOVESPA,43,CONTROL: shuffled real,17,0.0,0.0,0.0
BOVESPA,43,CONTROL: shuffled real,18,0.0,0.0,0.0
BOVESPA,43,CONTROL: shuffled real,19,0.0,0.0,0.0
BOVESPA,44,TimeGAN,0,9.283124374981355e-06,9.639634881430936e-07,2.5397853953279537e-07
BOVESPA,44,TimeGAN,1,1.3916957467774438e-05,2.2523466933765945e-06,4.5468677534188373e-07
BOVESPA,44,TimeGAN,2,2.0583224471515393e-05,1.1236301959982598e-06,9.656936938995386e-07
BOVESPA,44,TimeGAN,3,4.661632163394103e-06,1.298041849784326e-06,1.9614250952315615e-06
BOVESPA,44,TimeGAN,4,1.0961491128558265e-05,1.2382669929422718e-06,6.030796484424172e-08
BOVESPA,44,TimeGAN,5,5.137363010554452e-07,5.935957843039574e-07,1.1468300336048287e-06
BOVESPA,44,TimeGAN,6,2.8791860411381265e-06,1.310626154271688e-07,4.5483042931948603e-07
BOVESPA,44,TimeGAN,7,2.3170670790939596e-06,1.515623551107126e-07,3.182992927008854e-07
BOVESPA,44,TimeGAN,8,9.88621627717734e-06,5.092270405349097e-07,2.43559265200588e-07
BOVESPA,44,TimeGAN,9,2.0567623442158123e-05,2.031766066057372e-06,3.0501547954031594e-08
BOVESPA,44,TimeGAN,10,8.64804519373763e-06,1.0239296803771225e-06,5.049104068177712e-07
BOVESPA,44,TimeGAN,11,2.803656893313189e-06,7.212874508777389e-07,7.658521194997547e-07
BOVESPA,44,TimeGAN,12,2.6373800575019146e-05,2.6703233810820848e-06,8.635988280047968e-08
BOVESPA,44,TimeGAN,13,1.2014483141253862e-05,2.8576753227094187e-06,1.4875007128267725e-06
BOVESPA,44,TimeGAN,14,1.7080860475360282e-05,2.4375870348869455e-06,7.745348895582538e-08
BOVESPA,44,TimeGAN,15,1.6282350911556165e-05,1.196547173565321e-06,6.533607983527645e-07
BOVESPA,44,TimeGAN,16,2.197300003681235e-05,2.4745791253888427e-06,5.225459620561423e-07
BOVESPA,44,TimeGAN,17,8.626528097632757e-06,1.3989473797160201e-06,9.008543244704015e-08
BOVESPA,44,TimeGAN,18,2.6523136855693963e-06,5.239273073165407e-07,1.1807802717811455e-06
BOVESPA,44,TimeGAN,19,1.6108547536308748e-05,1.7349569261249087e-06,3.0412056695183765e-07
BOVESPA,44,GARCH,0,0.0,0.0,0.0
BOVESPA,44,GARCH,1,0.0,0.0,0.0
BOVESPA,44,GARCH,2,0.0,0.0,0.0
BOVESPA,44,GARCH,3,0.0,0.0,0.0
BOVESPA,44,GARCH,4,0.0,0.0,0.0
BOVESPA,44,GARCH,5,0.0,0.0,0.0
BOVESPA,44,GARCH,6,0.0,0.0,0.0
BOVESPA,44,GARCH,7,0.0,0.0,0.0
BOVESPA,44,GARCH,8,0.0,0.0,0.0
BOVESPA,44,GARCH,9,0.0,0.0,0.0
BOVESPA,44,GARCH,10,0.0,0.0,0.0
BOVESPA,44,GARCH,11,0.0,0.0,0.0
BOVESPA,44,GARCH,12,0.0,0.0,0.0
BOVESPA,44,GARCH,13,0.0,0.0,0.0
BOVESPA,44,GARCH,14,0.0,0.0,0.0
BOVESPA,44,GARCH,15,0.0,0.0,0.0
BOVESPA,44,GARCH,16,0.0,0.0,0.0
BOVESPA,44,GARCH,17,0.0,0.0,0.0
BOVESPA,44,GARCH,18,0.0,0.0,0.0
BOVESPA,44,GARCH,19,0.0,0.0,0.0
BOVESPA,44,QuantGAN,0,1.0866431727762915e-06,4.3674469019094886e-07,6.377528798395815e-07
BOVESPA,44,QuantGAN,1,8.976454815012858e-07,3.582048624384271e-07,2.869062942778555e-07
BOVESPA,44,QuantGAN,2,3.832782815571534e-07,1.675014633661931e-07,2.3044741226385668e-07
BOVESPA,44,QuantGAN,3,9.730580147859769e-06,4.176287062840345e-07,4.3663224325030114e-07
BOVESPA,44,QuantGAN,4,7.982468750000749e-06,4.344066160122395e-07,2.4188905456412613e-07
BOVESPA,44,QuantGAN,5,9.565066256822519e-06,6.744680154380234e-07,1.0371012493237686e-08
BOVESPA,44,QuantGAN,6,1.7997085459242612e-05,1.1863545286150412e-06,9.676333334596166e-08
BOVESPA,44,QuantGAN,7,9.370771801187061e-06,5.822512736397556e-07,5.958950772821936e-07
BOVESPA,44,QuantGAN,8,2.496016571207349e-06,3.4180588270871226e-07,2.0774211328955516e-07
BOVESPA,44,QuantGAN,9,8.019250805180178e-06,4.5803294224100455e-07,1.2689180728386873e-07
BOVESPA,44,QuantGAN,10,1.497440709652409e-06,8.523398320470221e-08,1.5272725306658685e-09
BOVESPA,44,QuantGAN,11,6.0176569944836444e-06,6.149902656016337e-07,2.3726986597694122e-07
BOVESPA,44,QuantGAN,12,3.838891689422752e-06,2.964279830486305e-07,1.2402850302350998e-08
BOVESPA,44,QuantGAN,13,8.01788197613007e-06,4.905701282975627e-07,1.2000841032033804e-07
BOVESPA,44,QuantGAN,14,9.360702066807391e-07,1.0479528511631031e-07,3.172169069642905e-07
BOVESPA,44,QuantGAN,15,2.0423409248682134e-05,1.219206709368592e-06,8.01072737033337e-08
BOVESPA,44,QuantGAN,16,8.802535957919133e-07,8.395156969598361e-08,2.5473503129092023e-07
BOVESPA,44,QuantGAN,17,2.6170990512497383e-06,5.565420018172063e-07,3.9552565134215456e-07
BOVESPA,44,QuantGAN,18,3.5929144415192127e-07,1.623998844291208e-07,1.5104839512503077e-07
BOVESPA,44,QuantGAN,19,3.996218482793523e-06,2.1510163983329278e-07,1.2667436344315774e-07
BOVESPA,44,GJR-GARCH,0,0.0,0.0,0.0
BOVESPA,44,GJR-GARCH,1,0.0,0.0,0.0
BOVESPA,44,GJR-GARCH,2,0.0,0.0,0.0
BOVESPA,44,GJR-GARCH,3,0.0,0.0,0.0
BOVESPA,44,GJR-GARCH,4,0.0,0.0,0.0
BOVESPA,44,GJR-GARCH,5,0.0,0.0,0.0
BOVESPA,44,GJR-GARCH,6,0.0,0.0,0.0
BOVESPA,44,GJR-GARCH,7,0.0,0.0,0.0
BOVESPA,44,GJR-GARCH,8,0.0,0.0,0.0
BOVESPA,44,GJR-GARCH,9,0.0,0.0,0.0
BOVESPA,44,GJR-GARCH,10,0.0,0.0,0.0
BOVESPA,44,GJR-GARCH,11,0.0,0.0,0.0
BOVESPA,44,GJR-GARCH,12,0.0,0.0,0.0
BOVESPA,44,GJR-GARCH,13,0.0,0.0,0.0
BOVESPA,44,GJR-GARCH,14,0.0,0.0,0.0
BOVESPA,44,GJR-GARCH,15,0.0,0.0,0.0
BOVESPA,44,GJR-GARCH,16,0.0,0.0,0.0
BOVESPA,44,GJR-GARCH,17,0.0,0.0,0.0
BOVESPA,44,GJR-GARCH,18,0.0,0.0,0.0
BOVESPA,44,GJR-GARCH,19,0.0,0.0,0.0
BOVESPA,44,CNN-WGAN-GP,0,5.384162351518285e-06,3.3682106947985346e-07,6.370623140128373e-09
BOVESPA,44,CNN-WGAN-GP,1,1.4207220106587926e-05,1.9890901234997926e-06,5.949749741773758e-07
BOVESPA,44,CNN-WGAN-GP,2,2.61663161982284e-06,3.5966764500017234e-07,5.779140259676296e-07
BOVESPA,44,CNN-WGAN-GP,3,4.474868616544114e-06,5.471515349686484e-07,3.707393698704209e-07
BOVESPA,44,CNN-WGAN-GP,4,4.131003242591191e-06,3.314649033026029e-07,1.567769256638485e-07
BOVESPA,44,CNN-WGAN-GP,5,1.1609709747339991e-05,5.950852415281815e-07,2.544658137537681e-07
BOVESPA,44,CNN-WGAN-GP,6,5.427562049131751e-06,3.7266558128301597e-07,2.1330730781699003e-07
BOVESPA,44,CNN-WGAN-GP,7,2.217814923266559e-06,1.3303624291083338e-07,9.608841722297257e-09
BOVESPA,44,CNN-WGAN-GP,8,7.149795388627922e-06,3.5047154911538314e-07,1.9345963231387486e-07
BOVESPA,44,CNN-WGAN-GP,9,4.288402019714255e-06,5.936126150629661e-07,1.348677209023208e-06
BOVESPA,44,CNN-WGAN-GP,10,7.885810408669869e-06,2.528187770245438e-08,6.941707120233787e-07
BOVESPA,44,CNN-WGAN-GP,11,1.1465787696174345e-05,1.0958436618135892e-06,2.71397386342187e-07
BOVESPA,44,CNN-WGAN-GP,12,1.1812810637668036e-05,9.147215769278461e-07,1.476006588063683e-07
BOVESPA,44,CNN-WGAN-GP,13,5.403121734470773e-06,1.8232678322682716e-07,3.3919787689740133e-07
BOVESPA,44,CNN-WGAN-GP,14,1.9247381057851953e-06,1.669926708025571e-08,3.206819574330666e-07
BOVESPA,44,CNN-WGAN-GP,15,3.4259246999290838e-06,2.0428504177161244e-07,3.9386684136388794e-08
BOVESPA,44,CNN-WGAN-GP,16,8.37314335644379e-06,6.660819427128928e-07,3.612926615659262e-07
BOVESPA,44,CNN-WGAN-GP,17,4.102120301219259e-06,6.935218024306522e-07,4.388513374919967e-07
BOVESPA,44,CNN-WGAN-GP,18,8.046416458018513e-06,3.322420853990593e-07,4.958391457421385e-07
BOVESPA,44,CNN-WGAN-GP,19,2.4317825699782247e-06,1.270482863358069e-07,5.355892742642254e-07
BOVESPA,44,CONTROL: shuffled real,0,0.0,0.0,0.0
BOVESPA,44,CONTROL: shuffled real,1,0.0,0.0,0.0
BOVESPA,44,CONTROL: shuffled real,2,0.0,0.0,0.0
BOVESPA,44,CONTROL: shuffled real,3,0.0,0.0,0.0
BOVESPA,44,CONTROL: shuffled real,4,0.0,0.0,0.0
BOVESPA,44,CONTROL: shuffled real,5,0.0,0.0,0.0
BOVESPA,44,CONTROL: shuffled real,6,0.0,0.0,0.0
BOVESPA,44,CONTROL: shuffled real,7,0.0,0.0,0.0
BOVESPA,44,CONTROL: shuffled real,8,0.0,0.0,0.0
BOVESPA,44,CONTROL: shuffled real,9,0.0,0.0,0.0
BOVESPA,44,CONTROL: shuffled real,10,0.0,0.0,0.0
BOVESPA,44,CONTROL: shuffled real,11,0.0,0.0,0.0
BOVESPA,44,CONTROL: shuffled real,12,0.0,0.0,0.0
BOVESPA,44,CONTROL: shuffled real,13,0.0,0.0,0.0
BOVESPA,44,CONTROL: shuffled real,14,0.0,0.0,0.0
BOVESPA,44,CONTROL: shuffled real,15,0.0,0.0,0.0
BOVESPA,44,CONTROL: shuffled real,16,0.0,0.0,0.0
BOVESPA,44,CONTROL: shuffled real,17,0.0,0.0,0.0
BOVESPA,44,CONTROL: shuffled real,18,0.0,0.0,0.0
BOVESPA,44,CONTROL: shuffled real,19,0.0,0.0,0.0
FTSE,42,TimeGAN,0,7.425687436946049e-06,9.448214193241711e-07,4.066638989996818e-07
FTSE,42,TimeGAN,1,9.605372431220616e-06,5.332513357547697e-07,3.6284823323740056e-07
FTSE,42,TimeGAN,2,1.3898982799798176e-05,1.5473005037236476e-06,5.339746191879158e-07
FTSE,42,TimeGAN,3,5.742861757696005e-06,2.9264217027424877e-07,3.492265499005498e-08
FTSE,42,TimeGAN,4,1.5297032451844217e-05,1.4946651876179828e-06,1.3191611181184726e-07
FTSE,42,TimeGAN,5,3.57063130751456e-06,9.275210910431042e-08,3.3162570822753423e-07
FTSE,42,TimeGAN,6,2.3916692439840403e-06,2.658398727817257e-07,7.077833394930622e-07
FTSE,42,TimeGAN,7,2.2233115890557542e-05,1.079963083849833e-06,1.1774681318854618e-07
FTSE,42,TimeGAN,8,1.2960102657277872e-05,1.0093714761794104e-06,8.299116363019721e-07
FTSE,42,TimeGAN,9,1.203279185491013e-05,8.602021199788368e-07,7.026760435735468e-07
FTSE,42,TimeGAN,10,1.1985512756051975e-05,1.5376370094966063e-06,7.924371310252809e-07
FTSE,42,TimeGAN,11,8.490826359786041e-06,6.107951113776267e-07,5.2444059761569406e-08
FTSE,42,TimeGAN,12,3.730110337496484e-06,1.4886493993060412e-07,1.3305511359362754e-08
FTSE,42,TimeGAN,13,7.302563848288202e-06,5.029617704543909e-07,2.4442551094239207e-08
FTSE,42,TimeGAN,14,1.1851989417444031e-05,3.2579853770364764e-07,1.4683442746132869e-06
FTSE,42,TimeGAN,15,5.235231557154663e-06,1.5928468610759694e-07,4.939964171057909e-08
FTSE,42,TimeGAN,16,1.942354082462572e-06,6.445990663461743e-07,7.248160827089123e-07
FTSE,42,TimeGAN,17,8.337760163179553e-06,7.324155086863016e-07,5.140508534395849e-07
FTSE,42,TimeGAN,18,1.7771125509380425e-05,1.5433042204193725e-06,6.125093943154525e-07
FTSE,42,TimeGAN,19,7.764534430076964e-06,2.5520766233633196e-07,7.785995936870904e-07
FTSE,42,GARCH,0,0.0,0.0,0.0
FTSE,42,GARCH,1,0.0,0.0,0.0
FTSE,42,GARCH,2,0.0,0.0,0.0
FTSE,42,GARCH,3,0.0,0.0,0.0
FTSE,42,GARCH,4,0.0,0.0,0.0
FTSE,42,GARCH,5,0.0,0.0,0.0
FTSE,42,GARCH,6,0.0,0.0,0.0
FTSE,42,GARCH,7,0.0,0.0,0.0
FTSE,42,GARCH,8,0.0,0.0,0.0
FTSE,42,GARCH,9,0.0,0.0,0.0
FTSE,42,GARCH,10,0.0,0.0,0.0
FTSE,42,GARCH,11,0.0,0.0,0.0
FTSE,42,GARCH,12,0.0,0.0,0.0
FTSE,42,GARCH,13,0.0,2.220446049250313e-16,0.0
FTSE,42,GARCH,14,0.0,0.0,0.0
FTSE,42,GARCH,15,0.0,0.0,0.0
FTSE,42,GARCH,16,0.0,0.0,0.0
FTSE,42,GARCH,17,0.0,0.0,0.0
FTSE,42,GARCH,18,0.0,0.0,0.0
FTSE,42,GARCH,19,0.0,0.0,0.0
FTSE,42,QuantGAN,0,5.679050458784474e-06,4.912946023338804e-07,1.90850339976123e-07
FTSE,42,QuantGAN,1,5.96872970959339e-06,3.212424082299492e-08,5.660396862339212e-07
FTSE,42,QuantGAN,2,3.30754093491592e-06,3.607703022989739e-07,3.8386128231593375e-07
FTSE,42,QuantGAN,3,1.3399871208186198e-06,5.606453745699014e-09,8.97273615407812e-08
FTSE,42,QuantGAN,4,4.10676252382558e-06,2.400369691901716e-07,1.4274061932439963e-07
FTSE,42,QuantGAN,5,7.514274882325367e-06,6.79470483877509e-07,3.420448244639829e-07
FTSE,42,QuantGAN,6,9.006237022379793e-06,6.519237309987602e-07,2.6851414069994917e-07
FTSE,42,QuantGAN,7,3.9854543265605e-06,3.694987427138585e-08,3.3944089494752916e-07
FTSE,42,QuantGAN,8,2.349726645078931e-05,1.9857132671496913e-06,3.9595277989690203e-07
FTSE,42,QuantGAN,9,3.617396284294472e-06,6.08926113976338e-08,2.1272325589904995e-07
FTSE,42,QuantGAN,10,7.568049273931621e-06,4.371368755862193e-07,1.9743863965970831e-07
FTSE,42,QuantGAN,11,7.406774945373229e-06,3.55889090641881e-07,1.8963639547564526e-07
FTSE,42,QuantGAN,12,1.90342189418935e-05,1.0766902174275117e-06,1.7992497269858632e-07
FTSE,42,QuantGAN,13,3.4643288713276377e-06,4.065689915844217e-07,2.2408794819739342e-07
FTSE,42,QuantGAN,14,4.1196863165282593e-07,1.7694914422605734e-08,2.1766863866901076e-08
FTSE,42,QuantGAN,15,1.1841376528209935e-06,2.433852632766076e-07,3.490165312314275e-07
FTSE,42,QuantGAN,16,6.287403594651408e-06,1.729644070191938e-07,4.3753347789277086e-07
FTSE,42,QuantGAN,17,3.323717363556966e-06,1.5964903621323856e-07,1.1766447194361263e-07
FTSE,42,QuantGAN,18,6.089313521862039e-06,7.394630208157338e-07,4.3929712667534204e-07
FTSE,42,QuantGAN,19,3.872886363609496e-06,2.266918406323981e-07,1.7635635174428899e-09
FTSE,42,GJR-GARCH,0,0.0,0.0,0.0
FTSE,42,GJR-GARCH,1,0.0,0.0,0.0
FTSE,42,GJR-GARCH,2,0.0,0.0,0.0
FTSE,42,GJR-GARCH,3,0.0,0.0,0.0
FTSE,42,GJR-GARCH,4,0.0,0.0,0.0
FTSE,42,GJR-GARCH,5,0.0,2.220446049250313e-16,0.0
FTSE,42,GJR-GARCH,6,0.0,0.0,0.0
FTSE,42,GJR-GARCH,7,0.0,0.0,0.0
FTSE,42,GJR-GARCH,8,2.220446049250313e-15,2.220446049250313e-16,0.0
FTSE,42,GJR-GARCH,9,0.0,0.0,0.0
FTSE,42,GJR-GARCH,10,0.0,0.0,0.0
FTSE,42,GJR-GARCH,11,0.0,0.0,0.0
FTSE,42,GJR-GARCH,12,0.0,0.0,0.0
FTSE,42,GJR-GARCH,13,0.0,0.0,0.0
FTSE,42,GJR-GARCH,14,0.0,0.0,0.0
FTSE,42,GJR-GARCH,15,0.0,0.0,0.0
FTSE,42,GJR-GARCH,16,0.0,0.0,0.0
FTSE,42,GJR-GARCH,17,0.0,0.0,0.0
FTSE,42,GJR-GARCH,18,0.0,0.0,0.0
FTSE,42,GJR-GARCH,19,0.0,0.0,0.0
FTSE,42,CNN-WGAN-GP,0,1.1915534205098055e-05,8.055276687901625e-07,3.0033392128814285e-07
FTSE,42,CNN-WGAN-GP,1,1.1060655184191859e-05,6.774635372686078e-07,1.1614638140144962e-09
FTSE,42,CNN-WGAN-GP,2,5.4422347339766475e-06,6.415346476273953e-08,4.146821730444117e-07
FTSE,42,CNN-WGAN-GP,3,2.0848788473415425e-06,2.5913591850112994e-07,2.1783305292899513e-07
FTSE,42,CNN-WGAN-GP,4,7.465611524537508e-07,1.5672620490292388e-07,1.989726303719408e-07
FTSE,42,CNN-WGAN-GP,5,1.4003685291363865e-06,1.4684058657898902e-07,9.428495317820307e-08
FTSE,42,CNN-WGAN-GP,6,1.1572785503233263e-06,8.046027533126221e-08,1.0661665328370873e-08
FTSE,42,CNN-WGAN-GP,7,1.8402705266318264e-06,6.844561317720377e-08,3.659824834301162e-07
FTSE,42,CNN-WGAN-GP,8,4.46720119873234e-06,3.2062387123055203e-07,2.2257623477628385e-07
FTSE,42,CNN-WGAN-GP,9,9.666526037399592e-07,1.828336564368982e-07,3.301061646254766e-07
FTSE,42,CNN-WGAN-GP,10,8.393768324399531e-06,3.8893932186034874e-07,2.8591797018862053e-07
FTSE,42,CNN-WGAN-GP,11,1.667293165130701e-05,1.0041591271825467e-06,3.815265081641428e-08
FTSE,42,CNN-WGAN-GP,12,1.098411678057687e-06,2.0459445471132653e-08,5.6571970219465584e-08
FTSE,42,CNN-WGAN-GP,13,6.1629958372222404e-06,1.2004235805385122e-07,5.411790482412471e-07
FTSE,42,CNN-WGAN-GP,14,4.1832600330415914e-06,6.211288092750067e-07,4.784101950150443e-07
FTSE,42,CNN-WGAN-GP,15,2.54302242375104e-07,1.6809711045340237e-07,3.6504546763183043e-07
FTSE,42,CNN-WGAN-GP,16,2.5327182351375654e-06,7.658879130900687e-08,4.615375388539178e-07
FTSE,42,CNN-WGAN-GP,17,1.9369142955749652e-05,1.0065210862553187e-06,1.946085603776737e-08
FTSE,42,CNN-WGAN-GP,18,4.011802074987969e-06,3.534325312415376e-07,8.3075317292014e-08
FTSE,42,CNN-WGAN-GP,19,1.9710522834781585e-05,1.2783210097122577e-06,2.2441263425321267e-07
FTSE,42,CONTROL: shuffled real,0,0.0,0.0,0.0
FTSE,42,CONTROL: shuffled real,1,0.0,0.0,0.0
FTSE,42,CONTROL: shuffled real,2,0.0,0.0,0.0
FTSE,42,CONTROL: shuffled real,3,0.0,0.0,0.0
FTSE,42,CONTROL: shuffled real,4,0.0,0.0,0.0
FTSE,42,CONTROL: shuffled real,5,0.0,0.0,0.0
FTSE,42,CONTROL: shuffled real,6,0.0,0.0,0.0
FTSE,42,CONTROL: shuffled real,7,0.0,0.0,0.0
FTSE,42,CONTROL: shuffled real,8,0.0,0.0,0.0
FTSE,42,CONTROL: shuffled real,9,0.0,0.0,0.0
FTSE,42,CONTROL: shuffled real,10,0.0,0.0,0.0
FTSE,42,CONTROL: shuffled real,11,0.0,0.0,0.0
FTSE,42,CONTROL: shuffled real,12,0.0,0.0,0.0
FTSE,42,CONTROL: shuffled real,13,0.0,0.0,0.0
FTSE,42,CONTROL: shuffled real,14,0.0,0.0,0.0
FTSE,42,CONTROL: shuffled real,15,0.0,0.0,0.0
FTSE,42,CONTROL: shuffled real,16,0.0,2.220446049250313e-16,0.0
FTSE,42,CONTROL: shuffled real,17,0.0,0.0,0.0
FTSE,42,CONTROL: shuffled real,18,0.0,0.0,0.0
FTSE,42,CONTROL: shuffled real,19,0.0,0.0,0.0
FTSE,43,TimeGAN,0,3.903250456183116e-07,4.5972130879867734e-07,6.048755967213992e-07
FTSE,43,TimeGAN,1,1.1127143317413157e-05,3.851966767776105e-07,8.501702684071688e-07
FTSE,43,TimeGAN,2,2.474918110006996e-06,2.3211450095317332e-07,2.825157530139677e-08
FTSE,43,TimeGAN,3,5.125952454942961e-06,4.33603972282981e-07,2.1755285928293233e-07
FTSE,43,TimeGAN,4,1.6044969122663844e-05,9.868813235502927e-07,8.30817548092e-09
FTSE,43,TimeGAN,5,1.5550291111221526e-05,1.7153318361273762e-06,2.633751936542694e-07
FTSE,43,TimeGAN,6,5.303050824689848e-06,9.786959673796503e-07,7.125563534771118e-07
FTSE,43,TimeGAN,7,3.6081535914611607e-06,3.092632709922327e-07,2.158289778009248e-07
FTSE,43,TimeGAN,8,1.9581923947686874e-05,2.1741148377163455e-06,7.322264270470669e-07
FTSE,43,TimeGAN,9,3.360728794810086e-06,5.408517176341832e-07,5.620906282644e-07
FTSE,43,TimeGAN,10,5.6276088580276e-06,3.961255676809827e-07,5.7503584116602724e-08
FTSE,43,TimeGAN,11,2.2115505083686315e-05,1.828200864029128e-06,1.537255656103298e-08
FTSE,43,TimeGAN,12,1.7053108551934315e-05,1.2801246493943097e-06,3.9230039838855646e-07
FTSE,43,TimeGAN,13,2.737044543987821e-05,2.421832061560991e-06,3.631442400120477e-07
FTSE,43,TimeGAN,14,1.3318096490966269e-05,1.1814628411155326e-06,3.3257774489925396e-07
FTSE,43,TimeGAN,15,1.272559426102049e-05,1.0294396071142131e-06,2.705447386119886e-07
FTSE,43,TimeGAN,16,1.2945977862166558e-05,1.3503297520145452e-06,7.597139983772649e-07
FTSE,43,TimeGAN,17,4.290463188283411e-06,6.979266675699591e-08,1.023745420880573e-06
FTSE,43,TimeGAN,18,1.719115415355077e-06,8.414851002669366e-07,1.1648709445921668e-06
FTSE,43,TimeGAN,19,5.61434125412319e-06,5.919683196964343e-07,4.0771203480005624e-07
FTSE,43,GARCH,0,4.440892098500626e-15,2.220446049250313e-16,0.0
FTSE,43,GARCH,1,0.0,0.0,0.0
FTSE,43,GARCH,2,0.0,0.0,0.0
FTSE,43,GARCH,3,0.0,0.0,0.0
FTSE,43,GARCH,4,0.0,0.0,0.0
FTSE,43,GARCH,5,0.0,0.0,0.0
FTSE,43,GARCH,6,0.0,0.0,0.0
FTSE,43,GARCH,7,0.0,0.0,0.0
FTSE,43,GARCH,8,1.7763568394002505e-15,0.0,0.0
FTSE,43,GARCH,9,0.0,0.0,0.0
FTSE,43,GARCH,10,0.0,0.0,0.0
FTSE,43,GARCH,11,0.0,0.0,0.0
FTSE,43,GARCH,12,0.0,0.0,0.0
FTSE,43,GARCH,13,0.0,0.0,0.0
FTSE,43,GARCH,14,0.0,0.0,0.0
FTSE,43,GARCH,15,0.0,0.0,0.0
FTSE,43,GARCH,16,0.0,0.0,0.0
FTSE,43,GARCH,17,0.0,2.220446049250313e-16,0.0
FTSE,43,GARCH,18,0.0,0.0,0.0
FTSE,43,GARCH,19,2.220446049250313e-15,0.0,0.0
FTSE,43,QuantGAN,0,2.2081669497353573e-06,1.2458337161902477e-07,5.871474009211397e-07
FTSE,43,QuantGAN,1,3.6968812846538412e-06,3.928747100978569e-07,4.7310202333505913e-07
FTSE,43,QuantGAN,2,6.2451276647834675e-06,2.1459811505586401e-07,2.451607787889998e-07
FTSE,43,QuantGAN,3,5.815164411338003e-06,2.3694465278722987e-07,9.32922731067265e-07
FTSE,43,QuantGAN,4,7.608550622872912e-06,4.726747933059272e-07,1.2147395445083475e-07
FTSE,43,QuantGAN,5,5.309754385507404e-06,3.03297963855087e-07,1.8227221687538986e-07
FTSE,43,QuantGAN,6,6.3860765480150405e-06,2.868694279900552e-07,9.810939261001295e-08
FTSE,43,QuantGAN,7,1.483635092558444e-06,2.8492779247102362e-08,1.7982684852313469e-07
FTSE,43,QuantGAN,8,4.404789681888843e-06,1.3331699122431928e-07,2.7162996829588337e-07
FTSE,43,QuantGAN,9,2.6468641025623185e-06,1.960854834059944e-08,2.0930369970528773e-07
FTSE,43,QuantGAN,10,4.233570989775615e-06,2.9570570192483103e-07,1.2317284436846876e-07
FTSE,43,QuantGAN,11,1.2385991441377087e-06,1.402440683584416e-07,2.4294388900614194e-07
FTSE,43,QuantGAN,12,1.1696375408210002e-05,8.546243392970609e-07,5.018657347477529e-07
FTSE,43,QuantGAN,13,3.6159905882904297e-06,1.0237614822550256e-07,1.4352960064911713e-07
FTSE,43,QuantGAN,14,1.1904315952993016e-05,5.840354877495457e-07,4.267875119978726e-08
FTSE,43,QuantGAN,15,4.01558546325731e-06,1.6085564014112208e-07,1.6739004848886907e-08
FTSE,43,QuantGAN,16,8.034878014484548e-06,7.918437425757929e-07,4.0471586792989456e-07
FTSE,43,QuantGAN,17,1.1887335766402884e-05,1.0596568356113778e-06,4.2936338751076164e-07
FTSE,43,QuantGAN,18,2.067924571846902e-05,1.29913981838925e-06,7.129093937408015e-08
FTSE,43,QuantGAN,19,3.0227554415063196e-07,2.6438722033894635e-07,4.550087613353071e-07
FTSE,43,GJR-GARCH,0,0.0,0.0,0.0
FTSE,43,GJR-GARCH,1,0.0,0.0,0.0
FTSE,43,GJR-GARCH,2,0.0,0.0,0.0
FTSE,43,GJR-GARCH,3,0.0,0.0,0.0
FTSE,43,GJR-GARCH,4,0.0,0.0,0.0
FTSE,43,GJR-GARCH,5,0.0,0.0,0.0
FTSE,43,GJR-GARCH,6,0.0,0.0,0.0
FTSE,43,GJR-GARCH,7,0.0,0.0,0.0
FTSE,43,GJR-GARCH,8,0.0,0.0,0.0
FTSE,43,GJR-GARCH,9,0.0,0.0,0.0
FTSE,43,GJR-GARCH,10,0.0,0.0,0.0
FTSE,43,GJR-GARCH,11,0.0,0.0,0.0
FTSE,43,GJR-GARCH,12,0.0,0.0,0.0
FTSE,43,GJR-GARCH,13,0.0,0.0,0.0
FTSE,43,GJR-GARCH,14,0.0,0.0,0.0
FTSE,43,GJR-GARCH,15,0.0,2.220446049250313e-16,0.0
FTSE,43,GJR-GARCH,16,0.0,2.220446049250313e-16,0.0
FTSE,43,GJR-GARCH,17,0.0,0.0,0.0
FTSE,43,GJR-GARCH,18,0.0,0.0,0.0
FTSE,43,GJR-GARCH,19,0.0,0.0,0.0
FTSE,43,CNN-WGAN-GP,0,5.127971987928248e-06,3.4665769876873753e-07,1.4507001289132404e-07
FTSE,43,CNN-WGAN-GP,1,4.597723947341592e-06,1.5859683077934505e-07,3.4303765517051943e-07
FTSE,43,CNN-WGAN-GP,2,1.0987997102862579e-05,5.390712647379559e-07,2.333306881041608e-08
FTSE,43,CNN-WGAN-GP,3,5.551311736962106e-06,1.401222169405969e-07,1.4856261465467924e-07
FTSE,43,CNN-WGAN-GP,4,8.64251168408714e-07,6.116507544895455e-08,2.8763451531688133e-07
FTSE,43,CNN-WGAN-GP,5,3.974529928729709e-06,2.241938834579571e-08,4.009919187808464e-07
FTSE,43,CNN-WGAN-GP,6,7.110979183266863e-08,2.2736785898480605e-07,4.673102331764767e-07
FTSE,43,CNN-WGAN-GP,7,1.8419704370664647e-06,1.023487246065713e-07,4.269284126223738e-08
FTSE,43,CNN-WGAN-GP,8,5.820964422031949e-06,1.5786517537641487e-07,2.410796806628923e-07
FTSE,43,CNN-WGAN-GP,9,1.443225383557234e-05,5.628953481107146e-07,3.2573610830866073e-07
FTSE,43,CNN-WGAN-GP,10,7.183809873190228e-06,3.731290161290701e-07,1.7322095047234143e-07
FTSE,43,CNN-WGAN-GP,11,3.2258776228033526e-07,2.617039269736665e-07,4.2746250983327627e-07
FTSE,43,CNN-WGAN-GP,12,1.7491920731416144e-05,1.3330059915883652e-06,4.544845637610706e-07
FTSE,43,CNN-WGAN-GP,13,7.0487210774849984e-06,5.166257737165836e-07,2.548261104351468e-07
FTSE,43,CNN-WGAN-GP,14,9.220192819903161e-06,4.469512491223071e-07,2.702453993919107e-07
FTSE,43,CNN-WGAN-GP,15,3.7013866207580293e-06,2.0802105393791237e-07,3.0339404588630714e-07
FTSE,43,CNN-WGAN-GP,16,6.243098600755559e-06,2.0651128140869446e-07,3.0026008523975634e-07
FTSE,43,CNN-WGAN-GP,17,2.4469002544158514e-06,2.277957305008016e-07,1.8856120398424991e-07
FTSE,43,CNN-WGAN-GP,18,9.017443450609619e-06,4.542708200716561e-07,2.0721323146233317e-07
FTSE,43,CNN-WGAN-GP,19,2.1968940560057604e-06,7.11815564269358e-08,4.1021665886376013e-07
FTSE,43,CONTROL: shuffled real,0,0.0,0.0,0.0
FTSE,43,CONTROL: shuffled real,1,0.0,0.0,0.0
FTSE,43,CONTROL: shuffled real,2,0.0,0.0,0.0
FTSE,43,CONTROL: shuffled real,3,0.0,0.0,0.0
FTSE,43,CONTROL: shuffled real,4,0.0,0.0,0.0
FTSE,43,CONTROL: shuffled real,5,0.0,0.0,0.0
FTSE,43,CONTROL: shuffled real,6,0.0,0.0,0.0
FTSE,43,CONTROL: shuffled real,7,0.0,0.0,0.0
FTSE,43,CONTROL: shuffled real,8,0.0,0.0,0.0
FTSE,43,CONTROL: shuffled real,9,0.0,0.0,0.0
FTSE,43,CONTROL: shuffled real,10,0.0,0.0,0.0
FTSE,43,CONTROL: shuffled real,11,0.0,0.0,1.7763568394002505e-15
FTSE,43,CONTROL: shuffled real,12,0.0,0.0,0.0
FTSE,43,CONTROL: shuffled real,13,0.0,2.220446049250313e-16,0.0
FTSE,43,CONTROL: shuffled real,14,0.0,0.0,0.0
FTSE,43,CONTROL: shuffled real,15,2.6645352591003757e-15,2.220446049250313e-16,0.0
FTSE,43,CONTROL: shuffled real,16,0.0,0.0,0.0
FTSE,43,CONTROL: shuffled real,17,0.0,0.0,0.0
FTSE,43,CONTROL: shuffled real,18,0.0,0.0,0.0
FTSE,43,CONTROL: shuffled real,19,0.0,0.0,0.0
FTSE,44,TimeGAN,0,9.138397229602191e-06,5.429540197443572e-07,3.193510469401417e-07
FTSE,44,TimeGAN,1,1.18585247488312e-05,1.2183947417643282e-06,6.64714960407764e-07
FTSE,44,TimeGAN,2,4.5709420160022773e-07,2.8817912278711333e-08,3.9793283335143315e-08
FTSE,44,TimeGAN,3,5.169393239690123e-06,1.3929326092565475e-07,7.296132817913303e-07
FTSE,44,TimeGAN,4,8.150153014696571e-07,5.533433378168695e-08,3.794923362221425e-07
FTSE,44,TimeGAN,5,2.084837190974298e-05,1.839731171626724e-06,7.533592363273556e-07
FTSE,44,TimeGAN,6,9.301111498327685e-06,9.29635313395849e-07,5.691070459334924e-07
FTSE,44,TimeGAN,7,3.6597881933886356e-06,3.8787488554348215e-08,5.579853006310032e-07
FTSE,44,TimeGAN,8,2.115762855625647e-05,1.243076199752835e-06,5.163673435504279e-07
FTSE,44,TimeGAN,9,8.554093149371056e-07,5.027360194809205e-08,1.667037583530373e-07
FTSE,44,TimeGAN,10,1.3923234858381761e-06,7.384337876725766e-07,7.992660808753271e-07
FTSE,44,TimeGAN,11,6.4110836408559635e-06,3.255680347535872e-08,6.761020507894955e-07
FTSE,44,TimeGAN,12,8.731996942845655e-06,5.334870032402961e-07,6.630985360800423e-08
FTSE,44,TimeGAN,13,1.0862421260249278e-06,3.0467247036369827e-07,5.041586508269802e-07
FTSE,44,TimeGAN,14,1.658360578149498e-05,8.257162595892709e-07,2.691737659432647e-07
FTSE,44,TimeGAN,15,4.369768377809891e-06,3.0761489688835297e-07,4.266678033104654e-08
FTSE,44,TimeGAN,16,1.4704234776452552e-06,2.514169747946937e-07,1.9853389332524785e-07
FTSE,44,TimeGAN,17,1.1242040277359422e-05,3.2742598610191465e-07,6.725612653468716e-07
FTSE,44,TimeGAN,18,1.8231599553164557e-05,6.222254163024132e-07,1.12273007424335e-06
FTSE,44,TimeGAN,19,1.0295626924783363e-05,8.43353098467503e-08,1.5395997561284958e-06
FTSE,44,GARCH,0,0.0,0.0,0.0
FTSE,44,GARCH,1,0.0,0.0,0.0
FTSE,44,GARCH,2,0.0,0.0,0.0
FTSE,44,GARCH,3,0.0,0.0,0.0
FTSE,44,GARCH,4,0.0,0.0,0.0
FTSE,44,GARCH,5,0.0,0.0,0.0
FTSE,44,GARCH,6,0.0,0.0,0.0
FTSE,44,GARCH,7,0.0,0.0,0.0
FTSE,44,GARCH,8,0.0,0.0,0.0
FTSE,44,GARCH,9,0.0,0.0,0.0
FTSE,44,GARCH,10,0.0,0.0,0.0
FTSE,44,GARCH,11,0.0,0.0,0.0
FTSE,44,GARCH,12,0.0,0.0,0.0
FTSE,44,GARCH,13,0.0,0.0,0.0
FTSE,44,GARCH,14,0.0,0.0,0.0
FTSE,44,GARCH,15,0.0,0.0,0.0
FTSE,44,GARCH,16,0.0,0.0,0.0
FTSE,44,GARCH,17,0.0,0.0,0.0
FTSE,44,GARCH,18,0.0,0.0,0.0
FTSE,44,GARCH,19,0.0,0.0,0.0
FTSE,44,QuantGAN,0,1.0397353382707308e-05,3.634018861387034e-07,4.1672107364831845e-07
FTSE,44,QuantGAN,1,1.0355868452993633e-05,5.8159476767905e-07,2.9317432037601066e-08
FTSE,44,QuantGAN,2,8.410840637296246e-06,9.281835795516002e-07,4.565963411806706e-07
FTSE,44,QuantGAN,3,3.770162235294805e-06,2.1119602422459138e-07,3.437242668269391e-08
FTSE,44,QuantGAN,4,1.5748269322379826e-05,8.647760108004832e-07,1.092480239606175e-08
FTSE,44,QuantGAN,5,2.6669585588834366e-06,9.733004113776644e-08,4.67785820745803e-07
FTSE,44,QuantGAN,6,4.4084046586512216e-06,3.1308398384943814e-07,2.40381671900991e-07
FTSE,44,QuantGAN,7,1.2798928570312285e-06,1.0385390303291331e-07,1.0149226170597103e-07
FTSE,44,QuantGAN,8,6.544959640919501e-06,3.248012208079132e-07,1.3827342826289168e-08
FTSE,44,QuantGAN,9,6.387240691907436e-07,4.2410739431453237e-07,4.753783500177633e-07
FTSE,44,QuantGAN,10,1.7823444533604516e-06,3.33057668111536e-08,1.8477476615430533e-07
FTSE,44,QuantGAN,11,7.178834247056898e-06,7.445755267898591e-07,2.9110644739205327e-07
FTSE,44,QuantGAN,12,3.7718476288972624e-06,7.213663155702932e-08,1.8841183901940894e-07
FTSE,44,QuantGAN,13,8.0727777462819e-06,5.771222764128225e-07,6.947002439972039e-08
FTSE,44,QuantGAN,14,2.242521474737913e-06,3.2385941728385603e-07,1.8116496214304334e-07
FTSE,44,QuantGAN,15,5.929509222291074e-06,8.736052892199808e-07,9.442921200530918e-07
FTSE,44,QuantGAN,16,5.475752096639752e-06,2.991246290662275e-07,3.348529524771493e-07
FTSE,44,QuantGAN,17,4.2576320424814185e-07,4.125694130774349e-07,5.896570680619106e-07
FTSE,44,QuantGAN,18,4.854786810781775e-06,2.3765364010053247e-07,3.354629996010772e-08
FTSE,44,QuantGAN,19,4.499469295371483e-06,1.1584269099529365e-09,4.855113626689445e-07
FTSE,44,GJR-GARCH,0,0.0,0.0,0.0
FTSE,44,GJR-GARCH,1,0.0,0.0,0.0
FTSE,44,GJR-GARCH,2,0.0,0.0,0.0
FTSE,44,GJR-GARCH,3,0.0,0.0,0.0
FTSE,44,GJR-GARCH,4,0.0,0.0,0.0
FTSE,44,GJR-GARCH,5,0.0,0.0,0.0
FTSE,44,GJR-GARCH,6,0.0,0.0,0.0
FTSE,44,GJR-GARCH,7,0.0,0.0,0.0
FTSE,44,GJR-GARCH,8,0.0,0.0,0.0
FTSE,44,GJR-GARCH,9,0.0,0.0,0.0
FTSE,44,GJR-GARCH,10,0.0,0.0,0.0
FTSE,44,GJR-GARCH,11,0.0,0.0,0.0
FTSE,44,GJR-GARCH,12,0.0,0.0,0.0
FTSE,44,GJR-GARCH,13,0.0,0.0,0.0
FTSE,44,GJR-GARCH,14,0.0,0.0,0.0
FTSE,44,GJR-GARCH,15,0.0,0.0,0.0
FTSE,44,GJR-GARCH,16,0.0,0.0,0.0
FTSE,44,GJR-GARCH,17,0.0,0.0,0.0
FTSE,44,GJR-GARCH,18,0.0,0.0,0.0
FTSE,44,GJR-GARCH,19,0.0,0.0,0.0
FTSE,44,CNN-WGAN-GP,0,7.180383967853032e-06,1.9160080833025006e-07,2.9538341372870036e-07
FTSE,44,CNN-WGAN-GP,1,4.321380841609823e-06,2.3548475658330403e-07,3.79360519886518e-07
FTSE,44,CNN-WGAN-GP,2,1.1626417055321525e-05,1.3869919346376491e-07,6.58167692790812e-07
FTSE,44,CNN-WGAN-GP,3,7.854460277290087e-06,3.7075347614212717e-07,8.510788163107463e-08
FTSE,44,CNN-WGAN-GP,4,9.332007269158282e-06,6.01251789245083e-07,2.380475390140191e-07
FTSE,44,CNN-WGAN-GP,5,2.741889981727752e-05,1.7138475549849375e-06,5.444693584877314e-08
FTSE,44,CNN-WGAN-GP,6,7.583537901201254e-06,4.523929750810396e-07,1.2104951707669898e-07
FTSE,44,CNN-WGAN-GP,7,8.51008016278243e-06,2.0948595214065335e-07,4.2682720824416265e-07
FTSE,44,CNN-WGAN-GP,8,5.238830062204158e-06,2.8526503736969744e-07,1.4889805122209054e-07
FTSE,44,CNN-WGAN-GP,9,8.939553542752776e-06,5.805621920984549e-07,1.4885461752101037e-07
FTSE,44,CNN-WGAN-GP,10,1.5952878501757084e-05,9.183749276608921e-07,3.09777648865861e-07
FTSE,44,CNN-WGAN-GP,11,2.323661626224549e-06,4.634641446177312e-07,4.640956756674086e-07
FTSE,44,CNN-WGAN-GP,12,4.3291796179012465e-06,6.617164252098462e-07,5.040856283500261e-07
FTSE,44,CNN-WGAN-GP,13,5.515427448088417e-08,6.378093517778183e-07,1.2507795457139537e-06
FTSE,44,CNN-WGAN-GP,14,3.144003791089034e-06,3.891642124109751e-07,2.9875423201985996e-07
FTSE,44,CNN-WGAN-GP,15,4.6488035776448555e-07,2.69313227718726e-07,2.9544184698693243e-07
FTSE,44,CNN-WGAN-GP,16,1.3299060226401593e-06,1.9121482308648297e-07,2.3223822864792965e-09
FTSE,44,CNN-WGAN-GP,17,9.571795368756852e-06,5.773542313125546e-07,1.2683705108429422e-07
FTSE,44,CNN-WGAN-GP,18,8.686321485651405e-06,4.5389275427076825e-07,2.2285076894945632e-07
FTSE,44,CNN-WGAN-GP,19,3.6637291009888884e-06,6.780106920345474e-08,3.727360411431846e-07
FTSE,44,CONTROL: shuffled real,0,0.0,0.0,0.0
FTSE,44,CONTROL: shuffled real,1,0.0,0.0,0.0
FTSE,44,CONTROL: shuffled real,2,0.0,0.0,0.0
FTSE,44,CONTROL: shuffled real,3,0.0,0.0,0.0
FTSE,44,CONTROL: shuffled real,4,0.0,0.0,0.0
FTSE,44,CONTROL: shuffled real,5,0.0,0.0,0.0
FTSE,44,CONTROL: shuffled real,6,0.0,0.0,0.0
FTSE,44,CONTROL: shuffled real,7,0.0,0.0,0.0
FTSE,44,CONTROL: shuffled real,8,0.0,0.0,0.0
FTSE,44,CONTROL: shuffled real,9,0.0,0.0,0.0
FTSE,44,CONTROL: shuffled real,10,0.0,0.0,0.0
FTSE,44,CONTROL: shuffled real,11,0.0,0.0,0.0
FTSE,44,CONTROL: shuffled real,12,0.0,0.0,0.0
FTSE,44,CONTROL: shuffled real,13,0.0,0.0,0.0
FTSE,44,CONTROL: shuffled real,14,0.0,0.0,0.0
FTSE,44,CONTROL: shuffled real,15,0.0,0.0,0.0
FTSE,44,CONTROL: shuffled real,16,0.0,0.0,0.0
FTSE,44,CONTROL: shuffled real,17,0.0,0.0,0.0
FTSE,44,CONTROL: shuffled real,18,0.0,0.0,0.0
FTSE,44,CONTROL: shuffled real,19,0.0,0.0,0.0
MOEX,42,TimeGAN,0,5.643260755139323e-06,9.897873409769886e-07,5.760231456264364e-07
MOEX,42,TimeGAN,1,3.184960477575771e-07,5.9290145015822304e-08,1.4802934167335025e-07
MOEX,42,TimeGAN,2,3.4842340927987436e-06,1.3615062632865715e-07,1.206901689698725e-07
MOEX,42,TimeGAN,3,1.2045289706996698e-05,1.1084632174362952e-06,3.0736827660859944e-07
MOEX,42,TimeGAN,4,1.2762733072602117e-05,1.2392766073343608e-06,6.081540604441216e-08
MOEX,42,TimeGAN,5,9.275905390015993e-06,2.531802811844841e-08,7.447051917353065e-07
MOEX,42,TimeGAN,6,4.04645515361679e-06,4.0823107427812033e-07,8.910016546792576e-08
MOEX,42,TimeGAN,7,0.0,4.603883210219095e-07,4.735355325635737e-07
MOEX,42,TimeGAN,8,4.674915702995719e-06,1.789728920620348e-08,4.834035802758763e-07
MOEX,42,TimeGAN,9,1.0773141009057241e-05,7.642019730358385e-07,8.260575157237326e-08
MOEX,42,TimeGAN,10,8.518079520847266e-06,5.442474693140298e-07,9.250900490087588e-09
MOEX,42,TimeGAN,11,1.0546871175520778e-05,1.456835530433409e-06,9.251609771609992e-07
MOEX,42,TimeGAN,12,9.641272516791588e-06,8.035543774820297e-07,2.602661552941754e-07
MOEX,42,TimeGAN,13,4.658457992690046e-06,7.531157741880179e-07,6.189776176057649e-07
MOEX,42,TimeGAN,14,1.3441018406723515e-05,6.825246134933849e-07,3.81145108363512e-07
MOEX,42,TimeGAN,15,7.5656232709775395e-06,9.364633442032755e-07,2.170000001910921e-07
MOEX,42,TimeGAN,16,1.063110443100257e-05,8.078592328431e-07,1.4866519215672724e-07
MOEX,42,TimeGAN,17,2.515434411876072e-06,1.1680927047841294e-07,1.7609300506649106e-07
MOEX,42,TimeGAN,18,1.0556557779928255e-05,1.1169764717600117e-06,3.7793320650791884e-07
MOEX,42,TimeGAN,19,2.400770312327438e-06,2.852664420238682e-07,1.233366440089867e-07
MOEX,42,GARCH,0,0.0,0.0,0.0
MOEX,42,GARCH,1,0.0,0.0,0.0
MOEX,42,GARCH,2,0.0,0.0,0.0
MOEX,42,GARCH,3,0.0,0.0,0.0
MOEX,42,GARCH,4,0.0,0.0,0.0
MOEX,42,GARCH,5,0.0,0.0,0.0
MOEX,42,GARCH,6,0.0,0.0,0.0
MOEX,42,GARCH,7,0.0,0.0,0.0
MOEX,42,GARCH,8,0.0,0.0,0.0
MOEX,42,GARCH,9,0.0,0.0,0.0
MOEX,42,GARCH,10,0.0,0.0,0.0
MOEX,42,GARCH,11,0.0,0.0,0.0
MOEX,42,GARCH,12,0.0,0.0,0.0
MOEX,42,GARCH,13,0.0,0.0,0.0
MOEX,42,GARCH,14,0.0,0.0,0.0
MOEX,42,GARCH,15,0.0,0.0,0.0
MOEX,42,GARCH,16,0.0,2.220446049250313e-16,0.0
MOEX,42,GARCH,17,0.0,0.0,0.0
MOEX,42,GARCH,18,0.0,0.0,0.0
MOEX,42,GARCH,19,0.0,0.0,0.0
MOEX,42,QuantGAN,0,2.362453450466262e-05,2.472272355502625e-06,6.015636380141132e-07
MOEX,42,QuantGAN,1,3.119877325374887e-07,2.0689563484665996e-07,2.586403393678438e-07
MOEX,42,QuantGAN,2,1.1737725406746335e-05,9.609088966744395e-07,1.2211264888151163e-07
MOEX,42,QuantGAN,3,1.3817593363274483e-05,9.433897574240291e-07,4.694582855790941e-08
MOEX,42,QuantGAN,4,5.7421801979984366e-08,3.166830486733829e-08,6.490154902394352e-08
MOEX,42,QuantGAN,5,1.089829236189388e-06,1.1730567117673729e-07,3.8875848140662583e-07
MOEX,42,QuantGAN,6,1.9466780276644613e-06,4.1019493868255097e-07,7.454414507890306e-07
MOEX,42,QuantGAN,7,6.186745259650905e-06,6.473220879321673e-07,4.245788023382602e-07
MOEX,42,QuantGAN,8,6.157134890827365e-07,7.279253155800802e-08,1.5828056731947981e-07
MOEX,42,QuantGAN,9,2.94261280231467e-07,3.0778679604992476e-08,1.8674429114184932e-08
MOEX,42,QuantGAN,10,4.6308946766160375e-07,9.069496198499394e-08,9.602744199810331e-08
MOEX,42,QuantGAN,11,4.503829887259059e-06,6.24479522759458e-07,5.805165059769024e-07
MOEX,42,QuantGAN,12,6.067753259841879e-07,3.1587972681990095e-08,1.3684566546601218e-07
MOEX,42,QuantGAN,13,1.5274732074743724e-06,2.995392964777466e-07,3.7375157724284236e-07
MOEX,42,QuantGAN,14,1.1351057517927643e-05,5.993132619064312e-07,1.635533148913737e-07
MOEX,42,QuantGAN,15,4.368959410250284e-06,1.3670598719706106e-07,6.178624936126198e-07
MOEX,42,QuantGAN,16,9.247960019997947e-06,6.183892879985109e-07,8.008562701888877e-08
MOEX,42,QuantGAN,17,1.2192774347496993e-05,7.234527366062338e-07,1.5041626433287547e-07
MOEX,42,QuantGAN,18,1.8133939578834912e-05,1.5950336016423705e-06,3.720067969226193e-07
MOEX,42,QuantGAN,19,5.563233966832115e-06,5.351583758361755e-07,4.6578126600138603e-07
MOEX,42,GJR-GARCH,0,0.0,0.0,0.0
MOEX,42,GJR-GARCH,1,0.0,0.0,0.0
MOEX,42,GJR-GARCH,2,0.0,0.0,0.0
MOEX,42,GJR-GARCH,3,0.0,0.0,0.0
MOEX,42,GJR-GARCH,4,0.0,0.0,0.0
MOEX,42,GJR-GARCH,5,0.0,0.0,0.0
MOEX,42,GJR-GARCH,6,0.0,0.0,0.0
MOEX,42,GJR-GARCH,7,0.0,0.0,0.0
MOEX,42,GJR-GARCH,8,0.0,0.0,0.0
MOEX,42,GJR-GARCH,9,0.0,0.0,0.0
MOEX,42,GJR-GARCH,10,0.0,2.220446049250313e-16,0.0
MOEX,42,GJR-GARCH,11,0.0,0.0,0.0
MOEX,42,GJR-GARCH,12,0.0,0.0,0.0
MOEX,42,GJR-GARCH,13,0.0,0.0,0.0
MOEX,42,GJR-GARCH,14,0.0,0.0,0.0
MOEX,42,GJR-GARCH,15,0.0,0.0,0.0
MOEX,42,GJR-GARCH,16,0.0,0.0,0.0
MOEX,42,GJR-GARCH,17,0.0,0.0,0.0
MOEX,42,GJR-GARCH,18,0.0,0.0,0.0
MOEX,42,GJR-GARCH,19,0.0,0.0,0.0
MOEX,42,CNN-WGAN-GP,0,5.404493006899713e-06,2.419063740433103e-07,2.0066454631262332e-07
MOEX,42,CNN-WGAN-GP,1,1.2078617617206078e-06,2.3527716819238265e-07,1.8060427819932556e-07
MOEX,42,CNN-WGAN-GP,2,1.228843323541895e-05,7.518451754506827e-07,1.1660451448847198e-07
MOEX,42,CNN-WGAN-GP,3,0.0,2.615378347226027e-07,3.3621805428651896e-07
MOEX,42,CNN-WGAN-GP,4,2.3309843211194448e-06,9.668685940766863e-08,1.6993593021652487e-07
MOEX,42,CNN-WGAN-GP,5,2.8647839327433644e-06,4.128856432306094e-07,3.604047815741751e-07
MOEX,42,CNN-WGAN-GP,6,1.2135463772544597e-05,6.829083409876091e-07,3.1195608052314583e-07
MOEX,42,CNN-WGAN-GP,7,1.5646515474365685e-05,1.4098882739066454e-06,1.4566377615210513e-07
MOEX,42,CNN-WGAN-GP,8,3.5091831813716112e-06,1.2660130921382517e-07,2.6001299602285144e-07
MOEX,42,CNN-WGAN-GP,9,9.69109681081548e-06,7.519128271127329e-07,1.3658008235495345e-07
MOEX,42,CNN-WGAN-GP,10,1.6308851144231085e-05,1.298385023495996e-06,1.684300148241391e-07
MOEX,42,CNN-WGAN-GP,11,5.552408524067687e-06,6.275511412745516e-07,5.815426664668166e-07
MOEX,42,CNN-WGAN-GP,12,6.578103421084336e-06,5.2009264006613876e-08,5.525630637492895e-07
MOEX,42,CNN-WGAN-GP,13,1.1650710110888696e-05,1.8592878257006618e-06,1.316704274501035e-07
MOEX,42,CNN-WGAN-GP,14,1.039183177597991e-05,3.4464094267327994e-07,4.767239900616005e-07
MOEX,42,CNN-WGAN-GP,15,2.9180040606036073e-07,1.9032894860160354e-07,2.4089288253037466e-07
MOEX,42,CNN-WGAN-GP,16,6.461507169763792e-06,4.103154509493834e-07,7.745985897145147e-08
MOEX,42,CNN-WGAN-GP,17,2.7082939513256576e-06,1.0705260744536815e-07,1.0399435268482193e-07
MOEX,42,CNN-WGAN-GP,18,2.4096539386952998e-05,1.125346487995671e-06,4.281323011667837e-07
MOEX,42,CNN-WGAN-GP,19,4.9463109488279144e-06,3.340175296351333e-07,9.833354930322002e-08
MOEX,42,CONTROL: shuffled real,0,0.0,0.0,0.0
MOEX,42,CONTROL: shuffled real,1,0.0,0.0,0.0
MOEX,42,CONTROL: shuffled real,2,0.0,0.0,0.0
MOEX,42,CONTROL: shuffled real,3,0.0,0.0,0.0
MOEX,42,CONTROL: shuffled real,4,0.0,0.0,0.0
MOEX,42,CONTROL: shuffled real,5,0.0,0.0,0.0
MOEX,42,CONTROL: shuffled real,6,0.0,0.0,0.0
MOEX,42,CONTROL: shuffled real,7,0.0,2.220446049250313e-16,0.0
MOEX,42,CONTROL: shuffled real,8,0.0,0.0,0.0
MOEX,42,CONTROL: shuffled real,9,0.0,2.220446049250313e-16,0.0
MOEX,42,CONTROL: shuffled real,10,0.0,0.0,0.0
MOEX,42,CONTROL: shuffled real,11,0.0,2.220446049250313e-16,0.0
MOEX,42,CONTROL: shuffled real,12,0.0,0.0,0.0
MOEX,42,CONTROL: shuffled real,13,0.0,0.0,0.0
MOEX,42,CONTROL: shuffled real,14,0.0,0.0,0.0
MOEX,42,CONTROL: shuffled real,15,0.0,0.0,0.0
MOEX,42,CONTROL: shuffled real,16,0.0,0.0,0.0
MOEX,42,CONTROL: shuffled real,17,0.0,0.0,0.0
MOEX,42,CONTROL: shuffled real,18,0.0,0.0,0.0
MOEX,42,CONTROL: shuffled real,19,0.0,0.0,0.0
MOEX,43,TimeGAN,0,1.6927567390467857e-05,1.1730280291555317e-06,1.937913420846371e-07
MOEX,43,TimeGAN,1,9.54789232521236e-06,8.18646546996149e-07,4.086138432057851e-07
MOEX,43,TimeGAN,2,3.3419166099335484e-05,2.3090582002005533e-06,4.170086267407669e-07
MOEX,43,TimeGAN,3,7.889592539278567e-06,5.543031313948177e-07,5.699546967719016e-08
MOEX,43,TimeGAN,4,4.912594981476559e-06,1.504075239910918e-07,8.66798718135442e-07
MOEX,43,TimeGAN,5,3.2130275966046895e-05,1.7566269210345098e-06,3.8582605554893235e-08
MOEX,43,TimeGAN,6,1.3164169748502985e-05,3.439585865017136e-07,4.215864866097263e-07
MOEX,43,TimeGAN,7,8.116579217620767e-06,1.1469967136079617e-06,8.160748841135046e-07
MOEX,43,TimeGAN,8,2.071798898217736e-06,5.161118228347306e-07,9.710076405156087e-07
MOEX,43,TimeGAN,9,8.411808249952912e-07,8.732969831726223e-07,1.3367500972805146e-06
MOEX,43,TimeGAN,10,1.1344262172308106e-05,6.547295834380407e-07,6.047823664090402e-07
MOEX,43,TimeGAN,11,0.0,6.242976691162028e-08,6.462483881364278e-09
MOEX,43,TimeGAN,12,2.5092846160923443e-06,3.488398747641952e-08,4.348039031043527e-07
MOEX,43,TimeGAN,13,4.176891362561719e-06,9.278085399966329e-07,7.30301442430914e-07
MOEX,43,TimeGAN,14,1.9718220873876646e-06,6.443857705207279e-07,5.787663130973897e-07
MOEX,43,TimeGAN,15,0.0,7.501325978154227e-07,1.2550894723517558e-06
MOEX,43,TimeGAN,16,6.946361068127516e-06,3.857246488880861e-07,1.853164022236342e-08
MOEX,43,TimeGAN,17,3.7543431594677656e-06,4.0359397490696836e-07,8.151502939313104e-08
MOEX,43,TimeGAN,18,2.0404240592242218e-05,1.856058104987568e-06,2.0255585120310116e-07
MOEX,43,TimeGAN,19,8.350387080025001e-06,3.3619190076272787e-07,7.22007822417936e-08
MOEX,43,GARCH,0,0.0,0.0,0.0
MOEX,43,GARCH,1,0.0,0.0,0.0
MOEX,43,GARCH,2,0.0,0.0,0.0
MOEX,43,GARCH,3,0.0,0.0,0.0
MOEX,43,GARCH,4,0.0,0.0,0.0
MOEX,43,GARCH,5,0.0,0.0,0.0
MOEX,43,GARCH,6,0.0,0.0,0.0
MOEX,43,GARCH,7,0.0,0.0,0.0
MOEX,43,GARCH,8,0.0,0.0,0.0
MOEX,43,GARCH,9,0.0,0.0,0.0
MOEX,43,GARCH,10,0.0,0.0,0.0
MOEX,43,GARCH,11,0.0,0.0,0.0
MOEX,43,GARCH,12,0.0,0.0,0.0
MOEX,43,GARCH,13,0.0,0.0,0.0
MOEX,43,GARCH,14,0.0,0.0,0.0
MOEX,43,GARCH,15,0.0,0.0,0.0
MOEX,43,GARCH,16,0.0,0.0,0.0
MOEX,43,GARCH,17,0.0,0.0,0.0
MOEX,43,GARCH,18,0.0,0.0,0.0
MOEX,43,GARCH,19,0.0,0.0,0.0
MOEX,43,QuantGAN,0,6.698484534606308e-06,3.465600841856542e-07,1.6204626263061073e-07
MOEX,43,QuantGAN,1,8.801608925246285e-06,7.364477734306263e-07,1.0436026975924051e-07
MOEX,43,QuantGAN,2,6.717976054115837e-06,2.866980739479885e-07,1.4494310285328993e-07
MOEX,43,QuantGAN,3,1.5242888089517237e-06,1.7458973955442048e-07,4.49441500904868e-07
MOEX,43,QuantGAN,4,2.5381124499901375e-06,2.1626309854028136e-07,5.918747891797693e-07
MOEX,43,QuantGAN,5,2.4580134390106423e-06,2.7964475846076198e-08,1.649513166057659e-07
MOEX,43,QuantGAN,6,2.4216328604609316e-05,1.7660922950746283e-06,3.737033971162873e-08
MOEX,43,QuantGAN,7,3.4492447511524915e-06,5.764719872569657e-07,4.944516671656629e-07
MOEX,43,QuantGAN,8,1.08783036978366e-05,8.443422663262368e-07,3.3974890101262645e-07
MOEX,43,QuantGAN,9,1.0581442231760718e-05,5.324850880228382e-07,3.291945382954964e-08
MOEX,43,QuantGAN,10,2.978379217921656e-06,6.300557371385906e-07,8.18383295353442e-07
MOEX,43,QuantGAN,11,5.9029961363421535e-08,3.671594070997486e-07,9.447851194721579e-07
MOEX,43,QuantGAN,12,4.390688264077625e-06,3.0360006131324724e-07,4.074596660075258e-09
MOEX,43,QuantGAN,13,8.141569834307916e-06,5.099945075137668e-07,4.6769995876161374e-08
MOEX,43,QuantGAN,14,7.129543066586308e-06,4.99867055969716e-07,8.318945887708651e-08
MOEX,43,QuantGAN,15,5.1989788989459385e-06,1.8920458488835834e-07,1.863366190235638e-07
MOEX,43,QuantGAN,16,2.025920093595701e-05,1.098829953694036e-06,1.0396624841035873e-06
MOEX,43,QuantGAN,17,1.6109892913895862e-05,9.266720921718985e-07,6.680117099477911e-07
MOEX,43,QuantGAN,18,7.296497981368333e-06,4.0384420496586415e-07,2.6743745884516557e-07
MOEX,43,QuantGAN,19,1.2132502846817772e-06,5.5823063505044956e-08,1.6235352084947863e-07
MOEX,43,GJR-GARCH,0,0.0,0.0,0.0
MOEX,43,GJR-GARCH,1,0.0,0.0,0.0
MOEX,43,GJR-GARCH,2,0.0,0.0,0.0
MOEX,43,GJR-GARCH,3,0.0,0.0,0.0
MOEX,43,GJR-GARCH,4,0.0,0.0,0.0
MOEX,43,GJR-GARCH,5,0.0,0.0,0.0
MOEX,43,GJR-GARCH,6,0.0,0.0,0.0
MOEX,43,GJR-GARCH,7,0.0,0.0,0.0
MOEX,43,GJR-GARCH,8,0.0,0.0,0.0
MOEX,43,GJR-GARCH,9,0.0,0.0,0.0
MOEX,43,GJR-GARCH,10,0.0,0.0,0.0
MOEX,43,GJR-GARCH,11,0.0,0.0,0.0
MOEX,43,GJR-GARCH,12,0.0,0.0,0.0
MOEX,43,GJR-GARCH,13,0.0,0.0,0.0
MOEX,43,GJR-GARCH,14,0.0,0.0,0.0
MOEX,43,GJR-GARCH,15,0.0,0.0,0.0
MOEX,43,GJR-GARCH,16,0.0,0.0,0.0
MOEX,43,GJR-GARCH,17,0.0,0.0,0.0
MOEX,43,GJR-GARCH,18,0.0,0.0,0.0
MOEX,43,GJR-GARCH,19,0.0,0.0,1.7763568394002505e-15
MOEX,43,CNN-WGAN-GP,0,1.818208391846099e-06,3.699114581312557e-07,6.840492012827326e-07
MOEX,43,CNN-WGAN-GP,1,8.987572549301603e-06,5.405803034097545e-07,1.5831389532650064e-09
MOEX,43,CNN-WGAN-GP,2,5.458827145865541e-07,5.049787143995843e-08,1.0638830794107434e-07
MOEX,43,CNN-WGAN-GP,3,7.064988549743134e-07,1.2627654211172512e-07,1.7859469281233942e-07
MOEX,43,CNN-WGAN-GP,4,2.12852789527318e-06,1.8768902543264687e-07,5.072406086270576e-07
MOEX,43,CNN-WGAN-GP,5,8.72071707247457e-06,3.49662828469377e-07,3.8982828876044096e-07
MOEX,43,CNN-WGAN-GP,6,8.501436789210004e-06,2.489198434041384e-07,3.2376330594274805e-07
MOEX,43,CNN-WGAN-GP,7,1.2492215396342488e-05,8.759148957260265e-07,1.081532090552173e-07
MOEX,43,CNN-WGAN-GP,8,4.111789571048519e-06,3.24420433850392e-07,2.484270922309406e-08
MOEX,43,CNN-WGAN-GP,9,6.714180401434788e-06,8.245271712059576e-07,5.393163284850289e-07
MOEX,43,CNN-WGAN-GP,10,2.041798434770925e-05,1.951552767609499e-06,4.0657605815397346e-07
MOEX,43,CNN-WGAN-GP,11,3.2410319543707544e-06,2.7051538631361893e-07,1.642922029532201e-07
MOEX,43,CNN-WGAN-GP,12,1.0346753382517448e-05,8.216047888698341e-07,4.175857419852491e-07
MOEX,43,CNN-WGAN-GP,13,9.596599271244344e-06,7.584565155926981e-07,1.2051632047871408e-07
MOEX,43,CNN-WGAN-GP,14,8.427870088034695e-06,5.117100838614164e-07,5.768891142565735e-09
MOEX,43,CNN-WGAN-GP,15,7.80485539175757e-06,3.306133435909686e-07,1.6954111714539977e-07
MOEX,43,CNN-WGAN-GP,16,0.0,5.220399668104392e-08,1.1636823415983599e-07
MOEX,43,CNN-WGAN-GP,17,0.0,2.0889900920195714e-08,1.3341004923006494e-07
MOEX,43,CNN-WGAN-GP,18,4.592387331303627e-06,1.5592368618477792e-07,2.008867738823028e-09
MOEX,43,CNN-WGAN-GP,19,2.158471692936814e-06,6.027935557373354e-07,6.051141081542255e-07
MOEX,43,CONTROL: shuffled real,0,0.0,0.0,0.0
MOEX,43,CONTROL: shuffled real,1,0.0,0.0,0.0
MOEX,43,CONTROL: shuffled real,2,0.0,0.0,0.0
MOEX,43,CONTROL: shuffled real,3,0.0,0.0,0.0
MOEX,43,CONTROL: shuffled real,4,0.0,0.0,0.0
MOEX,43,CONTROL: shuffled real,5,0.0,0.0,0.0
MOEX,43,CONTROL: shuffled real,6,0.0,0.0,0.0
MOEX,43,CONTROL: shuffled real,7,0.0,0.0,0.0
MOEX,43,CONTROL: shuffled real,8,0.0,0.0,0.0
MOEX,43,CONTROL: shuffled real,9,0.0,0.0,0.0
MOEX,43,CONTROL: shuffled real,10,0.0,0.0,0.0
MOEX,43,CONTROL: shuffled real,11,0.0,0.0,0.0
MOEX,43,CONTROL: shuffled real,12,0.0,0.0,0.0
MOEX,43,CONTROL: shuffled real,13,0.0,0.0,0.0
MOEX,43,CONTROL: shuffled real,14,0.0,0.0,0.0
MOEX,43,CONTROL: shuffled real,15,0.0,0.0,0.0
MOEX,43,CONTROL: shuffled real,16,0.0,0.0,0.0
MOEX,43,CONTROL: shuffled real,17,0.0,0.0,0.0
MOEX,43,CONTROL: shuffled real,18,0.0,0.0,0.0
MOEX,43,CONTROL: shuffled real,19,0.0,0.0,0.0
MOEX,44,TimeGAN,0,1.0055381471918423e-05,7.802856845096073e-07,2.3739860743887675e-07
MOEX,44,TimeGAN,1,1.5552660844520005e-05,1.3577419721855222e-06,2.104680660863778e-07
MOEX,44,TimeGAN,2,2.0414891812592373e-06,7.297075912404694e-07,7.547511984284938e-07
MOEX,44,TimeGAN,3,2.0053916931495053e-06,6.371067318156065e-08,2.0664896283051348e-07
MOEX,44,TimeGAN,4,1.8389526199591444e-06,4.571852221246786e-07,3.5343281723498876e-07
MOEX,44,TimeGAN,5,1.974024366191429e-06,1.628460319924585e-07,2.8691891529319946e-08
MOEX,44,TimeGAN,6,1.0532814780361832e-05,5.749837048707462e-07,1.6784602330233156e-07
MOEX,44,TimeGAN,7,3.7848446083899034e-06,2.454072092206161e-07,6.568116983629579e-07
MOEX,44,TimeGAN,8,9.701360334624098e-06,6.754117012341965e-07,8.051277866627515e-08
MOEX,44,TimeGAN,9,9.574578099691422e-06,5.276409715815333e-07,4.878900945470832e-07
MOEX,44,TimeGAN,10,1.0211189679143473e-05,1.3445173889792272e-06,6.175857425461118e-07
MOEX,44,TimeGAN,11,4.224460270485508e-06,6.06123969015826e-07,2.8978667998558194e-07
MOEX,44,TimeGAN,12,9.194391336286856e-06,1.250515512696282e-06,1.1804500523737715e-06
MOEX,44,TimeGAN,13,4.725869648058989e-06,6.456975991664393e-07,3.7980775680068746e-07
MOEX,44,TimeGAN,14,8.784471380973713e-06,1.1161917830015966e-06,5.946724570549122e-07
MOEX,44,TimeGAN,15,1.2947607680224849e-05,1.1369050822995774e-06,5.572035295386968e-07
MOEX,44,TimeGAN,16,1.1655904019747254e-06,2.71930135520293e-07,5.786493169068763e-07
MOEX,44,TimeGAN,17,3.5771429511832764e-06,2.8179556355034663e-07,3.15950376972296e-08
MOEX,44,TimeGAN,18,5.188430236557906e-07,2.1720383491796724e-07,3.873962306499834e-07
MOEX,44,TimeGAN,19,2.2072111800497396e-06,1.1648508002615188e-07,1.5371907124972495e-07
MOEX,44,GARCH,0,0.0,0.0,0.0
MOEX,44,GARCH,1,0.0,0.0,0.0
MOEX,44,GARCH,2,0.0,0.0,0.0
MOEX,44,GARCH,3,0.0,0.0,0.0
MOEX,44,GARCH,4,0.0,0.0,0.0
MOEX,44,GARCH,5,0.0,0.0,0.0
MOEX,44,GARCH,6,0.0,0.0,0.0
MOEX,44,GARCH,7,0.0,0.0,0.0
MOEX,44,GARCH,8,0.0,0.0,0.0
MOEX,44,GARCH,9,0.0,0.0,0.0
MOEX,44,GARCH,10,0.0,0.0,0.0
MOEX,44,GARCH,11,0.0,0.0,0.0
MOEX,44,GARCH,12,0.0,0.0,0.0
MOEX,44,GARCH,13,0.0,0.0,0.0
MOEX,44,GARCH,14,0.0,0.0,0.0
MOEX,44,GARCH,15,0.0,0.0,0.0
MOEX,44,GARCH,16,0.0,0.0,0.0
MOEX,44,GARCH,17,0.0,0.0,0.0
MOEX,44,GARCH,18,0.0,0.0,0.0
MOEX,44,GARCH,19,0.0,0.0,0.0
MOEX,44,QuantGAN,0,8.762739432732758e-06,1.019167843452351e-06,3.695374193313228e-07
MOEX,44,QuantGAN,1,1.0186279739698989e-05,1.3554678108818052e-06,5.024091791483443e-07
MOEX,44,QuantGAN,2,3.9745222508713596e-06,1.757513934386168e-08,3.914686743655693e-07
MOEX,44,QuantGAN,3,1.4696955301651826e-05,9.653704988732414e-07,1.2870881604953865e-07
MOEX,44,QuantGAN,4,1.142245942631348e-05,5.490391576934428e-07,8.452351121235324e-07
MOEX,44,QuantGAN,5,0.0,1.5366961769736065e-07,2.1219284107587555e-07
MOEX,44,QuantGAN,6,3.981013289688917e-06,4.5536756387853927e-07,3.578970684259275e-07
MOEX,44,QuantGAN,7,3.194888863689016e-06,2.3496983247994763e-08,2.951728728106673e-07
MOEX,44,QuantGAN,8,3.1162511513471713e-06,7.019079959480479e-07,5.00564345529142e-07
MOEX,44,QuantGAN,9,5.72175533353203e-06,2.7009570469083144e-07,2.700935475274946e-08
MOEX,44,QuantGAN,10,1.1059059048967868e-05,1.381436775860223e-06,5.593077556653725e-07
MOEX,44,QuantGAN,11,9.35607352925416e-06,4.901041734672873e-07,3.7689800791440575e-07
MOEX,44,QuantGAN,12,3.7402715475920445e-06,1.5842952882927364e-07,6.983456035669633e-07
MOEX,44,QuantGAN,13,1.2486716012727328e-05,8.756023726075313e-07,3.5440569412514833e-07
MOEX,44,QuantGAN,14,1.456065549998442e-05,9.388083774819478e-07,2.2815102873607884e-07
MOEX,44,QuantGAN,15,8.824764817116915e-06,7.578747025505095e-07,1.7552302722378954e-07
MOEX,44,QuantGAN,16,1.9282214902549555e-05,1.74937299868283e-06,1.169872732020849e-08
MOEX,44,QuantGAN,17,4.316033448859002e-06,4.995629607762453e-07,3.4793941949828877e-07
MOEX,44,QuantGAN,18,5.368683706485911e-07,3.408786453107382e-08,1.4853628194089197e-07
MOEX,44,QuantGAN,19,7.412889423630276e-06,5.404134766351376e-07,1.5265573516387576e-07
MOEX,44,GJR-GARCH,0,0.0,0.0,0.0
MOEX,44,GJR-GARCH,1,0.0,0.0,0.0
MOEX,44,GJR-GARCH,2,0.0,0.0,0.0
MOEX,44,GJR-GARCH,3,0.0,0.0,0.0
MOEX,44,GJR-GARCH,4,0.0,0.0,0.0
MOEX,44,GJR-GARCH,5,0.0,0.0,0.0
MOEX,44,GJR-GARCH,6,0.0,0.0,0.0
MOEX,44,GJR-GARCH,7,0.0,0.0,0.0
MOEX,44,GJR-GARCH,8,0.0,0.0,0.0
MOEX,44,GJR-GARCH,9,0.0,0.0,0.0
MOEX,44,GJR-GARCH,10,0.0,0.0,0.0
MOEX,44,GJR-GARCH,11,0.0,0.0,0.0
MOEX,44,GJR-GARCH,12,0.0,0.0,0.0
MOEX,44,GJR-GARCH,13,0.0,0.0,0.0
MOEX,44,GJR-GARCH,14,0.0,0.0,0.0
MOEX,44,GJR-GARCH,15,0.0,0.0,0.0
MOEX,44,GJR-GARCH,16,0.0,0.0,0.0
MOEX,44,GJR-GARCH,17,0.0,0.0,0.0
MOEX,44,GJR-GARCH,18,0.0,0.0,0.0
MOEX,44,GJR-GARCH,19,0.0,0.0,0.0
MOEX,44,CNN-WGAN-GP,0,7.330762143986647e-07,1.0997798094436462e-07,1.3890972461183537e-07
MOEX,44,CNN-WGAN-GP,1,1.4864147481752354e-05,1.2835058542659539e-06,4.823594874636683e-07
MOEX,44,CNN-WGAN-GP,2,5.713735218737526e-06,3.4619150324211034e-07,4.349119464563955e-08
MOEX,44,CNN-WGAN-GP,3,4.304159345824843e-06,1.6252477363920548e-08,2.2148544864819542e-07
MOEX,44,CNN-WGAN-GP,4,1.836108971930983e-05,1.2473417931868624e-06,1.5346182102859984e-07
MOEX,44,CNN-WGAN-GP,5,2.7611933502313946e-05,2.724419501332065e-06,9.091269035366167e-07
MOEX,44,CNN-WGAN-GP,6,1.033820804607899e-05,7.411234073106954e-07,4.5637978729473616e-08
MOEX,44,CNN-WGAN-GP,7,1.1165624089759518e-05,4.833251658897808e-07,2.4464309511529336e-07
MOEX,44,CNN-WGAN-GP,8,1.2042660060274102e-06,2.0346034967921867e-07,5.291507463311973e-07
MOEX,44,CNN-WGAN-GP,9,6.973669806953353e-06,1.7561133147658836e-07,5.23484649406214e-07
MOEX,44,CNN-WGAN-GP,10,6.667377915103856e-06,6.192357167034146e-07,2.7045967598837706e-07
MOEX,44,CNN-WGAN-GP,11,0.0,1.5183869295221086e-07,2.6082527782023135e-07
MOEX,44,CNN-WGAN-GP,12,9.99823639658004e-06,1.1784528413105733e-06,1.118851393755449e-07
MOEX,44,CNN-WGAN-GP,13,6.099811045157111e-06,2.73089511670932e-07,2.47150575560795e-07
MOEX,44,CNN-WGAN-GP,14,3.952960980768694e-06,1.585416891103364e-07,3.195018951629436e-07
MOEX,44,CNN-WGAN-GP,15,4.576633254593787e-06,2.5412855086948127e-07,1.8053504646786678e-07
MOEX,44,CNN-WGAN-GP,16,8.88798372722377e-06,7.593271185157846e-07,2.497495845688036e-07
MOEX,44,CNN-WGAN-GP,17,1.0922383623768184e-05,7.58062330907805e-07,3.2881878553325805e-08
MOEX,44,CNN-WGAN-GP,18,1.8486351143209845e-06,1.613498121777468e-07,1.5852946511074606e-07
MOEX,44,CNN-WGAN-GP,19,7.668121750459278e-06,8.374345497053071e-07,4.930843537920282e-07
MOEX,44,CONTROL: shuffled real,0,0.0,0.0,0.0
MOEX,44,CONTROL: shuffled real,1,0.0,0.0,0.0
MOEX,44,CONTROL: shuffled real,2,0.0,0.0,0.0
MOEX,44,CONTROL: shuffled real,3,0.0,0.0,0.0
MOEX,44,CONTROL: shuffled real,4,0.0,0.0,0.0
MOEX,44,CONTROL: shuffled real,5,0.0,0.0,0.0
MOEX,44,CONTROL: shuffled real,6,0.0,0.0,0.0
MOEX,44,CONTROL: shuffled real,7,0.0,0.0,0.0
MOEX,44,CONTROL: shuffled real,8,0.0,0.0,0.0
MOEX,44,CONTROL: shuffled real,9,0.0,0.0,0.0
MOEX,44,CONTROL: shuffled real,10,0.0,0.0,0.0
MOEX,44,CONTROL: shuffled real,11,0.0,0.0,0.0
MOEX,44,CONTROL: shuffled real,12,0.0,0.0,0.0
MOEX,44,CONTROL: shuffled real,13,0.0,0.0,0.0
MOEX,44,CONTROL: shuffled real,14,0.0,0.0,0.0
MOEX,44,CONTROL: shuffled real,15,0.0,0.0,0.0
MOEX,44,CONTROL: shuffled real,16,0.0,0.0,1.7763568394002505e-15
MOEX,44,CONTROL: shuffled real,17,0.0,0.0,0.0
MOEX,44,CONTROL: shuffled real,18,0.0,0.0,0.0
MOEX,44,CONTROL: shuffled real,19,0.0,0.0,0.0
NIFTY50,42,TimeGAN,0,2.650846724350231e-07,2.0562513691757545e-07,1.2832997597911344e-07
NIFTY50,42,TimeGAN,1,6.067081959049148e-06,2.0191071437025698e-07,5.36356409952532e-07
NIFTY50,42,TimeGAN,2,1.708827936042212e-06,1.2727428289061038e-07,3.1829103974700956e-07
NIFTY50,42,TimeGAN,3,5.265140370802612e-06,4.921360179377388e-07,1.5168526878994726e-07
NIFTY50,42,TimeGAN,4,2.851036295048459e-06,4.5887491118001833e-07,1.0862407577860722e-06
NIFTY50,42,TimeGAN,5,1.0603628726180148e-06,6.427866172664665e-07,9.167994736714036e-07
NIFTY50,42,TimeGAN,6,4.477407931080535e-06,4.113686760121027e-07,8.896051006956895e-08
NIFTY50,42,TimeGAN,7,2.6042959521355158e-05,3.2982822952831725e-06,8.387700560774647e-07
NIFTY50,42,TimeGAN,8,2.650831788297836e-06,7.101821521970919e-07,1.6411682057793087e-06
NIFTY50,42,TimeGAN,9,3.6734590347364815e-06,1.2134440430244808e-07,9.203035258309455e-07
NIFTY50,42,TimeGAN,10,7.97902017435348e-06,1.4666722663037035e-06,9.469348167812086e-07
NIFTY50,42,TimeGAN,11,3.013438016186143e-05,3.6400363969679717e-06,5.823841284779974e-07
NIFTY50,42,TimeGAN,12,1.4729765379861703e-05,2.0946076644268175e-06,2.6861325075344666e-07
NIFTY50,42,TimeGAN,13,0.0,1.0947151318774218e-07,7.903366849859594e-09
NIFTY50,42,TimeGAN,14,1.2362693642131717e-06,7.374788755232231e-07,1.038471088676829e-06
NIFTY50,42,TimeGAN,15,2.6068884184660135e-06,4.967462670091294e-07,4.5428536310510026e-07
NIFTY50,42,TimeGAN,16,8.401662547896649e-06,1.1935917010319486e-06,7.804237256436863e-09
NIFTY50,42,TimeGAN,17,1.602789661259152e-05,2.1417876721052664e-06,4.6017394339514794e-09
NIFTY50,42,TimeGAN,18,1.780394759887116e-05,2.4574371868535394e-06,5.976529546813936e-07
NIFTY50,42,TimeGAN,19,5.582801190673337e-06,2.674124484070006e-07,1.6501696755710782e-06
NIFTY50,42,GARCH,0,0.0,0.0,0.0
NIFTY50,42,GARCH,1,0.0,0.0,0.0
NIFTY50,42,GARCH,2,0.0,0.0,0.0
NIFTY50,42,GARCH,3,0.0,0.0,0.0
NIFTY50,42,GARCH,4,0.0,0.0,0.0
NIFTY50,42,GARCH,5,0.0,0.0,0.0
NIFTY50,42,GARCH,6,0.0,0.0,0.0
NIFTY50,42,GARCH,7,0.0,0.0,0.0
NIFTY50,42,GARCH,8,0.0,0.0,0.0
NIFTY50,42,GARCH,9,0.0,0.0,0.0
NIFTY50,42,GARCH,10,0.0,0.0,0.0
NIFTY50,42,GARCH,11,0.0,0.0,0.0
NIFTY50,42,GARCH,12,0.0,0.0,0.0
NIFTY50,42,GARCH,13,0.0,0.0,0.0
NIFTY50,42,GARCH,14,0.0,0.0,0.0
NIFTY50,42,GARCH,15,0.0,0.0,0.0
NIFTY50,42,GARCH,16,0.0,0.0,0.0
NIFTY50,42,GARCH,17,0.0,0.0,0.0
NIFTY50,42,GARCH,18,0.0,0.0,0.0
NIFTY50,42,GARCH,19,0.0,0.0,0.0
NIFTY50,42,QuantGAN,0,2.148940427781909e-05,2.7501515291739054e-06,4.824218784449386e-07
NIFTY50,42,QuantGAN,1,4.708545843890022e-06,1.730802163812939e-07,2.8957849984578843e-07
NIFTY50,42,QuantGAN,2,8.559871676361297e-06,6.599883690672215e-07,2.7612358444173424e-07
NIFTY50,42,QuantGAN,3,2.3871594003743724e-06,3.773388690397894e-07,2.7856149387162077e-07
NIFTY50,42,QuantGAN,4,4.615306264277308e-06,1.6118381229723866e-07,2.671126093645171e-07
NIFTY50,42,QuantGAN,5,0.0,4.0454269267797827e-08,2.2743181560258563e-08
NIFTY50,42,QuantGAN,6,2.2660760117254597e-06,4.878281518738703e-07,5.151226201149939e-07
NIFTY50,42,QuantGAN,7,8.474750953002541e-06,8.924715171332309e-07,2.497327908912439e-07
NIFTY50,42,QuantGAN,8,6.211685963375402e-06,6.361831346168856e-07,4.732842011634375e-07
NIFTY50,42,QuantGAN,9,4.375145346457998e-06,1.6877011010940635e-07,9.669390088618002e-08
NIFTY50,42,QuantGAN,10,3.2925486466162113e-06,3.135798569697812e-07,1.8724812456127893e-07
NIFTY50,42,QuantGAN,11,4.15804401532327e-06,1.4230497358269645e-07,2.1500453151190868e-07
NIFTY50,42,QuantGAN,12,4.075812168657933e-06,1.0997086774544584e-07,6.299591159830698e-07
NIFTY50,42,QuantGAN,13,3.931801006995528e-06,4.000041409213395e-09,2.3249911151879132e-07
NIFTY50,42,QuantGAN,14,1.0770913467794685e-05,8.052548268189241e-07,6.132791394719561e-07
NIFTY50,42,QuantGAN,15,4.918919749741235e-06,1.5910181305756055e-07,5.495178800885014e-07
NIFTY50,42,QuantGAN,16,7.50622326117778e-06,7.813372200349278e-07,2.4899514095011455e-07
NIFTY50,42,QuantGAN,17,9.627237241627284e-06,4.399990145564914e-07,3.1225713215121687e-07
NIFTY50,42,QuantGAN,18,3.58069063288724e-06,2.6949456777281e-07,5.529288138461652e-08
NIFTY50,42,QuantGAN,19,1.2898269186489841e-05,9.491776986614298e-07,1.925482067122175e-07
NIFTY50,42,GJR-GARCH,0,0.0,0.0,0.0
NIFTY50,42,GJR-GARCH,1,0.0,0.0,0.0
NIFTY50,42,GJR-GARCH,2,0.0,0.0,0.0
NIFTY50,42,GJR-GARCH,3,0.0,0.0,0.0
NIFTY50,42,GJR-GARCH,4,0.0,0.0,0.0
NIFTY50,42,GJR-GARCH,5,0.0,0.0,0.0
NIFTY50,42,GJR-GARCH,6,0.0,0.0,0.0
NIFTY50,42,GJR-GARCH,7,0.0,0.0,0.0
NIFTY50,42,GJR-GARCH,8,0.0,0.0,0.0
NIFTY50,42,GJR-GARCH,9,0.0,0.0,0.0
NIFTY50,42,GJR-GARCH,10,0.0,0.0,0.0
NIFTY50,42,GJR-GARCH,11,0.0,0.0,0.0
NIFTY50,42,GJR-GARCH,12,0.0,0.0,0.0
NIFTY50,42,GJR-GARCH,13,0.0,0.0,0.0
NIFTY50,42,GJR-GARCH,14,0.0,0.0,0.0
NIFTY50,42,GJR-GARCH,15,0.0,0.0,0.0
NIFTY50,42,GJR-GARCH,16,0.0,0.0,0.0
NIFTY50,42,GJR-GARCH,17,0.0,0.0,0.0
NIFTY50,42,GJR-GARCH,18,0.0,0.0,0.0
NIFTY50,42,GJR-GARCH,19,0.0,0.0,0.0
NIFTY50,42,CNN-WGAN-GP,0,3.7161657067130704e-06,3.9336133261791417e-07,1.690540525345341e-07
NIFTY50,42,CNN-WGAN-GP,1,7.702168988377167e-06,3.1327399008240775e-07,3.0930403838169696e-07
NIFTY50,42,CNN-WGAN-GP,2,1.1415553200500028e-05,1.1093253289296001e-06,5.444423294420631e-07
NIFTY50,42,CNN-WGAN-GP,3,6.969021814740017e-06,1.578543205038585e-07,9.878900133486468e-07
NIFTY50,42,CNN-WGAN-GP,4,6.07729067114704e-06,3.759734543695714e-07,1.576256725144276e-07
NIFTY50,42,CNN-WGAN-GP,5,1.8065294802305232e-06,3.6301679218198046e-08,2.2763376428258653e-07
NIFTY50,42,CNN-WGAN-GP,6,5.2180550063063436e-06,3.8689596681962257e-07,9.562607061752715e-08
NIFTY50,42,CNN-WGAN-GP,7,3.64532057650635e-06,1.2451878128594274e-07,1.7848338806913944e-07
NIFTY50,42,CNN-WGAN-GP,8,4.986134083395655e-06,2.39090302667222e-07,1.660070747533382e-07
NIFTY50,42,CNN-WGAN-GP,9,4.445150689313948e-06,6.570738679823052e-07,5.489719612228328e-07
NIFTY50,42,CNN-WGAN-GP,10,5.950628074291586e-06,5.362798465302632e-07,3.1495795660418935e-07
NIFTY50,42,CNN-WGAN-GP,11,7.459935589260169e-07,4.030726685755326e-08,1.3928355357961664e-08
NIFTY50,42,CNN-WGAN-GP,12,4.1924665299397645e-06,1.7467854118713433e-07,1.3966978684720743e-08
NIFTY50,42,CNN-WGAN-GP,13,5.263513105813189e-06,2.800757665788467e-07,1.6569194372095808e-07
NIFTY50,42,CNN-WGAN-GP,14,1.5059450593213342e-06,5.459230907334245e-07,5.655941190951808e-07
NIFTY50,42,CNN-WGAN-GP,15,0.0,4.902599970435517e-08,2.2432867119448474e-07
NIFTY50,42,CNN-WGAN-GP,16,7.0202321844625715e-06,6.071265228335676e-07,2.0927063104636545e-07
NIFTY50,42,CNN-WGAN-GP,17,1.6095248728476008e-05,9.228068056366112e-07,7.056484481182679e-07
NIFTY50,42,CNN-WGAN-GP,18,0.0,8.935921558261839e-09,1.581425479457721e-08
NIFTY50,42,CNN-WGAN-GP,19,4.6530746988793226e-07,1.1408878952678947e-08,3.242678126014198e-08
NIFTY50,42,CONTROL: shuffled real,0,0.0,0.0,0.0
NIFTY50,42,CONTROL: shuffled real,1,0.0,0.0,0.0
NIFTY50,42,CONTROL: shuffled real,2,0.0,0.0,0.0
NIFTY50,42,CONTROL: shuffled real,3,0.0,0.0,0.0
NIFTY50,42,CONTROL: shuffled real,4,0.0,0.0,0.0
NIFTY50,42,CONTROL: shuffled real,5,0.0,0.0,0.0
NIFTY50,42,CONTROL: shuffled real,6,0.0,0.0,0.0
NIFTY50,42,CONTROL: shuffled real,7,0.0,0.0,0.0
NIFTY50,42,CONTROL: shuffled real,8,0.0,0.0,0.0
NIFTY50,42,CONTROL: shuffled real,9,0.0,0.0,0.0
NIFTY50,42,CONTROL: shuffled real,10,0.0,0.0,0.0
NIFTY50,42,CONTROL: shuffled real,11,0.0,0.0,0.0
NIFTY50,42,CONTROL: shuffled real,12,0.0,0.0,0.0
NIFTY50,42,CONTROL: shuffled real,13,0.0,0.0,0.0
NIFTY50,42,CONTROL: shuffled real,14,0.0,0.0,0.0
NIFTY50,42,CONTROL: shuffled real,15,0.0,0.0,0.0
NIFTY50,42,CONTROL: shuffled real,16,0.0,0.0,0.0
NIFTY50,42,CONTROL: shuffled real,17,0.0,0.0,0.0
NIFTY50,42,CONTROL: shuffled real,18,0.0,0.0,0.0
NIFTY50,42,CONTROL: shuffled real,19,0.0,0.0,0.0
NIFTY50,43,TimeGAN,0,1.137002951345778e-06,3.5197614600690486e-08,2.2222369899793648e-07
NIFTY50,43,TimeGAN,1,9.610339738230778e-06,8.59767729011196e-07,6.527877616235855e-08
NIFTY50,43,TimeGAN,2,8.939049953582412e-06,2.93830870301548e-07,4.2315419968019796e-07
NIFTY50,43,TimeGAN,3,4.181169387162953e-06,1.4997393416038562e-07,2.8055190171016875e-07
NIFTY50,43,TimeGAN,4,5.732763214361114e-06,1.453360838343798e-07,1.1814449649705239e-06
NIFTY50,43,TimeGAN,5,2.417594819004165e-06,3.6274991521700883e-07,2.1690471641022668e-07
NIFTY50,43,TimeGAN,6,2.1909978138001662e-05,1.5228054632832055e-06,3.7438497102471047e-07
NIFTY50,43,TimeGAN,7,8.29307030869586e-06,4.169043088531055e-07,2.421891611703586e-07
NIFTY50,43,TimeGAN,8,6.3439011532828715e-06,8.531286048718556e-07,3.7575589395544284e-07
NIFTY50,43,TimeGAN,9,4.852709396097055e-06,1.9755816427213801e-07,4.0236283282979457e-07
NIFTY50,43,TimeGAN,10,1.2990511016219841e-05,1.2602877430545334e-06,2.9794717626430156e-07
NIFTY50,43,TimeGAN,11,9.967459177584459e-06,8.307375718441534e-07,7.990250949774236e-08
NIFTY50,43,TimeGAN,12,3.645676911911977e-06,1.7272761110298518e-07,9.510329768147585e-08
NIFTY50,43,TimeGAN,13,3.046648385129913e-06,3.6988922813563363e-07,3.952714724420048e-07
NIFTY50,43,TimeGAN,14,1.3289659858806147e-05,1.03508057924806e-06,7.237411914218228e-08
NIFTY50,43,TimeGAN,15,1.7233009787176456e-05,1.564310750934439e-06,5.929671011983828e-07
NIFTY50,43,TimeGAN,16,7.495035557969487e-06,3.7421309317942075e-07,9.885896012917783e-08
NIFTY50,43,TimeGAN,17,1.3490873761234923e-05,1.2228180805706756e-06,5.311949493602697e-07
NIFTY50,43,TimeGAN,18,5.986011233360955e-07,3.536028387873813e-07,8.032615390618503e-07
NIFTY50,43,TimeGAN,19,7.3279180861085536e-06,5.326318686105225e-07,1.5880159232040114e-07
NIFTY50,43,GARCH,0,0.0,0.0,0.0
NIFTY50,43,GARCH,1,0.0,0.0,0.0
NIFTY50,43,GARCH,2,0.0,0.0,0.0
NIFTY50,43,GARCH,3,0.0,0.0,0.0
NIFTY50,43,GARCH,4,0.0,0.0,0.0
NIFTY50,43,GARCH,5,0.0,0.0,0.0
NIFTY50,43,GARCH,6,0.0,0.0,0.0
NIFTY50,43,GARCH,7,0.0,0.0,0.0
NIFTY50,43,GARCH,8,0.0,0.0,0.0
NIFTY50,43,GARCH,9,0.0,0.0,0.0
NIFTY50,43,GARCH,10,0.0,0.0,0.0
NIFTY50,43,GARCH,11,0.0,0.0,0.0
NIFTY50,43,GARCH,12,0.0,0.0,0.0
NIFTY50,43,GARCH,13,0.0,0.0,0.0
NIFTY50,43,GARCH,14,0.0,0.0,0.0
NIFTY50,43,GARCH,15,0.0,0.0,0.0
NIFTY50,43,GARCH,16,0.0,0.0,0.0
NIFTY50,43,GARCH,17,0.0,0.0,0.0
NIFTY50,43,GARCH,18,0.0,0.0,0.0
NIFTY50,43,GARCH,19,0.0,0.0,0.0
NIFTY50,43,QuantGAN,0,0.0,4.526930430515108e-08,1.3567041357021026e-07
NIFTY50,43,QuantGAN,1,1.226050994462824e-05,6.023496674778528e-07,6.474042635318256e-09
NIFTY50,43,QuantGAN,2,1.5325687384937225e-05,1.4318932357593184e-06,1.6823615212047116e-07
NIFTY50,43,QuantGAN,3,5.071021520475227e-06,3.4565998863200775e-07,7.417970060430434e-08
NIFTY50,43,QuantGAN,4,1.2257479979016495e-05,8.13377221131617e-07,5.4177888841877575e-09
NIFTY50,43,QuantGAN,5,2.4014113377823776e-06,2.648548693695574e-07,2.1506905412138622e-07
NIFTY50,43,QuantGAN,6,4.264814522869642e-06,4.487314670953424e-07,2.9510738919213964e-07
NIFTY50,43,QuantGAN,7,9.75343250830818e-06,5.32528070085192e-07,2.6841573230740323e-07
NIFTY50,43,QuantGAN,8,1.5464043410240436e-06,2.0830029034968334e-08,2.1124970217556438e-07
NIFTY50,43,QuantGAN,9,1.607061963371237e-05,1.0929817064742053e-06,1.3630050155200024e-07
NIFTY50,43,QuantGAN,10,5.33904337585156e-06,1.7213360758994156e-07,1.3680353205813844e-07
NIFTY50,43,QuantGAN,11,5.836269132863947e-06,6.186823928722163e-07,2.8025772280670935e-07
NIFTY50,43,QuantGAN,12,5.681779573052381e-06,1.979722004108453e-07,3.793269733876059e-07
NIFTY50,43,QuantGAN,13,8.923482232248148e-06,6.891644039885847e-07,3.5134411291437573e-07
NIFTY50,43,QuantGAN,14,5.2422316092481935e-06,4.5848955765315225e-07,2.1776542524776232e-07
NIFTY50,43,QuantGAN,15,4.685687299499364e-06,3.8515591915810887e-07,2.696915792910204e-07
NIFTY50,43,QuantGAN,16,1.079771238376992e-05,8.186987758840303e-07,8.912484972256607e-08
NIFTY50,43,QuantGAN,17,5.138884196398408e-06,2.77550322502762e-07,4.421433885681836e-07
NIFTY50,43,QuantGAN,18,1.8909650205678474e-06,1.264855051807956e-07,2.9147660285389065e-08
NIFTY50,43,QuantGAN,19,1.3950662394179858e-06,3.5545247167867444e-07,4.853951640626519e-07
NIFTY50,43,GJR-GARCH,0,0.0,0.0,0.0
NIFTY50,43,GJR-GARCH,1,0.0,0.0,0.0
NIFTY50,43,GJR-GARCH,2,0.0,0.0,0.0
NIFTY50,43,GJR-GARCH,3,0.0,0.0,0.0
NIFTY50,43,GJR-GARCH,4,0.0,0.0,0.0
NIFTY50,43,GJR-GARCH,5,0.0,0.0,0.0
NIFTY50,43,GJR-GARCH,6,0.0,0.0,0.0
NIFTY50,43,GJR-GARCH,7,0.0,0.0,0.0
NIFTY50,43,GJR-GARCH,8,0.0,0.0,0.0
NIFTY50,43,GJR-GARCH,9,0.0,0.0,0.0
NIFTY50,43,GJR-GARCH,10,0.0,0.0,0.0
NIFTY50,43,GJR-GARCH,11,0.0,0.0,0.0
NIFTY50,43,GJR-GARCH,12,0.0,0.0,0.0
NIFTY50,43,GJR-GARCH,13,0.0,0.0,0.0
NIFTY50,43,GJR-GARCH,14,0.0,0.0,0.0
NIFTY50,43,GJR-GARCH,15,0.0,0.0,0.0
NIFTY50,43,GJR-GARCH,16,0.0,0.0,0.0
NIFTY50,43,GJR-GARCH,17,0.0,0.0,0.0
NIFTY50,43,GJR-GARCH,18,0.0,0.0,0.0
NIFTY50,43,GJR-GARCH,19,0.0,0.0,0.0
NIFTY50,43,CNN-WGAN-GP,0,0.0,1.1180695169699106e-07,9.220225472006405e-08
NIFTY50,43,CNN-WGAN-GP,1,3.7230471430227396e-06,2.3523114589529825e-07,8.032893461518142e-09
NIFTY50,43,CNN-WGAN-GP,2,5.130078122306259e-06,2.5041307605278007e-07,5.570578665015091e-08
NIFTY50,43,CNN-WGAN-GP,3,2.00997051051921e-05,1.1002760877953932e-06,4.457806017654775e-07
NIFTY50,43,CNN-WGAN-GP,4,1.1222137739075322e-06,2.73728446575916e-07,5.132731306645155e-07
NIFTY50,43,CNN-WGAN-GP,5,4.300767541209893e-06,5.577096546804938e-07,5.01008667441738e-07
NIFTY50,43,CNN-WGAN-GP,6,8.148744150560105e-06,8.406699048002508e-07,4.271100859654098e-07
NIFTY50,43,CNN-WGAN-GP,7,1.179912282855966e-05,6.347223922009704e-07,1.8933795686848498e-07
NIFTY50,43,CNN-WGAN-GP,8,8.964170386871473e-06,7.106865407280338e-07,3.020037429024569e-07
NIFTY50,43,CNN-WGAN-GP,9,1.4208772802781766e-06,1.8483876407238142e-07,2.438957285022525e-07
NIFTY50,43,CNN-WGAN-GP,10,3.553130816236205e-07,2.434439563270274e-07,4.349113016388628e-07
NIFTY50,43,CNN-WGAN-GP,11,1.1654203023514498e-05,3.082608106552698e-07,6.400704428699555e-07
NIFTY50,43,CNN-WGAN-GP,12,8.15249874408508e-06,4.902046011334704e-07,2.015408337996405e-07
NIFTY50,43,CNN-WGAN-GP,13,4.655685723164993e-06,5.170804295850928e-08,3.8480896691339694e-07
NIFTY50,43,CNN-WGAN-GP,14,5.634961891765045e-06,2.256098827757569e-07,2.622578136879383e-07
NIFTY50,43,CNN-WGAN-GP,15,9.564140654116926e-06,9.157135265613903e-07,9.896578134771516e-08
NIFTY50,43,CNN-WGAN-GP,16,3.876929934865103e-06,2.4838742906929667e-07,2.454537550988789e-08
NIFTY50,43,CNN-WGAN-GP,17,3.433049503787089e-06,1.6481356812647618e-07,3.951255731493575e-07
NIFTY50,43,CNN-WGAN-GP,18,1.4496996003643403e-06,2.837074923878191e-07,2.924187398889444e-07
NIFTY50,43,CNN-WGAN-GP,19,1.1336475758128017e-08,1.730468177640887e-07,1.5216359372516308e-07
NIFTY50,43,CONTROL: shuffled real,0,0.0,0.0,0.0
NIFTY50,43,CONTROL: shuffled real,1,0.0,0.0,0.0
NIFTY50,43,CONTROL: shuffled real,2,0.0,0.0,0.0
NIFTY50,43,CONTROL: shuffled real,3,0.0,0.0,0.0
NIFTY50,43,CONTROL: shuffled real,4,0.0,0.0,0.0
NIFTY50,43,CONTROL: shuffled real,5,0.0,0.0,0.0
NIFTY50,43,CONTROL: shuffled real,6,0.0,0.0,0.0
NIFTY50,43,CONTROL: shuffled real,7,0.0,0.0,0.0
NIFTY50,43,CONTROL: shuffled real,8,0.0,0.0,0.0
NIFTY50,43,CONTROL: shuffled real,9,0.0,0.0,0.0
NIFTY50,43,CONTROL: shuffled real,10,0.0,0.0,0.0
NIFTY50,43,CONTROL: shuffled real,11,0.0,0.0,0.0
NIFTY50,43,CONTROL: shuffled real,12,0.0,0.0,0.0
NIFTY50,43,CONTROL: shuffled real,13,0.0,0.0,0.0
NIFTY50,43,CONTROL: shuffled real,14,0.0,0.0,0.0
NIFTY50,43,CONTROL: shuffled real,15,0.0,0.0,0.0
NIFTY50,43,CONTROL: shuffled real,16,0.0,0.0,0.0
NIFTY50,43,CONTROL: shuffled real,17,0.0,0.0,0.0
NIFTY50,43,CONTROL: shuffled real,18,0.0,0.0,0.0
NIFTY50,43,CONTROL: shuffled real,19,0.0,0.0,0.0
NIFTY50,44,TimeGAN,0,6.502362865035138e-06,4.3808056982008736e-07,1.2585294442146733e-06
NIFTY50,44,TimeGAN,1,7.73875143611491e-06,6.877556131268392e-07,5.979954948998056e-07
NIFTY50,44,TimeGAN,2,4.172303404992306e-06,1.733613748111651e-07,5.858953127102495e-07
NIFTY50,44,TimeGAN,3,9.833759730959457e-07,4.006817351243086e-07,5.286472060106462e-07
NIFTY50,44,TimeGAN,4,0.0,3.255161882265156e-07,9.194173120619098e-07
NIFTY50,44,TimeGAN,5,9.418434617547433e-06,1.4326316022383878e-06,6.060226311888073e-07
NIFTY50,44,TimeGAN,6,6.404354431666093e-06,1.1203259626668682e-06,1.1603563088158353e-07
NIFTY50,44,TimeGAN,7,1.5215797779521978e-05,2.6157244066293828e-06,5.344038900290116e-07
NIFTY50,44,TimeGAN,8,3.9785397132341416e-06,1.893377816752917e-07,1.1873691310171353e-06
NIFTY50,44,TimeGAN,9,8.609796625869137e-06,1.6435077943022236e-06,7.816686249384475e-07
NIFTY50,44,TimeGAN,10,0.0,4.091095622271723e-07,8.773106969783839e-07
NIFTY50,44,TimeGAN,11,1.3826897407476224e-05,2.350863493427724e-06,1.1371238901602965e-06
NIFTY50,44,TimeGAN,12,1.2679014436134395e-05,1.6892561469639134e-06,2.640346536963989e-07
NIFTY50,44,TimeGAN,13,3.974876584766918e-06,5.466470454074113e-07,3.226413838319786e-07
NIFTY50,44,TimeGAN,14,4.2278265421913375e-07,5.961510733953901e-07,9.205624653674249e-07
NIFTY50,44,TimeGAN,15,1.4167474002402258e-05,2.3710892917971904e-06,7.747327934737314e-07
NIFTY50,44,TimeGAN,16,9.596386070676033e-06,1.3128499143366668e-06,3.6612330944763016e-09
NIFTY50,44,TimeGAN,17,8.868352495472465e-06,1.145707194449841e-06,5.2811001793884316e-08
NIFTY50,44,TimeGAN,18,1.1481915978883706e-05,1.6389475447908808e-06,1.8071327900770484e-07
NIFTY50,44,TimeGAN,19,1.7539478691652732e-06,4.825082970949524e-07,4.432365408035821e-07
NIFTY50,44,GARCH,0,0.0,0.0,0.0
NIFTY50,44,GARCH,1,0.0,0.0,0.0
NIFTY50,44,GARCH,2,0.0,0.0,0.0
NIFTY50,44,GARCH,3,0.0,0.0,0.0
NIFTY50,44,GARCH,4,0.0,0.0,0.0
NIFTY50,44,GARCH,5,0.0,0.0,0.0
NIFTY50,44,GARCH,6,0.0,0.0,0.0
NIFTY50,44,GARCH,7,0.0,0.0,0.0
NIFTY50,44,GARCH,8,0.0,0.0,0.0
NIFTY50,44,GARCH,9,0.0,0.0,0.0
NIFTY50,44,GARCH,10,0.0,0.0,0.0
NIFTY50,44,GARCH,11,0.0,0.0,0.0
NIFTY50,44,GARCH,12,0.0,0.0,0.0
NIFTY50,44,GARCH,13,0.0,0.0,0.0
NIFTY50,44,GARCH,14,0.0,0.0,0.0
NIFTY50,44,GARCH,15,0.0,0.0,0.0
NIFTY50,44,GARCH,16,0.0,0.0,0.0
NIFTY50,44,GARCH,17,0.0,0.0,0.0
NIFTY50,44,GARCH,18,0.0,0.0,0.0
NIFTY50,44,GARCH,19,0.0,0.0,0.0
NIFTY50,44,QuantGAN,0,7.646524805782207e-06,5.679831605043262e-07,1.347774052362638e-07
NIFTY50,44,QuantGAN,1,7.1337542362215345e-06,1.0169011563920805e-06,4.564937778894773e-07
NIFTY50,44,QuantGAN,2,8.487864153305935e-06,4.675373093121493e-07,1.0993805155123937e-07
NIFTY50,44,QuantGAN,3,4.997343302282076e-06,5.257810504755156e-07,3.0748693546911454e-07
NIFTY50,44,QuantGAN,4,1.576598289698694e-06,2.8005207131087673e-07,2.2913564912130369e-07
NIFTY50,44,QuantGAN,5,5.442976618308393e-06,3.435585154143439e-07,1.0075793355213136e-07
NIFTY50,44,QuantGAN,6,6.371731253729251e-07,5.113216383634267e-08,1.3270535959009067e-07
NIFTY50,44,QuantGAN,7,8.752709224513211e-06,4.357879728189573e-07,2.587873204618063e-08
NIFTY50,44,QuantGAN,8,3.5830501214917376e-06,9.226792418992602e-08,2.5279732795979726e-07
NIFTY50,44,QuantGAN,9,5.951892618760724e-07,6.636946059401794e-08,5.7877626247204716e-08
NIFTY50,44,QuantGAN,10,3.5228350960814225e-06,1.9097474979190565e-07,5.0419824759728726e-08
NIFTY50,44,QuantGAN,11,1.8281255909080585e-06,9.17642344333558e-08,8.227621606238245e-08
NIFTY50,44,QuantGAN,12,2.6489577655830487e-06,1.9167649689677546e-09,2.2334748273067362e-07
NIFTY50,44,QuantGAN,13,4.065862038160617e-06,1.423495286090315e-07,1.579119164318854e-07
NIFTY50,44,QuantGAN,14,8.46042373447986e-06,5.282725765720642e-07,2.650743944343503e-07
NIFTY50,44,QuantGAN,15,1.1638217722875766e-05,6.362823572469978e-07,8.736149048615971e-08
NIFTY50,44,QuantGAN,16,4.3782618917020955e-06,1.8466971507535845e-07,3.495624909533035e-07
NIFTY50,44,QuantGAN,17,2.631711693013017e-08,1.5885939763649048e-07,2.8229625570475037e-07
NIFTY50,44,QuantGAN,18,0.0,4.8603830959947913e-08,5.2146639006878104e-08
NIFTY50,44,QuantGAN,19,0.0,1.1546362288505918e-07,2.6148474852050185e-07
NIFTY50,44,GJR-GARCH,0,0.0,0.0,0.0
NIFTY50,44,GJR-GARCH,1,0.0,0.0,0.0
NIFTY50,44,GJR-GARCH,2,0.0,0.0,0.0
NIFTY50,44,GJR-GARCH,3,0.0,0.0,0.0
NIFTY50,44,GJR-GARCH,4,0.0,0.0,0.0
NIFTY50,44,GJR-GARCH,5,0.0,0.0,0.0
NIFTY50,44,GJR-GARCH,6,0.0,0.0,0.0
NIFTY50,44,GJR-GARCH,7,0.0,0.0,0.0
NIFTY50,44,GJR-GARCH,8,0.0,0.0,0.0
NIFTY50,44,GJR-GARCH,9,0.0,2.220446049250313e-16,0.0
NIFTY50,44,GJR-GARCH,10,0.0,0.0,0.0
NIFTY50,44,GJR-GARCH,11,0.0,0.0,0.0
NIFTY50,44,GJR-GARCH,12,0.0,0.0,0.0
NIFTY50,44,GJR-GARCH,13,0.0,0.0,0.0
NIFTY50,44,GJR-GARCH,14,0.0,0.0,0.0
NIFTY50,44,GJR-GARCH,15,0.0,0.0,0.0
NIFTY50,44,GJR-GARCH,16,0.0,0.0,0.0
NIFTY50,44,GJR-GARCH,17,0.0,0.0,0.0
NIFTY50,44,GJR-GARCH,18,0.0,0.0,0.0
NIFTY50,44,GJR-GARCH,19,0.0,0.0,0.0
NIFTY50,44,CNN-WGAN-GP,0,1.349952674978283e-06,5.586861240303165e-08,1.6005435199417661e-07
NIFTY50,44,CNN-WGAN-GP,1,2.7447153336801478e-06,7.215677499949891e-08,3.3106932484372464e-07
NIFTY50,44,CNN-WGAN-GP,2,3.057831392538901e-06,4.505083217587469e-08,8.690163433300313e-08
NIFTY50,44,CNN-WGAN-GP,3,1.2941907527874719e-06,4.1489792024229644e-07,6.987793756962901e-07
NIFTY50,44,CNN-WGAN-GP,4,1.3607815971816706e-06,6.027996901636357e-07,7.856035413311702e-07
NIFTY50,44,CNN-WGAN-GP,5,7.0021462490466035e-06,7.002608217732131e-07,4.666656234775246e-07
NIFTY50,44,CNN-WGAN-GP,6,5.53494062582871e-06,1.8398744972003556e-07,2.2190327086946127e-07
NIFTY50,44,CNN-WGAN-GP,7,6.205741274634136e-06,5.248339662866641e-07,2.891662838067077e-07
NIFTY50,44,CNN-WGAN-GP,8,9.453429186567774e-06,6.007155997078684e-07,2.3228739287617373e-07
NIFTY50,44,CNN-WGAN-GP,9,1.2412952250517861e-05,8.78705385565226e-07,1.942540972521556e-07
NIFTY50,44,CNN-WGAN-GP,10,5.803574598672867e-08,6.272617147917714e-07,9.651706935898119e-07
NIFTY50,44,CNN-WGAN-GP,11,3.7458776427357066e-06,1.1837626034960635e-07,4.968573072972049e-07
NIFTY50,44,CNN-WGAN-GP,12,4.461787982190657e-06,3.0431329234303917e-08,2.902648166269728e-07
NIFTY50,44,CNN-WGAN-GP,13,1.1125557851432433e-05,6.844073039413701e-07,1.1438020486309597e-07
NIFTY50,44,CNN-WGAN-GP,14,1.2911795165493345e-05,7.832864399315298e-07,5.848985473733137e-08
NIFTY50,44,CNN-WGAN-GP,15,2.8109033047840626e-06,2.099969327318263e-07,2.4645855134508565e-08
NIFTY50,44,CNN-WGAN-GP,16,8.787807829424565e-06,5.123531217066102e-07,1.2312884933862733e-07
NIFTY50,44,CNN-WGAN-GP,17,6.638915164280945e-06,6.746044585170807e-07,4.6186054802888066e-07
NIFTY50,44,CNN-WGAN-GP,18,4.612764624489785e-06,3.8044395456182656e-07,1.407660654706433e-08
NIFTY50,44,CNN-WGAN-GP,19,7.04843123111587e-06,5.166655550059573e-07,3.565327588717082e-09
NIFTY50,44,CONTROL: shuffled real,0,0.0,0.0,0.0
NIFTY50,44,CONTROL: shuffled real,1,0.0,0.0,0.0
NIFTY50,44,CONTROL: shuffled real,2,0.0,0.0,0.0
NIFTY50,44,CONTROL: shuffled real,3,0.0,0.0,0.0
NIFTY50,44,CONTROL: shuffled real,4,0.0,0.0,0.0
NIFTY50,44,CONTROL: shuffled real,5,0.0,0.0,0.0
NIFTY50,44,CONTROL: shuffled real,6,0.0,0.0,0.0
NIFTY50,44,CONTROL: shuffled real,7,0.0,0.0,0.0
NIFTY50,44,CONTROL: shuffled real,8,0.0,0.0,0.0
NIFTY50,44,CONTROL: shuffled real,9,0.0,0.0,0.0
NIFTY50,44,CONTROL: shuffled real,10,0.0,0.0,0.0
NIFTY50,44,CONTROL: shuffled real,11,0.0,0.0,0.0
NIFTY50,44,CONTROL: shuffled real,12,0.0,0.0,0.0
NIFTY50,44,CONTROL: shuffled real,13,0.0,0.0,0.0
NIFTY50,44,CONTROL: shuffled real,14,0.0,0.0,0.0
NIFTY50,44,CONTROL: shuffled real,15,0.0,0.0,0.0
NIFTY50,44,CONTROL: shuffled real,16,0.0,0.0,0.0
NIFTY50,44,CONTROL: shuffled real,17,0.0,0.0,0.0
NIFTY50,44,CONTROL: shuffled real,18,0.0,0.0,0.0
NIFTY50,44,CONTROL: shuffled real,19,0.0,0.0,0.0
SHANGHAI,42,TimeGAN,0,2.183774435726704e-05,3.0770341277186475e-06,5.044141175858385e-07
SHANGHAI,42,TimeGAN,1,0.0,2.475058760165183e-07,6.815298121409796e-07
SHANGHAI,42,TimeGAN,2,0.0,1.3179393671958195e-06,2.343859417663907e-06
SHANGHAI,42,TimeGAN,3,2.190210606212162e-06,4.079064799267229e-07,2.0186780851361164e-06
SHANGHAI,42,TimeGAN,4,0.0,1.8992874784018454e-07,5.508509879348367e-07
SHANGHAI,42,TimeGAN,5,2.962984913024158e-05,3.870227597735365e-06,4.7248785151055017e-07
SHANGHAI,42,TimeGAN,6,6.086819879280725e-05,8.605742747969103e-06,8.836975595727381e-08
SHANGHAI,42,TimeGAN,7,2.2407907846133668e-05,2.19019465386161e-06,1.8215835773105482e-07
SHANGHAI,42,TimeGAN,8,1.3368593032137e-05,1.7716261977440695e-06,4.044603052477669e-07
SHANGHAI,42,TimeGAN,9,7.103759219528882e-06,6.854700215219722e-07,1.0103014282947242e-06
SHANGHAI,42,TimeGAN,10,0.0,4.636317743056395e-07,1.2156101227844829e-06
SHANGHAI,42,TimeGAN,11,6.920351219630305e-06,1.349406563599942e-06,9.711570552184412e-07
SHANGHAI,42,TimeGAN,12,3.4837123319420016e-07,1.466161310137437e-07,3.7219574089419893e-07
SHANGHAI,42,TimeGAN,13,2.2209747285728554e-06,2.3128793369409095e-07,1.1306758729290323e-07
SHANGHAI,42,TimeGAN,14,4.43813977701879e-06,1.1449010162145612e-07,1.8230221954240733e-07
SHANGHAI,42,TimeGAN,15,2.5120451425664214e-06,5.4788272030315e-07,3.001342196995438e-07
SHANGHAI,42,TimeGAN,16,7.40496211770747e-06,1.042814979479445e-06,7.176945260312095e-09
SHANGHAI,42,TimeGAN,17,1.5344712389619986e-05,2.0292818925238265e-06,4.5152149041882694e-07
SHANGHAI,42,TimeGAN,18,1.269638529999284e-05,1.2675573306530907e-06,7.844586935590314e-07
SHANGHAI,42,TimeGAN,19,2.318229443964981e-06,8.471224877126815e-07,2.264196570678223e-06
SHANGHAI,42,GARCH,0,0.0,0.0,0.0
SHANGHAI,42,GARCH,1,0.0,0.0,0.0
SHANGHAI,42,GARCH,2,4.440892098500626e-15,4.440892098500626e-16,0.0
SHANGHAI,42,GARCH,3,0.0,0.0,0.0
SHANGHAI,42,GARCH,4,0.0,2.220446049250313e-16,0.0
SHANGHAI,42,GARCH,5,0.0,0.0,0.0
SHANGHAI,42,GARCH,6,0.0,0.0,0.0
SHANGHAI,42,GARCH,7,0.0,0.0,0.0
SHANGHAI,42,GARCH,8,0.0,0.0,0.0
SHANGHAI,42,GARCH,9,0.0,0.0,0.0
SHANGHAI,42,GARCH,10,0.0,0.0,0.0
SHANGHAI,42,GARCH,11,0.0,0.0,0.0
SHANGHAI,42,GARCH,12,0.0,0.0,0.0
SHANGHAI,42,GARCH,13,0.0,0.0,0.0
SHANGHAI,42,GARCH,14,0.0,0.0,0.0
SHANGHAI,42,GARCH,15,0.0,0.0,0.0
SHANGHAI,42,GARCH,16,0.0,0.0,0.0
SHANGHAI,42,GARCH,17,0.0,0.0,0.0
SHANGHAI,42,GARCH,18,0.0,0.0,0.0
SHANGHAI,42,GARCH,19,0.0,0.0,0.0
SHANGHAI,42,QuantGAN,0,2.403373127179975e-06,2.194850887704547e-07,5.266477582921425e-07
SHANGHAI,42,QuantGAN,1,4.59885247972025e-06,6.697064349747706e-07,5.102755835650896e-07
SHANGHAI,42,QuantGAN,2,1.2854692341690566e-05,7.203336913619296e-07,3.1263189548269565e-07
SHANGHAI,42,QuantGAN,3,1.1639299300814088e-05,1.1945415312464291e-06,2.586329639342466e-07
SHANGHAI,42,QuantGAN,4,1.7874692955111016e-05,1.2939586000459968e-06,1.8785471667115416e-07
SHANGHAI,42,QuantGAN,5,6.933796477870402e-06,4.1325206923126245e-07,2.0485838092554332e-07
SHANGHAI,42,QuantGAN,6,1.2232458134864288e-05,1.098845554547978e-06,6.684172753068651e-07
SHANGHAI,42,QuantGAN,7,1.9742730419824994e-05,2.340903858311094e-06,1.2250485692533175e-06
SHANGHAI,42,QuantGAN,8,0.0,4.3650474390588556e-07,9.89218984059903e-07
SHANGHAI,42,QuantGAN,9,0.0,3.068759339974747e-07,5.089316594819593e-07
SHANGHAI,42,QuantGAN,10,1.5282252386672468e-05,1.5284418102279318e-06,4.5103263879298083e-07
SHANGHAI,42,QuantGAN,11,6.6803734037890194e-06,4.7403300440507223e-07,2.9994836836522154e-08
SHANGHAI,42,QuantGAN,12,0.0,4.4772461071929115e-08,3.193755127028908e-08
SHANGHAI,42,QuantGAN,13,7.704560143206862e-06,9.288016540320854e-07,2.705928778823363e-07
SHANGHAI,42,QuantGAN,14,6.5667388833290374e-06,6.53998151411983e-07,2.1382369119749e-07
SHANGHAI,42,QuantGAN,15,6.935827010057238e-06,4.898346119830421e-07,4.863223619366863e-07
SHANGHAI,42,QuantGAN,16,2.4297093479397347e-06,3.422314056589215e-07,4.321714186517056e-08
SHANGHAI,42,QuantGAN,17,0.0,5.090171242283503e-07,7.016190064490502e-07
SHANGHAI,42,QuantGAN,18,2.0189170824025382e-07,1.2584449415875554e-07,1.5098187766682258e-07
SHANGHAI,42,QuantGAN,19,1.1144927031025986e-05,1.0826743486180845e-06,4.555237023140535e-07
SHANGHAI,42,GJR-GARCH,0,0.0,0.0,0.0
SHANGHAI,42,GJR-GARCH,1,0.0,0.0,0.0
SHANGHAI,42,GJR-GARCH,2,0.0,0.0,0.0
SHANGHAI,42,GJR-GARCH,3,0.0,0.0,0.0
SHANGHAI,42,GJR-GARCH,4,0.0,0.0,1.7763568394002505e-15
SHANGHAI,42,GJR-GARCH,5,0.0,0.0,0.0
SHANGHAI,42,GJR-GARCH,6,0.0,0.0,0.0
SHANGHAI,42,GJR-GARCH,7,0.0,0.0,0.0
SHANGHAI,42,GJR-GARCH,8,0.0,0.0,0.0
SHANGHAI,42,GJR-GARCH,9,0.0,0.0,0.0
SHANGHAI,42,GJR-GARCH,10,0.0,0.0,0.0
SHANGHAI,42,GJR-GARCH,11,0.0,0.0,0.0
SHANGHAI,42,GJR-GARCH,12,0.0,0.0,0.0
SHANGHAI,42,GJR-GARCH,13,0.0,0.0,0.0
SHANGHAI,42,GJR-GARCH,14,0.0,0.0,0.0
SHANGHAI,42,GJR-GARCH,15,0.0,0.0,0.0
SHANGHAI,42,GJR-GARCH,16,0.0,0.0,0.0
SHANGHAI,42,GJR-GARCH,17,0.0,0.0,0.0
SHANGHAI,42,GJR-GARCH,18,0.0,0.0,0.0
SHANGHAI,42,GJR-GARCH,19,0.0,0.0,0.0
SHANGHAI,42,CNN-WGAN-GP,0,1.5030986566522131e-05,1.6690696076349099e-06,7.861142901077756e-07
SHANGHAI,42,CNN-WGAN-GP,1,4.217776328641065e-06,3.255785538947009e-07,7.82504425700381e-08
SHANGHAI,42,CNN-WGAN-GP,2,2.730636504022499e-06,1.6117564793916017e-07,1.5200913239254987e-07
SHANGHAI,42,CNN-WGAN-GP,3,5.809773497844617e-07,4.597041245446576e-07,6.216766355038317e-07
SHANGHAI,42,CNN-WGAN-GP,4,6.861802885893553e-06,8.426857851517866e-07,7.863328228552291e-07
SHANGHAI,42,CNN-WGAN-GP,5,1.3716394340335114e-06,7.336616121289552e-07,1.0045717502293883e-06
SHANGHAI,42,CNN-WGAN-GP,6,7.416571146112716e-06,1.0021290097750324e-06,6.213286294354248e-07
SHANGHAI,42,CNN-WGAN-GP,7,9.490002425671662e-06,9.82551097150619e-07,2.369338787389097e-07
SHANGHAI,42,CNN-WGAN-GP,8,1.2590515035437733e-05,9.954883193330488e-07,2.7420482062723295e-07
SHANGHAI,42,CNN-WGAN-GP,9,2.889920946103075e-06,7.818021576788681e-07,9.374241916049186e-07
SHANGHAI,42,CNN-WGAN-GP,10,8.598229590539574e-07,1.9487445057642105e-07,2.8441576382931544e-07
SHANGHAI,42,CNN-WGAN-GP,11,7.738416306857232e-06,3.2501990898659017e-07,6.362502169565687e-07
SHANGHAI,42,CNN-WGAN-GP,12,1.1767525154748881e-05,1.219845765731975e-06,6.383846038460206e-07
SHANGHAI,42,CNN-WGAN-GP,13,2.376821829130904e-06,1.2914388003437693e-08,1.678328427345832e-07
SHANGHAI,42,CNN-WGAN-GP,14,0.0,2.9511134025383967e-07,3.8242716371428287e-07
SHANGHAI,42,CNN-WGAN-GP,15,1.3533345798677487e-05,1.0300182622380305e-06,3.523756308965176e-07
SHANGHAI,42,CNN-WGAN-GP,16,2.8790386119581513e-06,5.668716132056772e-07,3.2566817509405155e-07
SHANGHAI,42,CNN-WGAN-GP,17,9.660924748633448e-06,1.270781107010066e-06,5.616862637225495e-07
SHANGHAI,42,CNN-WGAN-GP,18,1.2614815390499245e-05,8.556246839930282e-07,5.457828855526259e-07
SHANGHAI,42,CNN-WGAN-GP,19,1.079200658882229e-05,9.202172208677695e-07,6.178834315306858e-07
SHANGHAI,42,CONTROL: shuffled real,0,0.0,0.0,0.0
SHANGHAI,42,CONTROL: shuffled real,1,0.0,0.0,0.0
SHANGHAI,42,CONTROL: shuffled real,2,0.0,0.0,0.0
SHANGHAI,42,CONTROL: shuffled real,3,0.0,0.0,0.0
SHANGHAI,42,CONTROL: shuffled real,4,0.0,0.0,0.0
SHANGHAI,42,CONTROL: shuffled real,5,0.0,0.0,0.0
SHANGHAI,42,CONTROL: shuffled real,6,0.0,0.0,0.0
SHANGHAI,42,CONTROL: shuffled real,7,0.0,0.0,0.0
SHANGHAI,42,CONTROL: shuffled real,8,0.0,0.0,0.0
SHANGHAI,42,CONTROL: shuffled real,9,0.0,0.0,0.0
SHANGHAI,42,CONTROL: shuffled real,10,0.0,0.0,0.0
SHANGHAI,42,CONTROL: shuffled real,11,0.0,0.0,0.0
SHANGHAI,42,CONTROL: shuffled real,12,0.0,0.0,0.0
SHANGHAI,42,CONTROL: shuffled real,13,0.0,0.0,0.0
SHANGHAI,42,CONTROL: shuffled real,14,0.0,0.0,0.0
SHANGHAI,42,CONTROL: shuffled real,15,0.0,0.0,0.0
SHANGHAI,42,CONTROL: shuffled real,16,0.0,0.0,0.0
SHANGHAI,42,CONTROL: shuffled real,17,0.0,2.220446049250313e-16,0.0
SHANGHAI,42,CONTROL: shuffled real,18,0.0,0.0,0.0
SHANGHAI,42,CONTROL: shuffled real,19,0.0,0.0,0.0
SHANGHAI,43,TimeGAN,0,2.0228975785574477e-05,1.9714656391833785e-06,8.866113176964063e-09
SHANGHAI,43,TimeGAN,1,2.4942752820056313e-05,2.4449594469011515e-06,4.566943516692845e-07
SHANGHAI,43,TimeGAN,2,1.1884358428471131e-05,1.005097967077262e-06,7.835221094154576e-07
SHANGHAI,43,TimeGAN,3,6.429882349667793e-06,8.176357058076178e-07,1.0410656692272369e-07
SHANGHAI,43,TimeGAN,4,6.398549281527721e-06,7.769707344174037e-07,9.547040136226315e-08
SHANGHAI,43,TimeGAN,5,2.853653912282539e-06,8.408012974747692e-08,3.6473986320118e-07
SHANGHAI,43,TimeGAN,6,8.028003776416881e-06,2.3827465600589903e-07,8.578149888194275e-07
SHANGHAI,43,TimeGAN,7,1.0278192216883753e-05,1.3928335687030113e-06,6.918754458240528e-08
SHANGHAI,43,TimeGAN,8,1.0429958381408255e-05,1.1228334737545254e-06,1.1456653048469434e-07
SHANGHAI,43,TimeGAN,9,6.437760998512232e-06,2.123031301870526e-07,1.3937497627125595e-06
SHANGHAI,43,TimeGAN,10,5.307742924287595e-06,9.930137871982936e-07,2.2540003463689118e-07
SHANGHAI,43,TimeGAN,11,1.097488515844347e-05,1.3564726712989028e-06,3.913136481514812e-10
SHANGHAI,43,TimeGAN,12,0.0,6.544617348058779e-07,9.481486316076371e-07
SHANGHAI,43,TimeGAN,13,2.1101000049483787e-06,1.0776552783475779e-07,2.2161944102094822e-07
SHANGHAI,43,TimeGAN,14,4.91485818088222e-06,6.746731731066546e-07,6.917015582530439e-08
SHANGHAI,43,TimeGAN,15,1.0821163934249256e-05,2.2575831055693385e-06,4.2974562219910695e-07
SHANGHAI,43,TimeGAN,16,2.4796271806071246e-05,3.6868385480115506e-06,1.223848471454403e-07
SHANGHAI,43,TimeGAN,17,6.580625559138298e-06,5.153815787473093e-07,5.706500321167596e-07
SHANGHAI,43,TimeGAN,18,3.75464822210958e-06,6.593312096292436e-07,2.4067201565003415e-07
SHANGHAI,43,TimeGAN,19,2.350436057074745e-05,2.5638767211511038e-06,9.451329852083745e-08
SHANGHAI,43,GARCH,0,0.0,0.0,0.0
SHANGHAI,43,GARCH,1,0.0,0.0,0.0
SHANGHAI,43,GARCH,2,0.0,0.0,0.0
SHANGHAI,43,GARCH,3,0.0,0.0,0.0
SHANGHAI,43,GARCH,4,0.0,2.220446049250313e-16,0.0
SHANGHAI,43,GARCH,5,0.0,0.0,0.0
SHANGHAI,43,GARCH,6,0.0,0.0,0.0
SHANGHAI,43,GARCH,7,0.0,0.0,0.0
SHANGHAI,43,GARCH,8,0.0,0.0,0.0
SHANGHAI,43,GARCH,9,0.0,2.220446049250313e-16,0.0
SHANGHAI,43,GARCH,10,0.0,0.0,0.0
SHANGHAI,43,GARCH,11,0.0,0.0,0.0
SHANGHAI,43,GARCH,12,0.0,0.0,0.0
SHANGHAI,43,GARCH,13,0.0,0.0,0.0
SHANGHAI,43,GARCH,14,0.0,0.0,0.0
SHANGHAI,43,GARCH,15,0.0,0.0,0.0
SHANGHAI,43,GARCH,16,0.0,0.0,0.0
SHANGHAI,43,GARCH,17,0.0,0.0,0.0
SHANGHAI,43,GARCH,18,0.0,0.0,0.0
SHANGHAI,43,GARCH,19,0.0,0.0,0.0
SHANGHAI,43,QuantGAN,0,1.245039689656835e-05,7.932566883361858e-07,1.2567675611308005e-07
SHANGHAI,43,QuantGAN,1,1.0608455491833979e-07,6.29670229956858e-07,1.0634366418571517e-06
SHANGHAI,43,QuantGAN,2,2.7304493448454537e-06,7.038611467002909e-07,7.755518787178062e-07
SHANGHAI,43,QuantGAN,3,3.5272300920041744e-06,1.386327195262993e-07,1.9035638310072045e-07
SHANGHAI,43,QuantGAN,4,3.546299202294989e-06,3.6251095170136693e-07,1.4904072287436065e-07
SHANGHAI,43,QuantGAN,5,8.985432473629373e-07,3.973617495045545e-07,1.018538064556651e-06
SHANGHAI,43,QuantGAN,6,4.482904015112865e-06,1.1153572643252119e-07,3.369439731670809e-07
SHANGHAI,43,QuantGAN,7,8.332386210785359e-06,9.306369443962126e-07,4.796964070408194e-07
SHANGHAI,43,QuantGAN,8,1.0100042091565342e-07,8.835550113772683e-08,4.20775547738117e-07
SHANGHAI,43,QuantGAN,9,2.744380228358878e-05,2.414332711531131e-06,1.7505273319784465e-07
SHANGHAI,43,QuantGAN,10,3.789614767768512e-06,2.2762625939698466e-07,1.1742885064336406e-07
SHANGHAI,43,QuantGAN,11,6.88758922784416e-07,1.680962056216373e-07,6.714541278540764e-08
SHANGHAI,43,QuantGAN,12,1.013814162842408e-05,1.0448087433001518e-06,8.749191717782878e-07
SHANGHAI,43,QuantGAN,13,2.6133904014180587e-06,8.52215797930711e-08,3.131233405895273e-08
SHANGHAI,43,QuantGAN,14,9.229192746929016e-06,3.3180446612490755e-07,4.6140224085888804e-07
SHANGHAI,43,QuantGAN,15,0.0,7.671565671607539e-08,1.423307107728533e-07
SHANGHAI,43,QuantGAN,16,1.0689236031868887e-05,8.48506519934844e-07,4.5517958113805435e-07
SHANGHAI,43,QuantGAN,17,2.6248380391891146e-05,2.6942637927351853e-06,1.5239139941058966e-06
SHANGHAI,43,QuantGAN,18,5.196936140983155e-06,8.285708947841641e-07,1.0744461214073908e-06
SHANGHAI,43,QuantGAN,19,1.0846956790100393e-05,9.409558159312326e-07,8.686705470495326e-07
SHANGHAI,43,GJR-GARCH,0,0.0,0.0,0.0
SHANGHAI,43,GJR-GARCH,1,0.0,0.0,0.0
SHANGHAI,43,GJR-GARCH,2,0.0,0.0,0.0
SHANGHAI,43,GJR-GARCH,3,0.0,0.0,0.0
SHANGHAI,43,GJR-GARCH,4,0.0,0.0,0.0
SHANGHAI,43,GJR-GARCH,5,0.0,0.0,0.0
SHANGHAI,43,GJR-GARCH,6,0.0,0.0,0.0
SHANGHAI,43,GJR-GARCH,7,0.0,0.0,0.0
SHANGHAI,43,GJR-GARCH,8,0.0,0.0,0.0
SHANGHAI,43,GJR-GARCH,9,0.0,0.0,0.0
SHANGHAI,43,GJR-GARCH,10,0.0,0.0,0.0
SHANGHAI,43,GJR-GARCH,11,0.0,0.0,0.0
SHANGHAI,43,GJR-GARCH,12,0.0,0.0,0.0
SHANGHAI,43,GJR-GARCH,13,0.0,0.0,0.0
SHANGHAI,43,GJR-GARCH,14,0.0,0.0,0.0
SHANGHAI,43,GJR-GARCH,15,0.0,0.0,0.0
SHANGHAI,43,GJR-GARCH,16,0.0,0.0,0.0
SHANGHAI,43,GJR-GARCH,17,0.0,0.0,0.0
SHANGHAI,43,GJR-GARCH,18,0.0,2.220446049250313e-16,0.0
SHANGHAI,43,GJR-GARCH,19,0.0,0.0,0.0
SHANGHAI,43,CNN-WGAN-GP,0,2.604517204130019e-06,2.6828071764128936e-08,3.24507574589461e-07
SHANGHAI,43,CNN-WGAN-GP,1,5.1462690935366595e-06,7.613116426163913e-08,5.999670769085697e-07
SHANGHAI,43,CNN-WGAN-GP,2,8.384762827162717e-06,6.72333454021512e-07,1.0526447979941622e-07
SHANGHAI,43,CNN-WGAN-GP,3,1.2872856771650731e-06,2.5739410913772076e-07,9.789398092152624e-08
SHANGHAI,43,CNN-WGAN-GP,4,8.425292156388764e-06,6.822516120941202e-07,6.99590518848936e-08
SHANGHAI,43,CNN-WGAN-GP,5,1.4346448258262257e-05,1.0757988806453511e-06,1.884320255385319e-09
SHANGHAI,43,CNN-WGAN-GP,6,0.0,2.4890856487047586e-08,1.0483886292433908e-07
SHANGHAI,43,CNN-WGAN-GP,7,8.839731975740506e-06,7.850522383279213e-07,2.578497255711909e-07
SHANGHAI,43,CNN-WGAN-GP,8,5.759395776738785e-06,4.0284162494685916e-07,1.7129565144102799e-07
SHANGHAI,43,CNN-WGAN-GP,9,5.65561581833407e-06,3.736922331576409e-07,1.7741606228582896e-07
SHANGHAI,43,CNN-WGAN-GP,10,0.0,1.851694109156199e-08,8.322622413459158e-08
SHANGHAI,43,CNN-WGAN-GP,11,1.1000504329672367e-05,1.181535423278035e-06,8.18077564801456e-07
SHANGHAI,43,CNN-WGAN-GP,12,8.008218683297486e-06,6.895425741504368e-07,4.5702575945938406e-07
SHANGHAI,43,CNN-WGAN-GP,13,4.832513700314678e-06,2.793288089719681e-08,8.301879628191955e-07
SHANGHAI,43,CNN-WGAN-GP,14,6.555763867766018e-06,1.7504408589275045e-08,1.0389203488614385e-06
SHANGHAI,43,CNN-WGAN-GP,15,2.9312250360291614e-06,7.08848302277687e-08,2.2333644800198726e-07
SHANGHAI,43,CNN-WGAN-GP,16,3.123797990056687e-06,5.621012566514594e-08,2.3247161173856057e-07
SHANGHAI,43,CNN-WGAN-GP,17,1.0520160853566551e-06,4.628406109485894e-07,7.076669898964383e-07
SHANGHAI,43,CNN-WGAN-GP,18,1.0552649172268502e-05,1.0519838864464504e-06,1.7310041577900392e-07
SHANGHAI,43,CNN-WGAN-GP,19,4.151220010850665e-06,3.0136260220636757e-07,5.257190593965788e-08
SHANGHAI,43,CONTROL: shuffled real,0,0.0,0.0,0.0
SHANGHAI,43,CONTROL: shuffled real,1,0.0,0.0,0.0
SHANGHAI,43,CONTROL: shuffled real,2,0.0,0.0,0.0
SHANGHAI,43,CONTROL: shuffled real,3,0.0,0.0,0.0
SHANGHAI,43,CONTROL: shuffled real,4,0.0,0.0,0.0
SHANGHAI,43,CONTROL: shuffled real,5,4.440892098500626e-15,2.220446049250313e-16,0.0
SHANGHAI,43,CONTROL: shuffled real,6,0.0,0.0,0.0
SHANGHAI,43,CONTROL: shuffled real,7,0.0,0.0,0.0
SHANGHAI,43,CONTROL: shuffled real,8,0.0,0.0,0.0
SHANGHAI,43,CONTROL: shuffled real,9,0.0,0.0,0.0
SHANGHAI,43,CONTROL: shuffled real,10,0.0,0.0,0.0
SHANGHAI,43,CONTROL: shuffled real,11,0.0,0.0,0.0
SHANGHAI,43,CONTROL: shuffled real,12,0.0,0.0,0.0
SHANGHAI,43,CONTROL: shuffled real,13,0.0,0.0,0.0
SHANGHAI,43,CONTROL: shuffled real,14,0.0,2.220446049250313e-16,0.0
SHANGHAI,43,CONTROL: shuffled real,15,0.0,0.0,0.0
SHANGHAI,43,CONTROL: shuffled real,16,0.0,0.0,0.0
SHANGHAI,43,CONTROL: shuffled real,17,0.0,0.0,0.0
SHANGHAI,43,CONTROL: shuffled real,18,0.0,0.0,0.0
SHANGHAI,43,CONTROL: shuffled real,19,0.0,0.0,0.0
SHANGHAI,44,TimeGAN,0,0.0,8.554738739618983e-08,4.7323437613044916e-08
SHANGHAI,44,TimeGAN,1,4.538629916783776e-06,9.118289906462351e-07,2.1633333169290836e-07
SHANGHAI,44,TimeGAN,2,3.747999549386094e-06,6.643961250052399e-07,5.885468823407791e-07
SHANGHAI,44,TimeGAN,3,9.524748103562075e-06,1.5377977552466504e-06,1.443879931173342e-07
SHANGHAI,44,TimeGAN,4,1.123340227504599e-06,3.8463594975723936e-07,4.727058193765288e-07
SHANGHAI,44,TimeGAN,5,1.7319537449989042e-05,2.323831847617086e-06,1.2583990560699476e-07
SHANGHAI,44,TimeGAN,6,1.9745207421539845e-05,1.911870649351499e-06,3.6930607016927297e-07
SHANGHAI,44,TimeGAN,7,9.351940037038986e-06,1.5172074134817137e-06,1.2046319053382604e-06
SHANGHAI,44,TimeGAN,8,5.643240622354995e-06,4.4149746436517034e-07,2.9891814179450193e-07
SHANGHAI,44,TimeGAN,9,1.5752184405304348e-05,1.9054168770571422e-06,6.49223235171803e-07
SHANGHAI,44,TimeGAN,10,7.1989238565883795e-06,6.765120582619133e-07,1.229093266275072e-06
SHANGHAI,44,TimeGAN,11,0.0,3.9596312872980377e-07,7.646292026208812e-07
SHANGHAI,44,TimeGAN,12,3.744399293292844e-06,2.5949294268912126e-08,1.1846736995835272e-06
SHANGHAI,44,TimeGAN,13,2.9331250095410155e-06,4.0021255309774517e-07,2.386266864107256e-07
SHANGHAI,44,TimeGAN,14,0.0,8.033836269571992e-07,1.5816825040815274e-06
SHANGHAI,44,TimeGAN,15,1.694158554732539e-05,2.069354532396872e-06,4.5444092400259706e-07
SHANGHAI,44,TimeGAN,16,4.635584363477108e-06,3.3214489358890376e-07,2.8770063842387117e-07
SHANGHAI,44,TimeGAN,17,2.0059077350698118e-05,2.525327597702187e-06,1.96316218392667e-07
SHANGHAI,44,TimeGAN,18,7.738831250936329e-06,8.285664021556727e-07,4.5815359328571503e-07
SHANGHAI,44,TimeGAN,19,1.8352018398282155e-06,1.0303106359188519e-06,1.6654700925045063e-06
SHANGHAI,44,GARCH,0,0.0,0.0,0.0
SHANGHAI,44,GARCH,1,0.0,0.0,0.0
SHANGHAI,44,GARCH,2,0.0,0.0,0.0
SHANGHAI,44,GARCH,3,0.0,0.0,0.0
SHANGHAI,44,GARCH,4,0.0,0.0,0.0
SHANGHAI,44,GARCH,5,0.0,0.0,0.0
SHANGHAI,44,GARCH,6,0.0,0.0,0.0
SHANGHAI,44,GARCH,7,0.0,0.0,0.0
SHANGHAI,44,GARCH,8,0.0,0.0,0.0
SHANGHAI,44,GARCH,9,0.0,0.0,0.0
SHANGHAI,44,GARCH,10,0.0,0.0,0.0
SHANGHAI,44,GARCH,11,0.0,0.0,0.0
SHANGHAI,44,GARCH,12,0.0,0.0,0.0
SHANGHAI,44,GARCH,13,0.0,0.0,0.0
SHANGHAI,44,GARCH,14,0.0,0.0,0.0
SHANGHAI,44,GARCH,15,0.0,0.0,0.0
SHANGHAI,44,GARCH,16,8.43769498715119e-15,8.881784197001252e-16,0.0
SHANGHAI,44,GARCH,17,0.0,0.0,0.0
SHANGHAI,44,GARCH,18,0.0,0.0,0.0
SHANGHAI,44,GARCH,19,0.0,0.0,0.0
SHANGHAI,44,QuantGAN,0,6.860604604863596e-06,2.862970240880003e-07,4.902780297300069e-07
SHANGHAI,44,QuantGAN,1,1.5273541800198132e-06,1.300621947919467e-07,4.273508089625011e-07
SHANGHAI,44,QuantGAN,2,1.1860218970038972e-05,1.0070809193241104e-06,5.205951207898352e-07
SHANGHAI,44,QuantGAN,3,0.0,6.204528446573931e-08,2.2810098521119926e-07
SHANGHAI,44,QuantGAN,4,7.709367926711508e-06,1.0608137175349697e-06,6.232236628989085e-07
SHANGHAI,44,QuantGAN,5,1.0060316292026528e-05,5.349407765642411e-07,2.8487244740915685e-07
SHANGHAI,44,QuantGAN,6,2.993308231502567e-06,3.6279391490978696e-07,2.2908287888867562e-07
SHANGHAI,44,QuantGAN,7,1.5878904906507785e-05,1.0093288622670116e-06,4.0768543030367255e-07
SHANGHAI,44,QuantGAN,8,6.295765020425392e-06,1.1317848509495576e-06,1.0796288698600165e-06
SHANGHAI,44,QuantGAN,9,3.1735353371864505e-06,1.7749299452418654e-07,3.4299437956519796e-08
SHANGHAI,44,QuantGAN,10,3.8277156941823876e-06,1.1630866203482526e-07,2.183460185989361e-07
SHANGHAI,44,QuantGAN,11,1.1243180126907504e-05,1.414687087919475e-06,4.4642632701652474e-07
SHANGHAI,44,QuantGAN,12,1.8999813753417527e-06,2.8399083951136106e-07,1.1695775015141407e-07
SHANGHAI,44,QuantGAN,13,1.2606914130408597e-06,6.57976695350726e-07,8.556111978919034e-07
SHANGHAI,44,QuantGAN,14,5.782471780957366e-06,4.2808232691982084e-07,8.860429900892086e-08
SHANGHAI,44,QuantGAN,15,9.069858577959167e-06,2.0572060122070468e-07,5.731523646801406e-07
SHANGHAI,44,QuantGAN,16,8.29987295336565e-07,8.039709924467786e-07,1.357942439383919e-06
SHANGHAI,44,QuantGAN,17,3.6586230733881564e-06,5.909555551575352e-07,2.220049974965832e-07
SHANGHAI,44,QuantGAN,18,2.769295246451975e-07,1.556677020619901e-07,6.914571262228719e-07
SHANGHAI,44,QuantGAN,19,1.3867525050059726e-05,9.549406643216685e-07,4.3442489072731405e-07
SHANGHAI,44,GJR-GARCH,0,0.0,0.0,0.0
SHANGHAI,44,GJR-GARCH,1,0.0,0.0,0.0
SHANGHAI,44,GJR-GARCH,2,0.0,0.0,0.0
SHANGHAI,44,GJR-GARCH,3,0.0,0.0,0.0
SHANGHAI,44,GJR-GARCH,4,0.0,0.0,0.0
SHANGHAI,44,GJR-GARCH,5,0.0,0.0,0.0
SHANGHAI,44,GJR-GARCH,6,0.0,0.0,0.0
SHANGHAI,44,GJR-GARCH,7,0.0,0.0,0.0
SHANGHAI,44,GJR-GARCH,8,0.0,0.0,0.0
SHANGHAI,44,GJR-GARCH,9,0.0,0.0,0.0
SHANGHAI,44,GJR-GARCH,10,0.0,0.0,1.7763568394002505e-15
SHANGHAI,44,GJR-GARCH,11,0.0,0.0,0.0
SHANGHAI,44,GJR-GARCH,12,0.0,0.0,0.0
SHANGHAI,44,GJR-GARCH,13,0.0,0.0,0.0
SHANGHAI,44,GJR-GARCH,14,0.0,0.0,0.0
SHANGHAI,44,GJR-GARCH,15,0.0,0.0,0.0
SHANGHAI,44,GJR-GARCH,16,0.0,0.0,0.0
SHANGHAI,44,GJR-GARCH,17,0.0,0.0,0.0
SHANGHAI,44,GJR-GARCH,18,0.0,0.0,0.0
SHANGHAI,44,GJR-GARCH,19,0.0,0.0,0.0
SHANGHAI,44,CNN-WGAN-GP,0,9.238953265100491e-06,1.0310788889356104e-08,9.8463800135562e-07
SHANGHAI,44,CNN-WGAN-GP,1,5.018898804554084e-06,1.9269966222701385e-07,8.307308565491667e-07
SHANGHAI,44,CNN-WGAN-GP,2,9.461933387910904e-06,4.06162707244917e-07,7.557901717802906e-07
SHANGHAI,44,CNN-WGAN-GP,3,2.317049338262933e-05,2.374582105169054e-06,9.660923545595779e-07
SHANGHAI,44,CNN-WGAN-GP,4,3.478532279999058e-07,1.9833968090132714e-07,5.50751005690131e-07
SHANGHAI,44,CNN-WGAN-GP,5,9.772855280587578e-08,1.6162260418894903e-08,8.610416024623646e-08
SHANGHAI,44,CNN-WGAN-GP,6,3.064539029207225e-06,2.7534303992382547e-07,1.0234096237127233e-08
SHANGHAI,44,CNN-WGAN-GP,7,4.925273479283732e-06,1.3174475284039033e-06,1.4269752099949073e-06
SHANGHAI,44,CNN-WGAN-GP,8,1.4808504118946075e-05,1.5498773029420931e-06,4.748306636770394e-09
SHANGHAI,44,CNN-WGAN-GP,9,1.8435959337814722e-05,1.9504526518332455e-06,5.384146941622703e-07
SHANGHAI,44,CNN-WGAN-GP,10,8.735116185931702e-09,3.888868906898324e-07,5.251721013621591e-07
SHANGHAI,44,CNN-WGAN-GP,11,9.210159717554234e-06,9.783676080399317e-07,2.67727157776676e-07
SHANGHAI,44,CNN-WGAN-GP,12,6.422643084036395e-07,3.0645611825974584e-07,5.934055717915498e-07
SHANGHAI,44,CNN-WGAN-GP,13,5.757414771601077e-06,5.364646582517452e-07,1.3919618524482757e-07
SHANGHAI,44,CNN-WGAN-GP,14,3.1088567009618373e-07,2.695638987582072e-07,4.0638871112719244e-07
SHANGHAI,44,CNN-WGAN-GP,15,2.159803510037861e-05,2.4975695471773918e-06,1.2435324290294147e-06
SHANGHAI,44,CNN-WGAN-GP,16,1.0214547653042416e-05,1.1405832178734698e-06,3.934949734940574e-07
SHANGHAI,44,CNN-WGAN-GP,17,1.411811142082442e-05,1.384228305756352e-06,2.3420100170312708e-07
SHANGHAI,44,CNN-WGAN-GP,18,7.655169632858616e-06,8.387548087185337e-07,3.6191369900961945e-08
SHANGHAI,44,CNN-WGAN-GP,19,0.0,1.4344451382264367e-07,1.599242764882547e-07
SHANGHAI,44,CONTROL: shuffled real,0,0.0,0.0,0.0
SHANGHAI,44,CONTROL: shuffled real,1,0.0,0.0,0.0
SHANGHAI,44,CONTROL: shuffled real,2,0.0,0.0,0.0
SHANGHAI,44,CONTROL: shuffled real,3,0.0,0.0,0.0
SHANGHAI,44,CONTROL: shuffled real,4,0.0,0.0,0.0
SHANGHAI,44,CONTROL: shuffled real,5,0.0,0.0,0.0
SHANGHAI,44,CONTROL: shuffled real,6,0.0,0.0,0.0
SHANGHAI,44,CONTROL: shuffled real,7,0.0,0.0,0.0
SHANGHAI,44,CONTROL: shuffled real,8,0.0,0.0,0.0
SHANGHAI,44,CONTROL: shuffled real,9,0.0,0.0,0.0
SHANGHAI,44,CONTROL: shuffled real,10,0.0,0.0,0.0
SHANGHAI,44,CONTROL: shuffled real,11,0.0,2.220446049250313e-16,0.0
SHANGHAI,44,CONTROL: shuffled real,12,0.0,0.0,0.0
SHANGHAI,44,CONTROL: shuffled real,13,0.0,0.0,0.0
SHANGHAI,44,CONTROL: shuffled real,14,0.0,0.0,0.0
SHANGHAI,44,CONTROL: shuffled real,15,0.0,0.0,0.0
SHANGHAI,44,CONTROL: shuffled real,16,0.0,0.0,0.0
SHANGHAI,44,CONTROL: shuffled real,17,0.0,0.0,0.0
SHANGHAI,44,CONTROL: shuffled real,18,0.0,0.0,0.0
SHANGHAI,44,CONTROL: shuffled real,19,0.0,0.0,0.0
