market,seed,model,k,mmd2_fixed,sigma_draw,sigma_star,p_2L (valid+test),above_p97_5_2L (valid+test),p_3L,above_p97_5_3L,p_4L,above_p97_5_4L,p_6L,above_p97_5_6L,p_all (exhaustive),above_p97_5_all (exhaustive)
BOVESPA,42,TimeGAN,0,0.43815371314032125,3.1290024230893096,3.024396837253019,0.5,1.0,0.35542168674698793,0.0,0.4124748490945674,0.0,0.20644511581067473,0.0,0.10345697703759778,0.0
BOVESPA,42,TimeGAN,1,0.41514519473515654,3.0624539723606294,3.024396837253019,0.5,1.0,0.37751004016064255,0.0,0.4396378269617706,0.0,0.22004028197381673,0.0,0.1102699974766591,0.0
BOVESPA,42,TimeGAN,2,0.3412759832661496,3.497643062129534,3.024396837253019,0.5,1.0,0.45180722891566266,0.0,0.5412474849094567,0.0,0.27089627391742194,0.0,0.13575574060055515,0.0
BOVESPA,42,TimeGAN,3,0.2501799029244447,3.160955305756766,3.024396837253019,0.5,1.0,0.5783132530120482,0.0,0.7887323943661971,0.0,0.8942598187311178,0.0,0.9470098410295231,0.0
BOVESPA,42,TimeGAN,4,0.45383314819423615,3.52680228621228,3.024396837253019,0.5,1.0,0.3393574297188755,0.0,0.3933601609657948,0.0,0.19687814702920442,0.0,0.0986626293212213,0.0
BOVESPA,42,TimeGAN,5,0.22508311435970185,3.174044462894672,3.024396837253019,0.5,1.0,0.6224899598393574,0.0,0.8108651911468813,0.0,0.905337361530715,0.0,0.9525611910169064,0.0
BOVESPA,42,TimeGAN,6,0.3054065859933728,3.216070884309364,3.024396837253019,0.5,1.0,0.4979919678714859,0.0,0.6016096579476862,0.0,0.31671701913393757,0.0,0.26141811758768607,0.0
BOVESPA,42,TimeGAN,7,0.23033611247827124,3.2668819272569096,3.024396837253019,0.5,1.0,0.6124497991967871,0.0,0.8058350100603622,0.0,0.9028197381671702,0.0,0.9512995205652284,0.0
BOVESPA,42,TimeGAN,8,0.38462489355510343,3.396584806977165,3.024396837253019,0.5,1.0,0.40562248995983935,0.0,0.4798792756539235,0.0,0.24018126888217523,0.0,0.12036336109008328,0.0
BOVESPA,42,TimeGAN,9,0.2741452783989857,3.4110038443570456,3.024396837253019,0.5,1.0,0.5381526104417671,0.0,0.7686116700201208,0.0,0.6958710976837865,0.0,0.6825637143578097,0.0
BOVESPA,42,TimeGAN,10,0.26142675937928916,3.1073396158284474,3.024396837253019,0.5,1.0,0.5562248995983936,0.0,0.7776659959758552,0.0,0.8887210473313192,0.0,0.8993186979560939,0.0
BOVESPA,42,TimeGAN,11,0.32371944741078185,3.1406566355192536,3.024396837253019,0.5,1.0,0.4738955823293173,0.0,0.56841046277666,0.0,0.28449144008056393,0.0,0.17057784506686854,0.0
BOVESPA,42,TimeGAN,12,0.2731468773153115,3.47476728270115,3.024396837253019,0.5,1.0,0.5401606425702812,0.0,0.7696177062374245,0.0,0.7482376636455186,0.0,0.7234418369921777,0.0
BOVESPA,42,TimeGAN,13,0.23814027875951016,3.261875630617669,3.024396837253019,0.5,1.0,0.5983935742971888,0.0,0.7987927565392354,0.0,0.8992950654582075,0.0,0.9495331819328792,0.0
BOVESPA,42,TimeGAN,14,0.23545991749283157,3.2964084140147905,3.024396837253019,0.5,1.0,0.6024096385542169,0.0,0.8008048289738431,0.0,0.9003021148036254,0.0,0.9500378501135504,0.0
BOVESPA,42,TimeGAN,15,0.21664287187995446,3.157900987476797,3.024396837253019,0.5,1.0,0.6385542168674698,0.0,0.8189134808853119,0.0,0.9093655589123867,0.0,0.9545798637395913,0.0
BOVESPA,42,TimeGAN,16,0.26226774506714357,3.1566870184118745,3.024396837253019,0.5,1.0,0.5562248995983936,0.0,0.7776659959758552,0.0,0.8766364551863042,0.0,0.8902346707040121,0.0
BOVESPA,42,TimeGAN,17,0.45543542197837994,3.5314137342105325,3.024396837253019,0.5,1.0,0.3373493975903614,0.0,0.39134808853118713,0.0,0.1958710976837865,0.0,0.09815796114055009,0.0
BOVESPA,42,TimeGAN,18,0.22967722318110684,3.2385737910578793,3.024396837253019,0.5,1.0,0.6144578313253012,0.0,0.806841046277666,0.0,0.9033232628398792,0.0,0.9515518546555639,0.0
BOVESPA,42,TimeGAN,19,0.32372535567985694,3.210750001754587,3.024396837253019,0.5,1.0,0.4738955823293173,0.0,0.56841046277666,0.0,0.28449144008056393,0.0,0.17057784506686854,0.0
BOVESPA,42,GARCH,0,0.1259610659402357,2.7989368567390076,3.024396837253019,1.0,0.0,1.0,0.0,1.0,0.0,1.0,0.0,1.0,0.0
BOVESPA,42,GARCH,1,0.13754405628892208,2.922836872366656,3.024396837253019,0.5,1.0,0.9036144578313253,0.0,0.9517102615694165,0.0,0.9758308157099698,0.0,0.987887963663891,0.0
BOVESPA,42,GARCH,2,0.23901935683391184,2.897300931628815,3.024396837253019,0.5,1.0,0.5963855421686747,0.0,0.7977867203219315,0.0,0.8987915407854985,0.0,0.9492808478425435,0.0
BOVESPA,42,GARCH,3,0.18411435569444445,3.0223825471574384,3.024396837253019,0.5,1.0,0.7289156626506024,0.0,0.864185110663984,0.0,0.93202416918429,0.0,0.9659348978046934,0.0
BOVESPA,42,GARCH,4,0.3227964019057106,3.1681858895899713,3.024396837253019,0.5,1.0,0.4759036144578313,0.0,0.5704225352112676,0.0,0.2854984894259819,0.0,0.17562452687358063,0.0
BOVESPA,42,GARCH,5,0.16533293808908245,2.9474929382577724,3.024396837253019,0.5,1.0,0.7911646586345381,0.0,0.8953722334004024,0.0,0.9476334340382678,0.0,0.9737572546050971,0.0
BOVESPA,42,GARCH,6,0.2110353634747777,3.1301987427172153,3.024396837253019,0.5,1.0,0.6485943775100401,0.0,0.823943661971831,0.0,0.9118831822759316,0.0,0.9558415341912693,0.0
BOVESPA,42,GARCH,7,0.346395396192564,3.3577130246813045,3.024396837253019,0.5,1.0,0.44779116465863456,0.0,0.5352112676056338,0.0,0.2678751258811682,0.0,0.1342417360585415,0.0
BOVESPA,42,GARCH,8,0.21583865857300122,3.07459367709646,3.024396837253019,0.5,1.0,0.6385542168674698,0.0,0.8189134808853119,0.0,0.9093655589123867,0.0,0.9545798637395913,0.0
BOVESPA,42,GARCH,9,0.1886046112261308,2.9013131889301063,3.024396837253019,0.5,1.0,0.7128514056224899,0.0,0.8561368209255533,0.0,0.9279959718026183,0.0,0.9639162250820086,0.0
BOVESPA,42,GARCH,10,0.25160031343391753,3.148438693473341,3.024396837253019,0.5,1.0,0.5742971887550201,0.0,0.7867203219315896,0.0,0.8932527693856999,0.0,0.9376734796871057,0.0
BOVESPA,42,GARCH,11,0.17343256562246112,3.0530558689450262,3.024396837253019,0.5,1.0,0.7630522088353414,0.0,0.8812877263581489,0.0,0.9405840886203424,0.0,0.9702245773403987,0.0
BOVESPA,42,GARCH,12,0.23772895764771063,3.0343252813226433,3.024396837253019,0.5,1.0,0.5983935742971888,0.0,0.7987927565392354,0.0,0.8992950654582075,0.0,0.9495331819328792,0.0
BOVESPA,42,GARCH,13,0.2398476713229074,3.080289524671133,3.024396837253019,0.5,1.0,0.5943775100401606,0.0,0.7967806841046278,0.0,0.8982880161127895,0.0,0.9490285137522079,0.0
BOVESPA,42,GARCH,14,0.4050187624270495,3.072707708190371,3.024396837253019,0.5,1.0,0.3855421686746988,0.0,0.45271629778672035,0.0,0.22658610271903323,0.0,0.11355034065102196,0.0
BOVESPA,42,GARCH,15,0.10693021054418983,2.8121639778171135,3.024396837253019,1.0,0.0,1.0,0.0,1.0,0.0,1.0,0.0,1.0,0.0
BOVESPA,42,GARCH,16,0.30498390362207783,3.0460173394835466,3.024396837253019,0.5,1.0,0.4979919678714859,0.0,0.6016096579476862,0.0,0.31722054380664655,0.0,0.26318445622003533,0.0
BOVESPA,42,GARCH,17,0.19042757077353567,2.9449524640245044,3.024396837253019,0.5,1.0,0.7048192771084337,0.0,0.852112676056338,0.0,0.9259818731117825,0.0,0.9629068887206662,0.0
BOVESPA,42,GARCH,18,0.34390114176709186,3.1853102326496336,3.024396837253019,0.5,1.0,0.4497991967871486,0.0,0.5382293762575453,0.0,0.26938569989929506,0.0,0.1349987383295483,0.0
BOVESPA,42,GARCH,19,0.28484608225223007,2.976101018893864,3.024396837253019,0.5,1.0,0.5240963855421686,0.0,0.6539235412474849,0.0,0.41440080563947634,0.0,0.46379005803684076,0.0
BOVESPA,42,QuantGAN,0,0.40634428116107746,3.352148917418771,3.024396837253019,0.5,1.0,0.3855421686746988,0.0,0.4507042253521127,0.0,0.2255790533736153,0.0,0.11304567247035074,0.0
BOVESPA,42,QuantGAN,1,0.23648096932193452,3.168912501446233,3.024396837253019,0.5,1.0,0.6004016064257028,0.0,0.7997987927565392,0.0,0.8997985901309165,0.0,0.9497855160232147,0.0
BOVESPA,42,QuantGAN,2,0.14425393871357484,3.0007235873882503,3.024396837253019,0.5,1.0,0.8775100401606426,0.0,0.9386317907444668,0.0,0.9692849949647533,0.0,0.9846076204895281,0.0
BOVESPA,42,QuantGAN,3,0.23542485053215856,3.0372507456256477,3.024396837253019,0.5,1.0,0.6024096385542169,0.0,0.8008048289738431,0.0,0.9003021148036254,0.0,0.9500378501135504,0.0
BOVESPA,42,QuantGAN,4,0.29839418982845256,3.2964759909074983,3.024396837253019,0.5,1.0,0.5060240963855421,0.0,0.6146881287726358,0.0,0.33081570996978854,0.0,0.31213726974514255,0.0
BOVESPA,42,QuantGAN,5,0.19745279806514504,3.097561493221796,3.024396837253019,0.5,1.0,0.6807228915662651,0.0,0.8400402414486922,0.0,0.9199395770392749,0.0,0.9598788796366389,0.0
BOVESPA,42,QuantGAN,6,0.2511255147938569,3.0244786495985645,3.024396837253019,0.5,1.0,0.5763052208835341,0.0,0.7877263581488934,0.0,0.8937562940584088,0.0,0.9427201614938178,0.0
BOVESPA,42,QuantGAN,7,0.26971035327427906,3.1286434308837405,3.024396837253019,0.5,1.0,0.5441767068273092,0.0,0.7716297786720322,0.0,0.8348439073514602,0.0,0.8130204390613172,0.0
BOVESPA,42,QuantGAN,8,0.41394558329263886,3.473922074743545,3.024396837253019,0.5,1.0,0.37751004016064255,0.0,0.44064386317907445,0.0,0.22054380664652568,0.0,0.1105223315669947,0.0
BOVESPA,42,QuantGAN,9,0.1897605246592564,2.9583489680940604,3.024396837253019,0.5,1.0,0.7088353413654619,0.0,0.8541247484909457,0.0,0.9269889224572004,0.0,0.9634115569013374,0.0
BOVESPA,42,QuantGAN,10,0.11983022334891169,2.9368921824247893,3.024396837253019,1.0,0.0,1.0,0.0,1.0,0.0,1.0,0.0,1.0,0.0
BOVESPA,42,QuantGAN,11,0.21848644873297896,3.1528685860162486,3.024396837253019,0.5,1.0,0.6345381526104418,0.0,0.8169014084507042,0.0,0.9083585095669687,0.0,0.9540751955589201,0.0
BOVESPA,42,QuantGAN,12,0.21673007898031615,3.0955507694774793,3.024396837253019,0.5,1.0,0.6385542168674698,0.0,0.8189134808853119,0.0,0.9093655589123867,0.0,0.9545798637395913,0.0
BOVESPA,42,QuantGAN,13,0.25748383566660493,3.1226800039983047,3.024396837253019,0.5,1.0,0.5642570281124498,0.0,0.7816901408450704,0.0,0.8907351460221551,0.0,0.9192530910926066,0.0
BOVESPA,42,QuantGAN,14,0.2056360777252073,3.1715735925915056,3.024396837253019,0.5,1.0,0.6606425702811245,0.0,0.829979879275654,0.0,0.9149043303121853,0.0,0.9573555387332828,0.0
BOVESPA,42,QuantGAN,15,0.32417517971575793,3.1711902269472256,3.024396837253019,0.5,1.0,0.4738955823293173,0.0,0.5674044265593562,0.0,0.283987915407855,0.0,0.1680545041635125,0.0
BOVESPA,42,QuantGAN,16,0.19712594162414443,2.978510856929023,3.024396837253019,0.5,1.0,0.6827309236947792,0.0,0.8410462776659959,0.0,0.9204431017119838,0.0,0.9601312137269745,0.0
BOVESPA,42,QuantGAN,17,0.18241090547214167,2.9885069039773464,3.024396837253019,0.5,1.0,0.7329317269076305,0.0,0.8661971830985915,0.0,0.9330312185297079,0.0,0.9664395659853646,0.0
BOVESPA,42,QuantGAN,18,0.12838854011994072,2.896413748621558,3.024396837253019,0.5,1.0,0.9658634538152611,0.0,0.9828973843058351,0.0,0.9914400805639476,0.0,0.9957103204642948,0.0
BOVESPA,42,QuantGAN,19,0.14418888815426145,3.0068619663024894,3.024396837253019,0.5,1.0,0.8775100401606426,0.0,0.9386317907444668,0.0,0.9692849949647533,0.0,0.9846076204895281,0.0
BOVESPA,42,GJR-GARCH,0,0.17837127381417583,2.9355129624792897,3.024396837253019,0.5,1.0,0.7449799196787149,0.0,0.8722334004024145,0.0,0.9360523665659617,0.0,0.9679535705273783,0.0
BOVESPA,42,GJR-GARCH,1,0.15380580245541142,2.955911897890118,3.024396837253019,0.5,1.0,0.8413654618473896,0.0,0.920523138832998,0.0,0.9602215508559919,0.0,0.9800656068634872,0.0
BOVESPA,42,GJR-GARCH,2,0.2363416776293974,2.985715311340395,3.024396837253019,0.5,1.0,0.6004016064257028,0.0,0.7997987927565392,0.0,0.8997985901309165,0.0,0.9497855160232147,0.0
BOVESPA,42,GJR-GARCH,3,0.1957253353807078,3.0873714644805337,3.024396837253019,0.5,1.0,0.6867469879518072,0.0,0.8430583501006036,0.0,0.9214501510574018,0.0,0.9606358819076457,0.0
BOVESPA,42,GJR-GARCH,4,0.2785057893703492,3.155080280366,3.024396837253019,0.5,1.0,0.5321285140562249,0.0,0.7655935613682092,0.0,0.5357502517623364,0.0,0.5629573555387333,0.0
BOVESPA,42,GJR-GARCH,5,0.13764789023465251,2.830007213847499,3.024396837253019,0.5,1.0,0.9036144578313253,0.0,0.9517102615694165,0.0,0.9758308157099698,0.0,0.987887963663891,0.0
BOVESPA,42,GJR-GARCH,6,0.19555128747232153,3.117653374923079,3.024396837253019,0.5,1.0,0.6867469879518072,0.0,0.8430583501006036,0.0,0.9214501510574018,0.0,0.9606358819076457,0.0
BOVESPA,42,GJR-GARCH,7,0.27984567903585367,3.1290044096248737,3.024396837253019,0.5,1.0,0.5301204819277109,0.0,0.7645875251509054,0.0,0.5105740181268882,0.0,0.5430229624022206,0.0
BOVESPA,42,GJR-GARCH,8,0.2429043230581862,3.0654611447661964,3.024396837253019,0.5,1.0,0.5903614457831325,0.0,0.7947686116700201,0.0,0.8972809667673716,0.0,0.9485238455715367,0.0
BOVESPA,42,GJR-GARCH,9,0.16863880690317545,2.9192431688534213,3.024396837253019,0.5,1.0,0.7811244979919679,0.0,0.8903420523138833,0.0,0.9451158106747231,0.0,0.9724955841534191,0.0
BOVESPA,42,GJR-GARCH,10,0.2796683717228914,3.102342987834452,3.024396837253019,0.5,1.0,0.5301204819277109,0.0,0.7645875251509054,0.0,0.5125881168177241,0.0,0.5447893010345698,0.0
BOVESPA,42,GJR-GARCH,11,0.14950308050928363,2.9973986417125134,3.024396837253019,0.5,1.0,0.8594377510040161,0.0,0.9295774647887324,0.0,0.9647532729103726,0.0,0.9823366136765077,0.0
BOVESPA,42,GJR-GARCH,12,0.20537724756441356,3.094340264352203,3.024396837253019,0.5,1.0,0.6606425702811245,0.0,0.829979879275654,0.0,0.9149043303121853,0.0,0.9573555387332828,0.0
BOVESPA,42,GJR-GARCH,13,0.2606146697536029,3.1245496236259322,3.024396837253019,0.5,1.0,0.5582329317269076,0.0,0.778672032193159,0.0,0.8892245720040282,0.0,0.9033560434014636,0.0
BOVESPA,42,GJR-GARCH,14,0.23106239983865717,3.00865564244327,3.024396837253019,0.5,1.0,0.6104417670682731,0.0,0.8048289738430584,0.0,0.9023162134944612,0.0,0.9510471864748927,0.0
BOVESPA,42,GJR-GARCH,15,0.11184729935549642,2.8415947453326744,3.024396837253019,1.0,0.0,1.0,0.0,1.0,0.0,1.0,0.0,1.0,0.0
BOVESPA,42,GJR-GARCH,16,0.3190519463335717,3.123691094558911,3.024396837253019,0.5,1.0,0.4799196787148594,0.0,0.5754527162977867,0.0,0.2880161127895267,0.0,0.19227857683573052,0.0
BOVESPA,42,GJR-GARCH,17,0.1459248596311422,2.890510474162584,3.024396837253019,0.5,1.0,0.8734939759036144,0.0,0.9366197183098591,0.0,0.9682779456193353,0.0,0.9841029523088569,0.0
BOVESPA,42,GJR-GARCH,18,0.2794720646262365,3.1835244689550035,3.024396837253019,0.5,1.0,0.5301204819277109,0.0,0.7645875251509054,0.0,0.5161127895266868,0.0,0.5475649760282614,0.0
BOVESPA,42,GJR-GARCH,19,0.18296314849464834,2.777732065647586,3.024396837253019,0.5,1.0,0.7309236947791165,0.0,0.8651911468812877,0.0,0.932527693856999,0.0,0.966187231895029,0.0
BOVESPA,42,CNN-WGAN-GP,0,0.15638524326471948,2.9694851782013743,3.024396837253019,0.5,1.0,0.8273092369477911,0.0,0.9134808853118712,0.0,0.9566968781470292,0.0,0.978299268231138,0.0
BOVESPA,42,CNN-WGAN-GP,1,0.16370786039048113,2.9941566313120425,3.024396837253019,0.5,1.0,0.7971887550200804,0.0,0.8983903420523138,0.0,0.9491440080563948,0.0,0.9745142568761039,0.0
BOVESPA,42,CNN-WGAN-GP,2,0.16239061582385017,3.073396807944807,3.024396837253019,0.5,1.0,0.8032128514056225,0.0,0.9014084507042254,0.0,0.9506545820745217,0.0,0.9752712591471108,0.0
BOVESPA,42,CNN-WGAN-GP,3,0.14045531070849449,2.816590364966478,3.024396837253019,0.5,1.0,0.893574297188755,0.0,0.9466800804828974,0.0,0.973313192346425,0.0,0.986626293212213,0.0
BOVESPA,42,CNN-WGAN-GP,4,0.14925423102258994,2.892301592568242,3.024396837253019,0.5,1.0,0.8614457831325302,0.0,0.9305835010060363,0.0,0.9652567975830816,0.0,0.9825889477668432,0.0
BOVESPA,42,CNN-WGAN-GP,5,0.1672402877166943,3.0181215755497135,3.024396837253019,0.5,1.0,0.785140562248996,0.0,0.892354124748491,0.0,0.946122860020141,0.0,0.9730002523340904,0.0
BOVESPA,42,CNN-WGAN-GP,6,0.14891985102573524,2.9721770004224215,3.024396837253019,0.5,1.0,0.8614457831325302,0.0,0.9305835010060363,0.0,0.9652567975830816,0.0,0.9825889477668432,0.0
BOVESPA,42,CNN-WGAN-GP,7,0.11235062686005737,2.9903147056019908,3.024396837253019,1.0,0.0,1.0,0.0,1.0,0.0,1.0,0.0,1.0,0.0
BOVESPA,42,CNN-WGAN-GP,8,0.20756877449193767,3.1268117522157506,3.024396837253019,0.5,1.0,0.6566265060240963,0.0,0.8279678068410463,0.0,0.9138972809667674,0.0,0.9568508705526116,0.0
BOVESPA,42,CNN-WGAN-GP,9,0.1345422995409742,3.006735727713387,3.024396837253019,0.5,1.0,0.9196787148594378,0.0,0.959758551307847,0.0,0.9798590130916415,0.0,0.9899066363865758,0.0
BOVESPA,42,CNN-WGAN-GP,10,0.14346090255678434,2.9484503986581507,3.024396837253019,0.5,1.0,0.8815261044176707,0.0,0.9406438631790744,0.0,0.9702920443101712,0.0,0.9851122886701994,0.0
BOVESPA,42,CNN-WGAN-GP,11,0.1400019702009574,2.8836589756480864,3.024396837253019,0.5,1.0,0.8955823293172691,0.0,0.9476861167002012,0.0,0.973816717019134,0.0,0.9868786273025486,0.0
BOVESPA,42,CNN-WGAN-GP,12,0.13540795923604643,2.8884924589909717,3.024396837253019,0.5,1.0,0.9136546184738956,0.0,0.9567404426559356,0.0,0.9783484390735147,0.0,0.989149634115569,0.0
BOVESPA,42,CNN-WGAN-GP,13,0.10989095707990626,2.8824918773349117,3.024396837253019,1.0,0.0,1.0,0.0,1.0,0.0,1.0,0.0,1.0,0.0
BOVESPA,42,CNN-WGAN-GP,14,0.18678126234512904,2.911118797221162,3.024396837253019,0.5,1.0,0.7188755020080321,0.0,0.8591549295774648,0.0,0.9295065458207452,0.0,0.9646732273530154,0.0
BOVESPA,42,CNN-WGAN-GP,15,0.21882441613007741,3.07275936439097,3.024396837253019,0.5,1.0,0.6345381526104418,0.0,0.8169014084507042,0.0,0.9083585095669687,0.0,0.9540751955589201,0.0
BOVESPA,42,CNN-WGAN-GP,16,0.2084292932041405,2.9245663808319438,3.024396837253019,0.5,1.0,0.6546184738955824,0.0,0.8269617706237424,0.0,0.9133937562940584,0.0,0.9565985364622761,0.0
BOVESPA,42,CNN-WGAN-GP,17,0.2085453647890423,3.0983493487018503,3.024396837253019,0.5,1.0,0.6546184738955824,0.0,0.8269617706237424,0.0,0.9133937562940584,0.0,0.9565985364622761,0.0
BOVESPA,42,CNN-WGAN-GP,18,0.16135500975367645,3.0958436449785545,3.024396837253019,0.5,1.0,0.8072289156626506,0.0,0.903420523138833,0.0,0.9516616314199395,0.0,0.975775927327782,0.0
BOVESPA,42,CNN-WGAN-GP,19,0.27603454542000416,3.110251041841092,3.024396837253019,0.5,1.0,0.536144578313253,0.0,0.7676056338028169,0.0,0.6178247734138973,0.0,0.6240222053999496,0.0
BOVESPA,42,CONTROL: shuffled real,0,0.1264075316224671,2.8985358571663475,3.024396837253019,0.5,1.0,0.9899598393574297,0.0,0.9949698189134809,0.0,0.9974823766364552,0.0,0.998738329548322,0.0
BOVESPA,42,CONTROL: shuffled real,1,0.13869760553141108,2.9026072322034064,3.024396837253019,0.5,1.0,0.8995983935742972,0.0,0.9496981891348089,0.0,0.9748237663645518,0.0,0.9873832954832198,0.0
BOVESPA,42,CONTROL: shuffled real,2,0.13369049048674908,2.78669545964038,3.024396837253019,0.5,1.0,0.9257028112449799,0.0,0.9627766599597586,0.0,0.9813695871097684,0.0,0.9906636386575827,0.0
BOVESPA,42,CONTROL: shuffled real,3,0.11436492950126276,2.7618120964449813,3.024396837253019,1.0,0.0,1.0,0.0,1.0,0.0,1.0,0.0,1.0,0.0
BOVESPA,42,CONTROL: shuffled real,4,0.12846363886505374,2.8980025805886442,3.024396837253019,0.5,1.0,0.963855421686747,0.0,0.9818913480885312,0.0,0.9909365558912386,0.0,0.9954579863739591,0.0
BOVESPA,42,CONTROL: shuffled real,5,0.10943420231903578,2.7789573041775912,3.024396837253019,1.0,0.0,1.0,0.0,1.0,0.0,1.0,0.0,1.0,0.0
BOVESPA,42,CONTROL: shuffled real,6,0.13239430101029193,2.7677772460203487,3.024396837253019,0.5,1.0,0.9317269076305221,0.0,0.96579476861167,0.0,0.9828801611278952,0.0,0.9914206409285895,0.0
BOVESPA,42,CONTROL: shuffled real,7,0.1387987396256054,2.9074312589588454,3.024396837253019,0.5,1.0,0.8995983935742972,0.0,0.9496981891348089,0.0,0.9748237663645518,0.0,0.9873832954832198,0.0
BOVESPA,42,CONTROL: shuffled real,8,0.15339450300608592,2.8673836997214805,3.024396837253019,0.5,1.0,0.8433734939759037,0.0,0.9215291750503019,0.0,0.9607250755287009,0.0,0.9803179409538229,0.0
BOVESPA,42,CONTROL: shuffled real,9,0.10893388366415246,2.7417713203170027,3.024396837253019,1.0,0.0,1.0,0.0,1.0,0.0,1.0,0.0,1.0,0.0
BOVESPA,42,CONTROL: shuffled real,10,0.11008762976081865,2.8575714591603747,3.024396837253019,1.0,0.0,1.0,0.0,1.0,0.0,1.0,0.0,1.0,0.0
BOVESPA,42,CONTROL: shuffled real,11,0.13592255586656599,2.879331052853604,3.024396837253019,0.5,1.0,0.9116465863453815,0.0,0.9557344064386318,0.0,0.9778449144008057,0.0,0.9888973000252335,0.0
BOVESPA,42,CONTROL: shuffled real,12,0.10886049672050202,2.8209253736948616,3.024396837253019,1.0,0.0,1.0,0.0,1.0,0.0,1.0,0.0,1.0,0.0
BOVESPA,42,CONTROL: shuffled real,13,0.13194877662821658,2.9394089877012113,3.024396837253019,0.5,1.0,0.9337349397590361,0.0,0.9668008048289738,0.0,0.9833836858006042,0.0,0.991672975018925,0.0
BOVESPA,42,CONTROL: shuffled real,14,0.11242159259955109,2.8466224240448925,3.024396837253019,1.0,0.0,1.0,0.0,1.0,0.0,1.0,0.0,1.0,0.0
BOVESPA,42,CONTROL: shuffled real,15,0.10393478599477213,2.7620834371100322,3.024396837253019,1.0,0.0,1.0,0.0,1.0,0.0,1.0,0.0,1.0,0.0
BOVESPA,42,CONTROL: shuffled real,16,0.14948218924803625,2.8627131264165233,3.024396837253019,0.5,1.0,0.8594377510040161,0.0,0.9295774647887324,0.0,0.9647532729103726,0.0,0.9823366136765077,0.0
BOVESPA,42,CONTROL: shuffled real,17,0.11585564371809198,2.8294070812682257,3.024396837253019,1.0,0.0,1.0,0.0,1.0,0.0,1.0,0.0,1.0,0.0
BOVESPA,42,CONTROL: shuffled real,18,0.1344077264904695,2.9249928667879943,3.024396837253019,0.5,1.0,0.9196787148594378,0.0,0.959758551307847,0.0,0.9798590130916415,0.0,0.9899066363865758,0.0
BOVESPA,42,CONTROL: shuffled real,19,0.11049082745452932,2.8240776865700914,3.024396837253019,1.0,0.0,1.0,0.0,1.0,0.0,1.0,0.0,1.0,0.0
BOVESPA,43,TimeGAN,0,0.3148896555367713,3.0164569340961607,3.024396837253019,0.5,1.0,0.4859437751004016,0.0,0.5835010060362174,0.0,0.29657603222557904,0.0,0.2139793086045925,0.0
BOVESPA,43,TimeGAN,1,0.35444331049739164,3.1082524286139614,3.024396837253019,0.5,1.0,0.43775100401606426,0.0,0.5231388329979879,0.0,0.2618328298086606,0.0,0.13121372697451425,0.0
BOVESPA,43,TimeGAN,2,0.34159606158870726,3.0861337695157833,3.024396837253019,0.5,1.0,0.45180722891566266,0.0,0.5412474849094567,0.0,0.27089627391742194,0.0,0.13575574060055515,0.0
BOVESPA,43,TimeGAN,3,0.39704024941940474,3.116715155496702,3.024396837253019,0.5,1.0,0.39357429718875503,0.0,0.46277665995975853,0.0,0.23162134944612287,0.0,0.116073681554378,0.0
BOVESPA,43,TimeGAN,4,0.39249118468948674,3.1664559858819854,3.024396837253019,0.5,1.0,0.39759036144578314,0.0,0.4688128772635815,0.0,0.23464249748237664,0.0,0.11758768609639163,0.0
BOVESPA,43,TimeGAN,5,0.3890293940489893,3.1015474718901466,3.024396837253019,0.5,1.0,0.40160642570281124,0.0,0.4738430583501006,0.0,0.23716012084592145,0.0,0.11884935654806965,0.0
BOVESPA,43,TimeGAN,6,0.42839017462716233,3.156696170271019,3.024396837253019,0.5,1.0,0.3654618473895582,0.0,0.42354124748490946,0.0,0.21198388721047332,0.0,0.10623265203128943,0.0
BOVESPA,43,TimeGAN,7,0.43380293850074947,3.1314835654989337,3.024396837253019,0.5,1.0,0.35943775100401604,0.0,0.41750503018108653,0.0,0.20896273917421954,0.0,0.1047186474892758,0.0
BOVESPA,43,TimeGAN,8,0.34509886955812497,3.0988076690502413,3.024396837253019,0.5,1.0,0.44779116465863456,0.0,0.5362173038229376,0.0,0.26837865055387716,0.0,0.13449407014887713,0.0
BOVESPA,43,TimeGAN,9,0.3309598359062409,3.0171077114841895,3.024396837253019,0.5,1.0,0.46586345381526106,0.0,0.5573440643863179,0.0,0.27895266868076535,0.0,0.14812011102699973,0.0
BOVESPA,43,TimeGAN,10,0.4602694647696718,3.19794550644084,3.024396837253019,0.5,1.0,0.3333333333333333,0.0,0.386317907444668,0.0,0.1933534743202417,0.0,0.09689629068887207,0.0
BOVESPA,43,TimeGAN,11,0.4093442071811828,3.135353593592707,3.024396837253019,0.5,1.0,0.3815261044176707,0.0,0.44668008048289737,0.0,0.22356495468277945,0.0,0.11203633610900833,0.0
BOVESPA,43,TimeGAN,12,0.3699714197460635,3.1258300523046096,3.024396837253019,0.5,1.0,0.41967871485943775,0.0,0.5010060362173038,0.0,0.25075528700906347,0.0,0.12566237698713095,0.0
BOVESPA,43,TimeGAN,13,0.42018336553711055,3.1941916038480027,3.024396837253019,0.5,1.0,0.37349397590361444,0.0,0.4336016096579477,0.0,0.21701913393756295,0.0,0.10875599293464547,0.0
BOVESPA,43,TimeGAN,14,0.42325672539235626,3.126622379527529,3.024396837253019,0.5,1.0,0.36947791164658633,0.0,0.4295774647887324,0.0,0.2150050352467271,0.0,0.10774665657330305,0.0
BOVESPA,43,TimeGAN,15,0.35521663876712073,2.985313297477626,3.024396837253019,0.5,1.0,0.43775100401606426,0.0,0.5231388329979879,0.0,0.2618328298086606,0.0,0.13121372697451425,0.0
BOVESPA,43,TimeGAN,16,0.3786880156175434,3.0507849413606567,3.024396837253019,0.5,1.0,0.41164658634538154,0.0,0.48893360160965793,0.0,0.24471299093655588,0.0,0.12263436790310371,0.0
BOVESPA,43,TimeGAN,17,0.3736374525484256,3.04951840981033,3.024396837253019,0.5,1.0,0.41566265060240964,0.0,0.4949698189134809,0.0,0.24773413897280966,0.0,0.12414837244511734,0.0
BOVESPA,43,TimeGAN,18,0.38192369093841694,3.1425011807293686,3.024396837253019,0.5,1.0,0.40763052208835343,0.0,0.48390342052313884,0.0,0.24219536757301108,0.0,0.12137269745142569,0.0
BOVESPA,43,TimeGAN,19,0.4150212705218186,3.104340136852355,3.024396837253019,0.5,1.0,0.37751004016064255,0.0,0.4396378269617706,0.0,0.22004028197381673,0.0,0.1102699974766591,0.0
BOVESPA,43,GARCH,0,0.23451406636886918,3.0405540118219134,3.024396837253019,0.5,1.0,0.6044176706827309,0.0,0.8018108651911469,0.0,0.9008056394763343,0.0,0.9502901842038859,0.0
BOVESPA,43,GARCH,1,0.2708748626431454,3.0775368450784892,3.024396837253019,0.5,1.0,0.5441767068273092,0.0,0.7716297786720322,0.0,0.8167170191339376,0.0,0.7991420640928589,0.0
BOVESPA,43,GARCH,2,0.28116024099334624,3.229452944782654,3.024396837253019,0.5,1.0,0.5281124497991968,0.0,0.7183098591549296,0.0,0.473313192346425,0.0,0.516527882916982,0.0
BOVESPA,43,GARCH,3,0.23986352999051053,3.096030147721928,3.024396837253019,0.5,1.0,0.5943775100401606,0.0,0.7967806841046278,0.0,0.8982880161127895,0.0,0.9490285137522079,0.0
BOVESPA,43,GARCH,4,0.2809921311902599,3.0723007275265632,3.024396837253019,0.5,1.0,0.5281124497991968,0.0,0.7253521126760564,0.0,0.4783484390735146,0.0,0.5198082260913449,0.0
BOVESPA,43,GARCH,5,0.26439829652220304,3.2820911527299086,3.024396837253019,0.5,1.0,0.5522088353413654,0.0,0.7756539235412475,0.0,0.8595166163141994,0.0,0.8687862730254857,0.0
BOVESPA,43,GARCH,6,0.1738641465089943,2.9478065047845154,3.024396837253019,0.5,1.0,0.7610441767068273,0.0,0.8802816901408451,0.0,0.9400805639476334,0.0,0.969972243250063,0.0
BOVESPA,43,GARCH,7,0.47244698832930176,3.293123325285272,3.024396837253019,0.5,1.0,0.3192771084337349,0.0,0.3722334004024145,0.0,0.1863041289023162,0.0,0.09336361342417361,0.0
BOVESPA,43,GARCH,8,0.2920539055376714,3.115480098754078,3.024396837253019,0.5,1.0,0.5140562248995983,0.0,0.6287726358148893,0.0,0.3459214501510574,0.0,0.36563209689629067,0.0
BOVESPA,43,GARCH,9,0.24684459110422563,3.126411640353987,3.024396837253019,0.5,1.0,0.5823293172690763,0.0,0.7907444668008048,0.0,0.8952668680765358,0.0,0.9475145092101943,0.0
BOVESPA,43,GARCH,10,0.176786067484755,2.8407230587095293,3.024396837253019,0.5,1.0,0.751004016064257,0.0,0.8752515090543259,0.0,0.9375629405840886,0.0,0.968710572798385,0.0
BOVESPA,43,GARCH,11,0.28056562484504943,3.1219605279813387,3.024396837253019,0.5,1.0,0.5301204819277109,0.0,0.7404426559356136,0.0,0.48992950654582074,0.0,0.5291445874337622,0.0
BOVESPA,43,GARCH,12,0.17463599347184267,3.1457827950600716,3.024396837253019,0.5,1.0,0.7590361445783133,0.0,0.8792756539235412,0.0,0.9395770392749244,0.0,0.9697199091597275,0.0
BOVESPA,43,GARCH,13,0.16303530721056658,2.9938902613745557,3.024396837253019,0.5,1.0,0.8012048192771084,0.0,0.9004024144869215,0.0,0.9501510574018127,0.0,0.9750189250567751,0.0
BOVESPA,43,GARCH,14,0.11933623133871363,3.0013650893299446,3.024396837253019,1.0,0.0,1.0,0.0,1.0,0.0,1.0,0.0,1.0,0.0
BOVESPA,43,GARCH,15,0.255137838865932,2.9465713552264474,3.024396837253019,0.5,1.0,0.5682730923694779,0.0,0.783702213279678,0.0,0.891742195367573,0.0,0.9258137774413323,0.0
BOVESPA,43,GARCH,16,0.17436123401116976,2.9598499977956796,3.024396837253019,0.5,1.0,0.7590361445783133,0.0,0.8792756539235412,0.0,0.9395770392749244,0.0,0.9697199091597275,0.0
BOVESPA,43,GARCH,17,0.16430426130686038,2.9491228765600717,3.024396837253019,0.5,1.0,0.7951807228915663,0.0,0.89738430583501,0.0,0.9486404833836858,0.0,0.9742619227857684,0.0
BOVESPA,43,GARCH,18,0.2742961940332036,3.2145659432182168,3.024396837253019,0.5,1.0,0.5381526104417671,0.0,0.7686116700201208,0.0,0.6863041289023162,0.0,0.6762553620994196,0.0
BOVESPA,43,GARCH,19,0.22128458529660722,3.1012662075354194,3.024396837253019,0.5,1.0,0.6285140562248996,0.0,0.8138832997987927,0.0,0.9068479355488419,0.0,0.9533181932879132,0.0
BOVESPA,43,QuantGAN,0,0.17721335823293694,3.1036818976263776,3.024396837253019,0.5,1.0,0.748995983935743,0.0,0.8742454728370221,0.0,0.9370594159113796,0.0,0.9684582387080495,0.0
BOVESPA,43,QuantGAN,1,0.15310491642783441,3.0816760829314185,3.024396837253019,0.5,1.0,0.8433734939759037,0.0,0.9215291750503019,0.0,0.9607250755287009,0.0,0.9803179409538229,0.0
BOVESPA,43,QuantGAN,2,0.2570044015848387,3.030546916984207,3.024396837253019,0.5,1.0,0.5642570281124498,0.0,0.7816901408450704,0.0,0.8907351460221551,0.0,0.9205147615442847,0.0
BOVESPA,43,QuantGAN,3,0.19077046956862032,3.0384613941752123,3.024396837253019,0.5,1.0,0.7048192771084337,0.0,0.852112676056338,0.0,0.9259818731117825,0.0,0.9629068887206662,0.0
BOVESPA,43,QuantGAN,4,0.1804064872662099,3.0721427032026174,3.024396837253019,0.5,1.0,0.7389558232931727,0.0,0.869215291750503,0.0,0.9345417925478349,0.0,0.9671965682563715,0.0
BOVESPA,43,QuantGAN,5,0.34645354620213986,3.30127875260145,3.024396837253019,0.5,1.0,0.4457831325301205,0.0,0.53420523138833,0.0,0.2673716012084592,0.0,0.1339894019682059,0.0
BOVESPA,43,QuantGAN,6,0.15182769611700264,3.1200446340375922,3.024396837253019,0.5,1.0,0.8514056224899599,0.0,0.9255533199195171,0.0,0.9627391742195368,0.0,0.9813272773151652,0.0
BOVESPA,43,QuantGAN,7,0.22563443138406325,3.0790518337194186,3.024396837253019,0.5,1.0,0.6204819277108434,0.0,0.8098591549295775,0.0,0.904833836858006,0.0,0.9523088569265707,0.0
BOVESPA,43,QuantGAN,8,0.149774545681836,2.9780176375715564,3.024396837253019,0.5,1.0,0.8594377510040161,0.0,0.9295774647887324,0.0,0.9647532729103726,0.0,0.9823366136765077,0.0
BOVESPA,43,QuantGAN,9,0.30146293567984817,3.2435232454448113,3.024396837253019,0.5,1.0,0.5020080321285141,0.0,0.6086519114688129,0.0,0.324269889224572,0.0,0.2843805198082261,0.0
BOVESPA,43,QuantGAN,10,0.15656273070900295,3.0248911465513935,3.024396837253019,0.5,1.0,0.8253012048192772,0.0,0.9124748490945674,0.0,0.9561933534743202,0.0,0.9780469341408025,0.0
BOVESPA,43,QuantGAN,11,0.3660601396611072,3.310721567553225,3.024396837253019,0.5,1.0,0.42369477911646586,0.0,0.506036217303823,0.0,0.25327291037260824,0.0,0.12692404743880897,0.0
BOVESPA,43,QuantGAN,12,0.19762958069014336,3.156395181553906,3.024396837253019,0.5,1.0,0.6807228915662651,0.0,0.8400402414486922,0.0,0.9199395770392749,0.0,0.9598788796366389,0.0
BOVESPA,43,QuantGAN,13,0.13880523103888232,2.943406179453679,3.024396837253019,0.5,1.0,0.8995983935742972,0.0,0.9496981891348089,0.0,0.9748237663645518,0.0,0.9873832954832198,0.0
BOVESPA,43,QuantGAN,14,0.27659714394569535,3.274249224934082,3.024396837253019,0.5,1.0,0.5341365461847389,0.0,0.7665995975855131,0.0,0.6037260825780463,0.0,0.6111531667928337,0.0
BOVESPA,43,QuantGAN,15,0.24826109599342105,2.9608739806095543,3.024396837253019,0.5,1.0,0.5803212851405622,0.0,0.789738430583501,0.0,0.8947633434038268,0.0,0.9472621751198587,0.0
BOVESPA,43,QuantGAN,16,0.15515548518122868,3.0207405328915473,3.024396837253019,0.5,1.0,0.8333333333333334,0.0,0.9164989939637826,0.0,0.9582074521651561,0.0,0.9790562705021448,0.0
BOVESPA,43,QuantGAN,17,0.4951059294518496,3.285525849241372,3.024396837253019,0.5,1.0,0.2991967871485944,0.0,0.34909456740442657,0.0,0.17472306143001007,0.0,0.0875599293464547,0.0
BOVESPA,43,QuantGAN,18,0.3534829876268306,3.1324810591779415,3.024396837253019,0.5,1.0,0.4397590361445783,0.0,0.5251509054325956,0.0,0.2628398791540785,0.0,0.13171839515518546,0.0
BOVESPA,43,QuantGAN,19,0.513976619960989,3.296424902822269,3.024396837253019,0.5,1.0,0.2791164658634538,0.0,0.3299798792756539,0.0,0.16515609264853978,0.0,0.08276558163007823,0.0
BOVESPA,43,GJR-GARCH,0,0.18293424681047799,3.0179022703692313,3.024396837253019,0.5,1.0,0.7309236947791165,0.0,0.8651911468812877,0.0,0.932527693856999,0.0,0.966187231895029,0.0
BOVESPA,43,GJR-GARCH,1,0.2531565808815721,2.9703207596924104,3.024396837253019,0.5,1.0,0.572289156626506,0.0,0.7857142857142857,0.0,0.8927492447129909,0.0,0.9318697956093869,0.0
BOVESPA,43,GJR-GARCH,2,0.2203124621038064,3.1975404127135763,3.024396837253019,0.5,1.0,0.6305220883534136,0.0,0.8148893360160966,0.0,0.9073514602215509,0.0,0.9535705273782488,0.0
BOVESPA,43,GJR-GARCH,3,0.21637518376759468,3.0212982326056714,3.024396837253019,0.5,1.0,0.6385542168674698,0.0,0.8189134808853119,0.0,0.9093655589123867,0.0,0.9545798637395913,0.0
BOVESPA,43,GJR-GARCH,4,0.24989586478785553,3.0744549144697464,3.024396837253019,0.5,1.0,0.5783132530120482,0.0,0.7887323943661971,0.0,0.8942598187311178,0.0,0.9470098410295231,0.0
BOVESPA,43,GJR-GARCH,5,0.27735712728264517,3.2878355630980853,3.024396837253019,0.5,1.0,0.5341365461847389,0.0,0.7665995975855131,0.0,0.5825780463242699,0.0,0.5947514509210194,0.0
BOVESPA,43,GJR-GARCH,6,0.13100953157909045,2.8450504885269576,3.024396837253019,0.5,1.0,0.9377510040160643,0.0,0.9688128772635815,0.0,0.9843907351460222,0.0,0.9921776431995962,0.0
BOVESPA,43,GJR-GARCH,7,0.48123217979062505,3.3832026694912956,3.024396837253019,0.5,1.0,0.3112449799196787,0.0,0.3631790744466801,0.0,0.18177240684793555,0.0,0.09109260661115316,0.0
BOVESPA,43,GJR-GARCH,8,0.24539806753829763,3.078641128797584,3.024396837253019,0.5,1.0,0.5863453815261044,0.0,0.7927565392354124,0.0,0.8962739174219537,0.0,0.9480191773908655,0.0
BOVESPA,43,GJR-GARCH,9,0.22034827445794747,3.0451559674948148,3.024396837253019,0.5,1.0,0.6305220883534136,0.0,0.8148893360160966,0.0,0.9073514602215509,0.0,0.9535705273782488,0.0
BOVESPA,43,GJR-GARCH,10,0.1782071474544289,2.918915862416805,3.024396837253019,0.5,1.0,0.7449799196787149,0.0,0.8722334004024145,0.0,0.9360523665659617,0.0,0.9679535705273783,0.0
BOVESPA,43,GJR-GARCH,11,0.2326614018206028,3.061072184048404,3.024396837253019,0.5,1.0,0.608433734939759,0.0,0.8038229376257545,0.0,0.9018126888217523,0.0,0.9507948523845572,0.0
BOVESPA,43,GJR-GARCH,12,0.19860638788592766,3.086514499710162,3.024396837253019,0.5,1.0,0.6767068273092369,0.0,0.8380281690140845,0.0,0.918932527693857,0.0,0.9593742114559677,0.0
BOVESPA,43,GJR-GARCH,13,0.18396111349558453,3.0255736009274576,3.024396837253019,0.5,1.0,0.7289156626506024,0.0,0.864185110663984,0.0,0.93202416918429,0.0,0.9659348978046934,0.0
BOVESPA,43,GJR-GARCH,14,0.1164425716657187,3.0243273599091793,3.024396837253019,1.0,0.0,1.0,0.0,1.0,0.0,1.0,0.0,1.0,0.0
BOVESPA,43,GJR-GARCH,15,0.22834976084141534,2.960266965072732,3.024396837253019,0.5,1.0,0.6164658634538153,0.0,0.8078470824949698,0.0,0.9038267875125882,0.0,0.9518041887458996,0.0
BOVESPA,43,GJR-GARCH,16,0.15021465035620296,2.9681691678044912,3.024396837253019,0.5,1.0,0.857429718875502,0.0,0.9285714285714286,0.0,0.9642497482376636,0.0,0.9820842795861721,0.0
BOVESPA,43,GJR-GARCH,17,0.16907894964912695,2.9261384571884936,3.024396837253019,0.5,1.0,0.7791164658634538,0.0,0.8893360160965795,0.0,0.9446122860020141,0.0,0.9722432500630835,0.0
BOVESPA,43,GJR-GARCH,18,0.20547922081929193,3.027077663201863,3.024396837253019,0.5,1.0,0.6606425702811245,0.0,0.829979879275654,0.0,0.9149043303121853,0.0,0.9573555387332828,0.0
BOVESPA,43,GJR-GARCH,19,0.3124937077774701,3.110043634121668,3.024396837253019,0.5,1.0,0.4879518072289157,0.0,0.5875251509054326,0.0,0.3011077542799597,0.0,0.22457734039868787,0.0
BOVESPA,43,CNN-WGAN-GP,0,0.20633391476031382,2.997533737423924,3.024396837253019,0.5,1.0,0.6586345381526104,0.0,0.8289738430583501,0.0,0.9144008056394763,0.0,0.9571032046429473,0.0
BOVESPA,43,CNN-WGAN-GP,1,0.13661205211606386,2.9903312172798064,3.024396837253019,0.5,1.0,0.9076305220883534,0.0,0.9537223340040242,0.0,0.9768378650553877,0.0,0.9883926318445622,0.0
BOVESPA,43,CNN-WGAN-GP,2,0.20405986460205816,2.859036898274117,3.024396837253019,0.5,1.0,0.6626506024096386,0.0,0.8309859154929577,0.0,0.9154078549848943,0.0,0.9576078728236185,0.0
BOVESPA,43,CNN-WGAN-GP,3,0.17851276067020683,3.009661384607218,3.024396837253019,0.5,1.0,0.7449799196787149,0.0,0.8722334004024145,0.0,0.9360523665659617,0.0,0.9679535705273783,0.0
BOVESPA,43,CNN-WGAN-GP,4,0.15553555420743104,3.0274054832144435,3.024396837253019,0.5,1.0,0.8313253012048193,0.0,0.9154929577464789,0.0,0.9577039274924471,0.0,0.9788039364118092,0.0
BOVESPA,43,CNN-WGAN-GP,5,0.16831465836302306,2.9304795645397825,3.024396837253019,0.5,1.0,0.7831325301204819,0.0,0.8913480885311871,0.0,0.945619335347432,0.0,0.9727479182437547,0.0
BOVESPA,43,CNN-WGAN-GP,6,0.200299255615354,2.9239555823778174,3.024396837253019,0.5,1.0,0.6726907630522089,0.0,0.8360160965794768,0.0,0.9179254783484391,0.0,0.9588695432752965,0.0
BOVESPA,43,CNN-WGAN-GP,7,0.1935649216319324,2.908375422718661,3.024396837253019,0.5,1.0,0.6927710843373494,0.0,0.8460764587525151,0.0,0.9229607250755287,0.0,0.9613928841786525,0.0
BOVESPA,43,CNN-WGAN-GP,8,0.2249038866978037,2.952896637338557,3.024396837253019,0.5,1.0,0.6224899598393574,0.0,0.8108651911468813,0.0,0.905337361530715,0.0,0.9525611910169064,0.0
BOVESPA,43,CNN-WGAN-GP,9,0.23221577722915399,3.1208555568561476,3.024396837253019,0.5,1.0,0.608433734939759,0.0,0.8038229376257545,0.0,0.9018126888217523,0.0,0.9507948523845572,0.0
BOVESPA,43,CNN-WGAN-GP,10,0.11512618593773571,2.9352255924504673,3.024396837253019,1.0,0.0,1.0,0.0,1.0,0.0,1.0,0.0,1.0,0.0
BOVESPA,43,CNN-WGAN-GP,11,0.18099968311026626,3.0140493437169864,3.024396837253019,0.5,1.0,0.7369477911646586,0.0,0.8682092555331992,0.0,0.9340382678751259,0.0,0.9669442341660358,0.0
BOVESPA,43,CNN-WGAN-GP,12,0.2237617966096086,3.077784290624969,3.024396837253019,0.5,1.0,0.6244979919678715,0.0,0.8118712273641852,0.0,0.905840886203424,0.0,0.952813525107242,0.0
BOVESPA,43,CNN-WGAN-GP,13,0.14200779257653617,3.02531102000819,3.024396837253019,0.5,1.0,0.8875502008032129,0.0,0.9436619718309859,0.0,0.9718026183282981,0.0,0.9858692909412061,0.0
BOVESPA,43,CNN-WGAN-GP,14,0.18455218984748267,2.9588492602042664,3.024396837253019,0.5,1.0,0.7269076305220884,0.0,0.8631790744466801,0.0,0.9315206445115811,0.0,0.9656825637143578,0.0
BOVESPA,43,CNN-WGAN-GP,15,0.22349324085938682,3.0128021071571487,3.024396837253019,0.5,1.0,0.6244979919678715,0.0,0.8118712273641852,0.0,0.905840886203424,0.0,0.952813525107242,0.0
BOVESPA,43,CNN-WGAN-GP,16,0.14981485277867224,2.96096975535039,3.024396837253019,0.5,1.0,0.8594377510040161,0.0,0.9295774647887324,0.0,0.9647532729103726,0.0,0.9823366136765077,0.0
BOVESPA,43,CNN-WGAN-GP,17,0.39489389509882955,3.248207175936612,3.024396837253019,0.5,1.0,0.39558232931726905,0.0,0.46579476861167,0.0,0.23313192346424974,0.0,0.1168306838253848,0.0
BOVESPA,43,CNN-WGAN-GP,18,0.2110473324765194,3.1302392835598285,3.024396837253019,0.5,1.0,0.6485943775100401,0.0,0.823943661971831,0.0,0.9118831822759316,0.0,0.9558415341912693,0.0
BOVESPA,43,CNN-WGAN-GP,19,0.18882233464984943,3.0315990376844373,3.024396837253019,0.5,1.0,0.7108433734939759,0.0,0.8551307847082495,0.0,0.9274924471299094,0.0,0.9636638909916729,0.0
BOVESPA,43,CONTROL: shuffled real,0,0.1264075316224671,2.8985358571663475,3.024396837253019,0.5,1.0,0.9899598393574297,0.0,0.9949698189134809,0.0,0.9974823766364552,0.0,0.998738329548322,0.0
BOVESPA,43,CONTROL: shuffled real,1,0.10214027986774377,2.7683618899474705,3.024396837253019,1.0,0.0,1.0,0.0,1.0,0.0,1.0,0.0,1.0,0.0
BOVESPA,43,CONTROL: shuffled real,2,0.11484263483473711,2.7954680195755546,3.024396837253019,1.0,0.0,1.0,0.0,1.0,0.0,1.0,0.0,1.0,0.0
BOVESPA,43,CONTROL: shuffled real,3,0.12875167962363032,2.867922570047945,3.024396837253019,0.5,1.0,0.9618473895582329,0.0,0.9808853118712274,0.0,0.9904330312185297,0.0,0.9952056522836236,0.0
BOVESPA,43,CONTROL: shuffled real,4,0.1238450973908618,2.886337149677519,3.024396837253019,1.0,0.0,1.0,0.0,1.0,0.0,1.0,0.0,1.0,0.0
BOVESPA,43,CONTROL: shuffled real,5,0.11488921931091456,2.860658501636619,3.024396837253019,1.0,0.0,1.0,0.0,1.0,0.0,1.0,0.0,1.0,0.0
BOVESPA,43,CONTROL: shuffled real,6,0.13453022726791608,2.8845571278890803,3.024396837253019,0.5,1.0,0.9196787148594378,0.0,0.959758551307847,0.0,0.9798590130916415,0.0,0.9899066363865758,0.0
BOVESPA,43,CONTROL: shuffled real,7,0.11485611896241665,2.8842996549951017,3.024396837253019,1.0,0.0,1.0,0.0,1.0,0.0,1.0,0.0,1.0,0.0
BOVESPA,43,CONTROL: shuffled real,8,0.10584676290818118,2.8451194961787256,3.024396837253019,1.0,0.0,1.0,0.0,1.0,0.0,1.0,0.0,1.0,0.0
BOVESPA,43,CONTROL: shuffled real,9,0.12881336505168228,2.785682955114168,3.024396837253019,0.5,1.0,0.9598393574297188,0.0,0.9798792756539235,0.0,0.9899295065458208,0.0,0.9949533181932879,0.0
BOVESPA,43,CONTROL: shuffled real,10,0.11651216853390411,2.9083374100349575,3.024396837253019,1.0,0.0,1.0,0.0,1.0,0.0,1.0,0.0,1.0,0.0
BOVESPA,43,CONTROL: shuffled real,11,0.17193827249848792,2.8198885067056683,3.024396837253019,0.5,1.0,0.7690763052208835,0.0,0.8843058350100603,0.0,0.9420946626384693,0.0,0.9709815796114055,0.0
BOVESPA,43,CONTROL: shuffled real,12,0.1181981066152833,2.8465617741135265,3.024396837253019,1.0,0.0,1.0,0.0,1.0,0.0,1.0,0.0,1.0,0.0
BOVESPA,43,CONTROL: shuffled real,13,0.14306077772239023,2.7942294204929583,3.024396837253019,0.5,1.0,0.8835341365461847,0.0,0.9416498993963782,0.0,0.9707955689828801,0.0,0.9853646227605349,0.0
BOVESPA,43,CONTROL: shuffled real,14,0.11353898125417983,2.8365975411606863,3.024396837253019,1.0,0.0,1.0,0.0,1.0,0.0,1.0,0.0,1.0,0.0
BOVESPA,43,CONTROL: shuffled real,15,0.1438677681348859,2.8924145139938884,3.024396837253019,0.5,1.0,0.8795180722891566,0.0,0.9396378269617707,0.0,0.9697885196374623,0.0,0.9848599545798638,0.0
BOVESPA,43,CONTROL: shuffled real,16,0.12057223691910424,2.7821364807465456,3.024396837253019,1.0,0.0,1.0,0.0,1.0,0.0,1.0,0.0,1.0,0.0
BOVESPA,43,CONTROL: shuffled real,17,0.12680582773571247,2.8501676814286765,3.024396837253019,0.5,1.0,0.9839357429718876,0.0,0.9919517102615694,0.0,0.9959718026183283,0.0,0.9979813272773151,0.0
BOVESPA,43,CONTROL: shuffled real,18,0.1302174652944077,2.9911602034308427,3.024396837253019,0.5,1.0,0.9437751004016064,0.0,0.971830985915493,0.0,0.9859013091641491,0.0,0.9929346454706031,0.0
BOVESPA,43,CONTROL: shuffled real,19,0.12767603188813825,2.8403720268149106,3.024396837253019,0.5,1.0,0.9718875502008032,0.0,0.9859154929577465,0.0,0.9929506545820745,0.0,0.9964673227353016,0.0
BOVESPA,44,TimeGAN,0,0.3425412967827728,3.412185483537612,3.024396837253019,0.5,1.0,0.45180722891566266,0.0,0.540241448692153,0.0,0.270392749244713,0.0,0.13550340651021953,0.0
BOVESPA,44,TimeGAN,1,0.4032482881952877,3.016324022172588,3.024396837253019,0.5,1.0,0.38755020080321284,0.0,0.45472837022132795,0.0,0.22759315206445116,0.0,0.11405500883169316,0.0
BOVESPA,44,TimeGAN,2,0.21634455690677,3.3377602847965244,3.024396837253019,0.5,1.0,0.6385542168674698,0.0,0.8189134808853119,0.0,0.9093655589123867,0.0,0.9545798637395913,0.0
BOVESPA,44,TimeGAN,3,0.25540652924786666,3.4054165448408362,3.024396837253019,0.5,1.0,0.5682730923694779,0.0,0.783702213279678,0.0,0.891742195367573,0.0,0.9250567751703255,0.0
BOVESPA,44,TimeGAN,4,0.3125083460973834,3.23962159521164,3.024396837253019,0.5,1.0,0.4879518072289157,0.0,0.5875251509054326,0.0,0.3011077542799597,0.0,0.22457734039868787,0.0
BOVESPA,44,TimeGAN,5,0.48541439535425057,3.660775238043724,3.024396837253019,0.5,1.0,0.3072289156626506,0.0,0.3591549295774648,0.0,0.1797583081570997,0.0,0.09008327024981075,0.0
BOVESPA,44,TimeGAN,6,0.38146573238169257,3.0747628607765405,3.024396837253019,0.5,1.0,0.40763052208835343,0.0,0.48390342052313884,0.0,0.24219536757301108,0.0,0.12137269745142569,0.0
BOVESPA,44,TimeGAN,7,0.44694673445736655,3.089065687597117,3.024396837253019,0.5,1.0,0.3473895582329317,0.0,0.4024144869215292,0.0,0.2014098690835851,0.0,0.10093363613424174,0.0
BOVESPA,44,TimeGAN,8,0.31291182952763286,3.467255473640973,3.024396837253019,0.5,1.0,0.4879518072289157,0.0,0.5875251509054326,0.0,0.30060422960725075,0.0,0.22281100176633864,0.0
BOVESPA,44,TimeGAN,9,0.3425303468327022,3.378584558147557,3.024396837253019,0.5,1.0,0.45180722891566266,0.0,0.540241448692153,0.0,0.270392749244713,0.0,0.13550340651021953,0.0
BOVESPA,44,TimeGAN,10,0.290151339462704,3.1966769266161488,3.024396837253019,0.5,1.0,0.5160642570281124,0.0,0.6338028169014085,0.0,0.351460221550856,0.0,0.38178147867776935,0.0
BOVESPA,44,TimeGAN,11,0.27517647484440366,3.18551102824884,3.024396837253019,0.5,1.0,0.536144578313253,0.0,0.7676056338028169,0.0,0.6596173212487412,0.0,0.6525359576078729,0.0
BOVESPA,44,TimeGAN,12,0.37197844449997686,3.5666299629578324,3.024396837253019,0.5,1.0,0.41767068273092367,0.0,0.49798792756539234,0.0,0.24924471299093656,0.0,0.12490537471612415,0.0
BOVESPA,44,TimeGAN,13,0.8657558836007007,3.9255626867611846,3.024396837253019,0.5,1.0,0.002008032128514056,1.0,0.001006036217303823,1.0,0.0005035246727089627,1.0,0.00025233409033560434,1.0
BOVESPA,44,TimeGAN,14,0.6028166581946011,3.842957418158609,3.024396837253019,0.5,1.0,0.19678714859437751,0.0,0.24245472837022133,0.0,0.12134944612286001,0.0,0.06081251577088065,0.0
BOVESPA,44,TimeGAN,15,0.3521419670125452,3.604259188902949,3.024396837253019,0.5,1.0,0.4397590361445783,0.0,0.5261569416498993,0.0,0.2633434038267875,0.0,0.13197072924552106,0.0
BOVESPA,44,TimeGAN,16,0.3102328983775765,3.296245229223692,3.024396837253019,0.5,1.0,0.4919678714859438,0.0,0.5925553319919518,0.0,0.30614300100704933,0.0,0.23542770628311885,0.0
BOVESPA,44,TimeGAN,17,0.483043446106029,3.1186664264815396,3.024396837253019,0.5,1.0,0.3092369477911647,0.0,0.3611670020120724,0.0,0.18076535750251763,0.0,0.09058793843048196,0.0
BOVESPA,44,TimeGAN,18,0.3490577784557083,2.970261001780196,3.024396837253019,0.5,1.0,0.44377510040160645,0.0,0.5311871227364185,0.0,0.26586102719033233,0.0,0.1332323996971991,0.0
BOVESPA,44,TimeGAN,19,0.27800350737392376,3.396567285624506,3.024396837253019,0.5,1.0,0.5321285140562249,0.0,0.7655935613682092,0.0,0.5699899295065458,0.0,0.5833964168559173,0.0
BOVESPA,44,GARCH,0,0.2948195035388179,3.170544174388833,3.024396837253019,0.5,1.0,0.5120481927710844,0.0,0.6237424547283702,0.0,0.3393756294058409,0.0,0.3381276810497098,0.0
BOVESPA,44,GARCH,1,0.16409489868456006,2.976850336855225,3.024396837253019,0.5,1.0,0.7971887550200804,0.0,0.8983903420523138,0.0,0.9491440080563948,0.0,0.9745142568761039,0.0
BOVESPA,44,GARCH,2,0.28976459882256744,3.1659497734947943,3.024396837253019,0.5,1.0,0.5180722891566265,0.0,0.635814889336016,0.0,0.35297079556898286,0.0,0.3853141559424678,0.0
BOVESPA,44,GARCH,3,0.15777076245819188,2.945718992253988,3.024396837253019,0.5,1.0,0.821285140562249,0.0,0.9104627766599598,0.0,0.9551863041289023,0.0,0.9775422659601312,0.0
BOVESPA,44,GARCH,4,0.2130642963840068,3.053525054804098,3.024396837253019,0.5,1.0,0.6445783132530121,0.0,0.8219315895372233,0.0,0.9108761329305136,0.0,0.9553368660105981,0.0
BOVESPA,44,GARCH,5,0.27679712701554315,3.14633552853206,3.024396837253019,0.5,1.0,0.5341365461847389,0.0,0.7665995975855131,0.0,0.5926485397784491,0.0,0.6040878122634368,0.0
BOVESPA,44,GARCH,6,0.19041815118207928,3.1228080198744683,3.024396837253019,0.5,1.0,0.7048192771084337,0.0,0.852112676056338,0.0,0.9259818731117825,0.0,0.9629068887206662,0.0
BOVESPA,44,GARCH,7,0.2207122669769126,3.155320512093717,3.024396837253019,0.5,1.0,0.6305220883534136,0.0,0.8148893360160966,0.0,0.9073514602215509,0.0,0.9535705273782488,0.0
BOVESPA,44,GARCH,8,0.2713660942838907,3.093295726820244,3.024396837253019,0.5,1.0,0.5421686746987951,0.0,0.7706237424547284,0.0,0.8046324269889225,0.0,0.7910673732021196,0.0
BOVESPA,44,GARCH,9,0.26494000180263755,3.1524876830434554,3.024396837253019,0.5,1.0,0.5522088353413654,0.0,0.7756539235412475,0.0,0.8549848942598187,0.0,0.8594499116830684,0.0
BOVESPA,44,GARCH,10,0.25624524638497004,3.0247699771823595,3.024396837253019,0.5,1.0,0.5662650602409639,0.0,0.7826961770623743,0.0,0.8912386706948641,0.0,0.9227857683573051,0.0
BOVESPA,44,GARCH,11,0.3013008653485376,3.288047812464755,3.024396837253019,0.5,1.0,0.5020080321285141,0.0,0.6086519114688129,0.0,0.324269889224572,0.0,0.2853898561695685,0.0
BOVESPA,44,GARCH,12,0.2727297981137833,3.1149437542061715,3.024396837253019,0.5,1.0,0.5401606425702812,0.0,0.7696177062374245,0.0,0.7769385699899295,0.0,0.7499369164774161,0.0
BOVESPA,44,GARCH,13,0.15607882335280565,2.9442949154338236,3.024396837253019,0.5,1.0,0.8273092369477911,0.0,0.9134808853118712,0.0,0.9566968781470292,0.0,0.978299268231138,0.0
BOVESPA,44,GARCH,14,0.22794213666807028,3.027046911953303,3.024396837253019,0.5,1.0,0.6164658634538153,0.0,0.8078470824949698,0.0,0.9038267875125882,0.0,0.9518041887458996,0.0
BOVESPA,44,GARCH,15,0.2017031502566513,3.1269461456376137,3.024396837253019,0.5,1.0,0.6686746987951807,0.0,0.8340040241448692,0.0,0.9169184290030211,0.0,0.9583648750946253,0.0
BOVESPA,44,GARCH,16,0.17330351571515035,2.95904827415358,3.024396837253019,0.5,1.0,0.7630522088353414,0.0,0.8812877263581489,0.0,0.9405840886203424,0.0,0.9702245773403987,0.0
BOVESPA,44,GARCH,17,0.26957584440762283,3.085887764185372,3.024396837253019,0.5,1.0,0.5441767068273092,0.0,0.7716297786720322,0.0,0.8353474320241692,0.0,0.813777441332324,0.0
BOVESPA,44,GARCH,18,0.20757049896532664,2.956607550576822,3.024396837253019,0.5,1.0,0.6566265060240963,0.0,0.8279678068410463,0.0,0.9138972809667674,0.0,0.9568508705526116,0.0
BOVESPA,44,GARCH,19,0.1641383068187836,2.9178013627695742,3.024396837253019,0.5,1.0,0.7971887550200804,0.0,0.8983903420523138,0.0,0.9491440080563948,0.0,0.9745142568761039,0.0
BOVESPA,44,QuantGAN,0,0.19882229608681468,3.1387358121733238,3.024396837253019,0.5,1.0,0.6767068273092369,0.0,0.8380281690140845,0.0,0.918932527693857,0.0,0.9593742114559677,0.0
BOVESPA,44,QuantGAN,1,0.15730476033775154,2.9169909920606107,3.024396837253019,0.5,1.0,0.821285140562249,0.0,0.9104627766599598,0.0,0.9551863041289023,0.0,0.9775422659601312,0.0
BOVESPA,44,QuantGAN,2,0.12728269511841628,3.0147243558160586,3.024396837253019,0.5,1.0,0.9779116465863453,0.0,0.9889336016096579,0.0,0.9944612286002014,0.0,0.9972243250063083,0.0
BOVESPA,44,QuantGAN,3,0.16769890101996698,3.1607603305358407,3.024396837253019,0.5,1.0,0.7831325301204819,0.0,0.8913480885311871,0.0,0.945619335347432,0.0,0.9727479182437547,0.0
BOVESPA,44,QuantGAN,4,0.13144755715066347,2.8524637404253865,3.024396837253019,0.5,1.0,0.9357429718875502,0.0,0.9678068410462777,0.0,0.9838872104733132,0.0,0.9919253091092607,0.0
BOVESPA,44,QuantGAN,5,0.127046506999841,3.011724663783762,3.024396837253019,0.5,1.0,0.9819277108433735,0.0,0.9909456740442656,0.0,0.9954682779456193,0.0,0.9977289931869796,0.0
BOVESPA,44,QuantGAN,6,0.17202504000333874,3.1950183366873413,3.024396837253019,0.5,1.0,0.7670682730923695,0.0,0.8832997987927566,0.0,0.9415911379657603,0.0,0.9707292455210699,0.0
BOVESPA,44,QuantGAN,7,0.2332647723504122,3.1895935852116097,3.024396837253019,0.5,1.0,0.606425702811245,0.0,0.8028169014084507,0.0,0.9013091641490433,0.0,0.9505425182942215,0.0
BOVESPA,44,QuantGAN,8,0.13744947879258151,2.8638879284174497,3.024396837253019,0.5,1.0,0.9056224899598394,0.0,0.9527162977867203,0.0,0.9763343403826787,0.0,0.9881402977542266,0.0
BOVESPA,44,QuantGAN,9,0.15020756878854358,2.9970129013426656,3.024396837253019,0.5,1.0,0.857429718875502,0.0,0.9285714285714286,0.0,0.9642497482376636,0.0,0.9820842795861721,0.0
BOVESPA,44,QuantGAN,10,0.15062701987187377,2.971730548398557,3.024396837253019,0.5,1.0,0.8554216867469879,0.0,0.9275653923541247,0.0,0.9637462235649547,0.0,0.9818319454958365,0.0
BOVESPA,44,QuantGAN,11,0.33263603975339784,3.2697346810049237,3.024396837253019,0.5,1.0,0.463855421686747,0.0,0.5543259557344065,0.0,0.27744209466263847,0.0,0.14282109512995206,0.0
BOVESPA,44,QuantGAN,12,0.1641095450951071,3.014769662220045,3.024396837253019,0.5,1.0,0.7971887550200804,0.0,0.8983903420523138,0.0,0.9491440080563948,0.0,0.9745142568761039,0.0
BOVESPA,44,QuantGAN,13,0.16602202638704666,2.9518597057027964,3.024396837253019,0.5,1.0,0.7891566265060241,0.0,0.8943661971830986,0.0,0.947129909365559,0.0,0.9735049205147616,0.0
BOVESPA,44,QuantGAN,14,0.30091557104247446,3.163338401350117,3.024396837253019,0.5,1.0,0.5040160642570282,0.0,0.6096579476861167,0.0,0.3252769385699899,0.0,0.28791319707292456,0.0
BOVESPA,44,QuantGAN,15,0.12620635226245547,2.8801860234805208,3.024396837253019,0.5,1.0,0.9939759036144579,0.0,0.9969818913480886,0.0,0.9984894259818731,0.0,0.9992429977289932,0.0
BOVESPA,44,QuantGAN,16,0.32858165905143255,3.3910856023671347,3.024396837253019,0.5,1.0,0.4678714859437751,0.0,0.5603621730382293,0.0,0.2804632426988922,0.0,0.15215745647236942,0.0
BOVESPA,44,QuantGAN,17,0.24206750146370282,3.0664002446656147,3.024396837253019,0.5,1.0,0.5903614457831325,0.0,0.7947686116700201,0.0,0.8972809667673716,0.0,0.9485238455715367,0.0
BOVESPA,44,QuantGAN,18,0.14442862223646147,3.0312581543524892,3.024396837253019,0.5,1.0,0.8775100401606426,0.0,0.9386317907444668,0.0,0.9692849949647533,0.0,0.9846076204895281,0.0
BOVESPA,44,QuantGAN,19,0.1308626106712878,2.949168736687423,3.024396837253019,0.5,1.0,0.9397590361445783,0.0,0.9698189134808853,0.0,0.9848942598187311,0.0,0.9924299772899319,0.0
BOVESPA,44,GJR-GARCH,0,0.2786681805872815,3.102575394244631,3.024396837253019,0.5,1.0,0.5321285140562249,0.0,0.7655935613682092,0.0,0.5302114803625377,0.0,0.5594246782740349,0.0
BOVESPA,44,GJR-GARCH,1,0.163335423899174,3.012445437794245,3.024396837253019,0.5,1.0,0.7991967871485943,0.0,0.8993963782696177,0.0,0.9496475327291037,0.0,0.9747665909664396,0.0
BOVESPA,44,GJR-GARCH,2,0.2162664199950184,2.9697817843436725,3.024396837253019,0.5,1.0,0.6385542168674698,0.0,0.8189134808853119,0.0,0.9093655589123867,0.0,0.9545798637395913,0.0
BOVESPA,44,GJR-GARCH,3,0.13083613244542946,2.8856480818489274,3.024396837253019,0.5,1.0,0.9397590361445783,0.0,0.9698189134808853,0.0,0.9848942598187311,0.0,0.9924299772899319,0.0
BOVESPA,44,GJR-GARCH,4,0.19855426695020317,2.9999827525178304,3.024396837253019,0.5,1.0,0.6767068273092369,0.0,0.8380281690140845,0.0,0.918932527693857,0.0,0.9593742114559677,0.0
BOVESPA,44,GJR-GARCH,5,0.25449013442385726,3.108815458917979,3.024396837253019,0.5,1.0,0.570281124497992,0.0,0.7847082494969819,0.0,0.892245720040282,0.0,0.9278324501640172,0.0
BOVESPA,44,GJR-GARCH,6,0.1555366821462818,3.034371186093555,3.024396837253019,0.5,1.0,0.8313253012048193,0.0,0.9154929577464789,0.0,0.9577039274924471,0.0,0.9788039364118092,0.0
BOVESPA,44,GJR-GARCH,7,0.16354117580748562,3.0479562444907655,3.024396837253019,0.5,1.0,0.7991967871485943,0.0,0.8993963782696177,0.0,0.9496475327291037,0.0,0.9747665909664396,0.0
BOVESPA,44,GJR-GARCH,8,0.17437005765705993,2.9682745567498645,3.024396837253019,0.5,1.0,0.7590361445783133,0.0,0.8792756539235412,0.0,0.9395770392749244,0.0,0.9697199091597275,0.0
BOVESPA,44,GJR-GARCH,9,0.2813882425987191,3.1372299964602974,3.024396837253019,0.5,1.0,0.5281124497991968,0.0,0.7122736418511066,0.0,0.4687814702920443,0.0,0.5129952056522836,0.0
BOVESPA,44,GJR-GARCH,10,0.2523406040229399,3.042889097545054,3.024396837253019,0.5,1.0,0.5742971887550201,0.0,0.7867203219315896,0.0,0.8932527693856999,0.0,0.9346454706030785,0.0
BOVESPA,44,GJR-GARCH,11,0.23492088568269232,3.1759884333170985,3.024396837253019,0.5,1.0,0.6044176706827309,0.0,0.8018108651911469,0.0,0.9008056394763343,0.0,0.9502901842038859,0.0
BOVESPA,44,GJR-GARCH,12,0.25619779301060364,3.0467756679534332,3.024396837253019,0.5,1.0,0.5662650602409639,0.0,0.7826961770623743,0.0,0.8912386706948641,0.0,0.9227857683573051,0.0
BOVESPA,44,GJR-GARCH,13,0.1757235719408643,2.9582909492766167,3.024396837253019,0.5,1.0,0.7550200803212851,0.0,0.8772635814889336,0.0,0.9385699899295066,0.0,0.9692152409790563,0.0
BOVESPA,44,GJR-GARCH,14,0.210016431912587,3.0634264715345294,3.024396837253019,0.5,1.0,0.6506024096385542,0.0,0.8249496981891348,0.0,0.9123867069486404,0.0,0.9560938682816048,0.0
BOVESPA,44,GJR-GARCH,15,0.16920046597185912,3.0373280490285217,3.024396837253019,0.5,1.0,0.7791164658634538,0.0,0.8893360160965795,0.0,0.9446122860020141,0.0,0.9722432500630835,0.0
BOVESPA,44,GJR-GARCH,16,0.18259127918205875,2.922868598545375,3.024396837253019,0.5,1.0,0.7329317269076305,0.0,0.8661971830985915,0.0,0.9330312185297079,0.0,0.9664395659853646,0.0
BOVESPA,44,GJR-GARCH,17,0.2788012174897303,3.0745511275747113,3.024396837253019,0.5,1.0,0.5321285140562249,0.0,0.7655935613682092,0.0,0.527693856998993,0.0,0.55740600555135,0.0
BOVESPA,44,GJR-GARCH,18,0.20512079503100145,2.9189211055369992,3.024396837253019,0.5,1.0,0.6606425702811245,0.0,0.829979879275654,0.0,0.9149043303121853,0.0,0.9573555387332828,0.0
BOVESPA,44,GJR-GARCH,19,0.15280993928342546,2.906126012339485,3.024396837253019,0.5,1.0,0.8453815261044176,0.0,0.9225352112676056,0.0,0.9612286002014099,0.0,0.9805702750441585,0.0
BOVESPA,44,CNN-WGAN-GP,0,0.1298339658559513,2.9613390589609168,3.024396837253019,0.5,1.0,0.9457831325301205,0.0,0.9728370221327968,0.0,0.986404833836858,0.0,0.9931869795609387,0.0
BOVESPA,44,CNN-WGAN-GP,1,0.39757209197902577,3.1858067056990906,3.024396837253019,0.5,1.0,0.39357429718875503,0.0,0.46277665995975853,0.0,0.23162134944612287,0.0,0.116073681554378,0.0
BOVESPA,44,CNN-WGAN-GP,2,0.14624177808134986,2.8752561192811297,3.024396837253019,0.5,1.0,0.8714859437751004,0.0,0.9356136820925554,0.0,0.9677744209466264,0.0,0.9838506182185213,0.0
BOVESPA,44,CNN-WGAN-GP,3,0.14481659703750793,2.9686167154499614,3.024396837253019,0.5,1.0,0.8755020080321285,0.0,0.937625754527163,0.0,0.9687814702920443,0.0,0.9843552863991926,0.0
BOVESPA,44,CNN-WGAN-GP,4,0.12650441767130127,2.9010825194271557,3.024396837253019,0.5,1.0,0.9879518072289156,0.0,0.993963782696177,0.0,0.9969788519637462,0.0,0.9984859954579863,0.0
BOVESPA,44,CNN-WGAN-GP,5,0.13382755872118057,2.9313792700273544,3.024396837253019,0.5,1.0,0.9236947791164659,0.0,0.9617706237424547,0.0,0.9808660624370594,0.0,0.990411304567247,0.0
BOVESPA,44,CNN-WGAN-GP,6,0.14998109082439637,3.0390422463975173,3.024396837253019,0.5,1.0,0.8594377510040161,0.0,0.9295774647887324,0.0,0.9647532729103726,0.0,0.9823366136765077,0.0
BOVESPA,44,CNN-WGAN-GP,7,0.12182754929008421,2.8703407416586546,3.024396837253019,1.0,0.0,1.0,0.0,1.0,0.0,1.0,0.0,1.0,0.0
BOVESPA,44,CNN-WGAN-GP,8,0.18330613947937024,2.971282959795723,3.024396837253019,0.5,1.0,0.7309236947791165,0.0,0.8651911468812877,0.0,0.932527693856999,0.0,0.966187231895029,0.0
BOVESPA,44,CNN-WGAN-GP,9,0.19654363059258917,2.9698026007012963,3.024396837253019,0.5,1.0,0.6827309236947792,0.0,0.8410462776659959,0.0,0.9204431017119838,0.0,0.9601312137269745,0.0
BOVESPA,44,CNN-WGAN-GP,10,0.13970207912726584,2.937296013908488,3.024396837253019,0.5,1.0,0.8955823293172691,0.0,0.9476861167002012,0.0,0.973816717019134,0.0,0.9868786273025486,0.0
BOVESPA,44,CNN-WGAN-GP,11,0.16165386295474882,2.91886294755722,3.024396837253019,0.5,1.0,0.8052208835341366,0.0,0.9024144869215291,0.0,0.9511581067472307,0.0,0.9755235932374464,0.0
BOVESPA,44,CNN-WGAN-GP,12,0.13639640719215151,2.9395745455398092,3.024396837253019,0.5,1.0,0.9096385542168675,0.0,0.954728370221328,0.0,0.9773413897280967,0.0,0.9886449659348978,0.0
BOVESPA,44,CNN-WGAN-GP,13,0.20535498994206347,3.0126991827261524,3.024396837253019,0.5,1.0,0.6606425702811245,0.0,0.829979879275654,0.0,0.9149043303121853,0.0,0.9573555387332828,0.0
BOVESPA,44,CNN-WGAN-GP,14,0.1539486957421432,2.9870549377315303,3.024396837253019,0.5,1.0,0.8393574297188755,0.0,0.9195171026156942,0.0,0.959718026183283,0.0,0.9798132727731517,0.0
BOVESPA,44,CNN-WGAN-GP,15,0.1725892297898457,2.9497361165590776,3.024396837253019,0.5,1.0,0.7650602409638554,0.0,0.8822937625754527,0.0,0.9410876132930514,0.0,0.9704769114307343,0.0
BOVESPA,44,CNN-WGAN-GP,16,0.21638316714613826,3.0363033037038383,3.024396837253019,0.5,1.0,0.6385542168674698,0.0,0.8189134808853119,0.0,0.9093655589123867,0.0,0.9545798637395913,0.0
BOVESPA,44,CNN-WGAN-GP,17,0.25069566172008617,3.0627215502386735,3.024396837253019,0.5,1.0,0.5763052208835341,0.0,0.7877263581488934,0.0,0.8937562940584088,0.0,0.9467575069391875,0.0
BOVESPA,44,CNN-WGAN-GP,18,0.20456963099535264,3.00565899217201,3.024396837253019,0.5,1.0,0.6626506024096386,0.0,0.8309859154929577,0.0,0.9154078549848943,0.0,0.9576078728236185,0.0
BOVESPA,44,CNN-WGAN-GP,19,0.17676708874654623,2.9165861333831025,3.024396837253019,0.5,1.0,0.751004016064257,0.0,0.8752515090543259,0.0,0.9375629405840886,0.0,0.968710572798385,0.0
BOVESPA,44,CONTROL: shuffled real,0,0.1264075316224671,2.8985358571663475,3.024396837253019,0.5,1.0,0.9899598393574297,0.0,0.9949698189134809,0.0,0.9974823766364552,0.0,0.998738329548322,0.0
BOVESPA,44,CONTROL: shuffled real,1,0.1528458392522809,2.941519164438342,3.024396837253019,0.5,1.0,0.8453815261044176,0.0,0.9225352112676056,0.0,0.9612286002014099,0.0,0.9805702750441585,0.0
BOVESPA,44,CONTROL: shuffled real,2,0.1491678635467526,2.929138900643575,3.024396837253019,0.5,1.0,0.8614457831325302,0.0,0.9305835010060363,0.0,0.9652567975830816,0.0,0.9825889477668432,0.0
BOVESPA,44,CONTROL: shuffled real,3,0.12189394291450695,2.835497493192044,3.024396837253019,1.0,0.0,1.0,0.0,1.0,0.0,1.0,0.0,1.0,0.0
BOVESPA,44,CONTROL: shuffled real,4,0.12136240810717447,2.90488481665764,3.024396837253019,1.0,0.0,1.0,0.0,1.0,0.0,1.0,0.0,1.0,0.0
BOVESPA,44,CONTROL: shuffled real,5,0.14381992315642744,2.8667752550354626,3.024396837253019,0.5,1.0,0.8795180722891566,0.0,0.9396378269617707,0.0,0.9697885196374623,0.0,0.9848599545798638,0.0
BOVESPA,44,CONTROL: shuffled real,6,0.18191639656578817,2.973256417500018,3.024396837253019,0.5,1.0,0.7349397590361446,0.0,0.8672032193158954,0.0,0.9335347432024169,0.0,0.9666919000757003,0.0
BOVESPA,44,CONTROL: shuffled real,7,0.14212841376461371,2.8876538829596288,3.024396837253019,0.5,1.0,0.8855421686746988,0.0,0.9426559356136821,0.0,0.9712990936555891,0.0,0.9856169568508706,0.0
BOVESPA,44,CONTROL: shuffled real,8,0.12631298880781738,2.7701634407947022,3.024396837253019,0.5,1.0,0.9919678714859438,0.0,0.9959758551307847,0.0,0.9979859013091642,0.0,0.9989906636386576,0.0
BOVESPA,44,CONTROL: shuffled real,9,0.1257831548262187,2.8968670106989043,3.024396837253019,1.0,0.0,1.0,0.0,1.0,0.0,1.0,0.0,1.0,0.0
BOVESPA,44,CONTROL: shuffled real,10,0.12346192517923837,2.8720845762835143,3.024396837253019,1.0,0.0,1.0,0.0,1.0,0.0,1.0,0.0,1.0,0.0
BOVESPA,44,CONTROL: shuffled real,11,0.14637516306532672,2.8807597467830135,3.024396837253019,0.5,1.0,0.8714859437751004,0.0,0.9356136820925554,0.0,0.9677744209466264,0.0,0.9838506182185213,0.0
BOVESPA,44,CONTROL: shuffled real,12,0.148185177045419,2.864522583130495,3.024396837253019,0.5,1.0,0.8654618473895582,0.0,0.9325955734406438,0.0,0.9662638469284995,0.0,0.9830936159475145,0.0
BOVESPA,44,CONTROL: shuffled real,13,0.1394869669256913,2.8189572020906515,3.024396837253019,0.5,1.0,0.8975903614457831,0.0,0.9486921529175051,0.0,0.974320241691843,0.0,0.9871309613928841,0.0
BOVESPA,44,CONTROL: shuffled real,14,0.14720568271267398,3.0046048624685873,3.024396837253019,0.5,1.0,0.8694779116465864,0.0,0.9346076458752515,0.0,0.9672708962739174,0.0,0.9835982841281857,0.0
BOVESPA,44,CONTROL: shuffled real,15,0.12430279236258901,2.7762258671400937,3.024396837253019,1.0,0.0,1.0,0.0,1.0,0.0,1.0,0.0,1.0,0.0
BOVESPA,44,CONTROL: shuffled real,16,0.13102924441634012,2.8994247441785004,3.024396837253019,0.5,1.0,0.9377510040160643,0.0,0.9688128772635815,0.0,0.9843907351460222,0.0,0.9921776431995962,0.0
BOVESPA,44,CONTROL: shuffled real,17,0.13593973763596323,2.886744273964971,3.024396837253019,0.5,1.0,0.9116465863453815,0.0,0.9557344064386318,0.0,0.9778449144008057,0.0,0.9888973000252335,0.0
BOVESPA,44,CONTROL: shuffled real,18,0.13708378881084737,2.9284075928725635,3.024396837253019,0.5,1.0,0.9056224899598394,0.0,0.9527162977867203,0.0,0.9763343403826787,0.0,0.9881402977542266,0.0
BOVESPA,44,CONTROL: shuffled real,19,0.1090707209892936,2.8617383385561213,3.024396837253019,1.0,0.0,1.0,0.0,1.0,0.0,1.0,0.0,1.0,0.0
FTSE,42,TimeGAN,0,0.23595058646799516,3.1402894389896665,3.2033049362864663,0.5,1.0,0.8071570576540755,0.0,0.9033864541832669,0.0,0.9516450648055832,0.0,0.9757317988491369,0.0
FTSE,42,TimeGAN,1,0.20434554134994842,3.273870823976525,3.2033049362864663,0.5,1.0,0.8548707753479126,0.0,0.9272908366533864,0.0,0.9636091724825523,0.0,0.98173630222667,0.0
FTSE,42,TimeGAN,2,0.25788595861688735,3.340330823829078,3.2033049362864663,0.5,1.0,0.7693836978131213,0.0,0.8844621513944223,0.0,0.8883349950149552,0.0,0.8889166875156367,0.0
FTSE,42,TimeGAN,3,0.14584720180062316,3.2801241158183703,3.2033049362864663,1.0,0.0,1.0,0.0,1.0,0.0,1.0,0.0,1.0,0.0
FTSE,42,TimeGAN,4,0.27182902830553446,3.246101329404847,3.2033049362864663,0.5,1.0,0.73558648111332,0.0,0.8675298804780877,0.0,0.6116650049850448,0.0,0.6835126344758569,0.0
FTSE,42,TimeGAN,5,0.20697650768311227,3.4286322728978833,3.2033049362864663,0.5,1.0,0.8489065606361829,0.0,0.9243027888446215,0.0,0.9621136590229312,0.0,0.9809857393044784,0.0
FTSE,42,TimeGAN,6,0.29728971820055006,3.2588020280449244,3.2033049362864663,0.5,1.0,0.6679920477137177,0.0,0.6892430278884463,0.0,0.4117647058823529,0.0,0.404553415061296,0.0
FTSE,42,TimeGAN,7,0.13744864030137793,3.3685604353740004,3.2033049362864663,1.0,0.0,1.0,0.0,1.0,0.0,1.0,0.0,1.0,0.0
FTSE,42,TimeGAN,8,0.31897504004556576,3.229516897702762,3.2033049362864663,0.5,1.0,0.5149105367793241,0.0,0.5776892430278885,0.0,0.28913260219341974,0.0,0.2146609957468101,0.0
FTSE,42,TimeGAN,9,0.3221167740616113,3.2695215411994996,3.2033049362864663,0.5,1.0,0.49304174950298213,0.0,0.5627490039840638,0.0,0.28165503489531407,0.0,0.19014260695521643,0.0
FTSE,42,TimeGAN,10,0.29333995719962247,3.3667679167120084,3.2033049362864663,0.5,1.0,0.6779324055666004,0.0,0.702191235059761,0.0,0.42273180458624127,0.0,0.42331748811608705,0.0
FTSE,42,TimeGAN,11,0.20483351670637684,3.324611048909935,3.2033049362864663,0.5,1.0,0.852882703777336,0.0,0.9262948207171314,0.0,0.963110667996012,0.0,0.9814861145859395,0.0
FTSE,42,TimeGAN,12,0.14212930616939246,3.1805304789747733,3.2033049362864663,1.0,0.0,1.0,0.0,1.0,0.0,1.0,0.0,1.0,0.0
FTSE,42,TimeGAN,13,0.16564994558602564,3.2837105838903895,3.2033049362864663,0.5,1.0,0.9383697813121272,0.0,0.9691235059760956,0.0,0.9845463609172482,0.0,0.992244183137353,0.0
FTSE,42,TimeGAN,14,0.28607200594985827,3.270009495375608,3.2033049362864663,0.5,1.0,0.6958250497017893,0.0,0.7290836653386454,0.0,0.4456630109670987,0.0,0.4678508881661246,0.0
FTSE,42,TimeGAN,15,0.14346241116907965,3.397844997149846,3.2033049362864663,1.0,0.0,1.0,0.0,1.0,0.0,1.0,0.0,1.0,0.0
FTSE,42,TimeGAN,16,0.31739730280231715,3.1706201245022116,3.2033049362864663,0.5,1.0,0.5228628230616302,0.0,0.5836653386454184,0.0,0.292123629112662,0.0,0.23092319239429573,0.0
FTSE,42,TimeGAN,17,0.1455819249232302,3.3767850034842386,3.2033049362864663,1.0,0.0,1.0,0.0,1.0,0.0,1.0,0.0,1.0,0.0
FTSE,42,TimeGAN,18,0.3253909871004963,3.2736493381085094,3.2033049362864663,0.5,1.0,0.48111332007952284,0.0,0.5527888446215139,0.0,0.2766699900299103,0.0,0.16687515636727546,0.0
FTSE,42,TimeGAN,19,0.253801493343911,3.2164554853800578,3.2033049362864663,0.5,1.0,0.7773359840954275,0.0,0.8884462151394422,0.0,0.9431704885343968,0.0,0.9256942707030272,0.0
FTSE,42,GARCH,0,0.21200687090982195,3.1124654334787287,3.2033049362864663,0.5,1.0,0.8409542743538767,0.0,0.9203187250996016,0.0,0.9601196410767697,0.0,0.9799849887415562,0.0
FTSE,42,GARCH,1,0.140381508107158,3.3210902724031404,3.2033049362864663,1.0,0.0,1.0,0.0,1.0,0.0,1.0,0.0,1.0,0.0
FTSE,42,GARCH,2,0.16462175536804735,3.1451248059543886,3.2033049362864663,0.5,1.0,0.9423459244532804,0.0,0.9711155378486056,0.0,0.985543369890329,0.0,0.9927445584188141,0.0
FTSE,42,GARCH,3,0.14513455653534413,3.1738342073885293,3.2033049362864663,1.0,0.0,1.0,0.0,1.0,0.0,1.0,0.0,1.0,0.0
FTSE,42,GARCH,4,0.20244378549644515,3.290545623544384,3.2033049362864663,0.5,1.0,0.856858846918489,0.0,0.9282868525896414,0.0,0.9641076769690927,0.0,0.9819864898674006,0.0
FTSE,42,GARCH,5,0.134072883259041,3.3293381187713478,3.2033049362864663,1.0,0.0,1.0,0.0,1.0,0.0,1.0,0.0,1.0,0.0
FTSE,42,GARCH,6,0.1389472171379873,3.0830769838565586,3.2033049362864663,1.0,0.0,1.0,0.0,1.0,0.0,1.0,0.0,1.0,0.0
FTSE,42,GARCH,7,0.22929283912136134,3.3642536062711694,3.2033049362864663,0.5,1.0,0.8170974155069582,0.0,0.9083665338645418,0.0,0.9541375872382851,0.0,0.9769827370527896,0.0
FTSE,42,GARCH,8,0.12196049759626515,3.1655090920554136,3.2033049362864663,1.0,0.0,1.0,0.0,1.0,0.0,1.0,0.0,1.0,0.0
FTSE,42,GARCH,9,0.1431935461429421,3.1788421838516476,3.2033049362864663,1.0,0.0,1.0,0.0,1.0,0.0,1.0,0.0,1.0,0.0
FTSE,42,GARCH,10,0.17143046647077131,3.409586368378264,3.2033049362864663,0.5,1.0,0.9244532803180915,0.0,0.9621513944223108,0.0,0.9810568295114656,0.0,0.9904928696522391,0.0
FTSE,42,GARCH,11,0.1496935815224174,3.162381503510224,3.2033049362864663,1.0,0.0,1.0,0.0,1.0,0.0,1.0,0.0,1.0,0.0
FTSE,42,GARCH,12,0.15444561426854264,3.175059474033088,3.2033049362864663,0.5,1.0,0.9721669980119284,0.0,0.9860557768924303,0.0,0.9930209371884346,0.0,0.9964973730297724,0.0
FTSE,42,GARCH,13,0.13211631944022573,3.3418902356349074,3.2033049362864663,1.0,0.0,1.0,0.0,1.0,0.0,1.0,0.0,1.0,0.0
FTSE,42,GARCH,14,0.2744655952704145,3.2385907566989416,3.2033049362864663,0.5,1.0,0.7296222664015904,0.0,0.849601593625498,0.0,0.590727816550349,0.0,0.6509882411808857,0.0
FTSE,42,GARCH,15,0.2317055936352166,3.2429121265294367,3.2033049362864663,0.5,1.0,0.8151093439363817,0.0,0.9073705179282868,0.0,0.9536390827517448,0.0,0.976732549412059,0.0
FTSE,42,GARCH,16,0.17047203128806254,3.1946425134621683,3.2033049362864663,0.5,1.0,0.9264413518886679,0.0,0.9631474103585658,0.0,0.981555333998006,0.0,0.9907430572929697,0.0
FTSE,42,GARCH,17,0.13344885068689494,3.1731223873680143,3.2033049362864663,1.0,0.0,1.0,0.0,1.0,0.0,1.0,0.0,1.0,0.0
FTSE,42,GARCH,18,0.2517541213750494,3.3760949344417988,3.2033049362864663,0.5,1.0,0.7813121272365805,0.0,0.8904382470119522,0.0,0.9451645064805583,0.0,0.9334500875656743,0.0
FTSE,42,GARCH,19,0.1486698594091369,3.2414718498449893,3.2033049362864663,1.0,0.0,1.0,0.0,1.0,0.0,1.0,0.0,1.0,0.0
FTSE,42,QuantGAN,0,0.21827472966478734,3.2645925898619117,3.2033049362864663,0.5,1.0,0.831013916500994,0.0,0.9153386454183267,0.0,0.9576271186440678,0.0,0.9787340505379034,0.0
FTSE,42,QuantGAN,1,0.12607586286118067,3.206828011091594,3.2033049362864663,1.0,0.0,1.0,0.0,1.0,0.0,1.0,0.0,1.0,0.0
FTSE,42,QuantGAN,2,0.13823313142449223,3.262339317681643,3.2033049362864663,1.0,0.0,1.0,0.0,1.0,0.0,1.0,0.0,1.0,0.0
FTSE,42,QuantGAN,3,0.14207984321096023,3.194551176017647,3.2033049362864663,1.0,0.0,1.0,0.0,1.0,0.0,1.0,0.0,1.0,0.0
FTSE,42,QuantGAN,4,0.12951380095423604,3.259550664781592,3.2033049362864663,1.0,0.0,1.0,0.0,1.0,0.0,1.0,0.0,1.0,0.0
FTSE,42,QuantGAN,5,0.18555629886670388,3.230175984873813,3.2033049362864663,0.5,1.0,0.8926441351888668,0.0,0.9462151394422311,0.0,0.9730807577268196,0.0,0.9864898674005504,0.0
FTSE,42,QuantGAN,6,0.12789761687239753,3.1434607124008864,3.2033049362864663,1.0,0.0,1.0,0.0,1.0,0.0,1.0,0.0,1.0,0.0
FTSE,42,QuantGAN,7,0.15701103045175424,3.20592483443138,3.2033049362864663,0.5,1.0,0.9622266401590457,0.0,0.9810756972111554,0.0,0.9905284147557328,0.0,0.9952464348261196,0.0
FTSE,42,QuantGAN,8,0.29602918524012023,3.2855674429719213,3.2033049362864663,0.5,1.0,0.6719681908548708,0.0,0.6942231075697212,0.0,0.41575274177467597,0.0,0.41005754315736803,0.0
FTSE,42,QuantGAN,9,0.17875578735324082,3.303767052121109,3.2033049362864663,0.5,1.0,0.9085487077534792,0.0,0.954183266932271,0.0,0.9770687936191426,0.0,0.9884913685263947,0.0
FTSE,42,QuantGAN,10,0.1893009091763398,3.1402836889705275,3.2033049362864663,0.5,1.0,0.8846918489065606,0.0,0.9422310756972112,0.0,0.9710867397806581,0.0,0.9854891168376282,0.0
FTSE,42,QuantGAN,11,0.15571866128498324,3.1509301161491434,3.2033049362864663,0.5,1.0,0.9681908548707754,0.0,0.9840637450199203,0.0,0.9920239282153539,0.0,0.9959969977483112,0.0
FTSE,42,QuantGAN,12,0.12829388007418352,3.2508952220444036,3.2033049362864663,1.0,0.0,1.0,0.0,1.0,0.0,1.0,0.0,1.0,0.0
FTSE,42,QuantGAN,13,0.19438581183582881,3.1336378512290657,3.2033049362864663,0.5,1.0,0.8727634194831014,0.0,0.9362549800796812,0.0,0.9680957128614157,0.0,0.983987990993245,0.0
FTSE,42,QuantGAN,14,0.14406174667290372,3.4015422065870933,3.2033049362864663,1.0,0.0,1.0,0.0,1.0,0.0,1.0,0.0,1.0,0.0
FTSE,42,QuantGAN,15,0.13659711337562297,3.3380804935311836,3.2033049362864663,1.0,0.0,1.0,0.0,1.0,0.0,1.0,0.0,1.0,0.0
FTSE,42,QuantGAN,16,0.16737769456814844,3.2087186333399442,3.2033049362864663,0.5,1.0,0.9343936381709742,0.0,0.9671314741035857,0.0,0.9835493519441675,0.0,0.9917438078558919,0.0
FTSE,42,QuantGAN,17,0.13020774321853135,3.1504452415922732,3.2033049362864663,1.0,0.0,1.0,0.0,1.0,0.0,1.0,0.0,1.0,0.0
FTSE,42,QuantGAN,18,0.3356197784896774,3.323007655038694,3.2033049362864663,0.5,1.0,0.45129224652087474,0.0,0.5258964143426295,0.0,0.26321036889332006,0.0,0.13209907430572929,0.0
FTSE,42,QuantGAN,19,0.13216153967118172,3.2984325314022356,3.2033049362864663,1.0,0.0,1.0,0.0,1.0,0.0,1.0,0.0,1.0,0.0
FTSE,42,GJR-GARCH,0,0.13358304520808595,3.094511614296047,3.2033049362864663,1.0,0.0,1.0,0.0,1.0,0.0,1.0,0.0,1.0,0.0
FTSE,42,GJR-GARCH,1,0.14754797579501577,3.1743231576828412,3.2033049362864663,1.0,0.0,1.0,0.0,1.0,0.0,1.0,0.0,1.0,0.0
FTSE,42,GJR-GARCH,2,0.1679675567570058,3.296109653996271,3.2033049362864663,0.5,1.0,0.9324055666003976,0.0,0.9661354581673307,0.0,0.9830508474576272,0.0,0.9914936202151614,0.0
FTSE,42,GJR-GARCH,3,0.1448073482174157,3.3173127251277283,3.2033049362864663,1.0,0.0,1.0,0.0,1.0,0.0,1.0,0.0,1.0,0.0
FTSE,42,GJR-GARCH,4,0.179452947216465,3.3407974540074656,3.2033049362864663,0.5,1.0,0.9065606361829026,0.0,0.953187250996016,0.0,0.9765702891326022,0.0,0.9882411808856643,0.0
FTSE,42,GJR-GARCH,5,0.1372352434938422,3.400720920169787,3.2033049362864663,1.0,0.0,1.0,0.0,1.0,0.0,1.0,0.0,1.0,0.0
FTSE,42,GJR-GARCH,6,0.13172602854479054,3.1933221351217784,3.2033049362864663,1.0,0.0,1.0,0.0,1.0,0.0,1.0,0.0,1.0,0.0
FTSE,42,GJR-GARCH,7,0.13647213202337904,3.2410276549343564,3.2033049362864663,1.0,0.0,1.0,0.0,1.0,0.0,1.0,0.0,1.0,0.0
FTSE,42,GJR-GARCH,8,0.16195568521929715,3.167021512320207,3.2033049362864663,0.5,1.0,0.94831013916501,0.0,0.9741035856573705,0.0,0.9870388833499502,0.0,0.9934951213410057,0.0
FTSE,42,GJR-GARCH,9,0.12828645583660925,3.094538111716656,3.2033049362864663,1.0,0.0,1.0,0.0,1.0,0.0,1.0,0.0,1.0,0.0
FTSE,42,GJR-GARCH,10,0.17217642815107492,3.378174401832816,3.2033049362864663,0.5,1.0,0.9244532803180915,0.0,0.9621513944223108,0.0,0.9810568295114656,0.0,0.9904928696522391,0.0
FTSE,42,GJR-GARCH,11,0.13261914668170371,3.0814005391915456,3.2033049362864663,1.0,0.0,1.0,0.0,1.0,0.0,1.0,0.0,1.0,0.0
FTSE,42,GJR-GARCH,12,0.12215872866343025,3.234613984379812,3.2033049362864663,1.0,0.0,1.0,0.0,1.0,0.0,1.0,0.0,1.0,0.0
FTSE,42,GJR-GARCH,13,0.1454175206446664,3.326275365997341,3.2033049362864663,1.0,0.0,1.0,0.0,1.0,0.0,1.0,0.0,1.0,0.0
FTSE,42,GJR-GARCH,14,0.14355913931350361,3.267811255451867,3.2033049362864663,1.0,0.0,1.0,0.0,1.0,0.0,1.0,0.0,1.0,0.0
FTSE,42,GJR-GARCH,15,0.20648518422181095,3.1837321865785686,3.2033049362864663,0.5,1.0,0.8508946322067594,0.0,0.9252988047808764,0.0,0.9626121635094715,0.0,0.9812359269452089,0.0
FTSE,42,GJR-GARCH,16,0.17416602419470273,3.3012980654525985,3.2033049362864663,0.5,1.0,0.9184890656063618,0.0,0.9591633466135459,0.0,0.9795613160518445,0.0,0.9897423067300475,0.0
FTSE,42,GJR-GARCH,17,0.15397255494876716,3.3093195402656637,3.2033049362864663,0.5,1.0,0.9761431411530815,0.0,0.9880478087649402,0.0,0.9940179461615155,0.0,0.9969977483112334,0.0
FTSE,42,GJR-GARCH,18,0.160375363646033,3.179168934565794,3.2033049362864663,0.5,1.0,0.952286282306163,0.0,0.9760956175298805,0.0,0.9880358923230309,0.0,0.9939954966224669,0.0
FTSE,42,GJR-GARCH,19,0.1312738049659936,3.0805562198823524,3.2033049362864663,1.0,0.0,1.0,0.0,1.0,0.0,1.0,0.0,1.0,0.0
FTSE,42,CNN-WGAN-GP,0,0.13754006823934684,3.1883113597350854,3.2033049362864663,1.0,0.0,1.0,0.0,1.0,0.0,1.0,0.0,1.0,0.0
FTSE,42,CNN-WGAN-GP,1,0.1399922448605464,3.1162480850838152,3.2033049362864663,1.0,0.0,1.0,0.0,1.0,0.0,1.0,0.0,1.0,0.0
FTSE,42,CNN-WGAN-GP,2,0.1260620896765725,3.0729534669961462,3.2033049362864663,1.0,0.0,1.0,0.0,1.0,0.0,1.0,0.0,1.0,0.0
FTSE,42,CNN-WGAN-GP,3,0.1426163516829888,3.16223218004577,3.2033049362864663,1.0,0.0,1.0,0.0,1.0,0.0,1.0,0.0,1.0,0.0
FTSE,42,CNN-WGAN-GP,4,0.14608303313283777,3.1740013094397814,3.2033049362864663,1.0,0.0,1.0,0.0,1.0,0.0,1.0,0.0,1.0,0.0
FTSE,42,CNN-WGAN-GP,5,0.15711547057776487,3.2039316641394673,3.2033049362864663,0.5,1.0,0.9622266401590457,0.0,0.9810756972111554,0.0,0.9905284147557328,0.0,0.9952464348261196,0.0
FTSE,42,CNN-WGAN-GP,6,0.12808818954097956,3.199186538136697,3.2033049362864663,1.0,0.0,1.0,0.0,1.0,0.0,1.0,0.0,1.0,0.0
FTSE,42,CNN-WGAN-GP,7,0.18971112111330868,3.3667377123860955,3.2033049362864663,0.5,1.0,0.882703777335984,0.0,0.9412350597609562,0.0,0.9705882352941176,0.0,0.9852389291968977,0.0
FTSE,42,CNN-WGAN-GP,8,0.14529064233836975,3.1240050656992318,3.2033049362864663,1.0,0.0,1.0,0.0,1.0,0.0,1.0,0.0,1.0,0.0
FTSE,42,CNN-WGAN-GP,9,0.1315288091510205,3.244674733746973,3.2033049362864663,1.0,0.0,1.0,0.0,1.0,0.0,1.0,0.0,1.0,0.0
FTSE,42,CNN-WGAN-GP,10,0.17969865394655526,3.270803980898064,3.2033049362864663,0.5,1.0,0.9065606361829026,0.0,0.953187250996016,0.0,0.9765702891326022,0.0,0.9882411808856643,0.0
FTSE,42,CNN-WGAN-GP,11,0.15475761689634182,3.095708821913683,3.2033049362864663,0.5,1.0,0.9721669980119284,0.0,0.9860557768924303,0.0,0.9930209371884346,0.0,0.9964973730297724,0.0
FTSE,42,CNN-WGAN-GP,12,0.14011619868569758,3.091748520781423,3.2033049362864663,1.0,0.0,1.0,0.0,1.0,0.0,1.0,0.0,1.0,0.0
FTSE,42,CNN-WGAN-GP,13,0.2703014005691664,3.423249078536581,3.2033049362864663,0.5,1.0,0.7395626242544732,0.0,0.8695219123505976,0.0,0.6520438683948155,0.0,0.7145359019264448,0.0
FTSE,42,CNN-WGAN-GP,14,0.18441356654319718,3.0811041092455227,3.2033049362864663,0.5,1.0,0.8946322067594433,0.0,0.9472111553784861,0.0,0.9735792622133599,0.0,0.9867400550412809,0.0
FTSE,42,CNN-WGAN-GP,15,0.15635080322445738,3.3397044053371543,3.2033049362864663,0.5,1.0,0.9642147117296223,0.0,0.9820717131474104,0.0,0.9910269192422732,0.0,0.9954966224668501,0.0
FTSE,42,CNN-WGAN-GP,16,0.15789927434894002,3.2118550803640464,3.2033049362864663,0.5,1.0,0.9602385685884692,0.0,0.9800796812749004,0.0,0.9900299102691924,0.0,0.994996247185389,0.0
FTSE,42,CNN-WGAN-GP,17,0.13161819098873084,3.1939981197811598,3.2033049362864663,1.0,0.0,1.0,0.0,1.0,0.0,1.0,0.0,1.0,0.0
FTSE,42,CNN-WGAN-GP,18,0.12046527605774959,3.194983043825192,3.2033049362864663,1.0,0.0,1.0,0.0,1.0,0.0,1.0,0.0,1.0,0.0
FTSE,42,CNN-WGAN-GP,19,0.177060926907185,3.2325449421888166,3.2033049362864663,0.5,1.0,0.9125248508946322,0.0,0.9561752988047809,0.0,0.9780658025922233,0.0,0.9889917438078559,0.0
FTSE,42,CONTROL: shuffled real,0,0.17256513869390333,3.1472421731643347,3.2033049362864663,0.5,1.0,0.9224652087475149,0.0,0.9611553784860558,0.0,0.9805583250249252,0.0,0.9902426820115087,0.0
FTSE,42,CONTROL: shuffled real,1,0.1575497522932796,2.976464431911842,3.2033049362864663,0.5,1.0,0.9602385685884692,0.0,0.9800796812749004,0.0,0.9900299102691924,0.0,0.994996247185389,0.0
FTSE,42,CONTROL: shuffled real,2,0.14301358595321334,3.060541152190155,3.2033049362864663,1.0,0.0,1.0,0.0,1.0,0.0,1.0,0.0,1.0,0.0
FTSE,42,CONTROL: shuffled real,3,0.1491854662188512,3.2014422188861946,3.2033049362864663,1.0,0.0,1.0,0.0,1.0,0.0,1.0,0.0,1.0,0.0
FTSE,42,CONTROL: shuffled real,4,0.14055804999350507,3.113407180024192,3.2033049362864663,1.0,0.0,1.0,0.0,1.0,0.0,1.0,0.0,1.0,0.0
FTSE,42,CONTROL: shuffled real,5,0.1255091847586156,3.100121302556474,3.2033049362864663,1.0,0.0,1.0,0.0,1.0,0.0,1.0,0.0,1.0,0.0
FTSE,42,CONTROL: shuffled real,6,0.16588379542916387,3.19283892667092,3.2033049362864663,0.5,1.0,0.9383697813121272,0.0,0.9691235059760956,0.0,0.9845463609172482,0.0,0.992244183137353,0.0
FTSE,42,CONTROL: shuffled real,7,0.13837707454431247,3.067830013317579,3.2033049362864663,1.0,0.0,1.0,0.0,1.0,0.0,1.0,0.0,1.0,0.0
FTSE,42,CONTROL: shuffled real,8,0.1569314138719986,3.1011075215387414,3.2033049362864663,0.5,1.0,0.9622266401590457,0.0,0.9810756972111554,0.0,0.9905284147557328,0.0,0.9952464348261196,0.0
FTSE,42,CONTROL: shuffled real,9,0.14653549368267105,3.176944004160035,3.2033049362864663,1.0,0.0,1.0,0.0,1.0,0.0,1.0,0.0,1.0,0.0
FTSE,42,CONTROL: shuffled real,10,0.1851284687655188,3.173093443591013,3.2033049362864663,0.5,1.0,0.8926441351888668,0.0,0.9462151394422311,0.0,0.9730807577268196,0.0,0.9864898674005504,0.0
FTSE,42,CONTROL: shuffled real,11,0.15368548786922065,3.116958341661418,3.2033049362864663,0.5,1.0,0.9761431411530815,0.0,0.9880478087649402,0.0,0.9940179461615155,0.0,0.9969977483112334,0.0
FTSE,42,CONTROL: shuffled real,12,0.17556257647739204,3.115795328922374,3.2033049362864663,0.5,1.0,0.9165009940357853,0.0,0.9581673306772909,0.0,0.9790628115653041,0.0,0.989492119089317,0.0
FTSE,42,CONTROL: shuffled real,13,0.1621924436190898,3.149226166290975,3.2033049362864663,0.5,1.0,0.94831013916501,0.0,0.9741035856573705,0.0,0.9870388833499502,0.0,0.9934951213410057,0.0
FTSE,42,CONTROL: shuffled real,14,0.1498272668814904,3.15061422439634,3.2033049362864663,1.0,0.0,1.0,0.0,1.0,0.0,1.0,0.0,1.0,0.0
FTSE,42,CONTROL: shuffled real,15,0.186344346046881,3.1112114070992125,3.2033049362864663,0.5,1.0,0.8906560636182903,0.0,0.9452191235059761,0.0,0.9725822532402791,0.0,0.9862396797598199,0.0
FTSE,42,CONTROL: shuffled real,16,0.1526216897480106,3.023502580955736,3.2033049362864663,0.5,1.0,0.9840954274353877,0.0,0.9920318725099602,0.0,0.996011964107677,0.0,0.9979984988741556,0.0
FTSE,42,CONTROL: shuffled real,17,0.20047721603279256,3.2200041040716574,3.2033049362864663,0.5,1.0,0.8608349900596421,0.0,0.9302788844621513,0.0,0.9651046859421735,0.0,0.9824868651488616,0.0
FTSE,42,CONTROL: shuffled real,18,0.1804620578036067,3.101683523938638,3.2033049362864663,0.5,1.0,0.904572564612326,0.0,0.952191235059761,0.0,0.9760717846460618,0.0,0.9879909932449337,0.0
FTSE,42,CONTROL: shuffled real,19,0.16984076826912053,3.1874745611922846,3.2033049362864663,0.5,1.0,0.9284294234592445,0.0,0.9641434262948207,0.0,0.9820538384845464,0.0,0.9909932449337002,0.0
FTSE,43,TimeGAN,0,0.22923103506904208,3.260613430764367,3.2033049362864663,0.5,1.0,0.8170974155069582,0.0,0.9083665338645418,0.0,0.9541375872382851,0.0,0.9769827370527896,0.0
FTSE,43,TimeGAN,1,0.20295372058354344,3.2859480992451133,3.2033049362864663,0.5,1.0,0.856858846918489,0.0,0.9282868525896414,0.0,0.9641076769690927,0.0,0.9819864898674006,0.0
FTSE,43,TimeGAN,2,0.2069032396301158,3.3381943002367875,3.2033049362864663,0.5,1.0,0.8489065606361829,0.0,0.9243027888446215,0.0,0.9621136590229312,0.0,0.9809857393044784,0.0
FTSE,43,TimeGAN,3,0.2754534087417062,3.304531015936915,3.2033049362864663,0.5,1.0,0.7276341948310139,0.0,0.8237051792828686,0.0,0.5742771684945165,0.0,0.6157117838378784,0.0
FTSE,43,TimeGAN,4,0.17375836971366643,3.226335347427537,3.2033049362864663,0.5,1.0,0.9204771371769384,0.0,0.9601593625498008,0.0,0.9800598205383848,0.0,0.9899924943707781,0.0
FTSE,43,TimeGAN,5,0.21908845370481478,3.162675771259965,3.2033049362864663,0.5,1.0,0.831013916500994,0.0,0.9153386454183267,0.0,0.9576271186440678,0.0,0.9787340505379034,0.0
FTSE,43,TimeGAN,6,0.26845997672,3.312483463686353,3.2033049362864663,0.5,1.0,0.7435387673956262,0.0,0.8715139442231076,0.0,0.6794616151545364,0.0,0.7478108581436077,0.0
FTSE,43,TimeGAN,7,0.17021139401824348,3.2320872244238874,3.2033049362864663,0.5,1.0,0.9284294234592445,0.0,0.9641434262948207,0.0,0.9820538384845464,0.0,0.9909932449337002,0.0
FTSE,43,TimeGAN,8,0.28893882724727904,3.286996822723165,3.2033049362864663,0.5,1.0,0.6898608349900597,0.0,0.7181274900398407,0.0,0.43519441674975073,0.0,0.44658493870402804,0.0
FTSE,43,TimeGAN,9,0.2583307974604059,3.4639560196300287,3.2033049362864663,0.5,1.0,0.7673956262425448,0.0,0.8834661354581673,0.0,0.8808574277168495,0.0,0.8836627470602952,0.0
FTSE,43,TimeGAN,10,0.20030042644732138,3.176667158176608,3.2033049362864663,0.5,1.0,0.8608349900596421,0.0,0.9302788844621513,0.0,0.9651046859421735,0.0,0.9824868651488616,0.0
FTSE,43,TimeGAN,11,0.26255952034533747,3.2262340500013744,3.2033049362864663,0.5,1.0,0.757455268389662,0.0,0.8784860557768924,0.0,0.7991026919242273,0.0,0.832874655991994,0.0
FTSE,43,TimeGAN,12,0.2243732069677855,3.332012051576648,3.2033049362864663,0.5,1.0,0.8230616302186878,0.0,0.9113545816733067,0.0,0.9556331006979063,0.0,0.9777332999749813,0.0
FTSE,43,TimeGAN,13,0.2780472181788971,3.219002345142038,3.2033049362864663,0.5,1.0,0.7176938369781312,0.0,0.7669322709163346,0.0,0.5219341974077767,0.0,0.5656742556917689,0.0
FTSE,43,TimeGAN,14,0.2852266926478726,3.4770028705938176,3.2033049362864663,0.5,1.0,0.6978131212723658,0.0,0.7340637450199203,0.0,0.4491525423728814,0.0,0.4793595196397298,0.0
FTSE,43,TimeGAN,15,0.24459372101471044,3.240693729391802,3.2033049362864663,0.5,1.0,0.7952286282306164,0.0,0.897410358565737,0.0,0.948654037886341,0.0,0.9609707280460346,0.0
FTSE,43,TimeGAN,16,0.2332965114737917,3.3327924903144135,3.2033049362864663,0.5,1.0,0.8111332007952287,0.0,0.9053784860557769,0.0,0.9526420737786641,0.0,0.9762321741305979,0.0
FTSE,43,TimeGAN,17,0.303695813807237,3.251163248900646,3.2033049362864663,0.5,1.0,0.6361829025844931,0.0,0.6623505976095617,0.0,0.3893320039880359,0.0,0.3670252689517138,0.0
FTSE,43,TimeGAN,18,0.18263187859078678,3.3025793246116617,3.2033049362864663,0.5,1.0,0.8986083499005965,0.0,0.9492031872509961,0.0,0.9745762711864406,0.0,0.987240430322742,0.0
FTSE,43,TimeGAN,19,0.23502140376573,3.4889949531034192,3.2033049362864663,0.5,1.0,0.8091451292246521,0.0,0.9043824701195219,0.0,0.9521435692921236,0.0,0.9759819864898674,0.0
FTSE,43,GARCH,0,0.13479277276461454,3.3346062539447234,3.2033049362864663,1.0,0.0,1.0,0.0,1.0,0.0,1.0,0.0,1.0,0.0
FTSE,43,GARCH,1,0.12785586279032923,3.1732477876110825,3.2033049362864663,1.0,0.0,1.0,0.0,1.0,0.0,1.0,0.0,1.0,0.0
FTSE,43,GARCH,2,0.15504544257853992,3.248819501764219,3.2033049362864663,0.5,1.0,0.9701789264413518,0.0,0.9850597609561753,0.0,0.9925224327018943,0.0,0.9962471853890418,0.0
FTSE,43,GARCH,3,0.1374814946179468,3.231896116476392,3.2033049362864663,1.0,0.0,1.0,0.0,1.0,0.0,1.0,0.0,1.0,0.0
FTSE,43,GARCH,4,0.15736634279865847,3.155099015840646,3.2033049362864663,0.5,1.0,0.9622266401590457,0.0,0.9810756972111554,0.0,0.9905284147557328,0.0,0.9952464348261196,0.0
FTSE,43,GARCH,5,0.1776685169804968,3.293275985755652,3.2033049362864663,0.5,1.0,0.9105367793240556,0.0,0.9551792828685259,0.0,0.977567298105683,0.0,0.9887415561671253,0.0
FTSE,43,GARCH,6,0.14156946642573653,3.165423087461625,3.2033049362864663,1.0,0.0,1.0,0.0,1.0,0.0,1.0,0.0,1.0,0.0
FTSE,43,GARCH,7,0.33541339108610624,3.417949700697745,3.2033049362864663,0.5,1.0,0.45129224652087474,0.0,0.5258964143426295,0.0,0.26321036889332006,0.0,0.13209907430572929,0.0
FTSE,43,GARCH,8,0.17718540444462993,3.4614626852305226,3.2033049362864663,0.5,1.0,0.9125248508946322,0.0,0.9561752988047809,0.0,0.9780658025922233,0.0,0.9889917438078559,0.0
FTSE,43,GARCH,9,0.13503933964777604,3.113247504880724,3.2033049362864663,1.0,0.0,1.0,0.0,1.0,0.0,1.0,0.0,1.0,0.0
FTSE,43,GARCH,10,0.13009767228832025,3.1393646222734453,3.2033049362864663,1.0,0.0,1.0,0.0,1.0,0.0,1.0,0.0,1.0,0.0
FTSE,43,GARCH,11,0.14152766741719414,3.312399282862941,3.2033049362864663,1.0,0.0,1.0,0.0,1.0,0.0,1.0,0.0,1.0,0.0
FTSE,43,GARCH,12,0.1379570332392257,3.198497748261042,3.2033049362864663,1.0,0.0,1.0,0.0,1.0,0.0,1.0,0.0,1.0,0.0
FTSE,43,GARCH,13,0.12854339260144676,3.286019223273428,3.2033049362864663,1.0,0.0,1.0,0.0,1.0,0.0,1.0,0.0,1.0,0.0
FTSE,43,GARCH,14,0.2501304863185687,3.3657697409268392,3.2033049362864663,0.5,1.0,0.7852882703777336,0.0,0.8924302788844621,0.0,0.9461615154536391,0.0,0.9429572179134351,0.0
FTSE,43,GARCH,15,0.21534844213493387,3.2580259660926743,3.2033049362864663,0.5,1.0,0.8349900596421471,0.0,0.9173306772908366,0.0,0.9586241276171485,0.0,0.9792344258193645,0.0
FTSE,43,GARCH,16,0.15214547938836076,3.1522400013704788,3.2033049362864663,0.5,1.0,0.9880715705765407,0.0,0.9940239043824701,0.0,0.9970089730807578,0.0,0.9984988741556167,0.0
FTSE,43,GARCH,17,0.15136820564400066,3.2170875199105406,3.2033049362864663,0.5,1.0,0.9940357852882704,0.0,0.9970119521912351,0.0,0.9985044865403788,0.0,0.9992494370778083,0.0
FTSE,43,GARCH,18,0.16850793017199295,3.3010216257845646,3.2033049362864663,0.5,1.0,0.9324055666003976,0.0,0.9661354581673307,0.0,0.9830508474576272,0.0,0.9914936202151614,0.0
FTSE,43,GARCH,19,0.17694694997058225,3.1334453984206383,3.2033049362864663,0.5,1.0,0.9125248508946322,0.0,0.9561752988047809,0.0,0.9780658025922233,0.0,0.9889917438078559,0.0
FTSE,43,QuantGAN,0,0.12406581445783971,3.2686396455013687,3.2033049362864663,1.0,0.0,1.0,0.0,1.0,0.0,1.0,0.0,1.0,0.0
FTSE,43,QuantGAN,1,0.14860773984535203,3.3183075481810387,3.2033049362864663,1.0,0.0,1.0,0.0,1.0,0.0,1.0,0.0,1.0,0.0
FTSE,43,QuantGAN,2,0.17392341832565972,3.214219872385025,3.2033049362864663,0.5,1.0,0.9204771371769384,0.0,0.9601593625498008,0.0,0.9800598205383848,0.0,0.9899924943707781,0.0
FTSE,43,QuantGAN,3,0.14038221501796078,3.2649242432059595,3.2033049362864663,1.0,0.0,1.0,0.0,1.0,0.0,1.0,0.0,1.0,0.0
FTSE,43,QuantGAN,4,0.15864699556699757,3.247613245398648,3.2033049362864663,0.5,1.0,0.9582504970178927,0.0,0.9790836653386454,0.0,0.9895314057826521,0.0,0.9947460595446584,0.0
FTSE,43,QuantGAN,5,0.15321201328885503,3.317965858015218,3.2033049362864663,0.5,1.0,0.9801192842942346,0.0,0.9900398406374502,0.0,0.9950149551345963,0.0,0.9974981235926945,0.0
FTSE,43,QuantGAN,6,0.12029694202731922,3.308582692884256,3.2033049362864663,1.0,0.0,1.0,0.0,1.0,0.0,1.0,0.0,1.0,0.0
FTSE,43,QuantGAN,7,0.16080649297321403,3.276333438131323,3.2033049362864663,0.5,1.0,0.952286282306163,0.0,0.9760956175298805,0.0,0.9880358923230309,0.0,0.9939954966224669,0.0
FTSE,43,QuantGAN,8,0.16106987592380873,3.3171573673462738,3.2033049362864663,0.5,1.0,0.9502982107355865,0.0,0.9750996015936255,0.0,0.9875373878364905,0.0,0.9937453089817363,0.0
FTSE,43,QuantGAN,9,0.16935129214484168,3.1303694440175076,3.2033049362864663,0.5,1.0,0.9304174950298211,0.0,0.9651394422310757,0.0,0.9825523429710867,0.0,0.9912434325744308,0.0
FTSE,43,QuantGAN,10,0.17581738447679562,3.2659552111642847,3.2033049362864663,0.5,1.0,0.9145129224652088,0.0,0.9571713147410359,0.0,0.9785643070787637,0.0,0.9892419314485864,0.0
FTSE,43,QuantGAN,11,0.18341599295850153,3.362722663204349,3.2033049362864663,0.5,1.0,0.8966202783300199,0.0,0.9482071713147411,0.0,0.9740777666999003,0.0,0.9869902426820115,0.0
FTSE,43,QuantGAN,12,0.1406217609307001,3.2613647759545166,3.2033049362864663,1.0,0.0,1.0,0.0,1.0,0.0,1.0,0.0,1.0,0.0
FTSE,43,QuantGAN,13,0.18160092590329424,3.164547636353846,3.2033049362864663,0.5,1.0,0.9005964214711729,0.0,0.950199203187251,0.0,0.9750747756729811,0.0,0.9874906179634726,0.0
FTSE,43,QuantGAN,14,0.1279472676929323,3.210697132614188,3.2033049362864663,1.0,0.0,1.0,0.0,1.0,0.0,1.0,0.0,1.0,0.0
FTSE,43,QuantGAN,15,0.16191425159166495,3.1149726215302636,3.2033049362864663,0.5,1.0,0.94831013916501,0.0,0.9741035856573705,0.0,0.9870388833499502,0.0,0.9934951213410057,0.0
FTSE,43,QuantGAN,16,0.17695855570143926,3.4762881244601185,3.2033049362864663,0.5,1.0,0.9125248508946322,0.0,0.9561752988047809,0.0,0.9780658025922233,0.0,0.9889917438078559,0.0
FTSE,43,QuantGAN,17,0.24678941242041974,3.4406903218322147,3.2033049362864663,0.5,1.0,0.7912524850894632,0.0,0.8954183266932271,0.0,0.9476570289132602,0.0,0.9512134100575431,0.0
FTSE,43,QuantGAN,18,0.17505977864148314,3.291941856433325,3.2033049362864663,0.5,1.0,0.9165009940357853,0.0,0.9581673306772909,0.0,0.9790628115653041,0.0,0.989492119089317,0.0
FTSE,43,QuantGAN,19,0.2504703161653479,3.3487446716592313,3.2033049362864663,0.5,1.0,0.7833001988071571,0.0,0.8914342629482072,0.0,0.9456630109670987,0.0,0.9412059044283212,0.0
FTSE,43,GJR-GARCH,0,0.15658021528031396,3.248981615505004,3.2033049362864663,0.5,1.0,0.9642147117296223,0.0,0.9820717131474104,0.0,0.9910269192422732,0.0,0.9954966224668501,0.0
FTSE,43,GJR-GARCH,1,0.13392067885924375,3.09837133631325,3.2033049362864663,1.0,0.0,1.0,0.0,1.0,0.0,1.0,0.0,1.0,0.0
FTSE,43,GJR-GARCH,2,0.14143920116362452,3.163781029233675,3.2033049362864663,1.0,0.0,1.0,0.0,1.0,0.0,1.0,0.0,1.0,0.0
FTSE,43,GJR-GARCH,3,0.1508134792738709,3.2364663560779405,3.2033049362864663,1.0,0.0,1.0,0.0,1.0,0.0,1.0,0.0,1.0,0.0
FTSE,43,GJR-GARCH,4,0.13171233566432394,3.1476425663778977,3.2033049362864663,1.0,0.0,1.0,0.0,1.0,0.0,1.0,0.0,1.0,0.0
FTSE,43,GJR-GARCH,5,0.16394351867641666,3.3159933367695156,3.2033049362864663,0.5,1.0,0.9423459244532804,0.0,0.9711155378486056,0.0,0.985543369890329,0.0,0.9927445584188141,0.0
FTSE,43,GJR-GARCH,6,0.20164564287338904,3.261126290084375,3.2033049362864663,0.5,1.0,0.8588469184890656,0.0,0.9292828685258964,0.0,0.9646061814556331,0.0,0.9822366775081312,0.0
FTSE,43,GJR-GARCH,7,0.21280187295125974,3.2892164037258564,3.2033049362864663,0.5,1.0,0.8389662027833003,0.0,0.9193227091633466,0.0,0.9596211365902293,0.0,0.9797348011008257,0.0
FTSE,43,GJR-GARCH,8,0.16029011283123484,3.4325927876330624,3.2033049362864663,0.5,1.0,0.952286282306163,0.0,0.9760956175298805,0.0,0.9880358923230309,0.0,0.9939954966224669,0.0
FTSE,43,GJR-GARCH,9,0.17009615244823362,3.2046155917287797,3.2033049362864663,0.5,1.0,0.9284294234592445,0.0,0.9641434262948207,0.0,0.9820538384845464,0.0,0.9909932449337002,0.0
FTSE,43,GJR-GARCH,10,0.1283638797895399,3.1328967700603703,3.2033049362864663,1.0,0.0,1.0,0.0,1.0,0.0,1.0,0.0,1.0,0.0
FTSE,43,GJR-GARCH,11,0.13571870119087248,3.2455181776710633,3.2033049362864663,1.0,0.0,1.0,0.0,1.0,0.0,1.0,0.0,1.0,0.0
FTSE,43,GJR-GARCH,12,0.15647565031450728,3.0953341986512064,3.2033049362864663,0.5,1.0,0.9642147117296223,0.0,0.9820717131474104,0.0,0.9910269192422732,0.0,0.9954966224668501,0.0
FTSE,43,GJR-GARCH,13,0.12464153554977853,3.2477813993524505,3.2033049362864663,1.0,0.0,1.0,0.0,1.0,0.0,1.0,0.0,1.0,0.0
FTSE,43,GJR-GARCH,14,0.25591320694557984,3.3116527881409654,3.2033049362864663,0.5,1.0,0.7733598409542743,0.0,0.8864541832669323,0.0,0.9212362911266201,0.0,0.9111833875406555,0.0
FTSE,43,GJR-GARCH,15,0.17869786837233104,3.1711771320794013,3.2033049362864663,0.5,1.0,0.9085487077534792,0.0,0.954183266932271,0.0,0.9770687936191426,0.0,0.9884913685263947,0.0
FTSE,43,GJR-GARCH,16,0.21104641367299282,3.191336844279103,3.2033049362864663,0.5,1.0,0.8429423459244533,0.0,0.9213147410358565,0.0,0.96061814556331,0.0,0.9802351763822867,0.0
FTSE,43,GJR-GARCH,17,0.16392805925625953,3.1833450591116126,3.2033049362864663,0.5,1.0,0.9443339960238568,0.0,0.9721115537848606,0.0,0.9860418743768694,0.0,0.9929947460595446,0.0
FTSE,43,GJR-GARCH,18,0.1833208773127557,3.229265321217777,3.2033049362864663,0.5,1.0,0.8966202783300199,0.0,0.9482071713147411,0.0,0.9740777666999003,0.0,0.9869902426820115,0.0
FTSE,43,GJR-GARCH,19,0.1566814460214676,3.1944367719266884,3.2033049362864663,0.5,1.0,0.9642147117296223,0.0,0.9820717131474104,0.0,0.9910269192422732,0.0,0.9954966224668501,0.0
FTSE,43,CNN-WGAN-GP,0,0.11183760355114125,3.179054640520701,3.2033049362864663,1.0,0.0,1.0,0.0,1.0,0.0,1.0,0.0,1.0,0.0
FTSE,43,CNN-WGAN-GP,1,0.1374616431343718,3.2575924795768527,3.2033049362864663,1.0,0.0,1.0,0.0,1.0,0.0,1.0,0.0,1.0,0.0
FTSE,43,CNN-WGAN-GP,2,0.10771154166405372,3.2418847264741055,3.2033049362864663,1.0,0.0,1.0,0.0,1.0,0.0,1.0,0.0,1.0,0.0
FTSE,43,CNN-WGAN-GP,3,0.130802951313439,3.2420094809754656,3.2033049362864663,1.0,0.0,1.0,0.0,1.0,0.0,1.0,0.0,1.0,0.0
FTSE,43,CNN-WGAN-GP,4,0.18193627897835118,3.0846629311130256,3.2033049362864663,0.5,1.0,0.9005964214711729,0.0,0.950199203187251,0.0,0.9750747756729811,0.0,0.9874906179634726,0.0
FTSE,43,CNN-WGAN-GP,5,0.1354669657642631,3.2075028744220346,3.2033049362864663,1.0,0.0,1.0,0.0,1.0,0.0,1.0,0.0,1.0,0.0
FTSE,43,CNN-WGAN-GP,6,0.12853610248891023,3.2427541078805344,3.2033049362864663,1.0,0.0,1.0,0.0,1.0,0.0,1.0,0.0,1.0,0.0
FTSE,43,CNN-WGAN-GP,7,0.13552735606214528,3.151128199367687,3.2033049362864663,1.0,0.0,1.0,0.0,1.0,0.0,1.0,0.0,1.0,0.0
FTSE,43,CNN-WGAN-GP,8,0.13344104793509004,3.155941486756063,3.2033049362864663,1.0,0.0,1.0,0.0,1.0,0.0,1.0,0.0,1.0,0.0
FTSE,43,CNN-WGAN-GP,9,0.12635941023346042,3.320030012779289,3.2033049362864663,1.0,0.0,1.0,0.0,1.0,0.0,1.0,0.0,1.0,0.0
FTSE,43,CNN-WGAN-GP,10,0.1527365896222843,3.124365887688702,3.2033049362864663,0.5,1.0,0.9821073558648111,0.0,0.9910358565737052,0.0,0.9955134596211366,0.0,0.9977483112334251,0.0
FTSE,43,CNN-WGAN-GP,11,0.18443523142072227,3.1847253471060895,3.2033049362864663,0.5,1.0,0.8946322067594433,0.0,0.9472111553784861,0.0,0.9735792622133599,0.0,0.9867400550412809,0.0
FTSE,43,CNN-WGAN-GP,12,0.16406087414533843,3.284152089251823,3.2033049362864663,0.5,1.0,0.9423459244532804,0.0,0.9711155378486056,0.0,0.985543369890329,0.0,0.9927445584188141,0.0
FTSE,43,CNN-WGAN-GP,13,0.12314710459501588,3.1871297507996754,3.2033049362864663,1.0,0.0,1.0,0.0,1.0,0.0,1.0,0.0,1.0,0.0
FTSE,43,CNN-WGAN-GP,14,0.14217650793331638,3.041726975871549,3.2033049362864663,1.0,0.0,1.0,0.0,1.0,0.0,1.0,0.0,1.0,0.0
FTSE,43,CNN-WGAN-GP,15,0.1527915323373319,3.0074050280977813,3.2033049362864663,0.5,1.0,0.9821073558648111,0.0,0.9910358565737052,0.0,0.9955134596211366,0.0,0.9977483112334251,0.0
FTSE,43,CNN-WGAN-GP,16,0.15753621465339895,3.2295286142165485,3.2033049362864663,0.5,1.0,0.9602385685884692,0.0,0.9800796812749004,0.0,0.9900299102691924,0.0,0.994996247185389,0.0
FTSE,43,CNN-WGAN-GP,17,0.16769283948814073,3.210288785535965,3.2033049362864663,0.5,1.0,0.9343936381709742,0.0,0.9671314741035857,0.0,0.9835493519441675,0.0,0.9917438078558919,0.0
FTSE,43,CNN-WGAN-GP,18,0.16965425462036476,3.2519422412792376,3.2033049362864663,0.5,1.0,0.9284294234592445,0.0,0.9641434262948207,0.0,0.9820538384845464,0.0,0.9909932449337002,0.0
FTSE,43,CNN-WGAN-GP,19,0.15991032338633282,3.1407672716182993,3.2033049362864663,0.5,1.0,0.9542743538767395,0.0,0.9770916334661355,0.0,0.9885343968095713,0.0,0.9942456842631974,0.0
FTSE,43,CONTROL: shuffled real,0,0.17256513869390333,3.1472421731643347,3.2033049362864663,0.5,1.0,0.9224652087475149,0.0,0.9611553784860558,0.0,0.9805583250249252,0.0,0.9902426820115087,0.0
FTSE,43,CONTROL: shuffled real,1,0.19576656046192276,3.0575448834795567,3.2033049362864663,0.5,1.0,0.8707753479125249,0.0,0.9352589641434262,0.0,0.9675972083748754,0.0,0.9837378033525144,0.0
FTSE,43,CONTROL: shuffled real,2,0.14873070405983624,3.0568165585625624,3.2033049362864663,1.0,0.0,1.0,0.0,1.0,0.0,1.0,0.0,1.0,0.0
FTSE,43,CONTROL: shuffled real,3,0.1960415064159411,3.1001201707948978,3.2033049362864663,0.5,1.0,0.8707753479125249,0.0,0.9352589641434262,0.0,0.9675972083748754,0.0,0.9837378033525144,0.0
FTSE,43,CONTROL: shuffled real,4,0.14646911400745877,3.1339318491398696,3.2033049362864663,1.0,0.0,1.0,0.0,1.0,0.0,1.0,0.0,1.0,0.0
FTSE,43,CONTROL: shuffled real,5,0.18127945739056606,3.048807282690187,3.2033049362864663,0.5,1.0,0.9025844930417495,0.0,0.951195219123506,0.0,0.9755732801595214,0.0,0.9877408056042032,0.0
FTSE,43,CONTROL: shuffled real,6,0.16038685640211447,3.106118545082494,3.2033049362864663,0.5,1.0,0.952286282306163,0.0,0.9760956175298805,0.0,0.9880358923230309,0.0,0.9939954966224669,0.0
FTSE,43,CONTROL: shuffled real,7,0.17595960488617446,3.1922449152780876,3.2033049362864663,0.5,1.0,0.9145129224652088,0.0,0.9571713147410359,0.0,0.9785643070787637,0.0,0.9892419314485864,0.0
FTSE,43,CONTROL: shuffled real,8,0.17047476994269606,3.080742367493232,3.2033049362864663,0.5,1.0,0.9264413518886679,0.0,0.9631474103585658,0.0,0.981555333998006,0.0,0.9907430572929697,0.0
FTSE,43,CONTROL: shuffled real,9,0.14247395926358308,3.066406846362952,3.2033049362864663,1.0,0.0,1.0,0.0,1.0,0.0,1.0,0.0,1.0,0.0
FTSE,43,CONTROL: shuffled real,10,0.16106958201156707,3.0339478285566166,3.2033049362864663,0.5,1.0,0.9502982107355865,0.0,0.9750996015936255,0.0,0.9875373878364905,0.0,0.9937453089817363,0.0
FTSE,43,CONTROL: shuffled real,11,0.15679662068305156,3.134585826867572,3.2033049362864663,0.5,1.0,0.9642147117296223,0.0,0.9820717131474104,0.0,0.9910269192422732,0.0,0.9954966224668501,0.0
FTSE,43,CONTROL: shuffled real,12,0.14304649263966596,3.0807281782041285,3.2033049362864663,1.0,0.0,1.0,0.0,1.0,0.0,1.0,0.0,1.0,0.0
FTSE,43,CONTROL: shuffled real,13,0.1654283394892313,3.2060037897977103,3.2033049362864663,0.5,1.0,0.9383697813121272,0.0,0.9691235059760956,0.0,0.9845463609172482,0.0,0.992244183137353,0.0
FTSE,43,CONTROL: shuffled real,14,0.17863221533043094,3.017009992963595,3.2033049362864663,0.5,1.0,0.9085487077534792,0.0,0.954183266932271,0.0,0.9770687936191426,0.0,0.9884913685263947,0.0
FTSE,43,CONTROL: shuffled real,15,0.16168265414212524,3.1313225976632517,3.2033049362864663,0.5,1.0,0.9502982107355865,0.0,0.9750996015936255,0.0,0.9875373878364905,0.0,0.9937453089817363,0.0
FTSE,43,CONTROL: shuffled real,16,0.15048757242539512,3.0368358199630423,3.2033049362864663,1.0,0.0,1.0,0.0,1.0,0.0,1.0,0.0,1.0,0.0
FTSE,43,CONTROL: shuffled real,17,0.15512347238004343,3.01511622365076,3.2033049362864663,0.5,1.0,0.9701789264413518,0.0,0.9850597609561753,0.0,0.9925224327018943,0.0,0.9962471853890418,0.0
FTSE,43,CONTROL: shuffled real,18,0.16541997059199587,3.2149968761857832,3.2033049362864663,0.5,1.0,0.9383697813121272,0.0,0.9691235059760956,0.0,0.9845463609172482,0.0,0.992244183137353,0.0
FTSE,43,CONTROL: shuffled real,19,0.16065521692711338,3.178565571124146,3.2033049362864663,0.5,1.0,0.952286282306163,0.0,0.9760956175298805,0.0,0.9880358923230309,0.0,0.9939954966224669,0.0
FTSE,44,TimeGAN,0,0.21740756904918745,3.090332928921509,3.2033049362864663,0.5,1.0,0.8330019880715706,0.0,0.9163346613545816,0.0,0.9581256231306082,0.0,0.978984238178634,0.0
FTSE,44,TimeGAN,1,0.17428099124573504,3.222706918936254,3.2033049362864663,0.5,1.0,0.9184890656063618,0.0,0.9591633466135459,0.0,0.9795613160518445,0.0,0.9897423067300475,0.0
FTSE,44,TimeGAN,2,0.19232531976512246,3.0644372790209617,3.2033049362864663,0.5,1.0,0.8767395626242545,0.0,0.9382470119521913,0.0,0.9690927218344965,0.0,0.984488366274706,0.0
FTSE,44,TimeGAN,3,0.14670460141220776,3.324894160864309,3.2033049362864663,1.0,0.0,1.0,0.0,1.0,0.0,1.0,0.0,1.0,0.0
FTSE,44,TimeGAN,4,0.17497175746450977,3.207280579831805,3.2033049362864663,0.5,1.0,0.9165009940357853,0.0,0.9581673306772909,0.0,0.9790628115653041,0.0,0.989492119089317,0.0
FTSE,44,TimeGAN,5,0.16392866099271175,3.1869619886330725,3.2033049362864663,0.5,1.0,0.9443339960238568,0.0,0.9721115537848606,0.0,0.9860418743768694,0.0,0.9929947460595446,0.0
FTSE,44,TimeGAN,6,0.19323197336512554,3.2660744025540485,3.2033049362864663,0.5,1.0,0.8747514910536779,0.0,0.9372509960159362,0.0,0.9685942173479561,0.0,0.9842381786339754,0.0
FTSE,44,TimeGAN,7,0.17983585309050576,3.1716233619695986,3.2033049362864663,0.5,1.0,0.9065606361829026,0.0,0.953187250996016,0.0,0.9765702891326022,0.0,0.9882411808856643,0.0
FTSE,44,TimeGAN,8,0.19868953758275354,3.212922532101419,3.2033049362864663,0.5,1.0,0.8648111332007953,0.0,0.9322709163346613,0.0,0.9661016949152542,0.0,0.9829872404303227,0.0
FTSE,44,TimeGAN,9,0.17496247211162363,3.312677364405941,3.2033049362864663,0.5,1.0,0.9165009940357853,0.0,0.9581673306772909,0.0,0.9790628115653041,0.0,0.989492119089317,0.0
FTSE,44,TimeGAN,10,0.18469029567380635,3.1269363849363327,3.2033049362864663,0.5,1.0,0.8946322067594433,0.0,0.9472111553784861,0.0,0.9735792622133599,0.0,0.9867400550412809,0.0
FTSE,44,TimeGAN,11,0.1777443219643844,3.148750438852001,3.2033049362864663,0.5,1.0,0.9105367793240556,0.0,0.9551792828685259,0.0,0.977567298105683,0.0,0.9887415561671253,0.0
FTSE,44,TimeGAN,12,0.14948124473467317,3.191770721522339,3.2033049362864663,1.0,0.0,1.0,0.0,1.0,0.0,1.0,0.0,1.0,0.0
FTSE,44,TimeGAN,13,0.19238442684938506,3.1604336234182027,3.2033049362864663,0.5,1.0,0.8767395626242545,0.0,0.9382470119521913,0.0,0.9690927218344965,0.0,0.984488366274706,0.0
FTSE,44,TimeGAN,14,0.16794777494042856,3.206804492242247,3.2033049362864663,0.5,1.0,0.9324055666003976,0.0,0.9661354581673307,0.0,0.9830508474576272,0.0,0.9914936202151614,0.0
FTSE,44,TimeGAN,15,0.17813166694216465,3.2614461032098236,3.2033049362864663,0.5,1.0,0.9105367793240556,0.0,0.9551792828685259,0.0,0.977567298105683,0.0,0.9887415561671253,0.0
FTSE,44,TimeGAN,16,0.15618924607260487,3.107833541069082,3.2033049362864663,0.5,1.0,0.9662027833001988,0.0,0.9830677290836654,0.0,0.9915254237288136,0.0,0.9957468101075807,0.0
FTSE,44,TimeGAN,17,0.1466158657831116,3.1006013887900767,3.2033049362864663,1.0,0.0,1.0,0.0,1.0,0.0,1.0,0.0,1.0,0.0
FTSE,44,TimeGAN,18,0.20001327137999714,3.230765704775292,3.2033049362864663,0.5,1.0,0.8628230616302187,0.0,0.9312749003984063,0.0,0.9656031904287139,0.0,0.9827370527895922,0.0
FTSE,44,TimeGAN,19,0.1868229730098261,3.22764702417706,3.2033049362864663,0.5,1.0,0.8886679920477137,0.0,0.9442231075697212,0.0,0.9720837487537388,0.0,0.9859894921190894,0.0
FTSE,44,GARCH,0,0.19287042946087407,3.13853966356504,3.2033049362864663,0.5,1.0,0.8767395626242545,0.0,0.9382470119521913,0.0,0.9690927218344965,0.0,0.984488366274706,0.0
FTSE,44,GARCH,1,0.1320078298737788,3.2182023107562014,3.2033049362864663,1.0,0.0,1.0,0.0,1.0,0.0,1.0,0.0,1.0,0.0
FTSE,44,GARCH,2,0.15884801631070844,3.157116272011514,3.2033049362864663,0.5,1.0,0.9562624254473161,0.0,0.9780876494023905,0.0,0.9890329012961117,0.0,0.994495871903928,0.0
FTSE,44,GARCH,3,0.13713005570828596,2.9864329129138447,3.2033049362864663,1.0,0.0,1.0,0.0,1.0,0.0,1.0,0.0,1.0,0.0
FTSE,44,GARCH,4,0.1335568000861338,3.2682565527075598,3.2033049362864663,1.0,0.0,1.0,0.0,1.0,0.0,1.0,0.0,1.0,0.0
FTSE,44,GARCH,5,0.16611801528931114,3.1282464210689613,3.2033049362864663,0.5,1.0,0.9383697813121272,0.0,0.9691235059760956,0.0,0.9845463609172482,0.0,0.992244183137353,0.0
FTSE,44,GARCH,6,0.14067502298752932,3.2673678549758667,3.2033049362864663,1.0,0.0,1.0,0.0,1.0,0.0,1.0,0.0,1.0,0.0
FTSE,44,GARCH,7,0.1257622539615053,3.343588855215359,3.2033049362864663,1.0,0.0,1.0,0.0,1.0,0.0,1.0,0.0,1.0,0.0
FTSE,44,GARCH,8,0.1607427756651787,3.1569440156834445,3.2033049362864663,0.5,1.0,0.952286282306163,0.0,0.9760956175298805,0.0,0.9880358923230309,0.0,0.9939954966224669,0.0
FTSE,44,GARCH,9,0.128316148876779,3.2676433017509052,3.2033049362864663,1.0,0.0,1.0,0.0,1.0,0.0,1.0,0.0,1.0,0.0
FTSE,44,GARCH,10,0.14110609323675294,3.1340159934027296,3.2033049362864663,1.0,0.0,1.0,0.0,1.0,0.0,1.0,0.0,1.0,0.0
FTSE,44,GARCH,11,0.21072018365912815,3.151756444383189,3.2033049362864663,0.5,1.0,0.8429423459244533,0.0,0.9213147410358565,0.0,0.96061814556331,0.0,0.9802351763822867,0.0
FTSE,44,GARCH,12,0.17106120788685364,3.2694417319562197,3.2033049362864663,0.5,1.0,0.9264413518886679,0.0,0.9631474103585658,0.0,0.981555333998006,0.0,0.9907430572929697,0.0
FTSE,44,GARCH,13,0.12110735953186524,3.1794880989106873,3.2033049362864663,1.0,0.0,1.0,0.0,1.0,0.0,1.0,0.0,1.0,0.0
FTSE,44,GARCH,14,0.1210726718648576,3.094382214168417,3.2033049362864663,1.0,0.0,1.0,0.0,1.0,0.0,1.0,0.0,1.0,0.0
FTSE,44,GARCH,15,0.12947506227915961,3.1692269815878173,3.2033049362864663,1.0,0.0,1.0,0.0,1.0,0.0,1.0,0.0,1.0,0.0
FTSE,44,GARCH,16,0.12652667659415862,3.2566821871853717,3.2033049362864663,1.0,0.0,1.0,0.0,1.0,0.0,1.0,0.0,1.0,0.0
FTSE,44,GARCH,17,0.15617324531311438,3.1670964184612296,3.2033049362864663,0.5,1.0,0.9662027833001988,0.0,0.9830677290836654,0.0,0.9915254237288136,0.0,0.9957468101075807,0.0
FTSE,44,GARCH,18,0.14412672795049564,3.1897840991788824,3.2033049362864663,1.0,0.0,1.0,0.0,1.0,0.0,1.0,0.0,1.0,0.0
FTSE,44,GARCH,19,0.1434339472738002,3.1483839793994135,3.2033049362864663,1.0,0.0,1.0,0.0,1.0,0.0,1.0,0.0,1.0,0.0
FTSE,44,QuantGAN,0,0.15130767162420833,3.1953931087886702,3.2033049362864663,0.5,1.0,0.9940357852882704,0.0,0.9970119521912351,0.0,0.9985044865403788,0.0,0.9992494370778083,0.0
FTSE,44,QuantGAN,1,0.156225485703553,3.159848788608065,3.2033049362864663,0.5,1.0,0.9662027833001988,0.0,0.9830677290836654,0.0,0.9915254237288136,0.0,0.9957468101075807,0.0
FTSE,44,QuantGAN,2,0.18617437927294445,3.2099907749482597,3.2033049362864663,0.5,1.0,0.8906560636182903,0.0,0.9452191235059761,0.0,0.9725822532402791,0.0,0.9862396797598199,0.0
FTSE,44,QuantGAN,3,0.1400363696592104,3.299933413517349,3.2033049362864663,1.0,0.0,1.0,0.0,1.0,0.0,1.0,0.0,1.0,0.0
FTSE,44,QuantGAN,4,0.13812497279414027,3.2139395771516317,3.2033049362864663,1.0,0.0,1.0,0.0,1.0,0.0,1.0,0.0,1.0,0.0
FTSE,44,QuantGAN,5,0.180217621006463,3.2039787636038732,3.2033049362864663,0.5,1.0,0.904572564612326,0.0,0.952191235059761,0.0,0.9760717846460618,0.0,0.9879909932449337,0.0
FTSE,44,QuantGAN,6,0.149029148966612,3.30571218550625,3.2033049362864663,1.0,0.0,1.0,0.0,1.0,0.0,1.0,0.0,1.0,0.0
FTSE,44,QuantGAN,7,0.1558514099023829,3.277655974814526,3.2033049362864663,0.5,1.0,0.9662027833001988,0.0,0.9830677290836654,0.0,0.9915254237288136,0.0,0.9957468101075807,0.0
FTSE,44,QuantGAN,8,0.17634331221463695,3.232905171720677,3.2033049362864663,0.5,1.0,0.9145129224652088,0.0,0.9571713147410359,0.0,0.9785643070787637,0.0,0.9892419314485864,0.0
FTSE,44,QuantGAN,9,0.1803944761407852,3.12195355710391,3.2033049362864663,0.5,1.0,0.904572564612326,0.0,0.952191235059761,0.0,0.9760717846460618,0.0,0.9879909932449337,0.0
FTSE,44,QuantGAN,10,0.1570043259424041,3.106827530909897,3.2033049362864663,0.5,1.0,0.9622266401590457,0.0,0.9810756972111554,0.0,0.9905284147557328,0.0,0.9952464348261196,0.0
FTSE,44,QuantGAN,11,0.2687137237525421,3.3525502453457685,3.2033049362864663,0.5,1.0,0.7435387673956262,0.0,0.8715139442231076,0.0,0.6754735792622134,0.0,0.7448086064548411,0.0
FTSE,44,QuantGAN,12,0.16913461545942465,3.1108733508474806,3.2033049362864663,0.5,1.0,0.9304174950298211,0.0,0.9651394422310757,0.0,0.9825523429710867,0.0,0.9912434325744308,0.0
FTSE,44,QuantGAN,13,0.15766737036785416,3.2820607547714165,3.2033049362864663,0.5,1.0,0.9602385685884692,0.0,0.9800796812749004,0.0,0.9900299102691924,0.0,0.994996247185389,0.0
FTSE,44,QuantGAN,14,0.16820851159364958,3.216470179130722,3.2033049362864663,0.5,1.0,0.9324055666003976,0.0,0.9661354581673307,0.0,0.9830508474576272,0.0,0.9914936202151614,0.0
FTSE,44,QuantGAN,15,0.1647778079698401,3.181946497095616,3.2033049362864663,0.5,1.0,0.9403578528827038,0.0,0.9701195219123506,0.0,0.9850448654037887,0.0,0.9924943707780836,0.0
FTSE,44,QuantGAN,16,0.19840034586448652,3.1472189810277333,3.2033049362864663,0.5,1.0,0.8648111332007953,0.0,0.9322709163346613,0.0,0.9661016949152542,0.0,0.9829872404303227,0.0
FTSE,44,QuantGAN,17,0.18571462719177867,3.212979528143473,3.2033049362864663,0.5,1.0,0.8906560636182903,0.0,0.9452191235059761,0.0,0.9725822532402791,0.0,0.9862396797598199,0.0
FTSE,44,QuantGAN,18,0.1489954241107585,3.1499693689932875,3.2033049362864663,1.0,0.0,1.0,0.0,1.0,0.0,1.0,0.0,1.0,0.0
FTSE,44,QuantGAN,19,0.13955577198156477,3.19458468650978,3.2033049362864663,1.0,0.0,1.0,0.0,1.0,0.0,1.0,0.0,1.0,0.0
FTSE,44,GJR-GARCH,0,0.1250370672682628,3.1587938035654863,3.2033049362864663,1.0,0.0,1.0,0.0,1.0,0.0,1.0,0.0,1.0,0.0
FTSE,44,GJR-GARCH,1,0.15213238363951676,3.253098588056471,3.2033049362864663,0.5,1.0,0.9880715705765407,0.0,0.9940239043824701,0.0,0.9970089730807578,0.0,0.9984988741556167,0.0
FTSE,44,GJR-GARCH,2,0.157827215220816,3.208518574996081,3.2033049362864663,0.5,1.0,0.9602385685884692,0.0,0.9800796812749004,0.0,0.9900299102691924,0.0,0.994996247185389,0.0
FTSE,44,GJR-GARCH,3,0.19601362475215156,3.01097539483389,3.2033049362864663,0.5,1.0,0.8707753479125249,0.0,0.9352589641434262,0.0,0.9675972083748754,0.0,0.9837378033525144,0.0
FTSE,44,GJR-GARCH,4,0.1291548729254921,3.2288127399741797,3.2033049362864663,1.0,0.0,1.0,0.0,1.0,0.0,1.0,0.0,1.0,0.0
FTSE,44,GJR-GARCH,5,0.15437413547286472,3.1991209925167414,3.2033049362864663,0.5,1.0,0.974155069582505,0.0,0.9870517928286853,0.0,0.9935194416749751,0.0,0.9967475606705029,0.0
FTSE,44,GJR-GARCH,6,0.17514014219114227,3.297238552381719,3.2033049362864663,0.5,1.0,0.9165009940357853,0.0,0.9581673306772909,0.0,0.9790628115653041,0.0,0.989492119089317,0.0
FTSE,44,GJR-GARCH,7,0.15464468218163274,3.337137503377447,3.2033049362864663,0.5,1.0,0.9721669980119284,0.0,0.9860557768924303,0.0,0.9930209371884346,0.0,0.9964973730297724,0.0
FTSE,44,GJR-GARCH,8,0.12926256055014473,3.226545048251449,3.2033049362864663,1.0,0.0,1.0,0.0,1.0,0.0,1.0,0.0,1.0,0.0
FTSE,44,GJR-GARCH,9,0.14043793538248095,3.1998079215199877,3.2033049362864663,1.0,0.0,1.0,0.0,1.0,0.0,1.0,0.0,1.0,0.0
FTSE,44,GJR-GARCH,10,0.14143987788071133,3.2850849921945375,3.2033049362864663,1.0,0.0,1.0,0.0,1.0,0.0,1.0,0.0,1.0,0.0
FTSE,44,GJR-GARCH,11,0.12855150181743902,3.075963311719453,3.2033049362864663,1.0,0.0,1.0,0.0,1.0,0.0,1.0,0.0,1.0,0.0
FTSE,44,GJR-GARCH,12,0.1593086315180201,3.2699848694035087,3.2033049362864663,0.5,1.0,0.9562624254473161,0.0,0.9780876494023905,0.0,0.9890329012961117,0.0,0.994495871903928,0.0
FTSE,44,GJR-GARCH,13,0.11944247524605323,3.152749273678931,3.2033049362864663,1.0,0.0,1.0,0.0,1.0,0.0,1.0,0.0,1.0,0.0
FTSE,44,GJR-GARCH,14,0.1268145772117919,3.083858187019262,3.2033049362864663,1.0,0.0,1.0,0.0,1.0,0.0,1.0,0.0,1.0,0.0
FTSE,44,GJR-GARCH,15,0.20134058820874134,3.225955818912146,3.2033049362864663,0.5,1.0,0.8588469184890656,0.0,0.9292828685258964,0.0,0.9646061814556331,0.0,0.9822366775081312,0.0
FTSE,44,GJR-GARCH,16,0.15178131581827103,3.192843302111718,3.2033049362864663,0.5,1.0,0.9900596421471173,0.0,0.9950199203187251,0.0,0.9975074775672981,0.0,0.9987490617963473,0.0
FTSE,44,GJR-GARCH,17,0.14204688589009806,3.1840917734160294,3.2033049362864663,1.0,0.0,1.0,0.0,1.0,0.0,1.0,0.0,1.0,0.0
FTSE,44,GJR-GARCH,18,0.1709950041251218,3.2166672550460618,3.2033049362864663,0.5,1.0,0.9264413518886679,0.0,0.9631474103585658,0.0,0.981555333998006,0.0,0.9907430572929697,0.0
FTSE,44,GJR-GARCH,19,0.16970984671536038,3.1717043764980075,3.2033049362864663,0.5,1.0,0.9284294234592445,0.0,0.9641434262948207,0.0,0.9820538384845464,0.0,0.9909932449337002,0.0
FTSE,44,CNN-WGAN-GP,0,0.1692430372934015,3.2065282548255456,3.2033049362864663,0.5,1.0,0.9304174950298211,0.0,0.9651394422310757,0.0,0.9825523429710867,0.0,0.9912434325744308,0.0
FTSE,44,CNN-WGAN-GP,1,0.22945778003038786,3.229314720505768,3.2033049362864663,0.5,1.0,0.8170974155069582,0.0,0.9083665338645418,0.0,0.9541375872382851,0.0,0.9769827370527896,0.0
FTSE,44,CNN-WGAN-GP,2,0.13047626286213743,3.223573969185036,3.2033049362864663,1.0,0.0,1.0,0.0,1.0,0.0,1.0,0.0,1.0,0.0
FTSE,44,CNN-WGAN-GP,3,0.10066815197578327,3.1640981958101615,3.2033049362864663,1.0,0.0,1.0,0.0,1.0,0.0,1.0,0.0,1.0,0.0
FTSE,44,CNN-WGAN-GP,4,0.1818187240280973,3.1553988103238857,3.2033049362864663,0.5,1.0,0.9005964214711729,0.0,0.950199203187251,0.0,0.9750747756729811,0.0,0.9874906179634726,0.0
FTSE,44,CNN-WGAN-GP,5,0.16274225886486926,3.239312257765429,3.2033049362864663,0.5,1.0,0.9463220675944334,0.0,0.9731075697211156,0.0,0.9865403788634097,0.0,0.9932449337002752,0.0
FTSE,44,CNN-WGAN-GP,6,0.15719341280052723,3.2556952696171897,3.2033049362864663,0.5,1.0,0.9622266401590457,0.0,0.9810756972111554,0.0,0.9905284147557328,0.0,0.9952464348261196,0.0
FTSE,44,CNN-WGAN-GP,7,0.13846581122658486,3.159334307900111,3.2033049362864663,1.0,0.0,1.0,0.0,1.0,0.0,1.0,0.0,1.0,0.0
FTSE,44,CNN-WGAN-GP,8,0.17235939824679192,3.184511660626014,3.2033049362864663,0.5,1.0,0.9224652087475149,0.0,0.9611553784860558,0.0,0.9805583250249252,0.0,0.9902426820115087,0.0
FTSE,44,CNN-WGAN-GP,9,0.17372874757422596,3.2558935218081904,3.2033049362864663,0.5,1.0,0.9204771371769384,0.0,0.9601593625498008,0.0,0.9800598205383848,0.0,0.9899924943707781,0.0
FTSE,44,CNN-WGAN-GP,10,0.1342409747342792,3.2026955616804966,3.2033049362864663,1.0,0.0,1.0,0.0,1.0,0.0,1.0,0.0,1.0,0.0
FTSE,44,CNN-WGAN-GP,11,0.20659113104605087,3.2063660002279555,3.2033049362864663,0.5,1.0,0.8508946322067594,0.0,0.9252988047808764,0.0,0.9626121635094715,0.0,0.9812359269452089,0.0
FTSE,44,CNN-WGAN-GP,12,0.17112871954764142,3.089999900845177,3.2033049362864663,0.5,1.0,0.9264413518886679,0.0,0.9631474103585658,0.0,0.981555333998006,0.0,0.9907430572929697,0.0
FTSE,44,CNN-WGAN-GP,13,0.15954996431540658,3.2231623077329887,3.2033049362864663,0.5,1.0,0.9542743538767395,0.0,0.9770916334661355,0.0,0.9885343968095713,0.0,0.9942456842631974,0.0
FTSE,44,CNN-WGAN-GP,14,0.14802522173726573,3.289765015841935,3.2033049362864663,1.0,0.0,1.0,0.0,1.0,0.0,1.0,0.0,1.0,0.0
FTSE,44,CNN-WGAN-GP,15,0.13414602731001746,3.120908784093854,3.2033049362864663,1.0,0.0,1.0,0.0,1.0,0.0,1.0,0.0,1.0,0.0
FTSE,44,CNN-WGAN-GP,16,0.13309433985524866,3.1827831698104045,3.2033049362864663,1.0,0.0,1.0,0.0,1.0,0.0,1.0,0.0,1.0,0.0
FTSE,44,CNN-WGAN-GP,17,0.14405224121801696,3.1464943900188933,3.2033049362864663,1.0,0.0,1.0,0.0,1.0,0.0,1.0,0.0,1.0,0.0
FTSE,44,CNN-WGAN-GP,18,0.17856923035608507,3.155796416494395,3.2033049362864663,0.5,1.0,0.9085487077534792,0.0,0.954183266932271,0.0,0.9770687936191426,0.0,0.9884913685263947,0.0
FTSE,44,CNN-WGAN-GP,19,0.12487148944942694,3.1038888749669287,3.2033049362864663,1.0,0.0,1.0,0.0,1.0,0.0,1.0,0.0,1.0,0.0
FTSE,44,CONTROL: shuffled real,0,0.17256513869390333,3.1472421731643347,3.2033049362864663,0.5,1.0,0.9224652087475149,0.0,0.9611553784860558,0.0,0.9805583250249252,0.0,0.9902426820115087,0.0
FTSE,44,CONTROL: shuffled real,1,0.1996251334346466,3.1753608847936445,3.2033049362864663,0.5,1.0,0.8628230616302187,0.0,0.9312749003984063,0.0,0.9656031904287139,0.0,0.9827370527895922,0.0
FTSE,44,CONTROL: shuffled real,2,0.16956636671302516,3.088049697887998,3.2033049362864663,0.5,1.0,0.9304174950298211,0.0,0.9651394422310757,0.0,0.9825523429710867,0.0,0.9912434325744308,0.0
FTSE,44,CONTROL: shuffled real,3,0.15159543425383792,3.073167610425763,3.2033049362864663,0.5,1.0,0.9920477137176938,0.0,0.9960159362549801,0.0,0.9980059820538385,0.0,0.9989992494370779,0.0
FTSE,44,CONTROL: shuffled real,4,0.17238386980595766,3.2064622462205397,3.2033049362864663,0.5,1.0,0.9224652087475149,0.0,0.9611553784860558,0.0,0.9805583250249252,0.0,0.9902426820115087,0.0
FTSE,44,CONTROL: shuffled real,5,0.15940861125684624,3.2807623074356704,3.2033049362864663,0.5,1.0,0.9562624254473161,0.0,0.9780876494023905,0.0,0.9890329012961117,0.0,0.994495871903928,0.0
FTSE,44,CONTROL: shuffled real,6,0.17284088638935735,3.142968720694718,3.2033049362864663,0.5,1.0,0.9224652087475149,0.0,0.9611553784860558,0.0,0.9805583250249252,0.0,0.9902426820115087,0.0
FTSE,44,CONTROL: shuffled real,7,0.1620674344541393,3.027305777768345,3.2033049362864663,0.5,1.0,0.94831013916501,0.0,0.9741035856573705,0.0,0.9870388833499502,0.0,0.9934951213410057,0.0
FTSE,44,CONTROL: shuffled real,8,0.1834328694620222,3.0800424996003204,3.2033049362864663,0.5,1.0,0.8966202783300199,0.0,0.9482071713147411,0.0,0.9740777666999003,0.0,0.9869902426820115,0.0
FTSE,44,CONTROL: shuffled real,9,0.17946926323586543,3.1064046118180397,3.2033049362864663,0.5,1.0,0.9065606361829026,0.0,0.953187250996016,0.0,0.9765702891326022,0.0,0.9882411808856643,0.0
FTSE,44,CONTROL: shuffled real,10,0.16989716924153475,3.076033969608597,3.2033049362864663,0.5,1.0,0.9284294234592445,0.0,0.9641434262948207,0.0,0.9820538384845464,0.0,0.9909932449337002,0.0
FTSE,44,CONTROL: shuffled real,11,0.16409458738710114,3.0824413544668503,3.2033049362864663,0.5,1.0,0.9423459244532804,0.0,0.9711155378486056,0.0,0.985543369890329,0.0,0.9927445584188141,0.0
FTSE,44,CONTROL: shuffled real,12,0.15384704418171613,3.0304758507765865,3.2033049362864663,0.5,1.0,0.9761431411530815,0.0,0.9880478087649402,0.0,0.9940179461615155,0.0,0.9969977483112334,0.0
FTSE,44,CONTROL: shuffled real,13,0.142920160721705,3.0444167257864136,3.2033049362864663,1.0,0.0,1.0,0.0,1.0,0.0,1.0,0.0,1.0,0.0
FTSE,44,CONTROL: shuffled real,14,0.14928406106768266,3.1432243003218456,3.2033049362864663,1.0,0.0,1.0,0.0,1.0,0.0,1.0,0.0,1.0,0.0
FTSE,44,CONTROL: shuffled real,15,0.19715762462702702,3.0519344063155756,3.2033049362864663,0.5,1.0,0.8667992047713717,0.0,0.9332669322709163,0.0,0.9666001994017946,0.0,0.9832374280710533,0.0
FTSE,44,CONTROL: shuffled real,16,0.13896414370109378,3.096944430725882,3.2033049362864663,1.0,0.0,1.0,0.0,1.0,0.0,1.0,0.0,1.0,0.0
FTSE,44,CONTROL: shuffled real,17,0.1708352589282338,3.0889086906130014,3.2033049362864663,0.5,1.0,0.9264413518886679,0.0,0.9631474103585658,0.0,0.981555333998006,0.0,0.9907430572929697,0.0
FTSE,44,CONTROL: shuffled real,18,0.1451688551446304,3.0496735302640796,3.2033049362864663,1.0,0.0,1.0,0.0,1.0,0.0,1.0,0.0,1.0,0.0
FTSE,44,CONTROL: shuffled real,19,0.17166762435454763,3.181823683889997,3.2033049362864663,0.5,1.0,0.9244532803180915,0.0,0.9621513944223108,0.0,0.9810568295114656,0.0,0.9904928696522391,0.0
MOEX,42,TimeGAN,0,0.15439128157940218,2.900737070857849,3.073650592317076,1.0,0.0,1.0,0.0,1.0,0.0,1.0,0.0,1.0,0.0
MOEX,42,TimeGAN,1,0.141987483467366,2.8054189880347824,3.073650592317076,1.0,0.0,1.0,0.0,1.0,0.0,1.0,0.0,1.0,0.0
MOEX,42,TimeGAN,2,0.13067660104927814,2.996898895546543,3.073650592317076,1.0,0.0,1.0,0.0,1.0,0.0,1.0,0.0,1.0,0.0
MOEX,42,TimeGAN,3,0.15520915480702357,2.9450352229384316,3.073650592317076,1.0,0.0,1.0,0.0,1.0,0.0,1.0,0.0,1.0,0.0
MOEX,42,TimeGAN,4,0.1621838939081277,2.8450106685478525,3.073650592317076,1.0,0.0,1.0,0.0,1.0,0.0,1.0,0.0,1.0,0.0
MOEX,42,TimeGAN,5,0.1400355392671926,3.033707833036328,3.073650592317076,1.0,0.0,1.0,0.0,1.0,0.0,1.0,0.0,1.0,0.0
MOEX,42,TimeGAN,6,0.18650149524045312,2.9482005164170326,3.073650592317076,1.0,0.0,1.0,0.0,1.0,0.0,1.0,0.0,1.0,0.0
MOEX,42,TimeGAN,7,0.15217327074519238,2.9135335440686196,3.073650592317076,1.0,0.0,1.0,0.0,1.0,0.0,1.0,0.0,1.0,0.0
MOEX,42,TimeGAN,8,0.1439918654471799,2.947668386421803,3.073650592317076,1.0,0.0,1.0,0.0,1.0,0.0,1.0,0.0,1.0,0.0
MOEX,42,TimeGAN,9,0.16489896737676668,2.901845348807982,3.073650592317076,1.0,0.0,1.0,0.0,1.0,0.0,1.0,0.0,1.0,0.0
MOEX,42,TimeGAN,10,0.12810848086065985,2.866091852068565,3.073650592317076,1.0,0.0,1.0,0.0,1.0,0.0,1.0,0.0,1.0,0.0
MOEX,42,TimeGAN,11,0.1578289440441003,2.8604409488648783,3.073650592317076,1.0,0.0,1.0,0.0,1.0,0.0,1.0,0.0,1.0,0.0
MOEX,42,TimeGAN,12,0.12826641125620242,2.9659274233174613,3.073650592317076,1.0,0.0,1.0,0.0,1.0,0.0,1.0,0.0,1.0,0.0
MOEX,42,TimeGAN,13,0.14601874825279548,2.984191743981951,3.073650592317076,1.0,0.0,1.0,0.0,1.0,0.0,1.0,0.0,1.0,0.0
MOEX,42,TimeGAN,14,0.15144014712920706,2.90064844685438,3.073650592317076,1.0,0.0,1.0,0.0,1.0,0.0,1.0,0.0,1.0,0.0
MOEX,42,TimeGAN,15,0.17664910334271555,2.953859952806026,3.073650592317076,1.0,0.0,1.0,0.0,1.0,0.0,1.0,0.0,1.0,0.0
MOEX,42,TimeGAN,16,0.12715366503741055,2.7878844330656816,3.073650592317076,1.0,0.0,1.0,0.0,1.0,0.0,1.0,0.0,1.0,0.0
MOEX,42,TimeGAN,17,0.13614051068974975,2.849559220938544,3.073650592317076,1.0,0.0,1.0,0.0,1.0,0.0,1.0,0.0,1.0,0.0
MOEX,42,TimeGAN,18,0.1518505241467225,2.9511022850315696,3.073650592317076,1.0,0.0,1.0,0.0,1.0,0.0,1.0,0.0,1.0,0.0
MOEX,42,TimeGAN,19,0.1409391358180534,2.96491318868298,3.073650592317076,1.0,0.0,1.0,0.0,1.0,0.0,1.0,0.0,1.0,0.0
MOEX,42,GARCH,0,0.24830818388796838,3.1982903762123853,3.073650592317076,1.0,0.0,0.8645418326693227,0.0,0.9321357285429142,0.0,0.9660339660339661,0.0,0.982982982982983,0.0
MOEX,42,GARCH,1,0.14431403548018684,3.067578101756576,3.073650592317076,1.0,0.0,1.0,0.0,1.0,0.0,1.0,0.0,1.0,0.0
MOEX,42,GARCH,2,0.11266339000670755,2.922982131436181,3.073650592317076,1.0,0.0,1.0,0.0,1.0,0.0,1.0,0.0,1.0,0.0
MOEX,42,GARCH,3,0.16615327997949647,3.0335839449984046,3.073650592317076,1.0,0.0,1.0,0.0,1.0,0.0,1.0,0.0,1.0,0.0
MOEX,42,GARCH,4,0.1713009620574708,3.1928683339732062,3.073650592317076,1.0,0.0,1.0,0.0,1.0,0.0,1.0,0.0,1.0,0.0
MOEX,42,GARCH,5,0.15431893847863543,3.1459146780659504,3.073650592317076,1.0,0.0,1.0,0.0,1.0,0.0,1.0,0.0,1.0,0.0
MOEX,42,GARCH,6,0.12920225256218765,3.030680219430138,3.073650592317076,1.0,0.0,1.0,0.0,1.0,0.0,1.0,0.0,1.0,0.0
MOEX,42,GARCH,7,0.1510804496952538,3.062136594828143,3.073650592317076,1.0,0.0,1.0,0.0,1.0,0.0,1.0,0.0,1.0,0.0
MOEX,42,GARCH,8,0.12817001301524944,3.120399948886986,3.073650592317076,1.0,0.0,1.0,0.0,1.0,0.0,1.0,0.0,1.0,0.0
MOEX,42,GARCH,9,0.14557276224429483,3.026385884921182,3.073650592317076,1.0,0.0,1.0,0.0,1.0,0.0,1.0,0.0,1.0,0.0
MOEX,42,GARCH,10,0.1831707211903082,3.200928540090633,3.073650592317076,1.0,0.0,1.0,0.0,1.0,0.0,1.0,0.0,1.0,0.0
MOEX,42,GARCH,11,0.1341177666351725,3.2100941703152315,3.073650592317076,1.0,0.0,1.0,0.0,1.0,0.0,1.0,0.0,1.0,0.0
MOEX,42,GARCH,12,0.14281924365966114,3.109252040288862,3.073650592317076,1.0,0.0,1.0,0.0,1.0,0.0,1.0,0.0,1.0,0.0
MOEX,42,GARCH,13,0.1525326796123232,3.0854693909019435,3.073650592317076,1.0,0.0,1.0,0.0,1.0,0.0,1.0,0.0,1.0,0.0
MOEX,42,GARCH,14,0.10672832290603296,2.9796976815793697,3.073650592317076,1.0,0.0,1.0,0.0,1.0,0.0,1.0,0.0,1.0,0.0
MOEX,42,GARCH,15,0.35312560475334986,3.3052487597208966,3.073650592317076,1.0,0.0,0.5179282868525896,0.0,0.5508982035928144,0.0,0.2757242757242757,0.0,0.15340340340340342,0.0
MOEX,42,GARCH,16,0.13194702155276494,3.121225885867254,3.073650592317076,1.0,0.0,1.0,0.0,1.0,0.0,1.0,0.0,1.0,0.0
MOEX,42,GARCH,17,0.17978510632042233,3.0703897069961283,3.073650592317076,1.0,0.0,1.0,0.0,1.0,0.0,1.0,0.0,1.0,0.0
MOEX,42,GARCH,18,0.103956490188442,2.854060501174869,3.073650592317076,1.0,0.0,1.0,0.0,1.0,0.0,1.0,0.0,1.0,0.0
MOEX,42,GARCH,19,0.10687969521114415,2.9476454905626324,3.073650592317076,1.0,0.0,1.0,0.0,1.0,0.0,1.0,0.0,1.0,0.0
MOEX,42,QuantGAN,0,0.2935896271713119,3.409363216751173,3.073650592317076,1.0,0.0,0.6912350597609562,0.0,0.7025948103792415,0.0,0.4140859140859141,0.0,0.5107607607607607,0.0
MOEX,42,QuantGAN,1,0.1635304585234032,3.2076731060754207,3.073650592317076,1.0,0.0,1.0,0.0,1.0,0.0,1.0,0.0,1.0,0.0
MOEX,42,QuantGAN,2,0.17481079638410701,3.121001172964476,3.073650592317076,1.0,0.0,1.0,0.0,1.0,0.0,1.0,0.0,1.0,0.0
MOEX,42,QuantGAN,3,0.13397705934933435,3.078275438285104,3.073650592317076,1.0,0.0,1.0,0.0,1.0,0.0,1.0,0.0,1.0,0.0
MOEX,42,QuantGAN,4,0.11297231710174893,3.071382899776273,3.073650592317076,1.0,0.0,1.0,0.0,1.0,0.0,1.0,0.0,1.0,0.0
MOEX,42,QuantGAN,5,0.2403893648637605,3.2349333434609284,3.073650592317076,1.0,0.0,0.9163346613545816,0.0,0.9580838323353293,0.0,0.9790209790209791,0.0,0.9894894894894894,0.0
MOEX,42,QuantGAN,6,0.16482021850058404,3.1367560135649306,3.073650592317076,1.0,0.0,1.0,0.0,1.0,0.0,1.0,0.0,1.0,0.0
MOEX,42,QuantGAN,7,0.14588769088958142,3.2379829808561613,3.073650592317076,1.0,0.0,1.0,0.0,1.0,0.0,1.0,0.0,1.0,0.0
MOEX,42,QuantGAN,8,0.14279661413259714,2.7927075773539296,3.073650592317076,1.0,0.0,1.0,0.0,1.0,0.0,1.0,0.0,1.0,0.0
MOEX,42,QuantGAN,9,0.210742531452772,3.15876259312561,3.073650592317076,1.0,0.0,1.0,0.0,1.0,0.0,1.0,0.0,1.0,0.0
MOEX,42,QuantGAN,10,0.3236729141236514,3.2224714216104857,3.073650592317076,1.0,0.0,0.603585657370518,0.0,0.6237524950099801,0.0,0.31218781218781216,0.0,0.22747747747747749,0.0
MOEX,42,QuantGAN,11,0.1628607459159479,3.1612109268872954,3.073650592317076,1.0,0.0,1.0,0.0,1.0,0.0,1.0,0.0,1.0,0.0
MOEX,42,QuantGAN,12,0.16038766797410675,3.2764661820133933,3.073650592317076,1.0,0.0,1.0,0.0,1.0,0.0,1.0,0.0,1.0,0.0
MOEX,42,QuantGAN,13,0.19906515942765335,3.2432809169868304,3.073650592317076,1.0,0.0,1.0,0.0,1.0,0.0,1.0,0.0,1.0,0.0
MOEX,42,QuantGAN,14,0.12217378124562317,3.2026472669003896,3.073650592317076,1.0,0.0,1.0,0.0,1.0,0.0,1.0,0.0,1.0,0.0
MOEX,42,QuantGAN,15,0.15158250306441956,3.078753873969131,3.073650592317076,1.0,0.0,1.0,0.0,1.0,0.0,1.0,0.0,1.0,0.0
MOEX,42,QuantGAN,16,0.14463691907856147,3.0048013357242986,3.073650592317076,1.0,0.0,1.0,0.0,1.0,0.0,1.0,0.0,1.0,0.0
MOEX,42,QuantGAN,17,0.12183573021814698,3.1006360945341944,3.073650592317076,1.0,0.0,1.0,0.0,1.0,0.0,1.0,0.0,1.0,0.0
MOEX,42,QuantGAN,18,0.30128086134686116,3.183255311137384,3.073650592317076,1.0,0.0,0.6673306772908366,0.0,0.6806387225548902,0.0,0.3696303696303696,0.0,0.4419419419419419,0.0
MOEX,42,QuantGAN,19,0.16569418782983525,3.124522374079623,3.073650592317076,1.0,0.0,1.0,0.0,1.0,0.0,1.0,0.0,1.0,0.0
MOEX,42,GJR-GARCH,0,0.1819010912262986,3.117138539857149,3.073650592317076,1.0,0.0,1.0,0.0,1.0,0.0,1.0,0.0,1.0,0.0
MOEX,42,GJR-GARCH,1,0.1579634710042559,3.0455229526588714,3.073650592317076,1.0,0.0,1.0,0.0,1.0,0.0,1.0,0.0,1.0,0.0
MOEX,42,GJR-GARCH,2,0.14450424257513483,2.9798735640661143,3.073650592317076,1.0,0.0,1.0,0.0,1.0,0.0,1.0,0.0,1.0,0.0
MOEX,42,GJR-GARCH,3,0.13720319426410232,3.086980330522446,3.073650592317076,1.0,0.0,1.0,0.0,1.0,0.0,1.0,0.0,1.0,0.0
MOEX,42,GJR-GARCH,4,0.16296619467563844,3.2290950086467984,3.073650592317076,1.0,0.0,1.0,0.0,1.0,0.0,1.0,0.0,1.0,0.0
MOEX,42,GJR-GARCH,5,0.19173940595437355,3.150512908285621,3.073650592317076,1.0,0.0,1.0,0.0,1.0,0.0,1.0,0.0,1.0,0.0
MOEX,42,GJR-GARCH,6,0.14457563621075864,2.982778538744161,3.073650592317076,1.0,0.0,1.0,0.0,1.0,0.0,1.0,0.0,1.0,0.0
MOEX,42,GJR-GARCH,7,0.11441663021246096,2.896387129826195,3.073650592317076,1.0,0.0,1.0,0.0,1.0,0.0,1.0,0.0,1.0,0.0
MOEX,42,GJR-GARCH,8,0.13249824997867687,3.12055463048124,3.073650592317076,1.0,0.0,1.0,0.0,1.0,0.0,1.0,0.0,1.0,0.0
MOEX,42,GJR-GARCH,9,0.18645320295249368,3.050646272209108,3.073650592317076,1.0,0.0,1.0,0.0,1.0,0.0,1.0,0.0,1.0,0.0
MOEX,42,GJR-GARCH,10,0.15396545125618144,3.118664752292134,3.073650592317076,1.0,0.0,1.0,0.0,1.0,0.0,1.0,0.0,1.0,0.0
MOEX,42,GJR-GARCH,11,0.14034161503038178,3.197890236255312,3.073650592317076,1.0,0.0,1.0,0.0,1.0,0.0,1.0,0.0,1.0,0.0
MOEX,42,GJR-GARCH,12,0.15557148210899485,3.1786044113163587,3.073650592317076,1.0,0.0,1.0,0.0,1.0,0.0,1.0,0.0,1.0,0.0
MOEX,42,GJR-GARCH,13,0.14578450097319884,3.0774358636524384,3.073650592317076,1.0,0.0,1.0,0.0,1.0,0.0,1.0,0.0,1.0,0.0
MOEX,42,GJR-GARCH,14,0.11626332933556127,3.007214286236657,3.073650592317076,1.0,0.0,1.0,0.0,1.0,0.0,1.0,0.0,1.0,0.0
MOEX,42,GJR-GARCH,15,0.31225574230038655,3.274185753577934,3.073650592317076,1.0,0.0,0.6354581673306773,0.0,0.6516966067864272,0.0,0.3261738261738262,0.0,0.3153153153153153,0.0
MOEX,42,GJR-GARCH,16,0.11896786834363571,3.1349624983144704,3.073650592317076,1.0,0.0,1.0,0.0,1.0,0.0,1.0,0.0,1.0,0.0
MOEX,42,GJR-GARCH,17,0.23626701397541616,3.146316740291522,3.073650592317076,1.0,0.0,0.9721115537848606,0.0,0.9860279441117764,0.0,0.993006993006993,0.0,0.9964964964964965,0.0
MOEX,42,GJR-GARCH,18,0.11548125451149693,2.8765252342235827,3.073650592317076,1.0,0.0,1.0,0.0,1.0,0.0,1.0,0.0,1.0,0.0
MOEX,42,GJR-GARCH,19,0.12775309590412065,2.9068123721948362,3.073650592317076,1.0,0.0,1.0,0.0,1.0,0.0,1.0,0.0,1.0,0.0
MOEX,42,CNN-WGAN-GP,0,0.14806078860977423,3.1371128191214592,3.073650592317076,1.0,0.0,1.0,0.0,1.0,0.0,1.0,0.0,1.0,0.0
MOEX,42,CNN-WGAN-GP,1,0.2303731315446571,3.1240282955925305,3.073650592317076,1.0,0.0,1.0,0.0,1.0,0.0,1.0,0.0,1.0,0.0
MOEX,42,CNN-WGAN-GP,2,0.1476989850248207,3.098565132972884,3.073650592317076,1.0,0.0,1.0,0.0,1.0,0.0,1.0,0.0,1.0,0.0
MOEX,42,CNN-WGAN-GP,3,0.1345289983560365,2.9953635913241197,3.073650592317076,1.0,0.0,1.0,0.0,1.0,0.0,1.0,0.0,1.0,0.0
MOEX,42,CNN-WGAN-GP,4,0.21399830279797394,3.0968570575720573,3.073650592317076,1.0,0.0,1.0,0.0,1.0,0.0,1.0,0.0,1.0,0.0
MOEX,42,CNN-WGAN-GP,5,0.1841388373436601,3.051492574031048,3.073650592317076,1.0,0.0,1.0,0.0,1.0,0.0,1.0,0.0,1.0,0.0
MOEX,42,CNN-WGAN-GP,6,0.16592175462508574,3.1156668597111414,3.073650592317076,1.0,0.0,1.0,0.0,1.0,0.0,1.0,0.0,1.0,0.0
MOEX,42,CNN-WGAN-GP,7,0.2769453813563829,3.2418918166233657,3.073650592317076,1.0,0.0,0.7470119521912351,0.0,0.7614770459081837,0.0,0.5894105894105894,0.0,0.7747747747747747,0.0
MOEX,42,CNN-WGAN-GP,8,0.14987083840785687,3.028656211721615,3.073650592317076,1.0,0.0,1.0,0.0,1.0,0.0,1.0,0.0,1.0,0.0
MOEX,42,CNN-WGAN-GP,9,0.2485217963469155,3.157904093358438,3.073650592317076,1.0,0.0,0.8645418326693227,0.0,0.9321357285429142,0.0,0.9660339660339661,0.0,0.982982982982983,0.0
MOEX,42,CNN-WGAN-GP,10,0.2667000423357182,3.262879697100222,3.073650592317076,1.0,0.0,0.7868525896414342,0.0,0.8043912175648703,0.0,0.7502497502497503,0.0,0.8748748748748749,0.0
MOEX,42,CNN-WGAN-GP,11,0.23922322817752328,3.1192774389823774,3.073650592317076,1.0,0.0,0.9282868525896414,0.0,0.9640718562874252,0.0,0.9820179820179821,0.0,0.990990990990991,0.0
MOEX,42,CNN-WGAN-GP,12,0.14836894375966514,2.967948541284269,3.073650592317076,1.0,0.0,1.0,0.0,1.0,0.0,1.0,0.0,1.0,0.0
MOEX,42,CNN-WGAN-GP,13,0.5044809978002635,3.261741786914121,3.073650592317076,0.5,1.0,0.18725099601593626,0.0,0.2844311377245509,0.0,0.14235764235764237,0.0,0.07132132132132132,0.0
MOEX,42,CNN-WGAN-GP,14,0.12453525196114956,2.943515724628106,3.073650592317076,1.0,0.0,1.0,0.0,1.0,0.0,1.0,0.0,1.0,0.0
MOEX,42,CNN-WGAN-GP,15,0.15766070793158304,3.164891935237035,3.073650592317076,1.0,0.0,1.0,0.0,1.0,0.0,1.0,0.0,1.0,0.0
MOEX,42,CNN-WGAN-GP,16,0.14521145585211448,2.9159318326895103,3.073650592317076,1.0,0.0,1.0,0.0,1.0,0.0,1.0,0.0,1.0,0.0
MOEX,42,CNN-WGAN-GP,17,0.15568673516807618,3.0764272391315,3.073650592317076,1.0,0.0,1.0,0.0,1.0,0.0,1.0,0.0,1.0,0.0
MOEX,42,CNN-WGAN-GP,18,0.15024593935734565,3.1797491009050285,3.073650592317076,1.0,0.0,1.0,0.0,1.0,0.0,1.0,0.0,1.0,0.0
MOEX,42,CNN-WGAN-GP,19,0.14382752992965098,3.0637102020351414,3.073650592317076,1.0,0.0,1.0,0.0,1.0,0.0,1.0,0.0,1.0,0.0
MOEX,42,CONTROL: shuffled real,0,0.10985489940550419,2.893160246819126,3.073650592317076,1.0,0.0,1.0,0.0,1.0,0.0,1.0,0.0,1.0,0.0
MOEX,42,CONTROL: shuffled real,1,0.1443900432560783,2.7881995594162907,3.073650592317076,1.0,0.0,1.0,0.0,1.0,0.0,1.0,0.0,1.0,0.0
MOEX,42,CONTROL: shuffled real,2,0.14101243371407723,2.8473070240944818,3.073650592317076,1.0,0.0,1.0,0.0,1.0,0.0,1.0,0.0,1.0,0.0
MOEX,42,CONTROL: shuffled real,3,0.1208155991093276,2.7824013657713973,3.073650592317076,1.0,0.0,1.0,0.0,1.0,0.0,1.0,0.0,1.0,0.0
MOEX,42,CONTROL: shuffled real,4,0.12297002363696508,2.850764178621948,3.073650592317076,1.0,0.0,1.0,0.0,1.0,0.0,1.0,0.0,1.0,0.0
MOEX,42,CONTROL: shuffled real,5,0.13252293828769046,2.851630175839185,3.073650592317076,1.0,0.0,1.0,0.0,1.0,0.0,1.0,0.0,1.0,0.0
MOEX,42,CONTROL: shuffled real,6,0.1291487445736872,2.899425466622642,3.073650592317076,1.0,0.0,1.0,0.0,1.0,0.0,1.0,0.0,1.0,0.0
MOEX,42,CONTROL: shuffled real,7,0.11649137764984485,2.862557225548865,3.073650592317076,1.0,0.0,1.0,0.0,1.0,0.0,1.0,0.0,1.0,0.0
MOEX,42,CONTROL: shuffled real,8,0.14123233703833216,2.804579971696469,3.073650592317076,1.0,0.0,1.0,0.0,1.0,0.0,1.0,0.0,1.0,0.0
MOEX,42,CONTROL: shuffled real,9,0.14564031402239297,2.8588479137697878,3.073650592317076,1.0,0.0,1.0,0.0,1.0,0.0,1.0,0.0,1.0,0.0
MOEX,42,CONTROL: shuffled real,10,0.1319236237878696,2.886476988591442,3.073650592317076,1.0,0.0,1.0,0.0,1.0,0.0,1.0,0.0,1.0,0.0
MOEX,42,CONTROL: shuffled real,11,0.13322600805533247,2.7711999789863273,3.073650592317076,1.0,0.0,1.0,0.0,1.0,0.0,1.0,0.0,1.0,0.0
MOEX,42,CONTROL: shuffled real,12,0.13661920957721008,2.920711346821595,3.073650592317076,1.0,0.0,1.0,0.0,1.0,0.0,1.0,0.0,1.0,0.0
MOEX,42,CONTROL: shuffled real,13,0.17750336696812763,3.0441921744315037,3.073650592317076,1.0,0.0,1.0,0.0,1.0,0.0,1.0,0.0,1.0,0.0
MOEX,42,CONTROL: shuffled real,14,0.13036149309304745,2.7083665438615423,3.073650592317076,1.0,0.0,1.0,0.0,1.0,0.0,1.0,0.0,1.0,0.0
MOEX,42,CONTROL: shuffled real,15,0.1325600449249107,2.8852587841953503,3.073650592317076,1.0,0.0,1.0,0.0,1.0,0.0,1.0,0.0,1.0,0.0
MOEX,42,CONTROL: shuffled real,16,0.12576252968563018,2.8361239490486168,3.073650592317076,1.0,0.0,1.0,0.0,1.0,0.0,1.0,0.0,1.0,0.0
MOEX,42,CONTROL: shuffled real,17,0.122480222468764,2.8609679295498687,3.073650592317076,1.0,0.0,1.0,0.0,1.0,0.0,1.0,0.0,1.0,0.0
MOEX,42,CONTROL: shuffled real,18,0.13524212381922052,2.8340775867715378,3.073650592317076,1.0,0.0,1.0,0.0,1.0,0.0,1.0,0.0,1.0,0.0
MOEX,42,CONTROL: shuffled real,19,0.13285533069843947,2.906444392157448,3.073650592317076,1.0,0.0,1.0,0.0,1.0,0.0,1.0,0.0,1.0,0.0
MOEX,43,TimeGAN,0,0.18692336009992117,3.0740341953750874,3.073650592317076,1.0,0.0,1.0,0.0,1.0,0.0,1.0,0.0,1.0,0.0
MOEX,43,TimeGAN,1,0.12967650826922905,3.112096181189538,3.073650592317076,1.0,0.0,1.0,0.0,1.0,0.0,1.0,0.0,1.0,0.0
MOEX,43,TimeGAN,2,0.13020533736687812,3.023420546531887,3.073650592317076,1.0,0.0,1.0,0.0,1.0,0.0,1.0,0.0,1.0,0.0
MOEX,43,TimeGAN,3,0.16490993254480446,3.039892499799157,3.073650592317076,1.0,0.0,1.0,0.0,1.0,0.0,1.0,0.0,1.0,0.0
MOEX,43,TimeGAN,4,0.3071708481572837,3.177895779300107,3.073650592317076,1.0,0.0,0.651394422310757,0.0,0.6646706586826348,0.0,0.34965034965034963,0.0,0.3791291291291291,0.0
MOEX,43,TimeGAN,5,0.201012945488926,3.2119110368497465,3.073650592317076,1.0,0.0,1.0,0.0,1.0,0.0,1.0,0.0,1.0,0.0
MOEX,43,TimeGAN,6,0.11338085144726362,3.002714444698938,3.073650592317076,1.0,0.0,1.0,0.0,1.0,0.0,1.0,0.0,1.0,0.0
MOEX,43,TimeGAN,7,0.247562667860727,3.1646909730074557,3.073650592317076,1.0,0.0,0.8685258964143426,0.0,0.9341317365269461,0.0,0.967032967032967,0.0,0.9834834834834835,0.0
MOEX,43,TimeGAN,8,0.16320493883309228,3.115779423721098,3.073650592317076,1.0,0.0,1.0,0.0,1.0,0.0,1.0,0.0,1.0,0.0
MOEX,43,TimeGAN,9,0.4448765604397492,3.2780594997984,3.073650592317076,0.5,1.0,0.23306772908366533,0.0,0.34231536926147704,0.0,0.17132867132867133,0.0,0.08583583583583583,0.0
MOEX,43,TimeGAN,10,0.23080713115556084,3.2056350139309417,3.073650592317076,1.0,0.0,1.0,0.0,1.0,0.0,1.0,0.0,1.0,0.0
MOEX,43,TimeGAN,11,0.15524105873463534,3.185323217373316,3.073650592317076,1.0,0.0,1.0,0.0,1.0,0.0,1.0,0.0,1.0,0.0
MOEX,43,TimeGAN,12,0.2664254389453604,3.2414287459807576,3.073650592317076,1.0,0.0,0.7868525896414342,0.0,0.8053892215568862,0.0,0.7532467532467533,0.0,0.8763763763763763,0.0
MOEX,43,TimeGAN,13,0.28971031525079205,3.3638725707896797,3.073650592317076,1.0,0.0,0.7071713147410359,0.0,0.717564870259481,0.0,0.477022977022977,0.0,0.5720720720720721,0.0
MOEX,43,TimeGAN,14,0.1555140923716949,2.9990113056197933,3.073650592317076,1.0,0.0,1.0,0.0,1.0,0.0,1.0,0.0,1.0,0.0
MOEX,43,TimeGAN,15,0.18602078716374582,3.141015250838374,3.073650592317076,1.0,0.0,1.0,0.0,1.0,0.0,1.0,0.0,1.0,0.0
MOEX,43,TimeGAN,16,0.22616074057623026,3.1150272515755524,3.073650592317076,1.0,0.0,1.0,0.0,1.0,0.0,1.0,0.0,1.0,0.0
MOEX,43,TimeGAN,17,0.31619522352209306,3.21592985917323,3.073650592317076,1.0,0.0,0.6254980079681275,0.0,0.6427145708582834,0.0,0.32167832167832167,0.0,0.28703703703703703,0.0
MOEX,43,TimeGAN,18,0.2475442647282443,3.475926155830501,3.073650592317076,1.0,0.0,0.8685258964143426,0.0,0.9341317365269461,0.0,0.967032967032967,0.0,0.9834834834834835,0.0
MOEX,43,TimeGAN,19,0.11285210606569374,2.8955585955327297,3.073650592317076,1.0,0.0,1.0,0.0,1.0,0.0,1.0,0.0,1.0,0.0
MOEX,43,GARCH,0,0.23251284033767927,3.068556709522897,3.073650592317076,1.0,0.0,1.0,0.0,1.0,0.0,1.0,0.0,1.0,0.0
MOEX,43,GARCH,1,0.14391843668440507,2.998061984139958,3.073650592317076,1.0,0.0,1.0,0.0,1.0,0.0,1.0,0.0,1.0,0.0
MOEX,43,GARCH,2,0.13294530153345874,3.107862017882783,3.073650592317076,1.0,0.0,1.0,0.0,1.0,0.0,1.0,0.0,1.0,0.0
MOEX,43,GARCH,3,0.1375380649203255,3.0696206008275455,3.073650592317076,1.0,0.0,1.0,0.0,1.0,0.0,1.0,0.0,1.0,0.0
MOEX,43,GARCH,4,0.1282767194741321,2.8829596443178924,3.073650592317076,1.0,0.0,1.0,0.0,1.0,0.0,1.0,0.0,1.0,0.0
MOEX,43,GARCH,5,0.1684563254149709,3.2181035112735055,3.073650592317076,1.0,0.0,1.0,0.0,1.0,0.0,1.0,0.0,1.0,0.0
MOEX,43,GARCH,6,0.13892690908753624,3.0642564614126777,3.073650592317076,1.0,0.0,1.0,0.0,1.0,0.0,1.0,0.0,1.0,0.0
MOEX,43,GARCH,7,0.5244178150255404,3.4416212594484157,3.073650592317076,0.5,1.0,0.17330677290836655,0.0,0.2654690618762475,0.0,0.13286713286713286,0.0,0.06656656656656657,0.0
MOEX,43,GARCH,8,0.12802680563310043,3.12581069824947,3.073650592317076,1.0,0.0,1.0,0.0,1.0,0.0,1.0,0.0,1.0,0.0
MOEX,43,GARCH,9,0.20035339353076775,3.0949389553611906,3.073650592317076,1.0,0.0,1.0,0.0,1.0,0.0,1.0,0.0,1.0,0.0
MOEX,43,GARCH,10,0.16657757219024294,3.1058558434361316,3.073650592317076,1.0,0.0,1.0,0.0,1.0,0.0,1.0,0.0,1.0,0.0
MOEX,43,GARCH,11,0.22332950381041727,3.2134918504112258,3.073650592317076,1.0,0.0,1.0,0.0,1.0,0.0,1.0,0.0,1.0,0.0
MOEX,43,GARCH,12,0.15221969321663598,3.1822156406239794,3.073650592317076,1.0,0.0,1.0,0.0,1.0,0.0,1.0,0.0,1.0,0.0
MOEX,43,GARCH,13,0.3210813877547405,3.4993666397852077,3.073650592317076,1.0,0.0,0.6095617529880478,0.0,0.6297405189620758,0.0,0.31518481518481517,0.0,0.243993993993994,0.0
MOEX,43,GARCH,14,0.10841064563901703,3.0371147303156194,3.073650592317076,1.0,0.0,1.0,0.0,1.0,0.0,1.0,0.0,1.0,0.0
MOEX,43,GARCH,15,0.15924472233327047,3.02638952163831,3.073650592317076,1.0,0.0,1.0,0.0,1.0,0.0,1.0,0.0,1.0,0.0
MOEX,43,GARCH,16,0.2006181351674854,3.0784825256059,3.073650592317076,1.0,0.0,1.0,0.0,1.0,0.0,1.0,0.0,1.0,0.0
MOEX,43,GARCH,17,0.19917653529367918,3.1566079122986683,3.073650592317076,1.0,0.0,1.0,0.0,1.0,0.0,1.0,0.0,1.0,0.0
MOEX,43,GARCH,18,0.1526108391768799,3.1480931777310976,3.073650592317076,1.0,0.0,1.0,0.0,1.0,0.0,1.0,0.0,1.0,0.0
MOEX,43,GARCH,19,0.13207025878612288,3.0206597217748334,3.073650592317076,1.0,0.0,1.0,0.0,1.0,0.0,1.0,0.0,1.0,0.0
MOEX,43,QuantGAN,0,0.1742149881429904,3.1821564927931054,3.073650592317076,1.0,0.0,1.0,0.0,1.0,0.0,1.0,0.0,1.0,0.0
MOEX,43,QuantGAN,1,0.15442103854453681,3.0593840643558394,3.073650592317076,1.0,0.0,1.0,0.0,1.0,0.0,1.0,0.0,1.0,0.0
MOEX,43,QuantGAN,2,0.140987490218077,3.1634969122778123,3.073650592317076,1.0,0.0,1.0,0.0,1.0,0.0,1.0,0.0,1.0,0.0
MOEX,43,QuantGAN,3,0.179884847506677,3.2303512968489128,3.073650592317076,1.0,0.0,1.0,0.0,1.0,0.0,1.0,0.0,1.0,0.0
MOEX,43,QuantGAN,4,0.15416530754154545,3.08254292161362,3.073650592317076,1.0,0.0,1.0,0.0,1.0,0.0,1.0,0.0,1.0,0.0
MOEX,43,QuantGAN,5,0.15248072479893748,3.145827235721522,3.073650592317076,1.0,0.0,1.0,0.0,1.0,0.0,1.0,0.0,1.0,0.0
MOEX,43,QuantGAN,6,0.19899294766387188,3.2528715252319604,3.073650592317076,1.0,0.0,1.0,0.0,1.0,0.0,1.0,0.0,1.0,0.0
MOEX,43,QuantGAN,7,0.12866500441892859,2.929806914023042,3.073650592317076,1.0,0.0,1.0,0.0,1.0,0.0,1.0,0.0,1.0,0.0
MOEX,43,QuantGAN,8,0.3062440083840945,3.2568223276383903,3.073650592317076,1.0,0.0,0.6533864541832669,0.0,0.6666666666666666,0.0,0.35364635364635366,0.0,0.3866366366366366,0.0
MOEX,43,QuantGAN,9,0.12281101823559126,2.998568122800824,3.073650592317076,1.0,0.0,1.0,0.0,1.0,0.0,1.0,0.0,1.0,0.0
MOEX,43,QuantGAN,10,0.15837709429661162,3.1789537855217307,3.073650592317076,1.0,0.0,1.0,0.0,1.0,0.0,1.0,0.0,1.0,0.0
MOEX,43,QuantGAN,11,0.22620805179734904,3.180333083192195,3.073650592317076,1.0,0.0,1.0,0.0,1.0,0.0,1.0,0.0,1.0,0.0
MOEX,43,QuantGAN,12,0.1538947728533997,3.1686935938925904,3.073650592317076,1.0,0.0,1.0,0.0,1.0,0.0,1.0,0.0,1.0,0.0
MOEX,43,QuantGAN,13,0.1749239137312817,3.2544472462693195,3.073650592317076,1.0,0.0,1.0,0.0,1.0,0.0,1.0,0.0,1.0,0.0
MOEX,43,QuantGAN,14,0.17857934592856028,3.1248532041223185,3.073650592317076,1.0,0.0,1.0,0.0,1.0,0.0,1.0,0.0,1.0,0.0
MOEX,43,QuantGAN,15,0.1338970411250089,3.0161844625931904,3.073650592317076,1.0,0.0,1.0,0.0,1.0,0.0,1.0,0.0,1.0,0.0
MOEX,43,QuantGAN,16,0.24915526683623068,3.438707876506911,3.073650592317076,1.0,0.0,0.8605577689243028,0.0,0.9301397205588823,0.0,0.965034965034965,0.0,0.9824824824824825,0.0
MOEX,43,QuantGAN,17,0.22737957083379368,3.378396334629826,3.073650592317076,1.0,0.0,1.0,0.0,1.0,0.0,1.0,0.0,1.0,0.0
MOEX,43,QuantGAN,18,0.17064483731888913,2.985915206523543,3.073650592317076,1.0,0.0,1.0,0.0,1.0,0.0,1.0,0.0,1.0,0.0
MOEX,43,QuantGAN,19,0.16172627988882837,2.8624811427463626,3.073650592317076,1.0,0.0,1.0,0.0,1.0,0.0,1.0,0.0,1.0,0.0
MOEX,43,GJR-GARCH,0,0.2205750967307969,3.05902276444116,3.073650592317076,1.0,0.0,1.0,0.0,1.0,0.0,1.0,0.0,1.0,0.0
MOEX,43,GJR-GARCH,1,0.14977717409983748,2.97698229215422,3.073650592317076,1.0,0.0,1.0,0.0,1.0,0.0,1.0,0.0,1.0,0.0
MOEX,43,GJR-GARCH,2,0.1276154822557385,3.142398071293862,3.073650592317076,1.0,0.0,1.0,0.0,1.0,0.0,1.0,0.0,1.0,0.0
MOEX,43,GJR-GARCH,3,0.1438877949813775,3.0781413820995676,3.073650592317076,1.0,0.0,1.0,0.0,1.0,0.0,1.0,0.0,1.0,0.0
MOEX,43,GJR-GARCH,4,0.15078262861368352,2.964937983593905,3.073650592317076,1.0,0.0,1.0,0.0,1.0,0.0,1.0,0.0,1.0,0.0
MOEX,43,GJR-GARCH,5,0.17000882949301666,3.1900098872195293,3.073650592317076,1.0,0.0,1.0,0.0,1.0,0.0,1.0,0.0,1.0,0.0
MOEX,43,GJR-GARCH,6,0.1831093773863368,3.117692703483742,3.073650592317076,1.0,0.0,1.0,0.0,1.0,0.0,1.0,0.0,1.0,0.0
MOEX,43,GJR-GARCH,7,0.37359916396161297,3.183428839331385,3.073650592317076,0.5,1.0,0.300796812749004,0.0,0.4251497005988024,0.0,0.2127872127872128,0.0,0.1066066066066066,0.0
MOEX,43,GJR-GARCH,8,0.1425440454958764,3.2153790400443882,3.073650592317076,1.0,0.0,1.0,0.0,1.0,0.0,1.0,0.0,1.0,0.0
MOEX,43,GJR-GARCH,9,0.1930007667812328,3.08745000631169,3.073650592317076,1.0,0.0,1.0,0.0,1.0,0.0,1.0,0.0,1.0,0.0
MOEX,43,GJR-GARCH,10,0.19111397006197328,3.1293833155314927,3.073650592317076,1.0,0.0,1.0,0.0,1.0,0.0,1.0,0.0,1.0,0.0
MOEX,43,GJR-GARCH,11,0.2139581313013974,3.1706383052958147,3.073650592317076,1.0,0.0,1.0,0.0,1.0,0.0,1.0,0.0,1.0,0.0
MOEX,43,GJR-GARCH,12,0.1305920564467158,3.1139218170468923,3.073650592317076,1.0,0.0,1.0,0.0,1.0,0.0,1.0,0.0,1.0,0.0
MOEX,43,GJR-GARCH,13,0.2894618772600114,3.3714470525677296,3.073650592317076,1.0,0.0,0.7071713147410359,0.0,0.717564870259481,0.0,0.479020979020979,0.0,0.5758258258258259,0.0
MOEX,43,GJR-GARCH,14,0.12633521027932781,3.0775207559689193,3.073650592317076,1.0,0.0,1.0,0.0,1.0,0.0,1.0,0.0,1.0,0.0
MOEX,43,GJR-GARCH,15,0.20213088968156567,3.0868728271922885,3.073650592317076,1.0,0.0,1.0,0.0,1.0,0.0,1.0,0.0,1.0,0.0
MOEX,43,GJR-GARCH,16,0.22398932617127132,3.1497514047222173,3.073650592317076,1.0,0.0,1.0,0.0,1.0,0.0,1.0,0.0,1.0,0.0
MOEX,43,GJR-GARCH,17,0.19215839999645823,3.1218251394295833,3.073650592317076,1.0,0.0,1.0,0.0,1.0,0.0,1.0,0.0,1.0,0.0
MOEX,43,GJR-GARCH,18,0.13063736902260525,3.084316809128527,3.073650592317076,1.0,0.0,1.0,0.0,1.0,0.0,1.0,0.0,1.0,0.0
MOEX,43,GJR-GARCH,19,0.12605320571129797,2.953820007563821,3.073650592317076,1.0,0.0,1.0,0.0,1.0,0.0,1.0,0.0,1.0,0.0
MOEX,43,CNN-WGAN-GP,0,0.13000950240204312,3.073251879900066,3.073650592317076,1.0,0.0,1.0,0.0,1.0,0.0,1.0,0.0,1.0,0.0
MOEX,43,CNN-WGAN-GP,1,0.19461403361526886,3.0604311192016507,3.073650592317076,1.0,0.0,1.0,0.0,1.0,0.0,1.0,0.0,1.0,0.0
MOEX,43,CNN-WGAN-GP,2,0.11182086461794083,3.038917085262191,3.073650592317076,1.0,0.0,1.0,0.0,1.0,0.0,1.0,0.0,1.0,0.0
MOEX,43,CNN-WGAN-GP,3,0.1460112087923271,3.096257102149893,3.073650592317076,1.0,0.0,1.0,0.0,1.0,0.0,1.0,0.0,1.0,0.0
MOEX,43,CNN-WGAN-GP,4,0.2119623183270769,3.126916550231523,3.073650592317076,1.0,0.0,1.0,0.0,1.0,0.0,1.0,0.0,1.0,0.0
MOEX,43,CNN-WGAN-GP,5,0.17263724583298634,3.136028294027874,3.073650592317076,1.0,0.0,1.0,0.0,1.0,0.0,1.0,0.0,1.0,0.0
MOEX,43,CNN-WGAN-GP,6,0.12441990152968718,3.135251544945217,3.073650592317076,1.0,0.0,1.0,0.0,1.0,0.0,1.0,0.0,1.0,0.0
MOEX,43,CNN-WGAN-GP,7,0.14266190626778696,3.0624942291148822,3.073650592317076,1.0,0.0,1.0,0.0,1.0,0.0,1.0,0.0,1.0,0.0
MOEX,43,CNN-WGAN-GP,8,0.1678698318290961,2.963450726284729,3.073650592317076,1.0,0.0,1.0,0.0,1.0,0.0,1.0,0.0,1.0,0.0
MOEX,43,CNN-WGAN-GP,9,0.18927732298054512,3.1759172920159333,3.073650592317076,1.0,0.0,1.0,0.0,1.0,0.0,1.0,0.0,1.0,0.0
MOEX,43,CNN-WGAN-GP,10,0.23440962246446562,3.1255859688484904,3.073650592317076,1.0,0.0,1.0,0.0,1.0,0.0,1.0,0.0,1.0,0.0
MOEX,43,CNN-WGAN-GP,11,0.22953350315316956,3.0240877145157787,3.073650592317076,1.0,0.0,1.0,0.0,1.0,0.0,1.0,0.0,1.0,0.0
MOEX,43,CNN-WGAN-GP,12,0.10529887241097624,3.069652187506438,3.073650592317076,1.0,0.0,1.0,0.0,1.0,0.0,1.0,0.0,1.0,0.0
MOEX,43,CNN-WGAN-GP,13,0.15271939588684869,3.1681074331113077,3.073650592317076,1.0,0.0,1.0,0.0,1.0,0.0,1.0,0.0,1.0,0.0
MOEX,43,CNN-WGAN-GP,14,0.16002483536367107,3.067279419407277,3.073650592317076,1.0,0.0,1.0,0.0,1.0,0.0,1.0,0.0,1.0,0.0
MOEX,43,CNN-WGAN-GP,15,0.11532530409506592,2.9381237916146437,3.073650592317076,1.0,0.0,1.0,0.0,1.0,0.0,1.0,0.0,1.0,0.0
MOEX,43,CNN-WGAN-GP,16,0.22781262589780482,3.196219725667398,3.073650592317076,1.0,0.0,1.0,0.0,1.0,0.0,1.0,0.0,1.0,0.0
MOEX,43,CNN-WGAN-GP,17,0.1571219811563076,3.136043821971028,3.073650592317076,1.0,0.0,1.0,0.0,1.0,0.0,1.0,0.0,1.0,0.0
MOEX,43,CNN-WGAN-GP,18,0.10551200256257043,2.9835896546574534,3.073650592317076,1.0,0.0,1.0,0.0,1.0,0.0,1.0,0.0,1.0,0.0
MOEX,43,CNN-WGAN-GP,19,0.16603116127483353,3.026102319922431,3.073650592317076,1.0,0.0,1.0,0.0,1.0,0.0,1.0,0.0,1.0,0.0
MOEX,43,CONTROL: shuffled real,0,0.10985489940550419,2.893160246819126,3.073650592317076,1.0,0.0,1.0,0.0,1.0,0.0,1.0,0.0,1.0,0.0
MOEX,43,CONTROL: shuffled real,1,0.11384146361055114,2.8207818212777287,3.073650592317076,1.0,0.0,1.0,0.0,1.0,0.0,1.0,0.0,1.0,0.0
MOEX,43,CONTROL: shuffled real,2,0.123407786703436,2.9012126602705983,3.073650592317076,1.0,0.0,1.0,0.0,1.0,0.0,1.0,0.0,1.0,0.0
MOEX,43,CONTROL: shuffled real,3,0.13838761385793075,2.8376750383273404,3.073650592317076,1.0,0.0,1.0,0.0,1.0,0.0,1.0,0.0,1.0,0.0
MOEX,43,CONTROL: shuffled real,4,0.1375920594362987,2.7087299912012424,3.073650592317076,1.0,0.0,1.0,0.0,1.0,0.0,1.0,0.0,1.0,0.0
MOEX,43,CONTROL: shuffled real,5,0.11796763428461521,2.7494581049008473,3.073650592317076,1.0,0.0,1.0,0.0,1.0,0.0,1.0,0.0,1.0,0.0
MOEX,43,CONTROL: shuffled real,6,0.1727946090846042,2.80909071052802,3.073650592317076,1.0,0.0,1.0,0.0,1.0,0.0,1.0,0.0,1.0,0.0
MOEX,43,CONTROL: shuffled real,7,0.14759185894675952,2.776778019856189,3.073650592317076,1.0,0.0,1.0,0.0,1.0,0.0,1.0,0.0,1.0,0.0
MOEX,43,CONTROL: shuffled real,8,0.12288124474130124,2.752304742663053,3.073650592317076,1.0,0.0,1.0,0.0,1.0,0.0,1.0,0.0,1.0,0.0
MOEX,43,CONTROL: shuffled real,9,0.13860189010503854,2.8528748166054205,3.073650592317076,1.0,0.0,1.0,0.0,1.0,0.0,1.0,0.0,1.0,0.0
MOEX,43,CONTROL: shuffled real,10,0.1358979479434832,2.821541868945523,3.073650592317076,1.0,0.0,1.0,0.0,1.0,0.0,1.0,0.0,1.0,0.0
MOEX,43,CONTROL: shuffled real,11,0.13333675907984777,3.006228308263585,3.073650592317076,1.0,0.0,1.0,0.0,1.0,0.0,1.0,0.0,1.0,0.0
MOEX,43,CONTROL: shuffled real,12,0.1373180388762001,2.710180933455987,3.073650592317076,1.0,0.0,1.0,0.0,1.0,0.0,1.0,0.0,1.0,0.0
MOEX,43,CONTROL: shuffled real,13,0.1100315767002853,2.9236434167232015,3.073650592317076,1.0,0.0,1.0,0.0,1.0,0.0,1.0,0.0,1.0,0.0
MOEX,43,CONTROL: shuffled real,14,0.13290227447676628,2.829391339237662,3.073650592317076,1.0,0.0,1.0,0.0,1.0,0.0,1.0,0.0,1.0,0.0
MOEX,43,CONTROL: shuffled real,15,0.15624384379255285,2.872123082666641,3.073650592317076,1.0,0.0,1.0,0.0,1.0,0.0,1.0,0.0,1.0,0.0
MOEX,43,CONTROL: shuffled real,16,0.12929180605600332,2.827043117661341,3.073650592317076,1.0,0.0,1.0,0.0,1.0,0.0,1.0,0.0,1.0,0.0
MOEX,43,CONTROL: shuffled real,17,0.1676244471228503,2.901620808932984,3.073650592317076,1.0,0.0,1.0,0.0,1.0,0.0,1.0,0.0,1.0,0.0
MOEX,43,CONTROL: shuffled real,18,0.1620035664970232,2.801964446291746,3.073650592317076,1.0,0.0,1.0,0.0,1.0,0.0,1.0,0.0,1.0,0.0
MOEX,43,CONTROL: shuffled real,19,0.1626179894939226,2.8981821052284795,3.073650592317076,1.0,0.0,1.0,0.0,1.0,0.0,1.0,0.0,1.0,0.0
MOEX,44,TimeGAN,0,0.13698758537667866,3.0392946490680575,3.073650592317076,1.0,0.0,1.0,0.0,1.0,0.0,1.0,0.0,1.0,0.0
MOEX,44,TimeGAN,1,0.3376665034266729,3.459042894129776,3.073650592317076,1.0,0.0,0.5657370517928287,0.0,0.590818363273453,0.0,0.2957042957042957,0.0,0.19744744744744744,0.0
MOEX,44,TimeGAN,2,0.3714201345576643,3.374366103888494,3.073650592317076,0.5,1.0,0.30278884462151395,0.0,0.4281437125748503,0.0,0.21428571428571427,0.0,0.10735735735735735,0.0
MOEX,44,TimeGAN,3,0.1648871444911364,3.1676156168858665,3.073650592317076,1.0,0.0,1.0,0.0,1.0,0.0,1.0,0.0,1.0,0.0
MOEX,44,TimeGAN,4,0.20448752201096565,3.2083772274826963,3.073650592317076,1.0,0.0,1.0,0.0,1.0,0.0,1.0,0.0,1.0,0.0
MOEX,44,TimeGAN,5,0.27789526543779175,3.2236396514282513,3.073650592317076,1.0,0.0,0.7430278884462151,0.0,0.7574850299401198,0.0,0.5804195804195804,0.0,0.7532532532532532,0.0
MOEX,44,TimeGAN,6,0.15737285827596037,3.069207847931003,3.073650592317076,1.0,0.0,1.0,0.0,1.0,0.0,1.0,0.0,1.0,0.0
MOEX,44,TimeGAN,7,0.1698818746657489,3.2342977517855385,3.073650592317076,1.0,0.0,1.0,0.0,1.0,0.0,1.0,0.0,1.0,0.0
MOEX,44,TimeGAN,8,0.1653522255508335,3.1607470533453155,3.073650592317076,1.0,0.0,1.0,0.0,1.0,0.0,1.0,0.0,1.0,0.0
MOEX,44,TimeGAN,9,0.2031221448479963,3.1679282459591693,3.073650592317076,1.0,0.0,1.0,0.0,1.0,0.0,1.0,0.0,1.0,0.0
MOEX,44,TimeGAN,10,0.20402854406586712,3.007989671848778,3.073650592317076,1.0,0.0,1.0,0.0,1.0,0.0,1.0,0.0,1.0,0.0
MOEX,44,TimeGAN,11,0.21094351173888204,3.2013746928707123,3.073650592317076,1.0,0.0,1.0,0.0,1.0,0.0,1.0,0.0,1.0,0.0
MOEX,44,TimeGAN,12,0.2161676422901131,3.3398190220799706,3.073650592317076,1.0,0.0,1.0,0.0,1.0,0.0,1.0,0.0,1.0,0.0
MOEX,44,TimeGAN,13,0.3492745676394089,3.3687992288695146,3.073650592317076,1.0,0.0,0.5298804780876494,0.0,0.5608782435129741,0.0,0.2807192807192807,0.0,0.17167167167167166,0.0
MOEX,44,TimeGAN,14,0.2461407134285376,3.292496489154037,3.073650592317076,1.0,0.0,0.8764940239043825,0.0,0.93812375249501,0.0,0.9690309690309691,0.0,0.9844844844844844,0.0
MOEX,44,TimeGAN,15,0.12324314742300335,2.9845208260616465,3.073650592317076,1.0,0.0,1.0,0.0,1.0,0.0,1.0,0.0,1.0,0.0
MOEX,44,TimeGAN,16,0.15007788810316613,2.99747798889284,3.073650592317076,1.0,0.0,1.0,0.0,1.0,0.0,1.0,0.0,1.0,0.0
MOEX,44,TimeGAN,17,0.2785901473232062,3.39784995481386,3.073650592317076,1.0,0.0,0.7430278884462151,0.0,0.7554890219560878,0.0,0.573926073926074,0.0,0.7402402402402403,0.0
MOEX,44,TimeGAN,18,0.23332055458862744,3.267060883508104,3.073650592317076,1.0,0.0,1.0,0.0,1.0,0.0,1.0,0.0,1.0,0.0
MOEX,44,TimeGAN,19,0.22229798498420805,3.490185103888356,3.073650592317076,1.0,0.0,1.0,0.0,1.0,0.0,1.0,0.0,1.0,0.0
MOEX,44,GARCH,0,0.1696396576853174,2.9871919688683937,3.073650592317076,1.0,0.0,1.0,0.0,1.0,0.0,1.0,0.0,1.0,0.0
MOEX,44,GARCH,1,0.17214578545073134,3.1348205558868747,3.073650592317076,1.0,0.0,1.0,0.0,1.0,0.0,1.0,0.0,1.0,0.0
MOEX,44,GARCH,2,0.11281754497901697,3.1369203765000844,3.073650592317076,1.0,0.0,1.0,0.0,1.0,0.0,1.0,0.0,1.0,0.0
MOEX,44,GARCH,3,0.13145105164579585,2.9038384483843585,3.073650592317076,1.0,0.0,1.0,0.0,1.0,0.0,1.0,0.0,1.0,0.0
MOEX,44,GARCH,4,0.10671963057077871,3.0073155055052276,3.073650592317076,1.0,0.0,1.0,0.0,1.0,0.0,1.0,0.0,1.0,0.0
MOEX,44,GARCH,5,0.15582282754126675,2.9542216615625745,3.073650592317076,1.0,0.0,1.0,0.0,1.0,0.0,1.0,0.0,1.0,0.0
MOEX,44,GARCH,6,0.16341599581659927,3.1368769205878078,3.073650592317076,1.0,0.0,1.0,0.0,1.0,0.0,1.0,0.0,1.0,0.0
MOEX,44,GARCH,7,0.21775227041828726,3.3014589057534898,3.073650592317076,1.0,0.0,1.0,0.0,1.0,0.0,1.0,0.0,1.0,0.0
MOEX,44,GARCH,8,0.10565939502020294,3.000398943144077,3.073650592317076,1.0,0.0,1.0,0.0,1.0,0.0,1.0,0.0,1.0,0.0
MOEX,44,GARCH,9,0.1326262377501326,3.0632690482623546,3.073650592317076,1.0,0.0,1.0,0.0,1.0,0.0,1.0,0.0,1.0,0.0
MOEX,44,GARCH,10,0.13956779224610694,3.1724643270684627,3.073650592317076,1.0,0.0,1.0,0.0,1.0,0.0,1.0,0.0,1.0,0.0
MOEX,44,GARCH,11,0.11350938006541478,3.0136058191746806,3.073650592317076,1.0,0.0,1.0,0.0,1.0,0.0,1.0,0.0,1.0,0.0
MOEX,44,GARCH,12,0.18225980410244547,3.1138435058038207,3.073650592317076,1.0,0.0,1.0,0.0,1.0,0.0,1.0,0.0,1.0,0.0
MOEX,44,GARCH,13,0.2125065804285271,3.1250306899400213,3.073650592317076,1.0,0.0,1.0,0.0,1.0,0.0,1.0,0.0,1.0,0.0
MOEX,44,GARCH,14,0.1142642497939057,2.9736494236094773,3.073650592317076,1.0,0.0,1.0,0.0,1.0,0.0,1.0,0.0,1.0,0.0
MOEX,44,GARCH,15,0.23292732270075445,3.2731002518608756,3.073650592317076,1.0,0.0,1.0,0.0,1.0,0.0,1.0,0.0,1.0,0.0
MOEX,44,GARCH,16,0.1321280990448508,3.02043989157089,3.073650592317076,1.0,0.0,1.0,0.0,1.0,0.0,1.0,0.0,1.0,0.0
MOEX,44,GARCH,17,0.09585194897527582,2.872648801097701,3.073650592317076,1.0,0.0,1.0,0.0,1.0,0.0,1.0,0.0,1.0,0.0
MOEX,44,GARCH,18,0.29306015724189294,3.1084050633564537,3.073650592317076,1.0,0.0,0.6952191235059761,0.0,0.7055888223552894,0.0,0.4230769230769231,0.0,0.5182682682682682,0.0
MOEX,44,GARCH,19,0.22176167647418765,3.2917312103435887,3.073650592317076,1.0,0.0,1.0,0.0,1.0,0.0,1.0,0.0,1.0,0.0
MOEX,44,QuantGAN,0,0.22005897377967432,3.1153496899271578,3.073650592317076,1.0,0.0,1.0,0.0,1.0,0.0,1.0,0.0,1.0,0.0
MOEX,44,QuantGAN,1,0.24748703184942866,3.0701447358388565,3.073650592317076,1.0,0.0,0.8685258964143426,0.0,0.9341317365269461,0.0,0.967032967032967,0.0,0.9834834834834835,0.0
MOEX,44,QuantGAN,2,0.19856650675651366,3.068172456989235,3.073650592317076,1.0,0.0,1.0,0.0,1.0,0.0,1.0,0.0,1.0,0.0
MOEX,44,QuantGAN,3,0.21293615041268033,3.2986863472830663,3.073650592317076,1.0,0.0,1.0,0.0,1.0,0.0,1.0,0.0,1.0,0.0
MOEX,44,QuantGAN,4,0.31064015255274735,3.230156234708716,3.073650592317076,1.0,0.0,0.6394422310756972,0.0,0.655688622754491,0.0,0.32817182817182816,0.0,0.3285785785785786,0.0
MOEX,44,QuantGAN,5,0.20586458631640858,3.2225538336061503,3.073650592317076,1.0,0.0,1.0,0.0,1.0,0.0,1.0,0.0,1.0,0.0
MOEX,44,QuantGAN,6,0.12418171075196982,3.141329588659189,3.073650592317076,1.0,0.0,1.0,0.0,1.0,0.0,1.0,0.0,1.0,0.0
MOEX,44,QuantGAN,7,0.24947619309090152,3.246581431252935,3.073650592317076,1.0,0.0,0.8605577689243028,0.0,0.9301397205588823,0.0,0.965034965034965,0.0,0.9824824824824825,0.0
MOEX,44,QuantGAN,8,0.2681594460334229,3.1094389294562044,3.073650592317076,1.0,0.0,0.7788844621513944,0.0,0.7964071856287425,0.0,0.7362637362637363,0.0,0.8678678678678678,0.0
MOEX,44,QuantGAN,9,0.1495068644250983,2.999410500381946,3.073650592317076,1.0,0.0,1.0,0.0,1.0,0.0,1.0,0.0,1.0,0.0
MOEX,44,QuantGAN,10,0.3347183995682014,3.253522260436624,3.073650592317076,1.0,0.0,0.5737051792828686,0.0,0.5978043912175649,0.0,0.29920079920079923,0.0,0.2022022022022022,0.0
MOEX,44,QuantGAN,11,0.1905135118797121,3.2963088027195657,3.073650592317076,1.0,0.0,1.0,0.0,1.0,0.0,1.0,0.0,1.0,0.0
MOEX,44,QuantGAN,12,0.23463395783326502,3.185442660920821,3.073650592317076,1.0,0.0,1.0,0.0,1.0,0.0,1.0,0.0,1.0,0.0
MOEX,44,QuantGAN,13,0.1383633297426483,3.1305380371253464,3.073650592317076,1.0,0.0,1.0,0.0,1.0,0.0,1.0,0.0,1.0,0.0
MOEX,44,QuantGAN,14,0.19258305596757364,3.0833473735851427,3.073650592317076,1.0,0.0,1.0,0.0,1.0,0.0,1.0,0.0,1.0,0.0
MOEX,44,QuantGAN,15,0.2703546404644599,3.253282141182475,3.073650592317076,1.0,0.0,0.7709163346613546,0.0,0.7864271457085829,0.0,0.7122877122877123,0.0,0.8558558558558559,0.0
MOEX,44,QuantGAN,16,0.29456891966914034,3.332172252253808,3.073650592317076,1.0,0.0,0.6892430278884463,0.0,0.7005988023952096,0.0,0.4050949050949051,0.0,0.5002502502502503,0.0
MOEX,44,QuantGAN,17,0.15311771427419463,3.13444983821749,3.073650592317076,1.0,0.0,1.0,0.0,1.0,0.0,1.0,0.0,1.0,0.0
MOEX,44,QuantGAN,18,0.14503878370403167,3.0959885774804725,3.073650592317076,1.0,0.0,1.0,0.0,1.0,0.0,1.0,0.0,1.0,0.0
MOEX,44,QuantGAN,19,0.26525272344009343,3.439343000541556,3.073650592317076,1.0,0.0,0.7928286852589641,0.0,0.812375249500998,0.0,0.7657342657342657,0.0,0.8826326326326326,0.0
MOEX,44,GJR-GARCH,0,0.11265067075070467,2.8807253209784056,3.073650592317076,1.0,0.0,1.0,0.0,1.0,0.0,1.0,0.0,1.0,0.0
MOEX,44,GJR-GARCH,1,0.18137064221116095,3.137781388916165,3.073650592317076,1.0,0.0,1.0,0.0,1.0,0.0,1.0,0.0,1.0,0.0
MOEX,44,GJR-GARCH,2,0.14745080811470235,3.1033836836881274,3.073650592317076,1.0,0.0,1.0,0.0,1.0,0.0,1.0,0.0,1.0,0.0
MOEX,44,GJR-GARCH,3,0.18726013096955718,2.9780359736271964,3.073650592317076,1.0,0.0,1.0,0.0,1.0,0.0,1.0,0.0,1.0,0.0
MOEX,44,GJR-GARCH,4,0.10974932039185425,3.0048661030289585,3.073650592317076,1.0,0.0,1.0,0.0,1.0,0.0,1.0,0.0,1.0,0.0
MOEX,44,GJR-GARCH,5,0.15330960488846368,2.939219374123179,3.073650592317076,1.0,0.0,1.0,0.0,1.0,0.0,1.0,0.0,1.0,0.0
MOEX,44,GJR-GARCH,6,0.16794831054127446,3.159876462710191,3.073650592317076,1.0,0.0,1.0,0.0,1.0,0.0,1.0,0.0,1.0,0.0
MOEX,44,GJR-GARCH,7,0.1822035049079529,3.2180839709876192,3.073650592317076,1.0,0.0,1.0,0.0,1.0,0.0,1.0,0.0,1.0,0.0
MOEX,44,GJR-GARCH,8,0.1488023266798879,2.9873714315106112,3.073650592317076,1.0,0.0,1.0,0.0,1.0,0.0,1.0,0.0,1.0,0.0
MOEX,44,GJR-GARCH,9,0.10160615608926338,2.988246192593508,3.073650592317076,1.0,0.0,1.0,0.0,1.0,0.0,1.0,0.0,1.0,0.0
MOEX,44,GJR-GARCH,10,0.1401396995947335,3.2021483054168383,3.073650592317076,1.0,0.0,1.0,0.0,1.0,0.0,1.0,0.0,1.0,0.0
MOEX,44,GJR-GARCH,11,0.12734149001558226,3.098578269734092,3.073650592317076,1.0,0.0,1.0,0.0,1.0,0.0,1.0,0.0,1.0,0.0
MOEX,44,GJR-GARCH,12,0.17588885503881047,3.0952797044574147,3.073650592317076,1.0,0.0,1.0,0.0,1.0,0.0,1.0,0.0,1.0,0.0
MOEX,44,GJR-GARCH,13,0.18968765793237807,3.0908731075558507,3.073650592317076,1.0,0.0,1.0,0.0,1.0,0.0,1.0,0.0,1.0,0.0
MOEX,44,GJR-GARCH,14,0.12431986443078102,3.048913348484259,3.073650592317076,1.0,0.0,1.0,0.0,1.0,0.0,1.0,0.0,1.0,0.0
MOEX,44,GJR-GARCH,15,0.2851878734270872,3.296028658158568,3.073650592317076,1.0,0.0,0.7211155378486056,0.0,0.7325349301397206,0.0,0.5244755244755245,0.0,0.6591591591591591,0.0
MOEX,44,GJR-GARCH,16,0.13899929805065958,3.046877626464738,3.073650592317076,1.0,0.0,1.0,0.0,1.0,0.0,1.0,0.0,1.0,0.0
MOEX,44,GJR-GARCH,17,0.11577441043249848,3.0200786133392645,3.073650592317076,1.0,0.0,1.0,0.0,1.0,0.0,1.0,0.0,1.0,0.0
MOEX,44,GJR-GARCH,18,0.25162766809758264,3.092891609777832,3.073650592317076,1.0,0.0,0.848605577689243,0.0,0.9241516966067864,0.0,0.9515484515484516,0.0,0.9757257257257257,0.0
MOEX,44,GJR-GARCH,19,0.3001562453726392,3.2158939806168236,3.073650592317076,1.0,0.0,0.6713147410358565,0.0,0.6836327345309381,0.0,0.37312687312687315,0.0,0.4502002002002002,0.0
MOEX,44,CNN-WGAN-GP,0,0.2618529200928499,3.196007065223372,3.073650592317076,1.0,0.0,0.8067729083665338,0.0,0.8832335329341318,0.0,0.8386613386613386,0.0,0.9191691691691691,0.0
MOEX,44,CNN-WGAN-GP,1,0.1369061346232141,2.946987665407765,3.073650592317076,1.0,0.0,1.0,0.0,1.0,0.0,1.0,0.0,1.0,0.0
MOEX,44,CNN-WGAN-GP,2,0.12909341320885392,2.96982006808173,3.073650592317076,1.0,0.0,1.0,0.0,1.0,0.0,1.0,0.0,1.0,0.0
MOEX,44,CNN-WGAN-GP,3,0.10542351179158005,2.9277225525820714,3.073650592317076,1.0,0.0,1.0,0.0,1.0,0.0,1.0,0.0,1.0,0.0
MOEX,44,CNN-WGAN-GP,4,0.15519077313052,2.9624557178230013,3.073650592317076,1.0,0.0,1.0,0.0,1.0,0.0,1.0,0.0,1.0,0.0
MOEX,44,CNN-WGAN-GP,5,0.2502484581051687,3.2504269025534134,3.073650592317076,1.0,0.0,0.8565737051792829,0.0,0.9281437125748503,0.0,0.964035964035964,0.0,0.9819819819819819,0.0
MOEX,44,CNN-WGAN-GP,6,0.20116767854526607,3.2357524936052275,3.073650592317076,1.0,0.0,1.0,0.0,1.0,0.0,1.0,0.0,1.0,0.0
MOEX,44,CNN-WGAN-GP,7,0.15535975489637432,3.1040164114169384,3.073650592317076,1.0,0.0,1.0,0.0,1.0,0.0,1.0,0.0,1.0,0.0
MOEX,44,CNN-WGAN-GP,8,0.17288655645963646,3.1773006749726447,3.073650592317076,1.0,0.0,1.0,0.0,1.0,0.0,1.0,0.0,1.0,0.0
MOEX,44,CNN-WGAN-GP,9,0.16961637004371077,3.17085153723904,3.073650592317076,1.0,0.0,1.0,0.0,1.0,0.0,1.0,0.0,1.0,0.0
MOEX,44,CNN-WGAN-GP,10,0.12814170891335164,2.9936181241547852,3.073650592317076,1.0,0.0,1.0,0.0,1.0,0.0,1.0,0.0,1.0,0.0
MOEX,44,CNN-WGAN-GP,11,0.3342804642364514,3.1822621285248585,3.073650592317076,1.0,0.0,0.5737051792828686,0.0,0.5978043912175649,0.0,0.29920079920079923,0.0,0.20245245245245244,0.0
MOEX,44,CNN-WGAN-GP,12,0.36571927417041183,3.2706536142576526,3.073650592317076,0.5,1.0,0.3665338645418327,0.0,0.46506986027944114,0.0,0.23276723276723277,0.0,0.11661661661661661,0.0
MOEX,44,CNN-WGAN-GP,13,0.1307812598542899,3.0326589837625026,3.073650592317076,1.0,0.0,1.0,0.0,1.0,0.0,1.0,0.0,1.0,0.0
MOEX,44,CNN-WGAN-GP,14,0.15613191104535873,3.2073614793482776,3.073650592317076,1.0,0.0,1.0,0.0,1.0,0.0,1.0,0.0,1.0,0.0
MOEX,44,CNN-WGAN-GP,15,0.18172401533547422,3.014712539815727,3.073650592317076,1.0,0.0,1.0,0.0,1.0,0.0,1.0,0.0,1.0,0.0
MOEX,44,CNN-WGAN-GP,16,0.1376411256641854,2.971283863427658,3.073650592317076,1.0,0.0,1.0,0.0,1.0,0.0,1.0,0.0,1.0,0.0
MOEX,44,CNN-WGAN-GP,17,0.14056359374642358,2.979697457810458,3.073650592317076,1.0,0.0,1.0,0.0,1.0,0.0,1.0,0.0,1.0,0.0
MOEX,44,CNN-WGAN-GP,18,0.1242370388203653,2.896435688997373,3.073650592317076,1.0,0.0,1.0,0.0,1.0,0.0,1.0,0.0,1.0,0.0
MOEX,44,CNN-WGAN-GP,19,0.11573700935181175,2.9103736194727485,3.073650592317076,1.0,0.0,1.0,0.0,1.0,0.0,1.0,0.0,1.0,0.0
MOEX,44,CONTROL: shuffled real,0,0.10985489940550419,2.893160246819126,3.073650592317076,1.0,0.0,1.0,0.0,1.0,0.0,1.0,0.0,1.0,0.0
MOEX,44,CONTROL: shuffled real,1,0.12604151220014126,2.8391337374642407,3.073650592317076,1.0,0.0,1.0,0.0,1.0,0.0,1.0,0.0,1.0,0.0
MOEX,44,CONTROL: shuffled real,2,0.14263087918812012,2.8844942290174407,3.073650592317076,1.0,0.0,1.0,0.0,1.0,0.0,1.0,0.0,1.0,0.0
MOEX,44,CONTROL: shuffled real,3,0.1164559697486316,2.757245413585764,3.073650592317076,1.0,0.0,1.0,0.0,1.0,0.0,1.0,0.0,1.0,0.0
MOEX,44,CONTROL: shuffled real,4,0.1311146502724292,2.8986735354444537,3.073650592317076,1.0,0.0,1.0,0.0,1.0,0.0,1.0,0.0,1.0,0.0
MOEX,44,CONTROL: shuffled real,5,0.11749478654949397,2.7328407815924995,3.073650592317076,1.0,0.0,1.0,0.0,1.0,0.0,1.0,0.0,1.0,0.0
MOEX,44,CONTROL: shuffled real,6,0.14768240975463742,2.7418157036734923,3.073650592317076,1.0,0.0,1.0,0.0,1.0,0.0,1.0,0.0,1.0,0.0
MOEX,44,CONTROL: shuffled real,7,0.11685606962159101,2.8568991223985822,3.073650592317076,1.0,0.0,1.0,0.0,1.0,0.0,1.0,0.0,1.0,0.0
MOEX,44,CONTROL: shuffled real,8,0.10790597503279042,2.7718307938679794,3.073650592317076,1.0,0.0,1.0,0.0,1.0,0.0,1.0,0.0,1.0,0.0
MOEX,44,CONTROL: shuffled real,9,0.12935584950512102,2.867058969892968,3.073650592317076,1.0,0.0,1.0,0.0,1.0,0.0,1.0,0.0,1.0,0.0
MOEX,44,CONTROL: shuffled real,10,0.12887411384138447,2.79177029062571,3.073650592317076,1.0,0.0,1.0,0.0,1.0,0.0,1.0,0.0,1.0,0.0
MOEX,44,CONTROL: shuffled real,11,0.1263211263677424,2.8648127188797883,3.073650592317076,1.0,0.0,1.0,0.0,1.0,0.0,1.0,0.0,1.0,0.0
MOEX,44,CONTROL: shuffled real,12,0.12961183813351185,2.7102204645314063,3.073650592317076,1.0,0.0,1.0,0.0,1.0,0.0,1.0,0.0,1.0,0.0
MOEX,44,CONTROL: shuffled real,13,0.12208930655148631,2.6395217267816466,3.073650592317076,1.0,0.0,1.0,0.0,1.0,0.0,1.0,0.0,1.0,0.0
MOEX,44,CONTROL: shuffled real,14,0.16441516982268944,2.909449659473962,3.073650592317076,1.0,0.0,1.0,0.0,1.0,0.0,1.0,0.0,1.0,0.0
MOEX,44,CONTROL: shuffled real,15,0.13912778821966465,2.7449259400353205,3.073650592317076,1.0,0.0,1.0,0.0,1.0,0.0,1.0,0.0,1.0,0.0
MOEX,44,CONTROL: shuffled real,16,0.10427807067314165,2.8277174260683244,3.073650592317076,1.0,0.0,1.0,0.0,1.0,0.0,1.0,0.0,1.0,0.0
MOEX,44,CONTROL: shuffled real,17,0.09454679949153433,2.8253284708947155,3.073650592317076,1.0,0.0,1.0,0.0,1.0,0.0,1.0,0.0,1.0,0.0
MOEX,44,CONTROL: shuffled real,18,0.15207151667783259,3.0159317077896275,3.073650592317076,1.0,0.0,1.0,0.0,1.0,0.0,1.0,0.0,1.0,0.0
MOEX,44,CONTROL: shuffled real,19,0.12954433976855428,2.7463273327105027,3.073650592317076,1.0,0.0,1.0,0.0,1.0,0.0,1.0,0.0,1.0,0.0
NIFTY50,42,TimeGAN,0,0.37938053017751505,3.232957997357032,3.1738621673002334,0.5,1.0,0.3232931726907631,0.0,0.44969818913480886,0.0,0.22507552870090636,0.0,0.1127648839556004,0.0
NIFTY50,42,TimeGAN,1,0.35782911478885127,3.161016763725637,3.1738621673002334,0.5,1.0,0.3413654618473896,0.0,0.4818913480885312,0.0,0.24118831822759315,0.0,0.1579212916246216,0.0
NIFTY50,42,TimeGAN,2,0.41255574238995507,3.2940081194868203,3.1738621673002334,0.5,1.0,0.29116465863453816,0.0,0.4074446680080483,0.0,0.2039274924471299,0.0,0.10216952573158426,0.0
NIFTY50,42,TimeGAN,3,0.35975753343255024,3.119266424525551,3.1738621673002334,0.5,1.0,0.3413654618473896,0.0,0.4798792756539235,0.0,0.24018126888217523,0.0,0.15211907164480323,0.0
NIFTY50,42,TimeGAN,4,0.40470260301524297,3.3139618039282874,3.1738621673002334,0.5,1.0,0.2991967871485944,0.0,0.41750503018108653,0.0,0.20896273917421954,0.0,0.10469223007063572,0.0
NIFTY50,42,TimeGAN,5,0.40277441344380494,3.2979588375874767,3.1738621673002334,0.5,1.0,0.30120481927710846,0.0,0.41951710261569414,0.0,0.20996978851963746,0.0,0.10519677093844601,0.0
NIFTY50,42,TimeGAN,6,0.42879862318852446,3.3747788091388404,3.1738621673002334,0.5,1.0,0.27710843373493976,0.0,0.3873239436619718,0.0,0.19385699899295064,0.0,0.09712411705348133,0.0
NIFTY50,42,TimeGAN,7,0.3636975461554155,3.2711392688755145,3.1738621673002334,0.5,1.0,0.3373493975903614,0.0,0.47283702213279677,0.0,0.2366565961732125,0.0,0.14455095862764883,0.0
NIFTY50,42,TimeGAN,8,0.42201478049057717,3.3352843395587106,3.1738621673002334,0.5,1.0,0.28313253012048195,0.0,0.3953722334004024,0.0,0.19788519637462235,0.0,0.0991422805247225,0.0
NIFTY50,42,TimeGAN,9,0.35633770724543123,3.1949163926114648,3.1738621673002334,0.5,1.0,0.3433734939759036,0.0,0.48490945674044267,0.0,0.24269889224572003,0.0,0.16624621594349143,0.0
NIFTY50,42,TimeGAN,10,0.4110690417268188,3.299043160425304,3.1738621673002334,0.5,1.0,0.2931726907630522,0.0,0.40945674044265595,0.0,0.20493454179254783,0.0,0.10267406659939456,0.0
NIFTY50,42,TimeGAN,11,0.35321917217717336,3.28762352739783,3.1738621673002334,0.5,1.0,0.3473895582329317,0.0,0.4909456740442656,0.0,0.2457200402819738,0.0,0.17936427850655903,0.0
NIFTY50,42,TimeGAN,12,0.4383911769047959,3.3572104625198467,3.1738621673002334,0.5,1.0,0.26706827309236947,0.0,0.37424547283702214,0.0,0.18731117824773413,0.0,0.09384460141271443,0.0
NIFTY50,42,TimeGAN,13,0.27203526558505575,3.11242182365405,3.1738621673002334,0.5,1.0,0.45180722891566266,0.0,0.7253521126760564,0.0,0.8363544813695871,0.0,0.9180121089808274,0.0
NIFTY50,42,TimeGAN,14,0.42773591122293064,3.3066430017438413,3.1738621673002334,0.5,1.0,0.27710843373493976,0.0,0.38832997987927564,0.0,0.19436052366565962,0.0,0.09737638748738647,0.0
NIFTY50,42,TimeGAN,15,0.3690003455049864,3.2010007696946965,3.1738621673002334,0.5,1.0,0.3313253012048193,0.0,0.46378269617706236,0.0,0.23212487411883181,0.0,0.12537840565085773,0.0
NIFTY50,42,TimeGAN,16,0.391901721528255,3.2403138538539418,3.1738621673002334,0.5,1.0,0.3112449799196787,0.0,0.43259557344064387,0.0,0.21651560926485397,0.0,0.10847628657921292,0.0
NIFTY50,42,TimeGAN,17,0.42945857106914387,3.405995639295889,3.1738621673002334,0.5,1.0,0.2751004016064257,0.0,0.386317907444668,0.0,0.1933534743202417,0.0,0.09687184661957618,0.0
NIFTY50,42,TimeGAN,18,0.39887541713763197,3.306051993510289,3.1738621673002334,0.5,1.0,0.30522088353413657,0.0,0.4245472837022133,0.0,0.21248741188318226,0.0,0.10645812310797174,0.0
NIFTY50,42,TimeGAN,19,0.47136644814077455,3.4544744509139336,3.1738621673002334,0.5,1.0,0.2389558232931727,0.0,0.33601609657947684,0.0,0.16817724068479356,0.0,0.08425832492431887,0.0
NIFTY50,42,GARCH,0,0.15172362333184397,3.160176401551181,3.1738621673002334,1.0,0.0,0.8554216867469879,0.0,0.9275653923541247,0.0,0.9637462235649547,0.0,0.9818365287588294,0.0
NIFTY50,42,GARCH,1,0.16527040223496625,3.2488524579611306,3.1738621673002334,1.0,0.0,0.7409638554216867,0.0,0.8702213279678068,0.0,0.9350453172205438,0.0,0.9674571140262361,0.0
NIFTY50,42,GARCH,2,0.20077713285591847,3.2265768091549063,3.1738621673002334,0.5,1.0,0.6124497991967871,0.0,0.8058350100603622,0.0,0.9028197381671702,0.0,0.9513118062563067,0.0
NIFTY50,42,GARCH,3,0.1523534626266434,3.2833155436220687,3.1738621673002334,1.0,0.0,0.8493975903614458,0.0,0.9245472837022133,0.0,0.9622356495468278,0.0,0.981079717457114,0.0
NIFTY50,42,GARCH,4,0.308234360030867,3.498941442992598,3.1738621673002334,0.5,1.0,0.39357429718875503,0.0,0.6730382293762576,0.0,0.5166163141993958,0.0,0.5983854692230071,0.0
NIFTY50,42,GARCH,5,0.16341852033212434,3.167270452284103,3.1738621673002334,1.0,0.0,0.751004016064257,0.0,0.8752515090543259,0.0,0.9375629405840886,0.0,0.9687184661957619,0.0
NIFTY50,42,GARCH,6,0.1609716687439946,3.033663736847373,3.1738621673002334,1.0,0.0,0.7670682730923695,0.0,0.8832997987927566,0.0,0.9415911379657603,0.0,0.970736629667003,0.0
NIFTY50,42,GARCH,7,0.35973499396689745,3.4360789990066305,3.1738621673002334,0.5,1.0,0.3413654618473896,0.0,0.4798792756539235,0.0,0.24018126888217523,0.0,0.15211907164480323,0.0
NIFTY50,42,GARCH,8,0.16313097136353072,3.257311833826495,3.1738621673002334,1.0,0.0,0.7550200803212851,0.0,0.8772635814889336,0.0,0.9385699899295066,0.0,0.9692230070635721,0.0
NIFTY50,42,GARCH,9,0.16790402380397462,3.160469088937802,3.1738621673002334,1.0,0.0,0.7248995983935743,0.0,0.8621730382293763,0.0,0.9310171198388721,0.0,0.965438950554995,0.0
NIFTY50,42,GARCH,10,0.20295436908201392,3.3181159183855775,3.1738621673002334,0.5,1.0,0.608433734939759,0.0,0.8038229376257545,0.0,0.9018126888217523,0.0,0.9508072653884965,0.0
NIFTY50,42,GARCH,11,0.18342304177303315,3.3190102788595475,3.1738621673002334,1.0,0.0,0.6485943775100401,0.0,0.823943661971831,0.0,0.9118831822759316,0.0,0.9558526740665994,0.0
NIFTY50,42,GARCH,12,0.2621541106154255,3.1920758862331295,3.1738621673002334,0.5,1.0,0.4678714859437751,0.0,0.7334004024144869,0.0,0.8665659617321249,0.0,0.9331483350151363,0.0
NIFTY50,42,GARCH,13,0.15360860793146913,3.27784664978146,3.1738621673002334,1.0,0.0,0.8413654618473896,0.0,0.920523138832998,0.0,0.9602215508559919,0.0,0.9800706357214934,0.0
NIFTY50,42,GARCH,14,0.2058973620739002,3.1955943122266923,3.1738621673002334,0.5,1.0,0.6004016064257028,0.0,0.7997987927565392,0.0,0.8997985901309165,0.0,0.9497981836528759,0.0
NIFTY50,42,GARCH,15,0.1305227293331206,3.0782476728765866,3.1738621673002334,1.0,0.0,1.0,0.0,1.0,0.0,1.0,0.0,1.0,0.0
NIFTY50,42,GARCH,16,0.16049207938868704,3.2524605176422914,3.1738621673002334,1.0,0.0,0.7710843373493976,0.0,0.8853118712273642,0.0,0.9425981873111783,0.0,0.9712411705348133,0.0
NIFTY50,42,GARCH,17,0.1658726081629318,2.983526266529273,3.1738621673002334,1.0,0.0,0.7369477911646586,0.0,0.8682092555331992,0.0,0.9340382678751259,0.0,0.9669525731584259,0.0
NIFTY50,42,GARCH,18,0.38582103063676365,3.3884129303306443,3.1738621673002334,0.5,1.0,0.3172690763052209,0.0,0.44064386317907445,0.0,0.22054380664652568,0.0,0.1104944500504541,0.0
NIFTY50,42,GARCH,19,0.34677147430493793,3.3190336600000077,3.1738621673002334,0.5,1.0,0.3534136546184739,0.0,0.5030181086519114,0.0,0.25176233635448136,0.0,0.20030272452068618,0.0
NIFTY50,42,QuantGAN,0,0.43456805772747653,3.487743408064653,3.1738621673002334,0.5,1.0,0.2710843373493976,0.0,0.38028169014084506,0.0,0.1903323262839879,0.0,0.09535822401614531,0.0
NIFTY50,42,QuantGAN,1,0.20044956038000983,3.272918086048328,3.1738621673002334,0.5,1.0,0.6124497991967871,0.0,0.8058350100603622,0.0,0.9028197381671702,0.0,0.9513118062563067,0.0
NIFTY50,42,QuantGAN,2,0.12948833346878796,3.1780529357826346,3.1738621673002334,1.0,0.0,1.0,0.0,1.0,0.0,1.0,0.0,1.0,0.0
NIFTY50,42,QuantGAN,3,0.25426080777290205,3.2554780988685277,3.1738621673002334,0.5,1.0,0.4839357429718876,0.0,0.7414486921529175,0.0,0.8705941591137966,0.0,0.9351664984863775,0.0
NIFTY50,42,QuantGAN,4,0.2525626326443702,3.4244764014968982,3.1738621673002334,0.5,1.0,0.4859437751004016,0.0,0.7424547283702213,0.0,0.8710976837865055,0.0,0.9354187689202825,0.0
NIFTY50,42,QuantGAN,5,0.17472592501024575,3.3580429041763242,3.1738621673002334,1.0,0.0,0.6887550200803213,0.0,0.8440643863179075,0.0,0.9219536757301108,0.0,0.9608980827447023,0.0
NIFTY50,42,QuantGAN,6,0.17658508565024444,3.1814574462381904,3.1738621673002334,1.0,0.0,0.678714859437751,0.0,0.8390342052313883,0.0,0.919436052366566,0.0,0.9596367305751766,0.0
NIFTY50,42,QuantGAN,7,0.27823623721594826,3.5175240595587183,3.1738621673002334,0.5,1.0,0.44176706827309237,0.0,0.7203219315895373,0.0,0.8001007049345418,0.0,0.899848637739657,0.0
NIFTY50,42,QuantGAN,8,0.45663315886683686,3.5305020600960755,3.1738621673002334,0.5,1.0,0.25100401606425704,0.0,0.352112676056338,0.0,0.17623363544813697,0.0,0.08829465186680122,0.0
NIFTY50,42,QuantGAN,9,0.11305899829378108,3.1530800054515495,3.1738621673002334,1.0,0.0,1.0,0.0,1.0,0.0,1.0,0.0,1.0,0.0
NIFTY50,42,QuantGAN,10,0.15403151868804987,3.302725432630039,3.1738621673002334,1.0,0.0,0.8373493975903614,0.0,0.9185110663983903,0.0,0.959214501510574,0.0,0.9795660948536832,0.0
NIFTY50,42,QuantGAN,11,0.16901095334169258,3.2601898051759037,3.1738621673002334,1.0,0.0,0.7188755020080321,0.0,0.8591549295774648,0.0,0.9295065458207452,0.0,0.9646821392532795,0.0
NIFTY50,42,QuantGAN,12,0.17771492059286853,3.2056662475640993,3.1738621673002334,1.0,0.0,0.6746987951807228,0.0,0.8370221327967807,0.0,0.918429003021148,0.0,0.9591321897073662,0.0
NIFTY50,42,QuantGAN,13,0.15581602597484845,3.1461366076273083,3.1738621673002334,1.0,0.0,0.8232931726907631,0.0,0.9114688128772636,0.0,0.9556898288016112,0.0,0.9778002018163471,0.0
NIFTY50,42,QuantGAN,14,0.3110064844835647,3.412501539151985,3.1738621673002334,0.5,1.0,0.39156626506024095,0.0,0.6066398390342053,0.0,0.47230614300100704,0.0,0.5476791120080726,0.0
NIFTY50,42,QuantGAN,15,0.25891030033713336,3.182743901585764,3.1738621673002334,0.5,1.0,0.4738955823293173,0.0,0.7364185110663984,0.0,0.8680765357502518,0.0,0.9339051463168516,0.0
NIFTY50,42,QuantGAN,16,0.24834186232167088,3.289235270283236,3.1738621673002334,0.5,1.0,0.4939759036144578,0.0,0.7464788732394366,0.0,0.8731117824773413,0.0,0.9364278506559032,0.0
NIFTY50,42,QuantGAN,17,0.2265350687317087,3.0677100223857723,3.1738621673002334,0.5,1.0,0.5441767068273092,0.0,0.7716297786720322,0.0,0.8856998992950654,0.0,0.9427346115035318,0.0
NIFTY50,42,QuantGAN,18,0.17694943949946973,3.1021222494720537,3.1738621673002334,1.0,0.0,0.6767068273092369,0.0,0.8380281690140845,0.0,0.918932527693857,0.0,0.9593844601412714,0.0
NIFTY50,42,QuantGAN,19,0.17718248336443398,3.242249835151869,3.1738621673002334,1.0,0.0,0.6746987951807228,0.0,0.8370221327967807,0.0,0.918429003021148,0.0,0.9591321897073662,0.0
NIFTY50,42,GJR-GARCH,0,0.12529383589445398,3.0634127336145553,3.1738621673002334,1.0,0.0,1.0,0.0,1.0,0.0,1.0,0.0,1.0,0.0
NIFTY50,42,GJR-GARCH,1,0.12692867788549878,3.1478318121305966,3.1738621673002334,1.0,0.0,1.0,0.0,1.0,0.0,1.0,0.0,1.0,0.0
NIFTY50,42,GJR-GARCH,2,0.18866260707253057,3.2836371383864864,3.1738621673002334,0.5,1.0,0.6345381526104418,0.0,0.8169014084507042,0.0,0.9083585095669687,0.0,0.9540867810292634,0.0
NIFTY50,42,GJR-GARCH,3,0.17942501527846888,3.4105954928948035,3.1738621673002334,1.0,0.0,0.6666666666666666,0.0,0.8329979879275654,0.0,0.9164149043303121,0.0,0.9581231079717457,0.0
NIFTY50,42,GJR-GARCH,4,0.24754883330510413,3.41102575496372,3.1738621673002334,0.5,1.0,0.4959839357429719,0.0,0.7474849094567404,0.0,0.8736153071500503,0.0,0.9366801210898082,0.0
NIFTY50,42,GJR-GARCH,5,0.14944551174848053,3.1380102011340103,3.1738621673002334,1.0,0.0,0.8714859437751004,0.0,0.9356136820925554,0.0,0.9677744209466264,0.0,0.9838546922300706,0.0
NIFTY50,42,GJR-GARCH,6,0.12993577031675008,3.017842991365098,3.1738621673002334,1.0,0.0,1.0,0.0,1.0,0.0,1.0,0.0,1.0,0.0
NIFTY50,42,GJR-GARCH,7,0.19249058812291864,3.0883040873227032,3.1738621673002334,0.5,1.0,0.6285140562248996,0.0,0.8138832997987927,0.0,0.9068479355488419,0.0,0.9533299697275479,0.0
NIFTY50,42,GJR-GARCH,8,0.19229586036168267,3.1682605057034032,3.1738621673002334,0.5,1.0,0.6285140562248996,0.0,0.8138832997987927,0.0,0.9068479355488419,0.0,0.9533299697275479,0.0
NIFTY50,42,GJR-GARCH,9,0.13269136604535925,3.1618067590828303,3.1738621673002334,1.0,0.0,1.0,0.0,1.0,0.0,1.0,0.0,1.0,0.0
NIFTY50,42,GJR-GARCH,10,0.2344815625648511,3.17987539315987,3.1738621673002334,0.5,1.0,0.5261044176706827,0.0,0.7625754527162978,0.0,0.8811681772406847,0.0,0.9404641775983855,0.0
NIFTY50,42,GJR-GARCH,11,0.14363819721900772,3.1904588023285205,3.1738621673002334,1.0,0.0,0.9116465863453815,0.0,0.9557344064386318,0.0,0.9778449144008057,0.0,0.9889001009081736,0.0
NIFTY50,42,GJR-GARCH,12,0.14406159472337032,3.1995458587937256,3.1738621673002334,1.0,0.0,0.9076305220883534,0.0,0.9537223340040242,0.0,0.9768378650553877,0.0,0.9883955600403632,0.0
NIFTY50,42,GJR-GARCH,13,0.1776925586918099,3.2685123873002757,3.1738621673002334,1.0,0.0,0.6746987951807228,0.0,0.8370221327967807,0.0,0.918429003021148,0.0,0.9591321897073662,0.0
NIFTY50,42,GJR-GARCH,14,0.1624478042405315,3.2327693698137385,3.1738621673002334,1.0,0.0,0.7570281124497992,0.0,0.8782696177062375,0.0,0.9390735146022156,0.0,0.9694752774974773,0.0
NIFTY50,42,GJR-GARCH,15,0.11067790575134362,3.1704829797475353,3.1738621673002334,1.0,0.0,1.0,0.0,1.0,0.0,1.0,0.0,1.0,0.0
NIFTY50,42,GJR-GARCH,16,0.18463025019337187,3.2598672411375027,3.1738621673002334,1.0,0.0,0.6445783132530121,0.0,0.8219315895372233,0.0,0.9108761329305136,0.0,0.9553481331987891,0.0
NIFTY50,42,GJR-GARCH,17,0.1497948307595378,3.1039864347582067,3.1738621673002334,1.0,0.0,0.8674698795180723,0.0,0.9336016096579477,0.0,0.9667673716012085,0.0,0.9833501513622603,0.0
NIFTY50,42,GJR-GARCH,18,0.19342525537465716,2.992582355057673,3.1738621673002334,0.5,1.0,0.6265060240963856,0.0,0.8128772635814889,0.0,0.9063444108761329,0.0,0.9530776992936428,0.0
NIFTY50,42,GJR-GARCH,19,0.1963766659302426,3.144330803198663,3.1738621673002334,0.5,1.0,0.6204819277108434,0.0,0.8098591549295775,0.0,0.904833836858006,0.0,0.9523208879919274,0.0
NIFTY50,42,CNN-WGAN-GP,0,0.24660824329912656,3.3336033290881537,3.1738621673002334,0.5,1.0,0.4979919678714859,0.0,0.7484909456740443,0.0,0.8741188318227593,0.0,0.9369323915237134,0.0
NIFTY50,42,CNN-WGAN-GP,1,0.15391830211210222,2.9193261910697017,3.1738621673002334,1.0,0.0,0.8373493975903614,0.0,0.9185110663983903,0.0,0.959214501510574,0.0,0.9795660948536832,0.0
NIFTY50,42,CNN-WGAN-GP,2,0.21036136313523102,3.0900385171118314,3.1738621673002334,0.5,1.0,0.5883534136546185,0.0,0.7937625754527163,0.0,0.8967774420946626,0.0,0.948284561049445,0.0
NIFTY50,42,CNN-WGAN-GP,3,0.1998235984159915,3.0076324736026057,3.1738621673002334,0.5,1.0,0.6144578313253012,0.0,0.806841046277666,0.0,0.9033232628398792,0.0,0.9515640766902119,0.0
NIFTY50,42,CNN-WGAN-GP,4,0.19437589142948974,3.031760695084122,3.1738621673002334,0.5,1.0,0.6244979919678715,0.0,0.8118712273641852,0.0,0.905840886203424,0.0,0.9528254288597376,0.0
NIFTY50,42,CNN-WGAN-GP,5,0.15452340195796999,3.2054595341613035,3.1738621673002334,1.0,0.0,0.8333333333333334,0.0,0.9164989939637826,0.0,0.9582074521651561,0.0,0.9790615539858728,0.0
NIFTY50,42,CNN-WGAN-GP,6,0.15957307570278,3.0567866047096444,3.1738621673002334,1.0,0.0,0.7811244979919679,0.0,0.8903420523138833,0.0,0.9451158106747231,0.0,0.972502522704339,0.0
NIFTY50,42,CNN-WGAN-GP,7,0.1766461120903844,3.205153938827205,3.1738621673002334,1.0,0.0,0.678714859437751,0.0,0.8390342052313883,0.0,0.919436052366566,0.0,0.9596367305751766,0.0
NIFTY50,42,CNN-WGAN-GP,8,0.23257527918192,3.1629069508893104,3.1738621673002334,0.5,1.0,0.5301204819277109,0.0,0.7645875251509054,0.0,0.8821752265861027,0.0,0.9409687184661958,0.0
NIFTY50,42,CNN-WGAN-GP,9,0.16211041099993517,3.1975170478305186,3.1738621673002334,1.0,0.0,0.7590361445783133,0.0,0.8792756539235412,0.0,0.9395770392749244,0.0,0.9697275479313825,0.0
NIFTY50,42,CNN-WGAN-GP,10,0.1446510404175143,3.0716526922107272,3.1738621673002334,1.0,0.0,0.9036144578313253,0.0,0.9517102615694165,0.0,0.9758308157099698,0.0,0.987891019172553,0.0
NIFTY50,42,CNN-WGAN-GP,11,0.14324419963964963,3.134838758216945,3.1738621673002334,1.0,0.0,0.9136546184738956,0.0,0.9567404426559356,0.0,0.9783484390735147,0.0,0.9891523713420787,0.0
NIFTY50,42,CNN-WGAN-GP,12,0.20184746947763155,3.2514604544652728,3.1738621673002334,0.5,1.0,0.6104417670682731,0.0,0.8048289738430584,0.0,0.9023162134944612,0.0,0.9510595358224017,0.0
NIFTY50,42,CNN-WGAN-GP,13,0.19026132477071478,3.1191414938514006,3.1738621673002334,0.5,1.0,0.6325301204819277,0.0,0.8158953722334004,0.0,0.9078549848942599,0.0,0.9538345105953582,0.0
NIFTY50,42,CNN-WGAN-GP,14,0.32967983852467664,3.226107862971227,3.1738621673002334,0.5,1.0,0.36947791164658633,0.0,0.5362173038229376,0.0,0.26837865055387716,0.0,0.30373360242179614,0.0
NIFTY50,42,CNN-WGAN-GP,15,0.22713596701121874,3.559709796889953,3.1738621673002334,0.5,1.0,0.5421686746987951,0.0,0.7706237424547284,0.0,0.8851963746223565,0.0,0.9424823410696267,0.0
NIFTY50,42,CNN-WGAN-GP,16,0.24714121412264856,3.3142853176496696,3.1738621673002334,0.5,1.0,0.4959839357429719,0.0,0.7474849094567404,0.0,0.8736153071500503,0.0,0.9366801210898082,0.0
NIFTY50,42,CNN-WGAN-GP,17,0.2667772138354545,3.294101721075217,3.1738621673002334,0.5,1.0,0.4598393574297189,0.0,0.7293762575452716,0.0,0.8645518630412891,0.0,0.9321392532795156,0.0
NIFTY50,42,CNN-WGAN-GP,18,0.17424937676226082,3.2289367097232793,3.1738621673002334,1.0,0.0,0.6887550200803213,0.0,0.8440643863179075,0.0,0.9219536757301108,0.0,0.9608980827447023,0.0
NIFTY50,42,CNN-WGAN-GP,19,0.2614825910436005,3.2637049887776075,3.1738621673002334,0.5,1.0,0.46987951807228917,0.0,0.7344064386317908,0.0,0.8670694864048338,0.0,0.9334006054490414,0.0
NIFTY50,42,CONTROL: shuffled real,0,0.14520941902445084,3.069901843097453,3.1738621673002334,1.0,0.0,0.8995983935742972,0.0,0.9496981891348089,0.0,0.9748237663645518,0.0,0.9873864783047427,0.0
NIFTY50,42,CONTROL: shuffled real,1,0.13067235162365298,3.007357831147361,3.1738621673002334,1.0,0.0,1.0,0.0,1.0,0.0,1.0,0.0,1.0,0.0
NIFTY50,42,CONTROL: shuffled real,2,0.1716777065694426,3.039557566994915,3.1738621673002334,1.0,0.0,0.7048192771084337,0.0,0.852112676056338,0.0,0.9259818731117825,0.0,0.9629162462159435,0.0
NIFTY50,42,CONTROL: shuffled real,3,0.1655000174073562,2.9663192316971654,3.1738621673002334,1.0,0.0,0.7389558232931727,0.0,0.869215291750503,0.0,0.9345417925478349,0.0,0.9672048435923309,0.0
NIFTY50,42,CONTROL: shuffled real,4,0.17625944994698073,3.114332267920465,3.1738621673002334,1.0,0.0,0.6807228915662651,0.0,0.8400402414486922,0.0,0.9199395770392749,0.0,0.9598890010090817,0.0
NIFTY50,42,CONTROL: shuffled real,5,0.16847065710341824,2.9697272503969754,3.1738621673002334,1.0,0.0,0.7228915662650602,0.0,0.8611670020120724,0.0,0.9305135951661632,0.0,0.9651866801210898,0.0
NIFTY50,42,CONTROL: shuffled real,6,0.1247801949263545,2.979234305415096,3.1738621673002334,1.0,0.0,1.0,0.0,1.0,0.0,1.0,0.0,1.0,0.0
NIFTY50,42,CONTROL: shuffled real,7,0.19728785144357763,2.997987528294357,3.1738621673002334,0.5,1.0,0.6184738955823293,0.0,0.8088531187122736,0.0,0.904330312185297,0.0,0.9520686175580222,0.0
NIFTY50,42,CONTROL: shuffled real,8,0.1583852552791556,2.945085158747224,3.1738621673002334,1.0,0.0,0.7931726907630522,0.0,0.8963782696177063,0.0,0.9481369587109768,0.0,0.9740161453077699,0.0
NIFTY50,42,CONTROL: shuffled real,9,0.17758876757878417,2.9893930946984044,3.1738621673002334,1.0,0.0,0.6746987951807228,0.0,0.8370221327967807,0.0,0.918429003021148,0.0,0.9591321897073662,0.0
NIFTY50,42,CONTROL: shuffled real,10,0.12690195563165152,3.013297208271381,3.1738621673002334,1.0,0.0,1.0,0.0,1.0,0.0,1.0,0.0,1.0,0.0
NIFTY50,42,CONTROL: shuffled real,11,0.16234576574873838,3.035484828096457,3.1738621673002334,1.0,0.0,0.7570281124497992,0.0,0.8782696177062375,0.0,0.9390735146022156,0.0,0.9694752774974773,0.0
NIFTY50,42,CONTROL: shuffled real,12,0.17783800247956827,3.0409006238596343,3.1738621673002334,1.0,0.0,0.6726907630522089,0.0,0.8360160965794768,0.0,0.9179254783484391,0.0,0.9588799192734612,0.0
NIFTY50,42,CONTROL: shuffled real,13,0.19082216482868075,3.0051431415810095,3.1738621673002334,0.5,1.0,0.6305220883534136,0.0,0.8148893360160966,0.0,0.9073514602215509,0.0,0.9535822401614531,0.0
NIFTY50,42,CONTROL: shuffled real,14,0.16678272411033745,3.1298997290464112,3.1738621673002334,1.0,0.0,0.7309236947791165,0.0,0.8651911468812877,0.0,0.932527693856999,0.0,0.9661957618567104,0.0
NIFTY50,42,CONTROL: shuffled real,15,0.15826433413074548,3.00242661350001,3.1738621673002334,1.0,0.0,0.7971887550200804,0.0,0.8983903420523138,0.0,0.9491440080563948,0.0,0.9745206861755802,0.0
NIFTY50,42,CONTROL: shuffled real,16,0.1391487728398917,3.0177201745770876,3.1738621673002334,1.0,0.0,1.0,0.0,1.0,0.0,1.0,0.0,1.0,0.0
NIFTY50,42,CONTROL: shuffled real,17,0.16337577990452434,2.9443331267288055,3.1738621673002334,1.0,0.0,0.751004016064257,0.0,0.8752515090543259,0.0,0.9375629405840886,0.0,0.9687184661957619,0.0
NIFTY50,42,CONTROL: shuffled real,18,0.16268458229863803,3.1237918466361854,3.1738621673002334,1.0,0.0,0.7550200803212851,0.0,0.8772635814889336,0.0,0.9385699899295066,0.0,0.9692230070635721,0.0
NIFTY50,42,CONTROL: shuffled real,19,0.16885040387601813,3.029081584591501,3.1738621673002334,1.0,0.0,0.7188755020080321,0.0,0.8591549295774648,0.0,0.9295065458207452,0.0,0.9646821392532795,0.0
NIFTY50,43,TimeGAN,0,0.1971039548814777,3.190668230151808,3.1738621673002334,0.5,1.0,0.6204819277108434,0.0,0.8098591549295775,0.0,0.904833836858006,0.0,0.9523208879919274,0.0
NIFTY50,43,TimeGAN,1,0.25250390054531024,3.1491609934708005,3.1738621673002334,0.5,1.0,0.4859437751004016,0.0,0.7424547283702213,0.0,0.8710976837865055,0.0,0.9354187689202825,0.0
NIFTY50,43,TimeGAN,2,0.16897985809241178,3.1813505511828883,3.1738621673002334,1.0,0.0,0.7188755020080321,0.0,0.8591549295774648,0.0,0.9295065458207452,0.0,0.9646821392532795,0.0
NIFTY50,43,TimeGAN,3,0.24049340061191282,3.080343697771542,3.1738621673002334,0.5,1.0,0.5100401606425703,0.0,0.7545271629778671,0.0,0.877139979859013,0.0,0.9384460141271443,0.0
NIFTY50,43,TimeGAN,4,0.2663371427236967,3.1934807430476226,3.1738621673002334,0.5,1.0,0.46184738955823296,0.0,0.7303822937625755,0.0,0.865055387713998,0.0,0.9323915237134208,0.0
NIFTY50,43,TimeGAN,5,0.2389450146322869,3.1883299044164954,3.1738621673002334,0.5,1.0,0.5140562248995983,0.0,0.7565392354124748,0.0,0.878147029204431,0.0,0.9389505549949546,0.0
NIFTY50,43,TimeGAN,6,0.2342292341677248,3.2087900335258146,3.1738621673002334,0.5,1.0,0.5261044176706827,0.0,0.7625754527162978,0.0,0.8811681772406847,0.0,0.9404641775983855,0.0
NIFTY50,43,TimeGAN,7,0.15573678621111164,3.1245671269125874,3.1738621673002334,1.0,0.0,0.8232931726907631,0.0,0.9114688128772636,0.0,0.9556898288016112,0.0,0.9778002018163471,0.0
NIFTY50,43,TimeGAN,8,0.2532626870230912,3.205464274055205,3.1738621673002334,0.5,1.0,0.4859437751004016,0.0,0.7424547283702213,0.0,0.8710976837865055,0.0,0.9354187689202825,0.0
NIFTY50,43,TimeGAN,9,0.1708021123598238,3.14898248049826,3.1738621673002334,1.0,0.0,0.7088353413654619,0.0,0.8541247484909457,0.0,0.9269889224572004,0.0,0.9634207870837538,0.0
NIFTY50,43,TimeGAN,10,0.21696534647244192,3.16047342468907,3.1738621673002334,0.5,1.0,0.570281124497992,0.0,0.7847082494969819,0.0,0.892245720040282,0.0,0.9460141271442987,0.0
NIFTY50,43,TimeGAN,11,0.22760857232981913,3.110197483405175,3.1738621673002334,0.5,1.0,0.5421686746987951,0.0,0.7706237424547284,0.0,0.8851963746223565,0.0,0.9424823410696267,0.0
NIFTY50,43,TimeGAN,12,0.1673198438065011,3.231065191550256,3.1738621673002334,1.0,0.0,0.7289156626506024,0.0,0.864185110663984,0.0,0.93202416918429,0.0,0.9659434914228052,0.0
NIFTY50,43,TimeGAN,13,0.2149043047382153,3.102061777430335,3.1738621673002334,0.5,1.0,0.5763052208835341,0.0,0.7877263581488934,0.0,0.8937562940584088,0.0,0.9467709384460141,0.0
NIFTY50,43,TimeGAN,14,0.22964269790426783,3.1408648269642145,3.1738621673002334,0.5,1.0,0.536144578313253,0.0,0.7676056338028169,0.0,0.8836858006042296,0.0,0.9417255297679112,0.0
NIFTY50,43,TimeGAN,15,0.31525329958991066,3.1535239115868086,3.1738621673002334,0.5,1.0,0.3855421686746988,0.0,0.5865191146881288,0.0,0.43152064451158106,0.0,0.4858728557013118,0.0
NIFTY50,43,TimeGAN,16,0.1410578917756531,3.015024006783681,3.1738621673002334,1.0,0.0,0.9538152610441767,0.0,0.9768611670020121,0.0,0.9884189325276939,0.0,0.9941977800201817,0.0
NIFTY50,43,TimeGAN,17,0.21916440971831386,3.2016390186141495,3.1738621673002334,0.5,1.0,0.5642570281124498,0.0,0.7816901408450704,0.0,0.8907351460221551,0.0,0.9452573158425832,0.0
NIFTY50,43,TimeGAN,18,0.23094325240704028,3.119343262105242,3.1738621673002334,0.5,1.0,0.5341365461847389,0.0,0.7665995975855131,0.0,0.8831822759315207,0.0,0.941473259334006,0.0
NIFTY50,43,TimeGAN,19,0.22090986217116182,3.07919027170765,3.1738621673002334,0.5,1.0,0.5582329317269076,0.0,0.778672032193159,0.0,0.8892245720040282,0.0,0.9445005045408678,0.0
NIFTY50,43,GARCH,0,0.14842520741136012,3.0554732983226436,3.1738621673002334,1.0,0.0,0.8775100401606426,0.0,0.9386317907444668,0.0,0.9692849949647533,0.0,0.9846115035317861,0.0
NIFTY50,43,GARCH,1,0.22360962069599233,3.1632858875709196,3.1738621673002334,0.5,1.0,0.5522088353413654,0.0,0.7756539235412475,0.0,0.8877139979859013,0.0,0.9437436932391524,0.0
NIFTY50,43,GARCH,2,0.23169888328219646,3.271328447549332,3.1738621673002334,0.5,1.0,0.5321285140562249,0.0,0.7655935613682092,0.0,0.8826787512588117,0.0,0.9412209889001009,0.0
NIFTY50,43,GARCH,3,0.2387468548517222,3.3301953552409205,3.1738621673002334,0.5,1.0,0.5160642570281124,0.0,0.7575452716297787,0.0,0.87865055387714,0.0,0.9392028254288597,0.0
NIFTY50,43,GARCH,4,0.2290774388687007,3.1003699297121914,3.1738621673002334,0.5,1.0,0.5381526104417671,0.0,0.7686116700201208,0.0,0.8841893252769386,0.0,0.9419778002018163,0.0
NIFTY50,43,GARCH,5,0.3082671579850754,3.4404713326974674,3.1738621673002334,0.5,1.0,0.39357429718875503,0.0,0.6730382293762576,0.0,0.5166163141993958,0.0,0.5978809283551968,0.0
NIFTY50,43,GARCH,6,0.1789622830352442,3.183093654556743,3.1738621673002334,1.0,0.0,0.6666666666666666,0.0,0.8329979879275654,0.0,0.9164149043303121,0.0,0.9581231079717457,0.0
NIFTY50,43,GARCH,7,0.6866053229772703,3.840588257986668,3.1738621673002334,0.5,1.0,0.05421686746987952,0.0,0.11066398390342053,0.0,0.0553877139979859,0.0,0.027749747729566093,0.0
NIFTY50,43,GARCH,8,0.22090326165251462,3.3039150186639072,3.1738621673002334,0.5,1.0,0.5582329317269076,0.0,0.778672032193159,0.0,0.8892245720040282,0.0,0.9445005045408678,0.0
NIFTY50,43,GARCH,9,0.15630327615647954,3.1005567977290167,3.1738621673002334,1.0,0.0,0.8172690763052208,0.0,0.9084507042253521,0.0,0.9541792547834844,0.0,0.9770433905146317,0.0
NIFTY50,43,GARCH,10,0.1211223713522167,3.0826682019371594,3.1738621673002334,1.0,0.0,1.0,0.0,1.0,0.0,1.0,0.0,1.0,0.0
NIFTY50,43,GARCH,11,0.14831546564911546,3.0965289160501226,3.1738621673002334,1.0,0.0,0.8775100401606426,0.0,0.9386317907444668,0.0,0.9692849949647533,0.0,0.9846115035317861,0.0
NIFTY50,43,GARCH,12,0.1336943405567823,3.266355811308743,3.1738621673002334,1.0,0.0,1.0,0.0,1.0,0.0,1.0,0.0,1.0,0.0
NIFTY50,43,GARCH,13,0.14048817973761452,3.2368905138574515,3.1738621673002334,1.0,0.0,0.9718875502008032,0.0,0.9859154929577465,0.0,0.9929506545820745,0.0,0.9964682139253279,0.0
NIFTY50,43,GARCH,14,0.2541875893502905,3.2967478829193415,3.1738621673002334,0.5,1.0,0.4839357429718876,0.0,0.7414486921529175,0.0,0.8705941591137966,0.0,0.9351664984863775,0.0
NIFTY50,43,GARCH,15,0.17664165562880907,3.1485262005188734,3.1738621673002334,1.0,0.0,0.678714859437751,0.0,0.8390342052313883,0.0,0.919436052366566,0.0,0.9596367305751766,0.0
NIFTY50,43,GARCH,16,0.13983264159471798,3.153894354377928,3.1738621673002334,1.0,0.0,0.9919678714859438,0.0,0.9959758551307847,0.0,0.9979859013091642,0.0,0.9989909182643795,0.0
NIFTY50,43,GARCH,17,0.11396291783456625,3.1552657963124755,3.1738621673002334,1.0,0.0,1.0,0.0,1.0,0.0,1.0,0.0,1.0,0.0
NIFTY50,43,GARCH,18,0.31454067844577405,3.501304748796765,3.1738621673002334,0.5,1.0,0.3855421686746988,0.0,0.5885311871227364,0.0,0.44108761329305135,0.0,0.4967204843592331,0.0
NIFTY50,43,GARCH,19,0.22568748300512054,3.3356822985478485,3.1738621673002334,0.5,1.0,0.5461847389558233,0.0,0.772635814889336,0.0,0.8862034239677744,0.0,0.942986881937437,0.0
NIFTY50,43,QuantGAN,0,0.1876864519972441,3.182801802821113,3.1738621673002334,0.5,1.0,0.6365461847389559,0.0,0.817907444668008,0.0,0.9088620342396777,0.0,0.9543390514631686,0.0
NIFTY50,43,QuantGAN,1,0.1307984376335838,3.1468815919856565,3.1738621673002334,1.0,0.0,1.0,0.0,1.0,0.0,1.0,0.0,1.0,0.0
NIFTY50,43,QuantGAN,2,0.2910309277390122,3.3178706957494537,3.1738621673002334,0.5,1.0,0.42168674698795183,0.0,0.710261569416499,0.0,0.756797583081571,0.0,0.8632694248234107,0.0
NIFTY50,43,QuantGAN,3,0.13281550600852166,3.1836731192416283,3.1738621673002334,1.0,0.0,1.0,0.0,1.0,0.0,1.0,0.0,1.0,0.0
NIFTY50,43,QuantGAN,4,0.16957520812872073,3.1799659744595212,3.1738621673002334,1.0,0.0,0.714859437751004,0.0,0.8571428571428571,0.0,0.9284994964753273,0.0,0.9641775983854692,0.0
NIFTY50,43,QuantGAN,5,0.2776174213244844,3.356871594608969,3.1738621673002334,0.5,1.0,0.44176706827309237,0.0,0.7203219315895373,0.0,0.8031218529707955,0.0,0.9013622603430878,0.0
NIFTY50,43,QuantGAN,6,0.13691144819308043,3.289722762814909,3.1738621673002334,1.0,0.0,1.0,0.0,1.0,0.0,1.0,0.0,1.0,0.0
NIFTY50,43,QuantGAN,7,0.24115206168812175,3.3781841613185453,3.1738621673002334,0.5,1.0,0.5100401606425703,0.0,0.7545271629778671,0.0,0.877139979859013,0.0,0.9384460141271443,0.0
NIFTY50,43,QuantGAN,8,0.16066305094270472,3.2888050405767735,3.1738621673002334,1.0,0.0,0.7710843373493976,0.0,0.8853118712273642,0.0,0.9425981873111783,0.0,0.9712411705348133,0.0
NIFTY50,43,QuantGAN,9,0.22397610974274995,3.1856793263275223,3.1738621673002334,0.5,1.0,0.5502008032128514,0.0,0.7746478873239436,0.0,0.8872104733131924,0.0,0.9434914228052472,0.0
NIFTY50,43,QuantGAN,10,0.10250271697266089,3.0598667796116303,3.1738621673002334,1.0,0.0,1.0,0.0,1.0,0.0,1.0,0.0,1.0,0.0
NIFTY50,43,QuantGAN,11,0.3030454983601538,3.3897863317364028,3.1738621673002334,0.5,1.0,0.40160642570281124,0.0,0.7002012072434608,0.0,0.5780463242698892,0.0,0.700050454086781,0.0
NIFTY50,43,QuantGAN,12,0.20219527036866647,3.269881901586889,3.1738621673002334,0.5,1.0,0.6104417670682731,0.0,0.8048289738430584,0.0,0.9023162134944612,0.0,0.9510595358224017,0.0
NIFTY50,43,QuantGAN,13,0.15970198234636124,3.206754756416992,3.1738621673002334,1.0,0.0,0.7791164658634538,0.0,0.8893360160965795,0.0,0.9446122860020141,0.0,0.9722502522704339,0.0
NIFTY50,43,QuantGAN,14,0.19551868833581265,3.2918316690121276,3.1738621673002334,0.5,1.0,0.6224899598393574,0.0,0.8108651911468813,0.0,0.905337361530715,0.0,0.9525731584258325,0.0
NIFTY50,43,QuantGAN,15,0.22957175375442396,3.304966311351633,3.1738621673002334,0.5,1.0,0.5381526104417671,0.0,0.7686116700201208,0.0,0.8841893252769386,0.0,0.9419778002018163,0.0
NIFTY50,43,QuantGAN,16,0.20203573379722561,3.3758156089013296,3.1738621673002334,0.5,1.0,0.6104417670682731,0.0,0.8048289738430584,0.0,0.9023162134944612,0.0,0.9510595358224017,0.0
NIFTY50,43,QuantGAN,17,0.3410744467749982,3.4128421066269596,3.1738621673002334,0.5,1.0,0.357429718875502,0.0,0.5120724346076458,0.0,0.25629405840886205,0.0,0.24167507568113017,0.0
NIFTY50,43,QuantGAN,18,0.21936274777010212,3.3308484835466454,3.1738621673002334,0.5,1.0,0.5622489959839357,0.0,0.7806841046277666,0.0,0.8902316213494461,0.0,0.9450050454086781,0.0
NIFTY50,43,QuantGAN,19,0.4931500691166635,3.557222682768247,3.1738621673002334,0.5,1.0,0.22088353413654618,0.0,0.3148893360160966,0.0,0.15760322255790535,0.0,0.0789606458123108,0.0
NIFTY50,43,GJR-GARCH,0,0.13516893086748327,3.095206436026946,3.1738621673002334,1.0,0.0,1.0,0.0,1.0,0.0,1.0,0.0,1.0,0.0
NIFTY50,43,GJR-GARCH,1,0.16200898961085386,3.1022667172219256,3.1738621673002334,1.0,0.0,0.7610441767068273,0.0,0.8802816901408451,0.0,0.9400805639476334,0.0,0.9699798183652876,0.0
NIFTY50,43,GJR-GARCH,2,0.19364116485928728,3.123785471429982,3.1738621673002334,0.5,1.0,0.6265060240963856,0.0,0.8128772635814889,0.0,0.9063444108761329,0.0,0.9530776992936428,0.0
NIFTY50,43,GJR-GARCH,3,0.19360043667327242,3.1200219526577144,3.1738621673002334,0.5,1.0,0.6265060240963856,0.0,0.8128772635814889,0.0,0.9063444108761329,0.0,0.9530776992936428,0.0
NIFTY50,43,GJR-GARCH,4,0.1391429978565859,3.156804694646974,3.1738621673002334,1.0,0.0,1.0,0.0,1.0,0.0,1.0,0.0,1.0,0.0
NIFTY50,43,GJR-GARCH,5,0.3440708191675409,3.4636839632036516,3.1738621673002334,0.5,1.0,0.35542168674698793,0.0,0.5070422535211268,0.0,0.2537764350453172,0.0,0.22250252270433904,0.0
NIFTY50,43,GJR-GARCH,6,0.10987933406096673,3.1868854872038814,3.1738621673002334,1.0,0.0,1.0,0.0,1.0,0.0,1.0,0.0,1.0,0.0
NIFTY50,43,GJR-GARCH,7,0.4580390227567891,3.5054192060994596,3.1738621673002334,0.5,1.0,0.25100401606425704,0.0,0.35110663983903423,0.0,0.175730110775428,0.0,0.08804238143289607,0.0
NIFTY50,43,GJR-GARCH,8,0.21124275762598388,3.2896277160682508,3.1738621673002334,0.5,1.0,0.5863453815261044,0.0,0.7927565392354124,0.0,0.8962739174219537,0.0,0.9480322906155398,0.0
NIFTY50,43,GJR-GARCH,9,0.16297188410115782,3.121721593680379,3.1738621673002334,1.0,0.0,0.7550200803212851,0.0,0.8772635814889336,0.0,0.9385699899295066,0.0,0.9692230070635721,0.0
NIFTY50,43,GJR-GARCH,10,0.10307562159442685,3.063351530491004,3.1738621673002334,1.0,0.0,1.0,0.0,1.0,0.0,1.0,0.0,1.0,0.0
NIFTY50,43,GJR-GARCH,11,0.17004807529111798,2.9760883223731422,3.1738621673002334,1.0,0.0,0.7128514056224899,0.0,0.8561368209255533,0.0,0.9279959718026183,0.0,0.963925327951564,0.0
NIFTY50,43,GJR-GARCH,12,0.1481365141452704,3.1134978163736857,3.1738621673002334,1.0,0.0,0.8775100401606426,0.0,0.9386317907444668,0.0,0.9692849949647533,0.0,0.9846115035317861,0.0
NIFTY50,43,GJR-GARCH,13,0.14050028744422782,3.1464672058714545,3.1738621673002334,1.0,0.0,0.9718875502008032,0.0,0.9859154929577465,0.0,0.9929506545820745,0.0,0.9964682139253279,0.0
NIFTY50,43,GJR-GARCH,14,0.21478370333341412,3.3935252342768645,3.1738621673002334,0.5,1.0,0.5763052208835341,0.0,0.7877263581488934,0.0,0.8937562940584088,0.0,0.9467709384460141,0.0
NIFTY50,43,GJR-GARCH,15,0.18346250184533264,3.1040502306811475,3.1738621673002334,1.0,0.0,0.6485943775100401,0.0,0.823943661971831,0.0,0.9118831822759316,0.0,0.9558526740665994,0.0
NIFTY50,43,GJR-GARCH,16,0.11978096295299046,3.150042761114321,3.1738621673002334,1.0,0.0,1.0,0.0,1.0,0.0,1.0,0.0,1.0,0.0
NIFTY50,43,GJR-GARCH,17,0.10562953492599725,3.116887098750425,3.1738621673002334,1.0,0.0,1.0,0.0,1.0,0.0,1.0,0.0,1.0,0.0
NIFTY50,43,GJR-GARCH,18,0.16296553294677496,3.081397329357637,3.1738621673002334,1.0,0.0,0.7550200803212851,0.0,0.8772635814889336,0.0,0.9385699899295066,0.0,0.9692230070635721,0.0
NIFTY50,43,GJR-GARCH,19,0.20712625583835464,3.217732000939692,3.1738621673002334,0.5,1.0,0.5983935742971888,0.0,0.7987927565392354,0.0,0.8992950654582075,0.0,0.9495459132189707,0.0
NIFTY50,43,CNN-WGAN-GP,0,0.19027255482401229,3.2614893656192865,3.1738621673002334,0.5,1.0,0.6325301204819277,0.0,0.8158953722334004,0.0,0.9078549848942599,0.0,0.9538345105953582,0.0
NIFTY50,43,CNN-WGAN-GP,1,0.12251265142403045,3.199501347678262,3.1738621673002334,1.0,0.0,1.0,0.0,1.0,0.0,1.0,0.0,1.0,0.0
NIFTY50,43,CNN-WGAN-GP,2,0.16351716504094838,3.236094749775063,3.1738621673002334,1.0,0.0,0.751004016064257,0.0,0.8752515090543259,0.0,0.9375629405840886,0.0,0.9687184661957619,0.0
NIFTY50,43,CNN-WGAN-GP,3,0.1844125033655284,3.2198097012246554,3.1738621673002334,1.0,0.0,0.6445783132530121,0.0,0.8219315895372233,0.0,0.9108761329305136,0.0,0.9553481331987891,0.0
NIFTY50,43,CNN-WGAN-GP,4,0.12808895948864074,3.0946248881279383,3.1738621673002334,1.0,0.0,1.0,0.0,1.0,0.0,1.0,0.0,1.0,0.0
NIFTY50,43,CNN-WGAN-GP,5,0.16091763448115604,3.2546574389338367,3.1738621673002334,1.0,0.0,0.7670682730923695,0.0,0.8832997987927566,0.0,0.9415911379657603,0.0,0.970736629667003,0.0
NIFTY50,43,CNN-WGAN-GP,6,0.2333712155853671,3.2877918619313427,3.1738621673002334,0.5,1.0,0.5281124497991968,0.0,0.7635814889336016,0.0,0.8816717019133937,0.0,0.9407164480322906,0.0
NIFTY50,43,CNN-WGAN-GP,7,0.15914357863158957,3.0855141621246513,3.1738621673002334,1.0,0.0,0.7871485943775101,0.0,0.8933601609657947,0.0,0.94662638469285,0.0,0.9732593340060545,0.0
NIFTY50,43,CNN-WGAN-GP,8,0.15954891019110518,3.130153031539344,3.1738621673002334,1.0,0.0,0.7811244979919679,0.0,0.8903420523138833,0.0,0.9451158106747231,0.0,0.972502522704339,0.0
NIFTY50,43,CNN-WGAN-GP,9,0.18197400870944436,3.2263992832583126,3.1738621673002334,1.0,0.0,0.6546184738955824,0.0,0.8269617706237424,0.0,0.9133937562940584,0.0,0.9566094853683148,0.0
NIFTY50,43,CNN-WGAN-GP,10,0.15681338851692583,3.127885798596535,3.1738621673002334,1.0,0.0,0.8152610441767069,0.0,0.9074446680080482,0.0,0.9536757301107754,0.0,0.9767911200807265,0.0
NIFTY50,43,CNN-WGAN-GP,11,0.15020211240114345,3.01714667878779,3.1738621673002334,1.0,0.0,0.8674698795180723,0.0,0.9336016096579477,0.0,0.9667673716012085,0.0,0.9833501513622603,0.0
NIFTY50,43,CNN-WGAN-GP,12,0.24441530469198236,3.321033623802663,3.1738621673002334,0.5,1.0,0.5020080321285141,0.0,0.7505030181086519,0.0,0.8751258811681772,0.0,0.9374369323915237,0.0
NIFTY50,43,CNN-WGAN-GP,13,0.15017425972225706,3.2380020494229083,3.1738621673002334,1.0,0.0,0.8674698795180723,0.0,0.9336016096579477,0.0,0.9667673716012085,0.0,0.9833501513622603,0.0
NIFTY50,43,CNN-WGAN-GP,14,0.20123239672741078,3.116180248463871,3.1738621673002334,0.5,1.0,0.6104417670682731,0.0,0.8048289738430584,0.0,0.9023162134944612,0.0,0.9510595358224017,0.0
NIFTY50,43,CNN-WGAN-GP,15,0.25149028696693865,3.067379053893418,3.1738621673002334,0.5,1.0,0.4879518072289157,0.0,0.7434607645875252,0.0,0.8716012084592145,0.0,0.9356710393541877,0.0
NIFTY50,43,CNN-WGAN-GP,16,0.1236366112364169,3.249927547460438,3.1738621673002334,1.0,0.0,1.0,0.0,1.0,0.0,1.0,0.0,1.0,0.0
NIFTY50,43,CNN-WGAN-GP,17,0.33056614988671307,3.4736996030088334,3.1738621673002334,0.5,1.0,0.36947791164658633,0.0,0.53420523138833,0.0,0.2673716012084592,0.0,0.29919273461150353,0.0
NIFTY50,43,CNN-WGAN-GP,18,0.2504888689238698,3.224469770409399,3.1738621673002334,0.5,1.0,0.4899598393574297,0.0,0.744466800804829,0.0,0.8721047331319235,0.0,0.9359233097880928,0.0
NIFTY50,43,CNN-WGAN-GP,19,0.12837800071470218,3.00065846141189,3.1738621673002334,1.0,0.0,1.0,0.0,1.0,0.0,1.0,0.0,1.0,0.0
NIFTY50,43,CONTROL: shuffled real,0,0.14520941902445084,3.069901843097453,3.1738621673002334,1.0,0.0,0.8995983935742972,0.0,0.9496981891348089,0.0,0.9748237663645518,0.0,0.9873864783047427,0.0
NIFTY50,43,CONTROL: shuffled real,1,0.17819477359538505,3.095713823241893,3.1738621673002334,1.0,0.0,0.6706827309236948,0.0,0.8350100603621731,0.0,0.9174219536757301,0.0,0.958627648839556,0.0
NIFTY50,43,CONTROL: shuffled real,2,0.14322315856345624,3.083980452881974,3.1738621673002334,1.0,0.0,0.9136546184738956,0.0,0.9567404426559356,0.0,0.9783484390735147,0.0,0.9891523713420787,0.0
NIFTY50,43,CONTROL: shuffled real,3,0.13675535562574614,3.076023539906881,3.1738621673002334,1.0,0.0,1.0,0.0,1.0,0.0,1.0,0.0,1.0,0.0
NIFTY50,43,CONTROL: shuffled real,4,0.126603607540547,3.037865622661664,3.1738621673002334,1.0,0.0,1.0,0.0,1.0,0.0,1.0,0.0,1.0,0.0
NIFTY50,43,CONTROL: shuffled real,5,0.12650786970082195,2.955438466574135,3.1738621673002334,1.0,0.0,1.0,0.0,1.0,0.0,1.0,0.0,1.0,0.0
NIFTY50,43,CONTROL: shuffled real,6,0.18337161984213268,3.1916673129024566,3.1738621673002334,1.0,0.0,0.6485943775100401,0.0,0.823943661971831,0.0,0.9118831822759316,0.0,0.9558526740665994,0.0
NIFTY50,43,CONTROL: shuffled real,7,0.17411811378996878,3.114026650449459,3.1738621673002334,1.0,0.0,0.6927710843373494,0.0,0.8460764587525151,0.0,0.9229607250755287,0.0,0.9614026236125126,0.0
NIFTY50,43,CONTROL: shuffled real,8,0.16123222775770563,2.963641543431106,3.1738621673002334,1.0,0.0,0.7650602409638554,0.0,0.8822937625754527,0.0,0.9410876132930514,0.0,0.9704843592330978,0.0
NIFTY50,43,CONTROL: shuffled real,9,0.16504591774486554,2.946697763841859,3.1738621673002334,1.0,0.0,0.7409638554216867,0.0,0.8702213279678068,0.0,0.9350453172205438,0.0,0.9674571140262361,0.0
NIFTY50,43,CONTROL: shuffled real,10,0.15475015707947803,2.9909468970138677,3.1738621673002334,1.0,0.0,0.8313253012048193,0.0,0.9154929577464789,0.0,0.9577039274924471,0.0,0.9788092835519677,0.0
NIFTY50,43,CONTROL: shuffled real,11,0.17137360649253575,3.081198083874347,3.1738621673002334,1.0,0.0,0.7048192771084337,0.0,0.852112676056338,0.0,0.9259818731117825,0.0,0.9629162462159435,0.0
NIFTY50,43,CONTROL: shuffled real,12,0.1484603631000898,2.964125356600887,3.1738621673002334,1.0,0.0,0.8775100401606426,0.0,0.9386317907444668,0.0,0.9692849949647533,0.0,0.9846115035317861,0.0
NIFTY50,43,CONTROL: shuffled real,13,0.12749770141312378,2.990639868659884,3.1738621673002334,1.0,0.0,1.0,0.0,1.0,0.0,1.0,0.0,1.0,0.0
NIFTY50,43,CONTROL: shuffled real,14,0.17842792492246962,3.2393368735679626,3.1738621673002334,1.0,0.0,0.6706827309236948,0.0,0.8350100603621731,0.0,0.9174219536757301,0.0,0.958627648839556,0.0
NIFTY50,43,CONTROL: shuffled real,15,0.1500733110823107,2.975634170541881,3.1738621673002334,1.0,0.0,0.8674698795180723,0.0,0.9336016096579477,0.0,0.9667673716012085,0.0,0.9833501513622603,0.0
NIFTY50,43,CONTROL: shuffled real,16,0.16263303993789258,3.013629496987059,3.1738621673002334,1.0,0.0,0.7570281124497992,0.0,0.8782696177062375,0.0,0.9390735146022156,0.0,0.9694752774974773,0.0
NIFTY50,43,CONTROL: shuffled real,17,0.1920784779254865,3.0766811365890585,3.1738621673002334,0.5,1.0,0.6285140562248996,0.0,0.8138832997987927,0.0,0.9068479355488419,0.0,0.9533299697275479,0.0
NIFTY50,43,CONTROL: shuffled real,18,0.16565182242232734,3.102627621712419,3.1738621673002334,1.0,0.0,0.7389558232931727,0.0,0.869215291750503,0.0,0.9345417925478349,0.0,0.9672048435923309,0.0
NIFTY50,43,CONTROL: shuffled real,19,0.18281766055317883,3.02379095322795,3.1738621673002334,1.0,0.0,0.6526104417670683,0.0,0.8259557344064387,0.0,0.9128902316213494,0.0,0.9563572149344097,0.0
NIFTY50,44,TimeGAN,0,0.528650267154576,3.502215401716123,3.1738621673002334,0.5,1.0,0.19477911646586346,0.0,0.2806841046277666,0.0,0.1404833836858006,0.0,0.07038345105953582,0.0
NIFTY50,44,TimeGAN,1,0.47974322435511785,3.4807640376138758,3.1738621673002334,0.5,1.0,0.23092369477911648,0.0,0.32696177062374243,0.0,0.16364551863041288,0.0,0.08198789101917256,0.0
NIFTY50,44,TimeGAN,2,0.41959398946812776,3.3561913262782372,3.1738621673002334,0.5,1.0,0.285140562248996,0.0,0.3983903420523139,0.0,0.19939577039274925,0.0,0.09989909182643794,0.0
NIFTY50,44,TimeGAN,3,0.484039022526608,3.481434064458506,3.1738621673002334,0.5,1.0,0.2289156626506024,0.0,0.323943661971831,0.0,0.162134944612286,0.0,0.08123107971745712,0.0
NIFTY50,44,TimeGAN,4,0.47673573022239013,3.4254293865299514,3.1738621673002334,0.5,1.0,0.23493975903614459,0.0,0.33098591549295775,0.0,0.16565961732124873,0.0,0.08299697275479313,0.0
NIFTY50,44,TimeGAN,5,0.46112966973104885,3.39473519249632,3.1738621673002334,0.5,1.0,0.2469879518072289,0.0,0.3470824949698189,0.0,0.17371601208459214,0.0,0.08703329969727548,0.0
NIFTY50,44,TimeGAN,6,0.5384182280477258,3.538998393211271,3.1738621673002334,0.5,1.0,0.18674698795180722,0.0,0.27062374245472837,0.0,0.13544813695871097,0.0,0.06786074672048435,0.0
NIFTY50,44,TimeGAN,7,0.4925627701228551,3.4469633432812077,3.1738621673002334,0.5,1.0,0.22088353413654618,0.0,0.3148893360160966,0.0,0.15760322255790535,0.0,0.0789606458123108,0.0
NIFTY50,44,TimeGAN,8,0.4560679164754394,3.4077817761175577,3.1738621673002334,0.5,1.0,0.25301204819277107,0.0,0.35311871227364183,0.0,0.17673716012084592,0.0,0.08854692230070636,0.0
NIFTY50,44,TimeGAN,9,0.522039823285132,3.477203292314853,3.1738621673002334,0.5,1.0,0.19879518072289157,0.0,0.2857142857142857,0.0,0.14300100704934543,0.0,0.07164480322906155,0.0
NIFTY50,44,TimeGAN,10,0.5427985825012372,3.54396556885009,3.1738621673002334,0.5,1.0,0.18473895582329317,0.0,0.2676056338028169,0.0,0.1339375629405841,0.0,0.06710393541876893,0.0
NIFTY50,44,TimeGAN,11,0.4071946264795896,3.358619814412948,3.1738621673002334,0.5,1.0,0.2971887550200803,0.0,0.41448692152917505,0.0,0.20745216515609266,0.0,0.10393541876892028,0.0
NIFTY50,44,TimeGAN,12,0.44184145212472525,3.4047479724681784,3.1738621673002334,0.5,1.0,0.26506024096385544,0.0,0.37122736418511065,0.0,0.18580060422960726,0.0,0.09308779011099899,0.0
NIFTY50,44,TimeGAN,13,0.48342362359792046,3.4428133715814537,3.1738621673002334,0.5,1.0,0.2289156626506024,0.0,0.323943661971831,0.0,0.162134944612286,0.0,0.08123107971745712,0.0
NIFTY50,44,TimeGAN,14,0.45476145325754436,3.4166547302832218,3.1738621673002334,0.5,1.0,0.25301204819277107,0.0,0.35412474849094566,0.0,0.1772406847935549,0.0,0.08879919273461151,0.0
NIFTY50,44,TimeGAN,15,0.4770751223820716,3.4470108088689164,3.1738621673002334,0.5,1.0,0.23293172690763053,0.0,0.3299798792756539,0.0,0.16515609264853978,0.0,0.08274470232088799,0.0
NIFTY50,44,TimeGAN,16,0.4952112294298091,3.460429219394557,3.1738621673002334,0.5,1.0,0.21887550200803213,0.0,0.3118712273641851,0.0,0.15609264853977844,0.0,0.07820383451059536,0.0
NIFTY50,44,TimeGAN,17,0.4338549350401336,3.4007041487502154,3.1738621673002334,0.5,1.0,0.2710843373493976,0.0,0.38028169014084506,0.0,0.1903323262839879,0.0,0.09535822401614531,0.0
NIFTY50,44,TimeGAN,18,0.4933288976071547,3.4803202168442384,3.1738621673002334,0.5,1.0,0.22088353413654618,0.0,0.31388329979879276,0.0,0.15709969788519637,0.0,0.07870837537840565,0.0
NIFTY50,44,TimeGAN,19,0.53767603315353,3.539367348627926,3.1738621673002334,0.5,1.0,0.18674698795180722,0.0,0.2716297786720322,0.0,0.13595166163141995,0.0,0.0681130171543895,0.0
NIFTY50,44,GARCH,0,0.42444761092484784,3.508514209080792,3.1738621673002334,0.5,1.0,0.28112449799196787,0.0,0.39235412474849096,0.0,0.19637462235649547,0.0,0.09838546922300706,0.0
NIFTY50,44,GARCH,1,0.1353997451401281,3.097451356173431,3.1738621673002334,1.0,0.0,1.0,0.0,1.0,0.0,1.0,0.0,1.0,0.0
NIFTY50,44,GARCH,2,0.23599051105008662,3.1522682915688818,3.1738621673002334,0.5,1.0,0.5220883534136547,0.0,0.7605633802816901,0.0,0.8801611278952669,0.0,0.9399596367305751,0.0
NIFTY50,44,GARCH,3,0.16579050749541047,2.9825228788414475,3.1738621673002334,1.0,0.0,0.7389558232931727,0.0,0.869215291750503,0.0,0.9345417925478349,0.0,0.9672048435923309,0.0
NIFTY50,44,GARCH,4,0.26677382305943764,3.2943211292582792,3.1738621673002334,0.5,1.0,0.4598393574297189,0.0,0.7293762575452716,0.0,0.8645518630412891,0.0,0.9321392532795156,0.0
NIFTY50,44,GARCH,5,0.28735713829394127,3.2210843038330124,3.1738621673002334,0.5,1.0,0.42771084337349397,0.0,0.7132796780684104,0.0,0.7658610271903323,0.0,0.8826942482341069,0.0
NIFTY50,44,GARCH,6,0.18009673121600067,3.324388828152672,3.1738621673002334,1.0,0.0,0.6626506024096386,0.0,0.8309859154929577,0.0,0.9154078549848943,0.0,0.9576185671039354,0.0
NIFTY50,44,GARCH,7,0.23257942341586757,3.3324791366028825,3.1738621673002334,0.5,1.0,0.5301204819277109,0.0,0.7645875251509054,0.0,0.8821752265861027,0.0,0.9409687184661958,0.0
NIFTY50,44,GARCH,8,0.23989936200286333,3.327577479634937,3.1738621673002334,0.5,1.0,0.5120481927710844,0.0,0.755533199195171,0.0,0.877643504531722,0.0,0.9386982845610494,0.0
NIFTY50,44,GARCH,9,0.21000405613232842,3.4096068716882395,3.1738621673002334,0.5,1.0,0.5903614457831325,0.0,0.7947686116700201,0.0,0.8972809667673716,0.0,0.9485368314833501,0.0
NIFTY50,44,GARCH,10,0.2117894427603455,3.1207131206322694,3.1738621673002334,0.5,1.0,0.5843373493975904,0.0,0.7917505030181087,0.0,0.8957703927492447,0.0,0.9477800201816348,0.0
NIFTY50,44,GARCH,11,0.39373739224104265,3.4233597464876753,3.1738621673002334,0.5,1.0,0.3092369477911647,0.0,0.4305835010060362,0.0,0.21550855991943604,0.0,0.10797174571140263,0.0
NIFTY50,44,GARCH,12,0.278376091580365,3.3200290648747783,3.1738621673002334,0.5,1.0,0.44176706827309237,0.0,0.7203219315895373,0.0,0.8001007049345418,0.0,0.899848637739657,0.0
NIFTY50,44,GARCH,13,0.12567173468076454,3.0690645393954235,3.1738621673002334,1.0,0.0,1.0,0.0,1.0,0.0,1.0,0.0,1.0,0.0
NIFTY50,44,GARCH,14,0.22788144555955947,3.17634477067176,3.1738621673002334,0.5,1.0,0.5421686746987951,0.0,0.7706237424547284,0.0,0.8851963746223565,0.0,0.9424823410696267,0.0
NIFTY50,44,GARCH,15,0.1418367232202622,3.031324985600532,3.1738621673002334,1.0,0.0,0.929718875502008,0.0,0.9647887323943662,0.0,0.9823766364551864,0.0,0.9911705348133198,0.0
NIFTY50,44,GARCH,16,0.20056740493395475,3.161335316570479,3.1738621673002334,0.5,1.0,0.6124497991967871,0.0,0.8058350100603622,0.0,0.9028197381671702,0.0,0.9513118062563067,0.0
NIFTY50,44,GARCH,17,0.2755353453997351,3.2710871397510513,3.1738621673002334,0.5,1.0,0.4457831325301205,0.0,0.7223340040241448,0.0,0.8167170191339376,0.0,0.9081735620585267,0.0
NIFTY50,44,GARCH,18,0.1690133570023047,3.0361030556558686,3.1738621673002334,1.0,0.0,0.7188755020080321,0.0,0.8591549295774648,0.0,0.9295065458207452,0.0,0.9646821392532795,0.0
NIFTY50,44,GARCH,19,0.14226641653403926,3.2568261174467112,3.1738621673002334,1.0,0.0,0.9236947791164659,0.0,0.9617706237424547,0.0,0.9808660624370594,0.0,0.9904137235116044,0.0
NIFTY50,44,QuantGAN,0,0.11948680995952787,3.0907996462218454,3.1738621673002334,1.0,0.0,1.0,0.0,1.0,0.0,1.0,0.0,1.0,0.0
NIFTY50,44,QuantGAN,1,0.26636805670836816,3.1640048752243746,3.1738621673002334,0.5,1.0,0.46184738955823296,0.0,0.7303822937625755,0.0,0.865055387713998,0.0,0.9323915237134208,0.0
NIFTY50,44,QuantGAN,2,0.1339692448868517,2.998959888010029,3.1738621673002334,1.0,0.0,1.0,0.0,1.0,0.0,1.0,0.0,1.0,0.0
NIFTY50,44,QuantGAN,3,0.13749331384523567,3.197522068434799,3.1738621673002334,1.0,0.0,1.0,0.0,1.0,0.0,1.0,0.0,1.0,0.0
NIFTY50,44,QuantGAN,4,0.1610622284339287,3.0867333614259453,3.1738621673002334,1.0,0.0,0.7670682730923695,0.0,0.8832997987927566,0.0,0.9415911379657603,0.0,0.970736629667003,0.0
NIFTY50,44,QuantGAN,5,0.12111750628555451,3.2338754184157543,3.1738621673002334,1.0,0.0,1.0,0.0,1.0,0.0,1.0,0.0,1.0,0.0
NIFTY50,44,QuantGAN,6,0.14183593416531504,3.2025895367194708,3.1738621673002334,1.0,0.0,0.929718875502008,0.0,0.9647887323943662,0.0,0.9823766364551864,0.0,0.9911705348133198,0.0
NIFTY50,44,QuantGAN,7,0.12746755709289292,3.2932926852260964,3.1738621673002334,1.0,0.0,1.0,0.0,1.0,0.0,1.0,0.0,1.0,0.0
NIFTY50,44,QuantGAN,8,0.17249215353790737,3.0523350065915156,3.1738621673002334,1.0,0.0,0.7008032128514057,0.0,0.8501006036217303,0.0,0.9249748237663645,0.0,0.9624117053481333,0.0
NIFTY50,44,QuantGAN,9,0.18654561891670762,3.067690318624895,3.1738621673002334,0.5,1.0,0.6385542168674698,0.0,0.8189134808853119,0.0,0.9093655589123867,0.0,0.9545913218970736,0.0
NIFTY50,44,QuantGAN,10,0.18771227344150554,3.1196607706380215,3.1738621673002334,0.5,1.0,0.6365461847389559,0.0,0.817907444668008,0.0,0.9088620342396777,0.0,0.9543390514631686,0.0
NIFTY50,44,QuantGAN,11,0.2833332841001833,3.3983926251880834,3.1738621673002334,0.5,1.0,0.43373493975903615,0.0,0.716297786720322,0.0,0.7769385699899295,0.0,0.8882441977800202,0.0
NIFTY50,44,QuantGAN,12,0.14822898327126044,3.166586774746436,3.1738621673002334,1.0,0.0,0.8775100401606426,0.0,0.9386317907444668,0.0,0.9692849949647533,0.0,0.9846115035317861,0.0
NIFTY50,44,QuantGAN,13,0.12416047310271128,3.126647229100307,3.1738621673002334,1.0,0.0,1.0,0.0,1.0,0.0,1.0,0.0,1.0,0.0
NIFTY50,44,QuantGAN,14,0.23762466851288822,3.151786205424767,3.1738621673002334,0.5,1.0,0.5180722891566265,0.0,0.7585513078470825,0.0,0.879154078549849,0.0,0.9394550958627649,0.0
NIFTY50,44,QuantGAN,15,0.11369056875848949,3.189714626983758,3.1738621673002334,1.0,0.0,1.0,0.0,1.0,0.0,1.0,0.0,1.0,0.0
NIFTY50,44,QuantGAN,16,0.25728585589558195,3.254765543810494,3.1738621673002334,0.5,1.0,0.4779116465863454,0.0,0.738430583501006,0.0,0.8690835850956697,0.0,0.934409687184662,0.0
NIFTY50,44,QuantGAN,17,0.14175161357759913,3.115698060990832,3.1738621673002334,1.0,0.0,0.9317269076305221,0.0,0.96579476861167,0.0,0.9828801611278952,0.0,0.991422805247225,0.0
NIFTY50,44,QuantGAN,18,0.15593444836233927,3.181484614173475,3.1738621673002334,1.0,0.0,0.821285140562249,0.0,0.9104627766599598,0.0,0.9551863041289023,0.0,0.977547931382442,0.0
NIFTY50,44,QuantGAN,19,0.1413035461990566,3.2409907092502372,3.1738621673002334,1.0,0.0,0.9397590361445783,0.0,0.9698189134808853,0.0,0.9848942598187311,0.0,0.9924318869828456,0.0
NIFTY50,44,GJR-GARCH,0,0.2852975414061507,3.274471623049519,3.1738621673002334,0.5,1.0,0.42971887550200805,0.0,0.7142857142857143,0.0,0.771399798590131,0.0,0.8854692230070635,0.0
NIFTY50,44,GJR-GARCH,1,0.1374348487382544,3.0975575769678616,3.1738621673002334,1.0,0.0,1.0,0.0,1.0,0.0,1.0,0.0,1.0,0.0
NIFTY50,44,GJR-GARCH,2,0.17864003455819466,3.0797158542250362,3.1738621673002334,1.0,0.0,0.6706827309236948,0.0,0.8350100603621731,0.0,0.9174219536757301,0.0,0.958627648839556,0.0
NIFTY50,44,GJR-GARCH,3,0.1622501872274964,3.2557745347738485,3.1738621673002334,1.0,0.0,0.7590361445783133,0.0,0.8792756539235412,0.0,0.9395770392749244,0.0,0.9697275479313825,0.0
NIFTY50,44,GJR-GARCH,4,0.18704339413898152,3.1903796895865506,3.1738621673002334,0.5,1.0,0.6385542168674698,0.0,0.8189134808853119,0.0,0.9093655589123867,0.0,0.9545913218970736,0.0
NIFTY50,44,GJR-GARCH,5,0.29604610859373004,3.1708918663462704,3.1738621673002334,0.5,1.0,0.41365461847389556,0.0,0.7062374245472837,0.0,0.6938569989929506,0.0,0.8095358224016145,0.0
NIFTY50,44,GJR-GARCH,6,0.11932783255031532,3.1594640539056495,3.1738621673002334,1.0,0.0,1.0,0.0,1.0,0.0,1.0,0.0,1.0,0.0
NIFTY50,44,GJR-GARCH,7,0.13281025106727373,3.2796474288531865,3.1738621673002334,1.0,0.0,1.0,0.0,1.0,0.0,1.0,0.0,1.0,0.0
NIFTY50,44,GJR-GARCH,8,0.1516433515535469,2.9916459049048667,3.1738621673002334,1.0,0.0,0.857429718875502,0.0,0.9285714285714286,0.0,0.9642497482376636,0.0,0.9820887991927346,0.0
NIFTY50,44,GJR-GARCH,9,0.16868288727828817,3.2625243703167013,3.1738621673002334,1.0,0.0,0.7188755020080321,0.0,0.8591549295774648,0.0,0.9295065458207452,0.0,0.9646821392532795,0.0
NIFTY50,44,GJR-GARCH,10,0.19876907196096472,3.210874448060262,3.1738621673002334,0.5,1.0,0.6164658634538153,0.0,0.8078470824949698,0.0,0.9038267875125882,0.0,0.951816347124117,0.0
NIFTY50,44,GJR-GARCH,11,0.2142882367229979,3.026749021106385,3.1738621673002334,0.5,1.0,0.5763052208835341,0.0,0.7877263581488934,0.0,0.8937562940584088,0.0,0.9467709384460141,0.0
NIFTY50,44,GJR-GARCH,12,0.2600592534950139,3.171379563928707,3.1738621673002334,0.5,1.0,0.4718875502008032,0.0,0.7354124748490946,0.0,0.8675730110775428,0.0,0.9336528758829465,0.0
NIFTY50,44,GJR-GARCH,13,0.14116010572422022,3.1904636740723733,3.1738621673002334,1.0,0.0,0.9437751004016064,0.0,0.971830985915493,0.0,0.9859013091641491,0.0,0.992936427850656,0.0
NIFTY50,44,GJR-GARCH,14,0.1735606895079096,3.254284083590331,3.1738621673002334,1.0,0.0,0.6927710843373494,0.0,0.8460764587525151,0.0,0.9229607250755287,0.0,0.9614026236125126,0.0
NIFTY50,44,GJR-GARCH,15,0.14695373084244934,3.0684368149090604,3.1738621673002334,1.0,0.0,0.8875502008032129,0.0,0.9436619718309859,0.0,0.9718026183282981,0.0,0.9858728557013118,0.0
NIFTY50,44,GJR-GARCH,16,0.18056574027853278,3.1065559890255225,3.1738621673002334,1.0,0.0,0.6626506024096386,0.0,0.8309859154929577,0.0,0.9154078549848943,0.0,0.9576185671039354,0.0
NIFTY50,44,GJR-GARCH,17,0.21523357219583583,3.266503185079244,3.1738621673002334,0.5,1.0,0.5742971887550201,0.0,0.7867203219315896,0.0,0.8932527693856999,0.0,0.9465186680121089,0.0
NIFTY50,44,GJR-GARCH,18,0.1785032158464004,2.925788863924069,3.1738621673002334,1.0,0.0,0.6706827309236948,0.0,0.8350100603621731,0.0,0.9174219536757301,0.0,0.958627648839556,0.0
NIFTY50,44,GJR-GARCH,19,0.13460021635184227,2.9895673188129748,3.1738621673002334,1.0,0.0,1.0,0.0,1.0,0.0,1.0,0.0,1.0,0.0
NIFTY50,44,CNN-WGAN-GP,0,0.10563151916954294,3.0861606835269955,3.1738621673002334,1.0,0.0,1.0,0.0,1.0,0.0,1.0,0.0,1.0,0.0
NIFTY50,44,CNN-WGAN-GP,1,0.4006176970662255,3.4227083610301214,3.1738621673002334,0.5,1.0,0.3032128514056225,0.0,0.4225352112676056,0.0,0.21148036253776434,0.0,0.10595358224016145,0.0
NIFTY50,44,CNN-WGAN-GP,2,0.15752103693346653,3.1873389918844346,3.1738621673002334,1.0,0.0,0.8072289156626506,0.0,0.903420523138833,0.0,0.9516616314199395,0.0,0.9757820383451059,0.0
NIFTY50,44,CNN-WGAN-GP,3,0.2063756780098811,3.1023655085484805,3.1738621673002334,0.5,1.0,0.6004016064257028,0.0,0.7997987927565392,0.0,0.8997985901309165,0.0,0.9497981836528759,0.0
NIFTY50,44,CNN-WGAN-GP,4,0.17220637147211892,3.1331706632936154,3.1738621673002334,1.0,0.0,0.7008032128514057,0.0,0.8501006036217303,0.0,0.9249748237663645,0.0,0.9624117053481333,0.0
NIFTY50,44,CNN-WGAN-GP,5,0.13271140856065444,3.152371271828728,3.1738621673002334,1.0,0.0,1.0,0.0,1.0,0.0,1.0,0.0,1.0,0.0
NIFTY50,44,CNN-WGAN-GP,6,0.156198547912217,3.219367590273119,3.1738621673002334,1.0,0.0,0.821285140562249,0.0,0.9104627766599598,0.0,0.9551863041289023,0.0,0.977547931382442,0.0
NIFTY50,44,CNN-WGAN-GP,7,0.14693853975324211,3.0490294023719025,3.1738621673002334,1.0,0.0,0.8875502008032129,0.0,0.9436619718309859,0.0,0.9718026183282981,0.0,0.9858728557013118,0.0
NIFTY50,44,CNN-WGAN-GP,8,0.1860137793026868,3.032579269574128,3.1738621673002334,0.5,1.0,0.6405622489959839,0.0,0.8199195171026157,0.0,0.9098690835850957,0.0,0.9548435923309788,0.0
NIFTY50,44,CNN-WGAN-GP,9,0.2390007367779945,3.066828513572823,3.1738621673002334,0.5,1.0,0.5140562248995983,0.0,0.7565392354124748,0.0,0.878147029204431,0.0,0.9389505549949546,0.0
NIFTY50,44,CNN-WGAN-GP,10,0.18139690806412556,3.2831490544699733,3.1738621673002334,1.0,0.0,0.6586345381526104,0.0,0.8289738430583501,0.0,0.9144008056394763,0.0,0.9571140262361252,0.0
NIFTY50,44,CNN-WGAN-GP,11,0.1529716713617577,3.1130500765555995,3.1738621673002334,1.0,0.0,0.8453815261044176,0.0,0.9225352112676056,0.0,0.9612286002014099,0.0,0.9805751765893037,0.0
NIFTY50,44,CNN-WGAN-GP,12,0.12920234251156448,3.064009687394085,3.1738621673002334,1.0,0.0,1.0,0.0,1.0,0.0,1.0,0.0,1.0,0.0
NIFTY50,44,CNN-WGAN-GP,13,0.21381598459766082,3.1218132205783955,3.1738621673002334,0.5,1.0,0.5783132530120482,0.0,0.7887323943661971,0.0,0.8942598187311178,0.0,0.9470232088799193,0.0
NIFTY50,44,CNN-WGAN-GP,14,0.16540919737522763,3.2690397622943532,3.1738621673002334,1.0,0.0,0.7389558232931727,0.0,0.869215291750503,0.0,0.9345417925478349,0.0,0.9672048435923309,0.0
NIFTY50,44,CNN-WGAN-GP,15,0.14916742637992675,3.1242259161785544,3.1738621673002334,1.0,0.0,0.8714859437751004,0.0,0.9356136820925554,0.0,0.9677744209466264,0.0,0.9838546922300706,0.0
NIFTY50,44,CNN-WGAN-GP,16,0.18594157586334603,3.0785017812391975,3.1738621673002334,0.5,1.0,0.6405622489959839,0.0,0.8199195171026157,0.0,0.9098690835850957,0.0,0.9548435923309788,0.0
NIFTY50,44,CNN-WGAN-GP,17,0.2826202305542225,3.2706115929590855,3.1738621673002334,0.5,1.0,0.43373493975903615,0.0,0.716297786720322,0.0,0.7789526686807654,0.0,0.8892532795156408,0.0
NIFTY50,44,CNN-WGAN-GP,18,0.21759857837203334,3.122771167259744,3.1738621673002334,0.5,1.0,0.5682730923694779,0.0,0.783702213279678,0.0,0.891742195367573,0.0,0.9457618567103936,0.0
NIFTY50,44,CNN-WGAN-GP,19,0.18717206465750902,3.0739331490384547,3.1738621673002334,0.5,1.0,0.6385542168674698,0.0,0.8189134808853119,0.0,0.9093655589123867,0.0,0.9545913218970736,0.0
NIFTY50,44,CONTROL: shuffled real,0,0.14520941902445084,3.069901843097453,3.1738621673002334,1.0,0.0,0.8995983935742972,0.0,0.9496981891348089,0.0,0.9748237663645518,0.0,0.9873864783047427,0.0
NIFTY50,44,CONTROL: shuffled real,1,0.1564179847644358,2.8981501977659763,3.1738621673002334,1.0,0.0,0.8172690763052208,0.0,0.9084507042253521,0.0,0.9541792547834844,0.0,0.9770433905146317,0.0
NIFTY50,44,CONTROL: shuffled real,2,0.14067144301329804,2.9781621273811263,3.1738621673002334,1.0,0.0,0.9678714859437751,0.0,0.9839034205231388,0.0,0.9919436052366566,0.0,0.9959636730575177,0.0
NIFTY50,44,CONTROL: shuffled real,3,0.15286575607734898,3.009416520648523,3.1738621673002334,1.0,0.0,0.8473895582329317,0.0,0.9235412474849095,0.0,0.9617321248741189,0.0,0.9808274470232089,0.0
NIFTY50,44,CONTROL: shuffled real,4,0.16427615903547643,3.0078986025515118,3.1738621673002334,1.0,0.0,0.7469879518072289,0.0,0.8732394366197183,0.0,0.9365558912386707,0.0,0.9682139253279516,0.0
NIFTY50,44,CONTROL: shuffled real,5,0.17893937870167287,3.025279215167165,3.1738621673002334,1.0,0.0,0.6666666666666666,0.0,0.8329979879275654,0.0,0.9164149043303121,0.0,0.9581231079717457,0.0
NIFTY50,44,CONTROL: shuffled real,6,0.10272820159220375,2.968284559246236,3.1738621673002334,1.0,0.0,1.0,0.0,1.0,0.0,1.0,0.0,1.0,0.0
NIFTY50,44,CONTROL: shuffled real,7,0.13439347657363032,2.9876189092176832,3.1738621673002334,1.0,0.0,1.0,0.0,1.0,0.0,1.0,0.0,1.0,0.0
NIFTY50,44,CONTROL: shuffled real,8,0.16330081971804167,3.1525286234354417,3.1738621673002334,1.0,0.0,0.751004016064257,0.0,0.8752515090543259,0.0,0.9375629405840886,0.0,0.9687184661957619,0.0
NIFTY50,44,CONTROL: shuffled real,9,0.17172798179142812,3.163833209650938,3.1738621673002334,1.0,0.0,0.7048192771084337,0.0,0.852112676056338,0.0,0.9259818731117825,0.0,0.9629162462159435,0.0
NIFTY50,44,CONTROL: shuffled real,10,0.15465194251740444,2.9328797834205127,3.1738621673002334,1.0,0.0,0.8333333333333334,0.0,0.9164989939637826,0.0,0.9582074521651561,0.0,0.9790615539858728,0.0
NIFTY50,44,CONTROL: shuffled real,11,0.1694839867207345,3.0384967932623184,3.1738621673002334,1.0,0.0,0.714859437751004,0.0,0.8571428571428571,0.0,0.9284994964753273,0.0,0.9641775983854692,0.0
NIFTY50,44,CONTROL: shuffled real,12,0.1583203587547939,3.0123035765966555,3.1738621673002334,1.0,0.0,0.7951807228915663,0.0,0.89738430583501,0.0,0.9486404833836858,0.0,0.9742684157416751,0.0
NIFTY50,44,CONTROL: shuffled real,13,0.13128639103700146,2.9938419090368846,3.1738621673002334,1.0,0.0,1.0,0.0,1.0,0.0,1.0,0.0,1.0,0.0
NIFTY50,44,CONTROL: shuffled real,14,0.18496875316848382,3.0680995571724043,3.1738621673002334,0.5,1.0,0.642570281124498,0.0,0.8209255533199196,0.0,0.9103726082578046,0.0,0.955095862764884,0.0
NIFTY50,44,CONTROL: shuffled real,15,0.16004945257073677,2.941544307233358,3.1738621673002334,1.0,0.0,0.7751004016064257,0.0,0.8873239436619719,0.0,0.9436052366565961,0.0,0.9717457114026236,0.0
NIFTY50,44,CONTROL: shuffled real,16,0.12161682204861712,2.994089437111742,3.1738621673002334,1.0,0.0,1.0,0.0,1.0,0.0,1.0,0.0,1.0,0.0
NIFTY50,44,CONTROL: shuffled real,17,0.16507510213728183,3.0463055534871493,3.1738621673002334,1.0,0.0,0.7409638554216867,0.0,0.8702213279678068,0.0,0.9350453172205438,0.0,0.9674571140262361,0.0
NIFTY50,44,CONTROL: shuffled real,18,0.17600442925820015,2.9970276592746177,3.1738621673002334,1.0,0.0,0.6807228915662651,0.0,0.8400402414486922,0.0,0.9199395770392749,0.0,0.9598890010090817,0.0
NIFTY50,44,CONTROL: shuffled real,19,0.11239456570015949,2.9431577779555456,3.1738621673002334,1.0,0.0,1.0,0.0,1.0,0.0,1.0,0.0,1.0,0.0
SHANGHAI,42,TimeGAN,0,0.40285072263793564,3.196866884665756,3.2888495197805563,0.5,1.0,0.32581967213114754,0.0,0.46406570841889117,0.0,0.23227132579650564,0.0,0.11619537275064268,0.0
SHANGHAI,42,TimeGAN,1,0.4383737368312788,3.3628962939270677,3.2888495197805563,0.5,1.0,0.2889344262295082,0.0,0.41581108829568786,0.0,0.20811921891058582,0.0,0.10411311053984576,0.0
SHANGHAI,42,TimeGAN,2,0.4210422056255734,3.3523584945581772,3.2888495197805563,0.5,1.0,0.305327868852459,0.0,0.43737166324435317,0.0,0.21891058581706063,0.0,0.10951156812339331,0.0
SHANGHAI,42,TimeGAN,3,0.4099345455915744,3.423208673750696,3.2888495197805563,0.5,1.0,0.3176229508196721,0.0,0.4537987679671458,0.0,0.22713257965056527,0.0,0.11362467866323907,0.0
SHANGHAI,42,TimeGAN,4,0.3759851269628731,3.2234757471983824,3.2888495197805563,0.5,1.0,0.3524590163934426,0.0,0.5112936344969199,0.0,0.2672147995889003,0.0,0.20796915167095115,0.0
SHANGHAI,42,TimeGAN,5,0.37615377136575434,3.322448328551785,3.2888495197805563,0.5,1.0,0.3524590163934426,0.0,0.5112936344969199,0.0,0.26670092497430625,0.0,0.20719794344473008,0.0
SHANGHAI,42,TimeGAN,6,0.49761884076506935,3.399825105867322,3.2888495197805563,0.5,1.0,0.24385245901639344,0.0,0.3459958932238193,0.0,0.17317574511819117,0.0,0.08663239074550129,0.0
SHANGHAI,42,TimeGAN,7,0.3401476536391548,3.3303938763550667,3.2888495197805563,0.5,1.0,0.3975409836065574,0.0,0.6519507186858317,0.0,0.46094552929085303,0.0,0.4781491002570694,0.0
SHANGHAI,42,TimeGAN,8,0.42557481199358993,3.342995967202889,3.2888495197805563,0.5,1.0,0.3012295081967213,0.0,0.4322381930184805,0.0,0.21634121274409043,0.0,0.10822622107969151,0.0
SHANGHAI,42,TimeGAN,9,0.47358361999610643,3.404170406647444,3.2888495197805563,0.5,1.0,0.26024590163934425,0.0,0.3726899383983573,0.0,0.18653648509763618,0.0,0.09331619537275064,0.0
SHANGHAI,42,TimeGAN,10,0.459587232986575,3.3203546198608946,3.2888495197805563,0.5,1.0,0.2725409836065574,0.0,0.39117043121149897,0.0,0.19578622816032887,0.0,0.09794344473007711,0.0
SHANGHAI,42,TimeGAN,11,0.4152311498654029,3.478063966840606,3.2888495197805563,0.5,1.0,0.3114754098360656,0.0,0.4455852156057495,0.0,0.22302158273381295,0.0,0.11156812339331619,0.0
SHANGHAI,42,TimeGAN,12,0.4250371805880887,3.3666822660113955,3.2888495197805563,0.5,1.0,0.3012295081967213,0.0,0.4322381930184805,0.0,0.21634121274409043,0.0,0.10822622107969151,0.0
SHANGHAI,42,TimeGAN,13,0.26632780485579,3.376037200279832,3.2888495197805563,0.5,1.0,0.4959016393442623,0.0,0.7474332648870636,0.0,0.8735868448098664,0.0,0.9367609254498714,0.0
SHANGHAI,42,TimeGAN,14,0.4090530663256786,3.3143845164912453,3.2888495197805563,0.5,1.0,0.3176229508196721,0.0,0.4548254620123203,0.0,0.2276464542651593,0.0,0.11388174807197944,0.0
SHANGHAI,42,TimeGAN,15,0.4029863221769394,3.309661885761729,3.2888495197805563,0.5,1.0,0.3237704918032787,0.0,0.46303901437371664,0.0,0.2317574511819116,0.0,0.11593830334190232,0.0
SHANGHAI,42,TimeGAN,16,0.4451208747506433,3.3699441257130403,3.2888495197805563,0.5,1.0,0.2827868852459016,0.0,0.4075975359342916,0.0,0.2040082219938335,0.0,0.10205655526992288,0.0
SHANGHAI,42,TimeGAN,17,0.4726616350284135,3.3655868811803167,3.2888495197805563,0.5,1.0,0.26229508196721313,0.0,0.3737166324435318,0.0,0.18705035971223022,0.0,0.093573264781491,0.0
SHANGHAI,42,TimeGAN,18,0.4287788175210846,3.3907768414510437,3.2888495197805563,0.5,1.0,0.29918032786885246,0.0,0.42813141683778233,0.0,0.21428571428571427,0.0,0.10719794344473008,0.0
SHANGHAI,42,TimeGAN,19,0.42499412299101125,3.308773510238893,3.2888495197805563,0.5,1.0,0.3012295081967213,0.0,0.4322381930184805,0.0,0.21634121274409043,0.0,0.10822622107969151,0.0
SHANGHAI,42,GARCH,0,0.16129684243392006,3.2085758385155336,3.2888495197805563,0.5,1.0,0.6926229508196722,0.0,0.8459958932238193,0.0,0.9229188078108942,0.0,0.961439588688946,0.0
SHANGHAI,42,GARCH,1,0.19317700653330516,3.2662454628926865,3.2888495197805563,0.5,1.0,0.6045081967213115,0.0,0.8018480492813141,0.0,0.9008221993833505,0.0,0.9503856041131106,0.0
SHANGHAI,42,GARCH,2,0.2592874354474013,3.265400484408091,3.2888495197805563,0.5,1.0,0.5040983606557377,0.0,0.7515400410677618,0.0,0.8756423432682425,0.0,0.9377892030848329,0.0
SHANGHAI,42,GARCH,3,0.20723638875284722,3.2299346392517605,3.2888495197805563,0.5,1.0,0.5778688524590164,0.0,0.7885010266940452,0.0,0.894141829393628,0.0,0.9470437017994858,0.0
SHANGHAI,42,GARCH,4,0.5636404065829542,3.9553816423176147,3.2888495197805563,0.5,1.0,0.19467213114754098,0.0,0.28439425051334705,0.0,0.1423432682425488,0.0,0.0712082262210797,0.0
SHANGHAI,42,GARCH,5,0.21305006037044416,3.2756035629460953,3.2888495197805563,0.5,1.0,0.5676229508196722,0.0,0.7833675564681725,0.0,0.8915724563206577,0.0,0.9457583547557841,0.0
SHANGHAI,42,GARCH,6,0.18561358131910133,3.053081240567968,3.2888495197805563,0.5,1.0,0.6188524590163934,0.0,0.8090349075975359,0.0,0.9044193216855088,0.0,0.9521850899742931,0.0
SHANGHAI,42,GARCH,7,0.7685467170744389,3.958382514267808,3.2888495197805563,0.5,1.0,0.0020491803278688526,1.0,0.001026694045174538,1.0,0.0005138746145940391,1.0,0.0002570694087403599,1.0
SHANGHAI,42,GARCH,8,0.19779706845890943,3.199895173235578,3.2888495197805563,0.5,1.0,0.5963114754098361,0.0,0.797741273100616,0.0,0.8987667009249743,0.0,0.9493573264781491,0.0
SHANGHAI,42,GARCH,9,0.24504384687992542,3.2945660659566944,3.2888495197805563,0.5,1.0,0.5204918032786885,0.0,0.7597535934291582,0.0,0.8797533401849948,0.0,0.9398457583547558,0.0
SHANGHAI,42,GARCH,10,0.2204413987559315,3.4543896030530346,3.2888495197805563,0.5,1.0,0.555327868852459,0.0,0.7772073921971252,0.0,0.8884892086330936,0.0,0.9442159383033419,0.0
SHANGHAI,42,GARCH,11,0.5012308988571642,3.6757837258568196,3.2888495197805563,0.5,1.0,0.24180327868852458,0.0,0.34188911704312114,0.0,0.171120246659815,0.0,0.08560411311053985,0.0
SHANGHAI,42,GARCH,12,0.3861727129797863,3.5522160236245814,3.2888495197805563,0.5,1.0,0.3422131147540984,0.0,0.4917864476386037,0.0,0.24614594039054472,0.0,0.1473007712082262,0.0
SHANGHAI,42,GARCH,13,0.25197541425223524,3.2757719000808847,3.2888495197805563,0.5,1.0,0.5122950819672131,0.0,0.75564681724846,0.0,0.8776978417266187,0.0,0.9388174807197943,0.0
SHANGHAI,42,GARCH,14,0.36011129133498687,3.3566213142571946,3.2888495197805563,0.5,1.0,0.3729508196721312,0.0,0.5451745379876797,0.0,0.3381294964028777,0.0,0.27249357326478146,0.0
SHANGHAI,42,GARCH,15,0.1474321240399079,3.094032275960066,3.2888495197805563,0.5,1.0,0.819672131147541,0.0,0.9096509240246407,0.0,0.9547790339157246,0.0,0.9773778920308483,0.0
SHANGHAI,42,GARCH,16,0.21254261368362148,3.2062528538020185,3.2888495197805563,0.5,1.0,0.569672131147541,0.0,0.784394250513347,0.0,0.8920863309352518,0.0,0.9460154241645244,0.0
SHANGHAI,42,GARCH,17,0.20327978669562907,3.2727647318490596,3.2888495197805563,0.5,1.0,0.5860655737704918,0.0,0.7926078028747433,0.0,0.8961973278520041,0.0,0.9480719794344473,0.0
SHANGHAI,42,GARCH,18,0.429266411149006,3.500278145499075,3.2888495197805563,0.5,1.0,0.29713114754098363,0.0,0.4271047227926078,0.0,0.21377183967112023,0.0,0.10694087403598972,0.0
SHANGHAI,42,GARCH,19,0.39216747988632306,3.5455960960967743,3.2888495197805563,0.5,1.0,0.3360655737704918,0.0,0.4815195071868583,0.0,0.24100719424460432,0.0,0.12056555269922879,0.0
SHANGHAI,42,QuantGAN,0,0.46956583583504896,3.9283253758592114,3.2888495197805563,0.5,1.0,0.26434426229508196,0.0,0.37782340862423,0.0,0.18910585817060638,0.0,0.09460154241645244,0.0
SHANGHAI,42,QuantGAN,1,0.24639221644984288,3.432151711841758,3.2888495197805563,0.5,1.0,0.5204918032786885,0.0,0.7597535934291582,0.0,0.8797533401849948,0.0,0.9398457583547558,0.0
SHANGHAI,42,QuantGAN,2,0.1646961538599674,3.1766705620629643,3.2888495197805563,0.5,1.0,0.6782786885245902,0.0,0.8388090349075975,0.0,0.9193216855087358,0.0,0.9596401028277635,0.0
SHANGHAI,42,QuantGAN,3,0.26141543513953946,3.278602791982241,3.2888495197805563,0.5,1.0,0.5020491803278688,0.0,0.7505133470225873,0.0,0.8751284686536485,0.0,0.9375321336760926,0.0
SHANGHAI,42,QuantGAN,4,0.25029888949381607,3.347990191638478,3.2888495197805563,0.5,1.0,0.514344262295082,0.0,0.7566735112936345,0.0,0.8782117163412128,0.0,0.9390745501285347,0.0
SHANGHAI,42,QuantGAN,5,0.1828572618633193,3.360985251933864,3.2888495197805563,0.5,1.0,0.625,0.0,0.8121149897330595,0.0,0.9059609455292909,0.0,0.9529562982005141,0.0
SHANGHAI,42,QuantGAN,6,0.17132370005258712,3.3379605178220886,3.2888495197805563,0.5,1.0,0.6536885245901639,0.0,0.8264887063655031,0.0,0.9131551901336074,0.0,0.9565552699228792,0.0
SHANGHAI,42,QuantGAN,7,0.3722771201044608,3.5392185464686183,3.2888495197805563,0.5,1.0,0.35655737704918034,0.0,0.5184804928131417,0.0,0.2790339157245632,0.0,0.2210796915167095,0.0
SHANGHAI,42,QuantGAN,8,0.5675216437128113,3.570743196699698,3.2888495197805563,0.5,1.0,0.19262295081967212,0.0,0.2813141683778234,0.0,0.1408016443987667,0.0,0.07043701799485862,0.0
SHANGHAI,42,QuantGAN,9,0.2125280630370694,3.337478902074696,3.2888495197805563,0.5,1.0,0.569672131147541,0.0,0.784394250513347,0.0,0.8920863309352518,0.0,0.9460154241645244,0.0
SHANGHAI,42,QuantGAN,10,0.24731006417805546,3.1305912673125946,3.2888495197805563,0.5,1.0,0.5184426229508197,0.0,0.7587268993839835,0.0,0.8792394655704008,0.0,0.9395886889460154,0.0
SHANGHAI,42,QuantGAN,11,0.21149614505615877,3.3199884450861847,3.2888495197805563,0.5,1.0,0.5717213114754098,0.0,0.7854209445585215,0.0,0.8926002055498459,0.0,0.9462724935732648,0.0
SHANGHAI,42,QuantGAN,12,0.1899858471180742,3.1761678703460134,3.2888495197805563,0.5,1.0,0.610655737704918,0.0,0.8049281314168378,0.0,0.9023638232271326,0.0,0.9511568123393316,0.0
SHANGHAI,42,QuantGAN,13,0.2911112478679041,3.2873418523903073,3.2888495197805563,0.5,1.0,0.4651639344262295,0.0,0.7320328542094456,0.0,0.8658787255909558,0.0,0.9329048843187661,0.0
SHANGHAI,42,QuantGAN,14,0.3780999489537209,3.489488032756776,3.2888495197805563,0.5,1.0,0.35040983606557374,0.0,0.5071868583162218,0.0,0.26002055498458376,0.0,0.1961439588688946,0.0
SHANGHAI,42,QuantGAN,15,0.34780873604240214,3.498626155007972,3.2888495197805563,0.5,1.0,0.38729508196721313,0.0,0.6211498973305954,0.0,0.42548818088386436,0.0,0.3768637532133676,0.0
SHANGHAI,42,QuantGAN,16,0.3228149587850766,3.433417435254644,3.2888495197805563,0.5,1.0,0.42008196721311475,0.0,0.7094455852156057,0.0,0.6562178828365879,0.0,0.6994858611825193,0.0
SHANGHAI,42,QuantGAN,17,0.3001791189136458,3.428985470725234,3.2888495197805563,0.5,1.0,0.45286885245901637,0.0,0.7258726899383984,0.0,0.8144912641315519,0.0,0.9056555269922879,0.0
SHANGHAI,42,QuantGAN,18,0.13913538845807394,3.1629878606613935,3.2888495197805563,0.5,1.0,0.8586065573770492,0.0,0.9291581108829569,0.0,0.9645426515930113,0.0,0.9822622107969151,0.0
SHANGHAI,42,QuantGAN,19,0.2017501231769947,3.326307909171422,3.2888495197805563,0.5,1.0,0.5881147540983607,0.0,0.7936344969199178,0.0,0.8967112024665982,0.0,0.9483290488431877,0.0
SHANGHAI,42,GJR-GARCH,0,0.1580704592253821,3.1982426898061784,3.2888495197805563,0.5,1.0,0.7131147540983607,0.0,0.8562628336755647,0.0,0.9280575539568345,0.0,0.9640102827763496,0.0
SHANGHAI,42,GJR-GARCH,1,0.19178287277849004,3.2607334274667537,3.2888495197805563,0.5,1.0,0.6065573770491803,0.0,0.8028747433264887,0.0,0.9013360739979445,0.0,0.950642673521851,0.0
SHANGHAI,42,GJR-GARCH,2,0.25258530775166554,3.2570298484116673,3.2888495197805563,0.5,1.0,0.5122950819672131,0.0,0.75564681724846,0.0,0.8776978417266187,0.0,0.9388174807197943,0.0
SHANGHAI,42,GJR-GARCH,3,0.20788201844233622,3.2320484929778712,3.2888495197805563,0.5,1.0,0.5778688524590164,0.0,0.7885010266940452,0.0,0.894141829393628,0.0,0.9470437017994858,0.0
SHANGHAI,42,GJR-GARCH,4,0.565079016578996,3.9526223834613288,3.2888495197805563,0.5,1.0,0.19262295081967212,0.0,0.28234086242299794,0.0,0.14131551901336073,0.0,0.07069408740359898,0.0
SHANGHAI,42,GJR-GARCH,5,0.2042337704705397,3.2664954194226667,3.2888495197805563,0.5,1.0,0.5840163934426229,0.0,0.7915811088295688,0.0,0.89568345323741,0.0,0.947814910025707,0.0
SHANGHAI,42,GJR-GARCH,6,0.1867181621339178,3.051389222080782,3.2888495197805563,0.5,1.0,0.6168032786885246,0.0,0.8080082135523614,0.0,0.9039054470709147,0.0,0.9519280205655527,0.0
SHANGHAI,42,GJR-GARCH,7,0.7416970764863859,3.851667246772542,3.2888495197805563,0.5,1.0,0.012295081967213115,1.0,0.055441478439425054,0.0,0.02774922918807811,0.0,0.013881748071979434,1.0
SHANGHAI,42,GJR-GARCH,8,0.1976288879265622,3.202095852500227,3.2888495197805563,0.5,1.0,0.5963114754098361,0.0,0.797741273100616,0.0,0.8987667009249743,0.0,0.9493573264781491,0.0
SHANGHAI,42,GJR-GARCH,9,0.23778141264994912,3.2713842505353337,3.2888495197805563,0.5,1.0,0.5307377049180327,0.0,0.7648870636550308,0.0,0.8823227132579651,0.0,0.9411311053984576,0.0
SHANGHAI,42,GJR-GARCH,10,0.22159586993647884,3.4550433203053714,3.2888495197805563,0.5,1.0,0.5532786885245902,0.0,0.7761806981519507,0.0,0.8879753340184995,0.0,0.9439588688946016,0.0
SHANGHAI,42,GJR-GARCH,11,0.49188846669642305,3.6793389917184296,3.2888495197805563,0.5,1.0,0.24795081967213115,0.0,0.351129363449692,0.0,0.17574511819116137,0.0,0.08791773778920309,0.0
SHANGHAI,42,GJR-GARCH,12,0.31788298893003497,3.480938376347979,3.2888495197805563,0.5,1.0,0.4262295081967213,0.0,0.7125256673511293,0.0,0.682939362795478,0.0,0.7395886889460154,0.0
SHANGHAI,42,GJR-GARCH,13,0.2557594141775159,3.287149568700266,3.2888495197805563,0.5,1.0,0.5081967213114754,0.0,0.7535934291581109,0.0,0.8766700924974307,0.0,0.9383033419023136,0.0
SHANGHAI,42,GJR-GARCH,14,0.3551095686474346,3.346860248335816,3.2888495197805563,0.5,1.0,0.3790983606557377,0.0,0.5718685831622177,0.0,0.37821171634121276,0.0,0.3133676092544987,0.0
SHANGHAI,42,GJR-GARCH,15,0.14409625366226164,3.0825658259600215,3.2888495197805563,0.5,1.0,0.8360655737704918,0.0,0.917864476386037,0.0,0.9588900308324769,0.0,0.9794344473007712,0.0
SHANGHAI,42,GJR-GARCH,16,0.21636058047620677,3.2180735385954735,3.2888495197805563,0.5,1.0,0.5635245901639344,0.0,0.7813141683778234,0.0,0.8905447070914697,0.0,0.9452442159383033,0.0
SHANGHAI,42,GJR-GARCH,17,0.19897198698711827,3.268479100846743,3.2888495197805563,0.5,1.0,0.5942622950819673,0.0,0.7967145790554415,0.0,0.8982528263103803,0.0,0.9491002570694087,0.0
SHANGHAI,42,GJR-GARCH,18,0.4273336564931579,3.493663996378066,3.2888495197805563,0.5,1.0,0.29918032786885246,0.0,0.42915811088295686,0.0,0.2147995889003083,0.0,0.10745501285347044,0.0
SHANGHAI,42,GJR-GARCH,19,0.3770959979050713,3.513006869789141,3.2888495197805563,0.5,1.0,0.3524590163934426,0.0,0.5092402464065708,0.0,0.263617677286742,0.0,0.20359897172236505,0.0
SHANGHAI,42,CNN-WGAN-GP,0,0.24081219989726166,3.2133421147404495,3.2888495197805563,0.5,1.0,0.5266393442622951,0.0,0.7628336755646817,0.0,0.8812949640287769,0.0,0.9406169665809768,0.0
SHANGHAI,42,CNN-WGAN-GP,1,0.24755973939123388,3.2799916201819728,3.2888495197805563,0.5,1.0,0.5184426229508197,0.0,0.7587268993839835,0.0,0.8792394655704008,0.0,0.9395886889460154,0.0
SHANGHAI,42,CNN-WGAN-GP,2,0.3156728643763018,3.2023922823030566,3.2888495197805563,0.5,1.0,0.430327868852459,0.0,0.7145790554414785,0.0,0.6937307297019527,0.0,0.7560411311053985,0.0
SHANGHAI,42,CNN-WGAN-GP,3,0.3144841346934608,3.169755971385429,3.2888495197805563,0.5,1.0,0.4323770491803279,0.0,0.715605749486653,0.0,0.6993833504624871,0.0,0.7748071979434448,0.0
SHANGHAI,42,CNN-WGAN-GP,4,0.19828796038680307,3.1136694861159597,3.2888495197805563,0.5,1.0,0.5942622950819673,0.0,0.7967145790554415,0.0,0.8982528263103803,0.0,0.9491002570694087,0.0
SHANGHAI,42,CNN-WGAN-GP,5,0.22406937219452527,3.2142483097804955,3.2888495197805563,0.5,1.0,0.5512295081967213,0.0,0.7751540041067762,0.0,0.8874614594039054,0.0,0.9437017994858612,0.0
SHANGHAI,42,CNN-WGAN-GP,6,0.24953476611602032,3.1935336685140294,3.2888495197805563,0.5,1.0,0.5163934426229508,0.0,0.757700205338809,0.0,0.8787255909558068,0.0,0.9393316195372751,0.0
SHANGHAI,42,CNN-WGAN-GP,7,0.23386878518784227,3.10315121377875,3.2888495197805563,0.5,1.0,0.5368852459016393,0.0,0.7679671457905544,0.0,0.8838643371017472,0.0,0.9419023136246787,0.0
SHANGHAI,42,CNN-WGAN-GP,8,0.28326065416440604,3.2905262242871793,3.2888495197805563,0.5,1.0,0.4733606557377049,0.0,0.7361396303901437,0.0,0.867934224049332,0.0,0.9339331619537276,0.0
SHANGHAI,42,CNN-WGAN-GP,9,0.17191620823421028,3.1962926618627554,3.2888495197805563,0.5,1.0,0.6516393442622951,0.0,0.8254620123203286,0.0,0.9126413155190134,0.0,0.9562982005141388,0.0
SHANGHAI,42,CNN-WGAN-GP,10,0.15149338291457792,3.113199301667756,3.2888495197805563,0.5,1.0,0.8012295081967213,0.0,0.9004106776180698,0.0,0.9501541623843782,0.0,0.9750642673521851,0.0
SHANGHAI,42,CNN-WGAN-GP,11,0.24637806487268765,3.2879933450430836,3.2888495197805563,0.5,1.0,0.5204918032786885,0.0,0.7597535934291582,0.0,0.8797533401849948,0.0,0.9398457583547558,0.0
SHANGHAI,42,CNN-WGAN-GP,12,0.19172411008392864,3.197899705959904,3.2888495197805563,0.5,1.0,0.6065573770491803,0.0,0.8028747433264887,0.0,0.9013360739979445,0.0,0.950642673521851,0.0
SHANGHAI,42,CNN-WGAN-GP,13,0.1458763212479759,3.003756825632476,3.2888495197805563,0.5,1.0,0.8278688524590164,0.0,0.9137577002053389,0.0,0.9568345323741008,0.0,0.9784061696658097,0.0
SHANGHAI,42,CNN-WGAN-GP,14,0.3953150821378719,3.5526488505017597,3.2888495197805563,0.5,1.0,0.3319672131147541,0.0,0.4753593429158111,0.0,0.23792394655704008,0.0,0.11902313624678663,0.0
SHANGHAI,42,CNN-WGAN-GP,15,0.28756593436710465,3.527534250613492,3.2888495197805563,0.5,1.0,0.4692622950819672,0.0,0.7340862422997947,0.0,0.8669064748201439,0.0,0.9334190231362468,0.0
SHANGHAI,42,CNN-WGAN-GP,16,0.32365213582972174,3.277927700388448,3.2888495197805563,0.5,1.0,0.4180327868852459,0.0,0.7084188911704312,0.0,0.6495375128468653,0.0,0.6938303341902313,0.0
SHANGHAI,42,CNN-WGAN-GP,17,0.317897927860034,3.2949766952357744,3.2888495197805563,0.5,1.0,0.4262295081967213,0.0,0.7125256673511293,0.0,0.682939362795478,0.0,0.7390745501285347,0.0
SHANGHAI,42,CNN-WGAN-GP,18,0.28028660055321797,3.543679992254746,3.2888495197805563,0.5,1.0,0.4774590163934426,0.0,0.7381930184804928,0.0,0.8689619732785201,0.0,0.9344473007712082,0.0
SHANGHAI,42,CNN-WGAN-GP,19,0.3677268501263624,3.3609145235638187,3.2888495197805563,0.5,1.0,0.36270491803278687,0.0,0.5277207392197125,0.0,0.28879753340184994,0.0,0.23470437017994858,0.0
SHANGHAI,42,CONTROL: shuffled real,0,0.19346075693656828,3.1116934997123753,3.2888495197805563,0.5,1.0,0.6045081967213115,0.0,0.8018480492813141,0.0,0.9008221993833505,0.0,0.9503856041131106,0.0
SHANGHAI,42,CONTROL: shuffled real,1,0.1525270009006967,2.994859297089497,3.2888495197805563,0.5,1.0,0.7971311475409836,0.0,0.8983572895277208,0.0,0.9491264131551901,0.0,0.9745501285347044,0.0
SHANGHAI,42,CONTROL: shuffled real,2,0.17060528738072867,3.1239295917010477,3.2888495197805563,0.5,1.0,0.6557377049180327,0.0,0.8275154004106776,0.0,0.9136690647482014,0.0,0.9568123393316196,0.0
SHANGHAI,42,CONTROL: shuffled real,3,0.1367966194371295,3.099088464403174,3.2888495197805563,0.5,1.0,0.8668032786885246,0.0,0.9332648870636551,0.0,0.9665981500513875,0.0,0.9832904884318766,0.0
SHANGHAI,42,CONTROL: shuffled real,4,0.132494150559324,3.0195116118971255,3.2888495197805563,0.5,1.0,0.8831967213114754,0.0,0.9414784394250514,0.0,0.9707091469681398,0.0,0.9853470437017995,0.0
SHANGHAI,42,CONTROL: shuffled real,5,0.18565832731753495,2.9779670179082918,3.2888495197805563,0.5,1.0,0.6188524590163934,0.0,0.8090349075975359,0.0,0.9044193216855088,0.0,0.9521850899742931,0.0
SHANGHAI,42,CONTROL: shuffled real,6,0.17411620775950531,3.2179683466664706,3.2888495197805563,0.5,1.0,0.6454918032786885,0.0,0.8223819301848049,0.0,0.9110996916752312,0.0,0.9555269922879177,0.0
SHANGHAI,42,CONTROL: shuffled real,7,0.16476835844223392,3.1224163470507857,3.2888495197805563,0.5,1.0,0.6782786885245902,0.0,0.8388090349075975,0.0,0.9193216855087358,0.0,0.9596401028277635,0.0
SHANGHAI,42,CONTROL: shuffled real,8,0.157441885867724,3.1273351538741228,3.2888495197805563,0.5,1.0,0.7192622950819673,0.0,0.8593429158110883,0.0,0.9295991778006166,0.0,0.9647814910025707,0.0
SHANGHAI,42,CONTROL: shuffled real,9,0.16937012781632999,3.086838374845394,3.2888495197805563,0.5,1.0,0.6598360655737705,0.0,0.8295687885010267,0.0,0.9146968139773896,0.0,0.9573264781491002,0.0
SHANGHAI,42,CONTROL: shuffled real,10,0.17086942814435369,3.0469204633423375,3.2888495197805563,0.5,1.0,0.6557377049180327,0.0,0.8275154004106776,0.0,0.9136690647482014,0.0,0.9568123393316196,0.0
SHANGHAI,42,CONTROL: shuffled real,11,0.1405485544114944,2.9940842447843887,3.2888495197805563,0.5,1.0,0.8524590163934426,0.0,0.9260780287474333,0.0,0.9630010277492291,0.0,0.9814910025706941,0.0
SHANGHAI,42,CONTROL: shuffled real,12,0.17120406033737057,2.9896393417833735,3.2888495197805563,0.5,1.0,0.6536885245901639,0.0,0.8264887063655031,0.0,0.9131551901336074,0.0,0.9565552699228792,0.0
SHANGHAI,42,CONTROL: shuffled real,13,0.18083691017870818,3.2331274035264763,3.2888495197805563,0.5,1.0,0.6290983606557377,0.0,0.8141683778234087,0.0,0.906988694758479,0.0,0.9534704370179948,0.0
SHANGHAI,42,CONTROL: shuffled real,14,0.1616135825649141,3.037335251161855,3.2888495197805563,0.5,1.0,0.6926229508196722,0.0,0.8459958932238193,0.0,0.9229188078108942,0.0,0.961439588688946,0.0
SHANGHAI,42,CONTROL: shuffled real,15,0.1580757297276587,3.018040452306615,3.2888495197805563,0.5,1.0,0.7131147540983607,0.0,0.8562628336755647,0.0,0.9280575539568345,0.0,0.9640102827763496,0.0
SHANGHAI,42,CONTROL: shuffled real,16,0.14151942201137624,3.073462144605305,3.2888495197805563,0.5,1.0,0.8483606557377049,0.0,0.9240246406570842,0.0,0.9619732785200411,0.0,0.9809768637532134,0.0
SHANGHAI,42,CONTROL: shuffled real,17,0.15081270038359196,3.1730658507611094,3.2888495197805563,0.5,1.0,0.8032786885245902,0.0,0.9014373716632443,0.0,0.9506680369989723,0.0,0.9753213367609255,0.0
SHANGHAI,42,CONTROL: shuffled real,18,0.1147084969408132,3.0767432702063595,3.2888495197805563,1.0,0.0,1.0,0.0,1.0,0.0,1.0,0.0,1.0,0.0
SHANGHAI,42,CONTROL: shuffled real,19,0.17298289831747193,3.034835724194837,3.2888495197805563,0.5,1.0,0.6495901639344263,0.0,0.824435318275154,0.0,0.9121274409044193,0.0,0.9560411311053985,0.0
SHANGHAI,43,TimeGAN,0,0.3620324769028831,3.588140643154878,3.2888495197805563,0.5,1.0,0.36885245901639346,0.0,0.5400410677618069,0.0,0.32425488180883866,0.0,0.26118251928020564,0.0
SHANGHAI,43,TimeGAN,1,0.38547860470360185,3.636063428151956,3.2888495197805563,0.5,1.0,0.3422131147540984,0.0,0.4917864476386037,0.0,0.24614594039054472,0.0,0.15758354755784063,0.0
SHANGHAI,43,TimeGAN,2,0.42539735774232257,3.5564895420132654,3.2888495197805563,0.5,1.0,0.3012295081967213,0.0,0.4322381930184805,0.0,0.21634121274409043,0.0,0.10822622107969151,0.0
SHANGHAI,43,TimeGAN,3,0.3998833396839706,3.5604162117271456,3.2888495197805563,0.5,1.0,0.32786885245901637,0.0,0.4681724845995893,0.0,0.2343268242548818,0.0,0.11722365038560412,0.0
SHANGHAI,43,TimeGAN,4,0.4137423114403196,3.639176674977381,3.2888495197805563,0.5,1.0,0.3135245901639344,0.0,0.44763860369609854,0.0,0.22404933196300103,0.0,0.11208226221079691,0.0
SHANGHAI,43,TimeGAN,5,0.40103545632746296,3.599790779500357,3.2888495197805563,0.5,1.0,0.32581967213114754,0.0,0.46611909650924027,0.0,0.23329907502569372,0.0,0.1167095115681234,0.0
SHANGHAI,43,TimeGAN,6,0.2707133497164047,3.570534939853701,3.2888495197805563,0.5,1.0,0.48975409836065575,0.0,0.74435318275154,0.0,0.8720452209660843,0.0,0.9359897172236504,0.0
SHANGHAI,43,TimeGAN,7,0.41523374667253155,3.342937206457203,3.2888495197805563,0.5,1.0,0.3114754098360656,0.0,0.4455852156057495,0.0,0.22302158273381295,0.0,0.11156812339331619,0.0
SHANGHAI,43,TimeGAN,8,0.3622530543257332,3.620991034352732,3.2888495197805563,0.5,1.0,0.36885245901639346,0.0,0.5390143737166324,0.0,0.3227132579650565,0.0,0.2601542416452442,0.0
SHANGHAI,43,TimeGAN,9,0.37649735110952054,3.835393738969167,3.2888495197805563,0.5,1.0,0.3524590163934426,0.0,0.5102669404517454,0.0,0.26515930113052416,0.0,0.20591259640102827,0.0
SHANGHAI,43,TimeGAN,10,0.8559812789635157,4.405948161892606,3.2888495197805563,0.5,1.0,0.0020491803278688526,1.0,0.001026694045174538,1.0,0.0005138746145940391,1.0,0.0002570694087403599,1.0
SHANGHAI,43,TimeGAN,11,0.36332501132061634,3.641141769924732,3.2888495197805563,0.5,1.0,0.36885245901639346,0.0,0.5369609856262834,0.0,0.30935251798561153,0.0,0.25218508997429306,0.0
SHANGHAI,43,TimeGAN,12,0.39147290233301746,3.4692385053157384,3.2888495197805563,0.5,1.0,0.3360655737704918,0.0,0.48254620123203285,0.0,0.24152106885919836,0.0,0.12082262210796915,0.0
SHANGHAI,43,TimeGAN,13,0.2067964879323252,3.5189251639055605,3.2888495197805563,0.5,1.0,0.5799180327868853,0.0,0.7895277207392197,0.0,0.894655704008222,0.0,0.9473007712082262,0.0
SHANGHAI,43,TimeGAN,14,0.34509328703139597,3.6855198555543,3.2888495197805563,0.5,1.0,0.39139344262295084,0.0,0.6314168377823408,0.0,0.43730729701952725,0.0,0.40951156812339334,0.0
SHANGHAI,43,TimeGAN,15,0.4997756674434177,3.5093733434668186,3.2888495197805563,0.5,1.0,0.24180327868852458,0.0,0.34291581108829566,0.0,0.17163412127440905,0.0,0.08586118251928021,0.0
SHANGHAI,43,TimeGAN,16,0.5015418732191717,3.5293469328482305,3.2888495197805563,0.5,1.0,0.23975409836065573,0.0,0.3408624229979466,0.0,0.17060637204522097,0.0,0.08534704370179949,0.0
SHANGHAI,43,TimeGAN,17,0.3491921138920736,3.6549282470998925,3.2888495197805563,0.5,1.0,0.38524590163934425,0.0,0.6160164271047228,0.0,0.4188078108941418,0.0,0.36632390745501286,0.0
SHANGHAI,43,TimeGAN,18,0.3654987903213669,3.263780076405335,3.2888495197805563,0.5,1.0,0.36475409836065575,0.0,0.5318275154004107,0.0,0.29239465570400824,0.0,0.2403598971722365,0.0
SHANGHAI,43,TimeGAN,19,0.4505259101240041,3.803746466382263,3.2888495197805563,0.5,1.0,0.2786885245901639,0.0,0.4004106776180698,0.0,0.20041109969167523,0.0,0.10025706940874037,0.0
SHANGHAI,43,GARCH,0,0.17118163772074202,3.1197344462921563,3.2888495197805563,0.5,1.0,0.6536885245901639,0.0,0.8264887063655031,0.0,0.9131551901336074,0.0,0.9565552699228792,0.0
SHANGHAI,43,GARCH,1,0.2796130918649167,3.157672118154774,3.2888495197805563,0.5,1.0,0.47950819672131145,0.0,0.7392197125256673,0.0,0.869475847893114,0.0,0.9347043701799486,0.0
SHANGHAI,43,GARCH,2,0.6745602611709222,3.782315644170501,3.2888495197805563,0.5,1.0,0.11475409836065574,0.0,0.18275154004106775,0.0,0.09146968139773895,0.0,0.04575835475578406,0.0
SHANGHAI,43,GARCH,3,0.3241462103838042,3.3272140954129563,3.2888495197805563,0.5,1.0,0.4180327868852459,0.0,0.7084188911704312,0.0,0.6459403905447071,0.0,0.6907455012853471,0.0
SHANGHAI,43,GARCH,4,0.34816734829627616,3.326161138772539,3.2888495197805563,0.5,1.0,0.38729508196721313,0.0,0.6201232032854209,0.0,0.4239465570400822,0.0,0.37480719794344475,0.0
SHANGHAI,43,GARCH,5,0.29150893815525136,3.3384727827158676,3.2888495197805563,0.5,1.0,0.4651639344262295,0.0,0.7320328542094456,0.0,0.8607399794450155,0.0,0.9303341902313624,0.0
SHANGHAI,43,GARCH,6,0.4438714261954557,3.4849565842263366,3.2888495197805563,0.5,1.0,0.2848360655737705,0.0,0.40965092402464065,0.0,0.20503597122302158,0.0,0.1025706940874036,0.0
SHANGHAI,43,GARCH,7,0.7349704454271822,4.101853840628149,3.2888495197805563,0.5,1.0,0.045081967213114756,0.0,0.09958932238193019,0.0,0.04984583761562179,0.0,0.02493573264781491,1.0
SHANGHAI,43,GARCH,8,0.2543483661575503,3.2356330965874767,3.2888495197805563,0.5,1.0,0.5102459016393442,0.0,0.7546201232032854,0.0,0.8771839671120246,0.0,0.9385604113110539,0.0
SHANGHAI,43,GARCH,9,0.12126957645339753,3.0250110638380265,3.2888495197805563,0.5,1.0,0.9610655737704918,0.0,0.9804928131416838,0.0,0.9902363823227133,0.0,0.9951156812339331,0.0
SHANGHAI,43,GARCH,10,0.30716756081429364,3.3682504446782358,3.2888495197805563,0.5,1.0,0.4426229508196721,0.0,0.7207392197125256,0.0,0.7482014388489209,0.0,0.8462724935732647,0.0
SHANGHAI,43,GARCH,11,0.1821136824045908,3.136603789260719,3.2888495197805563,0.5,1.0,0.6270491803278688,0.0,0.813141683778234,0.0,0.9064748201438849,0.0,0.9532133676092545,0.0
SHANGHAI,43,GARCH,12,0.17473726499420228,3.2661409725697395,3.2888495197805563,0.5,1.0,0.6434426229508197,0.0,0.8213552361396304,0.0,0.9105858170606372,0.0,0.9552699228791773,0.0
SHANGHAI,43,GARCH,13,0.1227904726609177,3.206151798508658,3.2888495197805563,0.5,1.0,0.944672131147541,0.0,0.9722792607802875,0.0,0.986125385405961,0.0,0.9930591259640102,0.0
SHANGHAI,43,GARCH,14,0.3050461180214046,3.342859624340792,3.2888495197805563,0.5,1.0,0.444672131147541,0.0,0.7217659137577002,0.0,0.7667009249743063,0.0,0.8622107969151671,0.0
SHANGHAI,43,GARCH,15,0.18794851896592157,3.2981355804618726,3.2888495197805563,0.5,1.0,0.6147540983606558,0.0,0.8069815195071869,0.0,0.9033915724563206,0.0,0.9516709511568123,0.0
SHANGHAI,43,GARCH,16,0.39952971531669634,3.701380290038023,3.2888495197805563,0.5,1.0,0.32786885245901637,0.0,0.46919917864476385,0.0,0.23484069886947584,0.0,0.11748071979434448,0.0
SHANGHAI,43,GARCH,17,0.1404958208135494,3.0716412047996915,3.2888495197805563,0.5,1.0,0.8524590163934426,0.0,0.9260780287474333,0.0,0.9630010277492291,0.0,0.9814910025706941,0.0
SHANGHAI,43,GARCH,18,0.6944608996244542,4.754257574879874,3.2888495197805563,0.5,1.0,0.09836065573770492,0.0,0.162217659137577,0.0,0.08119218910585817,0.0,0.04061696658097686,0.0
SHANGHAI,43,GARCH,19,0.3636465325985718,3.3378186320870338,3.2888495197805563,0.5,1.0,0.3668032786885246,0.0,0.5359342915811088,0.0,0.3062692702980473,0.0,0.2501285347043702,0.0
SHANGHAI,43,QuantGAN,0,0.1662392374881343,3.3071490458081088,3.2888495197805563,0.5,1.0,0.6721311475409836,0.0,0.8357289527720739,0.0,0.9177800616649537,0.0,0.9588688946015425,0.0
SHANGHAI,43,QuantGAN,1,0.20537588052329614,3.2834689120511196,3.2888495197805563,0.5,1.0,0.5819672131147541,0.0,0.7905544147843943,0.0,0.895169578622816,0.0,0.9475578406169666,0.0
SHANGHAI,43,QuantGAN,2,0.2116628987103375,3.1556126044782022,3.2888495197805563,0.5,1.0,0.5717213114754098,0.0,0.7854209445585215,0.0,0.8926002055498459,0.0,0.9462724935732648,0.0
SHANGHAI,43,QuantGAN,3,0.1984996150766709,3.4337217170525305,3.2888495197805563,0.5,1.0,0.5942622950819673,0.0,0.7967145790554415,0.0,0.8982528263103803,0.0,0.9491002570694087,0.0
SHANGHAI,43,QuantGAN,4,0.14444795709432623,3.2215987536497033,3.2888495197805563,0.5,1.0,0.8340163934426229,0.0,0.9168377823408624,0.0,0.9583761562178829,0.0,0.9791773778920309,0.0
SHANGHAI,43,QuantGAN,5,0.2995853021704733,3.4369328417950795,3.2888495197805563,0.5,1.0,0.45286885245901637,0.0,0.7258726899383984,0.0,0.817060637204522,0.0,0.9084832904884319,0.0
SHANGHAI,43,QuantGAN,6,0.1595369040307879,3.251976936791658,3.2888495197805563,0.5,1.0,0.7028688524590164,0.0,0.851129363449692,0.0,0.9254881808838643,0.0,0.9627249357326478,0.0
SHANGHAI,43,QuantGAN,7,0.39881432597399946,3.6337240725401907,3.2888495197805563,0.5,1.0,0.32991803278688525,0.0,0.47125256673511295,0.0,0.23586844809866392,0.0,0.1179948586118252,0.0
SHANGHAI,43,QuantGAN,8,0.1841476863370901,3.377051848815075,3.2888495197805563,0.5,1.0,0.6229508196721312,0.0,0.811088295687885,0.0,0.9054470709146968,0.0,0.9526992287917738,0.0
SHANGHAI,43,QuantGAN,9,0.23495614805363307,3.144998087282372,3.2888495197805563,0.5,1.0,0.5348360655737705,0.0,0.7669404517453798,0.0,0.8833504624871531,0.0,0.9416452442159383,0.0
SHANGHAI,43,QuantGAN,10,0.1533257326276367,3.2928624733674052,3.2888495197805563,0.5,1.0,0.7930327868852459,0.0,0.8963039014373717,0.0,0.9480986639260021,0.0,0.9740359897172236,0.0
SHANGHAI,43,QuantGAN,11,0.4252558437168138,3.554935804806542,3.2888495197805563,0.5,1.0,0.3012295081967213,0.0,0.4322381930184805,0.0,0.21634121274409043,0.0,0.10822622107969151,0.0
SHANGHAI,43,QuantGAN,12,0.23331389078306275,3.376573039902285,3.2888495197805563,0.5,1.0,0.5368852459016393,0.0,0.7679671457905544,0.0,0.8838643371017472,0.0,0.9419023136246787,0.0
SHANGHAI,43,QuantGAN,13,0.11103266474759033,3.0719359901434715,3.2888495197805563,1.0,0.0,1.0,0.0,1.0,0.0,1.0,0.0,1.0,0.0
SHANGHAI,43,QuantGAN,14,0.16876100138391048,3.1634518526228024,3.2888495197805563,0.5,1.0,0.6618852459016393,0.0,0.8305954825462012,0.0,0.9152106885919835,0.0,0.9575835475578406,0.0
SHANGHAI,43,QuantGAN,15,0.2977138985541221,3.3818273740917264,3.2888495197805563,0.5,1.0,0.4569672131147541,0.0,0.7279260780287474,0.0,0.8252826310380267,0.0,0.9125964010282777,0.0
SHANGHAI,43,QuantGAN,16,0.14947688237237533,3.152938479661611,3.2888495197805563,0.5,1.0,0.8094262295081968,0.0,0.9045174537987679,0.0,0.9522096608427544,0.0,0.9760925449871465,0.0
SHANGHAI,43,QuantGAN,17,0.45330906535009063,3.4963912935897414,3.2888495197805563,0.5,1.0,0.2766393442622951,0.0,0.3973305954825462,0.0,0.1988694758478931,0.0,0.09948586118251929,0.0
SHANGHAI,43,QuantGAN,18,0.297001440087157,3.520021354715495,3.2888495197805563,0.5,1.0,0.4569672131147541,0.0,0.7279260780287474,0.0,0.8273381294964028,0.0,0.913624678663239,0.0
SHANGHAI,43,QuantGAN,19,0.4982972048801566,3.839645573736507,3.2888495197805563,0.5,1.0,0.24385245901639344,0.0,0.34496919917864477,0.0,0.17266187050359713,0.0,0.08637532133676093,0.0
SHANGHAI,43,GJR-GARCH,0,0.17082963213415403,3.1206405195784717,3.2888495197805563,0.5,1.0,0.6557377049180327,0.0,0.8275154004106776,0.0,0.9136690647482014,0.0,0.9568123393316196,0.0
SHANGHAI,43,GJR-GARCH,1,0.2781843121534662,3.1564236623496558,3.2888495197805563,0.5,1.0,0.47950819672131145,0.0,0.7392197125256673,0.0,0.869475847893114,0.0,0.9347043701799486,0.0
SHANGHAI,43,GJR-GARCH,2,0.6552803042038795,3.704804658457155,3.2888495197805563,0.5,1.0,0.1290983606557377,0.0,0.20123203285420946,0.0,0.10071942446043165,0.0,0.05038560411311054,0.0
SHANGHAI,43,GJR-GARCH,3,0.32416489419308436,3.3309856791996872,3.2888495197805563,0.5,1.0,0.4180327868852459,0.0,0.7084188911704312,0.0,0.6459403905447071,0.0,0.6904884318766067,0.0
SHANGHAI,43,GJR-GARCH,4,0.3407128979769143,3.324955881314664,3.2888495197805563,0.5,1.0,0.39549180327868855,0.0,0.6478439425051334,0.0,0.4568345323741007,0.0,0.4673521850899743,0.0
SHANGHAI,43,GJR-GARCH,5,0.30137194855501614,3.356174369502461,3.2888495197805563,0.5,1.0,0.45081967213114754,0.0,0.7248459958932238,0.0,0.8088386433710175,0.0,0.896401028277635,0.0
SHANGHAI,43,GJR-GARCH,6,0.43517435346131883,3.4779489534543973,3.2888495197805563,0.5,1.0,0.2930327868852459,0.0,0.419917864476386,0.0,0.21017471736896198,0.0,0.1051413881748072,0.0
SHANGHAI,43,GJR-GARCH,7,0.733842819224711,4.107990440550429,3.2888495197805563,0.5,1.0,0.0471311475409836,0.0,0.10164271047227925,0.0,0.050873586844809866,0.0,0.02544987146529563,0.0
SHANGHAI,43,GJR-GARCH,8,0.2508819371273532,3.2380721292880876,3.2888495197805563,0.5,1.0,0.514344262295082,0.0,0.7566735112936345,0.0,0.8782117163412128,0.0,0.9390745501285347,0.0
SHANGHAI,43,GJR-GARCH,9,0.12118528952256002,3.0253498808695056,3.2888495197805563,0.5,1.0,0.9610655737704918,0.0,0.9804928131416838,0.0,0.9902363823227133,0.0,0.9951156812339331,0.0
SHANGHAI,43,GJR-GARCH,10,0.3035352030176408,3.3582669169438684,3.2888495197805563,0.5,1.0,0.4487704918032787,0.0,0.7238193018480493,0.0,0.7810894141829393,0.0,0.8730077120822622,0.0
SHANGHAI,43,GJR-GARCH,11,0.18158871302647883,3.1343593134742815,3.2888495197805563,0.5,1.0,0.6270491803278688,0.0,0.813141683778234,0.0,0.9064748201438849,0.0,0.9532133676092545,0.0
SHANGHAI,43,GJR-GARCH,12,0.16559686703001564,3.2399315571031715,3.2888495197805563,0.5,1.0,0.6741803278688525,0.0,0.8367556468172485,0.0,0.9182939362795478,0.0,0.9591259640102828,0.0
SHANGHAI,43,GJR-GARCH,13,0.12267831652752137,3.205907777730612,3.2888495197805563,0.5,1.0,0.944672131147541,0.0,0.9722792607802875,0.0,0.986125385405961,0.0,0.9930591259640102,0.0
SHANGHAI,43,GJR-GARCH,14,0.30411826990225443,3.3374858657248776,3.2888495197805563,0.5,1.0,0.44672131147540983,0.0,0.7227926078028748,0.0,0.774922918807811,0.0,0.8683804627249357,0.0
SHANGHAI,43,GJR-GARCH,15,0.18648435953518572,3.2956901316034113,3.2888495197805563,0.5,1.0,0.6168032786885246,0.0,0.8080082135523614,0.0,0.9039054470709147,0.0,0.9519280205655527,0.0
SHANGHAI,43,GJR-GARCH,16,0.3804878157662881,3.657066767641681,3.2888495197805563,0.5,1.0,0.3483606557377049,0.0,0.502053388090349,0.0,0.2523124357656732,0.0,0.1853470437017995,0.0
SHANGHAI,43,GJR-GARCH,17,0.14098502863884255,3.071234251942878,3.2888495197805563,0.5,1.0,0.8504098360655737,0.0,0.9250513347022588,0.0,0.9624871531346352,0.0,0.9812339331619537,0.0
SHANGHAI,43,GJR-GARCH,18,0.6658101860781909,4.4520866895561575,3.2888495197805563,0.5,1.0,0.12295081967213115,0.0,0.1919917864476386,0.0,0.09609455292908531,0.0,0.0480719794344473,0.0
SHANGHAI,43,GJR-GARCH,19,0.355000005823338,3.320683422812113,3.2888495197805563,0.5,1.0,0.3790983606557377,0.0,0.5728952772073922,0.0,0.37923946557040084,0.0,0.31439588688946013,0.0
SHANGHAI,43,CNN-WGAN-GP,0,0.33446460237053666,3.3736083290800263,3.2888495197805563,0.5,1.0,0.4036885245901639,0.0,0.7012320328542094,0.0,0.5940390544707091,0.0,0.5622107969151671,0.0
SHANGHAI,43,CNN-WGAN-GP,1,0.21465198245960582,3.1405080519774113,3.2888495197805563,0.5,1.0,0.5655737704918032,0.0,0.7823408624229979,0.0,0.8910585817060637,0.0,0.9455012853470437,0.0
SHANGHAI,43,CNN-WGAN-GP,2,0.2709971263359612,3.347106608249009,3.2888495197805563,0.5,1.0,0.48975409836065575,0.0,0.74435318275154,0.0,0.8720452209660843,0.0,0.9359897172236504,0.0
SHANGHAI,43,CNN-WGAN-GP,3,0.2407715128386798,3.168573122086239,3.2888495197805563,0.5,1.0,0.5266393442622951,0.0,0.7628336755646817,0.0,0.8812949640287769,0.0,0.9406169665809768,0.0
SHANGHAI,43,CNN-WGAN-GP,4,0.18846609721523033,3.1688899631647294,3.2888495197805563,0.5,1.0,0.6127049180327869,0.0,0.8059548254620124,0.0,0.9028776978417267,0.0,0.951413881748072,0.0
SHANGHAI,43,CNN-WGAN-GP,5,0.19613447218607938,3.1457639536479465,3.2888495197805563,0.5,1.0,0.5983606557377049,0.0,0.7987679671457906,0.0,0.8992805755395683,0.0,0.9496143958868895,0.0
SHANGHAI,43,CNN-WGAN-GP,6,0.30853374057865945,3.3902950551384525,3.2888495197805563,0.5,1.0,0.4405737704918033,0.0,0.7197125256673511,0.0,0.737410071942446,0.0,0.8344473007712082,0.0
SHANGHAI,43,CNN-WGAN-GP,7,0.2696777047794907,3.279758549142735,3.2888495197805563,0.5,1.0,0.48975409836065575,0.0,0.74435318275154,0.0,0.8720452209660843,0.0,0.9359897172236504,0.0
SHANGHAI,43,CNN-WGAN-GP,8,0.1554433979029748,3.1698372898901246,3.2888495197805563,0.5,1.0,0.7397540983606558,0.0,0.8696098562628337,0.0,0.9347379239465571,0.0,0.9673521850899743,0.0
SHANGHAI,43,CNN-WGAN-GP,9,0.2609888906067819,3.372245987064427,3.2888495197805563,0.5,1.0,0.5020491803278688,0.0,0.7505133470225873,0.0,0.8751284686536485,0.0,0.9375321336760926,0.0
SHANGHAI,43,CNN-WGAN-GP,10,0.19957561080479613,3.0951686073950313,3.2888495197805563,0.5,1.0,0.5922131147540983,0.0,0.795687885010267,0.0,0.8977389516957862,0.0,0.9488431876606683,0.0
SHANGHAI,43,CNN-WGAN-GP,11,0.1470169330535247,3.0784074595566326,3.2888495197805563,0.5,1.0,0.8217213114754098,0.0,0.9106776180698152,0.0,0.9552929085303186,0.0,0.9776349614395887,0.0
SHANGHAI,43,CNN-WGAN-GP,12,0.34845185797506883,3.4052675781438153,3.2888495197805563,0.5,1.0,0.38729508196721313,0.0,0.6201232032854209,0.0,0.42291880781089414,0.0,0.3724935732647815,0.0
SHANGHAI,43,CNN-WGAN-GP,13,0.20683719950035306,3.2088731021346635,3.2888495197805563,0.5,1.0,0.5778688524590164,0.0,0.7885010266940452,0.0,0.894141829393628,0.0,0.9470437017994858,0.0
SHANGHAI,43,CNN-WGAN-GP,14,0.28995207101560116,3.2775304974257327,3.2888495197805563,0.5,1.0,0.4672131147540984,0.0,0.7330595482546202,0.0,0.8663926002055499,0.0,0.9331619537275064,0.0
SHANGHAI,43,CNN-WGAN-GP,15,0.32094183128881526,3.232647204335274,3.2888495197805563,0.5,1.0,0.42213114754098363,0.0,0.7104722792607803,0.0,0.6680369989722508,0.0,0.712082262210797,0.0
SHANGHAI,43,CNN-WGAN-GP,16,0.21051732086593833,3.2699882970420084,3.2888495197805563,0.5,1.0,0.5717213114754098,0.0,0.7854209445585215,0.0,0.8926002055498459,0.0,0.9462724935732648,0.0
SHANGHAI,43,CNN-WGAN-GP,17,0.37791428375322167,3.4334410245099076,3.2888495197805563,0.5,1.0,0.35040983606557374,0.0,0.5071868583162218,0.0,0.2605344295991778,0.0,0.19742930591259641,0.0
SHANGHAI,43,CNN-WGAN-GP,18,0.2842221781962768,3.3362902245847788,3.2888495197805563,0.5,1.0,0.4733606557377049,0.0,0.7361396303901437,0.0,0.867934224049332,0.0,0.9339331619537276,0.0
SHANGHAI,43,CNN-WGAN-GP,19,0.19022613579279457,3.1449322411863228,3.2888495197805563,0.5,1.0,0.610655737704918,0.0,0.8049281314168378,0.0,0.9023638232271326,0.0,0.9511568123393316,0.0
SHANGHAI,43,CONTROL: shuffled real,0,0.19346075693656828,3.1116934997123753,3.2888495197805563,0.5,1.0,0.6045081967213115,0.0,0.8018480492813141,0.0,0.9008221993833505,0.0,0.9503856041131106,0.0
SHANGHAI,43,CONTROL: shuffled real,1,0.15691699966175077,3.0411977205305285,3.2888495197805563,0.5,1.0,0.7233606557377049,0.0,0.8613963039014374,0.0,0.9306269270298048,0.0,0.9652956298200515,0.0
SHANGHAI,43,CONTROL: shuffled real,2,0.17357147476748835,3.1438210546588814,3.2888495197805563,0.5,1.0,0.6475409836065574,0.0,0.8234086242299795,0.0,0.9116135662898253,0.0,0.9557840616966581,0.0
SHANGHAI,43,CONTROL: shuffled real,3,0.13902774081044256,3.101551993344713,3.2888495197805563,0.5,1.0,0.8586065573770492,0.0,0.9291581108829569,0.0,0.9645426515930113,0.0,0.9822622107969151,0.0
SHANGHAI,43,CONTROL: shuffled real,4,0.14220966535365998,2.9427895100658428,3.2888495197805563,0.5,1.0,0.8463114754098361,0.0,0.9229979466119097,0.0,0.961459403905447,0.0,0.980719794344473,0.0
SHANGHAI,43,CONTROL: shuffled real,5,0.16106648430748294,3.134123670146125,3.2888495197805563,0.5,1.0,0.694672131147541,0.0,0.8470225872689938,0.0,0.9234326824254881,0.0,0.9616966580976863,0.0
SHANGHAI,43,CONTROL: shuffled real,6,0.18226622906118095,3.018173322538065,3.2888495197805563,0.5,1.0,0.6270491803278688,0.0,0.813141683778234,0.0,0.9064748201438849,0.0,0.9532133676092545,0.0
SHANGHAI,43,CONTROL: shuffled real,7,0.19665104441067505,3.001640986362648,3.2888495197805563,0.5,1.0,0.5983606557377049,0.0,0.7987679671457906,0.0,0.8992805755395683,0.0,0.9496143958868895,0.0
SHANGHAI,43,CONTROL: shuffled real,8,0.16229805906844197,3.039219746077086,3.2888495197805563,0.5,1.0,0.6885245901639344,0.0,0.8439425051334702,0.0,0.9218910585817061,0.0,0.9609254498714653,0.0
SHANGHAI,43,CONTROL: shuffled real,9,0.14543902383150908,3.075533116607897,3.2888495197805563,0.5,1.0,0.8299180327868853,0.0,0.9147843942505134,0.0,0.9573484069886947,0.0,0.9786632390745501,0.0
SHANGHAI,43,CONTROL: shuffled real,10,0.17253560965584525,3.098167360453885,3.2888495197805563,0.5,1.0,0.6495901639344263,0.0,0.824435318275154,0.0,0.9121274409044193,0.0,0.9560411311053985,0.0
SHANGHAI,43,CONTROL: shuffled real,11,0.17358822716534905,3.1427122248634682,3.2888495197805563,0.5,1.0,0.6475409836065574,0.0,0.8234086242299795,0.0,0.9116135662898253,0.0,0.9557840616966581,0.0
SHANGHAI,43,CONTROL: shuffled real,12,0.13696736251295372,2.9702869061174018,3.2888495197805563,0.5,1.0,0.8668032786885246,0.0,0.9332648870636551,0.0,0.9665981500513875,0.0,0.9832904884318766,0.0
SHANGHAI,43,CONTROL: shuffled real,13,0.18093082162187324,3.100675296092881,3.2888495197805563,0.5,1.0,0.6290983606557377,0.0,0.8141683778234087,0.0,0.906988694758479,0.0,0.9534704370179948,0.0
SHANGHAI,43,CONTROL: shuffled real,14,0.15883858355459113,2.9950189668974674,3.2888495197805563,0.5,1.0,0.7069672131147541,0.0,0.8531827515400411,0.0,0.9265159301130524,0.0,0.9632390745501286,0.0
SHANGHAI,43,CONTROL: shuffled real,15,0.16134688071260017,2.956723479172184,3.2888495197805563,0.5,1.0,0.6926229508196722,0.0,0.8459958932238193,0.0,0.9229188078108942,0.0,0.961439588688946,0.0
SHANGHAI,43,CONTROL: shuffled real,16,0.17407950168197672,2.985087182450826,3.2888495197805563,0.5,1.0,0.6454918032786885,0.0,0.8223819301848049,0.0,0.9110996916752312,0.0,0.9555269922879177,0.0
SHANGHAI,43,CONTROL: shuffled real,17,0.14472753633888602,3.0194092564235233,3.2888495197805563,0.5,1.0,0.8340163934426229,0.0,0.9168377823408624,0.0,0.9583761562178829,0.0,0.9791773778920309,0.0
SHANGHAI,43,CONTROL: shuffled real,18,0.14703712176660622,3.0689646142063007,3.2888495197805563,0.5,1.0,0.8217213114754098,0.0,0.9106776180698152,0.0,0.9552929085303186,0.0,0.9776349614395887,0.0
SHANGHAI,43,CONTROL: shuffled real,19,0.15876887347895363,2.9864701062888037,3.2888495197805563,0.5,1.0,0.7069672131147541,0.0,0.8531827515400411,0.0,0.9265159301130524,0.0,0.9632390745501286,0.0
SHANGHAI,44,TimeGAN,0,0.5048429301052687,3.409064688334846,3.2888495197805563,0.5,1.0,0.23770491803278687,0.0,0.337782340862423,0.0,0.16906474820143885,0.0,0.08457583547557841,0.0
SHANGHAI,44,TimeGAN,1,0.6298487916336123,3.4818310770805083,3.2888495197805563,0.5,1.0,0.14754098360655737,0.0,0.22381930184804927,0.0,0.11202466598150052,0.0,0.056041131105398455,0.0
SHANGHAI,44,TimeGAN,2,0.3750400259642904,3.7837441270814725,3.2888495197805563,0.5,1.0,0.35450819672131145,0.0,0.5143737166324436,0.0,0.2723535457348407,0.0,0.21233933161953727,0.0
SHANGHAI,44,TimeGAN,3,0.5394982148351317,3.52136408791449,3.2888495197805563,0.5,1.0,0.21311475409836064,0.0,0.3069815195071869,0.0,0.15364850976361769,0.0,0.07686375321336761,0.0
SHANGHAI,44,TimeGAN,4,0.45638916849671674,3.5521180373958265,3.2888495197805563,0.5,1.0,0.27459016393442626,0.0,0.3942505133470226,0.0,0.197327852004111,0.0,0.09871465295629821,0.0
SHANGHAI,44,TimeGAN,5,0.4397829115701266,3.2977081577638128,3.2888495197805563,0.5,1.0,0.2889344262295082,0.0,0.41478439425051333,0.0,0.20760534429599178,0.0,0.1038560411311054,0.0
SHANGHAI,44,TimeGAN,6,0.3623452095888503,3.8028127064886563,3.2888495197805563,0.5,1.0,0.36885245901639346,0.0,0.5390143737166324,0.0,0.3221993833504625,0.0,0.2596401028277635,0.0
SHANGHAI,44,TimeGAN,7,0.3970174302975512,3.866081764107895,3.2888495197805563,0.5,1.0,0.32991803278688525,0.0,0.4722792607802875,0.0,0.23638232271325796,0.0,0.11825192802056556,0.0
SHANGHAI,44,TimeGAN,8,0.4790162995646482,3.7474486890047145,3.2888495197805563,0.5,1.0,0.25614754098360654,0.0,0.3655030800821355,0.0,0.1829393627954779,0.0,0.09151670951156812,0.0
SHANGHAI,44,TimeGAN,9,0.4953763143250144,3.4429763742924555,3.2888495197805563,0.5,1.0,0.2459016393442623,0.0,0.3480492813141684,0.0,0.17420349434737925,0.0,0.08714652956298201,0.0
SHANGHAI,44,TimeGAN,10,0.5981398058167694,3.4685688381356283,3.2888495197805563,0.5,1.0,0.17008196721311475,0.0,0.2515400410677618,0.0,0.12589928057553956,0.0,0.06298200514138817,0.0
SHANGHAI,44,TimeGAN,11,0.4433168654990346,3.400630783621688,3.2888495197805563,0.5,1.0,0.2848360655737705,0.0,0.40965092402464065,0.0,0.20503597122302158,0.0,0.1025706940874036,0.0
SHANGHAI,44,TimeGAN,12,0.3942266181275482,3.820161616420665,3.2888495197805563,0.5,1.0,0.33401639344262296,0.0,0.47741273100616016,0.0,0.23895169578622816,0.0,0.11953727506426735,0.0
SHANGHAI,44,TimeGAN,13,0.3170578981242762,3.4734599268674065,3.2888495197805563,0.5,1.0,0.42827868852459017,0.0,0.7135523613963038,0.0,0.6870503597122302,0.0,0.7467866323907455,0.0
SHANGHAI,44,TimeGAN,14,0.47160627942487665,3.39016806031487,3.2888495197805563,0.5,1.0,0.26229508196721313,0.0,0.37474332648870634,0.0,0.18756423432682426,0.0,0.09383033419023136,0.0
SHANGHAI,44,TimeGAN,15,0.34438586781061853,3.5841191917247612,3.2888495197805563,0.5,1.0,0.39139344262295084,0.0,0.63347022587269,0.0,0.4409044193216855,0.0,0.4190231362467866,0.0
SHANGHAI,44,TimeGAN,16,0.3944482345531335,3.6505245852979273,3.2888495197805563,0.5,1.0,0.33401639344262296,0.0,0.47741273100616016,0.0,0.23895169578622816,0.0,0.11953727506426735,0.0
SHANGHAI,44,TimeGAN,17,0.4429253762139047,3.5629115910818463,3.2888495197805563,0.5,1.0,0.2848360655737705,0.0,0.4106776180698152,0.0,0.20554984583761562,0.0,0.10282776349614396,0.0
SHANGHAI,44,TimeGAN,18,0.3569134196228235,3.6052590650345353,3.2888495197805563,0.5,1.0,0.3770491803278688,0.0,0.5574948665297741,0.0,0.36382322713257964,0.0,0.30051413881748074,0.0
SHANGHAI,44,TimeGAN,19,0.34347222560147406,3.6269118631541604,3.2888495197805563,0.5,1.0,0.39344262295081966,0.0,0.6375770020533881,0.0,0.4450154162384378,0.0,0.4303341902313625,0.0
SHANGHAI,44,GARCH,0,0.6000116067306125,3.7179640489797916,3.2888495197805563,0.5,1.0,0.1680327868852459,0.0,0.24948665297741274,0.0,0.1248715313463515,0.0,0.06246786632390745,0.0
SHANGHAI,44,GARCH,1,0.11892631317679014,3.0805627098177446,3.2888495197805563,1.0,0.0,1.0,0.0,1.0,0.0,1.0,0.0,1.0,0.0
SHANGHAI,44,GARCH,2,0.6222711357853643,3.805837779850338,3.2888495197805563,0.5,1.0,0.15368852459016394,0.0,0.2299794661190965,0.0,0.11510791366906475,0.0,0.05758354755784062,0.0
SHANGHAI,44,GARCH,3,0.21303833248877369,3.3588875559973315,3.2888495197805563,0.5,1.0,0.5676229508196722,0.0,0.7833675564681725,0.0,0.8915724563206577,0.0,0.9457583547557841,0.0
SHANGHAI,44,GARCH,4,0.29102328656571674,3.3836426245012157,3.2888495197805563,0.5,1.0,0.4651639344262295,0.0,0.7320328542094456,0.0,0.8658787255909558,0.0,0.9329048843187661,0.0
SHANGHAI,44,GARCH,5,0.2570510908780841,3.305281429274569,3.2888495197805563,0.5,1.0,0.5061475409836066,0.0,0.7525667351129364,0.0,0.8761562178828366,0.0,0.9380462724935733,0.0
SHANGHAI,44,GARCH,6,0.1928683877765387,3.2230051930416392,3.2888495197805563,0.5,1.0,0.6045081967213115,0.0,0.8018480492813141,0.0,0.9008221993833505,0.0,0.9503856041131106,0.0
SHANGHAI,44,GARCH,7,0.3883110679998397,3.75808927617781,3.2888495197805563,0.5,1.0,0.3401639344262295,0.0,0.48767967145790553,0.0,0.24409044193216856,0.0,0.13290488431876607,0.0
SHANGHAI,44,GARCH,8,0.7367921454325262,3.809903538503515,3.2888495197805563,0.5,1.0,0.0389344262295082,0.0,0.09342915811088295,0.0,0.046762589928057555,0.0,0.02339331619537275,1.0
SHANGHAI,44,GARCH,9,0.35716874421073863,3.5529189608960405,3.2888495197805563,0.5,1.0,0.375,0.0,0.555441478439425,0.0,0.3617677286742035,0.0,0.29845758354755786,0.0
SHANGHAI,44,GARCH,10,0.25534622784708927,3.2743798725817523,3.2888495197805563,0.5,1.0,0.5081967213114754,0.0,0.7535934291581109,0.0,0.8766700924974307,0.0,0.9383033419023136,0.0
SHANGHAI,44,GARCH,11,0.5776421464545425,3.886732557027849,3.2888495197805563,0.5,1.0,0.18442622950819673,0.0,0.27104722792607805,0.0,0.13566289825282632,0.0,0.067866323907455,0.0
SHANGHAI,44,GARCH,12,0.3269698893388955,3.274448664692922,3.2888495197805563,0.5,1.0,0.4139344262295082,0.0,0.7063655030800822,0.0,0.6279547790339157,0.0,0.6426735218508998,0.0
SHANGHAI,44,GARCH,13,0.14609073767130587,3.1484339190594097,3.2888495197805563,0.5,1.0,0.8258196721311475,0.0,0.9127310061601642,0.0,0.9563206577595067,0.0,0.9781491002570694,0.0
SHANGHAI,44,GARCH,14,0.4042232628791348,3.5834286288540773,3.2888495197805563,0.5,1.0,0.3237704918032787,0.0,0.4620123203285421,0.0,0.2312435765673176,0.0,0.11568123393316196,0.0
SHANGHAI,44,GARCH,15,0.17417249853984185,3.2989914457959104,3.2888495197805563,0.5,1.0,0.6454918032786885,0.0,0.8223819301848049,0.0,0.9110996916752312,0.0,0.9555269922879177,0.0
SHANGHAI,44,GARCH,16,0.27292464151252593,3.353441797652074,3.2888495197805563,0.5,1.0,0.48770491803278687,0.0,0.7433264887063655,0.0,0.8715313463514902,0.0,0.9357326478149101,0.0
SHANGHAI,44,GARCH,17,0.17639768117336252,3.083492841178268,3.2888495197805563,0.5,1.0,0.639344262295082,0.0,0.8193018480492813,0.0,0.9095580678314491,0.0,0.9547557840616967,0.0
SHANGHAI,44,GARCH,18,0.12219189069179714,3.0479582331516855,3.2888495197805563,0.5,1.0,0.9508196721311475,0.0,0.9753593429158111,0.0,0.987667009249743,0.0,0.9938303341902314,0.0
SHANGHAI,44,GARCH,19,0.21448137745069706,3.2975921689348024,3.2888495197805563,0.5,1.0,0.5655737704918032,0.0,0.7823408624229979,0.0,0.8910585817060637,0.0,0.9455012853470437,0.0
SHANGHAI,44,QuantGAN,0,0.23263285552727053,3.401650906742168,3.2888495197805563,0.5,1.0,0.5389344262295082,0.0,0.768993839835729,0.0,0.8843782117163412,0.0,0.9421593830334191,0.0
SHANGHAI,44,QuantGAN,1,0.33545859636977515,3.4072501458491726,3.2888495197805563,0.5,1.0,0.4016393442622951,0.0,0.7002053388090349,0.0,0.5858170606372045,0.0,0.5516709511568123,0.0
SHANGHAI,44,QuantGAN,2,0.26276640171615084,3.293671714080911,3.2888495197805563,0.5,1.0,0.5,0.0,0.7494866529774127,0.0,0.8746145940390545,0.0,0.9372750642673522,0.0
SHANGHAI,44,QuantGAN,3,0.23091519505300395,3.186301741791222,3.2888495197805563,0.5,1.0,0.5409836065573771,0.0,0.7700205338809035,0.0,0.8848920863309353,0.0,0.9424164524421594,0.0
SHANGHAI,44,QuantGAN,4,0.21417840599934812,3.102948431915139,3.2888495197805563,0.5,1.0,0.5655737704918032,0.0,0.7823408624229979,0.0,0.8910585817060637,0.0,0.9455012853470437,0.0
SHANGHAI,44,QuantGAN,5,0.17202481881257237,3.2356697622462245,3.2888495197805563,0.5,1.0,0.6516393442622951,0.0,0.8254620123203286,0.0,0.9126413155190134,0.0,0.9562982005141388,0.0
SHANGHAI,44,QuantGAN,6,0.2094472350673282,3.3653306571406154,3.2888495197805563,0.5,1.0,0.5737704918032787,0.0,0.7864476386036962,0.0,0.8931140801644398,0.0,0.9465295629820052,0.0
SHANGHAI,44,QuantGAN,7,0.22123825563829302,3.2780104045254097,3.2888495197805563,0.5,1.0,0.555327868852459,0.0,0.7772073921971252,0.0,0.8884892086330936,0.0,0.9442159383033419,0.0
SHANGHAI,44,QuantGAN,8,0.24895997926309987,3.160724440890218,3.2888495197805563,0.5,1.0,0.5163934426229508,0.0,0.757700205338809,0.0,0.8787255909558068,0.0,0.9393316195372751,0.0
SHANGHAI,44,QuantGAN,9,0.26157854847553796,3.2316330967274807,3.2888495197805563,0.5,1.0,0.5,0.0,0.7494866529774127,0.0,0.8746145940390545,0.0,0.9372750642673522,0.0
SHANGHAI,44,QuantGAN,10,0.11947370460838957,2.966357594434672,3.2888495197805563,1.0,0.0,1.0,0.0,1.0,0.0,1.0,0.0,1.0,0.0
SHANGHAI,44,QuantGAN,11,0.39813008832416963,3.497513617199544,3.2888495197805563,0.5,1.0,0.32991803278688525,0.0,0.47125256673511295,0.0,0.23586844809866392,0.0,0.1179948586118252,0.0
SHANGHAI,44,QuantGAN,12,0.2989750149163555,3.328873748226274,3.2888495197805563,0.5,1.0,0.45491803278688525,0.0,0.7268993839835729,0.0,0.8201438848920863,0.0,0.910025706940874,0.0
SHANGHAI,44,QuantGAN,13,0.18017115655470994,3.0315707824055185,3.2888495197805563,0.5,1.0,0.6311475409836066,0.0,0.8151950718685832,0.0,0.9075025693730729,0.0,0.9537275064267352,0.0
SHANGHAI,44,QuantGAN,14,0.2533638567388463,3.2329753786278737,3.2888495197805563,0.5,1.0,0.5102459016393442,0.0,0.7546201232032854,0.0,0.8771839671120246,0.0,0.9385604113110539,0.0
SHANGHAI,44,QuantGAN,15,0.16959494845219547,3.289019028154029,3.2888495197805563,0.5,1.0,0.6598360655737705,0.0,0.8295687885010267,0.0,0.9146968139773896,0.0,0.9573264781491002,0.0
SHANGHAI,44,QuantGAN,16,0.2718668305600731,3.341523634595987,3.2888495197805563,0.5,1.0,0.48770491803278687,0.0,0.7433264887063655,0.0,0.8715313463514902,0.0,0.9357326478149101,0.0
SHANGHAI,44,QuantGAN,17,0.38064195323297567,3.3312421308187337,3.2888495197805563,0.5,1.0,0.3483606557377049,0.0,0.502053388090349,0.0,0.2517985611510791,0.0,0.1845758354755784,0.0
SHANGHAI,44,QuantGAN,18,0.44938409507372734,3.642250710668541,3.2888495197805563,0.5,1.0,0.2807377049180328,0.0,0.4024640657084189,0.0,0.2014388489208633,0.0,0.10077120822622108,0.0
SHANGHAI,44,QuantGAN,19,0.19063529810892543,3.076559083636507,3.2888495197805563,0.5,1.0,0.6086065573770492,0.0,0.8039014373716632,0.0,0.9018499486125385,0.0,0.9508997429305912,0.0
SHANGHAI,44,GJR-GARCH,0,0.5950573857011942,3.7076585894589518,3.2888495197805563,0.5,1.0,0.1721311475409836,0.0,0.2535934291581109,0.0,0.12692702980472764,0.0,0.06349614395886889,0.0
SHANGHAI,44,GJR-GARCH,1,0.11903901081580304,3.0806758142448247,3.2888495197805563,1.0,0.0,1.0,0.0,1.0,0.0,1.0,0.0,1.0,0.0
SHANGHAI,44,GJR-GARCH,2,0.570612196394769,3.788409749008433,3.2888495197805563,0.5,1.0,0.19057377049180327,0.0,0.2782340862422998,0.0,0.13926002055498457,0.0,0.06966580976863754,0.0
SHANGHAI,44,GJR-GARCH,3,0.17825222085629222,3.289834189764746,3.2888495197805563,0.5,1.0,0.6352459016393442,0.0,0.8172484599589322,0.0,0.9085303186022611,0.0,0.954241645244216,0.0
SHANGHAI,44,GJR-GARCH,4,0.2881010870183227,3.381731805204061,3.2888495197805563,0.5,1.0,0.4692622950819672,0.0,0.7340862422997947,0.0,0.8669064748201439,0.0,0.9334190231362468,0.0
SHANGHAI,44,GJR-GARCH,5,0.2576311842109067,3.308648330662613,3.2888495197805563,0.5,1.0,0.5061475409836066,0.0,0.7525667351129364,0.0,0.8761562178828366,0.0,0.9380462724935733,0.0
SHANGHAI,44,GJR-GARCH,6,0.19180088091353764,3.224396463980579,3.2888495197805563,0.5,1.0,0.6065573770491803,0.0,0.8028747433264887,0.0,0.9013360739979445,0.0,0.950642673521851,0.0
SHANGHAI,44,GJR-GARCH,7,0.37055720785724944,3.7016866019039423,3.2888495197805563,0.5,1.0,0.35860655737704916,0.0,0.5215605749486653,0.0,0.28263103802672146,0.0,0.22596401028277635,0.0
SHANGHAI,44,GJR-GARCH,8,0.7319002504982758,3.7599039262361793,3.2888495197805563,0.5,1.0,0.05122950819672131,0.0,0.10574948665297741,0.0,0.052929085303186026,0.0,0.02647814910025707,0.0
SHANGHAI,44,GJR-GARCH,9,0.35859688924386146,3.5544746740198994,3.2888495197805563,0.5,1.0,0.375,0.0,0.5503080082135524,0.0,0.35200411099691675,0.0,0.28688946015424166,0.0
SHANGHAI,44,GJR-GARCH,10,0.2545421413888824,3.274585807332294,3.2888495197805563,0.5,1.0,0.5102459016393442,0.0,0.7546201232032854,0.0,0.8771839671120246,0.0,0.9385604113110539,0.0
SHANGHAI,44,GJR-GARCH,11,0.5729956795423661,3.8822376891295005,3.2888495197805563,0.5,1.0,0.1885245901639344,0.0,0.27618069815195073,0.0,0.13823227132579652,0.0,0.06915167095115682,0.0
SHANGHAI,44,GJR-GARCH,12,0.3171459170572284,3.2451046042037945,3.2888495197805563,0.5,1.0,0.42827868852459017,0.0,0.7135523613963038,0.0,0.6865364850976362,0.0,0.7462724935732648,0.0
SHANGHAI,44,GJR-GARCH,13,0.14540954057143396,3.148716872660624,3.2888495197805563,0.5,1.0,0.8299180327868853,0.0,0.9147843942505134,0.0,0.9573484069886947,0.0,0.9786632390745501,0.0
SHANGHAI,44,GJR-GARCH,14,0.40113657626821553,3.581410798309426,3.2888495197805563,0.5,1.0,0.32581967213114754,0.0,0.46611909650924027,0.0,0.23329907502569372,0.0,0.1167095115681234,0.0
SHANGHAI,44,GJR-GARCH,15,0.1725306403314355,3.298047082925047,3.2888495197805563,0.5,1.0,0.6495901639344263,0.0,0.824435318275154,0.0,0.9121274409044193,0.0,0.9560411311053985,0.0
SHANGHAI,44,GJR-GARCH,16,0.2723757087605603,3.3577750298927938,3.2888495197805563,0.5,1.0,0.48770491803278687,0.0,0.7433264887063655,0.0,0.8715313463514902,0.0,0.9357326478149101,0.0
SHANGHAI,44,GJR-GARCH,17,0.17695635704848112,3.0869586322831,3.2888495197805563,0.5,1.0,0.6372950819672131,0.0,0.8182751540041068,0.0,0.909044193216855,0.0,0.9544987146529563,0.0
SHANGHAI,44,GJR-GARCH,18,0.1223070515812672,3.0482061940030585,3.2888495197805563,0.5,1.0,0.9487704918032787,0.0,0.9743326488706365,0.0,0.987153134635149,0.0,0.993573264781491,0.0
SHANGHAI,44,GJR-GARCH,19,0.2122886273171658,3.284892553562782,3.2888495197805563,0.5,1.0,0.569672131147541,0.0,0.784394250513347,0.0,0.8920863309352518,0.0,0.9460154241645244,0.0
SHANGHAI,44,CNN-WGAN-GP,0,0.17189660843821164,3.0341281291147224,3.2888495197805563,0.5,1.0,0.6516393442622951,0.0,0.8254620123203286,0.0,0.9126413155190134,0.0,0.9562982005141388,0.0
SHANGHAI,44,CNN-WGAN-GP,1,0.36769878057821204,3.5854035215230624,3.2888495197805563,0.5,1.0,0.36270491803278687,0.0,0.5277207392197125,0.0,0.28879753340184994,0.0,0.23470437017994858,0.0
SHANGHAI,44,CNN-WGAN-GP,2,0.24202518486239355,3.383958188511491,3.2888495197805563,0.5,1.0,0.5245901639344263,0.0,0.7618069815195072,0.0,0.880781089414183,0.0,0.9403598971722366,0.0
SHANGHAI,44,CNN-WGAN-GP,3,0.21265477192721138,3.135800839810796,3.2888495197805563,0.5,1.0,0.569672131147541,0.0,0.784394250513347,0.0,0.8920863309352518,0.0,0.9460154241645244,0.0
SHANGHAI,44,CNN-WGAN-GP,4,0.2794181339586437,3.1823402326843624,3.2888495197805563,0.5,1.0,0.47950819672131145,0.0,0.7392197125256673,0.0,0.869475847893114,0.0,0.9347043701799486,0.0
SHANGHAI,44,CNN-WGAN-GP,5,0.1472219622439852,3.0926519879329573,3.2888495197805563,0.5,1.0,0.819672131147541,0.0,0.9096509240246407,0.0,0.9547790339157246,0.0,0.9773778920308483,0.0
SHANGHAI,44,CNN-WGAN-GP,6,0.2041005158243323,3.247599909518068,3.2888495197805563,0.5,1.0,0.5840163934426229,0.0,0.7915811088295688,0.0,0.89568345323741,0.0,0.947814910025707,0.0
SHANGHAI,44,CNN-WGAN-GP,7,0.1681973361335587,3.075216312883928,3.2888495197805563,0.5,1.0,0.6639344262295082,0.0,0.8316221765913757,0.0,0.9157245632065776,0.0,0.957840616966581,0.0
SHANGHAI,44,CNN-WGAN-GP,8,0.26144958504665006,3.0575936303432507,3.2888495197805563,0.5,1.0,0.5020491803278688,0.0,0.7505133470225873,0.0,0.8751284686536485,0.0,0.9375321336760926,0.0
SHANGHAI,44,CNN-WGAN-GP,9,0.29492022279562424,3.328478096691488,3.2888495197805563,0.5,1.0,0.45901639344262296,0.0,0.728952772073922,0.0,0.8350462487153134,0.0,0.9174807197943444,0.0
SHANGHAI,44,CNN-WGAN-GP,10,0.23502863423036668,3.31403625014253,3.2888495197805563,0.5,1.0,0.5348360655737705,0.0,0.7669404517453798,0.0,0.8833504624871531,0.0,0.9416452442159383,0.0
SHANGHAI,44,CNN-WGAN-GP,11,0.22351372430297012,3.1180657675886794,3.2888495197805563,0.5,1.0,0.5512295081967213,0.0,0.7751540041067762,0.0,0.8874614594039054,0.0,0.9437017994858612,0.0
SHANGHAI,44,CNN-WGAN-GP,12,0.14809915017775666,3.0523152281931436,3.2888495197805563,0.5,1.0,0.8155737704918032,0.0,0.9075975359342916,0.0,0.9537512846865365,0.0,0.9768637532133676,0.0
SHANGHAI,44,CNN-WGAN-GP,13,0.31733088433805245,3.288676698963277,3.2888495197805563,0.5,1.0,0.4262295081967213,0.0,0.7125256673511293,0.0,0.6849948612538541,0.0,0.7447300771208226,0.0
SHANGHAI,44,CNN-WGAN-GP,14,0.22534331810703412,3.3054258615985375,3.2888495197805563,0.5,1.0,0.5491803278688525,0.0,0.7741273100616016,0.0,0.8869475847893115,0.0,0.9434447300771208,0.0
SHANGHAI,44,CNN-WGAN-GP,15,0.25786308178143025,3.326276591688787,3.2888495197805563,0.5,1.0,0.5061475409836066,0.0,0.7525667351129364,0.0,0.8761562178828366,0.0,0.9380462724935733,0.0
SHANGHAI,44,CNN-WGAN-GP,16,0.25738842467772427,3.2315915123776717,3.2888495197805563,0.5,1.0,0.5061475409836066,0.0,0.7525667351129364,0.0,0.8761562178828366,0.0,0.9380462724935733,0.0
SHANGHAI,44,CNN-WGAN-GP,17,0.2517079430723803,3.451647460370345,3.2888495197805563,0.5,1.0,0.5122950819672131,0.0,0.75564681724846,0.0,0.8776978417266187,0.0,0.9388174807197943,0.0
SHANGHAI,44,CNN-WGAN-GP,18,0.3200254676758145,3.2220383137092847,3.2888495197805563,0.5,1.0,0.42418032786885246,0.0,0.7114989733059548,0.0,0.6731757451181911,0.0,0.718508997429306,0.0
SHANGHAI,44,CNN-WGAN-GP,19,0.29613839715429524,3.373454243143753,3.2888495197805563,0.5,1.0,0.45901639344262296,0.0,0.728952772073922,0.0,0.8309352517985612,0.0,0.9154241645244215,0.0
SHANGHAI,44,CONTROL: shuffled real,0,0.19346075693656828,3.1116934997123753,3.2888495197805563,0.5,1.0,0.6045081967213115,0.0,0.8018480492813141,0.0,0.9008221993833505,0.0,0.9503856041131106,0.0
SHANGHAI,44,CONTROL: shuffled real,1,0.1431371834817574,3.0010498496231905,3.2888495197805563,0.5,1.0,0.8422131147540983,0.0,0.9209445585215605,0.0,0.960431654676259,0.0,0.9802056555269922,0.0
SHANGHAI,44,CONTROL: shuffled real,2,0.16500019204989091,3.0322727172093127,3.2888495197805563,0.5,1.0,0.6762295081967213,0.0,0.837782340862423,0.0,0.9188078108941419,0.0,0.9593830334190231,0.0
SHANGHAI,44,CONTROL: shuffled real,3,0.17619867936301725,3.027712378051782,3.2888495197805563,0.5,1.0,0.639344262295082,0.0,0.8193018480492813,0.0,0.9095580678314491,0.0,0.9547557840616967,0.0
SHANGHAI,44,CONTROL: shuffled real,4,0.20211291070501702,3.11859744341058,3.2888495197805563,0.5,1.0,0.5881147540983607,0.0,0.7936344969199178,0.0,0.8967112024665982,0.0,0.9483290488431877,0.0
SHANGHAI,44,CONTROL: shuffled real,5,0.1599159066508713,2.952610396637444,3.2888495197805563,0.5,1.0,0.7008196721311475,0.0,0.8501026694045175,0.0,0.9249743062692704,0.0,0.9624678663239075,0.0
SHANGHAI,44,CONTROL: shuffled real,6,0.18156668178626045,3.0890528476498615,3.2888495197805563,0.5,1.0,0.6270491803278688,0.0,0.813141683778234,0.0,0.9064748201438849,0.0,0.9532133676092545,0.0
SHANGHAI,44,CONTROL: shuffled real,7,0.18853281844540448,3.0654576749243403,3.2888495197805563,0.5,1.0,0.6127049180327869,0.0,0.8059548254620124,0.0,0.9028776978417267,0.0,0.951413881748072,0.0
SHANGHAI,44,CONTROL: shuffled real,8,0.2036582686578916,3.0669622782476864,3.2888495197805563,0.5,1.0,0.5840163934426229,0.0,0.7915811088295688,0.0,0.89568345323741,0.0,0.947814910025707,0.0
SHANGHAI,44,CONTROL: shuffled real,9,0.17333296079431326,3.0628071972030355,3.2888495197805563,0.5,1.0,0.6475409836065574,0.0,0.8234086242299795,0.0,0.9116135662898253,0.0,0.9557840616966581,0.0
SHANGHAI,44,CONTROL: shuffled real,10,0.193670289047156,3.0841693702474786,3.2888495197805563,0.5,1.0,0.6045081967213115,0.0,0.8018480492813141,0.0,0.9008221993833505,0.0,0.9503856041131106,0.0
SHANGHAI,44,CONTROL: shuffled real,11,0.1962750029520326,3.0478382223117144,3.2888495197805563,0.5,1.0,0.5983606557377049,0.0,0.7987679671457906,0.0,0.8992805755395683,0.0,0.9496143958868895,0.0
SHANGHAI,44,CONTROL: shuffled real,12,0.20309859574691003,3.1721192668315576,3.2888495197805563,0.5,1.0,0.5860655737704918,0.0,0.7926078028747433,0.0,0.8961973278520041,0.0,0.9480719794344473,0.0
SHANGHAI,44,CONTROL: shuffled real,13,0.16895069828253417,3.035120340766554,3.2888495197805563,0.5,1.0,0.6618852459016393,0.0,0.8305954825462012,0.0,0.9152106885919835,0.0,0.9575835475578406,0.0
SHANGHAI,44,CONTROL: shuffled real,14,0.17028685176837466,3.012480535983219,3.2888495197805563,0.5,1.0,0.6557377049180327,0.0,0.8275154004106776,0.0,0.9136690647482014,0.0,0.9568123393316196,0.0
SHANGHAI,44,CONTROL: shuffled real,15,0.1561247777950059,2.990544049210209,3.2888495197805563,0.5,1.0,0.7274590163934426,0.0,0.8634496919917864,0.0,0.9316546762589928,0.0,0.9658097686375321,0.0
SHANGHAI,44,CONTROL: shuffled real,16,0.14890896746135196,2.963005131632114,3.2888495197805563,0.5,1.0,0.8135245901639344,0.0,0.9065708418891171,0.0,0.9532374100719424,0.0,0.9766066838046272,0.0
SHANGHAI,44,CONTROL: shuffled real,17,0.13188298200726267,2.971791801087871,3.2888495197805563,0.5,1.0,0.8872950819672131,0.0,0.9435318275154004,0.0,0.9717368961973278,0.0,0.9858611825192802,0.0
SHANGHAI,44,CONTROL: shuffled real,18,0.15528498530894486,3.0445558309399314,3.2888495197805563,0.5,1.0,0.7459016393442623,0.0,0.8726899383983573,0.0,0.9362795477903392,0.0,0.9681233933161953,0.0
SHANGHAI,44,CONTROL: shuffled real,19,0.1756670864091867,2.9846350462607845,3.2888495197805563,0.5,1.0,0.6413934426229508,0.0,0.8203285420944558,0.0,0.9100719424460432,0.0,0.9550128534704371,0.0
