market,seed,draw,model,mean_diff,std_diff,skewness_diff,kurtosis_diff,wasserstein,energy_distance,quantile_mse,acf_returns_mae,acf_absolute_mae,acf_squared_mae,tail_index_diff,extreme_events_diff,arch_pvalue_diff,arch_stat_diff,hurst_diff,resid_kurtosis_diff,discriminative_auc_dist,discriminative_auc_raw,discriminative_auc_absz
BOVESPA,42,0,GARCH,0.00046150712,0.0012465455,0.14825644,0.8219614,0.0013849094977536702,0.00011014938354492188,3.878085628729825e-06,0.05231891355884727,0.0545226150425151,0.0496959182809951,0.91396093,0.806451612903226,0.008928500779435189,0.06365707701041501,0.0065921629945854265,1.0395390532538022,0.12551915974145889,0.6255191597414589,0.4245620383077103
BOVESPA,42,0,sb_r,0.00050042756,0.003656025,0.43603802,2.4311776,0.003008878953608019,0.0003358321264386177,2.12595718732096e-05,0.051551932354923335,0.037099451180401956,0.03154196177281847,0.29200768,1.814516129032259,0.14366957375410305,1.3437591898677903,0.03155955888125139,0.8654421832142578,0.2727347645429361,0.7727347645429361,1.6160921804714787
BOVESPA,42,0,GJR-GARCH,0.00079479907,0.0020875856,0.05705218,0.7373049,0.0019069529900731697,0.0001750616356730461,9.16302072482477e-06,0.05174342893704306,0.05738526077358983,0.05645071977014595,1.7946234,0.20161290322580605,0.8319649488890509,14.768932256868979,0.03517368136292931,0.9207912168223471,0.15558217913204064,0.6555821791320406,0.6678853858335193
BOVESPA,42,0,sb_abs,0.00015906012,0.0060503297,0.035446733,0.7847681,0.00485102487083982,0.0007215645164251328,7.783874877054207e-05,0.049083507420727986,0.05327869954140624,0.04923996317003912,1.6699572,0.403225806451613,0.44711676204805656,3.131310578042706,0.021295614937215324,0.9047650604012314,0.3473118651892889,0.8473118651892889,2.219702534517443
BOVESPA,42,0,CNN-WGAN-GP,3.9171777e-05,0.003994843,0.18860471,0.54657483,0.003220182552279165,0.00035337917506694794,4.1655969964664334e-05,0.06131609215321077,0.06395488660549745,0.0699293260815466,0.35959148,0.403225806451613,0.8367426918656887,37.81199631562215,0.022141541671646392,1.1711527191803413,0.25353162511542016,0.7535316251154202,1.4606662697270687
BOVESPA,42,0,iid,0.0024015428,0.008539271,2.328545,13.484278,0.004658458909483627,0.0005261339247226715,0.0002696081867615493,0.04911849794909358,0.042348688743513774,0.0357842408419674,2.2982855,2.6209677419354844,0.12949371665661658,1.1352896465665978,0.10772676448599572,13.336767931687303,0.411180055401662,0.911180055401662,2.7366373653467897
BOVESPA,42,0,TimeGAN,0.0019585942,0.0035545877,0.8315387,1.5232389,0.002734160525782895,0.00048730894923210144,7.143621537970081e-05,0.07176559555577114,0.08826822028961033,0.07571623254836596,5.946095,4.838709677419354,0.836742848249999,81.2603072834343,0.06363828324521181,1.7996366251997866,0.4303393351800555,0.9303393351800555,2.8917082859118324
BOVESPA,42,0,QuantGAN,0.0030274312,0.022204764,0.8892884,6.2811,0.013012973294737114,0.002500336617231369,0.001879823364870513,0.07045074501773342,0.19354271236341447,0.14547936027600372,1.8977215,1.008064516129033,0.8367428482499992,203.49226485800386,0.10827985868970336,1.1510410975261633,0.42369067405355487,0.9236906740535549,2.837895511458057
BOVESPA,42,0,CONTROL: shuffled real,5.820766e-11,0.0,1.4901161e-08,4.7683716e-07,0.0,9.313225746154785e-10,0.0,0.05278673306223936,0.0469244609028101,0.04561871855483332,0.0,0.0,0.11506580147570744,0.7705493251024969,0.07495434916529742,0.10406790326354542,0.17972922437673133,0.32027077562326867,2.046050034468682
BOVESPA,42,1,GJR-GARCH,0.00027376806,0.0027910005,0.15223114,0.3214326,0.002100174836612033,0.00015561748296022415,1.4756992566541664e-05,0.0528072302005603,0.048141986136324706,0.04961309884522052,1.1523991,0.4032258064516121,0.8209433283942442,11.8815628939558,0.033189506357228726,0.3658022529339968,0.16809141274238226,0.6680914127423823,0.7691323217285962
BOVESPA,42,1,sb_abs,4.2957254e-07,0.0028613107,0.27429134,0.68671393,0.0026656504752985886,0.0002966439351439476,1.8257308724427084e-05,0.04938119859434664,0.03755687214434147,0.03563936625760107,0.12699175,1.209677419354839,0.8135519546533789,10.93144194872809,0.004833565753661784,0.8254397776249363,0.26836149584487523,0.7683614958448752,1.580695922849552
BOVESPA,42,1,GARCH,9.810668e-06,0.0030909088,0.19477592,0.8791213,0.002169693774282032,0.00015733204782009125,1.3475393005453871e-05,0.055551850439514966,0.0514680917467922,0.05947058680663758,0.6258013,1.008064516129033,0.835795748687148,18.55160848776816,0.040824462483082025,0.47996030807376666,0.135508541089566,0.635508541089566,0.5054138542132938
BOVESPA,42,1,CNN-WGAN-GP,0.00049095374,0.0025566397,0.1831115,1.4246197,0.002761561190047521,0.0003455430269241333,1.8301051170280307e-05,0.04915986445033923,0.05146775054745376,0.053723269689726294,0.96474075,1.411290322580646,0.8071552083173109,10.320822035394539,0.03384593499957311,1.7026763807414982,0.23102054478301015,0.7310205447830102,1.2784666259806923
BOVESPA,42,1,QuantGAN,0.0012717588,0.0031171655,0.05195245,0.7988908,0.002740358999629265,0.00033161044120788574,2.3153884497945372e-05,0.06086576470755972,0.04973271040711552,0.05671625922630483,1.692718,0.20161290322580694,0.836652670622371,23.887808403799145,0.04498483859921465,1.2547770239342224,0.22772437673130186,0.7277243767313019,1.2517881798163475
BOVESPA,42,1,iid,0.00073154166,0.006449446,0.76182646,7.059567,0.004161226403838218,0.00045138970017433167,8.617306384747046e-05,0.04710699684452266,0.05089457310619764,0.042736581728895544,0.38018012,0.806451612903226,0.16268233413335187,1.9212543989529145,0.03132535372057532,4.202863518352714,0.4243691135734071,0.9243691135734071,2.8433866490221025
BOVESPA,42,1,sb_r,0.0010183862,0.0065484866,0.28327012,5.362186,0.004133359687177893,0.0004526600241661072,8.063704584758977e-05,0.05236999543682032,0.06555072466726415,0.05574099474037211,1.1121864,1.411290322580646,0.8367428482499611,69.97882074955669,0.02884894899184931,5.315531057800424,0.36574815327793164,0.8657481532779316,2.3689217222309744
BOVESPA,42,1,TimeGAN,0.0017165736,0.0036377222,0.77216035,1.5197253,0.002612454538289131,0.0004448331892490387,7.137443014601589e-05,0.07030539906700142,0.08597730578389019,0.07463434955767298,6.3918815,4.032258064516128,0.8367428482499992,84.71304727187466,0.013238872900081633,1.8454753989875523,0.4283367959372114,0.9283367959372114,2.8755001816695396
BOVESPA,42,1,CONTROL: shuffled real,5.820766e-11,0.0,1.4901161e-08,4.7683716e-07,0.0,9.313225746154785e-10,0.0,0.05278673306223936,0.0469244609028101,0.04561871855483332,0.0,0.0,0.11506580147570744,0.7705493251024969,0.07495434916529742,0.10406790326354542,0.17972922437673133,0.32027077562326867,2.046050034468682
BOVESPA,42,2,CNN-WGAN-GP,0.0005302138,0.0037227636,0.35578704,0.20457745,0.0029161679227645587,0.00030800793319940567,2.7820338775947258e-05,0.05794856472173706,0.052922917227260766,0.04743059424399689,1.1077261,0.806451612903226,0.6601779620253229,5.562034271921675,0.0010054501841884056,0.5869886473101671,0.23100831024930746,0.7310083102493075,1.2783676024043416
BOVESPA,42,2,QuantGAN,0.0013590669,0.00300097,0.13013218,0.8625562,0.0028640799312968077,0.00039982981979846954,1.9958422555115407e-05,0.05233500787988305,0.05454831612412818,0.05891956524028501,0.24939442,1.411290322580646,0.8366899786275991,25.080679119564227,0.027774948208783345,1.4576704760412742,0.20330401662049857,0.7033040166204986,1.0541352530511825
BOVESPA,42,2,GARCH,0.00024741766,0.0053600594,0.13785295,0.4485135,0.004209131084458594,0.0005688536912202835,5.38200977519526e-05,0.05849686002242379,0.056866213511675597,0.054369418330388726,0.561708,1.008064516129033,0.8362091757135813,19.86777086319142,0.01786801021885953,1.137388950033606,0.39442867036011076,0.8944286703601108,2.601055405629165
BOVESPA,42,2,GJR-GARCH,0.0007382113,0.005382426,0.06664467,0.2748251,0.004261763609267087,0.000607980415225029,6.89613743837008e-05,0.05776580093195662,0.05819205289706588,0.05593552773229021,0.13385415,1.411290322580646,0.8366523795566869,23.88059131848482,0.012827372921724534,1.1229500603569105,0.342339104339797,0.842339104339797,2.1794541216543384
BOVESPA,42,2,iid,0.00029022095,0.007134024,1.3489276,6.816376,0.004783844226991614,0.0006339885294437408,0.00013120999033850854,0.048870255695655944,0.046005736169900044,0.03613928461760224,1.6046255,1.814516129032259,0.17335054130400473,1.149016784538158,0.04584365991337047,4.947314616578611,0.4373829639889196,0.9373829639889196,2.948717840349301
BOVESPA,42,2,sb_r,0.0003256729,0.009410152,0.63454413,5.529223,0.005748731444612077,0.0007225405424833298,0.00018217562291778392,0.04719459770480171,0.05442730845708866,0.048388611195041446,1.7198393,2.016129032258065,0.8367427635075959,39.130224861020764,0.001162127301522764,5.832675921052443,0.3814916897506926,0.8814916897506926,2.496346381300548
BOVESPA,42,2,TimeGAN,0.002057507,0.0036149658,0.3592304,1.8065956,0.0035307558692535715,0.0007170289754867554,3.634698259593518e-05,0.15873004350112752,0.2808205799339339,0.20603195067298657,3.2354522,4.435483870967742,0.8367428482499992,172.1593612640011,0.10798346202072784,1.7223600789056346,0.26249099722991687,0.7624909972299169,1.5331814215255501
BOVESPA,42,2,sb_abs,0.00082305004,0.01344067,0.182877,1.6850214,0.009685220801325235,0.002036023885011673,0.0004748616765900981,0.06844367190962658,0.07044876606669277,0.07766623847091977,0.6967859,1.008064516129033,0.8367428482496038,65.0904680993186,0.016685292298414645,0.5682876553081613,0.48588342566943665,0.9858834256694367,3.3412697174354657
BOVESPA,42,2,CONTROL: shuffled real,5.820766e-11,0.0,1.4901161e-08,4.7683716e-07,0.0,9.313225746154785e-10,0.0,0.05278673306223936,0.0469244609028101,0.04561871855483332,0.0,0.0,0.11506580147570744,0.7705493251024969,0.07495434916529742,0.10406790326354542,0.17972922437673133,0.32027077562326867,2.046050034468682
BOVESPA,42,3,CNN-WGAN-GP,8.781502e-05,0.0026997728,0.1609576,0.30826855,0.0023899069313672284,0.00023139175027608871,1.1847267550383677e-05,0.04998032573683304,0.049759416286833585,0.04185360740208125,0.26750422,1.008064516129033,0.7692292509303867,8.197779256667614,0.020088265735276334,0.6103589421166773,0.20152839335180062,0.7015283933518006,1.0397637558947903
BOVESPA,42,3,GARCH,0.0005155262,0.004179267,0.060537845,0.9646745,0.0032048647693489274,0.00034886039793491364,4.1219176249472136e-05,0.04989135644544149,0.05982765454507898,0.059345708440159795,0.095920086,0.403225806451613,0.8367428482499705,70.55833690682672,0.03870333949622573,0.6603925612325416,0.29160572483841174,0.7916057248384117,1.7688295076995044
BOVESPA,42,3,QuantGAN,0.0012639333,0.004378761,0.17352149,0.41662955,0.0036595604608116385,0.0005089454352855682,4.472248137220712e-05,0.04586658011889085,0.054492459460161624,0.05487406680163986,0.33764434,1.612903225806452,0.48550614543336024,3.4729324287693775,0.017395555489249093,0.5758032949403051,0.30284441366574344,0.8028444136657434,1.8597929386090415
BOVESPA,42,3,sb_r,1.2330653e-05,0.0066922344,0.04156615,3.3920274,0.0044944449590191005,0.0005313269793987274,6.890378463970686e-05,0.06002534189959988,0.054486244551371785,0.058099141857746874,0.6559346,1.008064516129033,0.8367428397627736,44.055813641994334,0.025368938752019177,0.47986174086811495,0.40096491228070175,0.9009649122807017,2.6539582842021328
BOVESPA,42,3,TimeGAN,0.0007267012,0.0030662501,0.18127726,1.3356187,0.003241895243481777,0.0005577839910984039,2.7538506947786758e-05,0.11311133798444643,0.19798446524422617,0.1163796991835261,9.231438,4.838709677419355,0.8367428482499992,121.28232948206116,0.07180024873020507,1.2576234916229403,0.2502862419205909,0.7502862419205909,1.4343988648230472
BOVESPA,42,3,GJR-GARCH,0.0009738729,0.0070445333,0.31745705,4.910484,0.004616863594909476,0.0005624648183584213,0.00011005621511111161,0.05409659726312384,0.08502606619142171,0.06491020339111855,1.1390836,1.612903225806452,0.8367428482499992,94.53036066365391,0.040814399449213834,0.47441577686072467,0.28303070175438605,0.783030701754386,1.6994251908939249
BOVESPA,42,3,iid,0.0003923258,0.007948389,0.35735875,6.89669,0.004793848990145984,0.0005181487649679184,0.00011840569735024994,0.05416514727556205,0.04369379309926444,0.03928993531699234,1.3042691,0.806451612903226,0.05197000208496794,0.38720089966696003,0.12390414469403188,6.919774881508161,0.4346849030470914,0.9346849030470914,2.926880339209946
BOVESPA,42,3,sb_abs,0.0005800549,0.0067013055,0.35184607,0.112333775,0.00522239092031617,0.0008243173360824585,9.229407098451329e-05,0.05048374270205386,0.060722929595503954,0.06287396049163363,0.34992647,1.008064516129033,0.8365830155765107,22.60237354063024,0.06196109867342181,0.6513424816053952,0.38186680517082183,0.8818668051708218,2.4993824815188446
BOVESPA,42,3,CONTROL: shuffled real,5.820766e-11,0.0,1.4901161e-08,4.7683716e-07,0.0,9.313225746154785e-10,0.0,0.05278673306223936,0.0469244609028101,0.04561871855483332,0.0,0.0,0.11506580147570744,0.7705493251024969,0.07495434916529742,0.10406790326354542,0.17972922437673133,0.32027077562326867,2.046050034468682
BOVESPA,42,4,CNN-WGAN-GP,0.00047797372,0.0011473102,0.17922765,1.3666267,0.0017678560700368684,0.00016072392463684082,5.210608499100862e-06,0.05220966381253675,0.04753128131036646,0.04910641153190227,0.83659935,2.016129032258065,0.8345649537543737,16.61970818803475,0.00287829340887491,1.6725506654585467,0.225216297322253,0.725216297322253,1.231488346664475
BOVESPA,42,4,QuantGAN,0.00013266873,0.0051389504,0.15518545,0.2656231,0.0038075608600435414,0.0004313327372074127,5.8921417812923555e-05,0.0540929096378386,0.05081468048156239,0.051267475328131695,0.026468754,1.008064516129033,0.8366884621643588,25.017645191339994,0.012702029028302309,0.5269124572352939,0.2564517543859649,0.7564517543859649,1.4843011421956553
BOVESPA,42,4,sb_r,0.00040152628,0.005101797,0.3870508,0.9764662,0.0037743750934649354,0.0004489310085773468,6.327453315543766e-05,0.046934156810239075,0.05620119948056526,0.05519549341253878,0.22213769,1.411290322580646,0.8367375239633883,30.151701488729007,0.029018668961494187,0.6687499893864155,0.3402901662049862,0.8402901662049862,2.1628704751696595
BOVESPA,42,4,iid,0.00014565431,0.00554106,0.082861304,2.7124195,0.003907702320924683,0.0004506949335336685,7.082188414848827e-05,0.049358767508529126,0.049524992399819896,0.04671040051420278,1.65745,1.814516129032259,0.1006326376533101,0.6766432220761756,0.14653561456477637,2.621116145645532,0.3657855493998152,0.8657855493998152,2.369224398068121
BOVESPA,42,4,GJR-GARCH,0.0009968812,0.0075239595,0.021436594,0.37378883,0.005567907021627652,0.0008414406329393387,0.00016499461215843905,0.05592149334901478,0.08639000279363244,0.07964327825968212,0.80647564,0.20161290322580694,0.8367305742522351,28.31630216094933,0.022813842300305587,0.04706984748944176,0.3273737303785781,0.8273737303785781,2.058327735714536
BOVESPA,42,4,GARCH,0.00054491893,0.0075017232,0.00029805303,0.19009495,0.0058303172418035405,0.0009859148412942886,0.00013337099778089302,0.052358310429845005,0.05759808726143092,0.053352479809327634,0.26659298,1.008064516129033,0.8091759760580102,10.498804765548739,0.018169586615430333,0.2112983649405562,0.38540050784856883,0.8854005078485688,2.5279834797598824
BOVESPA,42,4,TimeGAN,0.0024609677,0.0054293144,0.24527256,1.9152417,0.005462244622100159,0.0015878528356552124,5.275291986681437e-05,0.08331671559950336,0.2093414595304057,0.10595738386335142,1.9138751,4.838709677419355,0.8367428482498734,67.48387437485229,0.02809940864911542,1.3006624143342185,0.2642846260387811,0.7642846260387811,1.5476986514924211
BOVESPA,42,4,sb_abs,0.00030997448,0.014814505,0.14100122,4.9669776,0.008169194546287747,0.0010145045816898346,0.0007357534049001295,0.06590901880292221,0.18978094454389066,0.13300629589044546,1.5704496,0.20161290322580605,0.8367428482499992,113.85841532756938,0.06251361584051063,3.033819055598947,0.2706198060941829,0.7706198060941829,1.5989741803483826
BOVESPA,42,4,CONTROL: shuffled real,5.820766e-11,0.0,1.4901161e-08,4.7683716e-07,0.0,9.313225746154785e-10,0.0,0.05278673306223936,0.0469244609028101,0.04561871855483332,0.0,0.0,0.11506580147570744,0.7705493251024969,0.07495434916529742,0.10406790326354542,0.17972922437673133,0.32027077562326867,2.046050034468682
BOVESPA,42,5,CNN-WGAN-GP,0.00075745885,0.002781787,0.4043048,0.4089265,0.002052317334773541,0.0001512160524725914,2.7949183311138566e-05,0.054692974642384797,0.055438767964951695,0.0539688913248392,0.08636379,0.4032258064516121,0.8363221609682885,20.41054757380204,0.0014092456738301617,0.13006223398583572,0.048079178208679574,0.5480791782086796,0.2022198326042941
BOVESPA,42,5,sb_abs,5.9411046e-05,0.0037731966,0.5936232,3.6101575,0.002613525929179574,0.00021842308342456818,1.5053353688265024e-05,0.04637968251947314,0.05493567927624099,0.039056178545215516,0.39915228,2.016129032258065,0.8355738187738787,18.065723531176253,0.0010526429181216823,4.053595375908914,0.2021456602031394,0.7021456602031394,1.044759775577082
BOVESPA,42,5,GJR-GARCH,0.0013239392,0.0026237024,0.5321602,0.19333076,0.002219907413802958,0.00019763410091400146,2.0213374344907246e-05,0.06501162630040198,0.05236228960682638,0.05646118028795172,0.3221841,0.403225806451613,0.836742847615855,49.568895797072244,0.04474080912985634,0.6458997920274681,0.15833287165281618,0.6583328716528162,0.690148875188118
BOVESPA,42,5,TimeGAN,0.0002776261,0.00047533493,0.5777287,0.15598583,0.0014922963827167044,0.0001071002334356308,8.450564436433267e-06,0.07115092173451558,0.2466541352448985,0.19660409483862168,3.0785403,1.612903225806451,0.8367428482499992,134.6369562300956,0.01071354670091651,0.2752755036200565,0.2626020313942752,0.7626020313942752,1.5340801071901664
BOVESPA,42,5,QuantGAN,0.0013938969,0.0040936545,0.58356637,5.5765195,0.002415784322064127,0.00017094146460294724,5.128674367034224e-05,0.05544123597443104,0.059895291501889006,0.06310844697327411,1.0395823,0.403225806451613,0.8367428482499992,91.32109449646876,0.021834702576806753,2.5425214314045945,0.20022899353647272,0.7002289935364727,1.0292467047386096
BOVESPA,42,5,iid,0.00044757983,0.006896531,0.4670326,8.752083,0.003983633123757428,0.00037903711199760437,9.04232961577419e-05,0.049551141138217646,0.05730461628758349,0.04935863443512062,1.1042247,1.612903225806452,0.08958810768576153,0.6045389948055284,0.05311213384014879,7.78190391958336,0.3524669898430286,0.8524669898430286,2.261426959178984
BOVESPA,42,5,GARCH,0.0019394514,0.005365979,0.839894,1.2935448,0.003994481013828662,0.0005028340965509415,0.00010880410872170241,0.06805680450750515,0.07878639203030616,0.0774209090302611,1.0192838,1.008064516129033,0.8367428482499992,100.53663469412072,0.08348732850125462,0.7223739371374722,0.2507234533702677,0.7507234533702677,1.4379375564005572
BOVESPA,42,5,sb_r,0.00045545812,0.009230649,0.82035923,6.1560063,0.0054546186898098694,0.0006052199751138687,0.0002598641402192941,0.05613197553204372,0.05537029526603874,0.05309953292733553,1.6671431,1.209677419354839,0.8367428482498738,67.48993583659946,0.02706541668574558,6.231786434293623,0.41608079409048937,0.9160807940904894,2.7763028469679836
BOVESPA,42,5,CONTROL: shuffled real,5.820766e-11,0.0,1.4901161e-08,4.7683716e-07,0.0,9.313225746154785e-10,0.0,0.05278673306223936,0.0469244609028101,0.04561871855483332,0.0,0.0,0.11506580147570744,0.7705493251024969,0.07495434916529742,0.10406790326354542,0.17972922437673133,0.32027077562326867,2.046050034468682
BOVESPA,42,6,CNN-WGAN-GP,0.00044546882,0.0022295536,0.1100382,0.40983677,0.0018041652481077016,0.00012307148426771164,1.1556462198014527e-05,0.0559711815835908,0.051254407824017106,0.050284338525598285,0.31861353,0.403225806451613,0.8277909087600701,13.2653723389816,0.033970885999882294,0.429201065753805,0.12074330563250224,0.6207433056325022,0.3859073445130384
BOVESPA,42,6,GARCH,0.00025308903,0.0036780573,0.17968452,0.023347855,0.0028123734847880647,0.0002682926133275032,3.518533052280343e-05,0.056496776708227114,0.05201287457370199,0.06716187375852314,0.47495604,1.209677419354839,0.8366196842860772,23.18859948417797,0.002408573803421965,0.464253018820187,0.2694443674976915,0.7694443674976915,1.5894604435412631
BOVESPA,42,6,GJR-GARCH,0.00041242444,0.003926457,0.2920596,0.4786396,0.002869352130084456,0.0002680877223610878,4.10239956138258e-05,0.05669443628517911,0.05204801162559306,0.06491318172273168,0.12574053,0.806451612903226,0.836730330949764,28.2730448506198,0.01550638939477944,0.3142128113181686,0.27491943674976915,0.7749194367497692,1.6337744281428404
BOVESPA,42,6,sb_abs,0.00075471005,0.0054552946,0.18511494,0.38634443,0.004375883869868397,0.0006406567990779877,5.22245003589653e-05,0.04995457846438512,0.056882916796021164,0.05493304277966672,0.71635675,1.209677419354839,0.8367424604110022,35.85188840797363,0.014448376572055999,0.6786474061724586,0.40125507848568787,0.9012550784856879,2.6563068244940706
BOVESPA,42,6,QuantGAN,0.0019006466,0.0050460044,0.272644,0.40701365,0.004549701027725963,0.0008935406804084778,5.0184074025082985e-05,0.0573194455797784,0.051864105423446744,0.05433748700459546,0.4559996,1.209677419354839,0.8367350635320121,29.318120970492462,0.07389671709166423,1.1787510342174294,0.3756749769159742,0.8756749769159742,2.449267210038615
BOVESPA,42,6,iid,0.0003443039,0.008105526,1.3352778,6.7245383,0.0048191495208679816,0.0005237031728029251,0.00027478710823937853,0.04728412960655987,0.05092392006423324,0.04410968091768155,1.9509423,2.016129032258065,0.13922768882461745,1.2722075722801616,0.12843980166632007,5.712015053626743,0.4104452908587257,0.9104452908587257,2.730690345657658
BOVESPA,42,6,TimeGAN,0.00045854668,0.0035546627,0.32705635,1.8767672,0.0037694635032241206,0.0007268134504556656,2.925796723484518e-05,0.07318463620962574,0.23104610066395254,0.20000986117673164,12.521427,5.040322580645162,0.8367428482499992,211.79124121589714,0.06819763962391123,1.983348218321869,0.3032996306555864,0.8032996306555864,1.8634773629970294
BOVESPA,42,6,sb_r,0.00085038843,0.008954266,0.12898777,12.65189,0.005024533623248599,0.0006269998848438263,0.0001097185559270446,0.05719561629288364,0.06430937479715794,0.06312860458354408,1.6688437,3.024193548387097,0.8367428482499992,115.22934807648731,0.03049346772957029,0.9530094124251081,0.40735918744228994,0.9073591874422899,2.7057121156155604
BOVESPA,42,6,CONTROL: shuffled real,5.820766e-11,0.0,1.4901161e-08,4.7683716e-07,0.0,9.313225746154785e-10,0.0,0.05278673306223936,0.0469244609028101,0.04561871855483332,0.0,0.0,0.11506580147570744,0.7705493251024969,0.07495434916529742,0.10406790326354542,0.17972922437673133,0.32027077562326867,2.046050034468682
BOVESPA,42,7,CNN-WGAN-GP,0.0003075395,0.0017621936,0.06260306,0.3284588,0.0014750262404295573,9.382236748933792e-05,6.6398935583397494e-06,0.05419383245985955,0.053909799810498954,0.047554906180957916,2.0956354,0.8064516129032251,0.8359499058636499,18.96040315628699,0.029550401624116485,0.6458520435481354,0.015255309325946431,0.48474469067405357,0.7148349934615154
BOVESPA,42,7,sb_r,0.0006224251,0.004938443,0.19142619,0.39693832,0.004017216578101706,0.0005715116858482361,4.0992192497858504e-05,0.05035420529835392,0.05829404872725718,0.0577871403608151,0.27826,1.612903225806452,0.8367428184731673,41.37366354427735,0.038880860623186075,0.7864690672192496,0.32484764542936284,0.8248476454293628,2.037882169752184
BOVESPA,42,7,GJR-GARCH,0.00046101108,0.0058598574,0.41323674,0.13079119,0.004542359091062287,0.0006491467356681824,6.539474143613618e-05,0.05173405417124741,0.050914341688621786,0.04950697682059399,1.6181378,0.6048387096774199,0.8367365441754896,29.78129067845384,0.0373888919385158,0.9551806125596114,0.354598568790397,0.854598568790397,2.2786794818963694
BOVESPA,42,7,sb_abs,0.00053854415,0.006175855,0.0555242,0.65507936,0.00491311031163194,0.0007653608918190002,8.89603647008596e-05,0.05265236295526847,0.04731097785988823,0.052702981810653,2.8377452,0.403225806451613,0.8291898471521032,13.674737025374567,0.011447924092127582,0.8483438473366989,0.3675505540166204,0.8675505540166204,2.383509950233719
BOVESPA,42,7,TimeGAN,0.0008573382,0.0029612752,0.2832461,1.6886528,0.0029358409807125623,0.000484357587993145,2.7449348168571608e-05,0.07428586414956953,0.3198914087889716,0.25105304911536225,13.005268,5.040322580645162,0.8367428482499992,193.29586869436957,0.023036568401443303,1.6155900894919566,0.1761382733148661,0.6761382733148661,0.8342618094268153
BOVESPA,42,7,iid,0.00034406496,0.006096486,0.5285861,2.5122871,0.00448170789222456,0.0006299130618572235,6.140873035417638e-05,0.048401822593295944,0.049036650227499194,0.04371521913177276,1.2532334,2.419354838709678,0.05180686163373138,0.3859070119746355,0.07231260512097304,2.473780580215129,0.4420708679593721,0.9420708679593721,2.9866606854158677
BOVESPA,42,7,QuantGAN,0.0008769053,0.005667435,0.06877226,0.7218776,0.004382863956862131,0.0006122533231973648,7.130298295950046e-05,0.05701902380911633,0.10536969350185245,0.09012525375736004,0.6629312,1.814516129032259,0.8367428482499991,82.53763285311278,0.025957411886605164,1.510104360395046,0.336755078485688,0.836755078485688,2.1342582667124312
BOVESPA,42,7,GARCH,0.0006741752,0.008675532,0.5331316,1.1816978,0.006020865394957803,0.0009015146642923355,0.0001706910904030959,0.05250002073997166,0.07612749321851879,0.078106764261247,0.70066214,0.604838709677419,0.8367428482499991,81.44636377334318,0.009684712528285955,1.1198444593964156,0.376525623268698,0.876525623268698,2.4561521511490283
BOVESPA,42,7,CONTROL: shuffled real,5.820766e-11,0.0,1.4901161e-08,4.7683716e-07,0.0,9.313225746154785e-10,0.0,0.05278673306223936,0.0469244609028101,0.04561871855483332,0.0,0.0,0.11506580147570744,0.7705493251024969,0.07495434916529742,0.10406790326354542,0.17972922437673133,0.32027077562326867,2.046050034468682
BOVESPA,42,8,CNN-WGAN-GP,0.0007938604,0.004889451,0.07160707,0.54567194,0.0040007696744238826,0.0005618538707494736,4.2621887842960884e-05,0.06012998386417166,0.04368569697253406,0.042220543373478,0.40309572,1.612903225806452,0.827077946168736,13.080118914361634,0.012535719357233521,0.7855436994717451,0.3459058171745152,0.8459058171745152,2.208322296714585
BOVESPA,42,8,GARCH,0.00078679627,0.0044582384,0.19172558,0.6222429,0.0037233042131913047,0.000505564734339714,3.454039240106809e-05,0.05889606546377763,0.07097621891531163,0.08283100369582826,2.3198886,0.4032258064516121,0.8367428482493457,64.04028496565498,0.05471825711397438,1.3204270468338244,0.29677608494921526,0.7967760849492153,1.810677244739143
BOVESPA,42,8,sb_r,9.8980556e-05,0.007818583,0.14303909,3.6594481,0.005103192768404501,0.0006203167140483856,0.00015341429970961126,0.0431186364433961,0.054837568790535446,0.04853581158873567,1.2919245,1.209677419354839,0.8367423852339348,35.468657158280095,0.01911064429318199,5.440134894620305,0.338110110803324,0.838110110803324,2.1452255948856003
BOVESPA,42,8,GJR-GARCH,0.001138935,0.005537417,0.23595291,0.68667793,0.004589070010944573,0.000718533992767334,6.79217664177446e-05,0.05744895212206757,0.06406290550803533,0.07368172689071799,0.19089222,1.209677419354839,0.836742848239493,58.21755589415302,0.10036308726988052,1.2091001484883348,0.3240630193905817,0.8240630193905817,2.0315315822801896
BOVESPA,42,8,iid,0.00027970882,0.008701321,0.052479133,3.4779,0.0057567318376916254,0.0008039325475692749,0.00023750672228948187,0.04291716450592503,0.04921625730930827,0.04454642056756711,1.6920736,1.814516129032259,0.005960445493345512,0.04239205602601537,0.05869286989616662,3.2414096793168383,0.41227631578947366,0.9122763157894737,2.7455102514616767
BOVESPA,42,8,sb_abs,0.0012244058,0.008834995,0.19793673,1.918263,0.006041777306022819,0.0009297356009483337,0.00016891830976788967,0.05504756821785122,0.06473233693162911,0.05070689705586119,1.3643451,1.612903225806452,0.8367428482211351,56.09223550852826,0.06058620524827174,1.3778854346864868,0.2875348568790397,0.7875348568790397,1.7358808139458661
BOVESPA,42,8,TimeGAN,0.00077073154,0.0048885318,0.2667454,2.3329349,0.005398499726313291,0.0014833807945251465,4.305488165365425e-05,0.09188916326733305,0.212188714700751,0.16337185425953066,8.9513035,5.443548387096775,0.8367428482499992,187.6662243197588,0.07556615132629796,1.6625233745165162,0.2645394736842106,0.7645394736842106,1.5497613312714988
BOVESPA,42,8,QuantGAN,0.0010371937,0.00996563,0.33148527,2.2966409,0.007150856291898875,0.0013249646872282028,0.00022138177163147905,0.06329111869679764,0.08077120080241001,0.08291589031265176,0.66497564,1.612903225806452,0.8367428482499992,127.23796377608691,0.0760485441926172,0.7561461232105438,0.4230025392428439,0.9230025392428439,2.8323259023806773
BOVESPA,42,8,CONTROL: shuffled real,5.820766e-11,0.0,1.4901161e-08,4.7683716e-07,0.0,9.313225746154785e-10,0.0,0.05278673306223936,0.0469244609028101,0.04561871855483332,0.0,0.0,0.11506580147570744,0.7705493251024969,0.07495434916529742,0.10406790326354542,0.17972922437673133,0.32027077562326867,2.046050034468682
BOVESPA,42,9,sb_abs,9.238266e-05,0.0025527012,0.2624737,0.7605593,0.0023340096113535695,0.00022130087018013,1.4746871886913474e-05,0.052066747669014146,0.05920582309408928,0.053799493495243954,0.7843628,1.411290322580646,0.7986631202842549,9.681260663262265,0.03853415213856126,0.9018737895175777,0.22207063711911368,0.7220706371191137,1.2060280773261804
BOVESPA,42,9,GJR-GARCH,0.00020843052,0.003172784,0.4197482,0.76438546,0.0029358901455940486,0.00035164598375558853,2.2489110264402807e-05,0.05399402756709606,0.05330983825493604,0.046434177926639675,0.3982272,0.806451612903226,0.6916758642403622,6.120707045430903,0.0012671659303730154,1.1990725355156848,0.28610041551246534,0.7861004155124653,1.7242707667110992
BOVESPA,42,9,CNN-WGAN-GP,0.000293568,0.003058753,0.27513617,0.21084023,0.002507636569679372,0.00024263933300971985,2.5184663316471386e-05,0.05696817304706201,0.06476840491872281,0.0628881714054296,0.115293026,0.6048387096774199,0.8364677992383004,21.37602561409045,0.010618046601915232,1.365476924015268,0.05056348107109887,0.5505634810710989,0.182112441497026
BOVESPA,42,9,QuantGAN,0.0019884564,0.0027641216,0.052578464,1.1937933,0.002470167942120836,0.0003095269203186035,2.1265355017463483e-05,0.056906591313891114,0.055853861746145414,0.05523086239722033,0.74161243,1.209677419354839,0.8367427955436292,40.149868413871076,0.027592591043521852,0.7907048800618055,0.24555378578024012,0.7455537857802401,1.3960954244690165
BOVESPA,42,9,sb_r,0.0011717243,0.004274833,0.49541414,0.6107907,0.0033716449474978168,0.00039801374077796936,3.003342414033379e-05,0.049810126964803206,0.049330333959660494,0.04187879651282856,0.02702713,1.209677419354839,0.28031799809515767,1.8627805848090762,0.021719327268384436,0.0022210668594278005,0.3073986611265005,0.8073986611265005,1.8966539978132109
BOVESPA,42,9,iid,0.00057628285,0.006303344,0.5773063,3.6046276,0.0039953143505759995,0.00039555132389068604,7.882276216723229e-05,0.052809316942002624,0.04925702030890534,0.040199304046473115,0.88970923,0.806451612903226,0.1194652788495516,1.0127096124958959,0.01932915235337962,3.5158413198877883,0.3508781163434904,0.8508781163434904,2.2485669728389626
BOVESPA,42,9,GARCH,0.0005004653,0.005168883,0.3350252,0.29889488,0.0042547582302488755,0.0005975477397441864,5.705835761274673e-05,0.05610827767595765,0.09110394350718706,0.09048987072696037,0.4887929,0.403225806451613,0.8367428475271099,49.29139137498443,0.016862652116803822,1.3397924124946363,0.3367486149584489,0.8367486149584489,2.1342059523702086
BOVESPA,42,9,TimeGAN,0.00031892763,0.0034526838,0.22902219,1.7518818,0.0035808928604208843,0.0006643952801823616,2.7299532575709588e-05,0.11056260993682372,0.24741580586414785,0.18725186686766393,5.454284,4.233870967741936,0.8367428482499992,154.08496152726494,0.10444721929589085,0.7828067799978333,0.30447183748845796,0.804471837488458,1.8729649426330353
BOVESPA,42,9,CONTROL: shuffled real,5.820766e-11,0.0,1.4901161e-08,4.7683716e-07,0.0,9.313225746154785e-10,0.0,0.05278673306223936,0.0469244609028101,0.04561871855483332,0.0,0.0,0.11506580147570744,0.7705493251024969,0.07495434916529742,0.10406790326354542,0.17972922437673133,0.32027077562326867,2.046050034468682
BOVESPA,42,10,CNN-WGAN-GP,0.00063667423,0.0016182847,0.37284333,0.40180254,0.0015435249159534792,0.00010608136653900146,4.414136541541873e-06,0.055396492194849996,0.047470706301974135,0.05022208314878299,0.30853367,1.008064516129033,0.6804936421347727,5.911069542822419,0.003237887648884441,0.8225999895806364,0.018247460757155998,0.518247460757156,0.4436710740262672
BOVESPA,42,10,QuantGAN,0.0009818033,0.00038186554,0.35754317,0.7769618,0.001019586644318796,4.511699080467224e-05,7.761873637705855e-06,0.05095583798130974,0.05282735765678808,0.050990490548938394,1.0759747,1.411290322580646,0.6779603837846279,5.865433985943791,0.07425701609877111,0.879531734618797,0.10652931671283472,0.3934706832871653,1.4535863720549385
BOVESPA,42,10,sb_r,0.001007965,0.0060683116,1.3511653,9.926008,0.0038545531969644345,0.00042568519711494446,4.5722168620689264e-05,0.04571884556207806,0.05456187929856242,0.04084768003282079,0.8945296,2.6209677419354844,0.7508249990917566,7.5570719236808195,0.00506856664400146,0.6934786036440519,0.3391668975069253,0.8391668975069253,2.1537789898390556
BOVESPA,42,10,sb_abs,0.00032450358,0.0053908657,0.18270606,0.62470174,0.004378206669870114,0.0006250403821468353,5.49383456614586e-05,0.05170480558415875,0.05137941614550073,0.05131457434232289,1.9215527,0.403225806451613,0.8357169452433103,18.36733510070656,0.02453774499483452,1.0270202026166948,0.321654893813481,0.821654893813481,2.012040753063407
BOVESPA,42,10,iid,0.0004015896,0.007323278,0.13584118,2.7141156,0.0049862264231284184,0.0006616506725549698,0.00015150369813533718,0.04086896705499385,0.05055798717425205,0.04727104706260434,1.4079521,1.411290322580646,0.16273219633449698,1.9273625176173126,0.016692630790967167,2.608598998423931,0.42745313942751617,0.9274531394275162,2.8683480637399152
BOVESPA,42,10,GJR-GARCH,0.0015765289,0.005071086,0.22587767,0.62917876,0.0045930103424490385,0.0007975585758686066,4.8224258267248744e-05,0.04706321574514732,0.05621172901941463,0.062345894656973544,0.80460024,1.411290322580646,0.8145158136756587,11.037221585752036,0.014699200058937656,1.2849833250551201,0.3995265466297322,0.8995265466297322,2.642316474688159
BOVESPA,42,10,TimeGAN,0.00063271617,0.0031614685,0.3306632,1.9186172,0.0034199084758355517,0.000638292171061039,2.854572860717083e-05,0.08218453199369832,0.21815803709905596,0.1909674240070308,,5.241935483870968,0.8367428482499992,225.02429584566758,0.09493626435227442,1.7995099368344385,0.26339796860572484,0.7633979686057248,1.5405222447610507
BOVESPA,42,10,GARCH,0.0013168843,0.005787242,0.25023952,0.48154306,0.004830504003181552,0.0007630940526723862,6.690313154625976e-05,0.05072501479415223,0.09696226086001843,0.09587879714359587,1.765523,0.20161290322580694,0.836733172767043,28.840094363952343,0.009683724350503908,1.3186337281410716,0.3527079870729455,0.8527079870729455,2.2633775367961544
BOVESPA,42,10,CONTROL: shuffled real,5.820766e-11,0.0,1.4901161e-08,4.7683716e-07,0.0,9.313225746154785e-10,0.0,0.05278673306223936,0.0469244609028101,0.04561871855483332,0.0,0.0,0.11506580147570744,0.7705493251024969,0.07495434916529742,0.10406790326354542,0.17972922437673133,0.32027077562326867,2.046050034468682
BOVESPA,42,11,CNN-WGAN-GP,0.00093862275,0.001368966,0.12177526,0.8798504,0.0017038609452074084,0.00017630308866500854,3.488991191545896e-06,0.04538410257315263,0.03686290997080505,0.04028363791097945,0.094214916,1.411290322580646,0.7305222450169833,6.983468719127005,0.022486988823793075,1.4065044225185765,0.1299215143120961,0.6299215143120961,0.46019371046964147
BOVESPA,42,11,GJR-GARCH,0.00068114453,0.003807093,0.16655612,0.4936204,0.003017048112300723,0.0003210296854376793,3.2219389799810124e-05,0.0538106081658043,0.048264337891014295,0.04642904256299516,0.33853102,0.806451612903226,0.8268410491010642,13.021492562799232,0.020805637158899826,0.15651540093349503,0.27713781163434903,0.777137811634349,1.651729457741506
BOVESPA,42,11,QuantGAN,0.0001702332,0.0028075352,0.15024768,0.7733855,0.002632888677862499,0.00030544959008693695,1.1940957465204581e-05,0.04927872170228511,0.052135992195690053,0.05676827922950906,1.8396764,2.016129032258065,0.7955749345903081,9.4820201028995,0.01610796707683204,0.4724157035804968,0.24291505078485687,0.7429150507848569,1.3747380942564928
BOVESPA,42,11,GARCH,0.0009556047,0.005190906,0.12051223,0.874156,0.004096145857468238,0.0005600228905677795,4.754117653885866e-05,0.05101308732060716,0.0457755804376211,0.0417387301443523,0.33182573,1.209677419354839,0.7727525766659925,8.33879320041695,0.01624832536569698,0.3989588531280184,0.3192195290858726,0.8192195290858726,1.9923294562615426
BOVESPA,42,11,TimeGAN,0.0009017164,0.00014464185,0.23938255,0.64577127,0.001465327017034533,0.0001288866624236107,5.6186752319360745e-06,0.0726783267664723,0.2397973134694621,0.2534212106074119,8.848227,1.814516129032258,0.8367428482499992,216.3191211484821,0.03451674817424655,1.7756154638575876,0.14469967682363805,0.644699676823638,0.5798048488543419
BOVESPA,42,11,sb_r,0.0012789133,0.00757898,0.14790204,10.667002,0.004333355477346263,0.00044021010398864746,0.0001333515076843211,0.05467822404811159,0.061377962888218465,0.05243848324105784,1.3680472,1.814516129032259,0.8367428482499992,106.99131074614263,0.010767613384145558,1.6372236756944192,0.3504630655586334,0.8504630655586334,2.245207644720501
BOVESPA,42,11,iid,0.001005356,0.007640481,0.016575724,9.499481,0.004657308761786978,0.0005693100392818451,7.959169377822728e-05,0.05352346684550866,0.04889985696645453,0.04185652964784822,1.6979902,2.6209677419354844,0.15751855192649822,1.6520874596100559,0.06494332533963243,9.052527661235054,0.3902345337026778,0.8902345337026778,2.567109002634561
BOVESPA,42,11,sb_abs,0.0012708253,0.015641723,0.12435978,3.4575171,0.010159499022493844,0.0019859466701745987,0.000662181252823951,0.05504072547191754,0.14632971852552146,0.13283335532563798,1.7219424,1.209677419354839,0.8367428482499992,126.70063619658156,0.028169583026094736,0.5884185508202404,0.4357352262234533,0.9357352262234533,2.935381419821176
BOVESPA,42,11,CONTROL: shuffled real,5.820766e-11,0.0,1.4901161e-08,4.7683716e-07,0.0,9.313225746154785e-10,0.0,0.05278673306223936,0.0469244609028101,0.04561871855483332,0.0,0.0,0.11506580147570744,0.7705493251024969,0.07495434916529742,0.10406790326354542,0.17972922437673133,0.32027077562326867,2.046050034468682
BOVESPA,42,12,CNN-WGAN-GP,1.241162e-06,0.0012074821,0.25392658,0.24582052,0.0014000675756898498,0.00010653398931026459,2.280114468724589e-06,0.04502600651001558,0.04431848582258681,0.044689067184590384,0.6013427,1.209677419354839,0.8054995335613105,10.183449586065692,0.0017821274621149241,0.4568328049604147,0.13781648199445984,0.6378164819944598,0.5240938111256206
BOVESPA,42,12,sb_abs,0.00015913541,0.001740641,0.07610668,1.1766856,0.0019295622480274594,0.00018932204693555832,9.008045924214056e-06,0.046362196726258846,0.054760480312397705,0.052839921559570936,0.7104597,2.419354838709678,0.8367405262343258,31.966039506871514,0.006267761537133598,1.4433877971667783,0.20791343490304715,0.7079134349030471,1.0914428525336135
BOVESPA,42,12,GJR-GARCH,0.0004314963,0.00453433,0.034846783,0.12792635,0.003541924710653408,0.0003951042890548706,5.2750239930964265e-05,0.058083360459422695,0.05073580157593824,0.04845526233119017,0.09511709,0.806451612903226,0.8344785385134013,16.528736648502417,0.03005114449889079,0.5969533098122426,0.31379478301015706,0.8137947830101571,1.9484227761815596
BOVESPA,42,12,GARCH,0.00082235364,0.0055656247,0.021580659,0.17303705,0.004336224284966854,0.0005696415901184082,7.23493346789451e-05,0.05466415918665007,0.046778342059224085,0.05062417788700259,0.43180585,1.008064516129033,0.8367245988633563,27.4410142208094,0.007238738308597004,0.826413223507851,0.3463421052631579,0.8463421052631579,2.211853514814635
BOVESPA,42,12,sb_r,6.8722205e-05,0.006046068,0.10935173,0.0032849312,0.004794532134161317,0.0007308926433324814,7.327839237921488e-05,0.056346717001288196,0.047885843571275476,0.04163613146440184,0.064432144,1.008064516129033,0.8364765306503789,21.449118286452457,0.013870389366514302,1.0641657998115357,0.4407400738688828,0.9407400738688828,2.975889536026034
BOVESPA,42,12,iid,0.00033646513,0.006748626,1.3691857,15.65402,0.004169593577853082,0.0004976112395524979,5.008504245398117e-05,0.0505391087452881,0.04770948713034159,0.03288613177588559,1.4462013,3.024193548387097,0.029777788834827845,0.20656049281487432,0.0490975277973702,2.4055899759609476,0.357772622345337,0.857772622345337,2.304369560666573
BOVESPA,42,12,QuantGAN,0.00083487877,0.006252274,0.25651085,0.04366541,0.004688161467644507,0.0006558001041412354,0.0001000568875633171,0.06252803378971293,0.09356041829800234,0.09279937346269435,0.8452668,0.0,0.836742848249196,63.608607117520094,0.0283315320004619,1.3686926603564467,0.35750554016620506,0.8575055401662051,2.3022078573111466
BOVESPA,42,12,TimeGAN,0.00068286597,0.003073343,0.31750637,1.7347393,0.0030198876286450997,0.0005090199410915375,2.7072258906564198e-05,0.07086822501732967,0.24988702844362706,0.2235738856698299,7.896811,3.42741935483871,0.8367428482499992,156.32061673450846,0.04358814270259426,1.919952613597995,0.3652426131117267,0.8652426131117267,2.364829993321393
BOVESPA,42,12,CONTROL: shuffled real,5.820766e-11,0.0,1.4901161e-08,4.7683716e-07,0.0,9.313225746154785e-10,0.0,0.05278673306223936,0.0469244609028101,0.04561871855483332,0.0,0.0,0.11506580147570744,0.7705493251024969,0.07495434916529742,0.10406790326354542,0.17972922437673133,0.32027077562326867,2.046050034468682
BOVESPA,42,13,CNN-WGAN-GP,0.00036375242,0.00029310957,0.06867962,0.9728193,0.0008589601833015817,4.452187567949295e-05,8.701903802801913e-07,0.055930778819601984,0.04752489243051969,0.058342101688831464,0.9811878,0.403225806451613,0.8364170778800104,20.992101779966927,0.023633186848899923,1.3534523009667923,0.0013891966759002616,0.49861080332409974,0.602605782438347
BOVESPA,42,13,sb_abs,0.00045785157,0.0004716711,0.07691498,0.7733693,0.0008915405810347283,4.558544605970383e-05,1.118091931831491e-06,0.06304180268081837,0.0540335485432297,0.05122811894667393,0.40357065,1.209677419354839,0.7140433839422182,6.587473882507949,0.09144456236833953,0.9254069354362868,0.1332167590027702,0.6332167590027702,0.48686468315652554
BOVESPA,42,13,QuantGAN,0.00071047555,0.0038202554,0.12530692,0.49455667,0.003195324468556978,0.00040387921035289764,3.7793968161605094e-05,0.051628372771083376,0.04548120518215001,0.04164374220730679,0.43856955,1.411290322580646,0.6338918435383522,5.159155619500663,0.02342469635704969,0.8702533834847195,0.2464427516158818,0.7464427516158818,1.403290514894038
BOVESPA,42,13,sb_r,0.0004258339,0.0047735106,0.11837812,1.0288525,0.003649653637490892,0.0004455987364053726,4.390642703068866e-05,0.046561419485369696,0.05598876707605086,0.0503186842174182,0.75113297,1.411290322580646,0.7426095151947913,7.311346065051559,0.002516421577752004,1.4457004705626462,0.3258349492151431,0.8258349492151431,2.045873185526741
BOVESPA,42,13,GARCH,0.00032850014,0.004626774,0.2222381,0.80584216,0.003870521491733364,0.0005346331745386124,4.5891727599715746e-05,0.05767401249846443,0.07269184002652765,0.06717510507172847,1.3391614,0.403225806451613,0.8343387895908528,16.38859041857627,0.018035625635077213,0.8410596659649103,0.27194621421975984,0.7719462142197598,1.6097098307202786
BOVESPA,42,13,TimeGAN,0.00036023188,0.0024267407,0.3363902,1.5998757,0.002613958020313314,0.0003764387220144272,2.2310784375656926e-05,0.07162899860879407,0.3024800858972594,0.2515170852447773,11.771801,3.6290322580645165,0.8367428482499992,233.74168374628627,0.016243333298305962,1.973155983535511,0.3029111265004616,0.8029111265004616,1.8603328973555553
BOVESPA,42,13,GJR-GARCH,0.0005607321,0.0048357267,0.3252253,0.2131319,0.003968854071798991,0.0005539562553167343,4.581166725307587e-05,0.05066489983582869,0.05982492051552981,0.054690951007578405,0.13166094,1.411290322580646,0.8066679673562878,10.279648289969701,0.04187367422075183,0.2411251118045259,0.30635018467220687,0.8063501846722069,1.8881678641569009
BOVESPA,42,13,iid,0.00067468645,0.007184144,1.1685427,7.7914863,0.0045906549524154855,0.0005465168505907059,7.832291429883068e-05,0.04980457661440596,0.05041566211963072,0.04062782180182694,0.9958887,1.814516129032259,0.14584801995268326,1.3818386170154886,0.09501224205775105,4.711281218954625,0.38941505078485683,0.8894150507848568,2.5604762913884347
BOVESPA,42,13,CONTROL: shuffled real,5.820766e-11,0.0,1.4901161e-08,4.7683716e-07,0.0,9.313225746154785e-10,0.0,0.05278673306223936,0.0469244609028101,0.04561871855483332,0.0,0.0,0.11506580147570744,0.7705493251024969,0.07495434916529742,0.10406790326354542,0.17972922437673133,0.32027077562326867,2.046050034468682
BOVESPA,42,14,QuantGAN,0.000209483,0.0034033488,0.22029422,0.45091867,0.0028529069578461697,0.0003041662275791168,3.1163727055659655e-05,0.05670279847632628,0.054561480147531254,0.06217808716268337,0.21078968,0.6048387096774199,0.836742706252954,38.019845125928654,0.03593753401582256,0.9590028304743154,0.2045505540166206,0.7045505540166206,1.0642244476227543
BOVESPA,42,14,sb_r,0.00030210405,0.0054272227,0.07196587,2.34795,0.0035596090916688063,0.00033090636134147644,6.550241155590386e-05,0.04577178276667837,0.04773759588366375,0.04650577465268725,0.27369285,0.604838709677419,0.8367428482493598,64.08608525785392,0.05494575071605112,0.17319307596243672,0.2508605724838411,0.7508605724838411,1.43904736780343
BOVESPA,42,14,sb_abs,4.4954068e-05,0.0040643215,0.038046867,0.4699602,0.0032500508498196,0.00034774281084537506,3.6252858859343716e-05,0.0501220635487698,0.10473632126580924,0.09833786973533279,0.41563654,0.403225806451613,0.8367428482286878,56.73058448698336,0.03088899199463735,0.9653455088516716,0.25125438596491223,0.7512543859649122,1.4422348059403005
BOVESPA,42,14,CNN-WGAN-GP,0.00040479196,0.003361648,0.008132592,0.78121233,0.0029805233235298406,0.0003292663022875786,2.5013362870080493e-05,0.05796754577371757,0.05457403255160898,0.04806540880621469,1.4956207,0.806451612903226,0.7128909801434375,6.5616220201916295,0.02705656327061745,1.3210886632801682,0.303482917820868,0.803482917820868,1.8649608482729232
BOVESPA,42,14,GJR-GARCH,0.00063297513,0.0056692977,0.017182,1.9472842,0.004011920655676522,0.000446125864982605,8.853436751824749e-05,0.05654827809659764,0.053805049229413274,0.05938594389015634,0.6678331,0.20161290322580694,0.8367428482170081,55.810908415524565,4.728196620829017e-05,0.4877103716685971,0.3551643582640812,0.8551643582640812,2.283258855210244
BOVESPA,42,14,GARCH,0.0010424433,0.007727431,0.038892627,0.522522,0.005903436963229348,0.0009596887975931168,0.0001478532356783201,0.050808392639737576,0.048543536415090786,0.04182508476613293,0.44008255,0.6048387096774199,0.8363846751512748,20.776652521442962,0.0029379519994719994,0.6046737766376662,0.4478268698060941,0.9478268698060941,3.0332484755347773
BOVESPA,42,14,TimeGAN,0.0015754725,0.0040927418,0.6198067,0.7542896,0.0033684514474870294,0.0005623847246170044,6.469439241168178e-05,0.0665157171501778,0.2540975455520675,0.1618189525212074,0.39478922,3.2258064516129035,0.8367428482499992,287.24986988769245,0.09219347971251068,1.1639078957726037,0.3029420590951062,0.8029420590951062,1.86058325885048
BOVESPA,42,14,iid,0.00046486116,0.0070242602,0.6607806,4.9690795,0.004829257749225151,0.0006191134452819824,9.4844713727779e-05,0.045529396593919955,0.05501847685314715,0.04121437155896274,0.61762834,1.209677419354839,0.15430013972049283,1.5601957021637913,0.08988250719122837,4.872110148506247,0.4118737303785782,0.9118737303785782,2.742251815288934
BOVESPA,42,14,CONTROL: shuffled real,5.820766e-11,0.0,1.4901161e-08,4.7683716e-07,0.0,9.313225746154785e-10,0.0,0.05278673306223936,0.0469244609028101,0.04561871855483332,0.0,0.0,0.11506580147570744,0.7705493251024969,0.07495434916529742,0.10406790326354542,0.17972922437673133,0.32027077562326867,2.046050034468682
BOVESPA,42,15,iid,0.0010678379,0.0047203563,0.7750962,3.9512715,0.003418272942416288,0.00040758028626441956,3.5550575174266244e-05,0.04266496831784025,0.0506770984956529,0.04728124881898111,0.040079594,0.806451612903226,0.8367428482499992,153.37342124243267,0.07328256116412168,0.6012329700616603,0.2867689289012004,0.7867689289012004,1.7296815643924461
BOVESPA,42,15,GJR-GARCH,0.00025464196,0.005694855,0.2770427,2.762566,0.003509960539473916,0.0003034546971321106,9.918047614639953e-05,0.05802913461811841,0.1272051529912278,0.11868358038751467,1.3710735,1.008064516129033,0.8367428482499992,134.24169111719334,0.016950092434466657,1.0127522607070527,0.06844829178208678,0.5684482917820868,0.03735678819673348
BOVESPA,42,15,GARCH,0.0001501707,0.0060120653,0.03189127,3.359983,0.0035575642341299386,0.0002928487956523895,0.00015436783161450042,0.05846383683703607,0.1508355100778863,0.141705840884606,1.7670634,1.008064516129033,0.8367428482499992,106.08235602583841,0.009977212213628905,1.0349521703723368,0.02034372114496752,0.5203437211449675,0.4267044118217434
BOVESPA,42,15,CNN-WGAN-GP,0.0005066353,0.004822897,0.06732917,0.57663965,0.004196340366564204,0.0006364807486534119,5.016698848644239e-05,0.056399075973313305,0.06223570711212233,0.056576391721246184,0.31692743,1.411290322580646,0.8318701384813115,14.722235764273176,0.00787819707476789,1.345270877093586,0.3218868882733148,0.8218868882733148,2.013918464275338
BOVESPA,42,15,TimeGAN,0.0001293268,0.00024106726,0.55505586,0.46808863,0.0015678511968530984,0.0001169135794043541,9.658513354826784e-06,0.12820677828975022,0.3311587740061805,0.2969332345927978,15.102243,3.830645161290322,0.8367428482499992,224.2873817790403,0.030003738945445613,0.40638013647667837,0.24660387811634354,0.7466038781163435,1.4045946367108821
BOVESPA,42,15,sb_abs,0.00051466544,0.0068463683,0.083052576,0.098986626,0.005161379908198312,0.0007816608995199203,9.952733189161697e-05,0.055061068654613333,0.051977377054281536,0.050653451277976276,0.6366868,1.008064516129033,0.8321897523294127,14.8833738175084,0.02285302544755341,0.23457648677517096,0.3894455216989844,0.8894455216989844,2.5607229161446297
BOVESPA,42,15,sb_r,2.4087843e-05,0.011445692,1.2810274,14.623911,0.005993217636086555,0.0006856769323348999,0.00026873944448235114,0.05595622043707408,0.07472289061290212,0.06701318970728608,2.290584,2.6209677419354844,0.8367428482499992,182.3838073313439,0.012776638927611272,1.605731145303766,0.37644736842105253,0.8764473684210525,2.455518773934257
BOVESPA,42,15,QuantGAN,0.0010238367,0.015543332,0.79671955,8.7395935,0.008401172176885184,0.001164635643362999,0.0009483211102443016,0.06293141240952536,0.18701057747821323,0.15862387366090844,2.4330778,1.814516129032259,0.8367428482499992,333.52933652081714,0.11478193647738433,1.0930146808945373,0.403766620498615,0.903766620498615,2.676634683186421
BOVESPA,42,15,CONTROL: shuffled real,5.820766e-11,0.0,1.4901161e-08,4.7683716e-07,0.0,9.313225746154785e-10,0.0,0.05278673306223936,0.0469244609028101,0.04561871855483332,0.0,0.0,0.11506580147570744,0.7705493251024969,0.07495434916529742,0.10406790326354542,0.17972922437673133,0.32027077562326867,2.046050034468682
BOVESPA,42,16,sb_abs,0.0005472382,0.003049653,0.24129234,0.8612697,0.002677909343102299,0.00029042642563581467,2.3036317443616347e-05,0.04800166439497843,0.04330787087325007,0.04192575220593426,1.2258439,0.6048387096774199,0.7353144811269917,7.109158267799579,0.014450595255886767,0.8910344663232252,0.28743536472760844,0.7874353647276084,1.7350755467495054
BOVESPA,42,16,CNN-WGAN-GP,0.00022225309,0.0023056967,0.08841531,1.0767462,0.002385165412498914,0.00028937961906194687,9.725753667349386e-06,0.06400464136502705,0.04714095365721732,0.05028365762242174,0.67628574,2.016129032258065,0.6312357017518042,5.120998929074236,0.02858336020241692,1.2269185874457773,0.27147345337026774,0.7714734533702677,1.6058834102605426
BOVESPA,42,16,TimeGAN,0.0010095991,0.0002425434,0.1797717,0.9108143,0.0016817827335961321,0.00015281140804290771,5.764636440593733e-06,0.09355243332334794,0.28375494133215395,0.2911931570972229,,1.411290322580645,0.8367428482499992,206.40954012548372,0.025377287911762303,1.7767566926264875,0.21493467220683282,0.7149346722068328,1.1482711751426673
BOVESPA,42,16,GARCH,0.0012867479,0.004581079,0.17579894,0.04885435,0.0038107970602383047,0.0005569122731685638,4.622783347929882e-05,0.05871044620755129,0.048771508950740096,0.051049547097281905,0.12887883,1.814516129032259,0.8367427825781595,39.67785175935798,0.025136700927356204,0.5033069304410156,0.3235997229916897,0.8235997229916897,2.0277817649644225
BOVESPA,42,16,QuantGAN,0.00073426426,0.004386409,0.00058835745,0.75929856,0.0038309980346481654,0.0005600005388259888,4.158235637274775e-05,0.044785499542485924,0.053633835309228745,0.05273154748916568,0.13830471,1.411290322580646,0.8367427583855804,39.00409408143126,0.008781431406082563,1.1766787107874621,0.37705147737765476,0.8770514773776548,2.4604082965627407
BOVESPA,42,16,sb_r,0.00098201,0.005302649,0.6533151,2.556757,0.003920721451089732,0.0005026441067457199,5.409482872619991e-05,0.05101451789261773,0.05995321555645205,0.047546270901439126,0.74663186,1.814516129032259,0.8322358036909132,14.907497416683174,0.0732074036128385,1.3986992808690655,0.3647211449676824,0.8647211449676824,2.3606093469256195
BOVESPA,42,16,iid,4.2487867e-05,0.007385861,1.3097287,9.278278,0.004796317806648726,0.0006170757114887238,7.078302715579461e-05,0.052647251756716286,0.0559428481280338,0.040718536343993035,0.9326649,1.814516129032259,0.1510240515972796,1.4835484882629641,0.09987694338882447,9.201231891472743,0.4260544783010157,0.9260544783010157,2.85702761375674
BOVESPA,42,16,GJR-GARCH,0.0017570074,0.0067885146,0.34224015,0.6766901,0.005176523238335009,0.000842757523059845,0.0001330632088210171,0.06494498706655577,0.09092633835040033,0.09167936312769598,0.88813806,1.209677419354839,0.8367428482499992,107.38717132427276,0.029005857504287302,0.9637204330132119,0.3651728993536473,0.8651728993536473,2.3642657457731313
BOVESPA,42,16,CONTROL: shuffled real,5.820766e-11,0.0,1.4901161e-08,4.7683716e-07,0.0,9.313225746154785e-10,0.0,0.05278673306223936,0.0469244609028101,0.04561871855483332,0.0,0.0,0.11506580147570744,0.7705493251024969,0.07495434916529742,0.10406790326354542,0.17972922437673133,0.32027077562326867,2.046050034468682
BOVESPA,42,17,GJR-GARCH,0.00016170042,0.0026633618,0.05590847,0.32536793,0.00225280474533505,0.00020239315927028656,1.4044068972232608e-05,0.05075048530008644,0.04705487374565564,0.05097591677178571,0.44094324,0.806451612903226,0.8223242320949289,12.106051978548336,0.017334998488003794,0.5144825991401767,0.21447968605724832,0.7144796860572483,1.1445886191240437
BOVESPA,42,17,GARCH,0.0006615876,0.0030897306,0.11559266,0.7123623,0.0027541947149502238,0.00031176675111055374,1.5117809149269935e-05,0.04884869307745248,0.04540291730081662,0.04475675020970812,1.6195636,0.20161290322580605,0.42865551351282877,2.975583906110865,0.015216021248540268,0.6562255206518786,0.2461920590951061,0.7461920590951061,1.4012614657635325
BOVESPA,42,17,sb_r,0.0004927522,0.004138398,0.19389674,0.2472558,0.0034762710005426726,0.0004614759236574173,3.599024294691551e-05,0.06128305462887511,0.05034639718796825,0.04491782764474919,0.17865324,1.008064516129033,0.23693774067280737,1.5681198842843735,0.012129333256120645,0.31179744465205683,0.31258656509695304,0.812586565096953,1.9386437309245967
BOVESPA,42,17,sb_abs,0.001022662,0.004183011,0.25807852,0.2728672,0.0034459053589315667,0.0004235412925481796,3.706049725529129e-05,0.0529140955931507,0.05102462975075468,0.058500295907360854,0.42283106,0.806451612903226,0.8366868846284501,24.953895285924208,0.02641368153293666,1.2117554698542254,0.322409510618652,0.822409510618652,2.0181484525179387
BOVESPA,42,17,CNN-WGAN-GP,0.00064042135,0.0044182213,0.24388914,0.9992316,0.0036863268040109123,0.0005108434706926346,4.010192106500596e-05,0.056814293559873476,0.04756518972630147,0.054999241199475364,2.28239,0.6048387096774199,0.836622217334416,23.235277314214645,0.01680063346625682,1.35909147318364,0.31959695290858736,0.8195969529085874,1.9953842401734911
BOVESPA,42,17,iid,0.0004328125,0.006164672,0.06959681,2.3899627,0.004115686960680648,0.0004513375461101532,8.44387275848681e-05,0.04774860268458724,0.07051957269548438,0.05882345686470217,1.2390103,1.209677419354839,0.8204799298713613,11.81046005770091,0.1014479834065497,2.1931467765573736,0.42562049861495854,0.9256204986149585,2.8535150793503417
BOVESPA,42,17,TimeGAN,0.0021102505,0.0053142738,0.24457909,2.2274914,0.005498024493794028,0.0015768948942422867,5.7788531794821154e-05,0.07916529478039593,0.18339702020864934,0.0925255935619498,2.689476,4.838709677419355,0.8367428482499992,123.00473675422442,0.05806336345229446,0.059850176716385484,0.23916966759002767,0.7391696675900277,1.3444238013076528
BOVESPA,42,17,QuantGAN,0.002179842,0.0058405343,0.1243013,1.8920264,0.004215427088772392,0.0006467532366514206,0.00011618038750898322,0.05562666618847288,0.09166926436009817,0.10382737538624497,1.4057171,1.411290322580646,0.8367428482499992,160.9139662432215,0.036504508039000405,1.0892636355169327,0.30385503231763633,0.8038550323176363,1.8679726596894741
BOVESPA,42,17,CONTROL: shuffled real,5.820766e-11,0.0,1.4901161e-08,4.7683716e-07,0.0,9.313225746154785e-10,0.0,0.05278673306223936,0.0469244609028101,0.04561871855483332,0.0,0.0,0.11506580147570744,0.7705493251024969,0.07495434916529742,0.10406790326354542,0.17972922437673133,0.32027077562326867,2.046050034468682
BOVESPA,42,18,QuantGAN,5.3750176e-05,0.0008850405,0.05594805,0.81951547,0.001036699454932806,7.057469338178635e-05,2.730562736960608e-06,0.06054967968771962,0.048152997471624985,0.04622612461527751,0.383296,1.411290322580646,0.4167618002075647,2.8778257663382334,0.058811271600193726,0.9372686518385818,0.08462049861495846,0.5846204986149585,0.0935374327838409
BOVESPA,42,18,GJR-GARCH,8.060015e-05,0.004998278,0.7810616,0.86673784,0.0036885111848802463,0.0004222523421049118,6.580121161539678e-05,0.05076906902017072,0.05668531039496884,0.05385465407329321,0.32444763,1.008064516129033,0.47618823476526395,3.387589227281574,0.02407220667251353,0.2385857890606431,0.31995614035087727,0.8199561403508773,1.9982914229055952
BOVESPA,42,18,CNN-WGAN-GP,0.0010620737,0.0029352587,0.08150436,0.515656,0.0025573520834574343,0.00027335062623023987,1.855907762429251e-05,0.057328196994494644,0.06292999904835597,0.062073992684381664,0.42975044,0.0,0.8353048790134144,17.58622658457185,0.03353658108361113,1.1475251368226194,0.2274060480147737,0.7274060480147737,1.2492116984618669
BOVESPA,42,18,sb_abs,0.00080714305,0.0033328542,0.6893208,2.3528943,0.0027526069034119996,0.00030509475618600845,1.8169850065046496e-05,0.06153641043929383,0.04901901765726507,0.04108284494745021,0.9823823,3.024193548387097,0.15490429431067188,1.575885019757063,0.03203866068424799,2.587296426711683,0.29736819021237315,0.7973681902123732,1.815469612160639
BOVESPA,42,18,GARCH,0.00058794627,0.0063480996,0.68954897,0.25155878,0.004724976128634057,0.0006611645221710205,9.827653153375804e-05,0.054331315641757104,0.054070472348248584,0.0544148748038424,0.087212086,0.4032258064516121,0.8250264613224623,12.61292452184583,0.006771163889903953,0.21818923428634296,0.3684291320406279,0.8684291320406279,2.390620964037312
BOVESPA,42,18,TimeGAN,0.0010772499,0.0007801922,0.40854043,0.20286274,0.0019617806579210464,0.00020282529294490814,9.406236067396606e-06,0.08215081996633672,0.2575216657994315,0.19705495070469625,6.4740453,0.8064516129032251,0.8367428482499992,157.13048486058798,0.07051094152580095,2.409736644743032,0.28114104339796864,0.7811410433979686,1.6841307192711692
BOVESPA,42,18,iid,0.00096014637,0.0064408705,0.42998177,3.5846586,0.00430905483249299,0.0005360841751098633,7.622637042984325e-05,0.05527497815193783,0.05158451851224527,0.04648207792117318,1.4338684,1.814516129032259,0.3023272832824867,2.0162049257507153,0.15292362334376597,3.4715812171996987,0.4158947368421051,0.9158947368421051,2.774796941259707
BOVESPA,42,18,sb_r,0.0008277799,0.011944501,1.4296243,13.696619,0.0060373950496546815,0.0006595402956008911,0.0003184323450405893,0.06353138140868396,0.13281900080037304,0.1017371409082989,2.3904543,2.419354838709678,0.8367428482499992,209.59291616057888,0.07628464136719093,2.1953571177976947,0.3236652816251153,0.8236652816251153,2.028312381864112
BOVESPA,42,18,CONTROL: shuffled real,5.820766e-11,0.0,1.4901161e-08,4.7683716e-07,0.0,9.313225746154785e-10,0.0,0.05278673306223936,0.0469244609028101,0.04561871855483332,0.0,0.0,0.11506580147570744,0.7705493251024969,0.07495434916529742,0.10406790326354542,0.17972922437673133,0.32027077562326867,2.046050034468682
BOVESPA,42,19,QuantGAN,0.00016106426,0.0008132458,0.21724133,0.6728771,0.001197100248424293,7.317773997783661e-05,4.0005166031458805e-06,0.05038342817220837,0.04843946733977646,0.051258504097713736,0.3225875,2.2177419354838714,0.5976293220453839,4.671271530809548,0.07126506966926627,0.8139704565717878,0.014621421975992588,0.5146214219759926,0.4730194200133471
BOVESPA,42,19,sb_abs,0.0001236636,0.0038015405,0.14462584,1.1470013,0.003412934375218459,0.00045149587094783783,2.8250881807107794e-05,0.05280946106882766,0.04385932213022897,0.04545840859915188,2.7750297,0.6048387096774199,0.7537544307847323,7.649964222166069,0.008603341847117196,1.3435323134868762,0.285114727608495,0.785114727608495,1.7162928295220987
BOVESPA,42,19,GJR-GARCH,4.5117165e-05,0.004980062,0.3009364,0.40371227,0.0037998157042418456,0.0004547536373138428,6.183969724742591e-05,0.0574217712529935,0.06331598434713669,0.05323400700661295,0.031791687,0.806451612903226,0.7704091499530547,8.244220417747192,0.05483707208060351,0.27449883818106713,0.2735339335180055,0.7735339335180055,1.6225604752134757
BOVESPA,42,19,iid,0.00033740443,0.005378483,0.49737155,1.887155,0.003881652492032852,0.00043813884258270264,5.0187974588571946e-05,0.05385268164012814,0.050651075282366946,0.04473072606800997,0.28696895,1.209677419354839,0.8367125605852104,26.319346588471692,0.07398521209445486,1.1979457303773957,0.3163979686057248,0.8163979686057248,1.9694923775118551
BOVESPA,42,19,TimeGAN,0.0006427843,0.00019781757,0.6362144,0.007812023,0.0019447452764013412,0.00017993804067373276,1.2491624263156716e-05,0.07158705117646605,0.30460716735105964,0.26710212047946696,8.739777,2.419354838709676,0.8367428482499992,179.10060170315953,0.020297116972157747,1.8315687656048842,0.13670867959372113,0.6367086795937211,0.5151275065424782
BOVESPA,42,19,GARCH,0.0010021868,0.007187631,0.15911509,0.016012192,0.00552284195556614,0.0008708927780389786,0.00010034162286831897,0.05317410727962851,0.05755821312777698,0.048549845207235195,1.2334285,0.604838709677419,0.6573197570227032,5.5157927505259154,0.04335220557237507,0.3215467327819388,0.35999884579870733,0.8599988457987073,2.322388114823653
BOVESPA,42,19,CNN-WGAN-GP,0.001252309,0.0054706093,0.06529857,0.5552006,0.0046153171492458196,0.000766415148973465,6.501390248801487e-05,0.05253986708819866,0.08911686483304948,0.07972740934965258,1.1234064,0.806451612903226,0.8367428471221174,48.34827009914956,0.02454590154867342,1.273696415154384,0.32648730378578017,0.8264873037857802,2.051153197352529
BOVESPA,42,19,sb_r,0.00015007277,0.008817036,0.22249483,5.630177,0.005387899515923321,0.0006429050117731094,0.00021659568688422027,0.0527724203816615,0.06690653587342239,0.0567001156668266,1.6790302,1.411290322580646,0.8367418037040948,33.704844023852516,0.02966908907507415,1.9499963025026323,0.398457756232687,0.898457756232687,2.6336659245277203
BOVESPA,42,19,CONTROL: shuffled real,5.820766e-11,0.0,1.4901161e-08,4.7683716e-07,0.0,9.313225746154785e-10,0.0,0.05278673306223936,0.0469244609028101,0.04561871855483332,0.0,0.0,0.11506580147570744,0.7705493251024969,0.07495434916529742,0.10406790326354542,0.17972922437673133,0.32027077562326867,2.046050034468682
BOVESPA,43,0,GJR-GARCH,0.00068825344,0.0031523043,0.45230103,0.7283182,0.0026807833490938874,0.000271650031208992,2.1955255409502795e-05,0.053487397420685735,0.05558404461247846,0.053218528387915284,0.061525345,1.411290322580646,0.8366955064258821,25.32668705829569,0.008312429538653299,0.24235554402058135,0.25942059095106185,0.7594205909510618,1.5083302406002794
BOVESPA,43,0,CNN-WGAN-GP,3.872486e-05,0.004410696,0.06798869,0.10323954,0.003551493656157016,0.0004175901412963867,3.413697155135398e-05,0.047733217242639514,0.05513801227672957,0.056699207225246934,0.30762148,0.403225806451613,0.8367428482003497,54.95000635284491,0.0047397460227884824,0.7892670421752572,0.31870313942751616,0.8187031394275162,1.988149913991801
BOVESPA,43,0,QuantGAN,0.0014248198,0.0023811376,0.01165168,0.6010039,0.002399297018741671,0.00028036441653966904,1.2576842005161002e-05,0.058382836484815924,0.05647297822870314,0.05503064188909775,1.246984,0.20161290322580605,0.8278333301238914,13.276842084312229,0.05101993430806895,0.4986032174475903,0.2585092336103416,0.7585092336103416,1.500953918346842
BOVESPA,43,0,sb_abs,0.00013301952,0.0047415923,0.4251994,1.0777698,0.003647667470989203,0.00043889693915843964,4.730925250462549e-05,0.043703257114393636,0.04850344081409275,0.04634891820103803,0.39860463,2.2177419354838714,0.8367428459911916,46.8737744998415,0.02859179699652936,0.444468802392489,0.3342966297322253,0.8342966297322253,2.1143601329740553
BOVESPA,43,0,GARCH,0.0010171047,0.0040705856,0.26715422,0.010699749,0.0034844936770208473,0.0004494357854127884,3.715588368542305e-05,0.053932846293319014,0.05928744709584862,0.0599747647530603,0.7516656,2.016129032258065,0.836742666379536,37.486683592578174,0.03735365208662211,0.6381818126342154,0.3191846722068329,0.8191846722068329,1.9920473324874117
BOVESPA,43,0,sb_r,0.0012532591,0.005212766,0.36120594,0.8505397,0.003716444844894429,0.0004024803638458252,8.129616270070994e-05,0.051701455105794596,0.05673470710287802,0.058316419750553905,0.98975086,0.806451612903226,0.8367320310692984,28.594604552362718,0.032816232298705006,0.4714995333534233,0.35683056325023066,0.8568305632502307,2.2967447452875756
BOVESPA,43,0,iid,5.140266e-05,0.0072298367,1.2394567,6.4625316,0.004724701922406619,0.0005871951580047607,8.604697809766185e-05,0.05036232229555026,0.047223027464933696,0.038461178394718444,1.164707,1.411290322580646,0.0377980770651577,0.2770079075555305,0.08527929185068217,4.6184783783245535,0.41715420129270553,0.9171542012927055,2.7849907645157255
BOVESPA,43,0,TimeGAN,0.00040164567,0.0043507554,0.23524262,2.022488,0.00474993123640388,0.0010815057903528214,3.534757493614953e-05,0.05727401115829707,0.053932876026956365,0.0436716356753459,1.2791877,3.830645161290323,0.8151903103270769,11.113897931044997,0.12852736189467728,2.2417647803084146,0.4629115881809789,0.9629115881809789,3.15534080843634
BOVESPA,43,0,CONTROL: shuffled real,5.820766e-11,0.0,1.4901161e-08,4.7683716e-07,0.0,9.313225746154785e-10,0.0,0.05278673306223936,0.0469244609028101,0.04561871855483332,0.0,0.0,0.11506580147570744,0.7705493251024969,0.07495434916529742,0.10406790326354542,0.17972922437673133,0.32027077562326867,2.046050034468682
BOVESPA,43,1,sb_abs,0.00057893177,0.0020086113,0.018841252,0.37843537,0.0018508071774495116,0.000148652121424675,7.21113857971296e-06,0.06228557754773647,0.049648459779564294,0.04188892083671817,0.5667615,0.6048387096774199,0.7831558527277991,8.802193917078869,0.01827620436317945,0.6266814127548548,0.1694025854108956,0.6694025854108956,0.779744659722396
BOVESPA,43,1,GJR-GARCH,0.00023532147,0.004047502,0.25518355,0.38547826,0.00342878224181541,0.00044764764606952667,2.645567781876004e-05,0.04948023925418966,0.045360677743155976,0.04743278656889743,0.023628235,1.814516129032259,0.7454683318033205,7.39452957882199,0.027012365252058634,0.7980120498685621,0.36491112650046165,0.8649111265004616,2.362147014913101
BOVESPA,43,1,CNN-WGAN-GP,7.117109e-06,0.0027655633,0.06071946,0.062132835,0.0022353674220734056,0.000185270793735981,1.4510994620034444e-05,0.05738063760800287,0.06404117017053068,0.0655437709918624,0.5751412,1.209677419354839,0.8367428482499866,72.27356083819254,0.04815100551531848,0.7974971121452135,0.18903024007386882,0.6890302400738688,0.9386065017292372
BOVESPA,43,1,QuantGAN,0.0007261394,0.0015991805,0.021669209,0.8028934,0.0019086803536945433,0.00022104382514953613,4.9588088370098625e-06,0.05164858490272309,0.062089546017814426,0.07090742577602213,1.1735444,0.806451612903226,0.8363438395656966,20.531031123635728,0.07319283607163996,1.3621868396488868,0.21857225300092353,0.7185722530009235,1.1777129395980044
BOVESPA,43,1,GARCH,7.858459e-05,0.004901464,0.12335956,0.26675606,0.004013670674396508,0.000546501949429512,4.594547995323183e-05,0.052548947220202535,0.04702525614993647,0.05273000561901427,0.1843133,1.008064516129033,0.7016705017215614,6.320658374435622,0.02075900320075119,0.9020619191549906,0.40418236380424744,0.9041823638042474,2.679999616412976
BOVESPA,43,1,TimeGAN,0.001760087,0.0046624253,0.08770147,1.8315709,0.004861263554438035,0.0011045131832361221,4.4895217940160584e-05,0.05896749566076323,0.04504907973809168,0.04343884195281134,1.0498085,2.6209677419354844,0.5387060830313475,3.996304869841837,0.03479670562212411,2.152555032989301,0.4226297322253,0.9226297322253,2.829308485856031
BOVESPA,43,1,sb_r,0.00021226687,0.008017652,0.06664282,2.965715,0.005604008970725581,0.0008199810981750488,0.00011805527905292617,0.05163968045730144,0.05990779696032405,0.05276698130379373,1.0988445,1.814516129032259,0.8367428477251196,49.969404997959586,0.011115236636070502,2.9317353339875316,0.42834879963065564,0.9283487996306556,2.8755973368765257
BOVESPA,43,1,iid,0.0012054157,0.007202709,1.5540909,8.274261,0.004478164621000435,0.0005305055528879166,0.00012674730049711878,0.043790335755329576,0.05410136058111675,0.0446785743530927,1.6278887,2.822580645161291,0.08026442812872303,0.6231032844541877,0.1412434581910461,5.2675516571880685,0.4415186980609418,0.9415186980609418,2.9821915458945347
BOVESPA,43,1,CONTROL: shuffled real,5.820766e-11,0.0,1.4901161e-08,4.7683716e-07,0.0,9.313225746154785e-10,0.0,0.05278673306223936,0.0469244609028101,0.04561871855483332,0.0,0.0,0.11506580147570744,0.7705493251024969,0.07495434916529742,0.10406790326354542,0.17972922437673133,0.32027077562326867,2.046050034468682
BOVESPA,43,2,GJR-GARCH,0.0006199465,0.0037375716,0.71932137,1.6808462,0.002546975074446965,0.00019322428852319717,5.428365524107931e-05,0.05788801913411589,0.06027644494664855,0.054119012744995414,0.8710787,0.0,0.8367419203603905,33.962010326320794,0.027637071544075353,0.03724979543239204,0.18010433979686058,0.6801043397968606,0.8663622634886963
BOVESPA,43,2,sb_r,0.00033361348,0.004733498,0.40143085,0.8699794,0.003752381390891134,0.00046062469482421875,3.904110232918427e-05,0.05246382458717562,0.05026527169626206,0.04576031882585085,0.070651054,0.6048387096774199,0.0969336324362392,0.7765338927555752,0.026482724771184185,0.594848686057162,0.3526544321329641,0.8526544321329641,2.262944075103451
BOVESPA,43,2,CNN-WGAN-GP,0.00025585704,0.0029304447,0.16124424,1.3794734,0.0028281209321863246,0.00033888034522533417,1.562279243460897e-05,0.061908389875316064,0.046402934601064774,0.05039733309160511,5.756353,0.20161290322580605,0.45048387416944297,3.160271409293874,0.04432229780074193,1.487899926698542,0.29432271468144044,0.7943227146814404,1.790820215126799
BOVESPA,43,2,sb_abs,0.0006510756,0.0059995577,0.5376795,0.3132677,0.004243643622758906,0.0004910770803689957,0.00010185350364580486,0.050381731359520926,0.06477309036068618,0.06297034125505889,0.49952078,0.20161290322580694,0.8249792616830166,12.603137055301694,0.006403031367702483,0.5059176671016958,0.27849353647276087,0.7784935364727609,1.662702391022772
BOVESPA,43,2,GARCH,0.00047171977,0.006344635,0.45101303,0.9583092,0.00444284678149731,0.000529387965798378,0.00012994100556212344,0.05770614107139409,0.0672125000169035,0.06035384559225349,1.2282457,1.008064516129033,0.8367428395939149,44.013795897029595,0.0404237549857801,0.08847515057734423,0.3074344413665744,0.8074344413665744,1.8969435950648024
BOVESPA,43,2,QuantGAN,6.721943e-05,0.0063752383,0.044931397,2.8001947,0.004464108706838121,0.0005434714257717133,6.738995863386261e-05,0.0694917474637623,0.06600370096741244,0.062443582866908404,0.55839515,2.016129032258065,0.8367428482499981,77.38017705682937,0.04143291872319321,0.5209825593026052,0.3281495844875346,0.8281495844875346,2.064607325150656
BOVESPA,43,2,iid,0.000989024,0.0066380184,0.009627856,1.073853,0.0051359053476198084,0.0008423943072557449,9.250822006510702e-05,0.05767442183801905,0.04991913828533143,0.04462234630795137,0.6446831,2.2177419354838714,0.587171976198444,4.542195750524756,0.04792300766545288,0.4462582885009443,0.46407640812557727,0.9640764081255773,3.1647686002526636
BOVESPA,43,2,TimeGAN,0.0012436085,0.004610372,0.14223476,2.0651107,0.00489148749445319,0.001109335571527481,4.16330986095709e-05,0.05707272377097979,0.04883976236451417,0.046086847266051334,0.99144936,3.6290322580645165,0.8071612787877894,10.321339087577442,0.09755592887713327,2.1957549737643056,0.4328698060941829,0.9328698060941829,2.912189350892121
BOVESPA,43,2,CONTROL: shuffled real,5.820766e-11,0.0,1.4901161e-08,4.7683716e-07,0.0,9.313225746154785e-10,0.0,0.05278673306223936,0.0469244609028101,0.04561871855483332,0.0,0.0,0.11506580147570744,0.7705493251024969,0.07495434916529742,0.10406790326354542,0.17972922437673133,0.32027077562326867,2.046050034468682
BOVESPA,43,3,GJR-GARCH,0.00057231425,0.00461918,0.6354308,2.4420266,0.003146295050759174,0.00027559883892536163,5.7201838781598814e-05,0.055012796068331225,0.06406090233824216,0.05574725584163389,0.55911994,0.6048387096774199,0.8363891039421897,20.804936476638268,0.028684321055874262,0.6505503989666366,0.2158100184672206,0.7158100184672206,1.1553560317751477
BOVESPA,43,3,CNN-WGAN-GP,0.0002636998,0.00517055,0.09440595,0.4872253,0.004302342416715712,0.0005911458283662796,5.6347030206301694e-05,0.06210989973274991,0.08451086933491751,0.07374120842119737,0.5510521,0.6048387096774199,0.8367428481387491,53.24875198113011,0.11993011955765087,1.169179684116671,0.33405932594644505,0.834059325946445,2.1124394492667267
BOVESPA,43,3,GARCH,0.0009654976,0.007053461,0.8073772,3.0234823,0.00451972999014339,0.00048260390758514404,0.00012638368478637066,0.059136688226481056,0.10708754910039715,0.09497569670602388,0.19077396,1.008064516129032,0.8367428482483139,62.05683118088491,0.051148906235603864,0.5762981556487183,0.28698845798707284,0.7869884579870728,1.7314583836586603
BOVESPA,43,3,QuantGAN,0.00066713965,0.0052908612,0.29210258,0.98261356,0.004038441957763348,0.0005108769983053207,6.696937193297097e-05,0.06312573050687206,0.09390962177421898,0.08712531689358002,0.8345804,1.411290322580646,0.8367428482498787,67.57199230127883,0.02630270053613637,0.6720094616087664,0.32771537396121864,0.8277153739612186,2.0610929223748906
BOVESPA,43,3,iid,0.00037984195,0.007845994,1.5557939,11.129173,0.004664021181855011,0.0005042776465415955,0.00014842321915920712,0.04350440385285765,0.04244061323814094,0.03640204113115033,1.2816677,2.016129032258065,0.16011686183753893,1.7503664828679861,0.06831684553457551,5.022471851296274,0.3787488457987074,0.8787488457987074,2.4741464165043623
BOVESPA,43,3,sb_r,8.5262e-05,0.010643501,0.29323983,11.607029,0.005748307040190162,0.0006802026182413101,0.00014017559286446342,0.05360503811156377,0.062131409962894395,0.05234099218774645,2.2470045,3.42741935483871,0.8367428482499992,136.2988340128524,0.007676826751196519,8.647273164633052,0.3351634349030469,0.8351634349030469,2.1213758599400254
BOVESPA,43,3,TimeGAN,0.0015522162,0.0048586223,0.1696407,2.163219,0.005243268010987789,0.0012767575681209564,4.931653594091897e-05,0.06630767163820565,0.053151978007226715,0.0500607468283124,1.8751798,3.6290322580645165,0.7770059326447342,8.519040514350639,0.11895799639667692,2.276295765628644,0.4575034626038782,0.9575034626038782,3.1115686509506437
BOVESPA,43,3,sb_abs,0.0003662528,0.0117431525,1.4830502,14.494833,0.006226444834921146,0.0008046310395002365,0.00031690352418550674,0.06741502818069421,0.13459846687037497,0.09349489446532971,2.3876467,2.6209677419354844,0.8367428482499992,215.62718917208446,0.04645749606947769,0.42449768082178263,0.34239427516158827,0.8423942751615883,2.1799006619325985
BOVESPA,43,3,CONTROL: shuffled real,5.820766e-11,0.0,1.4901161e-08,4.7683716e-07,0.0,9.313225746154785e-10,0.0,0.05278673306223936,0.0469244609028101,0.04561871855483332,0.0,0.0,0.11506580147570744,0.7705493251024969,0.07495434916529742,0.10406790326354542,0.17972922437673133,0.32027077562326867,2.046050034468682
BOVESPA,43,4,QuantGAN,0.000104776176,0.0022822423,0.13610883,0.33046675,0.00203160116376833,0.00018263887614011765,9.288230811622922e-06,0.05332599876448512,0.047149507534340954,0.04287286675105861,0.6274767,1.209677419354839,0.7897785877797836,9.143590926134301,0.03852094611315249,0.8667591892080764,0.23323868882733156,0.7332386888273316,1.2964197872099934
BOVESPA,43,4,CNN-WGAN-GP,0.0005251133,0.0028337939,0.09845641,1.0117066,0.0028328315584498077,0.00036295317113399506,1.4226522853539966e-05,0.051448346322868016,0.05661819378990913,0.056401097141570065,1.8249035,1.008064516129033,0.8365469703738818,22.143798675961705,0.010121586186528364,1.3607343362271123,0.2820376269621422,0.7820376269621422,1.6913874658852392
BOVESPA,43,4,sb_r,0.000101186306,0.0053276736,0.14877197,1.4239235,0.003729292271730762,0.0004017632454633713,7.344198684193708e-05,0.04936984506792214,0.055982066771248354,0.050599619173081006,1.2669952,1.612903225806452,0.8136271332956235,10.939539315045769,0.02864971533643057,0.6618023179714028,0.33741528162511547,0.8374152816251155,2.1396018030966335
BOVESPA,43,4,GARCH,7.5835385e-05,0.006013576,0.15732636,0.59870195,0.004644253264036854,0.0006644949316978455,6.975503952558007e-05,0.05763979777810164,0.05298470072186319,0.05901503084045544,0.57572913,1.008064516129033,0.8367427729348202,39.383612744335096,0.001944406475299365,0.7510435607332218,0.3905644044321329,0.8905644044321329,2.569778902457296
BOVESPA,43,4,GJR-GARCH,0.00018998419,0.004647023,0.0036219358,1.2862372,0.003479743389626096,0.0003911163657903671,5.867416008105034e-05,0.062425424021203074,0.060607352502411234,0.06128050070758036,1.2458827,2.419354838709678,0.8367428327735308,42.77337124652723,0.0400587673734254,0.4605149323640503,0.30288965835641724,0.8028896583564172,1.8601591390046002
BOVESPA,43,4,iid,0.0008032493,0.0075222384,0.33213142,11.162125,0.00445516985964897,0.0004698708653450012,6.179517095823592e-05,0.054352229100186375,0.05866482982644811,0.044164649339727476,1.0659273,1.209677419354839,0.15086738047663562,1.4801726887858198,0.052326012133376176,10.678272357139859,0.4035313942751616,0.9035313942751616,2.674730814803378
BOVESPA,43,4,sb_abs,9.775587e-05,0.011853442,1.3646059,13.849602,0.006482487586268812,0.0008652321994304657,0.00019072953517340255,0.06550018176203594,0.12750096696894617,0.08626270864078833,2.1641066,2.6209677419354844,0.8367428482499992,218.04678182093494,0.022145667285258797,0.769390424783678,0.38698984302862427,0.8869898430286243,2.5408472028386355
BOVESPA,43,4,TimeGAN,0.0010932535,0.0045473585,0.22744448,2.1244855,0.004914251585445631,0.0011080056428909302,4.1524393888644585e-05,0.05939581917366013,0.05447272835182957,0.05625267955278104,2.6761866,3.830645161290323,0.821128379226954,11.91052056972384,0.1433399989263937,2.23923745748416,0.45507710064635276,0.9550771006463528,3.0919302205540173
BOVESPA,43,4,CONTROL: shuffled real,5.820766e-11,0.0,1.4901161e-08,4.7683716e-07,0.0,9.313225746154785e-10,0.0,0.05278673306223936,0.0469244609028101,0.04561871855483332,0.0,0.0,0.11506580147570744,0.7705493251024969,0.07495434916529742,0.10406790326354542,0.17972922437673133,0.32027077562326867,2.046050034468682
BOVESPA,43,5,CNN-WGAN-GP,0.00045799685,0.0019004811,0.24600735,1.3465796,0.0021719632340037715,0.00025409646332263947,6.140172632492502e-06,0.056426006930414586,0.04886903017992154,0.04462769891404605,2.1630116,1.612903225806452,0.15649866509491484,1.6204858639152597,0.11216538066413706,1.4780040781108434,0.3068305632502307,0.8068305632502307,1.8920559408056845
BOVESPA,43,5,sb_r,0.00022129703,0.006303288,0.2535852,0.27239037,0.004808528320834724,0.0006611328572034836,8.308864029313848e-05,0.05290169320302084,0.05648153654765338,0.050743023895702205,1.4268026,0.20161290322580694,0.8363520234589206,20.5782031415792,0.0013398074616922662,0.600722318492152,0.4012280701754387,0.9012280701754387,2.656088225278354
BOVESPA,43,5,iid,0.000142337,0.005010345,0.11600112,0.60000753,0.0039772948041500505,0.0005224160850048065,5.1705949486630027e-05,0.051001540150027724,0.060008930921321736,0.05917137284377531,0.6732588,0.6048387096774199,0.567610787123692,4.312304351968431,0.08884734691924323,0.7124203389207961,0.3850290858725762,0.8850290858725762,2.5249772734514275
BOVESPA,43,5,TimeGAN,0.00057557144,0.004718221,0.11811268,1.8795781,0.004779317491722262,0.0010506641119718552,3.6408396008743756e-05,0.055715624007862063,0.05669155268464238,0.047372183564220904,1.4699297,4.435483870967742,0.7301465277634606,6.973834875675449,0.06973119307477305,2.029425558761411,0.4398178670360112,0.9398178670360112,2.9684254004124373
BOVESPA,43,5,sb_abs,0.0009083636,0.012683203,0.2539574,7.464459,0.006354314349299594,0.0006157662719488144,0.0005739183241957846,0.05715394510247279,0.19229415963869542,0.14951831905906146,1.87654,0.0,0.8367428482499992,141.32860302119633,0.07111631827848297,0.08015621640224246,0.2403795013850416,0.7403795013850416,1.3542159251501724
BOVESPA,43,5,GARCH,0.00073723,0.009790767,0.4273042,2.5107713,0.006664776876158569,0.0010509677231311798,0.0002401543165250351,0.06537341881310567,0.07524805429857225,0.059268062499249936,0.6631949,0.20161290322580694,0.8363135357443028,20.364307525295526,0.035600286002138826,0.259832112495185,0.4397361495844875,0.9397361495844875,2.967763997657188
BOVESPA,43,5,GJR-GARCH,0.00075395894,0.00995967,0.25446802,2.5867853,0.006758995424476208,0.0010845586657524109,0.00028356032566261697,0.0633551724604331,0.08495268101338298,0.0731411176223628,0.30795622,0.403225806451613,0.836735502403779,29.445580632809573,0.032369355274500244,0.4552834937610144,0.43990350877192985,0.9399035087719299,2.9691185654468906
BOVESPA,43,5,QuantGAN,0.0028990703,0.014523249,0.55012375,3.0299635,0.008919805788142674,0.0014855656772851944,0.0006924059346571632,0.07805697745643556,0.2642590434057638,0.23045095125948137,0.30612874,0.4032258064516121,0.8367428482499992,214.9166058359703,0.10493655737295726,1.4866619151101625,0.3562950138504155,0.8562950138504155,2.292410128360532
BOVESPA,43,5,CONTROL: shuffled real,5.820766e-11,0.0,1.4901161e-08,4.7683716e-07,0.0,9.313225746154785e-10,0.0,0.05278673306223936,0.0469244609028101,0.04561871855483332,0.0,0.0,0.11506580147570744,0.7705493251024969,0.07495434916529742,0.10406790326354542,0.17972922437673133,0.32027077562326867,2.046050034468682
BOVESPA,43,6,GJR-GARCH,0.0004012456,0.0025183242,0.7431728,1.8797221,0.0016604379983776554,8.904561400413513e-05,1.5446336123864782e-05,0.050616203725803645,0.05336288040882664,0.04880666784607456,0.70084834,1.008064516129033,0.8075916745138896,10.358258897063614,0.001110376958761039,1.4008677416892512,0.12732710064635266,0.6273271006463527,0.4391951071752177
BOVESPA,43,6,GARCH,0.00092647714,0.004337526,0.3598636,1.2987084,0.0030325433024080265,0.00028092600405216217,5.636193987416056e-05,0.05772291478817351,0.0507742652669549,0.05117998241061286,0.88183737,1.411290322580646,0.8354755643227478,17.87903180315267,0.005778337629943731,0.5194288469343542,0.23392797783933517,0.7339279778393352,1.3019987381341982
BOVESPA,43,6,QuantGAN,0.00023580482,0.0048520872,0.45420772,1.6153407,0.0034860509851051998,0.0003783777356147766,5.0839475393594044e-05,0.058624273904133585,0.08900547174271196,0.0697779281813564,0.59601974,1.209677419354839,0.8367398592704578,31.414904722215088,0.011993203319135892,0.374114092014854,0.17350946445060011,0.6735094644506001,0.8129848190969914
BOVESPA,43,6,CNN-WGAN-GP,0.00048544595,0.0047543216,0.094159335,0.50445795,0.004029381204401811,0.0005422681570053101,5.104105288443615e-05,0.05513154949760064,0.05344101944065187,0.05260530287363508,0.7390623,0.6048387096774199,0.8367231221459108,27.269013290966157,0.0318341980342286,0.7883890411523637,0.35117774699907667,0.8511777469990767,2.250992116274869
BOVESPA,43,6,iid,0.0012539845,0.0089606345,0.64926934,16.377956,0.004535704033146213,0.00043418630957603455,0.00012518709825655886,0.04467318061222613,0.04985040666419081,0.03858671578193025,1.5774014,1.814516129032259,0.11729972603858796,0.987993991604402,0.06703070791813004,15.88065536223982,0.3363012465373961,0.8363012465373961,2.130585052540633
BOVESPA,43,6,sb_r,0.00033235812,0.0075264946,0.8604926,5.24964,0.004703791464127366,0.0005005747079849243,0.00014978121754153034,0.04526320749893784,0.060406125866575164,0.05573087621094601,1.7131684,1.209677419354839,0.8367428281423125,42.21380301667412,0.00941999886857825,1.182377695077225,0.3523379501385042,0.8523379501385042,2.2603825407038904
BOVESPA,43,6,TimeGAN,0.00078075554,0.005419826,0.23389535,1.9108338,0.0055284260391424075,0.0012837033718824387,5.897845475615667e-05,0.06564592762151733,0.05145542035810649,0.045683816574382946,0.47134256,4.03225806451613,0.5033509479272579,3.6412375896011007,0.13618000063986102,2.034278220309102,0.45371629732225305,0.953716297322253,3.0809161831467198
BOVESPA,43,6,sb_abs,0.0021078591,0.018074663,1.1634525,8.756023,0.009777705319788398,0.0014834590256214142,0.0015010490318909464,0.0697152083402034,0.12286485393997282,0.09069200968828227,2.293631,1.814516129032259,0.8367428482499992,211.13335760125128,0.12857789037976264,0.8237883107214596,0.39363711911357346,0.8936371191135735,2.5946487670762184
BOVESPA,43,6,CONTROL: shuffled real,5.820766e-11,0.0,1.4901161e-08,4.7683716e-07,0.0,9.313225746154785e-10,0.0,0.05278673306223936,0.0469244609028101,0.04561871855483332,0.0,0.0,0.11506580147570744,0.7705493251024969,0.07495434916529742,0.10406790326354542,0.17972922437673133,0.32027077562326867,2.046050034468682
BOVESPA,43,7,CNN-WGAN-GP,0.00031919315,0.0044039385,0.017502278,0.78439665,0.003777598687239817,0.0005118902772665024,3.836272862981541e-05,0.06210940947057679,0.04560321298078634,0.04180680705037958,0.12573719,1.411290322580646,0.7885381754591352,9.07632831671707,0.014704895604219392,0.9429528750657323,0.32890858725761785,0.8289085872576178,2.0707505236231243
BOVESPA,43,7,sb_abs,0.00061722635,0.0035354262,0.008178122,0.36816764,0.0030007059413679287,0.0003405800089240074,2.643934024694135e-05,0.05270765511202626,0.049996171107050034,0.049696323196039886,1.5011277,0.403225806451613,0.8367425113359487,36.15615280107842,0.03653881664830538,1.084026336384222,0.25285433979686067,0.7528543397968607,1.4551844740098492
BOVESPA,43,7,sb_r,0.00016717846,0.0051411623,0.30236405,0.48514867,0.00395659660420638,0.00048682279884815216,7.107887938692848e-05,0.05071184589935001,0.04664994961232878,0.041387255291992914,1.8495603,0.0,0.36211303788504057,2.450711500282737,0.01617593743575152,0.5014287479450483,0.37434903047091406,0.8743490304709141,2.4385352964054468
BOVESPA,43,7,iid,0.0015308568,0.0050516706,0.2462462,0.6850858,0.003990746465728623,0.0005803480744361877,4.7986206726165955e-05,0.055513490790326615,0.05652669091941789,0.05051892528295866,0.23342991,1.612903225806452,0.8338918119637907,15.988643863885443,0.05071419333447402,0.04010556270337773,0.38062072945521697,0.880620729455217,2.4892970236860035
BOVESPA,43,7,QuantGAN,0.00023114454,0.006039433,0.36171705,0.3449235,0.0046058084323626946,0.0006346907466650009,7.566173187359007e-05,0.06075412440462969,0.10128848314518109,0.10586645229057468,0.67105484,1.209677419354839,0.8367428481254504,53.01043137913274,0.029841426581830977,1.3217364088870913,0.32893582640812546,0.8289358264081255,2.070970991208205
BOVESPA,43,7,GARCH,0.00051350374,0.009626703,0.22093256,0.9264431,0.007247742616632347,0.0013724621385335922,0.00018429139313273988,0.04483088210225105,0.06139831353444606,0.05758816307679808,0.35961032,1.209677419354839,0.8274147660451081,13.165921646995564,0.009868897371857144,0.04466390043230284,0.43172576177285316,0.9317257617728532,2.902929712318656
BOVESPA,43,7,GJR-GARCH,0.0008606727,0.009879649,0.110999346,0.9855566,0.007254864305278467,0.00131179578602314,0.00022427914904133944,0.04218748971819877,0.06669728389242664,0.0650798382730136,0.058773994,0.403225806451613,0.8357051680525346,18.340999258834422,0.06024421457343343,0.010089325765381574,0.3942733148661126,0.8942733148661126,2.599797993046449
BOVESPA,43,7,TimeGAN,0.0014387043,0.005198193,0.21275906,2.094436,0.005436182077264013,0.001315256580710411,5.030987416380546e-05,0.07417397798737511,0.05348087781108916,0.047199887733804645,2.2031279,2.822580645161291,0.5737083325410799,4.382450827029308,0.11646847215923017,2.2289700563824373,0.47675877192982463,0.9767587719298246,3.2674168131715695
BOVESPA,43,7,CONTROL: shuffled real,5.820766e-11,0.0,1.4901161e-08,4.7683716e-07,0.0,9.313225746154785e-10,0.0,0.05278673306223936,0.0469244609028101,0.04561871855483332,0.0,0.0,0.11506580147570744,0.7705493251024969,0.07495434916529742,0.10406790326354542,0.17972922437673133,0.32027077562326867,2.046050034468682
BOVESPA,43,8,CNN-WGAN-GP,0.00031486445,0.0036136983,0.1734863,0.80966425,0.003383376118590826,0.0004426296800374985,2.8279282799016573e-05,0.046721174281847196,0.044197352046612653,0.043781791450091985,1.0238609,1.008064516129033,0.8012130449048009,9.857705049990791,0.002075376203425794,1.059930827109898,0.2885484764542936,0.7885484764542936,1.744084823828045
BOVESPA,43,8,sb_abs,0.00012164365,0.0042842478,0.14304915,0.48884463,0.0034050101586206353,0.0003752857446670532,5.566282401538786e-05,0.05155689997598529,0.055954408305697145,0.06213335764543444,0.9301324,0.6048387096774199,0.8367427648084975,39.16346982425874,0.03393351188554494,0.8310702412522657,0.29037142197599264,0.7903714219759926,1.7588393367042852
BOVESPA,43,8,QuantGAN,0.00035154243,0.0011308743,0.025899127,0.9976151,0.00148338399038501,0.00012146309018135071,2.892700564625328e-06,0.052138406578451396,0.05841211360704619,0.053302621894617916,1.2473221,1.612903225806452,0.2948414129879563,1.9636820178583374,0.036328664978872105,1.1039324463503104,0.17347276084949215,0.6734727608494921,0.8126877483679401
BOVESPA,43,8,iid,0.00015439885,0.005027923,0.47261828,5.815456,0.0032736307372590936,0.0003137551248073578,3.2840280925422516e-05,0.05810742117231712,0.04660654426203109,0.04205330296616012,0.89900756,1.612903225806452,0.15451296966556316,1.5656561943057576,0.10322304435556195,4.255862345944275,0.362137811634349,0.862137811634349,2.3397004253607214
BOVESPA,43,8,sb_r,0.0008316761,0.005841259,0.04683292,0.1646738,0.004476520937712834,0.0006257630884647369,7.537123676119423e-05,0.05290673963027075,0.04888152436178643,0.0479470149831468,0.8727412,0.403225806451613,0.835628976218182,18.177414563971503,0.008436174862914148,0.8678028280105607,0.3942723915050784,0.8942723915050784,2.5997905195689883
BOVESPA,43,8,GARCH,0.0001646748,0.006932024,0.14919855,0.04358387,0.005336000006490937,0.0008324887603521347,0.0001262895706602186,0.043130731402779926,0.06418133431347087,0.0630299889230082,0.41692352,0.806451612903226,0.8367421454998691,34.56493361958317,0.03365174609130883,0.6684438446570002,0.3465692520775624,0.8465692520775624,2.2136919902698997
BOVESPA,43,8,GJR-GARCH,0.0003275256,0.0071881562,0.17336513,0.5069952,0.005300131393517683,0.0007906407117843628,0.0001255383428469746,0.045316503784270025,0.08093483376782387,0.07185377384572349,1.0739889,1.209677419354839,0.8367407944752896,32.2337085467787,0.02994091046234415,0.6391029941930881,0.31007040627885496,0.810070406278855,1.918278504844943
BOVESPA,43,8,TimeGAN,0.0009572993,0.0050370963,0.244029,1.8827283,0.005086429066433274,0.0010986477136611938,4.63212351420406e-05,0.05218432824825868,0.04712134901375976,0.045263881077044064,0.45100403,3.024193548387097,0.21957637428571775,1.4524923587234202,0.08149077881875044,1.9903960302643169,0.45838134810710984,0.9583813481071098,3.1186740596461395
BOVESPA,43,8,CONTROL: shuffled real,5.820766e-11,0.0,1.4901161e-08,4.7683716e-07,0.0,9.313225746154785e-10,0.0,0.05278673306223936,0.0469244609028101,0.04561871855483332,0.0,0.0,0.11506580147570744,0.7705493251024969,0.07495434916529742,0.10406790326354542,0.17972922437673133,0.32027077562326867,2.046050034468682
BOVESPA,43,9,GJR-GARCH,0.0006118832,0.0036725113,0.013760775,0.57419205,0.0030850810877930445,0.00037546828389167786,2.2208972205317443e-05,0.0517182146338746,0.05149357979360502,0.053894871678567144,0.19890666,2.016129032258065,0.8367246083243308,27.44216016334006,0.001364134881599588,0.8286924514848697,0.3013781163434903,0.8013781163434903,1.8479250564018892
BOVESPA,43,9,GARCH,0.0005173413,0.004138306,0.1711554,0.8876884,0.0036015435996377644,0.00048062764108181,3.5710324292085165e-05,0.04963361176196486,0.05308750060852617,0.05189455915904546,1.4989438,0.806451612903226,0.6045622408669838,4.759467912414461,0.006138560483155309,1.1442608464293658,0.3099549861495845,0.8099549861495845,1.917344320162391
BOVESPA,43,9,CNN-WGAN-GP,6.392371e-05,0.0045979414,0.18093644,0.23668718,0.0035192692255111902,0.00038772448897361755,4.368807699060349e-05,0.055799913929513424,0.06440084370551631,0.06849077970990038,0.07781839,0.403225806451613,0.836742848249999,81.16659115924139,0.04181781005696239,0.8996268587792278,0.34323153277931673,0.8432315327793167,2.186677237619836
BOVESPA,43,9,sb_r,0.0004012117,0.004873732,0.19615836,2.1011453,0.003752310873149752,0.00048721954226493835,4.399463382497028e-05,0.054777620125096294,0.061526272939518095,0.04870253555745876,0.444067,1.411290322580646,0.7131611022476771,6.567662098154335,0.0053989355886563395,0.0078629640302319,0.414601108033241,0.914601108033241,2.7643265993376565
BOVESPA,43,9,QuantGAN,0.0003745646,0.0055578984,0.2647685,1.1969354,0.004737396674336711,0.0007958058267831802,5.844283046419296e-05,0.06121035580756143,0.05047874141484499,0.050141879894872544,1.7814026,1.612903225806452,0.8202226644114392,11.771825250736022,0.04845107478564159,1.2275751533901103,0.3254990766389658,0.8254990766389658,2.0431547081005124
BOVESPA,43,9,iid,0.0010151357,0.009613968,0.4205231,14.221212,0.004945046415886532,0.00047611817717552185,0.00020029587223699841,0.04402271228609607,0.04430714132613502,0.03812401128823694,1.7852147,2.6209677419354844,0.13541503488762785,1.215861415167373,0.06744491570532274,14.09878596660793,0.38822599261311175,0.8882259926131117,2.550852320788776
BOVESPA,43,9,TimeGAN,0.0007823096,0.0047613466,0.06196128,2.0308447,0.005005544290591228,0.0011415407061576843,4.019889325034974e-05,0.05105214546434581,0.047065303303534166,0.04513358429619984,1.512311,3.830645161290323,0.6372519779963155,5.20804511523421,0.11280160724914334,2.1836406440777747,0.46692151431209594,0.9669215143120959,3.187796252677589
BOVESPA,43,9,sb_abs,0.00021595211,0.009161813,0.90652144,8.480253,0.005711432019396517,0.0007620137184858322,0.00014453971906970434,0.052363403162453324,0.08802135750302113,0.057825026236459964,1.1102858,2.016129032258065,0.8367428482499991,81.77681563574032,0.12830170311309963,7.849362933246779,0.31929016620498607,0.8192901662049861,1.9929011772872642
BOVESPA,43,9,CONTROL: shuffled real,5.820766e-11,0.0,1.4901161e-08,4.7683716e-07,0.0,9.313225746154785e-10,0.0,0.05278673306223936,0.0469244609028101,0.04561871855483332,0.0,0.0,0.11506580147570744,0.7705493251024969,0.07495434916529742,0.10406790326354542,0.17972922437673133,0.32027077562326867,2.046050034468682
BOVESPA,43,10,GJR-GARCH,0.00019386911,0.003053748,0.2693835,0.25050592,0.0024430987154166754,0.00021234527230262756,1.8047749053855504e-05,0.054970923763466996,0.04604768716497347,0.03885628717289365,0.49343872,0.403225806451613,0.8284900605089873,13.461518010422171,0.01301577589602354,0.277060419557392,0.2222236842105263,0.7222236842105263,1.2072668062152445
BOVESPA,43,10,CNN-WGAN-GP,0.00088165514,0.0004709093,0.035905495,1.0177922,0.0012376947776752169,0.0001009330153465271,2.086163213217387e-06,0.043365708793280645,0.04949559006257914,0.056158740170867534,1.7333798,0.403225806451613,0.5777334476959026,4.429488972501727,0.0018251890222392708,1.1183745040812507,0.1805355493998153,0.6805355493998153,0.8698523774627135
BOVESPA,43,10,GARCH,0.00043483416,0.003329861,0.09067696,0.25992298,0.002736255261984225,0.0002666190266609192,2.8461846372342316e-05,0.055281348937423896,0.04789757455699146,0.04082487978426798,0.26852512,0.6048387096774199,0.8352599461531289,17.51483059828076,0.003647478130978987,0.4486267591565358,0.25037580794090497,0.750375807940905,1.4351237921367093
BOVESPA,43,10,QuantGAN,0.0002934296,0.0019373,0.043505743,1.0950134,0.0020506485948885715,0.00020735617727041245,7.860268129813253e-06,0.05946565822698176,0.05525665463646874,0.05276310398745409,0.839304,1.209677419354839,0.8363986649730286,20.867208560982714,0.0016722765814253249,1.1839355190529068,0.2858227146814404,0.7858227146814404,1.7220231183648769
BOVESPA,43,10,sb_abs,0.0007397651,0.0041760346,0.11711803,0.8457308,0.0034821287685751433,0.0004284251481294632,4.102464210043629e-05,0.059474725311156364,0.04067587418961921,0.040445512389633224,1.8964686,0.4032258064516121,0.711411784229457,6.52875590121419,0.035034149674546655,0.9162888043909359,0.28405978762696216,0.7840597876269622,1.7077543815235654
BOVESPA,43,10,iid,0.0008221521,0.00786891,0.5820751,4.1815248,0.004763284979131392,0.0005214456468820572,0.000264096145354515,0.05119221619796008,0.04850619615870528,0.0536585785002535,1.7078953,2.016129032258065,0.1632950182957088,1.0835770268476614,0.0648168705411406,3.747206849123744,0.3950877192982457,0.8950877192982457,2.606389600166543
BOVESPA,43,10,TimeGAN,0.00057797827,0.0051830215,0.27376884,2.0377388,0.00538444545492945,0.0012298692017793655,5.059179795250279e-05,0.059126302333024794,0.06384827839676291,0.05551677753457625,1.9208345,3.830645161290323,0.7515911515597706,7.581080515756085,0.14190666793033901,2.151964377975989,0.46965004616805184,0.9696500461680518,3.20988037857314
BOVESPA,43,10,sb_r,0.00031544047,0.011260856,0.29713705,11.8543,0.0057009031695708,0.0005719456821680069,0.0004147209648373729,0.05645218518795445,0.07813539957511238,0.060195716419402745,2.3527045,3.42741935483871,0.8367428482498886,67.75205227965021,0.03589987599661726,6.558804478155823,0.34585318559556766,0.8458531855955677,2.2078963084993393
BOVESPA,43,10,CONTROL: shuffled real,5.820766e-11,0.0,1.4901161e-08,4.7683716e-07,0.0,9.313225746154785e-10,0.0,0.05278673306223936,0.0469244609028101,0.04561871855483332,0.0,0.0,0.11506580147570744,0.7705493251024969,0.07495434916529742,0.10406790326354542,0.17972922437673133,0.32027077562326867,2.046050034468682
BOVESPA,43,11,CNN-WGAN-GP,6.0459075e-05,0.0024088416,0.13040961,0.48684168,0.002254366834748569,0.00021689198911190033,1.1003644158722844e-05,0.04265244303969666,0.045249900241033175,0.0412175157636375,2.3725443,0.806451612903226,0.2986013123184905,1.9900169011758173,0.022102158350980394,0.773319276304107,0.22198684210526332,0.7219868421052633,1.2053498592466476
BOVESPA,43,11,GJR-GARCH,1.6856473e-05,0.0053678937,0.24832696,0.6469655,0.004459258133557167,0.0006426107138395309,6.545700098808954e-05,0.05104862785323348,0.056279861591756346,0.051284015470082524,0.34040117,1.209677419354839,0.836622030128963,23.231794525054088,0.0009373242335440901,0.7807257941410501,0.3619919205909511,0.8619919205909511,2.338519615921975
BOVESPA,43,11,sb_r,0.00044360547,0.0060045924,0.4841807,0.15720606,0.004779883802233408,0.000723348930478096,8.743038150120481e-05,0.045644091696012766,0.04372157924051862,0.04982545125145407,0.70396185,1.411290322580646,0.8367357631012352,29.52492665689673,0.021239675252050172,0.9031797651671933,0.40166620498614947,0.9016662049861495,2.659634390333323
BOVESPA,43,11,GARCH,0.00017767248,0.007318547,0.33755982,0.055856705,0.005669209116114593,0.0008934903889894485,0.00012128559146809694,0.05376304827514104,0.09708226008806378,0.08950342007599829,1.0255785,0.20161290322580605,0.8367428482438733,59.35049992436531,0.037569130580542454,0.9474943891891239,0.37845221606648194,0.8784522160664819,2.4717455618702004
BOVESPA,43,11,QuantGAN,0.00026536698,0.0118231755,0.41966385,3.1491818,0.00784705207119839,0.0012859925627708435,0.00028221483099386175,0.07251653788029216,0.12293505521956831,0.08417890830627585,0.030044079,0.4032258064516121,0.8367428482499992,177.58620629651122,0.0683515976222463,0.4609223706408785,0.3608206371191136,0.8608206371191136,2.329039509763429
BOVESPA,43,11,iid,0.00035876926,0.007866226,0.5536355,3.6323113,0.005261264022217641,0.0007139779627323151,0.0001387975531644467,0.054360388435889036,0.050568732322426514,0.046770175909259706,1.701786,2.419354838709678,0.6252611335018202,5.036691547746086,0.07129771071581636,3.347145378258311,0.4525253924284396,0.9525253924284396,3.0712772655921396
BOVESPA,43,11,TimeGAN,0.0006270128,0.004943437,0.15593155,1.8293433,0.00515121755874713,0.001150723546743393,4.1141098604124585e-05,0.05916839593788609,0.06197630129288882,0.05099612736761628,0.8670316,3.830645161290323,0.830389602602457,14.089536072699929,0.08476882184119938,1.954489677606475,0.4604090489381347,0.9604090489381347,3.135085816149228
BOVESPA,43,11,sb_abs,0.0010585224,0.012009319,1.2438712,13.312674,0.006432012151386123,0.0008134767413139343,0.0003297209275660574,0.06325268525863066,0.1351558775221929,0.09152505929389008,2.3761768,2.419354838709678,0.8367428482499992,213.94716602538114,0.09151038906014686,0.3716130111959828,0.27646214219759924,0.7764621421975992,1.6462607406098415
BOVESPA,43,11,CONTROL: shuffled real,5.820766e-11,0.0,1.4901161e-08,4.7683716e-07,0.0,9.313225746154785e-10,0.0,0.05278673306223936,0.0469244609028101,0.04561871855483332,0.0,0.0,0.11506580147570744,0.7705493251024969,0.07495434916529742,0.10406790326354542,0.17972922437673133,0.32027077562326867,2.046050034468682
BOVESPA,43,12,GJR-GARCH,0.00040094266,0.0034974879,0.5283475,0.20750904,0.0028756594577760476,0.0003153793513774872,3.536890425742164e-05,0.048576701243873685,0.04522924343473278,0.04929261015458906,0.18264437,1.612903225806452,0.8363019554869319,20.303647103082874,0.00011750493944651108,1.0460460266239342,0.20203762696214211,0.7020376269621421,1.0438853787142124
BOVESPA,43,12,QuantGAN,0.000351728,0.0038024765,0.1768967,0.30975914,0.003047615470573037,0.00032717734575271606,3.959693389836531e-05,0.060542584187351166,0.06556500749662518,0.07249167955284065,0.16475964,0.403225806451613,0.836742795805265,40.16054436015216,0.03174041724309129,0.9549249973548517,0.2106283471837489,0.7106283471837489,1.1134167446366214
BOVESPA,43,12,GARCH,2.6152411e-05,0.0057205316,0.72801244,1.9960623,0.0038859767849834105,0.00042380765080451965,8.97675713761244e-05,0.04768230256508105,0.10143072496633977,0.08924121710275358,0.7561748,1.209677419354839,0.8367428481049578,52.68885479324449,0.01854505991335953,0.9902944476713671,0.23886749769159743,0.7388674976915974,1.34197810580873
BOVESPA,43,12,sb_abs,0.0008477939,0.00436252,0.25140387,2.1394997,0.0035081817547209892,0.00045756995677948,2.8935733008671393e-05,0.05527729285648093,0.05985469774808735,0.042045279101803314,0.763875,0.806451612903226,0.1514361430665766,1.4925374604743693,0.009542297055302407,1.553140836299109,0.37287788550323175,0.8728778855032318,2.426628178441629
BOVESPA,43,12,CNN-WGAN-GP,0.0006430496,0.004984309,0.29089552,0.25294113,0.004134129065995064,0.0005763005465269089,4.319498611890035e-05,0.049574011941440406,0.06600149804260581,0.07583433303785568,0.16297483,1.209677419354839,0.8367148744044388,26.495589074522538,0.011784918594494709,1.2491838010985297,0.3270076177285318,0.8270076177285318,2.0553645019014777
BOVESPA,43,12,sb_r,0.0003892482,0.006691018,1.5881548,15.6044655,0.004068521193665498,0.0004498157650232315,6.003474524229492e-05,0.057397754044213795,0.052132266475819054,0.04031873949941655,1.1625185,2.2177419354838714,0.8366294919776781,23.37493183242163,0.006960590062647598,1.495058239213674,0.319031163434903,0.819031163434903,1.9908048668596159
BOVESPA,43,12,iid,0.0007223595,0.008473109,0.6033557,5.8769593,0.005221359491768443,0.0006234198808670044,0.0001623612644584919,0.05422324608080089,0.050840841182507576,0.03920021772071777,1.6467605,1.814516129032259,0.041678922821843156,0.287173276143597,0.12566034969679074,5.62826895128836,0.4405131578947369,0.9405131578947369,2.974052928940135
BOVESPA,43,12,TimeGAN,0.0015177146,0.005102399,0.1433091,2.0919242,0.005377361696957906,0.0013402663171291351,4.9486338071195516e-05,0.05392451893771067,0.05894196663168259,0.05267012585805787,1.7263222,3.42741935483871,0.045363817274713836,0.31195441809511015,0.11209519616105657,2.255013508011241,0.4814312096029546,0.9814312096029546,3.305234477490672
BOVESPA,43,12,CONTROL: shuffled real,5.820766e-11,0.0,1.4901161e-08,4.7683716e-07,0.0,9.313225746154785e-10,0.0,0.05278673306223936,0.0469244609028101,0.04561871855483332,0.0,0.0,0.11506580147570744,0.7705493251024969,0.07495434916529742,0.10406790326354542,0.17972922437673133,0.32027077562326867,2.046050034468682
BOVESPA,43,13,QuantGAN,0.0003875218,0.0008686837,0.34311247,0.77109766,0.0013464378996321013,0.00010080263018608093,5.2440237421973985e-06,0.055940354577651306,0.051004919344559314,0.04946398115913325,2.7314496,0.20161290322580694,0.8326443753716712,15.132727759404727,0.028429958527720234,1.2258505197891805,0.10146445060018472,0.6014644506001847,0.22986860861687286
BOVESPA,43,13,CNN-WGAN-GP,0.0004142113,0.0026520472,0.37862456,0.13916159,0.0020967294883630972,0.00015841610729694366,1.339533439636105e-05,0.05039951970567927,0.05821462642867118,0.05747597443441919,0.04024124,0.20161290322580694,0.832550212047093,15.078932896209377,0.021560868059724125,0.8014056847235782,0.15108310249307488,0.6510831024930749,0.6314708669076101
BOVESPA,43,13,sb_r,0.00041072682,0.0040672645,0.027636476,0.06074953,0.0031893660840754848,0.00034282542765140533,3.7437775904678406e-05,0.045149779135826976,0.045128915034001696,0.04398526876735559,0.2721274,0.806451612903226,0.8194752597745407,11.662789903860373,0.013836469479868607,0.6810924962366256,0.2858949676823639,0.7858949676823639,1.7226079179761562
BOVESPA,43,13,GARCH,1.6500533e-05,0.0039109206,0.5323082,1.7571354,0.0026994582169517093,0.00021554064005613327,4.4654399313674584e-05,0.060368133888114246,0.06178853790741414,0.05996853320662922,0.68481374,0.6048387096774199,0.8365068838296184,21.723049892711597,0.07167442955857639,0.10870157644857148,0.14437165281625108,0.6443716528162511,0.5771498959865261
BOVESPA,43,13,GJR-GARCH,0.0003914125,0.0036482075,0.20604312,0.52639055,0.0026420072530941663,0.00023469701409339905,3.291812297530401e-05,0.053540968347806486,0.05663411469664425,0.05304898649606912,0.760834,1.209677419354839,0.8268598257889368,13.02608939854284,0.10666676690917065,0.18800271529618318,0.17147506925207756,0.6714750692520776,0.7965188798823155
BOVESPA,43,13,sb_abs,0.00073036214,0.0046652732,0.096971095,1.1141772,0.003535569379303364,0.0003931485116481781,7.81668819992672e-05,0.0524505258933641,0.053322172111365945,0.0562305966202257,0.9793842,0.806451612903226,0.8360301785243239,19.205485264202384,0.041467197826448476,1.340311745567881,0.2742458448753463,0.7742458448753463,1.6283225263354626
BOVESPA,43,13,iid,1.8471212e-05,0.007958364,1.888217,12.922361,0.004552566960954562,0.0004863087087869644,0.0001385743544520412,0.048961995813297104,0.04712924237712286,0.037746770623707564,1.2235961,1.209677419354839,0.14418093678538113,1.3524972292364303,0.07134710946934253,12.459260507578064,0.3982294552169898,0.8982294552169898,2.6318181072256306
BOVESPA,43,13,TimeGAN,0.0008982047,0.004990345,0.14993002,1.9045422,0.005075357086736272,0.0011516977101564407,4.453375124779276e-05,0.05531665182905272,0.06634312490466981,0.055186934659068355,0.8188009,3.024193548387097,0.7520125215104734,7.594370016488433,0.07373769093688942,2.020210279946296,0.47806024930747915,0.9780602493074791,3.277950679652034
BOVESPA,43,13,CONTROL: shuffled real,5.820766e-11,0.0,1.4901161e-08,4.7683716e-07,0.0,9.313225746154785e-10,0.0,0.05278673306223936,0.0469244609028101,0.04561871855483332,0.0,0.0,0.11506580147570744,0.7705493251024969,0.07495434916529742,0.10406790326354542,0.17972922437673133,0.32027077562326867,2.046050034468682
BOVESPA,43,14,sb_abs,0.00039777585,0.0025458029,0.5865708,4.2092595,0.0019176733537275116,0.0001359088346362114,7.253769573704423e-06,0.058470947612076996,0.05191881102044135,0.034878240442121754,0.12552643,1.209677419354839,0.1355275437490806,1.217468228400877,0.010614683254361768,1.5488610845002704,0.1622338411819021,0.6622338411819021,0.7217224490890394
BOVESPA,43,14,CNN-WGAN-GP,1.6971433e-05,0.0028388035,0.06543001,1.0922143,0.002677040560858161,0.0003129309043288231,1.3249188198154448e-05,0.0556898210500367,0.04104201328475028,0.04132507342648751,2.84522,0.20161290322580694,0.7384592315539006,7.194625898959769,0.0291117351053104,1.257040736080628,0.2990027700831024,0.7990027700831024,1.8286995356349507
BOVESPA,43,14,GJR-GARCH,3.238843e-05,0.0033857021,0.4487695,2.6768775,0.002120506371722381,0.00013391301035881042,3.3084456108701125e-05,0.06539375881344313,0.12827415696810932,0.09742451397505647,1.2430813,0.6048387096774199,0.8367428482499956,74.86106990750766,0.010837964563366165,0.8410588413432372,0.03523684210526312,0.4647631578947369,0.8765610457050633
BOVESPA,43,14,QuantGAN,0.00018779613,0.004363329,0.37061936,0.7744553,0.0037323631297476088,0.0005291197448968887,4.0571661594135855e-05,0.057989561159629374,0.050982947661541406,0.047905038476760635,0.43811512,1.814516129032259,0.822658189752583,12.163459327904995,0.033592091824018344,0.8932423695514591,0.3282098337950139,0.8282098337950139,2.065094969554949
BOVESPA,43,14,GARCH,0.00029218016,0.00681247,0.33803374,6.8843694,0.0034218473808677236,0.00022648833692073822,0.0001556002762304111,0.0757024566247128,0.21217728148680182,0.1294170222039247,1.4882634,0.20161290322580694,0.8367428482499992,104.56883927215435,0.03338686132344837,0.6401946992655456,0.060128347183748876,0.4398716528162511,1.07802731434441
BOVESPA,43,14,iid,0.00021043813,0.0067009293,0.39984316,8.10495,0.0041273201962252985,0.0004327800124883652,6.883259384227698e-05,0.04596644807723351,0.05190769727109,0.04372566725527577,0.9061768,1.411290322580646,0.15237800377180166,1.5137210294223995,0.08304097213408534,5.762149955145263,0.40498591874422907,0.9049859187442291,2.6865034101729095
BOVESPA,43,14,sb_r,0.0010626789,0.006392315,0.21784176,3.5552855,0.004198059847774696,0.0004996992647647858,0.000126773501224737,0.0562377835821826,0.05410375711740926,0.04669303211812803,1.979285,1.612903225806452,0.8365762454114125,22.50890787490436,0.007729740698256826,1.0703092080672754,0.3274173591874424,0.8274173591874424,2.058680857524542
BOVESPA,43,14,TimeGAN,0.0011929355,0.0049477164,0.1996821,2.0450277,0.005154156255008317,0.001194089651107788,4.7725266323025375e-05,0.06839470209204591,0.05610275517683476,0.04423932042634988,1.293726,3.42741935483871,0.8290047624459849,13.616531531841273,0.12763076697313158,2.209442932652058,0.46286311172668504,0.962863111726685,3.154948450869666
BOVESPA,43,14,CONTROL: shuffled real,5.820766e-11,0.0,1.4901161e-08,4.7683716e-07,0.0,9.313225746154785e-10,0.0,0.05278673306223936,0.0469244609028101,0.04561871855483332,0.0,0.0,0.11506580147570744,0.7705493251024969,0.07495434916529742,0.10406790326354542,0.17972922437673133,0.32027077562326867,2.046050034468682
BOVESPA,43,15,sb_abs,0.00021384528,0.0030319346,0.32816136,0.17147064,0.0027616889686694988,0.00032343436032533646,1.6671274683034304e-05,0.04990181729197502,0.04474696869205218,0.047731946886124206,0.5188372,1.209677419354839,0.8366111824567684,23.038599223190214,0.006700489024151768,0.3774071651355744,0.2695242382271468,0.7695242382271468,1.59010689934159
BOVESPA,43,15,QuantGAN,0.00038069923,0.0040386925,0.08416088,0.21120405,0.0034219682670463807,0.0004365891218185425,2.58285335759539e-05,0.05496192063670605,0.04471031749155372,0.047689237876693366,0.4525094,0.403225806451613,0.7437628182431619,7.344620457320298,0.051960340312191544,0.5520013110009074,0.3316218836565096,0.8316218836565096,2.0927113371405746
BOVESPA,43,15,GJR-GARCH,0.00029533496,0.0037236856,0.42873067,0.939075,0.0033652261989378794,0.00044679827988147736,4.0795524368382216e-05,0.051728993825381625,0.05074047372560017,0.04623121122327575,0.28841543,1.814516129032259,0.48604717424719873,3.4779393430219283,0.01594536516341616,1.1264210315832988,0.30366343490304715,0.8036634349030471,1.866421913116436
BOVESPA,43,15,CNN-WGAN-GP,0.00029149815,0.003738016,0.1386569,0.9035599,0.003308216671193291,0.00042734481394290924,2.590325224584805e-05,0.06007642026408575,0.05403836746583693,0.047881482485317976,1.6705627,0.806451612903226,0.6161020450988677,4.911309255618885,0.022743722548398182,1.0755107079988262,0.33989381348107117,0.8398938134810712,2.159662484969773
BOVESPA,43,15,GARCH,0.00057961827,0.004731592,0.3665853,1.2132812,0.004235621614628277,0.0006658211350440979,4.8898140642550284e-05,0.04973076668102294,0.04783903189640114,0.046090524371320496,2.0337877,0.6048387096774199,0.7779689562080124,8.561517924034035,0.028785428884533615,1.4251320432045511,0.3367532317636195,0.8367532317636195,2.134243319757509
BOVESPA,43,15,iid,8.553499e-05,0.0076427944,0.2504164,6.620996,0.004973083707805093,0.0006423164159059525,0.00012432675140414465,0.04564161796879489,0.04567949101736304,0.041664864774429586,1.6355546,2.822580645161291,0.017501219611006036,0.12234271418781884,0.060969766103185274,5.7953363460754534,0.4022075253924283,0.9022075253924283,2.6640157164944958
BOVESPA,43,15,sb_r,0.00024236919,0.0062606,0.111873925,0.60562754,0.004873965206935474,0.0007127001881599426,7.990838536790357e-05,0.05597507753991522,0.05596061046242539,0.05189530699244642,1.0836062,1.612903225806452,0.8367168151597206,26.654951206655483,0.031927033066867616,0.02028628762193918,0.40307363804247454,0.9030736380424745,2.671025838352373
BOVESPA,43,15,TimeGAN,0.0006738261,0.004833079,0.18532164,2.0885882,0.005186974947438585,0.0012321043759584427,4.477931162947683e-05,0.05648802844574675,0.05433196890167892,0.053549535094862225,1.5662551,3.6290322580645165,0.7101219800843119,6.500382437627662,0.10054751050751443,2.248953590812403,0.45131394275161585,0.9513139427516158,3.061472063164064
BOVESPA,43,15,CONTROL: shuffled real,5.820766e-11,0.0,1.4901161e-08,4.7683716e-07,0.0,9.313225746154785e-10,0.0,0.05278673306223936,0.0469244609028101,0.04561871855483332,0.0,0.0,0.11506580147570744,0.7705493251024969,0.07495434916529742,0.10406790326354542,0.17972922437673133,0.32027077562326867,2.046050034468682
BOVESPA,43,16,GJR-GARCH,0.0004149506,0.0023191683,0.26279533,0.65140295,0.0018525563553984912,0.00012820493429899216,6.388762588404713e-06,0.049155812552489804,0.03635366116650403,0.041162881442942306,0.07926226,1.209677419354839,0.7130040046291403,6.564147859668196,0.011097904378277845,0.005105714000583461,0.132291320406279,0.632291320406279,0.4793743903718171
BOVESPA,43,16,GARCH,0.0006556087,0.0034467084,0.29422015,2.035028,0.0024701915204143328,0.0001960303634405136,1.5962602813259698e-05,0.050997562143020335,0.04898014898761176,0.04704432953651121,0.80766463,1.209677419354839,0.8147977369219725,11.068994829512208,0.041875799119804546,0.467016980869019,0.1474065096952909,0.6474065096952909,0.6017133480295714
BOVESPA,43,16,sb_abs,0.00020964429,0.0035700882,0.55993366,2.5417595,0.002914211333890556,0.0003124391660094261,2.3134204490373086e-05,0.051220372072421014,0.04779003282543272,0.03475398993548879,0.19115543,1.411290322580646,0.15397752335187798,1.5520489065582521,0.02541884889888557,2.770332146189893,0.21727031394275165,0.7172703139427516,1.1671753363788073
BOVESPA,43,16,CNN-WGAN-GP,0.00032753526,0.0018173866,0.07068228,1.3731203,0.002093676464979918,0.0002097059041261673,7.146331053809392e-06,0.05690838946495205,0.043349216602509844,0.04273598393621796,0.8815241,1.411290322580646,0.7043490115036349,6.376495815063635,0.016723469525532164,1.5345582696670248,0.2863134810710988,0.7863134810710988,1.725995271635092
BOVESPA,43,16,QuantGAN,0.0010778811,0.00433382,0.27061808,0.08308983,0.003465339242429691,0.0004279017448425293,4.9293741414492216e-05,0.06441987053840421,0.12159682195167988,0.12232774252690433,0.33807588,1.008064516129033,0.836742848249998,77.04185781027118,0.012859312459235772,1.3905959239842245,0.2790895660203139,0.7790895660203139,1.6675265207234742
BOVESPA,43,16,sb_r,0.00053807447,0.006621035,1.3126723,10.625883,0.0046780055335525796,0.0006656181067228317,6.214075911220431e-05,0.053514740348327906,0.05204767632996663,0.034069930167970594,0.0006489754,1.411290322580646,0.2733705862981175,1.8149493389904285,0.005376921351069042,11.880406063453043,0.4153506463527238,0.9153506463527238,2.7703931946661533
BOVESPA,43,16,iid,0.0007198707,0.008760093,0.096784145,16.681007,0.004796050069493899,0.0005210936069488525,7.831556170621081e-05,0.048044505438301716,0.04611003282450838,0.03755142541565874,1.7614665,3.024193548387097,0.008372385403845328,0.05966452495144425,0.09414607616893023,16.0754989664148,0.38819413665743296,0.888194136657433,2.5505944858163905
BOVESPA,43,16,TimeGAN,0.001382145,0.005134888,0.25576156,2.037652,0.005294093038744009,0.0012904945760965347,5.407865777676458e-05,0.0732032437925227,0.041440702679101375,0.039555996404596956,1.9369416,3.024193548387097,0.777078165367096,8.52220422156253,0.07429714230150242,2.1505351569835573,0.43764658356417363,0.9376465835641736,2.9508515181642525
BOVESPA,43,16,CONTROL: shuffled real,5.820766e-11,0.0,1.4901161e-08,4.7683716e-07,0.0,9.313225746154785e-10,0.0,0.05278673306223936,0.0469244609028101,0.04561871855483332,0.0,0.0,0.11506580147570744,0.7705493251024969,0.07495434916529742,0.10406790326354542,0.17972922437673133,0.32027077562326867,2.046050034468682
BOVESPA,43,17,sb_r,0.00018666062,0.00375053,0.020480916,0.23505688,0.0028387256235595077,0.00027042999863624573,3.469068494719542e-05,0.062360661290586,0.04237212303793058,0.03974067814335285,0.40526772,0.806451612903226,0.6708018881417089,5.73986904204542,0.009383697668221669,0.06152536702580935,0.20868120960295478,0.7086812096029548,1.0976570490419548
BOVESPA,43,17,GJR-GARCH,0.00035347993,0.0042165164,0.36245146,1.3084483,0.00316908782760324,0.0003227200359106064,3.0309116100814513e-05,0.05160386126837693,0.049393935929983854,0.04928621777035005,0.76801825,1.209677419354839,0.8367428482477443,61.44675212497768,0.04025038627790578,0.7611407430092534,0.27284718374884576,0.7728471837488458,1.6170020763522863
BOVESPA,43,17,sb_abs,0.00055165106,0.0041651605,0.018719316,1.035923,0.003714819530612643,0.0005364716053009033,3.910580967081257e-05,0.057713520010001955,0.05516507680062205,0.0522028975548892,0.8037181,0.806451612903226,0.8255854471043481,12.731835218459679,0.000853762337942432,1.1426855751514977,0.37723407202216064,0.8772340720221606,2.461886176730538
BOVESPA,43,17,GARCH,0.00083358376,0.0046704505,0.68044376,1.6409578,0.0035023660800213236,0.0003920663148164749,4.188533286952524e-05,0.054830554160289466,0.05650796833913773,0.06219590497472382,1.0087464,1.814516129032259,0.8367428482499992,112.47112140275958,0.005297223787586125,0.8238274757330242,0.2887629270544785,0.7887629270544785,1.74582053896823
BOVESPA,43,17,iid,0.0009122146,0.006311478,0.8174483,2.1495852,0.004439101461672076,0.0005736276507377625,7.983755025259715e-05,0.04805238250817638,0.05328004290466197,0.04771178886257985,0.9972961,1.209677419354839,0.04089103314551423,0.3006981361080443,0.04885532392033898,2.0528407207223927,0.4294706832871652,0.9294706832871652,2.8846776119909383
BOVESPA,43,17,TimeGAN,0.00055240403,0.0052868566,0.15604301,1.7152069,0.005231590252692293,0.001179451122879982,4.589987042348403e-05,0.05599634647252969,0.05283032599021681,0.04616933515142591,0.15979385,3.6290322580645165,0.8112652735195793,10.696460952981743,0.10036816868978826,2.086380193136327,0.4689575253924284,0.9689575253924284,3.204275270477822
BOVESPA,43,17,QuantGAN,0.00059032755,0.008605711,0.06963973,0.16274166,0.00693032553401039,0.0013866815716028214,0.0001454308242738692,0.061738208432216196,0.03737998746684752,0.045875470696526005,0.28146815,1.209677419354839,0.8244592698281334,12.497758678128381,0.05820907975421896,0.6083795058415364,0.4830193905817175,0.9830193905817175,3.3180888587226005
BOVESPA,43,17,CNN-WGAN-GP,0.0011777647,0.008429127,0.035119705,0.7532506,0.00681911619882165,0.0014037024229764938,0.00016975429911019138,0.05158889370271936,0.07954428919059865,0.07725976095804071,0.8284564,0.6048387096774199,0.8367426988302965,37.910120518234464,0.04338149675824088,1.460455255440456,0.38826962142197596,0.888269621421976,2.5512054425987807
BOVESPA,43,17,CONTROL: shuffled real,5.820766e-11,0.0,1.4901161e-08,4.7683716e-07,0.0,9.313225746154785e-10,0.0,0.05278673306223936,0.0469244609028101,0.04561871855483332,0.0,0.0,0.11506580147570744,0.7705493251024969,0.07495434916529742,0.10406790326354542,0.17972922437673133,0.32027077562326867,2.046050034468682
BOVESPA,43,18,CNN-WGAN-GP,0.00077723525,0.0040516974,0.08622049,0.21634626,0.003115082429774835,0.00031790323555469513,3.568447995211195e-05,0.04506764556281269,0.047599558548536154,0.04845323039487994,0.6737075,0.6048387096774199,0.836741474004496,33.108554997973414,0.04732679707547194,0.8572039674207348,0.24443421052631575,0.7444342105263158,1.3870338330482532
BOVESPA,43,18,GJR-GARCH,0.0010229663,0.0038187578,0.45201188,0.06580353,0.002956635350761689,0.00029740110039711,3.3720509200958595e-05,0.048070783534785735,0.05729142262134701,0.05613111492908501,0.69878435,0.20161290322580694,0.711346358455814,6.527310316130988,0.010104183973863146,0.29683805566635346,0.28511819021237295,0.785118190212373,1.7163208550625741
BOVESPA,43,18,GARCH,0.001268978,0.006773373,0.5641247,0.632154,0.004991543095625716,0.0007022358477115631,0.0001369701658687629,0.05134434196050279,0.06375430708518252,0.06291190173207724,0.31209683,0.806451612903226,0.830242445102643,14.034733764010234,0.027802500991230383,0.27712006879573803,0.35270660203139426,0.8527066020313943,2.2633663265799635
BOVESPA,43,18,iid,0.001633378,0.0071830507,0.85991216,5.788366,0.004732237232725501,0.00061752088367939,9.71775115760795e-05,0.04809818883892149,0.05502185165765695,0.03801214656989032,0.7756443,0.20161290322580694,0.20776763563374268,1.3744361128226545,0.12634280288108712,3.281084350443696,0.4167989381348107,0.9167989381348107,2.7821153440628272
BOVESPA,43,18,sb_abs,0.00094133406,0.011313029,1.3925397,15.59506,0.0055422360316290395,0.0005600284785032272,0.00036367106539424783,0.06147623130353168,0.13118940526852385,0.10032067609405203,2.447679,2.6209677419354844,0.8367428482499992,215.1839950543789,0.027399871687164956,0.7787779106093256,0.2725240073868883,0.7725240073868883,1.6143863592411392
BOVESPA,43,18,QuantGAN,0.0006450479,0.008115908,0.21023516,0.17213202,0.006126336337126025,0.0010343622416257858,0.00016823773610079065,0.06244996908935718,0.06231941608013585,0.06193587505411415,0.09999275,0.806451612903226,0.8367428482499987,78.82561291068001,0.0847910622332475,0.7994387032230676,0.3846830563250231,0.8846830563250231,2.5221765877731337
BOVESPA,43,18,sb_r,0.0011516295,0.0084073525,0.6482973,12.996431,0.004822634524421048,0.0005632657557725906,7.351595471380191e-05,0.05486555324401707,0.07409403539262711,0.05155183603135811,1.5355239,3.6290322580645165,0.8367428463512658,47.242697463112435,0.034122002319784794,5.724006001275187,0.34888180978762695,0.848881809787627,2.232409314569528
BOVESPA,43,18,TimeGAN,0.0018504487,0.0050636306,0.067410156,1.8916786,0.005139275660251168,0.0011953208595514297,4.831084982471917e-05,0.046654036364052444,0.04862234924803488,0.04888786574671031,1.2956119,3.2258064516129035,0.5993482269331002,4.692936685170933,0.13357545863489084,2.0555844980261826,0.48214473684210524,0.9821447368421052,3.3110096071982142
BOVESPA,43,18,CONTROL: shuffled real,5.820766e-11,0.0,1.4901161e-08,4.7683716e-07,0.0,9.313225746154785e-10,0.0,0.05278673306223936,0.0469244609028101,0.04561871855483332,0.0,0.0,0.11506580147570744,0.7705493251024969,0.07495434916529742,0.10406790326354542,0.17972922437673133,0.32027077562326867,2.046050034468682
BOVESPA,43,19,CNN-WGAN-GP,0.00056705746,0.0032501891,0.016652033,0.72884345,0.0029357908034827944,0.0003566667437553406,2.079761259948303e-05,0.05614481968106702,0.051519272357109,0.04431542103913671,0.84902716,0.6048387096774199,0.8169401409711748,11.324115160557199,0.014725970630214635,1.059110210669532,0.2824372114496768,0.7824372114496768,1.6946216132562373
BOVESPA,43,19,GARCH,0.0010016472,0.005539315,0.42860585,1.245482,0.004165997643134059,0.0005639251321554184,6.792243336993939e-05,0.05330682863947004,0.04318993250373751,0.046484171084666744,0.37314653,1.209677419354839,0.8227816502598742,12.185015882263317,0.0012584638423358552,0.8427708692595104,0.32101962142197615,0.8210196214219762,2.006899000570638
BOVESPA,43,19,iid,0.0005133087,0.0063981414,1.6273428,13.7499485,0.00405881148616565,0.0004837792366743088,4.375971655303931e-05,0.04651648566243239,0.052360056684119624,0.035739855172214445,0.38362217,3.024193548387097,0.062281731943775065,0.47035997075260116,0.049696312152412436,13.63687337989314,0.38181232686980615,0.8818123268698062,2.49894154634868
BOVESPA,43,19,GJR-GARCH,0.001855899,0.0065486804,0.24999358,0.87856245,0.005223335412750885,0.0009238049387931824,9.272617604759563e-05,0.05111294363610796,0.04974882754206192,0.050753047371763386,0.65797424,0.6048387096774199,0.8358227272795367,18.618182285133752,0.01349287709316449,0.7071734257548767,0.4292560018467221,0.9292560018467221,2.8829400284813906
BOVESPA,43,19,QuantGAN,0.0004894986,0.008902896,0.036519736,1.0305586,0.0072665099839098485,0.001536637544631958,0.0001521850317876899,0.057608495869208125,0.04269771744729951,0.04266290582752845,1.2887063,1.411290322580646,0.8367025006636781,25.682392281346914,0.011914599011324967,1.4369388356293005,0.4684185133887351,0.9684185133887351,3.199912628010301
BOVESPA,43,19,sb_abs,0.00018563084,0.010901434,0.118128,0.9290204,0.00768219838052038,0.00133465975522995,0.00032923135820931256,0.05567389825126156,0.0605103552993387,0.06305419912830984,0.15959287,0.20161290322580605,0.8367350672032614,29.319157286632475,0.054835529828358265,0.035335021554669055,0.44499422899353647,0.9449942289935365,3.010321715055566
BOVESPA,43,19,sb_r,0.001799917,0.009708084,0.05645019,8.136841,0.0051411452790610475,0.0005262196063995361,0.000350432579500082,0.060982821104407774,0.08311474625137634,0.06683687621574791,2.0439847,2.016129032258065,0.8367428409824486,44.38662523631619,0.024740306673121437,3.8686971905240313,0.32256209602954766,0.8225620960295477,2.0193834446682737
BOVESPA,43,19,TimeGAN,0.0026396685,0.00541267,0.16219334,2.253218,0.005750995736025652,0.00158032588660717,6.465591341036899e-05,0.06305674198843918,0.05472610172117129,0.0558088654626772,3.3503528,2.6209677419354844,0.6883467457296599,6.056833771192874,0.01816728429158554,2.363071678126177,0.4813940443213296,0.9813940443213296,3.3049336700228906
BOVESPA,43,19,CONTROL: shuffled real,5.820766e-11,0.0,1.4901161e-08,4.7683716e-07,0.0,9.313225746154785e-10,0.0,0.05278673306223936,0.0469244609028101,0.04561871855483332,0.0,0.0,0.11506580147570744,0.7705493251024969,0.07495434916529742,0.10406790326354542,0.17972922437673133,0.32027077562326867,2.046050034468682
BOVESPA,44,0,sb_abs,0.00039464788,0.0034266375,0.09009354,1.0394936,0.0031199457938060407,0.0003819642588496208,2.909767315575131e-05,0.05288137197261676,0.040004508785204965,0.03941607682696485,0.8079033,0.806451612903226,0.6990536016579697,6.267056953475976,0.031015190901321987,1.1842067872813682,0.32172599261311174,0.8217259926131117,2.01261621082786
BOVESPA,44,0,GJR-GARCH,7.097679e-05,0.0056980867,0.0062045157,0.26362276,0.0043436535661471225,0.0005421862006187439,8.632195380470509e-05,0.06343838907079771,0.04779987029731274,0.047376214282485306,0.019411564,0.6048387096774199,0.835628976512457,18.17741517426228,0.00022824741243654412,0.29478516113956044,0.3832126038781164,0.8832126038781164,2.510275074917411
BOVESPA,44,0,CNN-WGAN-GP,0.0009825781,0.0011740038,0.025446035,0.46988368,0.0014538105768448057,0.00013981014490127563,5.862059989674091e-06,0.05584308980265632,0.05647971969563514,0.05615609466993192,1.1109228,1.612903225806452,0.8367395196903223,31.179787292572716,0.00867995931275023,0.9062416788567229,0.023691828254847724,0.5236918282548477,0.3996055825502486
BOVESPA,44,0,QuantGAN,0.000503915,0.006006887,0.3863783,4.832351,0.0037758598449151534,0.00037087127566337585,7.175791250568423e-05,0.048399927837308496,0.07912238586228341,0.06994813177116158,1.2729046,1.209677419354839,0.8367428482499989,80.09716095869878,0.023866383189025342,0.24781386525107152,0.20622714681440446,0.7062271468144045,1.0777944143215163
BOVESPA,44,0,GARCH,0.00032895897,0.0071716607,0.026015744,0.2604475,0.00566741051513616,0.0009091664105653763,0.00015270885443074948,0.060820357853081077,0.04339650825713761,0.040124725359855805,0.0855155,0.403225806451613,0.6994827918413391,6.275784998987968,0.005371363588232758,0.45139956475883247,0.421918975069252,0.921918975069252,2.823555776580871
BOVESPA,44,0,sb_r,0.00012260256,0.006674353,0.03757736,0.9954872,0.005127908991064784,0.0007545128464698792,9.042910241635285e-05,0.05739012536709197,0.05446691689896397,0.05105872321604693,0.49156833,1.008064516129033,0.8367428481848068,54.37600302498045,0.034429320201369795,0.463179997042352,0.41105193905817183,0.9110519390581718,2.735600420349157
BOVESPA,44,0,iid,0.0015882669,0.0074534807,1.5065732,13.105188,0.004428824751080869,0.0005619768053293228,7.438792519771543e-05,0.055059327252674845,0.047837163693038746,0.04250223333052418,1.5425828,3.2258064516129035,0.09525653759928643,0.7604463096717546,0.13392378008612482,12.992108028238958,0.4263434903047092,0.9263434903047092,2.8593668122018525
BOVESPA,44,0,TimeGAN,0.0014545104,0.009791074,0.33956254,0.14377165,0.006081075580561168,0.0009613465517759323,0.0002908714183005645,0.0675692119368614,0.23837426509242504,0.15204308979016787,1.0903406,0.8064516129032251,0.836742848249998,77.17568956984323,0.03398089109669511,0.19932802748926814,0.4118347183748845,0.9118347183748845,2.741936060866229
BOVESPA,44,0,CONTROL: shuffled real,5.820766e-11,0.0,1.4901161e-08,4.7683716e-07,0.0,9.313225746154785e-10,0.0,0.05278673306223936,0.0469244609028101,0.04561871855483332,0.0,0.0,0.11506580147570744,0.7705493251024969,0.07495434916529742,0.10406790326354542,0.17972922437673133,0.32027077562326867,2.046050034468682
BOVESPA,44,1,GARCH,1.0762364e-05,0.003253295,0.37759817,0.012882233,0.0024076881035189368,0.00019576586782932281,2.8150739379565948e-05,0.050506667932495475,0.0491691159340553,0.0480477916313248,0.25179648,0.806451612903226,0.8366839923942196,24.84151180774767,0.006324680931133697,0.5078413908267727,0.16523199445983383,0.6652319944598338,0.7459888304030325
BOVESPA,44,1,GJR-GARCH,0.00044219877,0.0028191246,0.52914256,0.23750734,0.00217056766879609,0.00019043684005737305,1.7905616427917007e-05,0.04255860346369445,0.04916344390483573,0.04832990994480497,0.28556967,1.008064516129033,0.834384792975292,16.433821923404803,0.017735665350051222,0.39204516931766875,0.18421468144044317,0.6842146814404432,0.8996304484037677
BOVESPA,44,1,sb_abs,0.0005289088,0.0028393706,0.10379296,1.0373094,0.002642614011526511,0.00030734483152627945,1.7335699499215857e-05,0.059349900572560725,0.04448565208120272,0.04235663035062316,0.09177303,1.411290322580646,0.8121909555853694,10.78904798063122,0.0446148200972738,1.2351638851044,0.2764649122807017,0.7764649122807017,1.6462831610422226
BOVESPA,44,1,QuantGAN,4.7693436e-05,0.0049587293,0.32443494,0.3214779,0.003806882699657601,0.00045572035014629364,4.277797070002206e-05,0.05399173919344321,0.06615203845314682,0.0779311041560868,0.45145988,0.20161290322580605,0.8367428481965186,54.79337628564272,0.004306334348549212,1.3096379631408017,0.2512264542936288,0.7512264542936288,1.4420087332471228
BOVESPA,44,1,iid,0.0001973912,0.005029453,0.22576396,1.3781295,0.003636216604921893,0.0003863610327243805,5.2803653635642847e-05,0.05194233148591593,0.04570558738298132,0.04466439985473698,0.8040457,1.411290322580646,0.8367284069653229,27.957771265550107,0.034272106114621725,0.27689469689493773,0.30661865189289017,0.8066186518928902,1.8903407777285188
BOVESPA,44,1,TimeGAN,0.0005598498,0.004858447,0.10608966,0.17992592,0.003576826099397808,0.0006450233049690723,6.284287188290979e-05,0.04851527594961226,0.04613883434911258,0.04370648945543507,0.46808934,0.806451612903226,0.8328893371453928,15.278543466957792,0.01938553590004022,0.32797576172337806,0.45585480147737767,0.9558548014773777,3.0982247569450583
BOVESPA,44,1,sb_r,0.0006700668,0.0066212267,0.109399006,2.2286263,0.004540945803490385,0.0005565229803323746,0.0001079979875695566,0.05258702327730134,0.06319204496918246,0.06087990234336758,0.7593024,0.806451612903226,0.8367428482499992,92.59098645884693,0.02127497754027119,0.21530085288236656,0.32465720221606653,0.8246572022160665,2.0363407650259724
BOVESPA,44,1,CNN-WGAN-GP,0.0013758491,0.006736446,0.23216707,0.55431104,0.00571416171083038,0.0010992903262376785,0.00010179935096692184,0.05058552652597428,0.04199245576441171,0.04977392156877613,0.34165907,1.411290322580646,0.7909700183139678,9.209796915077824,0.013943188731317724,1.279859074560954,0.4358148661126501,0.9358148661126501,2.9360260072521385
BOVESPA,44,1,CONTROL: shuffled real,5.820766e-11,0.0,1.4901161e-08,4.7683716e-07,0.0,9.313225746154785e-10,0.0,0.05278673306223936,0.0469244609028101,0.04561871855483332,0.0,0.0,0.11506580147570744,0.7705493251024969,0.07495434916529742,0.10406790326354542,0.17972922437673133,0.32027077562326867,2.046050034468682
BOVESPA,44,2,QuantGAN,0.00067324436,0.0019999687,0.003448099,0.5587673,0.0018731470038585124,0.00016887299716472626,1.0843313615418595e-05,0.05065045633120462,0.04565219636890106,0.04471194460325933,0.45093012,1.411290322580646,0.27574971462934483,1.8312987266162333,0.048573467413699944,0.9114732198303068,0.0772056786703601,0.5772056786703601,0.03352354040728098
BOVESPA,44,2,CNN-WGAN-GP,0.00018120988,0.002683809,0.057776123,1.1247265,0.002678582002844112,0.0003295745700597763,1.4469608548932581e-05,0.05311615767190233,0.0455921932135243,0.04707251647290832,1.0480585,1.209677419354839,0.7603969906932166,7.872385835872294,0.01065991370554964,1.5062709479844676,0.22225738688827312,0.7222573868882731,1.2075395881425486
BOVESPA,44,2,TimeGAN,7.581839e-06,0.0049099233,0.49274057,3.9504008,0.0026890785263199474,0.0001820828765630722,6.521680142590088e-05,0.06126515754265711,0.26435554038267584,0.13852933894646413,0.004257202,1.008064516129032,0.8367428482487703,62.71842133022105,0.016447927112212657,0.9226120167156204,0.31190189289012005,0.81190189289012,1.9331021473876924
BOVESPA,44,2,sb_abs,0.0004279199,0.0030259695,0.19140096,0.82599306,0.002777343609200363,0.0003258567303419113,1.5362452001855256e-05,0.05484995095757768,0.05466111623216421,0.04386107865218946,0.97119474,1.411290322580646,0.6034004166431824,4.744535224370269,0.005501207760797433,1.2052806898795665,0.24282686980609425,0.7428268698060942,1.374024377159023
BOVESPA,44,2,iid,5.1889918e-05,0.005698679,0.14374681,1.6859598,0.003951934760700917,0.00041912123560905457,8.953600373458796e-05,0.04734981484129094,0.04740953076892765,0.04179887221391255,0.41142058,0.6048387096774199,0.26319998398736244,1.7453983703149136,0.11354453154050081,1.0929004967375926,0.3615327793167129,0.8615327793167129,2.33480342925478
BOVESPA,44,2,GJR-GARCH,0.001129136,0.00517892,0.8568156,3.405747,0.0039939010316143815,0.0005474351346492767,4.97039835921148e-05,0.04977398055722006,0.05284086270723492,0.04029446054868458,0.0143146515,0.806451612903226,0.596257270845512,4.654071349410128,0.0331022361794755,2.4483103399117265,0.3341994459833796,0.8341994459833796,2.1135735494713463
BOVESPA,44,2,sb_r,0.0004833272,0.005764,0.07085821,0.85041857,0.004398411170623809,0.0005956925451755524,6.697173197012497e-05,0.05187755880062468,0.05750777811394073,0.05215840361976007,0.38737988,1.411290322580646,0.8360344305050267,19.219214982566243,0.03482043252423728,0.5647991427279262,0.36463942751615885,0.8646394275161589,2.3599479441703726
BOVESPA,44,2,GARCH,0.0015187318,0.00739868,0.5407979,1.2545438,0.0057316357903944015,0.0009890086948871613,0.00013128336289204426,0.05019768011989072,0.05139471502101514,0.04704485098925943,0.48165584,0.403225806451613,0.8366573420168744,24.006905205507508,0.05039600403800393,1.2863949669842096,0.43058887349953834,0.9305888734995383,2.893727993195511
BOVESPA,44,2,CONTROL: shuffled real,5.820766e-11,0.0,1.4901161e-08,4.7683716e-07,0.0,9.313225746154785e-10,0.0,0.05278673306223936,0.0469244609028101,0.04561871855483332,0.0,0.0,0.11506580147570744,0.7705493251024969,0.07495434916529742,0.10406790326354542,0.17972922437673133,0.32027077562326867,2.046050034468682
BOVESPA,44,3,sb_abs,0.00019729338,0.003016375,0.30910212,0.4477713,0.0024976811893129853,0.00022736284881830215,2.3900838644935755e-05,0.04684517434798181,0.04694223797414452,0.04432978331307822,0.3322053,0.403225806451613,0.8258045000390782,12.78001520333663,0.0039006675208463903,0.5298179094706019,0.17442474607571568,0.6744247460757157,0.8203929036296365
BOVESPA,44,3,CNN-WGAN-GP,0.00030995166,0.003116048,0.1607301,0.09730148,0.002508523830987351,0.00021907128393650055,1.641604758817481e-05,0.05393028079532087,0.04605467066518031,0.04353573557418713,0.25107336,1.008064516129033,0.8312542904648614,14.438927775537955,0.02884962858563389,0.8177672174035031,0.19842243767313017,0.6984224376731302,1.0146248460872926
BOVESPA,44,3,GJR-GARCH,0.0011567249,0.002046615,0.11072652,0.2751217,0.002042044738608008,0.00021432992070913315,1.1621796595885483e-05,0.05875323692103848,0.06589322257204913,0.06000789130885096,0.40929437,1.209677419354839,0.8367428468270464,47.85515966175171,0.04275116285902414,0.9103772540127597,0.19252931671283469,0.6925293167128347,0.9669272445655095
BOVESPA,44,3,QuantGAN,0.00042163715,0.005155422,0.20352487,0.21839523,0.004014989953730258,0.0005055051296949387,4.83948872899574e-05,0.051375911752693355,0.07011374007444829,0.05182970844405645,0.6674981,0.6048387096774199,0.8367383222555497,30.50755046674247,0.04061232949515803,0.2628257111062755,0.2716666666666667,0.7716666666666667,1.6074472354191367
BOVESPA,44,3,GARCH,0.0015953091,0.003057398,0.008150384,0.5032253,0.0029721736193780105,0.00040476955473423004,2.781907461849712e-05,0.05818190058838809,0.06247587020159699,0.055241365289184614,0.3791194,0.806451612903226,0.8367426525541977,37.32874483485399,0.06566572280366045,0.9464658756451971,0.24937927054478293,0.7493792705447829,1.4270580415875467
BOVESPA,44,3,iid,0.00041141934,0.0074182004,0.4296642,10.228016,0.004445508588352989,0.0004841350018978119,8.572212696300728e-05,0.04844450689008226,0.04929823284153827,0.04051964227743156,1.261059,1.814516129032259,0.14241158670574405,1.3227390442322922,0.05526245861401491,7.3516316499007885,0.39747022160664824,0.8974702216066482,2.6256730403837985
BOVESPA,44,3,TimeGAN,0.0027531306,0.007964931,0.45504296,1.1416101,0.0055152791749976384,0.0009454451501369476,0.0001668061168027634,0.061113263881998135,0.19206688820035198,0.10281903993141896,0.80909204,0.604838709677419,0.8367428482497239,65.84755591002333,0.10661947619487144,0.1262884832712885,0.15067266851338867,0.6506726685133887,0.628148906176451
BOVESPA,44,3,sb_r,0.0012581389,0.011658376,0.3724115,8.562653,0.0065426138997212,0.0008385442197322845,0.00041180898995713433,0.057525339432177136,0.08459434700198472,0.06335520516870019,2.1853564,1.814516129032259,0.8367428482295185,56.814224385115,0.10650707581195662,0.17411090071877577,0.34749815327793177,0.8474981532779318,2.221210308595085
BOVESPA,44,3,CONTROL: shuffled real,5.820766e-11,0.0,1.4901161e-08,4.7683716e-07,0.0,9.313225746154785e-10,0.0,0.05278673306223936,0.0469244609028101,0.04561871855483332,0.0,0.0,0.11506580147570744,0.7705493251024969,0.07495434916529742,0.10406790326354542,0.17972922437673133,0.32027077562326867,2.046050034468682
BOVESPA,44,4,CNN-WGAN-GP,3.113819e-05,0.0017088419,0.111330815,1.1388636,0.001798521147137425,0.00015420839190483093,5.022164880896197e-06,0.056087308884598314,0.0488034829730168,0.04452761668864696,3.3085299,0.20161290322580694,0.7493145724190329,7.510313931098155,0.003522407857184273,1.2851148853598304,0.24522530009233612,0.7452253000923361,1.3934367348624708
BOVESPA,44,4,QuantGAN,0.00026008426,0.002253484,0.3775084,0.25399446,0.0017227953074549047,0.00011936482042074203,1.1711713626750798e-05,0.05132708759745583,0.05441240420914255,0.05446287592385488,0.023478508,0.806451612903226,0.836742824328689,41.842324548693185,0.05332183675874935,0.5280212568080529,0.021081948291782004,0.521081948291782,0.4207293665921348
BOVESPA,44,4,GJR-GARCH,0.0004269859,0.0048179366,0.21031436,0.22639799,0.0036636245510453043,0.00041775964200496674,5.93345489748021e-05,0.05175728768343106,0.06147166359936818,0.0501388710570609,1.3995581,0.20161290322580605,0.8363292081663529,20.44902786633031,0.017188936053729065,0.34047024137603454,0.26170914127423817,0.7617091412742382,1.526853254485937
BOVESPA,44,4,TimeGAN,0.0007043178,0.0026487568,1.1807212,7.564532,0.0022569618564034512,0.00016889162361621857,5.39668316229306e-05,0.08591621633182513,0.2840544710634276,0.16542724322331195,0.8656244,0.403225806451613,0.8367428482499992,123.88353877356717,0.0028529676513998625,0.23881827390111265,0.2926034164358263,0.7926034164358263,1.7769046000954911
BOVESPA,44,4,sb_r,0.0011341781,0.005371278,0.068769485,0.33037376,0.004133860374118344,0.0005629882216453552,6.126681375964698e-05,0.048871736937435344,0.04244111310108565,0.04006056309946871,1.0241137,0.20161290322580605,0.8366975012579967,25.42252415516761,0.05118511202242404,0.9795819942639681,0.3554321329639889,0.8554321329639889,2.2854261636737667
BOVESPA,44,4,sb_abs,0.00018614624,0.0057403427,0.08865543,0.77224874,0.004296601259414407,0.000561913475394249,6.018885772160307e-05,0.05626815818714931,0.059516997261671346,0.04914762383406924,0.2024107,0.806451612903226,0.8367427677878865,39.24159700635356,0.016138069226516394,0.4003191410776967,0.3197795475530931,0.8197795475530931,1.9968621203412877
BOVESPA,44,4,iid,2.072932e-05,0.00792305,0.8755505,14.283819,0.0042413072299976404,0.00038781948387622833,0.00010473528155544165,0.0467926877993159,0.04670705159078352,0.036006636641468505,2.3173265,2.2177419354838714,0.0970640170126067,0.7777915654033252,0.09938429198551424,14.557062032776473,0.4012661588180979,0.9012661588180979,2.6563965062235964
BOVESPA,44,4,GARCH,0.0006945806,0.007037267,0.20450416,0.17597675,0.005198168801868061,0.0007426273077726364,0.00012609980743134155,0.05206452746962895,0.06832433487987145,0.06483850936601812,0.015191078,0.20161290322580694,0.836742724246893,38.311531078542686,0.04670867349599672,0.3899008787679179,0.3176218836565097,0.8176218836565097,1.9793984718856459
BOVESPA,44,4,CONTROL: shuffled real,5.820766e-11,0.0,1.4901161e-08,4.7683716e-07,0.0,9.313225746154785e-10,0.0,0.05278673306223936,0.0469244609028101,0.04561871855483332,0.0,0.0,0.11506580147570744,0.7705493251024969,0.07495434916529742,0.10406790326354542,0.17972922437673133,0.32027077562326867,2.046050034468682
BOVESPA,44,5,CNN-WGAN-GP,4.308531e-05,0.0018795542,0.21175614,0.6092634,0.001836198336353655,0.000154910609126091,5.744251200479419e-06,0.05758342137618456,0.05081645937636495,0.0692909035642515,0.5683651,1.008064516129033,0.8367426740314887,37.579321981191725,0.11474287901440916,1.4186949333153587,0.11205355493998159,0.6120535549399816,0.31557444813300095
BOVESPA,44,5,GARCH,0.000517593,0.0055311434,0.3167581,0.4522848,0.004392857251513849,0.000619892030954361,6.468056164553681e-05,0.0534179805428721,0.051619863387895745,0.04425339528846962,0.4002056,0.806451612903226,0.46574958644448045,3.2938956892529934,0.022288039718882602,0.7089224284022366,0.37607156048014756,0.8760715604801476,2.4524770686078647
BOVESPA,44,5,QuantGAN,0.0006380524,0.0013909526,0.052621692,1.2827811,0.0017014788040815036,0.00016169529408216476,7.617825508439663e-06,0.06177879349212162,0.06345123515464365,0.06649794422228297,1.1661806,1.612903225806452,0.8366699318518243,24.363167008589084,0.003515689506033981,1.683217578249594,0.1600237765466297,0.6600237765466297,0.7038346807875174
BOVESPA,44,5,GJR-GARCH,0.0006513464,0.005465662,0.25941128,0.63256645,0.004425941824092293,0.0006454717367887497,7.897425424046456e-05,0.0512774013238959,0.048753207407426086,0.04321934879953915,1.7288475,0.806451612903226,0.1890911596632603,1.251785802116578,0.009145852505962115,0.8120310210200063,0.3956731301939058,0.8956731301939058,2.6111277848764503
BOVESPA,44,5,iid,0.0010007586,0.007173622,1.1701558,14.0741825,0.0045383575446143985,0.000590665265917778,6.376994777311373e-05,0.04991489114006981,0.04303563336841762,0.03527480768076202,1.2814252,3.024193548387097,0.15860103836356632,1.6892034614218905,0.1004218906514791,13.995216564684215,0.38717566943674986,0.8871756694367499,2.5423512401775454
BOVESPA,44,5,sb_r,0.0018063392,0.007637091,0.42997944,2.093834,0.005498404031173676,0.00087021104991436,0.00017055099751680036,0.0523347033232858,0.06944333536783233,0.056094984755836776,1.0363414,1.612903225806452,0.8367068676247373,25.936984762543496,0.04594736716885772,0.17052886057344008,0.36036518928901207,0.8603651892890121,2.3253532170060756
BOVESPA,44,5,TimeGAN,0.0005170915,0.011000626,1.0157323,1.0567017,0.006320531742078986,0.0008978433907032013,0.0003686405013106466,0.06339908864421887,0.21259046431165188,0.10681209763781226,0.025383472,0.8064516129032251,0.8367428480061134,51.59095059285339,0.05176014535630402,0.34964595284761124,0.45982733148661126,0.9598273314866113,3.130377525349162
BOVESPA,44,5,sb_abs,0.0009181784,0.013868526,0.2920351,5.6180835,0.008083839116919064,0.0011899471282958984,0.0006661272597313296,0.06549646202707664,0.2008177703944966,0.15015012417024992,2.04853,1.209677419354839,0.8367428482499992,137.94152491857577,0.004967725377985288,1.0760378129305028,0.40370798707294553,0.9037079870729455,2.676160117367684
BOVESPA,44,5,CONTROL: shuffled real,5.820766e-11,0.0,1.4901161e-08,4.7683716e-07,0.0,9.313225746154785e-10,0.0,0.05278673306223936,0.0469244609028101,0.04561871855483332,0.0,0.0,0.11506580147570744,0.7705493251024969,0.07495434916529742,0.10406790326354542,0.17972922437673133,0.32027077562326867,2.046050034468682
BOVESPA,44,6,CNN-WGAN-GP,0.00010349526,0.00349647,0.42649668,0.24498653,0.0027285523232469517,0.00026744697242975235,2.3243856761628972e-05,0.05455437277414603,0.07008008562144824,0.06842655840599036,0.58139515,1.209677419354839,0.7914447113948988,9.236629753283063,0.0045914400287296875,0.9827810643107928,0.11945544783010154,0.6194554478301015,0.37548371182511403
BOVESPA,44,6,QuantGAN,7.244048e-05,0.0045500705,0.45004678,3.2110777,0.003137871801401061,0.00028741732239723206,3.083679042455354e-05,0.05418386556208134,0.08051117442082614,0.07446198985715455,0.04189968,0.806451612903226,0.8367428482499992,113.45823477270312,0.00938345858018752,1.0908692667524411,0.17888457987072948,0.6788845798707295,0.8564897997634779
BOVESPA,44,6,GJR-GARCH,0.00091271696,0.0037145168,0.23508456,0.8290496,0.0029145227340780285,0.00029480084776878357,4.292791406587456e-05,0.05920222545304568,0.06114960986655205,0.05730840500713384,1.1216507,1.411290322580646,0.8313020797862588,14.459772851523773,0.00568036771514957,0.6856584516915145,0.2780964912280701,0.7780964912280701,1.6594887957147897
BOVESPA,44,6,TimeGAN,0.0009553168,0.0048504574,0.24240048,0.38156462,0.0036026281179510253,0.0006662532687187195,6.147434147750518e-05,0.05860855390084908,0.04977221663575619,0.04688724139901751,0.6725383,0.0,0.8360447527819282,19.252886668542352,0.0010868348254050586,1.0536904847117055,0.43822322253000934,0.9382232225300093,2.955518704838287
BOVESPA,44,6,GARCH,0.0011751768,0.0063597,0.18448478,1.6211004,0.004581408640262908,0.0005859043449163437,9.282213470210971e-05,0.05786459212715272,0.07405420895200222,0.06385860037094972,0.74936676,0.403225806451613,0.8367423714124248,35.40500352670095,0.03596531871956876,0.42592272486862637,0.32878993536472767,0.8287899353647277,2.0697901817694597
BOVESPA,44,6,iid,0.00039435143,0.007150965,0.67777324,5.7764,0.004598005714091223,0.0005308631807565689,7.334141520526127e-05,0.05456476605730131,0.045723298876546324,0.04325155417631322,0.8298209,1.209677419354839,0.1577690438625925,1.66030911542553,0.08121882509491452,5.682886706194866,0.43254593721144974,0.9325459372114497,2.909568028672877
BOVESPA,44,6,sb_r,0.0005271152,0.007498324,0.50456464,6.2731385,0.004767728005161176,0.0005479585379362106,0.00010162818371265022,0.05561102319508791,0.06188253922187869,0.06047854418364295,1.0429182,1.008064516129033,0.8367428481445172,53.36110118933003,0.05138573376446909,2.9545494540059227,0.3658386426592797,0.8658386426592797,2.3696541230220953
BOVESPA,44,6,sb_abs,0.0006013613,0.011127321,0.3862368,4.055264,0.007014493206818609,0.0010004229843616486,0.0004146441287285938,0.06761858227146149,0.11177365709096193,0.09535484860454745,1.1367085,1.008064516129033,0.8367428482499992,106.2841188949773,0.02306361016880798,0.29158766491869326,0.30811195752539255,0.8081119575253926,1.902427259151388
BOVESPA,44,6,CONTROL: shuffled real,5.820766e-11,0.0,1.4901161e-08,4.7683716e-07,0.0,9.313225746154785e-10,0.0,0.05278673306223936,0.0469244609028101,0.04561871855483332,0.0,0.0,0.11506580147570744,0.7705493251024969,0.07495434916529742,0.10406790326354542,0.17972922437673133,0.32027077562326867,2.046050034468682
BOVESPA,44,7,CNN-WGAN-GP,3.913633e-05,0.0018350873,0.13979818,0.8880179,0.0018077614871223828,0.0001414017751812935,9.997195493992115e-06,0.04911895981291309,0.04862949137284886,0.045661169498125674,0.62948227,0.806451612903226,0.13835353227533176,0.9216708321530609,0.043463751350016344,1.1999497904324734,0.1293446445060018,0.6293446445060018,0.45552465542624154
BOVESPA,44,7,GJR-GARCH,0.0010073566,0.0035835886,0.19806367,0.22645092,0.002923936129555445,0.0003161206841468811,2.8774593002092864e-05,0.048475761340232564,0.05464032158139162,0.0533981035141187,0.07924986,0.20161290322580694,0.8346162709536422,16.675422315416927,0.015089218731750065,0.5526451005328057,0.23190674053554938,0.7319067405355494,1.285639295973333
BOVESPA,44,7,sb_r,0.00064417766,0.004775021,0.16414553,0.95222425,0.0037267770980410246,0.0004460606724023819,5.750973943003811e-05,0.050606200869660826,0.053198515381664035,0.045082512817243695,0.3877201,0.806451612903226,0.6605434118751999,5.567993793140838,0.017242854196072188,0.6231602106839711,0.3153280240073869,0.8153280240073869,1.9608324855045909
BOVESPA,44,7,GARCH,0.0013502303,0.005538624,0.075981736,0.27683592,0.00433277974581041,0.0006053037941455841,7.243873670866257e-05,0.048714428984094414,0.054712689575972036,0.056691907490967426,0.22689867,0.20161290322580605,0.8367264007604941,27.67066053293919,0.01885788194871718,0.36558252419523196,0.29898776546629724,0.7989877654662972,1.828578091626219
BOVESPA,44,7,sb_abs,0.00034596503,0.005342111,1.6936399,11.022718,0.0031831308865677,0.00029063038527965546,6.010561151288994e-05,0.05802137440652586,0.058697123918682335,0.05196027642195986,1.6272984,2.419354838709678,0.8367428482499992,89.44453131899563,0.07756692229275008,3.3516746988537136,0.23030055401662053,0.7303005540166205,1.272639181930928
BOVESPA,44,7,iid,0.000258262,0.00545259,0.7820869,4.1303296,0.003559534197317897,0.0003482457250356674,7.633718013216182e-05,0.055933368579717355,0.045296961467829536,0.03979185485521157,1.6168056,1.814516129032259,0.019602086415268172,0.14106860518971076,0.11301833088600466,3.874920492340326,0.36589681440443234,0.8658968144044323,2.3701249521021044
BOVESPA,44,7,QuantGAN,0.00035392772,0.0059469417,0.80991596,6.8937783,0.0039643690291713525,0.00044256076216697693,6.563705221513252e-05,0.0510146595176775,0.0716755636211019,0.05148466803213523,1.0211053,2.016129032258065,0.8367428482497462,66.02447849002232,0.043583673489347774,0.5991729712439753,0.2929515235457064,0.7929515235457064,1.7797221010980715
BOVESPA,44,7,TimeGAN,0.0012548569,0.005006589,0.26094165,0.2382083,0.003824554290001596,0.0008084913715720177,6.623976950398885e-05,0.054913108681794255,0.05906257086491678,0.05677346279575431,0.69838715,1.612903225806451,0.8367406968105706,32.13242880707105,0.004657653771779957,0.45715989964979675,0.4699259002770082,0.9699259002770082,3.2121130799644395
BOVESPA,44,7,CONTROL: shuffled real,5.820766e-11,0.0,1.4901161e-08,4.7683716e-07,0.0,9.313225746154785e-10,0.0,0.05278673306223936,0.0469244609028101,0.04561871855483332,0.0,0.0,0.11506580147570744,0.7705493251024969,0.07495434916529742,0.10406790326354542,0.17972922437673133,0.32027077562326867,2.046050034468682
BOVESPA,44,8,GJR-GARCH,0.00086474663,0.0034927335,0.13814364,0.40229297,0.002958106938075572,0.000321950763463974,3.363046083850013e-05,0.04857981100678444,0.04499917684472166,0.04487848807104456,0.76730394,0.0,0.8367322361362037,28.636741855065175,0.023861013985389645,0.8140818292793983,0.24621768236380437,0.7462176823638044,1.401468854763061
BOVESPA,44,8,QuantGAN,0.0011251087,0.0007468583,0.08248511,0.75716734,0.001464869324420746,0.00011945609003305435,6.616019708734846e-06,0.054033394132275134,0.04515926692976791,0.04298334258601244,1.1736083,0.20161290322580694,0.7182342535996085,6.68337759126616,0.06925067957752795,0.8979369081382433,0.1033818097876269,0.6033818097876269,0.24538728456343978
BOVESPA,44,8,sb_r,0.00013980526,0.0047846157,0.14387755,0.078407764,0.003877148799374701,0.0004908926784992218,4.363693007209626e-05,0.04809904151479714,0.048900145465158855,0.043924443735722886,0.3130026,0.806451612903226,0.7262519923086486,6.875758508069959,0.05870890242761084,0.01482346767222964,0.33900807940904887,0.8390080794090489,2.1524935517158617
BOVESPA,44,8,CNN-WGAN-GP,0.00044477344,0.0028168587,0.06273524,0.57524085,0.0026070503965856476,0.00030497554689645767,1.2171422260539032e-05,0.0524037306685932,0.056016820981749336,0.05021765544170194,1.3381004,1.008064516129033,0.8355254100126658,17.97189038171249,0.008328852552502375,1.1153985296085454,0.27517174515235454,0.7751717451523545,1.6358165558589008
BOVESPA,44,8,iid,0.00058002945,0.0058073364,0.011885703,3.9683576,0.004059713178385723,0.00047658197581768036,5.8102788554024385e-05,0.0521550442680018,0.04287985538394423,0.03922047133361048,0.9903867,1.814516129032259,0.13472394067224858,1.2060595688599371,0.04874309065329807,2.5692882186610575,0.3501334256694367,0.8501334256694367,2.2425396132671307
BOVESPA,44,8,GARCH,0.0013131483,0.005301304,0.09976728,0.57274413,0.004350440139675017,0.0006263349205255508,6.337053429927729e-05,0.05073632840649225,0.06316683721495792,0.05765640347650333,1.5951934,0.4032258064516121,0.8367096818800258,26.11785165801741,0.04175728227392128,0.8592449681667249,0.2511775161588181,0.7511775161588181,1.4416126389417208
BOVESPA,44,8,sb_abs,0.00057407736,0.0066510066,0.41045076,0.83435106,0.005477990447236755,0.000982949510216713,9.532864680587376e-05,0.049985808811616156,0.04486437351908535,0.04680772692161554,1.8316617,0.6048387096774199,0.8254114786957177,12.694220254284117,0.0027343824892902546,1.3231149847360193,0.41749884579870733,0.9174988457987073,2.787780239977828
BOVESPA,44,8,TimeGAN,0.0024726004,0.0099386815,0.5543312,0.9848666,0.0061941144512762825,0.0009901504963636398,0.0003248919620237474,0.05561165685066953,0.299559207665734,0.1691431925798679,1.2066875,2.82258064516129,0.8367428482499992,89.86383611227711,0.05783400435837216,0.25663745524434844,0.46714035087719297,0.967140350877193,3.18956746683571
BOVESPA,44,8,CONTROL: shuffled real,5.820766e-11,0.0,1.4901161e-08,4.7683716e-07,0.0,9.313225746154785e-10,0.0,0.05278673306223936,0.0469244609028101,0.04561871855483332,0.0,0.0,0.11506580147570744,0.7705493251024969,0.07495434916529742,0.10406790326354542,0.17972922437673133,0.32027077562326867,2.046050034468682
BOVESPA,44,9,sb_abs,4.6269153e-05,0.0020304592,0.15804596,0.4441793,0.0018427316989078138,0.00013370811939239502,9.447343254636992e-06,0.054894654679810626,0.04683176402235403,0.046666361887255335,0.5828371,0.806451612903226,0.6718019758998088,5.75712070882459,0.001242817831899834,0.5326996098030516,0.12822576177285316,0.6282257617728532,0.44646866911357447
BOVESPA,44,9,GJR-GARCH,0.0005772726,0.0050629256,0.011210769,1.2369256,0.0035841539412587967,0.0003819335252046585,4.834691048783331e-05,0.056433993007522075,0.0745157238189131,0.06044241265139135,0.08465767,0.20161290322580694,0.8367427724488988,39.36979800211748,0.05576215685729691,0.4510514169131987,0.16151061865189298,0.661510618651893,0.7158688478681642
BOVESPA,44,9,QuantGAN,0.0011432923,0.0020756219,0.19285776,0.96513987,0.0021295588501087175,0.0002642916515469551,1.3345050801818395e-05,0.046262583879288284,0.04896889830473811,0.04736350184968614,1.9352598,0.403225806451613,0.8279496706033105,13.3085722577888,0.006915589008360756,1.167955037895264,0.21408633425669454,0.7140863342566945,1.1414049177259056
BOVESPA,44,9,GARCH,0.00038312864,0.0052933358,0.27169675,1.7397985,0.003603630694598334,0.0003723427653312683,5.330586083461401e-05,0.05473330312641338,0.08047805909067392,0.059758236369016234,0.7335379,1.209677419354839,0.8367426100287604,36.90462481377671,0.04605022931491787,0.4346818368773775,0.16194090489381352,0.6619409048938135,0.7193514883647207
BOVESPA,44,9,CNN-WGAN-GP,0.00028637773,0.00559186,0.15871115,0.8847532,0.004135356145039374,0.00048023276031017303,7.431070064517911e-05,0.07298810730455443,0.10799217853229492,0.10327610973072296,0.21849012,0.806451612903226,0.8367428115178343,40.9240292851904,0.008653947554349894,0.8936828594182238,0.2715801015697137,0.7715801015697137,1.606746596907221
BOVESPA,44,9,sb_r,0.0008099861,0.008908864,2.1590183,23.300592,0.0037721367905874143,0.0002643223851919174,8.656317387141537e-05,0.053297503925859926,0.07575222981511615,0.06834167367553164,2.5570784,3.2258064516129035,0.8367428482499992,209.75099072424393,0.04118100520405399,1.0520387766110622,0.20004478301015705,0.700044783010157,1.0277557459852562
BOVESPA,44,9,iid,0.0005741549,0.008807717,0.4380595,14.904081,0.004893490428808113,0.0005278140306472778,0.00011533486148814227,0.056305269963340836,0.0479634743090719,0.03815844732183905,1.6819777,2.6209677419354844,0.15484348998804898,1.5742790669129298,0.08635381277448873,13.483461857031523,0.4596705909510618,0.9596705909510618,3.1291089025502545
BOVESPA,44,9,TimeGAN,0.0006755842,0.010560228,0.99001026,1.4322972,0.006168258967431571,0.0009275991469621658,0.0003426886652150964,0.06549095735885203,0.23332554552238435,0.10768815302093572,0.9583726,1.008064516129033,0.8367428482498858,67.69800618948165,0.032435624935965746,0.447047034139624,0.43760987996306555,0.9376098799630656,2.9505544474352003
BOVESPA,44,9,CONTROL: shuffled real,5.820766e-11,0.0,1.4901161e-08,4.7683716e-07,0.0,9.313225746154785e-10,0.0,0.05278673306223936,0.0469244609028101,0.04561871855483332,0.0,0.0,0.11506580147570744,0.7705493251024969,0.07495434916529742,0.10406790326354542,0.17972922437673133,0.32027077562326867,2.046050034468682
BOVESPA,44,10,sb_abs,0.0002757698,0.0025930917,0.22253932,0.61927986,0.0021188472088642966,0.00017477571964263916,1.3498427467615369e-05,0.05849842871888541,0.0553949751824257,0.053096467594659774,0.11642647,1.008064516129033,0.8367418998105826,33.914453248792896,0.03741575538838815,0.9625192770081483,0.19329108956602037,0.6932910895660204,0.973092863470359
BOVESPA,44,10,CNN-WGAN-GP,0.0002650934,0.0015048198,0.14452209,0.7288847,0.0017441030075026967,0.00016840919852256775,5.196930531790633e-06,0.05161278554936871,0.049410753259435294,0.051786056526107134,0.266984,2.016129032258065,0.8363267851544448,20.435724813860997,0.017884644285529494,1.1540569401385237,0.21185987996306543,0.7118598799630654,1.123384495199459
BOVESPA,44,10,QuantGAN,0.00038671945,0.00039886404,0.19805266,0.8857887,0.0010945343968237176,6.245076656341553e-05,5.634266690393045e-06,0.058878870691405606,0.05680550215300172,0.05903960111663764,0.2566638,1.612903225806452,0.5926698030684099,4.60948226143295,0.030028838566980243,1.3755036514225636,0.12337811634349038,0.6233781163434904,0.4072329124463559
BOVESPA,44,10,iid,0.00022079813,0.00829768,0.593506,13.776375,0.004943563393334403,0.0005846749991178513,0.00011296920684487704,0.04219457229482941,0.05166976107284427,0.04060406000229705,0.16415048,1.008064516129033,0.15368035093851884,1.5446771493237594,0.15946845881317506,13.663302321599764,0.4370653277931671,0.9370653277931671,2.9461469641029154
BOVESPA,44,10,GJR-GARCH,2.7466915e-05,0.0059890766,0.21187533,0.57624793,0.0047410157984238074,0.0006892792880535126,6.211311865368851e-05,0.06685412826831452,0.06087832218967378,0.06804846615155839,3.0891829,1.209677419354838,0.8367428382583054,43.70767617583775,0.0788673842267642,1.1054097035616923,0.34108471837488463,0.8410847183748846,2.1693014025243533
BOVESPA,44,10,TimeGAN,0.00085096504,0.011021437,0.7947396,0.7479782,0.00704639125027304,0.0010589882731437683,0.0003816868643319598,0.04398961274651811,0.1625511622009799,0.0946634326948697,0.12262559,1.008064516129032,0.8367428300893609,42.43155700312569,0.06816285724878746,0.8289982581248516,0.15194228993536474,0.6519422899353647,0.6384249376845329
BOVESPA,44,10,GARCH,7.8746176e-05,0.0067083295,0.1168905,0.5754862,0.004998750793893051,0.0007040370255708694,9.817468925408634e-05,0.06543486438458786,0.07323618168593385,0.08142620433507546,0.88567424,1.411290322580646,0.8367428482499992,99.89043173585685,0.05645198185017952,0.9524260401352072,0.35360780240073875,0.8536078024007387,2.270660440581337
BOVESPA,44,10,sb_r,0.0005378962,0.008462684,0.13428691,3.9253154,0.0053441876589185875,0.0006617866456508636,0.000250601450611086,0.046087666163221,0.06543107049656101,0.057383403535568506,1.364399,1.008064516129033,0.8367428481872093,54.45515791774062,0.004589071785538468,2.1046065728801917,0.36025900277008316,0.8602590027700832,2.324493767098127
BOVESPA,44,10,CONTROL: shuffled real,5.820766e-11,0.0,1.4901161e-08,4.7683716e-07,0.0,9.313225746154785e-10,0.0,0.05278673306223936,0.0469244609028101,0.04561871855483332,0.0,0.0,0.11506580147570744,0.7705493251024969,0.07495434916529742,0.10406790326354542,0.17972922437673133,0.32027077562326867,2.046050034468682
BOVESPA,44,11,CNN-WGAN-GP,0.00019730284,0.001020141,0.09322281,0.62761474,0.0013118217002391745,9.760819375514984e-05,2.5621101661523124e-06,0.04340217146556825,0.04780991162057035,0.05166636567366368,0.6482601,1.411290322580646,0.8366638195392366,24.183179047919797,0.017324526581662614,0.9901254303320122,0.15944205909510623,0.6594420590951062,0.6991263899874517
BOVESPA,44,11,sb_r,0.0003814267,0.0049118903,0.15393887,2.265685,0.003582808998359152,0.0004007723182439804,3.70780098378468e-05,0.054416594880167396,0.05651223935186863,0.044909299810315134,0.26298785,1.008064516129033,0.523474547587856,3.839514855138823,0.0037745309240607705,1.8665549182641463,0.3192001385041552,0.8192001385041552,1.992172513234874
BOVESPA,44,11,GJR-GARCH,9.743689e-05,0.005802311,0.3424135,1.482378,0.00447444867411891,0.000628473237156868,7.90410185451346e-05,0.05172066071361769,0.06071253145986702,0.06326263110582658,0.7891245,1.209677419354839,0.8367428482499153,68.3279167578799,0.040107830787907806,0.7131425307120569,0.3961470452446907,0.8961470452446907,2.614963547183012
BOVESPA,44,11,TimeGAN,0.00050000823,0.0028836853,0.13667105,4.6651444,0.002962797829869972,0.0005149785429239273,2.106511440455961e-05,0.06237727281870321,0.18403289529960604,0.13613226478722937,1.0838253,0.0,0.8367428482499992,90.74968589005312,0.047675778011090686,0.954303569911434,0.32329616805170824,0.8232961680517082,2.025324859249309
BOVESPA,44,11,GARCH,0.000315435,0.008101933,0.052054137,2.6918316,0.0059569594452623725,0.0009578168392181396,0.00014262441296689928,0.05037328208680265,0.06220154726644978,0.06254433246758709,0.8092816,0.6048387096774199,0.8367428482499137,68.28944280360865,0.06508002065964535,0.677841650651895,0.4134503693444136,0.9134503693444136,2.7550127780526035
BOVESPA,44,11,sb_abs,0.00013433208,0.01302002,1.2725586,11.2106285,0.007331652147636381,0.0010496880859136581,0.0004212689130170241,0.05758407648652792,0.1178877633693628,0.090624179698425,2.1410067,2.016129032258065,0.8367428482499992,206.2911938384912,0.037324460661948944,0.4985998919974586,0.3044367497691598,0.8044367497691598,1.8726809504895399
BOVESPA,44,11,iid,0.00096107763,0.008926302,0.4537298,8.525711,0.00558103098827147,0.0007844679057598114,0.00018667168702356403,0.05431963231414556,0.04720224687305745,0.03981204043091566,1.4183633,1.814516129032259,0.16047141028599043,1.7669515612222728,0.030347009994008745,7.4825384573374,0.44358079409048945,0.9435807940904894,2.9988816894330244
BOVESPA,44,11,QuantGAN,0.00019707269,0.009591404,0.38463712,1.7908468,0.006800974467514533,0.0011276528239250183,0.00020384998841560043,0.06327514968321339,0.13169815588276834,0.10043055858266597,0.7905495,0.403225806451613,0.8367428482499992,220.99487784466157,0.10888245137068031,1.5445148051304476,0.3121144967682363,0.8121144967682363,1.9348229155729542
BOVESPA,44,11,CONTROL: shuffled real,5.820766e-11,0.0,1.4901161e-08,4.7683716e-07,0.0,9.313225746154785e-10,0.0,0.05278673306223936,0.0469244609028101,0.04561871855483332,0.0,0.0,0.11506580147570744,0.7705493251024969,0.07495434916529742,0.10406790326354542,0.17972922437673133,0.32027077562326867,2.046050034468682
BOVESPA,44,12,CNN-WGAN-GP,0.0004755499,0.00088224467,0.17283072,0.6899874,0.0011265304059058447,6.242562085390091e-05,4.462292024478899e-06,0.046820491544203834,0.04847535071079619,0.04641209276895097,0.7761822,0.0,0.7689890157269044,8.18841645857227,0.0074167951286616685,0.8686208678177003,0.02416620498614963,0.5241662049861496,0.3957660835049567
BOVESPA,44,12,QuantGAN,1.4276127e-05,0.0027737021,0.054421484,0.42463565,0.00241137758543771,0.00023315567523241043,1.4238407850317319e-05,0.052992605215404186,0.047462293851422144,0.05242340221804625,0.08688116,0.806451612903226,0.834241043319497,16.295237305319397,0.042576628123625504,1.2301886751416506,0.22440327793167136,0.7244032779316714,1.2249079497605733
BOVESPA,44,12,GJR-GARCH,0.0005892544,0.0041261073,0.21972707,0.5428841,0.0035148770495786437,0.0004538167268037796,3.204200664598088e-05,0.048602607095381244,0.05135632231249474,0.044339507866752684,0.21426964,2.2177419354838714,0.6020680384644572,4.7274870725657845,0.02194236536688654,0.5764933004925319,0.3120780240073868,0.8120780240073868,1.9345277132132672
BOVESPA,44,12,GARCH,0.00037946907,0.004718977,0.1273085,0.2965827,0.003845568983433256,0.0004923921078443527,6.009823186211134e-05,0.051643064765376036,0.05297897733282298,0.047708012067814706,0.20572686,1.008064516129033,0.787062933740853,8.998427411387691,0.024998535503986896,0.5324846549694717,0.3137811634349029,0.8137811634349029,1.9483125423890166
BOVESPA,44,12,TimeGAN,0.0016089719,0.010365043,0.7481936,0.8954077,0.0066275732284328025,0.0010877139866352081,0.00036693698608208887,0.057584882513619956,0.19861939776223153,0.11325388960343843,0.75464153,1.209677419354838,0.8367428482499992,123.77345096981836,0.05248046751778268,0.18413706415409958,0.13683448753462613,0.6368344875346261,0.5161457678464617
BOVESPA,44,12,iid,4.819929e-05,0.007172171,0.6808782,8.367828,0.0044480518241790225,0.0005149450153112411,7.87065913390507e-05,0.05789855249400716,0.0515051518776454,0.03873559269159159,1.5747983,2.419354838709678,0.009970270987746166,0.07005813573419717,0.0721543965202055,7.96424410430552,0.43446237303785773,0.9344623730378577,2.9250792311419835
BOVESPA,44,12,sb_abs,0.0004219917,0.012453221,1.1660001,12.417915,0.00649562551074628,0.0007347892969846725,0.00042578147470192287,0.06038699432974681,0.12917408151552082,0.09306382835646218,2.2197304,1.612903225806452,0.8367428482499992,209.7117891319518,0.05907100947157373,0.7199352329706894,0.23131071098799638,0.7313107109879964,1.2808151662726306
BOVESPA,44,12,sb_r,0.0007261225,0.011129113,1.3889463,14.431469,0.005997617797060775,0.0007091667503118515,0.0002791251766984264,0.06916104643372818,0.07897458311868831,0.07389624674535299,1.7888067,2.2177419354838714,0.8367428482499992,197.45489087961118,0.07445755003222143,0.9781372662569279,0.39608564173591865,0.8960856417359186,2.6144665609318936
BOVESPA,44,12,CONTROL: shuffled real,5.820766e-11,0.0,1.4901161e-08,4.7683716e-07,0.0,9.313225746154785e-10,0.0,0.05278673306223936,0.0469244609028101,0.04561871855483332,0.0,0.0,0.11506580147570744,0.7705493251024969,0.07495434916529742,0.10406790326354542,0.17972922437673133,0.32027077562326867,2.046050034468682
BOVESPA,44,13,QuantGAN,1.5120371e-05,0.0019344147,0.08416884,1.0415354,0.0020040160299205833,0.00019895751029253006,7.901879940271389e-06,0.04998088599764742,0.042248362833051945,0.04314175052299106,2.0080242,1.612903225806452,0.8332664653439869,15.521783447367078,0.02701682329687427,1.1478791153541983,0.2075002308402586,0.7075002308402586,1.0880984713700743
BOVESPA,44,13,CNN-WGAN-GP,0.0005388154,0.0027925018,0.06975618,0.20529985,0.002340161837825265,0.00023957900702953339,1.9071220994174194e-05,0.06411633871262894,0.03887750671710819,0.042182747881961406,0.43383932,0.6048387096774199,0.8362732887522153,20.159998628065104,0.023473269337010216,0.5963275827894385,0.19707848568790387,0.6970784856879039,1.0037471996436467
BOVESPA,44,13,GARCH,0.0006211906,0.002613457,0.1850905,0.30432892,0.0019234461926008215,0.00013005919754505157,2.76941915989117e-05,0.06053328471491113,0.056577975670807065,0.06814488622163481,0.8453319,0.20161290322580694,0.8367428435344678,45.30819217794024,0.03946201964751983,0.4051707559110751,0.10861611265004623,0.6086161126500462,0.2877525599172122
BOVESPA,44,13,sb_r,2.0138454e-05,0.0045526745,0.091859356,0.18514633,0.003633526524465066,0.00041846372187137604,5.006697273025277e-05,0.05017869612078357,0.049707605043804504,0.048650522416355674,0.36462808,0.806451612903226,0.41646177250619454,2.875384278500378,0.010910103960898754,0.16371438641319802,0.30725069252077564,0.8072506925207756,1.895456373050178
BOVESPA,44,13,GJR-GARCH,0.00082423846,0.0032330453,0.065144986,0.32916832,0.002431235708510001,0.00020645186305046082,4.2453614857525525e-05,0.06010560545371845,0.0625153354066424,0.07454297700700409,0.10772705,0.0,0.8367428478176075,50.37975055807698,0.033199559642713594,0.7371320858181738,0.17384510618651883,0.6738451061865188,0.8157014281538547
BOVESPA,44,13,sb_abs,0.0011094691,0.0042522904,0.37104583,0.44557786,0.003492817394447362,0.0004220660775899887,4.4939232129537446e-05,0.05621418763650581,0.045141276124631986,0.05609925529257453,0.031919003,1.209677419354839,0.8134834443878357,10.924084730368232,0.03669745111885203,0.8840853578327867,0.30598776546629725,0.8059877654662972,1.8852345242536839
BOVESPA,44,13,iid,0.00082311523,0.0071742833,0.031877354,2.3711963,0.004891331354060421,0.0006105266511440277,0.0001226813840793265,0.057763632725691426,0.0579430496704299,0.04866512726955989,0.9569917,0.806451612903226,0.7752197926002753,8.44192905038124,0.12299882305712473,2.360348607408418,0.4502730840258542,0.9502730840258542,3.0530475856968033
BOVESPA,44,13,TimeGAN,0.004542113,0.01869926,0.8178277,1.1855288,0.0163092065760606,0.0066679902374744415,0.0007010301984598421,0.056306698273401706,0.060846458693267776,0.06244167019416636,0.09841061,2.2177419354838714,0.8367426985368657,37.905895271988555,0.11574548698490428,1.2993584553735635,0.5,1.0,3.4555261092197744
BOVESPA,44,13,CONTROL: shuffled real,5.820766e-11,0.0,1.4901161e-08,4.7683716e-07,0.0,9.313225746154785e-10,0.0,0.05278673306223936,0.0469244609028101,0.04561871855483332,0.0,0.0,0.11506580147570744,0.7705493251024969,0.07495434916529742,0.10406790326354542,0.17972922437673133,0.32027077562326867,2.046050034468682
BOVESPA,44,14,GJR-GARCH,0.000251605,0.0033932962,0.029755697,0.39870572,0.002781565465243735,0.00027157366275787354,2.7645375861977918e-05,0.054834751535672695,0.05343220448819921,0.051132400748101645,0.22901487,0.20161290322580694,0.804196067388141,10.080103663304728,0.04673776248653749,0.7564750088410044,0.24106048014773784,0.7410604801477378,1.3597276147772344
BOVESPA,44,14,GARCH,0.0005903209,0.0036007315,0.014520898,0.6566498,0.003139367808412977,0.0003748154267668724,2.970874832026065e-05,0.05509307810338214,0.04601280580216553,0.04386766684583563,0.5983939,0.6048387096774199,0.06653744051325139,0.45299529620159085,0.026160138301566493,0.7851344885922753,0.2916207294552169,0.7916207294552169,1.768950951708236
BOVESPA,44,14,CNN-WGAN-GP,0.0005882555,0.004263483,0.08066047,0.578949,0.003269163943677482,0.00036374107003211975,3.5096816153475766e-05,0.058359698087442666,0.06718686546199024,0.07499344849296903,0.7335596,0.0,0.8366991185614313,25.503343745339997,0.0533223861319394,1.0239297866249522,0.2699570637119114,0.7699570637119114,1.593610091901164
BOVESPA,44,14,sb_r,0.00068951375,0.0062414426,0.06247472,0.5306649,0.004808015071241992,0.0006686300039291382,0.00010836829282931974,0.046436831844621336,0.043769506923854354,0.04743073750018084,0.632596,0.806451612903226,0.7645731272807738,8.02161124911511,0.014412612727954022,0.28035885839781827,0.40192867036011093,0.9019286703601109,2.6617587263014504
BOVESPA,44,14,sb_abs,0.00020315821,0.0060604736,0.29009593,4.068691,0.003555828210560396,0.0002854522317647934,0.00011262010966345208,0.0635361759713851,0.11038511806633323,0.09760184517574089,1.515301,0.806451612903226,0.8367428445789117,45.84110581907059,0.03400629152594847,1.8978043148912676,0.17858056325023086,0.6785805632502309,0.8540291573096338
BOVESPA,44,14,QuantGAN,0.00035613426,0.0056525934,0.1578478,1.0484457,0.0047313212443635825,0.0007474012672901154,6.452397262536071e-05,0.03731857468490489,0.05764273523585871,0.053971920817057255,1.4833922,0.806451612903226,0.8367362514720996,29.681701358444997,0.02520139099790286,1.1823236977703284,0.39136288088642657,0.8913628808864266,2.5762415920911965
BOVESPA,44,14,iid,0.00021512204,0.010983704,2.472316,17.172855,0.005249261827516202,0.0005027372390031815,0.0003376654511820294,0.04432433048845269,0.05272522577084601,0.04731099992677627,2.1013098,2.6209677419354844,0.8367385090482706,30.599821995048043,0.06882059254875061,12.744758190097672,0.3780330101569713,0.8780330101569713,2.4683526031031686
BOVESPA,44,14,TimeGAN,0.0026759598,0.0141876,0.76538116,0.2900839,0.010642900731045669,0.002871984615921974,0.0005368534585735463,0.06509051182074473,0.17233389745932073,0.07541893824738509,0.26036072,1.209677419354839,0.8367426286921817,37.080631419186034,0.10434490792578988,0.15670189133551382,0.28891966759002774,0.7889196675900277,1.7470891617671356
BOVESPA,44,14,CONTROL: shuffled real,5.820766e-11,0.0,1.4901161e-08,4.7683716e-07,0.0,9.313225746154785e-10,0.0,0.05278673306223936,0.0469244609028101,0.04561871855483332,0.0,0.0,0.11506580147570744,0.7705493251024969,0.07495434916529742,0.10406790326354542,0.17972922437673133,0.32027077562326867,2.046050034468682
BOVESPA,44,15,GJR-GARCH,0.00079075515,0.0027060192,0.60919726,1.6524835,0.002113305800062997,0.00016789697110652924,1.619902592751046e-05,0.05596323012723588,0.04416285028564744,0.042285798241282466,0.5850241,1.612903225806452,0.8367417668550163,33.629528590949974,0.014663532992594819,0.5604004514100982,0.1360957987072945,0.6360957987072945,0.5101669858781223
BOVESPA,44,15,QuantGAN,0.0013308746,0.0018288856,0.07925521,0.7665229,0.0017902941262524373,0.00018583890050649643,1.5043381980749389e-05,0.04305752660380677,0.04536086245323531,0.03976121754887572,1.321764,0.20161290322580605,0.8089950953787565,10.482373392873182,0.027520494873548795,1.076172792590873,0.18705955678670372,0.6870595567867037,0.9226562324593315
BOVESPA,44,15,GARCH,0.0010750201,0.0032883184,0.30654442,0.25362873,0.002748565618823995,0.00029077939689159393,2.3706559565170586e-05,0.05646731975139119,0.04712805340677732,0.040187268726658655,0.73467636,0.806451612903226,0.8343806624802086,16.429725526923413,0.013693577034265436,0.5100488225004689,0.245570867959372,0.745570867959372,1.3962336838020328
BOVESPA,44,15,CNN-WGAN-GP,0.00045147163,0.0025308467,0.09797536,0.22216368,0.0021117815864811506,0.0001881355419754982,1.271991055704372e-05,0.05384457455547818,0.06401210267329588,0.06350512402867026,0.67607236,2.016129032258065,0.8367428481370527,53.2168150439617,0.02358450684311808,0.8667226642138686,0.2087264542936288,0.7087264542936288,1.0980232494375153
BOVESPA,44,15,sb_r,0.00056628557,0.0044372743,0.060143054,0.21465254,0.003379308200859184,0.00034902989864349365,4.5589516043160914e-05,0.05668110771337524,0.060481220014626164,0.05866049408177787,1.8469491,1.209677419354838,0.8362181608774614,19.90656888773033,0.06821111090177423,0.3435641837714458,0.3656731301939058,0.8656731301939058,2.368314502187315
BOVESPA,44,15,iid,0.0010990554,0.005534271,0.27784872,0.32471323,0.004214583755222358,0.0005913544446229935,6.286816512170932e-05,0.04699003705289215,0.05041001589270309,0.0478669891719619,0.15642262,1.209677419354839,0.35692079061010185,2.4117746915070555,0.15139058326337407,0.4167250297331755,0.4212398430286243,0.9212398430286243,2.8180590339087312
BOVESPA,44,15,sb_abs,0.00084446784,0.007954916,0.9306148,5.065891,0.005210447331781017,0.0006659198552370071,0.00013040603707669914,0.053764969629701224,0.09056298941606655,0.049227091120919796,1.001652,1.612903225806452,0.8367428482499992,84.92248612284466,6.598235839250233e-05,0.7212886797809075,0.3740454755309326,0.8740454755309326,2.4360783906903336
BOVESPA,44,15,TimeGAN,0.0021710217,0.009791261,0.44868463,0.31343174,0.0063856509994589935,0.0010970477014780045,0.0002704488702285021,0.06612251256417949,0.31720775078516456,0.1699789896215225,1.0811119,1.008064516129032,0.8367428482499867,72.29572215114649,0.09228211763677707,0.8916017514868035,0.46950877192982465,0.9695087719298247,3.2087369365216953
BOVESPA,44,15,CONTROL: shuffled real,5.820766e-11,0.0,1.4901161e-08,4.7683716e-07,0.0,9.313225746154785e-10,0.0,0.05278673306223936,0.0469244609028101,0.04561871855483332,0.0,0.0,0.11506580147570744,0.7705493251024969,0.07495434916529742,0.10406790326354542,0.17972922437673133,0.32027077562326867,2.046050034468682
BOVESPA,44,16,CNN-WGAN-GP,0.0005487696,0.0028176708,0.17576852,0.10183716,0.0023904473352481842,0.00020642299205064774,2.34247212483737e-05,0.05639696462196298,0.043990549587178976,0.04248502390903013,0.41928434,0.6048387096774199,0.7291945574905179,6.949563250203312,0.007131582896734656,0.65898369421393,0.23760641735918742,0.7376064173591874,1.3317712039671572
BOVESPA,44,16,GARCH,0.00021069849,0.003683635,0.3716747,0.07325888,0.0030242811738310877,0.00032896827906370163,2.146810396163845e-05,0.05101931738376152,0.050939141010603636,0.045854851539406806,0.40853405,0.6048387096774199,0.4596803847473035,3.2403034297003988,0.0391647382514122,0.5157088053154744,0.26343028624192055,0.7634302862419206,1.540783816472165
BOVESPA,44,16,GJR-GARCH,0.0003909603,0.0031735776,0.23503011,0.73773074,0.0027827780187041546,0.0003026900812983513,3.018056833943771e-05,0.04999232401372865,0.04955907628856949,0.04445994266970956,1.9110827,0.20161290322580694,0.4289637919303424,2.97814357869139,0.04161267083510922,1.156602828470509,0.24803185595567867,0.7480318559556787,1.4161523696034255
BOVESPA,44,16,TimeGAN,0.00027260286,0.0031960486,0.3907001,4.2378774,0.002481277725489545,0.00016909092664718628,6.015287900540728e-05,0.07663414896756876,0.3374894000170752,0.22568430062186962,0.21678638,1.612903225806451,0.8367428482499992,183.0541859777123,0.030966922109674,0.5918010595927661,0.23614612188365647,0.7361461218836565,1.3199518993634987
BOVESPA,44,16,sb_r,0.0004552866,0.0045326157,0.0547318,2.157075,0.0033214779461995803,0.0003678463399410248,2.9838762604174238e-05,0.05742049317290366,0.0491852609696798,0.04056888816681749,0.2762921,1.008064516129033,0.40690087330821734,2.798188558445883,0.040620418909432354,1.7436091681490717,0.31383379501385045,0.8138337950138504,1.948738530604262
BOVESPA,44,16,iid,0.00022135902,0.006034082,0.04366967,1.0353665,0.00447357081387076,0.0005658995360136032,6.82715880626454e-05,0.04892575840727659,0.05475692483596504,0.04759210808064381,0.05567932,0.403225806451613,0.14797669598349072,0.9840963705455854,0.09627829302100155,0.9222702553298721,0.4142370729455218,0.9142370729455218,2.761380180848885
BOVESPA,44,16,QuantGAN,0.00035876269,0.0101248175,0.9498701,3.3276706,0.006834560719314156,0.001088133081793785,0.00024371765783257667,0.05223265779553912,0.08795684722717852,0.052391718210783436,0.45435286,1.008064516129033,0.8367428474371043,49.042700303787825,0.07707983002433116,0.8548617382799573,0.33286126500461677,0.8328612650046168,2.1027426122618276
BOVESPA,44,16,sb_abs,0.00033577436,0.011782339,1.44154,14.237629,0.005946433607906815,0.00061815045773983,0.00032433567366668567,0.06317855991190299,0.13572161589283496,0.0939908112379635,2.1905951,2.6209677419354844,0.8367428482499992,215.052700120021,0.11019499375250041,0.7344839646121866,0.3111975992613111,0.8111975992613111,1.927401752454754
BOVESPA,44,16,CONTROL: shuffled real,5.820766e-11,0.0,1.4901161e-08,4.7683716e-07,0.0,9.313225746154785e-10,0.0,0.05278673306223936,0.0469244609028101,0.04561871855483332,0.0,0.0,0.11506580147570744,0.7705493251024969,0.07495434916529742,0.10406790326354542,0.17972922437673133,0.32027077562326867,2.046050034468682
BOVESPA,44,17,sb_r,0.0010743865,0.0034158668,0.1718027,0.84130955,0.003012130454189975,0.0003750370815396309,3.2104065055325896e-05,0.04455535440472886,0.04638786179944873,0.044735602134242075,0.9173622,0.403225806451613,0.8361470598270718,19.615973069976825,0.006010143159816073,1.1160310633578683,0.2999385964912281,0.7999385964912281,1.8362739050410903
BOVESPA,44,17,GARCH,0.0009450002,0.0058141947,0.21206225,0.42982388,0.00443283768493258,0.0006097313016653061,6.282303241848207e-05,0.06208790013333783,0.04619625655730488,0.047127491173232554,0.6549587,0.20161290322580605,0.7580500594153229,7.791819911766421,0.006290825350923401,0.015237133748962073,0.3047765466297323,0.8047765466297323,1.8754311901949756
BOVESPA,44,17,TimeGAN,0.0007083656,0.0054602255,0.55678004,0.64640284,0.003972105298102282,0.0008060201071202755,8.258474157740154e-05,0.050768122490262614,0.048577267537184526,0.04976688572547573,0.10154772,0.403225806451613,0.8367295416866468,28.138255434069354,0.035223052938880284,0.9876896265458295,0.4767276084949217,0.9767276084949217,3.267164583307281
BOVESPA,44,17,CNN-WGAN-GP,7.331572e-05,0.00766081,0.09283857,0.4267192,0.005793545189313195,0.0009162575006484985,0.00016224826152052283,0.04727686608006479,0.07632310016779228,0.07337496366621053,0.3855505,0.806451612903226,0.8367428482492042,63.63011691673664,0.03251894661601662,0.742573063185239,0.316530701754386,0.816530701754386,1.970566689896792
BOVESPA,44,17,GJR-GARCH,0.0013343326,0.0077602696,0.4137637,1.5511217,0.005528147302252437,0.0008313171565532684,0.00014108234871553846,0.061075988311786206,0.07665888928342611,0.061948327522623005,0.20219922,0.20161290322580694,0.8334366823249236,15.64015463079211,0.008434128187149725,0.08222333549750349,0.31071352723915047,0.8107135272391505,1.923483781896128
BOVESPA,44,17,QuantGAN,0.00013827134,0.0069959685,0.19685988,0.34041882,0.0054597316060912525,0.0008859708905220032,0.00012020328987629056,0.05470979321631603,0.08705659059341997,0.11106331467432028,0.13372374,1.008064516129033,0.8367428482499992,83.5519561744038,0.022527196542616812,1.2212459836197938,0.41542336103416433,0.9154233610341643,2.770981731016162
BOVESPA,44,17,iid,0.00015607727,0.0083294865,1.2332071,9.567833,0.00531633151960463,0.0007351227104663849,0.00010466422253928351,0.049160598984453824,0.048605083050206305,0.038992101729745626,1.8402293,2.2177419354838714,0.5106434619990208,3.7119952586497433,0.10081763810531563,6.528000880261862,0.4229346722068328,0.9229346722068328,2.8317766017873356
BOVESPA,44,17,sb_abs,0.000879667,0.01198736,1.3850769,13.592188,0.006031417669553028,0.0006311647593975067,0.0003284974485348562,0.05750727680526325,0.1340689585346263,0.09466452849832421,2.2785454,2.419354838709678,0.8367428482499992,210.94043975636978,0.08012231081751153,2.2397961517679272,0.2804656048014774,0.7804656048014774,1.6786638705088701
BOVESPA,44,17,CONTROL: shuffled real,5.820766e-11,0.0,1.4901161e-08,4.7683716e-07,0.0,9.313225746154785e-10,0.0,0.05278673306223936,0.0469244609028101,0.04561871855483332,0.0,0.0,0.11506580147570744,0.7705493251024969,0.07495434916529742,0.10406790326354542,0.17972922437673133,0.32027077562326867,2.046050034468682
BOVESPA,44,18,QuantGAN,0.00022518396,0.0017753672,0.00767269,1.0774479,0.001841450298620144,0.00015790387988090515,5.923795413416438e-06,0.04200523425475694,0.039612599541433154,0.03954428547724092,1.0238304,1.612903225806452,0.28087561523828586,1.8666314700411282,0.02225480442066785,1.276429137870863,0.17001985226223448,0.6700198522622345,0.7847406794046888
BOVESPA,44,18,GARCH,7.253344e-05,0.0037198635,0.0057596415,0.3639989,0.003023116948363916,0.00033913832157850266,3.355889465033486e-05,0.055466395518160426,0.046232514933508356,0.046966038338505316,0.70951986,1.612903225806452,0.836383735555283,20.77069632858934,0.017032677546239494,0.046445463353893324,0.28118813481071103,0.781188134810711,1.684511866621651
BOVESPA,44,18,GJR-GARCH,0.00031483188,0.0037238337,0.11759286,0.46815443,0.003004301976846496,0.00035656802356243134,2.774261638830603e-05,0.054388716830872,0.04634649698855355,0.046721568638822646,0.77916527,1.814516129032259,0.8361685834099282,19.700162566042838,0.006263274618711789,0.09894665761343724,0.30846791320406264,0.8084679132040626,1.9053082847123788
BOVESPA,44,18,CNN-WGAN-GP,0.00011557122,0.004176299,0.1209362,0.5499377,0.0033536013130863514,0.00037187710404396057,4.178406185073704e-05,0.04688731853268109,0.05133527908611086,0.052898471648441046,1.0841208,0.20161290322580605,0.8329330293837093,15.305501277277404,0.05168433896625757,0.9206936471449993,0.274455216989843,0.774455216989843,1.6300171373496126
BOVESPA,44,18,sb_r,0.00065907906,0.0057029463,0.29287153,1.1303468,0.004298129179711586,0.0005999933928251266,6.070939848834347e-05,0.0502920558641199,0.058649940497416536,0.04442423150212562,0.2893958,1.814516129032259,0.13329688920999128,1.1861752050664771,0.05463266807534928,1.0255295629381065,0.41388711911357334,0.9138871191135733,2.7585477328913837
BOVESPA,44,18,sb_abs,0.0012796737,0.0074138455,0.57188964,0.61299944,0.005221926277189845,0.0007097683846950531,0.00015219680350731519,0.05136003259220161,0.07405893442686647,0.06650226576988644,0.4630592,0.0,0.8295947385071066,13.807063222626294,0.038392059928794464,0.39558077997711916,0.3544046629732225,0.8544046629732225,2.277110051629681
BOVESPA,44,18,TimeGAN,0.0009536948,0.0045458297,0.2977869,0.2713189,0.003386532976813053,0.0005870112217962742,6.318897397717032e-05,0.052106434035813436,0.06670387174002826,0.0612064973750239,0.68037224,0.20161290322580605,0.8367378825042363,30.304464607175834,0.09593729943626617,0.9774561169070104,0.39549515235457056,0.8954951523545706,2.609687272095953
BOVESPA,44,18,iid,0.0005643142,0.0060720537,0.26520348,4.136721,0.0039107274515099415,0.0003855191171169281,9.87144405963604e-05,0.048517463960452006,0.048418510219780726,0.041117712576742634,1.7979648,2.2177419354838714,0.01605749031417103,0.11235851365168203,0.05825944474453493,4.169660804959472,0.39252031394275166,0.8925203139427517,2.585609596087837
BOVESPA,44,18,CONTROL: shuffled real,5.820766e-11,0.0,1.4901161e-08,4.7683716e-07,0.0,9.313225746154785e-10,0.0,0.05278673306223936,0.0469244609028101,0.04561871855483332,0.0,0.0,0.11506580147570744,0.7705493251024969,0.07495434916529742,0.10406790326354542,0.17972922437673133,0.32027077562326867,2.046050034468682
BOVESPA,44,19,CNN-WGAN-GP,0.00032649847,0.0025599822,0.15273027,0.019731045,0.0021668550198650077,0.00018670875579118729,9.487042542906534e-06,0.04857470540155191,0.046788317584432665,0.04131999820900092,1.8869104,0.0,0.7612523596962308,7.902321916402624,0.0030382207594487065,0.685041446661105,0.1962382271468145,0.6962382271468145,0.9969463351546636
BOVESPA,44,19,GJR-GARCH,0.0005505354,0.0017058672,0.38882166,0.23750162,0.0016588906575630948,0.00013232696801424026,3.7002745137405606e-06,0.05472916756290942,0.048295155186206105,0.04859828291191661,0.14119935,1.411290322580646,0.13697601824629024,1.2384446729087013,0.041888426051101546,0.07575257460074525,0.07957086795937207,0.5795708679593721,0.05266685292215357
BOVESPA,44,19,sb_abs,0.00015093427,0.0026497561,0.1267901,0.85151815,0.002395671424285558,0.0002294052392244339,1.2708972421481555e-05,0.050413723805686456,0.04962731679785065,0.04788092282055004,1.1770959,0.403225806451613,0.44031233337480413,3.0733225452369304,0.04206742507986405,1.0082472979203567,0.2519709141274239,0.7519709141274239,1.4480342244495896
BOVESPA,44,19,GARCH,0.00096865813,0.0030395696,0.56767505,0.7322254,0.0024956693750332022,0.00024494901299476624,1.8142937210640272e-05,0.053353016169858165,0.05041301166638732,0.05225693295804376,0.13067722,1.008064516129033,0.004605847281157316,0.03272197897467022,0.007691465452383972,0.2537087014596162,0.13427123730378587,0.6342712373037859,0.4953993944163282
BOVESPA,44,19,QuantGAN,0.0010710666,0.0031359633,0.19656442,0.8607166,0.0026638879334214957,0.0002886652946472168,2.702231166406354e-05,0.05054231811547652,0.07341722934972494,0.0710385165434127,2.3721094,0.4032258064516121,0.8366289473959796,23.364174185580172,0.03769026001863918,1.3040604342057431,0.13676708217913203,0.636767082179132,0.51560020399185
BOVESPA,44,19,sb_r,0.00034676353,0.007370556,0.6586881,11.248585,0.004219691396357461,0.00044942647218704224,7.06639337919164e-05,0.06778227315051481,0.0564957539527677,0.053544249127953664,1.6922989,2.419354838709678,0.8367428482499992,106.26473611925555,0.009311591768095262,1.6789627598987513,0.32322899353647294,0.8232289935364729,2.0247811637640645
BOVESPA,44,19,TimeGAN,0.000871089,0.0050827703,0.06981766,1.5152106,0.0030604122444221884,0.00025702547281980515,0.0001122596347940983,0.07062645974219776,0.28910694997292014,0.21597753669870146,1.5411649,2.419354838709676,0.8367428482499992,118.35209395895235,0.07364651031355995,0.5790484725935334,0.36234672206832885,0.8623467220683289,2.3413912996361437
BOVESPA,44,19,iid,0.0005505323,0.010745056,1.1971021,9.532812,0.005989986464018579,0.0006964560598134995,0.00034688591823623147,0.05126266864594072,0.05018614792381413,0.04706130440266861,2.0716107,1.411290322580646,0.10672162313532452,0.8740369075393382,0.09763953460662189,9.03406314332554,0.44562626962142193,0.9456262696214219,3.015437310377225
BOVESPA,44,19,CONTROL: shuffled real,5.820766e-11,0.0,1.4901161e-08,4.7683716e-07,0.0,9.313225746154785e-10,0.0,0.05278673306223936,0.0469244609028101,0.04561871855483332,0.0,0.0,0.11506580147570744,0.7705493251024969,0.07495434916529742,0.10406790326354542,0.17972922437673133,0.32027077562326867,2.046050034468682
FTSE,42,0,sb_r,5.014235e-05,0.0005544117,0.6282075,2.4818158,0.0009667950819670306,3.5322271287441254e-05,5.004299027506608e-06,0.04709736165357754,0.08623198820278048,0.0645306099532172,2.6514559,1.5968063872255494,0.14089913964172118,25.279682009073184,0.05093436679707031,0.41645851977113857,0.029998926116838465,0.47000107388316154,3.4321624291808916
FTSE,42,0,CNN-WGAN-GP,0.0010170613,0.0010955157,0.24488783,3.5442998,0.0017780496986553132,0.00015264563262462616,6.505786329593042e-06,0.05542766470927745,0.04212259487248957,0.0483856529800687,2.3409204,1.3972055888223558,0.00014298687592207977,8.674223126897374,0.0281643266703151,1.460215248458237,0.10052978235967913,0.6005297823596791,2.013754574292422
FTSE,42,0,iid,0.0006397251,0.0017460342,0.28937268,1.5857902,0.001442839776332957,8.182507008314133e-05,7.731652461578204e-06,0.04579663915326819,0.08080045178823639,0.06262046652846039,0.033506155,0.399201596806388,0.8807680136100638,31.807088386869374,0.1311707357715608,2.558502197338086,0.12819032789232532,0.6281903278923253,1.713177517245514
FTSE,42,0,GARCH,0.00041859952,0.0031267884,0.66275644,3.6426249,0.001966678522600529,0.00014352891594171524,2.771138171438355e-05,0.05459696553414688,0.07513664639554918,0.05268006975267781,1.978827,0.0,0.6579934405773755,30.29797127544709,0.011759571139516312,1.655425311233023,0.19369294995704467,0.6936929499570447,1.0013844202571736
FTSE,42,0,GJR-GARCH,0.00066013704,0.0028570634,0.5991795,3.435973,0.0020300897208163117,0.00017041899263858795,2.3622832206026678e-05,0.05114463969599456,0.0704265816998668,0.054208247180795296,2.3764272,1.5968063872255494,1.799214461353818e-05,4.339989387539706,0.02933992754542525,1.5553724018301143,0.2111994827462771,0.7111994827462771,0.8111473152560387
FTSE,42,0,sb_abs,0.0002835667,0.004929549,0.1254471,5.8926616,0.0025811503551494315,0.00013964157551527023,5.533057454889686e-05,0.056957009329344145,0.08441656541312113,0.08528507055831142,0.92139006,0.3992015968063871,2.8983333035299106e-06,158.097030271805,0.040546747096409264,0.43298433592820285,0.06373765034364254,0.5637376503436425,2.4135612502240105
FTSE,42,0,TimeGAN,0.001032537,0.0024402486,0.5515644,4.90763,0.00228187336064522,0.0002244226634502411,3.372948247429077e-05,0.09409265922848135,0.06344695776235312,0.06590597875299864,1.8045545,1.9960079840319356,0.003383822412830203,15.898756300617698,0.0036030825203412498,2.773294920709247,0.24994451603665513,0.7499445160366551,0.39011917364323634
FTSE,42,0,QuantGAN,0.0012622043,0.006950777,0.70752263,2.7159686,0.005724738018991317,0.0009993910789489746,0.00013285659480827806,0.048019202288705855,0.06847840252332389,0.06367175465449691,1.7580442,1.1976047904191622,2.8983120028440124e-06,25.249480624682548,0.07496019391801578,1.8755172330359438,0.24892880154639163,0.7489288015463916,0.4011565724509704
FTSE,42,0,CONTROL: shuffled real,0.0,9.313226e-10,0.0,1.4305115e-06,0.0,4.470348358154297e-08,0.0,0.04992907222127542,0.08614010082092136,0.07594864338869228,0.0,0.0,0.7550702432035004,30.92950130427689,0.10478975324002748,1.980888486642093,0.20145511168384878,0.7014551116838488,0.9170358406020375
FTSE,42,1,GARCH,0.00016392325,0.0016495083,0.64317477,1.7122884,0.0012364683684114501,7.285922765731812e-05,1.2328763779119609e-05,0.05831596245174296,0.046056945752352474,0.049791116821579634,0.13368654,0.19960079840319356,0.00011626549653525386,8.219408633397428,0.026987691778230016,1.1920716118106016,0.024653448954753743,0.5246534489547537,2.8382750078263546
FTSE,42,1,sb_abs,0.00014680292,0.0003770087,0.3433106,3.2420356,0.001050675939516581,4.2467378079891205e-05,1.9575057799612594e-06,0.06337250318087172,0.06311650059360545,0.07027420674799942,0.9686079,0.399201596806388,0.0010842205970041621,13.248602946676638,0.02809238037389239,1.3835140427239376,0.07268555806128296,0.572685558061283,2.3163276014761442
FTSE,42,1,CNN-WGAN-GP,7.963134e-05,0.0018028831,0.4553604,3.6232817,0.0010161842835010744,3.11192125082016e-05,1.1435292947380148e-05,0.05278491728939116,0.06515437264140927,0.052627721470780674,1.7606893,0.9980039920159687,0.171068518414193,25.82938621455341,0.04025330305723429,1.7906774311022344,0.04322469215349378,0.5432246921534938,2.636468083237992
FTSE,42,1,sb_r,5.785149e-05,0.001977764,0.58397764,6.042377,0.0011196352829275444,4.550628364086151e-05,6.823487525945864e-06,0.05235175898065791,0.08314446148113347,0.0614011820446467,0.2127409,0.19960079840319356,0.9939339928785158,33.123889168153305,0.08067199533788205,8.026560069440631,0.10617997386884315,0.6061799738688431,1.9523560044930117
FTSE,42,1,GJR-GARCH,0.0005034464,0.0023411233,0.56855327,2.8333664,0.0016959565185909133,0.00013117771595716476,1.378035286294691e-05,0.05417713059476228,0.04853908637538552,0.04654439625795931,2.5308785,2.19560878243513,0.005018776304936506,16.831537128156633,0.022222478609644547,1.1558542993972138,0.1549089884020619,0.6549089884020619,1.4228355811194344
FTSE,42,1,QuantGAN,0.00036198774,0.0018869499,0.29394135,1.5840297,0.0015379598205295692,7.58785754442215e-05,1.2575387021302375e-05,0.051435537445358934,0.07886217276565731,0.09345707953441888,0.23094225,0.9980039920159687,2.8983333035299106e-06,165.8417942771328,0.053411172933145123,1.8541362037722493,0.05862775630011463,0.5586277563001146,2.4690886045783342
FTSE,42,1,TimeGAN,0.0023584801,4.062988e-05,0.51038843,3.918097,0.0028390997399537895,0.0006602834910154343,7.445202593595592e-06,0.07990813276031986,0.06620376876206137,0.11580236644949764,0.7027037,0.0,2.8983333035299102e-06,77.15621240587411,0.027422904742063325,3.0112153491366422,0.3474246939432991,0.8474246939432991,0.6691623564699932
FTSE,42,1,iid,0.0007387979,0.0016330397,0.39104033,1.5250564,0.0011952239722789865,5.337223410606384e-05,1.2778360019100302e-05,0.05421931391058024,0.08416697593638674,0.05592825365019962,0.38024306,0.399201596806388,0.0815256939935633,23.784773093659233,0.07904593155998252,4.172710904267736,0.16782064361397486,0.6678206436139749,1.2825293344251778
FTSE,42,1,CONTROL: shuffled real,0.0,9.313226e-10,0.0,1.4305115e-06,0.0,4.470348358154297e-08,0.0,0.04992907222127542,0.08614010082092136,0.07594864338869228,0.0,0.0,0.7550702432035004,30.92950130427689,0.10478975324002748,1.980888486642093,0.20145511168384878,0.7014551116838488,0.9170358406020375
FTSE,42,2,sb_abs,6.9087604e-05,0.0008937726,0.17732596,3.4839408,0.0007973475911823985,2.395734190940857e-05,3.2205488053758876e-06,0.0488738576110336,0.04168312810128555,0.04520857542520389,0.47034812,0.0,0.0008968209383232694,12.812350824684486,0.057080676157523214,1.5848186885583968,0.06545921928694154,0.5654592192869415,2.3948535885884352
FTSE,42,2,CNN-WGAN-GP,0.0008335222,0.00017959625,0.22456005,2.2171874,0.0010145536994576893,4.91337850689888e-05,3.3573220753456163e-06,0.05265729182981886,0.05912121099885553,0.06214780355105177,0.7329161,0.7984031936127751,2.861602216918218e-06,9.44192570031344,0.0033921063330197843,0.9259277100302441,0.018100076961626632,0.5181000769616266,2.9094881104422425
FTSE,42,2,QuantGAN,0.00067355705,0.0013284497,0.4459993,2.6007457,0.0010934515028170487,5.676131695508957e-05,3.0042528801726926e-06,0.04616918409214122,0.054843256949679925,0.05334981100982986,0.9779067,1.1976047904191622,2.8981776856446847e-06,21.05806114814267,0.014003823045607766,2.006732998195473,0.10480607459908364,0.6048060745990836,1.9672856666247949
FTSE,42,2,iid,0.00031054232,0.0016368786,0.7440379,3.8566756,0.0009679499961496328,3.297720104455948e-05,7.679863687908179e-06,0.04973723937291652,0.08432171432577888,0.05565645688679069,0.17709708,0.5988023952095816,0.9853913560149901,32.91678523668384,0.05739252734210565,3.095944402331871,0.09503686998854532,0.5950368699885453,2.0734440490782076
FTSE,42,2,GARCH,0.0005858586,0.002273783,0.1795001,1.3396821,0.0020613159353825307,0.0001686597242951393,1.133793925162908e-05,0.05156062941183336,0.05712662055157125,0.0708796345020528,0.77468586,0.19960079840319356,2.8926328381801753e-06,13.422037135181583,0.005263231560876935,1.4775146952869362,0.061251163373425066,0.43874883662657493,3.7717690898532084
FTSE,42,2,sb_r,0.00046194368,0.0027724113,0.18853766,4.2043033,0.0017131651746652187,8.33878293633461e-05,1.794894388694867e-05,0.050040914736455305,0.09058433274738491,0.06266198989469558,0.36653852,0.19960079840319356,0.31574893005198373,27.66764638652547,0.06627034550467648,4.392536106812451,0.20753150057273761,0.7075315005727376,0.8510059393645829
FTSE,42,2,GJR-GARCH,0.00092111004,0.0022944706,0.34670085,2.2652159,0.0021388473414618156,0.00017672590911388397,2.0631627720419473e-05,0.05240460596513003,0.07117625447921455,0.07769431646447629,0.8663137,1.3972055888223558,2.8974289708930678e-06,17.334565862979083,0.012801814559300406,1.4326277829538396,0.01191629975658648,0.4880837002434135,3.2356651255167788
FTSE,42,2,TimeGAN,0.0011825142,0.00023085065,0.399095,2.98522,0.0019343841861096489,0.00030479859560728073,4.72705465189511e-06,0.06903068181141862,0.17322447582148015,0.16844211970921605,1.6943183,0.0,2.8983333035299106e-06,99.36408909176073,0.07428124984395679,3.005998376382511,0.28396446341638026,0.7839644634163803,0.020436816792401835
FTSE,42,2,CONTROL: shuffled real,0.0,9.313226e-10,0.0,1.4305115e-06,0.0,4.470348358154297e-08,0.0,0.04992907222127542,0.08614010082092136,0.07594864338869228,0.0,0.0,0.7550702432035004,30.92950130427689,0.10478975324002748,1.980888486642093,0.20145511168384878,0.7014551116838488,0.9170358406020375
FTSE,42,3,CNN-WGAN-GP,0.00021816956,0.00036681723,0.5074866,3.647339,0.0008626983801291945,2.900790423154831e-05,5.097850461088746e-06,0.05404029251425527,0.047396368318004534,0.04784145032346714,1.4567842,0.19960079840319356,0.0002857198573480489,10.21530091961472,0.036242182696353153,1.6332258408431146,0.06868444838201598,0.431315551617984,3.8525438861939447
FTSE,42,3,GARCH,0.0004631644,0.00044109207,0.47936767,1.2602677,0.0008103283567859713,4.180334508419037e-05,2.6765197689255324e-06,0.042363791652023794,0.059900702266022565,0.05460537806386128,0.7504635,0.0,2.8983333035279256e-06,58.94889847449572,0.038988945897638794,1.2886908694749333,0.1026464508161512,0.3973535491838488,4.221596576460814
FTSE,42,3,sb_abs,3.3867836e-05,0.0014571035,0.15918145,2.9967413,0.0007218743010538653,1.6536563634872437e-05,6.235015306209695e-06,0.051246827957220374,0.054643131609773264,0.05544628601055592,0.81500053,0.0,1.673800413315347e-06,1.8772124226992801,0.038716310718174274,1.614444987182167,0.10494500823310426,0.39505499176689574,4.246574161339813
FTSE,42,3,sb_r,0.0007876452,0.0003974503,0.26302737,0.65341043,0.0009388274433178538,5.094241350889206e-05,1.1276208842238824e-06,0.04923349172109738,0.07545517447870224,0.05696365137817338,0.13305616,0.3992015968063871,0.40526545503202377,28.483126243398765,0.11274904702024424,0.07115037799596191,0.14836255190435277,0.6483625519043528,1.493973318236857
FTSE,42,3,QuantGAN,0.0005658628,0.0017821519,0.34745523,3.3584368,0.0011934025119072266,4.542432725429535e-05,1.0571052728902366e-05,0.05550503141945228,0.0523178554547485,0.05338290709478315,1.6447487,0.5988023952095816,2.8938535867330955e-06,13.935250126023092,0.02249368990301448,1.7398800680925124,0.05000111862829315,0.5500011186282932,2.562831128945605
FTSE,42,3,iid,0.0005499905,0.001711172,0.13067484,2.6584053,0.0015199606862446883,8.937995880842209e-05,1.572471950952796e-05,0.049755456717684866,0.08326260139932856,0.057205699038458985,2.5036354,1.3972055888223558,0.28540139456632324,27.350932153886056,0.059189447084167734,0.5677722763603814,0.13500411655211908,0.6350041165521191,1.6391345617194493
FTSE,42,3,GJR-GARCH,0.0011624738,0.005136231,0.8984219,4.4253516,0.0031130683040385522,0.00024446845054626465,9.283778945251145e-05,0.048533979163039476,0.12569161786697805,0.06849461971083656,0.198174,0.9980039920159687,2.8983333035298395e-06,65.82226628283325,0.045480818987697846,1.084677473842409,0.06558428193012605,0.43441571806987395,3.81885550837924
FTSE,42,3,TimeGAN,0.0030708835,0.0036605746,0.2235919,3.7338219,0.004384802577240084,0.001165337860584259,3.308773033807885e-05,0.09924895959207788,0.1846500404085964,0.12213408594485373,3.2624002,0.3992015968063871,2.8983333035299102e-06,77.07598054661699,0.05293086127428992,2.4753909474627434,0.2556694319158076,0.7556694319158076,0.3279086013764737
FTSE,42,3,CONTROL: shuffled real,0.0,9.313226e-10,0.0,1.4305115e-06,0.0,4.470348358154297e-08,0.0,0.04992907222127542,0.08614010082092136,0.07594864338869228,0.0,0.0,0.7550702432035004,30.92950130427689,0.10478975324002748,1.980888486642093,0.20145511168384878,0.7014551116838488,0.9170358406020375
FTSE,42,4,CNN-WGAN-GP,0.00062318385,0.0017357962,0.017362356,2.5211945,0.0010731083646155486,5.30024990439415e-05,8.897537797316325e-06,0.04733808604534715,0.049401555822696536,0.04655139578797389,0.307693,0.19960079840319356,0.0015202161667452459,14.029450822685696,0.06098524440962427,0.6905538203826849,0.03042042525773192,0.5304204252577319,2.7756073802785686
FTSE,42,4,iid,0.00039358146,0.00086672604,0.24600714,0.9139123,0.001014084867000169,4.5360997319221497e-05,1.6019143784496707e-06,0.0534947609086521,0.07891967199277133,0.06130048005667049,0.71925664,1.1976047904191622,0.6533527330039647,30.267675603083767,0.12043959383176794,3.0508487271001234,0.25055416845647194,0.7505541684564719,0.38349430321348343
FTSE,42,4,sb_abs,0.0004090303,0.00022071507,0.42848736,3.5144334,0.0012840981484633792,8.164159953594208e-05,3.115062063821896e-06,0.05972974737174809,0.05731470623519272,0.0625672876322642,1.5936422,0.399201596806388,1.4811819703267007e-05,3.974878564566257,0.05531665208410541,1.8171683535963394,0.11169794351374573,0.6116979435137457,1.8923942414546988
FTSE,42,4,sb_r,6.882282e-05,0.0016746558,0.9234698,1.0826235,0.0016606637353092121,8.878670632839203e-05,1.2433087704589455e-05,0.060253683550690766,0.08329794181343458,0.06344099894573446,0.33042765,0.19960079840319356,0.3734699874972754,28.210242771367746,0.10772336073582645,0.9775307271117519,0.13576724477376856,0.6357672447737686,1.630841925742978
FTSE,42,4,QuantGAN,0.00081622956,0.001750269,0.25323224,1.4990273,0.001435739945771569,8.14804807305336e-05,1.2281677054766968e-05,0.06184525174222927,0.06463535980787129,0.06805758259026334,0.9994731,1.5968063872255494,2.898333293773718e-06,41.3301501610582,0.021576006591739194,0.9085694315841462,0.1781355151059565,0.3218644848940435,5.041908697806161
FTSE,42,4,GARCH,0.00089479954,0.0038296059,0.42702985,2.701798,0.003359423691081301,0.00037899985909461975,3.90957508523462e-05,0.05504435550188646,0.08242611153982579,0.07992648837622256,1.7847719,2.7944111776447107,9.220683922705179e-07,0.8353907946821124,0.012471703189886107,0.8708773967186785,0.11482920783218786,0.6148292078321879,1.8583679344694481
FTSE,42,4,TimeGAN,0.0008982429,0.00242351,0.590555,5.1341815,0.0023547500480738327,0.00024015549570322037,4.381954532064642e-05,0.09050516777439042,0.060705884691560644,0.05404134979238734,3.911429,3.1936127744510974,0.4862860831588371,29.118537163815006,0.01741014244422201,2.970203040471599,0.3302593427835052,0.8302593427835052,0.4826327477644055
FTSE,42,4,GJR-GARCH,0.0010755882,0.0039906874,0.63156855,2.1491075,0.0033300266090589706,0.0003548944368958473,7.751343770278586e-05,0.05852045575389639,0.13603458194993437,0.11892247160430998,1.1024985,1.9960079840319365,2.8983333015965126e-06,44.695863623141165,0.030098593715320754,0.8620834449011348,0.03711205970790388,0.5371120597079039,2.7028918299835643
FTSE,42,4,CONTROL: shuffled real,0.0,9.313226e-10,0.0,1.4305115e-06,0.0,4.470348358154297e-08,0.0,0.04992907222127542,0.08614010082092136,0.07594864338869228,0.0,0.0,0.7550702432035004,30.92950130427689,0.10478975324002748,1.980888486642093,0.20145511168384878,0.7014551116838488,0.9170358406020375
FTSE,42,5,sb_abs,0.00046394934,0.0004381286,0.49640176,2.9396973,0.0009446015722854224,4.023313522338867e-05,6.784971060278555e-06,0.050009998021123464,0.056252073971554635,0.04596776116173715,0.9102583,0.5988023952095816,2.8590900048475577e-06,9.300156887733152,0.013029731556682855,1.4722767062800992,0.03829847687571586,0.46170152312428414,3.5223506193946563
FTSE,42,5,QuantGAN,0.00015358825,0.0027978308,0.48625857,1.6388927,0.002112521617233004,0.00018386729061603546,1.8897974996886567e-05,0.059597149905748666,0.05478359711589292,0.05321217169519514,0.14601588,0.3992015968063871,2.8983330610886698e-06,34.63110792706054,0.009291051953560281,0.8658802446502314,0.1611216262170676,0.6611216262170676,1.3553251125088717
FTSE,42,5,GJR-GARCH,8.02736e-06,9.119604e-05,0.8915183,1.0114608,0.0009112025819034683,3.312062472105026e-05,1.1632688412757714e-05,0.05573690708493814,0.08956547408364714,0.08763126495061442,0.19814348,0.9980039920159687,2.8983333035299106e-06,100.36004930382758,0.05699814544267767,1.2015071886733777,0.06141582545819013,0.43858417454180987,3.773558412655518
FTSE,42,5,CNN-WGAN-GP,0.0013147038,5.543232e-06,0.23511231,2.3861718,0.001508433133607243,0.00011796783655881882,2.7155483501085815e-06,0.04786478877940681,0.054977657161653044,0.07220829492900521,0.68164873,0.9980039920159687,2.895761026246255e-06,15.115408095806295,0.046499730008618734,1.5256342842635946,0.03495780534077897,0.534957805340779,2.7263013262654296
FTSE,42,5,sb_r,0.00027669888,0.00163069,0.76970637,5.0351586,0.0010018716656052295,3.339257091283798e-05,6.663246374423023e-06,0.04747727352427319,0.08099054575621267,0.05742932307068258,0.22111225,0.5988023952095816,0.9464453429465989,32.387326850024074,0.12399907496249352,7.069846367970267,0.1257705111683849,0.6257705111683849,1.7394727827751277
FTSE,42,5,GARCH,0.0013439741,0.00083945785,1.440777,0.9454613,0.0013686637380478732,6.112363189458847e-05,4.253655323995225e-05,0.05993955589598045,0.07030332425609231,0.07571023020427674,0.28214622,0.0,2.8983333035299106e-06,91.85051435004334,0.09336415165978562,1.394801980423455,0.03403023876002287,0.46596976123997713,3.475969232951057
FTSE,42,5,iid,0.0008979907,0.0023719454,0.93540376,8.393841,0.0013936983852305758,7.127132266759872e-05,1.1484418030214831e-05,0.039074578795116395,0.08095303886104376,0.059972931093070656,0.6092396,0.5988023952095807,0.9923198559651552,33.07633555474706,0.06335094988823264,10.518743665811499,0.17199066616552117,0.6719906661655212,1.2372152206856748
FTSE,42,5,TimeGAN,0.00062562915,0.0014043692,0.76828194,4.027792,0.002862738645439196,0.0004389258101582527,1.6893146337244096e-05,0.091195688622538,0.15091565920971334,0.17059004669543357,2.661007,1.1976047904191622,2.8983333035299106e-06,110.37853402858717,0.08652652282489959,2.956236176906216,0.3502568370561283,0.8502568370561283,0.6999382224407188
FTSE,42,5,CONTROL: shuffled real,0.0,9.313226e-10,0.0,1.4305115e-06,0.0,4.470348358154297e-08,0.0,0.04992907222127542,0.08614010082092136,0.07594864338869228,0.0,0.0,0.7550702432035004,30.92950130427689,0.10478975324002748,1.980888486642093,0.20145511168384878,0.7014551116838488,0.9170358406020375
FTSE,42,6,GARCH,0.00039099503,0.00043273903,0.46560487,2.6304297,0.0007181641816198985,3.184191882610321e-05,2.953614951218811e-06,0.054546662178472614,0.057790029915049675,0.06705155194271356,0.4521401,0.399201596806388,2.898259301475732e-06,22.62659924174403,0.0021771144752704696,1.2481527256384175,0.020634217497136342,0.5206342174971363,2.881950529760481
FTSE,42,6,sb_r,7.19931e-05,3.182236e-05,0.4510058,1.8879905,0.0005412041164254155,1.2733973562717438e-05,1.4020672103630414e-06,0.05464205435157055,0.08005117361666635,0.06103257982293144,0.26680207,0.7984031936127751,0.46350830022572037,28.947195744165462,0.07531095033970758,0.25259959957079303,0.15240057631729675,0.6524005763172968,1.450093580113335
FTSE,42,6,QuantGAN,0.00044671237,0.0016114563,0.29964706,3.5842073,0.0010054030798620987,3.8865022361278534e-05,7.863297887267188e-06,0.05534062695689499,0.05295504319947213,0.053024353827349845,1.3080692,0.399201596806388,0.00010409300559136592,7.977563733444452,0.017403636721135984,1.7574401989779718,0.04692242983963335,0.5469224298396334,2.596286116829575
FTSE,42,6,CNN-WGAN-GP,0.00046874408,0.0011861157,0.4815738,3.3028119,0.0009043702385513792,3.6123208701610565e-05,2.6761171737322964e-06,0.04615258195262868,0.063653021636419,0.0555004612065386,2.7683697,1.9960079840319365,1.6195743310931576e-06,1.7830052242805152,0.04748365499792018,1.4999840833227607,0.05237641394616266,0.5523764139461627,2.5370196612932454
FTSE,42,6,GJR-GARCH,0.0005946873,0.00044332724,0.5814582,2.3846197,0.0010255064837560903,5.99101185798645e-05,4.908828253053085e-06,0.05353367781965062,0.054452985929092396,0.05839025345165282,0.80739665,0.9980039920159687,2.8983295886158332e-06,28.917857856272775,0.02190296265954217,1.196945842378753,0.017382812499999956,0.5173828125,2.9172823616707886
FTSE,42,6,iid,0.0008022867,0.0005488973,1.2901075,0.56776476,0.000931848756091039,2.596992999315262e-05,2.3495308027971715e-05,0.05316475315543357,0.0869835757164401,0.06006651462521404,0.13847423,0.399201596806388,0.9469152543856731,32.392296094802525,0.08523783357767656,2.5248419624682708,0.17452883376288653,0.6745288337628865,1.2096338793919004
FTSE,42,6,sb_abs,0.00028129556,0.006228626,0.081401885,2.798242,0.004051057461272725,0.0004334058612585068,6.973022512519923e-05,0.05749805089377333,0.07701433253241703,0.08235505935270339,0.34843755,0.5988023952095807,2.8983333035299106e-06,145.23406619758202,0.06117477336386412,0.07964061886753271,0.23741699778064151,0.7374169977806415,0.5262511441804697
FTSE,42,6,TimeGAN,0.0008650348,0.0026723612,0.5211599,5.297476,0.0024649420169127753,0.0002542724832892418,5.1047190494024066e-05,0.09270507581997663,0.07974053988116793,0.059717792398587335,8.64497,3.992015968063872,0.012670602015774673,19.06063032700169,0.024739950550271783,3.130064958019561,0.3606683580326461,0.8606683580326461,0.8130764225102125
FTSE,42,6,CONTROL: shuffled real,0.0,9.313226e-10,0.0,1.4305115e-06,0.0,4.470348358154297e-08,0.0,0.04992907222127542,0.08614010082092136,0.07594864338869228,0.0,0.0,0.7550702432035004,30.92950130427689,0.10478975324002748,1.980888486642093,0.20145511168384878,0.7014551116838488,0.9170358406020375
FTSE,42,7,CNN-WGAN-GP,0.00056129455,0.0025038542,0.18899494,2.2326674,0.0016245543650614503,0.00010654143989086151,1.8393309118608824e-05,0.05043476629536599,0.05728764780331403,0.050241395020857456,0.5788202,0.0,0.0032428548854299705,15.798560676893981,0.003367564179100002,0.5043208392488205,0.12634638101374562,0.6263463810137456,1.7332150152572638
FTSE,42,7,QuantGAN,0.0003416922,0.0002522003,0.32542583,2.4016776,0.0008000619644138821,2.5661662220954895e-05,3.2193832177619748e-06,0.05750398606061936,0.07351950630312785,0.05894883133471012,1.9150052,1.9960079840319365,2.8848832643346487e-06,11.590995975926958,0.0071077383304558595,1.0855977931841734,0.12395117411225659,0.3760488258877434,4.453107232025583
FTSE,42,7,GJR-GARCH,3.1140284e-05,0.00049910415,0.8353009,3.0877585,0.0009621247900140735,3.7311576306819916e-05,7.316652014360919e-06,0.0523927728284616,0.05800923478323966,0.056810966668999756,1.671977,0.7984031936127751,8.9970474966483e-07,0.590870736202767,0.033309787001469804,1.630067219040972,0.08345436891466207,0.41654563108533793,4.013043224187109
FTSE,42,7,sb_r,0.0001423707,0.0019337852,0.97663057,3.9180226,0.0009066251704989602,1.7199665307998657e-05,5.9427984186582616e-06,0.05199660875368863,0.08273384509142488,0.06715946393436752,0.3949759,0.5988023952095816,0.04967479959139495,22.48362367327816,0.1252615023428031,5.426968297797925,0.16489162729095086,0.6648916272909509,1.314357886229329
FTSE,42,7,iid,0.0006080924,0.001139639,0.45117062,1.9009309,0.0011269219185831797,5.897320806980133e-05,7.47557016216912e-06,0.055546290394850074,0.08286828680633335,0.061756436920259145,0.12668371,0.5988023952095807,0.8829512599255428,31.824068933117584,0.10440955802908247,3.781643006701681,0.058845441365979356,0.5588454413659794,2.4667231003845194
FTSE,42,7,sb_abs,0.00066810206,0.0013675271,0.56866217,1.8999014,0.0015103702400316946,9.30391252040863e-05,8.291323533543298e-06,0.04977624249877408,0.05123592435382306,0.059714176934212444,0.6529119,0.7984031936127751,2.8983332449427843e-06,37.59563271232612,0.09227602571814308,1.082112586327531,0.12688377004581908,0.3731162299541809,4.484974682151525
FTSE,42,7,TimeGAN,0.00061502744,0.000981926,0.33117023,2.7482338,0.0017926352163472354,0.00018935278058052063,4.100204229946767e-06,0.07484840596327558,0.14573218791745604,0.1404331508791074,1.258924,0.5988023952095816,2.8983333035299102e-06,76.68372403590259,0.0006964646463998303,1.609313997227758,0.20888727806414664,0.7088872780641466,0.8362731999868582
FTSE,42,7,GARCH,0.000624262,0.0073488466,0.87347925,0.31078672,0.005025025821587933,0.0006426945328712463,0.00014541696936758058,0.05808010992826894,0.08483104943297803,0.09455715940101073,0.33522916,1.796407185628743,2.8983333035299106e-06,81.82824611296955,0.029710759253746555,1.5752600643521717,0.25711805555555556,0.7571180555555556,0.3121669367773386
FTSE,42,7,CONTROL: shuffled real,0.0,9.313226e-10,0.0,1.4305115e-06,0.0,4.470348358154297e-08,0.0,0.04992907222127542,0.08614010082092136,0.07594864338869228,0.0,0.0,0.7550702432035004,30.92950130427689,0.10478975324002748,1.980888486642093,0.20145511168384878,0.7014551116838488,0.9170358406020375
FTSE,42,8,iid,4.334509e-05,0.0022349805,0.32310516,1.0644317,0.0016962262604934015,9.558349847793579e-05,1.317250517375512e-05,0.05611050072746366,0.07199118142947554,0.056534009762108324,0.33800364,0.9980039920159687,0.9955256579345046,33.178160915501195,0.03853967746193754,1.633727558340988,0.1705532288087055,0.6705532288087055,1.2528353280292197
FTSE,42,8,CNN-WGAN-GP,0.00086337794,0.0016545802,0.48797482,3.3541102,0.002121949666884947,0.00018186308443546295,1.0745780347248773e-05,0.05280290078837425,0.060382065242156384,0.05718087109620683,3.150578,1.9960079840319365,0.0007522892918827737,12.409696038847269,0.04162065022293626,1.3577330268773409,0.20495350980813298,0.704953509808133,0.8790200244882627
FTSE,42,8,GARCH,0.0006550391,0.00030053873,0.7078201,2.8589268,0.001403609681190886,0.00011618807911872864,6.069914214271838e-06,0.05475212715798989,0.06897649045102298,0.09731788351666182,1.7342372,1.1976047904191622,2.898333303529877e-06,67.3764549819607,0.05319674727961865,1.941244987734068,0.1342217479238259,0.6342217479238259,1.6476362761755377
FTSE,42,8,GJR-GARCH,0.0010139234,0.00080132205,0.7979671,3.0691075,0.0019064170995673243,0.00020991172641515732,8.500356663442e-06,0.05739945743465796,0.0624810762728157,0.08205766436411067,0.6749191,0.19960079840319356,2.8983333033286577e-06,49.39131190403751,0.10309622455626855,1.7506505912196317,0.12600050114547534,0.6260005011454753,1.7369735656001613
FTSE,42,8,sb_r,0.0004920952,0.0037910286,0.042430878,5.9423976,0.0018354476857409337,7.824879139661789e-05,5.808291810863291e-05,0.050136498924330225,0.08881158967502416,0.06758591121295467,0.3732593,0.7984031936127751,0.890732877601219,31.88546512617869,0.13015052927983173,8.063265650532,0.3031921176975946,0.8031921176975946,0.1885030875540868
FTSE,42,8,QuantGAN,0.0015491666,0.006129056,0.6177543,2.7280974,0.005231182454155057,0.0009176097810268402,9.601809551413062e-05,0.049262173969909784,0.05899687940604054,0.062111662895185875,0.83869433,0.7984031936127751,2.8983333035298924e-06,68.60282222144275,0.10062263167749474,1.7787358253308678,0.3360381765463917,0.8360381765463917,0.5454292260031177
FTSE,42,8,TimeGAN,0.00085706374,0.0029750424,0.49064076,5.2105126,0.002264509141234172,0.00020732451230287552,5.178563418710129e-05,0.08384185712551698,0.07090014398097992,0.058808378516696395,11.553648,3.992015968063872,0.08682509642927784,23.953359745399034,0.030894221740302874,3.0757612405905412,0.3770493270332187,0.8770493270332187,0.9910824364537024
FTSE,42,8,sb_abs,0.0015300922,0.0064356644,0.3426742,1.3289866,0.004600181676387238,0.0005926284939050674,0.00013961361346333796,0.06126416540821083,0.12777478593401612,0.13651970434468239,0.367625,0.399201596806388,2.8983333035299106e-06,80.99391376256415,0.07129947067612508,1.7531911847196509,0.22757620095933562,0.7275762009593356,0.6331874930696711
FTSE,42,8,CONTROL: shuffled real,0.0,9.313226e-10,0.0,1.4305115e-06,0.0,4.470348358154297e-08,0.0,0.04992907222127542,0.08614010082092136,0.07594864338869228,0.0,0.0,0.7550702432035004,30.92950130427689,0.10478975324002748,1.980888486642093,0.20145511168384878,0.7014551116838488,0.9170358406020375
FTSE,42,9,sb_abs,0.00013984763,0.0006782636,0.19488946,2.976458,0.0008693406851837461,3.209337592124939e-05,1.9947053473623355e-06,0.054427650198340415,0.04964709514984861,0.05191566119203344,1.5563807,0.9980039920159687,1.625503034190684e-06,1.7931096481708195,0.02865118483386031,1.2779273650341634,0.004280766752577381,0.5042807667525774,3.059657512855216
FTSE,42,9,GJR-GARCH,0.000101156824,0.0015517678,1.1580775,2.290216,0.0012039035283194462,6.073899567127228e-05,1.5918346946534472e-05,0.05035223343176767,0.05936177869909443,0.054058127847965806,1.1623735,0.5988023952095816,2.89833330352929e-06,61.34950629712422,0.03171722308726199,1.6646923888460439,0.05738361791237112,0.4426163820876289,3.729741884304905
FTSE,42,9,CNN-WGAN-GP,0.00034687392,0.00024278462,0.53688973,2.6466575,0.0007560381814772389,2.8003938496112823e-05,3.4346242584509042e-06,0.056554672798374665,0.06874171603587456,0.07258120546815917,1.2755075,0.9980039920159687,2.8961947173888463e-06,15.507820430015514,0.06229737647125555,0.5789933422803815,0.013318612184994305,0.4866813878150057,3.250903543077765
FTSE,42,9,sb_r,0.0005793444,0.0006677974,0.13948923,0.57814026,0.000857816707072876,3.1964853405952454e-05,3.604878169414798e-06,0.05870654840953648,0.0745217080693692,0.06479085633298381,0.072663546,0.19960079840319356,0.985570363325928,32.92032569859107,0.10270279680322358,1.4352373628782455,0.16875380333619705,0.668753803336197,1.2723890281637118
FTSE,42,9,QuantGAN,0.0005292309,0.0021864604,0.2764908,0.18211174,0.0016845177182360292,0.00011913478374481201,1.0645842089088683e-05,0.05258966212859377,0.0763529984280467,0.0647505047591403,0.13162804,0.7984031936127742,2.8983332969537747e-06,42.1508981608807,0.034606456121465956,1.0492835781237897,0.15094837306701037,0.6509483730670104,1.4658741430342601
FTSE,42,9,GARCH,0.00022030954,0.0007169498,0.7514024,2.684947,0.0013154337476859843,8.796248584985733e-05,9.015250326854842e-06,0.0556809343083296,0.09248217762447894,0.10451754459645599,0.8467524,0.7984031936127751,2.8983333032761104e-06,48.91031257430667,0.009115645052844012,1.9421331298576727,0.09056213308991978,0.4094378669100802,4.090280704390125
FTSE,42,9,iid,0.00032777461,0.0026068725,1.6623836,4.097305,0.0015466536003854987,6.12754374742508e-05,2.4182710710881595e-05,0.05053987148916349,0.08452317958872299,0.06495698180282489,0.87648964,0.19960079840319356,0.8996717853347899,31.957866024778838,0.07631087019795102,6.191378476516383,0.160591396406071,0.660591396406071,1.3610869264239225
FTSE,42,9,TimeGAN,0.0012962474,0.0026398879,0.55203384,5.3773727,0.0027278994849419223,0.0003454722464084625,5.374793211744057e-05,0.11905314401024952,0.06910377224558033,0.05756092675961554,6.0030713,4.391217564870259,2.8962969083951484e-06,15.611846967695776,0.08723718795109214,3.20615029568308,0.4298792328894617,0.9298792328894617,1.5651657497272289
FTSE,42,9,CONTROL: shuffled real,0.0,9.313226e-10,0.0,1.4305115e-06,0.0,4.470348358154297e-08,0.0,0.04992907222127542,0.08614010082092136,0.07594864338869228,0.0,0.0,0.7550702432035004,30.92950130427689,0.10478975324002748,1.980888486642093,0.20145511168384878,0.7014551116838488,0.9170358406020375
FTSE,42,10,sb_abs,0.00035776547,0.0011593364,0.510432,0.5421772,0.0010453394179693902,4.335865378379822e-05,7.4523998595947675e-06,0.04693927066633478,0.07279425311367958,0.06486669274367159,0.14827728,0.9980039920159687,2.898333303508812e-06,54.06252467761006,0.07242645436389383,0.6043905563594967,0.2009177226517755,0.2990822773482245,5.2894746356894915
FTSE,42,10,CNN-WGAN-GP,0.00012035342,0.0021824865,0.6717862,2.7055092,0.0014126570345187914,6.731878966093063e-05,1.7041922348326572e-05,0.04204361720563611,0.04585596564924344,0.05638082458171993,2.039794,1.1976047904191622,2.898333303525498e-06,57.29841175561003,0.011869207278736749,2.126562059189562,0.06094689647766316,0.5609468964776632,2.443887354349048
FTSE,42,10,iid,0.00016754982,0.0014528409,0.0042818785,0.2613945,0.001042598294291251,3.732088953256607e-05,1.0100096850656653e-05,0.05349807471036911,0.08095793614163994,0.059685058135946746,0.85152626,0.7984031936127751,0.00040423777332563037,10.997045837287992,0.07911105936283658,2.2936229375764174,0.10042664483104247,0.6004266448310425,2.0148753321889763
FTSE,42,10,GJR-GARCH,0.0013978261,0.0004287623,0.58577305,3.0338955,0.0018437170179829978,0.00026080384850502014,4.440755529223929e-06,0.04857681064109784,0.04973353103734553,0.06220778544899076,1.2174721,0.5988023952095816,0.0001016541865372601,7.925843373637797,0.031310900942980946,1.8332362583156954,0.25233636705326457,0.7523363670532646,0.3641278012526014
FTSE,42,10,QuantGAN,0.0005470232,0.002709278,0.3131325,3.6355715,0.001723193088506893,0.00011336058378219604,1.8989541511993663e-05,0.046134345747996124,0.0760533016268164,0.05589431398897432,0.715184,0.19960079840319356,0.9211381937379461,32.14208621598688,0.08745533471337674,1.6398005651916234,0.18101844394329902,0.681018443943299,1.1391136531328836
FTSE,42,10,sb_r,0.001018828,0.0014585573,0.44637743,1.5182648,0.0016295976683650892,0.0001259036362171173,6.445573531093613e-06,0.050649679663474674,0.08665507803147193,0.0667033679690212,0.92303324,1.1976047904191622,0.40803848705089696,28.506201142097314,0.07791284184313241,0.45520434803969945,0.12926801439003432,0.6292680143900343,1.7014666912418022
FTSE,42,10,GARCH,0.0012312543,0.002061732,0.50990665,2.266715,0.002354446090729237,0.00026309583336114883,1.4781794651635624e-05,0.056321789731737223,0.12025715834461152,0.11442184098530561,1.016242,1.1976047904191622,2.8981822514518812e-06,21.12094647055123,0.0014240098223275988,1.910463509567693,0.12392074742268044,0.6239207474226804,1.7595734905597842
FTSE,42,10,TimeGAN,0.0014157419,0.0023330804,0.5103419,5.2378254,0.0027982011316760084,0.0003655198961496353,4.713398392789283e-05,0.17637704830383882,0.05841583709232509,0.06424306818749756,4.708989,3.7924151696606785,2.898331556335509e-06,30.49918842723679,0.008517126648948548,3.015013484666022,0.3539881335910653,0.8539881335910653,0.7404848606159128
FTSE,42,10,CONTROL: shuffled real,0.0,9.313226e-10,0.0,1.4305115e-06,0.0,4.470348358154297e-08,0.0,0.04992907222127542,0.08614010082092136,0.07594864338869228,0.0,0.0,0.7550702432035004,30.92950130427689,0.10478975324002748,1.980888486642093,0.20145511168384878,0.7014551116838488,0.9170358406020375
FTSE,42,11,iid,0.000356003,0.0012027081,1.286839,3.260281,0.0010751813818781703,3.5900622606277466e-05,4.704017885746189e-06,0.045687421678449025,0.08571209333837032,0.06346666769357398,0.35729194,0.19960079840319356,0.8602587600335061,31.652042984560367,0.05170286698663762,5.489964266552602,0.08680108104238271,0.5868010810423827,2.1629393629350995
FTSE,42,11,GJR-GARCH,0.00013194751,0.0017077802,0.8163542,2.3993764,0.0010815476444639319,4.205480217933655e-05,1.0729143811626273e-05,0.05053179200971499,0.06555235915351659,0.050623086382693146,1.4284573,0.7984031936127751,0.0002039379477946277,9.461291285519039,0.008461656814415242,0.9919674567574011,0.08669637743413522,0.4133036225658648,4.048272948002719
FTSE,42,11,QuantGAN,0.00019672693,0.002068623,0.31449318,3.4261544,0.0011741257953318581,4.2416155338287354e-05,1.119862841987864e-05,0.05015581382845994,0.05675959527259693,0.04930362469400279,2.4176426,0.9980039920159687,2.3304963013445146e-06,3.5446938058355713,0.04035792000033034,1.5807617599207884,0.024417418384879763,0.5244174183848798,2.8408398659193406
FTSE,42,11,GARCH,0.00056160585,0.0011319015,0.5317868,2.0591564,0.00137923482609272,9.246543049812317e-05,1.3584495302459692e-05,0.051081850610207764,0.04978209040127694,0.05701331678646966,0.773087,0.5988023952095816,6.249464156903014e-07,0.5300356500100634,0.014621338491885183,0.8532332949675023,0.10167682381156934,0.39832317618843066,4.211059993546119
FTSE,42,11,CNN-WGAN-GP,0.000117817486,0.0015084147,0.41194558,2.6046877,0.0009011905633683172,3.0001625418663025e-05,5.960455061383641e-06,0.060928471377119424,0.06853287304751575,0.09735518732573838,0.9455404,1.796407185628743,2.89833263437018e-06,32.5085128833899,0.006870321918826194,1.628786568894708,0.13198896585051545,0.36801103414948455,4.540450982458501
FTSE,42,11,sb_r,0.0006135624,0.0018181903,0.1817379,0.77683496,0.001248490463219283,5.912594497203827e-05,1.0961504263620874e-05,0.05367456315580057,0.08237989382236265,0.06828457649447955,1.1306849,1.5968063872255494,0.564309698597987,29.673670591673847,0.07714423466406173,1.2161784192580196,0.16816204896907205,0.668162048969072,1.2788194069845185
FTSE,42,11,sb_abs,0.0011113784,0.0040767426,0.23962325,8.538927,0.001981054916751908,9.185634553432465e-05,4.098254578920438e-05,0.0633239829633385,0.09094410692341626,0.08480975759332068,0.9350424,0.5988023952095807,2.8983333035299106e-06,166.33892347479963,0.011430820521436624,0.161913529743412,0.0943838147909507,0.4056161852090493,4.131809525190501
FTSE,42,11,TimeGAN,0.00025366072,0.00027739443,0.49687245,3.5412593,0.0016840776254770586,0.00016015954315662384,6.804054989797908e-06,0.07785883785923943,0.18605245321057737,0.18624057372566313,2.8270025,0.9980039920159687,2.8983333035299106e-06,132.77752842962013,0.06362975631292045,2.6238762580912978,0.12378830183276057,0.6237883018327606,1.7610127284659916
FTSE,42,11,CONTROL: shuffled real,0.0,9.313226e-10,0.0,1.4305115e-06,0.0,4.470348358154297e-08,0.0,0.04992907222127542,0.08614010082092136,0.07594864338869228,0.0,0.0,0.7550702432035004,30.92950130427689,0.10478975324002748,1.980888486642093,0.20145511168384878,0.7014551116838488,0.9170358406020375
FTSE,42,12,sb_abs,0.0003554648,8.217897e-05,0.40307665,2.6712856,0.0007196552669719928,2.4409033358097076e-05,1.4968975244812595e-06,0.05038208204554394,0.03563888818025589,0.05082269666949287,0.870054,1.1976047904191622,2.895298300840832e-06,14.763693014291796,0.0072110263637158445,1.7226443398146776,0.0028314719358533136,0.5028314719358533,3.075406470889688
FTSE,42,12,QuantGAN,0.00054107537,0.0008989377,0.6464255,2.689386,0.0009704236120209578,4.473887383937836e-05,2.691788023741762e-06,0.05927085334202275,0.06063747897278517,0.06990688824560493,0.44313264,0.0,2.8899885831440706e-06,12.609760982511297,0.022587030148358722,1.566701486483713,0.07834514604810994,0.5783451460481099,2.2548269235820397
FTSE,42,12,CNN-WGAN-GP,0.00066753983,0.0015065977,0.2901896,3.0894985,0.0011682028506295533,6.09569251537323e-05,9.445442819037847e-06,0.05036224900512025,0.04567184183746576,0.04786118656862527,1.7682986,0.5988023952095816,2.896091754234969e-06,15.407906158158397,0.006857015227496377,1.4514452746819493,0.07303412263745701,0.573034122637457,2.3125398773919055
FTSE,42,12,GJR-GARCH,0.00015598646,0.0012856964,0.47467908,2.797521,0.0007357060505070736,1.8873251974582672e-05,6.784945478105298e-06,0.0532054001186043,0.045359983413945884,0.055386704872362316,1.7305899,1.5968063872255494,7.725496199086068e-06,2.847853680528356,0.03533172476408453,1.446760868091046,0.10107656786941582,0.3989234321305842,4.204537231211064
FTSE,42,12,iid,0.0009117778,0.0008734418,0.16847154,1.0794101,0.001138311248763705,6.976630538702011e-05,8.184845178996835e-06,0.05023383458610624,0.07825945603195578,0.06297842897940427,0.33164978,0.19960079840319356,0.6341094025940577,30.14155656127685,0.08666593758414776,1.0483381357533625,0.21202995239117983,0.7120299523911798,0.8021229046009037
FTSE,42,12,sb_r,0.0010187228,0.0019238107,0.5547026,5.9325376,0.0013613567047896752,7.795915007591248e-05,4.525428458835884e-06,0.05458553183358163,0.07715605071047321,0.057571315560489895,0.1933837,0.7984031936127742,0.9809616036278316,32.83536452377014,0.10177667854132066,3.335668924666142,0.04096618162943866,0.5409661816294387,2.661010493141974
FTSE,42,12,GARCH,0.00067323,0.0024867048,0.6121361,0.8031459,0.001799925983156542,0.00012115668505430222,1.908596740747841e-05,0.041985854925587776,0.07323199595324695,0.09610315585043282,0.08143401,0.9980039920159687,2.898333300759334e-06,43.94824623684036,0.019335236907916276,1.5247936744997204,0.16063658898911803,0.33936341101088197,4.851754251738827
FTSE,42,12,TimeGAN,0.0006588259,0.00037988462,0.21329364,2.7938018,0.0014615228319816674,0.00010595005005598068,7.315255207173813e-06,0.13073524057166652,0.1706806446518749,0.14427663271781058,3.6748037,1.5968063872255494,2.8983333035299106e-06,81.59435196407317,0.012042213611610397,2.515501006314353,0.13290243771477672,0.6329024377147767,1.6619727389000314
FTSE,42,12,CONTROL: shuffled real,0.0,9.313226e-10,0.0,1.4305115e-06,0.0,4.470348358154297e-08,0.0,0.04992907222127542,0.08614010082092136,0.07594864338869228,0.0,0.0,0.7550702432035004,30.92950130427689,0.10478975324002748,1.980888486642093,0.20145511168384878,0.7014551116838488,0.9170358406020375
FTSE,42,13,QuantGAN,2.3049477e-05,0.0003275331,0.5459652,1.4281969,0.00041335891529558966,6.648711860179901e-06,3.255193755679944e-06,0.05622390231350437,0.06799881055019796,0.0860017081676051,0.037929535,0.399201596806388,2.8983333035299102e-06,76.1926868842882,0.0033373792140342085,1.2629410346625156,0.27428967103379154,0.22571032896620843,6.086780830841538
FTSE,42,13,sb_abs,9.468821e-05,0.00073142163,0.40510452,2.845728,0.0005100971232998504,1.0896474123001099e-05,2.0594759292298883e-06,0.057818447018498774,0.04672121437266469,0.053193206676514816,1.017694,1.1976047904191622,0.06340758349094278,23.119475470094486,0.022096728941350063,0.9930570284608642,0.14897466530641468,0.3510253346935853,4.725028381639284
FTSE,42,13,GJR-GARCH,0.00064676127,9.116717e-06,0.8789023,2.5266886,0.001210415493940622,9.346753358840942e-05,2.302791844630128e-06,0.05984162831213325,0.06135784560872708,0.0679515654174611,1.3533487,0.7984031936127751,0.022492992109681285,20.474886931117688,0.050349782598640425,0.5954734090703138,0.026408353021191155,0.5264083530211912,2.8192051055691176
FTSE,42,13,sb_r,3.9025792e-05,0.0016892161,0.9130473,1.1511903,0.0016636598127719377,9.561516344547272e-05,1.5104301551818373e-05,0.05542400605045259,0.08133074135053903,0.06230898659909144,0.6262696,0.399201596806388,0.8887221192641503,31.869463911851184,0.05576464155491767,1.0330612695885417,0.12225242518613977,0.6222524251861398,1.7777025396587425
FTSE,42,13,CNN-WGAN-GP,0.00041678053,0.0034132106,0.18796086,2.5071445,0.002178656008243728,0.00019032415002584457,2.7375782473548667e-05,0.04825097215012647,0.05824448923813179,0.05804890759522095,0.8148835,0.5988023952095816,0.3394331875094277,27.898682997312548,0.04856367792865035,0.9655593384304835,0.19279245418098512,0.6927924541809851,1.0111697793323118
FTSE,42,13,iid,0.0010967487,0.00089785364,0.4190057,1.8097353,0.001450944076001513,0.0001055542379617691,3.842927210001338e-06,0.04782936616800725,0.08516653703409247,0.07142700614291243,0.3779645,0.9980039920159687,0.4867205338356381,29.121757985127562,0.16879303500044662,0.3265521129928448,0.23026292239404345,0.7302629223940434,0.6039918714216382
FTSE,42,13,GARCH,0.00032760037,0.00026538223,0.71224403,3.2918944,0.0012874400680141732,8.072610944509506e-05,4.755360212843607e-06,0.06484923270763829,0.08819091959856451,0.10156924580689519,1.932138,0.9980039920159687,6.859270922853922e-07,0.4641769065926553,0.002149205386829056,1.4976724077381047,0.03100099334192441,0.4689990066580756,3.4430515281368037
FTSE,42,13,TimeGAN,0.0022618726,0.00015941449,0.17536071,3.4296515,0.002450385062306787,0.0003148932009935379,9.719044308834596e-06,0.10608911230228842,0.13425560331903397,0.1674935557041317,2.8217607,3.193612774451098,2.8983333035299106e-06,130.51818765475497,0.004610194888612806,2.7313066374832435,0.31717452391179835,0.8171745239117983,0.3404447947535871
FTSE,42,13,CONTROL: shuffled real,0.0,9.313226e-10,0.0,1.4305115e-06,0.0,4.470348358154297e-08,0.0,0.04992907222127542,0.08614010082092136,0.07594864338869228,0.0,0.0,0.7550702432035004,30.92950130427689,0.10478975324002748,1.980888486642093,0.20145511168384878,0.7014551116838488,0.9170358406020375
FTSE,42,14,GJR-GARCH,0.00015857903,0.00013098493,0.39990187,0.41864157,0.0006669057178307689,1.8609687685966492e-05,1.0446925927360235e-06,0.06351777630101424,0.06507760430686176,0.08545376606751233,0.17893124,0.9980039920159687,2.8983332880481046e-06,40.368900487971516,0.00786770099354206,1.186270726079139,0.06745507588774347,0.43254492411225653,3.8391847438044095
FTSE,42,14,CNN-WGAN-GP,0.0002422583,0.0010943394,0.48033738,3.813251,0.0019219359120413542,0.00016428623348474503,5.927930602523027e-06,0.050385367746930566,0.051745512508787214,0.04842624919838272,2.0756054,0.7984031936127751,0.006954306986812768,17.610160163563577,0.07713630299306617,1.7832713735583967,0.15564392719072162,0.6556439271907216,1.4148492694270554
FTSE,42,14,iid,0.00025735027,0.0015295567,1.1745018,0.07434988,0.0015658891669829134,7.429532706737518e-05,1.0219003856251474e-05,0.05079144440940581,0.08343893457204103,0.06196533812908456,0.50680065,0.19960079840319356,0.8867041087675358,31.85350263520469,0.08948687361240226,2.065443190524487,0.16146817726231388,0.6614681772623139,1.3515592687306384
FTSE,42,14,sb_r,0.00061352405,0.0019295793,0.28143698,1.5715709,0.001718492113192594,0.0001108190044760704,1.0130087217189837e-05,0.059984181502368304,0.07885079202940687,0.0607631873479113,0.75855875,0.9980039920159687,0.16734563672810399,25.766423900721577,0.09839295814497451,0.24147085748731456,0.13852958548109962,0.6385295854810996,1.6008245770471436
FTSE,42,14,GARCH,0.0008190601,0.0058404747,0.3288087,0.11979151,0.004362833950409311,0.0005587264895439148,9.155393904509827e-05,0.05275576712330803,0.05131575141800568,0.055777868106961254,0.7299187,1.1976047904191622,2.763499370596256e-06,6.6491240049929985,0.010883334490044194,1.3109761109930882,0.2896479900486827,0.7896479900486827,0.04132399362867012
FTSE,42,14,QuantGAN,0.00038481186,0.0018436462,0.7332732,1.8494368,0.0015807726367656977,8.111074566841125e-05,1.5718925983397433e-05,0.06541285641724244,0.17601314350031316,0.14967490633483976,1.6580615,2.7944111776447107,2.8983333035299102e-06,76.16825895916178,0.031347754483664114,1.5891630346207744,0.15731605276345928,0.3426839472365407,4.815671195988962
FTSE,42,14,TimeGAN,0.0015113181,0.002327052,0.4339249,4.7572756,0.0024122865806694353,0.000271698459982872,3.2568944635443954e-05,0.07307088299887254,0.06886917615309357,0.07153941259573912,2.4991932,0.9980039920159678,1.4405415103937365e-06,1.4979941870360634,0.020751815697502507,2.626102862029856,0.31474642933848807,0.8147464293384881,0.3140595768548368
FTSE,42,14,sb_abs,0.0010599432,0.009546956,0.22263002,0.21350098,0.006006751244352339,0.0007544998079538345,0.0003178766313586714,0.05671521754935384,0.11271050555631518,0.0849982514185831,0.40870118,1.3972055888223558,2.8983333035299106e-06,99.7472599369314,0.11949189972255203,0.636813129159945,0.24209331149770907,0.7420933114977091,0.4754353490528821
FTSE,42,14,CONTROL: shuffled real,0.0,9.313226e-10,0.0,1.4305115e-06,0.0,4.470348358154297e-08,0.0,0.04992907222127542,0.08614010082092136,0.07594864338869228,0.0,0.0,0.7550702432035004,30.92950130427689,0.10478975324002748,1.980888486642093,0.20145511168384878,0.7014551116838488,0.9170358406020375
FTSE,42,15,QuantGAN,1.3297889e-05,2.9817224e-05,0.59253466,0.9729047,0.0005652719369181855,1.617521047592163e-05,2.404489582071874e-06,0.05159549481002614,0.056037958695087584,0.059529503245139496,0.061983824,0.3992015968063871,2.8983323792061696e-06,31.832508743950655,0.03608282167087251,0.9984859277145333,0.2149936461912944,0.2850063538087056,5.442432561545742
FTSE,42,15,sb_abs,0.00011213496,0.0012512505,0.5175417,2.0882092,0.001432910043879379,8.326489478349686e-05,4.575578011987368e-06,0.04197747405385598,0.04568800073117018,0.056310771433636546,0.48093224,0.5988023952095816,2.898329742035451e-06,29.0063188781603,0.039259504182939,1.4493390439303324,0.07012926868556701,0.570129268685567,2.344105865523978
FTSE,42,15,iid,0.00016156537,0.00069899764,1.1592951,0.6802211,0.001011937055235088,3.4938566386699677e-05,8.187927668546577e-06,0.05092709045624361,0.08416440991684794,0.06340055092179682,0.25855613,0.0,0.5631741809853734,29.665877021160952,0.16568913825428744,1.4799823531854708,0.10108954395761738,0.6010895439576174,2.0076718492226084
FTSE,42,15,GJR-GARCH,0.00037477855,0.0004916191,0.8858793,0.5980058,0.001233087930586861,8.100364357233047e-05,4.441663786467086e-06,0.06010796390473842,0.08649054228328168,0.09724110488314182,0.47290182,0.5988023952095816,2.8983333035299106e-06,118.16737458561308,0.004323866138207344,1.5054592819079113,0.08062312070446731,0.5806231207044673,2.2300730040533296
FTSE,42,15,sb_r,7.135485e-05,0.0016788039,0.63060206,0.6977825,0.001153162924659441,4.1855499148368835e-05,1.2221718054126757e-05,0.052203257593791935,0.07611739019397647,0.06248176273424178,0.56033397,0.0,0.7609325696778768,30.968022092154342,0.09147712465951463,2.810250068491963,0.12634951317296683,0.6263495131729668,1.7331809792256967
FTSE,42,15,GARCH,0.00024161383,0.0011291122,0.54961103,2.768581,0.0011392402149677996,4.479382187128067e-05,3.451152862567761e-05,0.06624962718226016,0.14897000341676175,0.1357960053300485,1.3496839,0.0,2.8983333035299106e-06,101.34092147153429,0.041296940610429655,1.5040197586199202,0.03414120668671239,0.5341412066867124,2.7351750059236313
FTSE,42,15,CNN-WGAN-GP,0.0009367034,0.002059606,0.12148985,2.3412828,0.002130445212643025,0.00019251368939876556,1.0654133378318239e-05,0.05515338637633249,0.06764589320053346,0.06274985398398712,1.1832957,1.1976047904191622,0.0002941099093530892,10.280287058558873,0.05453217760052331,1.5210849656422707,0.060064522479954086,0.5600645224799541,2.4534757906701277
FTSE,42,15,TimeGAN,0.0007560753,0.0013580043,0.38210922,3.003067,0.002255100495326742,0.0002577323466539383,1.1855829904385928e-05,0.07801203680573962,0.1444878242816776,0.1653852639859542,1.8743677,1.1976047904191622,2.8983333035299106e-06,77.967089687675,0.03778652111267211,2.5408866659023284,0.33542628686998854,0.8354262868699885,0.5387800441222481
FTSE,42,15,CONTROL: shuffled real,0.0,9.313226e-10,0.0,1.4305115e-06,0.0,4.470348358154297e-08,0.0,0.04992907222127542,0.08614010082092136,0.07594864338869228,0.0,0.0,0.7550702432035004,30.92950130427689,0.10478975324002748,1.980888486642093,0.20145511168384878,0.7014551116838488,0.9170358406020375
FTSE,42,16,sb_abs,0.00010113994,0.000116628595,0.528581,2.7160397,0.0005512019708908201,1.0822899639606476e-05,2.1534204479264403e-06,0.05645276531082345,0.04870044664014131,0.048242804671172056,0.49019623,0.19960079840319356,0.0022665943309044248,14.95877722350615,0.005436788832172912,0.3567212453627997,0.09001266287227949,0.4099873371277205,4.084309811995458
FTSE,42,16,sb_r,0.00082661444,0.0013715876,0.11985767,1.0066156,0.0012188224340018146,6.421562284231186e-05,4.084438974123578e-06,0.053613403183408084,0.0778916427551303,0.05839980060205562,0.20330358,0.19960079840319356,0.3797686020935528,28.265582808468373,0.0354154191797631,1.166354610867974,0.012678756801260072,0.48732124319873993,3.2439504680579154
FTSE,42,16,CNN-WGAN-GP,7.2262774e-05,0.0005877493,0.22645354,3.2683864,0.0006402379575177578,1.8337741494178772e-05,1.454824155332445e-06,0.05655869148438796,0.05055141302756965,0.06044727822649293,1.8305316,1.1976047904191622,0.0006564247231824839,12.098262188721577,0.006737875509668756,1.805970046623591,0.04670541595074457,0.45329458404925543,3.613705759262104
FTSE,42,16,GARCH,0.0010841852,8.6876564e-05,0.19207233,2.791308,0.0013354695033495352,0.00011339224874973297,2.727171615851851e-06,0.06637548672850244,0.05036863170331344,0.06310718466062099,0.82366776,0.5988023952095807,2.898333248639096e-06,37.73153576057153,0.016228786028505082,1.406165635085625,0.09310723618270322,0.5931072361827032,2.0944126756677917
FTSE,42,16,iid,0.00037998438,0.0017876783,0.16858941,0.32896948,0.0013499701696007347,6.45192340016365e-05,1.1854409840958634e-05,0.050836734641343355,0.08313121635466814,0.05985378912795568,0.037635326,0.9980039920159687,0.003235671202644,15.79334130886626,0.06887086160615197,2.192217357994794,0.027236137958190187,0.4727638620418098,3.4021402181948344
FTSE,42,16,GJR-GARCH,0.0016446864,0.0034392253,0.16055033,1.6883507,0.00293921536202273,0.00032327137887477875,4.973558188489462e-05,0.07351056550338399,0.11750266677699983,0.1309384879982099,0.4170947,0.399201596806388,2.8983333035299056e-06,71.16840191552016,0.014563381859275526,1.828615191777128,0.005433625071592174,0.4945663749284078,3.16522026475623
FTSE,42,16,QuantGAN,0.0008834466,0.004700103,0.014586985,1.8871303,0.0030351592570672485,0.00025011785328388214,7.067135467001042e-05,0.054573472563643005,0.10096306091872975,0.08575534161180258,0.6671407,0.19960079840319356,2.8983333035299106e-06,176.52722146053253,0.10126537820678738,1.430791661642452,0.0952847580183277,0.5952847580183277,2.070750340294294
FTSE,42,16,TimeGAN,0.0016843257,0.0023774458,0.6552568,5.301528,0.0029773181225621645,0.0004571545869112015,4.959052236930121e-05,0.10398535745916888,0.06683602617122233,0.06621682932018302,6.4686294,3.7924151696606785,0.004629965953443803,16.640020085263465,0.015676466638780306,3.1414827504278,0.3659413480813287,0.8659413480813287,0.8703760816510652
FTSE,42,16,CONTROL: shuffled real,0.0,9.313226e-10,0.0,1.4305115e-06,0.0,4.470348358154297e-08,0.0,0.04992907222127542,0.08614010082092136,0.07594864338869228,0.0,0.0,0.7550702432035004,30.92950130427689,0.10478975324002748,1.980888486642093,0.20145511168384878,0.7014551116838488,0.9170358406020375
FTSE,42,17,GJR-GARCH,0.0001294784,0.0019488027,0.5588179,2.5663424,0.0012565348767549075,5.769263952970505e-05,7.564845216530487e-06,0.05333376348367892,0.05542602447443642,0.06044679087586701,0.7207773,0.5988023952095816,4.059727421712256e-06,1.9175012343423674,0.05916978738063139,1.0292993199491876,0.006350229095074433,0.49364977090492557,3.1751806662794206
FTSE,42,17,QuantGAN,0.00069715333,0.0009916341,0.5003969,1.929986,0.0013211119678993792,9.143445640802383e-05,6.918678249333224e-06,0.05533349754055962,0.06688597400207072,0.06623614461685065,0.7104552,1.5968063872255494,2.8968609450827177e-06,16.3005465854512,0.04257924487372988,0.630269719126689,0.03545872709049258,0.5354587270904926,2.7208579923600302
FTSE,42,17,GARCH,0.00034560094,0.00136548,0.64625996,3.6179202,0.0008200284442617471,2.1955929696559906e-05,1.4166567671236999e-05,0.05582060536951758,0.05477329945482779,0.053474870536010716,2.7273722,1.9960079840319365,0.04837257252446143,22.41497155217392,0.011813629158832328,1.365028468626598,0.1444448918957617,0.3555551081042383,4.675804986559948
FTSE,42,17,iid,0.00061905227,0.0032581212,0.18359652,7.993607,0.0014868191269261767,5.542207509279251e-05,1.408504313010212e-05,0.05206049834843725,0.08195860976004042,0.0625176208789344,0.15015435,0.7984031936127751,0.9443154994454169,32.36503680389158,0.08117778207363335,9.220470372146107,0.22069417597365404,0.720694175973654,0.7079719478548465
FTSE,42,17,sb_r,0.0003001857,0.0020619268,0.6075531,1.6436186,0.0016214225019712928,8.607842028141022e-05,1.1127610370458973e-05,0.04454764483787585,0.08406628516037017,0.06981605509772634,1.1525841,1.796407185628743,0.9473279986647332,32.39667659749615,0.08837067153611333,0.49266980243506264,0.2269094984965636,0.7269094984965636,0.6404323055029408
FTSE,42,17,CNN-WGAN-GP,0.0010289914,0.0014116596,0.27083883,3.1170063,0.001855035837707872,0.00015892088413238525,9.493595006618105e-06,0.06238095018779859,0.04888387411367148,0.05475127225741744,1.4238048,1.5968063872255494,0.00040560489608599306,11.00467948512824,0.049331530192746276,1.4953793604793124,0.20116314969931282,0.7011631496993128,0.9202084849729816
FTSE,42,17,sb_abs,0.0008600928,0.003799419,0.2629605,9.756823,0.0017038609724035808,6.466265767812729e-05,4.09628048757306e-05,0.05714240859466372,0.08559508913895116,0.08331243856882793,1.2471659,0.7984031936127742,2.8983333035299106e-06,161.94002647261988,0.05984996974632262,0.6025687108963487,0.0703453876718213,0.4296546123281787,3.870592707504213
FTSE,42,17,TimeGAN,0.0016302965,0.0014571436,0.46584547,3.1467903,0.002349783895631831,0.0002928115427494049,1.2835324355070107e-05,0.07859973032260313,0.25702244623564185,0.2351799357449636,2.4745622,1.1976047904191622,2.8983333035299106e-06,118.68365255371536,0.07074920480230673,0.4658647209586606,0.18227399233963348,0.6822739923396335,1.1254700667652624
FTSE,42,17,CONTROL: shuffled real,0.0,9.313226e-10,0.0,1.4305115e-06,0.0,4.470348358154297e-08,0.0,0.04992907222127542,0.08614010082092136,0.07594864338869228,0.0,0.0,0.7550702432035004,30.92950130427689,0.10478975324002748,1.980888486642093,0.20145511168384878,0.7014551116838488,0.9170358406020375
FTSE,42,18,CNN-WGAN-GP,0.00043090683,0.00018745009,0.35596967,1.8082776,0.0006545955939889942,2.7272850275039673e-05,3.654701003139239e-06,0.06211236225615721,0.049160775652853775,0.05419501485768705,0.62704134,0.9980039920159687,0.040170716286438396,21.937591778760833,0.0378036825062662,0.15170761327948057,0.05768631872852231,0.4423136812714777,3.733031223641219
FTSE,42,18,iid,0.00020816273,0.0012144577,0.65963995,0.525692,0.001069633173589289,3.897864371538162e-05,6.561191996445581e-06,0.057591969141503795,0.0726608135830611,0.06041472918004729,0.37481427,0.7984031936127751,0.9329739439319389,32.251969036253634,0.15055121052069242,1.641970794102562,0.2436893703465064,0.7436893703465064,0.4580915598250461
FTSE,42,18,GJR-GARCH,0.00021308873,0.0011912156,1.1932888,2.3070917,0.00121537984993816,7.272884249687195e-05,1.2584281316911799e-05,0.04572431106178556,0.08159184452495538,0.06719358449801803,0.7914474,0.5988023952095816,0.2740617264609188,27.225664873871686,0.032871016506791584,0.4379170525720646,0.06729444086483394,0.5672944408648339,2.374910905236047
FTSE,42,18,QuantGAN,4.9092458e-05,0.003690645,0.4917352,2.5075874,0.0023460257420257775,0.0002189776860177517,3.616362793500938e-05,0.05181611463194713,0.0682066703401506,0.05538331128162099,0.48858047,0.19960079840319356,0.006832173860819799,17.567695631052956,0.05937456754879633,1.0915083345968015,0.2177852949599084,0.7177852949599084,0.7395816965989324
FTSE,42,18,sb_abs,1.9370811e-05,0.003009106,0.61198664,6.538861,0.0014755461597379485,4.9603171646595e-05,1.1587191860058098e-05,0.05314725492731668,0.0916577050741762,0.07562972185667605,0.6618557,0.3992015968063871,2.8983333035299106e-06,147.50203751292787,0.024511240046824145,1.674745437552057,0.2974255888459335,0.20257441115406646,6.338190409146681
FTSE,42,18,GARCH,0.00022552436,0.0043784417,0.9386231,0.052514076,0.003303558274667409,0.00032927095890045166,6.0513072321520065e-05,0.04928899138525594,0.07103245493490248,0.06516955611063167,0.66320753,0.5988023952095816,0.003322062541113421,15.855371496309964,0.019523242896240522,1.010813523546679,0.19411265929266897,0.694112659292669,0.9968235920273699
FTSE,42,18,sb_r,0.0011541027,0.001765783,0.119840235,2.6276789,0.001914551305739888,0.00015632249414920807,1.4232017244491801e-05,0.04640615504002198,0.08024007057771086,0.06645313950604759,1.2283363,1.9960079840319365,0.628901295065785,30.10726220804402,0.11754433722137725,0.46524204642644484,0.16948203035509735,0.6694820303550973,1.2644756508246875
FTSE,42,18,TimeGAN,0.0014585266,0.0025137588,0.6383953,5.3782454,0.002912535286948137,0.00042446237057447433,5.029005074670508e-05,0.11220709248649655,0.06416374747437657,0.05903969947481528,7.395533,3.992015968063872,9.493846017712114e-06,3.1869814329661104,0.039763799712132175,3.204830778312051,0.40503897300973646,0.9050389730097365,1.2952357079601196
FTSE,42,18,CONTROL: shuffled real,0.0,9.313226e-10,0.0,1.4305115e-06,0.0,4.470348358154297e-08,0.0,0.04992907222127542,0.08614010082092136,0.07594864338869228,0.0,0.0,0.7550702432035004,30.92950130427689,0.10478975324002748,1.980888486642093,0.20145511168384878,0.7014551116838488,0.9170358406020375
FTSE,42,19,GARCH,9.865384e-06,0.0006783297,0.61351156,2.8052988,0.0012874759614821749,7.875729352235794e-05,4.22068197478433e-06,0.04700419403263368,0.061735693379305304,0.05241551431332482,1.1868892,0.9980039920159687,0.045961826993499,22.283142167462152,0.034808160874766125,1.0282627645985958,0.040410223367697506,0.5404102233676975,2.6670518887448855
FTSE,42,19,GJR-GARCH,0.000246649,0.0010697516,0.8041793,2.727459,0.0009383274066126771,4.121381789445877e-05,8.16963165508856e-06,0.05031233948888257,0.06420542941428721,0.05401510760653764,0.81543756,0.19960079840319356,0.034375540172297055,21.540807988887607,0.05770284478710652,1.1933091549566823,0.009552414447308144,0.49044758555269186,3.209977646265124
FTSE,42,19,sb_abs,7.667887e-05,0.0008708844,0.31922975,3.1272042,0.0013553580717204443,7.771048694849014e-05,3.572077350563854e-06,0.062374191023700405,0.06157579858787358,0.06737455924507231,1.0232964,0.5988023952095816,0.002943526084130031,15.570866394299436,0.0023654596951649953,1.4844642140771387,0.16436452963917536,0.6643645296391754,1.3200856641128138
FTSE,42,19,sb_r,3.0053663e-05,0.0011165654,0.9350375,2.0399384,0.0008702091605035631,2.295617014169693e-05,1.0118401588956393e-05,0.047918968621524984,0.08789480020524934,0.06528213290963322,0.26393747,0.0,0.9094867189010654,32.040061232283435,0.14268971842883593,4.176226632403673,0.22749140893470776,0.7274914089347078,0.6341088970670583
FTSE,42,19,QuantGAN,0.0013188766,0.00052449014,0.1929627,0.73782444,0.0014167560182907761,0.00013034604489803314,3.3209769016983194e-06,0.06080265558222891,0.06778393224463798,0.06782753026578575,0.71355414,1.1976047904191622,2.8983333035299106e-06,91.59553977954403,0.004835479495331252,1.6871118146713067,0.13686439540378015,0.6368643954037801,1.6189195901145348
FTSE,42,19,iid,0.0006472605,0.0029924856,0.48790747,9.296171,0.0015006012370272122,6.539840251207352e-05,9.989247768543265e-06,0.041852404679520984,0.08687407825957053,0.06645385885800352,0.2594931,0.5988023952095807,0.9840990227556508,32.891862410440794,0.10162403432232436,11.432457776335621,0.004494648482245234,0.5044946484822452,3.0573333381283008
FTSE,42,19,CNN-WGAN-GP,0.000999733,0.0021487847,0.3626209,1.5847311,0.001967143966843553,0.0001633884385228157,1.0586956282223087e-05,0.06014043194823898,0.047258132128044965,0.0574232777452562,0.90351844,1.5968063872255494,1.7560827271680777e-06,2.0284010652377518,0.05549094911284491,0.6608159137359157,0.05910988509450166,0.5591098850945017,2.4638494868623297
FTSE,42,19,TimeGAN,0.0012252682,0.0023005484,0.5151243,5.112286,0.002517052202826151,0.00028754211962223053,3.98806602446133e-05,0.09341709609681857,0.08106416187074501,0.07293262661696645,4.204976,2.5948103792415167,0.37026793663516855,28.18184923892125,0.0298872180224673,2.9824465400714564,0.33796624427262323,0.8379662442726232,0.5663808345769188
FTSE,42,19,CONTROL: shuffled real,0.0,9.313226e-10,0.0,1.4305115e-06,0.0,4.470348358154297e-08,0.0,0.04992907222127542,0.08614010082092136,0.07594864338869228,0.0,0.0,0.7550702432035004,30.92950130427689,0.10478975324002748,1.980888486642093,0.20145511168384878,0.7014551116838488,0.9170358406020375
FTSE,43,0,GARCH,0.0005676833,0.0007116068,0.71220064,3.0106936,0.0009099939336352009,3.4401193261146545e-05,4.363993006565486e-06,0.047052097241394225,0.06609141827502754,0.05997527904459275,0.5441148,0.0,2.8722180329040713e-06,10.172378447153399,0.03742579348247588,1.4100741312190141,0.03826379939862545,0.5382637993986255,2.690376294947835
FTSE,43,0,CNN-WGAN-GP,0.0005224843,0.00022192486,0.24590328,2.7096033,0.0007953256257508085,2.7257949113845825e-05,1.9437013775165282e-06,0.06285412715311395,0.053711095494218174,0.07019470653962344,1.2107882,0.7984031936127751,1.1306417044005938e-06,1.0783871330635506,0.05915169680581278,1.4001743725107203,0.002061408218785865,0.5020614082187859,3.083774472364625
FTSE,43,0,GJR-GARCH,0.0001246495,0.0023046872,0.87567824,2.1760368,0.0014020753037527918,6.737560033798218e-05,2.1749926650335232e-05,0.039845895138569176,0.05867331394343637,0.04626126064598793,1.5410175,0.19960079840319356,0.001829529989831881,14.459456881798776,0.014593426283953992,0.7047347639109436,0.045445840492554346,0.45455415950744565,3.6000184122824685
FTSE,43,0,sb_abs,0.000484919,0.0004412653,0.42609653,3.8391156,0.0015134010788030853,9.276904165744781e-05,4.473090004941656e-06,0.044259418617002666,0.059192651500925425,0.04634424056624994,2.4444742,0.9980039920159687,0.012254669393715003,18.9792401896039,0.010021075659897627,1.720959594871041,0.10713886204180978,0.6071388620418098,1.941936116543686
FTSE,43,0,iid,0.00026967167,0.0016523683,0.5441017,1.406497,0.0012340472968115689,4.518590867519379e-05,2.6703673894386127e-05,0.04737587637850083,0.07347510456485906,0.06107607144658687,0.32189536,1.1976047904191622,0.8839858862519181,31.832152023087822,0.021159067100496642,0.5724422839765344,0.0658896674541809,0.5658896674541809,2.390176065393264
FTSE,43,0,QuantGAN,0.00024471464,0.0013728794,0.36751795,1.4221992,0.0009649924372688602,5.188584327697754e-05,4.178581502671214e-06,0.053874255520640874,0.059661951281595973,0.07706489402335137,0.2719903,0.9980039920159687,2.898304958202839e-06,24.64824704869514,0.06871161223774658,1.2410773362304082,0.11785979560423826,0.38214020439576174,4.386914444065635
FTSE,43,0,sb_r,3.1522359e-06,0.0015288815,0.4136018,1.5188322,0.0014527655133091406,7.906835526227951e-05,1.199178597353367e-05,0.05038290670374408,0.07968242717906833,0.0656879146990832,0.6005602,1.1976047904191622,0.928034539058866,32.20523643106864,0.09888623270303176,0.4720153320389837,0.22780082152061865,0.7278008215206186,0.6307466233773872
FTSE,43,0,TimeGAN,0.0007501299,0.00089764874,0.06414956,3.8103056,0.0017841949912488458,0.00016608554869890213,1.5040762792544064e-05,0.18695287624606863,0.06872729460475967,0.05011484620627016,0.39006138,1.796407185628742,2.8699264163812537e-06,9.992335640976265,0.03720237145229299,2.307006122485956,0.4106949813860252,0.9106949813860252,1.3566974875324367
FTSE,43,0,CONTROL: shuffled real,0.0,9.313226e-10,0.0,1.4305115e-06,0.0,4.470348358154297e-08,0.0,0.04992907222127542,0.08614010082092136,0.07594864338869228,0.0,0.0,0.7550702432035004,30.92950130427689,0.10478975324002748,1.980888486642093,0.20145511168384878,0.7014551116838488,0.9170358406020375
FTSE,43,1,iid,8.178543e-05,0.00045619812,0.7241347,2.623435,0.0010103043583447417,3.698747605085373e-05,7.86562656461203e-06,0.052083725861739365,0.07985148752661189,0.06627796288346871,0.19295502,0.19960079840319356,0.598729639267044,29.906865524143456,0.07689885597016421,0.4471359975622411,0.1848378883877435,0.6848378883877435,1.0976091437836257
FTSE,43,1,GJR-GARCH,0.00036209694,0.0012826687,0.6954899,3.4159195,0.0010735520879920463,5.453266203403473e-05,9.865934596389848e-06,0.05208448697449057,0.06359569893451407,0.05150802279920754,0.99520016,0.19960079840319356,0.1462649455630933,25.38464865148528,0.01918862942553612,1.4727808841525771,0.1478893721363117,0.6478893721363117,1.4991151901483875
FTSE,43,1,GARCH,0.00012950582,0.0002059238,0.6900089,2.5231738,0.001003808226202152,5.087908357381821e-05,4.945822120879044e-06,0.052844244970474394,0.0531111399224028,0.06594187554437667,1.4832516,0.7984031936127751,0.0005576804949392715,11.726836824406021,0.03370210142206009,1.5506488352537837,0.12828720110252,0.62828720110252,1.7121248314120896
FTSE,43,1,sb_abs,4.254334e-05,0.0009470731,0.17756891,3.244222,0.0015728522072919247,0.00012091081589460373,2.98343140538501e-06,0.05644361828570254,0.05248867399379378,0.04512312866194407,1.3375444,0.5988023952095816,2.8821786493317655e-06,11.199562569068888,0.08553877214841044,1.5975702621479604,0.22968347293814428,0.7296834729381443,0.6102885372612921
FTSE,43,1,CNN-WGAN-GP,0.0002730403,0.0015194463,0.44231617,2.5806036,0.0010125750558801227,4.119612276554108e-05,4.034427927413234e-06,0.0721540166484192,0.06098018241114914,0.057082709991373125,1.1722989,1.1976047904191622,2.7602738886513745e-06,6.598228893103688,0.02970826767357715,1.2236197314386414,0.15505530498281783,0.34494469501718217,4.791104474633864
FTSE,43,1,QuantGAN,1.7211947e-05,0.0022488488,0.25230908,3.1432178,0.0013052858634175224,6.06980174779892e-05,1.3282660851344892e-05,0.06159272475168109,0.06607766869012266,0.062089536874555054,1.239594,0.9980039920159687,2.191882592604981e-06,3.0713803207513166,0.017474051368213672,1.3655242581652272,0.07888857567296681,0.4211114243270332,3.963428414744768
FTSE,43,1,TimeGAN,0.0031683128,0.0014630556,0.396209,4.2455654,0.0034748829797292768,0.0009061796590685844,2.8592214303583058e-05,0.2629397653997876,0.07243201442994178,0.05826152745517902,0.2566669,0.5988023952095807,2.89531748063222e-06,14.777174992982467,0.0124613416666014,1.0121205314857264,0.4563996724656356,0.9563996724656356,1.853353691284219
FTSE,43,1,sb_r,0.0002884081,0.002306071,0.12181038,1.5493865,0.0015774203988867756,7.961131632328033e-05,1.1735908129728021e-05,0.04812727641081437,0.08302690085954964,0.05902695377740201,0.59502745,1.1976047904191622,0.0030289791148402118,15.63809925768679,0.11907675944789997,3.785474579283025,0.008125939647766312,0.4918740603522337,3.19447666503206
FTSE,43,1,CONTROL: shuffled real,0.0,9.313226e-10,0.0,1.4305115e-06,0.0,4.470348358154297e-08,0.0,0.04992907222127542,0.08614010082092136,0.07594864338869228,0.0,0.0,0.7550702432035004,30.92950130427689,0.10478975324002748,1.980888486642093,0.20145511168384878,0.7014551116838488,0.9170358406020375
FTSE,43,2,CNN-WGAN-GP,8.573383e-05,0.0006954493,0.54354817,3.1447024,0.0006475240314142783,2.0344741642475128e-05,3.756975467790916e-06,0.0538064519665204,0.04786317220889032,0.0591942870663479,1.6109176,1.1976047904191622,2.8859407054029204e-06,11.765853797887402,0.014604339815809442,1.7205624434741544,0.058966253221649556,0.44103374677835044,3.7469398048260314
FTSE,43,2,GJR-GARCH,0.00026500656,0.0018159896,1.2723379,1.48737,0.0015678899945737932,0.00010741688311100006,1.949071082639892e-05,0.053605644716881215,0.05269986867439002,0.05955865653886576,0.41697788,0.9980039920159687,0.00014111715398588837,8.645197590283644,0.0011988448750486214,0.4717076359165304,0.03135716459049254,0.46864283540950746,3.4469219111548455
FTSE,43,2,GARCH,0.00041457528,0.0005804291,0.7476971,1.4878149,0.0006446172582692597,1.4576129615306854e-05,1.7412324613890586e-05,0.06018836210016161,0.060319838086143135,0.06641857845475897,0.13948846,0.5988023952095816,2.8983322002108064e-06,31.46194556036943,0.0490813732527311,1.0301731396661453,0.135693862757732,0.364306137242268,4.5807107455104985
FTSE,43,2,iid,0.0007382025,0.0004942501,0.034700274,0.63292456,0.0008818944294042001,4.412606358528137e-05,7.111256550252594e-07,0.05956787710543722,0.08802316513261758,0.07138530678144889,0.73211503,1.1976047904191622,0.9729933677630875,32.710078292189976,0.08620932946897575,1.3534874367122516,0.02656764569014891,0.5265676456901489,2.8174741302494892
FTSE,43,2,sb_r,0.0008237619,0.0008380851,0.4129693,3.3509176,0.0014842080257615393,8.975900709629059e-05,8.302820790334374e-06,0.04667532177874818,0.0811859924136661,0.06250513476319611,1.8777204,1.3972055888223558,0.9390016212333513,32.31096235121191,0.0956045993206176,1.2146291339180082,0.1688589543957617,0.6688589543957617,1.2712463899611497
FTSE,43,2,sb_abs,0.0008803456,0.0033991411,0.5319281,11.585396,0.0013711409935173071,3.1101517379283905e-05,3.4645408394705557e-05,0.05739066146255936,0.08195996659167576,0.08049786452503213,1.5575156,0.9980039920159678,2.8983333035299106e-06,158.8356888191745,0.015237979361382048,1.271802160036744,0.10332075995131723,0.39667924004868277,4.228924047827886
FTSE,43,2,QuantGAN,0.0007952558,0.0031735962,0.38652956,2.4833894,0.0027128740831556175,0.0002620704472064972,2.7844372695295337e-05,0.05386005292588379,0.10440680577419698,0.12729461712297052,0.7800522,1.3972055888223558,2.8983333035294664e-06,62.03863761402995,0.0071381001170059966,1.7304014076511618,0.09347884450171817,0.5934788445017182,2.090374543637032
FTSE,43,2,TimeGAN,0.0040599927,0.001383529,0.34687075,3.8544295,0.004285389102101717,0.001359330490231514,2.9356437326560333e-05,0.22777782941469923,0.06687650732696056,0.06615227953530849,0.8078697,0.5988023952095816,2.8972535850944127e-06,16.958673271089282,0.09370953603977561,2.266404038183237,0.40194618950458183,0.9019461895045818,1.2616275579341043
FTSE,43,2,CONTROL: shuffled real,0.0,9.313226e-10,0.0,1.4305115e-06,0.0,4.470348358154297e-08,0.0,0.04992907222127542,0.08614010082092136,0.07594864338869228,0.0,0.0,0.7550702432035004,30.92950130427689,0.10478975324002748,1.980888486642093,0.20145511168384878,0.7014551116838488,0.9170358406020375
FTSE,43,3,sb_abs,1.660618e-05,0.00045071542,0.4950627,2.941215,0.0010468648053080952,4.368089139461517e-05,2.9842603405993225e-06,0.044143749985087195,0.05096252434886992,0.04743595780339092,0.879966,0.7984031936127751,0.019130143659169676,20.07283764538688,0.003653894234235122,1.5168541510755644,0.08226862292382597,0.417731377076174,4.000158155094381
FTSE,43,3,QuantGAN,2.9296789e-05,0.0008785771,0.22516972,3.6105535,0.0007239501605446114,1.856498420238495e-05,5.140911397590379e-06,0.05529733710223809,0.041136081045260654,0.04352721785660833,1.4049339,0.0,0.01575194992753514,19.593643252977287,0.031633229334122825,1.4693747417914067,0.00030695160366556173,0.5003069516036656,3.10283951233164
FTSE,43,3,GJR-GARCH,0.00015256193,0.0005454188,0.91524714,1.5823693,0.0007525539795550692,2.852361649274826e-05,1.8750198372699135e-06,0.0527034222939983,0.052147342138923705,0.057211226515937595,1.027245,1.1976047904191622,0.0003153137117486337,10.436766164081213,0.03495982816378773,0.9963103041179537,0.14396790879152344,0.35603209120847656,4.670621785181514
FTSE,43,3,sb_r,4.520989e-07,0.0016911626,0.74750066,0.92267704,0.0014201043721843746,6.644707173109055e-05,6.319491346969983e-06,0.049649927520949856,0.07643481458071619,0.061048970055999234,0.7673564,1.5968063872255494,0.20531679456272214,26.35848861526753,0.07199479045388746,1.1600129126535723,0.16075024162371132,0.6607502416237113,1.3593608133945192
FTSE,43,3,CNN-WGAN-GP,7.705449e-05,0.00052239373,0.5911468,2.6442118,0.0009187450652204071,3.128219395875931e-05,4.259627967022623e-06,0.0540977191994898,0.051992512568831445,0.05979476576438174,1.3329663,1.796407185628743,2.8966237549947313e-06,15.983435959432086,0.04508957066597585,1.5328364931885519,0.22695312499999998,0.273046875,5.5723918546440245
FTSE,43,3,iid,9.175058e-05,0.0027833935,0.43520993,5.140034,0.001400647351666392,4.582852125167847e-05,2.4378138053199605e-05,0.04992124237294775,0.0775603750711889,0.062071333252824844,0.7082982,0.0,0.8856003088673373,31.84481244361312,0.11391910548154427,7.48708175256924,0.07413104954180993,0.5741310495418099,2.300619972908574
FTSE,43,3,TimeGAN,0.0010606943,0.0015164176,0.18945402,4.6902523,0.0022357163879406475,0.00027990154922008514,2.7613193629922312e-05,0.22730394700774922,0.07697760382900015,0.0630465010809712,0.7440162,1.1976047904191613,0.0014370822891644395,13.89918248857444,0.07822797741812659,2.700718027286473,0.40748899269759453,0.9074889926975945,1.3218591780798326
FTSE,43,3,GARCH,0.00047434488,0.002033283,1.239647,0.46549463,0.0013312577487262541,4.511978477239609e-05,2.6582634471134353e-05,0.05943275235360488,0.10873899593017995,0.10259191637625918,1.2974563,2.3952095808383236,2.8983333034171447e-06,50.591894473657675,0.04704994695587106,0.38676398748050733,0.27218418886025203,0.22781581113974797,6.063901324194053
FTSE,43,3,CONTROL: shuffled real,0.0,9.313226e-10,0.0,1.4305115e-06,0.0,4.470348358154297e-08,0.0,0.04992907222127542,0.08614010082092136,0.07594864338869228,0.0,0.0,0.7550702432035004,30.92950130427689,0.10478975324002748,1.980888486642093,0.20145511168384878,0.7014551116838488,0.9170358406020375
FTSE,43,4,GARCH,0.00017214299,0.00012748037,0.38624018,2.0806923,0.0009223189958203453,6.388407200574875e-05,6.680214915561626e-07,0.05539685892057605,0.05887854863598477,0.06125593935139477,0.08754587,0.0,2.8946904297010798e-06,14.37535482804038,0.04360303790396558,1.2925033016233431,0.03170237328178693,0.46829762671821307,3.450673168062408
FTSE,43,4,CNN-WGAN-GP,7.375685e-05,0.0019588685,0.21749079,3.2066612,0.0010203250218008529,3.1674280762672424e-05,1.3102540463110949e-05,0.054058499163948,0.04976584067102521,0.04191386792808771,1.0602436,1.397205588822355,0.10302371419380339,24.4155191174331,0.0007182163177824608,1.8457125709834359,0.006627648911798345,0.49337235108820165,3.1781952862180964
FTSE,43,4,GJR-GARCH,0.0002681088,0.00053938385,0.54365313,1.5597467,0.0009302624396273068,6.20819628238678e-05,1.9069897959407602e-06,0.057626769010093996,0.057099754757946354,0.06445977215655148,0.17017865,0.0,2.866585417966765e-06,9.75424384260176,0.023978673676483875,0.8423882233464992,0.08563636526345936,0.41436363473654064,4.0367541824628415
FTSE,43,4,QuantGAN,0.00013361836,0.001874961,0.4110605,3.4053764,0.0010777894165443565,3.482215106487274e-05,1.34458544597567e-05,0.05593947688816115,0.0718933094391832,0.0539182394137606,1.8564882,0.9980039920159687,7.707520836578765e-06,2.844125708232699,0.022269278312122665,1.493517663239531,0.006266555698739906,0.4937334443012601,3.1742714180075935
FTSE,43,4,sb_r,0.0009921937,0.0007499214,0.3614961,1.7015948,0.0012697736223664196,7.61197879910469e-05,3.2135904837468047e-06,0.04687162422109395,0.08589370530680754,0.06637769437671523,0.061157465,0.19960079840319356,0.6996222447487378,30.568511150220925,0.13734657325724098,0.3536065892064073,0.12764085767468503,0.627640857674685,1.719148409640182
FTSE,43,4,iid,2.7296192e-05,0.0020208256,0.45471823,0.06437254,0.0014902272685688885,7.683131843805313e-05,1.5933958465802153e-05,0.051605604041251356,0.08639465546701103,0.06636744195449865,0.95120096,1.3972055888223558,0.6939873562965053,30.53196213873629,0.10042969449931782,2.0018280211269497,0.13405283505154642,0.6340528350515464,1.6494717907349734
FTSE,43,4,sb_abs,8.737348e-05,0.0026333528,0.6700782,3.0596738,0.00260072697245072,0.00023390166461467743,1.6340238101631977e-05,0.06586731289164163,0.08706739819608629,0.09806787540670485,3.507841,1.9960079840319365,2.8400537941844143e-06,8.452026572940227,0.038342700273403696,1.2633615997573733,0.1728305322880871,0.6728305322880871,1.2280887019358433
FTSE,43,4,TimeGAN,0.0015784048,0.0007991977,0.029304266,3.9788563,0.002136874659584804,0.00024839770048856735,1.9744050769198384e-05,0.20553206170210614,0.07742227357812226,0.07249241960817017,0.19515944,0.7984031936127742,2.898322412928933e-06,26.65989847201581,0.12110636900333427,2.59943288375787,0.41051532968213045,0.9105153296821304,1.354745278007631
FTSE,43,4,CONTROL: shuffled real,0.0,9.313226e-10,0.0,1.4305115e-06,0.0,4.470348358154297e-08,0.0,0.04992907222127542,0.08614010082092136,0.07594864338869228,0.0,0.0,0.7550702432035004,30.92950130427689,0.10478975324002748,1.980888486642093,0.20145511168384878,0.7014551116838488,0.9170358406020375
FTSE,43,5,iid,0.00022995606,0.000888261,0.052587867,3.3308997,0.0010475034072471258,4.329904913902283e-05,4.245477939484158e-06,0.049268625027034434,0.0858626246417407,0.05779676340753213,0.08041525,0.5988023952095807,0.8332510255566344,31.45753485067236,0.07068328833840254,5.26661311355173,0.0737735359392897,0.5737735359392897,2.3045049427972892
FTSE,43,5,CNN-WGAN-GP,0.0005525651,0.001983367,0.40225077,3.2708144,0.0014017201767687847,7.633399218320847e-05,8.083919005193477e-06,0.05101228776038624,0.05677775707852561,0.05315692113974364,1.3330512,0.5988023952095816,0.0022698115456897764,14.962090500202255,0.004419561563425378,1.5876212896125477,0.08247422680412364,0.5824742268041236,2.2099577093980023
FTSE,43,5,sb_abs,0.0012888971,0.00062451605,0.4490605,2.7331,0.0016196825358901754,0.00012889504432678223,5.380194318439401e-06,0.05049006705288775,0.047264941765461116,0.05482482657767832,0.6827562,1.1976047904191622,1.1379624046506563e-05,3.499303229031195,0.04464675542423635,0.9014569871684976,0.12027379546105377,0.6202737954610538,1.7992035870278176
FTSE,43,5,QuantGAN,0.00061531074,0.0011044983,0.2359176,1.5571923,0.0012214268079808752,7.2539784014225e-05,9.605078538230888e-06,0.05522940915892832,0.07555960622848942,0.08988857578951866,0.60322237,0.5988023952095816,2.898332943483199e-06,33.80464607704141,0.020191505172715285,1.5638252646179325,0.06256868377720515,0.5625686837772051,2.4262639834333495
FTSE,43,5,sb_r,0.00076263683,0.0016317545,0.009551704,1.8552012,0.0014225554295772306,0.00010540615767240524,1.3698436964051592e-05,0.047272441788227294,0.08698366861557588,0.06107696434948593,0.41670012,0.5988023952095807,0.8623646459555003,31.667628565491626,0.11270945318761005,2.509186078020427,0.10358900701603668,0.6035890070160367,1.9805110960331804
FTSE,43,5,GJR-GARCH,0.00068760314,0.0032332726,0.3474729,1.2194562,0.00249348207850568,0.00021270103752613068,3.5014460622751205e-05,0.061065236490685494,0.06839536878280342,0.08079279283992946,0.286654,0.7984031936127751,2.8849495551473185e-06,11.601548261370638,0.03793750237926108,1.1590185898649672,0.02133492626002287,0.5213349262600229,2.8743361832702123
FTSE,43,5,TimeGAN,0.0014928519,0.0018892568,0.37592238,3.3173406,0.002632294030731801,0.00044916942715644836,2.8316412763633187e-05,0.05304150078911334,0.07066721353447064,0.06461458386520462,0.36589622,1.5968063872255485,0.1430709066771958,25.322589363762727,0.025885047068632816,1.6327838295509602,0.3178515177548682,0.8178515177548682,0.34780143986200135
FTSE,43,5,GARCH,0.0006984433,0.004782468,0.0630461,0.7757263,0.003353312069372193,0.00031651370227336884,6.936894521268006e-05,0.061318069633562115,0.06669105747365393,0.06003278220072389,0.7004709,1.9960079840319365,1.4887204154133416e-06,1.5711129249564024,0.04540105268835826,0.9436222906678315,0.20687464203894612,0.7068746420389461,0.858143781412932
FTSE,43,5,CONTROL: shuffled real,0.0,9.313226e-10,0.0,1.4305115e-06,0.0,4.470348358154297e-08,0.0,0.04992907222127542,0.08614010082092136,0.07594864338869228,0.0,0.0,0.7550702432035004,30.92950130427689,0.10478975324002748,1.980888486642093,0.20145511168384878,0.7014551116838488,0.9170358406020375
FTSE,43,6,sb_abs,6.615487e-05,0.0012628604,0.5038979,1.9412794,0.0013726545140541533,7.456541061401367e-05,4.877176907346609e-06,0.04849862356088124,0.05128187152033206,0.05830339418258518,0.3563881,0.5988023952095816,2.8983333013730577e-06,44.468618872106774,0.08134307541602093,1.4673435388994247,0.023812240478235935,0.47618775952176406,3.3649339734033012
FTSE,43,6,CNN-WGAN-GP,0.0002178252,0.0015299655,0.45148426,2.8103075,0.0017958381322750216,0.00013455282896757126,1.0945874689974155e-05,0.04656995624653064,0.04612179684452713,0.05037073687883094,0.8235762,0.5988023952095816,2.8983299726548273e-06,29.146721667805295,0.025775055905603694,1.2386205203466094,0.11897081722508596,0.618970817225086,1.813362576159147
FTSE,43,6,iid,0.0005763131,0.00075764395,0.5791984,1.508491,0.0008705643122084441,2.981908619403839e-05,2.4278990110601503e-06,0.04704320824937895,0.08224686420755462,0.061980955492472276,0.4294963,0.5988023952095816,0.1571579432288211,25.5875946055519,0.06302671629963152,2.4519882149569243,0.1264186444014891,0.3735813555985109,4.479920331464018
FTSE,43,6,sb_r,5.8416277e-05,0.0018896069,0.7300047,6.503938,0.0010467084403125867,3.7153251469135284e-05,3.3654762408709366e-06,0.04270566639723256,0.0779526033741422,0.06346110848826356,0.4798138,0.5988023952095816,0.9555555925011842,32.48740512321776,0.10375916372847249,8.607730005998526,0.12070088774341348,0.6207008877434135,1.7945625310093232
FTSE,43,6,GJR-GARCH,9.0051384e-05,0.002604968,1.2631438,0.05881977,0.0020067623384841743,0.00017293915152549744,2.3396321252857897e-05,0.052348402459174395,0.06693779809080297,0.058212939670775087,0.5243287,0.5988023952095816,0.012351039502321977,18.998333400515715,0.003709192251548199,0.9560095009913194,0.19377662335337908,0.6937766233533791,1.0004751719853477
FTSE,43,6,GARCH,0.00036241143,0.001782868,0.8589777,2.6140547,0.0011459448277221416,5.738995969295502e-05,1.4536137956477996e-05,0.050646823872812094,0.07979781996225938,0.06635631561162882,1.1687489,1.1976047904191622,0.024991285633773216,20.737766526067574,0.010281427004477317,0.5813132992188601,0.036016027706185616,0.5360160277061856,2.7148020098864474
FTSE,43,6,QuantGAN,0.0007489713,0.0009395741,0.5380844,3.0669022,0.0014830557651831276,0.00010075792670249939,7.011356006502026e-06,0.06088149507762864,0.054042848721146584,0.06588982851128095,1.2956839,1.796407185628743,2.898323065502288e-06,26.789729923539113,0.04915880525319882,1.579714428150837,0.07035299434421538,0.5703529943442154,2.3416747204121426
FTSE,43,6,TimeGAN,0.0033366063,0.0014459221,0.55599946,4.530079,0.0037089330135803285,0.0010565351694822311,2.6329979867652348e-05,0.2744180924654938,0.074084267061844,0.06103073964361101,1.3861651,0.5988023952095807,0.28389419338988187,27.33451618153547,0.096191212814001,0.2308004062942164,0.429378982316724,0.929378982316724,1.559729709257164
FTSE,43,6,CONTROL: shuffled real,0.0,9.313226e-10,0.0,1.4305115e-06,0.0,4.470348358154297e-08,0.0,0.04992907222127542,0.08614010082092136,0.07594864338869228,0.0,0.0,0.7550702432035004,30.92950130427689,0.10478975324002748,1.980888486642093,0.20145511168384878,0.7014551116838488,0.9170358406020375
FTSE,43,7,sb_abs,8.8810804e-05,0.0022425037,0.04559964,2.9357553,0.0013129425076880495,6.29667192697525e-05,1.6858905878914043e-05,0.06371982534183189,0.06471770886797458,0.054148809118778445,0.40027142,0.19960079840319356,0.00411630296686093,16.361383695137565,0.03007943556642234,1.0195487283158715,0.08507570876288661,0.5850757087628866,2.181688354037577
FTSE,43,7,sb_r,0.00048164712,0.0019911537,0.107632756,4.9868407,0.001158513003853539,4.621874541044235e-05,3.818056857989793e-06,0.04379763442906551,0.08658984743990004,0.057876686152885666,0.10319376,0.0,0.884796060400006,31.838498137721857,0.07480926090807616,7.276438446185446,0.14898450923539508,0.6489845092353951,1.4872147348259548
FTSE,43,7,CNN-WGAN-GP,0.00048066012,0.00014948566,0.3658734,3.485095,0.0013870307107380748,0.00010936520993709564,4.60985768384961e-06,0.06447640114522074,0.05630351921543479,0.059290726752951745,1.8848586,0.5988023952095816,4.9467612360124704e-05,6.380154213716615,0.06304193715193451,1.5245276600977817,0.12820688359106536,0.6282068835910654,1.7129976125072375
FTSE,43,7,iid,0.00076950545,0.0014221435,0.43641704,0.9334531,0.001360878139714983,7.248669862747192e-05,7.940090068699625e-06,0.05323580315322033,0.09397251867689192,0.06661330030590762,0.46595192,0.7984031936127751,0.9901705015820329,33.0207406270144,0.1286751163973764,2.174140301164724,0.15515195446735397,0.655151954467354,1.4201953575279813
FTSE,43,7,QuantGAN,0.00048394216,0.0024247114,0.6319903,3.4884887,0.0013599816338610417,5.616433918476105e-05,1.3933687122514374e-05,0.07058570959372445,0.11420542854815721,0.10134152356302366,0.31537962,0.5988023952095816,2.8983333035299106e-06,112.83123674477521,0.05661724446485361,1.7266030919466537,0.23595383197308128,0.2640461680269187,5.670199253638283
FTSE,43,7,GARCH,0.0007023689,0.007180834,0.26054332,1.2925925,0.005431619198087086,0.0008140392601490021,0.00012727568009401433,0.05324368987465277,0.07925116120837629,0.07003344454918987,0.8416774,1.3972055888223558,8.655128596471873e-05,7.576205323616136,0.019397432016051597,0.6822827334590063,0.31304611433276064,0.8130461143327606,0.2955828740048857
FTSE,43,7,GJR-GARCH,0.0010732359,0.004486109,0.5945638,1.0846281,0.0035811265416503713,0.00044018588960170746,4.9042314116973164e-05,0.05630015693794121,0.07924863168038428,0.07994965872727335,0.83221245,1.3972055888223558,2.4242150980478315e-06,3.935214418358555,0.07556902144725597,1.3023765425960439,0.1758459067153494,0.6758459067153494,1.1953217281185233
FTSE,43,7,TimeGAN,0.0012111142,0.0018476034,0.13781616,4.371628,0.002034728366833045,0.00021789595484733582,2.6119629201244792e-05,0.21091592082986607,0.07852687981561758,0.07324860140564851,0.9767451,1.5968063872255485,2.1243856107730442e-06,2.873496615059672,0.055357689179472036,2.5157406302177168,0.3368563412800688,0.8368563412800688,0.5543199236771021
FTSE,43,7,CONTROL: shuffled real,0.0,9.313226e-10,0.0,1.4305115e-06,0.0,4.470348358154297e-08,0.0,0.04992907222127542,0.08614010082092136,0.07594864338869228,0.0,0.0,0.7550702432035004,30.92950130427689,0.10478975324002748,1.980888486642093,0.20145511168384878,0.7014551116838488,0.9170358406020375
FTSE,43,8,CNN-WGAN-GP,0.00016032968,0.0009994945,0.35532337,3.4428508,0.0008229440206928114,2.4104490876197815e-05,4.889004634626866e-06,0.04740163475042209,0.05538613480515778,0.047573425334412604,1.4258881,0.0,0.005787880296477115,17.17110035347332,0.027565474080128327,1.3622594592223591,0.036733068442153516,0.5367330684421535,2.7070101898030146
FTSE,43,8,QuantGAN,0.00017853349,0.0019835625,0.23670712,2.7410164,0.0012425086485115561,5.334336310625076e-05,1.076317794592146e-05,0.05837499839370139,0.06212808020645753,0.053114434808157966,1.336307,0.9980039920159687,0.003635811872496364,16.068098025040612,0.03565461917972823,0.16248061655700674,0.018044816723940427,0.5180448167239404,2.9100886032848665
FTSE,43,8,iid,0.0007342566,0.002575159,0.7080977,1.1891961,0.001980095782853174,0.00013916194438934326,1.0878914844582991e-05,0.041579878348420606,0.08216066854074597,0.0634631866653217,0.5229945,0.9980039920159687,0.9252478132368038,32.179441455799385,0.05214186336965232,3.3218489024987887,0.20458033540950737,0.7045803354095074,0.8830751745348064
FTSE,43,8,GARCH,0.0004519654,0.0033004107,0.32476193,2.6314511,0.0028448837955495428,0.00028703920543193817,3.8251775083764264e-05,0.047496353857568466,0.06630300004966556,0.06436556712491438,0.8818135,0.9980039920159687,1.350864966013701e-06,0.8364655774837146,0.036067476005963384,1.3466881174947227,0.1813954216781214,0.6813954216781214,1.1350171736194417
FTSE,43,8,sb_r,0.000628807,0.0015098518,0.5668078,1.1273284,0.001373655021357019,6.800703704357147e-05,9.851908030168965e-06,0.05662380407156888,0.08530879546073265,0.06861829948611557,1.194601,1.1976047904191622,0.4462001629980205,28.813482510287404,0.12817702922541885,1.0089603121438957,0.2279674971363116,0.7279674971363116,0.6289354202690703
FTSE,43,8,GJR-GARCH,0.0011869876,0.004643768,0.1625655,1.2691817,0.0033617019923627223,0.0003180112689733505,0.0001027992337261274,0.05931444253074005,0.10648581302724779,0.08908295329194515,0.5357473,1.9960079840319365,2.8983313285135595e-06,30.242379492671866,0.07386526634537194,0.8514901327165418,0.03358949921248566,0.5335894992124857,2.741170209769417
FTSE,43,8,TimeGAN,0.0025416585,0.0031813513,0.15964997,4.4756765,0.003782837533860462,0.0008047008886933327,5.403867828125248e-05,0.058018832704983654,0.07565167868277058,0.06238009930588305,5.611258,3.592814371257485,0.0015496871411849098,14.073958697060068,0.0009348638182078428,2.3653336474535274,0.43344318263172954,0.9334431826317295,1.6038938913587675
FTSE,43,8,sb_abs,0.0008742014,0.0076707397,0.5457309,1.901382,0.005560130145519096,0.0007956698536872864,0.0001769730386284648,0.06675324458861724,0.22058626278303564,0.169575650296174,0.25290895,0.19960079840319356,2.8983333035299013e-06,70.00335399919854,0.055982655865362774,1.9203902548841154,0.1496201138316151,0.6496201138316151,1.4803078515632286
FTSE,43,8,CONTROL: shuffled real,0.0,9.313226e-10,0.0,1.4305115e-06,0.0,4.470348358154297e-08,0.0,0.04992907222127542,0.08614010082092136,0.07594864338869228,0.0,0.0,0.7550702432035004,30.92950130427689,0.10478975324002748,1.980888486642093,0.20145511168384878,0.7014551116838488,0.9170358406020375
FTSE,43,9,QuantGAN,4.754949e-05,0.00025188457,0.43930584,2.536129,0.000917573709123603,4.6797096729278564e-05,2.661654478274998e-06,0.05013350576045923,0.050841126136947426,0.052018693560385146,0.80984664,0.0,2.887972614336168e-06,12.148123411127166,0.055205540128385966,1.530014623525537,0.03438014569014902,0.534380145690149,2.7325785429441884
FTSE,43,9,CNN-WGAN-GP,0.00010136643,0.0004465077,0.66721535,0.34542418,0.000939801539293957,4.409346729516983e-05,4.805134264892406e-06,0.060410288814455274,0.04594755119993352,0.056707298225956035,0.2667966,0.9980039920159687,2.8460583747534457e-06,8.685335156283976,0.020457304409208454,1.3944888110262355,0.26555139425830465,0.23444860574169532,5.991825165063462
FTSE,43,9,GARCH,0.0009623086,0.0009350199,0.3659523,3.4282618,0.0013097213107098073,0.0001012161374092102,5.625366584468691e-06,0.05289270085049793,0.06264347637305036,0.05093144179147203,1.2117229,0.19960079840319356,0.0005731246692513895,11.788996733450965,0.024418662067587027,1.7307208547973554,0.1509512815005728,0.6509512815005728,1.4658425381478062
FTSE,43,9,GJR-GARCH,0.0014879222,0.0010642912,0.26196185,2.492128,0.0018845633818130696,0.00022275280207395554,6.532260585154915e-06,0.052550085328985,0.04557563972310163,0.05999223536346108,0.11301541,0.3992015968063871,2.896815960741932e-06,16.236661942732184,0.012624244784802063,1.7174624352991281,0.16886946950171833,0.6688694695017183,1.2711321261408919
FTSE,43,9,sb_r,0.0004918296,0.0019285893,0.015034437,0.3338108,0.0015485837073995388,8.436199277639389e-05,8.002798274935409e-06,0.04514945421367884,0.0765366808604449,0.05458691095467657,1.0834827,1.1976047904191622,0.004211888979359621,16.41571671751812,0.07838584548208494,0.9412749442936628,0.1303826156214204,0.6303826156214204,1.6893547262946367
FTSE,43,9,iid,0.0005476043,0.0027445378,0.12055427,4.738733,0.0015358773112973583,7.012207061052322e-05,1.1080601676148465e-05,0.056446318540256474,0.08434795504785143,0.061532100130280015,0.030697107,0.19960079840319356,0.9943291803501152,33.13655354378713,0.12616142453059953,6.78472877171929,0.1462602018900344,0.6462602018900344,1.516818788852775
FTSE,43,9,TimeGAN,0.0037768723,0.0019732183,0.7083069,4.7236037,0.004279814265323794,0.0013506961986422539,3.709628676988344e-05,0.33770904669770974,0.06182089689595159,0.05291517168516293,2.7550902,0.0,0.0012073794720970673,13.496630487330215,0.09489551212067382,1.1519783464244946,0.46896276310137464,0.9689627631013746,1.9898722138942377
FTSE,43,9,sb_abs,0.00013881974,0.005070498,0.75674987,3.690042,0.004819233539569314,0.0007684696465730667,7.810027848712536e-05,0.05918954196968116,0.07476132109761238,0.0783897241903469,2.8653393,0.399201596806388,9.761842533991268e-05,7.837573727253435,0.01637558304181208,1.9696388717981166,0.3509685083762888,0.8509685083762888,0.7076716950414691
FTSE,43,9,CONTROL: shuffled real,0.0,9.313226e-10,0.0,1.4305115e-06,0.0,4.470348358154297e-08,0.0,0.04992907222127542,0.08614010082092136,0.07594864338869228,0.0,0.0,0.7550702432035004,30.92950130427689,0.10478975324002748,1.980888486642093,0.20145511168384878,0.7014551116838488,0.9170358406020375
FTSE,43,10,GJR-GARCH,9.760138e-05,0.0012069019,0.8267248,2.0084162,0.0008416666032626422,2.4682842195034027e-05,8.794489865541829e-06,0.049622804655809885,0.053784402711316945,0.06225824786844896,1.650384,0.5988023952095816,0.028470810983415522,21.064725105418965,0.009618412565633894,1.1183515931398071,0.018294270833333293,0.4817057291666667,3.304972210364988
FTSE,43,10,GARCH,0.00016218057,0.00057916064,0.57190174,2.4117365,0.0010402416897457942,4.609953612089157e-05,2.5419857407133783e-06,0.054037710406119,0.056524664824828506,0.06894990602042526,0.71577454,0.399201596806388,2.6352166756773983e-06,5.20794145031892,0.017108670126710912,1.188849472256765,0.03750872530068727,0.5375087253006873,2.6985814097002807
FTSE,43,10,QuantGAN,0.00022618278,0.0020285072,0.2308864,2.8308024,0.0012685412591513328,5.6871213018894196e-05,1.0186377054223986e-05,0.056501485059270634,0.046006946517154576,0.0470351870637387,1.2853947,1.1976047904191622,0.0029094995695299127,15.543561799059503,0.02222593905364778,0.8341980501027608,0.012801582187857985,0.512801582187858,2.9670649201258454
FTSE,43,10,sb_r,0.0014199351,0.0019751322,0.25094193,2.3528323,0.0016320918541619012,0.00012305378913879395,7.163265415211499e-06,0.054698694890830665,0.0731700555968564,0.057068166335229764,0.38511157,0.19960079840319356,0.9985839755763575,33.32834593012105,0.02994816429737901,4.510703225536335,0.06623778457903784,0.5662377845790378,2.3863932035992463
FTSE,43,10,CNN-WGAN-GP,0.0003792313,0.0022473447,0.26967356,3.0541835,0.0013918020776619374,6.40498474240303e-05,1.798755011467997e-05,0.04529555991117377,0.058597294786013665,0.05728583588730544,2.153163,0.7984031936127751,0.022441652863679686,20.46919600260165,0.022884255279478904,1.0877839914813396,0.0706290718069873,0.5706290718069873,2.3386746873441386
FTSE,43,10,iid,0.00087674946,0.0014428459,1.2047977,3.4555583,0.0010655364877055935,4.484597593545914e-05,7.290442536774771e-06,0.05149475196842104,0.07298816251102835,0.05990585595078301,1.0910878,0.7984031936127751,0.9436686903226337,32.3583406224151,0.06717515767372173,5.813907697277194,0.11347320661512028,0.6134732066151203,1.8731031049922837
FTSE,43,10,TimeGAN,0.0039149905,0.0012445105,0.19980079,3.3773699,0.0040763393222231666,0.001230970025062561,2.7079080794401113e-05,0.25713717902312055,0.0633285061980132,0.05703754191228654,0.0092048645,0.19960079840319356,2.898332641534533e-06,32.53103311581944,0.06358072265358317,2.129853826925314,0.47410867697594505,0.974108676975945,2.045790982611568
FTSE,43,10,sb_abs,0.00014719559,0.006709451,0.35407978,3.5865693,0.0032317042846298437,0.00018420815467834473,0.00019499083614597389,0.050982959498360285,0.11579610802233219,0.08444943068781868,0.84195185,0.7984031936127751,2.8983333035299106e-06,127.09555235134299,0.0472417939619213,1.0302624612667008,0.03186748281786944,0.46813251718213056,3.452467353154943
FTSE,43,10,CONTROL: shuffled real,0.0,9.313226e-10,0.0,1.4305115e-06,0.0,4.470348358154297e-08,0.0,0.04992907222127542,0.08614010082092136,0.07594864338869228,0.0,0.0,0.7550702432035004,30.92950130427689,0.10478975324002748,1.980888486642093,0.20145511168384878,0.7014551116838488,0.9170358406020375
FTSE,43,11,GJR-GARCH,0.00038395313,0.00084712915,0.8140079,2.9145079,0.0010296680108364598,5.929265171289444e-05,8.924431127209058e-06,0.055400941045954825,0.06180974611081183,0.06465836992952972,1.0629401,0.19960079840319356,2.8952163934929616e-06,14.707058596982037,0.008162733194034266,1.5002969944569489,0.05394831042382586,0.5539483104238259,2.519938435737489
FTSE,43,11,CNN-WGAN-GP,0.00050093076,0.0015281234,0.18749148,2.6735258,0.0010689910792977088,4.7043897211551666e-05,6.505376639469447e-06,0.05831459707347676,0.07738315140944906,0.05702188896510051,1.0659156,0.5988023952095816,0.011261822411300634,18.773602186124727,0.030397757391987912,0.7327982712015872,0.120194149126575,0.620194149126575,1.8000690746876307
FTSE,43,11,sb_abs,8.075312e-05,0.001863149,0.6120323,3.2156692,0.0022381915309806527,0.00020365417003631592,1.0631817482350307e-05,0.04896271527279168,0.058341787628596646,0.05530313879949972,2.1392941,0.7984031936127751,9.45372202804647e-07,0.8612408886672256,0.030115918899495164,1.7904153343906888,0.23126789805269188,0.7312678980526919,0.5930711675792717
FTSE,43,11,iid,0.0010962726,0.0023642732,0.90148425,2.5526338,0.0018410614215673164,0.00014096219092607498,1.0789542934406705e-05,0.05530923004258512,0.0766619700123556,0.05853058452485129,0.25633216,0.399201596806388,0.9366634723544253,32.28780304608716,0.06591990772556833,3.551857283034157,0.21180891144043534,0.7118089114404353,0.8045248759713965
FTSE,43,11,sb_r,0.00061581575,0.0028364602,0.7408527,2.1914392,0.001716237397626693,9.575299918651581e-05,3.429389370388457e-05,0.0516050301528594,0.08770310536609031,0.0661033715493977,0.9754057,0.0,0.3028510690004705,27.536118213440005,0.10211928726701025,3.45755020159596,0.11462807846506307,0.6146280784650631,1.8605535339249877
FTSE,43,11,QuantGAN,0.00031135816,0.0044934284,0.4356258,1.8639073,0.0032496814293732973,0.00029351748526096344,7.59689770696023e-05,0.056543938948307185,0.11305527641437947,0.093923665296752,0.51654625,1.1976047904191622,2.8983333035299106e-06,111.4879960368793,0.0869684240368348,0.24492715265135434,0.14094559886884317,0.6409455988688432,1.5745706409844296
FTSE,43,11,GARCH,6.153941e-05,0.0034023197,0.8070947,2.1993933,0.002766235294941085,0.0002224622294306755,3.721292605411897e-05,0.06051122434262652,0.13697680889628827,0.12602555458899586,1.190206,1.5968063872255494,2.898333303529907e-06,71.79414964858897,0.048833845526275566,1.6788090113074174,0.13810652026059567,0.6381065202605957,1.6054218724536242
FTSE,43,11,TimeGAN,0.0018876309,0.0027349908,0.16921794,4.2194853,0.003105108965847719,0.0005527110770344734,3.586162964580204e-05,0.06309692360460759,0.07797360480763019,0.06117261779028922,2.2007537,2.5948103792415167,0.4196014454327566,28.601273601408067,0.09028828118453303,2.0883853932401366,0.4129827999713631,0.9129827999713631,1.3815583774460671
FTSE,43,11,CONTROL: shuffled real,0.0,9.313226e-10,0.0,1.4305115e-06,0.0,4.470348358154297e-08,0.0,0.04992907222127542,0.08614010082092136,0.07594864338869228,0.0,0.0,0.7550702432035004,30.92950130427689,0.10478975324002748,1.980888486642093,0.20145511168384878,0.7014551116838488,0.9170358406020375
FTSE,43,12,sb_abs,9.3156996e-05,0.0005065277,0.647866,2.1405334,0.0007569912796078759,2.1288171410560608e-05,2.277574789420333e-06,0.04387767927488312,0.06626527087588328,0.05538948250003159,0.24065185,0.19960079840319356,1.336934488487618e-05,3.7872331255468623,0.010984320384680113,1.4666759129339337,0.06030480383734249,0.5603048038373425,2.4508647408200153
FTSE,43,12,QuantGAN,0.00029460475,0.0002648998,0.19182956,2.9831276,0.0009062021666117189,2.611149102449417e-05,4.387342846062779e-06,0.04581916275317781,0.048394659424957354,0.06190766961779445,1.2480326,0.399201596806388,2.859245531790627e-06,9.308667314647373,0.021370059478387438,1.8270418257085694,0.04469255619988549,0.4553074438001145,3.591832746690919
FTSE,43,12,sb_r,0.00026586384,0.00092299096,0.43891573,0.28770542,0.0008919673272468511,2.7525238692760468e-05,3.9125826441583034e-06,0.04843016584403813,0.08399228108581155,0.062226387350820006,0.3178072,0.7984031936127751,0.99234391161568,33.07700222106509,0.06723939826683978,1.7173499225042361,0.13022265177548686,0.6302226517754869,1.691092995049599
FTSE,43,12,GJR-GARCH,0.00051061326,0.002025175,0.8656478,3.603808,0.0014951072684544885,9.230710566043854e-05,2.011840595820632e-05,0.05410184409469366,0.06303370287641882,0.05499980037799105,1.9665833,0.0,0.010754407460678937,18.66162023218755,0.001740938435718209,1.7407251589156392,0.057659024198167264,0.5576590241981673,2.479615462912583
FTSE,43,12,CNN-WGAN-GP,9.5750904e-05,0.0008041533,0.61178213,3.3880286,0.0015489280594411972,8.860882371664047e-05,6.1810467039393116e-06,0.0502198418212356,0.054676757859997455,0.06206429813813884,5.0794883,1.796407185628743,5.945143894053247e-07,0.5010333813840973,0.05113108991329396,1.6565619343331073,0.003899314504581919,0.4961006854954181,3.148547471579262
FTSE,43,12,GARCH,4.8574875e-05,0.0012208605,1.2632582,0.22220945,0.0012626071634957467,5.223974585533142e-05,1.4014942248355402e-05,0.06883506748592481,0.11077121800743044,0.098735062899068,0.1763277,0.0,2.898332925295383e-06,33.70162847539466,0.029637141886042162,1.6251693343483318,0.18941531536368844,0.31058468463631156,5.164482172054688
FTSE,43,12,iid,0.000941964,0.0029003592,1.076468,1.8625226,0.0021834714395287335,0.00017607491463422775,2.3920885199161816e-05,0.04026259556645528,0.07937318916257936,0.05948713462566957,0.47512984,0.5988023952095807,0.8017215901384603,31.239994466878848,0.07349691246658219,4.013360564112927,0.20135801474799542,0.7013580147479954,0.9180909575805739
FTSE,43,12,TimeGAN,0.00069627597,0.0016533211,0.007180214,4.0551357,0.0018859281674136192,0.00018559303134679794,2.3615343225151795e-05,0.2653960705758072,0.06979183630086482,0.0657301644992549,0.01996684,1.1976047904191613,2.1003357401263e-06,2.807116525853033,0.10139594541593355,2.6459323667907633,0.44647564969931275,0.9464756496993127,1.7455129564134169
FTSE,43,12,CONTROL: shuffled real,0.0,9.313226e-10,0.0,1.4305115e-06,0.0,4.470348358154297e-08,0.0,0.04992907222127542,0.08614010082092136,0.07594864338869228,0.0,0.0,0.7550702432035004,30.92950130427689,0.10478975324002748,1.980888486642093,0.20145511168384878,0.7014551116838488,0.9170358406020375
FTSE,43,13,CNN-WGAN-GP,0.00035934284,0.0011620466,0.25976202,2.2715988,0.0007692141358881445,2.6967376470565796e-05,2.9965613007637366e-06,0.042413883481640366,0.04563726573425811,0.050752974883653226,0.5024071,0.9980039920159687,6.37492931571624e-06,2.5486701361472157,0.02582753749862321,1.3296811105214887,0.14379698238831617,0.3562030176116838,4.668764390316072
FTSE,43,13,sb_abs,0.000305763,0.0015339507,0.3840513,2.9996142,0.0008852328189936591,2.856273204088211e-05,3.986239825861626e-06,0.053491140492260454,0.06110374170588329,0.05685506527661346,0.9682231,0.7984031936127751,0.10311194738573631,24.417848372268192,0.018172998979881783,0.9700981210795283,0.053721452605956455,0.44627854739404355,3.6899464699692683
FTSE,43,13,iid,0.00042767887,0.0009916676,1.1152387,0.19576502,0.0009391217574008633,2.8473325073719025e-05,8.090184238851513e-06,0.04051080907229334,0.08276630515698344,0.058728480346035214,0.21908092,0.9980039920159687,0.01291751831319305,19.107732650841726,0.07111486133438671,0.8720217903977083,0.1632429929123711,0.6632429929123711,1.332272994558447
FTSE,43,13,QuantGAN,4.5541557e-05,0.0027433233,0.1501,3.4528048,0.001554252454650146,7.933378219604492e-05,2.3114716005045624e-05,0.05226985063636676,0.06679821639554576,0.05786470300750807,2.8854508,1.1976047904191622,0.0035801302198571116,16.031688915479926,0.05049151716824252,1.3537228097156557,0.04803703107101953,0.5480370310710195,2.5841741518824084
FTSE,43,13,GJR-GARCH,0.0006946623,0.00076784566,0.69950664,1.7043991,0.0013285815609220977,8.78283753991127e-05,9.785714875033358e-06,0.05150105624576099,0.09205458297394216,0.10607842860394158,0.017365694,0.5988023952095816,2.89833330340232e-06,50.33594534840023,0.11869973776300424,1.5348438091815901,0.008295971148339132,0.5082959711483391,3.0160257515331024
FTSE,43,13,GARCH,0.0005633082,0.00043654907,0.9358095,0.8165002,0.0011811608004529785,5.412846803665161e-05,1.1415911499315896e-05,0.054243405878078195,0.1048043613228947,0.10911722959484906,0.7114916,1.9960079840319365,2.8983041777295623e-06,24.591074613525223,0.07856159683817332,1.3153404575362835,0.023585382660366583,0.5235853826603666,2.8498812945902574
FTSE,43,13,sb_r,0.0006446152,0.0031776242,1.1867534,4.762178,0.0018051209476988587,7.579755038022995e-05,3.605440280475592e-05,0.05650534454733133,0.08198016352020204,0.06725323875201866,0.22433591,0.0,0.8586433553720281,31.640133731122603,0.1254430882149894,6.089620595363013,0.2184656446878579,0.7184656446878579,0.7321885843138414
FTSE,43,13,TimeGAN,0.0023064776,0.0027629202,0.1821425,4.5756617,0.00358514046631549,0.0007836278527975082,4.583310840241966e-05,0.07384482921799645,0.08256545239593834,0.06389900424284861,5.149224,2.994011976047904,0.0004394774984016297,11.186174229446166,0.06780229195075116,2.4315676992650794,0.4567817958906071,0.9567817958906071,1.8575060871352354
FTSE,43,13,CONTROL: shuffled real,0.0,9.313226e-10,0.0,1.4305115e-06,0.0,4.470348358154297e-08,0.0,0.04992907222127542,0.08614010082092136,0.07594864338869228,0.0,0.0,0.7550702432035004,30.92950130427689,0.10478975324002748,1.980888486642093,0.20145511168384878,0.7014551116838488,0.9170358406020375
FTSE,43,14,QuantGAN,3.8672297e-05,0.0014573988,0.018527925,2.7815628,0.0008605803480253792,2.6736408472061157e-05,3.910759968167806e-06,0.04781701599014923,0.04559180374257266,0.048560166691022456,0.79363656,0.5988023952095816,0.022040805952425416,20.424327605460626,0.02341658108800526,0.6566552322034447,0.0309519974226804,0.4690480025773196,3.4425191073573114
FTSE,43,14,CNN-WGAN-GP,0.0004093871,0.0015410949,0.61259663,3.4905832,0.001180081787985515,5.840416997671127e-05,1.2593120393355493e-05,0.04826381755061448,0.06559401785460067,0.05346777949926036,0.91675806,0.3992015968063871,0.2594351661213695,27.057715388728084,0.019674900426013053,1.4209544239134928,0.05728070410939279,0.5572807041093928,2.4837265292966983
FTSE,43,14,iid,0.0013256806,0.001153471,0.13042656,2.2335162,0.0015559368468326688,0.00012761447578668594,7.204209552061256e-06,0.047792482444201596,0.0880374087454402,0.07049430579820182,0.448586,0.9980039920159687,0.21050756141646534,26.43190926612448,0.04923257216396115,0.18362872254202856,0.09948565471076753,0.5994856547107675,2.025100728529357
FTSE,43,14,GJR-GARCH,0.00026767232,0.002252751,0.8710054,1.1166296,0.001823614480085898,0.00016597378998994827,2.040766293520033e-05,0.06250067995773861,0.0945247723069042,0.08628664814867079,0.26074052,0.399201596806388,2.8983333033502274e-06,49.62633145418272,0.007118403759454939,1.5828572933614002,0.1347698757875142,0.6347698757875142,1.641679970651542
FTSE,43,14,sb_r,0.00014337886,0.0034940057,0.41443086,7.487021,0.0018796452008583643,9.071361273527145e-05,1.0905715201886455e-05,0.04904622955204104,0.0832709928159602,0.05948451080126688,0.20808172,0.9980039920159678,0.855386060463565,31.616238066146877,0.12001489692512046,9.620262524582365,0.15910473940435277,0.6591047394043528,1.3772418856920703
FTSE,43,14,sb_abs,0.00020113384,0.0020576054,0.6903251,2.7802577,0.0020918538190115017,0.00014870520681142807,1.473092922149029e-05,0.054598922149743885,0.07565607425756753,0.0862359102582559,1.4490428,1.5968063872255494,9.319143109850468e-07,0.6093424714995095,0.0006063853477793479,1.8374210567932732,0.0007118950458190332,0.500711895045819,3.098439139679218
FTSE,43,14,GARCH,8.77438e-05,0.0032755788,0.2532948,7.9806275,0.0018632994239657298,8.281785994768143e-05,6.812006422010604e-05,0.083498407790903,0.22409675731323658,0.13242626366671176,0.84098005,0.7984031936127751,2.8983333035299106e-06,104.64098422282201,0.04163264561365032,1.3115035970849176,0.07271531357388317,0.5727153135738832,2.3160042591762706
FTSE,43,14,TimeGAN,0.0020275542,0.0040241405,1.0377122,4.9089565,0.005433917673242636,0.001552065834403038,5.2449080768720175e-05,0.6917284552217461,0.44998349412344396,0.5103325874125585,11.4038105,1.796407185628742,2.8983333035299106e-06,333.7621337503308,0.11193971430338923,1.9648417997572247,0.4405675025057274,0.9405675025057274,1.6813112763000622
FTSE,43,14,CONTROL: shuffled real,0.0,9.313226e-10,0.0,1.4305115e-06,0.0,4.470348358154297e-08,0.0,0.04992907222127542,0.08614010082092136,0.07594864338869228,0.0,0.0,0.7550702432035004,30.92950130427689,0.10478975324002748,1.980888486642093,0.20145511168384878,0.7014551116838488,0.9170358406020375
FTSE,43,15,CNN-WGAN-GP,0.00082908577,0.000863716,0.29239208,3.175,0.0011339290190416995,6.526987999677658e-05,5.498811721082886e-06,0.048501355226617304,0.06884583739214577,0.059361397572793066,0.7771001,0.399201596806388,0.19784416232148577,26.249945568353148,0.018467865351051382,1.1962788447353523,0.0954442744129439,0.5954442744129439,2.069016933829556
FTSE,43,15,GJR-GARCH,6.1980216e-05,0.0016971575,0.919505,3.3806853,0.0011030273565261167,4.338286817073822e-05,1.7552441714705368e-05,0.05437009484041482,0.07529444323969074,0.048970747740531805,0.35860586,0.19960079840319356,0.032926917093867504,21.431681947634367,0.019943384256994268,1.5415412634342283,0.03379845897766326,0.46620154102233674,3.4734505666151962
FTSE,43,15,iid,0.00012982322,0.0016117292,0.0544284,0.8835454,0.001295088252996419,7.020868360996246e-05,1.0367777585351708e-05,0.04957211860804819,0.07776640406227671,0.06264128258917481,0.2469151,0.19960079840319356,0.7633897479362197,30.984200984069695,0.03573215700036081,0.5907598660168274,0.05288740335051545,0.5528874033505154,2.531466925857813
FTSE,43,15,sb_abs,0.000573591,0.00035227183,0.41162574,3.5872755,0.001295243470724268,8.341576904058456e-05,2.272541063710877e-06,0.047379147817846384,0.0660057566058822,0.05329831921262666,1.7774858,0.5988023952095816,0.4433657254307824,28.79127140455988,0.05063856636936148,1.5157411251043573,0.1777641305126002,0.6777641305126002,1.1744770899296453
FTSE,43,15,GARCH,0.00032925286,4.6410598e-05,0.7955097,4.0611067,0.0015073512866605118,9.276624768972397e-05,9.001786279160939e-06,0.04889027240453288,0.062156368182040754,0.0530403180992289,2.4848943,0.5988023952095816,0.002498866954291794,15.186892049825925,0.02367146240248208,2.065859697763435,0.11413185495418099,0.614131854954181,1.8659458137830396
FTSE,43,15,sb_r,0.0010804615,0.0013560764,0.7420732,1.41045,0.0014075774701642503,0.00010241847485303879,9.092281190382592e-06,0.05745054908678867,0.08289512369781732,0.0669176399311982,1.2566404,0.7984031936127751,0.585405089988267,29.81724994694337,0.031115000847873997,0.6622178908022969,0.17096466029495994,0.6709646602949599,1.2483644521685524
FTSE,43,15,QuantGAN,0.00025153047,0.0012032762,0.58045226,2.913463,0.0015156398087978352,8.702371269464493e-05,9.12049134347608e-06,0.06516359543544241,0.06826766112120822,0.07846927472390235,1.5630298,1.796407185628743,2.898291426036534e-06,23.82647608364264,0.039490658221018604,1.6569623787842493,0.035696100014318444,0.5356961000143184,2.718278547396373
FTSE,43,15,TimeGAN,0.0011701565,0.0013419883,0.13264266,4.4904137,0.0020398779813989814,0.0002133343368768692,2.403908997302615e-05,0.22344987223157659,0.0791471853503026,0.06810757746803574,0.7886975,1.1976047904191613,1.840155758849296e-06,2.194512277082481,0.12899048624359732,2.6638074499064976,0.38092067583046973,0.8809206758304697,1.0331509714689076
FTSE,43,15,CONTROL: shuffled real,0.0,9.313226e-10,0.0,1.4305115e-06,0.0,4.470348358154297e-08,0.0,0.04992907222127542,0.08614010082092136,0.07594864338869228,0.0,0.0,0.7550702432035004,30.92950130427689,0.10478975324002748,1.980888486642093,0.20145511168384878,0.7014551116838488,0.9170358406020375
FTSE,43,16,CNN-WGAN-GP,0.00011098699,0.0023056427,0.45804918,3.8149192,0.001209293461988909,4.675891250371933e-05,1.6040777764281394e-05,0.054635538752190765,0.06465022606658749,0.056288467610720545,1.2650294,0.9980039920159678,0.0021842434442650746,14.872360763743245,0.00481270649869836,1.700625277165158,0.12014560065864832,0.6201456006586483,1.8005966331768988
FTSE,43,16,sb_r,0.00021440978,0.0010195887,0.3583784,0.9689822,0.0010179816504196442,4.023965448141098e-05,1.510846132645702e-05,0.051914821893442424,0.07672947057173587,0.06251534017093946,0.24806237,0.19960079840319356,0.0063447987097506285,17.390539964743134,0.0563133737412147,2.83902352781221,0.06768931665234823,0.5676893166523482,2.3706199341136576
FTSE,43,16,GARCH,2.5449379e-05,0.0023616338,0.74585414,1.8499751,0.0015296666229831484,8.5439532995224e-05,1.85262564765652e-05,0.05511531330877915,0.05766713420161977,0.05285534481226932,1.3349175,1.1976047904191622,0.05264258174072807,22.63394841275614,0.02733010572068595,0.3670987823335059,0.07537854381443299,0.575378543814433,2.2870639077649795
FTSE,43,16,iid,0.00015006115,0.0008828351,0.37656653,3.2516842,0.001289771403667137,6.068870425224304e-05,7.365007147437292e-06,0.05117693953565322,0.08167919770814479,0.0668997785623651,1.5702791,1.5968063872255494,0.7550422046820934,30.929317317529257,0.041728264766332956,1.2154853607201854,0.10725900272050404,0.607259002720504,1.9406305916186293
FTSE,43,16,QuantGAN,0.00033438843,0.0021850187,0.6047374,3.778195,0.0011108462129925912,3.191828727722168e-05,1.50319979805922e-05,0.05376137689396274,0.2100408626999706,0.10123093923088163,0.0076413155,1.3972055888223558,2.89833330350098e-06,53.40921201145616,0.03391248129130797,1.294309433295885,0.05919288731386024,0.44080711268613976,3.7494025548243197
FTSE,43,16,GJR-GARCH,0.00024112384,0.0030668569,0.78671813,2.5100303,0.0020091556289389156,0.00015596672892570496,3.044617008778655e-05,0.05185924577759579,0.07652707919132809,0.05935463858710136,1.3983917,0.19960079840319356,0.16171753743686054,25.668859222091033,0.019975408089420443,0.6704257671520164,0.2180770332187858,0.7180770332187858,0.736411483373099
FTSE,43,16,sb_abs,0.0009706592,0.0027847523,0.34680998,0.8679819,0.0017599845212356669,9.888969361782074e-05,2.5672910410993288e-05,0.06098163264105096,0.08358154233545065,0.06973856119439006,0.38522816,0.7984031936127751,2.8983333035299094e-06,74.3703675533323,0.08451468937978857,1.2778274082545207,0.14654209621993125,0.35345790378006875,4.698594540838295
FTSE,43,16,TimeGAN,0.00068913127,0.002114337,0.34862962,4.951412,0.002260974765324895,0.00024029705673456192,3.7470582559294165e-05,0.2365217118919827,0.07284365197643637,0.062329164305410814,1.3663645,2.7944111776447103,0.009683915537843294,18.407528427447076,0.06446179189229095,2.9349463499946755,0.44038695589919796,0.940386955899198,1.6793493421948082
FTSE,43,16,CONTROL: shuffled real,0.0,9.313226e-10,0.0,1.4305115e-06,0.0,4.470348358154297e-08,0.0,0.04992907222127542,0.08614010082092136,0.07594864338869228,0.0,0.0,0.7550702432035004,30.92950130427689,0.10478975324002748,1.980888486642093,0.20145511168384878,0.7014551116838488,0.9170358406020375
FTSE,43,17,GARCH,0.0001048416,0.00020817667,1.0346137,1.370337,0.0008838175903557776,3.258697688579559e-05,4.081200322418393e-06,0.0653270998527296,0.047916447790339586,0.057115793776756615,0.29340148,0.19960079840319356,2.8983333035299102e-06,77.01317412137513,0.026429221757894195,1.5035566666428335,0.008150102018900374,0.4918498979810996,3.1947392287041385
FTSE,43,17,GJR-GARCH,0.00037962053,0.00049578864,0.73141146,1.8667336,0.0008255852526762505,3.933999687433243e-05,2.454058972317133e-06,0.06245457751909271,0.060632696200627834,0.05157128798193298,0.38972354,0.0,2.8982730511412915e-06,23.059943221947208,0.06369643566320704,1.5118633600179447,0.04180112578751438,0.5418011257875144,2.651937459584602
FTSE,43,17,sb_abs,0.00028560575,0.00076473784,0.41495216,3.1250615,0.000653006796643374,1.4835037291049957e-05,6.099271550764859e-06,0.048429105569957755,0.04804936020285822,0.045840393011458216,2.7654376,1.9960079840319365,0.002374501842876461,15.067469410679116,0.04265511098389285,1.2690409677808785,0.056270359034937045,0.44372964096506295,3.717644506228412
FTSE,43,17,iid,0.00036545802,0.0002941843,0.3842075,2.607098,0.000935625802055062,4.593841731548309e-05,1.083391877855331e-06,0.046358352341922,0.08479732690844685,0.07202618559822441,0.7946942,0.0,0.3950293223071581,28.3969852397055,0.08354750124968557,0.5174196709610488,0.10775634485967922,0.6077563448596792,1.9352261560350195
FTSE,43,17,CNN-WGAN-GP,0.000605997,0.0026436616,0.29097262,3.1153142,0.0025723260361643157,0.0002509802579879761,2.6159465117137145e-05,0.06549525706330314,0.051264200685545804,0.05318568952847272,1.195828,0.5988023952095816,0.00041509964921702497,11.057009968478276,0.03131848749796562,1.534958977614854,0.0846611451174113,0.5846611451174113,2.186193265929808
FTSE,43,17,sb_r,0.0005797314,0.0022828234,0.39895278,1.9844842,0.0013489572981939325,5.562044680118561e-05,3.370988849359002e-05,0.0566833412530832,0.08286765904398635,0.0693790303124115,0.610404,0.3992015968063871,0.9383582241997652,32.304552989414034,0.12903201631932626,4.120066704834389,0.1949270206901489,0.6949270206901489,0.9879742238202885
FTSE,43,17,TimeGAN,0.0020688134,0.002548391,0.14310038,4.435444,0.0032240615561283836,0.0006373310461640358,3.777560063747205e-05,0.05614774574409239,0.07765870522009209,0.06111674097192008,2.6147656,2.994011976047904,0.011194305102407926,18.758987108711466,0.11257758880666902,2.354029656137538,0.42404066437571597,0.924040664375716,1.5017201557436544
FTSE,43,17,QuantGAN,0.0011176013,0.006091498,0.5234367,2.686617,0.004596312803223481,0.0006094910204410553,0.00012034807178094698,0.057202103959862145,0.10350123933516443,0.10102683141361922,2.5225902,1.9960079840319365,2.8983333035299106e-06,85.74501186342536,0.054437545447051705,1.5665275368243168,0.2175499355670103,0.7175499355670103,0.7421392612565839
FTSE,43,17,CONTROL: shuffled real,0.0,9.313226e-10,0.0,1.4305115e-06,0.0,4.470348358154297e-08,0.0,0.04992907222127542,0.08614010082092136,0.07594864338869228,0.0,0.0,0.7550702432035004,30.92950130427689,0.10478975324002748,1.980888486642093,0.20145511168384878,0.7014551116838488,0.9170358406020375
FTSE,43,18,CNN-WGAN-GP,0.00029464046,0.0005808361,0.32802787,2.159894,0.0005724095239721334,1.657474786043167e-05,9.07269631852262e-07,0.04787170302181039,0.052669588970020415,0.051215439087245615,0.41865993,0.0,4.732995126676637e-06,2.1203276705711787,0.03651716658286508,0.9907357902062768,0.1230620883447881,0.3769379116552119,4.443445861351148
FTSE,43,18,GJR-GARCH,0.00026583503,0.0021064458,0.81736267,2.812686,0.0012859858460344729,6.166286766529083e-05,2.007188438590395e-05,0.048060075733701524,0.07073032218497247,0.05599371752527077,0.66531014,0.5988023952095816,0.01483046177054753,19.445646274695356,0.028254740924918975,1.0574265482566885,0.05715631264318444,0.5571563126431844,2.485078245978878
FTSE,43,18,QuantGAN,0.000711802,0.00057370774,0.6727855,3.0369678,0.001439201843703143,9.608082473278046e-05,7.872356971182936e-06,0.055974564587231726,0.04651360100600868,0.045247571072541175,2.0193944,0.9980039920159687,0.0008550156948521206,12.70284598176157,0.0344173069172663,1.4431310794841035,0.061408666237113385,0.5614086662371134,2.4388694708382186
FTSE,43,18,iid,8.0559985e-06,0.0023602815,0.07493585,1.4324269,0.0017754170425134455,0.00010959431529045105,1.2175308041368732e-05,0.05261892587004695,0.08081767068011686,0.06260722959646955,0.11485124,0.0,0.5742052562677156,29.741299008992392,0.11767243772013636,1.2997769661437673,0.13021168921821302,0.630211689218213,1.6912121211600797
FTSE,43,18,sb_r,0.0008124314,0.0012206445,0.85690665,0.2269721,0.0015073968614654348,9.399093687534332e-05,9.410140362134838e-06,0.05148011534707621,0.08358337957179174,0.07011914996197448,0.080343485,0.399201596806388,0.5914645802686905,29.85809894577622,0.06823295674045415,2.1733316823943793,0.11659037621706758,0.6165903762170676,1.8392299601490782
FTSE,43,18,GARCH,0.0006915577,0.0021555535,0.98214835,1.7320175,0.0018729581731536738,0.00012339185923337936,3.728655321942243e-05,0.05257748828997137,0.06010041513480246,0.07168516584672034,0.47535014,0.7984031936127751,1.3135340660367027e-06,0.8171522035965637,0.031152256126118827,1.0368251960671153,0.05942578572451307,0.5594257857245131,2.4604167099644187
FTSE,43,18,sb_abs,0.00063296163,0.004902633,0.09201676,6.006105,0.002535663002520973,0.00013358239084482193,5.466691422072355e-05,0.052516501499630976,0.0813014595466666,0.08390096397604793,0.6170356,0.19960079840319356,2.8983333035299106e-06,159.93691764711537,0.04270643235514493,0.2336672613213171,0.012583002219358541,0.48741699778064146,3.2429099379500492
FTSE,43,18,TimeGAN,0.000765116,0.0009547174,0.2978083,3.210017,0.0017167327310025557,0.0001453729346394539,2.0839933416648636e-05,0.19149209091672673,0.07694001526513602,0.06190939888154389,0.6577563,0.7984031936127742,2.898312216418813e-06,25.270680100613255,0.1480592609622816,2.103382027054364,0.3979779674971363,0.8979779674971363,1.218506337085477
FTSE,43,18,CONTROL: shuffled real,0.0,9.313226e-10,0.0,1.4305115e-06,0.0,4.470348358154297e-08,0.0,0.04992907222127542,0.08614010082092136,0.07594864338869228,0.0,0.0,0.7550702432035004,30.92950130427689,0.10478975324002748,1.980888486642093,0.20145511168384878,0.7014551116838488,0.9170358406020375
FTSE,43,19,sb_abs,1.39888725e-05,0.00076416135,0.7481258,0.036789417,0.0007014366117523064,1.716427505016327e-05,3.4857339941864716e-06,0.05222683981992304,0.08859016030095518,0.08633921242784709,0.3526721,0.19960079840319356,2.8983333035299106e-06,79.53652403127138,0.03335242159022744,1.1589482390172452,0.01931423611111127,0.48068576388888873,3.3160558009298486
FTSE,43,19,CNN-WGAN-GP,0.0005979313,0.0014040666,0.518768,3.1216943,0.0012310696369306111,6.651878356933594e-05,6.156688863487821e-06,0.04570275177480653,0.05582062349130865,0.0515511828585295,1.6260285,0.7984031936127751,2.8977334644616953e-06,18.204534100551598,0.0265791741204513,1.4475597871616852,0.14360838165807555,0.6436083816580755,1.5456351518633638
FTSE,43,19,iid,0.00033434047,0.0015524812,0.2582667,2.7652116,0.0011559275588482335,5.30686229467392e-05,6.163155831479151e-06,0.05698258143267594,0.07877680511330254,0.058809764535399156,0.24861717,0.7984031936127751,0.6632870852624646,30.332483057929707,0.0383702528671469,3.6320840787759208,0.001596730025773152,0.49840326997422685,3.123526126088249
FTSE,43,19,GARCH,0.0011515268,0.0008648727,0.7087697,2.9632306,0.0019956979900142874,0.00023860670626163483,8.243201319220104e-06,0.05283292903935944,0.06088161563035101,0.05972797885071486,1.2625761,0.5988023952095816,0.007740039308827486,17.867142475950573,0.043903974971516324,1.107454948655088,0.07741802691867117,0.5774180269186712,2.264901588925487
FTSE,43,19,GJR-GARCH,0.0014328492,0.0012219613,0.82926637,1.8617163,0.002181841774118565,0.00027476996183395386,1.0669577101047621e-05,0.051545438711182216,0.06608017418184317,0.061016669757664205,0.9911828,1.1976047904191622,6.99714884273615e-05,7.117571316253191,0.0005505022640271973,0.3719704545437805,0.10074433526632309,0.6007443352663231,2.0114231061301697
FTSE,43,19,sb_r,0.0011048217,0.0015497012,0.5538336,2.2280135,0.0017627890255990457,0.00012629665434360504,1.8266233333996145e-05,0.04530307438864838,0.07091680638375691,0.06337215685634874,1.369092,1.5968063872255494,0.12250300632605289,24.89032896764889,0.021743317569216103,0.025044959903754105,0.1935978665521192,0.6935978665521192,1.002417656929703
FTSE,43,19,QuantGAN,0.0007746452,0.0039086454,0.221463,1.6049953,0.003213591569130256,0.0003888346254825592,3.185572310105601e-05,0.06476506664650515,0.07072280422784388,0.07946079502813518,0.43755674,0.5988023952095816,2.8983333035299106e-06,98.04925484780976,0.058567036973422026,1.4805224964195105,0.25680774806701034,0.7568077480670103,0.3155389350474542
FTSE,43,19,TimeGAN,0.007681113,0.0016437275,0.8257648,4.655099,0.007762270189800575,0.0028711892664432526,9.314503202984838e-05,0.48169214705238117,0.509965708097443,0.6002352625643834,,14.570858283433132,2.8983333035299106e-06,421.2501941019769,0.09237611052078964,1.905870283330799,0.42133268900343646,0.9213326890034365,1.4722935753099962
FTSE,43,19,CONTROL: shuffled real,0.0,9.313226e-10,0.0,1.4305115e-06,0.0,4.470348358154297e-08,0.0,0.04992907222127542,0.08614010082092136,0.07594864338869228,0.0,0.0,0.7550702432035004,30.92950130427689,0.10478975324002748,1.980888486642093,0.20145511168384878,0.7014551116838488,0.9170358406020375
FTSE,44,0,GJR-GARCH,8.259475e-05,0.0007905634,0.59361327,2.781138,0.0006961494076016106,1.988280564546585e-05,2.6537953455795893e-06,0.0617717148992233,0.05536662725731731,0.04716999812168069,2.3850684,0.9980039920159687,0.0012547178013023181,13.585408516045753,0.011396965407965087,1.1534700864179372,0.03641246957331046,0.46358753042668954,3.5018560661018836
FTSE,44,0,iid,0.00011541502,0.0009776764,0.33325058,3.977652,0.000592180016663301,1.142546534538269e-05,3.4555729868297044e-06,0.05034447343903594,0.08283606161247008,0.05685614415444434,0.4643488,0.19960079840319356,0.9289079172453127,32.213402733714474,0.1173009759387359,5.93405699415124,0.032910268112829266,0.5329102681128293,2.74855116632895
FTSE,44,0,TimeGAN,0.00046358496,7.6223165e-05,0.2101075,3.5110626,0.001305787026672578,0.00012122280895709991,1.4807433272574398e-06,0.05171166455722414,0.07977026787935756,0.05984269727719948,0.65857697,0.19960079840319356,0.31042092533064497,27.61383331201685,0.025946725522452696,1.9964528466760978,0.2511058759306988,0.7511058759306988,0.37749909936769643
FTSE,44,0,sb_r,4.6933535e-05,0.0020417944,1.627387,10.745382,0.0010089867563758033,3.156252205371857e-05,2.463076846493136e-06,0.04723214382043807,0.08506997121497989,0.06033551454573171,0.06795788,0.5988023952095807,0.9852061757797114,32.91314618629739,0.12980336377449808,7.481976914546359,0.14143354453035506,0.6414335445303551,1.5692683134955174
FTSE,44,0,CNN-WGAN-GP,0.00061972626,0.0017341776,0.25310218,2.672658,0.0012794105250268945,6.624776870012283e-05,1.0088936062253543e-05,0.05242288661800558,0.052423666379181666,0.06485450151842087,0.48969674,0.399201596806388,0.0005919088518285238,11.862421036773377,0.06649965446000328,1.5398583657663454,0.12877760774627722,0.6287776077462772,1.7067957613269453
FTSE,44,0,QuantGAN,0.00028644223,0.00079554133,0.45660347,3.093113,0.0012807935987391927,6.14384189248085e-05,3.5051513561199747e-06,0.04654491420486011,0.06418884745799006,0.07169641789514572,2.8618279,1.796407185628743,2.8914372151740284e-06,13.016296289368867,0.04844718269335935,1.3581990213760062,0.03295657932416951,0.5329565793241695,2.7480479192908
FTSE,44,0,GARCH,9.909872e-05,0.0028167628,0.41388232,2.9614735,0.0026345701858344604,0.00025195255875587463,2.5986229479688485e-05,0.05819563066819683,0.05808819370751735,0.04824408540967852,1.8719478,1.3972055888223558,0.018386732803571355,19.97480997993386,0.01883243534791501,1.0769968989611365,0.22948704180985102,0.729487041809851,0.612423082669484
FTSE,44,0,sb_abs,7.5011514e-05,0.0032620598,1.0401415,1.7544541,0.0027186066471968995,0.00021827500313520432,3.1154863626501375e-05,0.06442047409480438,0.07379821768961847,0.06478202858008444,1.0561996,1.5968063872255494,2.8982391917937597e-06,22.11958436159098,0.10407253395021088,1.4584799950286573,0.09609665843356241,0.4039033415664376,4.150422372166715
FTSE,44,0,CONTROL: shuffled real,0.0,9.313226e-10,0.0,1.4305115e-06,0.0,4.470348358154297e-08,0.0,0.04992907222127542,0.08614010082092136,0.07594864338869228,0.0,0.0,0.7550702432035004,30.92950130427689,0.10478975324002748,1.980888486642093,0.20145511168384878,0.7014551116838488,0.9170358406020375
FTSE,44,1,GARCH,0.00020186641,0.0016541118,0.9401796,2.7872438,0.001215203447283055,6.977096199989319e-05,1.2730588856942113e-05,0.04121820907574147,0.051252568904310465,0.05179150894517079,0.7969799,0.7984031936127751,2.8909128058570194e-06,12.860058368726037,0.0006488229197452178,1.2040512694588368,0.1541149860395189,0.3458850139604811,4.780886371728819
FTSE,44,1,TimeGAN,0.00021298864,0.0006438,0.54541576,2.5989237,0.001230231245936447,6.523728370666504e-05,3.6955475985117893e-06,0.04988578008022159,0.06958217955427244,0.06199046749155968,1.3703647,0.5988023952095816,0.1717616999316159,25.840976400248415,0.04538380864569591,0.9347205522423092,0.06814661189862536,0.5681466118986254,2.3656506735050664
FTSE,44,1,QuantGAN,3.9731036e-05,0.0009574294,0.35631162,3.1568608,0.0014578525403418302,8.847750723361969e-05,3.94722648248602e-06,0.04782717600464821,0.05370653466787189,0.051511520121712236,1.8574128,1.1976047904191622,2.8176427123645654e-06,7.753338004563936,0.023827885236297974,1.2754366959011527,0.16061466387457046,0.6606146638745705,1.3608340873322913
FTSE,44,1,GJR-GARCH,0.00050128717,0.002049501,1.0403103,2.2301097,0.0016360666911478183,0.00013719592243433,1.920510733616118e-05,0.0401583199162269,0.05634524440392852,0.056582415937446055,0.6787605,0.399201596806388,0.0013406443206645318,13.738467113352385,0.014618530663385365,0.8657685538365243,0.0643202319587628,0.5643202319587628,2.407230548352791
FTSE,44,1,sb_r,0.0006689125,0.0018229671,0.32359898,0.94063425,0.0014171879956194468,8.119922131299973e-05,8.3603418971367e-06,0.045857426521833985,0.0824026691308245,0.05642780016292818,0.15940022,0.19960079840319356,0.1223659360514328,24.887235063369083,0.11305251969114927,3.112632279841521,0.11377836841351652,0.6137783684135165,1.8697870230597409
FTSE,44,1,iid,0.0004388619,0.0015063621,0.635861,1.6165662,0.0014023908666049116,8.104182779788971e-05,5.733595249911997e-06,0.05252009608549997,0.08531435559532838,0.06001653209736105,0.6221657,0.19960079840319356,0.9881305723644482,32.97370301783086,0.10616391068940434,3.459694484008682,0.1029636938001145,0.6029636938001145,1.9873061466207618
FTSE,44,1,sb_abs,0.000117688964,0.0027435273,0.088762105,2.5222154,0.0017365841350391077,0.00011552590876817703,1.5097986443560782e-05,0.05569069980760105,0.045898158768832215,0.06788706162245944,1.6958532,1.796407185628743,3.628691945285302e-05,5.734784462218293,0.02148191624035145,1.0985885896488226,0.04057018721363115,0.5405701872136311,2.6653136199899223
FTSE,44,1,CNN-WGAN-GP,0.0009003681,0.0014771819,0.56410784,3.5741901,0.0021841151047808888,0.00023215729743242264,9.328595328485701e-06,0.04764867402147502,0.06295392300002277,0.056737517542205754,1.9124584,1.1976047904191622,0.0007184480983509402,12.304449732101226,0.017454987314703962,1.873013454541451,0.25279970289232523,0.7527997028923252,0.3590928997259904
FTSE,44,1,CONTROL: shuffled real,0.0,9.313226e-10,0.0,1.4305115e-06,0.0,4.470348358154297e-08,0.0,0.04992907222127542,0.08614010082092136,0.07594864338869228,0.0,0.0,0.7550702432035004,30.92950130427689,0.10478975324002748,1.980888486642093,0.20145511168384878,0.7014551116838488,0.9170358406020375
FTSE,44,2,QuantGAN,8.1941835e-05,0.0014864812,0.29792523,2.516963,0.0008629508312566656,2.3088417947292328e-05,9.607930852843766e-06,0.05248063346138224,0.04517861050087959,0.05928841926623136,0.7531531,0.0,0.00178798279176175,14.406039601608565,0.04489300268047802,1.1920145637971613,0.06352242626002286,0.43647757373997714,3.796450075028562
FTSE,44,2,iid,0.00031606812,0.00048571173,0.42559713,1.531671,0.0008030225348276711,2.6938505470752716e-05,2.7117550494708926e-06,0.047382616808172316,0.08017117499839514,0.07041162006964441,0.26112866,0.7984031936127751,0.883568673421671,31.82888968169548,0.09217245700828236,0.349512592597498,0.1627742876575028,0.6627742876575028,1.3373662435677431
FTSE,44,2,CNN-WGAN-GP,0.00019110282,0.001193529,0.559267,3.1951172,0.0010106429356178679,4.7285109758377075e-05,7.05652271042011e-06,0.051039900792529805,0.05896241193069727,0.053691992652602494,2.3255634,1.5968063872255494,0.002015540826309398,14.684888909718008,0.007458764157317166,0.8693026067997902,0.010227842210767502,0.4897721577892325,3.217317273357756
FTSE,44,2,TimeGAN,0.00011804339,0.00036756042,0.2783882,3.6023707,0.0011831997233424842,7.008854299783707e-05,2.9635395853407664e-06,0.042647184219677,0.06859417328727431,0.06309359482635045,1.9808254,0.399201596806388,0.02511457741385346,20.750077518533637,0.04962358784557097,1.6356948696170108,0.1831908200887744,0.6831908200887744,1.1155072340969598
FTSE,44,2,GJR-GARCH,0.00035110727,0.0011898931,1.1254528,1.0741625,0.0009365904350346969,2.958253026008606e-05,9.824901120464708e-06,0.05774090362014249,0.07291590315755457,0.052210878068581226,0.6563866,0.19960079840319356,0.3210082010287855,27.720075871758645,0.01386448608897628,0.751576526165258,0.21712977878006878,0.2828702212199312,5.465645135073547
FTSE,44,2,GARCH,0.00096372276,0.0027577626,0.8734069,1.7470746,0.0024969668034998567,0.00025632698088884354,3.297915838417293e-05,0.062078536299522966,0.0419533896446228,0.04765446702193003,0.30449915,0.399201596806388,2.6380374094635338e-06,5.231207259246197,0.06266703318607991,0.12969377210334354,0.17954252577319596,0.679542525773196,1.1551519174356628
FTSE,44,2,sb_r,0.00049543456,0.0030957656,0.5971678,6.208833,0.0017958503825623248,8.953455835580826e-05,5.8778876704144223e-05,0.05881672290619463,0.08819701452506706,0.06280525261769071,0.70589685,0.7984031936127742,0.9853142007922584,32.91526615128379,0.04453310880435235,8.54100177326874,0.131015311784078,0.631015311784078,1.6824794479183647
FTSE,44,2,sb_abs,0.0008112326,0.007831406,0.5744539,2.0034704,0.005862539737271747,0.000911414623260498,0.00017592350656011325,0.0647657481324859,0.17108223541639744,0.15459026416298002,0.1324234,0.5988023952095816,2.8983333035298526e-06,66.24029790955878,0.05831815911687621,1.7827349737964777,0.20938954216781203,0.709389542167812,0.8308152792107887
FTSE,44,2,CONTROL: shuffled real,0.0,9.313226e-10,0.0,1.4305115e-06,0.0,4.470348358154297e-08,0.0,0.04992907222127542,0.08614010082092136,0.07594864338869228,0.0,0.0,0.7550702432035004,30.92950130427689,0.10478975324002748,1.980888486642093,0.20145511168384878,0.7014551116838488,0.9170358406020375
FTSE,44,3,sb_abs,0.00023477088,0.00038041174,0.47521627,2.9041314,0.0006931219243900462,1.8991529941558838e-05,1.2629506813173718e-06,0.04920825626410078,0.0364527790620923,0.04894957785960287,1.4095645,1.796407185628743,0.0025869752741865346,15.268026476350773,0.046114126623361895,1.1497427642275464,0.149145591709622,0.350854408290378,4.7268857765047265
FTSE,44,3,CNN-WGAN-GP,0.00012770016,0.0003869338,0.7546638,2.1213436,0.000990382618233171,4.8452988266944885e-05,6.493229151897262e-06,0.0578501933068037,0.043482372658327224,0.05619051581481472,0.12826252,0.399201596806388,1.3626487653564237e-05,3.8218640573964535,0.018185242361915877,1.0483638951178391,0.18598403493699883,0.31401596506300117,5.1271956994744645
FTSE,44,3,TimeGAN,0.001255396,0.0010301014,0.6949415,2.9977007,0.001359110425015867,9.052176028490067e-05,1.243440032215258e-05,0.05186664511682466,0.08023628613445907,0.060257420144043866,1.2887931,0.5988023952095816,0.08381040636124763,23.85866226023761,0.04017797546648749,1.208297201673652,0.07919194766609394,0.5791919476660939,2.2456250393337416
FTSE,44,3,sb_r,0.00037492395,0.0022557173,0.82956916,8.144306,0.0010099345951745144,2.3346394300460815e-05,5.952884417132779e-06,0.041297104118857536,0.08032882481944398,0.060776526471163377,0.19016504,1.1976047904191622,0.9959654006805746,33.1949829393648,0.08848883502633054,5.706350683727984,0.2754062857961055,0.7754062857961055,0.11343541075544775
FTSE,44,3,GARCH,0.0009520179,0.0016997792,0.5242581,3.291657,0.001209178028231524,5.4766424000263214e-05,1.3250590582001369e-05,0.057385847365367226,0.0584932694141753,0.04710465243202634,1.4037843,1.1976047904191622,2.8981570112177e-06,20.794600093292864,0.06519152759334856,1.5485652777383492,0.010154460194730874,0.4898455398052691,3.216519857761074
FTSE,44,3,GJR-GARCH,0.00036690122,0.0033227107,0.3552845,2.52349,0.002028649385795937,0.00016407668590545654,2.7434957640940978e-05,0.05744039387675002,0.07258333284873515,0.05413691335066687,0.3372419,0.19960079840319356,2.898161172942735e-06,20.845063217056122,0.02130075523104691,1.5291292783514865,0.17633228629725095,0.676332286297251,1.1900364186453918
FTSE,44,3,QuantGAN,0.00047131773,0.001495148,0.4934757,3.04769,0.0017277645034889345,0.00011050328612327576,1.04522603795084e-05,0.05468399877892807,0.07460278446786106,0.09265431403648108,1.5550494,1.3972055888223558,2.8983332983400906e-06,42.64333633091478,0.01358401117818131,1.6173063416807385,0.0010651578608246726,0.4989348421391753,3.1177497253025277
FTSE,44,3,iid,0.00033866137,0.0021350654,0.7519645,3.5640407,0.0013552964308459242,5.8640725910663605e-05,1.2497005895096959e-05,0.05770995638231398,0.08314187517855316,0.06418691152706742,0.03712201,1.3972055888223558,0.8014129557781138,31.23790297522421,0.1390969280576444,5.307358966029361,0.11431396764032076,0.6143139676403208,1.8639668616620053
FTSE,44,3,CONTROL: shuffled real,0.0,9.313226e-10,0.0,1.4305115e-06,0.0,4.470348358154297e-08,0.0,0.04992907222127542,0.08614010082092136,0.07594864338869228,0.0,0.0,0.7550702432035004,30.92950130427689,0.10478975324002748,1.980888486642093,0.20145511168384878,0.7014551116838488,0.9170358406020375
FTSE,44,4,GJR-GARCH,6.538123e-05,0.0011353856,0.6597601,3.4799998,0.0008302129918409998,2.6986002922058105e-05,8.299239255669133e-06,0.04988072113832459,0.07088274096342502,0.058401055243157314,1.8546863,1.5968063872255494,0.00385554974225239,16.206650278919334,0.01082067728458258,1.336573272742545,0.021325977233677018,0.478674022766323,3.337916657775473
FTSE,44,4,TimeGAN,0.00052212673,0.0002817195,1.2710154,1.3671508,0.0014064019774676982,7.603969424962997e-05,2.1246434292110276e-05,0.05508503424236551,0.06921037055086345,0.050836490136935024,0.7437291,0.19960079840319356,0.016079819118010694,19.644291994218825,0.029749993489646354,0.38128756719319323,0.0024186980956472093,0.5024186980956472,3.079891933621024
FTSE,44,4,sb_abs,0.00032507835,0.0005498193,0.023308754,2.558477,0.001084978788868736,5.1072798669338226e-05,1.484883271429458e-06,0.06248131424072199,0.057820432842418085,0.05971041164360941,2.1465526,1.796407185628743,2.898333294419283e-06,41.47262246219195,0.0036190295668121486,1.4930294510011715,0.1028426582187858,0.6028426582187858,1.9886213961262642
FTSE,44,4,iid,0.00050324545,0.0013016751,0.11037576,1.3519163,0.0012921508546396272,5.854852497577667e-05,7.949802345817547e-06,0.04858996344031766,0.074896832103841,0.05553331323666498,0.80343294,1.1976047904191622,0.6739060578480437,30.401587295096675,0.09562647642302713,0.05170583282918262,0.1542496688860252,0.6542496688860252,1.4300001657640145
FTSE,44,4,sb_r,0.0010200583,0.0012314916,0.14237612,1.0156941,0.0011932215114532389,6.338581442832947e-05,5.5326061864538805e-06,0.042979058483615516,0.07989922785316594,0.05732852304994594,0.085638285,0.9980039920159687,0.7679463110548241,31.01425912742932,0.04470524182640112,3.1871535946584215,0.13661829717926688,0.6366182971792669,1.621593849737555
FTSE,44,4,QuantGAN,0.0008541239,0.0013242196,0.061169207,3.2797654,0.001140927779982043,4.70038503408432e-05,6.415037467750128e-06,0.048872151656541976,0.08300722251646221,0.06336671867407859,1.0614033,0.5988023952095816,0.0023718260145616714,15.064833135373856,0.01321390806014855,1.037973890103784,0.12319878472222223,0.6231987847222222,1.767418795835678
FTSE,44,4,GARCH,0.0003114618,0.0019305125,0.6225852,2.7922215,0.0018576725463911186,0.0001347716897726059,2.075865772563899e-05,0.05487071196257602,0.05580056834965944,0.06051781396614388,0.6889188,0.7984031936127751,2.8982353447354223e-06,22.035059998152057,0.05875575885798223,1.1979259927789774,0.011301277920962138,0.48869872207903786,3.228981907604342
FTSE,44,4,CNN-WGAN-GP,0.00015295949,0.001680389,0.5461842,3.9958267,0.0010119357038911585,3.1536445021629333e-05,1.3636064823605811e-05,0.05803814506623894,0.08216513439896517,0.06351842306292382,4.3689,1.5968063872255494,0.23309093844789766,26.73444138283668,0.06768990265125907,1.9192797677054387,0.08898620955040093,0.5889862095504009,2.1391943686278023
FTSE,44,4,CONTROL: shuffled real,0.0,9.313226e-10,0.0,1.4305115e-06,0.0,4.470348358154297e-08,0.0,0.04992907222127542,0.08614010082092136,0.07594864338869228,0.0,0.0,0.7550702432035004,30.92950130427689,0.10478975324002748,1.980888486642093,0.20145511168384878,0.7014551116838488,0.9170358406020375
FTSE,44,5,sb_abs,9.13089e-05,2.9309653e-05,0.24012318,3.6361067,0.0010679312108441302,4.8770569264888763e-05,2.0625186741882475e-06,0.04260224346071482,0.04959395669575315,0.04423392518889159,2.1068287,1.3972055888223558,0.008179785151511203,18.000097389969284,0.026010757046442512,1.4613927716845088,0.16796763137170667,0.6679676313717067,1.2809320720867035
FTSE,44,5,TimeGAN,0.000104123494,0.0010993388,0.14108881,3.1058424,0.0008685256802628444,2.7845613658428192e-05,4.347184635882762e-06,0.04972249935148284,0.06871506571071223,0.062295523167122155,1.036891,0.19960079840319356,0.00016354316418344352,8.971075255008756,0.020992481065407076,1.62716754992856,0.037634906572164895,0.4623650934278351,3.5151398429929523
FTSE,44,5,CNN-WGAN-GP,0.00023616548,0.00064744055,0.42516667,2.5657473,0.0005510854717212057,1.1935830116271973e-05,4.4153983216141856e-06,0.06468302593915723,0.12582915573380887,0.12821946220006794,0.59990764,0.19960079840319356,2.898333302420806e-06,45.85013730739867,0.016630965129910802,2.0226778090714395,0.007427020690149,0.492572979309851,3.186881767702687
FTSE,44,5,iid,0.00011648587,0.0010850178,0.54621327,0.11144066,0.0010163004388934924,4.0257349610328674e-05,4.703970732703132e-06,0.04037686554482207,0.08152888288110262,0.06000330883311108,0.4284718,0.0,0.9075381213664241,32.023493922552575,0.07682927105182757,2.247365207963874,0.2386785867697595,0.7386785867697595,0.5125419168948286
FTSE,44,5,sb_r,0.0005154244,0.0010622749,0.012987614,0.30814695,0.0011082755674339322,4.913844168186188e-05,4.133969563569783e-06,0.05770757845486514,0.0804704675621906,0.056142165136989206,0.24923182,0.399201596806388,0.8302424487712012,31.43639636323473,0.07701934377511233,0.493848370801806,0.1400954413659793,0.6400954413659793,1.5838089924094068
FTSE,44,5,QuantGAN,6.531511e-05,0.0025050882,0.39472607,3.8138292,0.0013520192402145896,5.9003010392189026e-05,1.947801677423317e-05,0.05949463954428211,0.05831606035702862,0.0534598590672249,2.1846623,0.3992015968063871,0.00010835723509399392,8.06525246396945,0.001523569491401866,1.9557912416433973,0.09930600300687287,0.5993060030068729,2.0270529380541613
FTSE,44,5,GARCH,0.0005760629,0.0010472899,0.1646047,3.398025,0.0016388881503264054,0.00011359620839357376,5.445692344055577e-06,0.0505097192741232,0.06849469881039112,0.053389016442815775,2.0529776,0.5988023952095816,0.11983102101918242,24.82944516455755,0.016296480849395056,1.2732472756992395,0.15631913122852237,0.6563191312285224,1.4075120734795348
FTSE,44,5,GJR-GARCH,0.0006790711,0.00034618564,0.34128556,3.494607,0.0013053171351565837,7.854867726564407e-05,3.326705307766924e-06,0.047940552879590544,0.06744808218674735,0.056784252255456524,2.5028238,0.9980039920159687,0.17966183045624462,25.970253521583494,0.032192473621938555,1.3731689378893321,0.16449473797250858,0.6644947379725086,1.3186707376577267
FTSE,44,5,CONTROL: shuffled real,0.0,9.313226e-10,0.0,1.4305115e-06,0.0,4.470348358154297e-08,0.0,0.04992907222127542,0.08614010082092136,0.07594864338869228,0.0,0.0,0.7550702432035004,30.92950130427689,0.10478975324002748,1.980888486642093,0.20145511168384878,0.7014551116838488,0.9170358406020375
FTSE,44,6,TimeGAN,1.8824765e-05,0.0008858461,0.2971668,2.9686136,0.0007781452077179274,2.2834166884422302e-05,1.5112257040686246e-06,0.04964320929138921,0.07192190657486208,0.0518115895614028,0.3201003,0.0,0.009217756421277099,18.288244660284906,0.05508190151441772,0.8746610228286187,0.012295514747995506,0.5122955147479955,2.972564170368817
FTSE,44,6,CNN-WGAN-GP,1.9971398e-05,0.00070938375,0.47167322,3.1197858,0.0006058239465172285,1.6922131180763245e-05,1.2903872551134798e-06,0.05364641235908493,0.04488906499551376,0.05806617122609168,0.6158333,0.399201596806388,5.4045247601664976e-05,6.566981522479722,0.05548282050980724,1.7156810676014147,0.024275800042955376,0.5242758000429554,2.8423787807751326
FTSE,44,6,iid,0.00080967904,0.00049040373,0.15898213,2.2729611,0.001037870555730203,5.0057657063007355e-05,7.427855953792319e-06,0.04469338514129049,0.08272048242390156,0.07400710766203701,0.03412485,0.19960079840319356,0.7421733281898583,30.845093172179027,0.09154159879648605,0.12999263029352104,0.13895421678121422,0.6389542167812142,1.5962102636248792
FTSE,44,6,GJR-GARCH,0.000237417,0.0020279791,0.7419686,1.6177278,0.0012542915599314873,7.122568786144257e-05,1.1344552083351545e-05,0.058286201781593265,0.05110369821486529,0.05558729600918014,0.29257417,0.9980039920159687,0.005458474458083356,17.0314027908409,0.003809186753390814,1.4343875868991147,0.0064247297394043335,0.5064247297394043,3.036359849248496
FTSE,44,6,GARCH,0.00078012835,0.00143045,0.6693665,0.8758249,0.0011690632068937982,6.0469843447208405e-05,1.2979316140592184e-05,0.05552463769665337,0.05942411309108138,0.056697060498408974,0.14693022,0.9980039920159687,2.8971925484382706e-06,16.842028756103666,0.046358627667697716,1.1570483082515675,0.027540181128293262,0.5275401811282933,2.8069059424483394
FTSE,44,6,sb_abs,0.0005429123,0.0011477647,0.49286765,2.8642511,0.0015555010346822188,9.609851986169815e-05,5.397260010803218e-06,0.05538219490321353,0.0565068937651813,0.0739729662798345,3.8867154,2.19560878243513,2.8983281830809223e-06,28.244616089858738,0.004555475387649999,1.8692062329553267,0.0632642468499428,0.5632642468499428,2.418705553280653
FTSE,44,6,sb_r,0.0012886547,0.0015397435,0.14113334,1.0840063,0.0016747518008293806,0.0001488933339715004,7.737685712980676e-06,0.04740634049696382,0.08468116656178609,0.06689922812453006,0.036758423,0.5988023952095816,0.5130596341429332,29.31402514478561,0.07534992959666753,1.032950326922963,0.0899318979095074,0.5899318979095074,2.128917918240074
FTSE,44,6,QuantGAN,9.2567236e-05,0.0027370406,0.6749918,1.8842235,0.002166367985152253,0.0001453971490263939,4.023539225675656e-05,0.054016792997426816,0.07331115349195898,0.08922982902731746,0.057376146,0.5988023952095816,2.8983333035299018e-06,70.09569710806466,0.031261031033751774,1.3735514111311118,0.023702614905498187,0.4762973850945018,3.3637427122985013
FTSE,44,6,CONTROL: shuffled real,0.0,9.313226e-10,0.0,1.4305115e-06,0.0,4.470348358154297e-08,0.0,0.04992907222127542,0.08614010082092136,0.07594864338869228,0.0,0.0,0.7550702432035004,30.92950130427689,0.10478975324002748,1.980888486642093,0.20145511168384878,0.7014551116838488,0.9170358406020375
FTSE,44,7,TimeGAN,0.0008512474,0.00012800936,0.5808188,2.7152767,0.0013272725057299302,0.00013106409460306168,3.2736991232551526e-06,0.040368451095419006,0.07982109909760765,0.05610615300538484,0.46061444,0.19960079840319356,0.15612648970770096,25.56892228749814,0.009055059939026888,0.8675842163210818,0.20488035151775486,0.7048803515177549,0.8798150089398342
FTSE,44,7,GJR-GARCH,6.481516e-05,0.0018695155,0.6738556,2.6453652,0.0011475538482996768,4.3502077460289e-05,1.0622566169546749e-05,0.04986884408863261,0.04943686017766595,0.05190552036976442,0.677197,0.5988023952095816,3.105446781094375e-05,5.416345679543433,0.015637643443676352,1.1427521580702837,0.2280815972222222,0.2719184027777778,5.584654550588124
FTSE,44,7,CNN-WGAN-GP,0.00035495718,0.0016206717,0.30285347,2.2353683,0.0010084609946102638,4.1427090764045715e-05,7.39669758888294e-06,0.056788717336021366,0.057087195147760214,0.05455985688138753,1.0022669,0.9980039920159687,2.720224985695254e-06,6.049568070084021,0.06450243640151554,1.020972159359936,0.006509521764032022,0.493490478235968,3.1769116415990473
FTSE,44,7,iid,4.2134197e-06,0.0013875375,0.39213756,1.7151389,0.0012189064757126878,5.354173481464386e-05,7.100413453041515e-06,0.04747755387565121,0.08488330153282732,0.06668855844502104,0.794286,1.3972055888223558,0.7421975717442787,30.845251467876604,0.07212150076526702,0.43204717674236814,0.029584138745704425,0.5295841387457044,2.78469500070661
FTSE,44,7,sb_r,0.00042608543,0.0010823049,0.6703062,2.4990258,0.0014148572372850363,8.600950241088867e-05,6.206015225650238e-06,0.05039884335594252,0.07368554247659631,0.05881758346222341,1.7131777,1.9960079840319365,0.7514005659054129,30.905440162880783,0.02375602097571805,0.36651559093611663,0.18926161583619705,0.689261615836197,1.049538111487301
FTSE,44,7,QuantGAN,7.685472e-05,0.0019711042,0.7850301,3.4866803,0.002235710722830671,0.00018704403191804886,1.834483300645919e-05,0.047431425850372765,0.06796281567774713,0.08163814551196992,1.2083149,0.5988023952095816,2.8951541358117536e-06,14.664995032883482,0.01582156143054214,1.724477104228868,0.1207250501145476,0.6207250501145476,1.7942999673372437
FTSE,44,7,GARCH,0.00079539925,0.0025249803,0.41585213,1.8261929,0.0019285829867820249,0.00013806018978357315,2.501039035232688e-05,0.056681316335452724,0.07551151199266315,0.0637344554241281,1.7123356,1.796407185628743,2.834592570035147e-06,8.259762592973011,0.021869724495240384,1.0417473955451855,0.07766054553264612,0.4223394544673539,3.9500838592259027
FTSE,44,7,sb_abs,0.0010649398,0.0048468187,1.0284092,1.073318,0.0036744418190907224,0.0004145074635744095,9.426094362241328e-05,0.05629907498834655,0.08161463965196163,0.09427689732168801,0.30444193,1.796407185628743,2.8983333035098847e-06,54.17050216180003,0.08406456545959073,0.8961473874528023,0.18953925937857963,0.6895392593785796,1.0465210604035131
FTSE,44,7,CONTROL: shuffled real,0.0,9.313226e-10,0.0,1.4305115e-06,0.0,4.470348358154297e-08,0.0,0.04992907222127542,0.08614010082092136,0.07594864338869228,0.0,0.0,0.7550702432035004,30.92950130427689,0.10478975324002748,1.980888486642093,0.20145511168384878,0.7014551116838488,0.9170358406020375
FTSE,44,8,TimeGAN,0.00044006418,0.0011369502,0.11382362,2.2219973,0.0010927679648524348,5.5388547480106354e-05,3.726377110147701e-06,0.04651156798237935,0.07947575551108457,0.062308118924847805,0.08105564,0.3992015968063871,0.2387401241462232,26.806236144834145,0.08943445810858164,1.1735070779451355,0.09085901703894605,0.590859017038946,2.1188432528966277
FTSE,44,8,GJR-GARCH,0.0004454847,0.0013255207,0.76635015,2.025055,0.0008206529182317098,2.691708505153656e-05,1.05478346277574e-05,0.04881257495639147,0.05980147265829146,0.05471124789553869,0.62862563,0.399201596806388,2.8983333034904055e-06,52.7643485350421,0.029026304035781103,1.564166071050146,0.04968230956471942,0.4503176904352806,3.646054576120189
FTSE,44,8,CNN-WGAN-GP,0.00061914336,0.0013253586,0.35680994,3.1353965,0.0010434484142743186,4.8041343688964844e-05,4.016685585457558e-06,0.057300622232141905,0.047754873824305835,0.050652782577089966,1.1091714,0.5988023952095816,1.452571104717417e-06,0.8882402718482965,0.030137395356979013,1.6727624537338643,0.011909587986827064,0.5119095879868271,2.9767578956867338
FTSE,44,8,QuantGAN,0.0006638533,0.00024224538,0.94993484,1.8878212,0.0011447233963465437,8.616968989372253e-05,4.91396504660779e-06,0.06077653862303123,0.06944110947661102,0.06272346117999404,0.51521516,0.9980039920159687,2.898333303529712e-06,63.69916073323809,0.00431489768650084,1.167408709912753,0.0296029317010309,0.5296029317010309,2.784490784517216
FTSE,44,8,sb_abs,0.00051748863,0.0022255871,0.5708908,2.6360044,0.001508395758914567,8.917786180973053e-05,1.5342419883710086e-05,0.05622683918849361,0.06593798875110224,0.05595058949431404,0.82778,0.19960079840319356,0.007786377503655881,17.881494158174906,0.01936274623334311,1.0651504661725153,0.1432555662943873,0.6432555662943873,1.5494690677047267
FTSE,44,8,iid,0.0015567864,0.0011282442,0.55133075,0.9203925,0.0015882442518910418,0.00011415127664804459,7.955831423410053e-06,0.04371713176718913,0.09179444883950055,0.06947360354475678,0.1769538,0.19960079840319356,0.6312153358594923,30.12250912266118,0.14859517475465656,3.0566707183318433,0.1885329413659793,0.6885329413659793,1.0574563511165507
FTSE,44,8,GARCH,0.000814452,0.0009998605,0.556212,3.1765018,0.0014227930542491487,9.412970393896103e-05,8.49410628013601e-06,0.05150539060763549,0.06330100311897695,0.06886969547485933,2.8967185,1.9960079840319365,2.795790976582625e-06,7.2381825813343355,0.03920549236752291,1.5505913626612702,0.06276533863115696,0.562765338631157,2.424127006880047
FTSE,44,8,sb_r,0.00053829217,0.0024188403,0.36831498,2.1728187,0.0017072736673489168,9.269546717405319e-05,1.1854312303659562e-05,0.045578779124189166,0.08203361540916376,0.06914624171680771,0.9477415,1.1976047904191622,0.8736685075383501,31.752547659947435,0.16076583813460987,4.294683681873884,0.1554497333190149,0.6554497333190149,1.416959503384128
FTSE,44,8,CONTROL: shuffled real,0.0,9.313226e-10,0.0,1.4305115e-06,0.0,4.470348358154297e-08,0.0,0.04992907222127542,0.08614010082092136,0.07594864338869228,0.0,0.0,0.7550702432035004,30.92950130427689,0.10478975324002748,1.980888486642093,0.20145511168384878,0.7014551116838488,0.9170358406020375
FTSE,44,9,TimeGAN,0.00023068441,0.00045716483,0.46181834,2.7782583,0.0010923523652614073,6.260350346565247e-05,1.7411721857755124e-06,0.057701460167299955,0.06610860194661655,0.04498704506753711,0.23394847,0.0,0.7591134653313396,30.956057399479636,0.06140625080098583,0.9238574780084443,0.09823525200458205,0.598235252004582,2.038688398559405
FTSE,44,9,sb_abs,0.00023288329,0.0010691732,0.32114154,3.6560242,0.0008313405949596925,2.6205554604530334e-05,4.186452549543379e-06,0.04991413292620564,0.07155816206068266,0.05248615065123886,0.80906653,0.3992015968063871,0.00021609761275526688,9.590368045114865,0.001311837102637159,1.7631704538037574,0.10097432524341343,0.6009743252434134,2.0089238889552044
FTSE,44,9,sb_r,3.9877486e-05,0.0011866298,0.3675062,1.881865,0.0013015187513612729,7.562991231679916e-05,5.25199985095086e-06,0.050579434318933636,0.07781150706112384,0.059212314371252434,0.4858451,0.19960079840319356,0.8782659406103233,31.787751442861477,0.05347738172125405,0.1563061978811886,0.07930224441580758,0.5793022444158076,2.2444264847936064
FTSE,44,9,GJR-GARCH,0.00066645973,0.00045393314,0.53281975,1.9572306,0.0009446938829405876,7.256865501403809e-05,3.4075685204590507e-06,0.04775223651929991,0.06333180209214334,0.06354486556723714,1.2150464,1.1976047904191622,2.3884371207361087e-06,1.314967359966758,0.02945368240553592,1.0498401621788003,0.18410406822737685,0.31589593177262315,5.10676678709971
FTSE,44,9,GARCH,0.00053395337,0.0007710438,0.15090618,0.5935645,0.0008809518309324256,3.973674029111862e-05,1.8353316088270586e-06,0.05106005881447345,0.09169889881275595,0.06617016883799806,0.6663592,1.5968063872255494,2.8837220273166315e-06,11.414109825912831,0.04750615065726205,1.0540382305329064,0.25883291272909503,0.24116708727090494,5.918817877355039
FTSE,44,9,iid,0.0010308634,0.0014806502,0.19097024,0.30011702,0.0013031229048205723,7.689185440540314e-05,8.313546618624843e-06,0.051097227500285954,0.07202682265313343,0.05167684075548095,0.014475107,0.7984031936127751,0.8566693080359012,31.62563351044129,0.10846059629545757,1.9528780917409128,0.047394267253722755,0.5473942672537228,2.591158831788713
FTSE,44,9,CNN-WGAN-GP,1.410523e-05,0.0010958826,0.6210825,2.892622,0.0014642800692772817,9.376276284456253e-05,5.812341437423143e-06,0.06454659895971418,0.06309561136644333,0.08312504754867404,0.62001014,0.9980039920159687,2.8983333019623318e-06,45.131593917816886,0.01915198230951487,1.7179223061795184,0.21083928443585342,0.2891607155641466,5.397288627964066
FTSE,44,9,QuantGAN,0.0009836612,0.0011434285,0.6062583,3.1423624,0.0014158582593455633,0.00010906253010034561,1.0084908436452189e-05,0.053208755471277985,0.07474638863961446,0.06118574036983773,1.5975327,0.7984031936127751,3.6267390288946837e-07,0.2575687642019915,0.02509158537099665,1.5517491495870024,0.12571010524054982,0.6257101052405498,1.7401291919553235
FTSE,44,9,CONTROL: shuffled real,0.0,9.313226e-10,0.0,1.4305115e-06,0.0,4.470348358154297e-08,0.0,0.04992907222127542,0.08614010082092136,0.07594864338869228,0.0,0.0,0.7550702432035004,30.92950130427689,0.10478975324002748,1.980888486642093,0.20145511168384878,0.7014551116838488,0.9170358406020375
FTSE,44,10,QuantGAN,0.00043506303,0.0020615514,0.19033122,3.3267183,0.0012664771381174931,5.5917538702487946e-05,1.0831280970292924e-05,0.050588912594103023,0.059564970238134264,0.05478167742607184,1.2606392,0.399201596806388,5.397932030136342e-05,6.564398058198041,0.022144472830847306,1.537840728661834,0.15121796248568153,0.6512179624856815,1.462944613174499
FTSE,44,10,TimeGAN,0.0003328402,0.00072069373,0.8252954,0.20043421,0.0008898536226967307,2.9657967388629913e-05,4.125675706365084e-06,0.04445582200307399,0.07861135066952557,0.05064410260063596,0.47045135,0.7984031936127742,0.7339589928613703,30.79152586934384,0.10071935341754734,2.4883617611956064,0.0708892647479954,0.4291107352520046,3.8765028212710853
FTSE,44,10,CNN-WGAN-GP,0.0005171446,0.0017200503,0.5116176,2.575869,0.0011494163091028639,5.6092627346515656e-05,8.817124912846185e-06,0.05585096343536861,0.06516243099234999,0.08004489743616432,0.54823256,0.399201596806388,2.8983084094524636e-06,24.921485675816896,0.011331261976989415,1.813877018892026,0.0022222669673539475,0.502222266967354,3.0820264790292162
FTSE,44,10,iid,0.00032004112,0.002371245,0.777659,1.3695288,0.0019495157635781898,0.00010869279503822327,2.1493461604023874e-05,0.05075268747517839,0.06809635837329552,0.06125383862061426,1.3476062,1.796407185628743,0.5016546418940092,29.23147473970191,0.09597816797619041,0.714851427084354,0.06885224262600231,0.5688522426260023,2.3579828418223356
FTSE,44,10,GARCH,0.0003534494,0.0027104802,0.44073632,0.39596128,0.0018756609472089236,0.00010277796536684036,3.0223609364560064e-05,0.06964380712655839,0.09783597617410124,0.10373595715966076,0.763922,0.19960079840319356,2.8983333035299106e-06,139.07806768430555,0.04573854922181486,1.5782325750404511,0.04098094752290948,0.5409809475229095,2.6608500375645923
FTSE,44,10,sb_r,0.0008941993,0.0024977382,0.54694283,1.5502796,0.0022468446013209215,0.00018898211419582367,2.0870900015682853e-05,0.05449878841405734,0.08007400159724057,0.06354240746004507,0.41762924,1.5968063872255494,0.5020804895506672,29.234575756876332,0.1072310855294305,0.5433504310847086,0.21384369630584188,0.7138436963058419,0.7824136111792529
FTSE,44,10,GJR-GARCH,6.0812512e-05,0.002964368,0.9126073,0.5645337,0.002150072568783908,0.0001352466642856598,3.9181837327117896e-05,0.06738393089035526,0.17177999719046055,0.1423010738333687,0.21339965,0.5988023952095816,2.8983333035299106e-06,89.34296569105766,0.07499769834226655,1.8448987583293186,0.014522927405498265,0.48547707259450174,3.2639903972147755
FTSE,44,10,sb_abs,0.00012574223,0.0055729095,1.1165426,1.4325199,0.0038531221030933156,0.000379808247089386,0.00010807426464563772,0.06213389557087794,0.12191742315888404,0.08752721818629652,0.48141432,1.3972055888223558,2.8983333035299106e-06,86.22670156964972,0.12902171706778276,1.5478292855091507,0.10664823167239401,0.393351768327606,4.2650824690762175
FTSE,44,10,CONTROL: shuffled real,0.0,9.313226e-10,0.0,1.4305115e-06,0.0,4.470348358154297e-08,0.0,0.04992907222127542,0.08614010082092136,0.07594864338869228,0.0,0.0,0.7550702432035004,30.92950130427689,0.10478975324002748,1.980888486642093,0.20145511168384878,0.7014551116838488,0.9170358406020375
FTSE,44,11,GJR-GARCH,0.00017980987,0.0009544706,0.94007075,2.0440912,0.0009775292961537842,4.423968493938446e-05,7.229218230467234e-06,0.052287415566388516,0.06544725103769451,0.05464405198348686,0.29283786,0.19960079840319356,2.8982827411170335e-06,23.429447321000552,0.036165159478299125,1.2591264560745072,0.11044217139175261,0.3895578286082474,4.306309827882726
FTSE,44,11,TimeGAN,0.00062352215,0.0010195961,0.9319876,2.436307,0.0009342406305578348,3.575347363948822e-05,1.0477578504477007e-05,0.0632031848677434,0.06452795354649425,0.054082111045718195,0.08074427,0.19960079840319356,3.8924748763194834e-05,5.879649979231836,0.027384016901787822,1.4610537647011395,0.08567439862542958,0.4143256013745704,4.037167477131853
FTSE,44,11,iid,9.550422e-05,0.0010784352,0.037126362,0.5109682,0.001098641565157507,5.4216012358665466e-05,3.5265074123366433e-06,0.05715626802528277,0.08305108709959313,0.05903542259940878,0.4183588,0.19960079840319356,0.863647605698741,31.67715802526859,0.10481800199822966,1.6153411545793137,0.07133582116265746,0.5713358211626575,2.3309946999358493
FTSE,44,11,sb_abs,0.0003349459,0.0017435523,0.38957974,2.8774862,0.0010901091957134987,4.636961966753006e-05,9.496040525108278e-06,0.061601001308299604,0.06446466694935225,0.09478809481021017,0.7850008,0.7984031936127751,2.8983283560526475e-06,28.316731368195022,0.0006365905524304827,1.6990803833288948,0.08814343499427268,0.4118565650057273,4.063997594586072
FTSE,44,11,GARCH,9.382807e-05,0.003599667,0.49224448,1.4287324,0.0031526690326791874,0.00034446362406015396,3.170575090500528e-05,0.048216288169351175,0.05739466334460303,0.04909796018357156,1.1113186,0.9980039920159687,2.898324545858938e-06,27.117822231498394,0.07969546941660488,1.3652054341866182,0.21497239225372267,0.7149723922537227,0.7701484840900432
FTSE,44,11,sb_r,0.00096493936,0.0016257474,0.105151236,3.086166,0.0013676483686594128,8.440297096967697e-05,5.973251551013831e-06,0.05097876736006583,0.08465989778749644,0.06217891984735616,0.109432936,0.0,0.9669513865792149,32.62684213404223,0.09114824267905042,4.99832268146879,0.18508756622279499,0.685087566222795,1.094895985838818
FTSE,44,11,CNN-WGAN-GP,0.00053457904,0.0026277294,0.5080807,3.6009734,0.0017518895898853614,0.00010699499398469925,1.8491321565043317e-05,0.05240935177309439,0.07215319148264826,0.0662475724471733,2.4611773,0.7984031936127751,7.815631842995668e-05,7.355612339773547,0.009074415948795878,1.711430063761548,0.1787966244272624,0.6787966244272624,1.1632573552385226
FTSE,44,11,QuantGAN,0.0003481818,0.004959927,0.47507185,2.798767,0.004124931840381971,0.0005160532891750336,7.866367908860374e-05,0.06387885637348517,0.09075259513221681,0.09991975096520037,0.8740158,0.9980039920159687,2.8983333019178164e-06,45.073428073638254,0.040860219269690634,1.365318956656187,0.2119899054982819,0.7119899054982819,0.8025580795759211
FTSE,44,11,CONTROL: shuffled real,0.0,9.313226e-10,0.0,1.4305115e-06,0.0,4.470348358154297e-08,0.0,0.04992907222127542,0.08614010082092136,0.07594864338869228,0.0,0.0,0.7550702432035004,30.92950130427689,0.10478975324002748,1.980888486642093,0.20145511168384878,0.7014551116838488,0.9170358406020375
FTSE,44,12,GARCH,0.00033650114,7.1484596e-05,0.577259,3.1900513,0.0010660820187018078,5.6871213018894196e-05,2.9499671888041745e-06,0.04873487902805209,0.0537668460002169,0.056086986393202094,0.6701906,0.19960079840319356,0.005519224428669229,17.05777372560877,0.018948017205676515,1.3546176409405923,0.04116552119129446,0.5411655211912945,2.6588443428473267
FTSE,44,12,QuantGAN,0.00018265995,0.0017322917,0.36836314,3.61093,0.001007330222556065,3.360118716955185e-05,1.6019294451477893e-05,0.05097284528368618,0.06695883559048525,0.059609299415024,2.0075412,0.3992015968063871,0.017553391082333357,19.860279505487394,0.050628683917393835,1.777674821488811,0.10475819730813285,0.6047581973081328,1.9678059316787282
FTSE,44,12,TimeGAN,0.00071916106,0.00025413,0.45721418,2.4966593,0.0010574690847375996,7.271114736795425e-05,8.005095133794372e-07,0.054941597243305294,0.07743467956272071,0.05844037967501208,0.05393672,0.7984031936127742,0.2712908521883889,27.1944191223727,0.06290788808657843,0.49492565162116087,0.12982285402348237,0.6298228540234824,1.6954374513644481
FTSE,44,12,GJR-GARCH,0.0005871322,0.0012233825,0.6942037,3.6019392,0.001140900462631773,6.736628711223602e-05,9.048913991779573e-06,0.048530256636440755,0.06243872001767158,0.062374466861365364,2.160739,0.399201596806388,0.07219375980805713,23.461543255063027,0.05788914398615419,1.4420583756497591,0.11201451532073314,0.6120145153207331,1.8889541711214515
FTSE,44,12,iid,0.0005850827,0.001913582,0.24592954,0.3383913,0.0012765466997883483,5.7989731431007385e-05,1.6023470551131712e-05,0.04993147059576586,0.07366327340947464,0.05869790702592582,0.4342816,1.796407185628743,0.8918914977809452,31.894730606692313,0.034485165358730585,0.9090484330869852,0.11156482674684987,0.6115648267468499,1.8938407727962423
FTSE,44,12,CNN-WGAN-GP,0.00012614287,0.002783494,0.32875597,3.8555355,0.0015023544791713172,7.773004472255707e-05,1.946413800049653e-05,0.05221322131343186,0.07207317161373794,0.05813478896627203,2.4902563,0.5988023952095816,0.2136191207265183,26.475182284926007,0.019663121790228666,1.6542783173843314,0.11420165735967935,0.6142016573596794,1.865187296508146
FTSE,44,12,sb_r,0.0011179632,0.0041878065,0.10084161,3.6719499,0.002789162793932177,0.00022310204803943634,4.206977300987094e-05,0.044041074527194725,0.08267251475597731,0.061357488193316385,0.03355217,1.1976047904191622,0.9165035588071522,32.10085789042526,0.09861445966806104,5.923122981467976,0.2951039876861399,0.7951039876861399,0.10061232947100658
FTSE,44,12,sb_abs,0.00034469197,0.0034713065,0.5726587,3.6724463,0.0035557962758806148,0.0004656035453081131,3.408231425503577e-05,0.05949819458881393,0.06221239411475835,0.07606646257918329,5.426003,2.19560878243513,6.996039239062442e-05,7.117230947904144,0.004662058169089156,2.1430125187858464,0.33153793492268036,0.8315379349226804,0.4965267420785447
FTSE,44,12,CONTROL: shuffled real,0.0,9.313226e-10,0.0,1.4305115e-06,0.0,4.470348358154297e-08,0.0,0.04992907222127542,0.08614010082092136,0.07594864338869228,0.0,0.0,0.7550702432035004,30.92950130427689,0.10478975324002748,1.980888486642093,0.20145511168384878,0.7014551116838488,0.9170358406020375
FTSE,44,13,sb_abs,0.00025425863,0.0005121315,0.38906032,3.2665725,0.0007270156600265647,2.4194829165935516e-05,1.6529818075233544e-06,0.05159952471265569,0.052022566073574125,0.06119640829507261,1.3407798,0.5988023952095816,2.8833992359646436e-06,11.367427427023543,0.012806655420621205,1.7635340624763263,0.048634602305269226,0.4513653976947308,3.634669523561463
FTSE,44,13,CNN-WGAN-GP,0.00073890283,0.0007890081,0.15602645,2.812169,0.0010224181448017428,5.353987216949463e-05,2.0568566021723543e-06,0.06049523664172739,0.06475192153360694,0.05269751434214413,1.5821385,1.9960079840319365,0.027429161636133174,20.971048028674403,0.0051479224636959975,1.0258066302780118,0.0764754707187858,0.5764754707187858,2.2751440032816497
FTSE,44,13,GARCH,0.0005204704,0.0004499657,0.49899468,2.8291087,0.000887604493376178,4.4451095163822174e-05,8.840903629972117e-07,0.054015388193074616,0.045541319428011776,0.056749745653942224,3.171578,1.9960079840319365,2.8968963132865206e-06,16.352157211795152,0.03335956091724279,1.4975757384450699,0.09368355347938151,0.4063164465206185,4.1242000409904565
FTSE,44,13,TimeGAN,6.8448426e-05,0.0010763835,0.29356986,3.6171107,0.0011371305116701837,5.472265183925629e-05,8.990158738280413e-06,0.05606505614472553,0.07421595928957686,0.05756208393140696,0.7378218,0.7984031936127742,0.04856149166176308,22.425038563538298,0.02977356322909508,1.8878223896381114,0.19294973331901488,0.6929497333190149,1.0094606843186915
FTSE,44,13,QuantGAN,8.1481354e-05,0.000846765,0.14829439,2.6550817,0.001174095512999588,5.068071186542511e-05,4.73078565044436e-06,0.05142735917354003,0.08063214083667844,0.1017184705613181,2.8999963,1.3972055888223558,2.898333138584985e-06,35.43557226132593,0.007625977375040227,1.4619797876424503,0.07331400343642613,0.42668599656357387,3.90285157199316
FTSE,44,13,sb_r,0.00028208044,0.0013605859,0.90429235,0.35176468,0.0012245156935251995,4.914030432701111e-05,1.3901035845573832e-05,0.05000742903910577,0.08993415131699294,0.07249100188724697,0.324044,0.399201596806388,0.3938411640781176,28.386885400902038,0.10525659171745838,1.7845243384603755,0.1906482674684995,0.6906482674684995,1.0344698740841436
FTSE,44,13,iid,0.00010506471,0.0018880209,1.265139,1.9511952,0.0015572445528938324,7.169414311647415e-05,7.590987173531101e-06,0.048285342751187274,0.07376055133280147,0.057693907057082466,0.85511637,0.9980039920159687,0.9804575220323924,32.82674093481716,0.13085135531676173,5.244387659887349,0.2205125107388317,0.7205125107388317,0.7099460376856557
FTSE,44,13,GJR-GARCH,0.00083943707,0.0011929832,0.4494567,2.614729,0.0013186845969145415,9.570177644491196e-05,3.185421763695503e-06,0.05985662084538489,0.0466418648842955,0.0630230110231787,2.2623053,1.9960079840319365,2.8975743545297293e-06,17.70606903555506,0.06551497127355932,1.3707170435077982,0.06832805340778925,0.5683280534077892,2.3636790148193665
FTSE,44,13,CONTROL: shuffled real,0.0,9.313226e-10,0.0,1.4305115e-06,0.0,4.470348358154297e-08,0.0,0.04992907222127542,0.08614010082092136,0.07594864338869228,0.0,0.0,0.7550702432035004,30.92950130427689,0.10478975324002748,1.980888486642093,0.20145511168384878,0.7014551116838488,0.9170358406020375
FTSE,44,14,sb_abs,0.0002484678,0.00040066987,0.6441308,1.6042395,0.0008373981463065465,3.2817013561725616e-05,1.9100058449108717e-06,0.04985784002346918,0.05613551178947091,0.06853904654388315,0.5795233,0.5988023952095816,2.8983333026925834e-06,46.43374423199816,0.03870730630602359,1.5451480009699332,0.035465215134593386,0.4645347848654066,3.4915625976983713
FTSE,44,14,GJR-GARCH,0.00018067862,0.0016651573,0.6105587,2.8680496,0.0011230149175707352,4.71239909529686e-05,7.501308838443655e-06,0.055786231926176696,0.04759442445880268,0.05905675878981129,0.7965684,0.399201596806388,0.0002757289251372692,10.13543489177956,0.038169577540991595,1.4875475127102527,0.04030194014891175,0.5403019401489118,2.6682285629790137
FTSE,44,14,CNN-WGAN-GP,0.0009281951,0.00022910908,0.4812033,1.7124357,0.0011349147850656406,7.507670670747757e-05,1.4010170399227489e-06,0.05711849957937375,0.06019146752543748,0.07096482400316745,0.2699442,0.0,0.014655014274834443,19.41646468782071,0.0638532944966752,1.278504120796954,0.015432148482245112,0.4845678515177549,3.2738705709492755
FTSE,44,14,TimeGAN,0.00039749843,0.0014485801,0.249506,3.134725,0.0010355587089548122,3.830995410680771e-05,1.027444701181277e-05,0.052707175521645694,0.0699705478863325,0.05771769771235995,0.8751879,0.5988023952095807,0.006118057380209899,17.303554835998014,0.04797807203770965,1.9590086098791608,0.0032176224226804218,0.5032176224226804,3.071210314426659
FTSE,44,14,QuantGAN,0.00047276443,5.5013224e-06,0.5370341,3.7834127,0.0013619193934406543,9.0084969997406e-05,4.134755388571516e-06,0.05952735636383295,0.05969213842181489,0.047177006115671244,2.0485516,0.7984031936127751,0.00941058685881449,18.33828196869527,0.015021756204842585,1.962988720161564,0.18202811784077888,0.6820281178407789,1.1281418952431705
FTSE,44,14,GARCH,0.0003140808,0.0012479266,0.51247394,3.5138905,0.000879792202114456,2.4800188839435577e-05,7.853015778965537e-06,0.06021488179452717,0.0635754104226362,0.059523896370083096,2.1693482,0.7984031936127751,0.5759448043263722,29.75313555306232,0.03368767645712867,1.4275353767890913,0.08329395761741126,0.41670604238258874,4.011300093141923
FTSE,44,14,sb_r,0.00029889157,0.0028564613,0.68032974,2.9180655,0.001814097006177317,0.00010985136032104492,8.721408667526538e-06,0.0484180355980061,0.07811921347863972,0.06328229281818494,0.2108562,0.0,0.9634407623296414,32.58179478760036,0.10669292601612534,3.308188645393911,0.09185884700744551,0.5918588470074455,2.107978465391834
FTSE,44,14,iid,0.0013898644,0.002498583,0.5502873,1.6495614,0.0018591479737898448,0.0001353612169623375,2.1536501794918912e-05,0.061105053852079434,0.08262988733593374,0.06599047242867527,0.13564873,0.7984031936127751,0.8333689070605843,31.458364985799992,0.16564859833468637,3.0264713998921042,0.2062911655211913,0.7062911655211913,0.8644842078645986
FTSE,44,14,CONTROL: shuffled real,0.0,9.313226e-10,0.0,1.4305115e-06,0.0,4.470348358154297e-08,0.0,0.04992907222127542,0.08614010082092136,0.07594864338869228,0.0,0.0,0.7550702432035004,30.92950130427689,0.10478975324002748,1.980888486642093,0.20145511168384878,0.7014551116838488,0.9170358406020375
FTSE,44,15,CNN-WGAN-GP,0.0002833159,0.0016807094,0.27024627,3.0972471,0.0010487521050415167,3.551319241523743e-05,1.1983185477829222e-05,0.051012844145298004,0.059339088112465105,0.04749309909646399,1.7893834,0.19960079840319356,0.0035770330534112254,16.029647521782767,0.020307526552575506,1.1075824308284457,0.09544360323596801,0.595443603235968,2.0690242272648907
FTSE,44,15,QuantGAN,0.0007395541,0.001118524,0.01819253,0.92693853,0.0009853708349642789,4.664342850446701e-05,7.87714774827681e-06,0.05610686203086516,0.07247146837878972,0.06330419617937878,0.23702478,0.3992015968063871,2.898332677245243e-06,32.64704421048987,0.026684712377328834,0.5001585625401681,0.009216154782359709,0.5092161547823597,3.0060264516881228
FTSE,44,15,GJR-GARCH,0.00017276272,0.0022457046,1.239485,0.023382187,0.0016284718179534225,0.00010162591934204102,2.056791575384461e-05,0.05604327446315437,0.04563933680765331,0.04487176534952596,0.20133781,0.19960079840319356,2.8983254443655098e-06,27.345176713499015,0.002951040484363787,1.1206645399551038,0.023801725372279536,0.5238017253722795,2.847530377267112
FTSE,44,15,GARCH,0.00057351234,0.0013719574,0.76751584,2.6707454,0.0009261836929602098,3.356859087944031e-05,8.85076409277425e-06,0.05519601980398875,0.05483130086096935,0.039954874835675586,1.908526,1.3972055888223558,0.00017060175507354103,9.064691697540567,0.004809146625220473,1.1736833525065329,0.1121879027061855,0.3878120972938145,4.325280053190379
FTSE,44,15,TimeGAN,0.00036428805,0.0008835085,0.28397563,2.7798839,0.0011852113895144724,7.613096386194229e-05,9.069084194989841e-06,0.05650013445701916,0.07395687734591774,0.06098013172391802,0.26650548,1.1976047904191613,0.5350926745705606,29.470747846560673,0.07042136218175654,1.6300794697595866,0.20788453966208487,0.7078845396620849,0.8471695923781045
FTSE,44,15,sb_abs,0.00010979624,0.0024759509,0.4531288,3.0582223,0.0026084996581645066,0.00027973949909210205,1.5336523907534313e-05,0.04516848663566634,0.06278929706197232,0.05884875987656415,1.6238065,0.9980039920159687,2.89830638081727e-06,24.75662215414686,0.05475652162673139,1.7043393728533682,0.2800825995131728,0.7800825995131728,0.0626196156278626
FTSE,44,15,sb_r,0.00095398753,0.0014755279,0.67168134,1.020822,0.0013843444374110185,7.688254117965698e-05,1.6467056483472603e-05,0.04140520743560046,0.08076149598811753,0.06430070164438803,0.14952469,1.3972055888223558,0.9219783396885737,32.14965950006436,0.08533980155636489,1.1712903950882545,0.1199073328321878,0.6199073328321878,1.8031858027210041
FTSE,44,15,iid,0.00052307075,0.0025285268,1.7970033,3.8344493,0.0014547663525875279,5.126744508743286e-05,2.6584174108475008e-05,0.04784246367635205,0.07974415803910233,0.05744917718344368,0.4819634,0.5988023952095807,0.8558051410542933,31.61930380189002,0.07211187364961902,5.964808942979247,0.16741480526918673,0.6674148052691867,1.286939431658048
FTSE,44,15,CONTROL: shuffled real,0.0,9.313226e-10,0.0,1.4305115e-06,0.0,4.470348358154297e-08,0.0,0.04992907222127542,0.08614010082092136,0.07594864338869228,0.0,0.0,0.7550702432035004,30.92950130427689,0.10478975324002748,1.980888486642093,0.20145511168384878,0.7014551116838488,0.9170358406020375
FTSE,44,16,sb_r,1.8427381e-05,0.00042819884,0.43433288,1.6318607,0.0007329056087385292,1.8903054296970367e-05,1.6847529401420865e-06,0.046878434021491555,0.0842508818168426,0.05986150484066457,0.95276594,0.9980039920159687,0.6921821632864472,30.5202518712292,0.06334233434374181,0.4991843077783811,0.10209899412943879,0.6020989941294388,1.996702522478005
FTSE,44,16,TimeGAN,0.00070565444,0.00056113396,0.37121212,3.3771627,0.0009679138867991758,5.722418427467346e-05,1.044760039752388e-06,0.052999322580290026,0.07138794346246868,0.05557229828322306,0.4782927,0.19960079840319356,0.16571504537751441,25.738458325768903,0.008246920758670395,1.4682208705221762,0.178272658934708,0.678272658934708,1.1689510970904415
FTSE,44,16,sb_abs,0.000109909044,0.0012256308,0.15389442,2.8601322,0.0007233843066850548,1.706928014755249e-05,4.001949230098706e-06,0.05315964868830633,0.04888714591506869,0.05580522308649961,1.0638008,0.7984031936127751,0.0006007856713582142,11.8963269464953,0.04220900830732299,1.291632785396823,0.09293250644329892,0.4070674935567011,4.116038686850024
FTSE,44,16,CNN-WGAN-GP,0.00037375998,0.0015823012,0.562139,3.1752932,0.0010582091919220371,4.393234848976135e-05,9.942897046176123e-06,0.04617160011664964,0.06349967864109203,0.048759415217209605,1.1170754,0.399201596806388,2.806965643670316e-06,7.486267619303931,0.038563174836548475,1.596716436417565,0.04591946771191302,0.545919467711913,2.607184940365932
FTSE,44,16,GJR-GARCH,0.00011271512,0.0019968282,0.6883238,3.7696972,0.001264312954418472,5.3229741752147675e-05,1.7981421431045835e-05,0.05581419968919363,0.046314827064052225,0.055329003884689885,4.0533514,1.3972055888223558,2.3720734745202106e-06,3.709359126576288,0.00528437404484372,1.9881995080298775,0.030911055627147743,0.46908894437285226,3.4420742078018454
FTSE,44,16,iid,0.00047473772,0.0027957782,0.5072753,4.175922,0.0017478200710041535,9.243935346603394e-05,1.2117172580089834e-05,0.04144092566100881,0.07161095857154579,0.05607757272897288,0.04134345,0.399201596806388,0.8608252834690779,31.656229014085245,0.10392599985895723,6.097593844233523,0.15009172752004585,0.6500917275200458,1.4751829976674788
FTSE,44,16,GARCH,0.00018069067,0.000506795,0.5942379,3.1048348,0.001198287448244831,5.92600554227829e-05,6.959424579201213e-06,0.0588387811393477,0.09617867610417306,0.10635990475770087,1.5154681,1.1976047904191622,2.8983333035178133e-06,55.213225299092414,0.030789218698827336,1.927713885975265,0.06454731350229093,0.4354526864977091,3.807587150785881
FTSE,44,16,QuantGAN,0.00042018,0.0035920562,0.62467176,3.6116188,0.003406909664962933,0.0004056748002767563,3.5959937637653534e-05,0.05242423246614635,0.04644702869047251,0.05142488857265562,4.6419883,2.19560878243513,1.623680545241446e-06,1.7899985624286643,0.02750093591614744,1.5785309497244362,0.1523363670532646,0.6523363670532646,1.4507913187604327
FTSE,44,16,CONTROL: shuffled real,0.0,9.313226e-10,0.0,1.4305115e-06,0.0,4.470348358154297e-08,0.0,0.04992907222127542,0.08614010082092136,0.07594864338869228,0.0,0.0,0.7550702432035004,30.92950130427689,0.10478975324002748,1.980888486642093,0.20145511168384878,0.7014551116838488,0.9170358406020375
FTSE,44,17,sb_abs,0.0002086102,0.000326721,0.35104424,3.7165375,0.0009361011201574236,4.038866609334946e-05,2.31130461120793e-06,0.0471236124150164,0.05974489621818066,0.05201808069832623,2.5232358,0.5988023952095816,0.3898066930479451,28.352429127615597,0.03974622475540546,1.675753561050227,0.004861558562428425,0.4951384414375716,3.159003826705267
FTSE,44,17,TimeGAN,0.0008125599,0.00090034865,0.41896766,3.5292575,0.0011543614833179805,7.733423262834549e-05,7.324483565254109e-06,0.053158856874797496,0.0781191705222227,0.05890026460576337,1.3931222,0.0,0.05669820113438993,22.826959943682205,0.04667390137719796,1.7452589461815737,0.2060329861111112,0.7060329861111112,0.867289749323656
FTSE,44,17,GARCH,0.0008437501,0.0009448277,0.25486857,2.553022,0.001451469194328596,0.00010411255061626434,3.605466830330747e-06,0.061303772850660604,0.05259225900284946,0.06169712019851431,1.6028805,0.9980039920159687,0.05669393156541426,22.82676366441757,0.014829745183294274,0.7603690956885831,0.092260658290378,0.592260658290378,2.1036121287709766
FTSE,44,17,QuantGAN,0.00038118957,0.00027265958,0.33696675,3.6629162,0.0012499877950118508,6.150733679533005e-05,4.699542513654138e-06,0.0466434778040275,0.06503298434428871,0.06400876185041852,3.6876392,1.796407185628743,0.008998865859828634,18.230198343579502,0.09770760038376625,1.8064941605458196,0.027328089203894512,0.5273280892038945,2.809210668014361
FTSE,44,17,CNN-WGAN-GP,0.00021810312,0.0020505302,0.25452086,1.6938972,0.001772139597368825,0.00011378619819879532,1.1713202349188215e-05,0.06094229298469145,0.05644278406398371,0.05880920603405684,1.062161,1.3972055888223558,2.896320068840362e-06,15.636146711874488,0.043583001674489585,1.092840032161269,0.25027048432130583,0.24972951567869414,5.825773091634867
FTSE,44,17,sb_r,0.0005639278,0.0027932907,0.07782394,6.3167214,0.0016072906679462495,7.962435483932495e-05,1.88331284241847e-05,0.04689776049461216,0.08994769069133327,0.06382816490891856,0.4344852,0.5988023952095807,0.9796867495955505,32.81376856761749,0.09617085803262115,8.453207975631308,0.1704277187142038,0.6704277187142038,1.254199200436959
FTSE,44,17,iid,0.0012190652,0.0021489365,0.7013466,7.8794904,0.0016136273487775217,0.00011251308023929596,1.2155111436405976e-05,0.059839016153782724,0.08040282684378326,0.06085371501452755,0.12160754,0.0,0.9121077024389148,32.062555637722454,0.15715023908833292,8.198281322583505,0.2901415288516609,0.7901415288516609,0.04668709974537907
FTSE,44,17,GJR-GARCH,0.0012348222,0.0036942633,0.0703215,0.8824644,0.0025360918701311363,0.00019952189177274704,5.116070165020626e-05,0.05559831301216036,0.14275406195782125,0.10340054040309042,0.0050373077,0.9980039920159687,4.11697392628125e-07,0.2901787714268238,0.03350761715927064,0.8310807229543045,0.1514063394902635,0.3485936605097365,4.751452497859826
FTSE,44,17,CONTROL: shuffled real,0.0,9.313226e-10,0.0,1.4305115e-06,0.0,4.470348358154297e-08,0.0,0.04992907222127542,0.08614010082092136,0.07594864338869228,0.0,0.0,0.7550702432035004,30.92950130427689,0.10478975324002748,1.980888486642093,0.20145511168384878,0.7014551116838488,0.9170358406020375
FTSE,44,18,TimeGAN,3.121473e-05,0.00044391863,0.41423714,2.0425186,0.0010265082007849373,5.1079317927360535e-05,2.3219707066127794e-06,0.04670761288551148,0.07658505975268781,0.05990928856190294,0.70541334,0.0,0.09385677361342645,24.16295898156433,0.007942659560898568,0.7586281258035026,0.05210525844788083,0.5521052584478808,2.539966209168791
FTSE,44,18,GARCH,0.00020505185,0.001356435,0.488478,2.8768349,0.0009909624351668656,3.4689903259277344e-05,4.38878974337572e-06,0.05443395714974031,0.058741318797692656,0.04728131766431034,0.2905624,0.0,8.873362679376037e-05,7.630191007846612,0.014991573504144928,0.9697999035627518,0.03727784042096227,0.5372778404209623,2.701090351455694
FTSE,44,18,CNN-WGAN-GP,0.00019622018,0.0007883562,0.3950119,2.3883128,0.0010431191545946918,4.1872262954711914e-05,2.497002336729765e-06,0.05779281558192451,0.05529157989170926,0.054964001823973374,1.2239585,1.796407185628743,2.742956238667979e-06,6.343748431373228,0.03786321539719162,1.1287128180117585,0.002001673467926568,0.5020016734679266,3.084423588109487
FTSE,44,18,GJR-GARCH,0.00048740866,0.0015347386,0.69571304,2.4330096,0.0012703190410790705,6.39837235212326e-05,9.421339191036054e-06,0.05528930055443197,0.059670130208251064,0.05576210369938053,0.15482259,0.3992015968063871,0.00010807978582748653,8.059649104645082,0.012756075159582325,0.9224149879333252,0.12039930555555556,0.6203993055555556,1.797839714620077
FTSE,44,18,iid,0.00040470116,0.001843079,0.48048592,3.1875482,0.001233070328033975,4.031229764223099e-05,1.6750449909322997e-05,0.04385971611714922,0.08111973772989586,0.06168723720358685,0.23974276,0.19960079840319356,0.9682702720974037,32.6443451585925,0.12699478516124307,5.254632249256349,0.11432515392325315,0.6143251539232532,1.8638453044064136
FTSE,44,18,sb_r,1.2928387e-05,0.0016841814,1.5213459,3.637423,0.0012457006477708075,4.314258694648743e-05,3.968735672267206e-06,0.051383628156036136,0.08369744960567914,0.05879855909850448,0.64311314,0.5988023952095816,0.9021676311758121,31.97848085834144,0.11587021713115053,5.773713206185566,0.16245659722222228,0.6624565972222223,1.3408184696265484
FTSE,44,18,QuantGAN,0.0006131337,0.0037035355,0.40142196,2.5572076,0.003058438392909301,0.00031049828976392746,4.6552802304550443e-05,0.048193765028845516,0.09339942953549325,0.12083452568855137,1.4423528,1.9960079840319365,2.8983333035299106e-06,94.09104173564245,0.04312560527645948,1.9742613173325623,0.05357446484822448,0.5535744648482245,2.5240008792193662
FTSE,44,18,sb_abs,0.0002544241,0.0053665414,0.75409627,0.5464816,0.0032315319380252032,0.00024614110589027405,0.00012559761599955697,0.06909851325675845,0.1864619222190231,0.14389708241913468,0.2505405,1.3972055888223558,2.8983333035298984e-06,69.46685576424288,0.06206880384243896,1.4490944370852512,0.09335199205326461,0.4066480079467354,4.120597083934715
FTSE,44,18,CONTROL: shuffled real,0.0,9.313226e-10,0.0,1.4305115e-06,0.0,4.470348358154297e-08,0.0,0.04992907222127542,0.08614010082092136,0.07594864338869228,0.0,0.0,0.7550702432035004,30.92950130427689,0.10478975324002748,1.980888486642093,0.20145511168384878,0.7014551116838488,0.9170358406020375
FTSE,44,19,QuantGAN,0.00060846144,0.00018221885,0.20379037,3.0504231,0.0009071091714256098,3.872532397508621e-05,1.4060352382684037e-06,0.05066085522295907,0.05297441588249058,0.04885175766423345,0.37246466,0.7984031936127742,0.0003722041085381093,10.810537730706827,0.022211037642041687,1.5890185592655053,0.03445979202462779,0.5344597920246278,2.7317130552843754
FTSE,44,19,GJR-GARCH,0.0002342047,0.001102603,1.1852318,1.5243239,0.0014115958866498805,8.760485798120499e-05,1.0454061251888095e-05,0.04928939215256833,0.05879452575230971,0.04950167202856392,0.23603177,0.19960079840319356,2.514988420168919e-06,4.394922321065636,0.008212985593455291,0.07050489160022178,0.01963170282073312,0.4803682971792669,3.319505595843542
FTSE,44,19,TimeGAN,0.0004664681,0.0007101549,0.48824438,2.693883,0.000983195534974435,5.3416937589645386e-05,4.316942464845342e-06,0.05364230662933551,0.07304442515596747,0.055337482183240354,0.9416928,0.19960079840319356,1.887050738019896e-05,4.43110995988085,0.05744026064635821,0.9984140345766548,0.061232146692439815,0.5612321466924398,2.4407876443314573
FTSE,44,19,CNN-WGAN-GP,5.0203118e-05,0.00075053703,0.5917036,2.8685002,0.0006433179341893303,1.8151476979255676e-05,4.940666032287671e-06,0.06760718968231232,0.07012481883866713,0.061576670900685714,1.4525275,0.5988023952095816,0.011964857981747285,18.92093317152163,0.02439715376042695,1.1704701212431599,0.055058213416380286,0.4449417865836197,3.704472562012486
FTSE,44,19,GARCH,0.00037230487,0.0015411619,0.99951935,2.473425,0.0010679292984690453,4.922505468130112e-05,9.97728039690739e-06,0.04802303939301055,0.053942364864051344,0.05932486215489916,1.2027359,0.7984031936127751,0.5870721400211316,29.82850447729023,0.001924359251626484,1.0681768989483595,0.26238343893184424,0.23761656106815576,5.957400150279871
FTSE,44,19,sb_r,0.00012730737,0.0017635105,1.0322444,0.39480686,0.0013824148643003208,5.964096635580063e-05,5.548660964461313e-06,0.05000364977866411,0.0739147799438797,0.059373011679854246,0.04969144,0.5988023952095816,0.006241226064640643,17.351188387832764,0.08346146596231585,2.5861228385138517,0.14971005154639183,0.6497100515463918,1.4793305312282699
FTSE,44,19,sb_abs,0.0010315524,0.0015473152,0.53127575,2.7764816,0.0020317848141125886,0.00017978250980377197,1.1453517840499868e-05,0.05484475509263575,0.049698620727285744,0.061198746820446105,0.4533019,0.19960079840319356,2.879058241305121e-06,10.822064463771376,0.0544513210704024,1.4332118402446605,0.028595942511454808,0.4714040574885452,3.4169167181845714
FTSE,44,19,iid,0.0015444977,0.0020446368,0.09801528,0.3801694,0.0019456511349481463,0.00018449965864419937,1.2315830453523356e-05,0.049234319407260044,0.08040733305475442,0.05805894004413858,0.7667279,1.3972055888223558,0.739735440567631,30.82918154355407,0.08617534786591607,1.7625776623159055,0.2324012922394043,0.7324012922394043,0.5807549864427131
FTSE,44,19,CONTROL: shuffled real,0.0,9.313226e-10,0.0,1.4305115e-06,0.0,4.470348358154297e-08,0.0,0.04992907222127542,0.08614010082092136,0.07594864338869228,0.0,0.0,0.7550702432035004,30.92950130427689,0.10478975324002748,1.980888486642093,0.20145511168384878,0.7014551116838488,0.9170358406020375
MOEX,42,0,CNN-WGAN-GP,0.00052173773,0.00068582036,0.51348424,1.8202958,0.0009384401213974346,3.5014934837818146e-05,3.340552478572558e-06,0.04566911274218,0.035835495069623,0.04966043129301397,2.1537762,0.7999999999999998,0.03702940280873936,32.724350729982454,0.03323736124167076,2.316880523947625,0.23144531250000006,0.26855468749999994,2.5225335468763035
MOEX,42,0,iid,0.001165342,0.0005305931,0.16885327,4.2833605,0.001673962468739773,9.965337812900543e-05,6.724215967843964e-06,0.04841495263623074,0.07362410132060176,0.046207001978618795,0.6653495,0.39999999999999947,0.8333571166193887,9.99800880732064,0.12157057461957888,4.457566107610207,0.15049913194444442,0.6504991319444444,0.12857354470846052
MOEX,42,0,sb_abs,0.0013097147,0.0049126856,0.8454975,1.0204883,0.003543629892265016,0.0002843569964170456,7.610507296866498e-05,0.05592055347187852,0.04479541275301017,0.0376467349473387,0.5624254,0.20000000000000018,0.035790814063426095,8.179471748395303,0.04366117056125396,3.949791721202418,0.11879340277777772,0.6187934027777777,0.0914984701100249
MOEX,42,0,TimeGAN,0.0010402538,0.0005933894,1.6900009,4.065159,0.0023302314064203534,0.00021436531096696854,4.000011646857793e-05,0.06400768622756005,0.08208279714861419,0.05727402984397486,1.3703485,0.6000000000000005,0.03702778631577472,22.978907719616778,0.016385026727451013,2.199110636139139,0.1777126736111111,0.6777126736111111,0.317464924983875
MOEX,42,0,GJR-GARCH,0.00048709926,0.005200292,0.44873065,2.4887757,0.0036826380977709045,0.0004069097340106964,7.415438610335662e-05,0.05016242594341747,0.06942994254190125,0.04414414611295797,2.2549877,0.7999999999999998,0.5355265806712578,8.000411757737128,0.05081025847011256,2.317653502626781,0.22183159722222223,0.7218315972222222,0.6236979202788653
MOEX,42,0,sb_r,0.0021229372,0.0034247003,3.7191198,35.02037,0.0024603161278937483,0.0001756381243467331,8.109366986363749e-06,0.04723517017730046,0.07587838653940708,0.05397816131007858,1.6574392,2.8000000000000003,0.037029418630374365,37.42491405920194,0.08523445851309386,33.04597433365731,0.14407552083333341,0.6440755208333334,0.0839867436227175
MOEX,42,0,QuantGAN,0.00085191533,0.013956143,0.41444054,1.2434578,0.009822021155952824,0.0016411952674388885,0.00052336828519694,0.06826736647170037,0.06844925890211016,0.07349298760760575,0.41327858,0.7999999999999998,0.03702942033711651,41.7757753375997,0.025018041239733835,0.7626459555456426,0.3350911458333332,0.8350911458333332,1.4098415515845963
MOEX,42,0,GARCH,0.0006329361,0.0056731757,0.41705835,2.5495875,0.004018065615305204,0.000494120642542839,8.886426886646016e-05,0.050637697971687885,0.07397404279152398,0.05103458938538097,3.7850647,0.39999999999999947,0.6273875031475132,8.61019295290481,0.07679741875609336,2.3741759568833167,0.2671006944444444,0.7671006944444444,0.9379143630655591
MOEX,42,0,CONTROL: shuffled real,2.910383e-11,0.0,5.9604645e-08,4.7683716e-07,0.0,0.0,0.0,0.055397304032521785,0.06956359644314944,0.04761282053310424,0.0,0.0,0.5238009702100116,7.92011693875632,0.06807097351437585,0.8262449966071141,0.11705729166666667,0.3829427083333333,1.7285570991636163
MOEX,42,1,GJR-GARCH,0.0008582552,0.003328301,0.026722431,0.21345997,0.00284414910093983,0.00029555242508649826,3.4261330953232677e-05,0.05351315012783744,0.045378073847386985,0.05488747860770673,0.14270496,0.5999999999999996,0.03649555733524662,10.11441917184486,0.014179036498032094,0.6964741110276016,0.11345486111111125,0.6134548611111112,0.1285537169583106
MOEX,42,1,GARCH,0.0009642788,0.0029558428,0.08155948,0.7408862,0.002723271317252511,0.00028182100504636765,2.8743392126342308e-05,0.05450034435139969,0.04609300811309367,0.06314003965817391,0.9130535,0.40000000000000036,0.03702372683908249,20.25209375887175,0.01765636988688546,0.9109301758700488,0.09227430555555549,0.5922743055555555,0.2755696556734671
MOEX,42,1,sb_r,0.00071570335,0.004197942,1.4277818,9.082693,0.001710295458622568,4.3138861656188965e-05,0.00010544249620884758,0.039137212096829896,0.08212534070014954,0.051651265181135386,1.4663019,0.0,0.8515980652304818,10.139058960640355,0.043406086168834124,3.4452909996290586,0.20347222222222228,0.7034722222222223,0.4962640225810979
MOEX,42,1,sb_abs,0.0005528613,0.010982962,7.474987,120.46511,0.0029981321711311467,0.00011271052062511444,3.291846951652745e-05,0.04848822402069345,0.052441396689973774,0.03585525122995023,1.6708105,3.2,0.035407332101005974,7.5539110145448785,0.027425393934455755,2.155341280540858,0.10523003472222225,0.39476996527777775,1.6464631579753382
MOEX,42,1,TimeGAN,0.0007397501,0.00078384206,1.1159965,0.03818226,0.0015221177437633744,5.029700696468353e-05,3.3676021501726215e-05,0.06307008477742784,0.08441407878301106,0.062136743790470066,0.48067927,0.40000000000000036,0.03702765492017825,22.81051300653997,0.06650846190920279,0.044955229501832505,0.22534722222222225,0.27465277777777775,2.4802062120617965
MOEX,42,1,iid,0.0008379364,0.0020469297,2.8218627,16.42017,0.002468899544357555,0.00015267729759216309,2.8484875297911144e-05,0.0529524087999016,0.07807373630254005,0.04490510169183835,1.775831,1.8000000000000003,0.946894540213848,11.158881906577433,0.2030745148441827,9.884115537255486,0.12816840277777763,0.6281684027777776,0.0264258414983995
MOEX,42,1,QuantGAN,0.0004076036,0.0012817681,1.6674362,14.4326935,0.002467323676130036,0.000186811201274395,3.1193692374983936e-05,0.06117209518677555,0.08552032202016563,0.05692349315562751,1.9681633,1.0,0.03702942058833743,112.7866920260503,0.048655043673210496,9.506494962774546,0.08708767361111103,0.587087673611111,0.31157048492851036
MOEX,42,1,CNN-WGAN-GP,0.0011937182,0.004864134,0.50581396,2.3339624,0.003355708043920458,0.00037344731390476227,8.170159714312847e-05,0.04731203866016585,0.051122022808995096,0.053142234755214304,1.7057099,0.39999999999999947,0.032747196663237534,5.27630207994928,0.03089711734318923,2.353197288297633,0.23259548611111103,0.732595486111111,0.6984109383144352
MOEX,42,1,CONTROL: shuffled real,2.910383e-11,0.0,5.9604645e-08,4.7683716e-07,0.0,0.0,0.0,0.055397304032521785,0.06956359644314944,0.04761282053310424,0.0,0.0,0.5238009702100116,7.92011693875632,0.06807097351437585,0.8262449966071141,0.11705729166666667,0.3829427083333333,1.7285570991636163
MOEX,42,2,CNN-WGAN-GP,0.0006832657,0.0007735444,0.7637002,0.3528347,0.001402585988296778,6.266310811042786e-05,5.763786874820165e-06,0.05002966394880787,0.0486165007436648,0.05210906314663589,0.26770377,0.20000000000000018,0.03702895057033888,25.683642335848425,0.014856712188500265,1.4736777557515053,0.1719618055555555,0.3280381944444445,2.1096537435789258
MOEX,42,2,QuantGAN,0.00021873886,0.0020979494,0.9347055,0.5750303,0.001993767115025548,0.00012591760605573654,1.595427559040655e-05,0.0506039558025077,0.05191914249007823,0.056141845365054906,0.5762017,0.0,0.03702911648591866,26.62498049366549,0.029892047468322525,1.0149299568207475,0.045247395833333315,0.4547526041666667,1.2301188397287306
MOEX,42,2,sb_r,0.000348755,0.0007265806,1.5256255,3.7307558,0.0017999813068308864,8.237920701503754e-05,3.151356091292117e-05,0.04652998376637697,0.07489126365981065,0.05124528085041675,1.3615074,0.40000000000000036,0.03520330198527517,7.2782097706805775,0.07878275777064259,3.4148557975370064,0.12293836805555558,0.6229383680555556,0.06272793292293971
MOEX,42,2,GARCH,0.0017698868,0.0017516864,0.021138817,0.6341033,0.002020586918501067,0.00017199944704771042,2.2433310067343868e-05,0.05300163196225185,0.07053241362329572,0.06163918600883335,0.3901267,0.0,0.00888821799367654,0.6944478327555945,0.05710929385960528,1.7453097926772738,0.09049479166666674,0.5904947916666667,0.28792140462289517
MOEX,42,2,sb_abs,0.00056732167,0.004039284,0.59788406,1.4283772,0.0029591087129520023,0.00027549639344215393,4.297823276502001e-05,0.051746646056999454,0.06282275629695505,0.06675876445136965,0.5792284,0.40000000000000036,0.03679624677380792,11.99742552830885,0.17215550126759627,1.9355879044565039,0.12708333333333321,0.6270833333333332,0.033957395735856044
MOEX,42,2,GJR-GARCH,0.0018261762,0.0034478437,0.027120143,0.9602375,0.002801860404542822,0.00032622460275888443,4.457695012589434e-05,0.05340323170181364,0.0725090570608154,0.06016199960606173,0.30071354,0.20000000000000018,0.005535952943304716,0.4107658909917813,0.06404014591295204,1.4818938296875386,0.1519097222222222,0.6519097222222222,0.13836456521715434
MOEX,42,2,TimeGAN,0.0016196453,0.0013864022,1.6627476,3.4361982,0.0030409302215557545,0.0002681314945220947,5.138075048701491e-05,0.07051990029751323,0.05921677118749358,0.04235527643701062,0.710042,1.2000000000000002,0.037023536355021605,20.17993298375417,0.04216340554320186,1.9744461237423812,0.1602430555555555,0.6602430555555555,0.1962069017608217
MOEX,42,2,iid,0.000264619,0.0044401363,1.090427,16.668135,0.002430084746039939,0.00011184439063072205,5.708455702605459e-05,0.05964722877368331,0.07582028268021532,0.049553910320973955,1.7190838,1.6,0.9473553837274423,11.167594763749346,0.12655079737344976,16.482389698114055,0.12337239583333326,0.6233723958333333,0.05971531122795771
MOEX,42,2,CONTROL: shuffled real,2.910383e-11,0.0,5.9604645e-08,4.7683716e-07,0.0,0.0,0.0,0.055397304032521785,0.06956359644314944,0.04761282053310424,0.0,0.0,0.5238009702100116,7.92011693875632,0.06807097351437585,0.8262449966071141,0.11705729166666667,0.3829427083333333,1.7285570991636163
MOEX,42,3,QuantGAN,0.0005111175,0.0019301176,0.78023374,0.66265345,0.001651332196197473,7.226131856441498e-05,1.381541248534334e-05,0.045686850218917247,0.05563497200142592,0.08110846357420087,0.012254715,0.39999999999999947,0.03702935576146148,29.953119701069475,0.015058484182795762,0.6954165282196731,0.20753038194444445,0.29246961805555555,2.3565380914827574
MOEX,42,3,GJR-GARCH,0.0004047771,0.0007695453,0.13138558,3.753808,0.0015242061287135582,8.268281817436218e-05,6.468535937665023e-06,0.0583010135096265,0.05851920169312507,0.06364168263971806,1.0036042,1.2000000000000002,0.03702942058833743,84.4790838883088,0.013877724379419476,1.2522249500592508,0.0047526041666666186,0.4952473958333334,0.9490412355868458
MOEX,42,3,CNN-WGAN-GP,0.0011377444,0.0018564751,0.53762347,1.7809892,0.0017232465700799365,0.0001001870259642601,1.981770631861368e-05,0.046740038453717714,0.05171334332786501,0.05366076886188239,1.3023987,0.7999999999999998,0.037029420266113056,41.249436789045966,0.07731106886494299,2.432453018294535,0.009657118055555525,0.4903428819444445,0.9830838607401503
MOEX,42,3,GARCH,0.00068672193,0.0029685283,0.3215344,0.5386834,0.0024734911943041886,0.00020004529505968094,2.8470919711484966e-05,0.051109335753135386,0.05676369320892263,0.05680740634445101,0.38683724,0.40000000000000036,0.037029420588324015,62.396964373305195,0.00911267242223801,1.372144566688596,0.08934461805555549,0.5893446180555555,0.2959048521146002
MOEX,42,3,sb_abs,0.00057330105,0.0021905415,1.8047682,6.0422783,0.003026167401025304,0.00031360797584056854,2.1123862972146645e-05,0.05037684198934585,0.050113791769836095,0.04130258806864731,1.4410381,0.7999999999999998,0.03325602068117847,5.575668421802719,0.0009717079935940287,9.242689595447942,0.10043402777777777,0.6004340277777778,0.21893236780779224
MOEX,42,3,TimeGAN,0.0019711563,0.0013779551,0.99443686,0.799706,0.002659872327756603,0.0002614380791783333,1.666340530889816e-05,0.05502049274160527,0.07394608910894021,0.04996755792410113,0.2643571,0.39999999999999947,0.037029419934510956,39.75160951087216,0.07808703647319148,0.8061643855025169,0.08765190972222214,0.5876519097222221,0.3076540767250328
MOEX,42,3,iid,0.0013577463,0.0045219585,4.0993943,54.129295,0.0018641108383453686,6.700307130813599e-05,2.0991849326116545e-06,0.045703542314004156,0.07246592392446473,0.040222061086678876,1.0151057,2.4000000000000004,0.9626718991911539,11.713081609839836,0.14137734927624102,9.74639480933424,0.13795572916666665,0.6379557291666667,0.04150877772346096
MOEX,42,3,sb_r,0.0023110602,0.0043543857,2.9889607,59.93113,0.0030853246740298354,0.0002707578241825104,1.1639136171955898e-05,0.060385009774472566,0.07090965630020946,0.03941589316818863,1.3934052,2.6,0.9225285425232441,10.804594408823828,0.03848683855044688,82.38023693011138,0.17421874999999998,0.67421875,0.29321332033926434
MOEX,42,3,CONTROL: shuffled real,2.910383e-11,0.0,5.9604645e-08,4.7683716e-07,0.0,0.0,0.0,0.055397304032521785,0.06956359644314944,0.04761282053310424,0.0,0.0,0.5238009702100116,7.92011693875632,0.06807097351437585,0.8262449966071141,0.11705729166666667,0.3829427083333333,1.7285570991636163
MOEX,42,4,iid,0.00076626556,0.0008574985,0.0263381,2.2885914,0.001407444650736579,5.928240716457367e-05,3.0035894968514036e-06,0.057518570254324004,0.07774334339890629,0.04623578588129021,0.79953194,0.7999999999999998,0.013313191508320055,0.7883938233943173,0.1052798111910146,0.5768696827525917,0.14236111111111105,0.642361111111111,0.0720868879275349
MOEX,42,4,QuantGAN,0.00031925528,0.002673041,1.0133228,2.5096369,0.0016549948684114499,5.381740629673004e-05,1.4509855152011353e-05,0.05917676794808358,0.06687128877732902,0.07625955260591581,1.0448842,0.39999999999999947,0.03702942058833743,80.44276479652659,0.029373788880934337,1.8896403977124638,0.1176866319444444,0.3823133680555556,1.7329254006213408
MOEX,42,4,GJR-GARCH,0.00027714815,0.0038580801,0.45453414,0.13502884,0.002239249440237813,0.00010311976075172424,3.874958586498964e-05,0.055712675751419735,0.10115024107974023,0.0992615164257586,0.24008465,1.7999999999999998,0.0370293754129104,30.72801889040337,0.005800167392808087,0.18518272904771127,0.05457899305555547,0.44542100694444453,1.294890206170858
MOEX,42,4,TimeGAN,0.0017845916,0.0013251472,1.5383989,3.738326,0.0027290893037134082,0.0003010770305991173,1.611865580146666e-05,0.07644090376677923,0.061645508896181124,0.05620222736732103,0.8019309,0.20000000000000018,0.03702942058833743,170.34321152133074,0.01934776538105054,0.6525840781161589,0.13166232638888886,0.6316623263888889,0.002174236853788073
MOEX,42,4,GARCH,0.00027807715,0.004465837,0.5131237,0.4747262,0.002795194379294116,0.00016162358224391937,5.848345014388743e-05,0.05471580328478012,0.07801439966540784,0.08464334409451112,0.34547687,2.3999999999999995,0.037010116704106547,17.564315218297608,0.004128909556362692,0.330091484499774,0.03140190972222223,0.46859809027777777,1.1340162076587832
MOEX,42,4,sb_r,0.00055846944,0.009409118,9.656766,147.85886,0.0023772991443402136,7.099844515323639e-05,5.4414997784433755e-05,0.05182334010954946,0.07099905926035717,0.039835563930218996,1.4975789,2.8000000000000003,0.9267665632892393,10.85659008581786,0.06530995703347575,35.84182637322442,0.02039930555555558,0.5203993055555556,0.7744598083625993
MOEX,42,4,sb_abs,0.000638418,0.0020101592,2.2694294,13.867414,0.0029381192584551166,0.0002736784517765045,2.4887223239262017e-05,0.05911819713190198,0.058674251655611444,0.04253885435056873,1.7007897,1.6,0.031629732534913114,4.725299687375729,0.04113239858548068,19.162583278924913,0.13971354166666683,0.6397135416666668,0.05370989558814208
MOEX,42,4,CNN-WGAN-GP,0.0014127771,0.0043223193,0.692894,0.76145554,0.0033309934682911263,0.0003950623795390129,5.9369727334605576e-05,0.04537272059358657,0.05361953094921773,0.04641023822128773,0.19657803,0.40000000000000036,0.03702924149740852,27.767342008503874,0.07560960408766115,2.061070603726856,0.21894531250000004,0.7189453125,0.6036639860072306
MOEX,42,4,CONTROL: shuffled real,2.910383e-11,0.0,5.9604645e-08,4.7683716e-07,0.0,0.0,0.0,0.055397304032521785,0.06956359644314944,0.04761282053310424,0.0,0.0,0.5238009702100116,7.92011693875632,0.06807097351437585,0.8262449966071141,0.11705729166666667,0.3829427083333333,1.7285570991636163
MOEX,42,5,CNN-WGAN-GP,6.8689056e-05,0.0016744966,1.1365813,0.34309578,0.002095316868944792,0.00014707166701555252,2.3010999238945407e-05,0.055571802156046034,0.05563978766556829,0.07242592160589993,0.94283915,0.39999999999999947,0.03702928835503805,28.42068195464887,0.00046500080642097874,1.8878723838573266,0.037413194444444464,0.46258680555555554,1.1757410181342935
MOEX,42,5,sb_r,5.7631725e-05,0.0038115028,1.9621412,9.078721,0.002133677746474859,8.539296686649323e-05,4.140642929614704e-05,0.04331874731433345,0.06603655655286275,0.038343519509071486,1.312989,0.5999999999999996,0.24573620568577142,5.592515194337395,0.014691807866080264,2.237020637332863,0.13541666666666663,0.6354166666666666,0.023884940807812095
MOEX,42,5,TimeGAN,0.0014797241,0.0015858514,1.1441102,1.5505466,0.0022313107245063293,0.00022957567125558853,1.3471845131047056e-05,0.059810092041734604,0.07063870637794026,0.056894618263468144,0.13395977,0.7999999999999998,0.03647253571134288,10.017912202913221,0.08379571702023092,1.1138004033395088,0.14029947916666663,0.6402994791666666,0.057776934876367314
MOEX,42,5,GARCH,0.0030075135,0.0003732089,0.70485544,1.375042,0.0030307288763760888,0.00026261433959007263,3.7235494240537845e-05,0.06162959832232445,0.06465624377597123,0.07802399600856007,1.2224736,0.0,0.03702942058833743,117.13234996636932,0.05793172606342645,1.429759950159255,0.12395833333333328,0.6239583333333333,0.055648271939730924
MOEX,42,5,GJR-GARCH,0.0025367697,0.0026900405,0.4017932,0.25522566,0.002889360824465257,0.00037671253085136414,4.7717071060540614e-05,0.059237095974385735,0.04740306637249887,0.059652638679472146,0.87677884,0.39999999999999947,0.03702942058833466,65.67780104336785,0.04323845533985515,1.3937324275013516,0.20844184027777768,0.7084418402777777,0.5307585409886486
MOEX,42,5,iid,0.0005137663,0.0052649938,4.761648,34.233406,0.0021234625010401937,6.589479744434357e-05,2.4734879768512263e-05,0.04671050060715061,0.07438698291196488,0.05343719084921759,1.9530532,2.8000000000000003,0.9623183251510627,11.664885032053169,0.09003036157157684,18.167645091396807,0.07254774305555567,0.5725477430555557,0.41249331171042897
MOEX,42,5,sb_abs,0.0013016012,0.0048235822,0.6586775,1.8069797,0.0033756431674119083,0.00039854180067777634,8.956468676864155e-05,0.05952578530879691,0.050677915660198775,0.05874780268874019,0.2682457,0.40000000000000036,0.0370294180836557,36.90164522201615,0.07695563838650366,2.228099169530736,0.31371527777777763,0.8137152777777776,1.261469933106699
MOEX,42,5,QuantGAN,0.00074217905,0.0049388427,0.7064372,6.080146,0.00316473829257302,0.0001814812421798706,0.00017902240448201237,0.07211427584290504,0.16884504485409707,0.1110232604527846,1.5292408,0.39999999999999947,0.037029420588336824,68.83577525078601,0.01717650587547148,1.512492625072814,0.16922743055555567,0.6692274305555557,0.2585681708469644
MOEX,42,5,CONTROL: shuffled real,2.910383e-11,0.0,5.9604645e-08,4.7683716e-07,0.0,0.0,0.0,0.055397304032521785,0.06956359644314944,0.04761282053310424,0.0,0.0,0.5238009702100116,7.92011693875632,0.06807097351437585,0.8262449966071141,0.11705729166666667,0.3829427083333333,1.7285570991636163
MOEX,42,6,GJR-GARCH,0.00022775086,0.0008332217,0.003381908,0.17928028,0.0010769943177183449,3.494415432214737e-05,5.918649832146983e-06,0.06338849406747613,0.05037506606429815,0.06395395175321028,0.8065357,0.40000000000000036,0.03702774234935842,22.921106904687385,0.00171212218892558,0.6762535279357795,0.2545138888888889,0.24548611111111113,2.682654389964633
MOEX,42,6,CNN-WGAN-GP,0.0013135363,0.0023730332,0.28434777,1.1664124,0.0019472946998430418,0.00014992151409387589,2.4248415418818904e-05,0.049328643712215126,0.06041261982580181,0.06992577680852265,0.69085455,0.0,0.03702871124998653,24.792167424974586,0.05527814070395043,2.547982905687725,0.12819010416666665,0.6281901041666667,0.026275210413649476
MOEX,42,6,GARCH,0.00032254,0.00093241036,0.10528599,0.7899966,0.0013139874486623737,5.329027771949768e-05,5.519589230513153e-06,0.06521788327489048,0.05359219133388251,0.07713570164516569,1.0091469,0.6000000000000005,0.03702939345741077,31.820346094519863,0.011597222633203064,0.681582456475347,0.23029513888888886,0.26970486111111114,2.514550099384599
MOEX,42,6,QuantGAN,0.00042016423,0.002606688,0.8670789,1.046462,0.0022782983344222887,0.00017447024583816528,2.733874811541307e-05,0.045497389389201996,0.05743114214739762,0.040611786551307885,1.3929353,1.2000000000000002,0.03758624067484499,1.8192683714609057,0.08347934842880644,0.9052768613317044,0.019509548611111094,0.5195095486111111,0.7806356828373141
MOEX,42,6,sb_r,0.0012318792,0.0033041462,0.30129507,4.3533583,0.002102232743302012,7.711537182331085e-05,5.061109808317519e-05,0.04789253554627067,0.07844730729011644,0.05242120334762149,1.0662167,0.0,0.19519175712419895,4.993589763543943,0.0480311015756254,3.7849211182916687,0.20670572916666663,0.7067057291666666,0.5187080542087183
MOEX,42,6,TimeGAN,0.0012555472,0.003445928,0.7967639,0.23702288,0.0028055129841814044,0.00028760917484760284,4.1468638745268256e-05,0.05958911438006908,0.07174124809447675,0.05692578213638626,0.3017397,0.5999999999999996,0.03702855034014954,24.348684643563992,0.14436218217182684,1.6334428644532961,0.17124565972222228,0.6712456597222223,0.2725768617286335
MOEX,42,6,sb_abs,0.0013186405,0.0042491285,1.4056702,6.5812683,0.003598194120364496,0.0004423679783940315,8.184186673791557e-05,0.06595529729966074,0.059239326496608555,0.03818352167494595,0.04731989,1.2000000000000002,0.008857060162760992,0.5491235192361632,0.06895928081283498,6.811152808280113,0.1865451388888888,0.6865451388888888,0.3787717764767721
MOEX,42,6,iid,0.0025815426,0.012791615,4.8695726,102.61273,0.004384477727595369,0.0002805367112159729,0.00012575866434383159,0.0442077216214966,0.07664406362804584,0.038905342039652166,1.6511962,3.4000000000000004,0.9627770808738654,11.733824486708853,0.11567835727460285,47.97073920174923,0.24385850694444444,0.7438585069444444,0.7765884712992365
MOEX,42,6,CONTROL: shuffled real,2.910383e-11,0.0,5.9604645e-08,4.7683716e-07,0.0,0.0,0.0,0.055397304032521785,0.06956359644314944,0.04761282053310424,0.0,0.0,0.5238009702100116,7.92011693875632,0.06807097351437585,0.8262449966071141,0.11705729166666667,0.3829427083333333,1.7285570991636163
MOEX,42,7,sb_abs,5.0069677e-05,0.00020554475,1.4913514,4.1391993,0.0016113055919995535,7.144268602132797e-05,9.436366389087644e-06,0.04640532567340415,0.046834400461521,0.04120126846013591,1.2951889,0.7999999999999998,0.004649929260981879,0.3021352870677543,0.0035955789604565913,3.5172009786675833,0.01738281250000001,0.4826171875,1.0367085269108425
MOEX,42,7,GJR-GARCH,0.0010359905,0.00017396547,0.11819336,0.4596262,0.0012200894337292994,5.7054683566093445e-05,4.67835898456305e-06,0.055802823521953544,0.04835301905986853,0.06209764387458563,0.15824866,0.5999999999999996,0.03702941904711408,37.93314271491613,0.04119403528719445,1.001545545525917,0.13012152777777775,0.36987847222222225,1.819237012182595
MOEX,42,7,QuantGAN,8.0700556e-05,0.00029110722,0.78224945,3.9843035,0.0014456681970477802,7.056538015604019e-05,3.327608531584473e-06,0.05779856564477086,0.09838673177640885,0.07671348708681762,0.9580059,0.40000000000000036,0.03702935304323112,29.864927775804453,0.005627225227781918,1.7116692573767693,0.005251736111111072,0.49474826388888893,0.952505750536076
MOEX,42,7,TimeGAN,0.0014754358,0.0021665813,1.1906886,1.7455521,0.0025505196802259886,0.00025591813027858734,2.1649773297274168e-05,0.06001952730199264,0.06825542465550825,0.04599806013517082,0.40279555,0.0,0.03702941813195035,36.94302918167151,0.07566235840361468,0.6550114781003487,0.12463107638888882,0.6246310763888888,0.0509787083125079
MOEX,42,7,sb_r,0.0002909397,0.009206869,2.5369017,33.07077,0.0026545510613650565,5.5713579058647156e-05,7.860705031141649e-05,0.04209649230760988,0.07562762448229478,0.04123879317427054,2.0927532,2.6,0.3679256294861947,6.7508810126712175,0.13222975503351808,40.210917347284,0.1762803819444445,0.6762803819444445,0.3075232733904327
MOEX,42,7,CNN-WGAN-GP,0.0007906819,0.005757111,0.67565113,2.161447,0.004054268365376629,0.0005259513854980469,9.935421349138826e-05,0.05125807584729045,0.05058387050870806,0.053551565901143475,0.78302765,0.20000000000000018,0.15776047112557756,4.474887714338996,0.10987319076851831,2.2080118531596113,0.2445746527777778,0.7445746527777778,0.7815592970959581
MOEX,42,7,iid,0.0010522768,0.011606859,8.698825,111.84179,0.0028389794535469263,9.517557919025421e-05,6.306920462623653e-05,0.04369383002471295,0.07523794532986358,0.040770396010484544,2.11781,2.6,0.9537421766168077,11.305867443975336,0.13123142750466443,116.004278433696,0.19654947916666665,0.6965494791666667,0.4482127065461236
MOEX,42,7,GARCH,0.0011451966,0.0058222525,0.11849424,3.1150436,0.0029617947288570587,0.000157112255692482,0.00010362022121420372,0.06362312134151579,0.08013292563613504,0.09982282444369048,1.1447811,0.0,0.03702942058833743,95.83930435335435,0.024654056676706282,1.2741144403028324,0.1985026041666666,0.3014973958333334,2.293875560227117
MOEX,42,7,CONTROL: shuffled real,2.910383e-11,0.0,5.9604645e-08,4.7683716e-07,0.0,0.0,0.0,0.055397304032521785,0.06956359644314944,0.04761282053310424,0.0,0.0,0.5238009702100116,7.92011693875632,0.06807097351437585,0.8262449966071141,0.11705729166666667,0.3829427083333333,1.7285570991636163
MOEX,42,8,QuantGAN,0.0007711784,0.0022368561,0.94240165,0.70981884,0.00217877060288447,0.00014192238450050354,3.309176290339754e-05,0.048179304264485835,0.0629623498627916,0.04117694701766595,0.15651894,0.20000000000000018,0.033919944273032174,6.032067578860412,0.011828631283881896,0.2862128571606837,0.024869791666666585,0.4751302083333334,1.0886762511492931
MOEX,42,8,CNN-WGAN-GP,0.00070803927,0.0006541563,0.7375592,0.9831376,0.0013486862452409694,6.41699880361557e-05,3.2529036204666807e-06,0.057509300123565484,0.049552875030203725,0.050494571991730484,0.4858935,0.6000000000000005,0.03702219030252578,19.72786646722387,0.015482267892876878,2.133198698744597,0.1758680555555555,0.3241319444444445,2.13676733883377
MOEX,42,8,GJR-GARCH,0.00033622322,0.0017347727,0.22387871,1.3710794,0.001567430559659613,7.966440171003342e-05,1.1182345344196301e-05,0.058140679550415374,0.06478681319858878,0.10110640570521355,0.75059414,1.2000000000000002,0.03702942058833688,69.05401682815418,0.058024239328359206,2.0693332929264208,0.16944444444444445,0.33055555555555555,2.0921805377480265
MOEX,42,8,GARCH,0.00041409937,0.0019450132,0.2730893,0.9558978,0.0017333114101147657,0.0001032492145895958,1.411175939264408e-05,0.05871396692469716,0.07404220763128251,0.10915173175977542,0.5823059,0.5999999999999996,0.03702942058833742,79.47897094478664,0.022502265706931257,2.1115707893582574,0.07584635416666663,0.42415364583333337,1.44250866922501
MOEX,42,8,TimeGAN,0.0015025762,0.001285064,1.404764,3.258192,0.0024400324320376972,0.00021529849618673325,1.724276930130133e-05,0.05969670574180782,0.07431723547400906,0.042316763864364476,0.109497786,0.5999999999999996,0.0217031843107477,2.2037561367154055,0.08618672041502418,2.970664347583801,0.07441406250000004,0.5744140625,0.3995390384220039
MOEX,42,8,sb_r,9.8950026e-05,0.0031122435,3.9470077,29.302382,0.0021795657603943257,0.00011244229972362518,6.623486727581027e-05,0.047960327751934526,0.07430795513559132,0.042996681832592004,1.7118626,1.8000000000000003,0.39895856590228745,7.003367745985673,0.06858238908439307,5.26622064897618,0.19409722222222225,0.6940972222222223,0.43119139396947176
MOEX,42,8,sb_abs,0.0014756805,0.0039412715,0.6723374,0.65919733,0.002893943956791191,0.00017543695867061615,6.838468275526197e-05,0.05578814512351528,0.09419183115940541,0.09487873697653412,0.7494347,1.0,0.03702941125246546,34.09999107047201,0.04478384280730774,4.218501576500296,0.027973090277777724,0.5279730902777777,0.721889559785152
MOEX,42,8,iid,0.0005315972,0.0074649006,2.5498264,31.28023,0.003044908456642588,0.00014659389853477478,6.482665813061628e-05,0.0525654217088595,0.07268986674840562,0.046787388188095066,1.7712097,2.4000000000000004,0.9555669897963954,11.354355948055447,0.08817640701278961,25.500205768546003,0.2552517361111112,0.7552517361111112,0.8556697907925325
MOEX,42,8,CONTROL: shuffled real,2.910383e-11,0.0,5.9604645e-08,4.7683716e-07,0.0,0.0,0.0,0.055397304032521785,0.06956359644314944,0.04761282053310424,0.0,0.0,0.5238009702100116,7.92011693875632,0.06807097351437585,0.8262449966071141,0.11705729166666667,0.3829427083333333,1.7285570991636163
MOEX,42,9,GJR-GARCH,0.001567954,0.0014675139,0.3698894,0.5288234,0.0018205092134594453,0.0001370580866932869,1.612636083268418e-05,0.049659744033997415,0.051167363259010015,0.054313338579959236,0.20175314,0.20000000000000018,0.03702942058833743,103.83522151696964,0.026926138352140416,2.1014422115892195,0.055750868055555514,0.5557508680555555,0.52908177130626
MOEX,42,9,GARCH,0.0016894598,0.00038494356,0.11535242,0.04387808,0.0018234768750844525,9.841844439506531e-05,9.422684156801033e-06,0.04993851591250859,0.06741089466493577,0.06747217010706663,0.3052578,1.0,0.03702942058833743,88.2839554504918,0.017166111311726184,2.183888299141979,0.046571180555555536,0.5465711805555555,0.5927987201551437
MOEX,42,9,QuantGAN,0.0003395308,0.0017673895,1.6266538,5.747264,0.0025907918927550785,0.00021991413086652756,1.6204989782950295e-05,0.054124445092165845,0.05279642135603353,0.03627332706986636,0.9314163,0.40000000000000036,0.0370011811952334,16.722106904982247,0.03127516585144252,5.458529896266425,0.17105034722222223,0.6710503472222222,0.27122118196589096
MOEX,42,9,sb_r,0.00066422764,0.0016763359,1.6118535,4.5595684,0.001789854264985479,8.302554488182068e-05,1.2732003502227274e-05,0.05081407520920038,0.0808982742158696,0.05437216453487054,0.7221298,0.40000000000000036,0.9449570343830812,11.123577743595481,0.08249211240111964,5.01709670332027,0.18337673611111105,0.683376736111111,0.35677963810339874
MOEX,42,9,iid,0.0004578161,0.0082340315,11.057569,180.89772,0.002176240437693196,7.819756865501404e-05,9.657085930411752e-06,0.0480992259865161,0.08142980970063946,0.041040286757051944,1.0900235,4.2,0.9629651308426683,11.8157654983459,0.11476243380342166,68.88049678252371,0.0859592013888889,0.5859592013888889,0.31940330133546463
MOEX,42,9,TimeGAN,0.0015294652,0.0019044876,1.0059372,1.3620415,0.0023603366515308156,0.00023584440350532532,1.8341305070744436e-05,0.06330850931350142,0.06761476733256132,0.04918839738005772,0.9480715,0.20000000000000018,0.036882168948727395,13.03442762743425,0.11775494627781546,0.7278230647853636,0.17406684027777763,0.6740668402777776,0.2921589027460196
MOEX,42,9,CNN-WGAN-GP,0.0011883132,0.0032804217,0.3584292,0.40210772,0.0028570548181523913,0.00030868686735630035,2.50880752794384e-05,0.05784793492872268,0.1279330253927037,0.13445017915219068,0.45017672,0.39999999999999947,0.03702942058798228,55.56292261155416,0.06672736276851055,2.448580205374895,0.15516493055555558,0.6551649305555556,0.16095922792952475
MOEX,42,9,sb_abs,0.0015966739,0.01736715,0.16775514,15.579697,0.006510820374147444,0.00037604570388793945,0.0008139956747634026,0.07353307501412928,0.1565334480581805,0.09973880565259606,2.2635756,1.6,0.03702942058830595,60.62055657728037,0.023472006547403224,1.5624839959630368,0.08105468750000011,0.4189453124999999,1.4786601295648032
MOEX,42,9,CONTROL: shuffled real,2.910383e-11,0.0,5.9604645e-08,4.7683716e-07,0.0,0.0,0.0,0.055397304032521785,0.06956359644314944,0.04761282053310424,0.0,0.0,0.5238009702100116,7.92011693875632,0.06807097351437585,0.8262449966071141,0.11705729166666667,0.3829427083333333,1.7285570991636163
MOEX,42,10,GJR-GARCH,0.00018682549,0.00084456895,0.28923118,0.6329589,0.0010773637603633689,4.6673230826854706e-05,2.526825275567317e-06,0.04768290898471605,0.08324936380144209,0.09763742161914707,0.5641179,0.0,0.03702412279872383,20.410100701559486,0.027800756580527164,2.271454533136595,0.3341145833333333,0.16588541666666665,3.2351692088244577
MOEX,42,10,sb_r,0.00024398605,0.0027889125,0.8722075,24.036333,0.0011194786906999071,2.2357329726219177e-05,2.731828886275494e-06,0.04750575857658987,0.06797052630223334,0.0400758233833767,1.3367255,1.6,0.956303468063289,11.37574163288794,0.09466777902217127,15.302479965204144,0.05722656250000002,0.4427734375,1.313267198510253
MOEX,42,10,sb_abs,0.0020473676,0.0006962009,0.41876903,0.88977814,0.0025115723852504744,0.00018526986241340637,1.0898519319812942e-05,0.050807292545214294,0.06019031276460737,0.08178280276246369,1.2338119,0.20000000000000018,0.037029420587353756,53.4318734961891,0.05272684935876837,0.2826596276810447,0.011371527777777779,0.4886284722222222,0.9949837164353321
MOEX,42,10,TimeGAN,0.0006917742,0.00031842105,1.4581338,3.7520723,0.0018035171489173083,0.00012074410915374756,1.160455534525457e-05,0.05691780592809664,0.08802098041865974,0.07152101955434773,0.98561597,0.7999999999999998,0.03346047582191428,5.707239214046185,0.12469667809503338,1.616471303025791,0.06631944444444449,0.5663194444444445,0.455724433033431
MOEX,42,10,CNN-WGAN-GP,0.0010545457,0.0037920568,0.3325367,0.7631974,0.0030388984791061375,0.00033300183713436127,3.5856856734648364e-05,0.05647247156128287,0.07038622099440545,0.10634206662885845,0.4632361,0.20000000000000018,0.03702941909316301,37.997536097941264,0.04812822391136895,2.0549323322171533,0.16373697916666674,0.6637369791666667,0.22045850640543313
MOEX,42,10,GARCH,0.00028249467,0.0018601008,0.3941103,0.49691963,0.0013213921478126168,4.019215703010559e-05,2.733260074649998e-05,0.052139047482050956,0.15786326366942377,0.13349120328202843,1.0548785,0.39999999999999947,0.0370294196526882,38.99201752046533,0.028979802568661395,2.2237246375487185,0.22100694444444446,0.27899305555555554,2.45007999511197
MOEX,42,10,QuantGAN,0.0007223763,0.005243676,0.48772174,0.7751703,0.0036955990909336833,0.00046368688344955444,9.410787120249728e-05,0.05387355355080217,0.05148902101907879,0.04815580219496041,0.5970886,1.6,0.03609522659428856,8.83068351455219,0.027750706634886213,0.44269993481474135,0.2955512152777777,0.7955512152777777,1.1353917151716741
MOEX,42,10,iid,0.0010790705,0.0038262215,0.80324864,6.403743,0.002705568947050779,0.00014162063598632812,5.268783890112749e-05,0.04303037185338326,0.08749329118087189,0.056919037571642545,0.78455496,0.7999999999999998,0.7096698569614119,9.145017357096009,0.16132999567597717,6.577949484317939,0.33272569444444433,0.8327256944444443,1.3934227633469407
MOEX,42,10,CONTROL: shuffled real,2.910383e-11,0.0,5.9604645e-08,4.7683716e-07,0.0,0.0,0.0,0.055397304032521785,0.06956359644314944,0.04761282053310424,0.0,0.0,0.5238009702100116,7.92011693875632,0.06807097351437585,0.8262449966071141,0.11705729166666667,0.3829427083333333,1.7285570991636163
MOEX,42,11,GJR-GARCH,0.0013647808,0.00043134205,0.07858008,0.98274565,0.001525386272347532,8.359178900718689e-05,9.583944656331672e-06,0.05754563307156786,0.047801745468750594,0.05586532476590946,0.24560928,1.0,0.036884027468395954,13.063011517236427,0.06110074662013887,1.1893150039904201,0.061501736111111205,0.5615017361111112,0.48916453384773845
MOEX,42,11,GARCH,0.0015253649,0.0011231247,0.07316595,0.8588872,0.001745083750676713,9.453669190406799e-05,8.51394208699108e-06,0.0539811734482646,0.0529160976735875,0.061173897025873884,0.09394121,0.20000000000000018,0.03700248720129548,16.827073677441348,0.06525396243113668,1.4366058689641878,0.04279513888888897,0.542795138888889,0.6190085289014923
MOEX,42,11,QuantGAN,3.5747682e-05,0.0018506823,1.7972903,5.859414,0.0023765384560974784,0.00014618318527936935,2.7146273597992502e-05,0.05700907716527581,0.05050777206197381,0.04285875024972483,1.1419227,1.6,0.03702942058833474,65.7442402655186,0.027657247928435713,0.4090229209626681,0.04628906249999998,0.5462890625,0.5947569242568824
MOEX,42,11,iid,0.0014118603,0.0016799849,2.0079606,23.68246,0.0018679467914626009,0.00011293403804302216,7.386009848968675e-06,0.04409924595151096,0.08200417940111947,0.043052366599440575,0.3570645,0.39999999999999947,0.9568391949231304,11.392115944185738,0.14847838106384204,23.856671697522003,0.11599392361111105,0.615993923611111,0.11092988004266328
MOEX,42,11,sb_r,0.00076288264,0.0025264956,1.3765146,14.116121,0.0020090759277227336,8.004717528820038e-05,5.650631192026635e-05,0.04727077756077051,0.0744734734960366,0.046938350028067365,1.9439536,1.4000000000000004,0.034144916026620495,6.208686648530106,0.03183095441120687,12.161014470820158,0.14314236111111112,0.6431423611111111,0.0775096069785042
MOEX,42,11,CNN-WGAN-GP,0.0010892769,0.003930458,0.33421308,1.2675228,0.002890714911874966,0.0002948036417365074,3.921706473165437e-05,0.05106001030188054,0.049163474779343234,0.08352440803311766,0.7346883,0.40000000000000036,0.037029418333039715,37.12454387730417,0.048983673921798476,2.1766270283183498,0.16443142361111118,0.6644314236111112,0.22527870111740542
MOEX,42,11,TimeGAN,0.00214538,0.0023798775,1.3488661,4.7478647,0.0030620864900847665,0.00035181082785129547,3.251958188004379e-05,0.06093745487829438,0.07340957111562602,0.040791587750427426,0.07876897,0.20000000000000018,0.2381321339182299,5.508332267184938,0.11977812548382549,2.5034667128594883,0.20861545138888893,0.7086154513888889,0.5319635896666427
MOEX,42,11,sb_abs,0.0009282498,0.00217536,1.3009498,9.632558,0.0033666397983615755,0.000407535582780838,3.429942912061513e-05,0.05444429960567504,0.08080836548935622,0.07954152106249239,1.9814099,1.8000000000000003,0.03702942058833743,85.99527124917017,0.003704105160428295,1.7692125412208752,0.24398871527777766,0.7439887152777777,0.7774922578077305
MOEX,42,11,CONTROL: shuffled real,2.910383e-11,0.0,5.9604645e-08,4.7683716e-07,0.0,0.0,0.0,0.055397304032521785,0.06956359644314944,0.04761282053310424,0.0,0.0,0.5238009702100116,7.92011693875632,0.06807097351437585,0.8262449966071141,0.11705729166666667,0.3829427083333333,1.7285570991636163
MOEX,42,12,GJR-GARCH,0.0015986075,0.00039900094,0.22667608,1.6789145,0.001849686531753832,0.00015102047473192215,5.298082813013448e-06,0.05205210241256282,0.03911409475607797,0.04989848487544805,1.0133219,0.0,0.03700971034216307,17.51825635437794,0.02488710748515277,0.9136113099191885,0.02697482638888893,0.5269748263888889,0.7288185896836116
MOEX,42,12,sb_r,0.00036657718,0.0009590946,0.56380904,1.1712537,0.001617007346118044,6.586313247680664e-05,2.7341668708708447e-05,0.044102954355767,0.06905285697837826,0.05042830450969632,0.7294793,0.39999999999999947,0.036276865841751646,9.32795512322369,0.03178512410511325,1.7143291584380789,0.16093749999999996,0.6609375,0.201027096472794
MOEX,42,12,QuantGAN,6.3427404e-05,0.0019511767,0.6854689,6.5956583,0.0011132275105119331,2.4745240807533264e-05,2.5719499976585544e-06,0.059648304808652026,0.045466824416071173,0.06047906341031194,1.3146577,1.4000000000000004,0.03702942058833739,74.62774866592787,0.04797554517683689,0.8214411413871492,0.25128038194444435,0.24871961805555562,2.6602103583370114
MOEX,42,12,CNN-WGAN-GP,0.00041085525,0.00406479,0.8835007,0.67967653,0.003060218887607334,0.0002876920625567436,4.894567407294067e-05,0.050270550907589494,0.0576006465149112,0.04577199261286296,0.21814585,0.5999999999999996,0.01408435161682171,1.205478330129651,0.0540568808382359,0.6661210066849321,0.13103298611111103,0.631032986111111,0.006542538311513362
MOEX,42,12,TimeGAN,0.00065869046,5.4767355e-05,1.5362514,4.0685654,0.0017883847651391992,0.00011281296610832214,2.019330467984765e-05,0.06185723692411557,0.06914363410473015,0.052269437715876846,1.0507135,0.40000000000000036,0.023749060919053287,2.554772564551728,0.1298503409588988,3.416756234587673,0.0010850694444444753,0.4989149305555555,0.9235845822642427
MOEX,42,12,GARCH,0.0019851557,0.002803268,0.020003706,2.9717045,0.00266874833618931,0.0001599472016096115,4.599836266410607e-05,0.060967190798837695,0.09053262533154338,0.0977807473950088,1.3852348,0.40000000000000036,0.037029420565050264,46.79152356833889,0.005015253366275063,1.1377216187884924,0.02070312499999999,0.479296875,1.0597550828774598
MOEX,42,12,sb_abs,0.0005877535,0.013791438,5.5786853,77.5686,0.005132026089566352,0.0003650318831205368,0.0001081761655607311,0.042338631717721,0.04461230114800856,0.035889652769310484,1.5364668,3.0,0.0348579483605555,6.874074609273633,0.04963653185252481,3.064811000778368,0.2397352430555555,0.7397352430555555,0.7479685651969006
MOEX,42,12,iid,0.0014729514,0.005255839,1.5314364,22.655775,0.0030689815954392545,0.00016915984451770782,3.956091578392071e-05,0.04304188980138861,0.07819682269648183,0.044592267220723444,1.6840391,1.6,0.9541990443330876,11.317485639231368,0.12255007645982485,23.397977401541773,0.2529513888888889,0.7529513888888889,0.8397028958091239
MOEX,42,12,CONTROL: shuffled real,2.910383e-11,0.0,5.9604645e-08,4.7683716e-07,0.0,0.0,0.0,0.055397304032521785,0.06956359644314944,0.04761282053310424,0.0,0.0,0.5238009702100116,7.92011693875632,0.06807097351437585,0.8262449966071141,0.11705729166666667,0.3829427083333333,1.7285570991636163
MOEX,42,13,sb_r,6.1586616e-06,0.00362638,0.62049663,3.7998543,0.0016668795255682203,4.383362829685211e-05,3.637112170157091e-05,0.053632509126910005,0.07417226554825902,0.05142160197312478,1.3836484,0.6000000000000005,0.86906748446269,10.281667255915712,0.07249480267396036,3.015081891319923,0.06006944444444451,0.5600694444444445,0.4991061854411815
MOEX,42,13,GJR-GARCH,0.00051146443,0.0027694413,0.28098863,1.3740015,0.0021298638854423185,0.00015186239033937454,2.0399396708914575e-05,0.062267306337598714,0.0804918586043641,0.1031629329174757,0.4405234,0.5999999999999996,0.03696736148800702,14.970726050860305,0.035876026591654786,1.6188119644678034,0.02549913194444442,0.5254991319444444,0.7390615034465531
MOEX,42,13,QuantGAN,0.0008245213,0.00081060827,0.75700027,3.0309744,0.001976664164561953,0.00015978794544935226,1.2731812337475036e-05,0.05574850394041277,0.09706690612714737,0.0744897842174396,0.9084356,0.5999999999999996,0.03702942058812137,56.601426527745105,0.02867033291890575,1.1446778085951381,0.20976562499999996,0.709765625,0.5399470371583462
MOEX,42,13,sb_abs,0.00055050116,0.010425374,7.8887935,130.57576,0.002290781010444335,5.934573709964752e-05,1.3688989685115691e-05,0.048941465858224543,0.05056031697895378,0.03586227430962026,1.7569258,3.6,0.03540507195526933,7.550674254465106,0.035452930068007316,4.373736166967888,0.17784288194444442,0.3221571180555556,2.1504747675459415
MOEX,42,13,TimeGAN,0.0017125183,0.000242549,1.4475061,1.1628222,0.0029471652380452726,0.00025809183716773987,3.514195843069334e-05,0.07278805436748371,0.0751357143430505,0.06994516654405743,0.44857335,0.0,0.0370294205883373,72.08172498009463,0.0508359806836135,0.9532471117696906,0.10243055555555558,0.6024305555555556,0.20507430801087162
MOEX,42,13,GARCH,0.0005940222,0.003010381,0.3457841,1.4294095,0.0023381952215167975,0.00018083956092596054,1.726786832719149e-05,0.06391179958125576,0.08924632038455456,0.10787000197917224,0.31733227,0.7999999999999998,0.03698295683350764,15.61583357040407,0.017714142724604698,1.7949920149181464,0.04867621527777777,0.5486762152777778,0.5781875049344776
MOEX,42,13,iid,0.0006239217,0.011012297,6.8717537,125.19625,0.0028735409374712616,0.00011103972792625427,6.597008748874158e-06,0.04685189683921635,0.06803380986908451,0.04009285062347771,1.9111631,4.0,0.9629567877716159,11.804253563868539,0.14804050914730194,92.31114345402906,0.16423611111111103,0.664236111111111,0.22392302135466213
MOEX,42,13,CNN-WGAN-GP,0.001386285,0.0068889894,0.42012268,1.8007622,0.005012902218819364,0.0008800970390439034,0.000134344260823276,0.037488718354143205,0.06209401136729866,0.04702975148044061,0.3663621,0.6000000000000005,0.029391871798937548,3.895443059894525,0.018163550358607172,1.6475637764490916,0.36833767361111125,0.8683376736111112,1.6406083734202719
MOEX,42,13,CONTROL: shuffled real,2.910383e-11,0.0,5.9604645e-08,4.7683716e-07,0.0,0.0,0.0,0.055397304032521785,0.06956359644314944,0.04761282053310424,0.0,0.0,0.5238009702100116,7.92011693875632,0.06807097351437585,0.8262449966071141,0.11705729166666667,0.3829427083333333,1.7285570991636163
MOEX,42,14,sb_abs,0.00075543416,0.0006925706,1.1035908,2.2503147,0.0016144190537670513,0.00010016094893217087,5.6521396901500394e-06,0.04890756293665618,0.0408597274706699,0.041339348206529396,0.27818775,0.39999999999999947,0.03702941462492269,35.05559360561749,0.002209394103590334,6.807013815975422,0.022591145833333326,0.4774088541666667,1.0728599872506346
MOEX,42,14,GARCH,0.0013461296,0.00067185424,0.5667387,0.5333924,0.0018390103443080077,9.458139538764954e-05,9.371632812392608e-06,0.0436776613490656,0.04862240026181098,0.05650483235949651,0.41205215,1.0,0.03678022930537374,11.847098388549997,0.01146480629868929,1.5322464034750203,0.052495659722222254,0.44750434027777775,1.2804296220349418
MOEX,42,14,GJR-GARCH,0.0012084899,0.0005719764,0.4502381,0.45217848,0.0016527720151552788,0.00010317191481590271,5.77660896171061e-06,0.048921621766639875,0.05567657764069736,0.08002344034379348,0.05228448,0.7999999999999998,0.0370291219187843,26.663915683774903,0.016669278639052876,1.5066384983161463,0.06792534722222221,0.4320746527777778,1.387528323291576
MOEX,42,14,CNN-WGAN-GP,0.0010458058,0.0014955672,0.4880134,1.9515269,0.0015597378189413577,7.267296314239502e-05,1.533287785520357e-05,0.046731185158714654,0.061589266704395414,0.06768515895819291,0.87628174,0.20000000000000018,0.03693645920182353,14.067174309449543,0.14483872081007032,2.286970650433603,0.09852430555555552,0.4014756944444445,1.5999181527878552
MOEX,42,14,TimeGAN,0.0010301449,0.0011099465,1.9717547,5.044795,0.0025359654349304036,0.0001863129436969757,6.209109465749572e-05,0.051799836847931144,0.0795889421342872,0.05363255618140102,1.7525666,1.0,0.03228555559688928,5.033380868556291,0.08944127368782095,4.974673374732422,0.058832465277777746,0.5588324652777777,0.5076921572718829
MOEX,42,14,sb_r,0.00048657396,0.005451124,0.9046098,15.4489765,0.0025987566345720557,9.68053936958313e-05,0.00011849194825383541,0.04959435280528851,0.07524834180017934,0.05112341546919197,1.8833551,0.6000000000000005,0.0370294205835629,50.12103080441702,0.07374574646580034,7.521747826566353,0.269704861111111,0.769704861111111,0.9559900932354549
MOEX,42,14,QuantGAN,0.0017507783,0.004457986,0.54492706,0.7833762,0.003080558592802845,0.0002265647053718567,5.2648228749696216e-05,0.05184759601019323,0.09706376436632126,0.07557213938096538,1.8208928,2.0,0.0370227411761174,19.90184493402341,0.0013697858287857745,3.0886479689159057,0.022352430555555525,0.4776475694444445,1.0712030453183938
MOEX,42,14,iid,0.0014813485,0.008321505,1.1465964,17.018312,0.003194257545750589,0.00010271929204463959,0.00011019381906274027,0.036909081293269995,0.0808809388242662,0.04692707656882703,1.9983844,2.0,0.9448497278156177,11.121680358640026,0.11701599783526806,17.29746649726276,0.2788411458333333,0.7788411458333333,1.0194057799148408
MOEX,42,14,CONTROL: shuffled real,2.910383e-11,0.0,5.9604645e-08,4.7683716e-07,0.0,0.0,0.0,0.055397304032521785,0.06956359644314944,0.04761282053310424,0.0,0.0,0.5238009702100116,7.92011693875632,0.06807097351437585,0.8262449966071141,0.11705729166666667,0.3829427083333333,1.7285570991636163
MOEX,42,15,iid,0.0009090707,0.0018772762,0.54164183,6.2265015,0.0016658007020960211,7.168576121330261e-05,1.6839120842323225e-05,0.04503800514037721,0.07505976663291221,0.04773832687933464,0.828032,0.20000000000000018,0.9219915539670296,10.798189243556822,0.09270835763026541,6.650096292358233,0.12936197916666659,0.6293619791666666,0.01814113183719669
MOEX,42,15,QuantGAN,0.0006154118,0.0020914637,0.5140484,1.9124746,0.00150946871774795,7.327832281589508e-05,1.8674805399068443e-05,0.05404960928019136,0.04920565891312435,0.0511686483793892,1.2085657,0.39999999999999947,0.029087683798901795,3.8014968348997282,0.024997792205874725,2.397291346458646,0.1069444444444444,0.6069444444444444,0.1737430423830522
MOEX,42,15,sb_r,0.00019679446,0.0031876229,3.9107974,32.510498,0.0020961828612198587,0.00012763217091560364,2.584506052187678e-05,0.04489345517475158,0.06756215038127265,0.040705277632223445,1.0667295,1.6,0.9625483936001583,11.693650000500204,0.023956725485831942,3.378769662292152,0.13932291666666674,0.6393229166666667,0.05099853606265704
MOEX,42,15,CNN-WGAN-GP,0.00086609484,0.0022719651,1.2627137,1.4577279,0.002467888532890356,0.00015035830438137054,1.766801414530088e-05,0.05550954375881702,0.11951669115107506,0.07499664499424398,0.9301748,0.20000000000000018,0.03436174880877433,6.392183078196242,0.12745281066035496,1.694189027060573,0.1187065972222221,0.6187065972222221,0.09210099444902192
MOEX,42,15,TimeGAN,0.0010830638,0.0016487679,1.4882663,3.117632,0.0024372403126908465,0.0002051396295428276,1.6425437979017646e-05,0.05833835111465305,0.07278544325614349,0.051142881306586785,1.2507432,0.6000000000000005,0.033615854621328004,5.8122578454484195,0.12607053892064257,3.150599801051568,0.11317274305555558,0.6131727430555556,0.13051192106005013
MOEX,42,15,sb_abs,0.0012259994,0.0049003502,0.6774806,1.0543947,0.0037495030337013303,0.00046999286860227585,7.012880642033587e-05,0.0462603304348886,0.055215127893607135,0.06513391623622738,0.0061199665,0.20000000000000018,0.03702942056890136,47.17181425011417,0.0613355000632273,1.8027071256261502,0.2149305555555555,0.7149305555555555,0.5757972353286401
MOEX,42,15,GJR-GARCH,0.0009445285,0.0033964291,0.0061540604,4.0243626,0.003297211574424182,0.000394321046769619,4.0100981148777985e-05,0.0651882430491969,0.06610534575302154,0.06809119543526322,1.2285056,0.40000000000000036,0.03702942058833743,92.95002105572271,0.020692838891683052,1.8677582585703933,0.1650607638888889,0.6650607638888889,0.22964700257512993
MOEX,42,15,GARCH,0.0009966425,0.0027695857,0.10754642,6.798993,0.003269099903904134,0.0003998344764113426,3.3674800967193724e-05,0.06500682465266436,0.0869385960465297,0.07454285665531643,1.1841328,0.20000000000000018,0.03702942058833743,108.53759025925552,0.034494657034717324,1.822708673309593,0.17695312500000004,0.676953125,0.3121928370176557
MOEX,42,15,CONTROL: shuffled real,2.910383e-11,0.0,5.9604645e-08,4.7683716e-07,0.0,0.0,0.0,0.055397304032521785,0.06956359644314944,0.04761282053310424,0.0,0.0,0.5238009702100116,7.92011693875632,0.06807097351437585,0.8262449966071141,0.11705729166666667,0.3829427083333333,1.7285570991636163
MOEX,42,16,GARCH,0.00033710504,0.0020713117,1.2212675,0.6758771,0.0019478450838068967,0.00010009948164224625,2.1102542545850005e-05,0.05194722686894238,0.067015884607099,0.07803181404065981,0.23436618,0.20000000000000018,0.03702942058833743,89.28436080855172,0.012042724637615132,2.00648020801213,0.05451388888888886,0.5545138888888889,0.5376677431369605
MOEX,42,16,QuantGAN,0.00038788238,0.001251935,0.61996937,0.33198643,0.0012987686745764221,5.113799124956131e-05,9.017965891683095e-06,0.05422390742627613,0.05231923818442738,0.04498219801404048,0.5948849,1.4000000000000004,0.4614831917475854,7.478895882640831,0.09362274342979393,0.25217992265568157,0.10904947916666669,0.3909505208333333,1.6729742288911857
MOEX,42,16,GJR-GARCH,0.00076425844,0.00019595027,1.2303898,1.4344997,0.0012189133210958976,3.0346214771270752e-05,1.556666528070838e-05,0.05822628857567906,0.10099415521603078,0.10180014522746206,1.2615855,0.6000000000000005,0.03702942058833743,114.14383674401049,0.011153190011107816,2.048994444197115,0.09142795138888893,0.40857204861111107,1.550661788074889
MOEX,42,16,sb_abs,0.00011521278,0.0021614656,1.0609372,0.5996804,0.0019524850617599443,9.739212691783905e-05,1.9598546176517317e-05,0.05389794662944041,0.057268582171527666,0.05751665216637775,1.5401711,1.3999999999999995,0.0370292266193981,27.595318651648697,0.03432618614198257,0.152135719676604,0.02085503472222222,0.4791449652777778,1.0608095004707039
MOEX,42,16,sb_r,0.00015786503,0.0020807628,0.69353646,8.854543,0.001436991689479328,4.54876571893692e-05,3.1011685798731455e-05,0.04625813291058876,0.07687526844383683,0.04641035415028455,1.7682195,1.0,0.6163309523855334,8.538075269440734,0.06899520136369652,6.341829712209497,0.14615885416666663,0.6461588541666666,0.09844732775863357
MOEX,42,16,iid,0.0009462064,0.0016890429,0.55457735,2.1381016,0.001695547049486777,7.2503462433815e-05,4.891101038911299e-06,0.052985690698260444,0.08135250633349642,0.06084441692190012,0.31781507,1.2000000000000002,0.8803924133992855,10.379298156751762,0.08045147298189703,2.1241923537645775,0.2767795138888889,0.7767795138888889,1.0050958268636732
MOEX,42,16,TimeGAN,0.001442092,0.00024120416,1.2642695,1.6576076,0.0024196392589001334,0.0001729493960738182,1.9628191696672204e-05,0.06364163122372701,0.08434042824432254,0.05581651025568135,0.08024001,0.39999999999999947,0.03634930207249133,9.560181992071817,0.06008388056860481,2.1622965116507977,0.13741319444444444,0.6374131944444444,0.03774300060473269
MOEX,42,16,CNN-WGAN-GP,0.001300394,0.0033340948,0.72224355,1.6336212,0.0026473422597482563,0.00024174991995096207,3.555161166986334e-05,0.055571663524024185,0.05992810420462774,0.0425952216621954,0.17332387,0.6000000000000005,0.027633200603225674,3.3957887020624344,0.04405260326314364,2.1250042841844476,0.1182074652777777,0.6182074652777777,0.09556550939825169
MOEX,42,16,CONTROL: shuffled real,2.910383e-11,0.0,5.9604645e-08,4.7683716e-07,0.0,0.0,0.0,0.055397304032521785,0.06956359644314944,0.04761282053310424,0.0,0.0,0.5238009702100116,7.92011693875632,0.06807097351437585,0.8262449966071141,0.11705729166666667,0.3829427083333333,1.7285570991636163
MOEX,42,17,TimeGAN,0.0006908558,0.00011755247,1.4859471,3.9397545,0.0017164826288499173,9.696092456579208e-05,8.633016295030751e-06,0.058303153454326094,0.07383732931222767,0.046351694357581436,0.23240924,1.0,0.031668673821848396,4.74254539616029,0.10266237340644024,1.751408115592974,0.03476562500000002,0.534765625,0.6747420302586724
MOEX,42,17,GARCH,0.0016503087,0.003721199,0.4494347,0.265738,0.0030794571393707878,0.00038106832653284073,5.197478616032878e-05,0.05793113172170706,0.0368254765693564,0.04700585161404888,0.32649803,0.7999999999999998,0.03677814214462913,11.828217299027566,0.06373226074476834,0.7732962672329453,0.1719184027777778,0.6719184027777778,0.27724642535585653
MOEX,42,17,GJR-GARCH,0.001456195,0.004203247,0.44526562,0.17461777,0.0034690220140255403,0.0004634726792573929,5.6171166230607216e-05,0.05604798231739551,0.037068664010148494,0.04980609791819006,0.28939557,0.5999999999999996,0.0370289226067571,25.558561141530312,0.025412164583486718,1.2794018568062784,0.17649739583333335,0.6764973958333333,0.3090295842379237
MOEX,42,17,CNN-WGAN-GP,0.0006224415,0.00094783865,0.4565265,1.3500752,0.0012060106897115472,3.6869198083877563e-05,8.735894429165168e-06,0.06558728572446854,0.1322633536485955,0.15006435107439756,0.62545824,2.8,0.03702942058255013,49.71730076096695,0.037050399695849445,1.943720581079809,0.051866319444444364,0.44813368055555564,1.2760613205772162
MOEX,42,17,sb_abs,0.00068286964,0.004305128,1.1284827,6.838622,0.0037417576744628598,0.0004570400342345238,6.713511562933133e-05,0.051070682492572815,0.06187467184732668,0.038273274512030185,0.5436702,0.6000000000000005,0.04671952731776677,2.12697525440883,0.10891439945289583,7.883910257151877,0.24776475694444433,0.7477647569444443,0.8037020665540799
MOEX,42,17,iid,0.0006845057,0.0061066505,1.2866974,24.551043,0.002384154213454168,6.82435929775238e-05,4.433942078376158e-05,0.04250323744490743,0.08631522912997752,0.0468162700580433,1.7177649,0.7999999999999998,0.9499962275001496,11.220304748650783,0.1347477685914371,25.343984372306778,0.23164062500000004,0.731640625,0.6917831705854742
MOEX,42,17,QuantGAN,0.00044914303,0.005796192,1.3143691,3.8703823,0.002926341958402191,0.0001336708664894104,7.483838489357131e-05,0.06929572827648371,0.15256220716517419,0.13023272331804037,1.0776649,0.20000000000000018,0.03702942058833741,75.71572828274036,0.07393283767386638,2.0810607806519754,0.19127604166666662,0.3087239583333334,2.2437154090056555
MOEX,42,17,sb_r,0.0020342576,0.0059139878,0.18469091,20.825747,0.0035811137059426983,0.00023073330521583557,3.0620026075582775e-05,0.04271520992508158,0.07980493042850867,0.051864115223288536,1.6355674,1.4000000000000004,0.9487921882507351,11.195644102658653,0.03757626624119714,24.3388432383828,0.20985243055555558,0.7098524305555556,0.5405495614973432
MOEX,42,17,CONTROL: shuffled real,2.910383e-11,0.0,5.9604645e-08,4.7683716e-07,0.0,0.0,0.0,0.055397304032521785,0.06956359644314944,0.04761282053310424,0.0,0.0,0.5238009702100116,7.92011693875632,0.06807097351437585,0.8262449966071141,0.11705729166666667,0.3829427083333333,1.7285570991636163
MOEX,42,18,sb_abs,0.000802486,0.00075334404,1.394461,2.5025616,0.0019474290777143325,0.00014276336878538132,8.725831727759177e-06,0.04089422497781925,0.04763308415189385,0.03975636872346513,0.78344584,0.40000000000000036,0.0356806107517413,7.982097713195548,0.012330702290168749,2.362400642591739,0.07549913194444446,0.42450086805555554,1.4400985718690242
MOEX,42,18,GARCH,0.0018538269,0.0010392535,0.3443832,0.0020370483,0.0020200254347691954,9.891018271446228e-05,2.7536528846561166e-05,0.052309559711866314,0.0408951180242002,0.05159917771816254,0.25197434,0.7999999999999998,0.03474852539616551,6.759131791861799,0.0346457438064709,0.24575816383195814,0.011458333333333404,0.4885416666666666,0.9955862407743291
MOEX,42,18,GJR-GARCH,0.0015660631,0.0018698061,0.5373728,0.44137955,0.0018808984977840737,0.0001579662784934044,2.8947341655443753e-05,0.049736743153771384,0.05514843927230686,0.04465823103440925,0.67867756,0.40000000000000036,0.11019731521752514,3.6734124765289238,0.030186404786418763,0.47634743585988826,0.06950954861111103,0.569509548611111,0.43358166357530914
MOEX,42,18,CNN-WGAN-GP,0.0014409412,0.00052322634,0.5614718,0.016956806,0.0018329297966556627,0.0001488998532295227,4.3119790041895906e-06,0.050175679767271504,0.05786976174917072,0.06677577499533072,1.0796485,0.40000000000000036,0.03695160133954988,14.465137836480517,0.004072034760301713,1.855918358798161,0.11851128472222222,0.3814887152777778,1.7386493818418083
MOEX,42,18,QuantGAN,0.00061913225,0.0055647083,0.64102674,2.0663517,0.0039007463938614817,0.0004903078079223633,7.694032917333578e-05,0.04732784068910405,0.045430825180374085,0.04202178179170005,0.6522589,0.0,0.0370085577165997,17.39256702273873,0.02410019437917743,1.8646815949171116,0.2767144097222223,0.7767144097222223,1.0046439336094262
MOEX,42,18,sb_r,6.671689e-05,0.005610734,1.23197,8.775123,0.0027885605815463348,0.00012255460023880005,6.079032025098713e-05,0.05763982989825309,0.05912611755076796,0.05741520798299462,1.3426709,0.20000000000000018,0.037029239891224044,27.74809867382686,0.0115606201782682,2.4537353487945417,0.05358072916666656,0.5535807291666666,0.5441448797811739
MOEX,42,18,iid,0.0008473337,0.00565142,2.3688447,45.174904,0.002352063842889038,8.827075362205505e-05,5.6087521424061704e-05,0.041151705863885585,0.07809150750166736,0.04044446747750044,1.1366949,1.8000000000000003,0.9624750873817318,11.683666693642257,0.16715523229855045,44.26992536416646,0.19835069444444442,0.6983506944444444,0.4607150865803017
MOEX,42,18,TimeGAN,0.001661876,0.0012234701,0.45656055,2.3734677,0.002131576291692909,0.00013822317123413086,1.6127957390923508e-05,0.12870019539725036,0.05559855767525732,0.060291390623897316,0.8153682,2.4000000000000004,0.03680871855934534,12.12172232518502,0.09239645088077741,2.006173880257589,0.27489149305555555,0.22510850694444445,2.82409697854407
MOEX,42,18,CONTROL: shuffled real,2.910383e-11,0.0,5.9604645e-08,4.7683716e-07,0.0,0.0,0.0,0.055397304032521785,0.06956359644314944,0.04761282053310424,0.0,0.0,0.5238009702100116,7.92011693875632,0.06807097351437585,0.8262449966071141,0.11705729166666667,0.3829427083333333,1.7285570991636163
MOEX,42,19,GJR-GARCH,0.0010440245,3.3549964e-05,0.5804686,0.26668644,0.001573221036687755,9.018369019031525e-05,2.9473937660302937e-06,0.053706902111152886,0.056268709987634793,0.040740317285526545,0.10250521,0.5999999999999996,0.01894960107474782,1.7968051181303206,0.004791739935199324,0.025067272237091487,0.026388888888888906,0.5263888888888889,0.7328856289718383
MOEX,42,19,QuantGAN,0.00058097264,0.0004788572,0.6869587,0.41846657,0.0012432479178969516,5.970057100057602e-05,1.8736844582206232e-06,0.04818100540433079,0.05522782065439969,0.05265656890114769,0.030999184,0.7999999999999998,0.03671309939150262,11.306394273266767,0.005597211902051313,0.578222156038013,0.08643663194444445,0.41356336805555555,1.5160166385825877
MOEX,42,19,GARCH,0.0010775971,0.0013672989,0.6696919,0.43737364,0.0018294864725521623,0.00010806135833263397,5.230729482705952e-06,0.05517541331471875,0.05668717761291191,0.04067809048574418,0.32865667,0.39999999999999947,0.02635041231085853,3.085745286881176,0.007822804042690423,0.1414325207084257,0.06688368055555549,0.5668836805555555,0.45180802482995425
MOEX,42,19,sb_abs,0.0012219503,0.0032537486,0.8073685,0.46359825,0.0028240198586136104,0.00033777765929698944,2.47791191053866e-05,0.05140753228304675,0.06161962167592719,0.06999472109600902,0.83121943,0.5999999999999996,0.037028983325927536,25.839942628125776,0.013909389680017537,1.091666802025446,0.10323350694444433,0.6032335069444443,0.19950095787515462
MOEX,42,19,iid,0.0014093468,0.0010222178,0.9374374,6.9433393,0.0022369736576001746,0.00017518363893032074,2.7094066863959382e-05,0.050228407462127506,0.07338301436626353,0.04301192380138673,1.3787057,0.6000000000000005,0.8789662876018527,10.366737635160346,0.13618437457560717,6.760202108095802,0.15338541666666683,0.6533854166666668,0.14860747898009669
MOEX,42,19,sb_r,0.0005711729,0.0014130063,1.0177189,1.368804,0.0019368723238876557,0.00011847727000713348,4.450737505190458e-05,0.054706505849026144,0.0697400111142997,0.041469556954689325,1.2248971,0.7999999999999998,0.5321292504999512,7.977222284319856,0.03214106625259672,2.2344904427788483,0.2246961805555555,0.7246961805555555,0.6435812234657506
MOEX,42,19,CNN-WGAN-GP,0.00036441456,0.0037169065,0.61318517,0.588531,0.0020784609744005146,8.562207221984863e-05,4.6105850959730266e-05,0.058040396500146016,0.08185966588091105,0.08301307396031916,0.58734775,0.5999999999999996,0.03702941952205623,38.71486654156189,0.011499109834001153,1.1261795129527101,0.11631944444444448,0.3836805555555555,1.723435642282146
MOEX,42,19,TimeGAN,0.0016695712,0.0010301108,1.6707813,4.8658075,0.0027053369444765855,0.00024817511439323425,1.3779153472336895e-05,0.05915214134787675,0.07875800318666734,0.056231988823274154,1.0666261,1.4000000000000004,0.03271781631595206,5.260096019882363,0.13744852595546286,4.530305819086811,0.18708767361111112,0.6870876736111111,0.3825375535955012
MOEX,42,19,CONTROL: shuffled real,2.910383e-11,0.0,5.9604645e-08,4.7683716e-07,0.0,0.0,0.0,0.055397304032521785,0.06956359644314944,0.04761282053310424,0.0,0.0,0.5238009702100116,7.92011693875632,0.06807097351437585,0.8262449966071141,0.11705729166666667,0.3829427083333333,1.7285570991636163
MOEX,43,0,CNN-WGAN-GP,0.00090962864,0.0009599654,0.83764434,0.667048,0.0017856742087242307,0.00013947393745183945,5.14298852271876e-06,0.05118361396947876,0.0581255873554619,0.07156082549830899,0.576741,0.7999999999999998,0.03702832695927239,23.85255200032784,0.03584846590006552,0.7902314623604809,0.013758680555555514,0.5137586805555555,0.8205529202958349
MOEX,43,0,sb_r,0.000752929,0.0027712993,1.2561862,13.15527,0.0016490805459907281,4.6698376536369324e-05,2.914172053419699e-05,0.04868758541961142,0.07685380969531252,0.046176650256384164,1.2490804,0.20000000000000018,0.9112545564295469,10.677217959774538,0.07613092774492347,5.2488441949901326,0.14340277777777788,0.6434027777777779,0.07931717999549448
MOEX,43,0,GJR-GARCH,0.0013038163,0.003927679,0.013792664,0.51045275,0.002960583418112947,0.00030771270394325256,5.134610285779595e-05,0.048288487473037094,0.052136052465066314,0.04549632913898677,0.93221474,1.6,0.03702850407765345,24.236261551865603,0.0023758811469410945,1.116481165424874,0.1859809027777779,0.6859809027777779,0.37485536827329613
MOEX,43,0,GARCH,0.0014316883,0.0038028704,0.13790208,0.8146243,0.002888447173458189,0.0003053862601518631,5.626421263340978e-05,0.048770776783494514,0.045924929159809835,0.04956564351450652,0.48437834,1.6,0.037029420167094394,40.682500532940296,0.0015641391298180096,1.403182312932814,0.18875868055555556,0.6887586805555556,0.3941361471211845
MOEX,43,0,iid,0.001151802,0.010425637,8.970144,126.83448,0.0022493285037417077,4.614144563674927e-05,3.293677888301735e-05,0.048461727022076954,0.07607469245092943,0.04101787195681027,1.9421765,2.6,0.9629471782969231,11.795490427091481,0.15561754553258478,121.81741987158166,0.14680989583333337,0.6468098958333334,0.10296626030110813
MOEX,43,0,TimeGAN,0.0009852679,0.004806379,0.52638197,2.4034758,0.0030273853817925555,0.0003471085801720619,7.243694426707978e-05,0.04804761135485023,0.06485235657775774,0.06007993620354682,0.049556017,1.4000000000000004,0.14397918080316185,4.262117036456584,0.12081454821475968,2.591921717979822,0.16263020833333341,0.6626302083333334,0.21277632108322733
MOEX,43,0,QuantGAN,0.002297144,0.0028664088,0.195975,0.14371252,0.0029174580133549165,0.0004509333521127701,3.326361584898262e-05,0.07566154743544758,0.11585438292007894,0.11875635467469692,0.029828787,0.5999999999999996,0.03702942058639293,52.00464109588505,0.07266932536240456,2.0799954445738003,0.1904730902777778,0.6904730902777778,0.4060360028163663
MOEX,43,0,sb_abs,0.0017770799,0.0044418033,0.11818211,0.66102505,0.003022080523092882,0.00018562749028205872,0.00010705066246401463,0.05953187100589275,0.18062877747695893,0.14296664509922266,0.6112416,2.0,0.03702942058800693,55.7132438689313,0.04119067667239562,1.407151140108887,0.09173177083333339,0.5917317708333334,0.2793354327921946
MOEX,43,0,CONTROL: shuffled real,2.910383e-11,0.0,5.9604645e-08,4.7683716e-07,0.0,0.0,0.0,0.055397304032521785,0.06956359644314944,0.04761282053310424,0.0,0.0,0.5238009702100116,7.92011693875632,0.06807097351437585,0.8262449966071141,0.11705729166666667,0.3829427083333333,1.7285570991636163
MOEX,43,1,sb_abs,0.0006198696,0.0023372276,1.2389524,3.6799135,0.0023717657253873765,0.00021168868988752365,2.7476581752630826e-05,0.050436278376728295,0.043036370353693204,0.04265168742325841,0.41825795,0.20000000000000018,0.036991331409422436,16.057907611975907,0.0451524851792664,8.662253389204505,0.04366319444444455,0.5436631944444446,0.6129832855115268
MOEX,43,1,GARCH,0.0012245034,2.0677224e-05,0.23580173,0.41314316,0.0014423090451464308,8.443184196949005e-05,3.3566155132299114e-06,0.05491115660845026,0.05361216933466494,0.06640928866836475,0.5950353,0.20000000000000018,0.03691174942437774,13.538528274565953,0.05760355159798125,1.5175373509419483,0.09110243055555556,0.40889756944444444,1.5484023218036516
MOEX,43,1,GJR-GARCH,0.0012072737,0.0014113327,0.17004475,0.04049301,0.0015999876106288864,0.00010693259537220001,8.920178602003325e-06,0.054476372967474165,0.056018512775190175,0.06007001829799265,0.61062455,1.0,0.03634979841440324,9.56185593373659,0.06997817557812502,1.3846412536008508,0.04136284722222222,0.4586371527777778,1.2031558755586358
MOEX,43,1,TimeGAN,0.00021570781,0.0014481079,0.70581913,0.361516,0.0011837191260710826,4.024989902973175e-05,6.487012824464341e-06,0.05711340427398682,0.07407731757964939,0.06054413326550275,0.6865132,1.0,0.02660227740915557,3.1436597807212294,0.12440377392823299,1.3966421186611235,0.17888454861111103,0.678884548611111,0.3255990035603278
MOEX,43,1,QuantGAN,0.0017103896,0.0027761692,0.43842918,0.1899066,0.002602690824387537,0.0003280872479081154,3.4195193684284404e-05,0.05878932897932827,0.052895029865321706,0.058059439365752044,0.035894394,0.7999999999999998,0.037029358593278404,30.049005362810774,0.018175461908288115,0.18539952913817181,0.07207031249999996,0.5720703125,0.415807195574911
MOEX,43,1,CNN-WGAN-GP,0.0006952448,0.003728889,0.26453537,0.43539333,0.0029337698834569896,0.00029246043413877487,4.2707168488554796e-05,0.050050105727277694,0.05355937623186037,0.06326345273264451,0.14134026,0.20000000000000018,0.03702942058833735,73.0934560277492,0.0063940558886921295,2.4731300078250094,0.18723958333333335,0.6872395833333333,0.3835919711887452
MOEX,43,1,iid,0.0008713696,0.009949572,8.527738,139.03784,0.0027403692589869025,0.00014501623809337616,4.91285873039956e-06,0.0475454517925391,0.06783656871323274,0.03908184236002853,1.9382404,3.4000000000000004,0.8525112685912062,10.14631165970561,0.08178444737445456,10.513493014432372,0.21562499999999996,0.715625,0.5806174300406125
MOEX,43,1,sb_r,0.00072102656,0.017009698,7.9957385,99.37036,0.003301539642787247,6.484799087047577e-05,5.40854036513784e-05,0.04583581146085635,0.07179027343168855,0.03971661192830652,1.8525686,3.8000000000000003,0.45764825200693277,7.450801716097565,0.08747305657563631,111.53194980788378,0.09635416666666663,0.5963541666666666,0.24725101174062966
MOEX,43,1,CONTROL: shuffled real,2.910383e-11,0.0,5.9604645e-08,4.7683716e-07,0.0,0.0,0.0,0.055397304032521785,0.06956359644314944,0.04761282053310424,0.0,0.0,0.5238009702100116,7.92011693875632,0.06807097351437585,0.8262449966071141,0.11705729166666667,0.3829427083333333,1.7285570991636163
MOEX,43,2,GJR-GARCH,0.0009659423,0.0006407611,0.15591395,2.613924,0.0018022443251047664,8.599646389484406e-05,2.48948147824459e-05,0.048914616889087485,0.05297204141505062,0.0630674841264954,1.5988364,0.40000000000000036,0.0370294205760989,48.144313306308256,0.009394541339539653,1.2606153466871879,0.03982204861111116,0.5398220486111112,0.639644987512124
MOEX,43,2,CNN-WGAN-GP,0.00020609764,0.0004123263,0.57384896,0.3000636,0.0010053999930823918,2.9431656002998352e-05,5.559973378292204e-06,0.06399353977118154,0.08096720929723233,0.09024887541308999,0.14872122,0.20000000000000018,0.03702942058833742,78.85814597864702,0.01758157064484589,1.7474423538334714,0.20685763888888886,0.29314236111111114,2.351868527855534
MOEX,43,2,sb_abs,0.00059094414,0.0006858036,2.101772,13.634607,0.0023467985889219565,0.00016663875430822372,1.9270198887999176e-05,0.05630302019533701,0.05222207189421169,0.04224835989618441,0.74468327,1.2000000000000002,0.03346004213623269,5.706952399391062,0.027077352708366087,23.84001158099924,0.1157118055555556,0.6157118055555556,0.11288808414440128
MOEX,43,2,GARCH,0.00094897184,0.002883684,0.35468695,3.9306145,0.001751863937279268,6.637722253799438e-05,3.145200372048585e-05,0.0528575232392177,0.06713258441654034,0.0731553990021348,1.3043771,0.0,0.03702942058833743,83.33346494426974,0.018647033071194308,0.775960632152545,0.12808159722222223,0.37191840277777777,1.8050776902161765
MOEX,43,2,TimeGAN,0.00071368203,0.00037326198,0.37783483,0.2084198,0.0011872946599614806,4.601478576660156e-05,8.906011584041173e-06,0.05694236136972904,0.09279594409745187,0.0824208690226078,0.25839186,0.6000000000000005,0.037012153355220866,17.810705212317657,0.11528096828489998,2.037245172635067,0.06816406250000007,0.5681640625000001,0.44292079082975444
MOEX,43,2,sb_r,0.002012301,0.00088987313,0.9244677,0.9827795,0.0026595093711439402,0.00023918971419334412,8.169271577437733e-06,0.05605184651914897,0.07115595645969734,0.050579227885464206,0.11118126,0.5999999999999996,0.011392676082534626,0.9283311152102645,0.046012302568076646,2.4451451811762936,0.1903428819444445,0.6903428819444445,0.4051322163078716
MOEX,43,2,QuantGAN,0.0016817274,0.0032931343,0.48159373,2.7301579,0.002888333817390958,0.00019700638949871063,3.4546660740054193e-05,0.05930693307891488,0.11136711891274899,0.07663770849816501,0.4364891,0.7999999999999998,0.036859869569650004,12.716840432822996,0.010417279593097795,0.8899993449739885,0.11306423611111105,0.613064236111111,0.13126507648379643
MOEX,43,2,iid,0.00052578305,0.008036567,0.27544138,45.465385,0.0026715020373812882,8.689425885677338e-05,5.053827080824918e-05,0.05172528745839372,0.07353236081893556,0.04712251603566983,2.021562,2.6,0.9621449710763392,11.646958497641434,0.1374658654112667,48.20097426294126,0.1919487847222221,0.6919487847222221,0.4162789165793064
MOEX,43,2,CONTROL: shuffled real,2.910383e-11,0.0,5.9604645e-08,4.7683716e-07,0.0,0.0,0.0,0.055397304032521785,0.06956359644314944,0.04761282053310424,0.0,0.0,0.5238009702100116,7.92011693875632,0.06807097351437585,0.8262449966071141,0.11705729166666667,0.3829427083333333,1.7285570991636163
MOEX,43,3,CNN-WGAN-GP,0.0009416432,0.00078071095,0.8214128,0.36858892,0.001859583168537938,0.00012691691517829895,4.859635202100996e-06,0.05587638356722891,0.12920767563860863,0.1319995379075408,0.22718716,1.0,0.0370294205883212,62.00039560059608,0.023641632737065432,1.473035911651845,0.016840277777777746,0.5168402777777777,0.7991633062614577
MOEX,43,3,TimeGAN,0.00046373028,0.0015204214,0.4593316,0.3619547,0.0016365411669830793,0.000109085813164711,6.014265654755908e-06,0.057960008337395265,0.06372225630562753,0.05901407319004647,0.99182796,1.4000000000000004,0.03694497867128254,14.28240548755833,0.10244113208364114,2.114129386950909,0.06059027777777776,0.43940972222222224,1.3366150166463686
MOEX,43,3,GJR-GARCH,0.0015281552,0.002192067,1.4085661,10.665167,0.0020525010252313227,0.00011580623686313629,1.9828067860238174e-05,0.06268477562116459,0.10308205145876854,0.06806869574495067,0.13959861,0.5999999999999996,0.037029415469593145,35.38094074149662,0.009594838640444081,1.3219006603012016,0.08585069444444449,0.4141493055555555,1.5119495992943615
MOEX,43,3,QuantGAN,0.0014155193,0.0037526805,0.2816555,1.4023118,0.0028428827016905413,0.0002802349627017975,4.411101721541113e-05,0.052310569351539014,0.058132656845264134,0.061820747149176895,0.2338996,0.40000000000000036,0.03702446454769292,20.55621528317144,0.03611012769867106,2.2137536040765795,0.19507378472222237,0.6950737847222224,0.43796979278318354
MOEX,43,3,sb_r,0.0010924506,0.009021422,2.998435,53.313713,0.0027492546029243385,9.837187826633453e-05,1.67934124907447e-05,0.048496145228855314,0.06430316829369985,0.04373291048104875,1.8498983,3.0,0.03701151167589145,17.730094299671222,0.05576020420122041,60.11716638042135,0.17586805555555562,0.6758680555555556,0.30466128278019916
MOEX,43,3,sb_abs,0.0009893936,0.0044439035,0.84581685,1.0259314,0.003231385497332667,0.00037097372114658356,5.108535385214627e-05,0.05345722935628146,0.051240605767816305,0.04787329562939704,0.6001756,0.40000000000000036,0.03695621783863835,14.601871318527953,0.0436745028971548,1.7577747870355278,0.21321614583333337,0.7132161458333334,0.5638973796334591
MOEX,43,3,iid,0.00013260826,0.0107225925,0.034186184,35.11306,0.0032181953916442588,9.121932089328766e-05,0.00016613503589279932,0.04346307148516644,0.07619326382176951,0.043939876043004915,2.1015954,2.0,0.9347763022979547,10.963387362865712,0.1464367220899786,35.25608017378037,0.280099826388889,0.780099826388889,1.0281423828302914
MOEX,43,3,GARCH,0.0016926917,0.005456943,1.1418673,8.170042,0.0028889326760308913,0.00013427622616291046,0.00014852280425004864,0.06665375639007834,0.15384028378408401,0.10865916826762259,1.2362232,0.5999999999999996,0.03702942058833701,69.60147684517675,0.0027509257551500133,1.3749261467204485,0.10559895833333333,0.3944010416666667,1.6490238864160733
MOEX,43,3,CONTROL: shuffled real,2.910383e-11,0.0,5.9604645e-08,4.7683716e-07,0.0,0.0,0.0,0.055397304032521785,0.06956359644314944,0.04761282053310424,0.0,0.0,0.5238009702100116,7.92011693875632,0.06807097351437585,0.8262449966071141,0.11705729166666667,0.3829427083333333,1.7285570991636163
MOEX,43,4,GARCH,0.0011725886,1.3200566e-05,0.27294624,0.5328703,0.0014897998819687927,8.004158735275269e-05,5.779911219577675e-06,0.04769748866208829,0.05016148712718859,0.0590916612977162,0.8199074,0.0,0.03702941267225611,34.451845732410035,0.016885803199947258,1.5250833128014065,0.01723090277777778,0.4827690972222222,1.0356541093175984
MOEX,43,4,GJR-GARCH,0.0010544474,0.001453043,0.45856297,0.6386528,0.0016289130884579205,0.00012352969497442245,1.1905535905603375e-05,0.04908257061149925,0.049245798834599556,0.06258894457947463,1.3514273,0.6000000000000005,0.03702931557828124,28.916670607666745,0.03876820535862713,1.3623254473459134,0.029340277777777812,0.5293402777777778,0.7123998014459559
MOEX,43,4,CNN-WGAN-GP,0.000838975,0.0026896587,0.47849286,1.226994,0.002187300469086039,0.00017353519797325134,1.6829224943656198e-05,0.05324923631735146,0.04811030509416014,0.07150570205645636,0.38756514,1.0,0.03702029177602591,19.215490188981086,0.02719375190807316,1.9382718818338938,0.1318359375,0.6318359375,0.0009691881757948102
MOEX,43,4,sb_abs,0.0007462135,0.00012643635,1.365829,7.924677,0.0026925951109587915,0.00023283250629901886,2.1641446524338214e-05,0.04485502277966589,0.05871570585029986,0.05178995808528271,2.222406,1.0,0.037029418794285014,37.61060823343754,0.017259702593212967,7.31877280871098,0.1397352430555555,0.6397352430555555,0.05386052667288979
MOEX,43,4,sb_r,0.0005774542,0.009629004,8.56026,149.62239,0.002436280086811166,0.00011337548494338989,5.959480463243193e-06,0.04729859937971923,0.06841730091680802,0.03968179329582199,1.9272776,3.6,0.03539284931322188,7.533246486469855,0.07860019697435361,116.17785532967392,0.12973090277777788,0.6297309027777779,0.015580403396460137
MOEX,43,4,iid,0.00038160887,0.0024683177,0.50981957,9.63208,0.001818707374899532,8.883140981197357e-05,1.726731279874733e-05,0.05479774251347408,0.07991291174374054,0.050869900851976124,1.717232,1.6,0.7196924934849143,9.210693209803614,0.11031027662013282,9.806284220598089,0.21304253472222234,0.7130425347222223,0.5626923309554667
MOEX,43,4,QuantGAN,0.0013010969,0.0023257788,1.0442451,2.052095,0.0025510824573138965,0.00022813305258750916,3.418483528263068e-05,0.04871617319993675,0.0573601733657415,0.0648821854704147,0.99604607,1.8000000000000003,0.03702942058833743,133.03084625313136,0.10971016009819423,2.235112551408346,0.18233506944444433,0.6823350694444443,0.34954934603543997
MOEX,43,4,TimeGAN,0.0013615447,0.0050240066,0.48458588,2.2649577,0.0033565264875287538,0.00041253119707107544,8.637335967027912e-05,0.06273391267692205,0.0663666505611036,0.06487381735791133,0.42937565,0.7999999999999998,0.15118545507479741,4.375063056311916,0.19599402935103283,2.732060325343594,0.24242621527777786,0.7424262152777779,0.7666468197057942
MOEX,43,4,CONTROL: shuffled real,2.910383e-11,0.0,5.9604645e-08,4.7683716e-07,0.0,0.0,0.0,0.055397304032521785,0.06956359644314944,0.04761282053310424,0.0,0.0,0.5238009702100116,7.92011693875632,0.06807097351437585,0.8262449966071141,0.11705729166666667,0.3829427083333333,1.7285570991636163
MOEX,43,5,sb_abs,0.000698877,0.0018911492,1.5242891,5.316368,0.0019196127402319693,0.00010224618017673492,1.6232625421999637e-05,0.04946440246421844,0.06879129393491894,0.05307353305164725,0.98419714,0.6000000000000005,0.03677968706453039,11.842178126032769,0.02008892910877602,9.310087634066264,0.06124131944444444,0.43875868055555556,1.3411339491888428
MOEX,43,5,CNN-WGAN-GP,0.0006668904,0.003938386,0.6411989,2.3348145,0.0026446524937200587,0.00020025484263896942,5.385127293977299e-05,0.04820769890968222,0.04553229111828841,0.04947306269779801,1.1054435,0.7999999999999998,0.009499356352673662,0.5849311199517206,0.016884061492962066,2.158394594556229,0.09155815972222237,0.5915581597222224,0.2805404814701871
MOEX,43,5,iid,0.00060755195,0.0023917183,1.117501,24.582449,0.00190815897644643,0.00010049715638160706,1.5935747384877062e-05,0.04810825297376141,0.07278723810915835,0.040603542602329984,1.323533,1.0,0.9610371349511625,11.564999512155566,0.1260479982438406,12.534451778738655,0.1445746527777778,0.6445746527777778,0.08745125857194727
MOEX,43,5,QuantGAN,0.00023888893,0.0031653233,1.123539,1.4439626,0.001960526364884572,8.747167885303497e-05,7.34297811625598e-05,0.054395302650518715,0.07228526383754798,0.0757919322908856,0.991251,0.7999999999999998,0.03702942058833743,100.4170186286811,0.071096617583283,1.3410546554078184,0.16167534722222227,0.33832465277777773,2.038254609407837
MOEX,43,5,GARCH,0.00042354336,0.009648167,1.094971,2.0963554,0.005656217793530687,0.0004796218127012253,0.0003647855256823932,0.055891893099760635,0.07781872614752501,0.06735942257510033,1.2081394,0.0,0.03697360485150096,15.207260124672954,0.03107232458619691,0.5168554844643802,0.09798177083333326,0.5979817708333333,0.23595368038444486
MOEX,43,5,sb_r,0.0012030648,0.0048414115,0.72643447,23.465755,0.0024529398799058993,0.00010741129517555237,2.7334576619647412e-05,0.04484596906113438,0.059658923132810744,0.038732822644524274,1.5975685,1.6,0.03168568708063841,4.750118363452517,0.06936172552439579,11.714827902937538,0.21104600694444442,0.7110460069444444,0.5488342711585452
MOEX,43,5,GJR-GARCH,0.0003477684,0.010302903,1.0475278,2.3883305,0.006020853208829067,0.0005406811833381653,0.00036080808517942905,0.057899588325090005,0.08697183850686997,0.0794604915403761,1.1960635,0.0,0.03702940626257083,33.1858967851307,0.03273939935859771,0.8006379783919257,0.1274522569444444,0.6274522569444444,0.031396667295120265
MOEX,43,5,TimeGAN,0.0018016165,0.0037865052,0.08313364,0.5550227,0.002917943248830852,0.0003379499539732933,5.405173005465684e-05,0.05615686930250376,0.12364502530079335,0.11554860892705619,0.050129414,0.6000000000000005,0.037029420587215166,53.15594082538942,0.10522433071249127,2.9689715252076323,0.27947048611111114,0.7794704861111111,1.0237740813725662
MOEX,43,5,CONTROL: shuffled real,2.910383e-11,0.0,5.9604645e-08,4.7683716e-07,0.0,0.0,0.0,0.055397304032521785,0.06956359644314944,0.04761282053310424,0.0,0.0,0.5238009702100116,7.92011693875632,0.06807097351437585,0.8262449966071141,0.11705729166666667,0.3829427083333333,1.7285570991636163
MOEX,43,6,CNN-WGAN-GP,0.0014080954,0.00058089197,0.31124598,1.0002303,0.0016889486645959555,0.00011239759624004364,5.488229122929469e-06,0.06029325577430427,0.05721945386612788,0.0662090135877952,0.19786596,0.39999999999999947,0.03702886053638754,25.30422417539767,0.005738297913000068,1.9532023982647422,0.0767144097222221,0.5767144097222221,0.3835721434385968
MOEX,43,6,GARCH,0.001992216,0.0012753177,0.19425488,0.33322334,0.0022452038581850502,0.0001942301169037819,2.086745617914798e-05,0.048432469854597,0.04480639147572219,0.051877767819678414,0.37226295,0.0,0.03687908445051073,12.987767076693212,0.03404408325986086,0.6428021288757932,0.06367187500000004,0.563671875,0.4741014253728254
MOEX,43,6,iid,0.0006895992,0.0046402514,0.1995106,8.392351,0.0022257086719037044,6.95791095495224e-05,4.1652003745556207e-05,0.0412524995271815,0.07294594635721297,0.04565694973105565,1.3875263,0.20000000000000018,0.8971205849407057,10.533641511948831,0.14838649494943645,8.56655477220926,0.13645833333333335,0.6364583333333333,0.0311152328757709
MOEX,43,6,TimeGAN,0.00032969817,0.0010867994,0.34416702,0.46044683,0.0011424505422473884,4.3842941522598267e-05,1.043700985828771e-05,0.052938608016702346,0.07835998501162976,0.0731140979193151,0.8488536,0.6000000000000005,0.037029418059699164,36.8814111207606,0.08960524945357606,2.869342168059993,0.1023220486111111,0.3976779513888889,1.626278592618954
MOEX,43,6,GJR-GARCH,0.0018519199,0.0028017508,0.027482957,0.22977352,0.002622411837761319,0.00029832590371370316,3.307352068917147e-05,0.04593902455177158,0.04805710357759381,0.046308184741064906,0.44942808,0.39999999999999947,0.03510657381901747,7.157919690753653,0.03532691265547705,0.09252804571153384,0.17274305555555558,0.6727430555555556,0.28297040657632355
MOEX,43,6,sb_r,0.0008412546,0.00404693,0.29172555,17.075417,0.0023413144457226738,0.00010847114026546478,8.659257512843578e-05,0.04033728840760887,0.07570905554341152,0.04585701696109026,1.708441,1.4000000000000004,0.9503535628080803,11.22785081814671,0.079956428699135,10.606018197029611,0.13439670138888882,0.6343967013888888,0.016805279824602542
MOEX,43,6,QuantGAN,0.00018942126,0.008256402,1.5151285,12.511002,0.0034945077559605125,0.00016210228204727173,0.0002703536231697214,0.07020995465107262,0.14527825567405672,0.10076118646655231,2.1353273,0.6000000000000005,0.03702942058833743,98.33189460672084,0.01779035134937823,2.0901206442126936,0.21621093749999998,0.7162109375,0.5846844693288392
MOEX,43,6,sb_abs,0.0010944234,0.008208372,0.014648795,6.227585,0.0038011100391086078,0.00019756890833377838,0.0002411961666665747,0.0682983708952088,0.1394110721675679,0.07742677262052894,0.4315517,1.2000000000000002,0.03702836975487843,23.93927253687591,0.01853456692505573,10.257289043550054,0.23235677083333328,0.7323567708333333,0.6967539963821949
MOEX,43,6,CONTROL: shuffled real,2.910383e-11,0.0,5.9604645e-08,4.7683716e-07,0.0,0.0,0.0,0.055397304032521785,0.06956359644314944,0.04761282053310424,0.0,0.0,0.5238009702100116,7.92011693875632,0.06807097351437585,0.8262449966071141,0.11705729166666667,0.3829427083333333,1.7285570991636163
MOEX,43,7,CNN-WGAN-GP,0.0013469397,0.00035409257,0.29452726,1.0888305,0.0016591655527590774,0.00010018609464168549,9.645884834354133e-06,0.04831834279932082,0.06459015383850783,0.09032379625268731,0.31571913,0.39999999999999947,0.03702922606282613,27.589141334083457,0.049299624036268086,1.4004418641218006,0.02595486111111117,0.47404513888888883,1.0962078053867508
MOEX,43,7,sb_r,0.0011014409,0.0030692592,0.98530483,2.918929,0.002778527137837955,0.0001800432801246643,4.0564123148003466e-05,0.03874420706648379,0.06907806307543068,0.0499554537734366,0.86925936,0.5999999999999996,0.028398146359192356,1.4721223561918748,0.04807040721898703,2.780341358637788,0.13884548611111114,0.6388454861111111,0.04768465219817576
MOEX,43,7,QuantGAN,0.0010355765,0.00048336107,0.60665333,0.77704716,0.0015084683848835996,9.620562195777893e-05,3.859791226785361e-06,0.04611217326484621,0.05982085926923901,0.06102574504911899,1.2154155,1.2000000000000002,0.03702942058833739,74.84249151143857,0.036440553958045685,1.6901226690115232,0.09759114583333339,0.4024088541666666,1.5934410161436432
MOEX,43,7,iid,0.0006936935,0.0038201455,3.2379777,27.505442,0.001593213039799594,3.540143370628357e-05,3.0867792925567024e-05,0.04353713745251298,0.07487180418567732,0.043684981414698995,1.1737473,0.7999999999999998,0.6873282195927141,8.99940550604933,0.08823140931064866,5.834313327836414,0.1909288194444445,0.6909288194444445,0.4091992555960984
MOEX,43,7,sb_abs,0.0007413514,0.0034521427,2.1932259,17.425394,0.003616228717066406,0.0004098983481526375,5.424328582617666e-05,0.05529234659625217,0.045438725291751324,0.04052880738105159,0.57586384,1.0,0.03276392216302237,5.285576392846059,0.053694314951519106,24.87045701066952,0.17643229166666674,0.6764322916666667,0.3085776909836767
MOEX,43,7,GJR-GARCH,0.0016127105,0.009678148,0.49721342,0.3767085,0.006641724831715691,0.0008427910506725311,0.00019806526470311534,0.05042448197527847,0.045698866597376764,0.05255450632306747,0.40410137,0.7999999999999998,0.0043143424403360026,0.31451376061516,0.004263622078310325,0.28894799081765843,0.26048177083333335,0.7604817708333333,0.8919718822170735
MOEX,43,7,GARCH,0.0019161593,0.017554585,0.573085,0.6787505,0.012213128666779084,0.0023441538214683533,0.0006655849946591805,0.04995817676652223,0.050269007510505614,0.05350387753685936,0.5637245,1.3999999999999995,0.01192695988226624,0.9810499790516687,0.023690802132862232,0.18876516196414617,0.33532986111111107,0.8353298611111111,1.4114984935168373
MOEX,43,7,TimeGAN,0.0018798239,0.004731641,0.47165713,2.58096,0.0033958346989238636,0.000428270548582077,7.491185141401122e-05,0.05577621030053706,0.060564819178543984,0.06898925187066197,0.95780945,0.7999999999999998,0.0034605778458677017,0.2492582409921571,0.1537415343039671,3.0823829130699507,0.3442925347222223,0.8442925347222223,1.4737091315182307
MOEX,43,7,CONTROL: shuffled real,2.910383e-11,0.0,5.9604645e-08,4.7683716e-07,0.0,0.0,0.0,0.055397304032521785,0.06956359644314944,0.04761282053310424,0.0,0.0,0.5238009702100116,7.92011693875632,0.06807097351437585,0.8262449966071141,0.11705729166666667,0.3829427083333333,1.7285570991636163
MOEX,43,8,sb_r,0.0008663237,0.001249101,0.0670715,3.0607433,0.0014804757810197777,5.7978555560112e-05,1.911017806561158e-05,0.04446916750865057,0.05962259951513261,0.044052576765534465,1.0224774,0.0,0.5008063996463429,7.760372984216994,0.08649709488889645,3.0626119165931414,0.07569444444444451,0.5756944444444445,0.3906518044218048
MOEX,43,8,GARCH,5.889786e-05,0.0029128306,0.94474137,1.034195,0.0018064660372201617,6.722286343574524e-05,3.4590535628858655e-05,0.053666264237836006,0.0809015898918733,0.07073691392317415,0.86247444,0.20000000000000018,0.037029324279789985,29.102677207377184,0.040768764392343115,1.1381876382576186,0.02506510416666663,0.5250651041666666,0.7420741251415359
MOEX,43,8,sb_abs,0.0009192355,0.002485388,0.967716,2.4130068,0.0021810538438585356,0.00015921611338853836,2.3669764761504225e-05,0.0485541723202914,0.05788642462342977,0.040741800628602505,0.9983759,1.4000000000000004,0.0225330254311447,2.340331170536965,0.05062226923611557,4.828297439983972,0.05149739583333335,0.5514973958333333,0.55860546391709
MOEX,43,8,GJR-GARCH,0.00021507466,0.0040247925,0.96568215,1.6147766,0.00215513795021252,8.490867912769318e-05,8.128098484556282e-05,0.053879484558710826,0.09947927135508508,0.07669386058463715,0.9977288,0.39999999999999947,0.03702941793168195,36.77642592699412,0.03421383460391103,1.1510497788840706,0.0385633680555556,0.5385633680555556,0.6483815904275737
MOEX,43,8,CNN-WGAN-GP,0.00094173325,0.0038494132,0.5094389,1.238111,0.002764425205474254,0.0002568960189819336,4.785865511664281e-05,0.05562927108243457,0.04874554206850007,0.043589958135271445,0.20732832,0.40000000000000036,0.03593910033622567,8.474238290328385,0.028690080248379157,1.8701771720096234,0.24680989583333324,0.7468098958333332,0.7970742988251182
MOEX,43,8,iid,0.001691759,0.0027475879,0.38367116,21.615677,0.0024925549905019584,0.00017994828522205353,2.1971644726583394e-05,0.04657234404468909,0.07700362767180195,0.0518182826845441,1.4313881,1.8000000000000003,0.9406087185183201,11.050764015657133,0.10455894249606157,17.479232884274907,0.1786892361111111,0.6786892361111111,0.324243323797586
MOEX,43,8,TimeGAN,0.0015680441,0.004419869,0.36005247,1.8939462,0.0031383387926252914,0.00039123184978961945,5.8787416777996295e-05,0.05399621664735605,0.07590816534589977,0.10836685422807932,0.10659051,0.20000000000000018,0.03702891375898368,25.520438047588463,0.15874154684987796,2.590859227112817,0.19993489583333324,0.6999348958333332,0.47171115576698797
MOEX,43,8,QuantGAN,0.0018948589,0.0065050526,0.4449455,2.5613852,0.004794206260296052,0.000834096223115921,0.00012464450127439955,0.04849168115761131,0.06060357348644175,0.05074868283816613,2.4141693,0.7999999999999998,0.03700506256066659,17.04974261120993,0.08365927030969178,2.6077818003624462,0.391427951388889,0.891427951388889,1.8008798475933505
MOEX,43,8,CONTROL: shuffled real,2.910383e-11,0.0,5.9604645e-08,4.7683716e-07,0.0,0.0,0.0,0.055397304032521785,0.06956359644314944,0.04761282053310424,0.0,0.0,0.5238009702100116,7.92011693875632,0.06807097351437585,0.8262449966071141,0.11705729166666667,0.3829427083333333,1.7285570991636163
MOEX,43,9,sb_r,0.00039032218,0.0013598353,1.2297561,1.81037,0.001567809446358297,6.252899765968323e-05,3.0933589651212904e-05,0.06301363513339311,0.0789828314515762,0.05012196925934404,0.8483603,0.20000000000000018,0.10101785419872321,3.49274048176558,0.06958929747492848,1.7368428601493386,0.02265624999999999,0.47734375,1.0733118805048818
MOEX,43,9,QuantGAN,0.000697051,0.0015873443,1.4053615,3.535061,0.001809191111766268,8.632801473140717e-05,1.1745230186430896e-05,0.05495062825502828,0.04927622115355916,0.05017175366636366,1.2739058,1.4000000000000004,0.03702942050385408,44.07688087438972,0.004475301917255203,0.3290648723055174,0.16052517361111118,0.3394748263888888,2.030271161916133
MOEX,43,9,GJR-GARCH,0.000556386,0.003951627,0.26418012,2.0319307,0.0026767045635497193,0.00021920539438724518,3.6494505626621674e-05,0.05469440387561917,0.053921316425548864,0.05700278094038367,0.20410442,0.20000000000000018,0.01796905311968368,1.6662134299868914,0.07159922299466515,2.221321069948087,0.12434895833333337,0.6243489583333334,0.05293691241424589
MOEX,43,9,CNN-WGAN-GP,0.0011921986,0.0010066796,0.40640414,0.63685656,0.0019312519501836504,0.00010766088962554932,1.3528569974593656e-05,0.07266954686492681,0.0931997404806316,0.12050872950814664,0.55627346,2.2,0.03702942058833743,97.45683864205849,0.02874809145490531,1.7303383603190596,0.038975694444444486,0.5389756944444445,0.6455195998173402
MOEX,43,9,GARCH,0.0006150158,0.0039657354,0.34336925,1.9896064,0.002729907132817971,0.00023034680634737015,4.1558563599906136e-05,0.05559810242266394,0.051048000366427,0.061434219386428596,0.5629673,0.20000000000000018,0.030855888550083994,4.405630153812732,0.04798644023804821,2.2909435010409567,0.13947482638888897,0.639474826388889,0.05205295365590105
MOEX,43,9,sb_abs,0.0014871357,0.0032033194,0.6446823,1.8269472,0.0026562790955140373,0.00015646032989025116,6.39229274322654e-05,0.058816164803283756,0.06577093193074689,0.07708596436306835,0.86237144,0.5999999999999996,0.03702902857352804,26.07619690793068,0.04678693215554752,0.24587329471314767,0.0171440972222221,0.5171440972222221,0.7970544710749705
MOEX,43,9,iid,0.00070907385,0.003533652,1.7420235,5.8616295,0.0025168698170164134,0.00012945011258125305,0.0001578227423124644,0.05301348128123209,0.07464574333193014,0.04162692413199693,1.6175654,0.40000000000000036,0.9627230851073553,11.72252306658422,0.07954977032775679,5.936347754103114,0.154296875,0.654296875,0.1549339845395592
MOEX,43,9,TimeGAN,0.0022568281,0.0070367744,0.2206792,2.9245155,0.004995002481737175,0.0009696194902062416,0.00016240863996357807,0.06205515222041868,0.08562916259746998,0.05687748146126978,2.3489203,1.0,0.00935137538483835,0.5767228858412174,0.134655305762715,2.763059048255315,0.4253038194444443,0.9253038194444443,2.036014970886747
MOEX,43,9,CONTROL: shuffled real,2.910383e-11,0.0,5.9604645e-08,4.7683716e-07,0.0,0.0,0.0,0.055397304032521785,0.06956359644314944,0.04761282053310424,0.0,0.0,0.5238009702100116,7.92011693875632,0.06807097351437585,0.8262449966071141,0.11705729166666667,0.3829427083333333,1.7285570991636163
MOEX,43,10,GARCH,0.00132458,0.0024839723,0.23178473,0.71232414,0.0021809462050368894,0.0002193022519350052,1.4343132772110843e-05,0.04769794109393843,0.04148669169750065,0.050617440197383984,0.3436687,1.0,0.037028201768909974,23.61701045354632,0.011560727646692803,0.7502124564555821,0.15481770833333341,0.6548177083333334,0.158549130573539
MOEX,43,10,GJR-GARCH,0.0012527927,0.0033719344,0.09385201,0.64017487,0.0027146747859515016,0.00029307417571544647,3.0965541865494436e-05,0.04934944976237603,0.04155284152831882,0.045083735259831885,0.46968508,0.20000000000000018,0.036743899118486814,11.538789113574028,0.03170391654893934,0.3576105673357324,0.17228732638888888,0.6722873263888889,0.2798071537965915
MOEX,43,10,sb_abs,0.0014828178,0.003113796,0.012815833,1.4790602,0.0023331519971034136,0.00021257344633340836,3.6811476386463525e-05,0.04822445327765308,0.048900381182320415,0.06379937294870615,0.46029425,0.39999999999999947,0.03688526216000635,13.082201576411888,0.035903163184919484,1.8129237731218226,0.1343098958333333,0.6343098958333333,0.016202755485606297
MOEX,43,10,QuantGAN,0.0021259184,0.003227313,1.0273393,3.6111574,0.0036340293745888625,0.0005330415442585945,3.629323316142665e-05,0.04652043336769566,0.05058177018072456,0.05229119499446824,0.89576864,0.40000000000000036,0.12313291002274455,3.911688567544969,0.08876570474972578,0.39551374213359836,0.15666232638888888,0.6566623263888889,0.1713527727772148
MOEX,43,10,CNN-WGAN-GP,0.0004972635,0.0048585944,0.24836719,2.313372,0.0032749369434022816,0.0003239233046770096,6.553364298457724e-05,0.0503931630513398,0.0589108958048746,0.09461906990036369,0.80409527,0.20000000000000018,0.03702942058832845,63.233339888016616,0.026610954779978546,2.6471862247507003,0.1909071180555556,0.6909071180555556,0.4090486245113491
MOEX,43,10,sb_r,0.0016833772,0.015315102,4.934023,63.808243,0.004209169947906048,0.0001589711755514145,0.0003864030019605146,0.04356655110605061,0.07370054641971364,0.040081801519263535,2.3427825,2.2,0.03611773469748619,8.886856856170207,0.02326331786302427,11.711774697037955,0.2504123263888889,0.7504123263888889,0.822079058893475
MOEX,43,10,iid,0.0022021595,0.012859842,7.1425543,91.58562,0.0030487661304214276,8.215941488742828e-05,0.00014423053727373252,0.04682049862109125,0.08239092111820355,0.04244262835680274,2.0715084,3.2,0.9628668803563976,11.757824744990975,0.12413698598723155,50.517907380054915,0.2387803819444445,0.7387803819444445,0.7413407974679396
MOEX,43,10,TimeGAN,0.0020833947,0.005269766,0.26561722,2.5286438,0.003666691471778904,0.0005444809794425964,0.0001151515208480988,0.05331519687722903,0.07012811094755307,0.04989695792319253,1.1037207,1.2000000000000002,0.14773214484927422,4.321416543436893,0.136637055743837,2.8108834093629165,0.31263020833333344,0.8126302083333334,1.2539383788692438
MOEX,43,10,CONTROL: shuffled real,2.910383e-11,0.0,5.9604645e-08,4.7683716e-07,0.0,0.0,0.0,0.055397304032521785,0.06956359644314944,0.04761282053310424,0.0,0.0,0.5238009702100116,7.92011693875632,0.06807097351437585,0.8262449966071141,0.11705729166666667,0.3829427083333333,1.7285570991636163
MOEX,43,11,sb_r,0.00056068366,0.002053352,2.4346068,14.0033455,0.0020465544405742545,0.00011351518332958221,9.73058888146357e-06,0.048433914771303536,0.07082709570182487,0.04860399916069582,1.0535417,0.20000000000000018,0.03702938480701961,31.227687082249382,0.02284182828950676,0.013702676326722951,0.11777343750000002,0.6177734375,0.09857813109323368
MOEX,43,11,iid,0.0016242968,0.0010618065,0.94718146,6.351838,0.002238672846593545,0.00015634112060070038,1.2003986233640097e-05,0.04347599535947665,0.0787844048551051,0.0510229207132943,1.1358306,0.0,0.9363677413391762,10.986273390273539,0.15078204526892147,5.508734097515468,0.11449652777777763,0.6144965277777776,0.12132342489035412
MOEX,43,11,TimeGAN,0.0006641394,0.0030994583,0.8765296,0.30121326,0.0025541136570391247,0.0002224324271082878,2.4102442375326177e-05,0.05667527400655672,0.08358929734211415,0.09097719403915107,0.16208196,0.20000000000000018,0.03702942058832721,62.96312200970654,0.12217214801443299,2.4883111104687883,0.1445529513888889,0.6445529513888889,0.08730062748719801
MOEX,43,11,GJR-GARCH,0.00071030087,0.0037742006,0.44998538,1.5864496,0.0028558228020046945,0.00026627350598573685,3.3111071191584395e-05,0.0446946664666757,0.04909673889866099,0.06405075896997005,0.36556196,0.7999999999999998,0.037020704961961616,19.317338791649483,0.049209063133615505,1.9201259949284997,0.18541666666666656,0.6854166666666666,0.3709389600698171
MOEX,43,11,GARCH,0.00080790586,0.0043503195,0.46221408,1.9325628,0.0031832937470826434,0.00032336730509996414,5.4194956360100796e-05,0.045002647587971296,0.04910110177239403,0.05972096512559801,1.9260654,0.39999999999999947,0.03677505902359677,11.80060817932952,0.06563547349637744,2.095307078590898,0.1978081597222222,0.6978081597222222,0.4569493094615734
MOEX,43,11,QuantGAN,0.00043079257,0.0084580295,0.58416,0.7170534,0.005051719289614995,0.0004156585782766342,0.0002684933393591638,0.07114389496397053,0.111745303273201,0.1232306085433811,0.5697534,0.7999999999999998,0.03702942058833743,103.17335331955405,0.009808074642172038,0.9686879839535223,0.11831597222222223,0.6183159722222222,0.09481235397450542
MOEX,43,11,CNN-WGAN-GP,0.0011078591,0.0051305825,0.45118746,2.6119347,0.0035268724874913454,0.000398293137550354,8.466071129734331e-05,0.05049531817217939,0.04717945303862507,0.04762799293035641,0.9058628,1.0,0.036693820682513714,11.172050870952985,0.023263693155290532,2.3301949790201784,0.27083333333333337,0.7708333333333334,0.9638229096424107
MOEX,43,11,sb_abs,0.0022218484,0.0053483117,0.726405,9.124436,0.003534839445572289,0.0002585258334875107,0.00010718134857736691,0.06957436528522522,0.15387295383494348,0.08265874955803156,1.2867236,0.7999999999999998,0.037029420586655745,52.308886498003275,0.011298393464138079,9.223907726674334,0.17547743055555554,0.6754774305555555,0.30194992325471415
MOEX,43,11,CONTROL: shuffled real,2.910383e-11,0.0,5.9604645e-08,4.7683716e-07,0.0,0.0,0.0,0.055397304032521785,0.06956359644314944,0.04761282053310424,0.0,0.0,0.5238009702100116,7.92011693875632,0.06807097351437585,0.8262449966071141,0.11705729166666667,0.3829427083333333,1.7285570991636163
MOEX,43,12,sb_abs,0.00046944222,0.00019701757,1.5282891,6.3668337,0.0014892055000018446,6.673112511634827e-05,3.8062562490745824e-06,0.053721929374150934,0.05368770233821124,0.04182777537265792,0.7817781,0.6000000000000005,0.035538902805969906,7.750405618933518,0.008996254203559872,10.713152041798478,0.07999131944444449,0.4200086805555555,1.4712792064120952
MOEX,43,12,GJR-GARCH,0.00089077046,0.001900021,0.3460156,1.0432415,0.0019645942358720277,0.00013793259859085083,1.8548191442055164e-05,0.05138913796865381,0.0647188438521698,0.0838695298996754,0.7775824,0.7999999999999998,0.037029420506201914,44.13632451817475,0.0033563598137883455,1.9931282509152566,0.09967447916666672,0.5996744791666667,0.2242044557740115
MOEX,43,12,CNN-WGAN-GP,0.0008765387,0.0009365678,0.5957692,0.9579387,0.0016116089886054397,6.693601608276367e-05,1.0234467203252532e-05,0.05381870741257444,0.0768061365140602,0.09482438463426661,0.026411057,1.2000000000000002,0.037029420588336734,68.56194436322724,0.014107847057891032,2.3657973501884215,0.04976128472222219,0.5497612847222222,0.570655950697021
MOEX,43,12,GARCH,0.0010160244,0.000690856,0.37771532,3.4073334,0.0016921064244124864,9.265169501304626e-05,1.1240473951647393e-05,0.05677518145472277,0.12212634492199868,0.11018295815098099,0.6209054,0.39999999999999947,0.03702942058827683,59.25486392244407,0.020632268351313043,1.960787646629361,0.10850694444444442,0.6085069444444444,0.16289760428111436
MOEX,43,12,sb_r,0.00071885274,0.0048779696,2.8755183,53.510384,0.0017854147931866465,5.770288407802582e-05,7.963711738195346e-06,0.04995733079034835,0.07625552295299713,0.047108572870492936,1.5748303,3.0,0.9628717979404278,11.759448642351042,0.12225715435036266,51.13147518362518,0.09437934027777783,0.5943793402777778,0.26095844045280026
MOEX,43,12,QuantGAN,0.001565159,0.00016228855,0.9477718,0.18856478,0.00234637501524412,0.00020076986402273178,2.0533676238507545e-05,0.0580335869314149,0.04157394669018686,0.055241957536927656,0.9001417,0.7999999999999998,0.037029370212914324,30.49436543398354,0.04516914542039385,1.5445945132420293,0.07167968749999998,0.5716796875,0.41851855510039526
MOEX,43,12,iid,0.0015948125,0.005981261,2.298196,20.398666,0.0032800098314182836,0.00019952096045017242,7.476871369398558e-05,0.050754111273854506,0.07210519889835268,0.0514816764916759,2.0215578,2.4000000000000004,0.9565951257769362,11.384563441102364,0.09696689032221184,12.718225739912787,0.15746527777777763,0.6574652777777776,0.17692612291293183
MOEX,43,12,TimeGAN,0.0007403231,0.0031030588,1.3587308,0.25924492,0.00274108633690048,0.00027969013899564743,3.971584789168988e-05,0.061656328151002526,0.09247619550209492,0.09374985359609127,0.88836503,0.40000000000000036,0.03702942058833601,67.07157773621883,0.16529002519690394,2.664286787837254,0.18669704861111103,0.686697048611111,0.37982619407001617
MOEX,43,12,CONTROL: shuffled real,2.910383e-11,0.0,5.9604645e-08,4.7683716e-07,0.0,0.0,0.0,0.055397304032521785,0.06956359644314944,0.04761282053310424,0.0,0.0,0.5238009702100116,7.92011693875632,0.06807097351437585,0.8262449966071141,0.11705729166666667,0.3829427083333333,1.7285570991636163
MOEX,43,13,sb_r,0.000607469,0.0012833271,0.4899844,1.165585,0.0016651488118950512,6.754137575626373e-05,9.921166213724337e-06,0.05791715779341757,0.04551855620229617,0.050744592058472336,0.8964801,2.3999999999999995,0.03115873402342665,4.525811928559323,0.008839340276825647,1.0006264636363058,0.012608506944444486,0.5126085069444445,0.8285363677875385
MOEX,43,13,QuantGAN,0.0008687492,0.0025789328,1.313376,1.8383169,0.0026091071314294817,0.00023824628442525864,3.60854730679416e-05,0.05935775795020163,0.06479644308798015,0.04383384534739889,0.6119077,0.6000000000000005,0.03702941500217776,35.19481889575723,0.015235095578280733,1.0027301740690797,0.10620659722222214,0.6062065972222221,0.17886449926452297
MOEX,43,13,GJR-GARCH,0.001065176,0.002267451,0.653857,4.0885887,0.0027211600459213516,0.00029190070927143097,2.267491968767367e-05,0.052670643576420845,0.06444534707348794,0.06177022459916771,0.7520087,0.20000000000000018,0.02730218668240635,3.312024011409301,0.014622743664843951,1.0910189027909647,0.18272569444444442,0.6827256944444444,0.352260705560925
MOEX,43,13,CNN-WGAN-GP,0.0009483741,0.0008591367,0.45352733,1.1262465,0.0017816303578729274,0.0001388220116496086,1.2757271302406896e-05,0.059634055154165255,0.065347119695507,0.09791503464570268,0.7169969,1.2000000000000002,0.03702942058832404,62.401717555783776,0.041397148205645884,1.90828446089745,0.03174913194444445,0.46825086805555555,1.1364263050147694
MOEX,43,13,GARCH,0.0011860433,0.00010601431,0.9450486,8.616462,0.0025373889118782246,0.00025760848075151443,1.5183052045653003e-05,0.06069330006852397,0.10878434318583459,0.0646184871532023,0.9866421,0.7999999999999998,0.03685067673622019,12.59780071527573,0.026180476065992386,1.9577853564176655,0.19498697916666663,0.6949869791666666,0.4373672684441858
MOEX,43,13,iid,0.00033485732,0.007477017,2.758184,34.454376,0.0023174909110312007,6.0053542256355286e-05,7.508791071032393e-05,0.052866645104950295,0.07268527792533859,0.04287186800735071,1.8480575,2.4000000000000004,0.9574987298809567,11.413384953391821,0.14603722315445078,33.816869181768574,0.3079861111111113,0.8079861111111113,1.2217033267329296
MOEX,43,13,TimeGAN,0.0010775567,0.0027686302,1.0678144,2.138546,0.0027474559538823093,0.0003022560849785805,4.5539062350941195e-05,0.06915356394369156,0.11540668997447938,0.09007034870795906,1.4886453,0.6000000000000005,0.03702942058563664,51.31603801138334,0.1323341426576432,2.4395690822731204,0.1996961805555555,0.6996961805555555,0.4700542138347477
MOEX,43,13,sb_abs,0.0024558974,0.008891348,0.295839,0.8212843,0.006274649440958456,0.00082450732588768,0.0002047989680660983,0.056544605661765675,0.1095539555279538,0.10550334257539362,1.3508439,1.5999999999999996,0.03702937673157944,30.791535973129058,0.0069376742265138125,2.3226214321875958,0.23851996527777775,0.7385199652777777,0.7395332244509493
MOEX,43,13,CONTROL: shuffled real,2.910383e-11,0.0,5.9604645e-08,4.7683716e-07,0.0,0.0,0.0,0.055397304032521785,0.06956359644314944,0.04761282053310424,0.0,0.0,0.5238009702100116,7.92011693875632,0.06807097351437585,0.8262449966071141,0.11705729166666667,0.3829427083333333,1.7285570991636163
MOEX,43,14,QuantGAN,0.0014122466,0.0009920914,0.58918554,0.35512543,0.0018011983180840619,0.00012295693159103394,5.997573268368134e-06,0.05306341036222875,0.07256522941868752,0.0767919732350856,0.46818066,0.40000000000000036,0.037029420574183854,47.838738392731585,0.06824724703454643,0.3297606082072644,0.10047743055555547,0.6004774305555555,0.2186311056382945
MOEX,43,14,CNN-WGAN-GP,0.00029769307,0.0032740561,0.801371,0.9877033,0.0025037922002229605,0.00019813049584627151,2.37891566938703e-05,0.05608069636859,0.06535787636763417,0.04731840450724121,0.72997904,0.20000000000000018,0.03697946910988108,15.454650979135225,0.03812880656485962,0.915411340098589,0.10666232638888884,0.6066623263888888,0.17570124648479096
MOEX,43,14,TimeGAN,4.1073858e-05,0.00065702666,0.7389147,0.92177343,0.001345875325088855,5.427747964859009e-05,1.0865494811926813e-05,0.06289026919170283,0.07976680378895253,0.09759454041719437,0.41508722,0.0,0.03702600608683015,21.37153253626235,0.21096896047582636,2.586250952619765,0.11182725694444445,0.38817274305555555,1.692255007739075
MOEX,43,14,GJR-GARCH,0.0011217309,0.0018312726,0.12477423,3.7724981,0.0016731534613772963,6.013363599777222e-05,1.3426498970842356e-05,0.062285919208079576,0.08291560556273908,0.08405952011831687,1.5647819,0.7999999999999998,0.03702942058813854,56.774350280760984,0.051279394729884076,1.1375372715147796,0.03847656249999998,0.4615234375,1.1831219412870007
MOEX,43,14,sb_r,0.00051440555,0.008267924,3.6591637,24.693998,0.002856610036047642,0.00010238401591777802,0.00031073565355540774,0.04776311115827411,0.07128110884783383,0.038498481817077844,2.0890033,2.0,0.8651206643067377,10.248679925538047,0.07013797908482189,11.284815549343337,0.11488715277777772,0.6148871527777777,0.11861206536486908
MOEX,43,14,iid,0.00021715902,0.009494992,9.61866,147.16255,0.002767429925756005,0.00013439171016216278,5.581213448192793e-05,0.0444332151603885,0.07571126783732325,0.04054991234384943,2.086461,2.6,0.9629379185822521,11.788917834245979,0.17829204136871213,81.51654912292874,0.13200954861111103,0.632009548611111,0.00023586050219768202
MOEX,43,14,GARCH,0.0012773788,0.00588274,0.61187565,8.362791,0.002882517182908488,0.0001212097704410553,0.00011688232117035397,0.07322813372593373,0.12733950931113214,0.10625414405018091,1.6738842,0.6000000000000005,0.03702942058833743,99.81588768504736,0.023777721045315947,0.7615606640301626,0.028906250000000078,0.4710937499999999,1.1166936329126331
MOEX,43,14,sb_abs,0.00040484694,0.004345974,1.6468625,76.42466,0.003961348048076616,0.0003981012850999832,4.24974009697081e-05,0.05018924248404801,0.0523015637556091,0.041357920682057736,2.5502672,2.8000000000000003,0.03702942058833743,376.8681149622345,0.027821243335241608,9.329453050167588,0.28828125000000004,0.78828125,1.0849303017807148
MOEX,43,14,CONTROL: shuffled real,2.910383e-11,0.0,5.9604645e-08,4.7683716e-07,0.0,0.0,0.0,0.055397304032521785,0.06956359644314944,0.04761282053310424,0.0,0.0,0.5238009702100116,7.92011693875632,0.06807097351437585,0.8262449966071141,0.11705729166666667,0.3829427083333333,1.7285570991636163
MOEX,43,15,CNN-WGAN-GP,0.00075636985,0.0032142233,0.6504488,1.3028269,0.0024401921499375015,0.0001795310527086258,3.495728736797776e-05,0.04599322038702667,0.06657927311724052,0.04751238253491465,0.6114831,0.20000000000000018,0.14467795656974203,4.2732388083753,0.05607751189753907,1.332366752570147,0.09980468750000004,0.5998046875,0.22330066926551675
MOEX,43,15,sb_r,0.0012403952,0.0006560106,0.8037005,5.965501,0.0018998242191155443,9.511038661003113e-05,2.3975400147015274e-05,0.047267989046231376,0.07635695480159484,0.046084956034319474,1.5311635,1.2000000000000002,0.7280411692169783,9.265629794638475,0.07488231600477047,7.455829061239585,0.10010850694444451,0.6001085069444445,0.22119183407902873
MOEX,43,15,QuantGAN,0.0019778518,0.0014297757,0.9797199,2.3601751,0.002897123779475806,0.0002579614520072937,5.200650023823034e-05,0.043948567942716184,0.07111006292980164,0.05324055167846382,0.80367684,1.3999999999999995,0.03702942058819211,57.42979094198793,0.016623238040616273,1.1131765971476888,0.22306857638888888,0.7230685763888889,0.6322838921095658
MOEX,43,15,sb_abs,0.0013262845,0.0037316754,1.2653612,4.9232864,0.0033747466878194243,0.0003816448152065277,6.034325543988737e-05,0.06225859349127859,0.05253969911951572,0.04325236577074975,0.06203103,0.7999999999999998,0.017126575440062616,1.5590765719377622,0.053447970155624525,8.836909555834001,0.17111545138888895,0.671115451388889,0.2716730752201387
MOEX,43,15,GARCH,0.0013056736,0.0038588839,0.024440497,1.9343481,0.0027913958306889984,0.0002808375284075737,5.2680522109092035e-05,0.05652266419027001,0.07115863044979051,0.08742162151960656,0.25926304,0.39999999999999947,0.03702941869816384,37.49975942998479,0.0030066623996160002,2.083746373503519,0.2245876736111112,0.7245876736111112,0.6428280680420059
MOEX,43,15,TimeGAN,0.0006772814,0.0029366985,1.2730527,0.1066556,0.0025716385800624263,0.00025279074907302856,3.432928131409209e-05,0.07078171180008212,0.13001372400205582,0.10875686837360263,0.76954484,0.40000000000000036,0.03702942058833743,108.40477113953293,0.14437422444563863,2.962698088288692,0.26148003472222214,0.7614800347222221,0.898900912115533
MOEX,43,15,iid,0.00014749097,0.003693074,3.1158798,17.585258,0.002655635410417744,0.00021721050143241882,3.6206438606372086e-05,0.04757487542497984,0.0818369085690938,0.050133045957772994,1.4689033,1.4000000000000004,0.9376259793332977,11.004843546662723,0.13538121797676272,8.830818916945544,0.27083333333333337,0.7708333333333334,0.9638229096424107
MOEX,43,15,GJR-GARCH,0.0011634479,0.00482121,0.045798004,2.143734,0.0033832915314924317,0.00038127508014440536,7.619488048176291e-05,0.05511569569353014,0.05584702722262591,0.05620524976402521,0.6591339,0.20000000000000018,0.03650878975382697,10.171765125127047,0.02165154988006668,1.9676962900113737,0.28921440972222223,0.7892144097222222,1.0914074384249273
MOEX,43,15,CONTROL: shuffled real,2.910383e-11,0.0,5.9604645e-08,4.7683716e-07,0.0,0.0,0.0,0.055397304032521785,0.06956359644314944,0.04761282053310424,0.0,0.0,0.5238009702100116,7.92011693875632,0.06807097351437585,0.8262449966071141,0.11705729166666667,0.3829427083333333,1.7285570991636163
MOEX,43,16,sb_abs,0.000704726,0.0012257705,1.7083063,4.7930117,0.0023167710587877087,0.0001907888799905777,9.267274574132729e-06,0.05163149339612574,0.05246529440861195,0.03911700808181195,0.91015434,0.6000000000000005,0.007876670631259752,0.6055875618900792,0.04030428843089939,5.129489730645281,0.10225694444444444,0.6022569444444444,0.2062793566888649
MOEX,43,16,TimeGAN,0.0010013479,0.0024475697,0.45453882,1.4919972,0.001901662931762985,0.00015760678797960281,1.7153856185062914e-05,0.0707238553056959,0.09273120197933167,0.09999186214059591,0.23085213,1.0,0.03702872538847979,24.83581715378675,0.09444112183352871,1.9850197569930645,0.14611545138888893,0.6461154513888889,0.09814606558913584
MOEX,43,16,GJR-GARCH,0.0013872486,0.00410524,0.39797541,3.8037748,0.003616109707356372,0.0005025258287787437,5.303618476543271e-05,0.05091270178789273,0.05288502729963511,0.05591888484777883,0.82573175,0.40000000000000036,0.013958231897238025,1.1918119128905023,0.022724368286600294,0.11807878343680134,0.20939670138888888,0.7093967013888889,0.5373863087176112
MOEX,43,16,iid,0.00019509337,0.005489735,1.7090182,31.242105,0.002109843045378511,6.689317524433136e-05,0.00015575177144139555,0.047257796816993505,0.07759084241930396,0.048598208847688514,1.8794436,2.2,0.03702942058833743,100.86013981412796,0.1103313768030989,20.71733962682933,0.16078559027777772,0.6607855902777777,0.19997267887954998
MOEX,43,16,GARCH,0.0014701469,0.003098025,0.68070614,7.0794363,0.00330304340886505,0.00044195540249347687,3.448206969448091e-05,0.05464717130875215,0.057151651266030966,0.056249146154150366,1.3129992,1.4000000000000004,0.024146506780095243,2.628996384537297,0.00023733747557941332,0.692549090714718,0.1748480902777778,0.6748480902777778,0.29758162179698966
MOEX,43,16,sb_r,0.0018343665,0.00664125,2.0448995,38.844826,0.0030953251037281007,0.00017690472304821014,3.922017350707388e-05,0.043154799067415296,0.08779886043164879,0.04611807001871057,1.7901433,3.0,0.9613367397351669,11.583671801624298,0.1356444871652397,37.02113777464012,0.14281684027777775,0.6428168402777777,0.07525014070726693
MOEX,43,16,QuantGAN,0.0008539802,0.0051047914,0.5135212,7.911936,0.003161158906499623,0.0001678280532360077,0.00019577131450536865,0.062258644349640235,0.19110480937641114,0.13981706922408194,1.8876843,0.40000000000000036,0.03702942058833743,155.13859021369137,0.058318659605431256,1.6986661492064252,0.09242621527777783,0.5924262152777778,0.2745152380802223
MOEX,43,16,CNN-WGAN-GP,0.0013122259,0.004146196,0.36427933,2.2728477,0.00301730754145683,0.00029829610139131546,4.5314817593945034e-05,0.05381718787597492,0.05026679259026423,0.07985469565042877,1.9956503,1.0,0.03702942049941009,43.96874772688901,0.038289758004965035,2.928913018155459,0.2769748263888888,0.7769748263888888,1.006451506626415
MOEX,43,16,CONTROL: shuffled real,2.910383e-11,0.0,5.9604645e-08,4.7683716e-07,0.0,0.0,0.0,0.055397304032521785,0.06956359644314944,0.04761282053310424,0.0,0.0,0.5238009702100116,7.92011693875632,0.06807097351437585,0.8262449966071141,0.11705729166666667,0.3829427083333333,1.7285570991636163
MOEX,43,17,sb_abs,0.0010102893,0.002154966,1.512415,10.528513,0.002428548243595287,0.00020521506667137146,3.254955243539122e-05,0.05062761500943452,0.05685292833957647,0.043068747132620044,0.51657057,0.40000000000000036,0.02269495820907505,2.367860770468063,0.01935928467158443,0.05334697003951128,0.07597656249999996,0.5759765625,0.38869360032006683
MOEX,43,17,iid,0.000103915954,0.0027814638,4.148575,36.388794,0.001981581987711252,8.30627977848053e-05,2.3346232590635675e-05,0.04474599025794305,0.07836449228925631,0.04251217477056343,1.3416162,1.2000000000000002,0.947571378467919,11.171723856799153,0.14636192446773666,29.15187581934118,0.18904079861111112,0.6890407986111111,0.39609435122292325
MOEX,43,17,GJR-GARCH,0.000884893,0.004008442,0.46971756,1.0664496,0.0030166368013451574,0.00030645355582237244,4.7559318071154196e-05,0.052040138421580194,0.039769064116990195,0.046651257323101165,0.011444569,0.39999999999999947,0.036631613328512745,10.785360812050394,0.03388501337365746,1.7540664195721396,0.2333984375,0.7333984375,0.7039842884501538
MOEX,43,17,TimeGAN,0.0007689533,0.002837873,1.010119,0.16600847,0.0025803295040823277,0.00027116481214761734,2.187012917239976e-05,0.06857270792708732,0.12094457361381501,0.13263278510421514,0.5245056,0.0,0.03702940930693256,33.69604501755198,0.15124886634232604,2.877629004346916,0.17610677083333326,0.6761067708333333,0.3063182247124387
MOEX,43,17,sb_r,0.00026061502,0.012058437,5.9940677,104.829414,0.0029220708699867837,7.813796401023865e-05,5.9890669855018714e-05,0.05213269957341254,0.07698008989158552,0.04035408563679084,1.8181252,2.4000000000000004,0.03286974418372754,5.345091856197852,0.08984859494421249,127.95087106519667,0.1245008680555556,0.6245008680555556,0.051882494821001886
MOEX,43,17,CNN-WGAN-GP,0.00020517092,0.004958635,0.9053757,0.9048977,0.0036449483583492113,0.00027706846594810486,7.352386737015132e-05,0.051171730933710934,0.09295087929349392,0.10758712243288755,0.473135,1.3999999999999995,0.03702942058833742,79.21336686128267,0.04999682013690998,2.376628129309057,0.185546875,0.685546875,0.3718427465783126
MOEX,43,17,GARCH,0.0009695011,0.004287091,0.48049217,1.5358515,0.003160708480308131,0.00033016595989465714,5.1693161147233315e-05,0.05339707873994484,0.043773692164104434,0.05155679413001053,0.3216381,0.20000000000000018,0.034968260085946376,6.995853517172451,0.06005000315684483,1.8619670947298306,0.2583767361111112,0.7583767361111112,0.8773606669964081
MOEX,43,17,QuantGAN,0.0010774425,0.009378262,0.82725513,3.2627592,0.0046192849857616255,0.00029177963733673096,0.0004690237865728999,0.05789379497560731,0.15630055158982942,0.15346184567548335,1.3881156,0.5999999999999996,0.03702942058833743,189.33568589501905,0.021168468505299187,1.3428300185517328,0.07228732638888885,0.42771267361111115,1.417805171326152
MOEX,43,17,CONTROL: shuffled real,2.910383e-11,0.0,5.9604645e-08,4.7683716e-07,0.0,0.0,0.0,0.055397304032521785,0.06956359644314944,0.04761282053310424,0.0,0.0,0.5238009702100116,7.92011693875632,0.06807097351437585,0.8262449966071141,0.11705729166666667,0.3829427083333333,1.7285570991636163
MOEX,43,18,CNN-WGAN-GP,0.00020813115,0.001360097,0.21850179,0.32012272,0.001257741766210529,5.792733281850815e-05,4.721854539475632e-06,0.0522724288480822,0.0466423670121003,0.04914864325663075,0.047151804,0.39999999999999947,0.03702941921992275,38.18557030080665,0.04933462976988068,0.7483913839872738,0.2712890625,0.2287109375,2.799092218475714
MOEX,43,18,GJR-GARCH,0.0019987933,0.0017857691,0.32891616,0.3008299,0.0023262633191675373,0.00023859739303588867,2.497499614399007e-05,0.04900791973508603,0.05083550935145467,0.05213333386112936,0.5556693,0.20000000000000018,0.10150082808327478,3.5025104542517926,0.00658631820478961,0.3638380045932825,0.20345052083333326,0.7034505208333333,0.4961133914963479
MOEX,43,18,TimeGAN,0.00017326864,0.002593778,0.59895825,0.5975642,0.0014457009660400223,3.817118704319e-05,3.600238022299842e-05,0.06039398246677592,0.15092158887069673,0.10484333108179271,0.5281651,0.5999999999999996,0.03702896333373734,25.743216336603204,0.1526471712146542,0.8461897459905616,0.08904079861111103,0.589040798611111,0.29801368730108824
MOEX,43,18,QuantGAN,0.0011391498,0.0028927885,1.0286139,3.7409716,0.002804891428924748,0.0002692379057407379,4.7707810928404595e-05,0.06665400938829408,0.05172162402886897,0.04123380807432113,0.77383304,0.7999999999999998,0.037029420459793745,43.19125240965822,0.002714799751625918,0.48927608619972585,0.12187499999999996,0.621875,0.07010885607564776
MOEX,43,18,sb_r,0.00062135403,0.004792273,3.3178065,52.240913,0.001500259340893536,3.0042603611946106e-05,8.185559980092092e-06,0.048137332836631685,0.07638832474709488,0.041641611758386717,1.271606,2.4000000000000004,0.9130262935463402,10.696349132529939,0.10882282488922546,52.94308637616639,0.01866319444444442,0.5186631944444444,0.7865102951425305
MOEX,43,18,iid,4.4600718e-05,0.0036334414,0.7014811,18.326214,0.0018065071297169199,6.962940096855164e-05,2.533791416315978e-05,0.04958536598831415,0.07510622373316438,0.04193793626502156,1.1700716,0.6000000000000005,0.8680978914740868,10.273517610369085,0.09397673667265183,20.49630582791616,0.18430989583333335,0.6843098958333333,0.36325677474761203
MOEX,43,18,GARCH,0.0022385418,0.0033089481,0.3774282,1.676785,0.0027747927018335764,0.00018213875591754913,6.690654514224252e-05,0.05109284478938207,0.06981019720435143,0.06846939363284037,0.65917563,0.20000000000000018,0.036386334246448215,9.688506829066453,0.013916405528969444,0.16073838361066706,0.16095920138888897,0.660959201388889,0.201177727557544
MOEX,43,18,sb_abs,0.0015266278,0.000859933,0.42251578,6.40184,0.002055918575810211,0.0001320578157901764,3.519527655513969e-05,0.051155863476451485,0.05926589154172689,0.05140942824073136,1.7758234,0.6000000000000005,0.0369853670221338,15.734389079840197,0.037782819278589175,14.229629503396866,0.01280381944444442,0.5128038194444444,0.8271806880247967
MOEX,43,18,CONTROL: shuffled real,2.910383e-11,0.0,5.9604645e-08,4.7683716e-07,0.0,0.0,0.0,0.055397304032521785,0.06956359644314944,0.04761282053310424,0.0,0.0,0.5238009702100116,7.92011693875632,0.06807097351437585,0.8262449966071141,0.11705729166666667,0.3829427083333333,1.7285570991636163
MOEX,43,19,GARCH,0.0006458494,0.00047987327,0.54406047,2.8942528,0.0014663795263040811,7.345527410507202e-05,1.102536210205757e-05,0.05289373165927827,0.04339222402777523,0.05423555686837062,0.5970421,0.7999999999999998,0.036913713938224964,13.576328262819823,0.008663348016234917,1.4570338585137064,0.026822916666666696,0.4731770833333333,1.102233048776716
MOEX,43,19,CNN-WGAN-GP,0.00039781735,0.0034388257,0.84600914,0.27962637,0.0026107396017468996,0.00020417384803295135,3.9041925893801476e-05,0.048611234719865025,0.04246362980920822,0.04861180796287954,0.7391176,0.20000000000000018,0.033272220003256844,5.585835467138006,0.07759772522673958,1.53837617442825,0.08270399305555554,0.5827039930555555,0.34199796404783506
MOEX,43,19,GJR-GARCH,0.0005360636,0.0018042438,0.73283887,6.562127,0.0013951484360441102,4.159100353717804e-05,1.4664928037228202e-05,0.05961275487206876,0.06060683916788548,0.05884725537151098,1.1869249,0.6000000000000005,0.03622470029371304,9.173981818642373,0.028246502303552745,3.8741428165017258,0.034526909722222165,0.46547309027777783,1.155707083862658
MOEX,43,19,TimeGAN,0.0016279989,0.0011046603,0.34502485,2.2671967,0.0019486895683512554,0.00012679584324359894,1.0693868493904268e-05,0.05668189976480789,0.06793129615020006,0.07333634004928172,0.5153823,0.40000000000000036,0.03702942026175421,41.22101636768521,0.13397985847730953,3.034586539185231,0.1475260416666666,0.6475260416666666,0.10793708609782889
MOEX,43,19,QuantGAN,0.00015598006,0.0052386764,0.67615706,1.6851339,0.004207260193084948,0.0004116576164960861,8.331400394748222e-05,0.05497765888925642,0.06192532654851675,0.05835862936917693,0.6809602,0.20000000000000018,0.037029380590731215,30.98898366535341,0.0054899743136729295,2.107383112207409,0.2240668402777778,0.7240668402777778,0.6392129220080262
MOEX,43,19,sb_r,9.1233844e-05,0.011018068,7.300958,118.67524,0.00266417493751942,7.285177707672119e-05,4.0044037437459035e-05,0.0502155586356821,0.07949648958281613,0.041691600144840774,1.5516467,2.8000000000000003,0.03517027985687118,7.236454826547961,0.10744545776544134,97.80227521172931,0.023849826388888884,0.5238498263888889,0.7505094658874871
MOEX,43,19,iid,0.00039086957,0.0038250051,0.191807,11.027054,0.002010367775910709,6.766989827156067e-05,5.07172993338226e-05,0.0517364747566171,0.07658713487908245,0.0523603764269501,1.5710218,1.8000000000000003,0.9080346188979447,10.643166498033755,0.16501397541391793,6.4789316576419544,0.267578125,0.767578125,0.9412282469300403
MOEX,43,19,sb_abs,0.0013972999,0.007617073,0.412033,0.71121836,0.004359417201805627,0.0003409404307603836,0.00022562376801675327,0.0571970197907649,0.11794465574901551,0.09397338101407512,0.23745012,1.5999999999999996,0.03702910916865248,26.57362121102313,0.03287275387552202,5.4744929638711195,0.03812934027777781,0.5381293402777778,0.6513942121225565
MOEX,43,19,CONTROL: shuffled real,2.910383e-11,0.0,5.9604645e-08,4.7683716e-07,0.0,0.0,0.0,0.055397304032521785,0.06956359644314944,0.04761282053310424,0.0,0.0,0.5238009702100116,7.92011693875632,0.06807097351437585,0.8262449966071141,0.11705729166666667,0.3829427083333333,1.7285570991636163
MOEX,44,0,iid,0.00062784174,0.0015404224,0.8674462,0.745852,0.0016442966060858453,7.427111268043518e-05,4.065779550937191e-06,0.050534559509251266,0.07805771225888748,0.05006802641262766,0.2697184,0.39999999999999947,0.6032860756805871,8.452676670823509,0.09786317834190039,1.0454089934685218,0.04919704861111107,0.5491970486111111,0.5745723589004985
MOEX,44,0,sb_r,0.00027187623,0.0041181054,3.9670691,34.686516,0.0019027920017470024,9.255297482013702e-05,2.281915494071226e-06,0.05404145449865609,0.06584048159769736,0.04422887145017739,1.5032718,2.4000000000000004,0.03702942058833743,87.6183257543241,0.09616386730015891,0.9815592798937214,0.11156684027777775,0.6115668402777777,0.1416586213314865
MOEX,44,0,GJR-GARCH,0.0014588628,0.0004426865,0.51174855,1.0478721,0.0018280748782863157,0.00012815557420253754,6.597784914092466e-06,0.05602042361628264,0.060989307078998536,0.04663710644817911,0.21926427,0.39999999999999947,0.025157425887956913,2.828265286625234,0.07215220924848043,1.1378598628381216,0.03326822916666661,0.5332682291666666,0.6851355751063632
MOEX,44,0,TimeGAN,0.0019329191,0.0016463138,0.31626517,2.9267375,0.0028173318432673116,0.0003084614872932434,1.3684113197040508e-05,0.05281399935251102,0.07235068847890944,0.09990712389349937,3.5738301,1.0,0.0370294203620196,41.996431306459925,0.02390069621527169,3.2030229328852258,0.1855034722222222,0.6855034722222222,0.3715414844088141
MOEX,44,0,QuantGAN,0.00050761574,0.006854592,0.60962194,1.2713242,0.0035785535524919393,0.0002358611673116684,0.00014066403065646557,0.05545351209584624,0.20245163548272102,0.13645007904618978,1.4509258,2.0,0.037029420588327484,63.0200484004576,0.04773938153349,1.0087268895324772,0.2070529513888888,0.7070529513888888,0.5211181515647041
MOEX,44,0,CNN-WGAN-GP,0.00079202745,0.0046912925,0.45762286,2.4165015,0.0032980809573491567,0.0003301575779914856,5.779913741480976e-05,0.053256596879800784,0.03906877258559689,0.07728795350994914,1.823441,0.20000000000000018,0.03702941731291634,36.33118424577752,0.06009305619766425,2.741127519031284,0.2411241319444445,0.7411241319444445,0.7576089546208459
MOEX,44,0,GARCH,0.0015492742,0.0044450574,0.5646209,1.0015211,0.0036471043569181348,0.0003433767706155777,7.40260590919584e-05,0.05740411612670868,0.05350588397792308,0.05051104274112731,0.22627687,0.7999999999999998,0.03364553824956285,5.832851880598989,0.057686774372888494,1.03700776032189,0.23072916666666665,0.7307291666666667,0.6854566650260101
MOEX,44,0,sb_abs,0.0016610426,0.013388945,0.22532354,5.8559713,0.007125833507569042,0.0007061418145895004,0.00039705995159187405,0.051196649694684314,0.08580445943865925,0.06857642758637666,1.4752572,0.40000000000000036,0.03702942058833709,70.02203724624587,0.05112252381586713,4.584259251752792,0.20740017361111107,0.7074001736111111,0.5235282489206906
MOEX,44,0,CONTROL: shuffled real,2.910383e-11,0.0,5.9604645e-08,4.7683716e-07,0.0,0.0,0.0,0.055397304032521785,0.06956359644314944,0.04761282053310424,0.0,0.0,0.5238009702100116,7.92011693875632,0.06807097351437585,0.8262449966071141,0.11705729166666667,0.3829427083333333,1.7285570991636163
MOEX,44,1,sb_abs,0.0012253661,0.0018521966,1.6655469,4.7936983,0.0025573079533642157,0.00024763960391283035,2.4834033138634953e-05,0.041787330920342355,0.03836123380111531,0.03914363457915897,1.2082853,1.0,0.03510935242569794,7.1612914475036025,0.023452206811609977,6.817102697517631,0.11419270833333339,0.6141927083333334,0.12343226007684059
MOEX,44,1,GARCH,0.0011238748,0.003988145,0.13366543,0.84607506,0.0032321538094365674,0.0003778468817472458,3.669423494613716e-05,0.059102925066836176,0.03978467501234263,0.051131473555105916,0.18304777,0.39999999999999947,0.03702894372170614,25.65233647490031,0.015042099925713481,1.7244556795535564,0.20203993055555558,0.7020399305555556,0.48632237098765485
MOEX,44,1,QuantGAN,0.0012556373,0.0034969104,0.14703137,2.146355,0.0022786439417686786,0.00021355785429477692,3.7344935016417184e-05,0.04568013364565559,0.06618161916034296,0.048555516038322824,1.0025,0.0,0.020943857852090658,2.0849041558683883,0.11972781700319013,2.6700069503285833,0.20722656250000004,0.7072265625,0.5223232002426981
MOEX,44,1,CNN-WGAN-GP,0.00091892993,0.0027915966,0.8352438,1.1884761,0.0022365130895050244,0.0001177862286567688,2.663854788558323e-05,0.05364616446429864,0.060826568943448366,0.09035755937220528,0.637764,1.2000000000000002,0.03702942056880427,47.16133361316519,0.026100302683088494,2.4896386857853,0.2585286458333333,0.2414713541666667,2.7105211406432224
MOEX,44,1,sb_r,0.00068524654,0.005418442,0.28784797,19.220507,0.0023517461487062978,9.162910282611847e-05,5.265317067872905e-05,0.048443543195025994,0.08026239090366288,0.0520457348250784,1.9931247,1.6,0.03702942058833743,98.46710126974175,0.03852836524379866,1.6073779174726148,0.19223090277777777,0.6922309027777778,0.4182371206810459
MOEX,44,1,GJR-GARCH,0.0010404615,0.004261533,0.045451224,0.4808488,0.003402243298294706,0.00040764641016721725,4.9409615863900595e-05,0.057395521942526104,0.04417251086764736,0.05296074219106231,0.26587296,0.5999999999999996,0.03701121259826263,17.69349748589199,0.01072514726982654,1.6442558048090063,0.2094835069444445,0.7094835069444445,0.5379888330566082
MOEX,44,1,iid,0.0005155246,0.007650815,0.36965927,30.931898,0.0024443225665017974,7.111579179763794e-05,2.7846468979223827e-05,0.049497181639890184,0.07509964066150132,0.04593699550721794,1.864157,2.0,0.03702941754156439,36.48509264958199,0.10666894034268815,28.3306755782842,0.23359375000000004,0.73359375,0.7053399682128962
MOEX,44,1,TimeGAN,0.0017875012,0.0030828966,0.28826803,1.4448462,0.0026556138895903127,0.0003429306671023369,2.6069887686528637e-05,0.07264290078543127,0.18257909837644548,0.2019310462102294,1.7033648,1.5999999999999996,0.03702942058833743,83.6401169908457,0.07671041070024731,2.747132897372471,0.21325954861111118,0.7132595486111112,0.5641986418029576
MOEX,44,1,CONTROL: shuffled real,2.910383e-11,0.0,5.9604645e-08,4.7683716e-07,0.0,0.0,0.0,0.055397304032521785,0.06956359644314944,0.04761282053310424,0.0,0.0,0.5238009702100116,7.92011693875632,0.06807097351437585,0.8262449966071141,0.11705729166666667,0.3829427083333333,1.7285570991636163
MOEX,44,2,sb_r,0.00066330784,0.0015965737,0.41823944,19.208181,0.0018698940443209722,0.00011486560106277466,7.727954938192224e-06,0.04059314724290743,0.0704369797417894,0.047351873229490596,1.0404766,0.6000000000000005,0.9007829194704821,10.56947699001011,0.09364647523235414,11.015860340142945,0.1860894097222222,0.6860894097222222,0.3756085236970409
MOEX,44,2,CNN-WGAN-GP,0.0012386397,0.0016024476,0.8240043,0.5553317,0.0019936887517396826,0.00013595912605524063,1.1399894236846122e-05,0.05525793158099987,0.04573108575306833,0.04788207705598325,0.8110857,0.7999999999999998,0.037028684785382945,24.712742102346688,0.02163063169932966,1.2368295517104482,0.09826388888888893,0.40173611111111107,1.5981105797708661
MOEX,44,2,GJR-GARCH,0.0018875061,1.9120052e-06,0.4527909,5.1595936,0.002077973013540032,0.00016475841403007507,1.417422363966805e-05,0.05292160741519183,0.04634267039014958,0.03695192073006183,1.3262889,1.0,0.03270551519995939,1.6401693040397003,0.0015838929694849124,4.945672584995249,0.0805555555555556,0.5805555555555556,0.3569104414379989
MOEX,44,2,sb_abs,0.0012752333,0.0022610687,0.5446813,2.2333143,0.0019924845457280757,0.00013917870819568634,2.101895618143131e-05,0.06390209740318824,0.059793195487000045,0.05554720440413803,0.04341674,0.6000000000000005,0.037029164816164174,26.998680228440655,0.04347612896537234,2.3358287309196055,0.15279947916666659,0.6527994791666666,0.14454043969186836
MOEX,44,2,GARCH,0.0020682425,0.0024131164,0.16654423,2.9593973,0.002564904461447668,0.00017344579100608826,2.9240042959966908e-05,0.05314437460387125,0.04699269310804084,0.0425789129480836,1.2815776,0.6000000000000005,0.034718880764186055,6.728922750878665,0.0188908438278117,3.9779340675453305,0.055034722222222276,0.5550347222222223,0.5340525971029808
MOEX,44,2,iid,0.0006862761,0.0027535334,1.6963286,4.245596,0.0016891469609690837,5.720555782318115e-05,4.159786546588989e-05,0.04581489883072209,0.07790014514466748,0.042913617380836516,1.1928692,0.20000000000000018,0.7974528590089296,9.73656090375045,0.15954207214187555,4.419801772923746,0.31080729166666676,0.8108072916666668,1.2412853677503166
MOEX,44,2,QuantGAN,0.0011967942,0.0046926225,0.70987344,1.2378159,0.0034048877805325896,0.00038955453783273697,7.96035103425251e-05,0.050714066652581095,0.06192145493114367,0.05918449903838337,0.4017558,0.40000000000000036,0.030668583871692016,4.334143823227349,0.16584979243055953,1.7488418899696345,0.20488281249999996,0.7048828125,0.506055043089791
MOEX,44,2,TimeGAN,0.0019770884,0.0024769064,0.044611245,0.6549959,0.002623576564787072,0.0003971150144934654,3.0447429648975524e-05,0.06926494548446499,0.22131897706072778,0.22060902040451766,0.3273406,2.3999999999999995,0.03702942058833743,103.21698057235882,0.15284119900330584,2.793550450590422,0.24394531249999996,0.7439453125,0.7771909956382327
MOEX,44,2,CONTROL: shuffled real,2.910383e-11,0.0,5.9604645e-08,4.7683716e-07,0.0,0.0,0.0,0.055397304032521785,0.06956359644314944,0.04761282053310424,0.0,0.0,0.5238009702100116,7.92011693875632,0.06807097351437585,0.8262449966071141,0.11705729166666667,0.3829427083333333,1.7285570991636163
MOEX,44,3,sb_abs,0.0014506435,0.0014502723,0.77402925,1.8487043,0.0021559198523973468,0.00014112144708633423,7.911951464440663e-06,0.05656180187652353,0.06326974480878561,0.07420692983025219,0.61646986,0.7999999999999998,0.03702942058833311,64.75722323707285,0.024566378532066446,1.76469276146062,0.03530815972222212,0.5353081597222221,0.6709762531399449
MOEX,44,3,CNN-WGAN-GP,0.0012801496,0.0016246065,0.42437398,2.2723577,0.0016882187035080279,0.00011359434574842453,1.0936740150838229e-05,0.053615049249492584,0.05584342976217158,0.057599222525022926,1.7430243,2.3999999999999995,0.07155178297206004,2.8290865814216097,0.0752966139681871,2.4891104442311733,0.0026692708333332926,0.4973307291666667,0.934580651450929
MOEX,44,3,iid,0.001814849,0.0038095415,0.59687,18.479542,0.002786029802722624,0.0001693032681941986,7.3162274357870605e-06,0.04483189712045714,0.07974874997278675,0.04817049934412353,1.3992522,1.8000000000000003,0.9364462841813478,10.987419883474491,0.17493293474235794,13.015343232937708,0.19414062499999996,0.694140625,0.4314926561389695
MOEX,44,3,sb_r,0.00041819128,0.0040011667,2.239718,14.964912,0.001976897653803462,6.54812902212143e-05,0.0001333214834214825,0.05205487782135606,0.08190729208523408,0.05058915479807183,1.6864102,1.6,0.013730902694334045,1.1673584736409577,0.12860108840450335,16.766479989104724,0.08370225694444444,0.5837022569444444,0.3350689341493747
MOEX,44,3,QuantGAN,0.00048186988,0.0048680585,1.1491593,4.653447,0.0029400745235325307,0.00015277601778507233,0.00010693152674087711,0.06046990130562335,0.1363035189686343,0.1084023811109364,0.61730766,1.2000000000000002,0.03702942058348484,50.087000518455675,0.1058396596247071,1.599028219057364,0.15505642361111127,0.6550564236111113,0.16020607250578
MOEX,44,3,GARCH,0.002489077,0.0038541732,0.3939894,1.4957614,0.0033706725944794022,0.0005142930895090103,3.8066783331673416e-05,0.056942911869846284,0.05677238887699786,0.04933136271603871,0.26084328,0.39999999999999947,0.037029418204195,37.00647626423762,0.0413060216477652,1.8781415558669052,0.28144531250000004,0.7814453125,1.0374815100847374
MOEX,44,3,GJR-GARCH,0.0022118234,0.0050016968,0.5088135,1.0747066,0.004001411939250829,0.0006551779806613922,6.849752381992537e-05,0.055422495300954326,0.06268653092440218,0.04913163609857293,0.09558821,0.5999999999999996,0.03702941507677245,35.22345583508068,0.021813649700305526,1.8834917968027196,0.308420138888889,0.808420138888889,1.2247159484279118
MOEX,44,3,TimeGAN,0.002421599,0.0018205419,0.262804,2.465233,0.0029213796496842404,0.000316813588142395,2.645384773817607e-05,0.06870757623109966,0.15630554887931794,0.15233898404985666,4.323114,2.3999999999999995,0.03702942058833029,63.708458447996975,0.040680870537066816,2.966378368910135,0.20041232638888884,0.7004123263888888,0.47502503963146925
MOEX,44,3,CONTROL: shuffled real,2.910383e-11,0.0,5.9604645e-08,4.7683716e-07,0.0,0.0,0.0,0.055397304032521785,0.06956359644314944,0.04761282053310424,0.0,0.0,0.5238009702100116,7.92011693875632,0.06807097351437585,0.8262449966071141,0.11705729166666667,0.3829427083333333,1.7285570991636163
MOEX,44,4,GARCH,0.0009317403,0.0009798724,0.08868772,0.6127715,0.001461872929387027,9.253714233636856e-05,6.24380559943735e-06,0.049405781188979744,0.04711022841045633,0.055225165521260354,0.0885098,1.2000000000000002,0.037029420587641304,54.15549863918791,0.04811429488396535,1.169729530445653,0.04181857638888897,0.541818576388889,0.6257869277152034
MOEX,44,4,GJR-GARCH,0.0012942664,0.0017535267,0.14985864,0.806767,0.0018296205468423068,0.00015478860586881638,1.2027203874533882e-05,0.04867633199784905,0.04725901417201385,0.05582600663881749,0.17263317,0.7999999999999998,0.03702942036552719,42.02944304456309,0.021806035047441386,1.074553049951632,0.06386718749999998,0.5638671875,0.47274574561008365
MOEX,44,4,sb_abs,0.0011124876,0.0007376876,0.46407396,1.9328332,0.001415958472309285,7.419660687446594e-05,3.951913495629565e-06,0.05601929508615285,0.07047878483776003,0.06664857710944488,1.0297132,1.5999999999999996,0.036534618563775705,10.287966271277858,0.024700005303197603,1.5509064691503136,0.0803385416666666,0.4196614583333334,1.4736893037680805
MOEX,44,4,sb_r,5.2174e-05,0.005028367,0.6632079,6.2543316,0.002373516870298772,8.221156895160675e-05,0.00016704664904675906,0.05174607824999839,0.05506776608293876,0.04674743788549676,1.5229354,0.20000000000000018,0.030833275154386795,4.396888216624868,0.011180139608788053,6.09656391824104,0.2407118055555555,0.7407118055555555,0.7547469640106116
MOEX,44,4,CNN-WGAN-GP,0.0011669684,0.003680245,0.4252599,2.4290154,0.002506314041180303,0.000214369036257267,5.1112026127972013e-05,0.046684985319152474,0.07958041187841446,0.06130907482001931,0.9630647,0.20000000000000018,0.03289987585542562,5.362309062221241,0.06606360835983649,2.2744406152020575,0.15496961805555554,0.6549696180555555,0.15960354816678224
MOEX,44,4,QuantGAN,0.0006854405,0.005412114,0.8774208,0.757761,0.004175947413401445,0.0005839643999934196,0.00010004192952138235,0.04637561238370836,0.0651640390441753,0.06314637831826986,0.8025341,1.2000000000000002,0.03702941963725741,38.95733372085376,0.036439549524399095,0.916674621856278,0.2896050347222223,0.7896050347222223,1.0941187979504123
MOEX,44,4,iid,0.0009061141,0.010311939,3.0807192,47.321106,0.002643456266836439,6.0033053159713745e-05,2.6207038825742753e-05,0.04296350794495083,0.0754218920506537,0.041396106046922794,2.1391788,3.2,0.03327773784058527,5.589308373422723,0.14483411293016824,45.47860159994964,0.20887586805555558,0.7088758680555556,0.5337711626836321
MOEX,44,4,TimeGAN,0.00085416593,0.003684626,0.50860584,1.7246857,0.003012524698555353,0.0002869442105293274,3.075482924873436e-05,0.06279808807303197,0.13226509376894682,0.17304801793769,1.3167944,1.2000000000000002,0.03702942058833636,67.65905237328437,0.0735844944897982,2.8737585924097457,0.14225260416666674,0.6422526041666667,0.07133373250379017
MOEX,44,4,CONTROL: shuffled real,2.910383e-11,0.0,5.9604645e-08,4.7683716e-07,0.0,0.0,0.0,0.055397304032521785,0.06956359644314944,0.04761282053310424,0.0,0.0,0.5238009702100116,7.92011693875632,0.06807097351437585,0.8262449966071141,0.11705729166666667,0.3829427083333333,1.7285570991636163
MOEX,44,5,sb_abs,0.00017552287,0.00034209434,0.8657638,2.6110106,0.0011128910413608535,3.6932528018951416e-05,2.795688094731831e-06,0.0511526184156537,0.05093671983573586,0.06726785379447392,0.5480268,0.20000000000000018,0.03702942058833541,66.33741442052282,0.0033332373970348383,1.8771233836923757,0.02604166666666663,0.47395833333333337,1.0968103297257468
MOEX,44,5,GJR-GARCH,0.00042173077,0.0013918607,1.057495,0.12584972,0.0016874538465126532,9.246356785297394e-05,1.1639373199222957e-05,0.0518382108816877,0.052743166946311246,0.059582139592675956,0.07631183,0.20000000000000018,0.042400587668074405,1.9855628492457154,0.040830137808100964,1.484315761665881,0.08502604166666672,0.4149739583333333,1.5062256180738944
MOEX,44,5,CNN-WGAN-GP,0.0008439185,0.0005057389,1.0791017,1.5735087,0.0018795727502583758,0.00015452317893505096,4.839609733277134e-06,0.06144189830636606,0.1283008775440976,0.09841211561113596,0.0505476,0.5999999999999996,0.03702942058680292,52.50073483862934,0.021651757176613384,2.3234739588116247,0.06660156250000004,0.5666015625,0.4537662289316922
MOEX,44,5,iid,4.004492e-05,0.0015362855,1.6411679,9.398717,0.0015139138822923997,6.3309445977211e-05,2.610371748423953e-06,0.0466286663088249,0.08205735102819744,0.04393047718098387,1.2511568,0.6000000000000005,0.9109950259014404,10.674439821408491,0.11013206167530609,8.542125786027267,0.22196180555555556,0.7219618055555556,0.62460170678736
MOEX,44,5,GARCH,0.00045898222,0.001336515,1.1174234,0.059626102,0.0017164283777256059,0.00010122638195753098,8.05649716896771e-06,0.05346785789821297,0.05344891924643889,0.06299518107203766,0.49686718,0.6000000000000005,0.4192649206819679,7.162201432088321,0.039395438692655826,1.4576515306654247,0.09273003472222224,0.40726996527777776,1.5596996531598368
MOEX,44,5,QuantGAN,0.00085975986,0.003061032,2.1335523,15.459948,0.003363475794525584,0.0003558192402124405,4.956624717898338e-05,0.05499075768981129,0.04830011558253318,0.03831000532722101,0.65350246,1.2000000000000002,0.03702819274904025,23.600981741549127,0.0073839009026346325,0.12118665243459148,0.17832031250000002,0.6783203125,0.32168259535685106
MOEX,44,5,sb_r,0.0013953525,0.0008687768,1.0049678,11.487921,0.0018738144152011958,0.00010728370398283005,6.638443594154223e-06,0.05063651394069893,0.07446612097672187,0.050925761051476004,1.6704953,0.6000000000000005,0.8021012551942381,9.76946943315918,0.06972362751697836,5.231349318148,0.21634114583333341,0.7163411458333334,0.5855882558373348
MOEX,44,5,TimeGAN,0.0017374578,0.0012364946,0.0107604265,0.3535576,0.0020040744203433853,0.00018242467194795609,1.3035262925682602e-05,0.06169299711356871,0.262068184199743,0.21541393142193554,0.0009174347,1.0,0.03702942058833743,97.92686773067899,0.016766656918309142,2.786925744595334,0.1669704861111112,0.6669704861111112,0.24290253803305428
MOEX,44,5,CONTROL: shuffled real,2.910383e-11,0.0,5.9604645e-08,4.7683716e-07,0.0,0.0,0.0,0.055397304032521785,0.06956359644314944,0.04761282053310424,0.0,0.0,0.5238009702100116,7.92011693875632,0.06807097351437585,0.8262449966071141,0.11705729166666667,0.3829427083333333,1.7285570991636163
MOEX,44,6,CNN-WGAN-GP,0.00039829663,0.0023899935,0.3554916,2.5733042,0.0015897683883958963,5.192495882511139e-05,1.626024324146961e-05,0.05626995996804908,0.09281788859050721,0.0674631897592917,0.7362566,0.5999999999999996,0.03693805534512296,14.105969495595433,0.032216270946507586,0.6958565163706476,0.07467447916666681,0.5746744791666668,0.3977314654050136
MOEX,44,6,GJR-GARCH,0.001956773,0.0013584197,0.08852363,1.7756486,0.002565591326698268,0.00026851147413253784,2.4020892008635176e-05,0.06072253281250596,0.052453166276682166,0.05330150360765401,0.7321656,0.20000000000000018,0.037029306885624814,28.7455940109422,0.01208941537748942,0.8472788639253563,0.15457899305555556,0.6545789930555556,0.15689218864129797
MOEX,44,6,QuantGAN,0.0019370378,0.00028892048,0.583084,0.3569789,0.00240359450953838,0.00018644891679286957,8.750357559361963e-06,0.051655137091547655,0.07985192480962723,0.08766838294919581,0.50921464,0.5999999999999996,0.03702942058833743,87.3960524751948,0.046818506833079754,2.0527259956045176,0.058029513888888884,0.5580295138888889,0.5132655074076007
MOEX,44,6,GARCH,0.0021546734,0.0014534965,0.14662255,3.0563717,0.002554871144301842,0.0002023540437221527,3.503801699080295e-05,0.06001452429685741,0.07088015091605485,0.059964453554712235,0.7926705,0.5999999999999996,0.037029420554834706,46.02597651516149,0.041556099212861075,0.47584740616706256,0.1342664930555555,0.6342664930555555,0.01590149331610779
MOEX,44,6,sb_r,0.0008675392,0.0054689627,0.37969783,18.313698,0.0020815454988332934,5.7544559240341187e-05,2.940900892474807e-05,0.055547304897627325,0.07210830015363172,0.050750408424064516,1.460758,1.8000000000000003,0.03702942058833743,112.40046843395058,0.03042818993763252,2.7183968723584986,0.007118055555555558,0.49288194444444444,0.9654600238245018
MOEX,44,6,iid,0.0009962918,0.0025833491,1.125874,14.978939,0.001973934300040128,0.0001058485358953476,1.7201759205772407e-05,0.046331941109674514,0.074662527278997,0.04914308796869591,1.2126641,1.6,0.9341530239269906,10.954595193328029,0.12375531450337685,8.759191271810822,0.19576822916666659,0.6957682291666666,0.4427899874951543
MOEX,44,6,TimeGAN,0.001079285,0.0022967178,0.61504406,2.6793816,0.0028979558389255547,0.00029783695936203003,1.3096247002626719e-05,0.05821070036035962,0.07218114338349552,0.07622876593843103,1.6414547,0.5999999999999996,0.037029363150692725,30.212884229540194,0.07866574498409706,2.9221300675251434,0.009461805555555536,0.49053819444444446,0.9817281809774082
MOEX,44,6,sb_abs,0.0012201256,0.0045263777,0.7565482,1.7251248,0.003739176036411663,0.0005115186795592308,5.767294284823055e-05,0.05759165907744318,0.05458892220165581,0.06611049816419837,1.050379,1.2000000000000002,0.03702942058833743,95.83995466577251,0.047288083571515704,1.5293909584548544,0.20735677083333337,0.7073567708333334,0.5232269867511928
MOEX,44,6,CONTROL: shuffled real,2.910383e-11,0.0,5.9604645e-08,4.7683716e-07,0.0,0.0,0.0,0.055397304032521785,0.06956359644314944,0.04761282053310424,0.0,0.0,0.5238009702100116,7.92011693875632,0.06807097351437585,0.8262449966071141,0.11705729166666667,0.3829427083333333,1.7285570991636163
MOEX,44,7,sb_abs,0.0010019036,3.6699697e-05,1.5725447,5.2636814,0.0018056438501225785,0.0001134118065237999,3.6696803062015804e-06,0.052658015579654605,0.06480808140855515,0.04519501681206748,0.32859755,0.0,0.194554483060839,4.9853735407370205,0.04763192468929467,7.375523062337972,0.056966145833333315,0.4430338541666667,1.3114596254932631
MOEX,44,7,QuantGAN,0.00035547107,0.0028909482,0.9631485,4.868004,0.002326982827667962,0.0001054760068655014,6.708869937532473e-05,0.04948364548385143,0.1224387340573594,0.08327184352790937,1.5882089,0.20000000000000018,0.03702942058833134,64.04247805685735,0.008611039210066562,0.40469845185362896,0.09047309027777772,0.5904730902777777,0.28807203570764517
MOEX,44,7,CNN-WGAN-GP,0.001185765,0.0033872575,0.4382699,0.5086274,0.0026866074819117784,0.0002516377717256546,3.54662761129468e-05,0.06481194318737835,0.04052384626993444,0.054746811643708496,0.051178455,0.20000000000000018,0.037029244493295733,27.80369885802753,0.0061773789394777845,2.0452660493788644,0.14121093750000013,0.6412109375000001,0.06410344043583213
MOEX,44,7,TimeGAN,0.0012000052,0.00039686915,0.14529356,2.303729,0.0014471271533693653,8.293241262435913e-05,6.154127377926595e-06,0.055433992125326764,0.10644145916681737,0.1340715372376144,1.540822,0.20000000000000018,0.03702942058673491,52.409897123027704,0.018765781141268367,3.1265135130141752,0.014930555555555558,0.48506944444444444,1.0196872143341902
MOEX,44,7,GJR-GARCH,0.0021861119,0.0015193718,0.09281644,1.1966319,0.0027012825250421883,0.0003842385485768318,1.1100012115715978e-05,0.049035457381978634,0.07093972820322961,0.05939918815158308,0.54094887,0.5999999999999996,0.03702881640473471,25.13992523040403,0.04492109266993605,0.4929871404966395,0.2970269097222221,0.7970269097222221,1.1456346289346149
MOEX,44,7,iid,0.001935724,0.0031072646,1.52104,18.100258,0.0024124880223680522,0.0001393333077430725,2.5198041516534126e-05,0.05220902147993911,0.0874952822481282,0.04635360853979364,1.6631649,1.2000000000000002,0.9517590557733346,11.25867437134265,0.13004385294637322,18.261519355482427,0.10536024305555558,0.6053602430555556,0.1847391115697385
MOEX,44,7,GARCH,0.0024772421,0.0029537585,0.27634534,1.4997444,0.00343642616152647,0.0003184657543897629,5.034438904232166e-05,0.04912384176976047,0.1026638376293704,0.06900362523738295,0.4510033,0.5999999999999996,0.0370294119870933,34.27481652291407,0.03749016608798905,0.44453499896338133,0.2689453125,0.7689453125,0.9507180052692357
MOEX,44,7,sb_r,3.171814e-05,0.015656505,5.325415,65.90895,0.004652745279789088,0.00017076358199119568,0.0003434285333382482,0.05254520053102169,0.07372343857772648,0.03945466784527525,2.3102288,2.0,0.029441810857372637,3.911213383332001,0.06223904012051229,80.61412626555169,0.28446180555555556,0.7844618055555556,1.0584192308648668
MOEX,44,7,CONTROL: shuffled real,2.910383e-11,0.0,5.9604645e-08,4.7683716e-07,0.0,0.0,0.0,0.055397304032521785,0.06956359644314944,0.04761282053310424,0.0,0.0,0.5238009702100116,7.92011693875632,0.06807097351437585,0.8262449966071141,0.11705729166666667,0.3829427083333333,1.7285570991636163
MOEX,44,8,GARCH,0.0021438207,0.0015691845,0.08953838,0.12346077,0.0022925427405134542,0.0002711443230509758,1.644613470819007e-05,0.041638523006113246,0.05381439772900194,0.05742409259779379,0.16149473,1.0,0.037015325784303284,18.258807200999996,0.00750907902289788,0.9815856826188609,0.0771267361111112,0.5771267361111112,0.38071015282836174
MOEX,44,8,sb_r,0.00014521173,0.0011837278,0.97521245,2.2599115,0.0013546588159078967,4.1794031858444214e-05,6.58223395919622e-05,0.05369144412921742,0.07739164382917807,0.05060514963930473,1.5997179,0.40000000000000036,0.46795449957253094,7.526026884694799,0.09020437633819056,2.799005771640509,0.13854166666666656,0.6385416666666666,0.045575817011686975
MOEX,44,8,CNN-WGAN-GP,0.0010234744,0.0033342307,0.47106493,1.3744984,0.0024054318976268413,0.0002111261710524559,3.09698117034939e-05,0.04954488583985949,0.05053754584398121,0.05679569493921008,0.3311801,0.7999999999999998,0.03657184842724849,10.466449217075828,0.030919612767148386,2.2006710907305105,0.03526475694444442,0.5352647569444444,0.6712775153094427
MOEX,44,8,GJR-GARCH,0.0018125476,0.0036717802,0.07256597,0.69576645,0.003112018940555572,0.00040934421122074127,4.043414798391901e-05,0.04018793515278958,0.044060928884427995,0.040426057907752694,0.5824826,0.20000000000000018,0.03697062390879803,15.091220685389475,0.01629079801774469,0.8950317612684158,0.20338541666666665,0.7033854166666667,0.49566149824210093
MOEX,44,8,TimeGAN,0.0014565695,0.00061676465,0.27337974,1.8732457,0.0017338962183275723,0.0001195129007101059,9.72183364257611e-06,0.054055758758913726,0.14755268800538032,0.17639609318226576,0.46979523,0.5999999999999996,0.03702942058804252,55.95140007412212,0.06481586421950247,3.09869948495328,0.04064670138888882,0.5406467013888888,0.6339210062916577
MOEX,44,8,QuantGAN,0.00015727815,0.0047574174,0.86549914,0.2924924,0.0033714904596417903,0.00035541411489248276,7.830675570340309e-05,0.052903339411714115,0.06553564534988254,0.04920266715809703,0.5726986,1.8000000000000003,0.03702688313022977,22.019923624099462,0.023413270259905916,1.770627401163119,0.17927517361111112,0.6792751736111111,0.32831036308581285
MOEX,44,8,sb_abs,0.001099272,0.0021159817,1.301651,9.513517,0.0034644961315498228,0.0004414869472384453,3.1664659747478126e-05,0.0552288929221686,0.07735635790042579,0.07822701736353338,1.8267765,1.2000000000000002,0.03702942058833743,84.16022673614016,0.026203070684019725,1.3559526105546,0.19166666666666665,0.6916666666666667,0.4143207124775684
MOEX,44,8,iid,0.001770345,0.005517278,3.3230667,17.533648,0.002554052378574852,9.784847497940063e-05,0.0003130742027122988,0.04969085888937116,0.08233402052428573,0.051885706447064875,1.8275461,1.0,0.9253201700076032,10.838542569418946,0.13430284839284135,11.973656273552814,0.2787543402777778,0.7787543402777778,1.0188032555758446
MOEX,44,8,CONTROL: shuffled real,2.910383e-11,0.0,5.9604645e-08,4.7683716e-07,0.0,0.0,0.0,0.055397304032521785,0.06956359644314944,0.04761282053310424,0.0,0.0,0.5238009702100116,7.92011693875632,0.06807097351437585,0.8262449966071141,0.11705729166666667,0.3829427083333333,1.7285570991636163
MOEX,44,9,GJR-GARCH,0.00053406693,0.00047898106,0.22380778,0.22530079,0.0010742384826808123,4.366133362054825e-05,4.95610531108099e-06,0.054094619306270034,0.0655469244113192,0.07112473845016211,0.1925838,0.7999999999999998,0.036525738194991594,10.247352934376933,0.0006890916825234017,1.275937019424406,0.06521267361111105,0.43478732638888895,1.368699437697934
MOEX,44,9,GARCH,0.0005092471,0.0011802167,0.45411098,0.35922146,0.0013003060523114984,4.20939177274704e-05,8.933821251285656e-06,0.05674462785478682,0.08734467008616775,0.08145181626547128,0.04397297,0.5999999999999996,0.03702600627141517,21.37165070958543,0.0025203334772486707,1.377767653078899,0.04552951388888882,0.5455295138888888,0.6000290122231025
MOEX,44,9,sb_abs,0.0005375435,0.0010459535,0.95189786,4.0942545,0.001973344225138135,0.00012741237878799438,1.7706469110769655e-05,0.055062671497944395,0.06566664008423687,0.05734612816944718,0.96716785,0.7999999999999998,0.03702942056105976,46.45868726361081,0.013911998079341625,6.450664803985793,0.1294487847222222,0.6294487847222222,0.01753860749819967
MOEX,44,9,sb_r,0.0010365772,0.0038102232,1.7563218,8.871025,0.0027093834850165878,0.00013429857790470123,1.943274820121164e-05,0.04514305725228041,0.07284821738488972,0.04387599502224475,0.155236,0.5999999999999996,0.1512698391550703,4.376363216554384,0.0014596076925875723,3.9065783034652757,0.13860677083333328,0.6386067708333333,0.04602771026593474
MOEX,44,9,CNN-WGAN-GP,0.0012218184,0.00043626968,0.20802298,0.54392385,0.001553905897628283,8.753873407840729e-05,5.0142515972122886e-06,0.059380166325718166,0.09667876136023551,0.1009851946681738,0.9417591,0.20000000000000018,0.03702942002746971,40.07643930070672,0.0033186698573208773,1.6602609725899011,0.09602864583333337,0.40397135416666663,1.5825955780417054
MOEX,44,9,QuantGAN,0.00023900878,0.001246362,2.246471,17.771616,0.002584339856985025,0.00017712265253067017,2.6641852827412698e-05,0.05811356365680695,0.05354796329280362,0.0471234740188811,1.2236125,2.2,0.03702942058833743,82.58144216265218,0.03184422766148898,0.2551254300227557,0.09657118055555558,0.5965711805555556,0.2457447008931379
MOEX,44,9,iid,0.0008427554,0.010876615,7.4992504,120.86874,0.0025571767624496715,6.87967985868454e-05,3.9170475483757727e-05,0.042056961947819216,0.07296503776218742,0.038321282658725975,1.9710793,2.8000000000000003,0.9278531627284748,10.87037046941765,0.10772844451418839,64.34935996007087,0.17356770833333335,0.6735677083333333,0.2886943877967906
MOEX,44,9,TimeGAN,0.0012893635,0.0023257919,0.3077248,2.0328283,0.0018295819563354599,0.00012771598994731903,2.1987998081195157e-05,0.06106222709873691,0.18071515056770296,0.20682066660374404,0.99777937,0.7999999999999998,0.03702942058833743,105.95162009812539,0.017553465948446867,3.017112929782933,0.20325520833333333,0.7032552083333333,0.49475771173360616
MOEX,44,9,CONTROL: shuffled real,2.910383e-11,0.0,5.9604645e-08,4.7683716e-07,0.0,0.0,0.0,0.055397304032521785,0.06956359644314944,0.04761282053310424,0.0,0.0,0.5238009702100116,7.92011693875632,0.06807097351437585,0.8262449966071141,0.11705729166666667,0.3829427083333333,1.7285570991636163
MOEX,44,10,CNN-WGAN-GP,0.000985904,0.0031740088,0.65157735,1.7306166,0.0025387255722307605,0.00021628756076097488,2.4936054064346807e-05,0.05874727323593106,0.05035415420075878,0.07817234477493912,0.67423534,0.20000000000000018,0.03702942051727122,44.44158663128466,0.015480509124588981,2.44720386476759,0.08359374999999991,0.5835937499999999,0.335822089573121
MOEX,44,10,TimeGAN,0.00067399413,0.0028183851,0.35632616,2.7979126,0.0030767216815584105,0.00030862726271152496,2.194999392493721e-05,0.053537697303108873,0.04822665255051106,0.061611171931726855,1.4902706,1.0,0.03648515630923287,10.070319572815054,0.06625951946614161,2.754277420055731,0.18962673611111103,0.689626736111111,0.4001613905111493
MOEX,44,10,sb_r,0.00051018025,0.011084696,8.124333,113.880104,0.002661245922150557,6.569549441337585e-05,9.274187947629928e-05,0.037344648358412086,0.06982910219812766,0.04135280343703926,1.4223938,3.0,0.9629332279662283,11.78601079642986,0.08258309751089665,71.5820160560508,0.12050781249999998,0.6205078125,0.07959861441484307
MOEX,44,10,iid,0.00013640756,0.0042361934,0.5051999,13.0918865,0.0019773045757101506,6.054341793060303e-05,5.370923897143084e-05,0.04416279881261289,0.08488370449049398,0.050711708033340984,1.6660845,1.0,0.7078777873051778,9.133301637336219,0.1385633626849594,12.05338734965195,0.3032552083333334,0.8032552083333334,1.1888657502576176
MOEX,44,10,sb_abs,0.0002521123,0.0024787541,1.1902219,10.28249,0.003471155555322184,0.00039992760866880417,4.60489871712009e-05,0.047674548813083674,0.06184288403717801,0.0643548049486708,1.6793497,1.8000000000000003,0.03702942058833743,105.37049670607466,0.047107863929719884,1.592625710850422,0.22241753472222237,0.7224175347222224,0.6277649595670928
MOEX,44,10,QuantGAN,0.0011147403,0.0068709226,0.4290189,1.7507105,0.004944810839144339,0.0008558798581361771,0.0001303057834960601,0.05135489630047232,0.054155151119921356,0.05808329279767349,0.17313051,0.20000000000000018,0.03650820186532847,10.169186995204933,0.10479027320867929,2.0034334925032646,0.30881076388888895,0.808810763888889,1.227427307953396
MOEX,44,10,GJR-GARCH,0.0014304918,0.00757307,0.05008942,2.8027725,0.004052215266317945,0.00024578534066677094,0.00026895487831143667,0.06616477340459824,0.21576056707184763,0.15086130429059266,1.2587607,0.7999999999999998,0.03702942058833743,113.87526896704203,0.040213013359165606,1.311907978849038,0.06019965277777778,0.4398003472222222,1.3339036571208844
MOEX,44,10,GARCH,0.0014431997,0.011897005,0.36152104,5.6861477,0.005562685618817342,0.0003526415675878525,0.0007596240430940595,0.07095102277584374,0.24081223774235697,0.15249777894467115,1.8619316,0.0,0.03702942058833743,159.61257705485403,0.01900761710310217,1.2363063532137275,0.052647569444444375,0.4473524305555556,1.281484039628185
MOEX,44,10,CONTROL: shuffled real,2.910383e-11,0.0,5.9604645e-08,4.7683716e-07,0.0,0.0,0.0,0.055397304032521785,0.06956359644314944,0.04761282053310424,0.0,0.0,0.5238009702100116,7.92011693875632,0.06807097351437585,0.8262449966071141,0.11705729166666667,0.3829427083333333,1.7285570991636163
MOEX,44,11,GJR-GARCH,0.0010691766,4.313141e-05,0.3960382,3.2545757,0.0015088407478371412,7.395725697278976e-05,8.161167331802027e-06,0.05402570900972933,0.05015653163427487,0.06125777231726715,1.319818,0.7999999999999998,0.03702942058830231,60.3921314877048,0.042536070128063264,1.7854262550721565,0.06805555555555565,0.43194444444444435,1.3884321098000716
MOEX,44,11,GARCH,0.00097159424,0.0025974475,0.67392826,2.7388716,0.0018385444070518138,7.761456072330475e-05,1.2266872245872693e-05,0.04992020250298083,0.0548488239897415,0.0595913203433156,0.8800595,0.40000000000000036,0.037029420586581,52.217776200732274,0.07229361498593878,1.780861370807795,0.17100694444444448,0.3289930555555555,2.1030259758499645
MOEX,44,11,sb_abs,0.00027853384,0.011053126,7.451763,118.73533,0.0028163323444750864,8.82372260093689e-05,5.36472021982433e-05,0.05238123042043299,0.046978575559332963,0.03836575674213236,1.3270586,3.6,0.03458921467736234,6.6011060738794445,0.038717236929429855,3.751664742001866,0.004275173611111072,0.49572482638888893,0.945727351722365
MOEX,44,11,iid,0.00049101067,0.00427936,0.7027749,16.619638,0.0017847769515574332,4.6741217374801636e-05,4.25705723179596e-05,0.049510243080439977,0.08824872544733807,0.048902132458460985,1.6671314,1.4000000000000004,0.9523247824462325,11.271652443250298,0.12862099740983246,13.2427489674047,0.14867621527777786,0.6486762152777779,0.11592053358953397
MOEX,44,11,TimeGAN,0.00096337206,0.0013548797,0.057669133,1.1558189,0.0016360717063653282,0.00014466885477304459,8.46803343498063e-06,0.0621401054225862,0.1967803882388398,0.18739045303314925,0.5116682,2.2,0.03702942058833743,115.30959283283168,0.11000817327255741,2.660863627564244,0.050802951388888795,0.5508029513888888,0.563425658629063
MOEX,44,11,QuantGAN,0.002211498,0.0033029746,0.06956899,0.7422967,0.0026258298451284647,0.00019180402159690857,5.756311189882173e-05,0.04931452639924828,0.1041736378101632,0.08247636721469462,0.21626616,1.5999999999999996,0.03702485109704918,20.734072526235693,0.08430458289923803,1.850680903677782,0.0663845486111111,0.5663845486111111,0.455272539779184
MOEX,44,11,CNN-WGAN-GP,0.0009371167,0.005352131,0.34708747,2.0812454,0.003800414383935276,0.00046907272189855576,7.132464320381315e-05,0.049429526559542865,0.05995791668632591,0.049541467116214336,0.43635178,0.20000000000000018,0.03169792901406573,4.755582080031987,0.052721943035939356,2.1999703511899384,0.24079861111111112,0.7407986111111111,0.7553494883496086
MOEX,44,11,sb_r,0.00059123465,0.008812463,10.753897,165.50027,0.0029142290331874384,0.0001473352313041687,2.8752225644339763e-05,0.040547409198479725,0.07325854402268306,0.039573311284184454,2.049041,3.2,0.7494463273741856,9.407723655853786,0.07352085118219132,20.058809044765326,0.13795572916666665,0.6379557291666667,0.04150877772346096
MOEX,44,11,CONTROL: shuffled real,2.910383e-11,0.0,5.9604645e-08,4.7683716e-07,0.0,0.0,0.0,0.055397304032521785,0.06956359644314944,0.04761282053310424,0.0,0.0,0.5238009702100116,7.92011693875632,0.06807097351437585,0.8262449966071141,0.11705729166666667,0.3829427083333333,1.7285570991636163
MOEX,44,12,sb_abs,0.0015150987,0.0021886528,0.2643926,1.7401013,0.0022336139982580792,0.00017532706260681152,2.471034313142971e-05,0.05507071189582348,0.047017962015233936,0.06137783166719601,0.1209178,0.5999999999999996,0.037024945614382465,20.779837006108067,0.023912934047750745,2.3018658116649533,0.13754340277777788,0.6375434027777779,0.03864678711322821
MOEX,44,12,sb_r,0.00071531616,0.005152952,0.67053723,10.232283,0.0023872078447166136,8.32676887512207e-05,2.7758654257918978e-05,0.05319903809577227,0.07274516292498447,0.04348100361879915,1.363688,0.40000000000000036,0.16130998523081896,4.527573360970078,0.07184863913696471,10.09421650735177,0.06996527777777772,0.5699652777777777,0.43041841079557713
MOEX,44,12,GJR-GARCH,0.00042701885,0.0038760407,0.22983915,1.6321087,0.0026352103011740833,0.00020428001880645752,5.927787215530633e-05,0.05608054178766906,0.062550622447161,0.06168198519968428,0.12259245,0.7999999999999998,0.03687487116092881,12.925538904148931,0.04470783303806658,1.6870837156877094,0.14539930555555558,0.6453993055555556,0.09317523979241431
MOEX,44,12,TimeGAN,0.0021527729,0.0021043848,0.13319443,1.4628849,0.0025358499938593015,0.00020779110491275787,2.5753209960484673e-05,0.048892395752482116,0.15504293996375054,0.129782745949924,2.2156463,1.0,0.03702942058800083,55.675026983024566,0.01591282961827578,2.6237744330888852,0.12118055555555551,0.6211805555555555,0.07492905078762005
MOEX,44,12,iid,5.510956e-06,0.010542735,8.717372,126.03062,0.0025836209511617206,7.862597703933716e-05,2.3312574501132657e-05,0.04521315406309441,0.07702111219521612,0.04028878357727081,1.5152607,3.4000000000000004,0.9629439503384809,11.793047863538803,0.09676591407820534,123.61820602883886,0.19151475694444442,0.6915147569444444,0.41326629488432437
MOEX,44,12,QuantGAN,0.00095823826,0.0033648964,1.3782011,3.7271976,0.0030083716129156533,0.0002919333055615425,5.056548387276132e-05,0.056587258346844464,0.05693496160209179,0.04960750294965692,0.89333177,2.0,0.037029420560237385,46.39617115733069,0.09744960462865448,0.21159818467007518,0.1347873263888889,0.6347873263888889,0.019516639350087576
MOEX,44,12,GARCH,0.0005246101,0.0040332843,0.2975937,1.3606548,0.002812759409182036,0.00024301186203956604,5.4215932968132195e-05,0.056260686120949685,0.0568407900002785,0.0626497967587784,0.39072895,0.7999999999999998,0.037028996343784516,25.905322171754108,0.028317349196476993,1.6653450851553968,0.19555121527777775,0.6955512152777777,0.4412836766476633
MOEX,44,12,CNN-WGAN-GP,0.001567914,0.006193191,0.3718129,2.8334074,0.0044014381303277336,0.0006524985656142235,0.00011565285490740669,0.04989415006712079,0.07325042357668281,0.04843086104723625,2.5217881,0.39999999999999947,0.6302551022405983,8.628864745078703,0.10228991406900767,2.7032068445399404,0.35711805555555554,0.8571180555555555,1.5627321026049683
MOEX,44,12,CONTROL: shuffled real,2.910383e-11,0.0,5.9604645e-08,4.7683716e-07,0.0,0.0,0.0,0.055397304032521785,0.06956359644314944,0.04761282053310424,0.0,0.0,0.5238009702100116,7.92011693875632,0.06807097351437585,0.8262449966071141,0.11705729166666667,0.3829427083333333,1.7285570991636163
MOEX,44,13,QuantGAN,0.000571814,0.0019149333,1.0045283,0.6347952,0.0018924111321102824,0.000112888403236866,2.4171753173406068e-05,0.04926374542177655,0.04359964263101574,0.04412873187568039,0.9279678,1.4000000000000004,0.03702942058792634,55.25714035979885,0.0329355714035785,1.144235032635203,0.09414062499999998,0.405859375,1.5694906736685303
MOEX,44,13,CNN-WGAN-GP,0.000801237,0.0028288942,0.19073834,1.1874733,0.0020103515094815516,0.00013511069118976593,3.4005191824380176e-05,0.0451171996165067,0.0701963345007971,0.05994382529053837,0.06956816,0.40000000000000036,0.03702942058607788,51.68995659405164,0.007309111659690282,1.4412892743660803,0.07020399305555558,0.5702039930555556,0.4287614688633361
MOEX,44,13,GJR-GARCH,0.00019560326,0.004205767,0.6173605,1.2677608,0.0032359355395819873,0.00034124962985515594,4.2164333755192406e-05,0.05127155385795049,0.04408366576069966,0.0543300614960026,1.1870317,1.2000000000000002,0.037029320567691065,29.021357903033753,0.02953141800994541,1.6697111728313043,0.1381510416666667,0.6381510416666667,0.04286445748620348
MOEX,44,13,sb_abs,0.00076105294,0.01225237,6.4856343,97.41987,0.003450506845452765,0.0001339539885520935,5.0257681676859284e-05,0.05568866514659021,0.049096060434821995,0.03771243407199108,1.401418,2.8000000000000003,0.03520589189998343,7.2815158870645345,0.01206210886103809,1.851055208416569,0.14381510416666665,0.6438151041666667,0.08217917060572723
MOEX,44,13,GARCH,0.00046464027,0.0046501793,0.63974464,1.648551,0.003475531104057154,0.00039051566272974014,5.3845818607303475e-05,0.04883568746910896,0.05066981185373152,0.04745905358999153,0.59243965,1.5999999999999996,0.0370045062767835,16.99972967736602,0.04523554571822108,1.6770177484370823,0.21323784722222228,0.7132378472222223,0.5640480107182084
MOEX,44,13,sb_r,0.0012346926,0.0022089127,1.3845758,3.605689,0.0026454485714275506,0.00020780973136425018,0.00016472728265969855,0.052852262621745465,0.08330881695263087,0.05787816288182512,1.4754729,0.20000000000000018,0.2513118733481413,5.653090894366132,0.13152101532614124,3.5684628542692938,0.2079861111111112,0.7079861111111112,0.5275952882089181
MOEX,44,13,iid,0.00202055,0.004107356,0.07111156,5.0965548,0.003033447403548053,0.00017739646136760712,7.62077927674592e-05,0.04709520691307262,0.08096587500185706,0.0534203169005923,1.0611737,0.39999999999999947,0.8895412074334389,10.461979034692924,0.13179315186722595,4.24154612306517,0.3203776041666666,0.8203776041666666,1.3077136761246837
MOEX,44,13,TimeGAN,0.0038914257,0.005036598,0.36598325,3.2263477,0.005662134462821996,0.0012336522340774536,7.115618220306845e-05,0.0635532915708609,0.12763077545445412,0.10120373580604791,2.9098697,1.4000000000000004,0.03702933405022022,29.332625501487954,0.1017758349225818,3.1307926944077473,0.2784288194444444,0.7784288194444444,1.0165437893046072
MOEX,44,13,CONTROL: shuffled real,2.910383e-11,0.0,5.9604645e-08,4.7683716e-07,0.0,0.0,0.0,0.055397304032521785,0.06956359644314944,0.04761282053310424,0.0,0.0,0.5238009702100116,7.92011693875632,0.06807097351437585,0.8262449966071141,0.11705729166666667,0.3829427083333333,1.7285570991636163
MOEX,44,14,GARCH,0.0015337091,0.0018471945,0.5506406,1.2695403,0.0019857677708259875,0.00016631092876195908,1.2957789751376712e-05,0.05549789367709309,0.051544659334467724,0.049721491809468714,0.045811176,0.39999999999999947,0.6095187653565366,8.493526211222974,0.013153412792751507,1.4218844662867065,0.06210937500000013,0.5621093750000001,0.48494686347476246
MOEX,44,14,GJR-GARCH,0.0014205384,0.0021867836,0.532657,1.1631622,0.001970050193296629,0.00018644891679286957,1.4063332958260813e-05,0.053963570976629856,0.0442551374156028,0.050971583812497556,0.24262738,0.7999999999999998,0.26942358094604885,5.843624220116915,0.006223979033818106,1.3709353030133897,0.09609374999999998,0.59609375,0.2490585847576192
MOEX,44,14,sb_r,0.00034200528,0.004795499,4.6253448,35.30593,0.0025280391764608795,0.00011618249118328094,1.881934039065703e-05,0.04527688375674188,0.07138012337964028,0.044768179235979914,2.0693398,1.8000000000000003,0.03702942058574426,51.401283164876105,0.05020997894003032,33.85465561426295,0.08745659722222221,0.5874565972222222,0.30900975648777457
MOEX,44,14,TimeGAN,0.001011663,0.00014454965,0.13617024,1.133482,0.0015793110051890834,8.541718125343323e-05,9.16935724945256e-06,0.06181880977004767,0.19168158042710273,0.19621978398412465,2.0619345,2.3999999999999995,0.03702942058833743,93.5403352079617,0.048529536347531654,2.7229448973540133,0.06870659722222228,0.5687065972222223,0.43915501371102617
MOEX,44,14,CNN-WGAN-GP,0.0012157521,0.0021482706,0.67692256,1.0105324,0.0024049279589089564,0.00013559497892856598,2.4706265742085753e-05,0.05919088130292948,0.19052065688651054,0.17378232520073653,1.4123087,1.7999999999999998,0.03702942058833735,73.21368696732382,0.04548459743184097,2.573902617408492,0.0761501736111112,0.5761501736111112,0.3874885516420728
MOEX,44,14,QuantGAN,0.000682515,0.0043821353,0.58906484,1.3907909,0.0029194706526395747,0.00027037225663661957,8.019442100977828e-05,0.050604555489262563,0.0629328089300543,0.045219298801384866,0.52698946,1.0,0.6470714754345692,8.738161060871889,0.0888361678438776,0.9948709679827541,0.2285590277777778,0.7285590277777778,0.670393556551097
MOEX,44,14,sb_abs,0.0016895917,0.02026549,5.911605,66.72535,0.006897261913451077,0.0005460623651742935,0.00012595802614139145,0.04832514674868435,0.05414882281329483,0.036790819055167956,2.1112323,3.4000000000000004,0.03444371725598034,6.4653835941738915,0.0032019033261724283,4.408257329403382,0.19934895833333333,0.6993489583333333,0.467644116478762
MOEX,44,14,iid,0.00044813854,0.01387392,5.0656385,87.32134,0.0034449463946220928,0.00010338611900806427,0.00024070865483965707,0.053747464292682706,0.07210412913060281,0.0407847149745794,2.4187055,2.4000000000000004,0.9498360031516992,11.216956394986788,0.12127225963718724,75.3353078806332,0.24383680555555554,0.7438368055555555,0.7764378402144873
MOEX,44,14,CONTROL: shuffled real,2.910383e-11,0.0,5.9604645e-08,4.7683716e-07,0.0,0.0,0.0,0.055397304032521785,0.06956359644314944,0.04761282053310424,0.0,0.0,0.5238009702100116,7.92011693875632,0.06807097351437585,0.8262449966071141,0.11705729166666667,0.3829427083333333,1.7285570991636163
MOEX,44,15,sb_r,0.00078813883,0.0010825172,0.7190634,1.6456618,0.0015580553565669104,7.858499884605408e-05,2.3002268981109016e-06,0.042364675097633156,0.08599996227072552,0.05561832620762289,0.24907446,0.39999999999999947,0.1656691304349961,4.591176505465849,0.045221283686683544,0.485158681597083,0.12732204861111107,0.6273220486111111,0.03230045380361502
MOEX,44,15,CNN-WGAN-GP,0.0008598793,0.0028944854,0.52813125,1.0405259,0.0024425001865020024,0.00021458975970745087,2.529933981161206e-05,0.055773306486662476,0.05945811338257045,0.05376615456538275,0.11628723,0.7999999999999998,0.03702942024892114,41.139488923424366,0.011034002312577451,1.8392704651736107,0.13949652777777788,0.6394965277777779,0.0522035847406503
MOEX,44,15,sb_abs,0.000575525,0.0028550131,1.8299708,13.630875,0.0030493311727695983,0.0002781832590699196,3.574760653157837e-05,0.04545195636339486,0.04695798307657242,0.04270427431445569,0.4738269,1.4000000000000004,0.033116134204773495,5.489607607627329,0.03037984157858653,19.72754557706785,0.16178385416666674,0.6617838541666667,0.20690170877801106
MOEX,44,15,TimeGAN,0.0010578678,0.0024746563,0.4556457,2.513612,0.001901540997256234,0.00011811405420303345,2.2472305616801042e-05,0.0534852604358457,0.06454474100843072,0.08798080254346133,2.6686182,0.5999999999999996,0.03702748735128805,22.612992266551217,0.02225686559669815,3.045151077335519,0.03739149305555556,0.5373914930555556,0.6565156690040274
MOEX,44,15,QuantGAN,0.000936578,0.0030040126,0.19787046,1.7890296,0.002752268219104735,0.0003030626103281975,2.0603778212576224e-05,0.05656663310248405,0.14754943813662977,0.12233639376237988,0.8938718,0.20000000000000018,0.03702942058833743,132.86545448135547,0.007030667507218591,1.8743739591499398,0.23841145833333321,0.7384114583333332,0.738780069027203
MOEX,44,15,GARCH,0.0017641734,0.003977785,0.024902761,0.16377354,0.0030798938315654144,0.0003902856260538101,5.1484455919371074e-05,0.04853752015158534,0.050280434002634135,0.042067926215240734,0.31225157,0.7999999999999998,0.03662093043569187,10.725024721430264,0.03680912231136202,1.6291669812611955,0.3169921875,0.8169921875,1.2842152269038194
MOEX,44,15,GJR-GARCH,0.0016385699,0.0043759653,0.24958113,1.4362206,0.0034251922621160702,0.00045459624379873276,6.798282973056557e-05,0.04866494310088456,0.05359949145000428,0.04142173860891489,0.42456436,0.20000000000000018,0.03695235904034634,14.487019176232836,0.04772263988296199,1.510038772204548,0.34257812499999996,0.842578125,1.461809275823048
MOEX,44,15,iid,0.0018654112,0.006318979,1.0211247,10.599569,0.003475917530180596,0.000181613489985466,0.00015667189039349731,0.0434848260023864,0.0774966648640111,0.05015437551192008,1.4828815,0.39999999999999947,0.7128390209274618,9.165755038847653,0.1668049307931031,10.718756061057396,0.37623697916666665,0.8762369791666667,1.6954380882689557
MOEX,44,15,CONTROL: shuffled real,2.910383e-11,0.0,5.9604645e-08,4.7683716e-07,0.0,0.0,0.0,0.055397304032521785,0.06956359644314944,0.04761282053310424,0.0,0.0,0.5238009702100116,7.92011693875632,0.06807097351437585,0.8262449966071141,0.11705729166666667,0.3829427083333333,1.7285570991636163
MOEX,44,16,GARCH,0.00051703665,0.0026189033,0.70989835,0.5479584,0.0021820171810577453,0.00013374630361795425,3.12062939862343e-05,0.060012994203716516,0.05551587229128927,0.06512050070567056,0.4896996,0.7999999999999998,0.03632495445259316,9.479512632588849,0.0367345464400034,1.4085514943348931,0.07599826388888897,0.575998263888889,0.38854296923531684
MOEX,44,16,CNN-WGAN-GP,0.0014502414,0.0028774906,0.3034533,1.9698746,0.00231760287853831,0.0001867329701781273,2.586889659442262e-05,0.04227938810712658,0.06418881690187846,0.06267777736065909,0.021836758,0.40000000000000036,0.03702942058714084,53.021667477812784,0.0008043443655988414,2.611590402856643,0.18580729166666665,0.6858072916666667,0.3736503195953021
MOEX,44,16,GJR-GARCH,0.00048787447,0.0027659135,0.57013714,0.0409441,0.0022272680009737087,0.00014243274927139282,3.355709984051162e-05,0.0625671773799695,0.0641498363064602,0.07351054398342967,0.6333468,1.0,0.03698496912231593,15.71438000301429,0.03286784484909577,1.6833492820311227,0.07643229166666665,0.5764322916666667,0.38553034754033483
MOEX,44,16,TimeGAN,0.0014655788,0.0005811546,0.50202304,2.4665759,0.0020055382799037034,0.00018009915947914124,7.68084319983425e-06,0.05001988552743569,0.08020823452156037,0.09346792634576559,1.3609123,0.5999999999999996,0.037029377672738395,30.838044239785226,0.04358964282125344,2.862907571833129,0.022005208333333193,0.5220052083333332,0.7633131080911646
MOEX,44,16,iid,0.00054400973,0.005163921,1.515687,33.62883,0.0022216240807320002,8.210167288780212e-05,2.5385368330022568e-05,0.05437965902732685,0.07773583346119267,0.04256853071099613,1.3827333,1.8000000000000003,0.9404550688139047,11.048327139783083,0.09005704646178248,17.987852987049337,0.15108506944444444,0.6510850694444444,0.1326405839966873
MOEX,44,16,sb_r,0.0019949356,0.0041743256,3.838743,57.546913,0.0024313641487242427,0.0001350194215774536,9.539046177959774e-06,0.040242847064509986,0.06645361273025628,0.03983963083999697,1.5374055,2.2,0.9627357227741159,11.725027033539291,0.08427505341594976,39.257323404359845,0.21453993055555554,0.7145399305555555,0.573085875803156
MOEX,44,16,sb_abs,0.0013790115,0.0066401334,0.174962,2.4315288,0.004730941538189655,0.0007735481485724449,0.00012271147759009034,0.05687867093540262,0.0663737408979796,0.04825898622220848,0.93896294,0.0,0.33220995378619694,6.443033536720054,0.05089978476741608,2.335619799547714,0.3447048611111111,0.8447048611111111,1.4765711221284636
MOEX,44,16,QuantGAN,0.0005312412,0.007185135,0.63064164,0.5936389,0.004063267513498431,0.00032065436244010925,0.0001469933763951901,0.05225492838770151,0.14648650314193218,0.09842752482742072,0.53655577,0.39999999999999947,0.037029420588324834,62.52836223258308,0.053789096124354674,1.954665009362622,0.23311631944444444,0.7331163194444444,0.702026084348415
MOEX,44,16,CONTROL: shuffled real,2.910383e-11,0.0,5.9604645e-08,4.7683716e-07,0.0,0.0,0.0,0.055397304032521785,0.06956359644314944,0.04761282053310424,0.0,0.0,0.5238009702100116,7.92011693875632,0.06807097351437585,0.8262449966071141,0.11705729166666667,0.3829427083333333,1.7285570991636163
MOEX,44,17,GARCH,0.00034389098,0.00027362257,0.59827226,1.1163554,0.0008908344313049384,2.512894570827484e-05,1.5693404516967418e-06,0.04911437453702092,0.04975688559934497,0.050666060978546736,0.40168905,1.0,0.16683635442561562,4.608007517438224,0.004431688013177282,0.9681273336525429,0.2251519097222222,0.2748480902777778,2.478850532299054
MOEX,44,17,QuantGAN,0.00012842519,0.0030672392,0.61667955,2.320775,0.0018368522628807115,9.581632912158966e-05,3.783855037413878e-05,0.05100611771689728,0.06360200213151984,0.05240127935656346,1.1590748,0.20000000000000018,0.5705168787259678,8.236109844981438,0.0601111612680324,1.7850035260789343,0.07013888888888897,0.570138888888889,0.4292133621175831
MOEX,44,17,GJR-GARCH,5.940665e-05,0.0033515226,1.3152605,2.290657,0.001959701493904504,6.549805402755737e-05,4.282550952772577e-05,0.04882384874508716,0.11268229949753732,0.08604397788178175,0.64039445,0.20000000000000018,0.03229663235296429,5.038934052546404,0.022699789701748796,0.24632488158581367,0.26360677083333334,0.23639322916666666,2.7457688144745203
MOEX,44,17,TimeGAN,0.00045124348,0.001654747,0.5133239,1.5681477,0.0014614718297380023,9.816233068704605e-05,9.456381292278162e-06,0.058903737743385136,0.20944249350111932,0.202526130490005,0.4131837,1.0,0.03702942058833316,64.77990299533671,0.02443211480843266,2.9590078802917246,0.11338975694444442,0.6133897569444444,0.12900561021255916
MOEX,44,17,sb_abs,0.0010980115,0.002971137,0.9240391,1.6286697,0.002915803175099427,0.0003118133172392845,2.184721773148696e-05,0.05159363302635029,0.056526384146418425,0.06134177395142615,1.2322793,0.6000000000000005,0.0370294205883348,65.7853906757688,0.053212705483198786,0.4708463094756361,0.1606987847222222,0.6606987847222222,0.19937015454055373
MOEX,44,17,sb_r,0.0006614616,0.0040337835,0.5516882,9.291856,0.002002766246347165,5.816109478473663e-05,6.191598211768405e-05,0.06146262256195769,0.06016352093312889,0.04287615388049744,1.164604,0.39999999999999947,0.012882766238165803,1.078102593573215,0.06368750735995843,4.297630784051297,0.012608506944444486,0.4873914930555555,1.003569688266033
MOEX,44,17,CNN-WGAN-GP,0.0003106361,0.0065706633,0.69144505,0.89307785,0.004003674251347547,0.00030134618282318115,0.00016246538337107096,0.05647375841275789,0.11284046377521008,0.13040802952833475,0.9972358,0.0,0.03702942058833743,101.92384089544541,0.03448883858685847,2.6012393998093337,0.13363715277777788,0.6336371527777779,0.011533191858384039
MOEX,44,17,iid,0.0003162788,0.005420251,2.396519,24.913635,0.0022027192574532823,6.785430014133453e-05,5.61763455596298e-05,0.04614587732590735,0.08016400662367232,0.04718348061083816,2.1660976,1.8000000000000003,0.8452053278479565,10.088830983041829,0.14169102894008712,20.524808317660657,0.16786024305555558,0.6678602430555556,0.24907841250776833
MOEX,44,17,CONTROL: shuffled real,2.910383e-11,0.0,5.9604645e-08,4.7683716e-07,0.0,0.0,0.0,0.055397304032521785,0.06956359644314944,0.04761282053310424,0.0,0.0,0.5238009702100116,7.92011693875632,0.06807097351437585,0.8262449966071141,0.11705729166666667,0.3829427083333333,1.7285570991636163
MOEX,44,18,CNN-WGAN-GP,0.0003551534,3.519561e-05,0.9510063,1.1116762,0.0011199569235832312,3.5334378480911255e-05,5.835267079087253e-06,0.04455838417656196,0.03791807694826275,0.04162482284365979,0.91691446,0.40000000000000036,0.0368441830184177,12.51730797259143,0.036738655008817456,2.010762529852465,0.1677517361111111,0.3322482638888889,2.080431313137594
MOEX,44,18,QuantGAN,0.0012723266,0.0018264428,0.81509936,5.7913933,0.0019158430616080296,0.00010424107313156128,1.0711163977921529e-05,0.04836221456062049,0.059468776092980985,0.045816997583024203,1.5942171,0.40000000000000036,0.03699279249202,16.144826591426956,0.013501624967657166,1.8043967038398918,0.04097222222222219,0.5409722222222222,0.6316615400204204
MOEX,44,18,sb_r,7.95284e-05,0.004312817,3.3837013,61.12365,0.002017370293251588,7.263012230396271e-05,6.625932253816913e-06,0.0420832909096498,0.07853576425637585,0.04128529962385073,1.7390563,2.0,0.9628912105240044,11.766374992115137,0.06202249608991328,57.78879869662364,0.1611762152777778,0.6611762152777778,0.20268403840503502
MOEX,44,18,GJR-GARCH,0.0006277471,0.0045649195,0.73447055,0.7700105,0.003337785119505497,0.000344608910381794,6.736469873494397e-05,0.04900209035724402,0.0714239454548806,0.04897059444629122,0.092440605,0.40000000000000036,0.03675754232341578,11.649764829224855,0.038158668783691896,0.6106021938166855,0.20967881944444444,0.7096788194444444,0.5393445128193499
MOEX,44,18,sb_abs,0.0008305819,0.0033124518,1.5440402,3.6648521,0.003074935096185071,0.0003047194331884384,4.188835046255731e-05,0.05431506248889491,0.04653045637533069,0.04896234452491626,0.99040365,1.2000000000000002,0.03702109197331018,19.41718344146758,0.05206804106753038,3.64140565544092,0.11744791666666665,0.6174479166666667,0.10083759736447097
MOEX,44,18,iid,0.001944153,0.0033225957,2.1121535,18.018286,0.002196519503093442,0.00011734291911125183,1.4009127682959167e-05,0.04235362802632153,0.07529093250050209,0.040762655229773376,0.881264,1.6,0.9468633796493547,11.158297426153293,0.12053481810696043,18.032352655570854,0.18767361111111114,0.6876736111111111,0.38660459288372795
MOEX,44,18,TimeGAN,0.0007471339,0.0044366345,0.40497452,2.3758147,0.0035784938604192574,0.0003625229001045227,5.50566599857731e-05,0.06043232735712081,0.13631609934847802,0.11704139169305564,1.4405923,0.39999999999999947,0.03702178012694594,19.60667629290927,0.10733195921196115,2.132455869344537,0.006922743055555514,0.5069227430555555,0.8680017119918122
MOEX,44,18,GARCH,0.00073440745,0.0049587283,0.77129614,0.87268734,0.0036309768177088695,0.00041629746556282043,7.589923359487912e-05,0.04948866185965017,0.07387300168629736,0.049081719173118474,0.19890404,0.6000000000000005,0.002007915814048647,0.13464903002117978,0.042407927804899104,0.671718393433558,0.25855034722222214,0.7585503472222221,0.8785657156743999
MOEX,44,18,CONTROL: shuffled real,2.910383e-11,0.0,5.9604645e-08,4.7683716e-07,0.0,0.0,0.0,0.055397304032521785,0.06956359644314944,0.04761282053310424,0.0,0.0,0.5238009702100116,7.92011693875632,0.06807097351437585,0.8262449966071141,0.11705729166666667,0.3829427083333333,1.7285570991636163
MOEX,44,19,CNN-WGAN-GP,0.0010859733,0.0013958225,0.5357443,1.9129052,0.0015383092343836322,8.284114301204681e-05,8.01001062852556e-06,0.04451571863144636,0.05722847942728549,0.05405633718706668,0.051324844,0.40000000000000036,0.03702810179164717,23.445595651197053,0.004225240569372457,2.3815507459602343,0.05162760416666656,0.5516276041666666,0.557701677408596
MOEX,44,19,QuantGAN,0.0009199686,0.0027375855,0.9480407,1.7328157,0.0027590580185933504,0.0002884725108742714,3.2395950949970486e-05,0.048082893518731,0.054022395759820936,0.05640012962394394,0.18617058,0.39999999999999947,0.037026010794294614,21.37454829218826,0.0722040588018994,0.12948849501451853,0.17317708333333326,0.6731770833333333,0.28598302827130556
MOEX,44,19,sb_r,0.0015697402,0.00034077466,0.8306515,3.8071547,0.0022117453760874925,0.0002171676605939865,1.936678616946071e-05,0.0493002711457666,0.06899468427582178,0.0456941742496565,1.2338023,0.39999999999999947,0.003436436729388724,0.22649743499829356,0.052907639376180926,0.8202270760181127,0.17326388888888888,0.6732638888888889,0.28658555261030255
MOEX,44,19,sb_abs,0.00061778363,0.010860119,7.6064005,122.15696,0.0022441448627141653,4.430301487445831e-05,1.3947238468238461e-05,0.04637619288638234,0.04754832501988858,0.035640856387326496,1.7865522,3.6,0.03536244977134316,7.490449528833784,0.026848674110622528,13.463416882189945,0.009700520833333393,0.5097005208333334,0.8487209331439223
MOEX,44,19,GARCH,0.0016819802,0.004038292,0.44075945,1.5445757,0.003199115350983448,0.0004154844209551811,6.123704572769752e-05,0.05383107852190733,0.06522445535869338,0.05767447739839554,0.5790634,0.6000000000000005,0.6453982218309476,8.727298077829992,0.03618159265787679,0.4651593084072969,0.21269531249999996,0.7126953125,0.5602822335994794
MOEX,44,19,iid,0.0010697042,0.008372605,0.7669399,32.468033,0.0036826832139340705,0.00018876604735851288,7.267499982395636e-05,0.040138422780437395,0.07245182058541104,0.0450781413083314,1.5436392,1.8000000000000003,0.9614545676093916,11.591547231116962,0.10869641630896243,30.503951220378582,0.24231770833333333,0.7423177083333333,0.765893664282048
MOEX,44,19,TimeGAN,0.001988927,0.0015002191,0.23794812,1.9714706,0.0025424661225551975,0.00023164786398410797,2.0014159164059267e-05,0.06510161093086936,0.2161114703444764,0.18032065387815238,0.9932709,0.7999999999999998,0.03702942058833743,80.80578023866262,0.12524177100894984,2.800620358984343,0.20429687500000004,0.704296875,0.5019880038015649
MOEX,44,19,GJR-GARCH,0.0014855083,0.005136762,0.20447549,0.5073142,0.0038315032277896543,0.0005468716844916344,7.781478623844213e-05,0.05184598439838737,0.06845521388982888,0.05621269845869392,0.79749537,1.0,0.9346592469091025,10.961729038893584,0.05365550120341289,0.34137703162358246,0.280447048611111,0.780447048611111,1.0305524801862764
MOEX,44,19,CONTROL: shuffled real,2.910383e-11,0.0,5.9604645e-08,4.7683716e-07,0.0,0.0,0.0,0.055397304032521785,0.06956359644314944,0.04761282053310424,0.0,0.0,0.5238009702100116,7.92011693875632,0.06807097351437585,0.8262449966071141,0.11705729166666667,0.3829427083333333,1.7285570991636163
NIFTY50,42,0,GJR-GARCH,0.00038208353,2.1930784e-05,0.20744672,1.4133432,0.0006383968168553485,3.275834023952484e-05,1.0547190796281724e-06,0.04556575837894343,0.05516337542794645,0.04522274629824096,2.286189,1.209677419354839,0.0006679797311556423,15.547080761868756,0.008729283699206891,0.5022762380005905,0.13572391505078485,0.36427608494921515,0.519303989591458
NIFTY50,42,0,CNN-WGAN-GP,0.0001377615,0.0041819857,0.10338864,1.1351857,0.0034385948936352224,0.0004906971007585526,5.264379750740616e-05,0.05158453966956586,0.04534629012690857,0.04993702158652013,0.11188555,0.403225806451613,2.9296750772309293e-06,3.848935922448561,0.010812605711457923,0.5109360211499072,0.2941793628808864,0.7941793628808864,1.4624769111549343
NIFTY50,42,0,GARCH,0.00064022327,0.0006932621,0.15414754,1.9153697,0.0008443781601544188,5.238223820924759e-05,2.020417171868616e-06,0.043523712180322034,0.07565798237395939,0.06431456843361957,2.4471502,0.20161290322580694,0.9381053602695147,35.7188725094094,0.06426836755387555,0.7275318327514508,0.09170752539242844,0.5917075253924284,0.5291162203405955
NIFTY50,42,0,sb_r,0.00037248727,0.0041508405,0.30222598,0.83280325,0.0025757375957308312,0.00020212307572364807,6.828217220135637e-05,0.052668069996871056,0.08099889480974526,0.06906729641748825,0.3993957,1.008064516129033,0.06569246543092058,26.629260058061714,0.032995910450066,2.1368919675024864,0.32229847645429355,0.8222984764542935,1.5921012361747449
NIFTY50,42,0,iid,0.00087022985,0.0056318073,2.1099741,18.620934,0.0032738721591208057,0.0003495337441563606,6.434915179805053e-05,0.04705484565580264,0.07756376109085977,0.06495982582244324,0.37033296,0.20161290322580605,0.188599062414527,29.527472540867173,0.0903431762425595,12.134473997629659,0.3612114496768237,0.8612114496768237,1.7714834160331712
NIFTY50,42,0,sb_abs,0.0011788942,0.005970601,0.3392294,0.10825062,0.004345810447207918,0.0006501153111457825,0.00010659346896590959,0.04579287386615761,0.05109687877702527,0.04961005535937147,0.7273717,1.209677419354839,0.0006252464433506896,15.395740424677594,0.02299059227600031,1.568989587567545,0.32389127423822717,0.8238912742382272,1.5994437627126619
NIFTY50,42,0,TimeGAN,0.000491631,0.004348182,0.38366997,2.3694274,0.004216461615468901,0.0008254963904619217,3.8388321440101254e-05,0.06068666225648485,0.07717584901954978,0.06777885347633855,2.1994748,0.403225806451613,7.796388634772431e-06,5.747731839246672,0.0830823525941562,1.3158157815334777,0.38268882733148657,0.8826888273314866,1.87049046952415
NIFTY50,42,0,QuantGAN,0.0009026948,0.013907611,0.4018288,0.82588387,0.010259459248988289,0.002558257430791855,0.0005530900061907418,0.06108937004057225,0.06773895668215119,0.06841713595815235,0.15283799,1.209677419354839,6.023570478383659e-07,66.69053124166518,0.09773757102997915,0.4764056066460647,0.407354570637119,0.907354570637119,1.9841953457023327
NIFTY50,42,0,CONTROL: shuffled real,3.6379788e-11,0.0,3.3527613e-08,4.7683716e-07,0.0,0.0,0.0,0.05406691877520643,0.08658585471275729,0.07098976083885646,0.0,0.0,0.37996865123202167,31.684163085523263,0.051148687222552947,0.997296155519523,0.005789012003693417,0.5057890120036934,0.1330465051397237
NIFTY50,42,1,GJR-GARCH,0.0005624611,0.0006210441,0.10611939,0.4166484,0.0007945244069936333,3.5179778933525085e-05,1.845285229280254e-06,0.045970092875650154,0.05206531356787309,0.04692521800432587,1.1857224,1.209677419354839,0.0043576237958628545,19.911885086631475,0.015112576158736957,0.75826036399177,0.09959741458910437,0.40040258541089563,0.3527669746372632
NIFTY50,42,1,GARCH,0.00082670595,0.0015490679,0.13786808,0.7434511,0.0012086685090797618,7.579382508993149e-05,8.781105514556901e-06,0.05267992174834944,0.04970273063983768,0.05337864417728269,0.30280828,0.20161290322580694,5.5235345507150555e-05,9.940102087697134,0.01524542910437754,0.3543255522017663,0.046696445060018466,0.45330355493998153,0.10890251389599787
NIFTY50,42,1,CNN-WGAN-GP,0.0008210393,0.0011209296,0.08178152,1.4880667,0.0014393340045123462,0.00013679731637239456,4.430210183308765e-06,0.04960444626747631,0.06496255575621035,0.05978975841630017,1.0610847,0.20161290322580694,0.011288542596397463,22.19572182730277,0.029764786345739314,0.42926987380958614,0.16694690674053558,0.6669469067405356,0.8759569554404387
NIFTY50,42,1,sb_abs,0.00093713315,0.0022047395,0.5384226,0.2684989,0.002172103284177381,0.00028730835765600204,1.551038937122387e-05,0.05253376694046892,0.06393085064599291,0.06451324316643876,0.16018486,0.20161290322580605,0.01632243719651705,23.097641223674685,0.03496946140692103,0.46809639644951595,0.30018513388735,0.80018513388735,1.4901624927400037
NIFTY50,42,1,QuantGAN,0.00031583855,0.006780048,0.90952045,5.062787,0.003730645820479228,0.00035282131284475327,0.00018357646550769028,0.05807183440192602,0.09049512140820298,0.061271029713971074,1.2520185,0.20161290322580605,6.023570478383748e-07,100.75016938902897,0.01431880564674115,4.609881736427773,0.0946283471837488,0.5946283471837488,0.5425807113962848
NIFTY50,42,1,iid,0.0008291252,0.004837622,1.8442283,17.417515,0.0029093792379369676,0.00031387899070978165,4.89125966564315e-05,0.04545541738974862,0.08660710013355129,0.0699763484011055,0.075772285,0.806451612903226,0.9914125226396,36.46875804316556,0.1088151382694682,17.75698046176909,0.3704598337950138,0.8704598337950138,1.8141168918614443
NIFTY50,42,1,sb_r,0.00019230274,0.0054417746,0.8213965,3.232585,0.003311295604086421,0.0003282260149717331,9.480819258590368e-05,0.047725240999425295,0.08360196546651423,0.0684360996223404,0.30729556,1.209677419354839,0.0016587030658443565,17.645316636344162,0.06862137455505113,2.059794612384337,0.3691952908587256,0.8691952908587256,1.8082875642709066
NIFTY50,42,1,TimeGAN,0.0010436873,0.0032377448,0.4019562,2.0132844,0.003261951814726943,0.0005676755681633949,3.0931373333055164e-05,0.04708599265548401,0.08955372999655083,0.07890362527483376,1.26894,0.806451612903226,0.000664439171789675,15.534909509046734,0.07069723579901321,0.8705018175132784,0.3630994921514311,0.8630994921514311,1.7801869703163036
NIFTY50,42,1,CONTROL: shuffled real,3.6379788e-11,0.0,3.3527613e-08,4.7683716e-07,0.0,0.0,0.0,0.05406691877520643,0.08658585471275729,0.07098976083885646,0.0,0.0,0.37996865123202167,31.684163085523263,0.051148687222552947,0.997296155519523,0.005789012003693417,0.5057890120036934,0.1330465051397237
NIFTY50,42,2,QuantGAN,0.0005487181,0.0013333494,0.17788711,0.6994076,0.0013637915416660647,0.00011116918176412582,5.284277963408571e-06,0.050144351051421836,0.06109264238621108,0.06156748192704981,0.26202655,0.403225806451613,0.0005117477829205199,14.938097218602902,0.05073156841348225,0.8526781301164523,0.07992243767313023,0.5799224376731302,0.4747889728999789
NIFTY50,42,2,CNN-WGAN-GP,6.43672e-05,0.0026625982,0.33783072,0.6981597,0.0023189788226349517,0.0002568773925304413,1.8385729524700043e-05,0.05417300566565245,0.0572750144766178,0.05248870493931463,0.18784165,1.2096774193548385,0.0002134612381895461,12.955739609698131,0.030797307912624694,0.1237847598647992,0.2121862880886427,0.7121862880886427,1.0845027994000442
NIFTY50,42,2,GARCH,2.0892476e-06,0.0070923204,1.0715606,5.7283487,0.004400270530042814,0.0005442909896373749,0.00011244596494501271,0.05866202784818597,0.12488478003535419,0.0725286181163392,0.96507525,0.806451612903226,9.315628852155302e-07,2.029632317490183,0.038362374362021945,0.5366157152841269,0.16705886426592786,0.6670588642659279,0.8764730605666539
NIFTY50,42,2,GJR-GARCH,0.00019930999,0.006591864,0.59253967,1.3445411,0.004230333838784596,0.0005082739517092705,0.0001354558821333294,0.05066441829665564,0.13794058276806026,0.09566198109503603,0.5699594,1.008064516129033,5.842658219743367e-07,7.540723254843435,0.025614697206628456,0.29168121817475345,0.247235918744229,0.747235918744229,1.246075627934039
NIFTY50,42,2,sb_r,0.00032365427,0.007851586,1.2493272,10.869239,0.004210144755304666,0.00042547285556793213,0.00019909804310796076,0.037665461957512886,0.08630919237155467,0.07009323801175923,0.62610793,0.403225806451613,0.05109703846321878,25.97342687397149,0.060052293114899014,2.543257012411491,0.3758384118190212,0.8758384118190212,1.8389112206054237
NIFTY50,42,2,iid,0.00057300046,0.005126709,0.03086552,3.7597933,0.0031093263403555917,0.0002874322235584259,0.00012418509039889046,0.040932824517367405,0.08852607048116624,0.07304209304449615,0.98316693,0.20161290322580694,0.9324065386317039,35.66336268335762,0.13951860751153122,4.942114266583862,0.32306232686980607,0.8230623268698061,1.5956224565101025
NIFTY50,42,2,TimeGAN,3.500474e-05,0.0050743734,0.1630224,1.0995197,0.004345665925626465,0.0007967427372932434,4.893916725095916e-05,0.06332672526710667,0.07459525412647054,0.0703189543224289,0.6521611,1.2096774193548385,0.007665746808961018,21.260091186513336,0.05116732203302887,1.1450989689591466,0.3843067867036011,0.8843067867036011,1.8779489866986803
NIFTY50,42,2,sb_abs,0.0010079159,0.014925741,0.16679612,4.790779,0.009635558000549941,0.0020320136100053787,0.0005180323142284013,0.0643885664580739,0.05370374797610566,0.044833655515685675,0.8248644,1.008064516129033,0.0025819315577364386,18.67822542949086,0.10277344517124354,4.301902349471555,0.4000376269621422,0.9000376269621422,1.9504654814019937
NIFTY50,42,2,CONTROL: shuffled real,3.6379788e-11,0.0,3.3527613e-08,4.7683716e-07,0.0,0.0,0.0,0.05406691877520643,0.08658585471275729,0.07098976083885646,0.0,0.0,0.37996865123202167,31.684163085523263,0.051148687222552947,0.997296155519523,0.005789012003693417,0.5057890120036934,0.1330465051397237
NIFTY50,42,3,GARCH,0.00048607483,0.0019248817,0.053112052,0.86177635,0.0014692594587109688,0.00010450277477502823,9.553208492272585e-06,0.04467490104143508,0.05254685721243732,0.05160995615675347,0.021030903,0.20161290322580605,6.023570356549019e-07,37.45085140981136,0.011979784859020737,0.02120044881555927,0.13412765466297316,0.6341276546629732,0.7246657923280884
NIFTY50,42,3,CNN-WGAN-GP,0.00030280513,0.0023108292,0.024318902,0.79136133,0.0019025314153900074,0.00017701275646686554,2.1188213172411683e-05,0.05064975557499565,0.06878347808029503,0.06788926652137889,0.3377273,0.20161290322580605,6.023570468014452e-07,42.57300367433695,0.010208889934620102,0.2635385192169899,0.17788157894736845,0.6778815789473684,0.9263639321903764
NIFTY50,42,3,sb_abs,0.00018670884,0.004731547,0.34122396,0.026462555,0.003394213460733996,0.00040611717849969864,6.07133189044616e-05,0.05466515572392382,0.05481159596602083,0.05219227264780784,0.12934947,0.806451612903226,6.013345962077498e-07,13.65740278725768,0.0015445177921010744,0.1545724703284881,0.21059487534626042,0.7105948753462604,1.0771666576678127
NIFTY50,42,3,sb_r,0.00051843835,0.0023857076,0.28892788,0.7143822,0.001965021663978412,0.00017300620675086975,2.5644428577754314e-05,0.04824843821697868,0.08355809428263455,0.07245022985007381,0.2527945,0.20161290322580605,0.7687359793247021,34.43631451632465,0.12447228081651662,0.5333225708330973,0.2631645891043398,0.7631645891043398,1.3195040857160474
NIFTY50,42,3,QuantGAN,0.00041115668,0.0034785457,0.5207488,0.85775375,0.002696471791241969,0.0002895127981901169,3.919581288616331e-05,0.059055821677902715,0.06896549681543547,0.05816571518633282,0.41068554,0.403225806451613,4.583243195399157e-08,0.15890162112366113,0.014477865305862148,0.004495578225024666,0.27978808864265925,0.7797880886426592,1.3961355876834365
NIFTY50,42,3,GJR-GARCH,5.2983065e-05,0.0076825116,0.5204214,10.838395,0.00401213634195173,0.0003817575052380562,0.00019001172317033296,0.0550645540386904,0.10917604817543179,0.05151976916269632,1.1562502,0.403225806451613,6.023570478383241e-07,63.09916123098434,0.026642022145703437,0.325941949261626,0.2670814866112651,0.7670814866112651,1.3375603161936374
NIFTY50,42,3,TimeGAN,0.0009165951,0.0031611621,0.5379809,1.8018577,0.003123534990154916,0.0005235001444816589,3.070529816601803e-05,0.0592619823187124,0.08154007403063587,0.07238329615996918,0.48886776,0.403225806451613,0.0020440080695673054,18.1318110782468,0.06940364907000651,0.677303300538878,0.3630016158818098,0.8630016158818098,1.7797357773812204
NIFTY50,42,3,iid,0.0018699315,0.0064779697,2.4798372,28.8792,0.003401632951280479,0.0003582071512937546,0.00011115844550513087,0.04412397421780043,0.08785001643002033,0.07023860817280365,1.1649027,1.814516129032258,0.9989418768018912,36.772586232139574,0.0681397861738029,17.4841029295448,0.32351084949215136,0.8235108494921514,1.5976900694178082
NIFTY50,42,3,CONTROL: shuffled real,3.6379788e-11,0.0,3.3527613e-08,4.7683716e-07,0.0,0.0,0.0,0.05406691877520643,0.08658585471275729,0.07098976083885646,0.0,0.0,0.37996865123202167,31.684163085523263,0.051148687222552947,0.997296155519523,0.005789012003693417,0.5057890120036934,0.1330465051397237
NIFTY50,42,4,CNN-WGAN-GP,0.00080422644,0.0006722305,0.21072099,1.6661184,0.0011433338940079348,0.00010649580508470535,2.8368219320977273e-06,0.05233981375931762,0.05299495747778565,0.0561796745492029,1.4301105,0.20161290322580694,4.4326070325679055e-07,1.196403867613725,0.05126536880344723,0.8105459705571585,0.11033610341643585,0.6103361034164358,0.614990792671513
NIFTY50,42,4,sb_r,0.000597074,0.0040159207,0.54857093,1.1385617,0.002828547587716729,0.0002800086513161659,6.56704094938556e-05,0.05536783455987461,0.0749088769510854,0.06259709706504508,0.3133514,0.806451612903226,0.3707588841291721,31.603047376832233,0.07377988528247847,2.2141242379154544,0.3132585410895661,0.8132585410895661,1.5504286736020858
NIFTY50,42,4,iid,0.0011669464,0.0043108286,0.38097998,3.8599052,0.002608914301778361,0.00022135581821203232,5.5944450731226815e-05,0.04655996111803688,0.08190780263626948,0.06643970634409925,1.1043239,0.0,0.6099671083385549,33.39871788573964,0.14503179990637172,4.976707280407294,0.32648915050784866,0.8264891505078487,1.6114195299094323
NIFTY50,42,4,GJR-GARCH,7.447885e-05,0.007556064,0.05757709,0.5703268,0.004856354682389918,0.0006425399333238602,0.0001985326475392701,0.05080979004851542,0.1393170657614246,0.09844708043005085,0.102748156,2.217741935483871,6.023507975766854e-07,24.40927142606259,0.022878489679594383,0.8802907000790103,0.2117823176361957,0.7117823176361957,1.0826405644085433
NIFTY50,42,4,QuantGAN,0.0007283187,0.0069656093,0.59497637,1.4037061,0.004388557123317674,0.0005230233073234558,0.00016277731095608856,0.05704329603933729,0.09759659139905125,0.09288828338641907,0.003515482,1.008064516129033,6.023570478383748e-07,96.22846108709209,0.057060350528620574,1.5685165147531688,0.3064450600184673,0.8064450600184673,1.5190196861682965
NIFTY50,42,4,GARCH,1.9019353e-07,0.009000599,0.2645648,0.09010029,0.006274024676974749,0.001102261245250702,0.00024028682977421587,0.04951302263420075,0.09009077875409276,0.0728084863894037,0.6052079,2.620967741935484,7.151576273364858e-06,5.572194157655787,0.007055438316083795,0.9968291565894338,0.34540650969529074,0.8454065096952907,1.6986253342257014
NIFTY50,42,4,sb_abs,0.00048788346,0.012356587,0.36856964,9.20387,0.006868522230231267,0.0009691361337900162,0.00041027023674663024,0.06815602903996477,0.15937007366213948,0.041786078338918745,0.6908734,0.20161290322580694,0.00021051158207007414,12.92438876882408,0.05278044225652889,5.200461558612738,0.1250590951061865,0.6250590951061865,0.6828612771046026
NIFTY50,42,4,TimeGAN,0.00072082126,0.0037717335,0.27678862,2.4479623,0.003733225434765765,0.000675487332046032,3.152343907207004e-05,0.05569069894379936,0.08683404510957189,0.07350030325265834,2.454558,1.411290322580645,0.00016460685853434074,12.371183518111213,0.10893415889601799,1.3240966138596977,0.3742179132040627,0.8742179132040627,1.831440997953804
NIFTY50,42,4,CONTROL: shuffled real,3.6379788e-11,0.0,3.3527613e-08,4.7683716e-07,0.0,0.0,0.0,0.05406691877520643,0.08658585471275729,0.07098976083885646,0.0,0.0,0.37996865123202167,31.684163085523263,0.051148687222552947,0.997296155519523,0.005789012003693417,0.5057890120036934,0.1330465051397237
NIFTY50,42,5,GJR-GARCH,0.0016281818,0.00011222903,0.42352238,0.23764515,0.0016383920535920351,0.00015394017100334167,8.364821648258257e-06,0.05908262415439822,0.06259433180559426,0.059884842621686404,0.042868853,0.806451612903226,6.022536719397516e-07,18.50463994333829,0.009356900249050226,0.08307781844735729,0.18280286241920596,0.682802862419206,0.949050210923977
NIFTY50,42,5,CNN-WGAN-GP,0.00027819318,0.0032120328,0.3950143,0.0682292,0.0022827218992594843,0.00019149668514728546,3.002917925388656e-05,0.06160417487029918,0.06672277331817895,0.060396205220313276,0.77985334,1.612903225806452,3.060977832352593e-05,8.646380990379033,0.009243427024512418,0.5532900413040518,0.003782779316712892,0.5037827793167129,0.12379811410479177
NIFTY50,42,5,sb_abs,0.00048077625,0.0034701563,0.649547,9.407066,0.0018079107684921,9.299162775278091e-05,2.2019664116284105e-05,0.053485667769564316,0.08128741121385247,0.06523027365590678,1.1050992,1.411290322580645,6.023570478383748e-07,123.61509221644272,0.04129701541336983,0.015295711490126429,0.07489196675900267,0.5748919667590027,0.45159935865153217
NIFTY50,42,5,GARCH,0.0023325493,0.0036609098,0.89733404,1.7667427,0.0028668259882287613,0.0004123067483305931,6.977037723573098e-05,0.06307615850004368,0.05567974080098793,0.05624454437434906,0.9708774,0.604838709677419,6.023570478383748e-07,86.86927708003535,0.060237141827584884,0.02994407295379009,0.22934626038781158,0.7293462603878116,1.163607349436146
NIFTY50,42,5,iid,0.00010204758,0.004038105,0.18207982,1.6325083,0.00253622422486303,0.00020028557628393173,5.626451389261717e-05,0.04926404075114988,0.080587410912849,0.06583286691602552,1.052921,0.403225806451613,0.701030317373876,33.99448248113546,0.1391192553606354,2.8151788703946066,0.2978217913204062,0.7978217913204062,1.479267885972584
NIFTY50,42,5,sb_r,0.0011972995,0.0043421546,0.13983732,1.475863,0.0029944545301028094,0.00033232755959033966,8.019030166435967e-05,0.04745229204010684,0.07053565700305625,0.0646110987078282,0.33065915,1.209677419354839,0.00035649875320657314,14.115553227336036,0.021463588881793783,2.1696314824511456,0.3255002308402585,0.8255002308402585,1.606860778650238
NIFTY50,42,5,QuantGAN,0.0006248296,0.0049432153,0.779232,6.205291,0.0025525545111755098,0.00016183219850063324,0.00010016993129869716,0.06436550262034871,0.11293195665348321,0.08339215522661107,0.6930678,1.209677419354839,6.023570478383748e-07,158.1981501416468,0.0164797087740024,1.2820229836908492,0.1175660203139427,0.6175660203139427,0.6483194783479688
NIFTY50,42,5,TimeGAN,0.00049307337,0.004141395,0.32851025,2.452729,0.004042806181621287,0.0007792338728904724,3.843823509066384e-05,0.058252137515228244,0.07843417847689124,0.06984109509066912,2.4934258,0.604838709677419,3.483794756430632e-05,8.928424402388966,0.0798593281172777,1.3242702433544853,0.3796285780240074,0.8796285780240074,1.8563832413628227
NIFTY50,42,5,CONTROL: shuffled real,3.6379788e-11,0.0,3.3527613e-08,4.7683716e-07,0.0,0.0,0.0,0.05406691877520643,0.08658585471275729,0.07098976083885646,0.0,0.0,0.37996865123202167,31.684163085523263,0.051148687222552947,0.997296155519523,0.005789012003693417,0.5057890120036934,0.1330465051397237
NIFTY50,42,6,GJR-GARCH,0.00060647243,0.0019834666,0.19460267,1.1663756,0.0013444762568528205,7.561314851045609e-05,2.509407064743041e-05,0.05347211608081125,0.05493263852316886,0.06982046750053997,0.14994884,0.6048387096774199,7.524229930551735e-06,5.675333577276337,0.01318882364414753,0.6988433064696755,0.0705641735918745,0.5705641735918745,0.431648969154017
NIFTY50,42,6,CNN-WGAN-GP,0.00014147974,0.0019644564,0.21877241,0.8921447,0.001466696760304338,8.18837434053421e-05,1.210748005239172e-05,0.05946423861418225,0.0560978868836537,0.053399567093292716,0.78273773,1.411290322580645,6.023570478373598e-07,56.91724560902916,0.0769019201875546,0.3549444801539057,0.043734302862419194,0.5437343028624192,0.30796783409279477
NIFTY50,42,6,QuantGAN,0.00044098165,0.001997633,0.050783016,1.7962148,0.0018571222897235417,0.00018110871315002441,1.2429110003350686e-05,0.055227128829574215,0.05208853509975597,0.05131721333455062,1.2225952,0.403225806451613,5.537569357969687e-05,9.945699614845768,0.07706204932521254,0.9494324275271673,0.19477608494921517,0.6947760849492152,1.0042447278034925
NIFTY50,42,6,GARCH,0.00080644863,0.0020361664,0.046906993,1.1213017,0.001504725420007405,0.00010723993182182312,1.4170896617929804e-05,0.05572490431717597,0.06818896449403837,0.08742796626436757,0.8545518,0.806451612903226,5.800449740077207e-07,7.0922945712489565,0.012185320907975195,0.526689898129959,0.03106255771006461,0.4689374422899354,0.036832955590644346
NIFTY50,42,6,sb_r,0.0005879319,0.0030428348,0.1941571,0.7611847,0.0024145817680147814,0.00025990139693021774,4.7940027162050636e-05,0.04243431733804755,0.07712101651442936,0.06260086373338708,0.36451936,0.403225806451613,0.29862925216385444,30.9089373059262,0.05257320272545296,0.2127637361455097,0.2867530009233611,0.7867530009233611,1.4282426472054688
NIFTY50,42,6,sb_abs,0.0001159524,0.0034197848,0.2523763,1.5834992,0.0030188216389310505,0.0004176059737801552,2.9943482178411783e-05,0.051383595567895096,0.062302330983802674,0.06274613332323498,0.685411,0.20161290322580605,0.6416273483312476,33.60777114291149,0.07240002632289766,0.4750219024277418,0.3488261772853185,0.8488261772853185,1.7143894194623244
NIFTY50,42,6,iid,0.00088648236,0.004133894,0.3701683,0.29785776,0.003205823140276718,0.0003963299095630646,5.4894815975525734e-05,0.041451559195411394,0.08432818803179544,0.0723890863804263,0.5284145,0.403225806451613,0.48401809007016644,32.51853220862584,0.09845962253500107,1.3084707245579095,0.3546281163434901,0.8546281163434901,1.7411353704773955
NIFTY50,42,6,TimeGAN,0.0009529205,0.004738529,0.13315207,1.639133,0.004384444977311601,0.0009508011862635612,4.050958924372823e-05,0.05615146796568297,0.07585398160001205,0.0632469954426051,1.0859933,1.2096774193548385,0.0030664709129911757,19.0821061219305,0.09695635244607448,1.425852228827719,0.4017592336103416,0.9017592336103416,1.9584017948686288
NIFTY50,42,6,CONTROL: shuffled real,3.6379788e-11,0.0,3.3527613e-08,4.7683716e-07,0.0,0.0,0.0,0.05406691877520643,0.08658585471275729,0.07098976083885646,0.0,0.0,0.37996865123202167,31.684163085523263,0.051148687222552947,0.997296155519523,0.005789012003693417,0.5057890120036934,0.1330465051397237
NIFTY50,42,7,CNN-WGAN-GP,0.00087418285,0.0006264206,0.38157618,0.9377527,0.0011440657163672634,0.00010672584176063538,4.014863255847587e-06,0.04706873257528059,0.0722576975589618,0.06744584074098384,0.015510559,0.20161290322580605,8.779790569004571e-07,1.952251923219798,0.0522301077089784,0.2830505212115737,0.06252770083102499,0.437472299168975,0.18188190701148468
NIFTY50,42,7,GJR-GARCH,0.00033739247,0.0026041372,0.19797996,0.2334547,0.0018947523554979934,0.00014888495206832886,2.0217338467875983e-05,0.055138247985159976,0.04342706614348572,0.053585106379177884,0.26692986,0.403225806451613,5.636308159008678e-07,5.911728302532225,0.03467372061397023,0.5021131594227422,0.019889196675900278,0.5198891966759003,0.19804595528306015
NIFTY50,42,7,sb_abs,0.0013100351,0.0037478944,0.19882149,0.39654303,0.002751856745690827,0.00029769167304039,7.855909420953246e-05,0.05660756094730459,0.05773127163760364,0.05786120724311331,0.9607661,0.403225806451613,6.004427609740563e-07,12.32634898873598,0.08108470811606705,0.42786109236955916,0.25537349953831945,0.7553734995383194,1.2835884896028265
NIFTY50,42,7,QuantGAN,0.0010794722,0.0052212933,0.59751827,0.45295715,0.0037322762445516243,0.00047703739255666733,8.14888615953028e-05,0.06024847679422237,0.0805653270194307,0.05458141531649744,0.41359186,0.806451612903226,6.023532405412152e-07,25.44947957682261,0.03144917113833212,0.6565719604142242,0.21967520775623273,0.7196752077562327,1.1190254437396225
NIFTY50,42,7,sb_r,0.00027432272,0.0045477794,0.82472026,5.6163406,0.0026343922558667954,0.0002100970596075058,6.310543214656526e-05,0.053257161096844356,0.08527346520451828,0.07136966974649113,1.4911959,1.2096774193548385,5.946748148779485e-07,9.369298849825462,0.07352221402866344,1.8663981173330235,0.29633956602031397,0.796339566020314,1.4724350797551988
NIFTY50,42,7,iid,0.00013759713,0.004805954,0.25809526,0.8285961,0.0032021842280401773,0.0003461213782429695,7.257167872453578e-05,0.047036312374984846,0.08490902148594615,0.07502981932280818,0.73980474,0.0,0.4194288965456929,32.01670296317157,0.11987231207598026,1.9787198135973938,0.38471491228070176,0.8847149122807018,1.8798303761072364
NIFTY50,42,7,TimeGAN,0.0010843095,0.0038659032,0.4019377,2.3579195,0.0039221958567910884,0.0007897568866610527,3.621598805162762e-05,0.052329098832560705,0.06732785210944713,0.05941630202432861,2.189147,1.008064516129032,0.02171459249523794,23.80382163622695,0.0846161652031927,1.2157503238545493,0.377921975992613,0.877921975992613,1.848516096624443
NIFTY50,42,7,GARCH,0.0010312783,0.008881643,0.22739434,3.127468,0.005464633081774564,0.0007688626646995544,0.0002152422599122629,0.06938400473329238,0.08557965038809925,0.08038206001132493,0.42446542,1.209677419354839,6.023570478383747e-07,75.50033511001999,0.008817223211254777,0.49469352789939247,0.2588709602954755,0.7588709602954755,1.2997111880920982
NIFTY50,42,7,CONTROL: shuffled real,3.6379788e-11,0.0,3.3527613e-08,4.7683716e-07,0.0,0.0,0.0,0.05406691877520643,0.08658585471275729,0.07098976083885646,0.0,0.0,0.37996865123202167,31.684163085523263,0.051148687222552947,0.997296155519523,0.005789012003693417,0.5057890120036934,0.1330465051397237
NIFTY50,42,8,GARCH,0.00029283954,0.0027160803,0.02614151,0.6293373,0.002045061814551409,0.00017978902906179428,2.211213060792948e-05,0.05673551307001617,0.07671063784975558,0.08557009460258996,0.8313694,0.6048387096774199,6.023570478336764e-07,53.75184092915975,0.023775521233859065,0.7188365655222486,0.10364127423822711,0.6036412742382271,0.5841287702580842
NIFTY50,42,8,GJR-GARCH,0.0001318828,0.0033519669,0.1192678,0.8393512,0.0024624107272958806,0.0002455711364746094,3.189197033545304e-05,0.057478364132111895,0.06796393463853746,0.08319255640351912,0.26529717,0.6048387096774199,6.023570477523526e-07,47.735918044267315,0.08886159235040347,0.5245242022797334,0.09330678670360104,0.593306786703601,0.5364885426383758
NIFTY50,42,8,CNN-WGAN-GP,1.2078148e-05,0.004443162,0.1872051,1.2236695,0.0035393649123044908,0.00048349983990192413,5.033656505447112e-05,0.0500870494695846,0.04496496522333473,0.046954905685561245,2.338758,1.814516129032258,1.9327981952722155e-08,0.07065120240744704,0.03332503870820391,0.6419499709745384,0.3455660203139427,0.8455660203139427,1.6993606510137742
NIFTY50,42,8,sb_abs,0.0001985823,0.0052975845,0.03770804,0.17569828,0.0036748244827500068,0.0004531377926468849,9.845829814698529e-05,0.047167288955533876,0.09401204163674265,0.06767664898972725,0.1654129,1.008064516129033,6.023553566170873e-07,27.15055001493544,0.04209419889246391,1.9307209294329812,0.1598282548476455,0.6598282548476455,0.843141182487356
NIFTY50,42,8,sb_r,0.0014305674,0.008196067,0.62039423,25.036919,0.004025258228966233,0.0004294300451874733,0.0001791311280906057,0.048217163713416084,0.08278152617160231,0.06562911118671763,1.2595074,1.008064516129032,0.9033152199983933,35.40485709300925,0.0750847335207443,9.82663485993853,0.3427848568790397,0.8427848568790397,1.6865399611980036
NIFTY50,42,8,QuantGAN,0.00070261705,0.006688335,0.46661922,0.57020664,0.005075994486242237,0.0009061675518751144,0.00010638231040745506,0.060614709173096346,0.06730876610148698,0.06494228516385192,1.0720253,1.008064516129033,6.022567359146304e-07,18.568123320049033,0.011817175295585791,0.3416923286442777,0.40314912280701765,0.9031491228070176,1.9648089473736723
NIFTY50,42,8,iid,0.00024357194,0.008391358,1.7415133,17.786991,0.004209091792817747,0.0004069209098815918,0.00019470417529098417,0.054115296849922744,0.08390599442413077,0.06560750235017622,0.4872117,0.403225806451613,0.6937394634644474,33.94719280364764,0.07987170892003459,11.838200303299704,0.42765189289012007,0.9276518928901201,2.0777625447495693
NIFTY50,42,8,TimeGAN,0.0003801068,0.0044744536,0.25348186,2.3127458,0.00413559928724699,0.0007502399384975433,4.6850866057297675e-05,0.05697051180643029,0.09056431346805766,0.07348211609438295,2.191461,0.604838709677419,0.0001293267108367142,11.83057423586964,0.09588227573547381,1.1574760267755027,0.3865904893813482,0.8865904893813482,1.8884764671392038
NIFTY50,42,8,CONTROL: shuffled real,3.6379788e-11,0.0,3.3527613e-08,4.7683716e-07,0.0,0.0,0.0,0.05406691877520643,0.08658585471275729,0.07098976083885646,0.0,0.0,0.37996865123202167,31.684163085523263,0.051148687222552947,0.997296155519523,0.005789012003693417,0.5057890120036934,0.1330465051397237
NIFTY50,42,9,QuantGAN,0.00057223625,0.0006814189,0.34602907,0.34713316,0.0008004058059685254,4.591047763824463e-05,3.103250840533222e-06,0.04836173276999034,0.05991777889896184,0.0509895694637089,0.3635049,0.20161290322580605,3.911461046543495e-06,4.385571105058439,0.09453347991099215,0.24235637792780818,0.006481532779316734,0.49351846722068327,0.07648138330646374
NIFTY50,42,9,sb_abs,0.0008756893,0.0010693148,0.21513683,1.8635178,0.001189267203571835,0.00011574476957321167,3.702357979112792e-06,0.049643890318693595,0.044448627936653794,0.04773976237367606,0.37602448,0.20161290322580694,0.006089212815836952,20.708217344852972,0.018764414698023257,1.6104952131563,0.012409279778393234,0.5124092797783932,0.16356481218043484
NIFTY50,42,9,GJR-GARCH,0.0009880625,0.00056146644,0.32850668,0.85667944,0.0011353939157028167,8.282531052827835e-05,4.9456151264741264e-06,0.051713129401905464,0.06641486288048327,0.06020865706930636,1.0997729,0.806451612903226,0.12678309132276092,28.402200949330176,0.05381785453104737,0.5066127827965401,0.04245660203139434,0.5424566020313943,0.302077850848249
NIFTY50,42,9,CNN-WGAN-GP,0.0008956495,0.0019143485,0.12616652,0.11115217,0.001571222232839883,0.0001270575448870659,1.6170529482036716e-05,0.050752357508754356,0.07712680416647345,0.07083072088338667,0.22811389,1.209677419354839,6.019554158336316e-07,15.636905391557065,0.0741840552940074,0.6903381849668828,0.09885595567867034,0.40114404432132966,0.3493489753271487
NIFTY50,42,9,sb_r,0.00024517308,0.003914471,1.0658784,1.7453685,0.0026301760873888797,0.0002573728561401367,7.151503000069344e-05,0.05261095529305749,0.06587403089972213,0.06302805429586442,0.6167581,0.20161290322580694,0.6552572557730211,33.69695225890962,0.06182486671756804,2.5141001962543887,0.32600092336103403,0.826000923361034,1.6091688859054176
NIFTY50,42,9,GARCH,0.001249517,0.003327868,0.12772456,0.7317028,0.002677400197381618,0.00032970961183309555,4.5923907892745386e-05,0.05222848443372641,0.09028700796421617,0.08775496567453957,0.41214514,0.403225806451613,6.02352967374944e-07,25.304125850780558,0.039552705977143554,0.7793547142282877,0.022289012003693487,0.5222890120036935,0.2091086952668547
NIFTY50,42,9,iid,0.00037065113,0.0042406907,0.4307308,1.8863425,0.0026339750293457647,0.0002240743488073349,9.378854512732386e-05,0.04672970509622246,0.0797247179725673,0.07491648451104993,0.78151965,0.6048387096774199,0.5484461332537008,32.98096952123576,0.10346126094549635,2.951615944432816,0.34480724838411825,0.8448072483841182,1.6958628416325963
NIFTY50,42,9,TimeGAN,0.0007174889,0.003934495,0.34250602,2.1334155,0.003742563894354406,0.000654563307762146,3.3406141578601414e-05,0.056276069377781825,0.08385342291090638,0.07444260926829883,2.953743,0.604838709677419,0.00023234359196544816,13.146847929117634,0.07410009419454033,1.0138635364129125,0.3478568790397045,0.8478568790397045,1.709921119617004
NIFTY50,42,9,CONTROL: shuffled real,3.6379788e-11,0.0,3.3527613e-08,4.7683716e-07,0.0,0.0,0.0,0.05406691877520643,0.08658585471275729,0.07098976083885646,0.0,0.0,0.37996865123202167,31.684163085523263,0.051148687222552947,0.997296155519523,0.005789012003693417,0.5057890120036934,0.1330465051397237
NIFTY50,42,10,sb_abs,0.0007141339,0.0016349312,0.072666414,1.554806,0.0016601696394071689,0.00015128497034311295,9.659142927358229e-06,0.05262640787928831,0.06149764486937784,0.05381482367025456,0.6982269,0.20161290322580694,0.0037474296289266643,19.55487599104259,0.0009461613206871444,0.5513807597533749,0.09351546629732232,0.5935154662973223,0.5374505200282715
NIFTY50,42,10,CNN-WGAN-GP,0.0011425727,0.0011515068,0.083692975,1.5367773,0.0013637226329785055,0.00013565458357334137,7.612694515089223e-06,0.05687383897486143,0.04422542312648147,0.04352903861872619,2.8404613,1.411290322580645,6.448585253998809e-07,1.57954312933105,0.021495724402434635,0.4063241189603155,0.12028370267774702,0.620283702677747,0.6608475312365042
NIFTY50,42,10,GJR-GARCH,0.00032976223,0.0028397618,0.007566631,0.6283698,0.0023698283577454223,0.0002630399540066719,1.757009318660258e-05,0.056122074498562144,0.05867933854926378,0.06909216481406474,0.43230057,0.0,0.00045686599425410823,14.679518224150211,0.008204785053408825,0.64797982639615,0.2168945060018468,0.7168945060018468,1.1062068821924134
NIFTY50,42,10,QuantGAN,0.00096493465,0.0012183115,0.09905517,2.1174972,0.0012894417411176515,9.004585444927216e-05,5.499920532473169e-06,0.050064073716057464,0.07064376506721601,0.06150535410299199,1.6369376,0.20161290322580605,0.0033178833772668954,19.267630845466726,0.04753246229279584,1.2953312562950345,0.22102446906740536,0.7210244690674054,1.1252453086112342
NIFTY50,42,10,GARCH,0.00032087287,0.005468346,0.106046475,0.57465935,0.003669686093841605,0.0004216218367218971,0.00010370691561744425,0.06464310957002453,0.1525039049843326,0.11188886829506373,0.58689547,0.6048387096774199,6.012427887819247e-07,13.475026662952367,0.0234359896732238,0.7405482858853207,0.17905540166204992,0.6790554016620499,0.9317750550085369
NIFTY50,42,10,TimeGAN,0.0010659436,0.0038966248,0.35990596,1.9731786,0.003705641529733376,0.0006700744852423668,4.359557519987984e-05,0.04898502232390456,0.07982290441868826,0.07114385700231651,1.0251532,0.20161290322580605,0.028641846051390356,24.49644440902347,0.06577069036447014,0.8702020971653206,0.3477289935364727,0.8477289935364727,1.7093315892254086
NIFTY50,42,10,sb_r,0.0012646079,0.0053278618,0.24458212,1.2188101,0.0034514423016838883,0.00039259251207113266,9.84804511516407e-05,0.05214132883935235,0.07482007073704153,0.06845172858069418,0.46509838,1.612903225806452,4.8746263588161527e-08,0.18279148772839449,0.0442879190187343,2.236820353033715,0.34715096952908586,0.8471509695290859,1.7066669969861419
NIFTY50,42,10,iid,0.0010559581,0.0052833585,0.18338767,2.9284763,0.003357762389149164,0.0003636172041296959,0.0001470469906994404,0.05230162038002163,0.09298753055278212,0.09003678340086481,1.3165925,0.20161290322580605,0.7421303370145579,34.26165105666808,0.0913763736924208,4.033316597938657,0.3924081255771007,0.8924081255771007,1.9152947792853736
NIFTY50,42,10,CONTROL: shuffled real,3.6379788e-11,0.0,3.3527613e-08,4.7683716e-07,0.0,0.0,0.0,0.05406691877520643,0.08658585471275729,0.07098976083885646,0.0,0.0,0.37996865123202167,31.684163085523263,0.051148687222552947,0.997296155519523,0.005789012003693417,0.5057890120036934,0.1330465051397237
NIFTY50,42,11,sb_abs,9.4370924e-05,0.0015520593,1.4603149,11.989484,0.0008306916208647601,3.472529351711273e-05,2.2075617430041857e-06,0.045706862479419214,0.05529341127694352,0.05502748655766482,0.864856,1.008064516129032,6.023570478383413e-07,63.95455776468395,0.003447788236182525,0.3127241582947944,0.1360096952908587,0.3639903047091413,0.5206213878311595
NIFTY50,42,11,CNN-WGAN-GP,0.001025681,0.0014115348,0.17723486,1.5554757,0.00161550101689782,0.00017375033348798752,6.143069990261224e-06,0.050740541696432044,0.05352137415204197,0.06570320558588719,2.9368958,1.612903225806452,2.1776356459940135e-07,0.9710379266055256,0.031568424049752575,0.5545582169765102,0.04356371191135733,0.5435637119113573,0.3071814388592411
NIFTY50,42,11,QuantGAN,0.00038706334,7.426366e-06,0.12016473,1.7187743,0.000837806073880917,5.3851865231990814e-05,9.030826202318999e-07,0.053162540992489085,0.07188796046655625,0.07388927418593084,1.5634799,0.403225806451613,0.05114378490652498,25.975795838276305,0.032898947574882764,1.2492702514734932,0.11730517082179126,0.6173051708217913,0.6471170066105998
NIFTY50,42,11,GJR-GARCH,0.0009823568,0.0021161903,0.12038994,0.89174414,0.0016270320296635265,0.00014165323227643967,1.809153895624275e-05,0.054078947888920086,0.05381271812751948,0.05441599900921574,0.40426874,0.6048387096774199,0.0025901489179222673,18.685674565624854,0.04202427318473967,2.5919141537536863,0.191199215143121,0.691199215143121,0.987755967121606
NIFTY50,42,11,GARCH,0.0012117026,0.0034573153,0.69746387,3.2424002,0.0026160749750695524,0.00032786931842565536,3.146194802470108e-05,0.05052326453384012,0.05919571485836059,0.05882038387557259,0.09413457,0.20161290322580605,0.3097677521050335,31.024016832536223,0.04943083641475887,3.396981377421133,0.2542232225300092,0.7542232225300092,1.2782859084813136
NIFTY50,42,11,iid,0.0005601119,0.0052075516,0.51100147,2.7838678,0.0033287743781705388,0.00035138241946697235,8.517438097225284e-05,0.04625106162740849,0.08661094851791859,0.06800498610216892,0.74129605,0.0,0.8650227467992031,35.10423818160239,0.13795608759648037,3.9329763694312367,0.3804769159741458,0.8804769159741458,1.8602939348449734
NIFTY50,42,11,sb_r,0.0010361001,0.005805499,0.84369355,5.861738,0.003485874721811174,0.0003594905138015747,0.0001251647554258858,0.044040802142371833,0.07030452373088338,0.06702252248156583,1.1675415,0.20161290322580694,1.8294568789236584e-07,0.5749500904602911,0.07538522864368835,6.888032803415942,0.32336172668513397,0.823361726685134,1.597002638672375
NIFTY50,42,11,TimeGAN,0.0012179913,0.0035671787,0.3193005,2.2746174,0.0035737419401153784,0.0006807278841733932,2.959866976612247e-05,0.05889026314602233,0.08060585855855606,0.07121142684394727,2.4667897,1.008064516129032,0.000739818641090496,15.781208906403535,0.05795956487520115,1.0644799165081915,0.3426038781163434,0.8426038781163434,1.6857056799218109
NIFTY50,42,11,CONTROL: shuffled real,3.6379788e-11,0.0,3.3527613e-08,4.7683716e-07,0.0,0.0,0.0,0.05406691877520643,0.08658585471275729,0.07098976083885646,0.0,0.0,0.37996865123202167,31.684163085523263,0.051148687222552947,0.997296155519523,0.005789012003693417,0.5057890120036934,0.1330465051397237
NIFTY50,42,12,QuantGAN,0.00017577893,0.0027594697,0.30504262,0.00182724,0.0020201736486886875,0.00016084592789411545,2.31824119491906e-05,0.050263111466774715,0.04813539564376697,0.04869989318860462,0.16098952,0.20161290322580694,2.3090862360269515e-07,1.0462242657712295,0.022876402367728366,0.17930121896402262,0.08016135734072027,0.5801613573407203,0.4758903518806665
NIFTY50,42,12,CNN-WGAN-GP,0.001064335,0.0015817629,0.5475039,0.5482168,0.001847019416071442,0.00023919716477394104,8.247809895288992e-06,0.06531842805678024,0.0377823538496159,0.03612091990973568,0.415967,0.403225806451613,5.668277198388702e-07,6.096343773986995,0.013399062851397359,0.10736563944633559,0.14323153277931666,0.6432315327793167,0.7666331200965455
NIFTY50,42,12,GJR-GARCH,0.001130784,0.0030067554,0.073989004,2.634933,0.0021945165106475816,0.00021920353174209595,2.9292005277478965e-05,0.05723087190301158,0.050812636546907014,0.05571790896967286,0.1667819,0.6048387096774199,5.719619892196819e-07,6.430642432412512,0.017626000711213008,0.6364592117837393,0.10753947368421046,0.6075394736842105,0.6020988058589243
NIFTY50,42,12,sb_abs,0.00052681594,0.002766462,0.0155983865,2.135376,0.002542250960269785,0.0003101807087659836,2.1418943290760136e-05,0.045676419144729155,0.06931073875632138,0.06873864924506051,3.2130318,0.806451612903226,0.003421395264285785,19.34004483222011,0.09013105838484814,1.0192353241046823,0.17767474607571565,0.6776747460757157,0.9254104678747282
NIFTY50,42,12,iid,0.0009283395,0.004307977,0.6581173,3.7544556,0.0028030453245246317,0.0002646632492542267,5.448746022750566e-05,0.05416332916705869,0.08134352072200272,0.07593914895420312,0.69761205,0.20161290322580694,0.9806407202043346,36.24667625954207,0.10557209091288733,4.538317443176855,0.35190535549399815,0.8519053554939982,1.7285839066346824
NIFTY50,42,12,GARCH,0.0017574179,0.0066388585,0.17268515,2.5489888,0.0044437784849278746,0.0006445106118917465,0.00015000769658027728,0.05505416894302471,0.08993304497096688,0.07886911275651073,1.2120609,0.604838709677419,6.023526621925602e-07,25.152807399439887,0.024353536218619798,0.22646266095466583,0.2959785318559557,0.7959785318559557,1.4707707737399376
NIFTY50,42,12,sb_r,0.0020280443,0.009378076,0.77522755,20.5545,0.00492784153958555,0.0006324965506792068,0.00019132444004764997,0.04966271542129107,0.08552310819271952,0.07536707086825117,1.3669479,1.411290322580645,0.20496754752405108,29.77031255465153,0.07139720700445251,16.802263831446606,0.36950300092336086,0.8695030009233609,1.8097060552672897
NIFTY50,42,12,TimeGAN,0.00040627818,0.003999414,0.17805237,2.5437381,0.003979216434619422,0.000777210108935833,3.538388633187949e-05,0.05832723876228556,0.09047710603452287,0.08512864081043517,2.6137052,0.806451612903226,0.0010767989026501646,16.644723954028006,0.13483047907492485,1.3599828552053,0.41019436749769156,0.9101943674976916,1.9972863256254418
NIFTY50,42,12,CONTROL: shuffled real,3.6379788e-11,0.0,3.3527613e-08,4.7683716e-07,0.0,0.0,0.0,0.05406691877520643,0.08658585471275729,0.07098976083885646,0.0,0.0,0.37996865123202167,31.684163085523263,0.051148687222552947,0.997296155519523,0.005789012003693417,0.5057890120036934,0.1330465051397237
NIFTY50,42,13,GJR-GARCH,0.00026164317,0.0019423561,0.15371165,0.57850456,0.0015146334902453882,0.00010605715215206146,1.1528725717306975e-05,0.059830653119133784,0.0747416828898713,0.07839086971449433,0.38579345,0.403225806451613,0.00011044560080750136,11.477914449860211,0.023253500058400545,0.2600637319013357,0.003351338873499532,0.49664866112650047,0.09091104415489125
NIFTY50,42,13,sb_abs,0.0005401933,0.0013445774,0.016678907,1.0499082,0.0010547335770336153,6.119813770055771e-05,6.006094964585533e-06,0.043333299427467865,0.07998460638802499,0.06425229496497195,0.51918983,1.814516129032258,0.07063165456386113,26.820439727439776,0.05212534386946244,0.3000160366913378,0.16234233610341642,0.6623423361034164,0.8547306689401744
NIFTY50,42,13,CNN-WGAN-GP,0.0010042614,0.0010956409,0.0458386,1.9143507,0.0012282807868757566,8.849799633026123e-05,5.506235761492822e-06,0.05548399905790575,0.06040039405052085,0.05753716413368238,2.1555495,0.806451612903226,0.004661157371185744,20.071637077344988,0.05523602326239285,1.0246356146750362,0.23213965835641726,0.7321396583564173,1.176484438368802
NIFTY50,42,13,GARCH,0.00040467276,0.0017906828,0.01898758,0.975132,0.00147057739128935,0.00010117888450622559,1.7000689997222502e-05,0.06321394199389033,0.0951544518629089,0.09601449857320404,1.4737749,0.806451612903226,3.01569300876638e-05,8.613953131314187,0.005420912719386717,0.28155292702835366,0.20909002770083102,0.290909972299169,0.8575092750021426
NIFTY50,42,13,QuantGAN,0.00053565454,0.0036955345,0.12071409,0.72187376,0.002501650996138903,0.0002100905403494835,5.301790855750561e-05,0.04574548419332132,0.1181869791308418,0.09738985831703757,0.1416421,1.209677419354839,6.023570472296879e-07,43.67882394290118,0.029270774347548878,0.6812445952184256,0.08603670360110804,0.41396329639889196,0.29025440630829064
NIFTY50,42,13,sb_r,6.721604e-05,0.004907649,0.27942696,0.04415655,0.003304474858670266,0.00035928748548030853,7.797242965004488e-05,0.04996614985517226,0.06413630353301414,0.06286133024288575,0.976501,1.612903225806452,0.0001852191392204705,12.636277653972396,0.017171664584008095,1.1346891028668527,0.3108213296398892,0.8108213296398892,1.5391935438647923
NIFTY50,42,13,TimeGAN,0.00029484092,0.0029410142,0.35400876,2.0277324,0.0029092818410579326,0.00044564809650182724,2.4150965817778642e-05,0.04822722429642454,0.07148825001699151,0.06922166233096505,0.43389416,1.814516129032258,0.04121150117681559,25.419746716804426,0.025270679170566024,0.7797801144520524,0.3262696214219758,0.8262696214219758,1.6104075382083354
NIFTY50,42,13,iid,3.9617946e-05,0.006242821,1.9483318,15.653562,0.003426989831361256,0.00031008198857307434,0.00010172237539423378,0.05614279972476652,0.08149294734816066,0.06416565430379706,0.3181665,0.403225806451613,0.3118501318550935,31.045169086111052,0.10898055094728831,6.634028516118113,0.3419178208679595,0.8419178208679595,1.6825430728391035
NIFTY50,42,13,CONTROL: shuffled real,3.6379788e-11,0.0,3.3527613e-08,4.7683716e-07,0.0,0.0,0.0,0.05406691877520643,0.08658585471275729,0.07098976083885646,0.0,0.0,0.37996865123202167,31.684163085523263,0.051148687222552947,0.997296155519523,0.005789012003693417,0.5057890120036934,0.1330465051397237
NIFTY50,42,14,sb_abs,0.00086564926,0.0011949288,0.2048564,0.56719923,0.0011355909622141687,7.822737097740173e-05,1.018338107510571e-05,0.0466126335808076,0.06743507497943937,0.06079120400914689,0.1122036,0.6048387096774199,0.00014297968240526804,12.055269094438145,0.059610883424710104,0.40621771317945665,0.07231509695290861,0.4276849030470914,0.22700013638556063
NIFTY50,42,14,GJR-GARCH,0.0006990598,0.0034255488,0.10089363,2.3716092,0.0022640758539800533,0.0001888209953904152,2.823298494470131e-05,0.05781796203838894,0.06779535311739891,0.06972047577466584,0.39279437,0.20161290322580694,6.023526043745521e-07,25.12532781752693,0.0023744430563649166,0.08629114112571745,0.08054339796860577,0.5805433979686058,0.4776514941154856
NIFTY50,42,14,GARCH,0.00092225894,0.0041589467,0.2930049,0.2991495,0.0032074580186017094,0.0004035988822579384,4.8915927592132454e-05,0.047094448113348335,0.0560830437624827,0.05316355396120343,0.11191487,0.6048387096774199,2.2558917024864207e-05,7.985190654703423,0.005992191256728119,0.07863683854405323,0.3051982917820867,0.8051982917820867,1.5132722969173846
NIFTY50,42,14,sb_r,9.666307e-05,0.0054712845,0.110509865,2.8115854,0.003498924918158854,0.00037218816578388214,9.41790246219663e-05,0.05093423584010452,0.0704619781733345,0.059818665627681185,0.24413157,0.0,4.933240297724139e-05,9.691088222168979,0.0005789937507811871,1.4490083478126383,0.25191597414589106,0.7519159741458911,1.2676498863441434
NIFTY50,42,14,CNN-WGAN-GP,0.0006495836,0.004731969,0.11540782,1.5361936,0.003906229480909287,0.0006375350058078766,5.245244445208547e-05,0.054235472982982175,0.050867536540608854,0.04627955115254736,0.5708957,0.403225806451613,7.279523804411464e-05,10.550555192877631,0.04110143717070913,0.8268899842438975,0.3129810710987997,0.8129810710987997,1.549149584196495
NIFTY50,42,14,iid,0.00043837048,0.0049119694,0.5309521,2.393611,0.00322853954006614,0.00036020204424858093,8.078484561060945e-05,0.05380787614150904,0.07074752750340849,0.06382979303933098,1.221216,0.403225806451613,0.0044365686215515005,19.954456159348847,0.0704692810125992,2.5792913941435263,0.3178132502308403,0.8178132502308403,1.5714251070976846
NIFTY50,42,14,QuantGAN,4.9295115e-05,0.0071671046,0.6837977,0.8460412,0.004640890926351044,0.0006013903766870499,0.00015578453859234202,0.06227109137456864,0.10589312134776264,0.07329817431251286,0.6054654,1.612903225806452,6.023566732666505e-07,30.305117678465486,0.004235767584332084,0.29467710625025534,0.16535156971375797,0.665351569713758,0.868602723425432
NIFTY50,42,14,TimeGAN,0.00016902547,0.0042862436,0.28973532,2.4386187,0.00420284437762388,0.0008143074810504913,4.388177741652067e-05,0.051459837796865034,0.08851346315583214,0.07706382097996539,1.4158316,2.016129032258064,0.0006449964049515044,15.46691175649961,0.18196812024533526,1.2617262404410683,0.4030602493074792,0.9030602493074792,1.9643992556755414
NIFTY50,42,14,CONTROL: shuffled real,3.6379788e-11,0.0,3.3527613e-08,4.7683716e-07,0.0,0.0,0.0,0.05406691877520643,0.08658585471275729,0.07098976083885646,0.0,0.0,0.37996865123202167,31.684163085523263,0.051148687222552947,0.997296155519523,0.005789012003693417,0.5057890120036934,0.1330465051397237
NIFTY50,42,15,GJR-GARCH,0.00061056216,0.0006562732,0.28955033,0.91397524,0.0007048193155610756,2.4986453354358673e-05,8.038795884460343e-06,0.05914951421669684,0.04921106408815831,0.05540617195278173,0.7106192,0.20161290322580605,6.023570361218736e-07,37.53220585490076,0.003537675483695546,0.4194193095315977,0.09089427516158821,0.4091057248384118,0.3126469839803746
NIFTY50,42,15,GARCH,0.0007111813,0.0015835781,0.03703305,4.7541294,0.0010082284279605818,4.466623067855835e-05,1.1082656628422486e-05,0.05922504580928944,0.08037567354273051,0.07165553299564635,1.0535448,0.20161290322580605,6.023570478383748e-07,83.09661720022211,0.03068892600023254,0.3663632415021727,0.025273314866112617,0.4747266851338874,0.010145531961019678
NIFTY50,42,15,QuantGAN,7.575754e-05,0.003046481,0.12166786,2.0623581,0.002810791118306607,0.00038293562829494476,2.0149077055931785e-05,0.04584708976442926,0.06584727549925447,0.049451065465400464,1.3396292,0.806451612903226,0.030150061517298894,24.625718408264127,0.008040828077521156,1.0600692005939347,0.2842412280701755,0.7842412280701755,1.4166638020954585
NIFTY50,42,15,sb_r,0.00083670445,0.005176558,0.88015383,6.3651543,0.003146427199962523,0.0003163674846291542,7.124102750414923e-05,0.05747477827710099,0.06470546691678464,0.06111896644841181,1.0914078,0.403225806451613,6.023570478249346e-07,51.5786670754053,0.003338181758182901,4.499867161189436,0.30534210526315775,0.8053421052631577,1.5139352525743586
NIFTY50,42,15,sb_abs,0.00053343904,0.0086320415,0.4146135,1.2435102,0.0053653491496167185,0.0007634181529283524,0.0002640023700550109,0.05408769105328247,0.07361121475929394,0.06180436941474909,0.39086843,1.411290322580645,6.023570478291113e-07,52.34837842971674,0.024128826279205873,0.2940689513838599,0.2760554016620499,0.7760554016620499,1.3789285363619714
NIFTY50,42,15,iid,3.2608732e-05,0.0047465824,0.5712088,1.4894567,0.0031288699477296377,0.0003059469163417816,8.245406435407505e-05,0.0470648638759306,0.08815919791115448,0.07490797847887734,0.37221837,1.008064516129033,0.6341174991324586,33.55844829359574,0.15357536324857946,2.6174059567623695,0.34467982456140356,0.8446798245614036,1.6952754395095628
NIFTY50,42,15,CNN-WGAN-GP,0.00046666153,0.0061503127,0.27470282,0.8312249,0.0044847554496610185,0.0006690621376037598,0.0001242526936467989,0.04357736703124829,0.11295761524233967,0.07934829129691934,1.2457113,2.016129032258065,2.3627097553848826e-06,3.4665705364884616,0.03673790322599513,0.7926835857660715,0.3158437211449676,0.8158437211449676,1.5623459134134081
NIFTY50,42,15,TimeGAN,0.0013367917,0.004003506,0.427252,1.9500041,0.0038142956715108223,0.0007226094603538513,4.353994315226941e-05,0.06039717477862723,0.07877254614490084,0.06917629750358173,1.7327185,0.806451612903226,0.0010492320526590162,16.584893027082455,0.07355574023787936,0.820091851276334,0.3956442751615882,0.8956442751615882,1.9302128777687144
NIFTY50,42,15,CONTROL: shuffled real,3.6379788e-11,0.0,3.3527613e-08,4.7683716e-07,0.0,0.0,0.0,0.05406691877520643,0.08658585471275729,0.07098976083885646,0.0,0.0,0.37996865123202167,31.684163085523263,0.051148687222552947,0.997296155519523,0.005789012003693417,0.5057890120036934,0.1330465051397237
NIFTY50,42,16,GARCH,0.00016355707,0.0025190283,0.73824364,0.5269494,0.001981315472724806,0.00016109459102153778,2.146081848515144e-05,0.058507313713198526,0.0641615696856752,0.06391968814161374,0.34187174,0.20161290322580694,6.023570478378252e-07,58.18315047236536,0.0044036684167994,0.33923776945050355,0.02280655586334257,0.5228065558633426,0.21149448432453696
NIFTY50,42,16,sb_abs,0.0009989952,0.0010010749,0.26152828,0.14253902,0.0013071936422798282,0.00013679545372724533,3.87244054075293e-06,0.05458081853226759,0.06382268888875842,0.06653706211451209,0.13899326,0.604838709677419,0.0032107393794775286,19.190308857471713,0.07480183906311189,0.42219890703322704,0.1600918744228994,0.6600918744228994,0.8443564238360952
NIFTY50,42,16,CNN-WGAN-GP,0.0008886886,0.0023206137,0.031324126,1.3723774,0.0021315667356088482,0.00023564044386148453,1.879604737127657e-05,0.05648328579496592,0.0619304995809216,0.0589550299669645,0.7340193,0.6048387096774199,0.017077071562854332,23.208962161901425,0.054662122955262626,0.224874939262659,0.14746214219759923,0.6474621421975992,0.7861355090618206
NIFTY50,42,16,QuantGAN,9.790323e-05,0.0029484304,0.2236071,1.7803619,0.002539336349243623,0.0003015901893377304,2.2314507511050736e-05,0.04895740894251503,0.07272807348985225,0.06486891853477574,1.6639829,0.20161290322580694,0.024790478827933997,24.134212302597874,0.12880209805406018,0.6685591475945469,0.279017082179132,0.779017082179132,1.3925813791853727
NIFTY50,42,16,sb_r,0.00059663155,0.0034638224,0.053987935,0.2675562,0.002394156770100886,0.0002076542004942894,4.446306214258586e-05,0.049583458019187676,0.08538094531046227,0.07113607582781696,1.342557,2.419354838709678,0.1048628877094012,27.88049218258027,0.08588722960784678,0.562572550503595,0.3206465835641735,0.8206465835641735,1.5844862912609288
NIFTY50,42,16,iid,0.0006966503,0.005257695,0.11615636,2.0608144,0.0034047627827243523,0.00035593844950199127,8.629423350258527e-05,0.04564283506682841,0.0907492844457738,0.07878273572918261,1.041213,0.20161290322580605,0.6324153968412649,33.5472486599384,0.12534393605837701,2.9168838026343513,0.3587663896583564,0.8587663896583564,1.7602121057303282
NIFTY50,42,16,GJR-GARCH,0.0008134921,0.0071130525,0.83354306,2.4656444,0.004314100617972925,0.0004914700984954834,0.00017679125384027433,0.0759188287158031,0.16529682679567487,0.12114748324122047,1.1948318,0.20161290322580694,6.023570478383748e-07,107.34157660326952,0.04298630293020855,0.45924075539015385,0.17377516158818096,0.673775161588181,0.9074340474682026
NIFTY50,42,16,TimeGAN,0.0009019448,0.0041562375,0.32843402,2.3900025,0.003990936347006004,0.0007691532373428345,3.584982395934887e-05,0.05773231272236444,0.08913640440267045,0.07861649319907883,3.194673,0.604838709677419,0.0001212811393561924,11.686944746179034,0.10858656367405817,1.2109281291944085,0.37683102493074794,0.8768310249307479,1.843486998013111
NIFTY50,42,16,CONTROL: shuffled real,3.6379788e-11,0.0,3.3527613e-08,4.7683716e-07,0.0,0.0,0.0,0.05406691877520643,0.08658585471275729,0.07098976083885646,0.0,0.0,0.37996865123202167,31.684163085523263,0.051148687222552947,0.997296155519523,0.005789012003693417,0.5057890120036934,0.1330465051397237
NIFTY50,42,17,GJR-GARCH,0.00082089833,0.00024614297,0.27423048,0.7612972,0.0009534403797629455,6.762053817510605e-05,2.1809831441186276e-06,0.05323970748460852,0.05568471389327897,0.05022740272252122,0.7332382,0.806451612903226,0.0003464165638664631,14.05045680590025,0.029569262558543752,0.36897292899138545,0.07743951985226227,0.4225604801477377,0.25062285328631584
NIFTY50,42,17,QuantGAN,0.0006155188,0.004081649,0.7502882,0.50809336,0.0031153152906399336,0.0003740629181265831,4.646871003629912e-05,0.04996456291119102,0.04982154784462182,0.050030125864141156,0.010541916,0.0,9.91741783635092e-05,11.23785702929072,0.012612956348672877,0.5138407673156653,0.23027977839335179,0.7302797783933518,1.1679107084679339
NIFTY50,42,17,GARCH,0.0013113585,0.00089219306,0.011706319,1.3548336,0.0014587958117055404,0.0001558251678943634,6.22179732999147e-06,0.05485993941547349,0.05771295381709933,0.05608016229380155,0.93379784,0.403225806451613,0.04468797672888932,25.627541272507422,0.0411513169652975,0.09363150813980425,0.1401445060018467,0.6401445060018467,0.7524024523586386
NIFTY50,42,17,sb_abs,0.00091762457,0.0003279997,0.16637787,1.1586275,0.0010418071872209105,9.053107351064682e-05,1.6299374265127947e-06,0.052410529284898075,0.06404044353163045,0.057586715649376854,1.3690071,0.806451612903226,0.137246609132958,28.622973474156513,0.05542329106894173,0.29817735286105007,0.15399422899353643,0.6539942289935364,0.8162473168072445
NIFTY50,42,17,sb_r,0.00038196697,0.0051815044,0.9679736,4.4378586,0.0030238240395150237,0.0002592373639345169,8.771198560564177e-05,0.04109225360793062,0.07086857183370739,0.061622196087555495,0.33684683,0.806451612903226,0.0006750635976169418,15.571243130893091,0.035229517147091105,8.413946879883007,0.2692670821791321,0.7692670821791321,1.3476355395647959
NIFTY50,42,17,CNN-WGAN-GP,0.0005040404,0.0062709637,0.20864934,0.8686023,0.004695427365516575,0.0007200129330158234,0.00013206470811056063,0.05028940744581632,0.08458879705052823,0.07634664283454186,0.9457593,1.209677419354839,6.022712410355022e-07,18.897610769712394,0.0341889231979412,0.8875399145505276,0.2983021698984303,0.7983021698984303,1.4814823494110487
NIFTY50,42,17,TimeGAN,0.00074378145,0.004813481,0.47507447,2.0232382,0.004425972226291532,0.0008738068863749504,4.726413926519222e-05,0.053216405044076966,0.09233607106842101,0.0727446088209399,1.8751969,0.20161290322580694,0.021197333907876054,23.743881574735674,0.0665317397466042,0.8382249690498687,0.392238457987073,0.892238457987073,1.9145126405889434
NIFTY50,42,17,iid,0.0010906872,0.006791439,2.3850026,25.59864,0.003655997587966088,0.0003902195021510124,7.194446501157299e-05,0.037462862471438714,0.08258389012189582,0.06469175164194894,0.9766071,1.008064516129032,0.9998103011969893,36.881308555395975,0.15412413894062948,19.41725091710506,0.37260387811634355,0.8726038781163435,1.824000571062049
NIFTY50,42,17,CONTROL: shuffled real,3.6379788e-11,0.0,3.3527613e-08,4.7683716e-07,0.0,0.0,0.0,0.05406691877520643,0.08658585471275729,0.07098976083885646,0.0,0.0,0.37996865123202167,31.684163085523263,0.051148687222552947,0.997296155519523,0.005789012003693417,0.5057890120036934,0.1330465051397237
NIFTY50,42,18,sb_abs,0.00042770055,0.0019123796,0.11412723,0.62044096,0.0015447912126431206,0.00010905507951974869,1.0485287160210563e-05,0.04924484839400975,0.06027117570367409,0.05856425529666012,0.40557575,1.008064516129033,0.0004907130750631736,14.842376144796038,0.024979709028307262,0.14462165255426251,0.07681648199445978,0.5768164819944598,0.4604710461510412
NIFTY50,42,18,QuantGAN,0.0007291265,0.0013442691,0.13927624,0.68868685,0.001146608781787732,8.245930075645447e-05,6.0104088620991895e-06,0.05051992298918776,0.06478103227447718,0.056013606722990515,0.14456582,1.411290322580645,0.06125704820103308,26.445766682113565,0.05166882374456361,0.04914034528404443,0.0985983379501385,0.5985983379501385,0.560881692758472
NIFTY50,42,18,GJR-GARCH,0.00095461746,0.001670924,0.92394406,2.046783,0.0011795422258844643,7.405690848827362e-05,1.825631344425589e-05,0.049207673461642114,0.07375363819766789,0.06927542710196576,0.62662196,0.604838709677419,0.6723286363463672,33.80816992404219,0.035947248173880064,2.4771196055921605,0.14667474607571562,0.6466747460757156,0.782505747029816
NIFTY50,42,18,CNN-WGAN-GP,0.0013357427,0.0034563905,1.0289484,5.1456747,0.002788205823205295,0.00037249550223350525,3.2722252944144474e-05,0.05285376106738113,0.05112973018549383,0.06006820205686381,0.32775593,0.6048387096774199,0.4595683213659885,32.33387424160097,0.058607773739104085,2.8087018084148516,0.2475969529085873,0.7475969529085873,1.2477399339493003
NIFTY50,42,18,GARCH,0.001364164,0.0057764556,0.518328,0.78197384,0.004029001900214957,0.0005784481763839722,9.488197565599984e-05,0.0496950406616088,0.04696103630121797,0.050383034602855335,0.15849876,1.008064516129033,0.02132357305641543,23.7586388095533,0.03626023196246886,0.8813868712394122,0.2892206832871652,0.7892206832871652,1.4396182426678346
NIFTY50,42,18,sb_r,0.0007764772,0.0035212412,0.26496404,0.9328618,0.0023569886207674756,0.00021437183022499084,4.493489013973224e-05,0.05000087138847448,0.07887205451377667,0.07197187902726,0.49562073,0.806451612903226,0.8315077747899349,34.862112875273134,0.0734940387883456,2.140772933864879,0.3552756232686981,0.8552756232686981,1.7441202671352019
NIFTY50,42,18,iid,0.00013011711,0.0058879787,2.2655988,36.221626,0.002478035930484038,0.000151757150888443,4.885762620804898e-05,0.05490133034414612,0.08039539591758511,0.06617557236197172,1.2892702,1.411290322580645,0.9985841644952838,36.74504978814752,0.13609344186769778,37.405384439994535,0.352505078485688,0.852505078485688,1.7313485274963507
NIFTY50,42,18,TimeGAN,0.001245794,0.0042514578,0.5667099,1.713697,0.004046258182257597,0.0008154530078172684,4.719420882812754e-05,0.060675554800545796,0.07962782524176873,0.07263111001026118,1.0995827,1.411290322580645,0.015743403363931697,23.008804568530735,0.109928055024484,0.5998552881611308,0.4056158818097877,0.9056158818097877,1.976180286298915
NIFTY50,42,18,CONTROL: shuffled real,3.6379788e-11,0.0,3.3527613e-08,4.7683716e-07,0.0,0.0,0.0,0.05406691877520643,0.08658585471275729,0.07098976083885646,0.0,0.0,0.37996865123202167,31.684163085523263,0.051148687222552947,0.997296155519523,0.005789012003693417,0.5057890120036934,0.1330465051397237
NIFTY50,42,19,QuantGAN,0.00020264997,0.0010484662,0.5280066,0.13397932,0.0009463019570084206,4.593841731548309e-05,1.3093829059274204e-05,0.0587297691317508,0.040239673727191984,0.03963204771425808,0.5918474,0.20161290322580694,6.023570084610474e-07,35.00719245102592,0.045541481170017106,0.45651616093715486,0.16136657433056323,0.33863342566943677,0.6375122820462297
NIFTY50,42,19,GJR-GARCH,0.001080094,0.0028010374,0.025597233,0.5681462,0.0021514558766816383,0.00022071227431297302,2.72419916157981e-05,0.04313260556315072,0.054112213128246364,0.05725710413295019,0.35359263,0.6048387096774199,0.008428995554429443,21.488589559425904,0.0071578887619165865,1.049845573500427,0.2600907202216066,0.7600907202216066,1.305334073632149
NIFTY50,42,19,CNN-WGAN-GP,0.00020969118,0.005433148,0.54023015,1.2559266,0.00367103267208057,0.0004650373011827469,6.804319932912861e-05,0.06045999465393834,0.08560632223729044,0.06199595117166609,0.3278885,0.20161290322580694,6.023570477845968e-07,48.708858873730556,0.00126696102484114,0.08201010975553658,0.14466620498614957,0.6446662049861496,0.773246714652075
NIFTY50,42,19,sb_abs,8.449395e-05,0.0041110413,0.07265846,1.88796,0.0036132503332434976,0.0005633151158690453,3.875478591376813e-05,0.03535602123825811,0.07320850490010343,0.07295373385488346,3.123096,0.403225806451613,0.47540352978312334,32.454131455226936,0.01773113724465747,0.6719231809833421,0.33175438596491236,0.8317543859649124,1.6356913687215102
NIFTY50,42,19,GARCH,0.0013298412,0.006463741,0.3238541,0.4060583,0.004829684746478015,0.0008323900401592255,0.00013160399252900283,0.043355512112611905,0.047212341306731104,0.05233324016822735,0.3867147,1.209677419354839,0.0045885499867441525,20.034368291845897,0.009706782030883487,0.7412142788792835,0.3567793167128347,0.8567793167128347,1.751052037840707
NIFTY50,42,19,TimeGAN,0.0009589914,0.004138588,0.24818626,2.237791,0.0038528389282303567,0.0007189493626356125,3.97280930998512e-05,0.058627700859215114,0.07826698985067196,0.06579522139305481,2.623147,0.0,6.273009195221131e-05,10.221093207444781,0.13161508848420855,1.0492215608593995,0.3680662511542012,0.8680662511542012,1.803082883503233
NIFTY50,42,19,iid,0.00056119374,0.005942921,0.056933694,4.917862,0.003447960911505599,0.0003264378756284714,0.00012600721430318298,0.0471121859253617,0.08430686149280518,0.07130262132413918,0.7811372,0.0,0.9612380083845602,35.971382565901486,0.13387037280487202,6.079493821395709,0.37867451523545714,0.8786745152354571,1.851985174380039
NIFTY50,42,19,sb_r,0.00068171485,0.008401504,2.3267012,17.073513,0.003931567345515973,0.00033406540751457214,0.00019170330220012754,0.06328039691376035,0.08801066045271,0.07096711005695397,1.9432925,1.2096774193548385,3.677674268673914e-05,9.04675604224601,0.02825496442064479,4.880358015253242,0.2994055863342566,0.7994055863342566,1.4865689112735472
NIFTY50,42,19,CONTROL: shuffled real,3.6379788e-11,0.0,3.3527613e-08,4.7683716e-07,0.0,0.0,0.0,0.05406691877520643,0.08658585471275729,0.07098976083885646,0.0,0.0,0.37996865123202167,31.684163085523263,0.051148687222552947,0.997296155519523,0.005789012003693417,0.5057890120036934,0.1330465051397237
NIFTY50,43,0,GARCH,0.0011265905,0.0010082731,0.14456666,0.64650345,0.0013462646877074702,0.00013460684567689896,9.059779041088845e-06,0.049246819104300815,0.047617328809865286,0.051452832899813075,0.18252683,1.2096774193548385,5.910628234919199e-07,8.547135884627188,0.004745293626661096,0.05209771801902008,0.0869826869806094,0.5869826869806094,0.5073355198800046
NIFTY50,43,0,GJR-GARCH,0.0010491367,0.0007100245,0.2982571,0.04464054,0.0011321681332683588,9.947642683982849e-05,5.953659847901293e-06,0.05223274893534836,0.05348226581234485,0.05251618331152713,0.6966677,0.806451612903226,0.0007405347276987323,15.7834281166413,0.01100898464448652,0.6104802021038562,0.08595660203139421,0.5859566020313942,0.5026054430015929
NIFTY50,43,0,TimeGAN,0.00015031174,0.002218457,0.17483401,0.13385105,0.0016438466383737057,0.00010844133794307709,2.2943768658039396e-05,0.051405456815264185,0.07328534740663599,0.06487583433132386,0.33446074,0.806451612903226,0.003018009352172986,19.044638246587613,0.06729250308226553,1.1853285907994797,0.15757156048014775,0.6575715604801478,0.8327382057576931
NIFTY50,43,0,CNN-WGAN-GP,0.0005678183,0.002370133,0.4551745,0.50810814,0.0020945662538717747,0.0002146102488040924,1.6449659602338086e-05,0.0587501859117765,0.05450509505230002,0.060242981927876825,0.34089065,0.403225806451613,5.041414783504677e-07,1.3193517777752888,0.06038519128424391,0.144685346829029,0.13245313942751613,0.6324531394275161,0.7169465622547484
NIFTY50,43,0,sb_abs,0.00043705723,0.0034200558,0.030830331,1.4915824,0.0029284843270926874,0.000384308397769928,2.6724386428299194e-05,0.041959715337725356,0.060734477359219455,0.06181458237726474,0.59123564,0.20161290322580605,0.08811126599849628,27.409623350036817,0.026065048825501314,0.3042193216266047,0.26809533702677746,0.7680953370267775,1.3422339939551629
NIFTY50,43,0,QuantGAN,0.0008551371,0.0022521643,0.07290729,0.29049015,0.0017391459153950632,0.00013890862464904785,1.9757119101374244e-05,0.05204245514352806,0.09001569906715304,0.08589182033058024,1.8239298,1.008064516129033,6.023570424473956e-07,39.14739259314755,0.03038116258725365,3.0549387834397628,0.054941828254847724,0.4450581717451523,0.1469123262739464
NIFTY50,43,0,iid,0.0003737115,0.004322662,0.18648112,4.970771,0.0025380875958293738,0.0001968787983059883,5.6497089679597825e-05,0.04704548765730578,0.08207801764743636,0.07144310810224852,1.0918944,0.604838709677419,0.9893457307121035,36.41795432640623,0.1567637857286741,6.154526872892482,0.32395937211449666,0.8239593721144967,1.5997576823255142
NIFTY50,43,0,sb_r,8.76755e-05,0.005054566,0.69932085,2.621036,0.003129904325963055,0.00028591882437467575,7.484715024113423e-05,0.04577845899271779,0.07744770786433947,0.06718479387374827,0.48244357,1.008064516129033,5.799298094374037e-07,7.081281637707562,0.07105810354733588,2.4003696900572606,0.35032779316712825,0.8503277931671283,1.721311612959302
NIFTY50,43,0,CONTROL: shuffled real,3.6379788e-11,0.0,3.3527613e-08,4.7683716e-07,0.0,0.0,0.0,0.05406691877520643,0.08658585471275729,0.07098976083885646,0.0,0.0,0.37996865123202167,31.684163085523263,0.051148687222552947,0.997296155519523,0.005789012003693417,0.5057890120036934,0.1330465051397237
NIFTY50,43,1,sb_abs,0.00051133696,0.00044083502,0.2923585,1.567905,0.0008275928274706018,5.010608583688736e-05,1.1416670605341576e-06,0.06156959574029315,0.04690231513523031,0.04902599336724961,0.44531155,0.20161290322580694,2.993790907025651e-08,0.11043237747981038,0.0037085217807817372,0.37772000701810793,0.023623037857802398,0.5236230378578024,0.21525832727592983
NIFTY50,43,1,QuantGAN,0.0012009933,0.0008485308,0.0940269,1.4737921,0.001339047841777265,9.330268949270248e-05,9.591951171487602e-06,0.060158058915985746,0.062076240782625976,0.06191287359368289,0.76659775,0.0,6.010876696412953e-07,13.198508956578507,0.02371524678770298,1.0304844944590545,0.017572483841181985,0.482427516158818,0.02535398764838518
NIFTY50,43,1,GJR-GARCH,0.0008245814,0.0017901333,0.15591082,0.07752037,0.0016085705288290807,0.00016001425683498383,9.805041231589481e-06,0.05224642474262509,0.06532284627144691,0.05932959867321188,0.6824641,0.0,0.0011919935922274736,16.87944461782714,0.025949864343650986,0.10589985209397401,0.2239194367497691,0.7239194367497691,1.1385906166274675
NIFTY50,43,1,CNN-WGAN-GP,0.0006264453,0.0012567583,0.28941962,1.0297332,0.0012806829270588088,0.00010337959975004196,5.747233930441359e-06,0.05807338272687048,0.06972975217271596,0.07380490758776431,1.781311,1.612903225806452,6.023570333028472e-07,37.08336788236222,0.04287170690929043,0.7155377396921421,0.059456371191135726,0.4405436288088643,0.16772360040467565
NIFTY50,43,1,GARCH,0.0009729381,0.0036617024,0.041082464,0.55057716,0.0027807621579027443,0.0003279848024249077,4.081039718030495e-05,0.05531208409694955,0.06322296653408557,0.06482282552082325,0.047489405,0.20161290322580694,0.00010961927018315944,11.461153833665964,0.034739332861040806,0.12442678321313316,0.262162511542013,0.762162511542013,1.3148846788028452
NIFTY50,43,1,TimeGAN,0.0013516286,0.0033314126,0.17172915,0.9161258,0.002502461567654416,0.00029955897480249405,4.137937144070026e-05,0.0513353409722913,0.0796657868498005,0.06604233445221325,3.12358,2.620967741935484,4.692635871440075e-05,9.581105712685261,0.01506287843280174,0.2895167899988387,0.3004570637119113,0.8004570637119113,1.491416042922853
NIFTY50,43,1,sb_r,0.0008440176,0.005251822,0.710812,2.6458988,0.0032643682758902973,0.0003349119797348976,8.84975367193528e-05,0.05546777320298133,0.07120691801887005,0.05767944930732483,0.044775724,1.209677419354839,0.19096775937129604,29.563714264200915,0.04958502338361204,3.2961883196674036,0.3247158356417359,0.8247158356417359,1.6032448503638845
NIFTY50,43,1,iid,0.0004165133,0.005125032,0.64215237,3.3249903,0.0035139096842864296,0.0004066731780767441,5.855848323577906e-05,0.04473559407400898,0.08445154850371182,0.07246232920471812,0.07882023,1.008064516129033,0.9046989895179309,35.41641705568148,0.11811587293007508,4.972879964939087,0.35470175438596496,0.854701754385965,1.74147482931299
NIFTY50,43,1,CONTROL: shuffled real,3.6379788e-11,0.0,3.3527613e-08,4.7683716e-07,0.0,0.0,0.0,0.05406691877520643,0.08658585471275729,0.07098976083885646,0.0,0.0,0.37996865123202167,31.684163085523263,0.051148687222552947,0.997296155519523,0.005789012003693417,0.5057890120036934,0.1330465051397237
NIFTY50,43,2,TimeGAN,0.00048031105,0.0019788528,0.09744008,1.2082057,0.0011883314933307308,5.243346095085144e-05,2.7212111523521527e-05,0.05543035260750912,0.07023854317609221,0.0695786681768368,0.21108985,2.217741935483871,4.880623778001466e-07,3.5879375330851673,0.0040328258989220656,0.21325272426180586,0.009953831948291747,0.49004616805170825,0.06047467545380585
NIFTY50,43,2,GJR-GARCH,0.00028707657,0.0026567886,0.83644176,2.3541083,0.0017007383757449985,0.00010920781642198563,3.851268442619965e-05,0.05323858071351424,0.05734281192766502,0.06219365628188825,0.82419944,0.403225806451613,0.0009960764565310038,16.465026918712777,0.017412314773144755,2.3103201168388185,0.046715143120960256,0.5467151431209603,0.32170900006150727
NIFTY50,43,2,CNN-WGAN-GP,0.0012766642,0.0021524634,0.12220021,0.14385128,0.0018951775138250034,0.00020907726138830185,2.633808789244755e-05,0.057483490933664144,0.048623235441627916,0.056871225310896986,0.15744352,0.806451612903226,6.02357016476474e-07,35.481548995532414,0.0284936029209798,0.25708778933796816,0.13073591874422896,0.630735918744229,0.7090304673394496
NIFTY50,43,2,sb_r,0.00019565693,0.00381961,0.28709236,0.33170986,0.002613988977164962,0.0002254936844110489,5.144727021951415e-05,0.04569678640109487,0.07942398471743217,0.07955899557651719,0.23585248,0.6048387096774199,0.01178222743175385,22.299862432662607,0.06696054757052283,1.3752870515629256,0.2811939058171744,0.7811939058171744,1.4026161654538583
NIFTY50,43,2,sb_abs,0.0011168197,0.0062648263,2.6838074,28.930271,0.0031791853243795117,0.00027319882065057755,7.360908897571534e-05,0.06323290827684104,0.11451247824821621,0.05557032488490222,0.04599929,0.20161290322580694,0.9452318002688607,35.7914100605974,0.015124983417773352,3.9162652821496904,0.05624515235457067,0.44375484764542933,0.15292042842366751
NIFTY50,43,2,GARCH,0.0002599415,0.0048563397,0.019527167,3.686185,0.0029283507501797748,0.000258544459939003,6.0312096129152715e-05,0.054631626202026384,0.06876056785229594,0.07271524659910938,1.3257439,0.604838709677419,6.023570478375001e-07,57.22435822034344,0.019125268890504477,1.542171067248125,0.186297322253001,0.686297322253001,0.9651590756675976
NIFTY50,43,2,QuantGAN,0.0019499235,0.0047842134,0.28209946,0.07130098,0.0038680212932452073,0.0006334204226732254,7.582195838995872e-05,0.05169721245532855,0.0489991972502321,0.05527279590110993,0.635509,0.806451612903226,3.184779835836138e-07,1.6271126794132371,0.04977533739532014,1.2691889214143686,0.2915461680517083,0.7915461680517083,1.4503383314131935
NIFTY50,43,2,iid,0.00021105396,0.0056349775,2.175632,15.688981,0.003099963575236174,0.00028807949274778366,6.177823445688607e-05,0.04369896805845201,0.09208309071604162,0.06856990752421552,0.8160765,1.008064516129032,0.8439053392506829,34.95001575942143,0.13926884863663236,16.490552210149406,0.35944783010156967,0.8594478301015697,1.7633534301274194
NIFTY50,43,2,CONTROL: shuffled real,3.6379788e-11,0.0,3.3527613e-08,4.7683716e-07,0.0,0.0,0.0,0.05406691877520643,0.08658585471275729,0.07098976083885646,0.0,0.0,0.37996865123202167,31.684163085523263,0.051148687222552947,0.997296155519523,0.005789012003693417,0.5057890120036934,0.1330465051397237
NIFTY50,43,3,QuantGAN,0.0006745457,0.001261563,0.32756194,0.83045816,0.0013739102442317994,0.00010751467198133469,9.43733666412093e-06,0.04987312925281003,0.0725676420191303,0.08014587311859941,0.24946356,0.806451612903226,5.793829484105324e-07,7.029744263241746,0.03236840551501097,0.3854619724306585,0.09068421052631576,0.40931578947368424,0.311678621784794
NIFTY50,43,3,GJR-GARCH,0.0009762417,0.0033755107,1.3000886,9.135749,0.0019513948007196965,0.00013795029371976852,3.985038542307132e-05,0.05299867956782691,0.058041843478567896,0.042785340825503226,1.002146,0.806451612903226,0.0004794403978671748,14.789400572691118,0.013881363440782168,1.656955954197163,0.023911126500461677,0.5239111265004617,0.21658636685843993
NIFTY50,43,3,TimeGAN,0.000541873,0.004028064,0.54282296,0.13264894,0.0026367235929670536,0.00029280781745910645,6.639386391025945e-05,0.0548809306754265,0.08421126750574331,0.07922735251078848,0.07037783,0.6048387096774199,3.691636682598564e-07,2.0516307600203163,0.06809179166962509,1.171129451060077,0.3313508771929824,0.8313508771929824,1.6338312619985709
NIFTY50,43,3,CNN-WGAN-GP,0.00092839444,0.0046777613,0.2682764,0.6094847,0.0036453918801170504,0.0005062874406576157,7.565272438807155e-05,0.055752605254820085,0.08374680603388697,0.07735237333545228,0.51703453,0.806451612903226,6.023235880491519e-07,20.882191359830145,0.03630943816934429,0.436371439033981,0.1651006463527238,0.6651006463527238,0.86744600946214
NIFTY50,43,3,sb_r,0.0005921514,0.0065489905,0.053120866,2.0611281,0.0039756421245030074,0.0004189237952232361,0.0001808010211819511,0.05008951429859735,0.07366114620817825,0.05981225535710109,0.7103431,0.403225806451613,5.0196316900709256e-08,0.1884713131866249,0.05816056269575476,2.8104860624371275,0.35656717451523545,0.8565671745152355,1.7500740984365992
NIFTY50,43,3,GARCH,0.0013069063,0.0072140153,1.1324106,6.3893137,0.003910418594457606,0.000376187264919281,0.0001843370638782161,0.0585855850243388,0.14433529740665108,0.08287581161683193,0.45350718,1.612903225806452,6.023570466223443e-07,42.24215759956302,0.0040020370010587225,1.9337626858107093,0.15340997229916886,0.6534099722991689,0.8135539929423939
NIFTY50,43,3,sb_abs,0.0011132801,0.0073088165,2.0247624,16.017673,0.004129533029509593,0.0005510803312063217,0.0001477924172640372,0.07098677266039885,0.0804783482698258,0.057783571137988474,1.2951949,1.2096774193548385,6.023570478357547e-07,54.95861190226969,0.03588476741516344,0.3613809271016395,0.2834009695290859,0.7834009695290859,1.4127903533131372
NIFTY50,43,3,iid,0.0008345332,0.007833188,1.5989604,20.609093,0.003977883046596923,0.00038256123661994934,0.00011522155646562592,0.05246515561186243,0.08569174631033093,0.07054415704827989,0.6285231,0.806451612903226,0.9909807292412972,36.457646850720124,0.14262243356557025,12.291284223158556,0.3568508771929825,0.8568508771929825,1.751381919467773
NIFTY50,43,3,CONTROL: shuffled real,3.6379788e-11,0.0,3.3527613e-08,4.7683716e-07,0.0,0.0,0.0,0.05406691877520643,0.08658585471275729,0.07098976083885646,0.0,0.0,0.37996865123202167,31.684163085523263,0.051148687222552947,0.997296155519523,0.005789012003693417,0.5057890120036934,0.1330465051397237
NIFTY50,43,4,CNN-WGAN-GP,0.00084269093,0.0010959357,0.10130893,1.5041063,0.00125581352843039,0.00010224245488643646,8.337476588610817e-06,0.05218558776890859,0.05966365667525679,0.05097240780160064,1.5577188,1.612903225806452,0.00024564132806523253,13.27245364292326,0.0024997670780824155,0.6161064510641916,0.06312557710064637,0.5631255771006464,0.3973583060876654
NIFTY50,43,4,QuantGAN,0.0011724787,0.0002259221,0.42687955,0.74629784,0.0013779970213262558,0.00014595501124858856,2.3940422997504785e-06,0.046905322116072054,0.0658640446071513,0.06493195660499623,1.4327388,1.209677419354839,0.1468954488005607,28.813565688154377,0.0238265591673551,0.1215169760368493,0.09403208679593722,0.5940320867959372,0.5398320525488303
NIFTY50,43,4,GJR-GARCH,0.00066758605,0.0024142694,0.2690339,1.9253664,0.0016210797634088198,0.00012760329991579056,2.0477678332557426e-05,0.0585853979375679,0.06116151738446206,0.06240787675284082,0.5939143,0.403225806451613,5.974235426971568e-07,10.312951194936673,0.06335257401531225,0.21703029151815922,0.11791274238227145,0.6179127423822715,0.6499178080378168
NIFTY50,43,4,GARCH,0.00087553036,0.0042676013,0.027840488,0.5499573,0.0031640912115898545,0.00040670856833457947,5.595775767748136e-05,0.051482657802989704,0.0516869292978663,0.054900038101768585,0.5405016,0.0,4.695540007683195e-07,3.264941931093283,0.012814564986993515,0.1138580590492877,0.3246004155124653,0.8246004155124653,1.6027127832234558
NIFTY50,43,4,TimeGAN,0.00012699854,0.0041922936,0.5472015,0.18689537,0.002811103437677832,0.00028741732239723206,6.622412659041637e-05,0.05373795326449908,0.0690872251224937,0.06789673402003245,0.40676832,1.612903225806452,5.79198778005344e-07,7.012662532968541,0.009931613263301609,0.8664617219930291,0.3143506463527238,0.8143506463527238,1.5554630928848219
NIFTY50,43,4,sb_abs,0.0008262458,0.0071597006,1.926829,16.777557,0.003651141347273413,0.0003500925377011299,0.00014352752863902503,0.06915363132895436,0.11124367757234722,0.05982312044332502,1.3701634,0.403225806451613,6.023570478353275e-07,54.646595584503196,0.036380424110751264,1.0224639076380448,0.117859649122807,0.617859649122807,0.6496730571532197
NIFTY50,43,4,sb_r,6.415769e-05,0.007136252,1.6352913,25.494793,0.003655883268160396,0.0003434726968407631,7.211912185543784e-05,0.05396019703825004,0.07667661863844842,0.06357122395333135,0.83339643,0.20161290322580605,0.5981188029833318,33.319611958156734,0.06544280595723584,4.017803476187127,0.33826131117266856,0.8382613111726686,1.6656871858303206
NIFTY50,43,4,iid,0.0018099594,0.00560881,1.9180661,14.712157,0.003818208983064566,0.0005862461403012276,6.718059618940911e-05,0.045008714167706784,0.08507758609950543,0.06887470583387767,0.7598052,1.008064516129032,0.9756559935737305,36.166429757466936,0.09587247392612763,15.938501206231521,0.3938227146814406,0.8938227146814406,1.9218157941584688
NIFTY50,43,4,CONTROL: shuffled real,3.6379788e-11,0.0,3.3527613e-08,4.7683716e-07,0.0,0.0,0.0,0.05406691877520643,0.08658585471275729,0.07098976083885646,0.0,0.0,0.37996865123202167,31.684163085523263,0.051148687222552947,0.997296155519523,0.005789012003693417,0.5057890120036934,0.1330465051397237
NIFTY50,43,5,CNN-WGAN-GP,0.0002838917,0.0011238018,0.1991381,0.18243599,0.0010330309511135188,6.009545177221298e-05,3.020893365375005e-06,0.046074643131578344,0.06173299599206075,0.05441303526662523,0.24342513,0.604838709677419,8.629693814351484e-08,0.33487963156743916,0.07806654244127775,0.411021789120702,0.06222045244690677,0.5622204524469068,0.39318583557242337
NIFTY50,43,5,TimeGAN,0.00015978637,0.0042413427,0.4302295,0.51757336,0.002491281377324816,0.00020423438400030136,6.796279073997138e-05,0.04107456545345485,0.07966055842814967,0.06809984991879901,1.0918803,1.814516129032258,6.254358653943485e-07,1.54542101994776,0.027133640115491797,0.6377911145523925,0.3036015697137582,0.8036015697137582,1.5059116800966943
NIFTY50,43,5,sb_r,0.001853681,0.006608771,0.83760405,16.53759,0.0035291480338857603,0.00036984775215387344,0.00012640927363451613,0.03947228837292641,0.07768709737807512,0.06164484062144766,1.0043123,0.403225806451613,0.17118355961439352,29.248127727013397,0.06735908922632605,6.178597649385657,0.30847368421052634,0.8084736842105263,1.5283712982284718
NIFTY50,43,5,QuantGAN,1.9203471e-05,0.008032292,0.5983193,2.8301182,0.004861401927168769,0.0005852431058883667,0.00017445386926721602,0.0606003471754957,0.16926761156413705,0.12469934345077491,0.6361511,0.6048387096774199,6.023570478383748e-07,89.38265242453184,0.04770059272608895,0.7179656603101425,0.2213437211449676,0.7213437211449676,1.1267170063216596
NIFTY50,43,5,iid,0.0002823059,0.004308398,0.6195257,0.9972024,0.0029918061658318704,0.00031654443591833115,7.351112299586773e-05,0.04496397504583001,0.08690193426329643,0.07486933037114796,0.33285284,0.806451612903226,0.7229028232450095,34.13643929379579,0.0676130957693366,2.172677368442084,0.34644044321329637,0.8464404432132964,1.7033915916696625
NIFTY50,43,5,GARCH,0.0002726459,0.010602638,0.74067414,2.040697,0.0069585036084905865,0.001199113205075264,0.0003965855278413815,0.055934929149225356,0.07599386783782393,0.055960047974658665,0.82371664,0.0,6.639616546376104e-05,10.34673993605222,0.032122096541310596,0.7243263683159178,0.3900521698984303,0.8900521698984303,1.904434224814942
NIFTY50,43,5,sb_abs,0.0005934202,0.010945631,0.4515923,13.021424,0.005909056425129089,0.0007539298385381699,0.0003390162193928368,0.06161845401918981,0.14420451662037523,0.040844576795061587,1.3780181,0.806451612903226,8.51282290009146e-05,10.897980476970428,0.016411648682163382,8.218830921938029,0.28478485687903965,0.7847848568790396,1.4191698383268774
NIFTY50,43,5,GJR-GARCH,0.00013963829,0.011650106,0.6156401,3.5530825,0.007287995037671638,0.0012191198766231537,0.00036278549513918266,0.06255017468123697,0.12150494279805571,0.08167776265036082,1.0354571,0.20161290322580605,6.023435415146274e-07,22.790651869811725,0.035936001950248375,0.3284116878238814,0.38331740535549397,0.883317405355494,1.873388107170925
NIFTY50,43,5,CONTROL: shuffled real,3.6379788e-11,0.0,3.3527613e-08,4.7683716e-07,0.0,0.0,0.0,0.05406691877520643,0.08658585471275729,0.07098976083885646,0.0,0.0,0.37996865123202167,31.684163085523263,0.051148687222552947,0.997296155519523,0.005789012003693417,0.5057890120036934,0.1330465051397237
NIFTY50,43,6,TimeGAN,0.00060705777,0.0034671566,0.29492077,0.67968655,0.002181300403520936,0.0001778881996870041,4.847986288365971e-05,0.04764789690845646,0.04761047839914681,0.05200071878411108,0.40285254,1.008064516129033,0.005761524819443739,20.576115003686823,0.011553919769955456,0.5568779471864023,0.1562451523545707,0.6562451523545707,0.8266236901798862
NIFTY50,43,6,GJR-GARCH,0.0013069595,0.0009019375,0.52708244,0.71339035,0.0013232167552713798,9.680818766355515e-05,1.1724260725665224e-05,0.048420181601541115,0.057444104222813624,0.052748381605779285,0.06404567,0.806451612903226,0.0005591785386827729,15.14043315343125,0.026849666096166014,1.8615329691150944,0.1669508310249308,0.6669508310249308,0.8759750457232134
NIFTY50,43,6,QuantGAN,0.0004277124,0.0020332327,0.4789167,0.14157343,0.0015253471020677748,0.00010110065340995789,2.2120183497403394e-05,0.061932113248622044,0.09146969037596137,0.06720855965133524,0.3983221,0.6048387096774199,7.724986699402228e-06,5.728965931992768,0.05757043743797974,0.24898198856493625,0.010210757156048023,0.510210757156048,0.15342999728954881
NIFTY50,43,6,GARCH,0.0015747161,0.0030856524,0.07861648,0.08667612,0.0025086630971792785,0.00031502731144428253,4.3469202147279635e-05,0.053423672028584404,0.05203373081982136,0.05819863053126028,0.35551643,0.0,6.834949339770834e-05,10.410931009229348,0.030232621639906032,0.5275883176287604,0.2128554939981533,0.7128554939981533,1.08758772468025
NIFTY50,43,6,CNN-WGAN-GP,0.000757457,0.005612404,0.22942242,0.66984177,0.004248356435347718,0.0006536748260259628,9.47796278837206e-05,0.054223319346783684,0.05485896714031696,0.053419862136070154,0.5551877,0.20161290322580694,8.002537717452071e-07,1.834907515760598,0.02483692019903405,0.3232211248699013,0.35773014773776557,0.8577301477377656,1.7554352069435597
NIFTY50,43,6,sb_r,0.0001287236,0.0057464764,1.9680314,13.852906,0.0031391169254941223,0.0002704998478293419,8.855811472962473e-05,0.058962327569024635,0.07957904989598319,0.0681163281147019,1.0663877,0.403225806451613,0.023942656416452407,24.04725477343733,0.06207893778568507,2.139206619417151,0.2836345798707294,0.7836345798707294,1.4138672572053645
NIFTY50,43,6,sb_abs,0.00071231206,0.00987499,2.3776717,14.794707,0.0045204819180153875,0.00038894638419151306,0.0004347959183892961,0.07623088589054533,0.06449302959546913,0.05399185481161112,1.589936,0.20161290322580605,6.023568136520793e-07,31.2866292642127,0.05389367688746216,0.13583155676723013,0.23741505078485692,0.7374150507848569,1.2008030990892387
NIFTY50,43,6,iid,0.0008654685,0.0067506433,3.055263,20.737503,0.003274521185461261,0.00028972793370485306,0.00012021576791991677,0.051003391226986425,0.07761116256471723,0.06390857148595387,1.4165967,1.6129032258064515,0.9837387739141795,36.301912941252915,0.1613873032585521,7.697559856343905,0.28468120960295473,0.7846812096029547,1.4186920420347726
NIFTY50,43,6,CONTROL: shuffled real,3.6379788e-11,0.0,3.3527613e-08,4.7683716e-07,0.0,0.0,0.0,0.05406691877520643,0.08658585471275729,0.07098976083885646,0.0,0.0,0.37996865123202167,31.684163085523263,0.051148687222552947,0.997296155519523,0.005789012003693417,0.5057890120036934,0.1330465051397237
NIFTY50,43,7,sb_abs,0.0007842775,0.0010614665,0.4036339,0.1004262,0.0010233684565719172,6.52652233839035e-05,6.116100514349334e-06,0.049530578498961406,0.06709381586289964,0.05867033457529033,0.20491171,0.604838709677419,0.0012266967786063534,16.945792907633816,0.04032059138783883,0.7813014515911787,0.051082640812557756,0.5510826408125578,0.3418424206553311
NIFTY50,43,7,TimeGAN,0.0005910355,0.0020097997,0.6669022,0.3542781,0.0015027493686582433,0.00010825879871845245,2.0408616310712685e-05,0.043398122588405384,0.07244631606095936,0.06316199926659465,0.40302896,0.806451612903226,0.003058591961296791,19.076054183821586,0.04429097992594355,1.104451587572119,0.1985706371191135,0.6985706371191135,1.0217369671122272
NIFTY50,43,7,CNN-WGAN-GP,0.0008576772,0.0031859316,0.08652793,1.0581613,0.0025163165620305733,0.0002823490649461746,3.233485604226931e-05,0.05811708549852483,0.05764104202855378,0.0606289284848026,1.3665361,1.612903225806452,9.541511347849401e-06,6.162949316626111,0.008984428521466192,0.15989486761639427,0.03341620498614961,0.5334162049861496,0.2604031600070275
NIFTY50,43,7,sb_r,0.0005342138,0.0029838393,0.20046502,4.2758055,0.0016911060193539505,8.871126919984818e-05,4.327184024102999e-05,0.04524393046624027,0.07887876216787845,0.06523078856844222,0.9829619,0.20161290322580605,0.8615674730938739,35.07855714574989,0.06567627562647571,5.470359168401452,0.2306161126500461,0.7306161126500461,1.169461152115143
NIFTY50,43,7,QuantGAN,0.0004118273,0.0046925778,0.30576286,0.5294938,0.0031957435479341707,0.0003294302150607109,8.714199141157881e-05,0.05360784542397596,0.08767427048645914,0.1050194859210751,0.2029922,0.6048387096774199,6.021474042523475e-07,17.01168083864787,0.02360336244489214,0.1288289671355587,0.2591283471837489,0.7591283471837489,1.3008976978152544
NIFTY50,43,7,GJR-GARCH,0.001081988,0.008313026,0.016777722,0.16946602,0.005851361014631237,0.0009878184646368027,0.0002024538363608995,0.04598794087825809,0.05063695609103888,0.047551563031447586,0.52236366,1.008064516129033,0.0012051222946640242,16.904765764835393,0.046191297319887026,0.8763803538219381,0.3352322253000922,0.8352322253000922,1.6517236157969082
NIFTY50,43,7,GARCH,0.0015202175,0.017333662,0.23970008,0.5588331,0.01260133746404515,0.0035466086119413376,0.0007117443717402918,0.0485515409859363,0.05171343258116394,0.04689673220651457,1.1408572,1.411290322580645,0.02502512333203186,24.15777515539539,0.022413690946437748,1.0703980775279938,0.4883552631578947,0.9883552631578947,2.357594744183817
NIFTY50,43,7,iid,0.0014440139,0.0048500383,0.3544417,1.523921,0.00337871332381533,0.0003916202113032341,8.750496378987096e-05,0.0480587722805285,0.07789316674694419,0.07444101243098203,1.0731626,0.604838709677419,0.44357871715111313,32.2097791833478,0.12243832927140952,2.7076764031981977,0.3719448291782088,0.8719448291782088,1.8209624676902014
NIFTY50,43,7,CONTROL: shuffled real,3.6379788e-11,0.0,3.3527613e-08,4.7683716e-07,0.0,0.0,0.0,0.05406691877520643,0.08658585471275729,0.07098976083885646,0.0,0.0,0.37996865123202167,31.684163085523263,0.051148687222552947,0.997296155519523,0.005789012003693417,0.5057890120036934,0.1330465051397237
NIFTY50,43,8,CNN-WGAN-GP,0.0005407776,0.0019466328,0.27788392,1.3106747,0.0016550028140238013,0.00013973284512758255,9.037213494662035e-06,0.0482389066030737,0.04449512406252325,0.05355552054388681,0.28209043,0.604838709677419,0.009156190843509096,21.688302653236924,0.0605472391554277,0.03896066364484785,0.1171394275161588,0.6171394275161588,0.6463529581969444
NIFTY50,43,8,sb_abs,0.00078634167,0.0020829989,0.434345,0.091928005,0.0016939136473764955,0.00014251470565795898,2.888410544205458e-05,0.05249855310306884,0.060341876659076664,0.05663438037125161,0.17031622,0.403225806451613,4.03287256057575e-06,4.443690813155982,0.0022762691020593584,0.27808582791511594,0.073845567867036,0.573845567867036,0.4467756379564056
NIFTY50,43,8,QuantGAN,0.0012397536,0.00088914856,0.04272087,0.9829469,0.0014641038793946155,0.00016183871775865555,5.52413110934503e-06,0.04753849990782328,0.051079917675815524,0.05241342033352339,0.83813953,1.209677419354839,0.0004916997672407842,14.846955840621789,0.09191584580700585,0.40623707748251636,0.13310110803324093,0.6331011080332409,0.7199335871811151
NIFTY50,43,8,GARCH,7.946927e-05,0.0057363566,0.58288765,0.8612728,0.003943057750730407,0.0004947688430547714,0.00010189437054170466,0.054226595201762394,0.07407192116370424,0.05546272463077912,0.7641387,0.0,5.489728605074594e-07,5.223434030900734,0.04556330137714337,0.17853359036835403,0.2449503693444136,0.7449503693444136,1.2355396344192688
NIFTY50,43,8,TimeGAN,0.00033817787,0.003556394,0.300231,0.051730156,0.0024394791602960143,0.0002090446650981903,5.552547972960986e-05,0.050003629165803434,0.08040996164549143,0.0679513284202585,1.1640968,1.411290322580645,0.006584807858654648,20.895395198561815,0.03764268234754653,0.7478555710156787,0.2774713758079408,0.7774713758079408,1.3854559360407506
NIFTY50,43,8,sb_r,0.0012128041,0.004593499,0.11778523,0.009470463,0.0033284423770974254,0.0004006680101156235,7.74694646248022e-05,0.0448409390191955,0.07046318316250108,0.06853814266709378,0.70319843,1.612903225806452,2.25430702215022e-07,1.0145749866610174,0.04104975517737286,0.5070125973018298,0.32185480147737766,0.8218548014773777,1.5900559700869372
NIFTY50,43,8,iid,0.00041741855,0.006970264,1.4096982,26.65482,0.003494781151902682,0.00031587574630975723,8.996480677267367e-05,0.04794028043979779,0.08088376462692395,0.06534686556871748,1.0622866,1.2096774193548385,0.9940326850621748,36.54378934825642,0.12058905809771914,28.04051418307096,0.360775161588181,0.860775161588181,1.7694722022423504
NIFTY50,43,8,GJR-GARCH,0.00053078233,0.007979939,0.68074864,2.237255,0.004779630774902077,0.0005535166710615158,0.00023445052475743003,0.0564193268341478,0.12469263146165759,0.06936214090936119,0.82080054,1.008064516129033,5.984863403198055e-07,10.829414958616965,0.07389185295504297,0.42149529910016614,0.24352446906740544,0.7435244690674054,1.2289664769664128
NIFTY50,43,8,CONTROL: shuffled real,3.6379788e-11,0.0,3.3527613e-08,4.7683716e-07,0.0,0.0,0.0,0.05406691877520643,0.08658585471275729,0.07098976083885646,0.0,0.0,0.37996865123202167,31.684163085523263,0.051148687222552947,0.997296155519523,0.005789012003693417,0.5057890120036934,0.1330465051397237
NIFTY50,43,9,GARCH,0.00042021504,0.0011262037,0.051827803,1.4437423,0.0011906451159459706,8.483417332172394e-05,4.628923379506964e-06,0.06261022893915652,0.05910379165317863,0.06417782737727976,1.0536685,0.6048387096774199,0.0039282926475227185,19.666292760472146,0.05356654139293737,0.7450982073271684,0.15610526315789475,0.6561052631578947,0.8259788248056864
NIFTY50,43,9,CNN-WGAN-GP,0.00027806003,0.0038572894,0.37377825,1.4664035,0.0025313880063918296,0.0002069631591439247,6.637140683712722e-05,0.048290864658920324,0.061917740935459736,0.0625560126019991,1.0285306,0.0,6.023570478351141e-07,54.50672133690576,0.015769257570733552,0.6083675918477285,0.1628014773776546,0.6628014773776546,0.8568472320247997
NIFTY50,43,9,GJR-GARCH,0.00038264316,0.001269361,0.1487413,1.4764202,0.0013150299799468527,9.71425324678421e-05,9.278581550678084e-06,0.058514666362898426,0.07303056601667776,0.06652157156015165,0.10652757,0.20161290322580605,0.058621362802528526,26.330741338804284,0.08361173926159537,0.47947067321722603,0.1625143120960295,0.6625143120960295,0.8555234489794131
NIFTY50,43,9,TimeGAN,0.0006750327,0.0015006568,0.38372096,0.25080585,0.001321021962554376,8.444581180810928e-05,1.1564283441296455e-05,0.04852706893463619,0.0806586065562442,0.07723939969990169,1.0598836,1.814516129032258,5.994407224364841e-07,11.431662663746913,0.04526341347025509,0.15730981276006695,0.11453947368421047,0.6145394736842105,0.6343676137916464
NIFTY50,43,9,QuantGAN,0.00074577733,0.0023706239,0.3442273,0.7633419,0.002175641874003986,0.0002448977902531624,1.7020868917437822e-05,0.051941703545162456,0.07119587699882686,0.06371965321566676,0.3653469,0.0,0.05006887133848983,25.920799186848864,0.06433223787212605,0.006509266348877496,0.20601084949215132,0.7060108494921513,1.0560350791185444
NIFTY50,43,9,sb_abs,0.00018501728,0.0070516653,2.0137503,17.264935,0.0031921979447106213,0.0002274857833981514,0.00018932922863487575,0.06580594808212481,0.08290530006866902,0.05963997050566831,1.8749338,1.008064516129032,6.023570478323399e-07,53.23437139229734,0.021836407529591928,1.9555120292490944,0.11656255771006463,0.6165625577100646,0.6436936866290816
NIFTY50,43,9,sb_r,0.00047874273,0.0040460424,0.29142886,0.97781944,0.0028200669873830334,0.00028194207698106766,5.421216332028284e-05,0.04376052193227224,0.06872342994101928,0.06773059099010424,0.23900127,0.20161290322580694,0.07472786363248343,26.969762333173485,0.13088684920155758,1.2147899340835417,0.24864196675900274,0.7486419667590027,1.2525572698387417
NIFTY50,43,9,iid,0.00031461715,0.0077675562,2.7845042,17.739624,0.0036056557386585143,0.00029967352747917175,9.825691475033718e-05,0.04783391039469279,0.08602335756528191,0.06688476513285423,1.4019735,0.403225806451613,0.9912817299078674,36.46536148171937,0.1569811602425042,18.305037789500005,0.3974591412742383,0.8974591412742383,1.9385791014848162
NIFTY50,43,9,CONTROL: shuffled real,3.6379788e-11,0.0,3.3527613e-08,4.7683716e-07,0.0,0.0,0.0,0.05406691877520643,0.08658585471275729,0.07098976083885646,0.0,0.0,0.37996865123202167,31.684163085523263,0.051148687222552947,0.997296155519523,0.005789012003693417,0.5057890120036934,0.1330465051397237
NIFTY50,43,10,CNN-WGAN-GP,0.00082740566,0.00028242357,0.17057994,1.4299736,0.0009749420973755895,7.937941700220108e-05,1.9124177579590137e-06,0.05124204623687547,0.06561538883019238,0.06413937427423662,0.5774846,0.0,6.023138158246926e-07,20.342570366900254,0.020828288899411906,0.6655789917513202,0.0031493536472760875,0.5031493536472761,0.1208781296381186
NIFTY50,43,10,GJR-GARCH,0.00083191856,0.0008590473,0.36401856,0.47498655,0.0009312316183250079,5.4249539971351624e-05,2.862679065365973e-06,0.050554338432848456,0.050050181097030876,0.052915341550542505,0.31504154,0.0,0.006335855011063035,20.80315350868746,0.03944009708438234,1.2198825051807063,0.06494806094182826,0.5649480609418283,0.40575964623503513
NIFTY50,43,10,QuantGAN,0.00082278304,7.616356e-05,0.55936706,0.20613289,0.0010571162025094566,8.216686546802521e-05,1.3523192062858172e-06,0.053401753284269944,0.059177130726166066,0.05367696455476107,0.15578437,0.0,0.0004531553556459708,14.660945795610207,0.09207594399838703,0.30836693378937996,0.07688388734995383,0.42311611265004617,0.24806148207229167
NIFTY50,43,10,GARCH,0.0010250576,0.0020090565,0.056039415,0.3722949,0.0015617741117637256,0.00013839639723300934,1.9798030672570582e-05,0.04832390240044333,0.047912583588622513,0.04947359299959317,0.132097,1.411290322580645,1.575627890992582e-06,2.7933293333434435,0.004220105139816965,0.5489452690048049,0.10178508771929828,0.6017850877192983,0.5755720665057096
NIFTY50,43,10,sb_abs,9.3950584e-05,0.0033456478,0.27339518,1.0376797,0.0022020484269431096,0.00015925057232379913,5.208695183706014e-05,0.04551007137168199,0.10446147187485622,0.09868136850040173,0.03710556,1.008064516129033,6.023570478383748e-07,78.30130521583027,0.05574723137886761,0.11348253548263454,0.14056578947368426,0.35943421052631574,0.5416242061324438
NIFTY50,43,10,TimeGAN,0.00080979324,0.0026549175,0.41509718,1.0912867,0.0016827103734864263,0.00013495609164237976,5.0904357403427775e-05,0.052320711726788434,0.07443550767071429,0.06584539058996597,0.7722306,0.20161290322580694,7.043227695270435e-06,5.541281100937411,0.017375570916157712,1.4393914086370465,0.17840166204986152,0.6784016620498615,0.9287614267251483
NIFTY50,43,10,sb_r,0.0003522739,0.0046068933,1.0299631,2.6579542,0.0026376199621640155,0.00019353535026311874,0.0001235524061979698,0.048489088064670796,0.07329935440910049,0.07180877394828712,0.72420526,1.008064516129033,0.14508728178636907,28.77871807344377,0.056028170644598085,4.067809556958724,0.3368067867036011,0.8368067867036011,1.6589820757266374
NIFTY50,43,10,iid,9.1784306e-05,0.005724336,0.81624013,3.2392588,0.003483067969870403,0.00035051722079515457,8.243625143506478e-05,0.04679738460690715,0.07536652416856214,0.0707420039351564,1.3704991,0.403225806451613,0.9261312982983633,35.604409511220545,0.06069523526258702,4.480412450095552,0.34793282548476456,0.8479328254847646,1.7102712197954062
NIFTY50,43,10,CONTROL: shuffled real,3.6379788e-11,0.0,3.3527613e-08,4.7683716e-07,0.0,0.0,0.0,0.05406691877520643,0.08658585471275729,0.07098976083885646,0.0,0.0,0.37996865123202167,31.684163085523263,0.051148687222552947,0.997296155519523,0.005789012003693417,0.5057890120036934,0.1330465051397237
NIFTY50,43,11,GJR-GARCH,0.00012284516,0.0017085243,0.10470632,0.7017045,0.0013622367754067,8.469540625810623e-05,1.0639925292637764e-05,0.0448873763193842,0.04422658986411989,0.05187930574087659,0.173213,0.20161290322580694,5.893764831540389e-07,8.250018417271711,0.008954158037627002,0.5815071188608734,0.021765927977839383,0.4782340720221606,0.0060229243023284355
NIFTY50,43,11,CNN-WGAN-GP,0.0005552074,0.00069565605,0.1710994,0.7084274,0.000860518917017962,6.301887333393097e-05,2.437710694061987e-06,0.048602099341951546,0.06472934599034488,0.05101284175558249,1.0163798,0.0,0.1658810249206923,29.158130081139866,0.019404888401267528,0.25355559962148266,0.018807940904893794,0.4811920590951062,0.019658740977236442
NIFTY50,43,11,GARCH,0.00038381937,0.00047597196,0.19012418,1.5671995,0.0008457570469070398,4.542246460914612e-05,1.3681930134493623e-06,0.04442373005207628,0.045782711482606826,0.05121156796027208,1.4538174,0.403225806451613,6.444070845823328e-05,10.280593795919255,0.047720610481212455,0.8666870786264984,0.05232479224376724,0.44767520775623276,0.13484823593186449
NIFTY50,43,11,TimeGAN,0.00025233554,0.0030687219,0.06717268,0.7511983,0.00210308263430464,0.0001783212646842003,2.6259497705500715e-05,0.04798362127621658,0.06843376114964485,0.06700142098445212,0.4787817,0.6048387096774199,1.0963406622086372e-07,0.36241076776401826,0.011145722190811336,0.30987118732065255,0.2772903970452447,0.7772903970452447,1.384621654764559
NIFTY50,43,11,sb_abs,0.00022085823,0.007295668,1.736827,15.683534,0.003432761544200592,0.00025514233857393265,0.0001476556209979555,0.07182143435929902,0.09446115094702691,0.057995608474302573,1.6730043,1.008064516129032,6.023570478348921e-07,54.370625339861995,0.015898771182058957,0.6031548592658496,0.08214566020313951,0.5821456602031395,0.4850376501589175
NIFTY50,43,11,iid,0.00068227993,0.0046496717,0.6373104,2.070816,0.0031816182468349455,0.0003668433055281639,7.380057823043549e-05,0.04855798685108312,0.08489618911175058,0.07060395231492293,0.7779262,0.0,0.8931446826687437,35.32162576098711,0.11298663213381377,3.2189562234137057,0.3468783471837489,0.8468783471837489,1.7054102544004492
NIFTY50,43,11,QuantGAN,0.0012502988,0.0044321995,0.0013452582,1.4788342,0.003640361061340606,0.0005373125895857811,5.830390345460811e-05,0.05450921140261926,0.06707399967126548,0.06710806446935749,1.9761686,1.612903225806452,4.53568929478781e-06,4.669289445336993,0.060744171915071754,1.1521195794277328,0.2742483841181902,0.7742483841181902,1.370598493211419
NIFTY50,43,11,sb_r,0.0009040848,0.0066671036,0.4106108,2.017911,0.004315400381474797,0.0005258992314338684,0.00018236929559396046,0.05338692310848273,0.07367939279880374,0.06337184994612471,0.061971188,1.411290322580645,0.0029183349845559796,18.965687128461795,0.0338179821779353,1.9772732575926462,0.3538691135734071,0.8538691135734071,1.7376364969619367
NIFTY50,43,11,CONTROL: shuffled real,3.6379788e-11,0.0,3.3527613e-08,4.7683716e-07,0.0,0.0,0.0,0.05406691877520643,0.08658585471275729,0.07098976083885646,0.0,0.0,0.37996865123202167,31.684163085523263,0.051148687222552947,0.997296155519523,0.005789012003693417,0.5057890120036934,0.1330465051397237
NIFTY50,43,12,GJR-GARCH,0.00049391924,0.0011741603,0.42406568,0.613111,0.001108795251680352,6.166193634271622e-05,1.2244447927425327e-05,0.052290867167757826,0.04920329533983022,0.05172797569975955,0.60305643,0.20161290322580605,4.8118703131402354e-06,4.784034781086028,0.006490896273721791,0.4885055543543162,0.11714819944598337,0.38285180055401663,0.43367310401085685
NIFTY50,43,12,TimeGAN,0.00035111126,0.003275917,0.051376387,1.4571161,0.0018639708877859944,0.00011135637760162354,4.415052386349898e-05,0.053068684976315124,0.05424041374819353,0.05481583003711421,0.69264364,1.814516129032258,2.4299739498348034e-07,1.117745124102406,0.027547722759223903,0.951410727073136,0.007720221606648203,0.5077202216066482,0.14194905253337747
NIFTY50,43,12,GARCH,0.00077526737,0.0044324053,0.6569675,3.2544746,0.002638223651579835,0.0002178885042667389,6.422252963227719e-05,0.061814206474227834,0.11805410443339497,0.0855671829576022,0.15939784,0.403225806451613,6.023568554075224e-07,31.69684350021297,0.02575650851770328,0.45578797788590286,0.05639843028624192,0.5563984302862419,0.3663473048749168
NIFTY50,43,12,CNN-WGAN-GP,0.0008078484,0.004079772,0.17000747,0.8509817,0.0034312195614906995,0.0005086362361907959,4.1224166467693265e-05,0.05346749381758855,0.0642207565670833,0.06375669181230478,0.010522842,0.806451612903226,3.011253879558308e-07,1.4989820868292725,0.023784491428603838,0.5339248278303632,0.29188573407202223,0.7918857340720222,1.4519036729403347
NIFTY50,43,12,sb_abs,0.0013374592,1.1000782e-05,0.054706432,0.7729659,0.0014071713471418162,0.00013007782399654388,4.823839106344099e-06,0.047414543408667666,0.07571733189281077,0.06860942979430547,0.77105,1.814516129032258,0.25803776858018934,30.458093659970174,0.0773635235992729,0.5552355058966496,0.14967797783933523,0.6496779778393352,0.7963501340237719
NIFTY50,43,12,QuantGAN,8.48899e-05,0.0038571944,0.38578498,0.2870984,0.002837023612907006,0.0002773832529783249,5.806974838050184e-05,0.06265862103406107,0.10929806491825729,0.11976266554411268,0.4083104,1.209677419354839,6.023570315264215e-07,36.84328330069497,0.036235195993252645,0.5642884835344155,0.09666597414589106,0.5966659741458911,0.5519738246934142
NIFTY50,43,12,sb_r,0.0005938174,0.0053709745,0.44322148,1.3269897,0.003527862710309327,0.00037503428757190704,9.673720079318585e-05,0.04793113736785017,0.07172487775795161,0.06689179697918007,0.21852565,1.209677419354839,0.410311414697451,31.941868539929448,0.0490150647725921,2.5258571875930933,0.29709464450600187,0.7970946445060019,1.4759158629878835
NIFTY50,43,12,iid,8.14242e-05,0.0061009238,0.38017493,1.5922251,0.0037331696810132403,0.0003851866349577904,0.00012063213684690708,0.05627271650126204,0.08555146168684587,0.07539924008160596,0.48479176,1.209677419354839,0.5853586531812117,33.233774331978736,0.1617785026366948,2.5264051175854414,0.4082426131117266,0.9082426131117266,1.9882890702807916
NIFTY50,43,12,CONTROL: shuffled real,3.6379788e-11,0.0,3.3527613e-08,4.7683716e-07,0.0,0.0,0.0,0.05406691877520643,0.08658585471275729,0.07098976083885646,0.0,0.0,0.37996865123202167,31.684163085523263,0.051148687222552947,0.997296155519523,0.005789012003693417,0.5057890120036934,0.1330465051397237
NIFTY50,43,13,GJR-GARCH,0.0005409599,0.0017758217,0.21966293,1.0281186,0.0012413505145891506,6.309151649475098e-05,1.5770308519345677e-05,0.04761601500795223,0.03562849219655618,0.04782249829295324,0.8757446,0.604838709677419,0.004949960885293764,20.214470428397938,0.08391005230958648,1.178983099294828,0.004779316712834714,0.4952206832871653,0.08432830949350689
NIFTY50,43,13,CNN-WGAN-GP,0.0012218019,0.001996641,0.097853065,0.051711082,0.001771686463075089,0.00017695780843496323,1.965685238431983e-05,0.05495133562595583,0.06781695601996035,0.07659832230623578,0.14674067,0.403225806451613,6.021454901127982e-07,16.992474344967256,0.015631288982739133,0.4762227292969565,0.13972714681440446,0.6397271468144045,0.7504784975788485
NIFTY50,43,13,QuantGAN,0.0012770206,0.0018009441,0.061361,1.6960588,0.0020757621841666248,0.00023969542235136032,1.596049290885967e-05,0.04653455087216571,0.06013514300342649,0.05919305021088803,1.4706726,0.6048387096774199,0.001063427319640477,16.61589291332942,0.054964578151453725,0.9334378873217495,0.12592474607571558,0.6259247460757156,0.6868517806578182
NIFTY50,43,13,GARCH,0.0008952259,0.0033476735,0.88048154,5.6957417,0.0020159025025139428,0.0001325523480772972,3.983576502807948e-05,0.06307626263122074,0.09065742185804992,0.06569141301646596,0.4913535,1.008064516129033,6.775886471895871e-05,10.391713591627557,0.05429711050300923,2.0743814738803232,0.03603416435826401,0.536034164358264,0.2724715068862317
NIFTY50,43,13,TimeGAN,0.00046223612,0.003994057,0.70603526,0.75110435,0.00232788516301837,0.00017496757209300995,8.097734798319362e-05,0.05466128919943003,0.07520725577138364,0.07051384934486123,0.51730466,1.008064516129033,3.6404285493335937e-07,2.0047629671218914,0.009451752317765294,1.2484294959036717,0.25237534626038793,0.7523753462603879,1.2697675135630504
NIFTY50,43,13,sb_abs,0.0011826995,0.0047075115,0.35938004,0.040456295,0.0036010686595855735,0.0005014771595597267,8.632678509101982e-05,0.05737834340310655,0.04343988573178649,0.05046059703774517,0.5779333,1.814516129032258,6.023562527290443e-07,28.73080884567937,0.05908467623669433,0.061849707094079776,0.2511632040627886,0.7511632040627886,1.2641797444542673
NIFTY50,43,13,iid,0.001355991,0.004185142,0.11632136,0.29842567,0.0031172192724810547,0.00042580626904964447,5.8014947565173384e-05,0.0493348812928889,0.08928606635367033,0.07876219854020747,0.9766512,1.008064516129033,0.7557886570854873,34.35105477967564,0.11481783730100459,1.1398061302427243,0.3585879501385042,0.8585879501385042,1.7593895299312257
NIFTY50,43,13,sb_r,0.0013182455,0.008003142,0.7995207,27.811588,0.0042008802681409475,0.0004950370639562607,8.91475946893769e-05,0.05428926718537696,0.07007880560820923,0.06177174698008457,1.1561174,1.008064516129032,0.6020732983250614,33.346075029660604,0.03841332924460927,31.407130200092155,0.38148453370267776,0.8814845337026778,1.8649388809809169
NIFTY50,43,13,CONTROL: shuffled real,3.6379788e-11,0.0,3.3527613e-08,4.7683716e-07,0.0,0.0,0.0,0.05406691877520643,0.08658585471275729,0.07098976083885646,0.0,0.0,0.37996865123202167,31.684163085523263,0.051148687222552947,0.997296155519523,0.005789012003693417,0.5057890120036934,0.1330465051397237
NIFTY50,43,14,sb_abs,0.00056217803,0.0012247646,0.3416976,1.4417071,0.001103431943322118,6.905756890773773e-05,3.0479845230453143e-06,0.058225827908609064,0.04569450430921279,0.04937410221813479,0.003526926,0.403225806451613,6.023480978428596e-07,23.655339270111902,0.020424254342729542,0.8546942853388306,0.08072506925207756,0.5807250692520776,0.4784889677945202
NIFTY50,43,14,CNN-WGAN-GP,0.00043556775,0.0016056746,0.50490385,1.4830661,0.0016843011579070325,0.00015625357627868652,8.760428440170556e-06,0.05982926413300447,0.07002494957472663,0.060498006182315295,1.6024289,1.411290322580645,0.01298018556809948,22.535970229863846,0.01748281946553709,0.3777999983175562,0.17046698984302866,0.6704669898430287,0.8921839390892343
NIFTY50,43,14,GJR-GARCH,0.00058085966,0.0039895903,0.32556826,0.28246546,0.0030438967390690307,0.0003543561324477196,3.755114970736033e-05,0.05888069454929792,0.06303947602864354,0.06432487783924444,0.11711264,0.403225806451613,5.742944025359693e-07,6.60158306425776,0.035483909791386825,0.0538169609467003,0.2949776084949216,0.7949776084949216,1.46615668749814
NIFTY50,43,14,TimeGAN,0.00016490914,0.0040865727,0.7768073,0.8507266,0.0022935276402161866,0.000179242342710495,6.666527116810801e-05,0.04586340384674258,0.07998533135745674,0.06925003620475763,0.21491551,1.814516129032258,7.801451434127874e-06,5.749056423930266,0.02866863445366219,1.0632516214698455,0.2727569252077562,0.7727569252077562,1.3637231216227987
NIFTY50,43,14,QuantGAN,0.0016849661,0.00400291,0.017990373,1.0441947,0.003338334465668838,0.0004983926191926003,5.36811559110401e-05,0.04917879021086265,0.05330861343536526,0.04746070536639309,1.2140512,1.411290322580645,0.00015396438048446103,12.221198167186373,0.07165576198814039,0.19262160276624085,0.2911567405355493,0.7911567405355493,1.4485431368813861
NIFTY50,43,14,iid,7.27385e-05,0.0047052493,0.90052646,6.6170416,0.002457400866338657,0.00015835091471672058,6.771485693660155e-05,0.04996598140220158,0.07483859700034373,0.06734723019500961,1.7140146,0.806451612903226,0.934078800140063,35.67944378720219,0.09890775167970134,7.800798109126604,0.2748199445983379,0.7748199445983379,1.373233289690822
NIFTY50,43,14,sb_r,0.0018804427,0.0063529257,1.0121464,3.340845,0.0037724851323803848,0.00040008872747421265,0.00018353629054302693,0.05338470683549531,0.0646878606727114,0.06186355037003523,1.375246,0.6048387096774199,0.010305919928564165,21.974607027062163,0.061733904675958406,3.9945617278320578,0.31466666666666665,0.8146666666666667,1.556919892715316
NIFTY50,43,14,GARCH,0.00084518385,0.008517245,0.2972544,7.282529,0.004976774937474715,0.0006387922912836075,0.0002014897850886187,0.07346234126598575,0.11884101672563702,0.09542314379330491,1.2158608,0.403225806451613,6.023570478383747e-07,75.97942564778057,0.017238160170277905,0.3620498105619365,0.31606971375807935,0.8160697137580794,1.5633877008743677
NIFTY50,43,14,CONTROL: shuffled real,3.6379788e-11,0.0,3.3527613e-08,4.7683716e-07,0.0,0.0,0.0,0.05406691877520643,0.08658585471275729,0.07098976083885646,0.0,0.0,0.37996865123202167,31.684163085523263,0.051148687222552947,0.997296155519523,0.005789012003693417,0.5057890120036934,0.1330465051397237
NIFTY50,43,15,GJR-GARCH,0.0006594277,2.8623268e-05,0.3820124,0.99174786,0.0007392793388855659,3.0211172997951508e-05,3.356763214158851e-06,0.05652225046069361,0.0506447350885719,0.045893822040234226,0.246593,1.008064516129032,0.0006712758847351198,15.55835485290918,0.027029687364389043,0.1708734636033311,0.030562557710064664,0.46943744228993534,0.03452804073830731
NIFTY50,43,15,CNN-WGAN-GP,0.0001456691,0.0020024143,0.37166798,0.6037431,0.0016341729159870693,0.00011490099132061005,1.9485774296513463e-05,0.05507511879899539,0.05917821495560929,0.05247106224647723,0.3159206,0.403225806451613,4.1776109522717705e-08,0.14529685056239572,0.013448259334648327,0.06495570259946692,0.13163711911357334,0.6316371191135733,0.713184847571917
NIFTY50,43,15,sb_abs,0.00084126554,0.002745525,0.7900872,0.15572882,0.0024102322506614135,0.0002888701856136322,3.135520988879167e-05,0.04980606922181323,0.04043762466870248,0.04598541245650267,0.18150926,1.008064516129033,1.1457103181280759e-06,2.3141523088278433,0.003004330382534781,0.013364645458748825,0.20733264081255776,0.7073326408125578,1.062128312010735
NIFTY50,43,15,GARCH,0.0009452936,0.00110792,0.31050605,1.471544,0.0012208221113212399,9.325705468654633e-05,9.893110132577891e-06,0.051408204772742466,0.07004375657765195,0.06578797615220537,0.5358753,1.008064516129033,5.984813389429801e-07,10.826667055104771,0.0024509740558703585,0.5504813663615353,0.10187442289935367,0.39812557710064633,0.36326359518364126
NIFTY50,43,15,QuantGAN,0.0006504629,0.003144431,0.20681056,0.53768206,0.00226469973837366,0.0001935260370373726,4.706770088774632e-05,0.0552725324248604,0.047742274646880106,0.046207224553509146,0.528595,0.0,5.892645425750634e-07,8.231681173274481,0.00789365707672296,0.7671144682396713,0.18243559556786715,0.6824355955678671,0.9473571732831331
NIFTY50,43,15,iid,0.0002604107,0.0038495278,1.1143047,4.40429,0.0025030765147021385,0.0002139657735824585,3.950365238583494e-05,0.044393004294252025,0.08121012995179626,0.07060860413737828,1.0311754,0.403225806451613,0.9506856252707473,35.84971405143451,0.11619030040238776,5.254136220981546,0.2930514773776547,0.7930514773776547,1.4572775510586649
NIFTY50,43,15,TimeGAN,0.00030554246,0.0061310446,0.69312835,1.2342815,0.0037144601937365183,0.00039895810186862946,0.00012199529292946035,0.052560559505363924,0.06898111585527658,0.05178223911570967,0.9512677,2.016129032258065,5.348447847700933e-07,4.719487216358438,0.0008462964212113677,0.8270337494361151,0.3246502770083104,0.8246502770083104,1.6029426362281218
NIFTY50,43,15,sb_r,0.0018987047,0.0053671654,3.2553728,36.98921,0.0029298380708131714,0.0003455616533756256,4.2328486068201326e-05,0.045786248002550566,0.0859185665845871,0.06677774651761866,1.3005681,1.814516129032258,0.9810998172524332,36.2545629731263,0.0055954429539547546,7.575692167647188,0.2599464450600184,0.7599464450600184,1.304668989706613
NIFTY50,43,15,CONTROL: shuffled real,3.6379788e-11,0.0,3.3527613e-08,4.7683716e-07,0.0,0.0,0.0,0.05406691877520643,0.08658585471275729,0.07098976083885646,0.0,0.0,0.37996865123202167,31.684163085523263,0.051148687222552947,0.997296155519523,0.005789012003693417,0.5057890120036934,0.1330465051397237
NIFTY50,43,16,GJR-GARCH,0.0010939226,2.8428622e-05,0.3183398,0.9910922,0.001113263832270524,8.107442408800125e-05,3.273826912420277e-06,0.04662176556390477,0.053708401813637466,0.057255079580645546,0.07317996,0.20161290322580694,0.05774761528437506,26.29153708283895,0.04398734239326341,0.7915121128958935,0.06886218836565094,0.568862188365651,0.4238031071012544
NIFTY50,43,16,sb_abs,0.00085208134,0.001172347,0.2967852,1.2521405,0.0014773410979488182,0.00015188753604888916,7.455735906662064e-06,0.04996312379604206,0.05348849864210933,0.05301612282579299,0.1750679,0.20161290322580694,0.009256706801188676,21.714687385542582,0.015502102858558797,0.37825464493979455,0.1580951061865189,0.6580951061865189,0.8351516623066776
NIFTY50,43,16,GARCH,0.0011367486,0.0014610728,0.7441388,5.94841,0.0013127103123585758,9.659025818109512e-05,1.1336235350801738e-05,0.046447467560647056,0.06037512539420277,0.05627514152409276,0.86160207,0.604838709677419,0.00929427573596619,21.72447759259964,0.006155172989089741,1.7789057427071882,0.0628455678670361,0.5628455678670361,0.3960675112049857
NIFTY50,43,16,TimeGAN,0.0005914587,0.0020392118,0.38928467,1.2143273,0.001407359248821466,9.80570912361145e-05,1.9042671841335672e-05,0.05215317250113003,0.06640935890143737,0.06805804960109527,0.72585416,0.0,1.252921469694727e-07,0.5049519556025359,0.020569763235405825,0.7639793469655167,0.17480447830101564,0.6748044783010156,0.9121790222265459
NIFTY50,43,16,CNN-WGAN-GP,0.0010779795,0.0007897783,0.14494312,1.6587036,0.0013273084868675625,0.0001255115494132042,4.579624558497005e-06,0.053345915405661797,0.06437234821404388,0.05479584255808732,3.0612583,1.411290322580645,0.0013248839034219863,17.12397246475053,0.04676604073194646,0.5924354242923484,0.13880009233610335,0.6388000923361034,0.7462049343069245
NIFTY50,43,16,sb_r,0.000295228,0.0046765283,0.7453359,5.47635,0.0028054779459079867,0.000246930867433548,6.882079182676382e-05,0.05078113479888998,0.07125807407428511,0.06746679790638155,0.65465236,0.20161290322580694,6.02355222124658e-07,26.990232415017537,0.05727682156329028,2.180873733545231,0.2795849492151431,0.7795849492151431,1.395199149516282
NIFTY50,43,16,QuantGAN,0.0007624249,0.0072313966,0.2814937,4.3465014,0.0037063877770307408,0.00029925815761089325,0.00022970829073578003,0.061268167268717665,0.2539311623433605,0.14956954802240943,0.9803896,3.024193548387097,6.023570478383748e-07,115.35669421394391,0.020723879762437725,0.7666945919293022,0.20641643582640812,0.7064164358264081,1.0579047630500114
NIFTY50,43,16,iid,6.47867e-05,0.0076587833,2.4020696,19.226044,0.0034963284535337842,0.0002602720633149147,0.0001503921646503706,0.05488406152930111,0.0735211030789651,0.0684564678996685,1.4292712,0.604838709677419,0.3370645960448112,31.29297604911418,0.078926939187701,21.617072535113802,0.3057830101569714,0.8057830101569714,1.5159677490507972
NIFTY50,43,16,CONTROL: shuffled real,3.6379788e-11,0.0,3.3527613e-08,4.7683716e-07,0.0,0.0,0.0,0.05406691877520643,0.08658585471275729,0.07098976083885646,0.0,0.0,0.37996865123202167,31.684163085523263,0.051148687222552947,0.997296155519523,0.005789012003693417,0.5057890120036934,0.1330465051397237
NIFTY50,43,17,GJR-GARCH,0.0009708857,0.0018867161,0.07980726,0.71964407,0.0014844134673622524,0.00011674128472805023,1.4903749539922609e-05,0.05262681282474659,0.04019141163676977,0.042782626946282105,0.11871648,0.6048387096774199,6.023357410077274e-07,21.8320202617441,0.03144774348191881,0.10166109684697311,0.14485457063711915,0.6448545706371192,0.7741150482252549
NIFTY50,43,17,sb_abs,0.00029164556,0.00017071981,0.3972711,1.5688195,0.0007115272882366932,4.1989609599113464e-05,6.07309880381001e-07,0.05904435762902722,0.05042279714019969,0.05426118385657901,0.77323914,0.403225806451613,6.023555285778698e-07,27.37517133510071,0.009041391727293902,1.217753145745355,0.07345083102493066,0.5734508310249307,0.44495596833613904
NIFTY50,43,17,GARCH,0.0013087856,0.0024512224,0.30823177,0.5859113,0.0019538128277489376,0.0001962948590517044,2.476497237698786e-05,0.05554160672822036,0.059099192930443675,0.05877790934726363,0.3804288,0.20161290322580694,6.023570478372462e-07,56.69812765820246,0.029155308314215866,0.23267683031416686,0.1482451523545707,0.6482451523545707,0.7897450525424896
NIFTY50,43,17,TimeGAN,0.0003501536,0.0031189686,0.5323735,0.89331484,0.0018715875852724517,0.00013706833124160767,4.729558820410861e-05,0.04474653145181946,0.0732469328562729,0.0686253826864413,0.7314882,1.008064516129033,6.018104155108217e-07,14.984397417144784,0.003473984315634726,0.736481677135794,0.24209510618651886,0.7420951061865189,1.2223773574993426
NIFTY50,43,17,sb_r,0.0008485932,0.0033836942,0.3327215,1.9148703,0.0023664256535363575,0.00020490214228630066,4.474697315253045e-05,0.03822748598991893,0.07385998600482707,0.06278691466985037,0.6867552,0.0,3.4276463072272924e-06,4.137415055648489,0.017205196310268178,1.9034563171263859,0.15278901200369344,0.6527890120036934,0.8106914717268878
NIFTY50,43,17,QuantGAN,8.489811e-05,0.005799055,0.18737748,1.22404,0.0044415878844693965,0.0006933575496077538,0.00010405962633321786,0.059027833876898514,0.05440662946784869,0.04978028590005124,1.5787315,1.411290322580645,6.023492639825436e-07,23.948543598640924,0.0036870759912916995,0.8015318340116862,0.34314058171745143,0.8431405817174514,1.6881797921248045
NIFTY50,43,17,CNN-WGAN-GP,0.0011480008,0.006651371,0.39729342,0.8453026,0.0050649124610203915,0.0008862819522619247,0.0001559831760849047,0.05597636224410962,0.0633634769031778,0.0725727489032215,0.019945621,0.403225806451613,6.00501629012828e-07,12.392691634288191,0.03264567066182755,1.066584438081073,0.3435489381348107,0.8435489381348107,1.6900622456676417
NIFTY50,43,17,iid,0.00068536756,0.007455053,1.0498167,29.841068,0.003553663981756661,0.00032815150916576385,6.399975367945192e-05,0.03959717647070647,0.08242944384459407,0.06534618349018274,1.209455,1.411290322580645,0.9991205521262286,36.78838343500312,0.12861069772016587,31.04363236796943,0.3905727146814403,0.8905727146814403,1.906833847618275
NIFTY50,43,17,CONTROL: shuffled real,3.6379788e-11,0.0,3.3527613e-08,4.7683716e-07,0.0,0.0,0.0,0.05406691877520643,0.08658585471275729,0.07098976083885646,0.0,0.0,0.37996865123202167,31.684163085523263,0.051148687222552947,0.997296155519523,0.005789012003693417,0.5057890120036934,0.1330465051397237
NIFTY50,43,18,CNN-WGAN-GP,0.00040887325,0.0036081579,0.29454362,0.29379416,0.002901761127221349,0.0003405557945370674,4.130614926265584e-05,0.045498320095939564,0.05724887280026451,0.060548199707118326,0.085256815,0.0,1.0913066957332669e-05,6.442166622237298,0.01033102576872258,0.22855955779703052,0.22945060018467223,0.7294506001846722,1.164088338131094
NIFTY50,43,18,GJR-GARCH,0.0014614153,0.0009601917,0.3687958,0.26648617,0.0014755254429820567,0.0001306505873799324,1.3313642498257918e-05,0.05139114924590103,0.06837146697507705,0.0572265853107092,0.38028312,1.008064516129033,0.06897135201397712,26.757606408968634,0.028958022828508123,0.6063513357389976,0.16281278855032322,0.6628127885503232,0.8568993746045622
NIFTY50,43,18,QuantGAN,0.0003141165,0.0038044304,0.15454371,0.407207,0.002676515544515445,0.0002557169646024704,5.35119332309775e-05,0.05454564549145289,0.07988090583821758,0.10738943279575323,0.42419338,1.411290322580645,6.023570478383728e-07,69.7905199143949,0.018883982749318573,0.8006507569119918,0.15665581717451527,0.6566558171745153,0.8285167850655315
NIFTY50,43,18,TimeGAN,0.00043339664,0.003326295,0.7852543,0.39721537,0.0022809860401947946,0.00020620599389076233,7.247919518250202e-05,0.054634236298734325,0.06934332246426493,0.06822704675985733,0.29718184,0.6048387096774199,1.0312350895275242e-06,2.1666705370912425,0.03471551466246192,0.503510941517046,0.25273591874422896,0.752735918744229,1.271429691309749
NIFTY50,43,18,sb_abs,0.00031619225,0.0073181894,1.6177701,15.578355,0.003511227883957382,0.0002684174105525017,0.0001266962632138062,0.058824808141216635,0.07082806086400524,0.0608385648089461,1.79799,0.403225806451613,6.02357047837805e-07,58.10906286734632,0.0341906395441155,0.10593568410761289,0.18045844875346262,0.6804584487534626,0.9382428631675884
NIFTY50,43,18,GARCH,0.0017809623,0.00644855,0.5148659,1.1521978,0.00453482905640059,0.0006825122982263565,0.0001500353079490725,0.051733876709477045,0.06034865590627305,0.055949489303457084,0.045668125,0.403225806451613,0.0007826304701978448,15.910306560254654,0.01079965113650816,0.6937659971217762,0.3371440443213297,0.8371440443213297,1.6605367759109706
NIFTY50,43,18,iid,0.0011599538,0.0046558892,0.041495673,1.7674937,0.002884092214657131,0.00026711635291576385,6.607462701663091e-05,0.04602918589836918,0.08841025132176583,0.08164587189472514,0.22610831,1.209677419354839,0.7780746687750983,34.49820226287806,0.1345286794045082,2.7017826691520774,0.3993240997229919,0.8993240997229919,1.9471762423398642
NIFTY50,43,18,sb_r,0.0005875866,0.0057914155,0.38884154,1.3628764,0.003774899955393422,0.0004427880048751831,9.440084146533017e-05,0.053110816101543605,0.08226539635797962,0.07788730918982764,0.54084754,0.20161290322580694,0.0002875452367189145,13.628454356638276,0.047962233786262964,1.897228710126857,0.36510734072022166,0.8651073407202217,1.7894428102912026
NIFTY50,43,18,CONTROL: shuffled real,3.6379788e-11,0.0,3.3527613e-08,4.7683716e-07,0.0,0.0,0.0,0.05406691877520643,0.08658585471275729,0.07098976083885646,0.0,0.0,0.37996865123202167,31.684163085523263,0.051148687222552947,0.997296155519523,0.005789012003693417,0.5057890120036934,0.1330465051397237
NIFTY50,43,19,CNN-WGAN-GP,0.00038987803,0.00088314526,0.16959466,1.3748934,0.0010436817185536487,6.088335067033768e-05,6.198596595537678e-06,0.04441827792790718,0.06753793561598286,0.05998442871117732,0.37821555,0.403225806451613,0.030936525130483773,24.690698104312638,0.014906631326355835,0.3806999941373981,0.04515858725761779,0.4548414127423822,0.10181325131692565
NIFTY50,43,19,GJR-GARCH,0.00029596852,0.004835287,0.6973119,5.2320347,0.0029386763789612004,0.00028815679252147675,5.271719745165512e-05,0.0538752600515727,0.05659061753191054,0.06301403883931926,0.5509958,0.0,0.00018690266551889598,12.656627024573414,0.0004996335904308147,4.652130468873499,0.2513545706371192,0.7513545706371192,1.2650619117730983
NIFTY50,43,19,TimeGAN,0.00013086849,0.004211951,0.39747113,0.18407774,0.0027971713759918954,0.0002748575061559677,7.026567478332174e-05,0.05672311374743003,0.07237180592666846,0.06009705869568279,0.43524265,1.008064516129033,0.007888210117073816,21.328897084430018,0.06672235747987076,0.9095536694541657,0.2972920129270544,0.7972920129270544,1.4768256977980163
NIFTY50,43,19,GARCH,0.00020350635,0.0063001933,0.94712836,5.041564,0.0038092032634896504,0.00041464436799287796,0.00012010935165038307,0.05460509627708234,0.09027632413897663,0.06437059775314992,0.6927602,0.20161290322580694,2.493468046485892e-05,8.20144368002667,0.0050695014725975485,3.462257090204191,0.2850180055401661,0.7850180055401661,1.4202446139505431
NIFTY50,43,19,sb_abs,0.0005671251,0.011040011,0.17766145,0.011371613,0.007580598987435713,0.0014502611011266708,0.00035222739159186927,0.05633005367708392,0.07970648466143757,0.061102907511813104,0.10667777,0.806451612903226,6.023570463958037e-07,41.88735889658637,0.0645147064321524,0.3253493809116228,0.29570129270544787,0.7957012927054479,1.4694927484686278
NIFTY50,43,19,QuantGAN,0.0010190236,0.0075131375,0.042631254,1.5791078,0.005976130421375514,0.0012195222079753876,0.00014721932658286234,0.04227786175324581,0.06302474467782304,0.05670630536595127,1.2641735,1.008064516129033,0.0032762254231180495,19.237862251979376,0.052261260911792506,0.8113276082709833,0.4196101108033241,0.9196101108033241,2.0406912988073374
NIFTY50,43,19,sb_r,0.00080660405,0.007814828,1.5536529,20.670773,0.004289870386994356,0.000491507351398468,8.300250048115504e-05,0.04643131681601517,0.07636601606332988,0.06521178801660427,0.9149828,0.806451612903226,0.9988652178235974,36.76628141628359,0.06622740543338457,12.167802552834917,0.3832426131117266,0.8832426131117266,1.873043327663927
NIFTY50,43,19,iid,0.0015617658,0.005957959,1.3268474,15.63413,0.0035939964561574455,0.00046074576675891876,7.773179552335642e-05,0.046538238745415586,0.09045212941826321,0.07293410056940047,1.3026984,1.008064516129032,0.8429885935643125,34.94345586961869,0.15863634057210196,11.867525524265965,0.3571184210526317,0.8571184210526317,1.7526152510992874
NIFTY50,43,19,CONTROL: shuffled real,3.6379788e-11,0.0,3.3527613e-08,4.7683716e-07,0.0,0.0,0.0,0.05406691877520643,0.08658585471275729,0.07098976083885646,0.0,0.0,0.37996865123202167,31.684163085523263,0.051148687222552947,0.997296155519523,0.005789012003693417,0.5057890120036934,0.1330465051397237
NIFTY50,44,0,CNN-WGAN-GP,0.00041598894,0.00040593464,0.1240451,0.24108839,0.0006479389686189147,2.623721957206726e-05,8.603151505050785e-07,0.049866606750292704,0.06203910451615229,0.059150297625164966,0.29742908,0.20161290322580694,0.0026657769097700847,18.753164756873446,0.055424658901583435,0.42626772411016267,0.04764127423822717,0.45235872576177283,0.11325801550754763
NIFTY50,44,0,sb_abs,0.00093363883,0.0029173633,0.82538456,0.8591418,0.0024876570200913846,0.00029311608523130417,3.480014911172401e-05,0.04257749672629871,0.04928122515091673,0.058258825468074066,0.014921904,0.403225806451613,0.013758341038308829,22.67828848465271,0.0522905031657781,1.872706626642179,0.21717636195752532,0.7171763619575253,1.1075061901493397
NIFTY50,44,0,GJR-GARCH,0.000769794,0.0032598507,0.12428097,0.029075146,0.0025635639425711215,0.00027123093605041504,2.9989810882536167e-05,0.051486039926530794,0.05968250621808693,0.05522312656190479,0.71864367,1.008064516129033,5.5057254124975876e-05,9.932979127512304,0.04669214354669293,0.43143430419572226,0.2265683287165282,0.7265683287165282,1.1508015575003077
NIFTY50,44,0,QuantGAN,0.00041997386,0.0071509657,1.8072956,10.490742,0.0036336349358145246,0.0002974849194288254,0.00026956662160603336,0.0510995374515187,0.11404611172620208,0.06791114937368548,1.4516513,0.806451612903226,6.021510735801502e-07,17.048993175307025,0.020227264268936063,0.5143154028390322,0.07661980609418284,0.5766198060941828,0.4595644037437509
NIFTY50,44,0,iid,0.00052948593,0.0041862596,0.47562355,4.525325,0.0027273979989480084,0.0002557998523116112,4.7121573627328145e-05,0.0529625127336476,0.07805374323099386,0.0669683019357035,0.7524102,0.0,0.8440248911002786,34.95087197507625,0.07789902172020702,5.219831644248564,0.3141528162511541,0.8141528162511541,1.554551129806127
NIFTY50,44,0,GARCH,0.0012295165,0.0076260753,0.2668039,0.62173796,0.005879667070558981,0.0011278260499238968,0.00018710358678888846,0.052277252948842945,0.057956655860180034,0.05610326977359364,0.121097565,0.6048387096774199,0.0059121444167564915,20.637720862567832,0.05252774893220924,0.31534115742843394,0.4148169436749768,0.9148169436749768,2.0185956145996125
NIFTY50,44,0,sb_r,0.00044403534,0.008311283,2.1550248,17.971943,0.004024191404481819,0.000362263061106205,0.00019003040473672216,0.055153963558841494,0.07564868906047195,0.06392111320485128,1.7676135,0.604838709677419,0.0019691651575937928,18.044791033487897,0.01567701428693724,25.192105426280158,0.2687144506001846,0.7687144506001846,1.3450880020964224
NIFTY50,44,0,TimeGAN,0.00034511535,0.003328627,0.20581853,3.3518465,0.003991640638071388,0.0011396920308470726,2.2828743723225226e-05,0.07704671106417664,0.09181562869576737,0.08074637416139012,4.9833145,4.233870967741935,5.203055361203861e-07,4.3005469597220625,0.17492049985470381,2.189369363304234,0.4259540627885503,0.9259540627885503,2.0699358371138628
NIFTY50,44,0,CONTROL: shuffled real,3.6379788e-11,0.0,3.3527613e-08,4.7683716e-07,0.0,0.0,0.0,0.05406691877520643,0.08658585471275729,0.07098976083885646,0.0,0.0,0.37996865123202167,31.684163085523263,0.051148687222552947,0.997296155519523,0.005789012003693417,0.5057890120036934,0.1330465051397237
NIFTY50,44,1,GJR-GARCH,0.00065944414,0.0008112844,0.40861484,0.7758064,0.0007413664839600282,2.8256326913833618e-05,6.271716319520984e-06,0.05377514247200452,0.05523779833340086,0.060883633655903394,0.2740383,0.403225806451613,0.0004642935764416052,14.716252123933028,0.004315039631494932,0.2893586654078577,0.11313781163434905,0.38686218836565095,0.4151858991495201
NIFTY50,44,1,GARCH,0.00083105476,0.001094236,0.2020114,0.5022564,0.0010215722367102064,6.195995956659317e-05,9.07075391230761e-06,0.058229942395119,0.053036547121591865,0.056841813494393136,0.2904203,0.6048387096774199,1.1089917382342826e-05,6.475739126066195,0.02215567382044792,0.003617270853050414,0.08524699907663902,0.414753000923361,0.28661400293347744
NIFTY50,44,1,sb_abs,0.00038895002,0.0027539888,0.8283862,0.26527357,0.0022693541159911445,0.0002586124464869499,2.193526966883644e-05,0.048063368428265675,0.06565900855464861,0.058893813911417965,1.0422077,0.20161290322580694,0.2862765009126354,30.7772603087604,0.02621193685464629,1.6871311655443124,0.25755701754385973,0.7575570175438597,1.2936541357654578
NIFTY50,44,1,QuantGAN,0.00031178902,0.002279628,0.54187965,1.209188,0.0021449032462135895,0.00020781345665454865,1.5229153586936213e-05,0.05465088287950493,0.07922550335817505,0.07088481542334193,2.7884927,0.6048387096774199,0.18626299474410582,29.491341318932182,0.05024258034116824,0.04646966625759763,0.21045036934441375,0.7104503693444137,1.0765005096079963
NIFTY50,44,1,CNN-WGAN-GP,0.00026184428,0.007231253,0.20117745,1.54688,0.005655152758732226,0.0010858848690986633,0.00014047370486842376,0.057832125787390394,0.04691026178654283,0.041944593267107845,1.1486254,0.0,6.022721114101846e-07,18.91911482716383,0.01047550951049736,0.7774964804602282,0.3419374422899354,0.8419374422899354,1.682633524252976
NIFTY50,44,1,sb_r,0.0013315576,0.0042541595,0.04736248,1.3156514,0.00308671779689007,0.00038445089012384415,4.965556172977461e-05,0.05071196070173755,0.07922262380539906,0.0741752987462678,0.4167099,0.20161290322580605,7.063590495074097e-06,5.5471239117774225,0.04470256842832465,2.078059737840719,0.33709810710988,0.83709810710988,1.6603250131890797
NIFTY50,44,1,iid,0.0005475059,0.0051673846,0.17740414,0.6034217,0.003386976840940385,0.0003411462530493736,0.00010056311956733191,0.04771600777326967,0.07776237053214573,0.07239969680231298,0.5710263,2.016129032258065,0.042239877383927156,25.482892396452343,0.11047676765923409,1.7926585173713212,0.37143582640812556,0.8714358264081256,1.81861605160091
NIFTY50,44,1,TimeGAN,0.00024208892,0.003543363,0.11536174,3.089803,0.004133121783271023,0.0010724673047661781,2.2234441051838868e-05,0.06498137815156951,0.08731330197770149,0.08111881329823518,4.7189198,3.629032258064516,0.00024956302142823506,13.30821783819571,0.108721412962412,1.9041991384596617,0.4300660203139428,0.9300660203139428,2.088891261058777
NIFTY50,44,1,CONTROL: shuffled real,3.6379788e-11,0.0,3.3527613e-08,4.7683716e-07,0.0,0.0,0.0,0.05406691877520643,0.08658585471275729,0.07098976083885646,0.0,0.0,0.37996865123202167,31.684163085523263,0.051148687222552947,0.997296155519523,0.005789012003693417,0.5057890120036934,0.1330465051397237
NIFTY50,44,2,CNN-WGAN-GP,0.0009494607,0.0018891227,0.14218448,0.36884212,0.001664208036305948,0.00015953369438648224,1.7763612930392943e-05,0.04611851818975993,0.04184635302517563,0.043866432813520075,0.30388808,0.403225806451613,4.93613404050728e-07,3.695040132400621,0.0006338292111778276,0.5532432444226489,0.180204755309326,0.680204755309326,0.9370733795929262
NIFTY50,44,2,QuantGAN,0.00023242575,0.00010060705,0.43325308,0.63655233,0.0006403014537669045,3.104936331510544e-05,9.397693931110501e-07,0.050703363739303314,0.07505046818056144,0.06973892145004357,0.4327705,1.008064516129032,0.0008354475727879813,16.060316757280084,0.040610615745075185,0.3566968232627037,0.05078970452446907,0.44921029547553093,0.12777174296416263
NIFTY50,44,2,sb_abs,0.0016049434,0.0001828922,0.12094001,0.093943596,0.0016525588187481658,0.00025484059005975723,2.6804921848994783e-06,0.052075234836665915,0.05028362050186843,0.052343763409589884,0.1291163,0.20161290322580605,1.9720370656369368e-05,7.695898862837705,0.008397796723125794,0.5258227297059106,0.17115466297322235,0.6711546629732223,0.8953539951119078
NIFTY50,44,2,GJR-GARCH,0.0014449154,0.0038121426,0.8877736,5.405591,0.0025411017326480464,0.00026657991111278534,6.860316896239965e-05,0.04762699931277894,0.04830142797436565,0.04252034392178757,0.91171837,0.20161290322580605,0.0030418158092199907,19.063117158816425,0.029679065949677175,5.144545236137907,0.14476223453370274,0.6447622345337027,0.773689394512912
NIFTY50,44,2,sb_r,9.3500516e-05,0.0044682724,0.37370536,4.6182966,0.002791522556414581,0.0002448940649628639,6.688486638423407e-05,0.05098865955253132,0.07478179605386685,0.05980125840491382,1.1213493,0.604838709677419,4.920031979672998e-06,4.82739470305583,0.018945874103867055,4.646296336401336,0.2948614958448753,0.7948614958448753,1.465621427954868
NIFTY50,44,2,GARCH,0.0015896788,0.0057834974,0.43312582,2.2822065,0.004218280194390534,0.0006667086854577065,0.00011251834712998457,0.04786119196563959,0.04889025010081241,0.04697608258429682,0.85109115,0.20161290322580605,0.003210717487829988,19.19029280242033,0.031006435001055044,4.085475690024944,0.31625623268698067,0.8162562326869807,1.564247521373301
NIFTY50,44,2,TimeGAN,0.0005007605,0.0031057606,0.16777292,3.3140154,0.003673787999892672,0.0008696317672729492,2.105924656963435e-05,0.0726850157044828,0.07665990781970322,0.06649132930120687,10.933632,4.637096774193548,9.267720475874255e-08,0.36181202450035244,0.10411846090479238,2.1442173243056426,0.420637811634349,0.920637811634349,2.0454288246257146
NIFTY50,44,2,iid,0.0012186829,0.005517437,0.47517592,5.1632967,0.0034449593322343004,0.0003847619518637657,0.00011543387654829734,0.06079412204446271,0.08043571018381045,0.07195588413072983,0.9653647,0.20161290322580694,0.6527688815163348,33.68069974993616,0.09943951553931629,5.1243977460302235,0.3889134349030471,0.8889134349030471,1.899184850407472
NIFTY50,44,2,CONTROL: shuffled real,3.6379788e-11,0.0,3.3527613e-08,4.7683716e-07,0.0,0.0,0.0,0.05406691877520643,0.08658585471275729,0.07098976083885646,0.0,0.0,0.37996865123202167,31.684163085523263,0.051148687222552947,0.997296155519523,0.005789012003693417,0.5057890120036934,0.1330465051397237
NIFTY50,44,3,GJR-GARCH,0.001563899,0.00041018985,0.3087917,0.059245586,0.0016917060078524614,0.00019568204879760742,4.226458756492397e-06,0.0485757736407686,0.06382118999958038,0.05337544344656635,0.19884324,0.6048387096774199,6.023525318542198e-07,25.0913609171361,0.010866309505400573,0.26459749846503655,0.1566613573407203,0.6566613573407203,0.8285423242882722
NIFTY50,44,3,sb_abs,0.00095284486,0.0022093868,0.7405673,1.315423,0.001968815321147634,0.00022957567125558853,2.9908867095279955e-05,0.04970830584526993,0.04754434227506863,0.05234769980685087,1.2162833,0.604838709677419,8.064835109557288e-05,10.777871076290666,0.0019176938598584048,1.5426319941436795,0.09455563250230836,0.5945556325023084,0.5422455090978148
NIFTY50,44,3,GARCH,0.0020007119,0.0008599805,0.079600215,1.0284686,0.0021036628391095007,0.0003066333010792732,1.1694885615718828e-05,0.05035987509763799,0.05164584946352988,0.046422716972010676,0.12892175,1.008064516129033,5.988246515427795e-07,11.024023990830791,0.05268374982837598,0.37881427149037306,0.16987349953831943,0.6698734995383194,0.8894480498531494
NIFTY50,44,3,CNN-WGAN-GP,0.0010119585,0.0029844437,0.19576573,0.95316124,0.002565217671979502,0.00031931139528751373,3.112101986090444e-05,0.04601356805069372,0.06092245338950306,0.05784879056591308,0.3685801,0.403225806451613,0.0022974369092693273,18.404870203693132,0.049267980018211754,0.23434020458065952,0.19194806094182826,0.6919480609418283,0.9912080187287075
NIFTY50,44,3,QuantGAN,0.0009507181,0.004158208,1.3358493,2.8576994,0.0023579163238612324,0.00017474591732025146,6.482174914071838e-05,0.04760449094814248,0.08380522583320271,0.0705638193883351,0.828424,0.806451612903226,6.023570477314287e-07,47.28483759789622,0.07970834799055859,0.45496609822468326,0.069246999076639,0.430753000923361,0.212856727658684
NIFTY50,44,3,sb_r,0.0010862735,0.0052942466,0.021649837,1.4906931,0.003572191151554931,0.0004335111007094383,7.335735158628187e-05,0.05057720401266124,0.084916243426851,0.06987620913569118,0.32529116,0.403225806451613,0.13614047012450609,28.600363743802333,0.07346738159011068,1.8804764345703768,0.37937603878116344,0.8793760387811634,1.8552190784595646
NIFTY50,44,3,iid,0.0009201762,0.0054197498,0.56975603,1.7872725,0.003576068351232804,0.0004266910254955292,0.00012450616239218575,0.05336572117346804,0.07521078181569464,0.07120840719289845,0.5147791,0.806451612903226,0.23406620816460819,30.163763572485173,0.12354774826837611,2.5831873276438273,0.3759568328716527,0.8759568328716527,1.8394571214915032
NIFTY50,44,3,TimeGAN,0.00016220112,0.0037846146,0.17666516,3.280602,0.004229504295347123,0.0011598886922001839,2.6213627132942136e-05,0.06085900732316077,0.09258307942887768,0.07769297100399854,6.3061857,4.032258064516129,5.777957035091783e-07,1.4593973860248752,0.16176369639065924,2.1219330490573203,0.44242728531855957,0.9424272853185596,2.145874587664414
NIFTY50,44,3,CONTROL: shuffled real,3.6379788e-11,0.0,3.3527613e-08,4.7683716e-07,0.0,0.0,0.0,0.05406691877520643,0.08658585471275729,0.07098976083885646,0.0,0.0,0.37996865123202167,31.684163085523263,0.051148687222552947,0.997296155519523,0.005789012003693417,0.5057890120036934,0.1330465051397237
NIFTY50,44,4,QuantGAN,6.034213e-05,0.0007899888,0.19768748,2.3546653,0.0006222896743230238,1.662038266658783e-05,2.2683979952647886e-06,0.046457327440148216,0.06581487418618054,0.05637166736036306,3.0073495,0.20161290322580605,0.039628923851836174,25.319590364664613,0.009731242650293348,1.0759309925101408,0.03426408125577107,0.5342640812557711,0.2643117252206172
NIFTY50,44,4,CNN-WGAN-GP,0.0010415624,0.0016663009,0.19577035,1.0144477,0.0018100492905977067,0.00021144375205039978,1.4812487556610241e-05,0.046273789643018974,0.06522910803090781,0.061666888227046,0.7680707,0.806451612903226,0.0033377388319728455,19.281690968503263,0.0820041483676629,0.057569902257665895,0.19379385964912288,0.6937938596491229,0.9997168364384441
NIFTY50,44,4,GJR-GARCH,0.0009728874,0.0027100919,0.16392916,0.40464258,0.0020353195107229425,0.00018351152539253235,2.9509428382262644e-05,0.05479803755762987,0.05919196724426001,0.05603351404744899,1.0855923,1.209677419354839,2.9389035636064655e-05,8.557867193694712,0.0079465549432024,0.8551636482834013,0.13096306555863335,0.6309630655586334,0.7100775754718132
NIFTY50,44,4,GARCH,0.00092016073,0.004101279,0.087436,1.0591059,0.003278012151798657,0.0004374915733933449,5.494372604537064e-05,0.051834235451533456,0.05644953179638833,0.05553592359501636,1.4502697,1.209677419354839,5.994767561754397e-07,11.4580997474609,0.019593402477134148,0.14169278390934315,0.25413665743305636,0.7541366574330564,1.2778868581259923
NIFTY50,44,4,sb_abs,0.00092857966,0.00682675,2.2950084,24.147072,0.004094260374631086,0.0005629416555166245,7.178817514884181e-05,0.05287943476228975,0.05645610163512174,0.05578097721502672,0.0782671,0.806451612903226,0.9815341432870061,36.26211370643982,0.07722719613225904,5.998192896274811,0.2359132040627886,0.7359132040627886,1.1938798414579799
NIFTY50,44,4,iid,0.0006148594,0.0046928125,0.32998288,1.4753098,0.0029385529749757304,0.0002640439197421074,9.11715879443104e-05,0.04448837295989506,0.08550599346635863,0.07227535372396232,0.39042425,1.008064516129033,0.9179309819974516,35.53029277976107,0.14349297227760316,2.652734161704789,0.3854713758079409,0.8854713758079409,1.8833175441456063
NIFTY50,44,4,sb_r,0.0005179351,0.007023869,2.1139276,24.714115,0.0036098069042812065,0.0003390926867723465,7.299877081848148e-05,0.051277433639625086,0.07291106609860436,0.061418365264544264,0.96827245,1.2096774193548385,0.9634487822918628,35.9987201234733,0.08140324255473697,6.677109584213015,0.3139224376731301,0.8139224376731301,1.5534891237938313
NIFTY50,44,4,TimeGAN,0.00012695078,0.0031311968,0.2630357,3.3328862,0.003849087005981514,0.000977393239736557,2.0434162174052126e-05,0.06960763122915523,0.08771459337964188,0.07467608836392174,7.2812862,4.435483870967742,4.4999441108832095e-07,2.9690930596376504,0.14057096857889728,2.223000343178032,0.43846814404432133,0.9384681440443213,2.127623620613427
NIFTY50,44,4,CONTROL: shuffled real,3.6379788e-11,0.0,3.3527613e-08,4.7683716e-07,0.0,0.0,0.0,0.05406691877520643,0.08658585471275729,0.07098976083885646,0.0,0.0,0.37996865123202167,31.684163085523263,0.051148687222552947,0.997296155519523,0.005789012003693417,0.5057890120036934,0.1330465051397237
NIFTY50,44,5,GJR-GARCH,0.00033959284,0.0033781035,0.448999,0.8329768,0.002762167162030078,0.00032760389149188995,2.7407524308137644e-05,0.048253160644089806,0.06589106019237079,0.058351347230782266,1.2942243,0.403225806451613,0.24987882775390968,30.360564096691128,0.019674237081928503,0.05104923820312468,0.24515304709141272,0.7451530470914127,1.2364739443178618
NIFTY50,44,5,QuantGAN,0.0008424893,0.00024693925,0.35530293,1.4434824,0.0010598945679690483,8.713081479072571e-05,7.153383412174121e-07,0.05795667504426092,0.06219711871817708,0.06997952594072558,2.5975566,1.814516129032258,0.00018874532664905425,12.67869379939463,0.09166815588040644,0.7402128025524259,0.008660203139427503,0.5086602031394275,0.14628220732502906
NIFTY50,44,5,GARCH,0.00028129586,0.0038084202,0.65594435,0.53774595,0.003051137164187099,0.0003882814198732376,3.883923885181819e-05,0.04976892339298502,0.06651471119839698,0.06161897693324136,0.0025537014,0.403225806451613,0.37998721453370216,31.68432513930682,0.00815653959963003,0.03218080936085066,0.2578875807940906,0.7578875807940906,1.2951779760556459
NIFTY50,44,5,CNN-WGAN-GP,0.0012075979,0.0015947884,0.06637555,0.33784246,0.00150395964396646,0.00013932492583990097,1.3980822088062587e-05,0.05884228781564161,0.07345599754247814,0.0873166651543579,1.0559635,1.008064516129033,6.023570478069663e-07,49.82226592515712,0.10121522253669735,0.6339267166818421,0.00869529085872578,0.4913047091412742,0.06627633555304056
NIFTY50,44,5,sb_r,0.0007006022,0.002996794,1.0448605,3.2522316,0.0021512400362764185,0.0001914501190185547,4.987840789729943e-05,0.04772000394295901,0.0801344278670149,0.06931692841026234,1.2187362,1.2096774193548385,0.962490043905847,35.98677314530992,0.0975826163418625,4.34223378933511,0.24781048014773777,0.7478104801477378,1.2487242581590932
NIFTY50,44,5,iid,0.00012855424,0.006955591,1.5133959,14.1357565,0.0034926146252138137,0.0002939067780971527,0.00015943827912257824,0.04151364095625468,0.09009295338822994,0.06983642921462888,1.3105316,0.604838709677419,0.9582771482918919,35.935871953652864,0.17732801619139704,15.319515069589325,0.38350484764542936,0.8835048476454294,1.8742521842069815
NIFTY50,44,5,sb_abs,0.0009055164,0.010516034,0.67477953,3.7922173,0.00644957899731293,0.0010006967931985855,0.0003621976502653976,0.05838457843638025,0.14328844754491002,0.07716217262699501,0.19222522,0.403225806451613,6.023570478383746e-07,73.9867929513459,0.05771227856131089,1.7628250539508583,0.2855743305632502,0.7855743305632502,1.42280917756741
NIFTY50,44,5,TimeGAN,0.00037070812,0.003377214,0.18222189,3.356531,0.003927584659391509,0.0010637957602739334,2.2716677042931732e-05,0.06977581663406454,0.08394553282763809,0.07672158735309495,8.370882,3.830645161290322,6.003704694385317e-07,12.24760822459529,0.17126340840317889,2.2517300715063104,0.4401560480147738,0.9401560480147738,2.1354045704750573
NIFTY50,44,5,CONTROL: shuffled real,3.6379788e-11,0.0,3.3527613e-08,4.7683716e-07,0.0,0.0,0.0,0.05406691877520643,0.08658585471275729,0.07098976083885646,0.0,0.0,0.37996865123202167,31.684163085523263,0.051148687222552947,0.997296155519523,0.005789012003693417,0.5057890120036934,0.1330465051397237
NIFTY50,44,6,GJR-GARCH,0.0013344738,0.00126909,0.25717553,1.3099337,0.0015035790837536695,0.00013609230518341064,2.1260384352262277e-05,0.05932526103802957,0.04976621618610807,0.05031131043884671,0.12746716,1.008064516129033,0.010372996343246635,21.990338193287144,0.009166689370925907,0.14077629586106077,0.15041574330563245,0.6504157433056325,0.7997511071853919
NIFTY50,44,6,QuantGAN,0.0005977091,0.0015318729,0.65137744,1.2693405,0.00153973618732046,0.0001477804034948349,4.271164257156892e-06,0.05028278938611038,0.06283603268791921,0.05506288278760621,0.10844183,1.2096774193548385,6.023528783643858e-07,25.258855041496354,0.06580232690745313,0.4824088329852607,0.12638319482917826,0.6263831948291783,0.6889651513396015
NIFTY50,44,6,iid,7.435045e-05,0.0040039215,0.3401889,0.123943806,0.002872671870711253,0.0002921177074313164,5.037161969497172e-05,0.05176192924729548,0.08539431918179616,0.07009511115582427,0.25641012,1.209677419354839,0.47753249557801286,32.47011179855889,0.11925404569907172,1.0598123405355988,0.28512880886426595,0.785128808864266,1.4207553984053554
NIFTY50,44,6,CNN-WGAN-GP,0.0004946317,0.0045490162,0.3155333,0.6497197,0.0033777416633757108,0.00044260546565055847,4.5229721515063316e-05,0.06548349169330323,0.0878103092359379,0.057510351940582044,0.39310265,0.403225806451613,6.023551077770087e-07,26.862944469713995,0.03902757622117248,0.752355465357041,0.2439309787626962,0.7439309787626962,1.2308404174350023
NIFTY50,44,6,sb_r,0.00027833448,0.0042802636,0.85264844,2.318532,0.0028995070229038983,0.00027485936880111694,5.386240293206669e-05,0.05376427534385584,0.08934167250525206,0.08190981879452011,0.109066725,0.6048387096774199,6.023569913243515e-07,34.25390929060938,0.0753121441753255,1.5455405668925257,0.2932015235457064,0.7932015235457064,1.4579692383412222
NIFTY50,44,6,GARCH,0.001730498,0.005064196,0.09925563,2.658074,0.0034877362450546814,0.00044460128992795944,8.44441697360904e-05,0.059208665143232794,0.06701755672227591,0.04749716871738201,0.4132614,0.806451612903226,6.021291472798837e-07,16.835217346992145,0.049509080887521595,0.6751158270690398,0.2276258079409048,0.7276258079409048,1.1556763566409152
NIFTY50,44,6,sb_abs,0.00055937737,0.011718996,0.37362117,10.667414,0.006578015901347335,0.0009384192526340485,0.0003365287520535966,0.06278757521766237,0.1134027541289106,0.04199209824524587,0.825968,0.0,0.000383422080861712,14.280871710536232,0.009320685752453706,5.211235155883011,0.32029755309325947,0.8202975530932595,1.5828773202282727
NIFTY50,44,6,TimeGAN,9.73538e-05,0.003893286,0.30076143,3.3345094,0.00450962371683952,0.0013011656701564789,2.9144920521943316e-05,0.10022305244812742,0.10273077048826963,0.08698902581672882,7.3825483,4.435483870967742,6.0234272746232e-07,22.667623836576112,0.18025721591240107,2.1882152370689845,0.41479455216989847,0.9147945521698985,2.0184923935743697
NIFTY50,44,6,CONTROL: shuffled real,3.6379788e-11,0.0,3.3527613e-08,4.7683716e-07,0.0,0.0,0.0,0.05406691877520643,0.08658585471275729,0.07098976083885646,0.0,0.0,0.37996865123202167,31.684163085523263,0.051148687222552947,0.997296155519523,0.005789012003693417,0.5057890120036934,0.1330465051397237
NIFTY50,44,7,CNN-WGAN-GP,0.0005252779,0.0009569116,0.08314315,1.1441903,0.0010877093496397317,7.065571844577789e-05,4.3995837344079385e-06,0.04570783639210276,0.058218700923025606,0.05421272294974187,0.4717245,0.20161290322580694,9.578843654896807e-08,0.3750671356844322,0.03648603390345728,0.4582956662387705,0.04293259464450594,0.45706740535549406,0.09155180444661644
NIFTY50,44,7,QuantGAN,4.1188046e-05,0.002029772,0.6164669,0.06787348,0.0016099848495890275,0.00011530052870512009,1.813299932136257e-05,0.054137620270485055,0.07930104859638959,0.07244943099882221,0.21282315,0.20161290322580605,6.02255663086845e-07,18.54567757705987,0.06424437955878792,0.13790136655831198,0.03021283471837477,0.5302128347183748,0.24563616859156767
NIFTY50,44,7,GJR-GARCH,0.0013875503,0.001448663,0.20248348,0.8833442,0.0016657039457887706,0.00016508996486663818,1.8717014598856206e-05,0.04954171328281518,0.055780368936248124,0.046401420632610095,0.18001771,1.008064516129033,0.00022154439695844054,13.039511856341015,0.03442475714082349,0.438108311310069,0.18529916897506926,0.6852991689750693,0.9605577590371697
NIFTY50,44,7,sb_abs,0.0006410076,0.0028241277,0.40213063,1.0693936,0.0020722980309941376,0.00017456617206335068,3.532791529289206e-05,0.0531228471302893,0.044864368750713764,0.048221259728015865,0.6600568,0.403225806451613,1.5393487711580248e-06,2.756704745597638,0.014553063238921804,0.8624923072466277,0.19028139427516155,0.6902813942751616,0.9835249692209164
NIFTY50,44,7,sb_r,0.00015090415,0.0044431044,0.19295177,1.3281431,0.002777265629969032,0.00023192912340164185,6.445708019577173e-05,0.045659229607554155,0.09028508510091342,0.07779178989381762,0.5209458,0.403225806451613,0.02007569772142813,23.6089237203327,0.052014093555625696,2.884987894941327,0.27958402585410913,0.7795840258541091,1.3951948929791596
NIFTY50,44,7,GARCH,0.0016889367,0.007315481,0.1348833,1.3463154,0.004858194184762505,0.0007159803062677383,0.00020999894751640808,0.0491823903954355,0.09744614938739687,0.05325443075824296,0.23581195,0.806451612903226,4.5653243448531887e-07,3.063549479521747,0.023441435199139438,0.6953947198582631,0.2867391505078486,0.7867391505078486,1.4281787991486172
NIFTY50,44,7,iid,2.9520124e-05,0.0066712555,2.541374,21.909668,0.003233386212903887,0.00027561653405427933,7.768581335129606e-05,0.04903973996290006,0.08816495918203145,0.0776590237164055,1.3241916,1.6129032258064515,0.9755606946418356,36.16497936084249,0.1122362310448013,18.983353623020175,0.32192313019390595,0.821923130193906,1.5903709538340716
NIFTY50,44,7,TimeGAN,0.0004923414,0.0037346631,0.19065809,3.2640743,0.00410683913907409,0.0011427290737628937,2.7416697613673002e-05,0.0655620416009333,0.08180595556332264,0.0671154184677289,5.5757904,3.629032258064516,4.241433757222119e-05,9.359100922247478,0.17834297537880295,2.087669569056015,0.4363240997229918,0.9363240997229918,2.1177399414128235
NIFTY50,44,7,CONTROL: shuffled real,3.6379788e-11,0.0,3.3527613e-08,4.7683716e-07,0.0,0.0,0.0,0.05406691877520643,0.08658585471275729,0.07098976083885646,0.0,0.0,0.37996865123202167,31.684163085523263,0.051148687222552947,0.997296155519523,0.005789012003693417,0.5057890120036934,0.1330465051397237
NIFTY50,44,8,CNN-WGAN-GP,0.0005222918,0.0015067868,0.15984362,0.03313303,0.001232267955729075,7.79125839471817e-05,7.223679701483713e-06,0.05096307230647654,0.06705041387118399,0.06275785883248318,0.11746764,0.0,0.0024011250679782,18.50815802513488,0.04786189909519134,0.5696738461580679,0.028101108033241062,0.5281011080332411,0.23590146819028432
NIFTY50,44,8,GJR-GARCH,0.001322059,0.0008429941,0.07603062,0.5133152,0.0014335031008501592,0.00013864878565073013,1.2990046650083674e-05,0.049304657938191665,0.05743359770072857,0.05327830605820054,0.3132732,0.806451612903226,5.745888432915857e-07,1.4534832540404992,0.016318047346883913,0.1579611150098419,0.14791204986149586,0.6479120498614959,0.7882095067752121
NIFTY50,44,8,sb_abs,0.00032685965,0.0013990756,0.70910144,1.0055404,0.0013058760384425225,8.797738701105118e-05,3.9693366368566e-06,0.048193200897658245,0.061940720155835155,0.05432970772468252,0.7018485,0.20161290322580605,0.28350192061062646,30.74706067172698,0.03847563388438335,2.2587007608270477,0.11317774699907657,0.6131777469990766,0.628090285668868
NIFTY50,44,8,QuantGAN,0.0007599314,0.0009719138,0.15175006,2.0261805,0.0010305845637182916,5.708076059818268e-05,3.4958284480200488e-06,0.04305678040051134,0.07195515036350116,0.06418488751849509,1.94345,0.403225806451613,0.4778051726515626,32.47215545294066,0.08549504904852068,0.9140176501064086,0.19044529085872575,0.6904452908587257,0.9842805045603252
NIFTY50,44,8,GARCH,0.0017437629,0.002601293,0.14451548,0.104934216,0.002237577908140742,0.0002845544368028641,3.230123703887577e-05,0.04033736242039595,0.06143290737178177,0.05911951196700102,0.5157442,1.411290322580645,1.7641101291945544e-05,7.457287858979683,0.004719936909015066,0.16709523662742498,0.16591228070175434,0.6659122807017543,0.8711875055936351
NIFTY50,44,8,sb_r,0.0004106595,0.006341623,1.6320953,15.052491,0.003743983053596829,0.0004249047487974167,0.00010769747378179778,0.042069996121572334,0.08294681708357529,0.06533273648063187,0.7974889,1.008064516129032,0.06616114271601997,26.64796720506761,0.09099812914272065,2.0851590765138646,0.29521675900277,0.79521675900277,1.4672591306131075
NIFTY50,44,8,TimeGAN,0.00022801608,0.004042024,0.1615214,2.6832366,0.004133511439288983,0.0010897135362029076,2.5049339570593548e-05,0.07126988422591239,0.08436522608040832,0.07177766050765058,1.3074512,3.629032258064516,1.9510148125651344e-05,7.672903244573654,0.10123975021171627,1.9139182078337167,0.3561865189289012,0.8561865189289012,1.748319341007465
NIFTY50,44,8,iid,0.00024948377,0.0061683888,2.0731697,17.654728,0.0033438445624122165,0.00031773094087839127,7.275032213351366e-05,0.052581083240220323,0.09060433654114604,0.0688756868573546,1.5176363,1.411290322580645,0.985757730100424,36.34086362274114,0.14696445568889782,18.259352079458274,0.3661258079409049,0.8661258079409049,1.7941377707383455
NIFTY50,44,8,CONTROL: shuffled real,3.6379788e-11,0.0,3.3527613e-08,4.7683716e-07,0.0,0.0,0.0,0.05406691877520643,0.08658585471275729,0.07098976083885646,0.0,0.0,0.37996865123202167,31.684163085523263,0.051148687222552947,0.997296155519523,0.005789012003693417,0.5057890120036934,0.1330465051397237
NIFTY50,44,9,GJR-GARCH,0.00040967704,0.0026181573,0.31808156,0.008552074,0.001931225082510156,0.0001612938940525055,2.0314044638282297e-05,0.04743185851839371,0.05926483229734004,0.060412289273517675,0.013168573,0.20161290322580694,0.008198523180395186,21.42178628610052,0.009822426848155152,0.24208271359916456,0.14878485687903964,0.6487848568790396,0.7922329984911337
NIFTY50,44,9,sb_abs,0.00023052355,0.0013050754,0.15122862,0.79129314,0.0013407338268076464,0.00010208413004875183,3.633445500247021e-06,0.05384992845822126,0.06306747976690531,0.06338275363872527,1.3501129,0.6048387096774199,0.008317516535785082,21.456501684771112,0.02511487077532759,0.10023466613589171,0.08395498614958452,0.5839549861495845,0.49337833465227815
NIFTY50,44,9,QuantGAN,0.00015073217,0.00032384414,0.2398617,1.992764,0.001146181216299627,8.654128760099411e-05,2.4729626636970497e-06,0.055426302767154996,0.07744575794946286,0.06312820106599247,2.1106734,1.411290322580645,0.00035108175333758664,14.080806988381497,0.1120171632005943,1.2016039915991272,0.2536308864265928,0.7536308864265928,1.2755553399166337
NIFTY50,44,9,GARCH,0.0003870901,0.0052263755,0.10362205,0.5293751,0.003513609721729212,0.000400749035179615,8.808664967565016e-05,0.04969719318090938,0.10258574320469052,0.07043375730660045,0.21254706,0.806451612903226,1.8285156082750808e-05,7.53396709425412,0.004048333759674505,0.04682414248400235,0.1961495844875346,0.6961495844875346,1.0105763267745944
NIFTY50,44,9,CNN-WGAN-GP,0.0014648582,0.0033938065,0.22862428,0.5155668,0.0028272839899920383,0.00040083006024360657,3.214801392324563e-05,0.055454777370905504,0.06867632870096713,0.07289913945016452,0.85656977,0.6048387096774199,0.00017658631058384492,12.528977701458569,0.046654587949194304,0.669092372637361,0.14896191135734083,0.6489619113573408,0.7930491894845523
NIFTY50,44,9,iid,0.0006470307,0.0040637506,0.26456338,0.73392963,0.0027387198487700045,0.0002588275820016861,5.80435072879369e-05,0.043787617249181496,0.07478876671288162,0.06542505806573899,0.48768687,0.806451612903226,0.8399691779089293,34.921920374109284,0.08936664804721495,2.083352429139241,0.37362719298245606,0.8736271929824561,1.8287178783290896
NIFTY50,44,9,sb_r,0.0005931428,0.004042456,1.2048917,6.90417,0.0025674291361038716,0.00026978086680173874,2.7665374570505364e-05,0.05111005039070733,0.07801584191853181,0.06582179789576913,0.7290971,2.016129032258064,6.023567221520188e-07,30.597438764243556,0.10779889490269401,9.044498572446464,0.3050828716528162,0.8050828716528162,1.512740229776956
NIFTY50,44,9,TimeGAN,9.834204e-05,0.003860999,0.24127865,3.1582391,0.004287742344561617,0.0011878116056323051,2.9149700091039694e-05,0.06287258290802128,0.07293675354216247,0.06393519358971389,2.407105,2.82258064516129,5.991382661926765e-07,11.221802384033069,0.1329323977829946,2.2055020656912627,0.4418529547553094,0.9418529547553094,2.1432270215736406
NIFTY50,44,9,CONTROL: shuffled real,3.6379788e-11,0.0,3.3527613e-08,4.7683716e-07,0.0,0.0,0.0,0.05406691877520643,0.08658585471275729,0.07098976083885646,0.0,0.0,0.37996865123202167,31.684163085523263,0.051148687222552947,0.997296155519523,0.005789012003693417,0.5057890120036934,0.1330465051397237
NIFTY50,44,10,CNN-WGAN-GP,0.00078099326,0.001255814,0.1204244,1.3207779,0.0014368396955772352,0.00012845732271671295,5.492192789292852e-06,0.04577493084827438,0.06271517659071833,0.0625855897119618,0.49878597,0.403225806451613,4.267975794636761e-07,2.6637783249673674,0.020896647568656945,0.9481597704571918,0.054314635272391554,0.5543146352723916,0.3567413647216166
NIFTY50,44,10,sb_abs,0.0011137994,0.0019846763,0.5398262,0.17752457,0.0018402994855245152,0.00020377244800329208,1.477076185532856e-05,0.050457592451712115,0.05278068782296032,0.054703872761165256,0.27725816,0.403225806451613,6.023474549828658e-07,23.509625207164248,0.0189820126768373,0.5935617055274465,0.12403601108033235,0.6240360110803324,0.6781450339718421
NIFTY50,44,10,QuantGAN,0.0009957408,0.001829857,0.579828,1.7349381,0.0017543830945113868,0.00020633451640605927,7.313767831467604e-06,0.05616690185619518,0.05782883347943425,0.05321523782651639,1.9456654,0.6048387096774199,5.893271054791409e-05,10.083106078878703,0.0919284918911486,0.8272985524882785,0.14094598337950126,0.6409459833795013,0.7560971265817753
NIFTY50,44,10,sb_r,0.00028306624,0.0060528247,1.2430241,13.115718,0.0032689003691487987,0.0002841297537088394,0.0001044267389948589,0.043938545443234035,0.07366730820387601,0.0596253482051543,0.82299495,0.0,4.972593317912701e-08,0.1866272055636813,0.027368325396860183,3.0047200016908127,0.323723915050785,0.823723915050785,1.5986722653590408
NIFTY50,44,10,GJR-GARCH,0.0005656301,0.005072145,0.09197501,0.2839327,0.0036041555554339575,0.00042697321623563766,6.93443822459144e-05,0.06089432318112813,0.06978687206748874,0.06991767729487038,1.0100203,3.024193548387097,6.02351447737462e-07,24.639834176917233,0.10735920502799845,0.4564543683960274,0.2595173130193906,0.7595173130193906,1.3026907640784995
NIFTY50,44,10,GARCH,0.0005382846,0.005599253,0.15351298,2.2536583,0.003550063416187663,0.00037342868745326996,0.0001246139703112907,0.06310136218438857,0.09313445387873799,0.09001834989379859,1.1249499,0.20161290322580605,6.023570478383748e-07,112.4287644112438,0.058653277244740454,0.4888596493510535,0.25284141274238225,0.7528414127423823,1.271916000676101
NIFTY50,44,10,iid,0.00036555598,0.005636476,0.17553154,1.8120327,0.003515280719674073,0.0003721313551068306,0.00014275037239712334,0.0493828693809337,0.07708832269301638,0.0719144627951755,1.2058144,0.604838709677419,0.10081558755220897,27.773416245304183,0.07678346264840696,3.1496608024099233,0.31533564173591877,0.8153356417359188,1.5600037538612412
NIFTY50,44,10,TimeGAN,0.00019920891,0.00409839,0.17178082,3.339286,0.004676092795258749,0.0014060484245419502,2.9969474901576276e-05,0.06557605169073213,0.08423923264723271,0.07219094429776306,4.524439,3.629032258064516,6.023165167162749e-07,20.47845174906565,0.26890086170193594,2.2119586562220936,0.43506717451523547,0.9350671745152355,2.111945730253554
NIFTY50,44,10,CONTROL: shuffled real,3.6379788e-11,0.0,3.3527613e-08,4.7683716e-07,0.0,0.0,0.0,0.05406691877520643,0.08658585471275729,0.07098976083885646,0.0,0.0,0.37996865123202167,31.684163085523263,0.051148687222552947,0.997296155519523,0.005789012003693417,0.5057890120036934,0.1330465051397237
NIFTY50,44,11,GJR-GARCH,0.00092497957,0.0031242697,0.24784088,1.5297699,0.0023779229224258416,0.00024931132793426514,3.611663397305575e-05,0.04630748419673182,0.051692282215808516,0.053345674720185345,0.7775488,0.403225806451613,6.023473635785177e-07,23.489702677248765,0.018190395960164363,0.008554579641954163,0.14841297322253,0.64841297322253,0.7905186781646726
NIFTY50,44,11,CNN-WGAN-GP,0.000779858,3.951136e-05,0.17874601,1.5394678,0.0010406594296955883,9.131990373134613e-05,2.2910452609209794e-06,0.0485242351074703,0.08387935196282342,0.07800312453269725,1.341197,1.411290322580645,0.0001706049601709529,12.451556534776763,0.04918510712237201,0.4289964175129839,0.22304593721144972,0.7230459372114497,1.1345639325087034
NIFTY50,44,11,sb_r,0.00061410683,0.0064580142,1.511162,15.092614,0.0034145766015899813,0.00031086988747119904,9.285581644262641e-05,0.052905626372667026,0.07949950337526389,0.06263432376639684,0.16311693,0.403225806451613,9.224734725172926e-05,11.076617622930168,0.05648431745783744,2.0049386043878794,0.33498060941828245,0.8349806094182824,1.6505637094307735
NIFTY50,44,11,GARCH,0.0009858505,0.0073772967,0.24816203,0.8615413,0.005589537502803782,0.001040540635585785,0.00014286085634366956,0.04300232092035003,0.047553187259472905,0.0505966759021976,0.016421556,0.20161290322580694,5.970955647511225e-07,10.175878883409617,0.06283889143435784,0.07603274288882478,0.3784194367497692,0.8784194367497692,1.8508093059996913
NIFTY50,44,11,sb_abs,0.00032137352,0.0078729335,1.5922645,12.789777,0.004286509439651812,0.0004642922431230545,0.0001533008175595156,0.07153157254331745,0.07607766714412718,0.05749350264435634,1.3657615,1.2096774193548385,6.023570478322106e-07,53.19057161084276,0.04470996420569895,0.3025634663304473,0.27330724838411824,0.7733072483841182,1.3662600177483633
NIFTY50,44,11,QuantGAN,0.0012506087,0.007190517,0.22238365,1.6606278,0.004660669579626454,0.0005962420254945755,0.00022929341772032926,0.056819456547964366,0.08113364588003606,0.06370428386464483,0.38526845,1.411290322580645,6.023570478382697e-07,61.59679133443752,0.05094978069648948,0.9820978327366046,0.2720235457063712,0.7720235457063712,1.3603423670125148
NIFTY50,44,11,TimeGAN,0.00069112075,0.003071649,0.11069561,3.1994612,0.003540509318095209,0.000905902124941349,1.9813120709264068e-05,0.06766459803606267,0.08130243932828307,0.07410673822654644,3.7295332,3.629032258064516,0.004173892385512005,19.80981554463951,0.10864904089567129,2.0112048129804654,0.4548942751615881,0.9548942751615881,2.203345287770683
NIFTY50,44,11,iid,0.0011294705,0.007765405,0.9996772,12.03048,0.004588694286209808,0.0006215721368789673,0.00019646866700675903,0.0501006507629063,0.0907673613121733,0.07079548860463547,1.6399821,1.2096774193548385,0.9923429885055716,36.49376652229339,0.14669260191240951,13.385423625138056,0.4113799630655587,0.9113799630655587,2.002751719291926
NIFTY50,44,11,CONTROL: shuffled real,3.6379788e-11,0.0,3.3527613e-08,4.7683716e-07,0.0,0.0,0.0,0.05406691877520643,0.08658585471275729,0.07098976083885646,0.0,0.0,0.37996865123202167,31.684163085523263,0.051148687222552947,0.997296155519523,0.005789012003693417,0.5057890120036934,0.1330465051397237
NIFTY50,44,12,QuantGAN,1.887721e-05,0.00015046727,0.36695194,0.9993844,0.000451298272681257,1.5127472579479218e-05,4.685957871769345e-07,0.05165502077550627,0.062403341579556584,0.06031972726661479,0.7845683,0.20161290322580694,0.02808879620854169,24.44740448878869,0.04759142227753144,0.05638650667237233,0.1344676823638043,0.3655323176361957,0.5135129708350318
NIFTY50,44,12,CNN-WGAN-GP,0.0007768879,0.00036322698,0.40810338,1.6909089,0.0010407704382767828,8.735805749893188e-05,9.346776888020335e-07,0.05226166240754537,0.08139547195198248,0.06449986490741139,0.929266,0.20161290322580605,0.014804033908312426,22.857745217840254,0.035881198429493,0.717918121421663,0.14379547553093253,0.6437954755309325,0.7692328001446803
NIFTY50,44,12,GJR-GARCH,0.0003951573,0.0026028343,0.12243333,0.50158644,0.0022468335785372205,0.0002403566613793373,1.5690338895088435e-05,0.043693332961411216,0.07508911627701309,0.06508568095596275,0.07353616,1.411290322580645,0.4187897538982472,32.0114933347305,0.04257251069080226,0.6111443650157913,0.16842959372114497,0.668429593721145,0.8827918899263861
NIFTY50,44,12,GARCH,0.00049465,0.004572549,0.115281135,0.07867813,0.0035031910715414122,0.0004678899422287941,7.160627410474757e-05,0.043121924657607454,0.05938265878241509,0.057413361252692995,0.005002022,0.403225806451613,0.18344886377907374,29.447289539301142,0.010379939725883691,0.6912304887430176,0.28922945521698984,0.7892294552169898,1.4396586797705075
NIFTY50,44,12,sb_abs,0.00028413115,0.0070076343,1.7056746,17.161861,0.003030660846030926,0.0001782551407814026,0.00014144645900991627,0.06475417976384051,0.0816672236827435,0.05902179560478544,1.9097918,0.604838709677419,6.023570478345478e-07,54.175772200776855,0.008267770889455517,0.9605027767875391,0.0966234995383195,0.5966234995383195,0.5517780239857364
NIFTY50,44,12,sb_r,0.00060689094,0.0051060654,0.229029,1.5849228,0.00326542408240016,0.00031927693635225296,9.499583599806553e-05,0.04695818463835167,0.06876314389053732,0.06561491901265981,0.5932543,0.806451612903226,5.833279609354296e-07,7.4326713777671,0.0022757860199686952,2.099108711057613,0.2738243305632503,0.7738243305632503,1.368643678537484
NIFTY50,44,12,iid,0.0011127685,0.003810958,0.044647954,0.40373182,0.002948758615852123,0.0003619743511080742,5.589108564976145e-05,0.0476774970733095,0.08383454193361103,0.07370497584721307,0.4668479,0.20161290322580694,0.911244350563887,35.471952513782135,0.08962745528997196,1.4893975947243598,0.29560503231763613,0.7956050323176361,1.4690490044735098
NIFTY50,44,12,TimeGAN,0.00054861256,0.0037718862,0.16159633,3.0611684,0.00398571120901502,0.001073676161468029,2.7851366846914653e-05,0.08253831888665446,0.08464348503854126,0.0725548862447613,1.4235768,2.6209677419354835,5.949318196499818e-07,9.441846117888453,0.13367500459616155,1.9748357187527863,0.4310579409048938,0.9310579409048938,2.0934638460636212
NIFTY50,44,12,CONTROL: shuffled real,3.6379788e-11,0.0,3.3527613e-08,4.7683716e-07,0.0,0.0,0.0,0.05406691877520643,0.08658585471275729,0.07098976083885646,0.0,0.0,0.37996865123202167,31.684163085523263,0.051148687222552947,0.997296155519523,0.005789012003693417,0.5057890120036934,0.1330465051397237
NIFTY50,44,13,GJR-GARCH,3.6773454e-05,0.0012834119,0.22542942,0.04839897,0.0008705999061023262,3.1288713216781616e-05,7.281222349205939e-06,0.05630601044482319,0.04420566615066491,0.05009145083051408,0.114609,1.814516129032258,6.023330751568323e-07,21.583993180999755,0.012195503450580625,0.24630733849829456,0.01715489381348112,0.4828451061865189,0.02727900656245651
NIFTY50,44,13,GARCH,0.00027243097,0.00011956319,0.30322212,1.16815,0.0005719470713890746,1.7904676496982574e-05,1.8139675833626207e-06,0.054945828459458425,0.051790454289730406,0.04232987945113564,0.75652266,1.411290322580645,1.9180875026520876e-05,7.636401127820442,0.025610965631412963,0.30751431665530937,0.037261080332409935,0.46273891966759007,0.06540708930022923
NIFTY50,44,13,sb_abs,0.0008542677,0.00066348724,0.24076769,0.2905674,0.0010243440487873881,8.025020360946655e-05,3.410928628045288e-06,0.05195133481785888,0.05322050149319693,0.05401729551376775,0.44973183,0.0,0.0007201274944329077,15.719340931262295,0.05074456062279609,0.34249842597617075,0.0913979686057248,0.5913979686057248,0.5276892162699655
NIFTY50,44,13,CNN-WGAN-GP,0.00045236349,0.0026285509,0.34362257,0.47062492,0.0018605585697824359,0.00013789720833301544,2.487051076916192e-05,0.041902366779977454,0.05456431131460704,0.05863345137651777,0.6756902,0.6048387096774199,6.022365892075749e-07,18.181892279177013,0.01121180894015128,0.1760348485879799,0.1232765466297322,0.6232765466297322,0.6746440321878211
NIFTY50,44,13,QuantGAN,0.00012979648,0.0011469498,0.47057676,1.4238143,0.001340300051392403,9.875837713479996e-05,4.517311977591436e-06,0.0472499401125242,0.06963792707305401,0.0638521210491308,1.0894909,0.0,3.2584111360448435e-05,8.7825133063448,0.043570890613784274,0.8988396073465093,0.13862534626038792,0.6386253462603879,0.7453993846563162
NIFTY50,44,13,iid,0.0006512568,0.0050551323,0.31616893,3.6746159,0.0033002700921038533,0.00035049114376306534,6.063203556116772e-05,0.04657905369880609,0.07827704417752102,0.06875373790651793,0.50853705,0.403225806451613,0.93432225969447,35.68179890606352,0.13436806384630828,4.858370717012751,0.32127262234533716,0.8212726223453372,1.5873722234306151
NIFTY50,44,13,sb_r,0.0011314289,0.0069055706,2.24756,24.804092,0.0036869970308589886,0.00037583988159894943,8.42347420036608e-05,0.04488373102503829,0.07544598215958104,0.0630352083980688,1.0752244,1.008064516129032,0.7237017028089843,34.141631001337025,0.10359584462329874,26.895659475887207,0.33166251154201287,0.8316625115420129,1.6352678432777283
NIFTY50,44,13,TimeGAN,0.000109586275,0.0035778508,0.22348398,3.3497336,0.004148514723183435,0.0011639166623353958,2.4013985949702095e-05,0.06211894755600952,0.08973055925220251,0.07419898591149832,9.984179,4.032258064516129,4.538434070938213e-07,3.02419961548096,0.23034308675283877,2.2456592744287613,0.4487610803324099,0.9487610803324099,2.175072304062581
NIFTY50,44,13,CONTROL: shuffled real,3.6379788e-11,0.0,3.3527613e-08,4.7683716e-07,0.0,0.0,0.0,0.05406691877520643,0.08658585471275729,0.07098976083885646,0.0,0.0,0.37996865123202167,31.684163085523263,0.051148687222552947,0.997296155519523,0.005789012003693417,0.5057890120036934,0.1330465051397237
NIFTY50,44,14,GJR-GARCH,0.0009806514,0.0022961805,0.19491321,0.4505906,0.0018372751748313109,0.0001705065369606018,2.6127773368693534e-05,0.05091488654608838,0.04128852055873722,0.04920058870542562,0.60698843,0.20161290322580605,0.007441160484051029,21.18862937606864,0.026660271251159218,0.09262360987613949,0.11317820867959372,0.6131782086795937,0.6280924139374301
NIFTY50,44,14,QuantGAN,0.0002472106,0.0018692091,0.4264149,0.79545355,0.0016261233861286889,0.00013091601431369781,1.0113023636250263e-05,0.044232032917207106,0.07744246296933852,0.060015995583671614,0.8603096,0.0,0.16741616853128613,29.18444252791155,0.07526891436761718,0.19015165699800907,0.17869598337950143,0.6786959833795014,0.9301181979332417
NIFTY50,44,14,GARCH,0.0012130428,0.002417597,0.24754253,0.89412785,0.002237350089865414,0.0002779262140393257,1.8957352205209213e-05,0.052393215632764625,0.05203273314400576,0.05776461875153473,0.71595097,0.20161290322580694,0.6365866882200247,33.5746813745477,0.0015504522361761142,0.054117655661236164,0.19709510618651904,0.697095106186519,1.0149350207889871
NIFTY50,44,14,CNN-WGAN-GP,0.00045665828,0.0042986665,0.28069746,0.12507439,0.0032442784159847572,0.0003955196589231491,5.6714218918410045e-05,0.061646627231966705,0.08328865221235901,0.08182792848761893,0.16251016,0.20161290322580694,6.023556477016366e-07,27.546196934862444,0.03947445819069939,0.6350512389718164,0.28597045244690666,0.7859704524469067,1.4246352319933613
NIFTY50,44,14,sb_r,0.00030620748,0.0071812486,2.271665,21.21885,0.003187791707880882,0.0002159029245376587,8.592508373088898e-05,0.05112080652615987,0.07768605556571856,0.06194091089681024,1.4433498,0.806451612903226,0.024311968289621604,24.085490677820147,0.07544946595497504,5.69643898222441,0.27608910433979683,0.7760891043397968,1.3790838999669763
NIFTY50,44,14,sb_abs,0.00020054114,0.006219548,0.25128928,0.4129572,0.004305681581958117,0.0005862098187208176,8.755248966812735e-05,0.06913769339327701,0.11294850668404251,0.09943856145109749,0.5937195,0.403225806451613,6.023570476629679e-07,46.25940836664862,0.014398487452011,0.23827080626994857,0.27775138504155117,0.7777513850415512,1.386746730923431
NIFTY50,44,14,iid,0.0013181847,0.0055685258,0.37260154,4.106845,0.003298699966279628,0.00032052770256996155,0.00011016667736040671,0.04384222961612977,0.09227462229086086,0.07318353958282386,0.69217753,0.403225806451613,0.8670446182960296,35.11935628162317,0.14573612852996232,5.290599239806917,0.37266228070175456,0.8726622807017546,1.8242697970351065
NIFTY50,44,14,TimeGAN,0.00013155746,0.003133485,0.21423072,3.2850895,0.0037870020713397,0.0009543858468532562,2.0239908589268483e-05,0.06849315824103541,0.08608805905329063,0.07838622111157748,5.9484844,3.830645161290322,4.346285344442781e-07,2.7621065513690723,0.16448648471351912,2.1946402411236985,0.4340801015697139,0.9340801015697139,2.107395492068608
NIFTY50,44,14,CONTROL: shuffled real,3.6379788e-11,0.0,3.3527613e-08,4.7683716e-07,0.0,0.0,0.0,0.05406691877520643,0.08658585471275729,0.07098976083885646,0.0,0.0,0.37996865123202167,31.684163085523263,0.051148687222552947,0.997296155519523,0.005789012003693417,0.5057890120036934,0.1330465051397237
NIFTY50,44,15,sb_abs,0.00019563735,0.0008250857,0.09632725,0.63332367,0.0007678676229233831,3.475695848464966e-05,1.4508520887395809e-06,0.04179821566794999,0.06968485907884314,0.05942496115312679,0.15736389,0.403225806451613,0.11827513058649554,28.210224051924413,0.049016606127312734,1.4724409169241985,0.051345567867036035,0.551345567867036,0.34305446960122765
NIFTY50,44,15,GJR-GARCH,0.0012389806,0.00037640426,0.8975563,5.7865486,0.001273095211625869,8.619297295808792e-05,6.650718213703601e-06,0.05032919332734309,0.05482224579209287,0.0522892858691921,0.16569448,0.20161290322580694,5.88008759627436e-07,8.036056273088477,0.032043599266007194,0.13346533731163568,0.1283155586334257,0.6283155586334257,0.6978730194046593
NIFTY50,44,15,GARCH,0.001106776,0.00072314125,0.22041032,0.031456947,0.0012033263435394898,9.719282388687134e-05,5.10230139252774e-06,0.04686413343879394,0.0625319507275708,0.05346137291198829,0.3886001,0.806451612903226,0.0029972109700069547,19.02837704526303,0.051448130198786024,0.01135890850728316,0.09609141274238231,0.5960914127423823,0.5493251944683599
NIFTY50,44,15,CNN-WGAN-GP,0.00079980225,0.0016239807,0.14261481,0.15907478,0.0014307159928489096,0.00010769069194793701,8.17731072446584e-06,0.04509403654024936,0.06586026000324637,0.06209728066023672,0.2622006,0.20161290322580694,0.016066252116421348,23.058718120494206,0.0119384698302758,0.3813537476054898,0.16486819021237298,0.664868190212373,0.8663744262413167
NIFTY50,44,15,QuantGAN,0.0001749069,0.003579976,1.0944836,5.490185,0.0018159051932565456,9.428244084119797e-05,3.563200543507103e-05,0.061810513267992064,0.12175401101354509,0.08859779486287152,0.749254,1.209677419354839,6.023570478383745e-07,73.80622070362642,0.03575598375112765,0.452432563967883,0.037490304709141276,0.5374903047091413,0.279184065929881
NIFTY50,44,15,iid,7.5975535e-05,0.0035268022,0.121293195,0.84778595,0.002332036807031602,0.00018660537898540497,3.952355741684378e-05,0.05056343068485148,0.08745196255855263,0.07565263747790596,0.12107563,0.806451612903226,0.07940591947337076,27.13125944357143,0.1724470803950664,2.0312455610675055,0.31740397045244695,0.817403970452447,1.5695383970177244
NIFTY50,44,15,sb_r,0.00070614245,0.0050981175,1.1706096,4.6498604,0.0033788386708298755,0.0003926306962966919,7.886005748957555e-05,0.05781074556871317,0.07740083990676794,0.06677508012304316,1.3026252,0.403225806451613,2.3014923848921004e-07,0.7015864219277219,0.07712653986283691,3.1399376304794036,0.3237054478301016,0.8237054478301016,1.5985871346165714
NIFTY50,44,15,TimeGAN,0.0007433111,0.0036572209,0.36418313,2.919388,0.003948374014032102,0.001011362299323082,2.793261140091063e-05,0.06578951618517749,0.07718448712970712,0.06505854341055965,2.3349428,3.4274193548387095,1.2804697963150757e-05,6.777353741692838,0.12907272911162815,1.9078590590974454,0.3649254385964913,0.8649254385964913,1.788604272477887
NIFTY50,44,15,CONTROL: shuffled real,3.6379788e-11,0.0,3.3527613e-08,4.7683716e-07,0.0,0.0,0.0,0.05406691877520643,0.08658585471275729,0.07098976083885646,0.0,0.0,0.37996865123202167,31.684163085523263,0.051148687222552947,0.997296155519523,0.005789012003693417,0.5057890120036934,0.1330465051397237
NIFTY50,44,16,GARCH,0.00043776413,0.0016394919,0.19578066,0.40110207,0.001490075150580388,0.00012105237692594528,6.813048335904702e-06,0.05301607882254757,0.05164635693683522,0.057288811719918155,0.15999627,0.604838709677419,0.0010699735792176921,16.630051863024768,0.039935578388125226,0.29418833146435874,0.0015355493998152614,0.5015355493998153,0.11343876688064367
NIFTY50,44,16,GJR-GARCH,0.00036146294,0.0013091518,0.033813395,0.8370724,0.0012605102626793957,8.365325629711151e-05,7.5191098431480046e-06,0.05393629702623002,0.0641947718220763,0.06487293462065281,0.15379763,1.008064516129032,4.646461765711453e-05,9.559368978984644,0.02808731501967987,0.6002333705241085,0.06794436749769162,0.4320556325023084,0.20685181791180518
NIFTY50,44,16,CNN-WGAN-GP,0.00043329294,0.0017818343,0.30316654,0.049881935,0.0015900079394069264,0.00014161225408315659,1.4269715512238568e-05,0.05118428587564267,0.0625286004296504,0.05483791015431052,0.57668805,0.806451612903226,1.4946558021238407e-06,2.710728375926493,0.011343296241583811,0.35200361077116993,0.11471583564173593,0.6147158356417359,0.6351806123822218
NIFTY50,44,16,sb_r,0.00026315034,0.005459843,0.048027225,0.36232042,0.003805432394660013,0.0004583848640322685,0.00010512491744148832,0.04662328506587073,0.07904199734446593,0.06914139881409938,1.3951755,1.008064516129033,0.0005691966929407947,15.18100015158338,0.016434173819883324,1.011557312916378,0.34920544783010166,0.8492054478301017,1.7161377920857739
NIFTY50,44,16,sb_abs,0.0003220475,0.008113001,1.6481434,12.524407,0.004228445707272408,0.0004190029576420784,0.00015769262733374178,0.06721752053243107,0.07064705641474575,0.056941938698582814,1.294338,0.20161290322580605,6.023570477874811e-07,48.823011951708246,0.10296730677761534,1.1267412701673702,0.2751929824561403,0.7751929824561403,1.3749529306886876
NIFTY50,44,16,QuantGAN,8.028816e-05,0.007912355,0.5172044,1.2206421,0.004787750880603147,0.000567067414522171,0.00022536745859330992,0.05695926783082541,0.08184990569949151,0.06882611334178364,0.28993773,1.814516129032258,6.023570478382402e-07,61.08510972540662,0.029823292482779262,0.5812904852920635,0.16105840258541093,0.6610584025854109,0.8488119540700454
NIFTY50,44,16,iid,0.0009449835,0.006074989,0.78173053,4.469429,0.0038055625672719167,0.0004426976665854454,0.00011963495327800918,0.05142530364682898,0.08698091228026897,0.07535753887263126,1.2193801,0.20161290322580605,0.9624261002253244,35.98598140932433,0.12148834841412015,4.65768720617072,0.3896551246537395,0.8896551246537395,1.9026039138518667
NIFTY50,44,16,TimeGAN,0.0005666708,0.0036282567,0.25325382,3.3938131,0.004177982970916109,0.0011642826721072197,2.7713983666014166e-05,0.08193056346382946,0.0936912209528964,0.08104960932891117,11.049489,4.637096774193548,6.023552316469063e-07,27.001188895555174,0.19280297600820162,2.2147350570454494,0.44848268698060956,0.9484826869806096,2.173788958119868
NIFTY50,44,16,CONTROL: shuffled real,3.6379788e-11,0.0,3.3527613e-08,4.7683716e-07,0.0,0.0,0.0,0.05406691877520643,0.08658585471275729,0.07098976083885646,0.0,0.0,0.37996865123202167,31.684163085523263,0.051148687222552947,0.997296155519523,0.005789012003693417,0.5057890120036934,0.1330465051397237
NIFTY50,44,17,QuantGAN,0.00011302596,0.0037065307,1.2149006,5.0816927,0.0025259899466224425,0.00024408195167779922,4.3725921918076675e-05,0.04807822936098091,0.06044008337892592,0.05372397581653786,0.23658133,0.20161290322580694,0.047151060576889864,25.76569806701774,0.05243400770753859,0.6967003513224999,0.1297721606648199,0.6297721606648199,0.7045877067168695
NIFTY50,44,17,GARCH,0.00011582447,0.004912789,0.614652,0.21849823,0.003611957761333521,0.0004589492455124855,5.470633345034017e-05,0.05948896820307709,0.06799444227013737,0.06068506479583448,0.52183056,0.403225806451613,0.2964888813312385,30.886436262088274,0.013137426948052977,0.943668468540297,0.19751338873499535,0.6975133887349954,1.0168632321059001
NIFTY50,44,17,sb_r,0.00076084194,0.006267229,1.7231365,15.866017,0.0036301165137597167,0.00040580611675977707,6.874194114745654e-05,0.04601031151134521,0.06934743482852354,0.057848131435748656,0.7963402,1.411290322580645,3.7058122889542085e-05,9.063421861252714,0.02121671628426436,1.6986011118590838,0.3040030009233611,0.8040030009233611,1.5077622096111052
NIFTY50,44,17,CNN-WGAN-GP,0.0007224955,0.0060738446,0.08525247,1.07374,0.0047693488815479775,0.0008045453578233719,9.823932570586974e-05,0.05199174609151669,0.07236111723817885,0.06089375395938987,1.6789246,1.008064516129033,6.023491055052787e-07,23.906215772879747,0.003311134406894345,0.5454216180254736,0.30803231763619576,0.8080323176361958,1.5263366734834725
NIFTY50,44,17,sb_abs,0.00033358726,0.008890962,1.4442378,9.853078,0.004798926771441406,0.0005084909498691559,0.00022340556465928762,0.06148664478911087,0.0681062682857737,0.058753254050097896,0.45074725,1.209677419354839,6.023570467668977e-07,42.504951855259726,0.052199344562082195,2.040120683123659,0.2415343951985225,0.7415343951985225,1.2197925753311396
NIFTY50,44,17,iid,0.0008276062,0.0053209476,0.20132759,2.1270375,0.0034787137396218417,0.00036871712654829025,9.15039275771193e-05,0.05227137420835788,0.07710855233715846,0.07081935963506111,0.4366591,0.6048387096774199,0.9541199220116303,35.88789451148193,0.14492844998314647,3.283572492167922,0.40129155124653726,0.9012915512465373,1.956245858815611
NIFTY50,44,17,GJR-GARCH,0.00050559,0.009616792,1.0876718,5.818001,0.005308666727516665,0.0006090681999921799,0.0003570486448231896,0.067392362622777,0.18227289094123988,0.09829483124281978,1.216779,0.403225806451613,1.0550338797345794e-06,2.1981601209263246,0.019735463045553625,1.0297705171451428,0.1786645891043397,0.6786645891043397,0.9299734756710444
NIFTY50,44,17,TimeGAN,0.0003090452,0.0032534022,0.1563901,3.0631523,0.0038528722264651776,0.001003527082502842,2.0121069279385843e-05,0.07891395289625507,0.07635844819713383,0.06504671458649681,3.361833,3.629032258064516,1.1992870549383255e-07,0.4807559756919346,0.144861579518357,1.917369407278085,0.413766620498615,0.913766620498615,2.0137538036217117
NIFTY50,44,17,CONTROL: shuffled real,3.6379788e-11,0.0,3.3527613e-08,4.7683716e-07,0.0,0.0,0.0,0.05406691877520643,0.08658585471275729,0.07098976083885646,0.0,0.0,0.37996865123202167,31.684163085523263,0.051148687222552947,0.997296155519523,0.005789012003693417,0.5057890120036934,0.1330465051397237
NIFTY50,44,18,GARCH,0.0007562393,0.0020022206,0.23853973,1.6496291,0.001651139328334152,0.0001571662724018097,1.3117823737705268e-05,0.0505717071366962,0.0432896040356718,0.040240694517560766,0.42803884,0.0,1.957578828418888e-06,3.1458081199705106,0.008006245224363329,2.5482870543131844,0.08316851338873499,0.583168513388735,0.48975282915739654
NIFTY50,44,18,GJR-GARCH,0.0005771117,0.0013465695,0.20687911,0.57388926,0.0012645152668540056,0.00010397005826234818,5.1591195965627795e-06,0.0462263299227925,0.06384840656421148,0.05294407286361093,0.42692995,0.403225806451613,0.00017018716923248054,12.446049191578215,0.01520931410147619,1.6552630661740002,0.12268190212373042,0.6226819021237304,0.6719028222803326
NIFTY50,44,18,sb_r,9.625197e-05,0.0037582917,0.6579606,1.6301208,0.002511522392271929,0.00022579170763492584,3.908868031765605e-05,0.041017865992325826,0.08721624386962504,0.07205489533807849,0.085835695,0.403225806451613,0.6798632841602791,33.85713446775203,0.04073848561273141,3.2202694907186498,0.26235803324099727,0.7623580332409973,1.3157860005387314
NIFTY50,44,18,CNN-WGAN-GP,0.00054115016,0.0029197568,0.11138254,1.105783,0.0025597377078701166,0.0003094775602221489,2.1036619226435247e-05,0.056723634485351795,0.05226265058969148,0.05454793155920925,0.685699,0.20161290322580694,0.17726805705277124,29.34843215676289,0.01678943503574748,0.6876867138969271,0.299006001846722,0.799006001846722,1.484726894833383
NIFTY50,44,18,QuantGAN,8.305506e-06,0.004936955,0.772554,1.8648438,0.003290897958165825,0.00034983642399311066,7.042696724673925e-05,0.05542870186269283,0.10502891576383262,0.09256777319678804,0.17285824,1.008064516129033,6.023570478366334e-07,55.8024889390902,0.0371273755531506,0.7409632244868884,0.08552216066481999,0.58552216066482,0.5006027422850196
NIFTY50,44,18,sb_abs,0.0017437618,0.008453732,1.6713403,15.224229,0.0053390091891957064,0.0008469000458717346,0.00015684689610381036,0.060654886973788964,0.0790556131163612,0.054382830687973185,0.35231447,0.604838709677419,0.9501056310618862,35.84338386013191,0.07800557440135525,4.060871660170842,0.27112303785780245,0.7711230378578025,1.3561911791828898
NIFTY50,44,18,TimeGAN,0.00030866973,0.0034688264,0.2167651,3.3249779,0.004015701133314927,0.0010832017287611961,2.439989897588947e-05,0.08027121327235363,0.08315086382790468,0.07244992135238135,4.4091835,3.225806451612903,5.464841223677591e-07,5.125668686164111,0.13844987433745704,2.135486542642426,0.46129847645429367,0.9612984764542937,2.2328675651245127
NIFTY50,44,18,iid,0.00059918204,0.00559867,0.56702983,2.8103666,0.00334876288584401,0.0003215968608856201,0.00010455280854267026,0.05322444023651769,0.09071372359059751,0.07714809226192301,0.71077967,0.806451612903226,0.2727727939114952,30.627990002849486,0.16084479178947286,3.900801792500263,0.42379016620498633,0.9237901662049863,2.0599606423651053
NIFTY50,44,18,CONTROL: shuffled real,3.6379788e-11,0.0,3.3527613e-08,4.7683716e-07,0.0,0.0,0.0,0.05406691877520643,0.08658585471275729,0.07098976083885646,0.0,0.0,0.37996865123202167,31.684163085523263,0.051148687222552947,0.997296155519523,0.005789012003693417,0.5057890120036934,0.1330465051397237
NIFTY50,44,19,sb_abs,0.00073864154,0.001336759,0.06572986,0.05876398,0.001128053172755751,7.313396781682968e-05,7.205331834403721e-06,0.04809963859501295,0.05894257162231952,0.062375156421621794,0.11459589,0.6048387096774199,2.2868422165213488e-05,8.014579166554586,0.0836710578787162,0.031055008485381563,0.006883887349953821,0.5068838873499538,0.1380936940338308
NIFTY50,44,19,GARCH,0.0015408277,0.001098603,0.6597242,0.97577715,0.001555408385395331,0.00013675633817911148,1.3128062918021786e-05,0.0472114571883867,0.06833768021780998,0.0680021383901476,0.0914588,0.403225806451613,0.5728822730583415,33.14912469993236,0.02433528609229796,0.8224845566219505,0.021343028624192018,0.521343028624192,0.20474787298390035
NIFTY50,44,19,GJR-GARCH,0.0011442407,0.0006158375,0.25216144,0.13920736,0.001179729714578109,8.97413119673729e-05,4.357026186589699e-06,0.04751275211689063,0.07309313734440366,0.06958559259626781,0.6339264,1.008064516129032,0.9113503011563922,35.472863707478645,0.06689875435906034,1.0109915905328695,0.017718836565096985,0.517718836565097,0.18804096477443832
NIFTY50,44,19,CNN-WGAN-GP,0.00093942194,0.001578344,0.008009326,1.5783439,0.0016925840436862651,0.00017141178250312805,1.2200379409451361e-05,0.05324350911541842,0.07494950502878055,0.06225084576784866,0.55980015,0.0,0.08094680824352832,27.182525164550626,0.07241548757965721,0.5813920386134726,0.22100669436749765,0.7210066943674976,1.125163370271608
NIFTY50,44,19,QuantGAN,0.0011358242,0.002516253,0.52743685,0.27682018,0.002117290684264704,0.00023498199880123138,1.9800590582067984e-05,0.054684819093236,0.058857138394378124,0.05751646511169383,1.1520181,0.806451612903226,5.994120512261321e-07,11.410858992368162,0.040608668574303786,0.7696217644393952,0.10903693444136664,0.6090369344413666,0.6090018449388473
NIFTY50,44,19,sb_r,8.701408e-05,0.0037861364,0.05927946,0.5462179,0.002550014335448917,0.00022534653544425964,4.508940092128909e-05,0.052094622406875714,0.0769773558434099,0.0687478431002819,0.53620195,0.20161290322580694,4.6711743134724146e-06,4.726325883072825,0.020505605185074827,0.629841885332671,0.28998037857802406,0.7899803785780241,1.443120308586137
NIFTY50,44,19,iid,2.6180627e-05,0.0073862076,1.2569393,9.079252,0.004138540238653466,0.00042493734508752823,0.000143398754501906,0.04813538618094754,0.08599572292761877,0.06909735736408038,0.5315311,0.806451612903226,0.9670736950300235,36.04527454573191,0.15372650737825455,10.26282309294307,0.4045639427516161,0.9045639427516161,1.9713310263810484
NIFTY50,44,19,TimeGAN,0.0007922514,0.0037838547,0.18622726,3.2990212,0.004170696457383692,0.0011587617918848991,2.8462697690203052e-05,0.08274759792140685,0.08418022536090575,0.07496452211082215,6.748089,3.830645161290322,1.4952590826650032e-05,7.105180637977458,0.1638581028218733,2.111477246298122,0.43726939058171743,0.9372693905817174,2.1220975712929344
NIFTY50,44,19,CONTROL: shuffled real,3.6379788e-11,0.0,3.3527613e-08,4.7683716e-07,0.0,0.0,0.0,0.05406691877520643,0.08658585471275729,0.07098976083885646,0.0,0.0,0.37996865123202167,31.684163085523263,0.051148687222552947,0.997296155519523,0.005789012003693417,0.5057890120036934,0.1330465051397237
SHANGHAI,42,0,TimeGAN,0.0011114696,0.003305775,0.41337225,11.0818615,0.003743533423992767,0.00047768279910087585,7.719980084008909e-05,0.05311418854384101,0.060821485777851195,0.049854379487223925,0.8902495,0.0,0.048598525136843346,74.0839640164986,0.06660436345845477,11.19753607984627,0.3251365918578706,0.8251365918578706,2.024486980309259
SHANGHAI,42,0,sb_r,0.00093789183,0.005207642,0.3038939,9.13216,0.004292375511406152,0.0005594491958618164,0.00015051872665124898,0.036916550347959855,0.06462991656037048,0.04703179465723224,0.6802759,1.4403292181069958,0.823766185613578,83.0482851402121,0.08131462403374856,9.863273427676093,0.3495548618337381,0.8495548618337381,2.195821992168882
SHANGHAI,42,0,GJR-GARCH,0.0006676479,0.00021343585,0.49083066,10.745013,0.0016391443937171849,0.00011756177991628647,5.467863504044469e-06,0.048478236436058066,0.10144259717548267,0.1118574747594539,2.0192242,1.6460905349794235,3.44267183830002e-06,52.0331700990441,0.10754545917862779,12.21166379305292,0.006239314347003588,0.4937606856529964,0.3006693422196235
SHANGHAI,42,0,sb_abs,0.00050084793,0.0020584203,0.45180258,10.400393,0.0011062860041117053,5.7464465498924255e-05,3.203239304712898e-06,0.056942956899147246,0.07268809184664861,0.06921354900230653,1.0553524,2.2633744855967075,0.0322966181402957,73.03964883230718,0.10300845053621732,11.273149201497588,0.3388260357242136,0.1611739642757864,2.6343215586884536
SHANGHAI,42,0,GARCH,0.0006731105,0.00064609013,0.49892822,10.517231,0.0017979790587483563,0.00013542454689741135,7.826635615614049e-06,0.04938395601566299,0.11047035556519404,0.11776084988960064,2.1293435,1.4403292181069958,7.785414266316114e-07,48.796450160879964,0.10688524726206161,12.198318161397406,0.0038021859617272113,0.5038021859617272,0.2302114196810846
SHANGHAI,42,0,iid,0.001042278,0.0063744644,0.1128709,9.2287655,0.004793423308800446,0.0006249342113733292,0.0002312119359344711,0.04468889728435897,0.06472977801924572,0.05135736814583652,0.44763064,1.234567901234568,0.11473604835737151,76.36690221018613,0.1606774885022556,9.418075830839008,0.35312383918445855,0.8531238391844586,2.2208643386298212
SHANGHAI,42,0,CNN-WGAN-GP,0.00013044721,0.0053473217,0.08742148,11.254401,0.005141618997105546,0.0008227825164794922,0.00011367618858871894,0.07051042468534434,0.10394272142322734,0.09758966540568509,1.8796186,1.4403292181069958,2.933915498739126e-06,51.68375940293433,0.025498552435725963,12.534653583341505,0.3222751123607944,0.8222751123607944,2.004408914825826
SHANGHAI,42,0,QuantGAN,0.00033252407,0.01554015,0.5627018,10.583973,0.012441547705765077,0.003512434661388397,0.0007425793480828036,0.08678166948477156,0.07559987647866365,0.05990228119771927,0.8485522,0.4115226337448554,0.28720791660947037,79.02759586623986,0.047515375772500756,10.602933632368376,0.4079490188264293,0.9079490188264293,2.605554687841562
SHANGHAI,42,0,CONTROL: shuffled real,5.820766e-11,0.0,5.9604645e-08,0.0,0.0,0.0,0.0,0.046350483982096194,0.07598293550428935,0.045030715017346665,0.0,0.0,0.9490790116835569,84.0725083076581,0.0805816226377506,0.7719062153596497,0.08538313370381029,0.4146168662961897,0.8559956303438748
SHANGHAI,42,1,CNN-WGAN-GP,0.00097122474,0.00037249178,0.4559817,9.244259,0.0017356563831159935,0.00015155784785747528,9.601267712686478e-06,0.04525661401232355,0.05824528723198455,0.04295733711333014,1.1246698,0.0,0.02833177712401692,72.70926609852748,0.06620091005024109,10.5090039045706,0.12673658004983968,0.6267365800498397,0.6323790050238107
SHANGHAI,42,1,iid,0.0005227063,0.0047652097,0.75922287,7.2499933,0.003466227813525412,0.0003184117376804352,0.0001907734826233705,0.04518150673058699,0.0556284587882692,0.05163483965094201,0.9932835,0.617283950617284,0.9924765945079055,84.73772906175603,0.04791814746382428,7.469818256967484,0.2545668789652229,0.7545668789652229,1.5293223921815353
SHANGHAI,42,1,GJR-GARCH,1.7768471e-06,0.0004283404,0.78147364,10.82291,0.0014932332309841154,8.470751345157623e-05,4.568040434918394e-06,0.049708017888333414,0.08649117794120684,0.07834464042156469,1.7891603,0.8230452674897117,0.009453159145615543,70.00556377753814,0.05534803869360361,11.906285557050044,0.09673753945235336,0.40326246054764664,0.9356657808298937
SHANGHAI,42,1,sb_abs,0.0008992828,0.0043267924,0.81304157,6.7153616,0.0037492144319669503,0.0004835333675146103,9.460608160208049e-05,0.04677078213324421,0.09218450773740187,0.06160373283200897,0.21838093,0.4115226337448554,1.7158029551641173e-06,50.51383762702101,0.014084448322784104,11.16808100029602,0.1925309284310326,0.6925309284310326,1.0940364226594097
SHANGHAI,42,1,GARCH,3.6782585e-06,0.00033003464,0.7748697,10.826448,0.0015334180930657584,8.966401219367981e-05,4.575879945337837e-06,0.04984900536175701,0.08700464079389349,0.07911643662373535,1.8656754,0.8230452674897117,0.008709519685149426,69.80763502400404,0.05495877235463875,11.917476566320143,0.07499723249274914,0.42500276750725086,0.7831211593461883
SHANGHAI,42,1,sb_r,0.000261105,0.0054164836,0.15920416,9.5244255,0.004451035873736135,0.0006080586463212967,0.00013805360993046037,0.04598554183714441,0.06643202383304014,0.05283101569046266,0.4782524,0.617283950617284,7.242276408698209e-05,58.760927538319876,0.08201571918844586,10.055203013786835,0.33533799258554053,0.8353379925855405,2.09606687177526
SHANGHAI,42,1,QuantGAN,0.0013471063,0.0076615727,0.25014833,8.196539,0.004885990521696513,0.0005033574998378754,0.00024142816862586378,0.06132524845786975,0.16476303454721347,0.12823812473216095,1.7918568,2.469135802469135,2.2040653644637583e-18,0.06661656933195559,0.04335151958285188,9.230014766481212,0.0518544758587266,0.5518544758587266,0.1069557779754705
SHANGHAI,42,1,TimeGAN,0.0026205585,0.0053219227,0.42154053,11.763855,0.0053398838349606615,0.0009191613644361496,0.00013179031339955068,0.0481792972398398,0.06551951890985946,0.05897435716469772,0.7710149,0.617283950617284,0.051132436922390424,74.21544727137253,0.09512557403650401,12.016676984525825,0.3744115049581431,0.8744115049581431,2.3702329249957916
SHANGHAI,42,1,CONTROL: shuffled real,5.820766e-11,0.0,5.9604645e-08,0.0,0.0,0.0,0.0,0.046350483982096194,0.07598293550428935,0.045030715017346665,0.0,0.0,0.9490790116835569,84.0725083076581,0.0805816226377506,0.7719062153596497,0.08538313370381029,0.4146168662961897,0.8559956303438748
SHANGHAI,42,2,GJR-GARCH,0.0002178332,7.758662e-05,0.6882307,10.666428,0.0015708595875074957,0.00010491441935300827,3.846172010078446e-06,0.05286967585081584,0.07142583074164577,0.06347908705938607,1.3213241,0.8230452674897117,0.01746247557919547,71.50417002417507,0.10186219093674254,11.711125526646367,0.13421598364587717,0.6342159836458772,0.6848595331323327
SHANGHAI,42,2,iid,0.00041024777,0.003958365,0.34016404,8.280144,0.0032879726626684545,0.00034753698855638504,7.37727768051924e-05,0.053417442643694815,0.05671089884242974,0.04301421663607471,0.4956398,0.617283950617284,0.8153844408918575,82.9903456599113,0.08591058535392493,8.13545372036336,0.2784235294696472,0.7784235294696472,1.6967167039467042
SHANGHAI,42,2,QuantGAN,0.00017162878,0.0019071763,0.6349697,6.079463,0.0017742533334484643,0.00010734423995018005,3.8223809017948956e-05,0.06256291318204603,0.10399873428279534,0.08257189465337433,0.9386723,1.4403292181069958,6.74327329856052e-17,34.49007707386876,0.00826636887224641,11.195281945775207,0.09282711320703657,0.40717288679296343,0.9082275991823124
SHANGHAI,42,2,CNN-WGAN-GP,0.00081627956,0.0025063697,0.32578644,10.642147,0.0033699662182432658,0.00042499788105487823,4.604787843725012e-05,0.041779888546006984,0.05171318852459081,0.04768059360445477,1.0412295,0.0,0.42651687421656675,80.31437286596427,0.038796158501626654,10.752998047051115,0.288969085099003,0.788969085099003,1.7707114177658103
SHANGHAI,42,2,GARCH,0.00021917303,2.8008595e-05,0.6772971,10.715002,0.0016326890386434258,0.00011369679123163223,4.191551889090628e-06,0.05279356973464019,0.07164707558113151,0.06332396963087376,1.3414927,0.8230452674897117,0.01931833783942376,71.7538103617994,0.10240177241082005,11.721920877233902,0.14830124254925536,0.6483012425492554,0.7836911867933505
SHANGHAI,42,2,sb_r,0.0010912421,0.0050431313,0.3652337,8.815031,0.00380379043366919,0.0003900062292814255,0.00010967248979068208,0.03779536800066126,0.0574288750521373,0.04613729433796834,0.75253844,1.8518518518518512,0.00010113817183092307,59.508501766667095,0.09167435876551822,9.377664899426868,0.2763064479228936,0.7763064479228936,1.6818618353471144
SHANGHAI,42,2,TimeGAN,0.0015339418,0.0048414143,0.4200988,11.370634,0.004827362276837788,0.0007372554391622543,0.00010436460937547596,0.06339368706932874,0.05828331533120945,0.051511076457099986,1.1820862,1.4403292181069958,0.005332802737700665,68.63174542518352,0.025891704123699566,11.531360909886107,0.3534394580113801,0.8534394580113801,2.2230789326820277
SHANGHAI,42,2,sb_abs,0.001962452,0.005901727,0.27622378,8.411737,0.004468354359010067,0.0005770139396190643,0.00014473077907607078,0.05771256144173094,0.1615678006061353,0.11702777864062228,1.320198,1.4403292181069958,1.8849161600977505e-14,11.705482075371734,0.021151545348011558,11.9195571445773,0.1427753300713649,0.6427753300713649,0.7449176667663254
SHANGHAI,42,2,CONTROL: shuffled real,5.820766e-11,0.0,5.9604645e-08,0.0,0.0,0.0,0.0,0.046350483982096194,0.07598293550428935,0.045030715017346665,0.0,0.0,0.9490790116835569,84.0725083076581,0.0805816226377506,0.7719062153596497,0.08538313370381029,0.4146168662961897,0.8559956303438748
SHANGHAI,42,3,GARCH,0.0004518408,0.00042473897,0.54454535,10.232286,0.0014385935590142589,0.00011000409722328186,3.5811613778001904e-06,0.04704904558151611,0.06351680821273475,0.05339715999201872,1.2852647,0.617283950617284,2.8896405089421116e-05,56.71563295297793,0.01453013405558945,11.517488034112048,0.11174161076302025,0.6117416107630202,0.527164211218558
SHANGHAI,42,3,GJR-GARCH,0.00045453498,0.00037910044,0.5528145,10.186265,0.0014460399932098662,0.00011161994189023972,3.583872379932151e-06,0.047065625360846755,0.06332809714018367,0.053470886951545255,1.2194581,0.617283950617284,2.4846588728034607e-05,56.38098297866809,0.01368485559518473,11.505141816791518,0.11233447231631755,0.6123344723163175,0.531324126780377
SHANGHAI,42,3,sb_abs,0.00083268504,0.0026049865,0.7494645,7.371434,0.002352341644808928,0.0001626778393983841,5.9397098877451597e-05,0.06229842449320131,0.06103472925402911,0.06355826791841537,0.8758695,1.4403292181069958,3.293919940251168e-11,27.325054872554603,0.10885906912547405,8.477613956969194,0.048771103780291925,0.5487711037802919,0.08532076484192978
SHANGHAI,42,3,iid,0.0008299799,0.003257935,0.025773674,10.4022045,0.0033999699208804575,0.00038790423423051834,5.983526637232901e-05,0.045846708227763884,0.05747915338666644,0.04846863706014119,0.48326778,0.4115226337448554,0.47112100578830823,80.66210673734757,0.10958847419220952,11.266032774026124,0.281358317158791,0.781358317158791,1.7173091490307282
SHANGHAI,42,3,CNN-WGAN-GP,0.00035381498,0.0030207187,0.04558888,10.167183,0.003378283092135665,0.0004236726090312004,2.9758300588620813e-05,0.04513813199926517,0.050636283399071544,0.04562432192848064,1.6297326,1.234567901234568,0.00014760789086640523,60.357752425359294,0.03709062162991272,11.675378060748928,0.3472094916888683,0.8472094916888683,2.1793652971620854
SHANGHAI,42,3,TimeGAN,0.0017955299,0.0024794675,0.17341718,10.8766165,0.0033187014829335402,0.0004078792408108711,5.4761254945980396e-05,0.05165348274182179,0.054075529486872255,0.04850806587492116,1.1411476,0.8230452674897117,0.00028876039371710584,61.873528264393215,0.04938786415649088,10.710209968086954,0.19092921823455178,0.6909292182345518,1.0827977462183294
SHANGHAI,42,3,QuantGAN,0.0008888667,0.0008490095,0.6346519,11.578047,0.0024765359119784127,0.00025653839111328125,1.2478225229549082e-05,0.045569447150774066,0.06090919249458238,0.06117912951274775,2.327949,2.2633744855967075,0.0625277039817555,74.73980390697564,0.06996034643760551,12.05040352479837,0.12890655173516552,0.6289065517351655,0.6476049864224844
SHANGHAI,42,3,sb_r,0.00030703717,0.0054445146,0.6287056,8.505104,0.004546003035890187,0.0006288029253482819,0.00015843580573731688,0.05206621591249132,0.0659339435074071,0.0479156706482172,0.7271197,0.617283950617284,0.9195098563006285,83.78458145348121,0.14670529151512468,8.622372649344769,0.3678683798151552,0.8678683798151552,2.324321956484067
SHANGHAI,42,3,CONTROL: shuffled real,5.820766e-11,0.0,5.9604645e-08,0.0,0.0,0.0,0.0,0.046350483982096194,0.07598293550428935,0.045030715017346665,0.0,0.0,0.9490790116835569,84.0725083076581,0.0805816226377506,0.7719062153596497,0.08538313370381029,0.4146168662961897,0.8559956303438748
SHANGHAI,42,4,CNN-WGAN-GP,0.0005463973,0.0010671923,0.79211557,5.863366,0.0014503352523476051,6.991904228925705e-05,1.73007155912813e-05,0.04838315035696723,0.0571361960307695,0.05082259385962971,0.29774833,0.4115226337448554,0.015008442134591822,71.13154698252549,0.04602425105553587,7.677409570559536,0.05918701706998475,0.44081298293001525,0.6721860501169237
SHANGHAI,42,4,sb_abs,0.0007940554,0.0043260558,0.433417,9.715908,0.00382635328033746,0.00045866891741752625,9.894355654701601e-05,0.0546700655251334,0.08499263535020873,0.0768123237520922,0.19613624,0.2057613168724277,1.2876828915837693e-14,10.915501194165671,0.016464906611998953,11.337026235079954,0.21319941058245584,0.7131994105824558,1.2390604001170389
SHANGHAI,42,4,iid,0.0013976278,0.004141721,0.5363246,7.6622934,0.0031005040257569,0.000280146487057209,8.472516108361644e-05,0.04623841849170276,0.06535076523054158,0.048146873837104066,1.1907623,2.2633744855967075,0.39156143395631854,80.02453198310569,0.1719897156342648,7.993917526187293,0.28890832293980606,0.7889083229398061,1.7702850695733743
SHANGHAI,42,4,sb_r,0.0008178923,0.005102339,0.5268359,8.645663,0.0039339638142655365,0.00041345320641994476,0.00015519307399451614,0.04979190383324749,0.05336044390045572,0.04172724934818689,0.9060235,2.05761316872428,0.005730489953253417,68.8032323053328,0.07680188724516945,9.397164471642876,0.3247132247486487,0.8247132247486487,2.0215163518105492
SHANGHAI,42,4,TimeGAN,0.000688468,0.0040859645,0.55452263,10.793517,0.004329208332140377,0.0006564799696207047,8.316385978112541e-05,0.046452502484753494,0.059686356257006995,0.04350132441326423,0.8116331,0.4115226337448563,0.1888758192242645,77.77197487664877,0.043530936115104946,10.71622410629475,0.3931144419598379,0.8931144419598379,2.5014653151758544
SHANGHAI,42,4,QuantGAN,0.00094068627,0.007642315,0.31262663,9.906918,0.006058063590680157,0.0009834207594394684,0.00018762167640502215,0.05636334914030158,0.10402914442354813,0.07958230035030284,1.376061,2.05761316872428,2.1532040299673763e-07,46.01661063332541,0.002233157701613253,10.805226731652231,0.2400818690144968,0.7400818690144968,1.4276858162018626
SHANGHAI,42,4,GARCH,0.001608484,0.016896829,0.36696976,10.332707,0.012479553127463667,0.0029664523899555206,0.0008901859964026293,0.05691109296385548,0.11478514414513484,0.0945889958681073,1.6625891,2.674897119341564,5.581082487496818e-05,58.17928537445332,0.005494788986834642,9.618788525144769,0.38545594989458876,0.8854559498945888,2.4477281818685763
SHANGHAI,42,4,GJR-GARCH,0.0016195029,0.017195225,0.37575516,10.303903,0.012649846390965199,0.00301157683134079,0.000927075990934664,0.056925942378438774,0.1172868486889638,0.09599317881395109,1.7129936,2.8806584362139915,3.106041275520596e-05,56.87582546972256,0.004092294102789218,9.621549499751733,0.3844168431721291,0.8844168431721291,2.4404371099461186
SHANGHAI,42,4,CONTROL: shuffled real,5.820766e-11,0.0,5.9604645e-08,0.0,0.0,0.0,0.0,0.046350483982096194,0.07598293550428935,0.045030715017346665,0.0,0.0,0.9490790116835569,84.0725083076581,0.0805816226377506,0.7719062153596497,0.08538313370381029,0.4146168662961897,0.8559956303438748
SHANGHAI,42,5,sb_abs,0.00077016494,0.0010349546,0.5797281,7.347595,0.00148693301506881,7.137656211853027e-05,1.3631424715988458e-05,0.05650415114840143,0.07133569105761126,0.06633063043584116,0.26738167,0.2057613168724277,6.158088673972102e-05,58.39875156996165,0.05541679234979291,9.678990819601085,0.048932480203098205,0.4510675197969018,0.6002333197457979
SHANGHAI,42,5,GJR-GARCH,0.0012570813,0.0029327944,1.5847368,8.445738,0.0030053323564282245,0.00031738635152578354,6.806143935633184e-05,0.0643730705451162,0.08121059767203405,0.06330047977971845,0.49967408,0.617283950617284,6.742907975200091e-17,20.271320175744606,0.03112786363252018,11.21105779717625,0.10537093207184212,0.6053709320718421,0.48246324304245053
SHANGHAI,42,5,sb_r,0.0012468603,0.0054179793,0.33009055,5.843731,0.003441951759187936,0.00030987150967121124,0.00013254909064399834,0.04293493249671883,0.04669841002905741,0.036779071136843415,0.17312717,1.0288065843621395,0.004668864551215519,68.31551026523823,0.05701314093176124,7.37721429079269,0.24936470333552274,0.7493647033355227,1.4928204277061075
SHANGHAI,42,5,GARCH,0.0012910203,0.0032543158,1.598222,8.382437,0.00320196657880861,0.0003543766215443611,7.513762141188866e-05,0.06448316936046466,0.08357115580933168,0.064421809585765,0.46593952,0.617283950617284,6.743107334991286e-17,21.89186451460168,0.031547429081774325,11.2255627853242,0.11587589759485184,0.6158758975948518,0.5561731493645858
SHANGHAI,42,5,CNN-WGAN-GP,0.0002695697,0.0025181938,0.12848103,10.837797,0.002877653439184172,0.00028313323855400085,2.81062366462783e-05,0.05693725931676454,0.084940114247147,0.069642501140479,2.368956,1.8518518518518512,8.397409501156853e-06,53.98763896560446,0.06822322386549773,11.905018292683376,0.22001805644730787,0.7200180564473079,1.2869046073960801
SHANGHAI,42,5,iid,0.0008062866,0.0035294453,0.17721555,10.076264,0.003304315511046869,0.000333540141582489,6.955539970513159e-05,0.04249444164088345,0.06671657159808092,0.05985589130432345,1.1108007,1.234567901234568,0.39063991058390607,80.01665144520523,0.11813361441142545,10.908613986888625,0.2818963205683599,0.7818963205683599,1.7210841429451254
SHANGHAI,42,5,QuantGAN,0.0003021945,0.0042264303,0.72123146,5.5793257,0.002383017483923586,0.00016318261623382568,0.00010321694926415557,0.0743843284410832,0.20682557996595277,0.1445196947979275,1.106586,1.4403292181069958,6.743000748202777e-17,20.873319189587036,0.005976119907779909,10.124936255979692,0.24894847024499211,0.2510515297550079,2.0036800856227766
SHANGHAI,42,5,TimeGAN,0.0005843517,0.0034756018,0.4537963,11.027202,0.0038567252735870203,0.00048811174929142,9.281536386499706e-05,0.062078311166405914,0.0630049350403715,0.051717051536543296,1.0309622,0.617283950617284,0.07647469731852767,75.2713731674105,0.06620447353560277,11.40455960492227,0.35662984037018164,0.8566298403701816,2.245464801943946
SHANGHAI,42,5,CONTROL: shuffled real,5.820766e-11,0.0,5.9604645e-08,0.0,0.0,0.0,0.0,0.046350483982096194,0.07598293550428935,0.045030715017346665,0.0,0.0,0.9490790116835569,84.0725083076581,0.0805816226377506,0.7719062153596497,0.08538313370381029,0.4146168662961897,0.8559956303438748
SHANGHAI,42,6,GJR-GARCH,0.0006471724,7.7279285e-05,0.36965132,9.406874,0.00130132047931526,7.691793143749237e-05,5.56696497832059e-06,0.04947604413944646,0.06721148840617389,0.0664562183257658,0.87827253,0.8230452674897117,0.28135522539211355,78.96378189461066,0.05176846705252547,9.757777845850967,0.00660511730540736,0.5066051173054074,0.21054416743570573
SHANGHAI,42,6,GARCH,0.00064745144,7.994473e-05,0.37018326,9.391523,0.0013027306045391132,7.72746279835701e-05,5.614729703285716e-06,0.04955054367645061,0.0678270766051719,0.06713238189811818,0.8766146,0.8230452674897117,0.3014770441003781,79.17892848924077,0.050858064067904496,9.763154323422693,0.008435362100648769,0.5084353621006488,0.19770193848137704
SHANGHAI,42,6,QuantGAN,0.00054442196,0.0015748655,0.011487961,10.536245,0.002083264977582565,0.000132107175886631,3.783702515255349e-05,0.0511965817953751,0.060386641623917964,0.04553296424564905,1.7134719,1.8518518518518512,6.368180014387549e-07,48.36080193249314,0.0012405854993876586,10.093711697385839,0.010065854372538374,0.5100658543725384,0.18626130763335544
SHANGHAI,42,6,sb_abs,0.0005372102,0.0037712483,0.7943914,6.4751368,0.0026436698749271645,0.00023451540619134903,0.00012274395240785628,0.056996377280302116,0.10623464707517996,0.08207367152557708,0.5223651,1.0288065843621395,7.046095081762799e-09,38.686683801933455,0.037599499759673805,8.776283718904843,0.03185413145782445,0.5318541314578245,0.033380095471410604
SHANGHAI,42,6,sb_r,0.0010760436,0.005529546,0.8448851,6.9333954,0.0037310504608622412,0.000356992706656456,0.0001630362468365138,0.04980992288081325,0.06396280291257427,0.050140096002724024,0.31873274,1.0288065843621395,0.014101533805500117,70.97874985846215,0.08969991641940334,7.065419085576972,0.31489091101418687,0.8148909110141869,1.9525963897556546
SHANGHAI,42,6,CNN-WGAN-GP,0.0014380984,0.0029602516,0.2290188,11.439128,0.0036131250702939005,0.0004875464364886284,4.3270446240173005e-05,0.05337393298817915,0.054552922206930816,0.05910425517824478,2.852059,2.2633744855967075,9.471548495240299e-05,59.361448136644825,0.002472032648517919,11.9918778364631,0.32549378479371605,0.825493784793716,2.0269932862826034
SHANGHAI,42,6,iid,5.3692143e-05,0.0046150824,0.15402079,10.45002,0.004135133339259257,0.0005311295390129089,9.762244497302603e-05,0.04685459799613454,0.07918132569087902,0.060228888890706,1.6658258,1.4403292181069958,0.44791360589473656,80.48395303421749,0.14003387431789438,10.618512949543083,0.3950061869162097,0.8950061869162097,2.514739070640745
SHANGHAI,42,6,TimeGAN,0.0018057213,0.0041220747,0.42552307,11.391382,0.004500445457885948,0.000712759792804718,8.403375709835408e-05,0.056338627545483175,0.08481712183536728,0.061986000920296644,0.7994933,1.0288065843621403,0.0391406828963465,73.52814173986177,0.12577744491455833,11.632406903191645,0.38052609697837414,0.8805260969783741,2.413137016781918
SHANGHAI,42,6,CONTROL: shuffled real,5.820766e-11,0.0,5.9604645e-08,0.0,0.0,0.0,0.0,0.046350483982096194,0.07598293550428935,0.045030715017346665,0.0,0.0,0.9490790116835569,84.0725083076581,0.0805816226377506,0.7719062153596497,0.08538313370381029,0.4146168662961897,0.8559956303438748
SHANGHAI,42,7,sb_abs,0.0005295257,0.0024416875,0.5023564,7.0279217,0.001233687074455916,5.959533154964447e-05,9.509314940797547e-06,0.058636577564902835,0.08376263809623197,0.06449825698975474,0.5988915,0.4115226337448554,8.831179240109516e-10,34.272217234453606,0.04591894504795513,11.212738198431623,0.07244472980519212,0.5724447298051921,0.2514308537116659
SHANGHAI,42,7,iid,0.00035222806,0.0042137327,0.14060691,9.55368,0.003623635252823401,0.00041857175529003143,0.00010961098007672854,0.04194417738573975,0.06386271173367276,0.04877053294272628,0.8009181,0.617283950617284,0.5513180069943872,81.24116106558985,0.11262832335520356,9.794705872876108,0.2843344329562143,0.7843344329562143,1.738191579929849
SHANGHAI,42,7,TimeGAN,0.0017088412,0.0018982934,0.5225748,10.641193,0.002913012094736046,0.0002879370003938675,5.675768626038439e-05,0.05491265697986819,0.06724838336231187,0.059874664391390976,0.94102454,0.617283950617284,0.0003216932856486736,62.11857864904645,0.025584971717161564,10.581456360612975,0.09521504146340853,0.5952150414634085,0.4112026811942648
SHANGHAI,42,7,sb_r,0.00046509012,0.0050875144,0.2460932,7.275223,0.003726205845156643,0.0004160776734352112,9.31172004431747e-05,0.04185207078946405,0.0639510206982959,0.04281473838607781,0.5990312,0.8230452674897117,0.8858230031101155,83.50365108415247,0.14395956821662803,7.291610029460113,0.31429091544219845,0.8142909154421984,1.9483864171186105
SHANGHAI,42,7,CNN-WGAN-GP,0.00039476578,0.00034365524,0.37788644,11.662281,0.0015599746182267354,0.00011245720088481903,2.9650608975262155e-06,0.05682008281219168,0.06131102947518229,0.0666974954365287,1.8720841,1.4403292181069958,0.04374690670044778,73.81306748970854,0.06503874478878002,11.940937939577763,0.08454796151565913,0.5845479615156591,0.3363552709902885
SHANGHAI,42,7,QuantGAN,0.0010156974,0.011885899,0.572124,8.516289,0.00750076563250938,0.0011234469711780548,0.0006035461421250779,0.07303695021095337,0.12912607450271024,0.08374154401244596,0.92433834,2.469135802469135,4.2403069892562373e-05,57.567395281285044,0.003772284056718256,10.25484830243888,0.029038162079984664,0.5290381620799847,0.05313883133702859
SHANGHAI,42,7,GJR-GARCH,0.000461023,0.025837507,0.6929922,10.2077465,0.019423756210733764,0.0060350969433784485,0.001936415576135205,0.052206412446830656,0.06830778494942934,0.06171976888552308,1.1187718,1.0288065843621395,0.5074745798706355,80.93081798347933,0.09010584114230791,10.94079265460445,0.49391837206613487,0.9939183720661349,3.2087735142140392
SHANGHAI,42,7,GARCH,0.0005075647,0.03170642,0.6807936,10.228001,0.023611962616029103,0.00783810019493103,0.002846138004999598,0.05216679115270381,0.06862272154539824,0.061877833225298676,1.2109444,1.0288065843621395,0.479190448013926,80.72277932659208,0.08965934814973753,10.956112206878966,0.4972251127297953,0.9972251127297953,3.231975831633942
SHANGHAI,42,7,CONTROL: shuffled real,5.820766e-11,0.0,5.9604645e-08,0.0,0.0,0.0,0.0,0.046350483982096194,0.07598293550428935,0.045030715017346665,0.0,0.0,0.9490790116835569,84.0725083076581,0.0805816226377506,0.7719062153596497,0.08538313370381029,0.4146168662961897,0.8559956303438748
SHANGHAI,42,8,GARCH,0.00052254344,0.0004907474,0.75694436,10.903412,0.0016739582207384689,0.00013287551701068878,4.6225281211418205e-06,0.05150942787309759,0.04968438762589358,0.06356760816823226,2.0924582,1.234567901234568,1.194132540010966e-06,49.72525051835849,0.007175797950229934,11.838976499993386,0.12143354415588559,0.6214335441558856,0.5951693370710609
SHANGHAI,42,8,sb_r,0.00047934012,0.0042901533,0.12415549,9.528663,0.003531906881914286,0.0003420598804950714,0.00013129825840696565,0.04417840828653425,0.061465125147951764,0.04419138219673187,0.3195293,0.8230452674897117,0.06881825205469595,74.99197534362158,0.10450855565374395,9.933855134297334,0.30936598253887415,0.8093659825388742,1.913829774152796
SHANGHAI,42,8,GJR-GARCH,0.0005211825,0.00044394284,0.7606281,10.880873,0.0016859302825823139,0.0001350855454802513,4.646695299254529e-06,0.051603238836542005,0.049782542377943176,0.06416586343199014,1.9403358,1.234567901234568,8.987184971036829e-07,49.10792612601402,0.009453178193872924,11.832361283366811,0.12299860025633258,0.6229986002563326,0.6061508237118455
SHANGHAI,42,8,sb_abs,0.00053917733,0.00093223155,0.41908494,11.005262,0.0020653734923817644,0.00016695912927389145,1.1951448525545384e-05,0.04449955587842851,0.061551117848139256,0.05010500506148673,1.2951446,1.234567901234568,0.036233340288999556,73.33142706467063,0.04970864965623989,11.542977444490162,0.1453999109477666,0.6453999109477666,0.7633334921310727
SHANGHAI,42,8,CNN-WGAN-GP,0.00014183455,0.0037333276,0.29360026,11.184925,0.0040553178954735244,0.0006106998771429062,5.354799605394483e-05,0.05006004436188959,0.06671797023387625,0.060495394669706,1.2884464,0.0,0.0007876246818773684,64.16341140387476,0.04438257397138767,12.79423608236069,0.34760899673557155,0.8476089967355716,2.1821684933746974
SHANGHAI,42,8,TimeGAN,0.0011970557,0.004575113,0.7537509,10.393785,0.004416590838503713,0.000608125701546669,0.00011921118407605597,0.05712471977123641,0.06124086923664436,0.048888015142874795,0.24960852,0.2057613168724286,0.019063814625678018,71.72097588927984,0.04233579351579986,10.410077428963975,0.36136879678624756,0.8613687967862476,2.2787165087418204
SHANGHAI,42,8,iid,0.000128593,0.0062487507,0.09141132,8.995863,0.004529559552128874,0.0005284622311592102,0.00017262387017624413,0.05409361924263067,0.056397167135728524,0.04675921179354191,0.6955869,2.2633744855967075,0.6115488681105388,81.64949145777892,0.14464236635544747,9.389261064981621,0.33149497051682286,0.8314949705168229,2.069101643183256
SHANGHAI,42,8,QuantGAN,0.0009812017,0.010981034,0.35310283,11.260987,0.009124120167725704,0.002233736217021942,0.0003584347395725877,0.04821571803753613,0.06712562965927646,0.06327342417323961,1.6991487,1.0288065843621395,1.3321677750394428e-06,49.96308485795204,0.059926563430558355,11.468725547144714,0.4392653928753294,0.9392653928753294,2.825291439231873
SHANGHAI,42,8,CONTROL: shuffled real,5.820766e-11,0.0,5.9604645e-08,0.0,0.0,0.0,0.0,0.046350483982096194,0.07598293550428935,0.045030715017346665,0.0,0.0,0.9490790116835569,84.0725083076581,0.0805816226377506,0.7719062153596497,0.08538313370381029,0.4146168662961897,0.8559956303438748
SHANGHAI,42,9,iid,0.0010355829,0.0038770009,0.17081931,8.55533,0.003173304741929674,0.00034763943403959274,8.301470679912148e-05,0.043989346760645275,0.06417650232324376,0.04765849530958803,0.6763413,1.0288065843621395,0.7252029445035938,82.39164209704538,0.16597913686717658,8.74711784265239,0.33519629621429614,0.8351962962142961,2.0950726346949256
SHANGHAI,42,9,CNN-WGAN-GP,0.0006395342,0.002011845,0.13332209,9.5191,0.002268952062344016,0.0001768358051776886,2.758513483823298e-05,0.05805373631199472,0.1496362356492318,0.13959375824430026,1.5166857,1.8518518518518512,2.414359491274037e-12,21.835745670377207,0.07507300886037127,12.027637859029841,0.022629599289550217,0.5226295992895502,0.09810561984364216
SHANGHAI,42,9,GJR-GARCH,0.00031155843,0.0037384778,0.7792258,10.571814,0.0038136683510594537,0.00048653408885002136,6.552050669193487e-05,0.051078174472932,0.09582149755442515,0.0832136813516263,1.4828527,1.6460905349794235,9.430907579660134e-13,19.86682397291227,0.04420035216570328,12.357528500722921,0.2569646472473758,0.7569646472473758,1.5461467477753306
SHANGHAI,42,9,QuantGAN,0.0010319634,0.0054382393,0.56825566,7.3998938,0.0038463417980866507,0.00036282092332839966,0.00016518815365147363,0.06600945766447694,0.1280552238621749,0.12584433814161458,0.68073964,1.4403292181069958,5.96015630713626e-12,23.731240809183184,0.014513016506332077,9.846768506653895,0.2420262581087963,0.7420262581087963,1.4413289583597948
SHANGHAI,42,9,GARCH,0.00031930784,0.004253341,0.7551793,10.545683,0.004131752368491964,0.0005526449531316757,8.487755883453318e-05,0.051373080435987505,0.10406214785063639,0.09247907217242755,1.1752179,1.0288065843621395,6.030039134398872e-13,18.931056086489576,0.04214027426299749,12.36976254540851,0.2698346629668169,0.7698346629668169,1.6364514375876418
SHANGHAI,42,9,sb_r,0.0010237523,0.0054423893,0.072793275,8.494118,0.004035925161402971,0.00044842809438705444,0.00012664371728818866,0.0506257698785339,0.07039168014656752,0.05310058337461669,1.2925699,2.05761316872428,0.7530146271235394,82.57310992321932,0.12137208068665573,8.679971585299477,0.34343116778965954,0.8434311677896595,2.152854034459191
SHANGHAI,42,9,sb_abs,0.001176691,0.0069954274,0.077699155,7.7632885,0.004462156539081619,0.0004674643278121948,0.00019688675788920388,0.06081049931948655,0.17179621767485515,0.10502630229690112,0.9866688,1.8518518518518512,5.4818738624625976e-05,58.13929627512685,0.00824332240507375,2.879559156465234,0.0963776405094181,0.5963776405094181,0.41936025834993135
SHANGHAI,42,9,TimeGAN,0.0016046423,0.004145759,0.47467992,10.955629,0.004489662217769621,0.0006605181843042374,9.257354073414782e-05,0.0563729440329189,0.06724716310389339,0.058538025660673156,0.78302956,0.2057613168724286,0.04581520166999479,73.93186232186034,0.0865114061692338,11.196653288908768,0.34793814559794145,0.8479381455979415,2.1844780232592247
SHANGHAI,42,9,CONTROL: shuffled real,5.820766e-11,0.0,5.9604645e-08,0.0,0.0,0.0,0.0,0.046350483982096194,0.07598293550428935,0.045030715017346665,0.0,0.0,0.9490790116835569,84.0725083076581,0.0805816226377506,0.7719062153596497,0.08538313370381029,0.4146168662961897,0.8559956303438748
SHANGHAI,42,10,sb_abs,0.00077526394,0.0019217702,0.26858118,7.153126,0.001827494417909515,0.00011578202247619629,1.9147089050345627e-05,0.05097153722526855,0.07763416544767096,0.0688542222243268,0.6336868,1.4403292181069958,2.225485431034391e-08,41.1424694165485,0.027689004091260405,9.519309610871188,0.05084144520458639,0.4491585547954136,0.6136279026336449
SHANGHAI,42,10,QuantGAN,0.0010748162,0.0020971103,0.17424151,9.341112,0.00233894120334231,0.00020342320203781128,3.0256866514953723e-05,0.044846761236985916,0.04586127053546079,0.04033049418008886,1.513277,2.05761316872428,2.479483206169469e-13,17.073497806944744,0.04573233170302926,11.632419868573162,0.07382848343062665,0.5738284834306266,0.26114020019931355
SHANGHAI,42,10,CNN-WGAN-GP,0.0013056712,0.0005025361,0.67379504,10.126098,0.0017782476768136105,0.00015389826148748398,9.592306495073454e-06,0.06948339134236449,0.08351105915615335,0.0742382896883646,1.0612016,1.6460905349794235,2.478105428687952e-12,21.890370755081832,0.034468289317795775,11.7814198581098,0.06416016609963515,0.5641601660996352,0.1933007805268649
SHANGHAI,42,10,sb_r,0.0016038998,0.0043892926,0.59487534,9.035219,0.0038433754125940657,0.0004687793552875519,0.0001117579004612279,0.036338274423469555,0.059477834202698435,0.042090323598240505,0.5801339,0.8230452674897117,0.017145259856289462,71.45895637827256,0.09699049653977065,9.793828127586051,0.2844311112095115,0.7844311112095115,1.7388699396044538
SHANGHAI,42,10,iid,0.0006507602,0.004260537,0.95669186,8.276581,0.003876992802340614,0.0005122311413288116,6.195098000411296e-05,0.04308948490899638,0.07422917413990944,0.05649335265508853,0.7099743,0.8230452674897117,0.9347137707809999,83.92584477421693,0.14588069992192354,8.52773554140507,0.32653805752971077,0.8265380575297108,2.0343206064319492
SHANGHAI,42,10,GARCH,0.0015909787,0.004526631,0.40372446,8.797955,0.003863089464229843,0.0004730094224214554,9.959881662146186e-05,0.061536807208467506,0.19384393643820658,0.14433508652844465,0.42239308,1.0288065843621395,5.231488857093386e-07,47.934914360094126,0.04292498439048831,12.259631806674712,0.163977141620111,0.663977141620111,0.8936838421235482
SHANGHAI,42,10,GJR-GARCH,0.0015937812,0.0045350026,0.40727037,8.797644,0.003874300696204378,0.00047688186168670654,9.907367863610633e-05,0.061507462890731404,0.1930147246667184,0.14381429869332352,0.3856287,1.234567901234568,5.656195556764901e-07,48.10394211754409,0.04280199295809817,12.258869975655964,0.16670086075625512,0.6667008607562551,0.9127952882233227
SHANGHAI,42,10,TimeGAN,0.001531157,0.004688454,0.40908,11.594955,0.00482584523820806,0.0007566194981336594,0.00012262690163452667,0.05073373157574679,0.05606508007564116,0.04620108790812082,1.2639458,0.8230452674897117,0.04422755563742086,73.84114093816521,0.08728356218764755,11.724173526990494,0.3335018437748307,0.8335018437748307,2.083183216275918
SHANGHAI,42,10,CONTROL: shuffled real,5.820766e-11,0.0,5.9604645e-08,0.0,0.0,0.0,0.0,0.046350483982096194,0.07598293550428935,0.045030715017346665,0.0,0.0,0.9490790116835569,84.0725083076581,0.0805816226377506,0.7719062153596497,0.08538313370381029,0.4146168662961897,0.8559956303438748
SHANGHAI,42,11,sb_abs,0.00065551593,0.00012093689,0.1012778,9.26001,0.0013267488991384835,8.369889110326767e-05,5.360591121725525e-06,0.05203397698016488,0.055076104069594296,0.0452578100503888,1.3667476,0.4115226337448554,0.00020880615809880975,61.13981353405072,0.0042234122698016074,11.747572167081792,0.12146257223193913,0.6214625722319391,0.595373017584046
SHANGHAI,42,11,sb_r,0.00093006203,0.0027722958,1.0246696,6.33937,0.002490628176101869,0.0001916065812110901,5.233479033163113e-05,0.04533900321242981,0.06861527011962608,0.05586277052760124,0.24465775,0.4115226337448554,0.00673410412955589,69.18913868678209,0.07404916794075023,9.426052355580072,0.14079281087716455,0.6407928108771646,0.7310069781718449
SHANGHAI,42,11,CNN-WGAN-GP,0.00046292885,0.0003736792,0.23302156,11.494592,0.0019662318895413903,0.00016048084944486618,1.4392590273767706e-05,0.05638786592768156,0.08318854492390529,0.07430298530147411,1.7898941,0.617283950617284,3.853441356657158e-05,57.35466430083139,0.05809646534968005,11.666788502506115,0.22899043795494745,0.7289904379549474,1.3498608730750075
SHANGHAI,42,11,iid,0.00080537034,0.005083029,0.18248245,9.545842,0.003967197075924957,0.0004488285630941391,0.00013182737167295353,0.04036374675997649,0.06462689173407853,0.05216360558173619,0.7940285,1.234567901234568,0.9511084862950315,84.09460021841383,0.13405740943247424,9.690774658784852,0.3025402026553309,0.8025402026553309,1.865935509798529
SHANGHAI,42,11,TimeGAN,0.0011373088,0.003988147,0.4200261,11.091078,0.0044698100802705275,0.0006442256271839142,0.00011020942153205957,0.04934308257215889,0.060849298673856536,0.057204351284017324,0.48769474,0.617283950617284,1.7196611776705036e-06,50.51872899122419,0.04815548861974395,11.38153783338625,0.34151162476045693,0.8415116247604569,2.1393852290115274
SHANGHAI,42,11,QuantGAN,0.00052331964,0.0024027918,0.11837977,10.157591,0.002921262709944521,0.0003171442076563835,3.33152957798313e-05,0.05850723935320275,0.10256595753366128,0.08494798267260194,1.9621797,1.6460905349794235,0.008924090960648121,69.86638095098226,0.0851093417117621,10.667885083519444,0.1963286863811582,0.6963286863811582,1.1206840477396394
SHANGHAI,42,11,GJR-GARCH,0.00048808515,0.009217524,0.6960383,10.310175,0.007658569425797612,0.0015872642397880554,0.00028995011072222205,0.05956464294940815,0.05718007017218042,0.06007939881877974,0.67801976,0.4115226337448554,0.0067220196644775946,69.18483494960442,0.08610862769446026,10.56693062102093,0.40214463361894004,0.90214463361894,2.56482721577471
SHANGHAI,42,11,GARCH,0.0004860515,0.009318513,0.6821594,10.352523,0.007752270281242899,0.0016240905970335007,0.00029749001048422555,0.05931220519079943,0.05709054993465543,0.05978503455291502,0.71491647,0.4115226337448554,0.007453130862141911,69.43255356353869,0.08602663662555854,10.624155052926227,0.4053382139861206,0.9053382139861206,2.587235524415179
SHANGHAI,42,11,CONTROL: shuffled real,5.820766e-11,0.0,5.9604645e-08,0.0,0.0,0.0,0.0,0.046350483982096194,0.07598293550428935,0.045030715017346665,0.0,0.0,0.9490790116835569,84.0725083076581,0.0805816226377506,0.7719062153596497,0.08538313370381029,0.4146168662961897,0.8559956303438748
SHANGHAI,42,12,CNN-WGAN-GP,0.00016978139,0.000959306,0.3976015,11.486757,0.001154760874117533,4.724692553281784e-05,1.8557587850575948e-06,0.050902620137349,0.07799833512632176,0.07428524959483183,1.7212725,1.8518518518518512,2.861608882323222e-07,46.630431619637434,0.011375062572486772,12.269066943632174,0.08205007097118588,0.4179499290288141,0.8326086195774505
SHANGHAI,42,12,sb_abs,0.00044613873,0.0026399307,0.23560044,9.635633,0.0028217762939026234,0.0002751927822828293,5.084666232706529e-05,0.050566342023812466,0.08863584464881569,0.08449643002124503,1.0922718,0.617283950617284,8.243692388933206e-12,24.412272011417464,0.0033485936857412524,11.979092677194998,0.21485474891944223,0.7148547489194422,1.2506753676753282
SHANGHAI,42,12,iid,0.0009936066,0.0045869285,0.73463964,7.0804605,0.0034023153824699255,0.0003293342888355255,0.00011031687035838479,0.047022553452261494,0.062436274618376045,0.04628663489362225,0.14194202,0.0,0.4524186810152368,80.51898385607616,0.1873485523031796,7.347564975962747,0.31911794008900285,0.8191179400890028,1.9822560698796081
SHANGHAI,42,12,TimeGAN,0.002194643,0.004350015,0.30675313,11.873001,0.004836058734643064,0.0007987506687641144,9.782840852162634e-05,0.047692095726233674,0.0601514790510555,0.04701758189708926,0.82794094,0.0,0.0015666876084916867,65.75207366658641,0.005984689933091869,12.0938143382083,0.3335815479836557,0.8335815479836557,2.083742474633606
SHANGHAI,42,12,QuantGAN,0.0013738519,0.003384009,0.6533315,8.558168,0.0030806539122166256,0.0003072516992688179,6.557863946349352e-05,0.05923951097545796,0.08456475356360897,0.06794154603150673,0.8862941,1.8518518518518512,1.9310379444304396e-09,35.9324142527021,0.039867355969356644,11.185093989942088,0.1902143403615717,0.6902143403615717,1.0777816820595552
SHANGHAI,42,12,sb_r,0.0013755965,0.0050147055,0.013284504,8.418636,0.003789170307711788,0.00042306631803512573,0.00010794797195233363,0.051145353799365696,0.06377419027208817,0.04293861106853001,1.0677667,1.8518518518518512,0.004214457224523623,68.07264159311566,0.05922416591498825,9.93260151835158,0.2726356263053409,0.7726356263053409,1.6561048809846826
SHANGHAI,42,12,GJR-GARCH,0.00022924854,0.013664347,0.68073314,6.7299614,0.008850575895398028,0.0014837048947811127,0.0007167809424470954,0.05923392650598544,0.18848958742106334,0.14311975314863956,0.012895346,1.0288065843621395,1.3917238891855725e-15,6.376641766708744,0.02179241506039975,10.258676484733485,0.3637424570052372,0.8637424570052372,2.295371705943475
SHANGHAI,42,12,GARCH,0.0003925048,0.015816625,0.64410067,6.882208,0.010327221281509811,0.0019244421273469925,0.0009557615644463319,0.05907850343253813,0.18394343804800883,0.141304330896819,0.03564787,0.8230452674897117,4.192406739685766e-15,8.603134640735433,0.039462722263695404,10.170655689041975,0.42531248231870367,0.9253124823187037,2.727388430621583
SHANGHAI,42,12,CONTROL: shuffled real,5.820766e-11,0.0,5.9604645e-08,0.0,0.0,0.0,0.0,0.046350483982096194,0.07598293550428935,0.045030715017346665,0.0,0.0,0.9490790116835569,84.0725083076581,0.0805816226377506,0.7719062153596497,0.08538313370381029,0.4146168662961897,0.8559956303438748
SHANGHAI,42,13,CNN-WGAN-GP,0.00023074483,0.0029044226,0.31234774,11.096518,0.0011405051261375216,3.5120174288749695e-05,1.4779914176193143e-05,0.04939235629470204,0.056251223238650706,0.06289204859058373,0.968832,0.0,0.07128738493357319,75.08511148833236,0.0712333450592445,12.615346573991392,0.09646644674209037,0.5964664467420904,0.4199833826311826
SHANGHAI,42,13,GARCH,0.0011760516,0.0010744268,0.035264045,10.112113,0.002265498201097907,0.00023238640278577805,1.7741039303613947e-05,0.057843855272367364,0.08395331143634394,0.06244176370557398,1.0196667,0.8230452674897117,0.43018737442989247,80.3438555564303,0.035118048881443764,8.197256141386628,0.1251429878746283,0.6251429878746283,0.6211972900821262
SHANGHAI,42,13,TimeGAN,0.00043099956,0.0024535852,0.33628073,10.362766,0.0029154042680838094,0.0002803197130560875,6.461920232934809e-05,0.0521145463011635,0.061526461755856875,0.0497267988252861,1.1085572,1.4403292181069958,1.842247490421636e-05,55.71912422932873,0.040727188656479396,11.501332085479167,0.11862224879029193,0.6186222487902919,0.5754433972202472
SHANGHAI,42,13,GJR-GARCH,0.0011938075,0.001282027,0.04123035,10.118174,0.002368928870771986,0.00024865753948688507,2.068053641502594e-05,0.057947817484237024,0.08569200879195706,0.0637543543742504,1.0524509,0.8230452674897117,0.40857659693637954,80.16775266767928,0.03379252850474801,8.133663381313799,0.1369960369296167,0.6369960369296167,0.7043662575157819
SHANGHAI,42,13,sb_r,0.00025420537,0.005033084,0.4934152,6.9080696,0.0036480679847314865,0.00040077976882457733,0.0001826130189481437,0.045714493815175956,0.07005301534431055,0.05466734215035103,0.20234132,0.0,0.0001823507700533095,60.834000799053086,0.118933054675054,8.309631587214525,0.24185627166343182,0.7418562716634318,1.4401362190846012
SHANGHAI,42,13,iid,0.001687611,0.0036490057,0.5591711,9.331337,0.0035058612395731303,0.000385090708732605,0.00010249414569076948,0.04188421492275665,0.0717627111566253,0.04869273086253088,0.39572334,0.617283950617284,0.7575360018904379,82.60278196487793,0.09597563327893854,9.652075506340125,0.2473398720304647,0.7473398720304647,1.4786128488723604
SHANGHAI,42,13,QuantGAN,0.0017374603,0.005133747,0.0008467436,9.420237,0.004209394340432107,0.0005358997732400894,0.00011433340108938942,0.051666157464005665,0.06752396304393188,0.08883977547404356,0.9031732,2.05761316872428,1.0989287363675327e-07,44.567830446286486,0.03364420166760396,11.55292690800141,0.2855991222697003,0.7855991222697003,1.7470654910930483
SHANGHAI,42,13,sb_abs,0.0038792493,0.01377575,0.5876628,11.285266,0.011291526377661459,0.0030731987208127975,0.0006619025494083721,0.055617998445086414,0.05568869788199663,0.05494197924068431,2.1524029,1.8518518518518512,0.020703164361090258,71.92547395283466,0.04872579774731578,11.827828331959358,0.43766417468013774,0.9376641746801377,2.814056215002878
SHANGHAI,42,13,CONTROL: shuffled real,5.820766e-11,0.0,5.9604645e-08,0.0,0.0,0.0,0.0,0.046350483982096194,0.07598293550428935,0.045030715017346665,0.0,0.0,0.9490790116835569,84.0725083076581,0.0805816226377506,0.7719062153596497,0.08538313370381029,0.4146168662961897,0.8559956303438748
SHANGHAI,42,14,TimeGAN,0.00097347924,0.0030878838,0.3967733,10.92655,0.0038141459481622376,0.0005015376955270767,6.8672212895542e-05,0.058707748686283596,0.05779192527756095,0.04678233936894685,1.7285409,0.0,0.051582279610876934,74.23814515227366,0.013275687163174177,11.124077106275346,0.3276718745003112,0.8276718745003112,2.042276229180672
SHANGHAI,42,14,iid,0.00036584312,0.005691924,0.68231666,6.5295105,0.0039039362473968636,0.0003664158284664154,0.00022156820613882685,0.04646585739465081,0.0653838575235568,0.04582005121978,0.2885797,1.234567901234568,0.3300676255500082,79.46593341931452,0.07287712474244123,6.638870883308018,0.30235496417000607,0.8023549641700061,1.864635751948716
SHANGHAI,42,14,CNN-WGAN-GP,0.0010539924,0.005701282,0.14689934,11.713198,0.005609937934874219,0.0010667107999324799,0.00010846421293590701,0.046537797465134645,0.05829216808313504,0.04490413479332347,1.65553,0.4115226337448554,0.0005802701694690245,63.46291312258133,0.06023863562629772,11.638554237916466,0.2887909806323693,0.7887909806323693,1.7694617169912223
SHANGHAI,42,14,sb_abs,6.646087e-05,0.008634468,0.23342523,9.230825,0.0063074450201006,0.0009630918502807617,0.0002407540645748144,0.05020318910028436,0.11200238596880809,0.08261899177567102,0.3350494,0.4115226337448554,3.969134484607332e-06,52.34437311080351,0.0073929977771685085,10.856369305448112,0.28516468513147497,0.785164685131475,1.7440171878224375
SHANGHAI,42,14,GJR-GARCH,0.00020622287,0.00495221,0.5022224,11.468315,0.0050586830963612805,0.0008285343647003174,9.734049997754968e-05,0.04180406545914593,0.07015645779902116,0.057876073891529815,2.8671432,2.469135802469135,0.18756616463830922,77.75179275387791,0.06693358360672486,11.687074179586993,0.40071659987749153,0.9007165998774915,2.554807170199457
SHANGHAI,42,14,sb_r,0.0018589771,0.0058323136,0.5218041,9.587252,0.004709418226851576,0.0006386078894138336,0.0001369417913416193,0.044589059979043666,0.07230237383162602,0.058593368743022435,0.8568175,1.6460905349794235,0.6370625420314453,81.81806079832577,0.10084300617582831,10.406801209222966,0.33701965299149084,0.8370196529914908,2.1078665326800703
SHANGHAI,42,14,GARCH,0.00020837551,0.005160683,0.5051776,11.477514,0.005206575372587356,0.0008710995316505432,9.924684691843368e-05,0.041785541316348825,0.06988652709173039,0.05754367566783913,2.7032976,2.2633744855967075,0.1818234752248878,77.66182475547137,0.06786683639406066,11.692629128044675,0.4053760980853769,0.9053760980853769,2.587501344745685
SHANGHAI,42,14,QuantGAN,0.0009276738,0.009009681,0.69143915,8.544144,0.00676187774421131,0.0012073591351509094,0.0003492484977131381,0.07599979979233468,0.12652835890592543,0.060747988660587,1.4756522,1.0288065843621395,3.1791000993360224e-13,17.592752526410962,0.04918205331775727,11.071056309908274,0.207705970189642,0.707705970189642,1.2005147260875888
SHANGHAI,42,14,CONTROL: shuffled real,5.820766e-11,0.0,5.9604645e-08,0.0,0.0,0.0,0.0,0.046350483982096194,0.07598293550428935,0.045030715017346665,0.0,0.0,0.9490790116835569,84.0725083076581,0.0805816226377506,0.7719062153596497,0.08538313370381029,0.4146168662961897,0.8559956303438748
SHANGHAI,42,15,sb_abs,0.001044972,0.0023102975,0.09430763,10.813236,0.0029095708448915476,0.0002939291298389435,4.6667703782349576e-05,0.06192866513752961,0.06531150817172601,0.05635209221043624,1.0582056,0.8230452674897117,0.02486374194064428,72.38178846174031,0.05307265318105325,10.53542730290539,0.21894500163590425,0.7189450016359042,1.2793753328397923
SHANGHAI,42,15,GJR-GARCH,0.00023618952,0.0042823683,0.28784072,6.281497,0.003051435587925273,0.0002614390105009079,8.832122174153141e-05,0.058674528958363226,0.16185568135464565,0.10740751588367857,0.08048463,0.8230452674897117,7.942593533065996e-08,43.869831491779294,0.025857651646177704,11.921996384276264,0.018042179270509662,0.5180421792705097,0.13029404531949174
SHANGHAI,42,15,GARCH,0.00024516883,0.005093557,0.25791675,5.86421,0.0034363155235775213,0.00031651370227336884,0.00011626620353400789,0.059443670732289317,0.1711064722784795,0.11014794001006521,0.13968086,0.8230452674897117,4.223016240759768e-08,42.5141817773583,0.02593181467889938,11.934701761686451,0.0381884020536134,0.5381884020536134,0.011065409010444303
SHANGHAI,42,15,TimeGAN,0.0009183502,0.0037689088,0.39690194,11.251352,0.004035794647831606,0.0005121808499097824,8.256797595669549e-05,0.05358900622217334,0.064770776781952,0.060372865583049135,0.60360646,0.2057613168724277,0.14579867666301427,77.03271949813006,0.05756766964305049,11.671369751070388,0.30970521742766977,0.8097052174276698,1.9162100743850583
SHANGHAI,42,15,iid,0.00039586698,0.0035942001,0.24055138,11.0164795,0.003655462292754088,0.0004402417689561844,5.9247662195970086e-05,0.053709918388485677,0.06974658432067372,0.057927730138180776,2.5117083,1.8518518518518512,0.5855248531417915,81.47514975717922,0.12252691512207148,11.263118681567612,0.33817364201494227,0.8381736420149423,2.115963696124259
SHANGHAI,42,15,sb_r,0.0011886745,0.0053042946,0.6470535,8.332684,0.003930162415458336,0.0004017949104309082,0.0001482684814552192,0.04280860082959407,0.0740693933982402,0.048932530924794264,1.1593752,2.2633744855967075,0.7114626068665058,82.30240992384059,0.14343937615809332,8.484471026097147,0.3024969065418952,0.8024969065418952,1.8656317151350943
SHANGHAI,42,15,QuantGAN,0.0006752606,0.006829559,0.52190757,7.97644,0.005630689459433791,0.0009743943810462952,0.00018165914875012615,0.06516422697182861,0.0669598173093982,0.05967524522333406,1.3757753,1.234567901234568,0.016170054942180913,71.31472610978982,0.014044601058136652,8.70693156826825,0.33056754808697586,0.8305675480869759,2.0625942234039774
SHANGHAI,42,15,CNN-WGAN-GP,0.0004117799,0.008113715,0.05139932,11.044504,0.006728445539626551,0.0011788122355937958,0.00023281225306123017,0.054291049507737624,0.16220749195897952,0.11814849640824832,1.348506,1.6460905349794235,0.00042252581819113635,62.73866376464488,0.11591191526527367,12.370474562434918,0.27791209412968665,0.7779120941296866,1.6931281294848697
SHANGHAI,42,15,CONTROL: shuffled real,5.820766e-11,0.0,5.9604645e-08,0.0,0.0,0.0,0.0,0.046350483982096194,0.07598293550428935,0.045030715017346665,0.0,0.0,0.9490790116835569,84.0725083076581,0.0805816226377506,0.7719062153596497,0.08538313370381029,0.4146168662961897,0.8559956303438748
SHANGHAI,42,16,GARCH,0.0016876392,0.00034092553,0.78383815,7.373356,0.0019787579500167426,0.00018754694610834122,1.8535130486129095e-05,0.06608912795098149,0.09080941036576405,0.07008816200541332,0.92355895,0.4115226337448554,1.172537851954933e-08,39.77309645826163,0.03893112474540994,11.583390888229836,0.09698919811169904,0.596989198111699,0.4236513579709611
SHANGHAI,42,16,sb_r,0.0004991941,0.004119103,0.54282665,7.69491,0.003275956802628849,0.0003214320167899132,7.639853441327013e-05,0.046381963116728,0.0636582633148646,0.0423340595690388,0.5837455,0.617283950617284,0.9682614099958669,84.30129799819255,0.09091679608669256,9.194587478842712,0.2930568778090198,0.7930568778090198,1.7993941218698517
SHANGHAI,42,16,GJR-GARCH,0.0017194198,0.0005317023,0.7991352,7.281273,0.0020554374656102845,0.0001998506486415863,1.9687495939898533e-05,0.06658725342087564,0.09214821499073877,0.07090073775150812,0.78387666,0.2057613168724277,7.101449879942373e-09,38.703364855646,0.03852773508739393,11.568721810272049,0.1065133590650007,0.6065133590650007,0.4904792795026513
SHANGHAI,42,16,iid,0.00011363637,0.0061938344,0.5372572,7.2754745,0.0041997203296355685,0.00046361982822418213,0.00021777144149144996,0.048314523976150665,0.062325234700692816,0.04645548995700665,0.29295468,1.6460905349794235,0.6899801196674548,82.16305729165497,0.08134210211898085,7.9188964662223835,0.2813536431465451,0.7813536431465451,1.7172763530159256
SHANGHAI,42,16,sb_abs,0.0019825664,0.0036275694,0.4878247,6.582814,0.0034197184869568732,0.0005208626389503479,5.4419220561278824e-05,0.047752789312653476,0.0879593836911954,0.05986282728263177,0.9198437,1.8518518518518512,0.005993130685762556,68.91023262587366,0.002541896576868652,9.529293065926906,0.1460727227105335,0.6460727227105335,0.7680543921566227
SHANGHAI,42,16,CNN-WGAN-GP,0.00027854578,0.0032983348,0.014380902,11.620113,0.0038498422567585892,0.0005021849647164345,6.006798437294491e-05,0.05604896515593282,0.06522312259534374,0.07882396835717373,2.2311497,1.0288065843621395,1.678988703707514e-05,55.5141169516107,0.01322363059505871,12.484945646646336,0.234441812237548,0.734441812237548,1.3881113829712324
SHANGHAI,42,16,QuantGAN,7.22704e-05,0.004601066,0.04613173,9.42772,0.004330551157486654,0.0006172452121973038,7.200069115027776e-05,0.060073294227622684,0.05932560492306948,0.055211565014906226,1.8439269,1.234567901234568,0.02994227313276142,72.84848621982516,0.029245556514860716,11.022140283656034,0.29618305399960154,0.7961830539996015,1.821329477454746
SHANGHAI,42,16,TimeGAN,0.0013438204,0.0052136118,0.71417403,10.637437,0.004830265389854403,0.0007140859961509705,0.00013774812214279114,0.0542695461770927,0.07132846315624192,0.05589088076885673,0.3094542,0.4115226337448554,0.2747963924841661,78.89098424923588,0.07683977884257498,10.886380510482116,0.368644511848621,0.868644511848621,2.3297678210473602
SHANGHAI,42,16,CONTROL: shuffled real,5.820766e-11,0.0,5.9604645e-08,0.0,0.0,0.0,0.0,0.046350483982096194,0.07598293550428935,0.045030715017346665,0.0,0.0,0.9490790116835569,84.0725083076581,0.0805816226377506,0.7719062153596497,0.08538313370381029,0.4146168662961897,0.8559956303438748
SHANGHAI,42,17,GJR-GARCH,0.00057831133,8.543953e-05,0.4111894,9.37397,0.0015506184107509388,8.898507803678513e-05,4.38328573119227e-06,0.057830858386441836,0.05260037038242445,0.050583301895385374,0.6391146,0.617283950617284,0.003493075216610112,67.62879447729674,0.05641811714773215,8.742657283344844,0.07762181336915097,0.577621813369151,0.28775675537078366
SHANGHAI,42,17,GARCH,0.0005887523,1.2064353e-05,0.40444624,9.370935,0.0016046815494126273,9.754765778779984e-05,5.04020137635872e-06,0.057855646309180886,0.05281991760479286,0.05038233362254687,0.5548849,0.4115226337448554,0.004570091717180872,68.26474601673824,0.059676569388988465,8.798143548973098,0.08999416978472485,0.5899941697847249,0.374569532659627
SHANGHAI,42,17,sb_r,0.0002664454,0.0044825682,0.5362209,8.030548,0.003219337548892142,0.0002944283187389374,0.00013417103916766565,0.04956755404899013,0.0672307654233009,0.04930204762262292,0.7985127,1.0288065843621395,0.0070132181064640345,69.2865034579911,0.0778625559811349,8.398738112511072,0.202937739696878,0.702937739696878,1.1670576126706869
SHANGHAI,42,17,sb_abs,0.00066174084,0.004611927,0.77825177,7.1814785,0.0039606726302515395,0.0005037430673837662,0.00010025933942118393,0.04533037783825421,0.06704249922302552,0.05383740558405407,1.4134657,1.0288065843621395,2.655980079446965e-05,56.52871197361175,0.023793834991531093,9.502288301436224,0.24456941277186162,0.7445694127718616,1.4591734426245597
SHANGHAI,42,17,iid,0.0006351472,0.004155119,0.1030443,9.649162,0.0037229158676846336,0.0004558917135000229,9.095268842524353e-05,0.04934377720564953,0.06761138502100948,0.056731128670508044,0.71571493,0.8230452674897117,0.8356415868840839,83.13148799595281,0.10520071844575385,9.830304520471866,0.2985918923107578,0.7985918923107578,1.8382315078204416
SHANGHAI,42,17,TimeGAN,0.0024023016,0.0050488478,0.26589766,12.032906,0.005360837662255608,0.0010146517306566238,0.0001069353558896092,0.051972769151725516,0.06580589115968906,0.055080998215125875,1.8736949,0.617283950617284,0.07440371947947862,75.19846244192541,0.058783153065512406,12.194504226647956,0.3694634479942337,0.8694634479942337,2.335514028062005
SHANGHAI,42,17,QuantGAN,0.000787718,0.008140638,0.09425041,10.956963,0.007056559184349585,0.0014146380126476288,0.00023461640360198684,0.05841164979952737,0.0579214561986737,0.05348283461877145,1.2460694,1.234567901234568,1.059091063847939e-05,54.49813216739402,0.013124120242326898,11.728234641751735,0.387039948044664,0.887039948044664,2.458842578674615
SHANGHAI,42,17,CNN-WGAN-GP,0.001019739,0.0054789474,0.14665973,11.912603,0.005537618257107613,0.0009935274720191956,0.00010158118973371932,0.05752182631622418,0.10594937482150271,0.11859196118661203,3.172657,1.8518518518518512,1.0066641371454966e-07,44.379222731307806,0.006562863423112075,12.755753973635269,0.3838183236040077,0.8838183236040077,2.4362374939453275
SHANGHAI,42,17,CONTROL: shuffled real,5.820766e-11,0.0,5.9604645e-08,0.0,0.0,0.0,0.0,0.046350483982096194,0.07598293550428935,0.045030715017346665,0.0,0.0,0.9490790116835569,84.0725083076581,0.0805816226377506,0.7719062153596497,0.08538313370381029,0.4146168662961897,0.8559956303438748
SHANGHAI,42,18,QuantGAN,0.0010196781,0.0014236262,0.027610093,8.711441,0.0014381484355582858,0.00010480079799890518,4.4255182432934355e-06,0.047489959418453506,0.04546160182449967,0.03628611782216467,0.19449425,0.2057613168724277,8.103631472857585e-08,43.912958747774866,0.03786728131563821,10.431832657663998,0.0006317296551316964,0.5006317296551317,0.2524574743535824
SHANGHAI,42,18,sb_abs,0.00061129313,0.002415426,0.70037806,6.939802,0.0024847146223673407,0.00021943636238574982,3.143087049885767e-05,0.051351261590461945,0.052158846121747045,0.03791215978482796,0.7644129,0.4115226337448563,0.0007971642432482627,64.19107711415376,0.033471091681118836,10.764257642372932,0.2023766122267242,0.7023766122267242,1.1631203647883193
SHANGHAI,42,18,GJR-GARCH,0.0002145521,0.0045472607,0.7642664,9.790926,0.004301782746937178,0.000672144815325737,7.389452673042373e-05,0.04455008144126623,0.06325846864143386,0.053566150105325505,1.0612164,0.617283950617284,0.4578984398260631,80.56129596446999,0.07376179692571938,10.683065678073714,0.28460232765809834,0.7846023276580983,1.7400713094098572
SHANGHAI,42,18,sb_r,0.00096135074,0.0039384104,0.09663522,9.962349,0.0033302049969672325,0.00031419098377227783,8.189764446161711e-05,0.04652761222314439,0.059393649528501555,0.04686162928614067,1.5032058,2.05761316872428,0.29093018276003296,79.06764041251718,0.11387672091668277,10.105073748771929,0.31462892032777123,0.8146289203277712,1.9507580868206598
SHANGHAI,42,18,GARCH,0.00021847678,0.004688156,0.7504165,9.763144,0.004384014357300344,0.0006931126117706299,7.820578516622513e-05,0.04471131067708484,0.06389338928507642,0.05387908295844682,0.9803214,0.4115226337448554,0.46568055368089417,80.62084284959855,0.07405349157521957,10.690613441174907,0.28493123051982394,0.7849312305198239,1.7423791131883442
SHANGHAI,42,18,TimeGAN,0.0005199971,0.003505108,0.4758329,10.685844,0.003977480459443056,0.0005410816520452499,9.836288919144957e-05,0.054915492749569236,0.06688314881757833,0.053108791889389974,0.7305317,0.0,0.029426264979369673,72.80467517825019,0.07047944291577457,10.929009798267426,0.3590217046368661,0.8590217046368661,2.262247730992728
SHANGHAI,42,18,iid,0.00047658855,0.0048757745,0.24618843,7.958856,0.00369674519826147,0.00039391592144966125,9.72797272940553e-05,0.048805337206140394,0.06682028191979043,0.047833038915414364,0.7760999,0.8230452674897117,0.7447804899491987,82.51921523101169,0.12332539767698658,8.433108900828948,0.3416245390562924,0.8416245390562924,2.1401775116849193
SHANGHAI,42,18,CNN-WGAN-GP,0.00068302295,0.0051860595,0.8508643,6.4658356,0.0044643205651182846,0.0007053520530462265,0.00015638817320111023,0.048393907040153866,0.07746146763998694,0.05545027606072836,0.5226629,0.0,0.5795121411983972,81.43445318223677,0.08485091435402015,7.255022828662842,0.3410028954275861,0.8410028954275861,2.1358156417161576
SHANGHAI,42,18,CONTROL: shuffled real,5.820766e-11,0.0,5.9604645e-08,0.0,0.0,0.0,0.0,0.046350483982096194,0.07598293550428935,0.045030715017346665,0.0,0.0,0.9490790116835569,84.0725083076581,0.0805816226377506,0.7719062153596497,0.08538313370381029,0.4146168662961897,0.8559956303438748
SHANGHAI,42,19,sb_abs,0.00118462,0.0012029381,0.59778,8.441767,0.0013472575509949681,6.691832095384598e-05,1.3620228327914001e-05,0.04765916167511022,0.05123020565428305,0.04305861598928459,0.42314434,0.617283950617284,0.0018322189483172462,66.11630110562149,0.06570269539670648,10.43544552271457,0.05148104688034277,0.4485189531196572,0.6181157783434909
SHANGHAI,42,19,iid,3.0606752e-06,0.004358975,0.26013553,7.4519806,0.003188390309473399,0.0002943985164165497,8.520793554639693e-05,0.05516698037521564,0.06148054788412992,0.04682733428977372,0.26091814,0.617283950617284,0.921368613448074,83.80124444862875,0.13345605983380737,7.525151553489646,0.3119310312593019,0.8119310312593019,1.9318278818553212
SHANGHAI,42,19,QuantGAN,0.00045352156,0.0054764682,1.2900355,3.286704,0.0034585532039628527,0.0003372952342033386,0.0001722232649032185,0.05668733074548072,0.09495483078295365,0.0614689880295191,0.20324254,0.617283950617284,0.06458528610275802,74.8247993961389,0.0739278770854318,6.851413171643554,0.029110240268829468,0.47088975973117053,0.46114714707350263
SHANGHAI,42,19,sb_r,0.00028976385,0.0032959674,0.1914928,10.065937,0.0032966710801148073,0.0003729565069079399,6.252876214015063e-05,0.046496566503919895,0.06071523143691593,0.04501431394251995,1.2232411,1.4403292181069958,0.20293609566821275,77.98135029079128,0.15100989823738964,10.502545361925156,0.3255031328182081,0.8255031328182081,2.0270588783122103
SHANGHAI,42,19,TimeGAN,0.0008679773,0.003301275,0.5185709,11.133408,0.003832645276503518,0.0004941876977682114,6.669994790935579e-05,0.053741941242333266,0.06662325241370126,0.05515177342516836,1.1140153,0.617283950617284,0.021360017743891006,72.0030702867511,0.02386244410555416,11.200922142540023,0.3060771999222638,0.8060771999222638,1.8907534624739775
SHANGHAI,42,19,CNN-WGAN-GP,0.001998231,0.0055316957,0.21877435,10.577133,0.004968584164626497,0.000788714736700058,0.0001203175264218161,0.049100032511778406,0.07230439665960148,0.07200008527725003,1.7060795,0.8230452674897117,0.001410449958702231,65.50823260881734,0.030868773791172033,11.140018452256129,0.2643978027222431,0.7643978027222431,1.5983027679479094
SHANGHAI,42,19,GJR-GARCH,0.0012908797,0.0102253845,0.59001195,9.685348,0.00771515901078601,0.0014664027839899063,0.00033615519137075955,0.0673679681426438,0.09336870663100853,0.09059961691848002,1.3390698,1.6460905349794235,1.392990265517512e-07,45.078127018399314,0.0013134366336940984,10.033335455257841,0.3920030110478889,0.8920030110478889,2.493666768076976
SHANGHAI,42,19,GARCH,0.0013409927,0.010960133,0.60041493,9.741477,0.00822683283732235,0.0016176626086235046,0.0003773858698228611,0.0676631577128137,0.09596839782083406,0.09376141760614701,1.3342257,2.05761316872428,6.691734877245652e-08,43.50176478596297,0.0027408864557121326,10.064211458063209,0.4020924814823015,0.9020924814823015,2.5644612812937537
SHANGHAI,42,19,CONTROL: shuffled real,5.820766e-11,0.0,5.9604645e-08,0.0,0.0,0.0,0.0,0.046350483982096194,0.07598293550428935,0.045030715017346665,0.0,0.0,0.9490790116835569,84.0725083076581,0.0805816226377506,0.7719062153596497,0.08538313370381029,0.4146168662961897,0.8559956303438748
SHANGHAI,43,0,GARCH,0.00015251525,0.0026002396,0.68775904,11.225494,0.0013654975708989635,6.097182631492615e-05,1.3095891306897294e-05,0.04344202606720501,0.05286147275357507,0.04762224605452502,1.1098938,0.0,0.0013652301120192151,65.43268669606196,0.04536209675420211,11.513410208563688,0.03153580662381328,0.4684641933761867,0.4781665526500719
SHANGHAI,43,0,GJR-GARCH,0.00015413138,0.0025966,0.6956323,11.199689,0.0013649312314750208,6.112363189458847e-05,1.295068826973141e-05,0.04347411108450615,0.052894173096865414,0.04757777400340274,1.1239326,0.0,0.0014098218354541025,65.50719964677661,0.04441342324807984,11.483079440984675,0.034069121261097735,0.46593087873890227,0.49594199267314704
SHANGHAI,43,0,sb_abs,1.0974123e-05,0.0048548942,0.6718954,7.2388134,0.00332999655797216,0.000295909121632576,0.00015496771590077786,0.04660290327374241,0.10413963996106759,0.06849332114798017,0.4876144,1.234567901234568,8.601873109663295e-06,54.04052043247354,0.019303770545342602,10.07164955147238,0.09104237853103181,0.5910423785310318,0.3819244705056479
SHANGHAI,43,0,QuantGAN,0.00096234033,0.0032694396,0.10659441,8.469856,0.0023207979073090676,0.00013551488518714905,0.00010099932722504471,0.05843996728057391,0.2006760859140195,0.1650160883704666,0.81929326,2.469135802469135,6.769465846634419e-14,14.364916532957665,0.06674541003850576,8.308700890903918,0.005269087805010009,0.49473091219499,0.29386157998899537
SHANGHAI,43,0,sb_r,0.00079635676,0.0023064148,0.49962273,10.935722,0.0029840214353588435,0.0003342265263199806,3.25675729540282e-05,0.04785005059777177,0.06193164021940902,0.04494460238143802,1.3966744,1.234567901234568,0.6680331324469156,82.02047896371029,0.0851099985817958,11.308505892822168,0.2682317227671137,0.7682317227671137,1.6252041306163518
SHANGHAI,43,0,CNN-WGAN-GP,0.00076241366,0.0038860682,0.47509542,8.818824,0.003590657589770505,0.00041203200817108154,6.589439383825293e-05,0.051673929260723526,0.06479730480466969,0.06355133349934476,1.168709,1.0288065843621395,0.020325145881818572,71.87973725404794,0.05734735159257798,10.94062691049356,0.24561417750914516,0.7456141775091452,1.4665042149859884
SHANGHAI,43,0,iid,8.020137e-05,0.0040056584,0.05665347,10.109102,0.0035960628732012575,0.0004258677363395691,6.546581438971305e-05,0.04241862474689697,0.06874703710491303,0.05468740290030837,1.05017,1.234567901234568,0.8264755634241542,83.06714689710205,0.10798469070639971,10.350127319387493,0.33203543393283685,0.8320354339328369,2.0728938981580747
SHANGHAI,43,0,TimeGAN,0.0013333629,0.0055705616,0.31525594,13.177956,0.006742420504187866,0.0019091349095106125,9.315813430542056e-05,0.10935218859012821,0.4664379343041219,0.35082364368834534,5.8279095,0.0,6.743273658685542e-17,78.79614800121418,0.10190182423195782,13.718603837690026,0.4193083445878628,0.9193083445878628,2.6852593604484256
SHANGHAI,43,0,CONTROL: shuffled real,5.820766e-11,0.0,5.9604645e-08,0.0,0.0,0.0,0.0,0.046350483982096194,0.07598293550428935,0.045030715017346665,0.0,0.0,0.9490790116835569,84.0725083076581,0.0805816226377506,0.7719062153596497,0.08538313370381029,0.4146168662961897,0.8559956303438748
SHANGHAI,43,1,CNN-WGAN-GP,0.0007505618,0.0001819497,0.3269343,10.11121,0.0016328560310273736,9.112711995840073e-05,2.0739808446807944e-05,0.052582927421753994,0.05436363558139419,0.05509315494506154,1.2649138,1.0288065843621395,1.0080920037334208e-09,34.55285887479885,0.0029377940233634714,11.853647495509577,0.020998615016371347,0.47900138498362865,0.40423052643640295
SHANGHAI,43,1,GARCH,7.018476e-05,0.00096251443,0.31698394,11.889616,0.0013887650047333196,8.22804868221283e-05,1.9188603791659726e-06,0.05904606067328132,0.056532255814527164,0.06611554741684814,2.4505324,1.4403292181069958,0.7589986171938704,82.61239374323112,0.11084288850135726,12.262705758196862,0.08167270598248977,0.5816727059824898,0.3161805435684897
SHANGHAI,43,1,GJR-GARCH,7.090793e-05,0.0009823097,0.31815302,11.882784,0.0013801398955410509,8.092354983091354e-05,1.931711227009338e-06,0.059079155118524795,0.05670261669787578,0.06632470866199583,2.4561381,1.6460905349794235,0.7540307092314493,82.57977289638234,0.11071836391816803,12.26263831836037,0.0783453012646893,0.5783453012646893,0.2928332332410366
SHANGHAI,43,1,sb_abs,0.00056871405,0.0028769346,0.21392295,9.125311,0.0029052377690090237,0.0002952134236693382,6.186220510992367e-05,0.048706552169896895,0.06759774882579223,0.06406223213183694,0.15443921,0.2057613168724286,1.059612422591193e-08,39.5569397075973,0.07517364814198502,11.094423964412501,0.19793088857892804,0.697930888578928,1.1319261763928041
SHANGHAI,43,1,QuantGAN,0.00031646717,0.0022472702,0.1334534,9.116085,0.002422947299546202,0.000211409293115139,3.495451746900979e-05,0.04741151643262129,0.0906657849275507,0.07884431179263629,0.8500166,0.8230452674897117,7.856871866621078e-05,58.94304087359738,0.08620317766127983,11.87828458730132,0.11721192709524897,0.617211927095249,0.565547631280036
SHANGHAI,43,1,sb_r,0.00080662617,0.0050123325,0.57675475,8.324114,0.003989960489965925,0.0004775822162628174,9.776702224339621e-05,0.051357585941586875,0.05783251682762056,0.038128915053093806,0.6185894,0.617283950617284,7.554976791038792e-06,53.755350437082,0.05653100917866949,9.574369902789574,0.313748976022317,0.813748976022317,1.944583805507536
SHANGHAI,43,1,iid,0.0006249952,0.0045072455,0.071807355,11.02013,0.00394678024543997,0.0004420243203639984,0.00010865484397807012,0.04775718665667227,0.07085862691747025,0.05230402675340883,3.2861705,2.05761316872428,0.386550613742349,79.98152102014059,0.12366825202614784,11.438754348574097,0.31750565186480784,0.8175056518648078,1.9709431708787128
SHANGHAI,43,1,TimeGAN,0.0004358366,0.0029565059,0.45353535,12.610229,0.004875484231355204,0.0010563787072896957,4.427712249639944e-05,0.10513351795481868,0.3206604948290624,0.26016534316935575,3.38202,0.8230452674897117,6.743273658623613e-17,52.23472653612437,0.05259047060941169,11.654210044420726,0.3403017935906991,0.8403017935906991,2.1308962394957485
SHANGHAI,43,1,CONTROL: shuffled real,5.820766e-11,0.0,5.9604645e-08,0.0,0.0,0.0,0.0,0.046350483982096194,0.07598293550428935,0.045030715017346665,0.0,0.0,0.9490790116835569,84.0725083076581,0.0805816226377506,0.7719062153596497,0.08538313370381029,0.4146168662961897,0.8559956303438748
SHANGHAI,43,2,CNN-WGAN-GP,0.00064912264,0.002637636,0.19648102,10.466793,0.0032316075501590998,0.0003544287756085396,4.078988652688749e-05,0.04324142338809907,0.1135885911458172,0.10591296956059523,1.7888904,1.234567901234568,7.38279031404536e-06,53.704713646294195,0.08656545720998365,12.464086082118335,0.19929373214957824,0.6992937321495782,1.1414888038668607
SHANGHAI,43,2,sb_r,0.0009855644,0.002991598,0.038841516,10.306986,0.003209948417749315,0.0004105903208255768,3.2077489822671855e-05,0.05310905126636498,0.07274163317197235,0.053646536863780056,2.4205718,1.8518518518518512,0.011416785784831067,70.46332072186672,0.0933907363168407,11.175870193751276,0.2893420220760978,0.7893420220760978,1.7733281945258585
SHANGHAI,43,2,iid,0.00082443363,0.004413789,0.02425459,10.186598,0.004040742826583547,0.0005320888012647629,0.0001187509325459109,0.0549974624159222,0.07223055560141801,0.057765707407379525,0.51217437,0.8230452674897117,0.5790171046194101,81.43109493154964,0.16505807140942408,10.671431041428505,0.35791371773394043,0.8579137177339404,2.2544733493784412
SHANGHAI,43,2,QuantGAN,0.0003635167,0.0033770856,0.4227949,10.364208,0.003406301284453567,0.0003755958750844002,5.2112588091952e-05,0.0523127332261356,0.10673950935015455,0.1007696876314003,2.3329687,2.674897119341564,5.3061616103668e-17,3.1998743592876764,0.09000251862443931,12.456868167828441,0.25384412907161824,0.7538441290716182,1.5242510926294097
SHANGHAI,43,2,sb_abs,0.0004356861,0.00679472,0.019067556,8.072989,0.0048163899322064,0.0005839914083480835,0.00016633007616359183,0.0579881239254064,0.1480816909321584,0.09339199959882535,1.5868764,2.2633744855967075,4.739168674184953e-10,32.95362959744705,0.008146546412417077,12.02588865651223,0.2372555676095871,0.7372555676095871,1.4078545838824703
SHANGHAI,43,2,GJR-GARCH,0.0013277407,0.025278106,0.91986793,8.034145,0.01672263662967939,0.004043608903884888,0.0019955071418700874,0.054652790629916126,0.08851437437115237,0.06425605696975253,0.8070655,2.2633744855967075,2.736456514618123e-07,46.533872857405356,0.0019259660939692225,7.6620454649367264,0.38027173231193867,0.8802717323119387,2.411352223134233
SHANGHAI,43,2,GARCH,0.0013993236,0.027265713,0.91138023,8.071812,0.018074253160262867,0.004542306065559387,0.0023183028069473487,0.054665956809330965,0.08788998402887956,0.06398206328158267,0.7971699,2.2633744855967075,3.014895043016165e-07,46.74312273265812,0.0015543402982126642,7.812200859859322,0.39291641144099787,0.8929164114409979,2.5000757998118437
SHANGHAI,43,2,TimeGAN,0.00015844248,0.0068702167,0.2977109,12.88965,0.007623281888522667,0.0021033845841884613,0.0001175957913661049,0.07929313090382493,0.34052397068822754,0.20568740594782867,4.4592667,0.8230452674897122,6.743273577263312e-17,37.53786741672069,0.102355309617991,12.789114292034162,0.42448838015955614,0.9244883801595561,2.721605975380052
SHANGHAI,43,2,CONTROL: shuffled real,5.820766e-11,0.0,5.9604645e-08,0.0,0.0,0.0,0.0,0.046350483982096194,0.07598293550428935,0.045030715017346665,0.0,0.0,0.9490790116835569,84.0725083076581,0.0805816226377506,0.7719062153596497,0.08538313370381029,0.4146168662961897,0.8559956303438748
SHANGHAI,43,3,QuantGAN,4.337565e-05,0.0015457952,0.3784075,8.66589,0.001904957656657315,0.00012506172060966492,3.517162078974393e-05,0.04383831357044983,0.05909361355239526,0.04518533879541792,0.3132484,0.4115226337448554,2.059992812220994e-09,36.069740133385366,0.029519336187330714,8.644452424758118,0.15066776874955412,0.6506677687495541,0.8002963269197813
SHANGHAI,43,3,sb_abs,0.0007814819,0.0044252994,0.5818057,7.5637865,0.0038243341337676536,0.0005097240209579468,8.23723845501797e-05,0.0486704297135293,0.07502777189714833,0.051167545701609925,0.49260378,0.4115226337448554,0.006215037044563642,68.99713286994444,0.0738816963070883,5.329805230101126,0.2019298750562727,0.7019298750562727,1.1599857562155953
SHANGHAI,43,3,iid,3.266806e-05,0.0051200604,0.15879545,8.335701,0.0037474983525962935,0.00040062516927719116,0.00013402761238391888,0.0504259520911728,0.06803788434248417,0.04371589838177897,0.9411745,1.0288065843621395,0.9377175523931419,83.95528033730675,0.09671696087276227,8.802670921747996,0.3162975426995619,0.8162975426995619,1.9624662641052313
SHANGHAI,43,3,CNN-WGAN-GP,0.00034384872,0.004564164,0.59628177,8.863264,0.003860930874639747,0.0004262402653694153,0.00010126603527610703,0.061705006231350126,0.12039118338609114,0.09220363081782125,0.48553014,0.617283950617284,7.498753529559029e-11,29.058408670661173,0.02192445451376046,11.903987110245794,0.22239319267016477,0.7223931926701648,1.3035701612339887
SHANGHAI,43,3,GJR-GARCH,0.00040628604,0.010299134,1.8656574,2.6798563,0.006443982151163048,0.0008662119507789612,0.0003203946948357537,0.07291614831759943,0.12930463575059548,0.07562784689012915,0.89850926,1.6460905349794235,2.687128447568367e-07,46.49460110243741,0.020171733894628674,4.241054638742781,0.19377273968457798,0.693772739684578,1.102749805960679
SHANGHAI,43,3,sb_r,0.0011183462,0.0058064563,0.37959114,9.28281,0.004415971610787633,0.0005339030176401138,0.0002060035131368625,0.04467696529594832,0.06431837202282623,0.048008529793587516,0.7225292,1.8518518518518512,0.7412672581410269,82.49626948641051,0.06294607993646184,9.579157231037613,0.30024895265225593,0.8002489526522559,1.8498585581210274
SHANGHAI,43,3,GARCH,0.00039808167,0.010258193,1.8220309,3.0463257,0.006455243085885231,0.0008721910417079926,0.0003192366751948253,0.07270897846137814,0.12901907943421975,0.0768120889259444,1.0209711,1.6460905349794235,2.0472781511426898e-07,45.9078190083725,0.020528847808647943,4.404178841099226,0.19623545213688465,0.6962354521368846,1.1200298535496285
SHANGHAI,43,3,TimeGAN,0.0010076636,0.0059089987,0.30765927,12.936724,0.0068851579772113095,0.0019550397992134094,9.470403782166552e-05,0.09444917507717036,0.3123911001929082,0.22350324798026122,4.326439,0.617283950617284,6.743273658685541e-17,75.48609328308093,0.03872836008746383,11.221133448245348,0.35845664115639975,0.8584566411563997,2.258282865413683
SHANGHAI,43,3,CONTROL: shuffled real,5.820766e-11,0.0,5.9604645e-08,0.0,0.0,0.0,0.0,0.046350483982096194,0.07598293550428935,0.045030715017346665,0.0,0.0,0.9490790116835569,84.0725083076581,0.0805816226377506,0.7719062153596497,0.08538313370381029,0.4146168662961897,0.8559956303438748
SHANGHAI,43,4,CNN-WGAN-GP,0.00041865063,0.00030199718,0.3367575,8.59476,0.0014864090477454495,9.540747851133347e-05,8.924967967971029e-06,0.048393422652588926,0.05663961827289313,0.06759802027489059,0.5203669,0.0,2.268241152621407e-05,56.179201023143065,0.039206522156185364,12.273941967194675,0.016085736144628715,0.5160857361446287,0.14402176667349326
SHANGHAI,43,4,QuantGAN,0.00035997358,0.00035380851,0.12225258,7.521757,0.0008153024028660544,2.5944784283638e-05,4.6872312591470625e-06,0.05057828357428661,0.1047647742764093,0.08544924313551747,0.36885786,0.8230452674897117,2.2619801531548835e-09,36.268484968638106,0.029310782308194283,10.520621732067784,0.10065829772474,0.39934170227526,0.9631764589312491
SHANGHAI,43,4,GJR-GARCH,0.000115706935,0.0030609053,0.6408141,10.649275,0.0035869334473965816,0.00048362836241722107,4.686946776164952e-05,0.04422988873659051,0.05531665527028963,0.05071193438605406,0.7419753,0.617283950617284,0.002955793349467997,67.23544069581632,0.06706359052897415,11.414706689111725,0.30409910873966484,0.8040991087396648,1.8768738437882575
SHANGHAI,43,4,GARCH,0.00011577044,0.0032267831,0.646019,10.679813,0.0037089760966159046,0.0005115168169140816,5.090847408513775e-05,0.044054468313552204,0.05527812166372314,0.050699495599837975,0.79285264,0.617283950617284,0.0032549517163629024,67.4623378625795,0.06746128681721908,11.426604751101362,0.31060656378919715,0.8106065637891972,1.9225345269238558
SHANGHAI,43,4,sb_r,0.00077020796,0.0057507167,1.1308538,5.7634583,0.0038522992842609776,0.0003736056387424469,0.0002462711115166608,0.04634780387350475,0.0616122292001819,0.048659496412146834,0.09766817,0.617283950617284,0.9732918193296373,84.37148001649604,0.15273975962419406,7.112181363464485,0.30783635053123837,0.8078363505312384,1.903096846782096
SHANGHAI,43,4,iid,0.0005000945,0.005127636,0.18663648,7.7557554,0.003873431960630242,0.0004624221473932266,0.00012160330594105493,0.046818917370546845,0.0634582672570832,0.04670231462223455,0.18633461,0.2057613168724277,0.9118447685555918,83.7173732649645,0.12490128545306556,7.99677910039485,0.3196711955385323,0.8196711955385323,1.986138082368626
SHANGHAI,43,4,TimeGAN,0.0027181103,8.217525e-05,1.0990019,10.460756,0.004608170412108695,0.001703447662293911,2.5886324587820532e-05,0.12794308955562883,0.44353911306941884,0.41076206463971177,4.3014827,5.5555555555555545,6.743273658685542e-17,173.0210168473863,0.10478862958779311,13.216610440792529,0.2661923774240288,0.7661923774240288,1.6108947115261114
SHANGHAI,43,4,sb_abs,0.0022336324,0.010649788,0.6191924,10.683083,0.008377162847469519,0.0017589889466762543,0.00037852205213948723,0.04928747088546515,0.13220542323077097,0.09921423889347353,1.4807,1.8518518518518512,0.0002388736631263917,61.44394896773325,0.0903525326684056,11.617299880520505,0.33466419682019577,0.8346641968201958,2.091339067325542
SHANGHAI,43,4,CONTROL: shuffled real,5.820766e-11,0.0,5.9604645e-08,0.0,0.0,0.0,0.0,0.046350483982096194,0.07598293550428935,0.045030715017346665,0.0,0.0,0.9490790116835569,84.0725083076581,0.0805816226377506,0.7719062153596497,0.08538313370381029,0.4146168662961897,0.8559956303438748
SHANGHAI,43,5,CNN-WGAN-GP,2.3760367e-07,0.00030164886,0.04508567,10.964823,0.0016599946452852587,9.308476001024246e-05,5.361819215714984e-06,0.047014025208336536,0.04882244390202686,0.05404538609931478,2.5970984,1.8518518518518512,0.00019822182625967095,61.022333059784586,0.017126584758841767,11.79537380412446,0.08120013874436349,0.5812001387443635,0.31286469386132965
SHANGHAI,43,5,sb_abs,0.0011262484,0.0032259673,0.7874589,6.75323,0.002601698276111515,0.00018920749425888062,0.00011131912927801146,0.06495234435875318,0.05583806654505679,0.05076863718102686,0.63670397,1.234567901234568,1.7715187588435066e-05,55.63261697153371,0.01593836707192997,9.890644177813682,0.1349133954730961,0.6349133954730961,0.6897530437621067
SHANGHAI,43,5,iid,0.0010909601,0.0038549732,0.1681275,10.4118595,0.0038090558630554184,0.0004847683012485504,8.752395812047564e-05,0.05373904326450429,0.06846364530501887,0.048828894763719294,0.7843957,0.617283950617284,0.5133306142580276,80.97306374079079,0.09068807966842385,10.822693764308992,0.3025023185560747,0.8025023185560747,1.8656696894680238
SHANGHAI,43,5,GARCH,0.0019145557,0.0038289195,0.17143926,9.241913,0.003961987749563404,0.0006658788770437241,6.295732225176546e-05,0.05311069834235241,0.08566792074823752,0.07345221755211241,0.68990016,0.2057613168724286,1.6930915140864806e-08,40.55784870908196,0.0549471368066069,11.271771799498637,0.3296457836719533,0.8296457836719533,2.056126504063674
SHANGHAI,43,5,GJR-GARCH,0.0018829054,0.0040097004,0.17035547,9.217537,0.004059363911675352,0.0006819590926170349,6.763082120011507e-05,0.053166277238779,0.08582260273629799,0.07360222967457958,0.72493076,0.2057613168724286,1.2411130811482822e-08,39.89444737673377,0.050812517353663655,11.224426990800843,0.3357033035426552,0.8357033035426552,2.0986301392479985
SHANGHAI,43,5,QuantGAN,0.0009533762,0.0061673084,0.29490736,8.991628,0.004709958002907044,0.0005777645856142044,0.00013213125617629192,0.05151934796231217,0.13331116441870108,0.11014851912041194,2.1045089,1.8518518518518512,6.94477989491057e-17,1.466819187329719,0.008734970769368466,11.251713558618913,0.20586932937764302,0.705869329377643,1.1876276183761618
SHANGHAI,43,5,sb_r,1.390581e-06,0.0054317387,0.10501364,9.833317,0.004304058300291489,0.0004865489900112152,0.00016020202559603925,0.04990223149987287,0.06614941028266913,0.05600803740497213,1.0670364,2.2633744855967075,0.2578259161780769,78.69584335220057,0.11505001785466062,10.657931630964576,0.36957464028555764,0.8695746402855576,2.3362942279931023
SHANGHAI,43,5,TimeGAN,0.00072399137,0.00508877,0.38959506,13.148802,0.006384305146779593,0.001644497737288475,8.609682524707582e-05,0.0857649923839199,0.32792338874423876,0.25306956130662,7.22818,0.4115226337448554,6.743273658685542e-17,88.64931722919705,0.07464052769002805,13.458755307911412,0.402063945407537,0.902063945407537,2.564261052992853
SHANGHAI,43,5,CONTROL: shuffled real,5.820766e-11,0.0,5.9604645e-08,0.0,0.0,0.0,0.0,0.046350483982096194,0.07598293550428935,0.045030715017346665,0.0,0.0,0.9490790116835569,84.0725083076581,0.0805816226377506,0.7719062153596497,0.08538313370381029,0.4146168662961897,0.8559956303438748
SHANGHAI,43,6,iid,0.000512073,0.0029684538,0.38798782,8.694511,0.0027417894408776544,0.00025408249348402023,6.245617238342653e-05,0.0429866542785021,0.05733630951028317,0.03929503927109181,0.8851013,1.234567901234568,0.342270150514854,79.58260505149148,0.0856250117056212,8.684907508778021,0.26064186488168595,0.760641864881686,1.5719485808948601
SHANGHAI,43,6,GJR-GARCH,0.00078566937,0.0053495625,1.0033278,10.389479,0.0050168972981059715,0.0007838327437639236,0.00010350500333155504,0.05291399022200494,0.053324093564879146,0.04589597714249976,1.1126435,0.617283950617284,0.06694720106512267,74.91929953409516,0.051570427092911264,9.98426978988319,0.347565454621491,0.847565454621491,2.181862972605218
SHANGHAI,43,6,QuantGAN,0.0009292236,0.0041740127,0.15763327,9.174036,0.0031713824325506645,0.00026313401758670807,0.00011395988085291427,0.06512947519062436,0.19533043053233995,0.15845045815804043,0.996469,2.2633744855967075,1.7424427818620585e-11,25.98514913334312,0.024039064151400003,11.260932570245842,0.00037613498547361957,0.4996238650145264,0.25952933080867396
SHANGHAI,43,6,CNN-WGAN-GP,0.00045129846,0.0036076764,0.21437043,12.111231,0.004399399553227499,0.0007032770663499832,6.155499466786045e-05,0.05775207861574017,0.06278493451187388,0.05875330902053975,1.9078455,1.0288065843621395,0.005459480014865255,68.68768699036292,0.03343368323228102,12.981903319721072,0.3128943697832488,0.8128943697832488,1.9385873131167661
SHANGHAI,43,6,sb_r,0.0012106228,0.005679556,0.40235075,9.036472,0.004315054891306808,0.000526871532201767,0.00014987932909537485,0.05564825871711946,0.06403896867792355,0.04888446838478558,0.6032622,1.0288065843621395,0.1389886343279833,76.89849659240596,0.080427548666547,10.049002037254372,0.3119959754294557,0.8119959754294557,1.9322835738504753
SHANGHAI,43,6,GARCH,0.00078753004,0.005463521,0.99019885,10.4676895,0.005128145962631314,0.000818304717540741,0.00010506053235970405,0.0527953116982826,0.05276054347632453,0.0450818843964953,1.1257246,0.617283950617284,0.08722019594611029,75.62256598710275,0.05202557384701745,10.11376542458748,0.3529061286140569,0.8529061286140569,2.2193367347824315
SHANGHAI,43,6,sb_abs,0.0010710342,0.007255315,0.021856844,8.018736,0.0050616401506609204,0.0006862916052341461,0.0001710542344386411,0.042661740121111506,0.09774476008722559,0.05996380168944597,0.837826,2.05761316872428,4.625009328677913e-07,47.668210952550304,0.06010470249661426,11.228404751756582,0.23670157415812432,0.7367015741581243,1.4039673930753271
SHANGHAI,43,6,TimeGAN,0.0018666156,0.0005334215,1.1598297,11.308053,0.0038598374678479393,0.001201665960252285,1.623842737056117e-05,0.15450956087341183,0.3261362492688932,0.3233953748981003,3.9369674,4.732510288065844,6.743273658685542e-17,87.4609273975036,0.04587614694750175,11.578920678899967,0.4067711677404595,0.9067711677404595,2.597290092111277
SHANGHAI,43,6,CONTROL: shuffled real,5.820766e-11,0.0,5.9604645e-08,0.0,0.0,0.0,0.0,0.046350483982096194,0.07598293550428935,0.045030715017346665,0.0,0.0,0.9490790116835569,84.0725083076581,0.0805816226377506,0.7719062153596497,0.08538313370381029,0.4146168662961897,0.8559956303438748
SHANGHAI,43,7,sb_abs,0.0003987086,0.00056237914,0.47641906,5.945608,0.0012515929775431148,5.857180804014206e-05,9.459441212545529e-06,0.052602407560189024,0.05429139002924785,0.039866762908641246,0.77694345,0.4115226337448554,0.11073730092713806,76.26961811728553,0.02720512993780899,10.102509161797547,0.009072257769315306,0.5090722577693153,0.19323304993799664
SHANGHAI,43,7,iid,0.0009979156,0.004201765,0.1480495,9.8335905,0.003691707650815999,0.00042753294110298157,0.00010513727831439325,0.04720539117566659,0.0556056539848214,0.045371881229802964,0.78077316,1.234567901234568,0.05617824845792232,74.45993014360114,0.06300762659209724,10.393704642565211,0.3027288851496792,0.8027288851496792,1.8672594331329349
SHANGHAI,43,7,sb_r,0.0006777599,0.0026943516,0.49030504,11.124513,0.0031238862197262946,0.00033745821565389633,4.5351075177466926e-05,0.04641727804482798,0.06471574592171236,0.049529156371136196,2.0768042,2.674897119341564,0.33478057412275974,79.51137869531979,0.12173360111125564,11.38102773197869,0.29153560982329785,0.7915356098232978,1.7887198821045887
SHANGHAI,43,7,CNN-WGAN-GP,0.0008740862,0.0032647178,0.3919281,8.866384,0.0035601249154856526,0.0004784185439348221,3.8880189477755785e-05,0.05519942920873291,0.0811789989832323,0.07149543800973333,1.0556643,0.2057613168724277,0.007550819138400478,69.46384545781413,0.0018522358540647987,11.946741160413012,0.33046422781627705,0.830464227816277,2.0618692588662353
SHANGHAI,43,7,QuantGAN,0.00028497406,0.0074962573,0.051717132,8.73248,0.00626626829196898,0.001131368800997734,0.00016383646248938413,0.049019573954719814,0.11694473993266001,0.07172149951686152,1.0219822,0.617283950617284,0.34518816904797306,79.61003607044361,0.09943069142155414,10.24126992205353,0.22916534441320235,0.7291653444132024,1.3510881344710461
SHANGHAI,43,7,GJR-GARCH,0.00073919207,0.027278867,0.5284107,10.1993,0.0204761041347051,0.006512992084026337,0.0020090700564637963,0.055149478926759914,0.08646239638561383,0.0588386327365879,1.2501202,1.0288065843621395,0.006629266271216737,69.15154881191859,0.04530571667810068,11.143793275839794,0.4267215740105239,0.9267215740105239,2.7372755660315824
SHANGHAI,43,7,GARCH,0.0007284162,0.027215987,0.5315969,10.230682,0.020450475066124373,0.006509818136692047,0.00200091881937756,0.05516919623580179,0.08651796717429533,0.05909290330135263,1.238626,1.0288065843621395,0.004963101084949654,68.46074224899218,0.047446326248157145,11.17520533181225,0.4275451841683825,0.9275451841683825,2.74305456906103
SHANGHAI,43,7,TimeGAN,0.0046818005,0.007248176,1.3438658,9.529289,0.0066227038119369835,0.003320056479424238,0.0001258459695456977,0.0555787922743184,0.06629631642543245,0.0543168462178437,5.1289167,13.786008230452673,3.257578678924462e-06,51.912380357064514,0.18732008414482504,12.448682183130243,0.4998627316403569,0.9998627316403569,3.25048314061893
SHANGHAI,43,7,CONTROL: shuffled real,5.820766e-11,0.0,5.9604645e-08,0.0,0.0,0.0,0.0,0.046350483982096194,0.07598293550428935,0.045030715017346665,0.0,0.0,0.9490790116835569,84.0725083076581,0.0805816226377506,0.7719062153596497,0.08538313370381029,0.4146168662961897,0.8559956303438748
SHANGHAI,43,8,CNN-WGAN-GP,0.00022998551,0.00019705389,0.2514174,11.561888,0.001602167445673834,0.00010286737233400345,6.5539095621736195e-06,0.04512687876311247,0.05740675006294623,0.05079506270121783,1.52826,0.8230452674897117,0.08596816618305804,75.58377482006205,0.08103858955025178,11.924654081598142,0.1322834025825148,0.6322834025825148,0.6712992440644292
SHANGHAI,43,8,GJR-GARCH,0.0003636432,0.0039463043,0.09626463,8.464651,0.003489046193236118,0.0003849528729915619,7.141490566776456e-05,0.05202651871382841,0.07419298637891188,0.05741337292012758,0.44633865,0.617283950617284,0.00013264078242414788,60.11726309913315,0.008622526608644931,10.554622433318606,0.13218106631439375,0.6321810663143937,0.6705811839508535
SHANGHAI,43,8,GARCH,0.00035277297,0.003935026,0.0841175,8.603574,0.003512810035158603,0.00039402861148118973,6.9900552493779e-05,0.05214882131913327,0.07280143598793075,0.05723400993854739,0.4463575,0.8230452674897117,0.00017610342781271547,60.75538134695277,0.00853766520290955,10.575884665247758,0.1427435959882215,0.6427435959882215,0.7446949990868748
SHANGHAI,43,8,QuantGAN,0.00019586552,0.00076623354,0.24974659,7.677397,0.0011178057621175064,3.665313124656677e-05,1.5010100333984385e-05,0.060845775120105826,0.08934290597913787,0.07243000678368844,0.5702281,1.0288065843621395,7.217609086556181e-15,9.719193486149308,0.009554173475738281,11.293627365257358,0.20006838817917705,0.29993161182082295,1.660704541134054
SHANGHAI,43,8,sb_r,0.00040690548,0.004807408,0.109873444,7.4176006,0.003289644057142156,0.0002817325294017792,0.00012010861870767271,0.048509357776347316,0.05209143626794685,0.044532120910589584,0.5988722,1.6460905349794235,0.6596180362437168,81.96565932246602,0.07746557978732316,8.76358485086674,0.24152195678752675,0.7415219567875267,1.4377904409731848
SHANGHAI,43,8,iid,0.00039618125,0.0033978717,0.24923286,11.369342,0.0036033269196826426,0.00044546276330947876,5.919047110278245e-05,0.04582512182634673,0.07054792053299025,0.05519649135298096,1.7401962,1.4403292181069958,0.63094305470464,81.77780722464179,0.10799113196725485,11.607267387932165,0.32174891698216257,0.8217489169821626,2.000716774001457
SHANGHAI,43,8,sb_abs,0.0019608545,0.0056480328,0.57053494,8.180769,0.004899709387075526,0.0008822772651910782,0.00011727374872621925,0.04554574787864112,0.08486461476655677,0.06472450296860188,2.0782852,2.05761316872428,0.0001296617470175652,60.066201983082955,0.03433232192718594,10.508010303104479,0.20567695687362697,0.705676956873627,1.186277803451123
SHANGHAI,43,8,TimeGAN,0.0017999758,0.00070076156,1.139167,11.39859,0.004453183324276776,0.0014658467844128609,3.1458206740749055e-05,0.1656076270925405,0.40022095110500233,0.34710292357602157,4.032243,4.320987654320988,6.743273658685542e-17,117.62551840972931,0.07896513552698303,8.263093947329839,0.4199545882810213,0.9199545882810213,2.6897938410214124
SHANGHAI,43,8,CONTROL: shuffled real,5.820766e-11,0.0,5.9604645e-08,0.0,0.0,0.0,0.0,0.046350483982096194,0.07598293550428935,0.045030715017346665,0.0,0.0,0.9490790116835569,84.0725083076581,0.0805816226377506,0.7719062153596497,0.08538313370381029,0.4146168662961897,0.8559956303438748
SHANGHAI,43,9,sb_abs,0.00018618011,0.001433922,0.6940669,4.0202084,0.001370004965970542,7.827579975128174e-05,1.768680352751534e-05,0.04351850666207611,0.05936190702719614,0.039473972679697905,0.09070015,0.2057613168724277,0.012913368907145664,70.76351075338052,0.03556151775303096,10.786043113145276,0.032204928376912356,0.46779507162308764,0.48286156108498823
SHANGHAI,43,9,GJR-GARCH,0.00051996496,0.0020998027,0.33071175,11.94194,0.0012474830954705518,6.462354212999344e-05,4.791212922874178e-06,0.06058481912492425,0.05806520649523009,0.056755107395583766,1.0717635,0.2057613168724277,0.7951448191092904,82.85264854014541,0.07758213219942622,12.249909431320168,0.026653185831346793,0.4733468141686532,0.4439067999235249
SHANGHAI,43,9,GARCH,0.00052106415,0.0020735422,0.33134037,11.940356,0.0012465385067816496,6.468687206506729e-05,4.70874892111822e-06,0.0606158599293849,0.058113039252348245,0.05706654962268658,1.045145,0.2057613168724277,0.7772931290156433,82.73326152543487,0.07845983399474399,12.252759869590209,0.02672083600859032,0.4732791639914097,0.44438147908514364
SHANGHAI,43,9,QuantGAN,0.00087136123,0.00013293047,0.385017,7.8669214,0.0013839779121273185,9.432155638933182e-05,4.262257519470452e-06,0.05495064337053918,0.07486367498408071,0.0448533122765366,1.046092,1.6460905349794235,4.048383918260503e-11,27.7593501200474,0.09005922400860067,9.059555094867388,0.05380280096333856,0.5538028009633386,0.12062653783007941
SHANGHAI,43,9,sb_r,0.00040473923,0.0028507346,0.23605344,9.884411,0.002925178123156309,0.0002756686881184578,5.012095290452626e-05,0.04145111729027121,0.06083522459899541,0.048953284074086695,1.3981078,2.05761316872428,0.0446791284898561,73.86725428515005,0.08785061938638528,10.715257369385185,0.19765315385126314,0.6976531538512631,1.1299774026711062
SHANGHAI,43,9,iid,0.0006368402,0.0045337724,0.7574767,7.164036,0.0034453485247670176,0.000344153493642807,0.0001853198875767833,0.05084260501214885,0.06504929018497933,0.05089041676081251,0.07169342,0.8230452674897122,0.13724834436567052,76.86325339150402,0.08031183243696349,7.025916767824096,0.2645289210657731,0.7645289210657731,1.599222782468427
SHANGHAI,43,9,CNN-WGAN-GP,0.0011989037,0.0032837056,0.0805594,10.29208,0.0034300869110984243,0.00041047483682632446,5.874154545418195e-05,0.05966206564902677,0.08810929076978936,0.07582019826513715,1.0430079,1.234567901234568,7.78974463299684e-13,19.46672723158356,0.0765771964769818,12.447713485727794,0.24547100513403342,0.7454710051340334,1.465499621269399
SHANGHAI,43,9,TimeGAN,4.6042842e-05,0.004693334,0.4507196,13.046571,0.006277148810815202,0.0015706457197666168,8.086928069099048e-05,0.12772243790575885,0.4612633630284108,0.3625763251224998,7.3722916,0.8230452674897117,6.743273658685542e-17,86.89207526120326,0.09597943570524037,11.93744240365632,0.4534830001254603,0.9534830001254603,2.9250517379436207
SHANGHAI,43,9,CONTROL: shuffled real,5.820766e-11,0.0,5.9604645e-08,0.0,0.0,0.0,0.0,0.046350483982096194,0.07598293550428935,0.045030715017346665,0.0,0.0,0.9490790116835569,84.0725083076581,0.0805816226377506,0.7719062153596497,0.08538313370381029,0.4146168662961897,0.8559956303438748
SHANGHAI,43,10,CNN-WGAN-GP,0.00038120436,0.0016186945,0.43539837,12.412615,0.0012342016346360383,4.339590668678284e-05,4.378622248834238e-06,0.051668127719458425,0.059838764213491234,0.05951933473232202,3.0105247,0.8230452674897117,0.014226806530155092,71.00041195720596,0.049074783352612616,12.724774364998746,0.08194306069081903,0.581943060690819,0.31807753410892015
SHANGHAI,43,10,sb_abs,0.0010073218,0.0034420202,0.24878594,8.491619,0.003133030284765177,0.000362214632332325,5.1196667083983195e-05,0.05053892435094895,0.07193551633972675,0.0578294906062365,1.0393257,1.0288065843621395,4.060149090409424e-07,47.38642668138409,0.034204417231003204,11.973916571055513,0.21257776695374941,0.7125777669537494,1.2346985301482762
SHANGHAI,43,10,iid,8.2692015e-05,0.0043094186,0.30934063,7.083749,0.003384694508073797,0.0003649704158306122,9.111616117073637e-05,0.05388053349306574,0.05905854146229103,0.044655222195433456,0.40723538,0.0,0.0003282322860964095,62.16427219538059,0.10117900301056315,8.171097101080361,0.30079482808244973,0.8007948280824497,1.853688787428778
SHANGHAI,43,10,QuantGAN,0.00094970205,0.0012734504,0.20638081,8.169428,0.0017335911040854903,0.00011972431093454361,2.7875263148764294e-05,0.0590959473514522,0.11513572149211541,0.09787627416080795,1.2850306,1.8518518518518512,2.118025595176724e-08,41.036611200987785,0.008543578592258738,10.743898635004026,0.026365119076611987,0.473634880923388,0.4418855297480526
SHANGHAI,43,10,GJR-GARCH,0.0002570501,0.0036919666,0.16033742,9.649439,0.0036848243052333045,0.0004999283701181412,5.508710878772569e-05,0.047692367613199164,0.08062703639501706,0.06296116197918308,1.5646815,1.4403292181069958,0.015282569518405143,71.17597900998291,0.07302550002945607,10.661213286704381,0.22881922150636036,0.7288192215063604,1.3486595032696027
SHANGHAI,43,10,sb_r,0.00071978173,0.0051272837,0.033110052,8.426586,0.0038433397998356485,0.0004271809011697769,0.00010686597239911221,0.04558445029208087,0.06593134350609034,0.04232008791877888,0.6837702,1.0288065843621395,0.019861169966415734,71.82246888499401,0.07755970760153985,9.485525377816916,0.2680339382489183,0.7680339382489183,1.6238163413583842
SHANGHAI,43,10,GARCH,0.00026106485,0.0038496396,0.15864238,9.661927,0.0037967939029417705,0.0005250480026006699,5.878708265363891e-05,0.04765962061137543,0.08109394066268578,0.06307985542458482,1.5097327,1.4403292181069958,0.0162290167491406,71.32368176777133,0.07338399122379391,10.683327663022379,0.23498842566967526,0.7349884256696753,1.3919467905971088
SHANGHAI,43,10,TimeGAN,0.0056688995,0.010214944,0.2507901,13.512162,0.013425510863576524,0.007756467908620834,0.0001998738060729202,0.05517286978996708,0.05985680290032178,0.05397947653837036,5.303748,3.909465020576132,0.019161162175615334,71.73358365000252,0.09148610693017356,13.75480685213962,0.46037520018302447,0.9603752001830245,2.973412050929295
SHANGHAI,43,10,CONTROL: shuffled real,5.820766e-11,0.0,5.9604645e-08,0.0,0.0,0.0,0.0,0.046350483982096194,0.07598293550428935,0.045030715017346665,0.0,0.0,0.9490790116835569,84.0725083076581,0.0805816226377506,0.7719062153596497,0.08538313370381029,0.4146168662961897,0.8559956303438748
SHANGHAI,43,11,CNN-WGAN-GP,0.00017148664,0.0019787718,0.24794303,11.715504,0.0010787991890399778,3.605987876653671e-05,8.602322374640615e-06,0.05827753483565175,0.05511432620027335,0.05640364904073067,1.9680257,0.4115226337448554,0.19022973939581153,77.79271197505028,0.00555292620408343,12.300092871336583,0.11353495546158332,0.3864650445384167,1.0535277536067016
SHANGHAI,43,11,sb_r,0.0006993075,0.0029060794,0.07118639,9.227233,0.0027455986897085977,0.00024185888469219208,5.379210254461203e-05,0.05899409331133938,0.0626792929880321,0.051523017598665316,1.1709144,2.469135802469135,0.5786510465054878,81.42861088946613,0.14080186201737532,9.78745468734191,0.22401925693045321,0.7240192569304532,1.3149797221732515
SHANGHAI,43,11,iid,0.0010953296,0.004427893,0.17430142,8.398733,0.003496487655803383,0.00037741661071777344,0.00010601705327332827,0.04197088772572897,0.07372142138308846,0.058679016703972596,0.237355,0.4115226337448554,0.8715671247407616,83.39367960330338,0.1331202448746669,8.645696733643991,0.31404516079832123,0.8140451607983212,1.946662037182404
SHANGHAI,43,11,QuantGAN,0.00015740149,0.010383024,0.17115566,10.796684,0.00792392159424603,0.0014648865908384323,0.00038803125199400666,0.06131400880156434,0.10087726963916793,0.08190106532187201,2.0197263,2.469135802469135,7.632933767873029e-10,33.96313809063737,0.0010935680779150525,10.9369707572197,0.26382683522630823,0.7638268352263082,1.5942964758238505
SHANGHAI,43,11,GARCH,0.00089845783,0.020459604,0.35061178,4.126502,0.009959133737911055,0.0011077430099248886,0.0016051483323577956,0.06605556693379185,0.25819364842260256,0.1431640707293991,0.67609763,3.292181069958848,6.370116050870507e-17,5.9877245649526145,0.07107491831029966,2.665101533810885,0.020929734835905323,0.4790702651640947,0.4037472167445737
SHANGHAI,43,11,GJR-GARCH,0.0009040074,0.020590335,0.35722557,4.0963373,0.010008279441597458,0.0011137351393699646,0.0016201824375072099,0.06615380101822665,0.25833341654622927,0.1429961577395443,0.6318753,3.292181069958848,6.455605389722621e-17,6.525359687575673,0.07159771694126416,2.663767096180619,0.020206984942300554,0.47979301505769945,0.3986759171924475
SHANGHAI,43,11,sb_abs,0.0024979624,0.013366404,0.58240193,11.525354,0.011009416750437465,0.002880185842514038,0.000624437287010198,0.048975285098567835,0.06757044092053548,0.05508665878383909,2.6584692,1.4403292181069958,0.05250530952627295,74.2841406921149,0.052711347355041904,11.985017693701524,0.4080850571828497,0.9080850571828497,2.6065092244829247
SHANGHAI,43,11,TimeGAN,0.0018189976,0.0014536893,0.9900588,10.968508,0.00466973360791277,0.0015231464058160782,3.992846747767151e-05,0.15518398007625364,0.46605126407230274,0.36830258477129973,2.3219652,3.0864197530864192,6.743273658685542e-17,126.50731065599119,0.1322520895254502,13.471868229900743,0.436641550000861,0.936641550000861,2.8068807921852508
SHANGHAI,43,11,CONTROL: shuffled real,5.820766e-11,0.0,5.9604645e-08,0.0,0.0,0.0,0.0,0.046350483982096194,0.07598293550428935,0.045030715017346665,0.0,0.0,0.9490790116835569,84.0725083076581,0.0805816226377506,0.7719062153596497,0.08538313370381029,0.4146168662961897,0.8559956303438748
SHANGHAI,43,12,QuantGAN,0.00054243975,0.003350716,0.3499922,8.093063,0.0028577666952095664,0.0002760784700512886,7.02583750979823e-05,0.06251389551689499,0.09466528976568953,0.08569986958173104,0.24121189,0.2057613168724277,3.9540250178264876e-08,42.37310975983335,0.0127474706915498,11.483818098986479,0.1782690410648875,0.6782690410648875,0.9939654248600552
SHANGHAI,43,12,GJR-GARCH,0.0012005648,0.0054278905,1.2581164,1.62887,0.003283317594616104,0.0002873912453651428,8.859733587180203e-05,0.05684800185976201,0.13479090478504077,0.06023331828066148,0.12006998,0.0,1.9240011220212965e-08,40.831154314529144,0.03620764858729497,12.051661444395387,0.06421256423691823,0.5642125642369182,0.19366844111386355
SHANGHAI,43,12,sb_r,0.00040208446,0.00463375,0.42340437,8.062874,0.0035861255301083664,0.0003679301589727402,0.00012808124412114032,0.03805787800250982,0.05715352635830641,0.042785887693753466,0.41285563,0.617283950617284,0.02265792574629501,72.14987744746746,0.0767515213114277,8.146695324150595,0.22603744621810917,0.7260374462181092,1.3291406961438579
SHANGHAI,43,12,iid,0.00031494407,0.0046279216,0.4299319,8.6261425,0.0035534638573116225,0.00035316869616508484,0.00010934545725118576,0.043203470130829376,0.06777328460360878,0.058312990594422444,0.7261307,1.234567901234568,0.9206828626839587,83.79507931940269,0.0809802457969695,8.86652554640164,0.2541211257973496,0.7541211257973496,1.5261946880329809
SHANGHAI,43,12,sb_abs,0.0011987058,0.0066006994,0.39159706,8.726252,0.0050051836317519995,0.0007542800158262253,0.00017406907350759823,0.04305540548419231,0.07662574287736788,0.053991644642082975,1.3571134,1.8518518518518512,2.2010123024392845e-05,56.11261223290977,0.03366421019688337,9.202455665430662,0.1751020287673154,0.6751020287673154,0.9717435356721497
SHANGHAI,43,12,GARCH,0.0013378372,0.0076862993,1.3852837,3.0424194,0.004316784473484469,0.0004253927618265152,0.00016836676645674628,0.05790991359288455,0.15096983324969188,0.061440899908775465,0.14997578,0.0,1.2794854635902939e-08,39.95946628266491,0.03469821090285097,12.06406522191341,0.07985869722978678,0.5798586972297868,0.3034522376129493
SHANGHAI,43,12,CNN-WGAN-GP,0.0004808682,0.0044286186,0.20440412,11.912376,0.004904599382064181,0.000830458477139473,8.195244658201393e-05,0.04608560080188909,0.06161637547658756,0.0737980938621331,2.2332587,1.4403292181069958,0.0003863172289475362,62.534673895078015,0.05164228412950955,12.541739734868171,0.33790500931112444,0.8379050093111244,2.1140787883261227
SHANGHAI,43,12,TimeGAN,0.00073459797,0.0065485975,0.4697139,12.552774,0.0070787285319408345,0.001888839527964592,0.00011550847744356348,0.08959776002695435,0.2989699783571996,0.15548557448782957,3.7461963,0.4115226337448563,6.743043630910866e-17,21.22494756664028,0.049561763686371885,9.298521045847759,0.40628359446301743,0.9062835944630174,2.5938689499355396
SHANGHAI,43,12,CONTROL: shuffled real,5.820766e-11,0.0,5.9604645e-08,0.0,0.0,0.0,0.0,0.046350483982096194,0.07598293550428935,0.045030715017346665,0.0,0.0,0.9490790116835569,84.0725083076581,0.0805816226377506,0.7719062153596497,0.08538313370381029,0.4146168662961897,0.8559956303438748
SHANGHAI,43,13,GJR-GARCH,7.66312e-05,0.0028890977,1.783538,3.6700125,0.0019464439190643153,7.907580584287643e-05,5.128985235282931e-05,0.052925895640655654,0.1522235232242383,0.08572633316391148,0.46575093,1.234567901234568,4.621907618466968e-06,52.67764480152783,0.008812069712158088,6.9320904398465615,0.136867870593821,0.363132129406179,1.2172471856079237
SHANGHAI,43,13,QuantGAN,0.00048257515,0.0023419233,0.17258003,11.453378,0.0012222617570138347,4.988722503185272e-05,1.455419501321394e-05,0.04693409358660574,0.06442268525948748,0.05325246391934343,2.790874,0.8230452674897117,0.571780011053389,81.38186197175348,0.10951944178751494,11.720150223808373,0.09297274558859342,0.4070272544114066,0.9092494539593236
SHANGHAI,43,13,CNN-WGAN-GP,0.0012587795,0.0014537107,0.38639158,10.401833,0.0022284926261586283,0.00022494327276945114,3.293420305478563e-05,0.05540667977518751,0.07337032647104934,0.06511296532116831,1.2601404,1.4403292181069958,0.06714716862501285,74.92715658968342,0.0447694662831869,10.309692088043917,0.08732088078070765,0.5873208807807077,0.3558119382985132
SHANGHAI,43,13,GARCH,7.469667e-05,0.0029200148,1.7839508,3.5430079,0.0019467463285509586,7.858593016862869e-05,5.2532721609463465e-05,0.05323843151665642,0.15325439553940667,0.08604335523792543,0.51444745,1.4403292181069958,3.253969154941344e-06,51.90995756691388,0.00883216185569291,6.97325741487265,0.13797979350705902,0.362020206492941,1.2250491849188867
SHANGHAI,43,13,iid,0.00018788641,0.0047124093,0.1796377,7.129031,0.003390143848161489,0.0003350973129272461,9.410324011130348e-05,0.04870067056050175,0.06419194050598889,0.04553050850168802,0.45129132,0.617283950617284,0.5763085115893054,81.41269917410558,0.061083541024031685,8.224948442088515,0.2556672398481685,0.7556672398481685,1.5370432645085133
SHANGHAI,43,13,sb_r,0.0019154144,0.005034839,1.0545009,4.9930315,0.00350215167236269,0.00037959590554237366,0.00019887410115233014,0.04912824981598533,0.059143072438891976,0.04133115501201246,0.15755653,0.4115226337448563,0.13378927791600753,76.79199641913002,0.08772885714000123,5.011525903628657,0.26788707586413874,0.7678870758641387,1.622785856051161
SHANGHAI,43,13,sb_abs,0.001136186,0.009506385,0.6200439,9.805935,0.0066911900856777146,0.0010337531566619873,0.000332867565527147,0.04187660654672072,0.16477196004474537,0.09787312764325179,1.4477117,1.4403292181069958,1.1726185170899872e-05,54.722375777486114,0.03676431762894439,11.371095445014255,0.1578500035670094,0.6578500035670094,0.850691718929267
SHANGHAI,43,13,TimeGAN,0.0010695448,0.00051772036,1.188627,11.799587,0.0036897928069999225,0.0009812507778406143,1.7858939945609638e-05,0.19467629039907478,0.3917090448387899,0.37367660928168334,6.73827,3.909465020576131,6.743273658685542e-17,124.24996996002189,0.04942029561216554,13.204318598460794,0.38436173902775617,0.8843617390277562,2.4400504621926546
SHANGHAI,43,13,CONTROL: shuffled real,5.820766e-11,0.0,5.9604645e-08,0.0,0.0,0.0,0.0,0.046350483982096194,0.07598293550428935,0.045030715017346665,0.0,0.0,0.9490790116835569,84.0725083076581,0.0805816226377506,0.7719062153596497,0.08538313370381029,0.4146168662961897,0.8559956303438748
SHANGHAI,43,14,CNN-WGAN-GP,0.00056441553,0.0002615014,0.020780057,11.921474,0.002169650445326334,0.00017700530588626862,1.2389387555844768e-05,0.0516209877737856,0.060487223394593455,0.04980425471789204,1.7341385,0.4115226337448554,0.047548503278968646,74.02757355634024,0.03908293803111451,12.144572872159866,0.22220869218677364,0.7222086921867736,1.3022755817023033
SHANGHAI,43,14,iid,0.0013405726,0.0050922083,0.70227814,8.147321,0.004086136472082735,0.0005037821829319,0.0001543529059193049,0.05625196102206246,0.05919769225409254,0.049106602439424024,0.3303628,0.617283950617284,0.6307868414497575,81.77677831473179,0.01733533404846921,9.308970967882644,0.29903026545929545,0.7990302654592955,1.8413074287877285
SHANGHAI,43,14,QuantGAN,0.0005364504,0.0019448046,0.19047597,7.8859777,0.001876143509822147,0.00011725537478923798,3.0618134934744887e-05,0.06313095505101955,0.10263134509557859,0.0938240910496097,0.9687128,2.2633744855967075,1.0098793604357574e-16,1.8965996316369456,0.07330942707653132,12.02457414648325,0.07493105831937275,0.42506894168062725,0.782656836820823
SHANGHAI,43,14,sb_r,0.0015523632,0.0058367094,0.75511026,7.47439,0.004242260416666808,0.0004925820976495743,0.0002343843332783936,0.04111291079767398,0.05575402543938253,0.0418825397620094,0.44135952,1.4403292181069958,9.17820162441116e-05,59.29096651742975,0.044249645419256245,7.270396377781756,0.30698395829797087,0.8069839582979709,1.8971158893457063
SHANGHAI,43,14,GJR-GARCH,0.00018647907,0.00785396,0.44767854,1.003356,0.005165396800459438,0.0007024817168712616,0.00016676334056200744,0.06230850930689485,0.08972347922623157,0.06871287790127098,0.13357568,0.617283950617284,6.032561311059862e-17,4.656033260941783,0.054406826576839484,9.56789083762256,0.2889476830429295,0.7889476830429295,1.770561246540134
SHANGHAI,43,14,sb_abs,0.0013285985,0.002292445,0.047318727,11.503799,0.003501507383578115,0.0004698513075709343,4.140554504099493e-05,0.050680626659450355,0.0557209733244963,0.0487077060143929,2.2966466,0.8230452674897117,0.7352398588599144,82.45696193175331,0.12570644160655142,11.73125005156206,0.3118719911046167,0.8118719911046167,1.9314136164051818
SHANGHAI,43,14,GARCH,0.00019491639,0.007992144,0.4224935,0.85838413,0.005211953689307916,0.0007059071213006973,0.00017635707824326777,0.06256689480869682,0.09235265235183761,0.06986213588737883,0.18480659,0.4115226337448563,6.444858937784556e-17,6.449581998600152,0.054529739929689125,9.572437606907936,0.2876576556630578,0.7876576556630578,1.7615095464545834
SHANGHAI,43,14,TimeGAN,9.171461e-05,0.0043380847,0.11298585,11.356345,0.005522189873692263,0.0014466382563114166,5.913623363991128e-05,0.1112345930399897,0.35775198187911883,0.17793227512040174,2.7604184,0.0,6.742588976547526e-17,18.98071841442406,0.041212403540499154,11.213083719079759,0.3968440577314313,0.8968440577314313,2.5276348088823832
SHANGHAI,43,14,CONTROL: shuffled real,5.820766e-11,0.0,5.9604645e-08,0.0,0.0,0.0,0.0,0.046350483982096194,0.07598293550428935,0.045030715017346665,0.0,0.0,0.9490790116835569,84.0725083076581,0.0805816226377506,0.7719062153596497,0.08538313370381029,0.4146168662961897,0.8559956303438748
SHANGHAI,43,15,GJR-GARCH,8.9924026e-05,0.0014068941,0.79381484,11.796324,0.0013554780266756034,6.56377524137497e-05,5.52058670985406e-06,0.05570398580064648,0.09241349739255383,0.08390057125943713,2.2204614,1.8518518518518512,4.000565789844568e-06,52.36163074767609,0.026138724045499884,12.10191617346726,0.042429453165167275,0.4575705468348327,0.5546037065189598
SHANGHAI,43,15,GARCH,8.7036286e-05,0.0013201348,0.79066706,11.790311,0.0013710779108794366,6.785057485103607e-05,5.442091390197799e-06,0.05573195403689169,0.09455922408727929,0.08552090720157139,2.198832,1.8518518518518512,2.261101552922818e-06,51.115257079604106,0.026293705394277667,12.114493086195488,0.0323687648061638,0.4676312351938362,0.4840111477091257
SHANGHAI,43,15,CNN-WGAN-GP,0.0012078455,0.0014697704,0.25827593,12.216536,0.003093968049717377,0.00043389108031988144,2.4671744458438893e-05,0.045856225532625104,0.060649093520187304,0.05818769807112403,2.4749627,1.4403292181069958,0.0014605421899421898,65.58918746965917,0.025106196175908257,12.380698866535344,0.25692651714747494,0.7569265171474749,1.5458792013387823
SHANGHAI,43,15,sb_r,0.0005252348,0.0036534946,0.2881604,9.984592,0.003358693073214119,0.0003437371924519539,7.22432437662416e-05,0.05208948589148349,0.06443245526519605,0.04947289280244149,1.64466,1.8518518518518512,0.6798337620315025,82.09719565761318,0.11035670413080578,10.36361407735713,0.3071054826163644,0.8071054826163644,1.8979685857305755
SHANGHAI,43,15,iid,0.0010990816,0.0049748523,0.5034726,8.740714,0.0038553263175812747,0.0004281606525182724,9.736719152952753e-05,0.04738526204353548,0.06823213282739743,0.05648571470170282,1.9950299,1.6460905349794235,0.2938350126944073,79.09860749621215,0.1624789756917695,8.994791974519892,0.34822965636169967,0.8482296563616997,2.1865234589192895
SHANGHAI,43,15,sb_abs,0.00049805286,0.0053964285,0.27870053,8.652714,0.004589685231822083,0.0006499458104372025,9.26594206734531e-05,0.05176455355467624,0.07831727580633015,0.05999190166097833,2.480462,1.6460905349794235,3.0485507586250213e-05,56.8343744672801,0.03266397305357516,11.195446995304014,0.31275070540684813,0.8127507054068481,1.937579267188093
SHANGHAI,43,15,QuantGAN,0.0020166112,0.005300707,0.027128011,10.60137,0.004734378099590747,0.000667201355099678,0.00013084518232909465,0.051107931537699186,0.14461081501329318,0.13555861267843283,1.9790316,2.2633744855967075,5.370765653242156e-14,13.88275185246296,0.0804022763763399,10.628405021764836,0.1939956162685147,0.6939956162685147,1.1043136580349566
SHANGHAI,43,15,TimeGAN,0.004827977,0.007483784,1.3134453,8.900313,0.006801829961070191,0.0035478456411510706,0.0001517061971113709,0.06061288875775062,0.07528101443080232,0.05945002794614993,6.360708,16.049382716049383,1.064669032607146e-07,44.49970490107335,0.17435147790237704,13.535297942743172,0.49967970716083276,0.9996797071608328,3.249198917723497
SHANGHAI,43,15,CONTROL: shuffled real,5.820766e-11,0.0,5.9604645e-08,0.0,0.0,0.0,0.0,0.046350483982096194,0.07598293550428935,0.045030715017346665,0.0,0.0,0.9490790116835569,84.0725083076581,0.0805816226377506,0.7719062153596497,0.08538313370381029,0.4146168662961897,0.8559956303438748
SHANGHAI,43,16,CNN-WGAN-GP,0.00032133696,0.0002220124,0.001085341,10.906443,0.0014331153476797296,8.324254304170609e-05,5.8826401534275395e-06,0.04571004678276949,0.05297701352043077,0.04383130532529322,1.583127,1.0288065843621395,0.003155370401716822,67.3891628551021,0.04473328178350644,11.85818495671398,0.11217949191026888,0.6121794919102689,0.5302366799737604
SHANGHAI,43,16,sb_abs,0.00042113854,0.0015068036,0.006070912,10.661833,0.0024569951519514484,0.0002154167741537094,2.2243656040381796e-05,0.05036437252085307,0.06261411865241825,0.06478165228734724,1.3979704,0.617283950617284,0.0009504319242855268,64.59576163427337,0.01057399657026692,11.769886849852512,0.23190406958866228,0.7319040695886623,1.3703048730393976
SHANGHAI,43,16,sb_r,5.6169636e-05,0.0029271506,0.30975893,8.728367,0.0027102615372314193,0.00024213921278715134,6.847909764246095e-05,0.04751406743176631,0.06166741725523025,0.04786324518383481,1.1155832,1.8518518518518512,0.09430472223274011,75.83284363445163,0.14628081929609393,9.060968862120568,0.26230630524251963,0.7623063052425196,1.5836274143767126
SHANGHAI,43,16,QuantGAN,0.000950557,0.0034329789,0.08684409,8.591856,0.0026315566215837903,0.0001960471272468567,9.147186208679245e-05,0.05123312066527433,0.18070598539197819,0.14843914165743627,0.8944094,2.2633744855967075,1.6857447304369884e-16,2.596080925647584,0.03536126843377596,10.316447528677696,0.026881720430107503,0.5268817204301075,0.06826987690337866
SHANGHAI,43,16,iid,0.00073811307,0.0062337415,0.40595487,7.746187,0.004286372884294389,0.00046204403042793274,0.00015440291568471294,0.04134576876724168,0.05825744905276224,0.0416717537882505,1.7888193,2.2633744855967075,0.07055879215641228,75.05794558843095,0.07882877451934833,8.74526099482434,0.3022442638799714,0.8022442638799714,1.8638590042297047
SHANGHAI,43,16,GJR-GARCH,0.0015475072,0.025851607,2.2824116,7.848015,0.014137100376967603,0.0026169270277023315,0.0014605481215656687,0.05244096853522933,0.17228028144920246,0.06091102593927644,0.3675158,0.617283950617284,0.01571949517489644,71.24523174920577,0.01817406324962101,8.136003076634386,0.3532315874667592,0.8532315874667592,2.2216203730763273
SHANGHAI,43,16,GARCH,0.0016136763,0.027635869,2.2730663,7.7971973,0.015155293343367609,0.002909548580646515,0.0016449658881634165,0.052497560621559386,0.1729074215539731,0.061102474386570974,0.4138589,0.617283950617284,0.015864544340894807,71.26781169229483,0.01811467851763693,8.111236098138725,0.3616718695802984,0.8616718695802984,2.2808430713858714
SHANGHAI,43,16,TimeGAN,0.0051700287,0.0075978,0.2985698,13.281261,0.006947523651757335,0.0037501619663089514,0.0001548378590400576,0.06864280452704406,0.07390333160408773,0.06898858020402258,9.684774,19.958847736625515,8.998706614871534e-11,29.44298454836796,0.09929282171261411,13.533827667778993,0.5,1.0,3.2514463077905047
SHANGHAI,43,16,CONTROL: shuffled real,5.820766e-11,0.0,5.9604645e-08,0.0,0.0,0.0,0.0,0.046350483982096194,0.07598293550428935,0.045030715017346665,0.0,0.0,0.9490790116835569,84.0725083076581,0.0805816226377506,0.7719062153596497,0.08538313370381029,0.4146168662961897,0.8559956303438748
SHANGHAI,43,17,iid,0.00011511886,0.004309224,0.45968357,6.149476,0.00318041066213609,0.0003042854368686676,0.00012221393411921268,0.0438176738609036,0.06122848483501002,0.04573145254631527,0.13979483,0.0,0.17057659053639493,77.47819777315657,0.10429414315398633,6.689286231876418,0.26084875142372876,0.7608487514237288,1.5734002360763915
SHANGHAI,43,17,sb_r,0.0002824231,0.004920584,0.21175423,8.208703,0.003814483773950825,0.000447690486907959,0.00014177644133097142,0.04602444074829691,0.06345311891054735,0.05631800107919844,0.33875656,0.2057613168724277,0.2640163866270198,78.76821077107138,0.08818977438633036,8.839208910472294,0.19142958354550887,0.6914295835455089,1.0863086459082627
SHANGHAI,43,17,GJR-GARCH,0.0008629941,0.0008751042,0.23090842,11.14402,0.0013400205631894104,8.804444223642349e-05,2.76574406981084e-06,0.05347321020657546,0.09509654674911872,0.0866557848418597,1.7657456,1.8518518518518512,0.0017523295602774826,66.01248426455521,0.08342441456771454,11.862098621793058,0.033279705192827636,0.46672029480717236,0.4904029183835718
SHANGHAI,43,17,GARCH,0.0008644038,0.00082251057,0.2255637,11.139105,0.001348211024802413,8.874945342540741e-05,2.742632988142015e-06,0.05347126368185855,0.09771378848934546,0.08930829631746746,1.6299591,1.8518518518518512,0.001419910687444406,65.52373651223807,0.08472176916696539,11.873988566077665,0.030779354641909173,0.4692206453580908,0.47285877657015857
SHANGHAI,43,17,CNN-WGAN-GP,0.0018843366,0.0043921405,0.022759616,11.429126,0.004696768238170489,0.0008173231035470963,8.557606833845663e-05,0.05694804151702556,0.07513303151587024,0.07795191000797785,1.0752728,0.617283950617284,0.044493009158366036,73.85652185343739,0.03399212831908549,12.031915195330598,0.31979763986981646,0.8197976398698165,1.987025300874342
SHANGHAI,43,17,QuantGAN,0.0023972811,0.009455957,0.6028544,8.833599,0.007891720259106672,0.0019054412841796875,0.000312971898121138,0.04641551780616283,0.05176520014647394,0.04618584058596752,2.0565486,1.6460905349794235,1.2791543076377937e-05,54.914000424020955,0.005948609374554881,10.395743302156635,0.34558588743502516,0.8455858874350252,2.167972997283246
SHANGHAI,43,17,sb_abs,0.0039591296,0.014309754,0.56387943,11.399225,0.011729195839310662,0.003265615552663803,0.0007534172762723788,0.058189357725350416,0.06397212138166651,0.05473837067489512,1.7241292,1.8518518518518512,0.0034663350664314732,67.61066525187371,0.05740947504588678,11.864265568387863,0.41447270991849994,0.9144727099184999,2.651329293975948
SHANGHAI,43,17,TimeGAN,0.0022226048,0.0014141612,1.0276461,11.540997,0.004948590555503509,0.0016405507922172546,3.9327768773930906e-05,0.13677554786889232,0.4490924933203496,0.411903972212458,3.488697,4.320987654320988,6.743273658685542e-17,154.50821340632456,0.033834452541187776,12.790229071936915,0.43798397551801593,0.9379839755180159,2.816300152857801
SHANGHAI,43,17,CONTROL: shuffled real,5.820766e-11,0.0,5.9604645e-08,0.0,0.0,0.0,0.0,0.046350483982096194,0.07598293550428935,0.045030715017346665,0.0,0.0,0.9490790116835569,84.0725083076581,0.0805816226377506,0.7719062153596497,0.08538313370381029,0.4146168662961897,0.8559956303438748
SHANGHAI,43,18,CNN-WGAN-GP,0.0016973268,0.0018098624,0.07503036,11.70039,0.0032022469885185567,0.00044549349695444107,2.4411348496701935e-05,0.04886612543152296,0.055260545255150645,0.04739797119400464,2.0809474,1.4403292181069958,0.00826998984066956,69.68277576456741,0.020914949231169988,12.660608191284593,0.24273498596566323,0.7427349859656632,1.446301869867512
SHANGHAI,43,18,iid,0.0009384209,0.0057968246,0.4937913,7.4572697,0.004240311433185538,0.0004674866795539856,0.0001411805890533763,0.04454485141199257,0.0671762477234006,0.048297686056466775,0.58864236,1.8518518518518512,0.3548212672183355,79.6993728273912,0.16428199015838174,7.560666438433026,0.32819659387507605,0.828196593875076,2.0459580133687885
SHANGHAI,43,18,sb_r,9.23319e-06,0.006381289,0.5432973,8.042304,0.004817801971839874,0.0006181113421916962,0.00016197092979343533,0.04303382545491331,0.07075571604596917,0.053852865372027735,1.4078987,1.234567901234568,0.10494079850293805,76.12275728619655,0.16976062824197202,8.283328566885302,0.3762897198790661,0.8762897198790661,2.3834117446283574
SHANGHAI,43,18,sb_abs,0.000799447,0.009947692,0.5040891,10.198362,0.008251978568095942,0.0019429158419370651,0.000357169577019855,0.04659585793982842,0.05683739268104546,0.04972486757324077,0.61417294,0.2057613168724277,0.0024211642912112565,66.76728893182262,0.014007797115593634,10.754109097125884,0.3942647409736214,0.8942647409736214,2.509536587029409
SHANGHAI,43,18,QuantGAN,0.00023511448,0.006141153,0.48257688,9.427217,0.004863248330151123,0.0006958507001399994,0.00015857402333090324,0.06765317872384913,0.06978605418698862,0.06255212551564909,1.5826232,2.469135802469135,8.755428239317386e-10,34.253954162158266,0.008814190875993777,10.990317992246112,0.28011724390717907,0.7801172439071791,1.7086009440475847
SHANGHAI,43,18,GJR-GARCH,0.0028376179,0.043270867,1.0862584,6.7645264,0.02797395650913816,0.00815477967262268,0.005292066540964494,0.05200836023090233,0.10219264269107953,0.0670350221238914,0.66844916,1.4403292181069958,0.002009145600233639,66.33122966572603,0.04023118791237257,8.422096386299017,0.49448466554982373,0.9944846655498237,3.2127470103232945
SHANGHAI,43,18,TimeGAN,0.004503199,0.0074361153,0.89920366,11.734693,0.006512634139479489,0.0031538475304841995,0.00013152476920293157,0.06242152145350701,0.07218248787336051,0.06063017686828971,7.57574,14.403292181069958,2.7641517503215973e-07,46.555614107559656,0.16372660524694038,12.722525089025963,0.4999075037576599,0.9999075037576599,3.2507972919186194
SHANGHAI,43,18,GARCH,0.0032646863,0.051976178,1.0726866,6.784131,0.033605551554237445,0.010401405394077301,0.007589631882917437,0.05216842741312575,0.10314092520857229,0.06778418258298188,0.7475021,1.234567901234568,0.0019004440692837311,66.201499747087,0.04076067019417462,8.485836150449579,0.49528711965225347,0.9952871196522535,3.218377568233109
SHANGHAI,43,18,CONTROL: shuffled real,5.820766e-11,0.0,5.9604645e-08,0.0,0.0,0.0,0.0,0.046350483982096194,0.07598293550428935,0.045030715017346665,0.0,0.0,0.9490790116835569,84.0725083076581,0.0805816226377506,0.7719062153596497,0.08538313370381029,0.4146168662961897,0.8559956303438748
SHANGHAI,43,19,CNN-WGAN-GP,0.0013338493,0.0012881365,0.60731494,7.208458,0.0015284240007849622,0.00013582967221736908,9.645573011027484e-06,0.05334382328452193,0.04823824401712045,0.034412761594867336,1.3945091,0.4115226337448554,8.59264374921884e-05,59.143345362607924,0.08265706451230048,9.570139877679482,0.12264386732693233,0.6226438673269323,0.6036617787989235
SHANGHAI,43,19,sb_r,0.0009040337,0.0034469431,0.48428813,9.332551,0.0033540203905278107,0.000349290668964386,7.91276487527554e-05,0.052148383762541925,0.060319649565499275,0.05037306997226551,1.0959275,1.0288065843621395,0.9626859644050824,84.22945226141945,0.09404475486269548,9.649889602373696,0.24810395003234897,0.748103950032349,1.4839741342395836
SHANGHAI,43,19,GJR-GARCH,0.00058793504,0.0073559107,1.3795326,6.198593,0.005749669148027716,0.0009481329470872879,0.00016360015901823997,0.053309188271086896,0.06277209754101933,0.05522657599114609,0.44935274,0.4115226337448554,0.02879689253574582,72.750234407676,0.051154482236569154,5.967610687292488,0.37495590438446946,0.8749559043844695,2.3740527976672863
SHANGHAI,43,19,iid,0.0002275673,0.003550076,0.13461667,9.361151,0.0031358893132823395,0.0003137066960334778,7.9030618632194e-05,0.05067215382339782,0.06773752317763865,0.05610389841516735,1.351619,1.4403292181069958,0.5325054933841612,81.10961125762357,0.15561270469607036,9.837718453072336,0.31473445460427096,0.814734454604271,1.9514985863127838
SHANGHAI,43,19,GARCH,0.00058889505,0.007644224,1.3639311,6.2692413,0.005926377787341808,0.0009933523833751678,0.0001776397454132447,0.05329145647599944,0.06356386316707358,0.05557494079228491,0.48724818,0.4115226337448554,0.025366998652049617,72.43192722190904,0.05011126753901629,5.972066647074971,0.3774353448806036,0.8774353448806036,2.3914502204671084
SHANGHAI,43,19,QuantGAN,0.00041260995,0.010412904,0.31144896,10.240625,0.008773193639772666,0.002015797421336174,0.00028603254486329915,0.04843153873647679,0.05436522632604465,0.04355257038434502,2.9210072,1.4403292181069958,0.24711490737945543,78.56717692614511,0.022401244103576357,9.992558598451748,0.4493841373864399,0.9493841373864399,2.896291359067677
SHANGHAI,43,19,sb_abs,0.00016084325,0.011113915,0.52005816,9.861332,0.008014742553379637,0.0014423932880163193,0.0004702698186171817,0.09620268913000472,0.13300125498557464,0.11256273013190367,2.041843,2.8806584362139915,3.881292611770087e-12,22.831190667591663,0.0030775072671264114,11.170491210422224,0.2687677581715264,0.7687677581715264,1.6289653156824109
SHANGHAI,43,19,TimeGAN,0.0024608488,0.0068879398,0.05709088,13.463905,0.008423879084707759,0.003032492473721504,0.00011943051885122357,0.06815858681933605,0.23224989112699404,0.1677237689087633,8.876573,2.880658436213992,5.2270780802221193e-17,3.089059213003054,0.08052333235946885,12.336661526047429,0.4139147804567248,0.9139147804567248,2.647414485472129
SHANGHAI,43,19,CONTROL: shuffled real,5.820766e-11,0.0,5.9604645e-08,0.0,0.0,0.0,0.0,0.046350483982096194,0.07598293550428935,0.045030715017346665,0.0,0.0,0.9490790116835569,84.0725083076581,0.0805816226377506,0.7719062153596497,0.08538313370381029,0.4146168662961897,0.8559956303438748
SHANGHAI,44,0,sb_abs,0.00081883295,0.0066747246,0.5850811,8.434515,0.005053755858161561,0.0006624776870012283,0.00024004235112690196,0.04249764523949125,0.04877771533327177,0.04616180417244323,0.05881858,0.2057613168724277,2.295186255164659e-10,31.41999289462315,0.021674293875572515,9.956181782211722,0.30438028747635326,0.8043802874763533,1.8788467829945483
SHANGHAI,44,0,CNN-WGAN-GP,0.0010052196,0.0008287104,0.011180013,10.441671,0.0013274694061643927,7.905066013336182e-05,4.7590400247470975e-06,0.04763854081524187,0.05744077938143164,0.059848465943941845,1.3856127,1.4403292181069958,0.0017051667667152743,65.94899104844183,0.10706276770430168,11.344942477228084,0.02486771315340852,0.5248677131534085,0.08240150707126602
SHANGHAI,44,0,sb_r,0.00048568757,0.002473114,0.1139718,9.078186,0.0027222272570938525,0.00027345865964889526,3.369852068776049e-05,0.042481523293681676,0.06889670634875074,0.046238422085880304,1.1577272,1.234567901234568,0.7968133272826107,82.8638965199686,0.15700191588839407,10.981962880761985,0.2877880360046543,0.7877880360046543,1.762424382656975
SHANGHAI,44,0,iid,0.00041081643,0.0033727307,1.0642834,7.876605,0.003191932769033598,0.00035436172038316727,4.119760390789874e-05,0.0426269005004724,0.06721303414320573,0.047395701275090685,1.5006926,1.0288065843621395,0.8793167628965476,83.45294488949072,0.09096511175812172,9.048240916035994,0.31423728730169276,0.8142372873016928,1.9480101260014007
SHANGHAI,44,0,GJR-GARCH,6.765075e-05,0.014979721,0.31360805,10.2280655,0.011547425070955316,0.0028421226888895035,0.000611613412814036,0.0540375251135265,0.06520645685726777,0.062097687748027965,1.3103583,1.4403292181069958,0.0010935278764890683,64.91928723289216,0.06877978305178689,10.933239514577814,0.4462321311281837,0.9462321311281837,2.8741747623483493
SHANGHAI,44,0,QuantGAN,0.0024917163,0.013136343,0.80410266,7.0988483,0.008069328523941014,0.0011928658932447433,0.0006091984331305748,0.05865141726811998,0.12633675683522597,0.09445301274419762,0.40056992,2.05761316872428,1.2042589797584737e-14,10.776817741692284,0.04074101468318725,9.476257913713624,0.3355099470360612,0.8355099470360612,2.0972734198987912
SHANGHAI,44,0,GARCH,5.9426995e-05,0.015297429,0.30717617,10.20833,0.011764878580653605,0.002918809652328491,0.0006377937694823344,0.05415971376918605,0.06527162064332515,0.062458296788390724,1.2959914,1.4403292181069958,0.0009070030777086329,64.4880265120254,0.0682036925539149,10.927070679729155,0.44675832650681535,0.9467583265068154,2.877866903172717
SHANGHAI,44,0,TimeGAN,0.0055356226,0.0015746988,0.54874605,11.532927,0.005893470877362545,0.003154393285512924,3.3567899701432725e-05,0.05770675000952906,0.08274419505381957,0.06475835248013027,0.15288591,0.2057613168724277,0.058328689569055465,74.55790068112425,0.16472503107520442,12.028561248199534,0.48352976484798393,0.9835297648479839,3.1358800560498876
SHANGHAI,44,0,CONTROL: shuffled real,5.820766e-11,0.0,5.9604645e-08,0.0,0.0,0.0,0.0,0.046350483982096194,0.07598293550428935,0.045030715017346665,0.0,0.0,0.9490790116835569,84.0725083076581,0.0805816226377506,0.7719062153596497,0.08538313370381029,0.4146168662961897,0.8559956303438748
SHANGHAI,44,1,GJR-GARCH,0.00020978393,0.0017483905,0.5626725,10.820468,0.0009152032951649367,2.6104971766471863e-05,5.987015681888623e-07,0.050617682684533066,0.05636728583223885,0.06130501332343556,1.614804,1.234567901234568,2.5001497658180788e-05,56.39474996549283,0.046036466447427316,11.804442653244362,0.18412311840257023,0.31587688159742977,1.5488217996875948
SHANGHAI,44,1,GARCH,0.00020905668,0.0017339177,0.5538377,10.835841,0.0009073705121899463,2.5667250156402588e-05,5.320853083089717e-07,0.050666597988856664,0.05658798986114562,0.061680987091967836,1.6865263,1.234567901234568,2.0934375142198603e-05,56.00174319113989,0.047362740214975774,11.811684939753436,0.18553688410663638,0.3144631158933636,1.5587417311123966
SHANGHAI,44,1,sb_r,0.001230996,0.004229962,0.17371485,10.021055,0.003802455905238857,0.00044205039739608765,0.00013087931385259417,0.04189676267313189,0.059863168753217906,0.050142934729519764,1.462039,0.8230452674897117,0.5463641091858717,81.20673582098208,0.07140521964285806,10.298575710067544,0.2788828126729692,0.7788828126729692,1.699939343927582
SHANGHAI,44,1,QuantGAN,0.001471492,0.0049466593,0.38155767,9.3921585,0.0041486948465635125,0.0005132891237735748,0.00011289325556522728,0.04505595847571385,0.05196944431401789,0.046405155850807206,1.3974254,1.4403292181069958,0.0025411696507391026,66.88062862649205,0.04386231915657823,9.9066189369811,0.30462210610991813,0.8046221061099181,1.8805435452340789
SHANGHAI,44,1,iid,0.00026398228,0.0034995545,0.10568854,7.7511864,0.002923749480554829,0.00026885420083999634,6.78207466003799e-05,0.04625959297380177,0.07355275313486345,0.054991579971974715,0.73920774,1.6460905349794235,0.7396536922515019,82.48573971355816,0.18324179745149527,7.9922116712285725,0.33109374346560794,0.8310937434656079,2.066286364228348
SHANGHAI,44,1,sb_abs,0.000998798,0.0061912546,0.5212139,10.229263,0.005235670318502401,0.0008131153881549835,0.00017427276007013005,0.060564045496430484,0.06928480313858017,0.06529916827916167,0.13576484,0.2057613168724277,9.501405867883688e-08,44.25497048702564,0.0018291626219969492,10.949826929817236,0.3331495708518757,0.8331495708518757,2.0807114324234184
SHANGHAI,44,1,CNN-WGAN-GP,0.00047318937,0.007230536,0.25137404,9.767714,0.0059245648450075945,0.0009673312306404114,0.0002143643337174614,0.05560629336061538,0.07860335746081545,0.057284225742332634,1.1067913,1.4403292181069958,0.07351419657920719,75.16656516852028,0.0894280334765365,9.047276558444747,0.2592094031286363,0.7592094031286363,1.5618974654108482
SHANGHAI,44,1,TimeGAN,0.005444289,0.0013862392,0.62393695,11.994897,0.005847618744804997,0.0031030718237161636,3.454669397613168e-05,0.060738479292340344,0.07367609861365054,0.05305835260078311,0.16375303,0.8230452674897122,0.0628392489045926,74.75283997800197,0.1374450696881726,12.539589450639149,0.48562888834768747,0.9856288883476875,3.150608918908393
SHANGHAI,44,1,CONTROL: shuffled real,5.820766e-11,0.0,5.9604645e-08,0.0,0.0,0.0,0.0,0.046350483982096194,0.07598293550428935,0.045030715017346665,0.0,0.0,0.9490790116835569,84.0725083076581,0.0805816226377506,0.7719062153596497,0.08538313370381029,0.4146168662961897,0.8559956303438748
SHANGHAI,44,2,QuantGAN,4.3199863e-05,0.0026258267,0.75026524,6.3558455,0.002491206535671657,0.00021499861031770706,3.7300009699201395e-05,0.05404543104334152,0.0475877289136406,0.037407927223248406,0.6731219,0.4115226337448554,0.015936013447236035,71.27886417765569,0.022491925275596403,9.151508283693918,0.16158207934504776,0.6615820793450478,0.8768784736962167
SHANGHAI,44,2,sb_abs,0.0006193955,0.0010925932,0.4025037,6.8222113,0.0010074110929866051,4.5243650674819946e-05,6.126422378210075e-06,0.05398940056955325,0.0798670625523664,0.05589623920503072,0.5620227,1.0288065843621395,3.47306647653786e-05,57.123757223345535,0.06621996652026241,8.75809956980973,0.2985549922140796,0.2014450077859204,2.3517528212542578
SHANGHAI,44,2,CNN-WGAN-GP,0.0008979119,0.0017928174,0.22774854,11.772152,0.003124624301003473,0.00041853729635477066,2.2166802936622438e-05,0.057584814844740324,0.06600432656006888,0.06482144790468737,1.5005667,0.4115226337448554,0.00737175509186912,69.40618071823525,0.009153728617346979,12.263497123024393,0.2892591198588941,0.7892591198588941,1.7727464967896212
SHANGHAI,44,2,iid,0.0005339171,0.0049168067,0.6379975,8.153904,0.004164827581602661,0.0005305949598550797,0.00014139064225687353,0.04736848179381923,0.06656206871150061,0.046896570393291766,0.34732127,0.2057613168724286,0.2834064908044437,78.98626801892286,0.1246936757525352,8.592551207254086,0.34072589870185455,0.8407258987018545,2.133872046312585
SHANGHAI,44,2,sb_r,0.000864406,0.005458127,0.41104248,7.4578447,0.003981186066973685,0.00045523978769779205,0.00012428564755310323,0.044679285727761454,0.06660181895131245,0.06320019305101596,0.4709344,0.617283950617284,0.004341646959890957,68.14310589985286,0.11978706125351701,8.26001468717843,0.3186650529024385,0.8186650529024385,1.9790783086558295
SHANGHAI,44,2,GJR-GARCH,0.0009352456,0.020482197,0.575494,7.948744,0.015090826296800744,0.00428447499871254,0.001403190296251618,0.06340841147102765,0.09628404876450077,0.06624988613766618,0.53209686,1.0288065843621395,0.09672753415464522,75.90142855505081,0.014540777730056131,4.27380317301896,0.46891486655695047,0.9689148665569505,3.033332096079908
SHANGHAI,44,2,TimeGAN,0.001494101,0.005876637,1.8418287,10.421829,0.005933415607249812,0.0013144109398126602,0.00017443423101829497,0.15281134022647166,0.06174046340631321,0.07292981056380085,0.60894537,1.4403292181069958,0.1165393543282887,76.40976960100721,0.10726673003529619,11.560314206400937,0.38093519605021375,0.8809351960502138,2.4160075311301776
SHANGHAI,44,2,GARCH,0.0010118242,0.023358379,0.5393268,8.087349,0.017117551295623833,0.005122315138578415,0.0017988374728987158,0.06349964490378625,0.09829657141352072,0.06851958282873966,0.5149925,1.0288065843621395,0.07212950018908838,75.11618978007691,0.014805291254595065,4.52941289001302,0.4813327330917607,0.9813327330917607,3.120464202986567
SHANGHAI,44,2,CONTROL: shuffled real,5.820766e-11,0.0,5.9604645e-08,0.0,0.0,0.0,0.0,0.046350483982096194,0.07598293550428935,0.045030715017346665,0.0,0.0,0.9490790116835569,84.0725083076581,0.0805816226377506,0.7719062153596497,0.08538313370381029,0.4146168662961897,0.8559956303438748
SHANGHAI,44,3,QuantGAN,0.0021072545,0.0041058837,0.01018858,9.334804,0.0037649230324927063,0.0004987847059965134,0.00010896854147867337,0.04780417352929362,0.054445867401082065,0.05930814255785663,0.7748766,1.6460905349794235,2.525698137438079e-12,21.93024673604083,0.055339695091390695,11.013946857844395,0.24015419320398623,0.7401541932039862,1.428193291378284
SHANGHAI,44,3,iid,0.00031563948,0.0054599093,0.7046577,8.586079,0.00428501279399896,0.0005189999938011169,0.00011268326644974327,0.04110840371446102,0.0721697984941784,0.058844762881053614,0.22886205,0.2057613168724277,0.7219146164087963,82.37027109930709,0.10543136303686029,9.220481546039434,0.3434464198296199,0.8434464198296199,2.15296105303381
SHANGHAI,44,3,CNN-WGAN-GP,0.0003999478,0.0021270337,0.10733518,10.818098,0.0030541871581968422,0.0003550564870238304,2.5527274231668716e-05,0.05223538835518411,0.08631573137128726,0.08195185292628594,1.9662204,1.0288065843621395,0.00013485513798967098,60.154487335632055,0.04576919921991662,12.273225744078635,0.28335608839295157,0.7833560883929516,1.7313268561998272
SHANGHAI,44,3,sb_r,0.001178505,0.0055976966,0.27011648,9.163515,0.004344137415959371,0.00054175965487957,0.00012779625641125798,0.04493352230390883,0.07627124257560354,0.05590983946691267,0.5847626,0.8230452674897117,0.024479727605471808,72.34287099818854,0.07494093820230996,10.418299745360759,0.3212475676686273,0.8212475676686273,1.997198969887354
SHANGHAI,44,3,GJR-GARCH,0.002353644,0.005515597,1.2665967,7.821576,0.004095537120776399,0.0005107633769512177,0.00014641500666409929,0.05402493811576278,0.16844146993244066,0.11498018111684359,0.5469301,1.8518518518518512,6.743257115826386e-17,26.63546615680545,0.009130355620265873,11.593832280279809,0.08891890096752064,0.5889189009675206,0.36702472314895973
SHANGHAI,44,3,TimeGAN,0.0056016333,0.0013075573,0.4720356,11.841519,0.005956387299045172,0.0030031902715563774,3.2887631931246235e-05,0.05238389614285552,0.06830316052539274,0.05721122669405304,0.4264232,0.2057613168724277,0.034768854908803416,73.22657944050296,0.18425174844082548,12.29974379635951,0.48185843646910365,0.9818584364691036,3.124152891598852
SHANGHAI,44,3,sb_abs,0.00010746898,0.009834404,0.18850097,10.164005,0.00787262224868433,0.001643424853682518,0.0002780662894012339,0.05779216745882877,0.07510748501634225,0.05582649421878159,1.7184229,1.4403292181069958,0.00016654017705390134,60.629521313490706,0.008929643557575417,11.163082715177927,0.312052309577051,0.812052309577051,1.9326788521341491
SHANGHAI,44,3,GARCH,0.0026966948,0.007826752,1.2925324,7.5133123,0.005411278602808912,0.000764383003115654,0.0002464800249182117,0.05499554462279775,0.18350195463979616,0.1193926772812847,0.51510954,1.8518518518518512,6.743271904170557e-17,31.24195071066677,0.010964441680303083,11.600011056289322,0.14740383219804032,0.6474038321980403,0.7773943519512287
SHANGHAI,44,3,CONTROL: shuffled real,5.820766e-11,0.0,5.9604645e-08,0.0,0.0,0.0,0.0,0.046350483982096194,0.07598293550428935,0.045030715017346665,0.0,0.0,0.9490790116835569,84.0725083076581,0.0805816226377506,0.7719062153596497,0.08538313370381029,0.4146168662961897,0.8559956303438748
SHANGHAI,44,4,sb_abs,0.0009013807,0.0032595731,0.3210552,9.228693,0.003101135350325161,0.00033019110560417175,7.218814286005359e-05,0.05112906264388584,0.05164802726896596,0.04569526926265098,0.3563733,0.2057613168724277,0.33415664222337865,79.50539054345285,0.015549595627774138,9.303526572873452,0.20808530318349427,0.7080853031834943,1.203176381604735
SHANGHAI,44,4,CNN-WGAN-GP,0.00053196546,2.6278198e-05,0.12599257,11.047581,0.0020176578569503704,0.0001870403066277504,5.845780430810633e-06,0.05082995358374319,0.06520957946078852,0.05081530878407648,1.3854077,0.2057613168724286,0.05700164382863433,74.49785213200558,0.02527438233621271,11.275465554217888,0.2556748658681486,0.7556748658681486,1.537096773795822
SHANGHAI,44,4,QuantGAN,0.0017704177,0.001201435,0.22548512,11.1241455,0.0021075674088645554,0.0002756211906671524,7.183175628354062e-06,0.05784842201261199,0.06071708051254973,0.051542672618525104,1.4350405,1.234567901234568,0.7214438132001298,82.36721229976747,0.05927289088497245,11.445760581031077,0.11501612534224848,0.6150161253422485,0.5501404087469272
SHANGHAI,44,4,sb_r,0.0005027867,0.0041756993,0.24142626,9.269308,0.0033375506048272255,0.00030183233320713043,0.00010366989167503963,0.04454341078628204,0.05932887858245522,0.05190340464236215,1.2859569,2.05761316872428,0.3174835808909984,79.34209503442591,0.062382326145417166,9.607112673373077,0.24723655175976555,0.7472365517597656,1.477887884334616
SHANGHAI,44,4,GJR-GARCH,0.00030656147,0.003582431,0.85653985,9.292526,0.0033486984291329572,0.0003768056631088257,4.370544368717456e-05,0.06429560212054639,0.07201087685534731,0.07534339744597673,1.5634534,2.05761316872428,1.122668991165237e-09,34.78118030818076,0.02919618502924981,9.986403600875382,0.16892519858402033,0.6689251985840203,0.9284027390573337
SHANGHAI,44,4,GARCH,0.00031096925,0.003617635,0.8412082,9.386538,0.0033917833853375954,0.0003865612670779228,4.494463946035859e-05,0.06405692785352585,0.07095581582048908,0.0748809132759925,1.4818935,2.05761316872428,1.271552122275679e-09,35.04537883294566,0.0292078719850577,10.057756930622404,0.17621026167088572,0.6762102616708857,0.9795196433924797
SHANGHAI,44,4,iid,0.00081792515,0.0057341503,0.3093448,7.012841,0.0038991082642524677,0.0003918055444955826,0.00014318978428517505,0.058581123807962286,0.0699522073031403,0.05423870095139136,0.64061165,1.0288065843621395,0.5783482563376464,81.42655568821536,0.11792982014038289,7.326990124349569,0.3248760771753222,0.8248760771753222,2.0226590340105184
SHANGHAI,44,4,TimeGAN,9.483169e-05,0.0063931504,2.0690877,9.0686035,0.0059758138559174515,0.0014420878142118454,0.0002230400221578628,0.10977136125104153,0.06960007480171043,0.07683912671287545,0.96409655,1.6460905349794235,0.02017088675668039,71.86083790561675,0.1457027490069911,11.098578928727584,0.36800638617673176,0.8680063861767318,2.3252903019737676
SHANGHAI,44,4,CONTROL: shuffled real,5.820766e-11,0.0,5.9604645e-08,0.0,0.0,0.0,0.0,0.046350483982096194,0.07598293550428935,0.045030715017346665,0.0,0.0,0.9490790116835569,84.0725083076581,0.0805816226377506,0.7719062153596497,0.08538313370381029,0.4146168662961897,0.8559956303438748
SHANGHAI,44,5,QuantGAN,0.0011305066,0.0028832369,0.72476554,4.804842,0.002578350174813011,0.00020978786051273346,5.229081067965796e-05,0.05539564796941704,0.05652702477527782,0.04469905937090516,1.1096735,1.234567901234568,0.020093501558876684,71.85130448739812,0.010159738398397344,9.732496868706068,0.06947796203226053,0.5694779620322605,0.23061401484214958
SHANGHAI,44,5,GJR-GARCH,0.000293074,0.0063182907,1.2042152,3.5022106,0.0043955193434116815,0.0005351696163415909,0.0001159677692673708,0.04312579598292359,0.09684871956938877,0.04939910962610156,0.27699614,0.2057613168724286,4.1326657736372e-05,57.51020285328245,0.08068368143375748,4.059508437992941,0.2672287781393987,0.7672287781393987,1.6181667962821045
SHANGHAI,44,5,sb_abs,0.00080077985,0.0050493916,0.17848554,8.332396,0.004165685370244992,0.0005819536745548248,0.00010792526501779854,0.046108276499580825,0.057640537673141805,0.050698355113854635,0.15704036,0.4115226337448554,7.671246230648527e-10,33.97374898099793,0.036427652921643294,11.912074582568264,0.2693510256996874,0.7693510256996874,1.633057913108582
SHANGHAI,44,5,CNN-WGAN-GP,0.00037711795,0.0023307167,0.50041854,9.973976,0.0025884508298136878,0.00020533427596092224,3.899445180065457e-05,0.05006149444510811,0.15043233234668152,0.15676911675953306,1.3183377,2.469135802469135,6.343062055443466e-09,38.462657702086645,0.036541140450045195,11.65014234861464,0.06735202446230415,0.5673520244623041,0.21569700642503897
SHANGHAI,44,5,GARCH,0.00029014377,0.0064346185,1.1637355,3.699624,0.004465828538387643,0.000546526163816452,0.00012012864680258081,0.043204719673522046,0.09916811149800196,0.050468921556603166,0.32261348,0.0,5.3336445712230415e-05,58.078190887026736,0.08126227959764298,3.6477577699630146,0.26759728710489217,0.7675972871048922,1.6207525031333923
SHANGHAI,44,5,sb_r,0.0009222685,0.0063735386,0.101008356,7.8052654,0.004208307053738688,0.0004265494644641876,0.000143554992551079,0.04635271956343786,0.05787276127259247,0.046385964151704685,1.8917975,2.469135802469135,0.00032312781433763556,62.12868098368867,0.059248261169632666,9.525094584861918,0.29189427876301033,0.7918942787630103,1.791236544714186
SHANGHAI,44,5,TimeGAN,0.0049594576,0.0022779386,0.6450056,11.617737,0.005338471666893812,0.002701973542571068,2.894021700873408e-05,0.0462512589081598,0.06969796026358381,0.045407175815780645,0.41533208,0.8230452674897117,0.18631729233128916,77.73243305752156,0.13049201706173474,12.219454192308355,0.45458163900389414,0.9545816390038941,2.932760527528302
SHANGHAI,44,5,iid,3.8335682e-05,0.005612132,0.456978,9.437958,0.004425842285770527,0.0005510523915290833,0.00012128088193488629,0.049707423967920474,0.0682320602319669,0.05077889516833238,0.70303035,1.4403292181069958,0.47319964273905774,80.6777954172736,0.16864038523103864,9.679163705920992,0.35386725313220313,0.8538672531322031,2.2260806310894963
SHANGHAI,44,5,CONTROL: shuffled real,5.820766e-11,0.0,5.9604645e-08,0.0,0.0,0.0,0.0,0.046350483982096194,0.07598293550428935,0.045030715017346665,0.0,0.0,0.9490790116835569,84.0725083076581,0.0805816226377506,0.7719062153596497,0.08538313370381029,0.4146168662961897,0.8559956303438748
SHANGHAI,44,6,sb_abs,0.0001203274,0.0043586437,0.8642676,6.586522,0.003274287239926132,0.00031230878084897995,0.00013452260396157887,0.05523196551352157,0.05908185087842867,0.052815268869744615,0.20236683,0.2057613168724286,2.1850105877827816e-05,56.09646552748817,0.0028526097791551353,6.783575380227909,0.160964371726654,0.660964371726654,0.8725442214241325
SHANGHAI,44,6,GJR-GARCH,0.0007469195,0.0032062167,0.70376945,6.876652,0.0025518783741287645,0.00020867027342319489,4.864017711807009e-05,0.058033279364317424,0.08051727382699028,0.05962509399687406,0.6700268,0.8230452674897117,2.917104375816113e-08,41.721605348336986,0.015685191831787515,9.570202753136284,0.08562741234382032,0.5856274123438203,0.34392942430367474
SHANGHAI,44,6,GARCH,0.0007486627,0.003288081,0.6934023,6.904619,0.002608084923277028,0.00021720398217439651,5.16828791774037e-05,0.057959469386696584,0.08068780258530751,0.059673652595374736,0.7289493,0.8230452674897117,2.8123832066273297e-08,41.64333630905686,0.01563034384862516,9.58657033443427,0.08946945040996002,0.58946945040996,0.37088774847151057
SHANGHAI,44,6,sb_r,0.00027220417,0.00506509,0.35690406,9.086565,0.004099449574091955,0.0005273502320051193,0.0001398114232032272,0.04702875298724393,0.06380354062886909,0.04818028329405934,0.36056542,0.4115226337448563,0.18150547946244314,77.65677095553585,0.08811718895271048,9.573074045900817,0.326318870955442,0.826318870955442,2.032782645948306
SHANGHAI,44,6,iid,0.0008870181,0.006403596,0.4114011,6.529437,0.004226906554103386,0.000456884503364563,0.00016490816311452882,0.044820676381204974,0.06839442032156512,0.05060378521098755,0.48288274,0.8230452674897117,0.7323381424801007,82.43806193098307,0.16564390876331792,6.826842712440058,0.3548802837863436,0.8548802837863436,2.2331887357714764
SHANGHAI,44,6,QuantGAN,0.000320006,0.007270544,1.1636741,2.3272905,0.004422449452704315,0.00048822350800037384,0.0001637018396851199,0.051847261510411045,0.09043450669152663,0.05924004623084329,0.72686434,0.8230452674897117,0.12768380153527598,76.66208186609019,0.02853116209154094,7.615141743043857,0.13631215513784645,0.6363121551378464,0.6995676827183314
SHANGHAI,44,6,CNN-WGAN-GP,0.0017370898,0.0041724574,0.20583954,10.982344,0.0043688239453806696,0.0006687510758638382,0.00010711240604309474,0.048654259902104965,0.13056788962567226,0.11879557575681247,1.1912563,1.6460905349794235,1.0914980561084143e-05,54.564489698159406,0.025337721075849973,12.38328341330519,0.32047955365643044,0.8204795536564304,1.9918100668234535
SHANGHAI,44,6,TimeGAN,0.0008780675,0.0042478805,2.1575696,8.181225,0.005317925205045443,0.001521676778793335,0.00012502795318162756,0.1689431818133744,0.07767452508909628,0.0853018761461135,0.6561651,1.6460905349794235,0.0005777837673679777,63.45308925497676,0.08364192439368756,11.503012846411469,0.37848896564109,0.87848896564109,2.3988431326460584
SHANGHAI,44,6,CONTROL: shuffled real,5.820766e-11,0.0,5.9604645e-08,0.0,0.0,0.0,0.0,0.046350483982096194,0.07598293550428935,0.045030715017346665,0.0,0.0,0.9490790116835569,84.0725083076581,0.0805816226377506,0.7719062153596497,0.08538313370381029,0.4146168662961897,0.8559956303438748
SHANGHAI,44,7,CNN-WGAN-GP,0.0002633676,0.0007502744,0.07013181,11.118925,0.0014884564187990772,9.483471512794495e-05,3.6453848234583693e-06,0.040418024966638766,0.05296807979117148,0.04962551156640984,1.4166536,0.8230452674897117,1.7015112848093803e-08,40.568451086467704,0.024741143379059305,11.326178539399411,0.00898689554566623,0.49101310445433377,0.31994822060549555
SHANGHAI,44,7,iid,0.0002874732,0.0042351466,0.41800633,6.44308,0.002929233596897862,0.0002374853938817978,0.00011215392451760595,0.05781467743930989,0.07026196462567896,0.0550308231730105,0.2114315,0.2057613168724277,0.8756994284755365,83.42513639888072,0.15016112445482266,6.840002329181878,0.23118771571181518,0.7311877157118152,1.3652784522443706
SHANGHAI,44,7,sb_r,0.0016681273,0.006229586,0.7860366,8.343839,0.004564978264804753,0.000547405332326889,0.00019609340761505298,0.048114538802910826,0.06406591946375556,0.04559950865688734,1.0156412,2.2633744855967075,0.6109541544829851,81.6455369046266,0.04052039651607375,8.574939389357784,0.32351175760080486,0.8235117576008049,2.0130860499002083
SHANGHAI,44,7,QuantGAN,0.00022120209,0.007801329,0.24477091,8.411943,0.0053805813531260255,0.0007103849202394485,0.00019490236664095818,0.05699162595126836,0.12206089806044475,0.09801337812677957,1.1987023,1.6460905349794235,5.864260710819403e-07,48.18219030217126,0.06588190627871526,11.286326931564533,0.12996361650467514,0.6299636165046751,0.6550220640860254
SHANGHAI,44,7,GJR-GARCH,0.0024218,0.020301566,1.0203091,6.8541403,0.012847651827624332,0.0026057176291942596,0.0012005359352589547,0.05710270149618737,0.1454640091606416,0.06608601281943266,0.9041357,1.4403292181069958,3.5780524128598034e-07,47.113142000766366,0.03912465047149061,9.186914549492293,0.28819418306875966,0.7881941830687597,1.7652741837327275
SHANGHAI,44,7,sb_abs,0.0014336328,0.0060189506,0.39380503,8.818701,0.004964015666272467,0.0007762890309095383,0.00014565864887998035,0.057295806692127374,0.07711806518258527,0.07960377421346493,1.032088,1.0288065843621395,1.0491594547844335e-11,24.91879751800326,0.0758454272508583,12.067560011785858,0.32439711392043846,0.8243971139204385,2.0192983055462608
SHANGHAI,44,7,GARCH,0.0025372235,0.021641001,1.0068976,6.9225636,0.01373722249466336,0.002896532416343689,0.0013509004522213601,0.057050114977901106,0.1447652992256917,0.06638191415229812,0.98742414,1.4403292181069958,3.3155943222722065e-07,46.948506223664445,0.03935029847771643,9.239038950839758,0.3078639026034249,0.8078639026034249,1.9032901706588283
SHANGHAI,44,7,TimeGAN,0.0027699624,0.00742394,1.6436896,10.80152,0.006662467322235268,0.0014193467795848846,0.00023322568113621337,0.21207905663424753,0.0820922013814561,0.08701377764577047,0.2517929,0.4115226337448554,0.008866743824041694,69.85081580685274,0.128291191386528,12.06154351107147,0.39234495194377406,0.8923449519437741,2.4960660554757013
SHANGHAI,44,7,CONTROL: shuffled real,5.820766e-11,0.0,5.9604645e-08,0.0,0.0,0.0,0.0,0.046350483982096194,0.07598293550428935,0.045030715017346665,0.0,0.0,0.9490790116835569,84.0725083076581,0.0805816226377506,0.7719062153596497,0.08538313370381029,0.4146168662961897,0.8559956303438748
SHANGHAI,44,8,CNN-WGAN-GP,0.0006450251,2.1508895e-05,0.42912757,11.513369,0.0017347916074190977,0.00013976823538541794,4.600625796122497e-06,0.047028080199524994,0.06504066898021847,0.060550710171228275,1.7322373,0.8230452674897117,0.009349809922645776,69.97898034265576,0.06335766242347352,12.082538405736113,0.26977119480053036,0.7697711948005304,1.636006102228742
SHANGHAI,44,8,iid,0.00038837912,0.0045532947,0.08075842,7.892007,0.003257432256791597,0.00030479952692985535,7.659880005630609e-05,0.04640691004446126,0.06236035275971517,0.051357948320219296,1.2308552,1.8518518518518512,0.0963087759080348,75.8896879733818,0.12319714597884934,8.631973399124533,0.26479263375670037,0.7647926337567004,1.6010731681457178
SHANGHAI,44,8,sb_r,0.0007615301,0.0060899286,0.2778976,8.633219,0.004542644541795755,0.0005812626332044601,0.00015124924625864745,0.04519395912546315,0.05850570013630204,0.044244692822685464,0.39413857,1.8518518518518512,0.005788319557051195,68.82719691911414,0.06566492440618665,8.771903235437833,0.30900952760496236,0.8090095276049624,1.9113286464975792
SHANGHAI,44,8,QuantGAN,0.0016191849,0.0006280346,0.059851408,10.24226,0.002042406273354095,0.0002694670110940933,6.7322994280498605e-06,0.05791468410068774,0.06096387220808538,0.05417781306343386,1.9687915,1.0288065843621395,0.4028836116859129,80.12030508198859,0.15713943286490495,10.48328512630391,0.17563954017559524,0.6756395401755952,0.9755150773744622
SHANGHAI,44,8,sb_abs,0.00082391116,0.0041837245,0.23476365,10.814888,0.004209856965820489,0.0006160736083984375,8.787987764769754e-05,0.05522873119465657,0.06598472413839772,0.06348217155027669,0.7266464,0.2057613168724277,3.479602618022144e-05,57.12793284349834,0.04632499543836466,11.635406650045148,0.3385283749443422,0.8385283749443422,2.1184527410371787
SHANGHAI,44,8,TimeGAN,0.0013849782,0.0046818024,2.0623724,8.200079,0.005559602309128904,0.0015528574585914612,0.00014991918946930815,0.12938038330772542,0.06800608674995601,0.0846118266589474,0.4589858,0.8230452674897117,2.7720075635040163e-06,51.55979901351043,0.09945185127543921,11.369748234120046,0.3629618969601699,0.8629618969601699,2.2898947714714204
SHANGHAI,44,8,GJR-GARCH,0.0020539195,0.04227039,0.63119173,9.444338,0.02909638980499499,0.009334709495306015,0.005711717428120838,0.05207522199874802,0.0911088323709555,0.06620956910657697,0.67141557,1.4403292181069958,4.31305746528462e-06,52.5262261979957,0.019816851840740446,9.323872398453044,0.46230778124638694,0.9623077812463869,2.9869723399971995
SHANGHAI,44,8,GARCH,0.002336768,0.04943909,0.62777203,9.523197,0.03404798272237708,0.011486195027828217,0.007643765853457801,0.05188777298681089,0.0903675226517953,0.065339318808401,0.5791762,1.4403292181069958,1.0760272024807255e-05,54.53305879581052,0.019990471779378183,9.366192622626762,0.4741473002659268,0.9741473002659268,3.0700463715985324
SHANGHAI,44,8,CONTROL: shuffled real,5.820766e-11,0.0,5.9604645e-08,0.0,0.0,0.0,0.0,0.046350483982096194,0.07598293550428935,0.045030715017346665,0.0,0.0,0.9490790116835569,84.0725083076581,0.0805816226377506,0.7719062153596497,0.08538313370381029,0.4146168662961897,0.8559956303438748
SHANGHAI,44,9,QuantGAN,0.0026867366,0.002262543,1.0087253,3.5634384,0.0030314159563492368,0.0004459405317902565,3.4100312129894714e-05,0.04612797977650189,0.06148137677460909,0.05421038487867918,1.3540905,1.6460905349794235,0.13436961703016886,76.804066018947,0.05165814958945847,6.091794970064647,0.1828397330401006,0.6828397330401006,1.026036475125032
SHANGHAI,44,9,iid,0.00077517173,0.003436312,1.0835465,9.09877,0.0033204790863056053,0.00034508947283029556,5.968978325149561e-05,0.04352890527588897,0.06865402136929333,0.046900565343676134,1.2988489,1.6460905349794235,0.09279942839627955,75.78941150210727,0.11278382593062453,8.947022395606426,0.3135078953906859,0.8135078953906859,1.9428922215861337
SHANGHAI,44,9,sb_r,0.00038579595,0.005147624,0.6551585,8.256766,0.004059429943449705,0.00047873519361019135,0.000114447836363285,0.04302276905524195,0.07172530292766169,0.051339632467133925,1.3473871,1.234567901234568,0.8651883664168417,83.34572635139753,0.16762395718718837,9.703680859763269,0.3263695470882133,0.8263695470882133,2.0331382237930082
SHANGHAI,44,9,GARCH,0.0009297975,0.007855923,0.17103219,8.843018,0.006002392730220861,0.0009426288306713104,0.00021540573135746979,0.05517621391780267,0.1201577308238484,0.09346873769303783,1.1121151,1.0288065843621395,2.021904887713165e-07,45.88092723282747,0.02043765317462032,11.138541877553951,0.27547422774247665,0.7754742277424767,1.6760224186061874
SHANGHAI,44,9,GJR-GARCH,0.00092843955,0.007866911,0.17880002,8.864505,0.006012270209878437,0.0009461585432291031,0.00021565668913974968,0.05516986722606816,0.11974822634132579,0.09358703538542613,1.0990322,1.0288065843621395,2.258732944256033e-07,46.11981851081426,0.01993014605298249,11.116102717568165,0.27626118380430165,0.7762611838043016,1.6815442318353409
SHANGHAI,44,9,CNN-WGAN-GP,0.0017624544,0.004921983,0.6624677,10.36247,0.004548509351702574,0.0006936024874448776,9.657331255965654e-05,0.06907534973594011,0.1131031608232297,0.10892304777749814,1.0835602,1.234567901234568,3.346967282844776e-10,32.21763350776228,0.024870135490497214,12.041330260460526,0.27922721357529956,0.7792272135752996,1.7023558923867297
SHANGHAI,44,9,TimeGAN,0.0046790163,0.0015618699,0.5689719,11.7473755,0.00506327960674229,0.0023225415498018265,2.4642832037421422e-05,0.0548653368804662,0.08003372507926543,0.0630727033072617,0.5295043,0.617283950617284,0.05468952981700971,74.39002063664084,0.14668915820272932,12.42589556065793,0.4564254138345841,0.9564254138345841,2.945697692314954
SHANGHAI,44,9,sb_abs,0.0023448714,0.010032463,0.3910736,10.418163,0.0079115258927718,0.0016156937927007675,0.00029395007135376504,0.04405881600119756,0.060483245968353,0.05958217618986964,1.5303168,2.674897119341564,0.008662429716178678,69.79455453512504,0.014447179012028633,11.29308947858365,0.39819509327114433,0.8981950932711443,2.5371145832664115
SHANGHAI,44,9,CONTROL: shuffled real,5.820766e-11,0.0,5.9604645e-08,0.0,0.0,0.0,0.0,0.046350483982096194,0.07598293550428935,0.045030715017346665,0.0,0.0,0.9490790116835569,84.0725083076581,0.0805816226377506,0.7719062153596497,0.08538313370381029,0.4146168662961897,0.8559956303438748
SHANGHAI,44,10,QuantGAN,0.0009567413,0.002803103,0.070869476,11.366437,0.0016079403146527097,9.981915354728699e-05,7.924717743201741e-06,0.04583237400991493,0.06166404914110899,0.05421869884128682,1.9417462,1.234567901234568,0.1636094482256345,77.35904534600672,0.03149278433425706,11.533993887121268,0.10949267287080289,0.6094926728708029,0.5113841497803222
SHANGHAI,44,10,iid,0.0002100615,0.0040898267,0.67106354,7.1306343,0.00344766730708358,0.00037886016070842743,0.00012556876753482853,0.044488750256277854,0.05946234719827771,0.04706145874224603,0.4896288,0.4115226337448554,0.4293478211717892,80.33712681384822,0.10456627713583999,7.011239580475481,0.2640585678334476,0.7640585678334476,1.595922467715648
SHANGHAI,44,10,CNN-WGAN-GP,0.00048530294,0.00027846266,0.347884,11.299931,0.0018432201404515291,0.00015849247574806213,5.001605708346551e-06,0.052286152731248876,0.08516890868777409,0.09286404903628863,1.793262,1.0288065843621395,0.00010270953303564158,59.54307058906423,0.049732770208889665,12.258143481784526,0.11092833263223156,0.6109283326322316,0.5214577046428848
SHANGHAI,44,10,GJR-GARCH,4.606758e-05,0.0057532517,0.9574797,5.5102615,0.0038493432662444647,0.0003948044031858444,0.00014231920653863243,0.06631800454328186,0.13322244759881868,0.09404422063031234,0.30290246,0.0,6.742832914545322e-17,19.887190123703903,0.04226848764402169,10.666952263311863,0.17751234308233887,0.6775123430823389,0.9886559226740996
SHANGHAI,44,10,GARCH,4.3920183e-05,0.005768881,0.93902695,5.4298067,0.003845931158447916,0.00039270147681236267,0.0001415334660863774,0.06641579788862145,0.1335739703127183,0.09441294893273153,0.342556,0.0,6.743162132325366e-17,22.713720949222136,0.04355597742658013,10.691861333717203,0.1775699072331569,0.6775699072331569,0.9890598314879855
SHANGHAI,44,10,sb_r,0.0007392288,0.005341965,0.3137798,9.845551,0.004231455869634704,0.0004948116838932037,0.0001348547541937793,0.043112322109373054,0.05914856628049165,0.04681252029840834,2.3540263,2.2633744855967075,0.7589061916870093,82.61178615729129,0.13503010174367613,10.09330000134944,0.3532288814596696,0.8532288814596696,2.2216013859098633
SHANGHAI,44,10,TimeGAN,0.0058610076,0.0019132048,0.53316313,11.4496975,0.006212008717823295,0.0032931212335824966,3.7363803863112334e-05,0.045207870644662765,0.07655441141105257,0.05489769811858423,0.2516768,0.2057613168724277,0.04903233004508116,74.10692601225249,0.10162819046973093,11.95995441689127,0.49293461548869255,0.9929346154886926,3.201870816151087
SHANGHAI,44,10,sb_abs,0.0027758249,0.009668562,0.31874734,9.737684,0.007229724919884554,0.0013080630451440811,0.000341805708949554,0.050361688212869925,0.11646581817651168,0.08434559724410065,1.0818381,2.2633744855967075,1.3984441907692177e-05,55.11059599484536,0.02374820111151621,8.978407519369782,0.29085615604312876,0.7908561560431288,1.7839523772158972
SHANGHAI,44,10,CONTROL: shuffled real,5.820766e-11,0.0,5.9604645e-08,0.0,0.0,0.0,0.0,0.046350483982096194,0.07598293550428935,0.045030715017346665,0.0,0.0,0.9490790116835569,84.0725083076581,0.0805816226377506,0.7719062153596497,0.08538313370381029,0.4146168662961897,0.8559956303438748
SHANGHAI,44,11,CNN-WGAN-GP,8.0615224e-05,9.2060305e-05,0.40600532,11.629982,0.0017823582662222866,0.00013145804405212402,4.458083403178333e-06,0.05060076468842453,0.0564204645017162,0.05101591838509194,3.2270856,1.234567901234568,0.2720569256525847,78.86016126333782,0.04189081425620289,12.020982102705128,0.20572222099221915,0.7057222209922192,1.186595406962898
SHANGHAI,44,11,sb_abs,0.0009847255,0.0044205384,0.0770978,9.253482,0.0038697540217174893,0.0004762224853038788,9.450207701442743e-05,0.044773095969721906,0.06441601395083126,0.06653166403819341,0.46358418,0.617283950617284,0.014732353372244107,71.08599758476944,0.028076718852605653,9.620683013649622,0.26653899233215994,0.7665389923321599,1.6133267949396402
SHANGHAI,44,11,sb_r,0.00043055415,0.004859668,0.46053466,8.337826,0.003766564558490444,0.00038881972432136536,8.237520578318952e-05,0.05180181267423904,0.0594845140282996,0.040273130871355534,1.482656,0.8230452674897117,2.4347783785598576e-10,31.544788064606244,0.08217706992986673,10.479192254092599,0.26970846463617737,0.7697084646361774,1.635565945187969
SHANGHAI,44,11,iid,0.0019117647,0.005078244,0.5305786,9.302713,0.004221716636989431,0.0005322527140378952,0.00015262167510487047,0.049136860844591866,0.07161411583190784,0.05358022420259658,0.5792942,1.234567901234568,0.056141079222223327,74.45820599929608,0.1213635596804733,9.75971760099096,0.32742021584096537,0.8274202158409654,2.040510422699451
SHANGHAI,44,11,QuantGAN,0.0007758906,0.00952978,0.81969297,3.5643845,0.006679467013597147,0.0010816436260938644,0.00023307873571449983,0.053458918114047266,0.08085091345245018,0.05642825194634497,1.0606337,0.8230452674897117,0.15627361394608413,77.2286501798413,0.06939525931345558,5.393749154454108,0.3055881506409547,0.8055881506409547,1.8873219636619876
SHANGHAI,44,11,TimeGAN,0.0033668594,0.0018695444,2.1277325,6.579937,0.005009700661632427,0.002045690082013607,7.218657684924635e-05,0.060873000526189575,0.06693693022127263,0.07273922676336951,0.85026526,1.6460905349794235,0.006996997028827559,69.28094912567391,0.08976433123153393,11.017999548825998,0.2655033296187237,0.7655033296187237,1.6060598885017745
SHANGHAI,44,11,GJR-GARCH,0.0011848147,0.013928982,0.17088184,9.439872,0.01113942826997967,0.0028791725635528564,0.0004921537613161752,0.05332685277753626,0.057823185364250095,0.06137975235818885,1.2733283,0.617283950617284,7.646895416682683e-07,48.757511566577186,0.007409022957169387,11.850217787776838,0.43413873944349723,0.9341387394434972,2.7893193893114145
SHANGHAI,44,11,GARCH,0.0012113297,0.014191967,0.16150635,9.44734,0.011335958934209266,0.00295441597700119,0.0005157199166892058,0.05340294933543191,0.05782245856942609,0.0612019947625231,1.3048315,0.617283950617284,7.924365283172906e-07,48.83482357673792,0.00833385441511858,11.855214021385693,0.4364678735458287,0.9364678735458287,2.8056621613194235
SHANGHAI,44,11,CONTROL: shuffled real,5.820766e-11,0.0,5.9604645e-08,0.0,0.0,0.0,0.0,0.046350483982096194,0.07598293550428935,0.045030715017346665,0.0,0.0,0.9490790116835569,84.0725083076581,0.0805816226377506,0.7719062153596497,0.08538313370381029,0.4146168662961897,0.8559956303438748
SHANGHAI,44,12,CNN-WGAN-GP,0.00032295237,0.00241045,0.20795026,11.456311,0.0012424847971117387,4.759989678859711e-05,9.026577493397144e-06,0.048227507590636376,0.0517198775196448,0.033920298750745134,1.0031517,0.4115226337448563,0.0010548895011535224,64.83623631578595,0.0014422500543481709,11.99324960225961,0.07061153300221634,0.5706115330022163,0.23856791148482948
SHANGHAI,44,12,sb_r,8.638494e-05,0.004690635,0.09435132,5.4544096,0.0035315460975151422,0.00041039474308490753,7.22209848603207e-05,0.04926951719869976,0.05107938878318237,0.036970959391569524,0.097331524,0.8230452674897122,0.6489029744168935,81.89567839936318,0.06952495373586265,7.159679287128647,0.23884399377126375,0.7388439937712638,1.419000050597269
SHANGHAI,44,12,sb_abs,0.0012668561,0.0011593439,0.17713377,10.6912365,0.002470669482246558,0.0002955254167318344,1.9465851707667966e-05,0.04565599128531175,0.06341472571948543,0.04423051937134005,1.4744425,2.2633744855967075,0.3806789751870514,79.9306115997117,0.08514252526475374,11.119724460497858,0.17392220967618932,0.6739222096761893,0.9634651310935257
SHANGHAI,44,12,QuantGAN,5.4968696e-05,0.003890506,0.42148402,8.679255,0.003510931665141658,0.00039827078580856323,0.00013362806252330433,0.05279699361868552,0.053732429288793356,0.04917965465108864,0.88245773,1.234567901234568,0.008778174508225805,69.82658310510239,0.0527031852793477,9.483573182356388,0.24101371945594507,0.7410137194559451,1.4342243058899005
SHANGHAI,44,12,GJR-GARCH,0.0010944236,0.0025622435,0.44404647,10.502339,0.003233312441955197,0.00043163448572158813,3.535584922841498e-05,0.053687861895341485,0.06118499918917223,0.059904772244626654,1.4909422,1.0288065843621395,6.361028331764045e-05,58.47112153295126,0.04429674689035756,11.437509167966809,0.31879002122985567,0.8187900212298557,1.9799551705252925
SHANGHAI,44,12,iid,0.00032599916,0.0057975547,0.24674374,8.106033,0.00440622784130769,0.0005568433552980423,0.0001647638116687266,0.04393269588137628,0.07326217778492719,0.051997671138960866,0.22886491,0.8230452674897117,0.8572800591749784,83.28720274529343,0.14590276414848147,8.34809043931583,0.32712501506753955,0.8271250150675395,2.038439095448754
SHANGHAI,44,12,GARCH,0.0011518406,0.0033844505,0.43510044,10.2286415,0.003672486146317372,0.0005203140899538994,5.142343265174758e-05,0.05393915665204986,0.06639450543792919,0.06598438713815995,1.6623797,1.4403292181069958,4.651967941833577e-06,52.69184136833176,0.042412265721623044,11.446860086204307,0.3293193408166729,0.8293193408166729,2.0538359613456096
SHANGHAI,44,12,TimeGAN,0.0008754067,0.0073632738,1.9810809,9.050232,0.005975512149457113,0.0011128410696983337,0.0002859239026185856,0.11023082587184035,0.08328339134925045,0.08226678084814922,0.46634626,2.05761316872428,0.000893009878466877,64.45222863541143,0.13198405265112956,11.15568715898258,0.3939200940706463,0.8939200940706463,2.5071183124642173
SHANGHAI,44,12,CONTROL: shuffled real,5.820766e-11,0.0,5.9604645e-08,0.0,0.0,0.0,0.0,0.046350483982096194,0.07598293550428935,0.045030715017346665,0.0,0.0,0.9490790116835569,84.0725083076581,0.0805816226377506,0.7719062153596497,0.08538313370381029,0.4146168662961897,0.8559956303438748
SHANGHAI,44,13,sb_abs,0.00042033696,0.0042745695,0.17372057,8.154263,0.0037475976187031053,0.0004492327570915222,6.414468748736448e-05,0.04474933980745845,0.05900066229747608,0.056840966885210946,0.5666392,0.617283950617284,6.732599391420046e-17,13.323260185495712,0.02499463919520495,11.800563628775897,0.21015539860714438,0.7101553986071444,1.2177015639502562
SHANGHAI,44,13,CNN-WGAN-GP,0.0004335927,0.0017873151,0.1621283,11.109676,0.002757213378563132,0.0002870457246899605,2.0440233932449405e-05,0.04852793715675943,0.05396647001616657,0.053146341670071706,1.5116487,1.4403292181069958,0.4551374751026201,80.54001738497357,0.0697520319144368,11.354968424562916,0.22279860173233668,0.7227986017323367,1.3064147839916154
SHANGHAI,44,13,GJR-GARCH,0.00051260076,0.0025743982,0.2611693,11.083209,0.0014099192944516373,7.669813930988312e-05,6.131532211103126e-06,0.0575609435485967,0.06904922102810815,0.08335293740150519,1.493526,1.4403292181069958,1.0038616978167625e-05,54.38025271687135,0.07692166877635198,12.491152433400885,0.013437539206352711,0.4865624607936473,0.3511769311218549
SHANGHAI,44,13,iid,0.00058944785,0.0055416236,0.21264485,6.6866713,0.003960622657518701,0.00043254904448986053,0.00012441852198887956,0.043482543351128694,0.06141377350548282,0.04768360147485509,0.07871866,0.2057613168724277,0.8402496240792809,83.16416870268863,0.06860977027076176,6.927697918974157,0.30875467093723796,0.808754670937238,1.9095404006378103
SHANGHAI,44,13,GARCH,0.0005153699,0.002445017,0.2614997,11.064351,0.0013577442859051899,7.399450987577438e-05,5.03795110436418e-06,0.05741220053299912,0.07092670687707141,0.08546436416567303,1.2666397,1.4403292181069958,7.690084716770124e-06,53.79428663012371,0.07859985468580766,12.496974546182912,0.031889555550635496,0.4681104444493645,0.48064869313882536
SHANGHAI,44,13,QuantGAN,0.0009506836,0.00032004528,0.4099518,10.872656,0.001980764635735434,0.00015885569155216217,6.922210352581467e-06,0.049944170033413685,0.06970603767898866,0.06142544597008964,1.9129944,1.8518518518518512,0.2528698421805817,78.63686864062434,0.14931078217203408,11.005790041703479,0.000578593515914938,0.49942140648408506,0.2609499160814442
SHANGHAI,44,13,sb_r,0.0012109783,0.00472059,0.5626825,7.788624,0.0037813179590355317,0.00042792409658432007,0.00013835616841309853,0.04612501372830593,0.06706799848703668,0.04760360168525949,0.16072798,0.2057613168724277,0.14568018986965586,77.0304324779721,0.10591886915024784,8.06730172242407,0.30199506522707087,0.8019950652270709,1.8621104588089068
SHANGHAI,44,13,TimeGAN,0.0009741842,0.0031071957,1.8480978,8.582373,0.00430354662768593,0.0009835818782448769,7.181533211982566e-05,0.12089940317222499,0.073210876530502,0.0720083371095825,1.342571,2.05761316872428,0.007515118831049492,69.4524557158341,0.23340620390136524,10.454100991583982,0.3099549080818592,0.8099549080818592,1.91796207201794
SHANGHAI,44,13,CONTROL: shuffled real,5.820766e-11,0.0,5.9604645e-08,0.0,0.0,0.0,0.0,0.046350483982096194,0.07598293550428935,0.045030715017346665,0.0,0.0,0.9490790116835569,84.0725083076581,0.0805816226377506,0.7719062153596497,0.08538313370381029,0.4146168662961897,0.8559956303438748
SHANGHAI,44,14,QuantGAN,0.0008058987,0.0027781194,0.72526765,2.8734531,0.0025289386433265007,0.0002522040158510208,3.129050593093419e-05,0.04989545719246962,0.062161015236051755,0.04131137510790722,0.39673376,0.0,0.006307878679205241,69.03259628255145,0.05917968287132869,9.06829776152971,0.15785639958376696,0.657856399583767,0.8507365976863654
SHANGHAI,44,14,sb_abs,0.00067023694,0.00504803,0.3528414,8.35526,0.003835696034352416,0.00040464848279953003,0.00019119386952437393,0.05869720069458708,0.054541423189803026,0.056479694386944175,0.59659696,1.6460905349794235,2.5377598338767245e-10,31.632358734744457,0.018045914833011212,9.315427223449253,0.23981643431905797,0.739816434319058,1.425823347782277
SHANGHAI,44,14,sb_r,0.0004476988,0.0050886283,0.39169857,7.4378366,0.004081996915984547,0.0005260668694972992,7.943794153476375e-05,0.045273471742330006,0.06802789520239458,0.054470523709806005,0.8728726,0.8230452674897117,0.813107591389174,82.97470748626975,0.1047474183937982,7.776108865146712,0.2754166635916586,0.7754166635916586,1.6756185097923015
SHANGHAI,44,14,iid,0.00050300057,0.0051068095,0.34904352,6.85258,0.0036444010700922074,0.0003726910799741745,0.00014495786968572876,0.047010685230052335,0.062374795798677954,0.05758932428783737,0.045476437,0.4115226337448554,0.8513647476486632,83.24403546344678,0.14186619637963305,7.176220397703817,0.27757261324024673,0.7775726132402467,1.690746103146567
SHANGHAI,44,14,GJR-GARCH,0.00023954263,0.004879794,0.56485415,10.619946,0.004641548439138303,0.0006940905004739761,7.881039281810179e-05,0.05067063847658573,0.05958358932868577,0.06432505843462423,1.1779745,0.8230452674897117,0.0004572054316739752,62.91846401073439,0.005747216360296181,10.748086464753985,0.26162414545526114,0.7616241454552611,1.5788409223215587
SHANGHAI,44,14,GARCH,0.00023775885,0.004905223,0.55857784,10.662009,0.004671237992170063,0.0007035322487354279,8.002155794921565e-05,0.0505590416949417,0.05929241913923761,0.06405900869751349,1.0954409,0.617283950617284,0.0006353155650173221,63.67038404512914,0.004811236222166393,10.773549170214718,0.262808638558633,0.762808638558633,1.5871521229149845
SHANGHAI,44,14,CNN-WGAN-GP,0.00013778667,0.004216426,0.072090894,10.608024,0.004149439217105092,0.0005694571882486343,9.344253959596482e-05,0.0641552139374835,0.16503690641606228,0.13278800245025196,1.0479589,1.0288065843621395,4.2481757827293185e-14,13.394557925850961,0.008316299318552156,12.351759299188297,0.26863442582219565,0.7686344258221957,1.628029766207512
SHANGHAI,44,14,TimeGAN,0.004759772,0.0011496991,0.57476777,11.927637,0.005111226086795302,0.0023339753970503807,2.361796052352696e-05,0.06265278044549633,0.07490681993658654,0.05789456276339479,1.2155759,1.0288065843621395,0.14512016033966685,77.01960034286597,0.12632156707712683,12.73450733021125,0.452175260699183,0.952175260699183,2.915875758223028
SHANGHAI,44,14,CONTROL: shuffled real,5.820766e-11,0.0,5.9604645e-08,0.0,0.0,0.0,0.0,0.046350483982096194,0.07598293550428935,0.045030715017346665,0.0,0.0,0.9490790116835569,84.0725083076581,0.0805816226377506,0.7719062153596497,0.08538313370381029,0.4146168662961897,0.8559956303438748
SHANGHAI,44,15,CNN-WGAN-GP,0.00037933743,0.0011908719,0.16646066,9.182367,0.0023524036596820333,0.0002263607457280159,1.3111374734154653e-05,0.04150431071189814,0.04749696491518989,0.03517855844111182,2.623889,1.234567901234568,0.0056898221453366895,68.78623787796984,0.01287533206249003,10.610257197844273,0.21258539297372958,0.7125853929737296,1.234752039435586
SHANGHAI,44,15,GJR-GARCH,0.00037820364,0.0010846006,0.781452,8.966297,0.0009614859583434509,3.2638199627399445e-05,2.3147843728118903e-06,0.05603700184481568,0.06548460629535839,0.05646975465992,1.351836,1.0288065843621395,0.016538305583612585,71.37015116428924,0.07725793534496994,11.723367915235311,0.03142781234086833,0.46857218765913167,0.4774087920975254
SHANGHAI,44,15,GARCH,0.00038444943,0.00097095966,0.7725436,8.972154,0.0009750116369376292,3.576185554265976e-05,2.245752960275545e-06,0.05609980856286711,0.06598130734404549,0.05712364016275387,1.2760527,1.0288065843621395,0.014820772683583928,71.10067420791248,0.0759111665154939,11.729663774504086,0.018031109241506194,0.4819688907584938,0.3834085092487599
SHANGHAI,44,15,QuantGAN,0.00020906242,0.0055136653,0.97174823,3.8449335,0.00325881743265761,0.0002675391733646393,0.00017874188964164724,0.06024429986762698,0.19857304360950365,0.12007133613922633,0.40428686,0.8230452674897117,1.2935224961560756e-06,49.899065848437644,0.10828082440811848,10.878687602725591,0.004790370550770917,0.5047903705507709,0.22327765170937205
SHANGHAI,44,15,sb_r,0.0011512458,0.006988208,0.4452165,6.111616,0.004367711498328506,0.0004545021802186966,0.00023474817385435697,0.04497369949807762,0.06329102634626907,0.0522603221971076,0.3095441,0.2057613168724277,0.9019746107205359,83.63396631617684,0.1189432721566468,6.348947093319744,0.28977621321367875,0.7897762132136787,1.7763747716904281
SHANGHAI,44,15,iid,0.0023791457,0.0059084473,0.621642,9.0387335,0.004330056503162562,0.0005203895270824432,0.00017604431339473576,0.05243860888542258,0.06757771068019792,0.05026315703405999,0.38735342,2.05761316872428,0.22423254944208879,78.27593277316645,0.07249118078399286,9.413862378890165,0.3193639407335247,0.8193639407335247,1.9839821759218577
SHANGHAI,44,15,sb_abs,0.0014847063,0.0053611854,0.5437236,8.016971,0.004578837353187457,0.0007339697331190109,0.0001140802772860337,0.04654974579098052,0.10435144848423078,0.0761179112980608,2.0369868,1.6460905349794235,6.000263205901283e-05,58.34081662006565,0.0299912671562107,11.494970468294735,0.21679741600922997,0.71679741600923,1.2643064270909639
SHANGHAI,44,15,TimeGAN,0.0009766032,0.0032513244,2.1267753,8.2188225,0.004656159490587988,0.0012265555560588837,0.00010245388717617426,0.17345343342298292,0.08183368393802085,0.09067403116147034,0.6109185,1.6460905349794235,0.0001705608179397039,60.683285543011145,0.10147250474386715,10.931052861063847,0.3302526672619882,0.8302526672619882,2.0603848076699003
SHANGHAI,44,15,CONTROL: shuffled real,5.820766e-11,0.0,5.9604645e-08,0.0,0.0,0.0,0.0,0.046350483982096194,0.07598293550428935,0.045030715017346665,0.0,0.0,0.9490790116835569,84.0725083076581,0.0805816226377506,0.7719062153596497,0.08538313370381029,0.4146168662961897,0.8559956303438748
SHANGHAI,44,16,CNN-WGAN-GP,6.324664e-05,0.00057131983,0.06797081,11.297633,0.002347427176773786,0.00024631526321172714,7.008822876178968e-06,0.04555610330993659,0.05869193251710385,0.050208527587819844,1.9118714,0.4115226337448554,0.0030085395925770835,67.2770339639445,0.0043795785060533055,12.683024783854608,0.2269690506589127,0.7269690506589127,1.335677459725852
SHANGHAI,44,16,GARCH,0.0014001862,0.0046444135,0.43887082,6.0425777,0.003979747210746003,0.0005365889519453049,5.949798507443966e-05,0.06118533093729638,0.1212223818176426,0.06954147386015393,0.7130492,0.2057613168724277,0.06423842886074181,74.81065042951978,0.056931053727810266,9.710142770804563,0.1603771681881806,0.6603771681881806,0.8684240063012845
SHANGHAI,44,16,iid,0.0018370443,0.0042924182,0.82554007,6.286932,0.003147541765696805,0.00029797758907079697,0.00011722945980463336,0.04486679924637429,0.06532030834583566,0.05517018164158799,0.37494946,1.234567901234568,0.8659897373528177,83.35171244076378,0.0988363592151964,7.118643432539187,0.19919803789885937,0.6991980378988594,1.1408173486164266
SHANGHAI,44,16,sb_abs,0.00095854414,0.00056358054,0.28625628,2.5480452,0.0011591255451760412,5.239248275756836e-05,7.0351487272476445e-06,0.05574896842459566,0.12805073853814974,0.07978700809762813,0.91803956,1.6460905349794235,2.1855028036171881e-13,16.80991662924565,0.05887181344345205,11.133606186459605,0.17684149932472815,0.32315850067527185,1.4977290608370404
SHANGHAI,44,16,GJR-GARCH,0.001425018,0.0048466427,0.4354774,6.03421,0.004079822992282899,0.0005522333085536957,6.58934160748949e-05,0.061628324275516205,0.12583661239827051,0.0711448816547636,0.74802756,0.0,0.05297343203478878,74.30717744922342,0.056373158868190276,9.683636073096787,0.16067556696998542,0.6606755669699854,0.8705177729305319
SHANGHAI,44,16,sb_r,0.0007087284,0.006250632,0.38513377,9.517252,0.004616417450180941,0.0005462765693664551,0.00019484667158498872,0.05558339138762676,0.06134974969085306,0.05404176473035477,1.8843598,2.05761316872428,0.9203567257119812,83.79215452640966,0.09365855949966251,9.782684768844824,0.3422508566972444,0.8422508566972444,2.1445721776684823
SHANGHAI,44,16,TimeGAN,0.0010933029,0.0048795054,2.1772172,7.178628,0.0052290700810761,0.001341979019343853,0.00020515439212900834,0.1250122820796969,0.0859564059227705,0.09795740659465083,0.38467002,1.6460905349794235,2.5798391228106707e-07,46.406645613664274,0.11419499360967345,11.555708569110287,0.37190672639562317,0.8719067263956232,2.352657713273617
SHANGHAI,44,16,QuantGAN,0.0017417846,0.013284228,0.17797604,9.211035,0.00887177351411764,0.0014913659542798996,0.0005459054131047302,0.05512407280257321,0.14147005131701007,0.09954416390159167,1.9678121,2.469135802469135,3.6811322259224806e-08,42.21986009457603,0.06110428262776624,10.627464453270996,0.24466707502773655,0.7446670750277365,1.459858706723331
SHANGHAI,44,16,CONTROL: shuffled real,5.820766e-11,0.0,5.9604645e-08,0.0,0.0,0.0,0.0,0.046350483982096194,0.07598293550428935,0.045030715017346665,0.0,0.0,0.9490790116835569,84.0725083076581,0.0805816226377506,0.7719062153596497,0.08538313370381029,0.4146168662961897,0.8559956303438748
SHANGHAI,44,17,sb_r,0.00088177534,0.0036399355,0.5121135,8.721892,0.0028652903062745044,0.0002550184726715088,7.346966327546377e-05,0.04647193850614713,0.06316202680929564,0.052735676011943726,0.28891587,0.8230452674897117,0.6473852969311059,81.88574764158511,0.08044943794137793,8.62687009411213,0.31795853905137217,0.8179585390513722,1.9741209321024915
SHANGHAI,44,17,GARCH,0.0012738866,0.001059466,0.544294,5.633032,0.001562474247893503,0.0001273415982723236,7.85052566235977e-06,0.04801576490266598,0.1094713654392399,0.08695169203099795,0.47827458,0.617283950617284,0.36919154800963483,79.82934895653706,0.0404121262157533,9.324515235325444,0.006699089551614579,0.5066990895516146,0.2098847949275673
SHANGHAI,44,17,GJR-GARCH,0.0012927281,0.0012761122,0.5692694,5.3811626,0.0016534866905454455,0.000134175643324852,1.0029029887500395e-05,0.0482783862859651,0.11425101068103687,0.08842567984131165,0.37572622,0.4115226337448554,0.3129188252430723,79.29623245882692,0.03808063021209096,9.278922765363465,0.007191582841947097,0.5071915828419471,0.20642913063098522
SHANGHAI,44,17,iid,0.0005267221,0.0052024433,0.15480843,9.603722,0.004340190338693285,0.0005530472844839096,0.00014039046016439102,0.05155197209547623,0.06615553409908898,0.04949768931124709,1.3204637,2.2633744855967075,0.49337277512058114,80.82795549244304,0.12478676957698243,10.08372938461202,0.36668806872274007,0.8666880687227401,2.3160400996933586
SHANGHAI,44,17,QuantGAN,0.0027723748,0.0061183544,0.2453104,9.070143,0.005790863347814549,0.0011769235134124756,0.00012754627126475312,0.044963503508042776,0.06278389150509611,0.05055890052230097,1.111207,1.0288065843621395,0.1633742371549442,77.3549453316653,0.07220742623997078,10.595177223690385,0.39327901639102303,0.893279016391023,2.5026200801181195
SHANGHAI,44,17,CNN-WGAN-GP,0.0009779403,0.005985436,0.03181997,11.537184,0.005454359384436614,0.0008793789893388748,0.00013617450195164735,0.057288078537822,0.08592594808200374,0.08449984926381149,2.2357144,2.2633744855967075,6.367365974488039e-11,28.713586221214854,0.03492665849585086,12.05188666918393,0.32712280106173885,0.8271228010617389,2.038423560494374
SHANGHAI,44,17,TimeGAN,0.0025370747,0.0041817846,2.116894,7.5802956,0.00573369977156316,0.0018097860738635063,0.00011573028410122317,0.08317825256919605,0.08523939751292346,0.08632426108350046,0.40248585,2.469135802469135,8.43822954036708e-07,48.97114060876645,0.09422274799831665,11.383379198299977,0.3803061724021717,0.8803061724021717,2.4115938779801476
SHANGHAI,44,17,sb_abs,0.00081484916,0.011512185,0.25457218,10.779867,0.008921516864183974,0.0018595177680253983,0.00042028925551496705,0.05645985350958654,0.07695547735551372,0.07122945857525337,1.2893925,2.05761316872428,7.051921295337236e-10,33.79536579352532,0.0009867049099124836,11.51018939918945,0.43602753239213476,0.9360275323921348,2.802572431503798
SHANGHAI,44,17,CONTROL: shuffled real,5.820766e-11,0.0,5.9604645e-08,0.0,0.0,0.0,0.0,0.046350483982096194,0.07598293550428935,0.045030715017346665,0.0,0.0,0.9490790116835569,84.0725083076581,0.0805816226377506,0.7719062153596497,0.08538313370381029,0.4146168662961897,0.8559956303438748
SHANGHAI,44,18,GARCH,0.0001274682,0.003031062,0.03198147,10.276848,0.0012724064630274083,4.1457824409008026e-05,1.738001729112517e-05,0.04744875528398552,0.05554624210693873,0.05534163555828855,2.204433,1.4403292181069958,0.9103506687161038,83.70453446244272,0.09646408216126323,12.15945680377052,0.14289808439298113,0.35710191560701887,1.2595592230215595
SHANGHAI,44,18,GJR-GARCH,0.00012853672,0.003023561,0.03461188,10.274963,0.0012707660587884574,4.133488982915878e-05,1.707675768629837e-05,0.04747590583298006,0.055552166735287754,0.05534810928744264,2.1494503,1.4403292181069958,0.9100346583310578,83.701829235106,0.0964728400526037,12.155872645959988,0.14594529437667125,0.35405470562332875,1.2809404985668906
SHANGHAI,44,18,sb_abs,0.00024351655,0.0014005881,0.19761017,9.949736,0.0019681944204889457,0.00012268684804439545,3.439671708384394e-05,0.056111587711347964,0.1121888454654254,0.11179074272629805,0.6209214,1.4403292181069958,9.517528649716883e-15,10.290109744447406,0.02686842139905765,11.916363670421823,0.03599506030705796,0.46400493969294204,0.5094556768779095
SHANGHAI,44,18,iid,0.0004108567,0.0044161445,0.15714595,6.579302,0.0031182985463506204,0.0002875356003642082,6.91948086013388e-05,0.048986338089598576,0.058746611641254276,0.04262155997217633,0.641628,0.8230452674897117,0.9462716815840392,84.04257507453063,0.11382670481588841,7.813476046980634,0.2416174050376012,0.7416174050376012,1.4384601701175774
SHANGHAI,44,18,CNN-WGAN-GP,0.0008249735,0.0022723442,0.29410496,11.753202,0.0034039460364559556,0.0004918575286865234,1.9394768540640505e-05,0.0546093742416997,0.05538131137785968,0.04994129353275639,2.4347286,1.0288065843621395,2.6238148320140847e-06,51.43985823440541,0.003392306533385736,12.73079121757193,0.2974504493201773,0.7974504493201773,1.8302223757844098
SHANGHAI,44,18,sb_r,0.0011878953,0.0055803386,0.92548656,7.2817707,0.0038855318688979725,0.0003761574625968933,0.0001790485288788171,0.04732386887902976,0.06343420282239094,0.04810506623936817,0.2610724,1.4403292181069958,0.001328792853152763,65.37000126591238,0.10773024886025928,7.570538929488606,0.27638713613429666,0.7763871361342967,1.6824279981289714
SHANGHAI,44,18,QuantGAN,0.0020532045,0.012655842,0.5704435,6.340337,0.008867956988120165,0.0018848460167646408,0.000482663735751841,0.05632533537675045,0.09301593696931378,0.06737632677308283,0.27964425,0.4115226337448554,0.005801182300331878,68.83249549561074,0.011585082094509702,7.408232876218976,0.33745507413229414,0.8374550741322941,2.1109217403748497
SHANGHAI,44,18,TimeGAN,0.0001941587,0.0042921063,1.8075416,10.105345,0.005260566252549504,0.0012894738465547562,0.0001015548057162963,0.18846320567899966,0.0768224193365313,0.09425969648757018,0.76544,2.2633744855967075,0.00021288388067360644,61.1835092556204,0.09416062918233592,9.791657376486633,0.3728863009621086,0.8728863009621086,2.359531067533851
SHANGHAI,44,18,CONTROL: shuffled real,5.820766e-11,0.0,5.9604645e-08,0.0,0.0,0.0,0.0,0.046350483982096194,0.07598293550428935,0.045030715017346665,0.0,0.0,0.9490790116835569,84.0725083076581,0.0805816226377506,0.7719062153596497,0.08538313370381029,0.4146168662961897,0.8559956303438748
SHANGHAI,44,19,GJR-GARCH,0.00022246479,0.00035630912,1.3867462,7.234728,0.0012723800957504816,7.266644388437271e-05,4.3502218580510115e-06,0.04443597308607423,0.06432317541679368,0.05140907599447246,0.90885997,0.0,0.9839853549134701,84.54677691310636,0.05205945911865062,9.802327254280444,0.14418786577220832,0.3558121342277917,1.268609197001068
SHANGHAI,44,19,GARCH,0.00023249409,0.00016504806,1.3894849,7.2340813,0.001331671543472044,7.992889732122421e-05,4.8446336715027e-06,0.04457625258030021,0.06482888236409053,0.051769536646315825,1.0145962,0.4115226337448554,0.9798607326596507,84.47373675803262,0.04967302575475141,8.338618729520208,0.10187181890416552,0.3981281810958345,0.9716913400376609
SHANGHAI,44,19,QuantGAN,0.00037178205,0.0018204777,0.37319306,5.319579,0.0018890437514947663,0.0001264624297618866,1.6666698358669405e-05,0.04641804162369226,0.05084646854840685,0.044110832465812565,0.81257486,1.234567901234568,0.00015304269882626505,60.439144178015425,0.019463804642740223,9.616671561641237,0.14085012902733818,0.6408501290273382,0.7314091608796893
SHANGHAI,44,19,sb_abs,0.0010186252,0.0017525293,0.11260834,10.140992,0.0026835700165971413,0.00030854716897010803,2.4219055730002467e-05,0.04057406536230701,0.062295212211538456,0.047161675583338364,0.85527635,0.4115226337448554,0.5662663142499844,81.344173945004,0.06031504075601657,10.536159162883747,0.2162690066247973,0.7162690066247973,1.2605987513122137
SHANGHAI,44,19,sb_r,4.9127266e-07,0.0058640176,0.17656317,6.1595945,0.003766646514600044,0.0003481227904558182,0.00015207007068576445,0.05775503611876047,0.0630019722203724,0.0520989254990127,0.18974948,0.2057613168724277,0.17665869863952074,77.57877073101497,0.12117463343634338,6.621557079944987,0.2980369148567169,0.7980369148567169,1.8343374125891294
SHANGHAI,44,19,iid,0.00037974032,0.0049670273,0.6882185,9.08186,0.003984607191496964,0.00047407858073711395,0.00010336147614127613,0.05347384868873632,0.067551004900306,0.052615560878766704,0.84359026,1.0288065843621395,0.7341671132446141,82.44997307484182,0.10345685918966185,9.503671985265896,0.3299245024021962,0.8299245024021962,2.05808218220954
SHANGHAI,44,19,CNN-WGAN-GP,0.0017872956,0.00176501,0.48575753,11.939978,0.003313310792532416,0.0005435310304164886,1.9984435525582538e-05,0.055093794507120035,0.05470237563131377,0.06010833730455488,3.3452291,2.674897119341564,0.0058216762774484865,68.84091399993618,0.07295417743702493,12.436848085832592,0.3108833145142841,0.8108833145142841,1.9244763962213856
SHANGHAI,44,19,TimeGAN,0.004418746,0.0066958917,1.6501617,11.444107,0.0062368062064590436,0.0013860184699296951,0.0002647866418632634,0.21545554040247225,0.0930590505641885,0.09885535415960475,2.2638392,3.292181069958848,0.007656056380528978,69.49711774196152,0.1363389658072499,12.455314523996181,0.36182660398570243,0.8618266039857024,2.281928792086445
SHANGHAI,44,19,CONTROL: shuffled real,5.820766e-11,0.0,5.9604645e-08,0.0,0.0,0.0,0.0,0.046350483982096194,0.07598293550428935,0.045030715017346665,0.0,0.0,0.9490790116835569,84.0725083076581,0.0805816226377506,0.7719062153596497,0.08538313370381029,0.4146168662961897,0.8559956303438748
