market,seed,model,draw,auc_contiguous,auc_purged,auc_shuffled
BOVESPA,42,TimeGAN,0,0.9303393351800555,0.9287306094182824,0.9343801939058173
BOVESPA,42,QuantGAN,0,0.9236906740535549,0.9227151431209603,0.9515027700831025
BOVESPA,42,CNN-WGAN-GP,0,0.7535316251154202,0.741632271468144,0.8017566943674976
BOVESPA,42,GARCH,0,0.6255191597414589,0.624278162511542,0.751750923361034
BOVESPA,42,GJR-GARCH,0,0.6555821791320406,0.6552536934441366,0.7561451985226223
BOVESPA,42,TimeGAN,1,0.9283367959372114,0.9297160664819943,0.9341234995383194
BOVESPA,42,QuantGAN,1,0.7277243767313019,0.7240053093259464,0.7993097876269621
BOVESPA,42,CNN-WGAN-GP,1,0.7310205447830102,0.7144674515235457,0.8263728070175439
BOVESPA,42,GARCH,1,0.635508541089566,0.6187338411819022,0.7258007848568789
BOVESPA,42,GJR-GARCH,1,0.6680914127423823,0.6501329639889197,0.731202677746999
BOVESPA,42,TimeGAN,2,0.7624909972299169,0.7554157433056325,0.8741121883656511
BOVESPA,42,QuantGAN,2,0.7033040166204986,0.6751595106186519,0.8026438134810711
BOVESPA,42,CNN-WGAN-GP,2,0.7310083102493075,0.7078081717451523,0.7698672668513389
BOVESPA,42,GARCH,2,0.8944286703601108,0.8892712373037858,0.8763771929824561
BOVESPA,42,GJR-GARCH,2,0.842339104339797,0.8394012003693444,0.8719893813481072
BOVESPA,42,TimeGAN,3,0.7502862419205909,0.7394568328716528,0.8654780701754387
BOVESPA,42,QuantGAN,3,0.8028444136657434,0.8008040166204985,0.8539067405355494
BOVESPA,42,CNN-WGAN-GP,3,0.7015283933518006,0.6896094182825486,0.7740138504155125
BOVESPA,42,GARCH,3,0.7916057248384117,0.7824556786703601,0.8136959833795014
BOVESPA,42,GJR-GARCH,3,0.783030701754386,0.7687599261311172,0.8171523545706372
BOVESPA,42,TimeGAN,4,0.7642846260387811,0.7560932594644506,0.8906135734072022
BOVESPA,42,QuantGAN,4,0.7564517543859649,0.7482356879039704,0.8190911819021238
BOVESPA,42,CNN-WGAN-GP,4,0.725216297322253,0.6697636195752539,0.8222742382271468
BOVESPA,42,GARCH,4,0.8854005078485688,0.8825198522622346,0.9147121421975992
BOVESPA,42,GJR-GARCH,4,0.8273737303785781,0.8234526777469992,0.8740420129270545
BOVESPA,42,TimeGAN,5,0.7626020313942752,0.7227319944598338,0.8570657894736842
BOVESPA,42,QuantGAN,5,0.7002289935364727,0.6876892890120037,0.7119946906740535
BOVESPA,42,CNN-WGAN-GP,5,0.5480791782086796,0.4570630193905817,0.6797315327793167
BOVESPA,42,GARCH,5,0.7507234533702677,0.7465796398891966,0.7761297322253001
BOVESPA,42,GJR-GARCH,5,0.6583328716528162,0.660822483841182,0.7118836565096954
BOVESPA,42,TimeGAN,6,0.8032996306555864,0.7741431209602954,0.8949549861495845
BOVESPA,42,QuantGAN,6,0.8756749769159742,0.8699958448753463,0.9170475530932596
BOVESPA,42,CNN-WGAN-GP,6,0.6207433056325022,0.5718723453370268,0.6720318559556787
BOVESPA,42,GARCH,6,0.7694443674976915,0.7669614496768237,0.7975616343490305
BOVESPA,42,GJR-GARCH,6,0.7749194367497692,0.7675438596491226,0.7907324561403509
BOVESPA,42,TimeGAN,7,0.6761382733148661,0.633744459833795,0.8642924746075715
BOVESPA,42,QuantGAN,7,0.836755078485688,0.8295884118190212,0.8610115420129271
BOVESPA,42,CNN-WGAN-GP,7,0.48474469067405357,0.32981602031394275,0.6451394275161588
BOVESPA,42,GARCH,7,0.876525623268698,0.8781664358264083,0.8849803785780239
BOVESPA,42,GJR-GARCH,7,0.854598568790397,0.8547024469067406,0.8693642659279778
BOVESPA,42,TimeGAN,8,0.7645394736842106,0.738404432132964,0.8710865650969529
BOVESPA,42,QuantGAN,8,0.9230025392428439,0.9219097414589104,0.9372428439519853
BOVESPA,42,CNN-WGAN-GP,8,0.8459058171745152,0.8520463988919669,0.8319037396121886
BOVESPA,42,GARCH,8,0.7967760849492153,0.7911477377654663,0.8293515697137581
BOVESPA,42,GJR-GARCH,8,0.8240630193905817,0.8211133425669438,0.8592109879963065
BOVESPA,42,TimeGAN,9,0.804471837488458,0.7639536011080332,0.8653531855955678
BOVESPA,42,QuantGAN,9,0.7455537857802401,0.7320263157894737,0.7365378578024007
BOVESPA,42,CNN-WGAN-GP,9,0.5505634810710989,0.5833331024930748,0.7329815327793167
BOVESPA,42,GARCH,9,0.8367486149584489,0.829058864265928,0.8518217913204061
BOVESPA,42,GJR-GARCH,9,0.7861004155124653,0.7723882733148661,0.8213935826408125
BOVESPA,42,TimeGAN,10,0.7633979686057248,0.748673591874423,0.8634286703601107
BOVESPA,42,QuantGAN,10,0.3934706832871653,0.38285087719298244,0.5630565558633427
BOVESPA,42,CNN-WGAN-GP,10,0.518247460757156,0.4623674976915974,0.6930590951061866
BOVESPA,42,GARCH,10,0.8527079870729455,0.8496454293628808,0.8532546168051708
BOVESPA,42,GJR-GARCH,10,0.8995265466297322,0.9009727608494922,0.8882112188365652
BOVESPA,42,TimeGAN,11,0.644699676823638,0.6501470452446906,0.8484376731301939
BOVESPA,42,QuantGAN,11,0.7429150507848569,0.7281204986149584,0.8126470452446908
BOVESPA,42,CNN-WGAN-GP,11,0.6299215143120961,0.6159697599261311,0.7520433979686058
BOVESPA,42,GARCH,11,0.8192195290858726,0.8192924746075716,0.8446828254847645
BOVESPA,42,GJR-GARCH,11,0.777137811634349,0.7839554478301015,0.8097033702677747
BOVESPA,42,TimeGAN,12,0.8652426131117267,0.8416659741458912,0.8976611265004616
BOVESPA,42,QuantGAN,12,0.8575055401662051,0.8539427516158818,0.8301551246537396
BOVESPA,42,CNN-WGAN-GP,12,0.6378164819944598,0.6288467220683287,0.7160216989843029
BOVESPA,42,GARCH,12,0.8463421052631579,0.8386934441366576,0.8704016620498616
BOVESPA,42,GJR-GARCH,12,0.8137947830101571,0.7982721606648199,0.8240891043397969
BOVESPA,42,TimeGAN,13,0.8029111265004616,0.7705316251154202,0.8631495844875345
BOVESPA,42,QuantGAN,13,0.7464427516158818,0.733260618651893,0.8379739150507849
BOVESPA,42,CNN-WGAN-GP,13,0.49861080332409974,0.46995729455217,0.6829616805170822
BOVESPA,42,GARCH,13,0.7719462142197598,0.7630907202216066,0.8366874422899354
BOVESPA,42,GJR-GARCH,13,0.8063501846722069,0.7990620960295476,0.8639896121883657
BOVESPA,42,TimeGAN,14,0.8029420590951062,0.7955600184672207,0.8791008771929825
BOVESPA,42,QuantGAN,14,0.7045505540166206,0.6849725300092335,0.8107816251154201
BOVESPA,42,CNN-WGAN-GP,14,0.803482917820868,0.7916775161588182,0.8229706832871653
BOVESPA,42,GARCH,14,0.9478268698060941,0.9449279778393352,0.9294563711911359
BOVESPA,42,GJR-GARCH,14,0.8551643582640812,0.8533026315789474,0.8463294090489383
BOVESPA,42,TimeGAN,15,0.7466038781163435,0.6297084487534627,0.8498548014773777
BOVESPA,42,QuantGAN,15,0.903766620498615,0.9009789935364727,0.9052146814404433
BOVESPA,42,CNN-WGAN-GP,15,0.8218868882733148,0.8104344413665743,0.8720016158818098
BOVESPA,42,GARCH,15,0.5203437211449675,0.5707626962142198,0.6903975069252077
BOVESPA,42,GJR-GARCH,15,0.5684482917820868,0.6028176361957526,0.6738843490304708
BOVESPA,42,TimeGAN,16,0.7149346722068328,0.623813942751616,0.8645713296398891
BOVESPA,42,QuantGAN,16,0.8770514773776548,0.8775062326869806,0.882823868882733
BOVESPA,42,CNN-WGAN-GP,16,0.7714734533702677,0.7632797783933519,0.8279870729455217
BOVESPA,42,GARCH,16,0.8235997229916897,0.8190872576177286,0.851191135734072
BOVESPA,42,GJR-GARCH,16,0.8651728993536473,0.8605650969529087,0.8754676823638043
BOVESPA,42,TimeGAN,17,0.7391696675900277,0.7174434441366574,0.869059325946445
BOVESPA,42,QuantGAN,17,0.8038550323176363,0.8026786703601108,0.8488081717451523
BOVESPA,42,CNN-WGAN-GP,17,0.8195969529085874,0.8198384118190212,0.8476726685133886
BOVESPA,42,GARCH,17,0.7461920590951061,0.7208513388734995,0.8134005078485688
BOVESPA,42,GJR-GARCH,17,0.7144796860572483,0.6715745614035088,0.7837338411819021
BOVESPA,42,TimeGAN,18,0.7811410433979686,0.7158956602031393,0.855598568790397
BOVESPA,42,QuantGAN,18,0.5846204986149585,0.5576678208679594,0.6743633425669436
BOVESPA,42,CNN-WGAN-GP,18,0.7274060480147737,0.7082957063711911,0.7521825946445061
BOVESPA,42,GARCH,18,0.8684291320406279,0.8683808864265927,0.8819037396121884
BOVESPA,42,GJR-GARCH,18,0.8199561403508773,0.8171558171745152,0.8466742843951984
BOVESPA,42,TimeGAN,19,0.6367086795937211,0.6314085872576177,0.8720540166204985
BOVESPA,42,QuantGAN,19,0.5146214219759926,0.49719252077562326,0.6739496768236382
BOVESPA,42,CNN-WGAN-GP,19,0.8264873037857802,0.8284967682363803,0.873887349953832
BOVESPA,42,GARCH,19,0.8599988457987073,0.8546498153277933,0.8651590489381349
BOVESPA,42,GJR-GARCH,19,0.7735339335180055,0.7691038781163435,0.8191853647276085
BOVESPA,43,TimeGAN,0,0.9629115881809789,0.9629930747922437,0.9681512003693445
BOVESPA,43,QuantGAN,0,0.7585092336103416,0.7142631578947368,0.8077449215143121
BOVESPA,43,CNN-WGAN-GP,0,0.8187031394275162,0.816932132963989,0.8199346722068329
BOVESPA,43,GARCH,0,0.8191846722068329,0.823846029547553,0.8738187903970452
BOVESPA,43,GJR-GARCH,0,0.7594205909510618,0.7512947830101571,0.831107109879963
BOVESPA,43,TimeGAN,1,0.9226297322253,0.9229399815327793,0.9649900738688828
BOVESPA,43,QuantGAN,1,0.7185722530009235,0.7108670360110804,0.8288776546629733
BOVESPA,43,CNN-WGAN-GP,1,0.6890302400738688,0.6780637119113573,0.7561080332409972
BOVESPA,43,GARCH,1,0.9041823638042474,0.8962740073868882,0.8806101108033241
BOVESPA,43,GJR-GARCH,1,0.8649111265004616,0.8701583564173593,0.8687703139427516
BOVESPA,43,TimeGAN,2,0.9328698060941829,0.9257356879039704,0.9704815327793167
BOVESPA,43,QuantGAN,2,0.8281495844875346,0.8207285318559556,0.8553633425669437
BOVESPA,43,CNN-WGAN-GP,2,0.7943227146814404,0.7818393351800556,0.8317338411819021
BOVESPA,43,GARCH,2,0.8074344413665744,0.7947151431209603,0.8279785318559558
BOVESPA,43,GJR-GARCH,2,0.6801043397968606,0.6541897506925208,0.7448993536472761
BOVESPA,43,TimeGAN,3,0.9575034626038782,0.9560634810710988,0.9787647737765466
BOVESPA,43,QuantGAN,3,0.8277153739612186,0.8012054478301016,0.8546408125577101
BOVESPA,43,CNN-WGAN-GP,3,0.834059325946445,0.8272308402585411,0.8618642659279778
BOVESPA,43,GARCH,3,0.7869884579870728,0.7832707756232687,0.818207756232687
BOVESPA,43,GJR-GARCH,3,0.7158100184672206,0.698943213296399,0.7696075715604801
BOVESPA,43,TimeGAN,4,0.9550771006463528,0.9503568790397046,0.9733199445983379
BOVESPA,43,QuantGAN,4,0.7332386888273316,0.7202003693444137,0.7818663434903048
BOVESPA,43,CNN-WGAN-GP,4,0.7820376269621422,0.7654148199445983,0.8469681440443214
BOVESPA,43,GARCH,4,0.8905644044321329,0.8856438134810711,0.9006343490304708
BOVESPA,43,GJR-GARCH,4,0.8028896583564172,0.7902793167128347,0.810991458910434
BOVESPA,43,TimeGAN,5,0.9398178670360112,0.9386128808864266,0.9569346722068328
BOVESPA,43,QuantGAN,5,0.8562950138504155,0.8535690212373037,0.8806987534626038
BOVESPA,43,CNN-WGAN-GP,5,0.8068305632502307,0.7987560018467221,0.8555637119113573
BOVESPA,43,GARCH,5,0.9397361495844875,0.9389469067405356,0.8867453831948293
BOVESPA,43,GJR-GARCH,5,0.9399035087719299,0.938384349030471,0.8888476454293628
BOVESPA,43,TimeGAN,6,0.953716297322253,0.9475798707294553,0.9841742843951986
BOVESPA,43,QuantGAN,6,0.6735094644506001,0.6690685595567867,0.7536283471837488
BOVESPA,43,CNN-WGAN-GP,6,0.8511777469990767,0.835966297322253,0.8605355493998154
BOVESPA,43,GARCH,6,0.7339279778393352,0.7301911357340721,0.7835893351800554
BOVESPA,43,GJR-GARCH,6,0.6273271006463527,0.6228483379501386,0.6858933518005539
BOVESPA,43,TimeGAN,7,0.9767587719298246,0.9766481994459835,0.9807460757156049
BOVESPA,43,QuantGAN,7,0.8289358264081255,0.8230784856879041,0.8505369344413666
BOVESPA,43,CNN-WGAN-GP,7,0.8289085872576178,0.8298578024007386,0.8673654201292706
BOVESPA,43,GARCH,7,0.9317257617728532,0.9290230840258541,0.9486181902123729
BOVESPA,43,GJR-GARCH,7,0.8942733148661126,0.8898866574330562,0.9272192982456142
BOVESPA,43,TimeGAN,8,0.9583813481071098,0.9574746075715606,0.9714667590027701
BOVESPA,43,QuantGAN,8,0.6734727608494921,0.6771588180978763,0.771210757156048
BOVESPA,43,CNN-WGAN-GP,8,0.7885484764542936,0.7829538319482918,0.8538192520775624
BOVESPA,43,GARCH,8,0.8465692520775624,0.8337608494921515,0.8586241920590952
BOVESPA,43,GJR-GARCH,8,0.810070406278855,0.7967209141274239,0.8357052169898431
BOVESPA,43,TimeGAN,9,0.9669215143120959,0.9645316251154202,0.9724928439519852
BOVESPA,43,QuantGAN,9,0.8254990766389658,0.8200939519852263,0.87952216066482
BOVESPA,43,CNN-WGAN-GP,9,0.8432315327793167,0.821668051708218,0.8157841643582641
BOVESPA,43,GARCH,9,0.8099549861495845,0.8088557248384118,0.8684801477377654
BOVESPA,43,GJR-GARCH,9,0.8013781163434903,0.8018861957525394,0.8479302862419207
BOVESPA,43,TimeGAN,10,0.9696500461680518,0.9637128347183749,0.981511542012927
BOVESPA,43,QuantGAN,10,0.7858227146814404,0.775963758079409,0.8134381348107109
BOVESPA,43,CNN-WGAN-GP,10,0.6805355493998153,0.6640330101569714,0.7442633887349954
BOVESPA,43,GARCH,10,0.750375807940905,0.7375062326869807,0.7609626038781163
BOVESPA,43,GJR-GARCH,10,0.7222236842105263,0.7021539704524469,0.7352959372114497
BOVESPA,43,TimeGAN,11,0.9604090489381347,0.9580182363804246,0.9713236380424746
BOVESPA,43,QuantGAN,11,0.8608206371191136,0.8368670360110805,0.8629411357340719
BOVESPA,43,CNN-WGAN-GP,11,0.7219868421052633,0.6928806555863342,0.7890747922437674
BOVESPA,43,GARCH,11,0.8784522160664819,0.8822673130193905,0.8566401200369345
BOVESPA,43,GJR-GARCH,11,0.8619919205909511,0.8611419667590028,0.8401523545706372
BOVESPA,43,TimeGAN,12,0.9814312096029546,0.9806004155124655,0.9756722068328717
BOVESPA,43,QuantGAN,12,0.7106283471837489,0.6690951061865189,0.8158160203139427
BOVESPA,43,CNN-WGAN-GP,12,0.8270076177285318,0.7808981994459833,0.8587375346260389
BOVESPA,43,GARCH,12,0.7388674976915974,0.7409125115420129,0.7870630193905817
BOVESPA,43,GJR-GARCH,12,0.7020376269621421,0.6989900738688827,0.7891865189289012
BOVESPA,43,TimeGAN,13,0.9780602493074791,0.9775717913204062,0.9743238688827333
BOVESPA,43,QuantGAN,13,0.6014644506001847,0.6144672206832872,0.715642890120037
BOVESPA,43,CNN-WGAN-GP,13,0.6510831024930749,0.6684175900277008,0.7383132502308403
BOVESPA,43,GARCH,13,0.6443716528162511,0.5959951523545707,0.6927460757156048
BOVESPA,43,GJR-GARCH,13,0.6714750692520776,0.6575362419205909,0.7058381809787627
BOVESPA,43,TimeGAN,14,0.962863111726685,0.9631957525392428,0.9760618651892891
BOVESPA,43,QuantGAN,14,0.8282098337950139,0.8242317636195754,0.8468146352723916
BOVESPA,43,CNN-WGAN-GP,14,0.7990027700831024,0.7900551708217913,0.8254489843028624
BOVESPA,43,GARCH,14,0.4398716528162511,0.3579441366574331,0.6177957063711912
BOVESPA,43,GJR-GARCH,14,0.4647631578947369,0.3594150507848569,0.6127998614958449
BOVESPA,43,TimeGAN,15,0.9513139427516158,0.9529759926131117,0.9682179132040627
BOVESPA,43,QuantGAN,15,0.8316218836565096,0.8312220683287166,0.8466682825484764
BOVESPA,43,CNN-WGAN-GP,15,0.8398938134810712,0.840722299168975,0.8609621421975995
BOVESPA,43,GARCH,15,0.8367532317636195,0.8230263157894736,0.8841678208679594
BOVESPA,43,GJR-GARCH,15,0.8036634349030471,0.7834704524469067,0.8544143582640814
BOVESPA,43,TimeGAN,16,0.9376465835641736,0.9244630655586334,0.9750270083102492
BOVESPA,43,QuantGAN,16,0.7790895660203139,0.6756371191135735,0.8097483841181902
BOVESPA,43,CNN-WGAN-GP,16,0.7863134810710988,0.7761507386888273,0.7996018005540165
BOVESPA,43,GARCH,16,0.6474065096952909,0.6263589566020313,0.7010066943674976
BOVESPA,43,GJR-GARCH,16,0.632291320406279,0.606704755309326,0.6873527239150508
BOVESPA,43,TimeGAN,17,0.9689575253924284,0.9655004616805171,0.9670500923361034
BOVESPA,43,QuantGAN,17,0.9830193905817175,0.9815062326869807,0.9741424284395197
BOVESPA,43,CNN-WGAN-GP,17,0.888269621421976,0.8873176361957524,0.9252550784856879
BOVESPA,43,GARCH,17,0.7887629270544785,0.7998718836565096,0.8355378578024008
BOVESPA,43,GJR-GARCH,17,0.7728471837488458,0.7790727146814405,0.8203150969529087
BOVESPA,43,TimeGAN,18,0.9821447368421052,0.9821671283471837,0.9759353647276086
BOVESPA,43,QuantGAN,18,0.8846830563250231,0.8818603416435826,0.9038795013850416
BOVESPA,43,CNN-WGAN-GP,18,0.7444342105263158,0.734137349953832,0.7903100184672207
BOVESPA,43,GARCH,18,0.8527066020313943,0.8531733610341643,0.8840316251154203
BOVESPA,43,GJR-GARCH,18,0.785118190212373,0.7853460295475531,0.8145533240997229
BOVESPA,43,TimeGAN,19,0.9813940443213296,0.9827239150507848,0.9739284395198522
BOVESPA,43,QuantGAN,19,0.9684185133887351,0.9687264542936289,0.9796073407202217
BOVESPA,43,CNN-WGAN-GP,19,0.7824372114496768,0.7650383194829178,0.8154905355493998
BOVESPA,43,GARCH,19,0.8210196214219762,0.806778624192059,0.8552698522622345
BOVESPA,43,GJR-GARCH,19,0.9292560018467221,0.9203137119113574,0.932218836565097
BOVESPA,44,TimeGAN,0,0.9118347183748845,0.9184531394275162,0.9537072945521698
BOVESPA,44,QuantGAN,0,0.7062271468144045,0.7220944136657433,0.7338730378578024
BOVESPA,44,CNN-WGAN-GP,0,0.5236918282548477,0.5559088180978763,0.7103100184672206
BOVESPA,44,GARCH,0,0.921918975069252,0.9187483841181903,0.9218164819944598
BOVESPA,44,GJR-GARCH,0,0.8832126038781164,0.8808831948291782,0.8826835180055401
BOVESPA,44,TimeGAN,1,0.9558548014773777,0.946503000923361,0.959747922437673
BOVESPA,44,QuantGAN,1,0.7512264542936288,0.7352047553093259,0.8224718374884581
BOVESPA,44,CNN-WGAN-GP,1,0.9358148661126501,0.932642890120037,0.9430847183748845
BOVESPA,44,GARCH,1,0.6652319944598338,0.6526738227146814,0.7105445521698984
BOVESPA,44,GJR-GARCH,1,0.6842146814404432,0.6766992151431209,0.7117366112650046
BOVESPA,44,TimeGAN,2,0.81190189289012,0.7934122807017543,0.8537790858725762
BOVESPA,44,QuantGAN,2,0.5772056786703601,0.5533993536472761,0.7526542012927054
BOVESPA,44,CNN-WGAN-GP,2,0.7222573868882731,0.7005459372114496,0.8101163434903047
BOVESPA,44,GARCH,2,0.9305888734995383,0.9317433056325022,0.9117126038781164
BOVESPA,44,GJR-GARCH,2,0.8341994459833796,0.8456338873499538,0.8657107571560481
BOVESPA,44,TimeGAN,3,0.6506726685133887,0.6152543859649123,0.8569362880886426
BOVESPA,44,QuantGAN,3,0.7716666666666667,0.7723483379501385,0.7829166666666667
BOVESPA,44,CNN-WGAN-GP,3,0.6984224376731302,0.7057513850415512,0.7696784395198524
BOVESPA,44,GARCH,3,0.7493792705447829,0.7421904432132964,0.7745406278855033
BOVESPA,44,GJR-GARCH,3,0.6925293167128347,0.6791952908587258,0.72865189289012
BOVESPA,44,TimeGAN,4,0.7926034164358263,0.7251020313942752,0.9239591412742382
BOVESPA,44,QuantGAN,4,0.521081948291782,0.51230378578024,0.6573312557710065
BOVESPA,44,CNN-WGAN-GP,4,0.7452253000923361,0.744918513388735,0.8048183287165281
BOVESPA,44,GARCH,4,0.8176218836565097,0.8119718374884581,0.8488095567867037
BOVESPA,44,GJR-GARCH,4,0.7617091412742382,0.7450590951061866,0.805725300092336
BOVESPA,44,TimeGAN,5,0.9598273314866113,0.955163434903047,0.9596477377654663
BOVESPA,44,QuantGAN,5,0.6600237765466297,0.6555581717451524,0.7694196675900278
BOVESPA,44,CNN-WGAN-GP,5,0.6120535549399816,0.5559332871652816,0.7462716989843028
BOVESPA,44,GARCH,5,0.8760715604801476,0.8694900738688828,0.8880491689750691
BOVESPA,44,GJR-GARCH,5,0.8956731301939058,0.8927920129270543,0.9013111726685133
BOVESPA,44,TimeGAN,6,0.9382232225300093,0.9322631578947369,0.9601768236380425
BOVESPA,44,QuantGAN,6,0.6788845798707295,0.6439808402585411,0.7886218836565095
BOVESPA,44,CNN-WGAN-GP,6,0.6194554478301015,0.6113651892890121,0.7055731763619576
BOVESPA,44,GARCH,6,0.8287899353647277,0.8385918744228993,0.8108005540166205
BOVESPA,44,GJR-GARCH,6,0.7780964912280701,0.7947820867959372,0.7926516620498616
BOVESPA,44,TimeGAN,7,0.9699259002770082,0.9635214681440443,0.9757677746999077
BOVESPA,44,QuantGAN,7,0.7929515235457064,0.7631645891043398,0.8199672206832872
BOVESPA,44,CNN-WGAN-GP,7,0.6293446445060018,0.5813744228993537,0.7507024469067405
BOVESPA,44,GARCH,7,0.7989877654662972,0.7923471837488458,0.8750115420129271
BOVESPA,44,GJR-GARCH,7,0.7319067405355494,0.7187541551246537,0.8162283010156972
BOVESPA,44,TimeGAN,8,0.967140350877193,0.9661034164358264,0.9804903047091413
BOVESPA,44,QuantGAN,8,0.6033818097876269,0.5875242382271468,0.7449794552169898
BOVESPA,44,CNN-WGAN-GP,8,0.7751717451523545,0.7665927977839335,0.8198086334256696
BOVESPA,44,GARCH,8,0.7511775161588181,0.7480034626038782,0.8238635734072022
BOVESPA,44,GJR-GARCH,8,0.7462176823638044,0.7481089566020314,0.7997647737765468
BOVESPA,44,TimeGAN,9,0.9376098799630656,0.9289898430286241,0.9829914589104339
BOVESPA,44,QuantGAN,9,0.7140863342566945,0.7126244228993537,0.8114259002770083
BOVESPA,44,CNN-WGAN-GP,9,0.7715801015697137,0.7640228531855955,0.8156410433979687
BOVESPA,44,GARCH,9,0.6619409048938135,0.6478704986149585,0.7551786703601108
BOVESPA,44,GJR-GARCH,9,0.661510618651893,0.6481969067405354,0.7722019852262235
BOVESPA,44,TimeGAN,10,0.6519422899353647,0.648747460757156,0.8892121421975994
BOVESPA,44,QuantGAN,10,0.6233781163434904,0.6171576638965836,0.747387811634349
BOVESPA,44,CNN-WGAN-GP,10,0.7118598799630654,0.6104219759926132,0.8137003693444136
BOVESPA,44,GARCH,10,0.8536078024007387,0.8485874884579871,0.8612998614958448
BOVESPA,44,GJR-GARCH,10,0.8410847183748846,0.8368776546629733,0.8486694367497691
BOVESPA,44,TimeGAN,11,0.8232961680517082,0.8098388734995383,0.9190103878116345
BOVESPA,44,QuantGAN,11,0.8121144967682363,0.8021251154201293,0.8548067867036011
BOVESPA,44,CNN-WGAN-GP,11,0.6594420590951062,0.6465653277931672,0.7273917359187443
BOVESPA,44,GARCH,11,0.9134503693444136,0.9133644967682363,0.918915050784857
BOVESPA,44,GJR-GARCH,11,0.8961470452446907,0.896609649122807,0.897556325023084
BOVESPA,44,TimeGAN,12,0.6368344875346261,0.6197539242843952,0.8349575253924286
BOVESPA,44,QuantGAN,12,0.7244032779316714,0.6634621421975992,0.7832283010156971
BOVESPA,44,CNN-WGAN-GP,12,0.5241662049861496,0.4687227608494921,0.6937666204986149
BOVESPA,44,GARCH,12,0.8137811634349029,0.8073571098799631,0.8375650969529087
BOVESPA,44,GJR-GARCH,12,0.8120780240073868,0.8102827793167128,0.8466708217913205
BOVESPA,44,TimeGAN,13,1.0,1.0,1.0
BOVESPA,44,QuantGAN,13,0.7075002308402586,0.710542243767313,0.7883580332409973
BOVESPA,44,CNN-WGAN-GP,13,0.6970784856879039,0.6802160664819945,0.7571064173591875
BOVESPA,44,GARCH,13,0.6086161126500462,0.5314441366574331,0.707106186518929
BOVESPA,44,GJR-GARCH,13,0.6738451061865188,0.6416809787626961,0.7406805170821791
BOVESPA,44,TimeGAN,14,0.7889196675900277,0.7905577100646353,0.9936759002770084
BOVESPA,44,QuantGAN,14,0.8913628808864266,0.8780230840258539,0.907270083102493
BOVESPA,44,CNN-WGAN-GP,14,0.7699570637119114,0.758952216066482,0.8248331024930747
BOVESPA,44,GARCH,14,0.7916207294552169,0.7687100646352724,0.7999168975069253
BOVESPA,44,GJR-GARCH,14,0.7410604801477378,0.7093670360110804,0.7530535549399815
BOVESPA,44,TimeGAN,15,0.9695087719298247,0.9669450600184673,0.9860023084025855
BOVESPA,44,QuantGAN,15,0.6870595567867037,0.6774658356417359,0.766027700831025
BOVESPA,44,CNN-WGAN-GP,15,0.7087264542936288,0.7026872114496768,0.757794783010157
BOVESPA,44,GARCH,15,0.745570867959372,0.7265554016620498,0.8190117728531856
BOVESPA,44,GJR-GARCH,15,0.6360957987072945,0.6044009695290858,0.7650886426592798
BOVESPA,44,TimeGAN,16,0.7361461218836565,0.7299030470914127,0.9488875807940905
BOVESPA,44,QuantGAN,16,0.8328612650046168,0.8254524469067406,0.8503411819021238
BOVESPA,44,CNN-WGAN-GP,16,0.7376064173591874,0.7271858264081256,0.7464515235457063
BOVESPA,44,GARCH,16,0.7634302862419206,0.7602052169898431,0.798381809787627
BOVESPA,44,GJR-GARCH,16,0.7480318559556787,0.7315736380424747,0.7961659741458911
BOVESPA,44,TimeGAN,17,0.9767276084949217,0.9715861034164359,0.9909512927054479
BOVESPA,44,QuantGAN,17,0.9154233610341643,0.9108210987996307,0.9028019390581719
BOVESPA,44,CNN-WGAN-GP,17,0.816530701754386,0.7996232686980609,0.877743998153278
BOVESPA,44,GARCH,17,0.8047765466297323,0.7975937211449677,0.852696675900277
BOVESPA,44,GJR-GARCH,17,0.8107135272391505,0.8054055863342567,0.8502229916897507
BOVESPA,44,TimeGAN,18,0.8954951523545706,0.8894485226223452,0.9288511080332409
BOVESPA,44,QuantGAN,18,0.6700198522622345,0.62843513388735,0.7591193444136659
BOVESPA,44,CNN-WGAN-GP,18,0.774455216989843,0.7830193905817174,0.801969298245614
BOVESPA,44,GARCH,18,0.781188134810711,0.7749379039704525,0.8032924746075715
BOVESPA,44,GJR-GARCH,18,0.8084679132040626,0.8014259002770083,0.8127908587257618
BOVESPA,44,TimeGAN,19,0.8623467220683289,0.8517289935364728,0.8940921052631581
BOVESPA,44,QuantGAN,19,0.636767082179132,0.6521468144044322,0.7302038319482917
BOVESPA,44,CNN-WGAN-GP,19,0.6962382271468145,0.6928635734072023,0.7646865189289012
BOVESPA,44,GARCH,19,0.6342712373037859,0.5934704524469068,0.7524113573407201
BOVESPA,44,GJR-GARCH,19,0.5795708679593721,0.5199963065558635,0.7107541551246538
FTSE,42,TimeGAN,0,0.7499445160366551,0.7406782467067583,0.8070699545389463
FTSE,42,QuantGAN,0,0.7489288015463916,0.7286312911655213,0.8087340259879726
FTSE,42,CNN-WGAN-GP,0,0.6005297823596791,0.5772564969931272,0.735367447021764
FTSE,42,GARCH,0,0.6936929499570447,0.6669955433848798,0.776573910008591
FTSE,42,GJR-GARCH,0,0.7111994827462771,0.705898750715922,0.7593499427262314
FTSE,42,TimeGAN,1,0.8474246939432991,0.8303029692869416,0.924090331471936
FTSE,42,QuantGAN,1,0.5586277563001146,0.48689437464203894,0.6825160635022909
FTSE,42,CNN-WGAN-GP,1,0.5432246921534938,0.5153171534936999,0.726941714991409
FTSE,42,GARCH,1,0.5246534489547537,0.43850967389747997,0.6109084156643757
FTSE,42,GJR-GARCH,1,0.6549089884020619,0.6363565381586483,0.7043570572021765
FTSE,42,TimeGAN,2,0.7839644634163803,0.7769790771764031,0.9189303228808706
FTSE,42,QuantGAN,2,0.6048060745990836,0.5768224692153494,0.6785890070160366
FTSE,42,CNN-WGAN-GP,2,0.5181000769616266,0.49895117411225665,0.6234688215922107
FTSE,42,GARCH,2,0.43874883662657493,0.42492191974513166,0.6758112292382589
FTSE,42,GJR-GARCH,2,0.4880837002434135,0.3964449992840779,0.6332266161941581
FTSE,42,TimeGAN,3,0.7556694319158076,0.7447954700028637,0.8133004904066438
FTSE,42,QuantGAN,3,0.5500011186282932,0.48469112435567013,0.67790485395189
FTSE,42,CNN-WGAN-GP,3,0.431315551617984,0.37205442797823596,0.6684922680412371
FTSE,42,GARCH,3,0.3973535491838488,0.35908303801546393,0.5965434385738831
FTSE,42,GJR-GARCH,3,0.43441571806987395,0.38097593606815583,0.689633224155212
FTSE,42,TimeGAN,4,0.8302593427835052,0.8153348278207332,0.8720025236254296
FTSE,42,QuantGAN,4,0.3218644848940435,0.2514768130727377,0.567444560781787
FTSE,42,CNN-WGAN-GP,4,0.5304204252577319,0.468807273768614,0.6929394419387173
FTSE,42,GARCH,4,0.6148292078321879,0.5460290932846507,0.719112659292669
FTSE,42,GJR-GARCH,4,0.5371120597079039,0.3812231529209622,0.6798396334478809
FTSE,42,TimeGAN,5,0.8502568370561283,0.8092208530211913,0.9093490478235967
FTSE,42,QuantGAN,5,0.6611216262170676,0.6587917472079038,0.7216385219788088
FTSE,42,CNN-WGAN-GP,5,0.534957805340779,0.5059112793528064,0.7057971792668958
FTSE,42,GARCH,5,0.46596976123997713,0.4402055143900344,0.616931110395189
FTSE,42,GJR-GARCH,5,0.43858417454180987,0.35055774806701023,0.6108609858247422
FTSE,42,TimeGAN,6,0.8606683580326461,0.8521376986683847,0.9207908254581902
FTSE,42,QuantGAN,6,0.5469224298396334,0.48300960230526924,0.6871838756443298
FTSE,42,CNN-WGAN-GP,6,0.5523764139461627,0.5476298503722794,0.6582901542812142
FTSE,42,GARCH,6,0.5206342174971363,0.5081724745847651,0.5931815131013746
FTSE,42,GJR-GARCH,6,0.5173828125,0.47402612220790374,0.61419986755441
FTSE,42,TimeGAN,7,0.7088872780641466,0.6583051439003436,0.8127944229667812
FTSE,42,QuantGAN,7,0.3760488258877434,0.3517443889604811,0.608467121277205
FTSE,42,CNN-WGAN-GP,7,0.6263463810137456,0.5890571305841925,0.7245254778780069
FTSE,42,GARCH,7,0.7571180555555556,0.7309560244845361,0.775360645761741
FTSE,42,GJR-GARCH,7,0.41654563108533793,0.3829802942439863,0.6054848582474227
FTSE,42,TimeGAN,8,0.8770493270332187,0.865182246921535,0.9200010738831615
FTSE,42,QuantGAN,8,0.8360381765463917,0.83427902169244,0.8362050758877434
FTSE,42,CNN-WGAN-GP,8,0.704953509808133,0.6740274645618556,0.7126924040664375
FTSE,42,GARCH,8,0.6342217479238259,0.6290400379438716,0.7106283111397479
FTSE,42,GJR-GARCH,8,0.6260005011454753,0.6099233515893471,0.7296018130727376
FTSE,42,TimeGAN,9,0.9298792328894617,0.9299828178694158,0.9346474978522338
FTSE,42,QuantGAN,9,0.6509483730670104,0.6609218392038946,0.7118239010595648
FTSE,42,CNN-WGAN-GP,9,0.4866813878150057,0.5039026703894616,0.6493637242268042
FTSE,42,GARCH,9,0.4094378669100802,0.38492178550973655,0.6881179302691868
FTSE,42,GJR-GARCH,9,0.4426163820876289,0.4276954467353953,0.6644775110967928
FTSE,42,TimeGAN,10,0.8539881335910653,0.8521307631729668,0.9199100175400915
FTSE,42,QuantGAN,10,0.681018443943299,0.6216919924112256,0.7541219215349371
FTSE,42,CNN-WGAN-GP,10,0.5609468964776632,0.566116077820733,0.6961628812285222
FTSE,42,GARCH,10,0.6239207474226804,0.5692433150773196,0.7160252452033218
FTSE,42,GJR-GARCH,10,0.7523363670532646,0.7569191634450173,0.7558580326460481
FTSE,42,TimeGAN,11,0.6237883018327606,0.5986267719072165,0.796367366480527
FTSE,42,QuantGAN,11,0.5244174183848798,0.4900014765893471,0.6547626718213059
FTSE,42,CNN-WGAN-GP,11,0.36801103414948455,0.32732339096506297,0.5768499874713631
FTSE,42,GARCH,11,0.39832317618843066,0.4477819838201603,0.6120749212485681
FTSE,42,GJR-GARCH,11,0.4133036225658648,0.29200270260595645,0.5478249391466209
FTSE,42,TimeGAN,12,0.6329024377147767,0.5049915431701031,0.8114970378722794
FTSE,42,QuantGAN,12,0.5783451460481099,0.5734207205756015,0.6047391806271477
FTSE,42,CNN-WGAN-GP,12,0.573034122637457,0.5188276328035509,0.7002087360395188
FTSE,42,GARCH,12,0.33936341101088197,0.3179917937428408,0.6306584693585338
FTSE,42,GJR-GARCH,12,0.3989234321305842,0.39690766394616267,0.5196688412800687
FTSE,42,TimeGAN,13,0.8171745239117983,0.7725229095074455,0.8645728182273767
FTSE,42,QuantGAN,13,0.22571032896620843,0.16149726159793815,0.5320097723367698
FTSE,42,CNN-WGAN-GP,13,0.6927924541809851,0.6884302512886599,0.7236211787657503
FTSE,42,GARCH,13,0.4689990066580756,0.43524596398911797,0.671354614117984
FTSE,42,GJR-GARCH,13,0.5264083530211912,0.475334022408362,0.6685249319873998
FTSE,42,TimeGAN,14,0.8147464293384881,0.805741024126575,0.8503302190721648
FTSE,42,QuantGAN,14,0.3426839472365407,0.3018434994272623,0.651542140965063
FTSE,42,CNN-WGAN-GP,14,0.6556439271907216,0.614652912013173,0.7696008286798396
FTSE,42,GARCH,14,0.7896479900486827,0.7830534525343642,0.8037299541809851
FTSE,42,GJR-GARCH,14,0.43254492411225653,0.39613760022909505,0.5724672018184422
FTSE,42,TimeGAN,15,0.8354262868699885,0.8434215707331042,0.8559631837056129
FTSE,42,QuantGAN,15,0.2850063538087056,0.275313663373425,0.5256338147909508
FTSE,42,CNN-WGAN-GP,15,0.5600645224799541,0.43515625,0.7272853576030929
FTSE,42,GARCH,15,0.5341412066867124,0.5200596900057274,0.6831809761597938
FTSE,42,GJR-GARCH,15,0.5806231207044673,0.5851381282216496,0.6791776292239404
FTSE,42,TimeGAN,16,0.8659413480813287,0.8658545425257731,0.9211644473081328
FTSE,42,QuantGAN,16,0.5952847580183277,0.5746028869558991,0.7014694301260024
FTSE,42,CNN-WGAN-GP,16,0.45329458404925543,0.4383725300687285,0.6533142719072165
FTSE,42,GARCH,16,0.5931072361827032,0.5631828107101947,0.734567180340779
FTSE,42,GJR-GARCH,16,0.4945663749284078,0.45188511239977086,0.750716369558992
FTSE,42,TimeGAN,17,0.6822739923396335,0.6475781697451317,0.8097076800544102
FTSE,42,QuantGAN,17,0.5354587270904926,0.5304497333190149,0.6516540037943872
FTSE,42,CNN-WGAN-GP,17,0.7011631496993128,0.7034679714347079,0.7172367196449028
FTSE,42,GARCH,17,0.3555551081042383,0.2917445231958763,0.6382054070017181
FTSE,42,GJR-GARCH,17,0.49364977090492557,0.4662395743843071,0.6311596148339061
FTSE,42,TimeGAN,18,0.9050389730097365,0.9021455290664375,0.9441569569730813
FTSE,42,QuantGAN,18,0.7177852949599084,0.7114744415807561,0.7512732227233677
FTSE,42,CNN-WGAN-GP,18,0.4423136812714777,0.4504264211053838,0.5822446842783506
FTSE,42,GARCH,18,0.694112659292669,0.6287789501002291,0.7054768041237114
FTSE,42,GJR-GARCH,18,0.5672944408648339,0.5104482119845362,0.6566902920962201
FTSE,42,TimeGAN,19,0.8379662442726232,0.8300112310280643,0.8805070070876289
FTSE,42,QuantGAN,19,0.6368643954037801,0.607930850873425,0.7389374373568156
FTSE,42,CNN-WGAN-GP,19,0.5591098850945017,0.5571719734392898,0.6902249785223369
FTSE,42,GARCH,19,0.5404102233676975,0.510408836268614,0.6686276220647194
FTSE,42,GJR-GARCH,19,0.49044758555269186,0.4652551814862543,0.6087346971649484
FTSE,43,TimeGAN,0,0.9106949813860252,0.8357292114117983,0.9375364672823597
FTSE,43,QuantGAN,0,0.38214020439576174,0.29114560960767466,0.6216978092783505
FTSE,43,CNN-WGAN-GP,0,0.5020614082187859,0.49268282860824747,0.6323458082760596
FTSE,43,GARCH,0,0.5382637993986255,0.5176680627147767,0.6758183884593356
FTSE,43,GJR-GARCH,0,0.45455415950744565,0.414741283648339,0.6244357638888889
FTSE,43,TimeGAN,1,0.9563996724656356,0.9476817547250859,0.9637081185567011
FTSE,43,QuantGAN,1,0.4211114243270332,0.4032829503150057,0.6280643703465063
FTSE,43,CNN-WGAN-GP,1,0.34494469501718217,0.27457134163802976,0.6172006998138603
FTSE,43,GARCH,1,0.62828720110252,0.6011844036368843,0.6455333172250859
FTSE,43,GJR-GARCH,1,0.6478893721363117,0.6541295282073312,0.7399717210767468
FTSE,43,TimeGAN,2,0.9019461895045818,0.9060226947308132,0.9554971631586483
FTSE,43,QuantGAN,2,0.5934788445017182,0.6057564611970218,0.7220870919243987
FTSE,43,CNN-WGAN-GP,2,0.44103374677835044,0.36554401131156933,0.6414541272909506
FTSE,43,GARCH,2,0.364306137242268,0.3603271764032073,0.5710118664089348
FTSE,43,GJR-GARCH,2,0.46864283540950746,0.4304837396191294,0.6486079789518902
FTSE,43,TimeGAN,3,0.9074889926975945,0.8965649162371134,0.9241323918957619
FTSE,43,QuantGAN,3,0.5003069516036656,0.4972479506729668,0.6339062947451317
FTSE,43,CNN-WGAN-GP,3,0.273046875,0.2565837986827033,0.5553953679839634
FTSE,43,GARCH,3,0.22781581113974797,0.22163002040378008,0.5031753382731959
FTSE,43,GJR-GARCH,3,0.35603209120847656,0.3471812804266896,0.5621207850085911
FTSE,43,TimeGAN,4,0.9105153296821304,0.909966083190149,0.9278339329180987
FTSE,43,QuantGAN,4,0.4937334443012601,0.5051425579896908,0.6610014855383735
FTSE,43,CNN-WGAN-GP,4,0.49337235108820165,0.44490464812428404,0.6599112704037801
FTSE,43,GARCH,4,0.46829762671821307,0.352905525128866,0.6115921212772051
FTSE,43,GJR-GARCH,4,0.41436363473654064,0.34853235967926693,0.5695891949455899
FTSE,43,TimeGAN,5,0.8178515177548682,0.8095942511454755,0.8428660599226804
FTSE,43,QuantGAN,5,0.5625686837772051,0.5521547018184421,0.6675971416809852
FTSE,43,CNN-WGAN-GP,5,0.5824742268041236,0.5495579180985108,0.6707809815292097
FTSE,43,GARCH,5,0.7068746420389461,0.6802119129438717,0.7150753060567011
FTSE,43,GJR-GARCH,5,0.5213349262600229,0.5098233462199312,0.6873664357817869
FTSE,43,TimeGAN,6,0.929378982316724,0.9140642898052691,0.9501035849799543
FTSE,43,QuantGAN,6,0.5703529943442154,0.5373360090922107,0.6863677244415808
FTSE,43,CNN-WGAN-GP,6,0.618970817225086,0.5199509593356243,0.7133488151489118
FTSE,43,GARCH,6,0.5360160277061856,0.5515128329037801,0.6889208816580756
FTSE,43,GJR-GARCH,6,0.6937766233533791,0.683406044172394,0.7516130619988545
FTSE,43,TimeGAN,7,0.8368563412800688,0.8131407502863688,0.8987952373281788
FTSE,43,QuantGAN,7,0.2640461680269187,0.2200460427405498,0.6063674559707903
FTSE,43,CNN-WGAN-GP,7,0.6282068835910654,0.6036722329610538,0.7572312607388316
FTSE,43,GARCH,7,0.8130461143327606,0.7967273410652921,0.8458313198024057
FTSE,43,GJR-GARCH,7,0.6758459067153494,0.6711252953178694,0.7692603182273768
FTSE,43,TimeGAN,8,0.9334431826317295,0.9245923718499427,0.9564629868270332
FTSE,43,QuantGAN,8,0.5180448167239404,0.47679316115406645,0.6467485950028637
FTSE,43,CNN-WGAN-GP,8,0.5367330684421535,0.5129443191580757,0.6381320249856814
FTSE,43,GARCH,8,0.6813954216781214,0.6944509324885452,0.6926756693871707
FTSE,43,GJR-GARCH,8,0.5335894992124857,0.5521117464919817,0.6428360806844216
FTSE,43,TimeGAN,9,0.9689627631013746,0.9679931360967927,0.9672637904495991
FTSE,43,QuantGAN,9,0.534380145690149,0.5117424649198167,0.6759716405355098
FTSE,43,CNN-WGAN-GP,9,0.23444860574169532,0.2385566562857961,0.5725041165521192
FTSE,43,GARCH,9,0.6509512815005728,0.6103473117124857,0.7238672769902634
FTSE,43,GJR-GARCH,9,0.6688694695017183,0.6354916147623139,0.7081820947880871
FTSE,43,TimeGAN,10,0.974108676975945,0.9746782825028637,0.9775274287657503
FTSE,43,QuantGAN,10,0.512801582187858,0.4915181128293242,0.6503691473367698
FTSE,43,CNN-WGAN-GP,10,0.5706290718069873,0.5543814432989691,0.7047145708046963
FTSE,43,GARCH,10,0.5375087253006873,0.4977779567583047,0.6551058669816724
FTSE,43,GJR-GARCH,10,0.4817057291666667,0.4284109213917525,0.6122008787943871
FTSE,43,TimeGAN,11,0.9129827999713631,0.9100018792955324,0.9155632517182131
FTSE,43,QuantGAN,11,0.6409455988688432,0.6035677530784651,0.6932452749140893
FTSE,43,CNN-WGAN-GP,11,0.620194149126575,0.5680604775200458,0.6963649054982819
FTSE,43,GARCH,11,0.6381065202605957,0.6298429893327606,0.6747122888029782
FTSE,43,GJR-GARCH,11,0.5539483104238259,0.5538583727090493,0.6340412013172967
FTSE,43,TimeGAN,12,0.9464756496993127,0.8525428658361971,0.9746295103092782
FTSE,43,QuantGAN,12,0.4553074438001145,0.36299778959049256,0.6422821359536084
FTSE,43,CNN-WGAN-GP,12,0.4961006854954181,0.39276493592497136,0.660039241480527
FTSE,43,GARCH,12,0.31058468463631156,0.29164362292382584,0.5802810441723941
FTSE,43,GJR-GARCH,12,0.5576590241981673,0.4907355204753722,0.7194708440721651
FTSE,43,TimeGAN,13,0.9567817958906071,0.950736057416953,0.964182193227377
FTSE,43,QuantGAN,13,0.5480370310710195,0.4935314200315005,0.6682170854810997
FTSE,43,CNN-WGAN-GP,13,0.3562030176116838,0.3157903332617411,0.5557812947451317
FTSE,43,GARCH,13,0.5235853826603666,0.5295360377290951,0.6761533057703322
FTSE,43,GJR-GARCH,13,0.5082959711483391,0.523800159292669,0.6933712324599084
FTSE,43,TimeGAN,14,0.9405675025057274,0.9078261472651776,0.9688934081471936
FTSE,43,QuantGAN,14,0.4690480025773196,0.406611988115693,0.5893739261168384
FTSE,43,CNN-WGAN-GP,14,0.5572807041093928,0.5402565238402062,0.6847555573453609
FTSE,43,GARCH,14,0.5727153135738832,0.55776283290378,0.7484366050973655
FTSE,43,GJR-GARCH,14,0.6347698757875142,0.6031970396620847,0.7046740764604811
FTSE,43,TimeGAN,15,0.8809206758304697,0.857747619558992,0.9185285115979382
FTSE,43,QuantGAN,15,0.5356961000143184,0.47880445482531486,0.6747268309707903
FTSE,43,CNN-WGAN-GP,15,0.5954442744129439,0.5311479810996562,0.7149641144043528
FTSE,43,GARCH,15,0.614131854954181,0.551331615120275,0.7489404352806414
FTSE,43,GJR-GARCH,15,0.46620154102233674,0.3864234321305842,0.6483833583906071
FTSE,43,TimeGAN,16,0.940386955899198,0.9310352233676976,0.9513604757302405
FTSE,43,QuantGAN,16,0.44080711268613976,0.3700171821305842,0.7104625304266896
FTSE,43,CNN-WGAN-GP,16,0.6201456006586483,0.6044720521907216,0.6653095468213058
FTSE,43,GARCH,16,0.575378543814433,0.5988997172107674,0.6627946466924398
FTSE,43,GJR-GARCH,16,0.7180770332187858,0.7234614386454753,0.7433132875143185
FTSE,43,TimeGAN,17,0.924040664375716,0.9142052369702178,0.9307837557273769
FTSE,43,QuantGAN,17,0.7175499355670103,0.7056327409077892,0.7582017826460481
FTSE,43,CNN-WGAN-GP,17,0.5846611451174113,0.5229987739833907,0.7084360234106529
FTSE,43,GARCH,17,0.4918498979810996,0.41935920496849943,0.6866144938430698
FTSE,43,GJR-GARCH,17,0.5418011257875144,0.4698317135595647,0.6665199026345934
FTSE,43,TimeGAN,18,0.8979779674971363,0.8621436050257731,0.9257951209908363
FTSE,43,QuantGAN,18,0.5614086662371134,0.5060475282789232,0.6830552423396334
FTSE,43,CNN-WGAN-GP,18,0.3769379116552119,0.33646549255441005,0.5803076675257731
FTSE,43,GARCH,18,0.5594257857245131,0.4976090438860252,0.6749275128865979
FTSE,43,GJR-GARCH,18,0.5571563126431844,0.4781480437428408,0.7074203089203895
FTSE,43,TimeGAN,19,0.9213326890034365,0.9080670997995417,0.930330711268614
FTSE,43,QuantGAN,19,0.7568077480670103,0.7340490317153494,0.8077353146477664
FTSE,43,CNN-WGAN-GP,19,0.6436083816580755,0.6391622816437572,0.6950330666523482
FTSE,43,GARCH,19,0.5774180269186712,0.5361985878436426,0.7170543832331042
FTSE,43,GJR-GARCH,19,0.6007443352663231,0.5396195768900344,0.6803882087628866
FTSE,44,TimeGAN,0,0.7511058759306988,0.7415554750143184,0.7790677799255441
FTSE,44,QuantGAN,0,0.5329565793241695,0.49014085767468496,0.631284901202749
FTSE,44,CNN-WGAN-GP,0,0.6287776077462772,0.6356907305985109,0.7137009593356243
FTSE,44,GARCH,0,0.729487041809851,0.7484804553264606,0.7626660044387171
FTSE,44,GJR-GARCH,0,0.46358753042668954,0.4109361576460481,0.6038818639032074
FTSE,44,TimeGAN,1,0.5681466118986254,0.5205283952605957,0.6713239637027492
FTSE,44,QuantGAN,1,0.6606146638745705,0.63870498639748,0.6667993359822452
FTSE,44,CNN-WGAN-GP,1,0.7527997028923252,0.7301141448310424,0.772184860037228
FTSE,44,GARCH,1,0.3458850139604811,0.2592333816580756,0.6686533505154639
FTSE,44,GJR-GARCH,1,0.5643202319587628,0.4567198238831615,0.7087742966065291
FTSE,44,TimeGAN,2,0.6831908200887744,0.6192419727233678,0.7389671928694158
FTSE,44,QuantGAN,2,0.43647757373997714,0.40169516931557847,0.631531223152921
FTSE,44,CNN-WGAN-GP,2,0.4897721577892325,0.47846953751431853,0.6515186497709049
FTSE,44,GARCH,2,0.679542525773196,0.6800515016466209,0.7471933616122566
FTSE,44,GJR-GARCH,2,0.2828702212199312,0.24056280426689577,0.605274108676976
FTSE,44,TimeGAN,3,0.5791919476660939,0.5427465904209622,0.72736030569874
FTSE,44,QuantGAN,3,0.4989348421391753,0.4661259217497136,0.6635392056844216
FTSE,44,CNN-WGAN-GP,3,0.31401596506300117,0.354158165091638,0.5793939719358534
FTSE,44,GARCH,3,0.4898455398052691,0.4466297966781214,0.6323140392325315
FTSE,44,GJR-GARCH,3,0.676332286297251,0.6871688860252005,0.7176969233247422
FTSE,44,TimeGAN,4,0.5024186980956472,0.45086581829896905,0.6309103844501719
FTSE,44,QuantGAN,4,0.6231987847222222,0.5770609607674685,0.7139123800830469
FTSE,44,CNN-WGAN-GP,4,0.5889862095504009,0.5445005995847652,0.7253872691151203
FTSE,44,GARCH,4,0.48869872207903786,0.49855920675830473,0.6446021710337916
FTSE,44,GJR-GARCH,4,0.478674022766323,0.42602018900343647,0.6052962575171821
FTSE,44,TimeGAN,5,0.4623650934278351,0.41342823775773196,0.6562497762743413
FTSE,44,QuantGAN,5,0.5993060030068729,0.5865464812428407,0.7088747494272624
FTSE,44,CNN-WGAN-GP,5,0.492572979309851,0.4853779621277205,0.6336326782646049
FTSE,44,GARCH,5,0.6563191312285224,0.6607761938001145,0.7230090653636884
FTSE,44,GJR-GARCH,5,0.6644947379725086,0.6257349387886597,0.7249378042668957
FTSE,44,TimeGAN,6,0.5122955147479955,0.473935065864834,0.6403518309707904
FTSE,44,QuantGAN,6,0.4762973850945018,0.43885644866838486,0.630791362399771
FTSE,44,CNN-WGAN-GP,6,0.5242758000429554,0.48311967532932415,0.6364912210051547
FTSE,44,GARCH,6,0.5275401811282933,0.5073612453465064,0.6355775254152348
FTSE,44,GJR-GARCH,6,0.5064247297394043,0.4181327409077893,0.6248521173396335
FTSE,44,TimeGAN,7,0.7048803515177549,0.6968602341065292,0.7459225998711341
FTSE,44,QuantGAN,7,0.6207250501145476,0.6276961179123711,0.7114267880154639
FTSE,44,CNN-WGAN-GP,7,0.493490478235968,0.4497861182703322,0.6717951299398626
FTSE,44,GARCH,7,0.4223394544673539,0.3915686748281787,0.6617234482388316
FTSE,44,GJR-GARCH,7,0.2719184027777778,0.19223560101660936,0.6250109625572738
FTSE,44,TimeGAN,8,0.590859017038946,0.5376660044387169,0.7075225515463918
FTSE,44,QuantGAN,8,0.5296029317010309,0.495642047895189,0.6736858354810996
FTSE,44,CNN-WGAN-GP,8,0.5119095879868271,0.423429893327606,0.6744187607388317
FTSE,44,GARCH,8,0.562765338631157,0.4794957671105385,0.6483095289232531
FTSE,44,GJR-GARCH,8,0.4503176904352806,0.4130792257302406,0.5762915682273768
FTSE,44,TimeGAN,9,0.598235252004582,0.5770197952462773,0.6958765123854523
FTSE,44,QuantGAN,9,0.6257101052405498,0.6159037621706759,0.7383324831758304
FTSE,44,CNN-WGAN-GP,9,0.2891607155641466,0.25814965456758304,0.6443122225801832
FTSE,44,GARCH,9,0.24116708727090494,0.1551119075744559,0.6091649216065292
FTSE,44,GJR-GARCH,9,0.31589593177262315,0.24287925973654065,0.6154151453321879
FTSE,44,TimeGAN,10,0.4291107352520046,0.3408335123138603,0.6333230419530355
FTSE,44,QuantGAN,10,0.6512179624856815,0.6095776954467353,0.6978473117124857
FTSE,44,CNN-WGAN-GP,10,0.502222266967354,0.42073243306128294,0.6921866050973655
FTSE,44,GARCH,10,0.5409809475229095,0.5447869684278351,0.6568032735538373
FTSE,44,GJR-GARCH,10,0.48547707259450174,0.4943708387027491,0.686238411010882
FTSE,44,TimeGAN,11,0.4143256013745704,0.39471000680126,0.5794116462628865
FTSE,44,QuantGAN,11,0.7119899054982819,0.7043570572021765,0.7651227358963346
FTSE,44,CNN-WGAN-GP,11,0.6787966244272624,0.6710545980097364,0.7328793939719359
FTSE,44,GARCH,11,0.7149723922537227,0.706102341065292,0.7814705934994273
FTSE,44,GJR-GARCH,11,0.3895578286082474,0.33591982567296685,0.6371075851947309
FTSE,44,TimeGAN,12,0.6298228540234824,0.5956402580899198,0.6983647891609392
FTSE,44,QuantGAN,12,0.6047581973081328,0.5608200440292096,0.7217490424541809
FTSE,44,CNN-WGAN-GP,12,0.6142016573596794,0.5971521960910653,0.7454483014747996
FTSE,44,GARCH,12,0.5411655211912945,0.490331024484536,0.686243556701031
FTSE,44,GJR-GARCH,12,0.6120145153207331,0.5804340725229096,0.7146793116408935
FTSE,44,TimeGAN,13,0.6929497333190149,0.6146106278636884,0.7606233891752577
FTSE,44,QuantGAN,13,0.42668599656357387,0.4307566849226804,0.619367706543528
FTSE,44,CNN-WGAN-GP,13,0.5764754707187858,0.5191817905211913,0.6789290700171822
FTSE,44,GARCH,13,0.4063164465206185,0.31995901345933564,0.6109113240979381
FTSE,44,GJR-GARCH,13,0.5683280534077892,0.5414820929982818,0.6631837056128294
FTSE,44,TimeGAN,14,0.5032176224226804,0.4401578608247423,0.7004127738402062
FTSE,44,QuantGAN,14,0.6820281178407789,0.6514150647909508,0.7479667812142039
FTSE,44,CNN-WGAN-GP,14,0.4845678515177549,0.4342009414375716,0.6409362023911799
FTSE,44,GARCH,14,0.41670604238258874,0.38313757338201604,0.607299049613402
FTSE,44,GJR-GARCH,14,0.5403019401489118,0.4932667525773196,0.6441182524341352
FTSE,44,TimeGAN,15,0.7078845396620849,0.69398670174685,0.7445388566723941
FTSE,44,QuantGAN,15,0.5092161547823597,0.48791747207903785,0.6613632499284078
FTSE,44,CNN-WGAN-GP,15,0.595443603235968,0.592664035652921,0.6545230616408935
FTSE,44,GARCH,15,0.3878120972938145,0.28398571735395184,0.615459666738259
FTSE,44,GJR-GARCH,15,0.5238017253722795,0.34432788337628867,0.6659102502147767
FTSE,44,TimeGAN,16,0.678272658934708,0.6638566723940436,0.7085138799398625
FTSE,44,QuantGAN,16,0.6523363670532646,0.6174886347365407,0.7252440846935854
FTSE,44,CNN-WGAN-GP,16,0.545919467711913,0.5376498961912944,0.6533592407646048
FTSE,44,GARCH,16,0.4354526864977091,0.394869746921535,0.6573757875143185
FTSE,44,GJR-GARCH,16,0.46908894437285226,0.42054584586197025,0.6780596721076747
FTSE,44,TimeGAN,17,0.7060329861111112,0.6703429266895762,0.7471866498424972
FTSE,44,QuantGAN,17,0.5273280892038945,0.4913066920819015,0.7235010380870561
FTSE,44,CNN-WGAN-GP,17,0.24972951567869414,0.19268461841351658,0.6082722562285223
FTSE,44,GARCH,17,0.592260658290378,0.5862431092497136,0.6763629367124857
FTSE,44,GJR-GARCH,17,0.3485936605097365,0.3328192117697594,0.6563770761741122
FTSE,44,TimeGAN,18,0.5521052584478808,0.5221707653207331,0.6764730097365407
FTSE,44,QuantGAN,18,0.5535744648482245,0.47862278959049254,0.757742473868843
FTSE,44,CNN-WGAN-GP,18,0.5020016734679266,0.5054734482388316,0.6211664608390607
FTSE,44,GARCH,18,0.5372778404209623,0.5326393363402062,0.6507063019043529
FTSE,44,GJR-GARCH,18,0.6203993055555556,0.62585575064433,0.6897694730813289
FTSE,44,TimeGAN,19,0.5612321466924398,0.5348900164662085,0.7109898518041237
FTSE,44,QuantGAN,19,0.5344597920246278,0.5032522998997708,0.6948610216208476
FTSE,44,CNN-WGAN-GP,19,0.4449417865836197,0.3945773374856816,0.6419239511741123
FTSE,44,GARCH,19,0.23761656106815576,0.1943003651202749,0.5534395582760595
FTSE,44,GJR-GARCH,19,0.4803682971792669,0.45919825672966785,0.6737916577176404
MOEX,42,TimeGAN,0,0.6777126736111111,0.6498263888888889,0.7549913194444444
MOEX,42,QuantGAN,0,0.8350911458333332,0.8221354166666666,0.8459635416666668
MOEX,42,CNN-WGAN-GP,0,0.26855468749999994,0.2849826388888889,0.5850043402777777
MOEX,42,GARCH,0,0.7671006944444444,0.7555555555555555,0.7920572916666666
MOEX,42,GJR-GARCH,0,0.7218315972222222,0.7148003472222222,0.763454861111111
MOEX,42,TimeGAN,1,0.27465277777777775,0.258203125,0.5924913194444444
MOEX,42,QuantGAN,1,0.587087673611111,0.5518012152777778,0.714626736111111
MOEX,42,CNN-WGAN-GP,1,0.732595486111111,0.7082899305555556,0.7970269097222222
MOEX,42,GARCH,1,0.5922743055555555,0.5625434027777778,0.7060112847222222
MOEX,42,GJR-GARCH,1,0.6134548611111112,0.5804904513888889,0.7210286458333334
MOEX,42,TimeGAN,2,0.6602430555555555,0.6781467013888889,0.7683376736111112
MOEX,42,QuantGAN,2,0.4547526041666667,0.38135850694444445,0.6131293402777779
MOEX,42,CNN-WGAN-GP,2,0.3280381944444445,0.3106119791666667,0.5996093750000001
MOEX,42,GARCH,2,0.5904947916666667,0.5513454861111111,0.732248263888889
MOEX,42,GJR-GARCH,2,0.6519097222222222,0.6270182291666666,0.772634548611111
MOEX,42,TimeGAN,3,0.5876519097222221,0.5986545138888889,0.7312717013888889
MOEX,42,QuantGAN,3,0.29246961805555555,0.27853732638888895,0.5490017361111111
MOEX,42,CNN-WGAN-GP,3,0.4903428819444445,0.5100043402777776,0.7159071180555555
MOEX,42,GARCH,3,0.5893446180555555,0.5362847222222222,0.6715060763888888
MOEX,42,GJR-GARCH,3,0.4952473958333334,0.46907552083333337,0.6254557291666666
MOEX,42,TimeGAN,4,0.6316623263888889,0.6199869791666668,0.697439236111111
MOEX,42,QuantGAN,4,0.3823133680555556,0.401953125,0.5880208333333333
MOEX,42,CNN-WGAN-GP,4,0.7189453125,0.6830946180555555,0.7777777777777779
MOEX,42,GARCH,4,0.46859809027777777,0.46879340277777776,0.6557725694444445
MOEX,42,GJR-GARCH,4,0.44542100694444453,0.3599826388888889,0.6310546875
MOEX,42,TimeGAN,5,0.6402994791666666,0.6154730902777777,0.8115234375
MOEX,42,QuantGAN,5,0.6692274305555557,0.5975260416666667,0.7882378472222222
MOEX,42,CNN-WGAN-GP,5,0.46258680555555554,0.48298611111111117,0.6350477430555556
MOEX,42,GARCH,5,0.6239583333333333,0.6109809027777777,0.7416449652777778
MOEX,42,GJR-GARCH,5,0.7084418402777777,0.6749565972222222,0.7896484375
MOEX,42,TimeGAN,6,0.6712456597222223,0.6573350694444444,0.7906032986111111
MOEX,42,QuantGAN,6,0.5195095486111111,0.48181423611111107,0.6206380208333333
MOEX,42,CNN-WGAN-GP,6,0.6281901041666667,0.5517361111111111,0.7124348958333333
MOEX,42,GARCH,6,0.26970486111111114,0.23046874999999994,0.5668402777777778
MOEX,42,GJR-GARCH,6,0.24548611111111113,0.23122829861111108,0.5663194444444445
MOEX,42,TimeGAN,7,0.6246310763888888,0.6216145833333334,0.7760416666666667
MOEX,42,QuantGAN,7,0.49474826388888893,0.4492404513888889,0.6913845486111111
MOEX,42,CNN-WGAN-GP,7,0.7445746527777778,0.7336371527777776,0.8002821180555557
MOEX,42,GARCH,7,0.3014973958333334,0.32252604166666665,0.6452256944444444
MOEX,42,GJR-GARCH,7,0.36987847222222225,0.41330295138888895,0.6130425347222223
MOEX,42,TimeGAN,8,0.5744140625,0.5436631944444443,0.7475477430555555
MOEX,42,QuantGAN,8,0.4751302083333334,0.40212673611111105,0.6459635416666666
MOEX,42,CNN-WGAN-GP,8,0.3241319444444445,0.3299696180555555,0.5815538194444445
MOEX,42,GARCH,8,0.42415364583333337,0.32113715277777777,0.6273871527777778
MOEX,42,GJR-GARCH,8,0.33055555555555555,0.2955512152777778,0.6004774305555556
MOEX,42,TimeGAN,9,0.6740668402777776,0.622265625,0.7857421875
MOEX,42,QuantGAN,9,0.6710503472222222,0.6614800347222222,0.7034939236111111
MOEX,42,CNN-WGAN-GP,9,0.6551649305555556,0.6177734375,0.7622395833333333
MOEX,42,GARCH,9,0.5465711805555555,0.49552951388888894,0.6817925347222222
MOEX,42,GJR-GARCH,9,0.5557508680555555,0.5120225694444444,0.675954861111111
MOEX,42,TimeGAN,10,0.5663194444444445,0.4937065972222222,0.7140842013888891
MOEX,42,QuantGAN,10,0.7955512152777777,0.7858289930555558,0.7904079861111111
MOEX,42,CNN-WGAN-GP,10,0.6637369791666667,0.6243923611111111,0.7425130208333333
MOEX,42,GARCH,10,0.27899305555555554,0.21371527777777777,0.6704644097222222
MOEX,42,GJR-GARCH,10,0.16588541666666665,0.20060763888888888,0.560329861111111
MOEX,42,TimeGAN,11,0.7086154513888889,0.675998263888889,0.8102430555555555
MOEX,42,QuantGAN,11,0.5462890625,0.4434895833333334,0.6625
MOEX,42,CNN-WGAN-GP,11,0.6644314236111112,0.6272135416666668,0.740407986111111
MOEX,42,GARCH,11,0.542795138888889,0.5750651041666667,0.6510416666666667
MOEX,42,GJR-GARCH,11,0.5615017361111112,0.5692491319444445,0.642404513888889
MOEX,42,TimeGAN,12,0.4989149305555555,0.5016927083333333,0.7030815972222223
MOEX,42,QuantGAN,12,0.24871961805555562,0.21970486111111112,0.5755859375
MOEX,42,CNN-WGAN-GP,12,0.631032986111111,0.6123914930555555,0.7157552083333332
MOEX,42,GARCH,12,0.479296875,0.4942057291666667,0.6547526041666666
MOEX,42,GJR-GARCH,12,0.5269748263888889,0.5012586805555556,0.6475260416666667
MOEX,42,TimeGAN,13,0.6024305555555556,0.6142578125,0.7290147569444445
MOEX,42,QuantGAN,13,0.709765625,0.7172309027777779,0.6921875
MOEX,42,CNN-WGAN-GP,13,0.8683376736111112,0.8540798611111111,0.8834418402777777
MOEX,42,GARCH,13,0.5486762152777778,0.5114366319444443,0.6589409722222223
MOEX,42,GJR-GARCH,13,0.5254991319444444,0.5000217013888889,0.642751736111111
MOEX,42,TimeGAN,14,0.5588324652777777,0.5304904513888888,0.7248914930555556
MOEX,42,QuantGAN,14,0.4776475694444445,0.3974392361111111,0.6673177083333333
MOEX,42,CNN-WGAN-GP,14,0.4014756944444445,0.40876736111111117,0.6617404513888889
MOEX,42,GARCH,14,0.44750434027777775,0.3995225694444445,0.6350043402777776
MOEX,42,GJR-GARCH,14,0.4320746527777778,0.38164062500000007,0.615625
MOEX,42,TimeGAN,15,0.6131727430555556,0.5731987847222222,0.7935546875000001
MOEX,42,QuantGAN,15,0.6069444444444444,0.5773871527777777,0.6844184027777779
MOEX,42,CNN-WGAN-GP,15,0.6187065972222221,0.6082465277777778,0.7303385416666667
MOEX,42,GARCH,15,0.676953125,0.6682074652777777,0.7840494791666667
MOEX,42,GJR-GARCH,15,0.6650607638888889,0.6548177083333334,0.7619140625
MOEX,42,TimeGAN,16,0.6374131944444444,0.5961588541666666,0.7953776041666667
MOEX,42,QuantGAN,16,0.3909505208333333,0.31909722222222225,0.6093967013888889
MOEX,42,CNN-WGAN-GP,16,0.6182074652777777,0.593381076388889,0.7618923611111111
MOEX,42,GARCH,16,0.5545138888888889,0.5442274305555557,0.6415364583333334
MOEX,42,GJR-GARCH,16,0.40857204861111107,0.4026041666666667,0.6275607638888889
MOEX,42,TimeGAN,17,0.534765625,0.48192274305555555,0.7319227430555555
MOEX,42,QuantGAN,17,0.3087239583333334,0.29537760416666664,0.5870008680555556
MOEX,42,CNN-WGAN-GP,17,0.44813368055555564,0.4138020833333333,0.6552517361111111
MOEX,42,GARCH,17,0.6719184027777778,0.6637152777777777,0.7567274305555556
MOEX,42,GJR-GARCH,17,0.6764973958333333,0.6680121527777778,0.7600911458333333
MOEX,42,TimeGAN,18,0.22510850694444445,0.201953125,0.5809461805555556
MOEX,42,QuantGAN,18,0.7767144097222223,0.7533420138888888,0.8052300347222223
MOEX,42,CNN-WGAN-GP,18,0.3814887152777778,0.36625434027777776,0.6302517361111112
MOEX,42,GARCH,18,0.4885416666666666,0.39752604166666666,0.6576171874999999
MOEX,42,GJR-GARCH,18,0.569509548611111,0.5450737847222221,0.6851236979166668
MOEX,42,TimeGAN,19,0.6870876736111111,0.6405598958333334,0.7930989583333334
MOEX,42,QuantGAN,19,0.41356336805555555,0.3848741319444444,0.5881944444444445
MOEX,42,CNN-WGAN-GP,19,0.3836805555555555,0.3939670138888889,0.6010416666666667
MOEX,42,GARCH,19,0.5668836805555555,0.5280381944444444,0.6818576388888888
MOEX,42,GJR-GARCH,19,0.5263888888888889,0.5259114583333334,0.660546875
MOEX,43,TimeGAN,0,0.6626302083333334,0.6712456597222223,0.8277126736111111
MOEX,43,QuantGAN,0,0.6904730902777778,0.6648220486111112,0.7970269097222222
MOEX,43,CNN-WGAN-GP,0,0.5137586805555555,0.49865451388888893,0.6458550347222223
MOEX,43,GARCH,0,0.6887586805555556,0.6450737847222221,0.7411458333333333
MOEX,43,GJR-GARCH,0,0.6859809027777779,0.6477213541666667,0.7378689236111111
MOEX,43,TimeGAN,1,0.678884548611111,0.6594835069444445,0.7138454861111112
MOEX,43,QuantGAN,1,0.5720703125,0.5823567708333333,0.7214409722222223
MOEX,43,CNN-WGAN-GP,1,0.6872395833333333,0.6917751736111111,0.713671875
MOEX,43,GARCH,1,0.40889756944444444,0.38441840277777783,0.6305338541666666
MOEX,43,GJR-GARCH,1,0.4586371527777778,0.43098958333333337,0.6802517361111112
MOEX,43,TimeGAN,2,0.5681640625000001,0.5529079861111111,0.6963975694444444
MOEX,43,QuantGAN,2,0.613064236111111,0.5050998263888888,0.7187282986111112
MOEX,43,CNN-WGAN-GP,2,0.29314236111111114,0.3488932291666667,0.5616319444444444
MOEX,43,GARCH,2,0.37191840277777777,0.43923611111111105,0.6851128472222222
MOEX,43,GJR-GARCH,2,0.5398220486111112,0.5690972222222223,0.6922743055555556
MOEX,43,TimeGAN,3,0.43940972222222224,0.39188368055555556,0.7373046875
MOEX,43,QuantGAN,3,0.6950737847222224,0.6459635416666667,0.7782552083333333
MOEX,43,CNN-WGAN-GP,3,0.5168402777777777,0.5126953125,0.704318576388889
MOEX,43,GARCH,3,0.3944010416666667,0.3314236111111111,0.6679904513888889
MOEX,43,GJR-GARCH,3,0.4141493055555555,0.3645833333333333,0.6482421875
MOEX,43,TimeGAN,4,0.7424262152777779,0.7207682291666667,0.8317057291666667
MOEX,43,QuantGAN,4,0.6823350694444443,0.6739583333333332,0.7195963541666667
MOEX,43,CNN-WGAN-GP,4,0.6318359375,0.599826388888889,0.6915364583333334
MOEX,43,GARCH,4,0.4827690972222222,0.5362413194444444,0.622829861111111
MOEX,43,GJR-GARCH,4,0.5293402777777778,0.5500217013888888,0.6182291666666666
MOEX,43,TimeGAN,5,0.7794704861111111,0.7547526041666667,0.7990234375
MOEX,43,QuantGAN,5,0.33832465277777773,0.3927083333333333,0.6342881944444445
MOEX,43,CNN-WGAN-GP,5,0.5915581597222224,0.5903862847222221,0.7498480902777778
MOEX,43,GARCH,5,0.5979817708333333,0.615625,0.7141276041666667
MOEX,43,GJR-GARCH,5,0.6274522569444444,0.6520616319444444,0.7235026041666667
MOEX,43,TimeGAN,6,0.3976779513888889,0.3999348958333333,0.7071831597222222
MOEX,43,QuantGAN,6,0.7162109375,0.6140625,0.7011284722222222
MOEX,43,CNN-WGAN-GP,6,0.5767144097222221,0.564279513888889,0.6535590277777776
MOEX,43,GARCH,6,0.563671875,0.5540798611111111,0.6897786458333333
MOEX,43,GJR-GARCH,6,0.6727430555555556,0.6327473958333333,0.7381727430555556
MOEX,43,TimeGAN,7,0.8442925347222223,0.8266493055555555,0.8610026041666667
MOEX,43,QuantGAN,7,0.4024088541666666,0.366015625,0.6071180555555555
MOEX,43,CNN-WGAN-GP,7,0.47404513888888883,0.443359375,0.6453342013888888
MOEX,43,GARCH,7,0.8353298611111111,0.8508897569444445,0.8828342013888889
MOEX,43,GJR-GARCH,7,0.7604817708333333,0.709201388888889,0.8122178819444443
MOEX,43,TimeGAN,8,0.6999348958333332,0.6787543402777777,0.7818793402777777
MOEX,43,QuantGAN,8,0.891427951388889,0.8731770833333332,0.8846137152777777
MOEX,43,CNN-WGAN-GP,8,0.7468098958333332,0.7268880208333333,0.755078125
MOEX,43,GARCH,8,0.5250651041666666,0.4903645833333333,0.6910373263888889
MOEX,43,GJR-GARCH,8,0.5385633680555556,0.4930772569444445,0.6987847222222222
MOEX,43,TimeGAN,9,0.9253038194444443,0.8920138888888889,0.935329861111111
MOEX,43,QuantGAN,9,0.3394748263888888,0.3243272569444445,0.6112196180555556
MOEX,43,CNN-WGAN-GP,9,0.5389756944444445,0.49455295138888883,0.6998046875
MOEX,43,GARCH,9,0.639474826388889,0.6103949652777777,0.7189453125
MOEX,43,GJR-GARCH,9,0.6243489583333334,0.5962239583333334,0.7183810763888889
MOEX,43,TimeGAN,10,0.8126302083333334,0.7924696180555556,0.8572265625
MOEX,43,QuantGAN,10,0.6566623263888889,0.6283637152777778,0.7416449652777777
MOEX,43,CNN-WGAN-GP,10,0.6909071180555556,0.6967447916666667,0.7770399305555556
MOEX,43,GARCH,10,0.6548177083333334,0.6426215277777778,0.6920572916666666
MOEX,43,GJR-GARCH,10,0.6722873263888889,0.6497829861111112,0.7284722222222222
MOEX,43,TimeGAN,11,0.6445529513888889,0.6301649305555556,0.7097222222222223
MOEX,43,QuantGAN,11,0.6183159722222222,0.6095920138888888,0.7801432291666666
MOEX,43,CNN-WGAN-GP,11,0.7708333333333334,0.7572699652777779,0.8208767361111111
MOEX,43,GARCH,11,0.6978081597222222,0.6363932291666666,0.7411675347222222
MOEX,43,GJR-GARCH,11,0.6854166666666666,0.6145616319444445,0.7135416666666667
MOEX,43,TimeGAN,12,0.686697048611111,0.69453125,0.7873480902777776
MOEX,43,QuantGAN,12,0.5716796875,0.5351128472222222,0.6938151041666667
MOEX,43,CNN-WGAN-GP,12,0.5497612847222222,0.5398871527777778,0.6577690972222222
MOEX,43,GARCH,12,0.6085069444444444,0.5326605902777777,0.6623697916666667
MOEX,43,GJR-GARCH,12,0.5996744791666667,0.5735894097222223,0.6573784722222222
MOEX,43,TimeGAN,13,0.6996961805555555,0.6855685763888889,0.8007595486111111
MOEX,43,QuantGAN,13,0.6062065972222221,0.5873914930555555,0.6713541666666667
MOEX,43,CNN-WGAN-GP,13,0.46825086805555555,0.4658203125,0.6611979166666666
MOEX,43,GARCH,13,0.6949869791666666,0.657009548611111,0.7694444444444445
MOEX,43,GJR-GARCH,13,0.6827256944444444,0.6361328125,0.7334852430555555
MOEX,43,TimeGAN,14,0.38817274305555555,0.31766493055555556,0.6570746527777779
MOEX,43,QuantGAN,14,0.6004774305555555,0.5560546875,0.6748914930555555
MOEX,43,CNN-WGAN-GP,14,0.6066623263888888,0.5813585069444445,0.6968532986111111
MOEX,43,GARCH,14,0.4710937499999999,0.4460286458333334,0.6366753472222222
MOEX,43,GJR-GARCH,14,0.4615234375,0.44140625,0.6162109375
MOEX,43,TimeGAN,15,0.7614800347222221,0.707790798611111,0.815625
MOEX,43,QuantGAN,15,0.7230685763888889,0.7070746527777778,0.7602864583333333
MOEX,43,CNN-WGAN-GP,15,0.5998046875,0.5836805555555555,0.7281901041666666
MOEX,43,GARCH,15,0.7245876736111112,0.7180121527777776,0.751779513888889
MOEX,43,GJR-GARCH,15,0.7892144097222222,0.7837456597222223,0.778125
MOEX,43,TimeGAN,16,0.6461154513888889,0.5875651041666666,0.6952039930555556
MOEX,43,QuantGAN,16,0.5924262152777778,0.5360894097222222,0.7350694444444444
MOEX,43,CNN-WGAN-GP,16,0.7769748263888888,0.7570746527777779,0.8167751736111111
MOEX,43,GARCH,16,0.6748480902777778,0.6610894097222223,0.7684461805555556
MOEX,43,GJR-GARCH,16,0.7093967013888889,0.688671875,0.7926432291666667
MOEX,43,TimeGAN,17,0.6761067708333333,0.6495225694444444,0.7797092013888889
MOEX,43,QuantGAN,17,0.42771267361111115,0.3857638888888889,0.671701388888889
MOEX,43,CNN-WGAN-GP,17,0.685546875,0.6555989583333334,0.7027994791666667
MOEX,43,GARCH,17,0.7583767361111112,0.7529513888888889,0.7493272569444445
MOEX,43,GJR-GARCH,17,0.7333984375,0.7287109375,0.7354817708333333
MOEX,43,TimeGAN,18,0.589040798611111,0.5015842013888889,0.8102864583333333
MOEX,43,QuantGAN,18,0.621875,0.6034071180555555,0.6915581597222221
MOEX,43,CNN-WGAN-GP,18,0.2287109375,0.3387803819444445,0.5829210069444445
MOEX,43,GARCH,18,0.660959201388889,0.6333116319444445,0.7423394097222221
MOEX,43,GJR-GARCH,18,0.7034505208333333,0.6980902777777779,0.7364366319444444
MOEX,43,TimeGAN,19,0.6475260416666666,0.6105034722222222,0.7771050347222223
MOEX,43,QuantGAN,19,0.7240668402777778,0.7209418402777779,0.7453342013888888
MOEX,43,CNN-WGAN-GP,19,0.5827039930555555,0.5355251736111111,0.6877821180555556
MOEX,43,GARCH,19,0.4731770833333333,0.4441623263888889,0.6192708333333333
MOEX,43,GJR-GARCH,19,0.46547309027777783,0.3723958333333333,0.6553602430555556
MOEX,44,TimeGAN,0,0.6855034722222222,0.6816189236111112,0.7796657986111112
MOEX,44,QuantGAN,0,0.7070529513888888,0.6852430555555555,0.7721354166666667
MOEX,44,CNN-WGAN-GP,0,0.7411241319444445,0.6843098958333333,0.7642795138888889
MOEX,44,GARCH,0,0.7307291666666667,0.7409722222222223,0.7458984375
MOEX,44,GJR-GARCH,0,0.5332682291666666,0.4985894097222222,0.648220486111111
MOEX,44,TimeGAN,1,0.7132595486111112,0.6591579861111111,0.7953776041666667
MOEX,44,QuantGAN,1,0.7072265625,0.6864800347222223,0.8167317708333334
MOEX,44,CNN-WGAN-GP,1,0.2414713541666667,0.24904513888888893,0.5744791666666667
MOEX,44,GARCH,1,0.7020399305555556,0.6970269097222223,0.7540581597222223
MOEX,44,GJR-GARCH,1,0.7094835069444445,0.7001302083333334,0.7605251736111112
MOEX,44,TimeGAN,2,0.7439453125,0.6969184027777778,0.8310112847222222
MOEX,44,QuantGAN,2,0.7048828125,0.6771484375000001,0.8033203125
MOEX,44,CNN-WGAN-GP,2,0.40173611111111107,0.3780164930555555,0.6838541666666667
MOEX,44,GARCH,2,0.5550347222222223,0.5113064236111111,0.697482638888889
MOEX,44,GJR-GARCH,2,0.5805555555555556,0.5471354166666667,0.6779079861111111
MOEX,44,TimeGAN,3,0.7004123263888888,0.6828342013888888,0.8001085069444445
MOEX,44,QuantGAN,3,0.6550564236111113,0.5763888888888888,0.742578125
MOEX,44,CNN-WGAN-GP,3,0.4973307291666667,0.46356336805555554,0.6978298611111111
MOEX,44,GARCH,3,0.7814453125,0.7506944444444444,0.8174045138888888
MOEX,44,GJR-GARCH,3,0.808420138888889,0.7665581597222223,0.8500434027777777
MOEX,44,TimeGAN,4,0.6422526041666667,0.5936848958333334,0.7760199652777778
MOEX,44,QuantGAN,4,0.7896050347222223,0.7552734374999999,0.7937282986111112
MOEX,44,CNN-WGAN-GP,4,0.6549696180555555,0.6367621527777778,0.8137369791666667
MOEX,44,GARCH,4,0.541818576388889,0.51640625,0.6053385416666666
MOEX,44,GJR-GARCH,4,0.5638671875,0.5318142361111111,0.6476128472222223
MOEX,44,TimeGAN,5,0.6669704861111112,0.6481553819444444,0.8224175347222223
MOEX,44,QuantGAN,5,0.6783203125,0.6836371527777778,0.7388454861111111
MOEX,44,CNN-WGAN-GP,5,0.5666015625,0.5347005208333333,0.7022352430555555
MOEX,44,GARCH,5,0.40726996527777776,0.38784722222222223,0.6359809027777779
MOEX,44,GJR-GARCH,5,0.4149739583333333,0.40158420138888895,0.6457682291666667
MOEX,44,TimeGAN,6,0.49053819444444446,0.4469184027777778,0.7560112847222221
MOEX,44,QuantGAN,6,0.5580295138888889,0.5343315972222222,0.71953125
MOEX,44,CNN-WGAN-GP,6,0.5746744791666668,0.5116753472222222,0.7015625
MOEX,44,GARCH,6,0.6342664930555555,0.6106553819444445,0.7175998263888889
MOEX,44,GJR-GARCH,6,0.6545789930555556,0.6344401041666666,0.7235460069444444
MOEX,44,TimeGAN,7,0.48506944444444444,0.4428385416666667,0.7242621527777777
MOEX,44,QuantGAN,7,0.5904730902777777,0.5282986111111111,0.7442057291666667
MOEX,44,CNN-WGAN-GP,7,0.6412109375000001,0.5665364583333332,0.7242404513888888
MOEX,44,GARCH,7,0.7689453125,0.7599175347222222,0.7765407986111111
MOEX,44,GJR-GARCH,7,0.7970269097222221,0.7895833333333334,0.7608289930555555
MOEX,44,TimeGAN,8,0.5406467013888888,0.5158637152777779,0.7457465277777778
MOEX,44,QuantGAN,8,0.6792751736111111,0.6701171874999999,0.7311631944444444
MOEX,44,CNN-WGAN-GP,8,0.5352647569444444,0.5254123263888889,0.7076171875
MOEX,44,GARCH,8,0.5771267361111112,0.5762369791666667,0.7196614583333332
MOEX,44,GJR-GARCH,8,0.7033854166666667,0.6861545138888887,0.78984375
MOEX,44,TimeGAN,9,0.7032552083333333,0.6902126736111112,0.7925998263888889
MOEX,44,QuantGAN,9,0.5965711805555556,0.5537109375,0.695703125
MOEX,44,CNN-WGAN-GP,9,0.40397135416666663,0.40271267361111107,0.6498914930555555
MOEX,44,GARCH,9,0.5455295138888888,0.47126736111111106,0.6668619791666666
MOEX,44,GJR-GARCH,9,0.43478732638888895,0.4663628472222222,0.6109809027777778
MOEX,44,TimeGAN,10,0.689626736111111,0.6327690972222222,0.7152560763888889
MOEX,44,QuantGAN,10,0.808810763888889,0.8099392361111111,0.8719401041666668
MOEX,44,CNN-WGAN-GP,10,0.5835937499999999,0.5472439236111112,0.7059678819444445
MOEX,44,GARCH,10,0.4473524305555556,0.4321614583333334,0.6875868055555555
MOEX,44,GJR-GARCH,10,0.4398003472222222,0.41729600694444446,0.6774522569444444
MOEX,44,TimeGAN,11,0.5508029513888888,0.47137586805555565,0.7085503472222222
MOEX,44,QuantGAN,11,0.5663845486111111,0.5032552083333334,0.7426215277777778
MOEX,44,CNN-WGAN-GP,11,0.7407986111111111,0.7374348958333334,0.7811848958333333
MOEX,44,GARCH,11,0.3289930555555555,0.3150607638888889,0.6067925347222223
MOEX,44,GJR-GARCH,11,0.43194444444444435,0.42406684027777775,0.6303819444444445
MOEX,44,TimeGAN,12,0.6211805555555555,0.5676649305555556,0.7610243055555557
MOEX,44,QuantGAN,12,0.6347873263888889,0.5831163194444444,0.7018446180555556
MOEX,44,CNN-WGAN-GP,12,0.8571180555555555,0.8446831597222223,0.8778862847222222
MOEX,44,GARCH,12,0.6955512152777777,0.6657552083333333,0.7192708333333334
MOEX,44,GJR-GARCH,12,0.6453993055555556,0.6203559027777779,0.7335286458333334
MOEX,44,TimeGAN,13,0.7784288194444444,0.7544053819444445,0.9083550347222221
MOEX,44,QuantGAN,13,0.405859375,0.4073567708333334,0.6361762152777777
MOEX,44,CNN-WGAN-GP,13,0.5702039930555556,0.5610460069444445,0.680490451388889
MOEX,44,GARCH,13,0.7132378472222223,0.7079427083333333,0.7602430555555556
MOEX,44,GJR-GARCH,13,0.6381510416666667,0.6320746527777777,0.7370876736111112
MOEX,44,TimeGAN,14,0.5687065972222223,0.5276041666666667,0.7331597222222223
MOEX,44,QuantGAN,14,0.7285590277777778,0.7106987847222221,0.7778862847222222
MOEX,44,CNN-WGAN-GP,14,0.5761501736111112,0.4764973958333333,0.7335286458333334
MOEX,44,GARCH,14,0.5621093750000001,0.579904513888889,0.6784505208333333
MOEX,44,GJR-GARCH,14,0.59609375,0.6034505208333333,0.6816840277777778
MOEX,44,TimeGAN,15,0.5373914930555556,0.5429470486111111,0.7135199652777777
MOEX,44,QuantGAN,15,0.7384114583333332,0.7393446180555555,0.7766059027777777
MOEX,44,CNN-WGAN-GP,15,0.6394965277777779,0.6133897569444444,0.6963541666666667
MOEX,44,GARCH,15,0.8169921875,0.8173394097222222,0.796072048611111
MOEX,44,GJR-GARCH,15,0.842578125,0.8379774305555555,0.8090494791666668
MOEX,44,TimeGAN,16,0.5220052083333332,0.48387586805555555,0.7131944444444445
MOEX,44,QuantGAN,16,0.7331163194444444,0.7473524305555557,0.8264322916666667
MOEX,44,CNN-WGAN-GP,16,0.6858072916666667,0.6539496527777777,0.7572699652777779
MOEX,44,GARCH,16,0.575998263888889,0.5185763888888889,0.6507378472222223
MOEX,44,GJR-GARCH,16,0.5764322916666667,0.5327256944444445,0.65390625
MOEX,44,TimeGAN,17,0.6133897569444444,0.5926432291666666,0.7373046875000001
MOEX,44,QuantGAN,17,0.570138888888889,0.5573133680555555,0.7182291666666668
MOEX,44,CNN-WGAN-GP,17,0.6336371527777779,0.6294270833333333,0.7140190972222222
MOEX,44,GARCH,17,0.2748480902777778,0.29574652777777777,0.5636067708333333
MOEX,44,GJR-GARCH,17,0.23639322916666666,0.24251302083333331,0.6274956597222222
MOEX,44,TimeGAN,18,0.5069227430555555,0.4427734375,0.7191840277777777
MOEX,44,QuantGAN,18,0.5409722222222222,0.5421223958333333,0.6646050347222222
MOEX,44,CNN-WGAN-GP,18,0.3322482638888889,0.34904513888888894,0.5640625
MOEX,44,GARCH,18,0.7585503472222221,0.7375434027777779,0.7893663194444445
MOEX,44,GJR-GARCH,18,0.7096788194444444,0.6864149305555556,0.7641276041666668
MOEX,44,TimeGAN,19,0.704296875,0.6904513888888889,0.7571614583333334
MOEX,44,QuantGAN,19,0.6731770833333333,0.6500651041666666,0.7072048611111111
MOEX,44,CNN-WGAN-GP,19,0.5516276041666666,0.5263454861111111,0.6614366319444445
MOEX,44,GARCH,19,0.7126953125,0.7103081597222222,0.7694227430555556
MOEX,44,GJR-GARCH,19,0.780447048611111,0.7716145833333332,0.8130859375
NIFTY50,42,TimeGAN,0,0.8826888273314866,0.8820274699907664,0.9104753000923361
NIFTY50,42,QuantGAN,0,0.907354570637119,0.913404432132964,0.9461668975069252
NIFTY50,42,CNN-WGAN-GP,0,0.7941793628808864,0.7817682363804247,0.834387349953832
NIFTY50,42,GARCH,0,0.5917075253924284,0.5755048476454293,0.7110115420129269
NIFTY50,42,GJR-GARCH,0,0.36427608494921515,0.3635424746075716,0.5962663896583564
NIFTY50,42,TimeGAN,1,0.8630994921514311,0.8678423361034164,0.9042412280701754
NIFTY50,42,QuantGAN,1,0.5946283471837488,0.6258243305632502,0.7595953370267775
NIFTY50,42,CNN-WGAN-GP,1,0.6669469067405356,0.645996537396122,0.7598723453370269
NIFTY50,42,GARCH,1,0.45330355493998153,0.4168504155124654,0.6510547091412742
NIFTY50,42,GJR-GARCH,1,0.40040258541089563,0.36703855032317634,0.5863054016620498
NIFTY50,42,TimeGAN,2,0.8843067867036011,0.8897915512465374,0.90904432132964
NIFTY50,42,QuantGAN,2,0.5799224376731302,0.5658451061865188,0.7025475530932594
NIFTY50,42,CNN-WGAN-GP,2,0.7121862880886427,0.7188965835641736,0.7653723453370267
NIFTY50,42,GARCH,2,0.6670588642659279,0.650997460757156,0.8228271006463528
NIFTY50,42,GJR-GARCH,2,0.747235918744229,0.7305554016620498,0.8220858725761773
NIFTY50,42,TimeGAN,3,0.8630016158818098,0.8635946445060018,0.8909824561403509
NIFTY50,42,QuantGAN,3,0.7797880886426592,0.7675173130193905,0.7858176361957525
NIFTY50,42,CNN-WGAN-GP,3,0.6778815789473684,0.6645353185595567,0.7652749307479224
NIFTY50,42,GARCH,3,0.6341276546629732,0.6195500923361034,0.7127439981532779
NIFTY50,42,GJR-GARCH,3,0.7670814866112651,0.7429669898430286,0.7772781625115419
NIFTY50,42,TimeGAN,4,0.8742179132040627,0.8755129270544784,0.9178444136657433
NIFTY50,42,QuantGAN,4,0.8064450600184673,0.7955027700831024,0.8266204986149583
NIFTY50,42,CNN-WGAN-GP,4,0.6103361034164358,0.5591479686057249,0.763648891966759
NIFTY50,42,GARCH,4,0.8454065096952907,0.8412001385041552,0.8846708217913204
NIFTY50,42,GJR-GARCH,4,0.7117823176361957,0.6734132040627886,0.8137774699907665
NIFTY50,42,TimeGAN,5,0.8796285780240074,0.8822913204062788,0.9235461680517082
NIFTY50,42,QuantGAN,5,0.6175660203139427,0.5052465373961219,0.7344413665743306
NIFTY50,42,CNN-WGAN-GP,5,0.5037827793167129,0.3819672206832872,0.6979506001846721
NIFTY50,42,GARCH,5,0.7293462603878116,0.7061516620498616,0.7805138504155125
NIFTY50,42,GJR-GARCH,5,0.682802862419206,0.6551867497691598,0.7449355955678671
NIFTY50,42,TimeGAN,6,0.9017592336103416,0.9045272391505079,0.9277513850415511
NIFTY50,42,QuantGAN,6,0.6947760849492152,0.7074704524469068,0.7226244228993537
NIFTY50,42,CNN-WGAN-GP,6,0.5437343028624192,0.5007945521698984,0.6867520775623268
NIFTY50,42,GARCH,6,0.4689374422899354,0.4355318559556786,0.7059337488457988
NIFTY50,42,GJR-GARCH,6,0.5705641735918745,0.5777700831024931,0.6894298245614034
NIFTY50,42,TimeGAN,7,0.877921975992613,0.879306325023084,0.9304531394275163
NIFTY50,42,QuantGAN,7,0.7196752077562327,0.6688167128347183,0.8557848568790396
NIFTY50,42,CNN-WGAN-GP,7,0.437472299168975,0.43028693444136656,0.6471740535549401
NIFTY50,42,GARCH,7,0.7588709602954755,0.7819556786703601,0.8369385964912281
NIFTY50,42,GJR-GARCH,7,0.5198891966759003,0.5205078485687904,0.6995653277931672
NIFTY50,42,TimeGAN,8,0.8865904893813482,0.8931170360110803,0.9141470452446907
NIFTY50,42,QuantGAN,8,0.9031491228070176,0.9089792243767313,0.9124018928901199
NIFTY50,42,CNN-WGAN-GP,8,0.8455660203139427,0.8430634810710987,0.8015133887349954
NIFTY50,42,GARCH,8,0.6036412742382271,0.5381361957525392,0.699452677746999
NIFTY50,42,GJR-GARCH,8,0.593306786703601,0.5115888734995383,0.7210692520775623
NIFTY50,42,TimeGAN,9,0.8478568790397045,0.862491920590951,0.9010498614958451
NIFTY50,42,QuantGAN,9,0.49351846722068327,0.47032917820867964,0.6201985226223454
NIFTY50,42,CNN-WGAN-GP,9,0.40114404432132966,0.3345073868882733,0.6334242843951985
NIFTY50,42,GARCH,9,0.5222890120036935,0.5239538319482918,0.7633120960295475
NIFTY50,42,GJR-GARCH,9,0.5424566020313943,0.5275944136657433,0.6860364727608494
NIFTY50,42,TimeGAN,10,0.8477289935364727,0.8565431671283473,0.9018991228070175
NIFTY50,42,QuantGAN,10,0.7210244690674054,0.7101962142197599,0.7885978762696215
NIFTY50,42,CNN-WGAN-GP,10,0.620283702677747,0.5590662511542013,0.7480318559556788
NIFTY50,42,GARCH,10,0.6790554016620499,0.6842908587257617,0.7410018467220683
NIFTY50,42,GJR-GARCH,10,0.7168945060018468,0.7172943213296399,0.7687587719298244
NIFTY50,42,TimeGAN,11,0.8426038781163434,0.8423947368421052,0.8909000461680516
NIFTY50,42,QuantGAN,11,0.6173051708217913,0.5919265927977839,0.7093397968605724
NIFTY50,42,CNN-WGAN-GP,11,0.5435637119113573,0.47969044321329635,0.7392541551246538
NIFTY50,42,GARCH,11,0.7542232225300092,0.7531812096029549,0.7745720221606648
NIFTY50,42,GJR-GARCH,11,0.691199215143121,0.7014951523545706,0.7125214681440444
NIFTY50,42,TimeGAN,12,0.9101943674976916,0.909948753462604,0.9349092797783933
NIFTY50,42,QuantGAN,12,0.5801613573407203,0.5799969990766389,0.7198349492151432
NIFTY50,42,CNN-WGAN-GP,12,0.6432315327793167,0.6679374422899353,0.7821274238227146
NIFTY50,42,GARCH,12,0.7959785318559557,0.7734584487534626,0.8323665743305633
NIFTY50,42,GJR-GARCH,12,0.6075394736842105,0.6080216989843029,0.74457594644506
NIFTY50,42,TimeGAN,13,0.8262696214219758,0.8095290858725761,0.8630013850415512
NIFTY50,42,QuantGAN,13,0.41396329639889196,0.33515143120960295,0.705109649122807
NIFTY50,42,CNN-WGAN-GP,13,0.7321396583564173,0.7375168513388736,0.7824568328716529
NIFTY50,42,GARCH,13,0.290909972299169,0.2833381809787627,0.6131188827331486
NIFTY50,42,GJR-GARCH,13,0.49664866112650047,0.34763573407202214,0.6563178670360111
NIFTY50,42,TimeGAN,14,0.9030602493074792,0.9113642659279778,0.9276532779316714
NIFTY50,42,QuantGAN,14,0.665351569713758,0.6444651431209603,0.7635840258541089
NIFTY50,42,CNN-WGAN-GP,14,0.8129810710987997,0.8189706832871654,0.8444355955678672
NIFTY50,42,GARCH,14,0.8051982917820867,0.8031094182825486,0.8114413665743305
NIFTY50,42,GJR-GARCH,14,0.5805433979686058,0.5529397506925208,0.7464282086795937
NIFTY50,42,TimeGAN,15,0.8956442751615882,0.8886341181902123,0.9125279316712834
NIFTY50,42,QuantGAN,15,0.7842412280701755,0.7935872576177285,0.8385856417359188
NIFTY50,42,CNN-WGAN-GP,15,0.8158437211449676,0.7996172668513389,0.8110263157894737
NIFTY50,42,GARCH,15,0.4747266851338874,0.44275023084025855,0.6612763157894737
NIFTY50,42,GJR-GARCH,15,0.4091057248384118,0.39002723915050785,0.6284806094182825
NIFTY50,42,TimeGAN,16,0.8768310249307479,0.879282779316713,0.9232483841181903
NIFTY50,42,QuantGAN,16,0.779017082179132,0.7819445983379502,0.8048319482917821
NIFTY50,42,CNN-WGAN-GP,16,0.6474621421975992,0.6626389658356417,0.7531200369344413
NIFTY50,42,GARCH,16,0.5228065558633426,0.50344621421976,0.6919025854108956
NIFTY50,42,GJR-GARCH,16,0.673775161588181,0.5260210064635272,0.7602100646352723
NIFTY50,42,TimeGAN,17,0.892238457987073,0.9006632040627884,0.9213340258541092
NIFTY50,42,QuantGAN,17,0.7302797783933518,0.7043294090489381,0.8003393351800554
NIFTY50,42,CNN-WGAN-GP,17,0.7983021698984303,0.7835060018467221,0.8425260849492151
NIFTY50,42,GARCH,17,0.6401445060018467,0.5740016158818098,0.7274459833795014
NIFTY50,42,GJR-GARCH,17,0.4225604801477377,0.3522116805170822,0.6338536472760848
NIFTY50,42,TimeGAN,18,0.9056158818097877,0.9167197599261311,0.908421052631579
NIFTY50,42,QuantGAN,18,0.5985983379501385,0.5884746075715606,0.7046022622345337
NIFTY50,42,CNN-WGAN-GP,18,0.7475969529085873,0.7454702216066482,0.8052128347183748
NIFTY50,42,GARCH,18,0.7892206832871652,0.7963065558633426,0.8369683748845798
NIFTY50,42,GJR-GARCH,18,0.6466747460757156,0.6316147276084949,0.707519621421976
NIFTY50,42,TimeGAN,19,0.8680662511542012,0.8999852262234533,0.9155671745152356
NIFTY50,42,QuantGAN,19,0.33863342566943677,0.3438584949215143,0.6398301015697138
NIFTY50,42,CNN-WGAN-GP,19,0.6446662049861496,0.6080530932594645,0.7543289473684212
NIFTY50,42,GARCH,19,0.8567793167128347,0.855044783010157,0.8840311634349032
NIFTY50,42,GJR-GARCH,19,0.7600907202216066,0.7307222991689751,0.7894469067405355
NIFTY50,43,TimeGAN,0,0.6575715604801478,0.6737379963065558,0.7124113573407203
NIFTY50,43,QuantGAN,0,0.4450581717451523,0.39574653739612187,0.675936518928901
NIFTY50,43,CNN-WGAN-GP,0,0.6324531394275161,0.5880660203139427,0.7519235918744229
NIFTY50,43,GARCH,0,0.5869826869806094,0.5764969990766391,0.7433305632502308
NIFTY50,43,GJR-GARCH,0,0.5859566020313942,0.5374907663896583,0.7411862880886426
NIFTY50,43,TimeGAN,1,0.8004570637119113,0.7946253462603877,0.8389572945521699
NIFTY50,43,QuantGAN,1,0.482427516158818,0.46164727608494915,0.6713776546629732
NIFTY50,43,CNN-WGAN-GP,1,0.4405436288088643,0.42322945521698985,0.6627783933518007
NIFTY50,43,GARCH,1,0.762162511542013,0.7257827793167129,0.8212137580794089
NIFTY50,43,GJR-GARCH,1,0.7239194367497691,0.7099397506925207,0.7790249307479225
NIFTY50,43,TimeGAN,2,0.49004616805170825,0.44014635272391506,0.6754713758079409
NIFTY50,43,QuantGAN,2,0.7915461680517083,0.7917860110803325,0.8569418282548475
NIFTY50,43,CNN-WGAN-GP,2,0.630735918744229,0.6097158356417359,0.7542703139427516
NIFTY50,43,GARCH,2,0.686297322253001,0.627806325023084,0.7610330101569713
NIFTY50,43,GJR-GARCH,2,0.5467151431209603,0.522899353647276,0.7182830101569714
NIFTY50,43,TimeGAN,3,0.8313508771929824,0.8184030470914128,0.8757361495844875
NIFTY50,43,QuantGAN,3,0.40931578947368424,0.34691435826408124,0.7076936749769159
NIFTY50,43,CNN-WGAN-GP,3,0.6651006463527238,0.6151343490304708,0.7916807479224377
NIFTY50,43,GARCH,3,0.6534099722991689,0.5819942289935365,0.7610380886426593
NIFTY50,43,GJR-GARCH,3,0.5239111265004617,0.45371144967682364,0.6934118190212373
NIFTY50,43,TimeGAN,4,0.8143506463527238,0.7929847645429363,0.8448298707294551
NIFTY50,43,QuantGAN,4,0.5940320867959372,0.554935595567867,0.7055664819944598
NIFTY50,43,CNN-WGAN-GP,4,0.5631255771006464,0.561966297322253,0.6914783010156971
NIFTY50,43,GARCH,4,0.8246004155124653,0.8279891505078485,0.8272179132040629
NIFTY50,43,GJR-GARCH,4,0.6179127423822715,0.5266172668513388,0.7256038781163435
NIFTY50,43,TimeGAN,5,0.8036015697137582,0.791280701754386,0.8362137580794091
NIFTY50,43,QuantGAN,5,0.7213437211449676,0.7182610803324099,0.7794979224376732
NIFTY50,43,CNN-WGAN-GP,5,0.5622204524469068,0.5404868421052631,0.6673467220683287
NIFTY50,43,GARCH,5,0.8900521698984303,0.8934055863342568,0.8671191135734071
NIFTY50,43,GJR-GARCH,5,0.883317405355494,0.8906246537396122,0.8682571560480147
NIFTY50,43,TimeGAN,6,0.6562451523545707,0.6541897506925208,0.7636177285318559
NIFTY50,43,QuantGAN,6,0.510210757156048,0.5067543859649122,0.6584930747922437
NIFTY50,43,CNN-WGAN-GP,6,0.8577301477377656,0.849779778393352,0.8394076638965835
NIFTY50,43,GARCH,6,0.7128554939981533,0.70989081255771,0.79943513388735
NIFTY50,43,GJR-GARCH,6,0.6669508310249308,0.6317807017543859,0.709356186518929
NIFTY50,43,TimeGAN,7,0.6985706371191135,0.6726179593721145,0.7611366574330563
NIFTY50,43,QuantGAN,7,0.7591283471837489,0.7441567405355494,0.7924898430286241
NIFTY50,43,CNN-WGAN-GP,7,0.5334162049861496,0.47472668513388727,0.729656509695291
NIFTY50,43,GARCH,7,0.9883552631578947,0.990949676823638,0.9730842566943675
NIFTY50,43,GJR-GARCH,7,0.8352322253000922,0.8360948753462603,0.8767719298245614
NIFTY50,43,TimeGAN,8,0.7774713758079408,0.7674307479224376,0.8105969529085872
NIFTY50,43,QuantGAN,8,0.6331011080332409,0.5885902585410896,0.7050235457063712
NIFTY50,43,CNN-WGAN-GP,8,0.6171394275161588,0.5830897968605725,0.7169799168975071
NIFTY50,43,GARCH,8,0.7449503693444136,0.7376945983379501,0.8220219298245613
NIFTY50,43,GJR-GARCH,8,0.7435244690674054,0.73083702677747,0.8178709602954756
NIFTY50,43,TimeGAN,9,0.6145394736842105,0.5702486149584487,0.7519272853185595
NIFTY50,43,QuantGAN,9,0.7060108494921513,0.7043921975992614,0.7850824099722993
NIFTY50,43,CNN-WGAN-GP,9,0.6628014773776546,0.6774307479224377,0.7486262696214221
NIFTY50,43,GARCH,9,0.6561052631578947,0.6470821791320407,0.7000212373037857
NIFTY50,43,GJR-GARCH,9,0.6625143120960295,0.6660050784856879,0.7241191135734072
NIFTY50,43,TimeGAN,10,0.6784016620498615,0.6781456602031395,0.7769028162511542
NIFTY50,43,QuantGAN,10,0.42311611265004617,0.4174032779316713,0.6384575253924286
NIFTY50,43,CNN-WGAN-GP,10,0.5031493536472761,0.4512691597414589,0.6823820406278855
NIFTY50,43,GARCH,10,0.6017850877192983,0.6026172668513389,0.703174515235457
NIFTY50,43,GJR-GARCH,10,0.5649480609418283,0.5743527239150508,0.6399649122807017
NIFTY50,43,TimeGAN,11,0.7772903970452447,0.7611962142197599,0.7728282548476454
NIFTY50,43,QuantGAN,11,0.7742483841181902,0.7449799168975069,0.840126731301939
NIFTY50,43,CNN-WGAN-GP,11,0.4811920590951062,0.43896929824561404,0.676171514312096
NIFTY50,43,GARCH,11,0.44767520775623276,0.4219480609418283,0.6272239150507849
NIFTY50,43,GJR-GARCH,11,0.4782340720221606,0.48338388734995374,0.6468402585410896
NIFTY50,43,TimeGAN,12,0.5077202216066482,0.4910891043397969,0.7014448291782087
NIFTY50,43,QuantGAN,12,0.5966659741458911,0.47424976915974143,0.7744847645429364
NIFTY50,43,CNN-WGAN-GP,12,0.7918857340720222,0.7779589104339796,0.8289383656509696
NIFTY50,43,GARCH,12,0.5563984302862419,0.4597426131117267,0.6858589566020312
NIFTY50,43,GJR-GARCH,12,0.38285180055401663,0.35786241920590955,0.636721837488458
NIFTY50,43,TimeGAN,13,0.7523753462603879,0.7407963988919668,0.8043176361957526
NIFTY50,43,QuantGAN,13,0.6259247460757156,0.6109526777469991,0.7826613573407203
NIFTY50,43,CNN-WGAN-GP,13,0.6397271468144045,0.6435775623268698,0.7495983379501384
NIFTY50,43,GARCH,13,0.536034164358264,0.5576456602031394,0.6734321329639888
NIFTY50,43,GJR-GARCH,13,0.4952206832871653,0.4884702216066482,0.6392580794090489
NIFTY50,43,TimeGAN,14,0.7727569252077562,0.7911075715604803,0.8262523084025852
NIFTY50,43,QuantGAN,14,0.7911567405355493,0.8066149584487535,0.8212033702677747
NIFTY50,43,CNN-WGAN-GP,14,0.6704669898430287,0.6708460295475531,0.7412227608494921
NIFTY50,43,GARCH,14,0.8160697137580794,0.8058298707294552,0.8352885503231763
NIFTY50,43,GJR-GARCH,14,0.7949776084949216,0.7574794552169898,0.7921899815327793
NIFTY50,43,TimeGAN,15,0.8246502770083104,0.8251431209602955,0.8901895198522622
NIFTY50,43,QuantGAN,15,0.6824355955678671,0.6597045244690674,0.7145279316712835
NIFTY50,43,CNN-WGAN-GP,15,0.6316371191135733,0.5775330101569713,0.69533702677747
NIFTY50,43,GARCH,15,0.39812557710064633,0.37113111726685133,0.6635397045244691
NIFTY50,43,GJR-GARCH,15,0.46943744228993534,0.43715327793167125,0.6436913665743307
NIFTY50,43,TimeGAN,16,0.6748044783010156,0.6881493536472761,0.7407098337950138
NIFTY50,43,QuantGAN,16,0.7064164358264081,0.6170828716528163,0.8345634810710989
NIFTY50,43,CNN-WGAN-GP,16,0.6388000923361034,0.63192405355494,0.7167984764542936
NIFTY50,43,GARCH,16,0.5628455678670361,0.5119753000923362,0.6620542474607571
NIFTY50,43,GJR-GARCH,16,0.568862188365651,0.5172465373961219,0.6684616805170822
NIFTY50,43,TimeGAN,17,0.7420951061865189,0.6999099722991691,0.8141020313942752
NIFTY50,43,QuantGAN,17,0.8431405817174514,0.8650801015697137,0.8739067405355494
NIFTY50,43,CNN-WGAN-GP,17,0.8435489381348107,0.8479002770083103,0.8588573407202217
NIFTY50,43,GARCH,17,0.6482451523545707,0.6271992151431209,0.7204173591874422
NIFTY50,43,GJR-GARCH,17,0.6448545706371192,0.5998305632502309,0.6964946906740535
NIFTY50,43,TimeGAN,18,0.752735918744229,0.7412488457987072,0.805387811634349
NIFTY50,43,QuantGAN,18,0.6566558171745153,0.48735734072022163,0.7347019852262235
NIFTY50,43,CNN-WGAN-GP,18,0.7294506001846722,0.7627403047091412,0.8278444136657435
NIFTY50,43,GARCH,18,0.8371440443213297,0.8225408587257619,0.8797343028624193
NIFTY50,43,GJR-GARCH,18,0.6628127885503232,0.6042901662049862,0.7580752539242844
NIFTY50,43,TimeGAN,19,0.7972920129270544,0.7927820867959372,0.8278388734995383
NIFTY50,43,QuantGAN,19,0.9196101108033241,0.9245496306555865,0.934949215143121
NIFTY50,43,CNN-WGAN-GP,19,0.4548414127423822,0.40591943674976927,0.6736244228993536
NIFTY50,43,GARCH,19,0.7850180055401661,0.8081786703601107,0.7977534626038781
NIFTY50,43,GJR-GARCH,19,0.7513545706371192,0.7374584487534626,0.7659531394275161
NIFTY50,44,TimeGAN,0,0.9259540627885503,0.9036216528162513,0.9769265927977839
NIFTY50,44,QuantGAN,0,0.5766198060941828,0.5644508310249308,0.6988993536472761
NIFTY50,44,CNN-WGAN-GP,0,0.45235872576177283,0.41910133887349954,0.6184143582640813
NIFTY50,44,GARCH,0,0.9148169436749768,0.9153067867036011,0.9229635272391505
NIFTY50,44,GJR-GARCH,0,0.7265683287165282,0.7346881348107109,0.8072234533702678
NIFTY50,44,TimeGAN,1,0.9300660203139428,0.9162557710064636,0.9649286703601108
NIFTY50,44,QuantGAN,1,0.7104503693444137,0.7119171283471839,0.7717435364727608
NIFTY50,44,CNN-WGAN-GP,1,0.8419374422899354,0.8538167128347183,0.8836562788550324
NIFTY50,44,GARCH,1,0.414753000923361,0.396994459833795,0.6379542936288088
NIFTY50,44,GJR-GARCH,1,0.38686218836565095,0.37509626038781163,0.605648891966759
NIFTY50,44,TimeGAN,2,0.920637811634349,0.8898792705447832,0.9487079870729456
NIFTY50,44,QuantGAN,2,0.44921029547553093,0.4157368421052632,0.6202774699907664
NIFTY50,44,CNN-WGAN-GP,2,0.680204755309326,0.6274205909510618,0.7444993074792243
NIFTY50,44,GARCH,2,0.8162562326869807,0.8330604801477378,0.8529252077562328
NIFTY50,44,GJR-GARCH,2,0.6447622345337027,0.6396913665743307,0.7788820406278856
NIFTY50,44,TimeGAN,3,0.9424272853185596,0.9220069252077563,0.9831174976915973
NIFTY50,44,QuantGAN,3,0.430753000923361,0.4400265466297322,0.6169224376731302
NIFTY50,44,CNN-WGAN-GP,3,0.6919480609418283,0.646357109879963,0.7917557710064635
NIFTY50,44,GARCH,3,0.6698734995383194,0.640020083102493,0.739343490304709
NIFTY50,44,GJR-GARCH,3,0.6566613573407203,0.6488841181902123,0.7379736842105263
NIFTY50,44,TimeGAN,4,0.9384681440443213,0.9225505540166206,0.9805611726685133
NIFTY50,44,QuantGAN,4,0.5342640812557711,0.503680055401662,0.6790364727608496
NIFTY50,44,CNN-WGAN-GP,4,0.6937938596491229,0.7086971375807941,0.7484679132040627
NIFTY50,44,GARCH,4,0.7541366574330564,0.7492114496768235,0.8131491228070175
NIFTY50,44,GJR-GARCH,4,0.6309630655586334,0.5894390581717451,0.739722299168975
NIFTY50,44,TimeGAN,5,0.9401560480147738,0.9233118651892891,0.9705166204986149
NIFTY50,44,QuantGAN,5,0.5086602031394275,0.44901592797783935,0.6881530470914128
NIFTY50,44,CNN-WGAN-GP,5,0.4913047091412742,0.46113873499538316,0.6910817174515236
NIFTY50,44,GARCH,5,0.7578875807940906,0.7676239612188366,0.8064316712834719
NIFTY50,44,GJR-GARCH,5,0.7451530470914127,0.7557086795937212,0.8002825484764543
NIFTY50,44,TimeGAN,6,0.9147945521698985,0.9180106186518928,0.9733164819944597
NIFTY50,44,QuantGAN,6,0.6263831948291783,0.6263114035087719,0.754909972299169
NIFTY50,44,CNN-WGAN-GP,6,0.7439309787626962,0.7407682363804247,0.7583180978762696
NIFTY50,44,GARCH,6,0.7276258079409048,0.7530835641735918,0.7523741920590951
NIFTY50,44,GJR-GARCH,6,0.6504157433056325,0.6461080332409972,0.7082375346260388
NIFTY50,44,TimeGAN,7,0.9363240997229918,0.922983841181902,0.9797830101569713
NIFTY50,44,QuantGAN,7,0.5302128347183748,0.5647079870729456,0.6975877192982457
NIFTY50,44,CNN-WGAN-GP,7,0.45706740535549406,0.4491798245614035,0.670328024007387
NIFTY50,44,GARCH,7,0.7867391505078486,0.7496775161588182,0.8552340720221607
NIFTY50,44,GJR-GARCH,7,0.6852991689750693,0.6650810249307479,0.7347631578947369
NIFTY50,44,TimeGAN,8,0.8561865189289012,0.8571357340720223,0.9161539704524471
NIFTY50,44,QuantGAN,8,0.6904452908587257,0.6833017082179133,0.725632271468144
NIFTY50,44,CNN-WGAN-GP,8,0.5281011080332411,0.5130117728531856,0.6904651431209603
NIFTY50,44,GARCH,8,0.6659122807017543,0.6167356879039704,0.7612026777469991
NIFTY50,44,GJR-GARCH,8,0.6479120498614959,0.5957566943674977,0.7359866112650046
NIFTY50,44,TimeGAN,9,0.9418529547553094,0.9284265927977838,0.9656572022160665
NIFTY50,44,QuantGAN,9,0.7536308864265928,0.7151962142197599,0.828521698984303
NIFTY50,44,CNN-WGAN-GP,9,0.6489619113573408,0.6203552631578948,0.7981964450600184
NIFTY50,44,GARCH,9,0.6961495844875346,0.6786770544783011,0.7388120960295476
NIFTY50,44,GJR-GARCH,9,0.6487848568790396,0.5864023545706372,0.6910450138504155
NIFTY50,44,TimeGAN,10,0.9350671745152355,0.9322479224376732,0.9676800554016621
NIFTY50,44,QuantGAN,10,0.6409459833795013,0.6116228070175438,0.7730272391505079
NIFTY50,44,CNN-WGAN-GP,10,0.5543146352723916,0.4906410433979687,0.711413434903047
NIFTY50,44,GARCH,10,0.7528414127423823,0.7538845798707294,0.7557109879963065
NIFTY50,44,GJR-GARCH,10,0.7595173130193906,0.7666652816251155,0.7599106648199445
NIFTY50,44,TimeGAN,11,0.9548942751615881,0.9286267313019391,0.954822945521699
NIFTY50,44,QuantGAN,11,0.7720235457063712,0.7405586334256695,0.8183402585410896
NIFTY50,44,CNN-WGAN-GP,11,0.7230459372114497,0.6809607571560481,0.8288834256694366
NIFTY50,44,GARCH,11,0.8784194367497692,0.8747126038781164,0.895081486611265
NIFTY50,44,GJR-GARCH,11,0.64841297322253,0.5899120498614958,0.7750459372114497
NIFTY50,44,TimeGAN,12,0.9310579409048938,0.9233716528162512,0.9615775623268699
NIFTY50,44,QuantGAN,12,0.3655323176361957,0.34153393351800554,0.5893873499538319
NIFTY50,44,CNN-WGAN-GP,12,0.6437954755309325,0.6201283471837489,0.7378481071098799
NIFTY50,44,GARCH,12,0.7892294552169898,0.794139889196676,0.813808864265928
NIFTY50,44,GJR-GARCH,12,0.668429593721145,0.6931888273314867,0.7872816251154201
NIFTY50,44,TimeGAN,13,0.9487610803324099,0.9347220683287165,0.9852453831948292
NIFTY50,44,QuantGAN,13,0.6386253462603879,0.6432917820867959,0.7036331948291782
NIFTY50,44,CNN-WGAN-GP,13,0.6232765466297322,0.6164524469067405,0.7079480609418283
NIFTY50,44,GARCH,13,0.46273891966759007,0.4869849953831949,0.5912783933518005
NIFTY50,44,GJR-GARCH,13,0.4828451061865189,0.4988469529085872,0.5949383656509695
NIFTY50,44,TimeGAN,14,0.9340801015697139,0.9076165743305633,0.9705586334256694
NIFTY50,44,QuantGAN,14,0.6786959833795014,0.6609268236380423,0.7199242843951985
NIFTY50,44,CNN-WGAN-GP,14,0.7859704524469067,0.7515932594644507,0.7838437211449677
NIFTY50,44,GARCH,14,0.697095106186519,0.6522938596491228,0.7516645891043398
NIFTY50,44,GJR-GARCH,14,0.6131782086795937,0.622781163434903,0.7175625577100646
NIFTY50,44,TimeGAN,15,0.8649254385964913,0.8570092336103418,0.9454134349030472
NIFTY50,44,QuantGAN,15,0.5374903047091413,0.45209418282548486,0.6671251154201293
NIFTY50,44,CNN-WGAN-GP,15,0.664868190212373,0.6829764542936289,0.7047347645429364
NIFTY50,44,GARCH,15,0.5960914127423823,0.5452008310249308,0.7212068328716528
NIFTY50,44,GJR-GARCH,15,0.6283155586334257,0.5685540166204985,0.7156431209602955
NIFTY50,44,TimeGAN,16,0.9484826869806096,0.9154877654662974,0.9793432594644506
NIFTY50,44,QuantGAN,16,0.6610584025854109,0.6459415974145891,0.7700163896583565
NIFTY50,44,CNN-WGAN-GP,16,0.6147158356417359,0.6027045244690674,0.7274896121883657
NIFTY50,44,GARCH,16,0.5015355493998153,0.44695590951061864,0.694800784856879
NIFTY50,44,GJR-GARCH,16,0.4320556325023084,0.4009353647276085,0.6761338873499538
NIFTY50,44,TimeGAN,17,0.913766620498615,0.908635272391505,0.9531495844875346
NIFTY50,44,QuantGAN,17,0.6297721606648199,0.5712068328716529,0.7520911819021239
NIFTY50,44,CNN-WGAN-GP,17,0.8080323176361958,0.796064404432133,0.8398432594644506
NIFTY50,44,GARCH,17,0.6975133887349954,0.6905150046168052,0.8011952908587258
NIFTY50,44,GJR-GARCH,17,0.6786645891043397,0.6812310710987997,0.7803566481994458
NIFTY50,44,TimeGAN,18,0.9612984764542937,0.9338926592797783,0.9784342105263157
NIFTY50,44,QuantGAN,18,0.58552216066482,0.3976719759926131,0.7393044783010158
NIFTY50,44,CNN-WGAN-GP,18,0.799006001846722,0.8107996306555864,0.8050369344413666
NIFTY50,44,GARCH,18,0.583168513388735,0.5206057248384118,0.7005073868882734
NIFTY50,44,GJR-GARCH,18,0.6226819021237304,0.6165378578024007,0.6928058633425669
NIFTY50,44,TimeGAN,19,0.9372693905817174,0.9263391043397968,0.9711645891043398
NIFTY50,44,QuantGAN,19,0.6090369344413666,0.6238307940904895,0.7545454755309325
NIFTY50,44,CNN-WGAN-GP,19,0.7210066943674976,0.716142890120037,0.7947652354570637
NIFTY50,44,GARCH,19,0.521343028624192,0.4669282086795937,0.6677225300092335
NIFTY50,44,GJR-GARCH,19,0.517718836565097,0.4690355493998153,0.6789088180978763
SHANGHAI,42,TimeGAN,0,0.8251365918578706,0.8110496109499807,0.8897732612059445
SHANGHAI,42,QuantGAN,0,0.9079490188264293,0.8900768260012842,0.9456045834840088
SHANGHAI,42,CNN-WGAN-GP,0,0.8222751123607944,0.8072619390262801,0.8391332905292211
SHANGHAI,42,GARCH,0,0.5038021859617272,0.4436966024850986,0.6656110779010241
SHANGHAI,42,GJR-GARCH,0,0.4937606856529964,0.4195147391286165,0.6586347456230335
SHANGHAI,42,TimeGAN,1,0.8744115049581431,0.8742024044102996,0.9338100825824164
SHANGHAI,42,QuantGAN,1,0.5518544758587266,0.5335089777935218,0.7041935729871611
SHANGHAI,42,CNN-WGAN-GP,1,0.6267365800498397,0.624251235538237,0.707549513779726
SHANGHAI,42,GARCH,1,0.42500276750725086,0.3077507423069449,0.6281941338686308
SHANGHAI,42,GJR-GARCH,1,0.40326246054764664,0.2955237722722834,0.6215171843750231
SHANGHAI,42,TimeGAN,2,0.8534394580113801,0.8481637281889679,0.903555939316561
SHANGHAI,42,QuantGAN,2,0.40717288679296343,0.38318880795467686,0.6154746705436368
SHANGHAI,42,CNN-WGAN-GP,2,0.788969085099003,0.7910807546315771,0.8531900133578348
SHANGHAI,42,GARCH,2,0.6483012425492554,0.6375064882669992,0.7712201385967632
SHANGHAI,42,GJR-GARCH,2,0.6342159836458772,0.6225272630214291,0.7634620162704827
SHANGHAI,42,TimeGAN,3,0.6909292182345518,0.6580901001960624,0.8064407888748668
SHANGHAI,42,QuantGAN,3,0.6289065517351655,0.5633340959353313,0.7429455625173739
SHANGHAI,42,CNN-WGAN-GP,3,0.8472094916888683,0.8400338988888152,0.8498355485691373
SHANGHAI,42,GARCH,3,0.6117416107630202,0.6010174586657417,0.7167669119293093
SHANGHAI,42,GJR-GARCH,3,0.6123344723163175,0.5999628539026772,0.717642920224451
SHANGHAI,42,TimeGAN,4,0.8931144419598379,0.8972794788722347,0.9060656378919714
SHANGHAI,42,QuantGAN,4,0.7400818690144968,0.730238891225895,0.8072707950494831
SHANGHAI,42,CNN-WGAN-GP,4,0.44081298293001525,0.41577749733704306,0.6539767234190152
SHANGHAI,42,GARCH,4,0.8854559498945888,0.879077891184075,0.946816136658278
SHANGHAI,42,GJR-GARCH,4,0.8844168431721291,0.8780387844616152,0.9464023635741926
SHANGHAI,42,TimeGAN,5,0.8566298403701816,0.8448466554982375,0.9130523021970317
SHANGHAI,42,QuantGAN,5,0.2510515297550079,0.2534869361357727,0.5868714376031665
SHANGHAI,42,CNN-WGAN-GP,5,0.7200180564473079,0.7144636078946527,0.7510237316821771
SHANGHAI,42,GARCH,5,0.6158758975948518,0.6030693500416971,0.7346578008034381
SHANGHAI,42,GJR-GARCH,5,0.6053709320718421,0.5918020285213148,0.7261447024991207
SHANGHAI,42,TimeGAN,6,0.8805260969783741,0.8807342135236393,0.929836188170813
SHANGHAI,42,QuantGAN,6,0.5100658543725384,0.42921995655628625,0.6582982167413279
SHANGHAI,42,CNN-WGAN-GP,6,0.825493784793716,0.8118112289454198,0.824794404961341
SHANGHAI,42,GARCH,6,0.5084353621006488,0.5098102597028804,0.647773817167401
SHANGHAI,42,GJR-GARCH,6,0.5066051173054074,0.509421086683247,0.647501248453271
SHANGHAI,42,TimeGAN,7,0.5952150414634085,0.5783194711970144,0.7660430550328042
SHANGHAI,42,QuantGAN,7,0.5290381620799847,0.5212278876170655,0.7423079288467737
SHANGHAI,42,CNN-WGAN-GP,7,0.5845479615156591,0.48323973008809284,0.7303286814611455
SHANGHAI,42,GARCH,7,0.9972251127297953,0.9963232743669789,0.9961926480247378
SHANGHAI,42,GJR-GARCH,7,0.9939183720661349,0.9930396577639033,0.9894871624563656
SHANGHAI,42,TimeGAN,8,0.8613687967862476,0.856269203425313,0.9016819064065947
SHANGHAI,42,QuantGAN,8,0.9392653928753294,0.940201671328379,0.9378725372260476
SHANGHAI,42,CNN-WGAN-GP,8,0.8476089967355716,0.8364769755696762,0.8497039382243182
SHANGHAI,42,GARCH,8,0.6214335441558856,0.5030346639508195,0.6894256622952352
SHANGHAI,42,GJR-GARCH,8,0.6229986002563326,0.502286575990829,0.6897703091982101
SHANGHAI,42,TimeGAN,9,0.8479381455979415,0.8438683109349746,0.9080781691648031
SHANGHAI,42,QuantGAN,9,0.7420262581087963,0.7357094535587683,0.7411113817118201
SHANGHAI,42,CNN-WGAN-GP,9,0.5226295992895502,0.5304585698014528,0.7185322125543968
SHANGHAI,42,GARCH,9,0.7698346629668169,0.7708272755674621,0.8256443371881634
SHANGHAI,42,GJR-GARCH,9,0.7569646472473758,0.7606726149622511,0.8156500690031809
SHANGHAI,42,TimeGAN,10,0.8335018437748307,0.8317478591793911,0.9164389930701619
SHANGHAI,42,QuantGAN,10,0.5738284834306266,0.5303139214224741,0.7244091679520199
SHANGHAI,42,CNN-WGAN-GP,10,0.5641601660996352,0.47771603161600285,0.6774255048548228
SHANGHAI,42,GARCH,10,0.663977141620111,0.5697871848424244,0.7439098850438988
SHANGHAI,42,GJR-GARCH,10,0.6667008607562551,0.5740562800274536,0.7445991788498485
SHANGHAI,42,TimeGAN,11,0.8415116247604569,0.8397332861012096,0.8921257653695053
SHANGHAI,42,QuantGAN,11,0.6963286863811582,0.6762636438107469,0.7690110528089583
SHANGHAI,42,CNN-WGAN-GP,11,0.7289904379549474,0.6911186387308336,0.739682609968438
SHANGHAI,42,GARCH,11,0.9053382139861206,0.9028203973894412,0.9471430715148473
SHANGHAI,42,GJR-GARCH,11,0.90214463361894,0.8993948384144768,0.9441288256175231
SHANGHAI,42,TimeGAN,12,0.8335815479836557,0.8310086272426034,0.9075219617075396
SHANGHAI,42,QuantGAN,12,0.6902143403615717,0.6855474621343508,0.7299181063854387
SHANGHAI,42,CNN-WGAN-GP,12,0.4179499290288141,0.33071564047497803,0.6486153853723098
SHANGHAI,42,GARCH,12,0.9253124823187037,0.9253397883902457,0.9043111612952425
SHANGHAI,42,GJR-GARCH,12,0.8637424570052372,0.8602482638504514,0.8600881174308677
SHANGHAI,42,TimeGAN,13,0.6186222487902919,0.6156070188903895,0.7501135292974468
SHANGHAI,42,QuantGAN,13,0.7855991222697003,0.7670863437662208,0.8064528429064485
SHANGHAI,42,CNN-WGAN-GP,13,0.5964664467420904,0.5965495949599388,0.6986037003416949
SHANGHAI,42,GARCH,13,0.6251429878746283,0.5273424796372966,0.7479720936868854
SHANGHAI,42,GJR-GARCH,13,0.6369960369296167,0.5443305461460309,0.7528074823556038
SHANGHAI,42,TimeGAN,14,0.8276718745003112,0.8198529900148339,0.8957690349148715
SHANGHAI,42,QuantGAN,14,0.707705970189642,0.6941683087209689,0.7794090080516012
SHANGHAI,42,CNN-WGAN-GP,14,0.7887909806323693,0.7882802832943423,0.8649244901021641
SHANGHAI,42,GARCH,14,0.9053760980853769,0.900294708772137,0.9155327266957439
SHANGHAI,42,GJR-GARCH,14,0.9007165998774915,0.895799046993503,0.9108806085071943
SHANGHAI,42,TimeGAN,15,0.8097052174276698,0.8026752570091734,0.8935004169710924
SHANGHAI,42,QuantGAN,15,0.8305675480869759,0.825456392695749,0.8698265449455478
SHANGHAI,42,CNN-WGAN-GP,15,0.7779120941296866,0.7868785716218577,0.8382400621889629
SHANGHAI,42,GARCH,15,0.5381884020536134,0.5152070218423972,0.6420324081249092
SHANGHAI,42,GJR-GARCH,15,0.5180421792705097,0.5014366437640067,0.6297114658440405
SHANGHAI,42,TimeGAN,16,0.868644511848621,0.8641862421679545,0.930176161061542
SHANGHAI,42,QuantGAN,16,0.7961830539996015,0.7870960361916148,0.8259828340750254
SHANGHAI,42,CNN-WGAN-GP,16,0.734441812237548,0.7264925474104743,0.8243038796761649
SHANGHAI,42,GARCH,16,0.596989198111699,0.5441202155949648,0.76371539693434
SHANGHAI,42,GJR-GARCH,16,0.6065133590650007,0.5461320088658632,0.7664713421549165
SHANGHAI,42,TimeGAN,17,0.8694634479942337,0.8677500535051402,0.9344558342742857
SHANGHAI,42,QuantGAN,17,0.887039948044664,0.8824008678902737,0.8902519784601836
SHANGHAI,42,CNN-WGAN-GP,17,0.8838183236040077,0.8837701074776815,0.885889895031525
SHANGHAI,42,GARCH,17,0.5899941697847249,0.5546251811179745,0.718109829447753
SHANGHAI,42,GJR-GARCH,17,0.577621813369151,0.5444255023948162,0.712169159883199
SHANGHAI,42,TimeGAN,18,0.8590217046368661,0.851930982059173,0.9011712090685678
SHANGHAI,42,QuantGAN,18,0.5006317296551317,0.5068737500092251,0.644655020996155
SHANGHAI,42,CNN-WGAN-GP,18,0.8410028954275861,0.8419672179541111,0.8381738880155865
SHANGHAI,42,GARCH,18,0.7849312305198239,0.7512507902770704,0.8369699608612974
SHANGHAI,42,GJR-GARCH,18,0.7846023276580983,0.7512426722558014,0.8361448746995718
SHANGHAI,42,TimeGAN,19,0.8060771999222638,0.7963498424365872,0.8815346996209131
SHANGHAI,42,QuantGAN,19,0.47088975973117053,0.4146048122646081,0.661219474395023
SHANGHAI,42,CNN-WGAN-GP,19,0.7643978027222431,0.7410582455726035,0.8368521265525715
SHANGHAI,42,GARCH,19,0.9020924814823015,0.900034440090233,0.9020577953914239
SHANGHAI,42,GJR-GARCH,19,0.8920030110478889,0.8902925685665297,0.8953594438417429
SHANGHAI,43,TimeGAN,0,0.9193083445878628,0.9074211014432858,0.9753689394666214
SHANGHAI,43,QuantGAN,0,0.49473091219499,0.440679896581329,0.6713561769531836
SHANGHAI,43,CNN-WGAN-GP,0,0.7456141775091452,0.710027970273282,0.8091482719684725
SHANGHAI,43,GARCH,0,0.4684641933761867,0.48771521981387594,0.6532251914500017
SHANGHAI,43,GJR-GARCH,0,0.46593087873890227,0.4851848571843259,0.6514074926876308
SHANGHAI,43,TimeGAN,1,0.8403017935906991,0.8266962359441383,0.9695832503081159
SHANGHAI,43,QuantGAN,1,0.617211927095249,0.5666769986937366,0.694770026297469
SHANGHAI,43,CNN-WGAN-GP,1,0.47900138498362865,0.4135548815137896,0.6759057128729677
SHANGHAI,43,GARCH,1,0.5816727059824898,0.5641495880719207,0.7095199789423446
SHANGHAI,43,GJR-GARCH,1,0.5783453012646893,0.5600150552394447,0.7071933048464587
SHANGHAI,43,TimeGAN,2,0.9244883801595561,0.9208741386902434,0.9651264566313162
SHANGHAI,43,QuantGAN,2,0.7538441290716182,0.7749379463374194,0.7820281769138234
SHANGHAI,43,CNN-WGAN-GP,2,0.6992937321495782,0.6939806102291988,0.800114144299058
SHANGHAI,43,GARCH,2,0.8929164114409979,0.8885816340838814,0.9657099701601218
SHANGHAI,43,GJR-GARCH,2,0.8802717323119387,0.8751987070206123,0.9596086621746949
SHANGHAI,43,TimeGAN,3,0.8584566411563997,0.8480291658364145,0.9318142793534119
SHANGHAI,43,QuantGAN,3,0.6506677687495541,0.6253956305365521,0.6974674233646492
SHANGHAI,43,CNN-WGAN-GP,3,0.7223931926701648,0.7121546458451722,0.7853351635781285
SHANGHAI,43,GARCH,3,0.6962354521368846,0.6295385273909417,0.8018725569060992
SHANGHAI,43,GJR-GARCH,3,0.693772739684578,0.6279464112195974,0.8004243511117999
SHANGHAI,43,TimeGAN,4,0.7661923774240288,0.7653830353035525,0.9939476461428329
SHANGHAI,43,QuantGAN,4,0.39934170227526,0.3529258086656187,0.6191243361057606
SHANGHAI,43,CNN-WGAN-GP,4,0.5160857361446287,0.4204465895700647,0.6721593690575468
SHANGHAI,43,GARCH,4,0.8106065637891972,0.8068867880433845,0.8514097066934317
SHANGHAI,43,GJR-GARCH,4,0.8040991087396648,0.7998706036609817,0.845653291611624
SHANGHAI,43,TimeGAN,5,0.902063945407537,0.8953813378991052,0.953435276000423
SHANGHAI,43,QuantGAN,5,0.705869329377643,0.6936015232359909,0.785900227058595
SHANGHAI,43,CNN-WGAN-GP,5,0.5812001387443635,0.5820345729305811,0.7000701101836888
SHANGHAI,43,GARCH,5,0.8296457836719533,0.8290524301173668,0.8681190544719227
SHANGHAI,43,GJR-GARCH,5,0.8357033035426552,0.835126432031252,0.8732518579198677
SHANGHAI,43,TimeGAN,6,0.9067711677404595,0.874904736250409,0.9637021128995358
SHANGHAI,43,QuantGAN,6,0.4996238650145264,0.47396845779735947,0.6193039165762614
SHANGHAI,43,CNN-WGAN-GP,6,0.8128943697832488,0.8128468916588562,0.8690469689030585
SHANGHAI,43,GARCH,6,0.8529061286140569,0.8513848606283348,0.8967783755593439
SHANGHAI,43,GJR-GARCH,6,0.847565454621491,0.8468075266357197,0.8915769379315772
SHANGHAI,43,TimeGAN,7,0.9998627316403569,0.9998627316403569,0.9998856097002975
SHANGHAI,43,QuantGAN,7,0.7291653444132024,0.7227026614809731,0.8572940421103903
SHANGHAI,43,CNN-WGAN-GP,7,0.830464227816277,0.8125192188003533,0.817796178625988
SHANGHAI,43,GARCH,7,0.9275451841683825,0.9299702585220773,0.9733950302949793
SHANGHAI,43,GJR-GARCH,7,0.9267215740105239,0.9287577213452298,0.9726132402466895
SHANGHAI,43,TimeGAN,8,0.9199545882810213,0.7834990147674187,0.972132554987294
SHANGHAI,43,QuantGAN,8,0.29993161182082295,0.28471401195071133,0.5577486513014664
SHANGHAI,43,CNN-WGAN-GP,8,0.6322834025825148,0.5892106577319233,0.7245196222414101
SHANGHAI,43,GARCH,8,0.6427435959882215,0.6584677111854034,0.7450205779539141
SHANGHAI,43,GJR-GARCH,8,0.6321810663143937,0.6493201772188643,0.7386855693561917
SHANGHAI,43,TimeGAN,9,0.9534830001254603,0.9488818040703265,0.996429054644123
SHANGHAI,43,QuantGAN,9,0.5538028009633386,0.5611751942790091,0.6806808313837782
SHANGHAI,43,CNN-WGAN-GP,9,0.7454710051340334,0.7350400858050248,0.7866419190018277
SHANGHAI,43,GARCH,9,0.4732791639914097,0.46380961518119185,0.6270844249611934
SHANGHAI,43,GJR-GARCH,9,0.4733468141686532,0.4641030939501062,0.6273141895631766
SHANGHAI,43,TimeGAN,10,0.9603752001830245,0.960398078242965,0.9990086174025776
SHANGHAI,43,QuantGAN,10,0.473634880923388,0.4661409632893238,0.635899858057628
SHANGHAI,43,CNN-WGAN-GP,10,0.581943060690819,0.5475519245860424,0.7085809944822056
SHANGHAI,43,GARCH,10,0.7349884256696753,0.7287663313677882,0.793473356900195
SHANGHAI,43,GJR-GARCH,10,0.7288192215063604,0.7234514874428972,0.7885727780606785
SHANGHAI,43,TimeGAN,11,0.936641550000861,0.7906288514475908,0.978063630526712
SHANGHAI,43,QuantGAN,11,0.7638268352263082,0.7659089846815399,0.8442026258108797
SHANGHAI,43,CNN-WGAN-GP,11,0.3864650445384167,0.34842202886571566,0.670358152338359
SHANGHAI,43,GARCH,11,0.4790702651640947,0.35890091832040605,0.6370469590630328
SHANGHAI,43,GJR-GARCH,11,0.47979301505769945,0.36364405674742867,0.6363549592499933
SHANGHAI,43,TimeGAN,12,0.9062835944630174,0.9004543631904316,0.9587958760451952
SHANGHAI,43,QuantGAN,12,0.6782690410648875,0.6409969914121175,0.7506185686206497
SHANGHAI,43,CNN-WGAN-GP,12,0.8379050093111244,0.8378811472486059,0.9202515110589589
SHANGHAI,43,GARCH,12,0.5798586972297868,0.5563567796547626,0.6963222903644006
SHANGHAI,43,GJR-GARCH,12,0.5642125642369182,0.4721384590027625,0.6823064036427776
SHANGHAI,43,TimeGAN,13,0.8843617390277562,0.8673296384036526,0.9464951058171771
SHANGHAI,43,QuantGAN,13,0.4070272544114066,0.41226116412425,0.6848593983316237
SHANGHAI,43,CNN-WGAN-GP,13,0.5873208807807077,0.5743581228182817,0.7075792798577132
SHANGHAI,43,GARCH,13,0.362020206492941,0.3809947282061879,0.6526699679953161
SHANGHAI,43,GJR-GARCH,13,0.363132129406179,0.38055487905378305,0.6527858342988859
SHANGHAI,43,TimeGAN,14,0.8968440577314313,0.8878116520665283,0.964634947343562
SHANGHAI,43,QuantGAN,14,0.42506894168062725,0.3839209058727734,0.6613781448107394
SHANGHAI,43,CNN-WGAN-GP,14,0.7222086921867736,0.7223931926701648,0.7992514200387205
SHANGHAI,43,GARCH,14,0.7876576556630578,0.7764171482129283,0.8469721010669048
SHANGHAI,43,GJR-GARCH,14,0.7889476830429295,0.7769509696115403,0.8470198251919421
SHANGHAI,43,TimeGAN,15,0.9996797071608328,0.9996797071608328,0.9997483413406544
SHANGHAI,43,QuantGAN,15,0.6939956162685147,0.6930280957336109,0.8071357406956408
SHANGHAI,43,CNN-WGAN-GP,15,0.7569265171474749,0.7610455519393462,0.8302696413064602
SHANGHAI,43,GARCH,15,0.4676312351938362,0.4177944566214763,0.696024383583885
SHANGHAI,43,GJR-GARCH,15,0.4575705468348327,0.41394331653148936,0.6931503580539381
SHANGHAI,43,TimeGAN,16,1.0,1.0,1.0
SHANGHAI,43,QuantGAN,16,0.5268817204301075,0.4944571134776373,0.6453962209380989
SHANGHAI,43,CNN-WGAN-GP,16,0.6121794919102689,0.6289424678292658,0.7072902291004003
SHANGHAI,43,GARCH,16,0.8616718695802984,0.8629899410336455,0.8709876679876901
SHANGHAI,43,GJR-GARCH,16,0.8532315874667592,0.8550583882529772,0.861390198842321
SHANGHAI,43,TimeGAN,17,0.9379839755180159,0.752436513383665,0.9790237710422801
SHANGHAI,43,QuantGAN,17,0.8455858874350252,0.8507194288849037,0.9072471789876089
SHANGHAI,43,CNN-WGAN-GP,17,0.8197976398698165,0.8173154933665927,0.8735244266339978
SHANGHAI,43,GARCH,17,0.4692206453580908,0.44350742798946136,0.6936398993365362
SHANGHAI,43,GJR-GARCH,17,0.46672029480717236,0.44002701087076856,0.6932273562556734
SHANGHAI,43,TimeGAN,18,0.9999075037576599,0.9999075037576599,0.9997690053947942
SHANGHAI,43,QuantGAN,18,0.7801172439071791,0.766431982051793,0.8080577511113078
SHANGHAI,43,CNN-WGAN-GP,18,0.7427349859656632,0.7261407664888082,0.8275882342811739
SHANGHAI,43,GARCH,18,0.9952871196522535,0.9953328757721345,0.9893604721244369
SHANGHAI,43,GJR-GARCH,18,0.9944846655498237,0.9946694120338595,0.9852372553216091
SHANGHAI,43,TimeGAN,19,0.9139147804567248,0.7791243853058896,0.9579919459388984
SHANGHAI,43,QuantGAN,19,0.9493841373864399,0.9471187174510398,0.9427765600745873
SHANGHAI,43,CNN-WGAN-GP,19,0.6226438673269323,0.6168382521162206,0.756672398481684
SHANGHAI,43,GARCH,19,0.8774353448806036,0.8757959965855111,0.9012344312342098
SHANGHAI,43,GJR-GARCH,19,0.8749559043844695,0.8726545683549691,0.8972300327426858
SHANGHAI,44,TimeGAN,0,0.9835297648479839,0.9817019800591875,0.9846948239004385
SHANGHAI,44,QuantGAN,0,0.8355099470360612,0.8146242463155253,0.8130628802247462
SHANGHAI,44,CNN-WGAN-GP,0,0.5248677131534085,0.561173718275142,0.6841496864721786
SHANGHAI,44,GARCH,0,0.9467583265068154,0.9465967040833647,0.9671485819292848
SHANGHAI,44,GJR-GARCH,0,0.9462321311281837,0.9456104874994772,0.9660875811494627
SHANGHAI,44,TimeGAN,1,0.9856288883476875,0.9823686418058415,0.9895380845897817
SHANGHAI,44,QuantGAN,1,0.8046221061099181,0.8022388518657918,0.8504412021559498
SHANGHAI,44,CNN-WGAN-GP,1,0.7592094031286363,0.7498313665581803,0.8437167745379494
SHANGHAI,44,GARCH,1,0.3144631158933636,0.26450948701485594,0.5027768552753609
SHANGHAI,44,GJR-GARCH,1,0.31587688159742977,0.2631559914686976,0.4992551100483883
SHANGHAI,44,TimeGAN,2,0.8809351960502138,0.8761556495278018,0.9092926743468068
SHANGHAI,44,QuantGAN,2,0.6615820793450478,0.6605097625355778,0.7564650199383522
SHANGHAI,44,CNN-WGAN-GP,2,0.7892591198588941,0.7955446823270677,0.8043847154879546
SHANGHAI,44,GARCH,2,0.9813327330917607,0.971389387040194,0.9760899673557144
SHANGHAI,44,GJR-GARCH,2,0.9689148665569505,0.9570305754201076,0.9716909838303776
SHANGHAI,44,TimeGAN,3,0.9818584364691036,0.9808869799238874,0.9894384543287504
SHANGHAI,44,QuantGAN,3,0.7401541932039862,0.7416454491110767,0.7739586177715786
SHANGHAI,44,CNN-WGAN-GP,3,0.7833560883929516,0.7924241641513101,0.793189964157706
SHANGHAI,44,GARCH,3,0.6474038321980403,0.5386757293304109,0.7350708358855901
SHANGHAI,44,GJR-GARCH,3,0.5889189009675206,0.4741384442427239,0.7105364536055083
SHANGHAI,44,TimeGAN,4,0.8680063861767318,0.8661936074272514,0.9084747222037721
SHANGHAI,44,QuantGAN,4,0.6150161253422485,0.61130200761126,0.7355886672423082
SHANGHAI,44,CNN-WGAN-GP,4,0.7556748658681486,0.7517445135706257,0.7914758316666789
SHANGHAI,44,GARCH,4,0.6762102616708857,0.6493937314115763,0.771303040813967
SHANGHAI,44,GJR-GARCH,4,0.6689251985840203,0.6407716548217357,0.7664186980169889
SHANGHAI,44,TimeGAN,5,0.9545816390038941,0.951533445017626,0.9689652966890773
SHANGHAI,44,QuantGAN,5,0.5694779620322605,0.5496311220335398,0.68268573663663
SHANGHAI,44,CNN-WGAN-GP,5,0.5673520244623041,0.5515664091039919,0.7393264010351708
SHANGHAI,44,GARCH,5,0.7675972871048922,0.7487398616984376,0.7819351886701943
SHANGHAI,44,GJR-GARCH,5,0.7672287781393987,0.7480955860104354,0.7817740582480326
SHANGHAI,44,TimeGAN,6,0.87848896564109,0.8272753214613422,0.9511105699096932
SHANGHAI,44,QuantGAN,6,0.6363121551378464,0.5677822795895725,0.7140896869149798
SHANGHAI,44,CNN-WGAN-GP,6,0.8204795536564304,0.8106203398252904,0.7908728840869563
SHANGHAI,44,GARCH,6,0.58946945040996,0.5707456033534808,0.6972069086821008
SHANGHAI,44,GJR-GARCH,6,0.5856274123438203,0.5621926529447507,0.6935697891528477
SHANGHAI,44,TimeGAN,7,0.8923449519437741,0.8790769071814969,0.9603899602216959
SHANGHAI,44,QuantGAN,7,0.6299636165046751,0.6144350718198882,0.7510517757556524
SHANGHAI,44,CNN-WGAN-GP,7,0.49101310445433377,0.44944711355143746,0.6610455519393461
SHANGHAI,44,GARCH,7,0.8078639026034249,0.789808439298111,0.8679552180426713
SHANGHAI,44,GJR-GARCH,7,0.7881941830687597,0.7692366353999847,0.854158517895317
SHANGHAI,44,TimeGAN,8,0.8629618969601699,0.8263648730759675,0.9179391050004551
SHANGHAI,44,QuantGAN,8,0.6756395401755952,0.6714223511265599,0.7557796621427149
SHANGHAI,44,CNN-WGAN-GP,8,0.7697711948005304,0.7681038024319624,0.8158062794124522
SHANGHAI,44,GARCH,8,0.9741473002659268,0.9756734882645393,0.9797762870138719
SHANGHAI,44,GJR-GARCH,8,0.9623077812463869,0.9621690368828766,0.9712786867501592
SHANGHAI,44,TimeGAN,9,0.9564254138345841,0.9515218829873333,0.970470328632261
SHANGHAI,44,QuantGAN,9,0.6828397330401006,0.6825868443775323,0.8053003298868642
SHANGHAI,44,CNN-WGAN-GP,9,0.7792272135752996,0.7817246121184838,0.792298703822604
SHANGHAI,44,GARCH,9,0.7754742277424767,0.7732304558637944,0.8434852879314544
SHANGHAI,44,GJR-GARCH,9,0.7762611838043016,0.7740631680455003,0.8441295636194568
SHANGHAI,44,TimeGAN,10,0.9929346154886926,0.9886571562817494,0.9940081623013851
SHANGHAI,44,QuantGAN,10,0.6094926728708029,0.6374221100459283,0.7122225420230601
SHANGHAI,44,CNN-WGAN-GP,10,0.6109283326322316,0.4994789706349031,0.7383842185666527
SHANGHAI,44,GARCH,10,0.6775699072331569,0.6755145718481782,0.7497774924170301
SHANGHAI,44,GJR-GARCH,10,0.6775123430823389,0.6754331456348416,0.7503979060425139
SHANGHAI,44,TimeGAN,11,0.7655033296187237,0.7656605240305729,0.8876087015347981
SHANGHAI,44,QuantGAN,11,0.8055881506409547,0.7944615414892388,0.8853560736329129
SHANGHAI,44,CNN-WGAN-GP,11,0.7057222209922192,0.7074798955973265,0.7548989798353272
SHANGHAI,44,GARCH,11,0.9364678735458287,0.9310907914578734,0.9673958125770291
SHANGHAI,44,GJR-GARCH,11,0.9341387394434972,0.9276133263469151,0.9665906524675094
SHANGHAI,44,TimeGAN,12,0.8939200940706463,0.885896045047638,0.9199988683970354
SHANGHAI,44,QuantGAN,12,0.7410137194559451,0.7371962814542574,0.8304602918059647
SHANGHAI,44,CNN-WGAN-GP,12,0.5706115330022163,0.5363822653215352,0.708836343151219
SHANGHAI,44,GARCH,12,0.8293193408166729,0.8290054439942633,0.8556847058939294
SHANGHAI,44,GJR-GARCH,12,0.8187900212298557,0.8185934667148829,0.8426926738548056
SHANGHAI,44,TimeGAN,13,0.8099549080818592,0.7377286268490023,0.8708058735113886
SHANGHAI,44,QuantGAN,13,0.49942140648408506,0.4676951953614118,0.7088658632285616
SHANGHAI,44,CNN-WGAN-GP,13,0.7227986017323367,0.7248940352223723,0.8140321227641616
SHANGHAI,44,GARCH,13,0.4681104444493645,0.4142468813268291,0.6118663330897927
SHANGHAI,44,GJR-GARCH,13,0.4865624607936473,0.4308489728243089,0.6171019648071479
SHANGHAI,44,TimeGAN,14,0.952175260699183,0.9581636543887745,0.9738929355994912
SHANGHAI,44,QuantGAN,14,0.657856399583767,0.6518906379534715,0.7153671682619809
SHANGHAI,44,CNN-WGAN-GP,14,0.7686344258221957,0.7552824948401364,0.7829939754442157
SHANGHAI,44,GARCH,14,0.762808638558633,0.75352432823374,0.8530512689943247
SHANGHAI,44,GJR-GARCH,14,0.7616241454552611,0.7521550886463322,0.8515085989525293
SHANGHAI,44,TimeGAN,15,0.8302526672619882,0.6855496761401515,0.9124833027062531
SHANGHAI,44,QuantGAN,15,0.5047903705507709,0.40571951498512926,0.6342169676484553
SHANGHAI,44,CNN-WGAN-GP,15,0.7125853929737296,0.6963473824301419,0.7686115477622552
SHANGHAI,44,GARCH,15,0.4819688907584938,0.40215102963569765,0.6413952664555982
SHANGHAI,44,GJR-GARCH,15,0.46857218765913167,0.38921385574030204,0.6350400858050248
SHANGHAI,44,TimeGAN,16,0.8719067263956232,0.730330403465657,0.895822663055377
SHANGHAI,44,QuantGAN,16,0.7446670750277365,0.7448136914118716,0.7902035163332128
SHANGHAI,44,CNN-WGAN-GP,16,0.7269690506589127,0.725553562950335,0.8157467472564779
SHANGHAI,44,GARCH,16,0.6603771681881806,0.6485989033291267,0.7592044831157457
SHANGHAI,44,GJR-GARCH,16,0.6606755669699854,0.6480513058944215,0.7585388053716701
SHANGHAI,44,TimeGAN,17,0.8803061724021717,0.7950221769581036,0.9038560601028773
SHANGHAI,44,QuantGAN,17,0.893279016391023,0.8876975077674704,0.918572802660743
SHANGHAI,44,CNN-WGAN-GP,17,0.8271228010617389,0.8187085950165189,0.8518372558136103
SHANGHAI,44,GARCH,17,0.5066990895516146,0.5248364710715542,0.6694260558962665
SHANGHAI,44,GJR-GARCH,17,0.5071915828419471,0.523196876775817,0.6709008297601741
SHANGHAI,44,TimeGAN,18,0.8728863009621086,0.8023485681532486,0.9231220925798826
SHANGHAI,44,QuantGAN,18,0.8374550741322941,0.83733896182808,0.8629281948718706
SHANGHAI,44,CNN-WGAN-GP,18,0.7974504493201773,0.7972679168419422,0.8497499403448436
SHANGHAI,44,GARCH,18,0.35710191560701887,0.3602303058034012,0.6464968278216888
SHANGHAI,44,GJR-GARCH,18,0.35405470562332875,0.35762196096953774,0.645827214067301
SHANGHAI,44,TimeGAN,19,0.8618266039857024,0.8513253284723608,0.9354144987859868
SHANGHAI,44,QuantGAN,19,0.6408501290273382,0.612884529757468,0.6893339040548287
SHANGHAI,44,CNN-WGAN-GP,19,0.8108833145142841,0.810258964878488,0.884729017990027
SHANGHAI,44,GARCH,19,0.3981281810958345,0.27541149757812367,0.6364481934942668
SHANGHAI,44,GJR-GARCH,19,0.3558121342277917,0.2602964799767775,0.6255798850192986
BOVESPA,42,CONTROL: shuffled real,0,0.32027077562326867,0.3097786241920591,0.5601334256694368
BOVESPA,42,CONTROL: shuffled real,1,0.32027077562326867,0.3097786241920591,0.5601334256694368
BOVESPA,42,CONTROL: shuffled real,2,0.32027077562326867,0.3097786241920591,0.5601334256694368
BOVESPA,42,CONTROL: shuffled real,3,0.32027077562326867,0.3097786241920591,0.5601334256694368
BOVESPA,42,CONTROL: shuffled real,4,0.32027077562326867,0.3097786241920591,0.5601334256694368
BOVESPA,42,CONTROL: shuffled real,5,0.32027077562326867,0.3097786241920591,0.5601334256694368
BOVESPA,42,CONTROL: shuffled real,6,0.32027077562326867,0.3097786241920591,0.5601334256694368
BOVESPA,42,CONTROL: shuffled real,7,0.32027077562326867,0.3097786241920591,0.5601334256694368
BOVESPA,42,CONTROL: shuffled real,8,0.32027077562326867,0.3097786241920591,0.5601334256694368
BOVESPA,42,CONTROL: shuffled real,9,0.32027077562326867,0.3097786241920591,0.5601334256694368
BOVESPA,42,CONTROL: shuffled real,10,0.32027077562326867,0.3097786241920591,0.5601334256694368
BOVESPA,42,CONTROL: shuffled real,11,0.32027077562326867,0.3097786241920591,0.5601334256694368
BOVESPA,42,CONTROL: shuffled real,12,0.32027077562326867,0.3097786241920591,0.5601334256694368
BOVESPA,42,CONTROL: shuffled real,13,0.32027077562326867,0.3097786241920591,0.5601334256694368
BOVESPA,42,CONTROL: shuffled real,14,0.32027077562326867,0.3097786241920591,0.5601334256694368
BOVESPA,42,CONTROL: shuffled real,15,0.32027077562326867,0.3097786241920591,0.5601334256694368
BOVESPA,42,CONTROL: shuffled real,16,0.32027077562326867,0.3097786241920591,0.5601334256694368
BOVESPA,42,CONTROL: shuffled real,17,0.32027077562326867,0.3097786241920591,0.5601334256694368
BOVESPA,42,CONTROL: shuffled real,18,0.32027077562326867,0.3097786241920591,0.5601334256694368
BOVESPA,42,CONTROL: shuffled real,19,0.32027077562326867,0.3097786241920591,0.5601334256694368
BOVESPA,43,CONTROL: shuffled real,0,0.32027077562326867,0.3097786241920591,0.5601334256694368
BOVESPA,43,CONTROL: shuffled real,1,0.32027077562326867,0.3097786241920591,0.5601334256694368
BOVESPA,43,CONTROL: shuffled real,2,0.32027077562326867,0.3097786241920591,0.5601334256694368
BOVESPA,43,CONTROL: shuffled real,3,0.32027077562326867,0.3097786241920591,0.5601334256694368
BOVESPA,43,CONTROL: shuffled real,4,0.32027077562326867,0.3097786241920591,0.5601334256694368
BOVESPA,43,CONTROL: shuffled real,5,0.32027077562326867,0.3097786241920591,0.5601334256694368
BOVESPA,43,CONTROL: shuffled real,6,0.32027077562326867,0.3097786241920591,0.5601334256694368
BOVESPA,43,CONTROL: shuffled real,7,0.32027077562326867,0.3097786241920591,0.5601334256694368
BOVESPA,43,CONTROL: shuffled real,8,0.32027077562326867,0.3097786241920591,0.5601334256694368
BOVESPA,43,CONTROL: shuffled real,9,0.32027077562326867,0.3097786241920591,0.5601334256694368
BOVESPA,43,CONTROL: shuffled real,10,0.32027077562326867,0.3097786241920591,0.5601334256694368
BOVESPA,43,CONTROL: shuffled real,11,0.32027077562326867,0.3097786241920591,0.5601334256694368
BOVESPA,43,CONTROL: shuffled real,12,0.32027077562326867,0.3097786241920591,0.5601334256694368
BOVESPA,43,CONTROL: shuffled real,13,0.32027077562326867,0.3097786241920591,0.5601334256694368
BOVESPA,43,CONTROL: shuffled real,14,0.32027077562326867,0.3097786241920591,0.5601334256694368
BOVESPA,43,CONTROL: shuffled real,15,0.32027077562326867,0.3097786241920591,0.5601334256694368
BOVESPA,43,CONTROL: shuffled real,16,0.32027077562326867,0.3097786241920591,0.5601334256694368
BOVESPA,43,CONTROL: shuffled real,17,0.32027077562326867,0.3097786241920591,0.5601334256694368
BOVESPA,43,CONTROL: shuffled real,18,0.32027077562326867,0.3097786241920591,0.5601334256694368
BOVESPA,43,CONTROL: shuffled real,19,0.32027077562326867,0.3097786241920591,0.5601334256694368
BOVESPA,44,CONTROL: shuffled real,0,0.32027077562326867,0.3097786241920591,0.5601334256694368
BOVESPA,44,CONTROL: shuffled real,1,0.32027077562326867,0.3097786241920591,0.5601334256694368
BOVESPA,44,CONTROL: shuffled real,2,0.32027077562326867,0.3097786241920591,0.5601334256694368
BOVESPA,44,CONTROL: shuffled real,3,0.32027077562326867,0.3097786241920591,0.5601334256694368
BOVESPA,44,CONTROL: shuffled real,4,0.32027077562326867,0.3097786241920591,0.5601334256694368
BOVESPA,44,CONTROL: shuffled real,5,0.32027077562326867,0.3097786241920591,0.5601334256694368
BOVESPA,44,CONTROL: shuffled real,6,0.32027077562326867,0.3097786241920591,0.5601334256694368
BOVESPA,44,CONTROL: shuffled real,7,0.32027077562326867,0.3097786241920591,0.5601334256694368
BOVESPA,44,CONTROL: shuffled real,8,0.32027077562326867,0.3097786241920591,0.5601334256694368
BOVESPA,44,CONTROL: shuffled real,9,0.32027077562326867,0.3097786241920591,0.5601334256694368
BOVESPA,44,CONTROL: shuffled real,10,0.32027077562326867,0.3097786241920591,0.5601334256694368
BOVESPA,44,CONTROL: shuffled real,11,0.32027077562326867,0.3097786241920591,0.5601334256694368
BOVESPA,44,CONTROL: shuffled real,12,0.32027077562326867,0.3097786241920591,0.5601334256694368
BOVESPA,44,CONTROL: shuffled real,13,0.32027077562326867,0.3097786241920591,0.5601334256694368
BOVESPA,44,CONTROL: shuffled real,14,0.32027077562326867,0.3097786241920591,0.5601334256694368
BOVESPA,44,CONTROL: shuffled real,15,0.32027077562326867,0.3097786241920591,0.5601334256694368
BOVESPA,44,CONTROL: shuffled real,16,0.32027077562326867,0.3097786241920591,0.5601334256694368
BOVESPA,44,CONTROL: shuffled real,17,0.32027077562326867,0.3097786241920591,0.5601334256694368
BOVESPA,44,CONTROL: shuffled real,18,0.32027077562326867,0.3097786241920591,0.5601334256694368
BOVESPA,44,CONTROL: shuffled real,19,0.32027077562326867,0.3097786241920591,0.5601334256694368
FTSE,42,CONTROL: shuffled real,0,0.7014551116838488,0.6766918134306987,0.7919539304123713
FTSE,42,CONTROL: shuffled real,1,0.7014551116838488,0.6766918134306987,0.7919539304123713
FTSE,42,CONTROL: shuffled real,2,0.7014551116838488,0.6766918134306987,0.7919539304123713
FTSE,42,CONTROL: shuffled real,3,0.7014551116838488,0.6766918134306987,0.7919539304123713
FTSE,42,CONTROL: shuffled real,4,0.7014551116838488,0.6766918134306987,0.7919539304123713
FTSE,42,CONTROL: shuffled real,5,0.7014551116838488,0.6766918134306987,0.7919539304123713
FTSE,42,CONTROL: shuffled real,6,0.7014551116838488,0.6766918134306987,0.7919539304123713
FTSE,42,CONTROL: shuffled real,7,0.7014551116838488,0.6766918134306987,0.7919539304123713
FTSE,42,CONTROL: shuffled real,8,0.7014551116838488,0.6766918134306987,0.7919539304123713
FTSE,42,CONTROL: shuffled real,9,0.7014551116838488,0.6766918134306987,0.7919539304123713
FTSE,42,CONTROL: shuffled real,10,0.7014551116838488,0.6766918134306987,0.7919539304123713
FTSE,42,CONTROL: shuffled real,11,0.7014551116838488,0.6766918134306987,0.7919539304123713
FTSE,42,CONTROL: shuffled real,12,0.7014551116838488,0.6766918134306987,0.7919539304123713
FTSE,42,CONTROL: shuffled real,13,0.7014551116838488,0.6766918134306987,0.7919539304123713
FTSE,42,CONTROL: shuffled real,14,0.7014551116838488,0.6766918134306987,0.7919539304123713
FTSE,42,CONTROL: shuffled real,15,0.7014551116838488,0.6766918134306987,0.7919539304123713
FTSE,42,CONTROL: shuffled real,16,0.7014551116838488,0.6766918134306987,0.7919539304123713
FTSE,42,CONTROL: shuffled real,17,0.7014551116838488,0.6766918134306987,0.7919539304123713
FTSE,42,CONTROL: shuffled real,18,0.7014551116838488,0.6766918134306987,0.7919539304123713
FTSE,42,CONTROL: shuffled real,19,0.7014551116838488,0.6766918134306987,0.7919539304123713
FTSE,43,CONTROL: shuffled real,0,0.7014551116838488,0.6766918134306987,0.7919539304123713
FTSE,43,CONTROL: shuffled real,1,0.7014551116838488,0.6766918134306987,0.7919539304123713
FTSE,43,CONTROL: shuffled real,2,0.7014551116838488,0.6766918134306987,0.7919539304123713
FTSE,43,CONTROL: shuffled real,3,0.7014551116838488,0.6766918134306987,0.7919539304123713
FTSE,43,CONTROL: shuffled real,4,0.7014551116838488,0.6766918134306987,0.7919539304123713
FTSE,43,CONTROL: shuffled real,5,0.7014551116838488,0.6766918134306987,0.7919539304123713
FTSE,43,CONTROL: shuffled real,6,0.7014551116838488,0.6766918134306987,0.7919539304123713
FTSE,43,CONTROL: shuffled real,7,0.7014551116838488,0.6766918134306987,0.7919539304123713
FTSE,43,CONTROL: shuffled real,8,0.7014551116838488,0.6766918134306987,0.7919539304123713
FTSE,43,CONTROL: shuffled real,9,0.7014551116838488,0.6766918134306987,0.7919539304123713
FTSE,43,CONTROL: shuffled real,10,0.7014551116838488,0.6766918134306987,0.7919539304123713
FTSE,43,CONTROL: shuffled real,11,0.7014551116838488,0.6766918134306987,0.7919539304123713
FTSE,43,CONTROL: shuffled real,12,0.7014551116838488,0.6766918134306987,0.7919539304123713
FTSE,43,CONTROL: shuffled real,13,0.7014551116838488,0.6766918134306987,0.7919539304123713
FTSE,43,CONTROL: shuffled real,14,0.7014551116838488,0.6766918134306987,0.7919539304123713
FTSE,43,CONTROL: shuffled real,15,0.7014551116838488,0.6766918134306987,0.7919539304123713
FTSE,43,CONTROL: shuffled real,16,0.7014551116838488,0.6766918134306987,0.7919539304123713
FTSE,43,CONTROL: shuffled real,17,0.7014551116838488,0.6766918134306987,0.7919539304123713
FTSE,43,CONTROL: shuffled real,18,0.7014551116838488,0.6766918134306987,0.7919539304123713
FTSE,43,CONTROL: shuffled real,19,0.7014551116838488,0.6766918134306987,0.7919539304123713
FTSE,44,CONTROL: shuffled real,0,0.7014551116838488,0.6766918134306987,0.7919539304123713
FTSE,44,CONTROL: shuffled real,1,0.7014551116838488,0.6766918134306987,0.7919539304123713
FTSE,44,CONTROL: shuffled real,2,0.7014551116838488,0.6766918134306987,0.7919539304123713
FTSE,44,CONTROL: shuffled real,3,0.7014551116838488,0.6766918134306987,0.7919539304123713
FTSE,44,CONTROL: shuffled real,4,0.7014551116838488,0.6766918134306987,0.7919539304123713
FTSE,44,CONTROL: shuffled real,5,0.7014551116838488,0.6766918134306987,0.7919539304123713
FTSE,44,CONTROL: shuffled real,6,0.7014551116838488,0.6766918134306987,0.7919539304123713
FTSE,44,CONTROL: shuffled real,7,0.7014551116838488,0.6766918134306987,0.7919539304123713
FTSE,44,CONTROL: shuffled real,8,0.7014551116838488,0.6766918134306987,0.7919539304123713
FTSE,44,CONTROL: shuffled real,9,0.7014551116838488,0.6766918134306987,0.7919539304123713
FTSE,44,CONTROL: shuffled real,10,0.7014551116838488,0.6766918134306987,0.7919539304123713
FTSE,44,CONTROL: shuffled real,11,0.7014551116838488,0.6766918134306987,0.7919539304123713
FTSE,44,CONTROL: shuffled real,12,0.7014551116838488,0.6766918134306987,0.7919539304123713
FTSE,44,CONTROL: shuffled real,13,0.7014551116838488,0.6766918134306987,0.7919539304123713
FTSE,44,CONTROL: shuffled real,14,0.7014551116838488,0.6766918134306987,0.7919539304123713
FTSE,44,CONTROL: shuffled real,15,0.7014551116838488,0.6766918134306987,0.7919539304123713
FTSE,44,CONTROL: shuffled real,16,0.7014551116838488,0.6766918134306987,0.7919539304123713
FTSE,44,CONTROL: shuffled real,17,0.7014551116838488,0.6766918134306987,0.7919539304123713
FTSE,44,CONTROL: shuffled real,18,0.7014551116838488,0.6766918134306987,0.7919539304123713
FTSE,44,CONTROL: shuffled real,19,0.7014551116838488,0.6766918134306987,0.7919539304123713
MOEX,42,CONTROL: shuffled real,0,0.3829427083333333,0.3814453125,0.6100694444444444
MOEX,42,CONTROL: shuffled real,1,0.3829427083333333,0.3814453125,0.6100694444444444
MOEX,42,CONTROL: shuffled real,2,0.3829427083333333,0.3814453125,0.6100694444444444
MOEX,42,CONTROL: shuffled real,3,0.3829427083333333,0.3814453125,0.6100694444444444
MOEX,42,CONTROL: shuffled real,4,0.3829427083333333,0.3814453125,0.6100694444444444
MOEX,42,CONTROL: shuffled real,5,0.3829427083333333,0.3814453125,0.6100694444444444
MOEX,42,CONTROL: shuffled real,6,0.3829427083333333,0.3814453125,0.6100694444444444
MOEX,42,CONTROL: shuffled real,7,0.3829427083333333,0.3814453125,0.6100694444444444
MOEX,42,CONTROL: shuffled real,8,0.3829427083333333,0.3814453125,0.6100694444444444
MOEX,42,CONTROL: shuffled real,9,0.3829427083333333,0.3814453125,0.6100694444444444
MOEX,42,CONTROL: shuffled real,10,0.3829427083333333,0.3814453125,0.6100694444444444
MOEX,42,CONTROL: shuffled real,11,0.3829427083333333,0.3814453125,0.6100694444444444
MOEX,42,CONTROL: shuffled real,12,0.3829427083333333,0.3814453125,0.6100694444444444
MOEX,42,CONTROL: shuffled real,13,0.3829427083333333,0.3814453125,0.6100694444444444
MOEX,42,CONTROL: shuffled real,14,0.3829427083333333,0.3814453125,0.6100694444444444
MOEX,42,CONTROL: shuffled real,15,0.3829427083333333,0.3814453125,0.6100694444444444
MOEX,42,CONTROL: shuffled real,16,0.3829427083333333,0.3814453125,0.6100694444444444
MOEX,42,CONTROL: shuffled real,17,0.3829427083333333,0.3814453125,0.6100694444444444
MOEX,42,CONTROL: shuffled real,18,0.3829427083333333,0.3814453125,0.6100694444444444
MOEX,42,CONTROL: shuffled real,19,0.3829427083333333,0.3814453125,0.6100694444444444
MOEX,43,CONTROL: shuffled real,0,0.3829427083333333,0.3814453125,0.6100694444444444
MOEX,43,CONTROL: shuffled real,1,0.3829427083333333,0.3814453125,0.6100694444444444
MOEX,43,CONTROL: shuffled real,2,0.3829427083333333,0.3814453125,0.6100694444444444
MOEX,43,CONTROL: shuffled real,3,0.3829427083333333,0.3814453125,0.6100694444444444
MOEX,43,CONTROL: shuffled real,4,0.3829427083333333,0.3814453125,0.6100694444444444
MOEX,43,CONTROL: shuffled real,5,0.3829427083333333,0.3814453125,0.6100694444444444
MOEX,43,CONTROL: shuffled real,6,0.3829427083333333,0.3814453125,0.6100694444444444
MOEX,43,CONTROL: shuffled real,7,0.3829427083333333,0.3814453125,0.6100694444444444
MOEX,43,CONTROL: shuffled real,8,0.3829427083333333,0.3814453125,0.6100694444444444
MOEX,43,CONTROL: shuffled real,9,0.3829427083333333,0.3814453125,0.6100694444444444
MOEX,43,CONTROL: shuffled real,10,0.3829427083333333,0.3814453125,0.6100694444444444
MOEX,43,CONTROL: shuffled real,11,0.3829427083333333,0.3814453125,0.6100694444444444
MOEX,43,CONTROL: shuffled real,12,0.3829427083333333,0.3814453125,0.6100694444444444
MOEX,43,CONTROL: shuffled real,13,0.3829427083333333,0.3814453125,0.6100694444444444
MOEX,43,CONTROL: shuffled real,14,0.3829427083333333,0.3814453125,0.6100694444444444
MOEX,43,CONTROL: shuffled real,15,0.3829427083333333,0.3814453125,0.6100694444444444
MOEX,43,CONTROL: shuffled real,16,0.3829427083333333,0.3814453125,0.6100694444444444
MOEX,43,CONTROL: shuffled real,17,0.3829427083333333,0.3814453125,0.6100694444444444
MOEX,43,CONTROL: shuffled real,18,0.3829427083333333,0.3814453125,0.6100694444444444
MOEX,43,CONTROL: shuffled real,19,0.3829427083333333,0.3814453125,0.6100694444444444
MOEX,44,CONTROL: shuffled real,0,0.3829427083333333,0.3814453125,0.6100694444444444
MOEX,44,CONTROL: shuffled real,1,0.3829427083333333,0.3814453125,0.6100694444444444
MOEX,44,CONTROL: shuffled real,2,0.3829427083333333,0.3814453125,0.6100694444444444
MOEX,44,CONTROL: shuffled real,3,0.3829427083333333,0.3814453125,0.6100694444444444
MOEX,44,CONTROL: shuffled real,4,0.3829427083333333,0.3814453125,0.6100694444444444
MOEX,44,CONTROL: shuffled real,5,0.3829427083333333,0.3814453125,0.6100694444444444
MOEX,44,CONTROL: shuffled real,6,0.3829427083333333,0.3814453125,0.6100694444444444
MOEX,44,CONTROL: shuffled real,7,0.3829427083333333,0.3814453125,0.6100694444444444
MOEX,44,CONTROL: shuffled real,8,0.3829427083333333,0.3814453125,0.6100694444444444
MOEX,44,CONTROL: shuffled real,9,0.3829427083333333,0.3814453125,0.6100694444444444
MOEX,44,CONTROL: shuffled real,10,0.3829427083333333,0.3814453125,0.6100694444444444
MOEX,44,CONTROL: shuffled real,11,0.3829427083333333,0.3814453125,0.6100694444444444
MOEX,44,CONTROL: shuffled real,12,0.3829427083333333,0.3814453125,0.6100694444444444
MOEX,44,CONTROL: shuffled real,13,0.3829427083333333,0.3814453125,0.6100694444444444
MOEX,44,CONTROL: shuffled real,14,0.3829427083333333,0.3814453125,0.6100694444444444
MOEX,44,CONTROL: shuffled real,15,0.3829427083333333,0.3814453125,0.6100694444444444
MOEX,44,CONTROL: shuffled real,16,0.3829427083333333,0.3814453125,0.6100694444444444
MOEX,44,CONTROL: shuffled real,17,0.3829427083333333,0.3814453125,0.6100694444444444
MOEX,44,CONTROL: shuffled real,18,0.3829427083333333,0.3814453125,0.6100694444444444
MOEX,44,CONTROL: shuffled real,19,0.3829427083333333,0.3814453125,0.6100694444444444
NIFTY50,42,CONTROL: shuffled real,0,0.5057890120036934,0.3926941366574331,0.6154856879039704
NIFTY50,42,CONTROL: shuffled real,1,0.5057890120036934,0.3926941366574331,0.6154856879039704
NIFTY50,42,CONTROL: shuffled real,2,0.5057890120036934,0.3926941366574331,0.6154856879039704
NIFTY50,42,CONTROL: shuffled real,3,0.5057890120036934,0.3926941366574331,0.6154856879039704
NIFTY50,42,CONTROL: shuffled real,4,0.5057890120036934,0.3926941366574331,0.6154856879039704
NIFTY50,42,CONTROL: shuffled real,5,0.5057890120036934,0.3926941366574331,0.6154856879039704
NIFTY50,42,CONTROL: shuffled real,6,0.5057890120036934,0.3926941366574331,0.6154856879039704
NIFTY50,42,CONTROL: shuffled real,7,0.5057890120036934,0.3926941366574331,0.6154856879039704
NIFTY50,42,CONTROL: shuffled real,8,0.5057890120036934,0.3926941366574331,0.6154856879039704
NIFTY50,42,CONTROL: shuffled real,9,0.5057890120036934,0.3926941366574331,0.6154856879039704
NIFTY50,42,CONTROL: shuffled real,10,0.5057890120036934,0.3926941366574331,0.6154856879039704
NIFTY50,42,CONTROL: shuffled real,11,0.5057890120036934,0.3926941366574331,0.6154856879039704
NIFTY50,42,CONTROL: shuffled real,12,0.5057890120036934,0.3926941366574331,0.6154856879039704
NIFTY50,42,CONTROL: shuffled real,13,0.5057890120036934,0.3926941366574331,0.6154856879039704
NIFTY50,42,CONTROL: shuffled real,14,0.5057890120036934,0.3926941366574331,0.6154856879039704
NIFTY50,42,CONTROL: shuffled real,15,0.5057890120036934,0.3926941366574331,0.6154856879039704
NIFTY50,42,CONTROL: shuffled real,16,0.5057890120036934,0.3926941366574331,0.6154856879039704
NIFTY50,42,CONTROL: shuffled real,17,0.5057890120036934,0.3926941366574331,0.6154856879039704
NIFTY50,42,CONTROL: shuffled real,18,0.5057890120036934,0.3926941366574331,0.6154856879039704
NIFTY50,42,CONTROL: shuffled real,19,0.5057890120036934,0.3926941366574331,0.6154856879039704
NIFTY50,43,CONTROL: shuffled real,0,0.5057890120036934,0.3926941366574331,0.6154856879039704
NIFTY50,43,CONTROL: shuffled real,1,0.5057890120036934,0.3926941366574331,0.6154856879039704
NIFTY50,43,CONTROL: shuffled real,2,0.5057890120036934,0.3926941366574331,0.6154856879039704
NIFTY50,43,CONTROL: shuffled real,3,0.5057890120036934,0.3926941366574331,0.6154856879039704
NIFTY50,43,CONTROL: shuffled real,4,0.5057890120036934,0.3926941366574331,0.6154856879039704
NIFTY50,43,CONTROL: shuffled real,5,0.5057890120036934,0.3926941366574331,0.6154856879039704
NIFTY50,43,CONTROL: shuffled real,6,0.5057890120036934,0.3926941366574331,0.6154856879039704
NIFTY50,43,CONTROL: shuffled real,7,0.5057890120036934,0.3926941366574331,0.6154856879039704
NIFTY50,43,CONTROL: shuffled real,8,0.5057890120036934,0.3926941366574331,0.6154856879039704
NIFTY50,43,CONTROL: shuffled real,9,0.5057890120036934,0.3926941366574331,0.6154856879039704
NIFTY50,43,CONTROL: shuffled real,10,0.5057890120036934,0.3926941366574331,0.6154856879039704
NIFTY50,43,CONTROL: shuffled real,11,0.5057890120036934,0.3926941366574331,0.6154856879039704
NIFTY50,43,CONTROL: shuffled real,12,0.5057890120036934,0.3926941366574331,0.6154856879039704
NIFTY50,43,CONTROL: shuffled real,13,0.5057890120036934,0.3926941366574331,0.6154856879039704
NIFTY50,43,CONTROL: shuffled real,14,0.5057890120036934,0.3926941366574331,0.6154856879039704
NIFTY50,43,CONTROL: shuffled real,15,0.5057890120036934,0.3926941366574331,0.6154856879039704
NIFTY50,43,CONTROL: shuffled real,16,0.5057890120036934,0.3926941366574331,0.6154856879039704
NIFTY50,43,CONTROL: shuffled real,17,0.5057890120036934,0.3926941366574331,0.6154856879039704
NIFTY50,43,CONTROL: shuffled real,18,0.5057890120036934,0.3926941366574331,0.6154856879039704
NIFTY50,43,CONTROL: shuffled real,19,0.5057890120036934,0.3926941366574331,0.6154856879039704
NIFTY50,44,CONTROL: shuffled real,0,0.5057890120036934,0.3926941366574331,0.6154856879039704
NIFTY50,44,CONTROL: shuffled real,1,0.5057890120036934,0.3926941366574331,0.6154856879039704
NIFTY50,44,CONTROL: shuffled real,2,0.5057890120036934,0.3926941366574331,0.6154856879039704
NIFTY50,44,CONTROL: shuffled real,3,0.5057890120036934,0.3926941366574331,0.6154856879039704
NIFTY50,44,CONTROL: shuffled real,4,0.5057890120036934,0.3926941366574331,0.6154856879039704
NIFTY50,44,CONTROL: shuffled real,5,0.5057890120036934,0.3926941366574331,0.6154856879039704
NIFTY50,44,CONTROL: shuffled real,6,0.5057890120036934,0.3926941366574331,0.6154856879039704
NIFTY50,44,CONTROL: shuffled real,7,0.5057890120036934,0.3926941366574331,0.6154856879039704
NIFTY50,44,CONTROL: shuffled real,8,0.5057890120036934,0.3926941366574331,0.6154856879039704
NIFTY50,44,CONTROL: shuffled real,9,0.5057890120036934,0.3926941366574331,0.6154856879039704
NIFTY50,44,CONTROL: shuffled real,10,0.5057890120036934,0.3926941366574331,0.6154856879039704
NIFTY50,44,CONTROL: shuffled real,11,0.5057890120036934,0.3926941366574331,0.6154856879039704
NIFTY50,44,CONTROL: shuffled real,12,0.5057890120036934,0.3926941366574331,0.6154856879039704
NIFTY50,44,CONTROL: shuffled real,13,0.5057890120036934,0.3926941366574331,0.6154856879039704
NIFTY50,44,CONTROL: shuffled real,14,0.5057890120036934,0.3926941366574331,0.6154856879039704
NIFTY50,44,CONTROL: shuffled real,15,0.5057890120036934,0.3926941366574331,0.6154856879039704
NIFTY50,44,CONTROL: shuffled real,16,0.5057890120036934,0.3926941366574331,0.6154856879039704
NIFTY50,44,CONTROL: shuffled real,17,0.5057890120036934,0.3926941366574331,0.6154856879039704
NIFTY50,44,CONTROL: shuffled real,18,0.5057890120036934,0.3926941366574331,0.6154856879039704
NIFTY50,44,CONTROL: shuffled real,19,0.5057890120036934,0.3926941366574331,0.6154856879039704
SHANGHAI,42,CONTROL: shuffled real,0,0.4146168662961897,0.39080818591744715,0.6166006154936126
SHANGHAI,42,CONTROL: shuffled real,1,0.4146168662961897,0.39080818591744715,0.6166006154936126
SHANGHAI,42,CONTROL: shuffled real,2,0.4146168662961897,0.39080818591744715,0.6166006154936126
SHANGHAI,42,CONTROL: shuffled real,3,0.4146168662961897,0.39080818591744715,0.6166006154936126
SHANGHAI,42,CONTROL: shuffled real,4,0.4146168662961897,0.39080818591744715,0.6166006154936126
SHANGHAI,42,CONTROL: shuffled real,5,0.4146168662961897,0.39080818591744715,0.6166006154936126
SHANGHAI,42,CONTROL: shuffled real,6,0.4146168662961897,0.39080818591744715,0.6166006154936126
SHANGHAI,42,CONTROL: shuffled real,7,0.4146168662961897,0.39080818591744715,0.6166006154936126
SHANGHAI,42,CONTROL: shuffled real,8,0.4146168662961897,0.39080818591744715,0.6166006154936126
SHANGHAI,42,CONTROL: shuffled real,9,0.4146168662961897,0.39080818591744715,0.6166006154936126
SHANGHAI,42,CONTROL: shuffled real,10,0.4146168662961897,0.39080818591744715,0.6166006154936126
SHANGHAI,42,CONTROL: shuffled real,11,0.4146168662961897,0.39080818591744715,0.6166006154936126
SHANGHAI,42,CONTROL: shuffled real,12,0.4146168662961897,0.39080818591744715,0.6166006154936126
SHANGHAI,42,CONTROL: shuffled real,13,0.4146168662961897,0.39080818591744715,0.6166006154936126
SHANGHAI,42,CONTROL: shuffled real,14,0.4146168662961897,0.39080818591744715,0.6166006154936126
SHANGHAI,42,CONTROL: shuffled real,15,0.4146168662961897,0.39080818591744715,0.6166006154936126
SHANGHAI,42,CONTROL: shuffled real,16,0.4146168662961897,0.39080818591744715,0.6166006154936126
SHANGHAI,42,CONTROL: shuffled real,17,0.4146168662961897,0.39080818591744715,0.6166006154936126
SHANGHAI,42,CONTROL: shuffled real,18,0.4146168662961897,0.39080818591744715,0.6166006154936126
SHANGHAI,42,CONTROL: shuffled real,19,0.4146168662961897,0.39080818591744715,0.6166006154936126
SHANGHAI,43,CONTROL: shuffled real,0,0.4146168662961897,0.39080818591744715,0.6166006154936126
SHANGHAI,43,CONTROL: shuffled real,1,0.4146168662961897,0.39080818591744715,0.6166006154936126
SHANGHAI,43,CONTROL: shuffled real,2,0.4146168662961897,0.39080818591744715,0.6166006154936126
SHANGHAI,43,CONTROL: shuffled real,3,0.4146168662961897,0.39080818591744715,0.6166006154936126
SHANGHAI,43,CONTROL: shuffled real,4,0.4146168662961897,0.39080818591744715,0.6166006154936126
SHANGHAI,43,CONTROL: shuffled real,5,0.4146168662961897,0.39080818591744715,0.6166006154936126
SHANGHAI,43,CONTROL: shuffled real,6,0.4146168662961897,0.39080818591744715,0.6166006154936126
SHANGHAI,43,CONTROL: shuffled real,7,0.4146168662961897,0.39080818591744715,0.6166006154936126
SHANGHAI,43,CONTROL: shuffled real,8,0.4146168662961897,0.39080818591744715,0.6166006154936126
SHANGHAI,43,CONTROL: shuffled real,9,0.4146168662961897,0.39080818591744715,0.6166006154936126
SHANGHAI,43,CONTROL: shuffled real,10,0.4146168662961897,0.39080818591744715,0.6166006154936126
SHANGHAI,43,CONTROL: shuffled real,11,0.4146168662961897,0.39080818591744715,0.6166006154936126
SHANGHAI,43,CONTROL: shuffled real,12,0.4146168662961897,0.39080818591744715,0.6166006154936126
SHANGHAI,43,CONTROL: shuffled real,13,0.4146168662961897,0.39080818591744715,0.6166006154936126
SHANGHAI,43,CONTROL: shuffled real,14,0.4146168662961897,0.39080818591744715,0.6166006154936126
SHANGHAI,43,CONTROL: shuffled real,15,0.4146168662961897,0.39080818591744715,0.6166006154936126
SHANGHAI,43,CONTROL: shuffled real,16,0.4146168662961897,0.39080818591744715,0.6166006154936126
SHANGHAI,43,CONTROL: shuffled real,17,0.4146168662961897,0.39080818591744715,0.6166006154936126
SHANGHAI,43,CONTROL: shuffled real,18,0.4146168662961897,0.39080818591744715,0.6166006154936126
SHANGHAI,43,CONTROL: shuffled real,19,0.4146168662961897,0.39080818591744715,0.6166006154936126
SHANGHAI,44,CONTROL: shuffled real,0,0.4146168662961897,0.39080818591744715,0.6166006154936126
SHANGHAI,44,CONTROL: shuffled real,1,0.4146168662961897,0.39080818591744715,0.6166006154936126
SHANGHAI,44,CONTROL: shuffled real,2,0.4146168662961897,0.39080818591744715,0.6166006154936126
SHANGHAI,44,CONTROL: shuffled real,3,0.4146168662961897,0.39080818591744715,0.6166006154936126
SHANGHAI,44,CONTROL: shuffled real,4,0.4146168662961897,0.39080818591744715,0.6166006154936126
SHANGHAI,44,CONTROL: shuffled real,5,0.4146168662961897,0.39080818591744715,0.6166006154936126
SHANGHAI,44,CONTROL: shuffled real,6,0.4146168662961897,0.39080818591744715,0.6166006154936126
SHANGHAI,44,CONTROL: shuffled real,7,0.4146168662961897,0.39080818591744715,0.6166006154936126
SHANGHAI,44,CONTROL: shuffled real,8,0.4146168662961897,0.39080818591744715,0.6166006154936126
SHANGHAI,44,CONTROL: shuffled real,9,0.4146168662961897,0.39080818591744715,0.6166006154936126
SHANGHAI,44,CONTROL: shuffled real,10,0.4146168662961897,0.39080818591744715,0.6166006154936126
SHANGHAI,44,CONTROL: shuffled real,11,0.4146168662961897,0.39080818591744715,0.6166006154936126
SHANGHAI,44,CONTROL: shuffled real,12,0.4146168662961897,0.39080818591744715,0.6166006154936126
SHANGHAI,44,CONTROL: shuffled real,13,0.4146168662961897,0.39080818591744715,0.6166006154936126
SHANGHAI,44,CONTROL: shuffled real,14,0.4146168662961897,0.39080818591744715,0.6166006154936126
SHANGHAI,44,CONTROL: shuffled real,15,0.4146168662961897,0.39080818591744715,0.6166006154936126
SHANGHAI,44,CONTROL: shuffled real,16,0.4146168662961897,0.39080818591744715,0.6166006154936126
SHANGHAI,44,CONTROL: shuffled real,17,0.4146168662961897,0.39080818591744715,0.6166006154936126
SHANGHAI,44,CONTROL: shuffled real,18,0.4146168662961897,0.39080818591744715,0.6166006154936126
SHANGHAI,44,CONTROL: shuffled real,19,0.4146168662961897,0.39080818591744715,0.6166006154936126
