Date,Price,Open,High,Low,Vol.,Change %,LogReturn
2020-10-01,95479,"94,604","95,486","93,599",9.24M,0.93%,
2020-10-02,94016,"95,475","95,996","93,897",8.58M,-1.53%,-0.015441347466800608
2020-10-05,96089,"94,019","96,414","93,984",8.62M,2.20%,0.021809864773423636
2020-10-06,95615,"96,091","97,405","95,211",11.30M,-0.49%,-0.004945133809898205
2020-10-07,95526,"95,616","96,380","94,881",9.83M,-0.09%,-0.0009312497730149239
2020-10-08,97920,"95,530","97,938","95,530",11.16M,2.51%,0.02475235702209326
2020-10-09,97483,"97,924","98,642","97,161",10.81M,-0.45%,-0.004472814936866545
2020-10-13,98503,"97,483","98,998","97,336",7.87M,1.05%,0.01040900073988524
2020-10-14,99334,"98,502","99,571","98,501",8.90M,0.84%,0.00840090465713468
2020-10-15,99054,"99,328","99,486","97,778",8.34M,-0.28%,-0.0028227532503829187
2020-10-16,98309,"99,054","99,172","98,309",7.84M,-0.75%,-0.007549576551885578
2020-10-19,98658,"98,310","99,917","98,310",9.93M,0.36%,0.003543744538243082
2020-10-20,100540,"98,664","100,722","98,664",8.80M,1.91%,0.018896334304285188
2020-10-21,100552,"100,541","101,586","100,149",8.66M,0.01%,0.00011934835810712488
2020-10-22,101918,"100,553","102,020","100,457",9.56M,1.36%,0.01349356177486963
2020-10-23,101260,"101,918","102,218","101,188",7.56M,-0.65%,-0.006477101855642929
2020-10-26,101017,"101,260","101,784","99,762",8.07M,-0.24%,-0.002402647032509068
2020-10-27,99606,"101,017","101,660","99,414",8.67M,-1.40%,-0.014066415769260066
2020-10-28,95369,"99,598","99,598","95,369",11.05M,-4.25%,-0.0434688256817595
2020-10-29,96582,"95,368","96,688","93,387",12.70M,1.27%,0.012638810393912965
2020-10-30,93952,"96,579","96,579","93,559",10.64M,-2.72%,-0.027608374900151677
2020-11-03,95980,"93,968","96,350","93,968",10.19M,2.16%,0.021355822878103847
2020-11-04,97867,"95,992","98,296","95,987",10.70M,1.97%,0.019469577630901427
2020-11-05,100751,"97,873","100,922","97,872",10.46M,2.95%,0.029042712274846207
2020-11-06,100925,"100,751","101,104","99,837",8.38M,0.17%,0.0017255404031575653
2020-11-09,103515,"100,954","105,147","100,954",17.41M,2.57%,0.025338863001670365
2020-11-10,105067,"103,516","105,758","103,453",16.67M,1.50%,0.01488171215873943
2020-11-11,104809,"105,067","105,462","104,143",10.84M,-0.25%,-0.0024585958371694974
2020-11-12,102507,"104,810","105,019","102,034",10.86M,-2.20%,-0.02220855713269412
2020-11-13,104723,"102,509","104,726","102,509",9.77M,2.16%,0.021387680084518426
2020-11-16,106430,"104,729","106,518","104,729",11.72M,1.63%,0.016168723038883923
2020-11-17,107249,"106,430","107,810","105,847",10.31M,0.77%,0.007665741702380496
2020-11-18,106119,"107,246","107,467","106,043",10.34M,-1.05%,-0.010592127824577836
2020-11-19,106670,"106,117","106,973","105,545",8.56M,0.52%,0.005178850706635703
2020-11-20,106042,"106,670","106,764","105,680",7.10M,-0.59%,-0.005904714587186956
2020-11-23,107379,"106,050","107,495","106,050",9.69M,1.26%,0.012529390179678098
2020-11-24,109786,"107,378","109,956","107,361",11.93M,2.24%,0.02216838416241701
2020-11-25,110133,"109,786","110,596","109,315",8.56M,0.32%,0.0031557099474508995
2020-11-26,110227,"110,133","110,244","109,418",6.17M,0.09%,0.0008531494436521601
2020-11-27,110575,"110,229","111,603","110,161",8.79M,0.32%,0.003152147970987742
2020-11-30,108893,"110,598","110,934","108,829",19.30M,-1.52%,-0.01532827503665735
2020-12-01,111400,"108,897","111,840","108,897",11.32M,2.30%,0.02276157877545052
2020-12-02,111879,"111,402","112,315","110,579",9.81M,0.43%,0.004290602652614101
2020-12-03,112292,"111,874","113,377","111,874",11.47M,0.37%,0.0036846913050596706
2020-12-04,113750,"112,294","113,864","112,294",8.89M,1.30%,0.01290043638020237
2020-12-07,113590,"113,750","114,531","112,629",9.63M,-0.14%,-0.0014075835877295976
2020-12-08,113793,"113,590","114,381","112,820",8.81M,0.18%,0.0017855341334449778
2020-12-09,113001,"113,799","114,020","112,567",8.43M,-0.70%,-0.0069843401460696385
2020-12-10,115129,"113,002","115,262","112,732",11.80M,1.88%,0.018656570583739738
2020-12-11,115128,"115,128","115,527","113,949",8.37M,0.00%,-8.685946572783757e-06
2020-12-14,114611,"115,137","115,740","114,431",8.19M,-0.45%,-0.004500767155203878
2020-12-15,116149,"114,613","116,390","114,613",8.20M,1.34%,0.013330063910079211
2020-12-16,117857,"116,149","118,178","115,496",9.81M,1.47%,0.014598175534672991
2020-12-17,118401,"117,864","119,027","117,856",7.70M,0.46%,0.004605143202763556
2020-12-18,118024,"118,395","119,370","117,638",8.64M,-0.32%,-0.0031891747449186627
2020-12-21,115823,"118,021","118,021","114,730",10.35M,-1.86%,-0.018824829890948986
2020-12-22,116636,"115,825","116,903","115,648",6.95M,0.70%,0.006994810395181697
2020-12-23,117807,"116,636","118,311","116,636",6.48M,1.00%,0.009989718082950504
2020-12-28,119124,"117,806","119,213","117,805",7.17M,1.12%,0.011117275193135972
2020-12-29,119409,"119,130","119,861","118,750",6.77M,0.24%,0.002389607606644105
2020-12-30,119017,"119,410","120,150","118,919",8.24M,-0.33%,-0.003288234950952643
2021-01-04,118855,"119,024","120,354","118,062",8.74M,-0.14%,-0.001362077294056761
2021-01-05,119376,"118,835","119,790","116,756",9.26M,0.44%,0.0043739129719386335
2021-01-06,119100,"119,377","120,924","118,917",11.64M,-0.23%,-0.002314699367904101
2021-01-07,122386,"119,103","122,697","119,101",11.77M,2.76%,0.027216508090217494
2021-01-08,125077,"122,387","125,324","122,386",11.09M,2.20%,0.02174956320070799
2021-01-11,123255,"125,075","125,075","122,506",9.54M,-1.46%,-0.014674167600919196
2021-01-12,123998,"123,255","124,584","123,227",8.95M,0.60%,0.006010056391443693
2021-01-13,121933,"123,996","124,032","121,016",10.29M,-1.67%,-0.016793722892066668
2021-01-14,123481,"121,947","123,896","121,947",8.97M,1.27%,0.01261558452801444
2021-01-15,120349,"123,472","123,472","120,185",9.39M,-2.54%,-0.02569144298255493
2021-01-18,121242,"120,351","122,586","120,351",7.22M,0.74%,0.007392693163316842
2021-01-19,120636,"121,250","122,120","119,257",7.89M,-0.50%,-0.005010801048130802
2021-01-20,119646,"120,644","121,449","118,740",7.95M,-0.82%,-0.008240364255673873
2021-01-21,118329,"119,628","120,243","117,785",8.57M,-1.10%,-0.011068502537131552
2021-01-22,117380,"118,318","118,318","116,109",9.37M,-0.80%,-0.008052345288289544
2021-01-26,116464,"117,381","119,167","116,109",10.68M,-0.78%,-0.007834322754286338
2021-01-27,115882,"116,463","117,840","114,887",12.38M,-0.50%,-0.0050097803900013265
2021-01-28,118883,"115,882","119,355","115,734",12.07M,2.59%,0.02556738419676617
2021-01-29,115068,"118,880","118,880","114,973",10.97M,-3.21%,-0.03261655822312246
2021-02-01,117518,"115,093","117,862","115,093",8.72M,2.13%,0.021068255381412906
2021-02-02,118234,"117,520","119,805","117,519",11.63M,0.61%,0.006074198322416141
2021-02-03,119725,"118,235","120,210","118,234",8.70M,1.26%,0.012531734565299428
2021-02-04,119261,"119,728","120,560","118,918",8.10M,-0.39%,-0.0038830775277808203
2021-02-05,120240,"119,261","121,117","119,261",8.21M,0.82%,0.008175376743826726
2021-02-08,119696,"120,239","120,844","119,140",8.62M,-0.45%,-0.004534550314669958
2021-02-09,119472,"119,696","119,975","118,246",7.91M,-0.19%,-0.0018731608367032583
2021-02-10,118435,"119,472","119,738","117,970",8.64M,-0.87%,-0.008717747418800718
2021-02-11,119300,"118,440","120,283","118,440",7.57M,0.73%,0.007277042229325288
2021-02-12,119429,"119,300","119,763","118,163",7.66M,0.11%,0.0010807234358256846
2021-02-17,120356,"119,421","120,597","118,880",8.33M,0.78%,0.007731965037462977
2021-02-18,119199,"120,361","120,845","118,515",10.72M,-0.96%,-0.009659652242844645
2021-02-19,118431,"119,199","119,250","117,867",10.40M,-0.64%,-0.006463852830091491
2021-02-22,112668,"118,388","118,388","111,650",21.77M,-4.87%,-0.04988507143981225
2021-02-23,115227,"112,676","115,380","112,667",15.17M,2.27%,0.02245865473585071
2021-02-24,115668,"115,229","116,208","114,668",11.40M,0.38%,0.0038199227895700807
2021-02-25,112256,"115,668","116,506","111,764",12.47M,-2.95%,-0.029942041280168266
2021-02-26,110035,"112,260","113,466","109,827",14.62M,-1.98%,-0.01998348030816481
2021-03-01,110335,"110,036","112,445","110,036",11.24M,0.27%,0.002722695333545595
2021-03-02,111540,"110,328","112,428","107,319",14.82M,1.09%,0.010862078626363757
2021-03-03,111184,"111,529","112,398","107,466",15.14M,-0.32%,-0.003196784389436088
2021-03-04,112690,"111,191","114,433","111,163",14.22M,1.35%,0.01345419939228639
2021-03-05,115202,"112,690","115,504","112,504",13.25M,2.23%,0.022046423257941615
2021-03-08,110612,"115,202","115,202","110,268",13.70M,-3.98%,-0.04065852692372548
2021-03-09,111331,"110,611","112,524","109,343",12.14M,0.65%,0.006479163706660519
2021-03-10,112776,"111,331","112,928","109,999",12.51M,1.30%,0.012895804463489575
2021-03-11,114984,"112,782","115,127","112,776",12.09M,1.96%,0.019389437780306502
2021-03-12,114160,"114,984","114,984","113,253",8.11M,-0.72%,-0.007192015080349672
2021-03-15,114851,"114,093","114,903","113,635",8.22M,0.61%,0.00603466293776276
2021-03-16,114019,"114,845","114,974","113,370",7.80M,-0.72%,-0.007270534932527551
2021-03-17,116549,"114,018","116,736","113,428",9.43M,2.22%,0.02194668426256148
2021-03-18,114835,"116,549","116,751","114,302",9.92M,-1.47%,-0.014815469967999359
2021-03-19,116222,"114,837","116,446","114,610",12.34M,1.21%,0.012005839772553544
2021-03-22,114979,"116,222","116,225","113,620",8.16M,-1.07%,-0.010752652248331806
2021-03-23,113262,"114,977","115,599","113,062",8.30M,-1.49%,-0.015045783977948288
2021-03-24,112064,"113,272","114,823","112,064",9.83M,-1.06%,-0.010633582351265023
2021-03-25,113750,"112,065","114,024","110,927",10.31M,1.50%,0.01493292116767312
2021-03-26,114781,"113,750","115,416","113,305",8.66M,0.91%,0.009022907130424035
2021-03-29,115419,"114,776","115,553","114,096",7.46M,0.56%,0.005543020274099962
2021-03-30,116850,"115,414","117,090","114,999",8.14M,1.24%,0.012322075749283108
2021-03-31,116634,"116,850","117,249","115,932",10.66M,-0.18%,-0.0018502343768361732
2021-04-01,115253,"116,644","117,088","114,991",8.02M,-1.18%,-0.011911114701293513
2021-04-05,117518,"115,262","117,668","115,262",7.25M,1.97%,0.019461801434219998
2021-04-06,117499,"117,519","118,213","117,176",6.80M,-0.02%,-0.00016169043125728033
2021-04-07,117624,"117,499","118,303","116,748",8.54M,0.11%,0.001063273365656011
2021-04-08,118313,"117,624","118,850","117,486",8.78M,0.59%,0.005840558781399238
2021-04-09,117670,"118,313","118,643","117,336",7.74M,-0.54%,-0.00544955858091786
2021-04-12,118812,"117,661","118,812","117,661",7.00M,0.97%,0.00965831545254029
2021-04-13,119297,"118,809","119,529","118,041",8.98M,0.41%,0.004073770170290016
2021-04-14,120295,"119,298","120,871","119,298",10.08M,0.84%,0.008330877258442695
2021-04-15,120701,"120,290","121,409","120,084",7.95M,0.34%,0.003369353716197404
2021-04-16,121114,"120,701","121,333","120,199",7.95M,0.34%,0.003415837740188109
2021-04-19,120934,"121,116","121,974","120,682",10.03M,-0.15%,-0.0014873085766566691
2021-04-20,120062,"120,925","121,354","119,841",7.81M,-0.72%,-0.007236666214392782
2021-04-22,119371,"120,064","120,995","119,203",8.60M,-0.58%,-0.005771985636355894
2021-04-23,120530,"119,372","120,815","119,372",7.62M,0.97%,0.00966239421416165
2021-04-26,120595,"120,534","121,393","119,860",7.10M,0.05%,0.0005391394635518683
2021-04-27,119388,"120,595","121,012","119,003",8.36M,-1.00%,-0.010059130668581068
2021-04-28,121053,"119,392","121,276","119,392",9.08M,1.39%,0.013849772829207078
2021-04-29,120066,"121,053","121,498","119,703",8.50M,-0.82%,-0.008186874636948647
2021-04-30,118894,"120,064","120,125","118,894",11.09M,-0.98%,-0.00980925173761512
2021-05-03,119209,"118,951","119,904","118,528",8.89M,0.26%,0.002645915286852887
2021-05-04,117712,"119,209","119,293","117,631",8.77M,-1.26%,-0.01263729194681052
2021-05-05,119564,"117,725","119,734","117,725",9.06M,1.57%,0.015610829671541806
2021-05-06,119921,"119,577","119,966","119,071",8.78M,0.30%,0.0029813997907184894
2021-05-07,122038,"119,922","122,038","119,922",8.87M,1.77%,0.017499278992528535
2021-05-10,121909,"122,038","122,772","121,794",8.22M,-0.11%,-0.0010576068738227633
2021-05-11,122964,"121,904","122,964","120,145",7.99M,0.87%,0.008616764834706258
2021-05-12,119710,"122,964","122,964","119,458",9.41M,-2.65%,-0.026819478342302687
2021-05-13,120706,"119,711","121,426","119,711",9.36M,0.83%,0.008285685629559978
2021-05-14,121881,"120,719","122,195","120,719",10.14M,0.97%,0.009687321982609081
2021-05-17,122938,"121,880","123,074","121,680",7.41M,0.87%,0.008635004372829725
2021-05-18,122980,"122,937","123,544","122,550",7.84M,0.03%,0.0003415772770464488
2021-05-19,122636,"122,976","123,013","121,595",8.83M,-0.28%,-0.0028011222797116675
2021-05-20,122701,"122,636","122,734","122,136",7.91M,0.05%,0.0005298833972932087
2021-05-21,122592,"122,701","122,799","121,760",9.49M,-0.09%,-0.00088873312466674
2021-05-24,124032,"122,592","124,167","122,526",8.19M,1.17%,0.011677828310007913
2021-05-25,122988,"124,032","124,696","122,701",8.91M,-0.84%,-0.0084528071908201
2021-05-26,123989,"122,988","124,256","122,988",8.26M,0.81%,0.008106062355255053
2021-05-27,124367,"123,989","124,537","123,470",13.14M,0.30%,0.0030440198093119077
2021-05-28,125561,"124,367","125,698","124,284",8.85M,0.96%,0.009554824459891498
2021-05-31,126216,"125,561","126,216","125,540",5.95M,0.52%,0.005203028693267891
2021-06-01,128267,"126,218","128,363","126,218",12.50M,1.62%,0.016119303917511034
2021-06-02,129601,"128,268","129,601","128,167",12.78M,1.04%,0.01034647106512469
2021-06-04,130126,"129,600","130,137","129,148",9.81M,0.41%,0.004042711886163301
2021-06-07,130776,"130,125","131,190","129,498",9.66M,0.50%,0.004982724124955072
2021-06-08,129787,"130,776","130,776","129,230",10.35M,-0.76%,-0.007591290777877335
2021-06-09,129907,"129,800","130,882","129,281",9.84M,0.09%,0.0009241646594901481
2021-06-10,130076,"129,911","130,527","129,526",8.53M,0.13%,0.0013000851886774412
2021-06-11,129441,"130,076","130,294","128,678",7.75M,-0.49%,-0.004893716151712975
2021-06-14,130208,"129,441","131,084","129,441",8.16M,0.59%,0.005907992951795444
2021-06-15,130091,"130,208","130,436","129,304",7.21M,-0.09%,-0.0008989662494236801
2021-06-16,129259,"130,091","130,283","128,345",12.88M,-0.64%,-0.006416062110382473
2021-06-17,128057,"129,259","129,919","127,576",9.66M,-0.93%,-0.009342666162041656
2021-06-18,128405,"128,050","128,796","127,595",12.43M,0.27%,0.0027138540102242745
2021-06-21,129265,"128,405","129,412","128,048",7.33M,0.67%,0.00667522950572702
2021-06-22,128767,"129,242","129,259","127,803",9.33M,-0.39%,-0.0038599911509457165
2021-06-23,128428,"128,769","129,901","128,182",7.99M,-0.26%,-0.0026361336442380216
2021-06-24,129514,"128,433","129,541","128,428",7.24M,0.85%,0.008420547386240916
2021-06-25,127256,"129,513","129,748","126,697",9.36M,-1.74%,-0.01758817780838075
2021-06-28,127429,"127,255","128,067","126,629",8.16M,0.14%,0.001358541151680709
2021-06-29,127327,"127,429","127,507","126,184",7.78M,-0.08%,-0.0008007662661560668
2021-06-30,126802,"127,323","127,323","126,199",9.10M,-0.41%,-0.0041317657321863115
2021-07-01,125666,"126,802","127,204","124,994",9.29M,-0.90%,-0.008999221023356076
2021-07-02,127622,"125,667","127,672","125,667",7.43M,1.56%,0.015445176116201657
2021-07-05,126920,"127,622","127,633","126,531",5.26M,-0.55%,-0.0055158031272483
2021-07-06,125095,"126,919","126,919","124,866",7.65M,-1.44%,-0.01448351806645175
2021-07-07,127019,"125,096","127,249","125,094",8.15M,1.54%,0.015263232919354467
2021-07-08,125428,"127,013","127,013","124,310",8.88M,-1.25%,-0.012604792807127885
2021-07-12,127594,"125,428","127,782","125,428",7.42M,1.73%,0.017121459100779945
2021-07-13,128168,"127,594","128,420","126,441",7.15M,0.45%,0.004488555482863667
2021-07-14,128407,"128,169","129,620","128,085",9.21M,0.19%,0.0018630035593991613
2021-07-15,127468,"128,407","128,976","126,922",7.42M,-0.73%,-0.007339554198337786
2021-07-16,125960,"127,468","128,010","125,808",7.36M,-1.18%,-0.011900956472650567
2021-07-19,124395,"125,958","125,958","123,317",9.21M,-1.24%,-0.012502409661547163
2021-07-20,125401,"124,395","125,631","123,631",7.63M,0.81%,0.008054616077406198
2021-07-21,125929,"125,404","126,112","125,247",7.15M,0.42%,0.004201653417984238
2021-07-22,126147,"125,930","126,428","125,416",6.48M,0.17%,0.0017296375247801412
2021-07-23,125053,"126,140","126,204","124,422",6.05M,-0.87%,-0.008710246151745938
2021-07-26,126004,"125,058","126,214","125,006",6.33M,0.76%,0.007576005039627949
2021-07-27,124612,"126,004","126,026","123,670",7.31M,-1.10%,-0.011108742577116448
2021-07-28,126286,"124,615","126,712","124,542",9.04M,1.34%,0.013344266120996658
2021-07-29,125675,"126,285","126,476","124,917",7.49M,-0.48%,-0.0048499664445707715
2021-07-30,121801,"125,672","125,673","121,748",9.40M,-3.08%,-0.03131064415592168
2021-08-02,122516,"121,803","124,536","121,797",8.57M,0.59%,0.005853068277925729
2021-08-03,123577,"122,516","123,765","120,807",9.39M,0.87%,0.008622809864750417
2021-08-04,121801,"123,577","123,587","121,072",9.16M,-1.44%,-0.014475878142676162
2021-08-05,121633,"121,801","123,541","121,128",10.91M,-0.14%,-0.001380251129023063
2021-08-06,122810,"121,633","123,287","121,568",7.50M,0.97%,0.009630131328598537
2021-08-09,123019,"122,809","123,597","122,258",7.17M,0.17%,0.0017003693653397268
2021-08-10,122202,"123,021","123,513","122,061",8.30M,-0.66%,-0.006663401771957675
2021-08-11,122056,"122,203","122,756","120,827",8.69M,-0.12%,-0.0011954574047737456
2021-08-12,120701,"122,056","122,095","120,534",11.07M,-1.11%,-0.011163542737593107
2021-08-13,121194,"120,701","121,275","120,045",10.64M,0.41%,0.00407615438600069
2021-08-16,119180,"121,191","121,191","118,684",9.74M,-1.66%,-0.016757612140475706
2021-08-17,117904,"119,179","119,179","116,248",11.22M,-1.07%,-0.0107642212941893
2021-08-18,116643,"117,904","118,739","116,489",11.75M,-1.07%,-0.010752745930444145
2021-08-19,117165,"116,641","117,453","114,801",10.52M,0.45%,0.004465209636171032
2021-08-20,118053,"117,163","118,308","116,040",8.93M,0.76%,0.007550478438857779
2021-08-23,117472,"118,053","118,445","117,062",7.85M,-0.49%,-0.004933668854804289
2021-08-24,120211,"117,474","120,463","117,474",9.18M,2.33%,0.02304852474261444
2021-08-25,120818,"120,210","120,818","119,226",7.52M,0.50%,0.005036748965808612
2021-08-26,118724,"120,817","120,833","118,719",8.43M,-1.73%,-0.01748380944899174
2021-08-27,120678,"118,725","120,678","118,721",7.32M,1.65%,0.01632436982528358
2021-08-30,119740,"120,677","120,684","119,354",6.39M,-0.78%,-0.007803115901932993
2021-08-31,118781,"119,738","120,157","117,911",11.54M,-0.80%,-0.008041264019185774
2021-09-01,119396,"118,793","119,942","118,067",9.52M,0.52%,0.005164238081794963
2021-09-02,116677,"119,394","119,397","116,534",9.86M,-2.28%,-0.023036266238111426
2021-09-03,116933,"116,679","117,396","115,583",12.52M,0.22%,0.0021916878770134804
2021-09-06,117869,"116,926","117,981","116,156",5.11M,0.80%,0.007972717080806137
2021-09-08,113413,"117,866","117,866","113,172",12.32M,-3.78%,-0.03853781510838471
2021-09-09,115361,"113,413","116,354","112,435",13.89M,1.72%,0.0170303188438788
2021-09-10,114286,"115,370","116,896","114,286",11.16M,-0.93%,-0.009362263405528605
2021-09-13,116404,"114,300","117,046","114,300",9.25M,1.85%,0.018362820358579113
2021-09-14,116181,"116,405","117,270","115,809",9.03M,-0.19%,-0.0019175791072764776
2021-09-15,115063,"116,191","116,312","114,741",9.46M,-0.96%,-0.009669515412515086
2021-09-16,113794,"115,062","115,062","113,395",10.69M,-1.10%,-0.011090008223337737
2021-09-17,111439,"113,794","113,794","111,157",14.83M,-2.07%,-0.020912440232271887
2021-09-20,108844,"111,435","111,435","107,520",11.50M,-2.33%,-0.023561691558516278
2021-09-21,110250,"108,859","110,923","108,859",11.25M,1.29%,0.012834849892804551
2021-09-22,112282,"110,252","113,321","110,251",12.16M,1.84%,0.018263049619412546
2021-09-23,114064,"112,282","114,330","112,281",11.48M,1.59%,0.015746130428904784
2021-09-24,113283,"114,062","114,062","112,505",9.12M,-0.68%,-0.006870581729685357
2021-09-27,113583,"113,283","114,432","112,360",10.74M,0.26%,0.0026447345557775244
2021-09-28,110124,"113,584","113,584","109,981",13.19M,-3.05%,-0.030926843576488346
2021-09-29,111107,"110,125","112,028","110,125",11.37M,0.89%,0.008886697336524294
2021-09-30,110979,"111,117","112,371","110,743",13.16M,-0.12%,-0.0011527067367879625
2021-10-01,112900,"110,980","113,020","110,980",10.78M,1.73%,0.017161476931003637
2021-10-04,110393,"112,900","112,900","109,979",11.81M,-2.22%,-0.022455745119955416
2021-10-05,110458,"110,397","111,691","110,087",10.38M,0.06%,0.0005886321717067094
2021-10-06,110560,"110,454","110,614","108,180",13.28M,0.09%,0.0009230018119919183
2021-10-07,110585,"110,563","111,522","110,563",10.65M,0.02%,0.00022609600132487658
2021-10-08,112833,"110,586","114,172","110,586",12.87M,2.03%,0.020124393449422674
2021-10-11,112180,"112,834","113,982","112,052",10.28M,-0.58%,-0.005804125389916564
2021-10-13,113456,"112,180","114,159","111,807",11.73M,1.14%,0.011310372481449938
2021-10-14,113185,"113,457","113,881","112,708",8.96M,-0.24%,-0.0023914484065517263
2021-10-15,114648,"113,189","114,776","113,049",11.17M,1.29%,0.012842916600681277
2021-10-18,114428,"114,647","114,927","112,841",11.20M,-0.19%,-0.0019207605129961168
2021-10-19,110673,"114,422","114,422","109,947",14.13M,-3.28%,-0.03336589671624479
2021-10-20,110786,"110,677","112,023","110,176",11.74M,0.10%,0.00102050501272743
2021-10-21,107735,"110,767","110,767","105,714",16.51M,-2.75%,-0.027925904383060526
2021-10-22,106296,"107,714","107,749","102,854",21.17M,-1.34%,-0.013446852867189786
2021-10-25,108715,"106,298","109,372","106,296",11.51M,2.28%,0.022502123798015278
2021-10-26,106420,"108,713","108,713","106,321",10.76M,-2.11%,-0.021336249918798813
2021-10-27,106363,"106,433","108,224","106,045",10.83M,-0.05%,-0.0005357570986725129
2021-10-28,105705,"106,369","107,210","105,282",11.50M,-0.62%,-0.006205576622455162
2021-10-29,103501,"105,707","105,954","103,430",12.60M,-2.09%,-0.02107092095259814
2021-11-01,105551,"103,514","106,136","103,514",10.73M,1.98%,0.019612973937804295
2021-11-03,105617,"105,547","106,754","104,205",14.70M,0.06%,0.0006250947316743098
2021-11-04,103412,"105,617","105,627","102,835",12.08M,-2.09%,-0.02109833366480256
2021-11-05,104824,"103,412","105,555","103,412",12.59M,1.37%,0.013561743803110999
2021-11-08,104781,"104,824","105,679","104,182",9.36M,-0.04%,-0.0004102955616825185
2021-11-09,105535,"104,783","106,674","104,783",11.02M,0.72%,0.00717019371197943
2021-11-10,105968,"105,535","107,407","105,140",12.28M,0.41%,0.004094510290042512
2021-11-11,107595,"105,988","108,669","105,988",12.66M,1.54%,0.015237016503883751
2021-11-12,106335,"107,576","107,915","105,842",13.25M,-1.17%,-0.011779690271416914
2021-11-16,104404,"106,336","106,971","104,113",11.58M,-1.82%,-0.018326499084276245
2021-11-17,102948,"104,405","105,535","102,551",12.83M,-1.39%,-0.014043982511985725
2021-11-18,102426,"102,948","103,757","102,014",10.91M,-0.51%,-0.005083419752157738
2021-11-19,103035,"102,426","103,975","102,143",11.10M,0.59%,0.005928149707283747
2021-11-22,102122,"103,036","104,613","102,122",10.41M,-0.89%,-0.00890055935025779
2021-11-23,103654,"102,124","103,841","101,736",13.03M,1.50%,0.014890252566872897
2021-11-24,104514,"103,652","105,041","102,464",10.47M,0.83%,0.00826260417280992
2021-11-25,105811,"104,514","106,400","104,514",7.89M,1.24%,0.012333450050592346
2021-11-26,102224,"105,810","105,810","101,495",10.97M,-3.39%,-0.03448799991398451
2021-11-29,102814,"102,227","104,149","102,226",10.28M,0.58%,0.005755046658928994
2021-11-30,101915,"102,814","103,066","100,075",18.20M,-0.87%,-0.008782397983222685
2021-12-01,100775,"101,916","104,087","100,727",13.76M,-1.12%,-0.011248823532464121
2021-12-02,104466,"100,785","104,466","100,785",14.85M,3.66%,0.03597135060928689
2021-12-03,105070,"104,467","106,814","104,090",14.58M,0.58%,0.0057651350881675455
2021-12-06,106859,"105,070","107,498","105,070",11.13M,1.70%,0.016883413746599647
2021-12-07,107558,"106,868","108,655","106,868",11.77M,0.65%,0.006520028507540965
2021-12-08,108096,"107,558","108,521","107,309",13.17M,0.50%,0.004989484230510573
2021-12-09,106291,"108,095","108,095","105,890",11.08M,-1.67%,-0.016839105461314938
2021-12-10,107758,"106,296","108,275","106,296",10.47M,1.38%,0.013707356443419022
2021-12-13,107383,"107,758","109,493","107,383",12.51M,-0.35%,-0.003486089399747361
2021-12-14,106760,"107,387","109,148","106,445",11.60M,-0.58%,-0.005818558231368203
2021-12-15,107431,"106,763","107,603","105,697",12.66M,0.63%,0.006265456485661336
2021-12-16,108326,"107,433","109,034","107,433",13.75M,0.83%,0.008296418040722932
2021-12-17,107201,"108,324","108,324","106,518",14.93M,-1.04%,-0.010439622111306127
2021-12-20,105020,"107,171","107,171","104,358",10.57M,-2.03%,-0.02055476874168846
2021-12-21,105500,"105,020","105,906","105,020",9.04M,0.46%,0.0045601447064080305
2021-12-22,105244,"105,499","105,711","104,386",8.05M,-0.24%,-0.0024294891044890714
2021-12-23,104891,"105,251","105,453","104,637",7.28M,-0.34%,-0.003359748086254433
2021-12-27,105554,"104,892","105,694","104,798",7.59M,0.63%,0.006300954582295883
2021-12-28,104864,"105,555","105,652","104,503",7.51M,-0.65%,-0.006558397791269425
2021-12-29,104107,"104,863","105,190","103,851",6.59M,-0.72%,-0.00724505612064969
2021-12-30,104822,"104,106","105,269","104,106",11.14M,0.69%,0.006844457124420416
2022-01-03,103922,"104,823","106,125","103,413",11.13M,-0.86%,-0.008623055769506133
2022-01-04,103514,"103,922","104,276","103,096",11.49M,-0.39%,-0.003933748492341664
2022-01-05,101006,"103,514","103,514","100,850",12.88M,-2.42%,-0.024526948240936423
2022-01-06,101561,"101,006","102,235","101,000",11.75M,0.55%,0.005479682166830826
2022-01-07,102719,"101,561","102,719","101,104",11.73M,1.14%,0.0113375015075503
2022-01-10,101945,"102,719","102,719","101,038",10.26M,-0.75%,-0.007563652522833775
2022-01-11,103779,"101,946","103,780","101,918",12.42M,1.80%,0.017830185956260833
2022-01-12,105686,"103,779","105,869","103,771",13.03M,1.84%,0.01820879564754775
2022-01-13,105530,"105,686","106,251","104,974",11.71M,-0.15%,-0.0014771610897476193
2022-01-14,106928,"105,530","107,062","105,028",11.46M,1.32%,0.013160438085715521
2022-01-17,106374,"106,927","106,928","106,097",6.92M,-0.52%,-0.005194524624415907
2022-01-18,106668,"106,369","107,013","105,786",11.22M,0.28%,0.0027600209032397037
2022-01-19,108013,"106,670","108,602","106,669",12.60M,1.26%,0.012530383203120159
2022-01-20,109102,"108,015","109,873","108,014",13.63M,1.01%,0.01003163422602416
2022-01-21,108942,"109,097","109,786","108,368",13.41M,-0.15%,-0.0014675939600976445
2022-01-24,107937,"108,941","108,948","106,624",12.70M,-0.92%,-0.009267906930781509
2022-01-25,110204,"107,935","110,711","107,185",13.71M,2.10%,0.020785470114920615
2022-01-26,111289,"110,206","112,695","110,204",15.51M,0.98%,0.00979722771094822
2022-01-27,112612,"111,303","113,057","111,303",14.81M,1.19%,0.01181786055158926
2022-01-28,111910,"112,611","112,969","111,407",13.52M,-0.62%,-0.006253305133325694
2022-01-31,112144,"111,910","112,678","111,195",12.19M,0.21%,0.0020887829280332453
2022-02-01,113228,"112,143","113,302","112,135",11.13M,0.97%,0.00961972524851104
2022-02-02,111894,"113,228","113,666","111,645",11.75M,-1.18%,-0.011851490429115853
2022-02-03,111696,"111,897","112,502","111,225",11.04M,-0.18%,-0.001771099349318677
2022-02-04,112245,"111,696","112,415","110,321",11.46M,0.49%,0.004903086972385852
2022-02-07,111996,"112,247","112,517","111,490",10.67M,-0.22%,-0.0022208258288215804
2022-02-08,112234,"111,995","112,251","110,943",10.16M,0.21%,0.0021228211156074446
2022-02-09,112461,"112,233","113,163","111,710",13.79M,0.20%,0.002020517387811035
2022-02-10,113368,"112,462","113,812","112,163",13.27M,0.81%,0.00803266964754079
2022-02-11,113572,"113,368","114,899","113,128",18.60M,0.18%,0.0017978325103323919
2022-02-14,113899,"113,643","114,167","113,358",10.76M,0.29%,0.0028750937504379705
2022-02-15,114828,"113,905","114,828","113,882",11.65M,0.82%,0.008123265801786407
2022-02-16,115181,"114,830","115,734","114,816",12.05M,0.31%,0.0030694475185693362
2022-02-17,113528,"115,181","115,214","113,389",10.81M,-1.44%,-0.014455301571459233
2022-02-18,112880,"113,534","114,213","112,701",11.30M,-0.57%,-0.00572419498767778
2022-02-21,111725,"112,880","113,405","111,608",7.86M,-1.02%,-0.010284812725043339
2022-02-22,112892,"111,727","113,315","111,727",12.71M,1.04%,0.0103911146580669
2022-02-23,112008,"112,892","113,721","111,748",12.12M,-0.78%,-0.007861312161958015
2022-02-24,111592,"112,001","112,001","109,125",16.79M,-0.37%,-0.003720934525690074
2022-02-25,113142,"111,591","113,142","110,673",17.56M,1.39%,0.01379430418290642
2022-03-02,115174,"113,143","115,429","113,143",10.70M,1.80%,0.017800361371681967
2022-03-03,115166,"115,173","115,948","115,010",12.12M,-0.01%,-6.946253367383145e-05
2022-03-04,114474,"115,166","115,166","113,389",10.72M,-0.60%,-0.0060268428376199406
2022-03-07,111593,"114,469","114,529","111,140",14.06M,-2.52%,-0.025489399007588242
2022-03-08,111203,"111,594","112,390","110,969",15.70M,-0.35%,-0.0035009640958031667
2022-03-09,113900,"111,210","114,051","111,207",14.71M,2.43%,0.02396351058329927
2022-03-10,113663,"113,900","113,939","111,889",12.98M,-0.21%,-0.002082940422548019
2022-03-11,111713,"113,664","114,627","111,332",12.48M,-1.72%,-0.01730484755822574
2022-03-14,109928,"111,716","112,299","109,717",10.48M,-1.60%,-0.016107476442889377
2022-03-15,108959,"109,925","109,925","107,781",13.65M,-0.88%,-0.008853941350268643
2022-03-16,111112,"108,958","111,183","108,958",13.21M,1.98%,0.019567036934713334
2022-03-17,113076,"111,113","113,088","111,070",14.41M,1.77%,0.017521457398701548
2022-03-18,115311,"113,076","115,311","112,475",19.55M,1.98%,0.019572667007539162
2022-03-21,116155,"115,307","116,360","115,208",10.38M,0.73%,0.007292680052769533
2022-03-22,117272,"116,157","117,541","116,157",11.38M,0.96%,0.009570516914801937
2022-03-23,117457,"117,270","118,270","117,036",11.08M,0.16%,0.0015762861709073708
2022-03-24,119053,"117,460","119,256","117,151",13.47M,1.36%,0.01349646295274257
2022-03-25,119081,"119,062","119,729","118,548",13.81M,0.02%,0.00023516171675646923
2022-03-28,118738,"119,082","119,444","118,061",9.17M,-0.29%,-0.0028845486511258384
2022-03-29,120014,"118,740","120,900","118,740",12.93M,1.07%,0.010689017466675966
2022-03-30,120260,"120,013","120,531","119,775",10.89M,0.20%,0.002047662967736256
2022-03-31,119999,"120,261","120,880","119,999",11.20M,-0.22%,-0.0021726561974323173
2022-04-01,121570,"120,001","121,579","120,001",13.78M,1.31%,0.01300681915371244
2022-04-04,121280,"121,569","121,570","120,754",8.81M,-0.24%,-0.0023883066736410823
2022-04-05,118885,"121,279","121,628","118,794",11.79M,-1.97%,-0.019945282589695797
2022-04-06,118228,"118,885","118,885","116,791",13.41M,-0.55%,-0.005541675752750442
2022-04-07,118862,"118,226","119,247","117,509",11.52M,0.54%,0.005348192763928234
2022-04-08,118322,"118,861","118,868","117,487",11.23M,-0.45%,-0.004553434742809297
2022-04-11,116953,"118,320","118,320","116,953",9.56M,-1.16%,-0.01163757688352388
2022-04-12,116147,"116,963","118,615","116,054",11.41M,-0.69%,-0.006915514476181679
2022-04-13,116782,"116,150","117,329","116,150",12.07M,0.55%,0.005452318715953876
2022-04-14,116182,"116,781","116,781","115,624",10.37M,-0.51%,-0.005151021845870742
2022-04-18,115687,"116,182","116,191","115,177",8.40M,-0.43%,-0.00426965874685008
2022-04-19,115057,"115,687","115,687","114,277",10.54M,-0.54%,-0.005460610594063471
2022-04-20,114344,"115,057","115,057","113,945",10.75M,-0.62%,-0.0062162091353843195
2022-04-22,111078,"114,343","114,343","110,591",10.88M,-2.86%,-0.02897879137171959
2022-04-25,110685,"111,077","111,155","109,222",11.10M,-0.35%,-0.0035443280566548503
2022-04-26,108213,"110,684","110,685","107,978",11.75M,-2.23%,-0.022586822108929414
2022-04-27,109349,"108,214","110,107","108,214",11.52M,1.05%,0.010443095064034739
2022-04-28,109919,"109,349","110,702","108,905",11.13M,0.52%,0.005199128773638354
2022-04-29,107876,"109,922","111,819","107,876",13.66M,-1.86%,-0.018761311558144967
2022-05-02,106639,"107,876","107,884","105,218",11.94M,-1.15%,-0.011533120866888884
2022-05-03,106528,"106,640","107,127","106,033",9.94M,-0.10%,-0.0010414370895351459
2022-05-04,108344,"106,529","108,382","104,933",14.56M,1.70%,0.016903488960455685
2022-05-05,105304,"108,337","108,337","103,923",13.83M,-2.81%,-0.028459945229963642
2022-05-06,105135,"105,303","106,268","103,984",14.14M,-0.16%,-0.0016061665027087867
2022-05-09,103250,"105,109","105,109","102,768",13.20M,-1.79%,-0.018092006779255626
2022-05-10,103110,"103,251","104,286","102,386",13.51M,-0.14%,-0.0013568523112899083
2022-05-11,104397,"103,110","105,374","103,008",13.43M,1.25%,0.012404559873626073
2022-05-12,105688,"104,395","105,708","103,579",14.00M,1.24%,0.01229041817257478
2022-05-13,106924,"105,691","107,773","105,691",12.37M,1.17%,0.01162694414340801
2022-05-16,108233,"106,925","108,795","106,852",10.60M,1.22%,0.01216800895054939
2022-05-17,108789,"108,246","109,774","108,245",16.50M,0.51%,0.005123915699408505
2022-05-18,106247,"108,788","108,923","106,038",14.75M,-2.34%,-0.02364365425763379
2022-05-19,107005,"106,249","107,420","105,760",11.43M,0.71%,0.0071089902303193096
2022-05-20,108488,"107,056","108,795","107,056",12.87M,1.39%,0.013764005443539715
2022-05-23,110346,"108,500","110,680","108,500",10.69M,1.71%,0.016981315959254846
2022-05-24,110581,"110,340","110,635","108,399",11.72M,0.21%,0.00212740035062155
2022-05-25,110580,"110,580","111,006","109,699",10.74M,0.00%,-9.04318573354839e-06
2022-05-26,111890,"110,577","112,102","110,388",13.08M,1.18%,0.011777004909842785
2022-05-27,111942,"111,890","112,441","111,558",9.98M,0.05%,0.00046463419828718925
2022-05-30,111032,"111,944","112,690","110,655",7.28M,-0.81%,-0.008162431964378242
2022-05-31,111351,"111,036","111,903","110,685",15.81M,0.29%,0.0028689263010249245
2022-06-01,111360,"111,351","111,931","110,822",9.79M,0.01%,8.082223154590913e-05
2022-06-02,112393,"111,363","112,709","111,218",10.05M,0.93%,0.009233461354080964
2022-06-03,111102,"112,392","112,392","110,935",8.76M,-1.15%,-0.011552959656456625
2022-06-06,110186,"111,102","111,935","110,015",8.21M,-0.82%,-0.008278851377692131
2022-06-07,110070,"110,185","110,435","109,394",9.47M,-0.11%,-0.0010533198707413352
2022-06-08,108368,"110,067","110,142","108,045",10.38M,-1.55%,-0.015583684562752545
2022-06-09,107094,"108,367","108,510","107,068",11.96M,-1.18%,-0.01182588899712207
2022-06-10,105481,"107,091","107,092","104,648",12.84M,-1.51%,-0.015176111565047851
2022-06-13,102598,"105,476","105,478","101,700",13.84M,-2.73%,-0.027712402541091127
2022-06-14,102063,"102,598","103,328","101,325",11.56M,-0.52%,-0.005228169691631563
2022-06-15,102807,"102,068","103,952","102,046",16.02M,0.73%,0.007263174410374228
2022-06-17,99825,"102,800","102,801","98,402",18.93M,-2.90%,-0.029434791138744348
2022-06-20,99853,"99,824","100,481","98,409",10.90M,0.03%,0.0002804515287966244
2022-06-21,99685,"99,854","101,069","99,167",11.07M,-0.17%,-0.0016838901832914315
2022-06-22,99522,"99,678","100,374","98,050",11.68M,-0.16%,-0.0016364890428295367
2022-06-23,98080,"99,523","100,232","97,775",12.41M,-1.45%,-0.014595253064059373
2022-06-24,98672,"98,081","99,313","98,031",10.35M,0.60%,0.00601774606123576
2022-06-27,100764,"98,673","101,106","98,672",9.90M,2.12%,0.02097993074028943
2022-06-28,100591,"100,766","102,237","99,956",10.49M,-0.17%,-0.001718358546536145
2022-06-29,99622,"100,592","101,313","99,218",10.45M,-0.96%,-0.009679766709377374
2022-06-30,98542,"99,619","99,619","97,758",14.59M,-1.08%,-0.010900170497298654
2022-07-01,98954,"98,542","99,340","97,231",11.61M,0.42%,0.004172242452110367
2022-07-04,98609,"98,952","99,353","98,264",6.28M,-0.35%,-0.003492560354841687
2022-07-05,98295,"98,608","98,608","96,499",13.36M,-0.32%,-0.003189374173913245
2022-07-06,98719,"98,294","99,141","97,423",13.35M,0.43%,0.004304269286559111
2022-07-07,100730,"98,722","101,420","98,722",12.70M,2.04%,0.02016623950846095
2022-07-08,100289,"100,732","101,577","99,958",9.73M,-0.44%,-0.004387651988041267
2022-07-11,98212,"100,282","100,282","97,854",8.89M,-2.07%,-0.020927610479222376
2022-07-12,98271,"98,212","98,737","97,253",12.57M,0.06%,0.0006005608808223841
2022-07-13,97881,"98,258","98,928","97,403",12.21M,-0.40%,-0.003976513254121659
2022-07-14,96121,"97,879","97,879","95,431",12.58M,-1.80%,-0.018144640637787396
2022-07-15,96551,"96,119","96,971","95,267",11.35M,0.45%,0.004463551672456692
2022-07-18,96916,"96,553","98,291","96,553",10.74M,0.38%,0.0037732577964862957
2022-07-19,98245,"96,920","98,346","96,917",10.30M,1.37%,0.013619734923976747
2022-07-20,98287,"98,244","98,366","97,277",12.94M,0.04%,0.00042741131865929133
2022-07-21,99033,"98,286","99,057","97,088",10.06M,0.76%,0.007561357736891777
2022-07-22,98925,"99,034","99,724","98,321",10.03M,-0.11%,-0.0010911406532223202
2022-07-25,100270,"98,926","100,508","98,925",8.62M,1.36%,0.01350456026434595
2022-07-26,99772,"100,270","100,753","99,365",9.14M,-0.50%,-0.004978964705294824
2022-07-27,101438,"99,773","101,471","99,772",10.26M,1.67%,0.016560191575683916
2022-07-28,102597,"101,437","102,686","101,045",11.13M,1.14%,0.01136091813687384
2022-07-29,103165,"102,597","103,989","102,514",12.93M,0.55%,0.0055209556940963205
2022-08-01,102225,"103,165","103,317","101,764",11.63M,-0.91%,-0.009153381986487248
2022-08-02,103362,"102,225","103,660","101,694",10.12M,1.11%,0.01106112344158114
2022-08-03,103775,"103,362","103,878","102,822",12.38M,0.40%,0.003987704246815446
2022-08-04,105892,"103,777","106,162","103,777",15.50M,2.04%,0.020194612849683408
2022-08-05,106472,"105,893","107,176","105,518",12.95M,0.55%,0.005462332995469149
2022-08-08,108402,"106,473","108,489","106,473",12.67M,1.81%,0.017964499235590157
2022-08-09,108651,"108,403","109,331","107,842",12.15M,0.23%,0.0022943715058616728
2022-08-10,110236,"108,658","110,362","108,657",13.38M,1.46%,0.014482611611097476
2022-08-11,109718,"110,236","111,310","109,604",14.94M,-0.47%,-0.004710084450818251
2022-08-12,112764,"109,718","112,764","109,718",18.70M,2.78%,0.027383701502942084
2022-08-15,113032,"112,767","113,214","111,067",15.55M,0.24%,0.0023738252745784125
2022-08-16,113512,"113,034","113,626","112,690",12.99M,0.43%,0.004237593741505599
2022-08-17,113708,"113,508","114,146","112,483",14.65M,0.17%,0.0017252006743524594
2022-08-18,113813,"113,708","114,375","113,304",10.64M,0.09%,0.0009229917893666024
2022-08-19,111496,"113,807","113,807","111,146",12.68M,-2.04%,-0.02056803485152281
2022-08-22,110501,"111,487","111,487","109,858",11.01M,-0.89%,-0.008964145126594304
2022-08-23,112857,"110,504","112,965","110,503",11.89M,2.13%,0.02109695989155366
2022-08-24,112898,"112,856","113,888","112,632",13.76M,0.04%,0.00036322562468835997
2022-08-25,113532,"112,898","114,156","112,768",11.84M,0.56%,0.005599979303451233
2022-08-26,112299,"113,533","114,091","111,978",11.16M,-1.09%,-0.010919778525058552
2022-08-29,112323,"112,296","113,222","111,689",9.80M,0.02%,0.00021369233727174124
2022-08-30,110431,"112,323","112,869","110,103",11.94M,-1.68%,-0.016987757794204097
2022-08-31,109523,"110,431","111,364","109,523",14.79M,-0.82%,-0.008256318666162162
2022-09-01,110405,"109,524","110,405","108,217",14.48M,0.81%,0.008020849810358475
2022-09-02,110864,"110,409","112,264","110,409",16.69M,0.42%,0.0041488022125126455
2022-09-05,112203,"110,868","112,671","110,865",9.52M,1.21%,0.012005505814031875
2022-09-06,109764,"112,203","112,203","109,348",14.30M,-2.17%,-0.021977124236829522
2022-09-08,109916,"109,771","110,768","108,619",13.76M,0.14%,0.0013838312477834388
2022-09-09,112300,"109,922","112,540","109,922",12.16M,2.17%,0.021457424034386406
2022-09-12,113407,"112,307","114,160","112,305",11.71M,0.98%,0.00980925603919693
2022-09-13,110794,"113,398","113,400","110,522",12.61M,-2.30%,-0.023310496561211938
2022-09-14,110547,"110,794","111,504","110,118",11.63M,-0.22%,-0.002231851329205799
2022-09-15,109954,"110,547","111,100","109,524",11.62M,-0.54%,-0.005378673381343095
2022-09-16,109280,"109,951","109,952","108,489",18.84M,-0.61%,-0.006148700689353675
2022-09-19,111824,"109,283","111,976","108,508",12.59M,2.33%,0.023012810912293284
2022-09-20,112517,"111,824","112,544","111,393",12.57M,0.62%,0.006178114604678937
2022-09-21,111936,"112,517","113,294","111,380",14.73M,-0.52%,-0.0051770419433151554
2022-09-22,114070,"111,942","114,392","111,819",15.68M,1.91%,0.01888501564366962
2022-09-23,111716,"114,070","114,070","110,732",13.54M,-2.06%,-0.020852358399003977
2022-09-26,109114,"111,713","111,713","109,022",13.13M,-2.33%,-0.023566729394643063
2022-09-27,108376,"109,122","110,161","108,120",14.52M,-0.68%,-0.006786544967724179
2022-09-28,108451,"108,377","108,970","107,914",13.54M,0.07%,0.0006917957910327217
2022-09-29,107664,"108,449","108,449","106,244",14.59M,-0.73%,-0.0072831916235058915
2022-09-30,110037,"107,664","110,502","107,315",16.54M,2.20%,0.021801406425251878
2022-10-03,116134,"110,048","116,134","110,048",20.98M,5.54%,0.05392802395067569
2022-10-04,116230,"116,147","118,280","115,837",16.08M,0.08%,0.0008262898337266618
2022-10-05,117198,"116,231","117,514","115,906",13.56M,0.83%,0.008293825495273166
2022-10-06,117561,"117,200","118,382","117,144",14.52M,0.31%,0.003092535658306616
2022-10-07,116375,"117,560","117,960","115,924",13.62M,-1.01%,-0.010139612211965188
2022-10-10,115941,"116,377","116,841","115,261",11.43M,-0.37%,-0.003736294571900606
2022-10-11,114827,"115,928","115,928","114,297",13.14M,-0.96%,-0.009654793155451242
2022-10-13,114300,"114,819","115,367","112,690",14.58M,-0.46%,-0.0046000770691143125
2022-10-14,112072,"114,301","114,712","111,631",13.10M,-1.95%,-0.019685048906952152
2022-10-17,113624,"112,107","114,406","112,090",11.63M,1.38%,0.013753229685014192
2022-10-18,115743,"113,627","115,795","113,627",14.74M,1.87%,0.01847746439683312
2022-10-19,116274,"115,744","116,459","115,264",12.73M,0.46%,0.004577258796507264
2022-10-20,117171,"116,276","117,367","116,276",16.92M,0.77%,0.007684931479311958
2022-10-21,119929,"117,170","120,752","116,736",18.58M,2.35%,0.023265494760105525
2022-10-24,116013,"119,922","119,924","115,793",13.28M,-3.27%,-0.03319764721896051
2022-10-25,114626,"116,016","116,203","114,626",14.73M,-1.20%,-0.012027599153723175
2022-10-26,112764,"114,626","114,626","112,577",16.09M,-1.62%,-0.016377515449973047
2022-10-27,114641,"112,766","116,236","112,765",15.53M,1.66%,0.016508367251771076
2022-10-28,114539,"114,636","114,712","113,336",14.39M,-0.09%,-0.0008901300875714478
2022-10-31,116037,"114,533","116,763","112,113",21.64M,1.31%,0.012993729411792092
2022-11-01,116929,"116,037","118,261","115,547",17.97M,0.77%,0.007657807225534398
2022-11-03,116896,"116,927","117,373","114,485",15.63M,-0.03%,-0.0002822623775823929
2022-11-04,118155,"116,907","120,039","116,904",16.21M,1.08%,0.010712671210525302
2022-11-07,115342,"118,148","118,240","115,221",15.22M,-2.38%,-0.024095693748319456
2022-11-08,116160,"115,340","117,072","114,688",14.24M,0.71%,0.007066923001408058
2022-11-09,113580,"116,153","116,183","113,110",20.53M,-2.22%,-0.022461116627199473
2022-11-10,109775,"113,579","113,579","108,516",26.03M,-3.35%,-0.03407461800150528
2022-11-11,112253,"109,775","113,010","109,408",25.04M,2.26%,0.022322435875354176
2022-11-14,113161,"112,256","114,322","111,930",15.08M,0.81%,0.008056331116076664
2022-11-16,110243,"113,166","113,473","109,512",18.35M,-2.58%,-0.02612456319145525
2022-11-17,109703,"110,241","110,242","107,245",23.12M,-0.49%,-0.004910306029655465
2022-11-18,108870,"109,706","111,585","108,512",18.77M,-0.76%,-0.007622204325012813
2022-11-21,109748,"108,868","110,235","107,957",16.65M,0.81%,0.008032318661522871
2022-11-22,109037,"109,750","110,224","107,867",15.06M,-0.65%,-0.006499554384144379
2022-11-23,108841,"109,036","109,285","107,902",13.20M,-0.18%,-0.0017991724990256087
2022-11-24,111831,"108,846","112,612","108,846",10.30M,2.75%,0.02710070147300093
2022-11-25,108977,"111,831","112,025","108,552",12.31M,-2.55%,-0.025851952355178724
2022-11-28,108782,"108,977","109,476","108,378",11.49M,-0.18%,-0.00179097123079314
2022-11-29,110910,"108,784","112,187","108,784",14.72M,1.96%,0.019373182058179658
2022-11-30,112486,"110,910","112,486","110,202",19.70M,1.42%,0.01410970783952787
2022-12-01,110926,"112,479","112,479","110,548",15.19M,-1.39%,-0.013965457131547676
2022-12-02,111924,"110,926","113,761","109,963",15.98M,0.90%,0.008956757208096359
2022-12-05,109401,"111,922","112,150","109,270",12.31M,-2.25%,-0.022800038818797972
2022-12-06,110189,"109,403","110,663","109,217",13.44M,0.72%,0.007177042510889501
2022-12-07,109069,"110,188","110,247","108,612",13.83M,-1.02%,-0.010216363750144826
2022-12-08,107249,"109,068","109,286","106,906",14.92M,-1.67%,-0.0168274757193399
2022-12-09,107520,"107,250","108,566","107,089",10.68M,0.25%,0.0025236430195059332
2022-12-12,105343,"107,518","107,561","103,877",15.48M,-2.02%,-0.020455183914944584
2022-12-13,103540,"105,345","106,689","103,409",17.70M,-1.71%,-0.01726368138613953
2022-12-14,103746,"103,536","104,516","101,632",24.92M,0.20%,0.001987592676952027
2022-12-15,103738,"103,739","105,483","103,014",15.57M,-0.01%,-7.711437994222506e-05
2022-12-16,102856,"103,737","104,018","102,248",18.26M,-0.85%,-0.00853853798881733
2022-12-19,104740,"102,859","105,107","102,770",16.77M,1.83%,0.018151137069393912
2022-12-20,106864,"104,740","107,792","104,607",19.13M,2.03%,0.020075909131938522
2022-12-21,107433,"106,866","107,991","106,066",17.63M,0.53%,0.005310399465840515
2022-12-22,107552,"107,436","108,383","106,510",11.49M,0.11%,0.001107054093574423
2022-12-23,109698,"107,552","109,994","107,552",12.85M,2.00%,0.01975668403172763
2022-12-26,108738,"109,699","109,755","108,309",5.22M,-0.87%,-0.008789816521653915
2022-12-27,108578,"108,739","109,353","107,418",11.16M,-0.15%,-0.0014725103435595222
2022-12-28,110237,"108,578","110,536","108,578",11.19M,1.53%,0.015163784833163925
2022-12-29,109735,"110,237","111,178","109,560",13.39M,-0.46%,-0.0045642251875514985
2023-01-02,106376,"109,734","109,734","105,981",8.13M,-3.06%,-0.031088380800417193
2023-01-03,104166,"106,377","106,684","103,852",14.47M,-2.08%,-0.02099420706653834
2023-01-04,105334,"104,167","105,627","103,915",14.45M,1.12%,0.0111504735248312
2023-01-05,107641,"105,336","107,743","105,333",15.51M,2.19%,0.021665362029534996
2023-01-06,108964,"107,642","109,433","107,642",12.63M,1.23%,0.012215936404677608
2023-01-09,109130,"108,964","109,938","108,134",12.05M,0.15%,0.0015222796780880374
2023-01-10,110817,"109,129","111,193","108,478",13.70M,1.55%,0.015340360021955301
2023-01-11,112517,"110,816","112,552","110,752",14.46M,1.53%,0.015224129192498144
2023-01-12,111850,"112,516","113,129","110,982",19.84M,-0.59%,-0.005945633403313446
2023-01-13,110916,"111,843","111,847","110,428",15.94M,-0.84%,-0.008385529865497688
2023-01-16,109213,"110,908","110,908","108,753",12.51M,-1.54%,-0.015473054226393996
2023-01-17,111439,"109,214","111,577","109,214",14.36M,2.04%,0.020177252148420158
2023-01-18,112228,"111,442","113,306","111,441",14.13M,0.71%,0.007055160329618718
2023-01-19,112922,"112,219","113,172","111,307",15.59M,0.62%,0.006164798560421804
2023-01-20,112041,"112,922","113,025","111,735",15.44M,-0.78%,-0.007832439146839275
2023-01-23,111737,"112,041","113,061","111,542",13.70M,-0.27%,-0.002716980105373682
2023-01-24,113028,"111,746","113,040","111,669",11.55M,1.16%,0.011487679998185759
2023-01-25,114270,"113,028","114,426","111,927",11.41M,1.10%,0.01092849352994189
2023-01-26,114178,"114,271","114,835","113,591",10.92M,-0.08%,-0.0008054349784069853
2023-01-27,112316,"114,178","114,191","112,044",10.61M,-1.63%,-0.016442307072468333
2023-01-30,112273,"112,319","112,920","111,824",11.27M,-0.04%,-0.000382921697192808
2023-01-31,113431,"112,273","113,691","112,145",12.90M,1.03%,0.010261317131410048
2023-02-01,112074,"113,430","113,598","110,729",17.82M,-1.20%,-0.012035355136743317
2023-02-02,110141,"112,072","112,943","109,747",15.24M,-1.72%,-0.01739800425855267
2023-02-03,108523,"110,141","110,570","108,185",13.24M,-1.47%,-0.014799231064251501
2023-02-06,108722,"108,518","108,744","107,416",11.51M,0.18%,0.0018320334705923815
2023-02-07,107830,"108,727","109,037","107,234",12.96M,-0.82%,-0.008238252659028182
2023-02-08,109951,"107,832","110,175","107,830",13.84M,1.97%,0.019478899108630984
2023-02-09,108008,"109,952","110,046","107,767",12.96M,-1.77%,-0.017829513547666972
2023-02-10,108078,"108,002","108,647","107,620",14.46M,0.07%,0.000647890214531385
2023-02-13,108836,"108,074","109,193","107,420",9.97M,0.70%,0.006988973375813656
2023-02-14,107849,"108,839","109,564","107,557",11.89M,-0.91%,-0.00911006139033879
2023-02-15,109600,"107,849","110,210","107,267",15.50M,1.62%,0.016105273858963844
2023-02-16,109941,"109,599","110,437","108,378",13.00M,0.31%,0.003106483747706812
2023-02-17,109177,"109,941","109,941","108,968",10.06M,-0.70%,-0.006973439845518097
2023-02-22,107152,"109,174","109,174","106,720",9.36M,-1.85%,-0.01872203124840941
2023-02-23,107593,"107,152","108,663","106,731",11.46M,0.41%,0.004107202681689986
2023-02-24,105798,"107,582","107,611","105,360",10.22M,-1.67%,-0.01682397419554295
2023-02-27,105711,"105,807","106,402","105,227",9.57M,-0.08%,-0.000822660075047172
2023-02-28,104932,"105,706","106,794","104,932",15.67M,-0.74%,-0.007396434264688777
2023-03-01,104385,"104,933","105,497","103,105",19.85M,-0.52%,-0.005226534349182459
2023-03-02,103326,"104,375","104,912","103,321",14.74M,-1.01%,-0.010196948414105664
2023-03-03,103866,"103,326","104,440","103,323",13.10M,0.52%,0.005212568271830045
2023-03-06,104700,"103,865","105,171","103,170",14.28M,0.80%,0.007997511053843678
2023-03-07,104228,"104,700","105,179","103,480",12.58M,-0.45%,-0.0045183106428519125
2023-03-08,106540,"104,228","106,721","104,228",15.90M,2.22%,0.021939694255213867
2023-03-09,105071,"106,540","106,724","105,053",19.17M,-1.38%,-0.013884189368912538
2023-03-10,103618,"105,071","105,071","103,201",17.95M,-1.38%,-0.013925252212757321
2023-03-13,103121,"103,608","103,907","102,255",12.99M,-0.48%,-0.004808003883395273
2023-03-14,102932,"103,121","104,153","102,482",13.13M,-0.18%,-0.0018344799930477879
2023-03-15,102675,"102,930","103,048","100,692",15.25M,-0.25%,-0.002499916188117925
2023-03-16,103435,"102,683","103,911","102,455",14.39M,0.74%,0.007374736252390298
2023-03-17,101982,"103,434","103,434","101,664",17.56M,-1.40%,-0.014147068971743178
2023-03-20,100923,"101,982","102,328","100,679",10.90M,-1.04%,-0.010438477276184173
2023-03-21,100998,"100,923","101,670","100,923",9.67M,0.07%,0.0007428648179143755
2023-03-22,100221,"100,998","101,888","100,129",11.50M,-0.77%,-0.007722967134907642
2023-03-23,97926,"100,221","101,126","96,997",15.66M,-2.29%,-0.023165656133478183
2023-03-24,98829,"97,926","99,258","97,688",12.41M,0.92%,0.0091789925551817
2023-03-27,99670,"98,833","99,997","98,833",9.99M,0.85%,0.008473645027569168
2023-03-28,101185,"99,672","101,559","99,488",13.50M,1.52%,0.015085795544257924
2023-03-29,101793,"101,185","102,213","100,248",12.46M,0.60%,0.005990814949587406
2023-03-30,103713,"101,796","104,085","101,796",14.90M,1.89%,0.018686129525218156
2023-03-31,101882,"103,714","104,041","101,476",15.12M,-1.77%,-0.017812188141497452
2023-04-03,101506,"101,883","101,916","100,651",12.79M,-0.37%,-0.00369737082171847
2023-04-04,101869,"101,505","103,056","101,505",11.70M,0.36%,0.003569764085872889
2023-04-05,100978,"101,869","101,960","99,898",13.26M,-0.88%,-0.008785002788613789
2023-04-06,100822,"100,978","101,628","100,443",9.82M,-0.15%,-0.001546085540881546
2023-04-10,101847,"100,822","102,196","100,819",8.15M,1.02%,0.010115101366414084
2023-04-11,106214,"101,849","106,455","101,848",18.73M,4.29%,0.04198423970344941
2023-04-12,106890,"106,218","108,277","106,217",17.35M,0.64%,0.0063443414244011755
2023-04-13,106458,"106,890","107,037","106,220",12.18M,-0.40%,-0.004049727116356964
2023-04-14,106279,"106,458","106,701","104,934",11.50M,-0.17%,-0.0016828294301670728
2023-04-17,106016,"106,279","106,830","105,623",10.25M,-0.25%,-0.002477685621844956
2023-04-18,106163,"106,023","106,475","105,122",11.21M,0.14%,0.0013856227385310406
2023-04-19,103913,"106,149","106,149","103,604",12.71M,-2.12%,-0.021421638269739165
2023-04-20,104367,"103,913","104,615","103,087",12.38M,0.44%,0.004359522940646583
2023-04-24,103947,"104,367","104,822","103,247",10.94M,-0.40%,-0.004032379668220517
2023-04-25,103220,"103,947","103,947","102,633",10.87M,-0.70%,-0.007018521138122192
2023-04-26,102312,"103,220","103,668","102,233",10.12M,-0.88%,-0.008835664589562206
2023-04-27,102923,"102,310","103,177","101,975",11.30M,0.60%,0.005954167711183415
2023-04-28,104432,"102,923","104,432","102,449",13.09M,1.47%,0.014555006050659403
2023-05-02,101927,"104,431","104,447","101,569",12.02M,-2.40%,-0.024279271108780823
2023-05-03,101797,"101,927","102,331","101,433",11.69M,-0.13%,-0.0012762366500276377
2023-05-04,102174,"101,798","103,321","101,063",14.84M,0.37%,0.003696608138469472
2023-05-05,105148,"102,175","105,306","102,175",16.70M,2.91%,0.02869163924831479
2023-05-08,106042,"105,161","106,716","105,161",13.26M,0.85%,0.00846636052936719
2023-05-09,107114,"106,028","107,731","105,549",13.53M,1.01%,0.010058445814768979
2023-05-10,107448,"107,114","107,744","106,538",13.58M,0.31%,0.003113321741800698
2023-05-11,108256,"107,446","108,667","106,419",12.77M,0.75%,0.007491782991523907
2023-05-12,108464,"108,256","108,817","107,497",11.92M,0.19%,0.0019195280903117284
2023-05-15,109029,"108,469","109,271","108,356",11.60M,0.52%,0.0051955812000380585
2023-05-16,108194,"109,029","110,151","108,085",16.90M,-0.77%,-0.007687989878898361
2023-05-17,109460,"108,194","109,774","108,188",13.99M,1.17%,0.011633273706022523
2023-05-18,110108,"109,459","110,206","108,864",13.61M,0.59%,0.005902516590239115
2023-05-19,110745,"110,113","111,211","109,787",16.14M,0.58%,0.005768558873227288
2023-05-22,110213,"110,745","111,643","110,178",11.77M,-0.48%,-0.00481540408589961
2023-05-23,109929,"110,213","111,325","109,713",12.33M,-0.26%,-0.0025801542418404473
2023-05-24,108800,"109,920","109,920","108,546",12.98M,-1.03%,-0.010323368429656242
2023-05-25,110054,"108,800","111,115","108,800",14.75M,1.15%,0.011459820005035749
2023-05-26,110906,"110,058","111,706","109,900",11.02M,0.77%,0.007711841261250943
2023-05-29,110333,"110,906","111,168","110,195",5.91M,-0.52%,-0.0051799301317757155
2023-05-30,108967,"110,333","111,291","108,552",11.59M,-1.24%,-0.012457981459515256
2023-05-31,108335,"108,967","109,137","108,193",15.86M,-0.58%,-0.00581680593816757
2023-06-01,110565,"108,339","110,745","108,335",14.67M,2.06%,0.020375305150691376
2023-06-02,112558,"110,568","113,070","110,567",14.55M,1.80%,0.017865061037563173
2023-06-05,112696,"112,558","113,071","111,736",9.08M,0.12%,0.0012252836110806717
2023-06-06,114610,"112,697","114,783","112,696",15.03M,1.70%,0.016841132550602083
2023-06-07,115488,"114,610","115,978","114,610",14.02M,0.77%,0.007631567951770253
2023-06-09,117019,"115,489","117,603","115,489",13.53M,1.33%,0.013169686315428942
2023-06-12,117336,"117,022","117,735","116,704",12.02M,0.27%,0.002705299168647004
2023-06-13,116743,"117,337","117,924","116,363",12.39M,-0.51%,-0.0050666763663981835
2023-06-14,119069,"116,753","119,085","116,745",16.94M,1.99%,0.019728219428663984
2023-06-15,119221,"119,068","119,686","118,693",12.30M,0.13%,0.0012757566042694954
2023-06-16,118758,"119,208","119,555","118,487",15.25M,-0.39%,-0.003891104544336419
2023-06-19,119858,"118,757","119,939","118,558",6.78M,0.93%,0.009219899690348168
2023-06-20,119622,"119,858","119,858","118,416",10.92M,-0.20%,-0.001970937668256502
2023-06-21,120420,"119,623","120,519","119,332",11.74M,0.67%,0.006648860947556989
2023-06-22,118934,"120,420","120,420","118,018",11.83M,-1.23%,-0.012416914633101283
2023-06-23,118977,"118,959","119,386","118,178",12.85M,0.04%,0.0003614797169379921
2023-06-26,118243,"118,977","119,148","117,491",10.46M,-0.62%,-0.006188368117621177
2023-06-27,117523,"118,246","119,212","116,561",13.08M,-0.61%,-0.006107769892942953
2023-06-28,116681,"117,524","117,937","116,560",10.65M,-0.72%,-0.007190343697688273
2023-06-29,118383,"116,683","118,623","116,683",11.06M,1.46%,0.014481415648187869
2023-06-30,118087,"118,388","119,447","118,087",13.82M,-0.25%,-0.0025034901221922604
2023-07-03,119673,"118,092","119,877","118,092",8.91M,1.34%,0.013341382272906427
2023-07-04,119076,"119,673","119,678","118,830",6.56M,-0.50%,-0.005001078490683472
2023-07-05,119549,"119,072","120,200","118,688",10.96M,0.40%,0.003964384448282826
2023-07-06,117426,"119,548","119,548","117,096",11.03M,-1.78%,-0.01791798121750038
2023-07-07,118898,"117,427","119,549","117,427",10.52M,1.25%,0.012457634746513064
2023-07-10,117942,"118,897","118,897","117,814",8.10M,-0.80%,-0.008073004493683622
2023-07-11,117556,"117,942","117,942","115,704",10.59M,-0.33%,-0.003278162410501691
2023-07-12,117666,"117,557","119,156","117,557",8.94M,0.09%,0.0009352867335422405
2023-07-13,119264,"117,671","119,739","117,668",9.26M,1.36%,0.013489420770090722
2023-07-14,117711,"119,268","119,329","117,526",8.98M,-1.30%,-0.01310705545361318
2023-07-17,118219,"117,711","118,302","116,591",8.20M,0.43%,0.004306368711596117
2023-07-18,117841,"118,218","118,732","117,324",8.58M,-0.32%,-0.003202578353638522
2023-07-19,117552,"117,842","118,011","116,660",9.73M,-0.25%,-0.0024554693232708377
2023-07-20,118083,"117,558","118,290","117,484",8.99M,0.45%,0.00450697815556613
2023-07-21,120217,"118,090","120,373","118,086",11.18M,1.81%,0.017910676015625137
2023-07-24,121342,"120,220","121,772","120,099",10.49M,0.94%,0.009314561940047709
2023-07-25,122008,"121,344","123,010","121,344",11.43M,0.55%,0.00547361136472209
2023-07-26,122560,"122,003","122,747","121,370",9.99M,0.45%,0.004514089638398527
2023-07-27,119990,"122,560","122,599","119,825",10.68M,-2.10%,-0.021192300015983684
2023-07-28,120187,"120,002","120,660","119,706",8.46M,0.16%,0.0016404571976407986
2023-07-31,121943,"120,188","122,149","120,188",10.12M,1.46%,0.014504859266509323
2023-08-01,121248,"121,945","121,945","120,154",10.30M,-0.57%,-0.005715687604257242
2023-08-02,120859,"121,249","121,252","119,798",10.57M,-0.32%,-0.003213457973082703
2023-08-03,120586,"120,859","122,619","120,365",13.03M,-0.23%,-0.002261385544040287
2023-08-04,119508,"120,586","121,442","119,215",15.07M,-0.89%,-0.008979876581564539
2023-08-07,119380,"119,509","120,104","118,894",8.73M,-0.11%,-0.0010716319969989762
2023-08-08,119090,"119,378","119,553","117,492",10.25M,-0.24%,-0.002432172960599404
2023-08-09,118409,"119,090","119,090","117,901",11.25M,-0.57%,-0.005734776705366373
2023-08-10,118350,"118,412","119,438","118,113",12.69M,-0.05%,-0.0004983971145451817
2023-08-11,118065,"118,350","119,054","117,415",11.87M,-0.24%,-0.00241101569746973
2023-08-14,116810,"118,067","118,082","116,530",11.20M,-1.06%,-0.010686637094918424
2023-08-15,116171,"116,809","117,697","116,033",14.64M,-0.55%,-0.005485439604896778
2023-08-16,115592,"116,171","117,338","115,534",18.86M,-0.50%,-0.004996493871397838
2023-08-17,114982,"115,592","116,610","114,859",12.75M,-0.53%,-0.005291155317996252
2023-08-18,115409,"114,973","115,729","114,423",10.60M,0.37%,0.003706746261041019
2023-08-21,114429,"115,404","115,425","114,067",9.79M,-0.85%,-0.008527797309970555
2023-08-22,116156,"114,433","116,286","114,433",9.83M,1.51%,0.014979571897486443
2023-08-23,118135,"116,160","118,135","116,159",11.54M,1.70%,0.01689392309356802
2023-08-24,117026,"118,135","118,136","116,848",9.20M,-0.94%,-0.009431905983161114
2023-08-25,115837,"117,025","117,252","115,397",9.21M,-1.02%,-0.010212101820280293
2023-08-28,117121,"115,838","117,253","115,836",9.60M,1.11%,0.011023557915919415
2023-08-29,118404,"117,124","118,493","117,124",9.63M,1.10%,0.010894917235112956
2023-08-30,117535,"118,404","118,841","117,471",8.92M,-0.73%,-0.007366344093548398
2023-08-31,115742,"117,537","117,637","115,742",12.95M,-1.53%,-0.015372585462495463
2023-09-01,117893,"115,744","117,991","115,744",11.89M,1.86%,0.01841385732428279
2023-09-04,117777,"117,893","118,576","117,590",5.53M,-0.10%,-0.0009844274567653562
2023-09-05,117331,"117,776","117,957","116,637",10.87M,-0.38%,-0.003794005605888875
2023-09-06,115985,"117,331","117,971","115,984",9.92M,-1.15%,-0.01153812796838103
2023-09-08,115313,"115,979","115,979","114,839",8.36M,-0.58%,-0.0058107021314274115
2023-09-11,116883,"115,316","117,131","115,316",8.79M,1.36%,0.01352326419536635
2023-09-12,117968,"116,885","118,154","116,885",9.19M,0.93%,0.009239966783122078
2023-09-13,118176,"117,968","119,318","117,722",12.08M,0.18%,0.0017616374228578418
2023-09-14,119392,"118,181","119,748","118,181",13.28M,1.03%,0.010237158368594604
2023-09-15,118758,"119,393","119,780","118,666",16.11M,-0.53%,-0.005324387972094324
2023-09-18,118288,"118,759","119,486","118,123",11.27M,-0.40%,-0.003965480251908858
2023-09-19,117846,"118,288","118,458","117,628",11.45M,-0.37%,-0.0037436414596252496
2023-09-20,118695,"117,864","119,616","117,847",9.24M,0.72%,0.007178490374147347
2023-09-21,116145,"118,695","118,695","116,013",12.69M,-2.15%,-0.021717767222469795
2023-09-22,116009,"116,147","116,968","115,855",9.44M,-0.12%,-0.0011716362031894793
2023-09-25,115925,"116,009","116,031","115,573",9.58M,-0.07%,-0.0007243440260826449
2023-09-26,114193,"115,922","115,922","114,162",11.24M,-1.49%,-0.015053430906268485
2023-09-27,114327,"114,193","115,340","113,366",13.36M,0.12%,0.0011727640062871142
2023-09-28,115731,"114,327","115,954","114,180",10.39M,1.23%,0.012205769246978242
2023-09-29,116565,"115,742","116,899","115,742",11.14M,0.72%,0.007180524704794024
2023-10-02,115057,"116,565","116,672","114,761",8.52M,-1.29%,-0.01302139958711682
2023-10-03,113419,"115,055","115,056","113,151",11.10M,-1.42%,-0.014338731982347329
2023-10-04,113607,"113,430","114,075","113,036",10.81M,0.17%,0.001656198347092969
2023-10-05,113284,"113,609","114,359","112,705",9.51M,-0.28%,-0.0028471840504804124
2023-10-06,114170,"113,283","114,491","111,599",13.14M,0.78%,0.007790625631772158
2023-10-09,115156,"114,169","115,219","113,448",9.47M,0.86%,0.008599165169752992
2023-10-10,116737,"115,158","116,900","115,158",11.62M,1.37%,0.013635810454851072
2023-10-11,117051,"116,737","117,099","116,231",9.95M,0.27%,0.002686195945125053
2023-10-13,115754,"117,050","117,070","115,658",10.61M,-1.11%,-0.011142487653287889
2023-10-16,116534,"115,760","116,905","115,760",8.99M,0.67%,0.006715826316028309
2023-10-17,115908,"116,526","116,917","115,564",10.37M,-0.54%,-0.005386302935546328
2023-10-18,114060,"115,907","115,907","113,952",15.49M,-1.60%,-0.01607214725676642
2023-10-19,114004,"114,059","115,063","113,768",11.50M,-0.05%,-0.0004910902301587092
2023-10-20,113155,"113,996","114,090","112,533",11.74M,-0.74%,-0.007474975265524419
2023-10-23,112785,"113,145","113,680","112,164",10.70M,-0.33%,-0.0032752087346098464
2023-10-24,113762,"112,814","114,249","112,814",10.71M,0.87%,0.008625195274300473
2023-10-25,112830,"113,762","114,319","112,680",12.31M,-0.82%,-0.008226285622045588
2023-10-26,114777,"112,840","114,886","112,840",12.77M,1.73%,0.017108854230627496
2023-10-27,113301,"114,777","115,342","112,953",12.29M,-1.29%,-0.012943121260640605
2023-10-30,112532,"113,303","114,204","112,309",9.74M,-0.68%,-0.006810368478073566
2023-10-31,113144,"112,534","113,597","112,098",10.56M,0.54%,0.005423718075930647
2023-11-01,115053,"113,157","115,433","113,157",13.90M,1.69%,0.016731548042509113
2023-11-03,118160,"115,062","118,502","115,062",15.71M,2.70%,0.026646746462416493
2023-11-06,118431,"118,160","118,758","118,045",10.17M,0.23%,0.002290874281098561
2023-11-07,119268,"118,422","119,577","118,026",16.39M,0.71%,0.007042549269645791
2023-11-08,119177,"119,268","119,976","118,464",15.19M,-0.08%,-0.000763278780582562
2023-11-09,119034,"119,180","120,257","118,446",15.57M,-0.12%,-0.0012006164045962441
2023-11-10,120568,"119,036","120,823","119,036",11.75M,1.29%,0.01280474252868529
2023-11-13,120410,"120,561","120,606","119,878",11.20M,-0.13%,-0.0013113232132475451
2023-11-14,123166,"120,411","123,370","120,411",19.43M,2.29%,0.022630453081478603
2023-11-16,124639,"123,165","124,737","123,165",18.36M,1.20%,0.011888519998099752
2023-11-17,124773,"124,639","125,431","124,547",15.72M,0.11%,0.0010745273915701153
2023-11-20,125957,"124,773","126,162","124,773",11.11M,0.95%,0.00944449248912782
2023-11-21,125626,"125,957","125,957","125,060",10.79M,-0.26%,-0.0026313398837409024
2023-11-22,126035,"125,626","126,875","125,439",14.06M,0.33%,0.0032504071754888243
2023-11-23,126576,"126,035","126,760","125,764",7.82M,0.43%,0.004283272122888811
2023-11-24,125517,"126,553","126,553","125,341",9.61M,-0.84%,-0.008401710713500456
2023-11-27,125731,"125,517","125,826","124,840",11.01M,0.17%,0.0017034965591811197
2023-11-28,126538,"125,726","126,916","125,388",12.39M,0.64%,0.00639795419014923
2023-11-29,126166,"126,541","127,388","126,018",12.42M,-0.29%,-0.002944158135289032
2023-11-30,127331,"126,168","127,399","126,168",19.24M,0.92%,0.009191494983656689
2023-12-01,128185,"127,331","128,185","126,656",13.70M,0.67%,0.006684537797562972
2023-12-04,126803,"128,183","128,183","126,643",10.27M,-1.08%,-0.010839831931558554
2023-12-05,126903,"126,802","127,489","126,491",11.96M,0.08%,0.0007883140736023013
2023-12-06,125623,"126,907","127,538","125,614",10.84M,-1.01%,-0.010137656814245093
2023-12-07,126010,"125,623","126,581","125,566",10.51M,0.31%,0.0030759105930024217
2023-12-08,127094,"126,010","127,289","125,562",10.75M,0.86%,0.008565701275842639
2023-12-11,126916,"127,093","127,154","126,526",7.09M,-0.14%,-0.001401519854623815
2023-12-12,126403,"126,923","127,359","126,013",10.27M,-0.40%,-0.004050234694499416
2023-12-13,129465,"126,406","129,793","126,299",15.07M,2.42%,0.023935358731409447
2023-12-14,130842,"129,469","131,260","129,469",15.82M,1.06%,0.010579914058932455
2023-12-15,130197,"130,842","131,661","129,884",15.14M,-0.49%,-0.004941800364307401
2023-12-18,131084,"130,202","131,447","130,198",9.60M,0.68%,0.006789651046256875
2023-12-19,131851,"131,088","132,047","131,086",9.43M,0.59%,0.005834158066107167
2023-12-20,130804,"131,851","132,341","130,710",10.34M,-0.79%,-0.007972477551456357
2023-12-21,132182,"130,826","132,277","130,822",8.68M,1.05%,0.010479741214703336
2023-12-22,132753,"132,182","133,035","132,094",8.23M,0.43%,0.00431049792678752
2023-12-26,133533,"132,753","133,645","132,753",5.15M,0.59%,0.0058583795681217705
2023-12-27,134194,"133,523","134,195","133,328",6.17M,0.49%,0.004937875844239198
2023-12-28,134185,"134,194","134,392","133,832",7.81M,-0.01%,-6.706933108308713e-05
2024-01-02,132697,"134,186","134,195","132,095",8.44M,-1.11%,-0.011151111120500233
2024-01-03,132834,"132,697","133,576","132,250",8.70M,0.10%,0.0010318946726110474
2024-01-04,131226,"132,831","132,885","131,024",8.97M,-1.21%,-0.012179200761672608
2024-01-05,132023,"131,218","132,635","130,579",9.20M,0.61%,0.006055122223694892
2024-01-08,132427,"132,023","132,498","131,015",8.50M,0.31%,0.0030554003728050453
2024-01-09,131447,"132,424","132,426","131,203",9.29M,-0.74%,-0.007427821655432804
2024-01-10,130841,"131,447","131,628","130,438",8.96M,-0.46%,-0.0046208829859076565
2024-01-11,130649,"130,841","131,308","129,898",9.76M,-0.15%,-0.0014685076638053325
2024-01-12,130988,"130,652","131,927","130,410",10.66M,0.26%,0.0025913780520761273
2024-01-15,131521,"130,988","131,606","130,253",5.75M,0.41%,0.004060818733389685
2024-01-16,129294,"131,515","131,517","129,147",11.91M,-1.69%,-0.017077653696460776
2024-01-17,128524,"129,293","129,296","128,312",9.95M,-0.60%,-0.005973223664964214
2024-01-18,127316,"128,524","129,047","127,316",12.46M,-0.94%,-0.009443472305787633
2024-01-19,127636,"127,319","127,820","126,533",11.96M,0.25%,0.002510277762401069
2024-01-22,126602,"127,636","127,843","125,876",9.51M,-0.81%,-0.008134155406876772
2024-01-23,128263,"126,612","128,331","126,612",9.37M,1.31%,0.01303453606265835
2024-01-24,127816,"128,275","129,446","127,680",8.82M,-0.35%,-0.003491113710989531
2024-01-25,128169,"127,815","128,697","127,803",8.76M,0.28%,0.0027579758482396627
2024-01-26,128967,"128,196","129,252","127,869",8.51M,0.62%,0.006206852108702923
2024-01-29,128503,"128,970","129,068","127,853",8.76M,-0.36%,-0.0036043073159573572
2024-01-30,127402,"128,492","128,492","127,105",10.04M,-0.86%,-0.008604808764287172
2024-01-31,127752,"127,402","129,558","127,326",12.50M,0.28%,0.00274344293659742
2024-02-01,128481,"127,752","128,481","127,284",10.23M,0.57%,0.005690148942173557
2024-02-02,127182,"128,471","128,878","126,628",10.98M,-1.01%,-0.010161902022084704
2024-02-05,127593,"127,182","127,834","126,443",9.64M,0.32%,0.0032263790130588987
2024-02-06,130416,"127,593","130,417","127,593",13.78M,2.21%,0.021883830880387756
2024-02-07,129950,"130,412","130,552","129,426",15.43M,-0.36%,-0.0035795802646023333
2024-02-08,128217,"129,950","130,126","127,912",13.63M,-1.33%,-0.013425620088023612
2024-02-09,128026,"128,216","128,896","127,579",12.12M,-0.15%,-0.0014907727069481086
2024-02-14,127018,"128,026","128,026","126,663",7.75M,-0.79%,-0.007904559593542904
2024-02-15,127804,"127,018","127,824","126,932",10.98M,0.62%,0.006169031659187545
2024-02-16,128726,"127,809","129,069","127,653",10.12M,0.72%,0.007188274042595667
2024-02-19,129036,"128,720","129,036","128,097",5.80M,0.24%,0.0024053207956215286
2024-02-20,129916,"129,033","129,916","128,326",12.24M,0.68%,0.006796652565672778
2024-02-21,130032,"129,916","130,034","129,359",12.59M,0.09%,0.0008924862487866743
2024-02-22,130241,"130,035","130,829","129,971",10.77M,0.16%,0.0016060063465825327
2024-02-23,129419,"130,240","130,624","129,077",9.23M,-0.63%,-0.006331377539186314
2024-02-26,129609,"129,417","129,978","129,077",7.44M,0.15%,0.0014670231332196565
2024-02-27,131689,"129,613","131,696","129,613",10.05M,1.61%,0.015920856150823223
2024-02-28,130155,"131,685","131,685","129,771",9.05M,-1.16%,-0.011717034188725326
2024-02-29,129020,"130,155","130,155","128,669",12.00M,-0.87%,-0.008758616809467108
2024-03-01,129180,"129,026","129,716","128,717",9.77M,0.12%,0.00123934950023103
2024-03-04,128341,"129,176","129,307","128,278",7.97M,-0.65%,-0.006515996509290135
2024-03-05,128098,"128,336","128,989","127,823",9.69M,-0.19%,-0.0018951881167270476
2024-03-06,128890,"128,099","129,323","128,099",11.06M,0.62%,0.006163731438378765
2024-03-07,128340,"128,890","129,188","128,033",7.35M,-0.43%,-0.004276335094318919
2024-03-08,127071,"128,335","128,338","125,802",11.94M,-0.99%,-0.009937006958761882
2024-03-11,126124,"127,068","127,068","126,065",8.90M,-0.75%,-0.007480435363486232
2024-03-12,127668,"126,124","128,039","126,121",9.48M,1.22%,0.01216759432210807
2024-03-13,128006,"127,668","128,530","127,439",8.84M,0.26%,0.002643993498789292
2024-03-14,127690,"127,992","128,256","127,192",9.29M,-0.25%,-0.002471686384428921
2024-03-15,126742,"127,682","127,957","126,502",14.99M,-0.74%,-0.007451927328027859
2024-03-18,126954,"126,758","127,540","126,272",10.51M,0.17%,0.0016712920136448418
2024-03-19,127529,"126,955","128,000","126,955",11.18M,0.45%,0.00451897359361349
2024-03-20,129125,"127,534","129,210","127,349",10.82M,1.25%,0.012437137723982226
2024-03-21,128159,"129,125","129,556","128,093",9.57M,-0.75%,-0.007509246896761935
2024-03-22,127027,"128,159","128,159","126,879",9.37M,-0.88%,-0.008872018255095255
2024-03-25,126931,"127,027","127,224","126,750",8.06M,-0.08%,-0.0007560305607435953
2024-03-26,126863,"126,931","127,193","126,591",9.44M,-0.05%,-0.0005358676850296386
2024-03-27,127691,"126,863","127,756","126,223",9.92M,0.65%,0.006505518830585492
2024-03-28,128106,"127,689","128,364","127,270",9.94M,0.33%,0.003244763340540919
2024-04-01,126990,"128,106","128,659","126,772",9.37M,-0.87%,-0.008749703012356686
2024-04-02,127549,"126,990","127,654","126,669",9.07M,0.44%,0.004392261293424517
2024-04-03,127318,"127,546","127,694","126,181",11.03M,-0.18%,-0.0018127106550001452
2024-04-04,127428,"127,313","129,627","127,178",13.24M,0.09%,0.0008636053703424347
2024-04-05,126795,"127,422","127,432","126,394",9.10M,-0.50%,-0.0049798901607081844
2024-04-08,128857,"126,796","129,178","126,796",8.13M,1.63%,0.01613165331024497
2024-04-09,129890,"128,858","129,956","128,826",8.49M,0.80%,0.007984676059946936
2024-04-10,128054,"129,872","129,872","127,732",10.45M,-1.41%,-0.01423588846381297
2024-04-11,127396,"128,051","128,051","127,069",8.88M,-0.51%,-0.005151704484472637
2024-04-12,125946,"127,396","127,640","125,635",10.25M,-1.14%,-0.011447101810982662
2024-04-15,125334,"125,946","126,250","125,034",13.50M,-0.49%,-0.0048710698033499495
2024-04-16,124389,"125,316","125,316","123,756",14.01M,-0.75%,-0.007568421898465382
2024-04-17,124171,"124,389","125,301","123,642",11.37M,-0.17%,-0.001754104086712878
2024-04-18,124196,"124,171","125,140","123,397",10.66M,0.02%,0.00020131499019147966
2024-04-19,125124,"124,197","125,509","124,056",13.60M,0.75%,0.007444282733868799
2024-04-22,125573,"125,124","126,081","124,633",10.26M,0.36%,0.0035820171768103665
2024-04-23,125148,"125,572","125,826","124,310",11.26M,-0.34%,-0.0033902258451907535
2024-04-24,124741,"125,149","125,473","124,556",10.53M,-0.33%,-0.0032574491865496255
2024-04-25,124646,"124,718","124,732","123,703",10.09M,-0.08%,-0.0007618681374343625
2024-04-26,126526,"124,651","126,826","124,651",8.90M,1.51%,0.01497010104218486
2024-04-29,127352,"126,527","127,352","126,467",8.39M,0.65%,0.006507085407557888
2024-04-30,125924,"127,352","127,352","125,856",10.89M,-1.12%,-0.011276355687514365
2024-05-02,127122,"125,926","127,670","125,926",11.55M,0.95%,0.009468704904888155
2024-05-03,128509,"127,130","128,787","127,130",12.80M,1.09%,0.010851685522961802
2024-05-06,128466,"128,506","129,181","128,294",8.78M,-0.03%,-0.0003346629080753262
2024-05-07,129210,"128,466","129,745","128,464",10.18M,0.58%,0.005774709849033894
2024-05-08,129481,"129,210","129,564","128,048",9.79M,0.21%,0.002095164494585319
2024-05-09,128188,"129,468","129,468","127,376",13.37M,-1.00%,-0.010036215867398085
2024-05-10,127600,"128,188","129,022","127,467",12.57M,-0.46%,-0.004597565450626492
2024-05-13,128155,"127,600","128,669","127,599",8.92M,0.44%,0.004340097915470137
2024-05-14,128515,"128,155","128,965","127,962",11.89M,0.28%,0.0028051602140311497
2024-05-15,128028,"128,514","128,646","127,029",10.86M,-0.38%,-0.0037966390428662154
2024-05-16,128284,"128,029","128,965","127,922",9.86M,0.20%,0.001997566131322412
2024-05-17,128151,"128,280","128,464","127,696",10.26M,-0.10%,-0.0010372999935700743
2024-05-20,127751,"128,151","128,730","127,488",9.34M,-0.31%,-0.0031261992932503442
2024-05-21,127412,"127,754","128,272","127,205",9.14M,-0.27%,-0.0026571266167435144
2024-05-22,125650,"127,412","127,412","125,524",12.40M,-1.38%,-0.01392566623548185
2024-05-23,124729,"125,650","125,665","124,431",9.99M,-0.73%,-0.007356880201527858
2024-05-24,124306,"124,731","125,257","124,259",9.21M,-0.34%,-0.0033971161226249323
2024-05-27,124496,"124,297","124,535","124,081",4.33M,0.15%,0.001527319209125891
2024-05-28,123780,"124,498","125,392","123,537",9.18M,-0.58%,-0.005767790563358857
2024-05-29,122707,"123,780","123,780","122,458",8.26M,-0.87%,-0.008706396506871387
2024-05-31,122098,"122,704","122,837","121,929",15.92M,-0.50%,-0.0049753988382189905
2024-06-03,122032,"122,100","122,495","121,496",8.43M,-0.05%,-0.000540695544242259
2024-06-04,121802,"122,032","122,032","120,878",8.53M,-0.19%,-0.0018865299196508466
2024-06-05,121407,"121,803","122,170","121,253",8.77M,-0.32%,-0.0032482379131143885
2024-06-06,122899,"121,408","123,246","121,377",8.40M,1.23%,0.012214342253267339
2024-06-07,120767,"122,899","122,899","120,679",9.80M,-1.73%,-0.017499810469744748
2024-06-10,120760,"120,769","121,421","120,540",6.57M,-0.01%,-5.796453400212958e-05
2024-06-11,121635,"120,760","121,759","120,757",7.49M,0.73%,0.007219652225992292
2024-06-12,119936,"121,644","122,483","119,544",11.28M,-1.40%,-0.014066489888727994
2024-06-13,119568,"119,936","120,222","119,171",8.54M,-0.31%,-0.0030730199879679715
2024-06-14,119662,"119,558","120,214","118,828",7.85M,0.08%,0.000785854657339038
2024-06-17,119138,"119,663","119,663","118,685",7.38M,-0.44%,-0.004388616758943528
2024-06-18,119630,"119,138","120,109","118,872",8.10M,0.41%,0.00412116109648303
2024-06-19,120261,"119,630","120,383","118,960",5.65M,0.53%,0.005260734710851384
2024-06-20,120446,"120,267","121,607","120,156",8.66M,0.15%,0.0015371388154596386
2024-06-21,121341,"120,446","121,580","120,061",12.91M,0.74%,0.007403244076491306
2024-06-24,122637,"121,343","122,840","121,307",7.84M,1.07%,0.010624008639217501
2024-06-25,122331,"122,634","122,849","121,997",6.94M,-0.25%,-0.0024982867897572394
2024-06-26,122641,"122,331","122,701","121,402",8.18M,0.25%,0.002530902841750003
2024-06-27,124308,"122,642","124,308","122,642",8.71M,1.36%,0.013500968387139657
2024-06-28,123907,"124,308","124,500","123,298",9.07M,-0.32%,-0.0032310726496325593
2024-07-01,124718,"123,905","125,220","123,735",8.23M,0.65%,0.006523904486149746
2024-07-02,124787,"124,720","125,491","124,310",8.37M,0.06%,0.000553095142454202
2024-07-03,125662,"124,787","126,581","124,787",8.53M,0.70%,0.006987478968918411
2024-07-04,126164,"125,666","126,660","125,666",6.54M,0.40%,0.003986885110760889
2024-07-05,126267,"126,165","126,662","125,556",8.09M,0.08%,0.0008160646332357508
2024-07-08,126548,"126,280","126,551","125,614",7.43M,0.22%,0.002222970280368836
2024-07-09,127108,"126,548","127,295","125,937",6.68M,0.44%,0.004415435943297461
2024-07-10,127218,"127,109","127,769","126,928",8.15M,0.09%,0.0008650315489507095
2024-07-11,128294,"127,221","128,326","127,221",7.97M,0.85%,0.008422354805978454
2024-07-12,128897,"128,293","129,015","128,002",7.21M,0.47%,0.004689130684152285
2024-07-15,129321,"128,898","129,485","128,723",5.83M,0.33%,0.0032840497646897506
2024-07-16,129110,"129,322","129,521","128,761",6.82M,-0.16%,-0.0016329313966617306
2024-07-17,129450,"129,112","129,658","128,741",6.67M,0.26%,0.00262995201091946
2024-07-18,127652,"129,450","129,454","127,523",7.59M,-1.39%,-0.013986894791038394
2024-07-19,127616,"127,652","128,360","127,413",7.62M,-0.03%,-0.0002820565071897861
2024-07-22,127860,"127,616","128,151","127,456",6.10M,0.19%,0.00191016043926227
2024-07-23,126590,"127,860","127,860","126,530",7.02M,-0.99%,-0.009982397689843906
2024-07-24,126423,"126,596","126,823","126,218",7.30M,-0.13%,-0.0013200904637447452
2024-07-25,125954,"126,423","126,423","125,626",7.13M,-0.37%,-0.0037166662562890516
2024-07-26,127492,"125,964","127,700","125,953",8.27M,1.22%,0.012136856603182469
2024-07-29,126954,"127,492","127,657","126,606",7.08M,-0.42%,-0.004228801409678736
2024-07-30,126139,"126,951","126,951","125,973",6.85M,-0.64%,-0.006440342617507741
2024-07-31,127652,"126,139","127,853","126,139",9.47M,1.20%,0.011923337901809213
2024-08-01,127395,"127,652","128,762","127,150",9.81M,-0.20%,-0.0020153155064259556
2024-08-02,125854,"127,395","128,104","125,731",9.95M,-1.21%,-0.012169990954167735
2024-08-05,125270,"125,851","125,851","123,073",10.89M,-0.46%,-0.004651097089814019
2024-08-06,126267,"125,270","126,966","125,261",10.05M,0.80%,0.007927304699751168
2024-08-07,127514,"126,268","127,517","126,268",8.84M,0.99%,0.009827449936188596
2024-08-08,128661,"127,515","128,793","127,515",8.62M,0.90%,0.008954875884050749
2024-08-09,130615,"128,662","130,631","128,662",11.32M,1.52%,0.015073026388575743
2024-08-12,131116,"130,615","131,662","130,615",8.60M,0.38%,0.0038283627992324117
2024-08-13,132398,"131,115","132,430","131,115",9.80M,0.98%,0.009730110084734643
2024-08-14,133318,"132,398","133,777","132,112",12.16M,0.69%,0.006924714178231648
2024-08-15,134153,"133,319","134,575","133,319",10.53M,0.63%,0.006243687821181924
2024-08-16,133953,"134,154","134,781","133,852",10.87M,-0.15%,-0.0014919474916521766
2024-08-19,135778,"133,953","136,179","133,953",11.28M,1.36%,0.013532206898797954
2024-08-20,136087,"135,779","136,330","135,312",8.11M,0.23%,0.0022731880386230425
2024-08-21,136464,"136,088","137,040","136,086",9.57M,0.28%,0.002766456482937556
2024-08-22,135173,"136,462","136,462","134,836",8.05M,-0.95%,-0.00950540405342919
2024-08-23,135608,"135,174","136,478","135,174",8.65M,0.32%,0.003212931292860682
2024-08-26,136889,"135,608","137,013","135,596",7.56M,0.94%,0.009402007629042862
2024-08-27,136776,"136,888","137,213","136,664",6.75M,-0.08%,-0.000825827244419881
2024-08-28,137344,"136,776","137,469","135,746",7.46M,0.42%,0.004144176367370539
2024-08-29,136041,"137,349","137,370","135,858",8.39M,-0.95%,-0.009532416677018079
2024-08-30,136004,"136,041","136,139","134,910",18.40M,-0.03%,-0.00027201382291998073
2024-09-02,134906,"136,004","136,004","134,497",5.53M,-0.81%,-0.008106057452960298
2024-09-03,134353,"134,907","135,011","134,171",8.80M,-0.41%,-0.004107575067319941
2024-09-04,136111,"134,359","136,838","134,359",9.42M,1.31%,0.013000064767783927
2024-09-05,136502,"136,112","136,656","135,959",7.53M,0.29%,0.002868537216582497
2024-09-06,134572,"136,508","136,653","134,476",7.56M,-1.41%,-0.014239894735791372
2024-09-09,134737,"134,574","135,250","134,399",6.59M,0.12%,0.001225358384945627
2024-09-10,134320,"134,738","134,738","133,754",8.25M,-0.31%,-0.0030997174121956714
2024-09-11,134677,"134,319","135,087","133,757",7.95M,0.27%,0.0026543062532213965
2024-09-12,134029,"134,677","134,777","133,591",7.00M,-0.48%,-0.00482312457612533
2024-09-13,134882,"134,031","135,879","134,031",8.87M,0.64%,0.0063441276924853605
2024-09-16,135118,"134,885","135,715","134,870",6.71M,0.18%,0.0017481485933467122
2024-09-17,134960,"135,118","135,118","134,180",7.31M,-0.12%,-0.001170032494500436
2024-09-18,133748,"134,960","135,203","133,748",9.79M,-0.90%,-0.009021005844426208
2024-09-19,133123,"133,748","134,759","133,123",9.25M,-0.47%,-0.004683919516628995
2024-09-20,131065,"133,121","133,128","130,907",13.61M,-1.55%,-0.01558012952758168
2024-09-23,130568,"131,065","131,065","130,100",9.14M,-0.38%,-0.0037992195006812594
2024-09-24,132156,"130,570","133,073","130,570",9.37M,1.22%,0.012088879122412523
2024-09-25,131586,"132,156","132,982","131,489",10.53M,-0.43%,-0.0043224127173843
2024-09-26,133010,"131,595","133,313","131,594",11.62M,1.08%,0.01076368311178182
2024-09-27,132730,"133,010","133,923","132,628",9.34M,-0.21%,-0.002107323727093892
2024-09-30,131816,"132,761","133,120","131,816",9.13M,-0.69%,-0.006909978882980574
2024-10-01,132495,"131,817","133,405","131,817",9.84M,0.51%,0.005137898110074999
2024-10-02,133515,"132,495","134,922","132,495",9.40M,0.77%,0.00766892221379923
2024-10-03,131672,"133,514","133,514","131,176",9.82M,-1.38%,-0.013899849337237553
2024-10-04,131792,"131,672","131,936","131,156",7.05M,0.09%,0.0009109404571259264
2024-10-07,132018,"131,792","132,943","131,676",7.70M,0.17%,0.001713354727165996
2024-10-08,131512,"132,016","132,016","130,371",9.09M,-0.38%,-0.003840174718849688
2024-10-09,129962,"131,510","131,520","129,719",9.22M,-1.18%,-0.011856002174155205
2024-10-10,130353,"129,963","130,418","129,835",7.62M,0.30%,0.0030040550413403277
2024-10-11,129992,"130,354","130,354","129,338",7.97M,-0.28%,-0.0027732449739193235
2024-10-14,131005,"129,992","131,220","129,729",8.50M,0.78%,0.007762580311230397
2024-10-15,131043,"131,005","131,457","130,200",7.98M,0.03%,0.0002900232038889461
2024-10-16,131750,"131,045","132,233","130,780",10.28M,0.54%,0.005380673805877023
2024-10-17,130793,"131,716","131,716","129,902",7.09M,-0.73%,-0.0072902666500213615
2024-10-18,130499,"130,793","131,725","130,121",8.68M,-0.22%,-0.0022503568733109975
2024-10-21,130362,"130,499","131,124","130,157",7.77M,-0.11%,-0.0010503679169802341
2024-10-22,129951,"130,346","130,346","129,094",8.22M,-0.31%,-0.0031577396558577276
2024-10-23,129233,"129,949","129,949","128,589",7.96M,-0.55%,-0.005540479633756526
2024-10-24,130067,"129,233","130,130","128,798",8.31M,0.65%,0.006432725614386
2024-10-25,129893,"130,067","130,529","129,806",8.51M,-0.13%,-0.0013386676872169329
2024-10-28,131213,"129,894","131,421","129,894",7.14M,1.02%,0.010110922348497786
2024-10-29,130730,"131,214","131,765","130,693",7.64M,-0.37%,-0.0036878293934430274
2024-10-30,130639,"130,730","131,027","130,473",7.33M,-0.07%,-0.0006963335642482905
2024-10-31,129713,"130,639","130,798","129,642",9.07M,-0.71%,-0.007113476406936603
2024-11-01,128121,"129,718","129,902","128,070",9.90M,-1.23%,-0.012349187709445274
2024-11-04,130515,"128,130","130,609","128,128",9.01M,1.87%,0.018513032792958968
2024-11-05,130661,"130,515","130,769","129,692",8.56M,0.11%,0.0011180201489259976
2024-11-06,130341,"130,613","130,670","128,822",10.54M,-0.24%,-0.002452089718391597
2024-11-07,129682,"130,341","131,319","129,406",10.52M,-0.51%,-0.005068793229482798
2024-11-08,127830,"129,647","129,647","126,973",13.18M,-1.43%,-0.014384043707218757
2024-11-11,127874,"127,829","128,095","127,306",8.40M,0.03%,0.00034414792443029566
2024-11-12,127698,"127,873","128,210","127,411",9.52M,-0.14%,-0.001377302895638991
2024-11-13,127734,"127,698","128,100","126,869",12.69M,0.03%,0.0002818754129346631
2024-11-14,127792,"127,734","128,423","127,389",13.14M,0.05%,0.0004539655533768568
2024-11-18,127768,"127,791","128,277","127,226",10.74M,-0.02%,-0.00018782282102487892
2024-11-19,128197,"127,768","128,579","127,235",9.10M,0.34%,0.0033520239227176553
2024-11-21,126922,"128,197","128,197","126,594",10.27M,-0.99%,-0.009995418728117846
2024-11-22,129126,"126,944","129,126","126,944",9.19M,1.74%,0.01721594729489479
2024-11-25,129036,"129,125","129,495","128,932",14.41M,-0.07%,-0.0006972366471133576
2024-11-26,129922,"129,043","130,361","129,042",9.75M,0.69%,0.006842835187160359
2024-11-27,127669,"129,923","130,283","127,669",12.32M,-1.73%,-0.017493293275629644
2024-11-28,124610,"127,667","127,668","124,390",12.83M,-2.40%,-0.02425211715314425
2024-11-29,125668,"124,611","126,056","123,946",16.40M,0.85%,0.008454648848413971
2024-12-02,125236,"125,668","125,901","124,734",11.52M,-0.34%,-0.0034435515327743906
2024-12-03,126139,"125,235","126,417","125,233",9.99M,0.72%,0.007184516234283463
2024-12-04,126087,"126,139","126,720","125,828",9.39M,-0.04%,-0.0004123286317567259
2024-12-05,127858,"126,088","127,989","126,087",9.53M,1.40%,0.013948128234742944
2024-12-06,125946,"127,856","127,872","125,833",11.22M,-1.50%,-0.01506702944776106
2024-12-09,127210,"125,946","127,542","125,946",9.37M,1.00%,0.009986020508195198
2024-12-10,128228,"127,213","128,511","127,213",9.14M,0.80%,0.007970665207083812
2024-12-11,129593,"128,228","130,899","127,362",13.17M,1.06%,0.01058884073857268
2024-12-12,126042,"129,587","129,587","125,829",13.45M,-2.74%,-0.027783585372177712
2024-12-13,124612,"126,102","126,290","124,578",11.76M,-1.13%,-0.011410274839385441
2024-12-16,123560,"124,610","124,956","123,495",11.07M,-0.84%,-0.008478041851832006
2024-12-17,124698,"123,560","125,301","123,560",17.56M,0.92%,0.00916794601461006
2024-12-18,120772,"124,699","124,699","120,457",19.74M,-3.15%,-0.03199034351075531
2024-12-19,121188,"120,768","121,770","120,768",13.68M,0.34%,0.003438588278184418
2024-12-20,122102,"121,183","122,209","120,700",18.13M,0.75%,0.007513702166467861
2024-12-23,120767,"122,105","122,105","120,617",9.95M,-1.09%,-0.010993691626247833
2024-12-26,121078,"120,767","121,612","120,428",8.34M,0.26%,0.0025718966398290137
2024-12-27,120269,"121,078","121,609","120,252",8.94M,-0.67%,-0.006704065349936698
2024-12-30,120283,"120,267","121,050","120,158",8.90M,0.01%,0.00011639894921510464
2025-01-02,120125,"120,283","120,782","119,120",9.37M,-0.13%,-0.001314432321291081
2025-01-03,118533,"120,125","120,356","118,404",9.80M,-1.33%,-0.01334146447125227
2025-01-06,120022,"118,534","120,322","118,534",9.69M,1.26%,0.012483656492673228
2025-01-07,121163,"120,022","121,713","120,022",11.12B,0.95%,0.009461687187697528
2025-01-08,119625,"121,160","121,160","119,351",10.23B,-1.27%,-0.012774896726456675
2025-01-09,119781,"119,625","120,145","119,502",6.61B,0.13%,0.0013032256675200825
2025-01-10,118856,"119,781","120,052","118,732",9.26B,-0.77%,-0.00775239910558664
2025-01-13,119007,"118,856","119,729","118,743",8.16B,0.13%,0.0012696385758534997
2025-01-14,119299,"119,007","119,451","118,223",9.35B,0.25%,0.0024506319281611235
2025-01-15,122650,"119,309","122,988","119,303",11.93B,2.81%,0.027701823865432074
2025-01-16,121234,"122,649","122,660","120,796",11.31B,-1.15%,-0.011612208357115844
2025-01-17,122350,"121,258","122,674","121,074",10.24B,0.92%,0.009163227541298164
2025-01-20,122855,"122,349","123,172","121,511",6.05B,0.41%,0.004119008290983231
2025-01-21,123338,"122,850","123,462","122,290",7.82B,0.39%,0.00392375591250131
2025-01-22,122972,"123,345","123,865","122,926",9.98B,-0.30%,-0.0029718669106065325
2025-01-23,122483,"122,965","123,958","122,159",9.49B,-0.40%,-0.003984442337193341
2025-01-24,122447,"122,483","122,908","122,196",7.78B,-0.03%,-0.00029396154214868876
2025-01-27,124862,"122,443","124,862","122,207",11.02B,1.97%,0.01953084414318824
2025-01-28,124056,"124,861","124,881","123,973",8.31B,-0.65%,-0.006476050883557276
2025-01-29,123432,"124,056","124,767","123,278",7.35B,-0.50%,-0.00504267942112313
2025-01-30,126913,"123,433","127,169","123,432",11.69B,2.82%,0.027811415201105315
2025-01-31,126135,"126,914","127,532","126,057",10.24B,-0.61%,-0.006149050388858984
2025-02-03,125970,"126,135","126,473","125,566",9.55B,-0.13%,-0.0013089785887593485
2025-02-04,125147,"125,964","125,964","124,694",9.78B,-0.65%,-0.0065547370082615726
2025-02-05,125534,"125,146","125,846","124,637",9.96B,0.31%,0.0030875918593463916
2025-02-06,126225,"125,531","126,399","125,249",10.03B,0.55%,0.005489390529683085
2025-02-07,124619,"126,219","126,524","124,320",10.95B,-1.27%,-0.012804946055257282
2025-02-10,125572,"124,619","126,386","124,619",8.91B,0.76%,0.007618216555498503
2025-02-11,126522,"125,571","126,886","125,570",11.24B,0.76%,0.00753690684471233
2025-02-12,124380,"126,513","126,513","124,116",14.63B,-1.69%,-0.0170748104141898
2025-02-13,124850,"124,372","124,853","123,778",9.05B,0.38%,0.0037716210500390217
2025-02-14,128219,"124,849","128,482","124,849",12.56B,2.70%,0.026626722707610986
2025-02-17,128552,"128,229","129,534","128,229",9.97B,0.26%,0.002593752306058867
2025-02-18,128532,"128,553","129,294","128,012",10.99B,-0.02%,-0.00015559116895914318
2025-02-19,127309,"128,528","128,528","127,028",9.30B,-0.95%,-0.009560698370298793
2025-02-20,127601,"127,309","127,871","127,063",10.64B,0.23%,0.0022910056703818312
2025-02-21,127128,"127,601","127,654","126,483",11.09B,-0.37%,-0.0037137549602408626
2025-02-24,125401,"127,129","127,275","125,162",10.15B,-1.36%,-0.013677850261652285
2025-02-25,125980,"125,401","126,718","125,382",11.08B,0.46%,0.004606561545100005
2025-02-26,124769,"125,980","126,563","124,732",11.36B,-0.96%,-0.00965913655010595
2025-02-27,124799,"124,768","125,497","124,352",12.55B,0.02%,0.00024041543903455525
2025-02-28,122799,"124,798","124,916","122,659",24.87B,-1.60%,-0.016155570725302146
2025-03-05,123047,"122,799","123,364","122,747",9.60B,0.20%,0.002017523849252383
2025-03-06,123358,"123,048","124,112","122,681",10.06B,0.25%,0.0025243007661649598
2025-03-07,125035,"123,357","125,822","122,530",9.98B,1.36%,0.01350300113679017
2025-03-10,124519,"125,031","125,031","123,471",9.37B,-0.41%,-0.004135383406876392
2025-03-11,123507,"124,519","124,625","122,636",8.81B,-0.81%,-0.008160480079024965
2025-03-12,123864,"123,507","124,048","122,969",8.25B,0.29%,0.0028863548908202754
2025-03-13,125637,"123,863","125,774","123,590",11.26B,1.43%,0.01421260712489139
2025-03-14,128957,"125,647","129,194","125,647",14.57B,2.64%,0.026082218821007423
2025-03-17,130834,"128,959","131,313","128,957",11.06B,1.46%,0.014450328622338027
2025-03-18,131475,"130,832","131,834","130,722",10.99B,0.49%,0.004887375392635493
2025-03-19,132508,"131,476","132,984","131,451",12.20B,0.79%,0.007826301486720281
2025-03-20,131955,"132,505","132,713","131,813",14.19B,-0.42%,-0.004182065589380538
2025-03-21,132345,"132,005","132,588","131,776",14.19B,0.30%,0.0029511939694301667
2025-03-24,131321,"132,344","132,424","130,992",8.30B,-0.77%,-0.0077674417514866844
2025-03-25,132068,"131,327","133,471","131,325",9.24B,0.57%,0.0056722338658424755
2025-03-26,132520,"132,069","132,984","132,068",9.40B,0.34%,0.0034166359751616956
2025-03-27,133149,"132,522","133,904","132,479",10.02B,0.47%,0.0047352244733442385
2025-03-28,131902,"133,143","133,143","131,315",8.91B,-0.94%,-0.00940957929445312
2025-03-31,130260,"131,900","131,901","130,115",9.99B,-1.25%,-0.012526769492330753
2025-04-01,131147,"130,267","131,982","130,081",8.97B,0.68%,0.006786378361898407
2025-04-02,131190,"131,151","131,424","130,393",8.82B,0.03%,0.0003278226127849457
2025-04-03,131141,"131,185","132,552","130,182",12.33B,-0.04%,-0.000373573848076326
2025-04-04,127256,"131,139","131,139","126,466",13.18B,-2.96%,-0.030072274648803184
2025-04-07,125588,"127,229","128,411","123,876",14.05B,-1.31%,-0.013194097527605355
2025-04-08,123932,"125,588","127,652","123,454",12.81B,-1.32%,-0.013273679979389812
2025-04-09,127796,"123,928","128,649","122,887",16.92B,3.12%,0.030702214460010903
2025-04-10,126355,"127,796","127,797","124,895",11.46B,-1.13%,-0.01133983688209734
2025-04-11,127682,"126,355","128,386","126,078",10.08B,1.05%,0.01044739207224015
2025-04-14,129454,"127,683","129,955","127,683",10.61B,1.39%,0.01378280794230977
2025-04-15,129245,"129,452","129,927","128,951",8.84B,-0.16%,-0.0016157777607980288
2025-04-16,128317,"129,245","129,605","128,149",11.54B,-0.72%,-0.007206063128188696
2025-04-17,129650,"128,316","130,091","127,973",9.98B,1.04%,0.010334747192132409
2025-04-22,130464,"129,650","130,877","128,726",8.61B,0.63%,0.006258814652169437
2025-04-23,132216,"130,468","133,318","130,468",11.34B,1.34%,0.013339622201682142
2025-04-24,134580,"132,245","134,938","132,223",14.11B,1.79%,0.01772186892164681
2025-04-25,134739,"134,579","134,992","134,186",13.05B,0.12%,0.0011807560437469182
2025-04-28,135016,"134,741","135,709","134,711",11.45B,0.21%,0.002053716130264175
2025-04-29,135093,"135,017","136,150","134,899",12.76B,0.06%,0.000570140218103051
2025-04-30,135067,"135,094","135,171","133,955",15.45B,-0.02%,-0.0001924785318350126
2025-05-02,135134,"135,067","135,275","134,355",12.74B,0.05%,0.0004959271162815518
2025-05-05,133491,"135,131","135,198","133,390",10.80B,-1.22%,-0.012232818899308136
2025-05-06,133516,"133,499","134,135","133,260",11.14B,0.02%,0.00018726100868555107
2025-05-07,133398,"133,517","134,110","132,872",9.94B,-0.09%,-0.0008841799807237204
2025-05-08,136232,"133,458","137,635","133,458",17.20B,2.12%,0.021022173858916963
2025-05-09,136512,"136,232","137,286","136,105",13.88B,0.21%,0.0020532081245819575
2025-05-12,136563,"136,516","137,519","136,356",10.92B,0.04%,0.00037352376155242996
2025-05-13,138963,"136,565","139,419","136,550",13.07B,1.76%,0.017421664035833125
2025-05-14,138423,"138,965","139,362","138,228",11.16B,-0.39%,-0.003893496298796144
2025-05-15,139334,"138,425","139,408","138,321",11.50B,0.66%,0.006559714186720443
2025-05-16,139187,"139,335","139,335","137,713",12.11B,-0.11%,-0.0010555757996663702
2025-05-19,139636,"139,186","140,203","138,587",9.59B,0.32%,0.0032206840046605616
2025-05-20,140110,"139,636","140,244","138,966",9.65B,0.34%,0.003388791643950728
2025-05-21,137881,"140,109","140,109","137,538",10.15B,-1.59%,-0.016036834077283194
2025-05-22,137273,"137,881","138,837","137,088",13.22B,-0.44%,-0.004419350542264226
2025-05-23,137824,"137,273","137,824","134,997",10.68B,0.40%,0.004005865108107232
2025-05-26,138136,"137,824","138,800","137,795",5.55B,0.23%,0.0022611982384291027
2025-05-27,139541,"138,136","140,382","138,136",11.19B,1.02%,0.01011975777918124
2025-05-28,138888,"139,541","139,547","138,580",9.73B,-0.47%,-0.004690611949663191
2025-05-29,138534,"138,869","139,108","137,993",8.83B,-0.25%,-0.002552070074725886
2025-05-30,137027,"138,546","138,637","136,726",15.14B,-1.09%,-0.010937796162595348
2025-06-02,136787,"137,026","138,471","136,483",9.10B,-0.18%,-0.0017530152692064717
2025-06-03,137546,"136,787","137,672","136,175",9.70B,0.56%,0.005533435180198869
2025-06-04,137002,"137,547","138,797","136,695",10.20B,-0.40%,-0.003962882351605313
2025-06-05,136236,"137,003","137,451","136,031",9.48B,-0.56%,-0.005606848291316322
2025-06-06,136102,"136,236","136,890","135,601",9.12B,-0.10%,-0.0009840713437989103
2025-06-09,135699,"136,102","136,106","134,119",7.76B,-0.30%,-0.0029654070096847124
2025-06-10,136436,"135,716","137,369","135,716",8.19B,0.54%,0.005416442587922202
2025-06-11,137128,"136,443","137,531","135,628",8.77B,0.51%,0.005059155999920468
2025-06-12,137800,"137,127","137,931","136,175",7.12B,0.49%,0.0048885623748023185
2025-06-13,137213,"137,800","137,800","136,586",8.63B,-0.43%,-0.00426889558988934
2025-06-16,139256,"137,212","139,988","137,212",7.62B,1.49%,0.01477950286073916
2025-06-17,138840,"139,256","139,497","138,293",8.38B,-0.30%,-0.002991774856822558
2025-06-18,138717,"138,844","139,161","138,443",8.32B,-0.09%,-0.0008863044927833528
2025-06-20,137116,"138,715","138,719","136,815",11.29B,-1.15%,-0.01160860360541788
2025-06-23,136551,"137,116","137,130","135,835",7.73B,-0.41%,-0.004129111677696224
2025-06-24,137165,"136,552","138,156","136,254",8.08B,0.45%,0.004486409489219979
2025-06-25,135767,"137,163","137,163","135,565",7.71B,-1.02%,-0.01024439953093223
2025-06-26,137114,"135,767","137,353","135,756",8.02B,0.99%,0.009872515423233304
2025-06-27,136866,"137,113","137,209","136,469",6.24B,-0.18%,-0.0018103516149526658
2025-06-30,138855,"136,865","139,103","136,430",7.68B,1.45%,0.014427878203027652
2025-07-01,139549,"138,855","139,695","138,855",6.35B,0.50%,0.00498557087900986
2025-07-02,139051,"139,586","140,049","138,384",8.81B,-0.36%,-0.00357502175450304
2025-07-03,140928,"139,051","141,304","139,051",6.08B,1.35%,0.013408349348369071
2025-07-04,141264,"140,928","141,564","140,597",3.31B,0.24%,0.0023813584990666514
2025-07-07,139490,"141,265","141,342","139,295",6.12B,-1.26%,-0.012637566055082773
2025-07-08,139303,"139,491","139,591","138,770",6.75B,-0.13%,-0.0013414972975935146
2025-07-09,137481,"139,303","139,331","137,299",7.58B,-1.31%,-0.01316569106609318
2025-07-10,136743,"137,472","137,472","136,014",9.57B,-0.54%,-0.005382474048349521
2025-07-11,136187,"136,742","136,742","135,528",7.40B,-0.41%,-0.0040743104029118925
2025-07-14,135299,"136,187","136,187","134,840",7.33B,-0.65%,-0.006541797122767666
2025-07-15,135250,"135,298","136,022","134,380",6.90B,-0.04%,-0.0003622264398372477
2025-07-16,135511,"135,250","135,641","134,265",7.83B,0.19%,0.0019279001099889968
2025-07-17,135565,"135,515","135,792","135,016",6.80B,0.04%,0.00039841225866030157
2025-07-18,133382,"135,562","135,562","133,296",10.07B,-1.61%,-0.01623403825166329
2025-07-21,134167,"133,382","134,865","133,367",6.73B,0.59%,0.005868100815894877
2025-07-22,134036,"134,180","135,300","133,986",7.05B,-0.10%,-0.000976872073895821
2025-07-23,135368,"134,036","135,782","133,676",6.53B,0.99%,0.009888575180749624
2025-07-24,133808,"135,357","135,363","133,648",5.98B,-1.15%,-0.011591059127155513
2025-07-25,133524,"133,820","134,204","133,285",5.56B,-0.21%,-0.0021246996756061906
2025-07-28,132129,"133,538","133,902","131,550",6.63B,-1.04%,-0.010502518870021092
2025-07-29,132726,"132,130","133,346","132,130",6.32B,0.45%,0.004508134723397957
2025-07-30,133990,"132,702","134,368","131,883",8.66B,0.95%,0.009478317483576104
2025-07-31,133071,"133,987","133,987","132,096",9.20B,-0.69%,-0.006882349931289211
2025-08-01,132437,"132,920","133,237","132,140",8.50B,-0.48%,-0.004775759713574871
2025-08-04,132971,"132,440","133,929","132,440",6.14B,0.40%,0.004023998678027445
2025-08-05,133151,"132,971","134,233","132,682",6.61B,0.14%,0.0013527632247580187
2025-08-06,134538,"133,169","135,241","133,169",8.68B,1.04%,0.010362864461010604
2025-08-07,136528,"134,538","137,007","134,533",9.50B,1.48%,0.014683034774780354
2025-08-08,135913,"136,526","136,761","135,659",9.89B,-0.45%,-0.004514746639640715
2025-08-11,135623,"135,913","136,307","135,496",6.95B,-0.21%,-0.002135997512374444
2025-08-12,137914,"135,629","138,414","135,629",8.34B,1.69%,0.016751324846586885
2025-08-13,136687,"137,911","137,913","136,535",9.40B,-0.89%,-0.008936662037471154
2025-08-14,136356,"136,681","137,437","135,588",9.67B,-0.24%,-0.0024245277274571593
2025-08-15,136341,"136,354","136,431","135,583",9.29B,-0.01%,-0.00011001221146639011
2025-08-18,137322,"136,341","137,902","136,341",8.09B,0.72%,0.007169432491851044
2025-08-19,134432,"137,321","137,321","133,997",8.68B,-2.10%,-0.021270038017285425
2025-08-20,134666,"134,430","134,964","134,122",6.85B,0.17%,0.001739143798765551
2025-08-21,134511,"134,664","134,837","133,874",6.52B,-0.12%,-0.0011516587013869009
2025-08-22,137968,"134,511","138,072","134,511",9.32B,2.57%,0.025375794125618325
2025-08-25,138025,"137,971","138,890","137,971",5.99B,0.04%,0.00041305396013961606
2025-08-26,137771,"138,026","138,037","137,058",8.45B,-0.18%,-0.001841941665674481
2025-08-27,139206,"137,773","139,281","137,456",6.61B,1.04%,0.010361963915234503
2025-08-28,141049,"139,206","142,138","139,206",9.29B,1.32%,0.01315249731869613
2025-08-29,141422,"141,049","142,379","141,000",9.33B,0.26%,0.002640980608978226
2025-09-01,141283,"141,423","141,950","140,878",4.95B,-0.10%,-0.0009833572890538096
2025-09-02,140335,"141,279","141,279","139,625",8.79B,-0.67%,-0.006732549629981319
2025-09-03,139864,"140,332","140,496","139,582",7.58B,-0.34%,-0.0033618995329596697
2025-09-04,140993,"139,832","141,482","139,832",8.03B,0.81%,0.008039721860376353
2025-09-05,142640,"141,003","143,409","141,003",8.38B,1.17%,0.01161372979916074
2025-09-08,141792,"142,640","143,089","141,329",7.44B,-0.59%,-0.005962778537805977
2025-09-09,141618,"141,794","142,286","141,605",7.48B,-0.12%,-0.0012279031922820362
2025-09-10,142349,"141,612","143,182","141,612",7.14B,0.52%,0.005148496936042695
2025-09-11,143151,"142,349","144,013","142,349",7.57B,0.56%,0.005618228438241787
2025-09-12,142272,"143,151","143,202","142,241",6.39B,-0.61%,-0.006159298857350221
2025-09-15,143547,"142,292","144,194","142,292",6.61B,0.90%,0.008921789365373559
2025-09-16,144062,"143,547","144,584","143,547",8.48B,0.36%,0.00358125476200452
2025-09-17,145594,"144,059","146,331","143,910",9.60B,1.06%,0.010578163653161774
2025-09-18,145499,"145,594","145,726","144,993",8.37B,-0.06%,-0.0006527123865758635
2025-09-19,145865,"145,499","146,399","145,496",10.28B,0.25%,0.0025123226789089724
2025-09-22,145109,"145,864","145,864","144,117",9.43B,-0.52%,-0.005196352259171378
2025-09-23,146425,"145,112","147,178","145,107",8.14B,0.91%,0.009028167820413073
2025-09-24,146492,"146,426","146,585","146,067",7.29B,0.05%,0.00045746748169926297
2025-09-25,145306,"146,492","146,519","145,187",8.29B,-0.81%,-0.008128955859134753
2025-09-26,145447,"145,326","146,235","145,146",6.34B,0.10%,0.0009698954855371186
2025-09-29,146337,"145,447","147,558","145,447",7.07B,0.61%,0.006100421956802035
2025-09-30,146237,"146,337","147,578","145,774",9.48B,-0.07%,-0.000683587768524223
2025-10-01,145517,"146,237","146,879","145,193",8.34B,-0.49%,-0.004935674997790354
