Date,Price,Open,High,Low,Vol.,Change %,LogReturn
2020-10-01,54446.78,"54,394.49","54,815.95","54,171.95",287.80M,0.34%,
2020-10-02,54219.24,"54,040.41","54,446.78","53,782.18",298.67M,-0.42%,-0.004187883803173081
2020-10-05,54524.05,"54,467.63","54,698.86","54,219.24",268.83M,0.56%,0.005606061731168032
2020-10-06,54203.83,"54,882.42","54,882.42","54,183.92",269.92M,-0.59%,-0.005890318579895071
2020-10-07,54749.77,"54,354.82","54,749.77","54,032.10",231.64M,1.01%,0.010021597618899068
2020-10-08,54554.85,"54,771.13","54,870.69","54,447.24",274.36M,-0.36%,-0.0035665501900963396
2020-10-09,55182.99,"54,764.71","55,182.99","54,554.85",236.06M,1.15%,0.011448136036051352
2020-10-12,55552.35,"55,451.68","55,767.18","55,182.99",264.59M,0.67%,0.006671065800764019
2020-10-13,55054.53,"55,576.43","55,599.32","54,992.08",228.28M,-0.90%,-0.009001670809776421
2020-10-14,55394.23,"55,259.79","55,470.73","55,054.53",248.10M,0.62%,0.006151288093045512
2020-10-15,54843.96,"54,769.56","55,394.23","54,359.64",270.04M,-0.99%,-0.009983374551794483
2020-10-16,55047.26,"55,118.44","55,206.72","54,843.96",234.74M,0.37%,0.0037000268435409137
2020-10-19,55161.03,"55,203.84","55,404.80","55,013.02",241.01M,0.21%,0.0020646367058988514
2020-10-20,55271.75,"54,997.38","55,328.03","54,838.83",222.31M,0.20%,0.002005202388256765
2020-10-21,55345.49,"55,318.92","55,481.96","54,936.33",268.52M,0.13%,0.0013332462629336433
2020-10-22,54796.42,"55,121.42","55,345.49","54,731.14",376.60M,-0.99%,-0.009970311000548812
2020-10-23,55339.58,"54,937.89","55,523.73","54,796.42",356.96M,0.99%,0.00986352153010605
2020-10-26,54890.88,"55,150.38","55,339.58","54,819.71",228.49M,-0.81%,-0.008141170385511412
2020-10-27,54079.43,"55,059.95","55,059.95","53,986.37",211.39M,-1.48%,-0.014893322759079154
2020-10-28,52308.14,"54,333.40","54,333.40","52,273.21",252.27M,-3.28%,-0.03330189224281613
2020-10-29,51896.97,"52,853.72","52,853.72","51,420.95",274.16M,-0.79%,-0.007891592530831987
2020-10-30,51684.7,"51,916.44","52,028.79","51,225.53",319.52M,-0.41%,-0.004098607353073997
2020-11-02,52618.04,"51,867.07","52,695.06","51,684.70",249.21M,1.81%,0.0178972271122
2020-11-03,53187.81,"52,795.96","53,597.20","52,618.04",246.10M,1.08%,0.01077020802992777
2020-11-04,53656.21,"53,527.37","53,975.53","52,811.67",293.94M,0.88%,0.008767977857417444
2020-11-05,55225.24,"54,383.62","55,239.01","53,656.21",312.48M,2.92%,0.02882288254343403
2020-11-06,56387.04,"55,093.83","56,564.22","54,933.36",278.30M,2.10%,0.020819249710247238
2020-11-09,57307.49,"56,873.46","57,952.01","56,387.04",485.47M,1.63%,0.016191985845610112
2020-11-10,57672.12,"56,961.35","57,741.73","56,671.02",393.15M,0.64%,0.006342537122081322
2020-11-11,57607.3,"57,537.61","57,843.76","57,374.69",520.64M,-0.11%,-0.0011245720499163823
2020-11-12,57031.19,"57,956.04","57,956.04","56,934.90",472.43M,-1.00%,-0.010050984621096833
2020-11-13,57182.6,"56,953.16","57,209.65","56,745.58",333.01M,0.27%,0.002651345143110271
2020-11-16,57267.0,"57,557.52","57,585.77","57,159.58",431.99M,0.15%,0.0014748852822468795
2020-11-17,57053.01,"57,109.89","57,505.45","56,994.48",347.01M,-0.37%,-0.003743705934392179
2020-11-18,57323.67,"57,048.84","57,522.38","56,686.70",352.82M,0.47%,0.004732791775673497
2020-11-19,56753.49,"56,932.34","57,323.67","56,591.20",335.94M,-0.99%,-0.009996475160199065
2020-11-20,56615.28,"56,949.73","56,949.73","56,459.10",251.70M,-0.24%,-0.0024382388284115808
2020-11-23,57147.31,"56,805.28","57,435.85","56,615.28",290.12M,0.94%,0.00935340657712833
2020-11-24,57761.92,"57,289.26","57,885.46","57,289.26",308.03M,1.08%,0.010697415012657344
2020-11-25,57742.19,"57,747.68","57,862.70","57,522.84",321.23M,-0.03%,-0.00034163286816189776
2020-11-26,57923.69,"57,943.64","58,097.44","57,741.41",255.37M,0.31%,0.0031383524505234446
2020-11-27,57822.5,"57,848.96","58,128.81","57,662.31",267.93M,-0.17%,-0.001748481324175428
2020-11-30,57091.89,"57,518.11","57,822.50","56,809.35",867.55M,-1.26%,-0.012715898236627327
2020-12-01,57509.72,"57,329.86","57,712.36","57,091.89",318.01M,0.73%,0.007291901944437163
2020-12-02,58281.98,"57,710.96","58,281.98","57,509.72",371.89M,1.34%,0.013338977673588484
2020-12-03,58947.48,"58,747.53","59,147.23","58,281.98",445.75M,1.14%,0.011353923309136033
2020-12-04,59419.37,"59,319.74","59,468.12","58,947.48",391.24M,0.80%,0.007973389509459737
2020-12-07,59527.7,"59,422.78","59,527.70","58,999.00",320.29M,0.18%,0.001821482949541063
2020-12-08,59159.36,"59,468.03","59,607.85","58,976.12",288.51M,-0.62%,-0.006206930773320826
2020-12-09,59291.75,"59,045.58","59,669.66","59,045.58",380.81M,0.22%,0.0022353535585652533
2020-12-10,59282.77,"59,206.38","59,303.94","58,875.49",422.14M,-0.02%,-0.00015146593074420264
2020-12-11,59412.61,"59,161.59","59,424.07","58,908.64",358.54M,0.22%,0.002187786109096015
2020-12-14,59508.8,"59,191.11","59,648.89","59,191.11",263.17M,0.16%,0.0016177073745972743
2020-12-15,59478.26,"59,356.48","59,577.78","59,059.25",266.03M,-0.05%,-0.0005133331417825414
2020-12-17,60544.3,"59,883.89","60,591.92","59,478.26",574.88M,1.79%,0.01776446085766951
2020-12-18,59788.12,"60,339.54","60,544.30","59,788.12",622.82M,-1.25%,-0.012568349477854594
2020-12-21,58714.87,"59,657.52","59,788.12","58,142.43",318.86M,-1.80%,-0.018113962283671407
2020-12-22,58619.75,"58,572.28","58,763.40","58,349.72",186.42M,-0.16%,-0.0016213462120103189
2020-12-23,58986.72,"58,584.76","59,047.41","58,466.80",102.18M,0.63%,0.006240663306987155
2020-12-24,59175.8,"58,956.71","59,175.80","58,764.16",47.28M,0.32%,0.0032003407067248846
2020-12-28,59006.07,"58,955.67","59,243.61","58,535.21",96.95M,-0.29%,-0.002872354561580556
2020-12-29,59246.4,"58,889.02","59,681.53","58,745.51",117.77M,0.41%,0.0040646987059090945
2020-12-30,59634.93,"59,874.73","60,055.13","59,246.40",103.67M,0.66%,0.006536457546978642
2020-12-31,59408.68,"59,560.88","59,634.93","58,994.51",67.17M,-0.38%,-0.0038011325835366153
2021-01-04,60479.42,"59,784.96","60,479.42","59,408.68",180.77M,1.80%,0.017862798239124813
2021-01-05,60921.37,"60,472.65","61,169.50","60,436.93",250.44M,0.73%,0.007280874405415245
2021-01-06,61857.42,"61,115.27","61,977.97","60,921.37",201.64M,1.54%,0.01524804302303555
2021-01-07,63042.88,"61,933.64","63,042.88","61,857.42",202.37M,1.92%,0.01898307047861619
2021-01-08,63519.18,"63,361.57","63,829.19","63,042.88",235.08M,0.76%,0.007526777750384217
2021-01-11,63759.93,"63,617.89","64,021.92","63,382.12",206.37M,0.38%,0.003783029078700731
2021-01-12,63535.1,"63,758.90","63,978.72","63,384.46",247.38M,-0.35%,-0.0035324275234706617
2021-01-13,63474.53,"63,571.42","63,874.75","63,474.53",319.85M,-0.10%,-0.0009537860175129481
2021-01-14,63884.77,"63,781.29","64,056.33","63,474.53",251.07M,0.65%,0.006442268744289831
2021-01-15,63549.75,"64,079.16","64,079.16","63,549.75",259.38M,-0.52%,-0.00525792810024348
2021-01-18,63713.87,"63,569.01","63,819.63","63,469.19",165.95M,0.26%,0.0025792145623695388
2021-01-19,63603.26,"63,790.82","64,007.05","63,603.26",223.85M,-0.17%,-0.001737551385715534
2021-01-20,64108.51,"64,291.98","64,388.35","63,603.26",247.13M,0.79%,0.007912389531001532
2021-01-21,64174.88,"64,316.55","64,511.63","64,100.03",244.35M,0.10%,0.001034740443354205
2021-01-22,63987.92,"64,325.61","64,384.15","63,779.10",243.23M,-0.29%,-0.0029175413242793677
2021-01-25,64559.85,"64,340.13","65,346.86","63,987.92",279.86M,0.89%,0.008898384994771155
2021-01-26,63923.63,"64,010.99","64,559.85","63,828.39",304.06M,-0.99%,-0.009903610956205313
2021-01-27,62784.52,"63,900.03","63,923.63","62,677.81",347.21M,-1.78%,-0.017980543309181644
2021-01-28,63206.72,"62,612.37","63,311.71","62,345.25",299.66M,0.67%,0.006702078340663187
2021-01-29,62472.1,"63,302.28","63,302.28","62,258.77",344.13M,-1.16%,-0.011690567537982213
2021-02-01,62796.65,"63,357.02","63,357.02","62,472.10",249.82M,0.52%,0.005181671026055296
2021-02-02,62733.65,"63,270.03","63,384.50","62,611.31",266.56M,-0.10%,-0.0010037418103735235
2021-02-03,63010.61,"62,973.54","63,266.49","62,733.65",278.37M,0.44%,0.0044051386182230555
2021-02-04,63786.21,"63,034.70","63,887.49","63,010.61",345.63M,1.23%,0.012233897877474129
2021-02-05,64289.48,"63,997.27","64,574.55","63,786.21",428.37M,0.79%,0.007858986983626056
2021-02-08,65059.16,"64,905.35","65,275.17","64,289.48",335.78M,1.20%,0.011901000031706556
2021-02-09,65162.69,"65,119.00","65,342.53","64,897.05",323.36M,0.16%,0.0015900560745023607
2021-02-10,66150.82,"65,613.39","66,150.82","65,162.69",408.26M,1.52%,0.015050220676245223
2021-02-11,65882.72,"65,889.19","66,222.20","65,635.50",301.89M,-0.41%,-0.00406109490769789
2021-02-12,66132.24,"65,633.92","66,197.59","65,437.84",263.99M,0.38%,0.003780182141963683
2021-02-15,67124.83,"66,751.64","67,124.83","66,132.24",271.00M,1.50%,0.014897646449428478
2021-02-16,67227.06,"67,246.19","67,736.96","66,989.32",309.45M,0.15%,0.0015218248099072111
2021-02-17,67110.07,"67,434.93","67,599.27","67,018.41",380.38M,-0.17%,-0.001741737814043684
2021-02-18,66575.45,"66,937.89","67,110.07","66,524.08",365.35M,-0.80%,-0.007998216262049641
2021-02-19,67464.86,"66,395.45","67,471.95","66,232.20",300.85M,1.34%,0.013270978759338484
2021-02-22,67362.82,"67,205.35","67,624.14","67,127.29",236.83M,-0.15%,-0.0015136360646705517
2021-02-23,65921.6,"67,326.05","67,696.90","65,775.59",255.11M,-2.14%,-0.02162707651452908
2021-02-24,66200.76,"65,720.72","66,955.19","65,720.72",275.40M,0.42%,0.004225786088281239
2021-02-25,67483.76,"66,954.28","67,570.98","66,200.76",336.60M,1.94%,0.019195033099249286
2021-02-26,66138.05,"66,396.40","67,483.76","65,808.87",441.50M,-1.99%,-0.02014275213486226
2021-03-01,67536.96,"67,030.96","67,859.91","66,138.05",246.42M,2.12%,0.020930779376207936
2021-03-02,68510.75,"67,349.54","68,543.90","67,277.74",246.21M,1.44%,0.01431566368165249
2021-03-03,68326.79,"68,822.57","69,403.75","68,226.70",245.11M,-0.27%,-0.0026887374740192306
2021-03-04,67743.54,"68,055.92","68,358.39","67,588.21",255.51M,-0.85%,-0.008572825127677992
2021-03-05,68271.19,"67,764.10","68,462.38","67,501.45",208.03M,0.78%,0.007758757407635149
2021-03-08,68426.17,"67,947.97","68,493.73","67,922.86",255.46M,0.23%,0.002267491726287924
2021-03-09,68655.96,"68,255.11","69,021.59","68,051.92",321.73M,0.34%,0.003352591840149391
2021-03-10,68516.99,"68,219.53","68,655.96","67,941.45",257.59M,-0.20%,-0.002026201923120253
2021-03-11,68775.06,"68,551.16","68,924.99","68,516.99",292.45M,0.38%,0.0037594355091864237
2021-03-12,68209.86,"68,580.62","68,775.06","67,675.59",289.05M,-0.82%,-0.008252050040741584
2021-03-15,67566.42,"67,875.22","68,028.34","67,566.42",,-0.94%,-0.009478015111710859
2021-03-16,67289.37,"67,736.86","67,842.30","67,044.52",,-0.41%,-0.004108839372429163
2021-03-17,66494.49,"67,176.39","67,445.43","66,246.60",310.97M,-1.18%,-0.011883187609300048
2021-03-18,66739.74,"67,264.30","67,516.34","66,494.49",560.43M,0.37%,0.003681490514817121
2021-03-19,65911.27,"66,509.12","66,509.12","65,609.58",,-1.24%,-0.012491134022194277
2021-03-23,65318.52,"65,778.50","65,911.27","65,171.35",378.28M,-0.90%,-0.009033833418398463
2021-03-24,65257.09,"64,842.86","65,460.16","64,248.36",314.70M,-0.09%,-0.0009409108566610295
2021-03-25,64783.62,"64,876.82","65,400.33","64,503.03",,-0.73%,-0.007281905676908274
2021-03-26,66833.99,"65,557.50","66,861.69","64,783.62",222.15M,3.16%,0.03115898983989016
2021-03-29,67089.37,"66,676.96","67,430.12","66,576.33",228.14M,0.38%,0.00381382769290967
2021-03-30,67291.66,"67,153.39","67,340.06","66,773.33",244.41M,0.30%,0.0030106950780354543
2021-03-31,66485.29,"67,323.92","67,323.92","66,384.19",242.76M,-1.20%,-0.0120555860523032
2021-04-01,67236.31,"67,030.95","67,523.32","66,485.29",306.81M,1.13%,0.011232708800483375
2021-04-06,68063.89,"67,720.98","68,092.87","67,236.31",169.27M,1.23%,0.012233393904742592
2021-04-07,67160.42,"67,809.92","68,132.18","67,050.73",254.46M,-1.33%,-0.01336273697828221
2021-04-08,67053.97,"67,892.77","67,976.77","66,953.08",200.87M,-0.16%,-0.0015862683922522698
2021-04-09,67191.27,"67,183.90","67,241.71","66,886.89",171.86M,0.20%,0.0020455108557032023
2021-04-12,66390.02,"66,931.19","67,191.27","66,257.24",221.70M,-1.19%,-0.011996584394479494
2021-04-13,67072.49,"66,455.66","67,150.35","66,291.78",285.64M,1.03%,0.010227230832686873
2021-04-14,67812.15,"67,201.07","67,839.56","67,072.49",261.27M,1.10%,0.01096740761723881
2021-04-15,67823.09,"67,968.61","68,104.74","67,682.73",210.51M,0.02%,0.00016131500963501586
2021-04-16,68698.78,"67,980.05","68,741.83","67,823.09",224.89M,1.29%,0.012828743260126842
2021-04-19,68094.28,"68,628.54","68,802.69","68,094.28",188.10M,-0.88%,-0.008838225199420914
2021-04-20,66835.52,"67,975.34","68,106.72","66,786.48",218.53M,-1.85%,-0.018658539753703365
2021-04-21,67145.75,"67,152.00","67,227.17","66,427.45",197.12M,0.46%,0.004630954079263228
2021-04-22,66971.59,"67,244.68","67,395.22","66,803.69",185.50M,-0.26%,-0.002597130212896574
2021-04-23,67295.74,"66,850.49","67,295.74","66,789.46",195.83M,0.48%,0.004828436370392134
2021-04-26,67572.58,"67,433.39","67,594.42","67,266.61",132.37M,0.41%,0.0041053434760378515
2021-04-28,67740.11,"67,490.84","67,983.73","67,444.41",217.92M,0.25%,0.0024761917836560927
2021-04-29,67392.73,"67,923.16","68,188.19","67,361.08",214.17M,-0.51%,-0.005141322645135081
2021-04-30,66937.0,"67,321.75","67,420.19","66,667.03",278.46M,-0.68%,-0.006785270073550749
2021-05-03,66586.24,"67,101.64","67,101.64","66,320.96",180.83M,-0.52%,-0.005253928931889267
2021-05-04,66173.97,"66,846.92","67,183.52","65,969.09",202.70M,-0.62%,-0.006210766391948027
2021-05-05,67346.19,"66,741.71","67,400.47","66,173.97",229.92M,1.77%,0.01755914789861567
2021-05-06,67608.89,"67,532.20","67,687.96","67,050.70",257.40M,0.39%,0.0038931521778043953
2021-05-07,68519.53,"67,809.81","68,664.36","67,608.89",276.82M,1.35%,0.013379330843119925
2021-05-10,68377.23,"69,007.47","69,043.10","68,373.64",240.55M,-0.21%,-0.002078939651334314
2021-05-11,67241.2,"67,932.96","68,377.23","66,993.58",234.85M,-1.66%,-0.016753719568813382
2021-05-12,67424.27,"68,121.82","68,402.98","67,241.20",193.18M,0.27%,0.00271888722144471
2021-05-13,66168.65,"66,795.92","67,424.27","65,362.26",292.92M,-1.86%,-0.01879825630155802
2021-05-14,66598.13,"66,274.74","66,635.71","66,090.94",275.60M,0.65%,0.006469713253086066
2021-05-17,67217.11,"67,166.99","67,373.62","66,590.34",180.65M,0.93%,0.009251329141860032
2021-05-18,67254.92,"67,817.24","67,989.77","67,057.88",243.29M,0.06%,0.0005623474412693095
2021-05-19,65855.81,"66,550.75","67,254.92","65,722.69",209.58M,-2.08%,-0.021022520532380105
2021-05-20,66124.44,"66,149.56","66,423.20","65,757.17",200.55M,0.41%,0.00407076620871119
2021-05-21,66238.93,"66,214.43","66,771.34","66,124.44",189.06M,0.17%,0.0017299352313652353
2021-05-24,66054.92,"66,222.03","66,493.13","65,940.26",195.28M,-0.28%,-0.002781839347262551
2021-05-25,66076.68,"66,681.20","66,812.45","66,022.98",292.44M,0.03%,0.00032936860216201895
2021-05-26,66108.23,"66,230.36","66,446.37","66,030.35",200.43M,0.05%,0.00047736160805520437
2021-05-27,66940.25,"66,107.83","66,940.25","66,102.55",416.20M,1.26%,0.012507183036137692
2021-05-28,67554.86,"67,098.42","67,726.56","66,794.61",297.37M,0.92%,0.009139578060324538
2021-05-31,67964.04,"67,741.43","68,140.85","67,554.86",139.73M,0.61%,0.006038733245905301
2021-06-01,68922.86,"68,323.08","69,141.11","67,964.04",272.25M,1.41%,0.014009166416795652
2021-06-02,69049.04,"69,016.71","69,278.05","68,905.53",232.85M,0.18%,0.0018290686027784748
2021-06-03,67791.38,"68,686.22","69,049.04","67,614.10",227.31M,-1.82%,-0.018381928569311014
2021-06-04,67825.02,"67,679.52","68,247.34","67,636.23",209.47M,0.05%,0.0004961052009928254
2021-06-07,67575.42,"67,596.67","67,825.02","67,179.07",175.28M,-0.37%,-0.003686845961960962
2021-06-08,67644.84,"67,704.75","67,927.12","67,435.91",245.93M,0.10%,0.0010267693036362924
2021-06-09,67681.47,"67,661.90","67,726.40","67,356.23",255.47M,0.05%,0.0005413581571032784
2021-06-10,67542.84,"67,987.95","68,062.28","67,460.67",224.46M,-0.20%,-0.0020503716908148993
2021-06-11,67723.91,"67,860.09","67,861.82","67,438.61",189.98M,0.27%,0.0026772301123893782
2021-06-14,67941.48,"67,913.60","68,228.53","67,644.75",157.46M,0.32%,0.0032074530803404425
2021-06-15,67310.57,"67,795.64","68,010.62","67,110.39",231.68M,-0.93%,-0.009329464154312269
2021-06-17,66585.48,"66,625.24","67,310.57","66,504.23",568.84M,-1.08%,-0.010830746508911217
2021-06-18,65635.23,"66,508.06","66,593.93","65,635.23",500.58M,-1.43%,-0.014373941281784434
2021-06-21,65563.48,"65,147.68","65,725.58","65,078.44",216.28M,-0.11%,-0.0010937608632425298
2021-06-22,65551.73,"65,638.95","65,873.40","65,362.49",225.10M,-0.02%,-0.0001792316853468463
2021-06-23,65819.63,"65,846.30","66,124.81","65,546.69",200.18M,0.41%,0.004078520179150898
2021-06-24,66263.49,"65,755.45","66,358.47","65,574.82",223.37M,0.67%,0.006720944671845269
2021-06-25,66215.47,"66,530.22","66,595.41","66,088.13",208.85M,-0.07%,-0.0007249453362716596
2021-06-28,65809.35,"66,166.93","66,240.04","65,737.73",208.97M,-0.61%,-0.006152195942443764
2021-06-29,66548.71,"65,774.33","66,829.94","65,763.88",196.64M,1.12%,0.011172235230537559
2021-06-30,66248.74,"66,525.62","66,660.45","66,108.90",245.06M,-0.45%,-0.004517714913840704
2021-07-01,66555.78,"66,523.45","66,807.36","66,069.37",159.94M,0.46%,0.0046239472431428485
2021-07-02,66323.76,"66,616.85","66,945.98","66,259.47",125.19M,-0.35%,-0.0034921890277120394
2021-07-05,66166.86,"66,035.58","66,323.76","65,638.95",145.17M,-0.24%,-0.0023684706637526662
2021-07-06,65849.75,"66,315.52","66,471.33","65,831.27",164.88M,-0.48%,-0.004804101694354431
2021-07-07,66806.36,"65,985.63","66,967.12","65,849.75",202.33M,1.45%,0.014422653916423944
2021-07-08,65243.5,"66,305.12","66,806.36","65,136.18",253.18M,-2.34%,-0.023671861208817372
2021-07-09,66385.57,"65,639.26","66,399.72","65,243.50",215.58M,1.75%,0.017353289205547476
2021-07-12,67293.33,"66,380.75","67,293.33","65,881.63",224.14M,1.37%,0.013581409681549904
2021-07-13,67088.27,"67,362.74","67,605.80","66,828.50",286.79M,-0.30%,-0.0030519082845146955
2021-07-14,67897.6,"67,053.66","68,314.07","66,984.03",270.72M,1.21%,0.011991472857701684
2021-07-15,67538.61,"67,971.05","67,991.70","67,313.67",212.33M,-0.53%,-0.0053012534939202325
2021-07-16,66529.53,"67,702.65","67,702.65","66,293.33",199.94M,-1.49%,-0.015053525102186448
2021-07-19,64804.74,"65,541.11","66,529.53","64,556.67",187.18M,-2.59%,-0.026267160415472248
2021-07-20,65724.68,"65,280.49","65,714.48","64,804.74",204.06M,1.42%,0.01409575300151448
2021-07-21,66558.46,"65,725.37","66,694.27","65,693.17",197.12M,1.27%,0.012606157393361104
2021-07-22,67404.27,"66,896.69","67,479.76","66,558.46",180.17M,1.27%,0.012627709801207023
2021-07-23,68063.7,"67,596.87","68,266.15","67,404.27",154.83M,0.98%,0.009735662364487379
2021-07-26,68051.05,"67,653.01","68,312.99","67,530.59",174.34M,-0.02%,-0.00018587258230887387
2021-07-27,67340.72,"67,937.79","68,051.05","66,902.90",178.00M,-1.04%,-0.010493053122981839
2021-07-28,68525.54,"66,946.65","68,525.54","66,946.65",147.20M,1.76%,0.017441416806982416
2021-07-29,69565.23,"69,109.87","69,761.38","68,525.54",171.89M,1.52%,0.015058351055262858
2021-07-30,68970.78,"68,879.03","69,565.23","68,534.11",267.98M,-0.85%,-0.008581936904557996
2021-08-02,68822.75,"69,150.68","69,584.60","68,822.75",163.77M,-0.21%,-0.002148577759013327
2021-08-03,68705.73,"68,337.70","68,841.27","68,337.70",183.18M,-0.17%,-0.001701757021390831
2021-08-04,68898.04,"69,239.73","69,281.84","68,639.64",203.56M,0.28%,0.002795128726570815
2021-08-05,68371.23,"68,522.12","68,898.04","68,371.23",279.54M,-0.76%,-0.007675608479793651
2021-08-06,68673.95,"68,819.95","68,819.95","68,371.23",221.22M,0.44%,0.0044178203473065085
2021-08-10,69602.04,"69,105.77","69,724.38","68,673.95",244.29M,1.35%,0.013423934797833789
2021-08-11,69617.16,"69,717.66","69,813.78","69,361.08",220.08M,0.02%,0.00021721141996865597
2021-08-12,69401.95,"69,291.04","69,617.16","69,025.80",222.43M,-0.31%,-0.0030961235749036708
2021-08-13,69384.76,"69,402.40","69,557.32","69,215.29",281.46M,-0.02%,-0.0002477182446058427
2021-08-16,68824.7,"68,937.84","69,384.76","68,634.61",260.24M,-0.81%,-0.008104554718170493
2021-08-17,68939.84,"68,685.91","69,490.39","68,673.63",394.66M,0.17%,0.0016715480893577334
2021-08-18,67905.68,"69,136.15","69,136.15","67,720.86",181.88M,-1.50%,-0.01511455673128327
2021-08-19,66113.48,"65,972.12","67,905.68","65,883.35",277.76M,-2.64%,-0.026747023995790094
2021-08-20,66011.06,"66,660.36","66,660.36","65,677.51",210.89M,-0.15%,-0.0015503557554826005
2021-08-23,66829.21,"66,623.56","67,002.26","66,011.06",185.62M,1.24%,0.012317956669901724
2021-08-24,67451.54,"67,532.03","67,622.86","66,829.21",208.04M,0.93%,0.009269153705676231
2021-08-25,67452.86,"67,265.64","67,496.44","67,169.31",331.98M,0.00%,1.9569413600202276e-05
2021-08-26,67068.74,"67,197.74","67,452.86","66,977.05",227.28M,-0.57%,-0.005710919941377199
2021-08-27,67646.08,"67,065.96","67,659.39","67,065.96",187.62M,0.86%,0.00857134403862376
2021-08-30,67064.69,"67,606.30","67,764.92","67,042.37",116.87M,-0.86%,-0.008631731669078537
2021-08-31,67427.93,"67,373.01","67,645.40","67,064.69",319.32M,0.54%,0.0054016478110328085
2021-09-01,66976.05,"67,634.06","67,893.71","66,859.58",260.93M,-0.67%,-0.006724230973748208
2021-09-02,66654.24,"66,946.37","66,976.05","66,357.15",263.46M,-0.48%,-0.004816432294095251
2021-09-03,66371.85,"66,838.45","66,972.81","66,188.14",206.08M,-0.42%,-0.004245639696452373
2021-09-06,66253.8,"66,674.02","66,752.76","66,020.21",200.99M,-0.18%,-0.0017801990968731882
2021-09-07,66514.91,"66,407.51","66,698.77","66,377.16",206.78M,0.39%,0.003933311344738335
2021-09-08,65525.35,"66,340.89","66,514.91","65,445.68",205.09M,-1.49%,-0.014989042388775936
2021-09-09,64176.53,"64,798.51","65,525.35","63,993.80",251.35M,-2.06%,-0.02079952313531158
2021-09-10,64296.06,"64,538.90","64,682.48","64,176.53",211.99M,0.19%,0.0018607865613924452
2021-09-13,64652.32,"64,296.42","64,841.39","64,055.71",217.88M,0.55%,0.005525636017499896
2021-09-14,64300.46,"64,445.50","64,652.32","63,929.69",813.08M,-0.54%,-0.005457204927736033
2021-09-15,64385.13,"64,177.35","64,470.49","63,840.90",269.61M,0.13%,0.0013159206437677608
2021-09-16,63313.75,"64,235.36","64,385.13","63,148.92",525.06M,-1.66%,-0.0167801806769083
2021-09-17,62863.64,"63,516.60","63,628.83","62,863.64",647.66M,-0.71%,-0.007134588998924375
2021-09-20,61453.42,"61,850.13","62,012.77","60,894.30",305.06M,-2.24%,-0.022688446684274773
2021-09-21,62362.18,"61,760.56","62,660.46","61,453.42",267.49M,1.48%,0.01467951241772533
2021-09-22,63353.05,"62,978.31","63,559.60","62,978.31",251.87M,1.59%,0.015764048947989575
2021-09-23,64049.05,"63,865.71","64,086.97","63,353.05",276.35M,1.10%,0.010926145237227744
2021-09-27,64197.36,"64,512.52","64,664.85","64,049.05",311.55M,0.23%,0.002312892284704095
2021-09-28,63784.41,"64,191.70","64,330.99","63,551.65",378.85M,-0.64%,-0.006453285231229254
2021-09-29,64363.66,"63,764.96","64,363.66","63,730.29",258.43M,0.91%,0.009040385003073068
2021-09-30,64281.77,"64,460.81","64,726.30","64,278.05",345.34M,-0.13%,-0.0012731118557528774
2021-10-01,63661.02,"63,836.71","64,281.77","63,617.39",231.69M,-0.97%,-0.009703631925411887
2021-10-04,64129.0,"63,495.32","64,303.43","63,463.82",268.16M,0.74%,0.0073242353673823625
2021-10-05,64542.87,"63,988.42","64,574.28","63,956.85",286.18M,0.65%,0.006432974468619207
2021-10-06,63987.02,"64,388.76","64,542.87","63,442.84",290.78M,-0.86%,-0.008649403891321484
2021-10-07,65157.75,"64,646.13","65,250.80","63,987.02",281.93M,1.83%,0.01813100246048089
2021-10-08,65242.61,"65,501.69","65,610.39","65,113.36",273.33M,0.13%,0.0013015303328806048
2021-10-11,66101.04,"65,743.42","66,375.07","65,242.61",202.56M,1.32%,0.013071697386832027
2021-10-12,65988.12,"65,581.37","66,180.38","65,498.03",334.30M,-0.17%,-0.0017097546461478331
2021-10-13,66012.78,"65,675.24","66,012.78","65,534.10",207.59M,0.04%,0.0003736338204797001
2021-10-14,66846.17,"66,482.60","66,928.39","66,012.78",292.87M,1.26%,0.012545649815942155
2021-10-15,67028.86,"67,058.95","67,226.25","66,837.89",204.93M,0.27%,0.0027292634541776118
2021-10-18,66792.1,"67,112.53","67,176.85","66,703.83",180.77M,-0.35%,-0.0035384628392104754
2021-10-19,66776.15,"67,053.65","67,249.16","66,675.73",192.49M,-0.02%,-0.0002388292139161381
2021-10-20,66894.79,"66,561.37","66,949.62","66,347.98",198.60M,0.18%,0.0017751058106255076
2021-10-21,66057.58,"66,352.48","66,894.79","65,942.71",267.06M,-1.25%,-0.012594300744563067
2021-10-22,67050.52,"66,329.17","67,201.84","66,057.58",146.84M,1.50%,0.014919579176010887
2021-10-25,66980.45,"67,279.39","67,323.89","66,937.08",175.26M,-0.10%,-0.001045579337127791
2021-10-26,67615.31,"66,959.76","67,774.23","66,879.94",228.70M,0.95%,0.009433650929396426
2021-10-27,67475.09,"67,173.86","67,615.44","67,159.86",258.76M,-0.21%,-0.0020759439657742395
2021-10-28,67759.76,"67,610.21","68,015.46","67,475.09",259.74M,0.42%,0.0042100156943713635
2021-10-29,67464.69,"67,459.61","67,975.64","67,338.60",286.02M,-0.44%,-0.004364158527871997
2021-11-02,67782.2,"67,794.77","68,079.85","67,464.69",294.84M,0.47%,0.004695273707334125
2021-11-03,68587.27,"67,798.32","68,587.27","67,782.20",225.77M,1.19%,0.01180732539439765
2021-11-04,68156.21,"69,003.06","69,105.60","68,156.21",217.19M,-0.63%,-0.006304672483772009
2021-11-05,67825.34,"68,207.05","68,712.96","67,738.76",222.63M,-0.49%,-0.0048664050817025664
2021-11-08,68049.34,"67,910.80","68,264.15","67,656.63",235.11M,0.33%,0.0032971588662448247
2021-11-09,67983.2,"68,202.41","68,292.73","67,710.84",209.38M,-0.10%,-0.0009724144710049278
2021-11-10,68279.4,"68,103.04","68,478.70","67,648.74",268.84M,0.44%,0.00434749471289085
2021-11-11,69131.56,"68,541.07","69,322.38","68,279.40",208.71M,1.25%,0.012403245340813366
2021-11-12,69921.37,"69,585.69","69,995.40","69,131.56",190.39M,1.14%,0.011359969094611141
2021-11-15,70090.54,"69,978.31","70,327.05","69,638.92",199.06M,0.24%,0.002416509885803614
2021-11-16,70938.41,"70,321.35","71,049.07","70,090.54",223.91M,1.21%,0.012024200924636373
2021-11-17,70942.34,"70,886.26","71,447.71","70,886.26",207.86M,0.01%,5.5398635840213374e-05
2021-11-18,70866.57,"70,673.46","71,084.16","70,638.53",219.38M,-0.11%,-0.0010686212482763858
2021-11-19,70376.42,"71,126.96","71,292.25","70,104.15",227.98M,-0.69%,-0.006940549298655328
2021-11-22,70865.85,"70,432.32","70,990.73","70,376.42",185.57M,0.70%,0.006930389308442752
2021-11-23,71015.4,"70,704.48","71,079.49","70,422.36",237.14M,0.21%,0.0021081017454313835
2021-11-24,70558.89,"70,912.12","71,235.21","70,264.72",264.25M,-0.64%,-0.006449074647775674
2021-11-25,70554.68,"70,648.82","70,929.63","70,389.50",193.20M,-0.01%,-5.966825162539801e-05
2021-11-26,68614.98,"69,669.02","70,554.68","68,523.69",421.15M,-2.75%,-0.027877133790555935
2021-11-29,70008.54,"69,119.03","70,287.55","68,614.98",282.64M,2.03%,0.020106356367864536
2021-11-30,70475.02,"69,733.44","70,639.33","69,537.83",718.14M,0.67%,0.006641086180749476
2021-12-01,71198.08,"70,652.38","71,251.42","70,475.02",295.84M,1.03%,0.01020753097348472
2021-12-02,71020.76,"71,220.16","71,512.55","70,651.31",305.05M,-0.25%,-0.0024936230935876155
2021-12-03,70807.6,"71,193.85","71,579.06","70,807.60",258.32M,-0.30%,-0.0030058890971909947
2021-12-06,71016.63,"70,833.72","71,242.44","70,763.91",221.36M,0.30%,0.002947735395533312
2021-12-07,72939.25,"71,324.01","72,954.87","71,016.63",276.02M,2.71%,0.026712827936806714
2021-12-08,72403.88,"73,048.06","73,048.06","72,203.51",289.80M,-0.73%,-0.007367013787822818
2021-12-09,72207.64,"72,241.61","72,577.34","71,935.80",260.48M,-0.27%,-0.0027140316408833564
2021-12-10,71686.33,"72,158.06","72,345.40","71,664.71",231.91M,-0.72%,-0.0072457835556163095
2021-12-13,71429.88,"72,041.91","72,429.55","71,401.50",250.18M,-0.36%,-0.0035838047203678065
2021-12-14,71544.82,"71,323.95","71,765.30","71,264.21",291.47M,0.16%,0.0016078372573796336
2021-12-15,71467.17,"71,355.22","72,082.08","71,354.32",517.40M,-0.11%,-0.0010859230422652691
2021-12-17,71203.13,"71,920.60","72,357.23","71,203.13",605.68M,-0.37%,-0.003701405288338405
2021-12-20,70087.63,"70,682.15","71,203.13","69,473.67",195.64M,-1.57%,-0.01579046185344781
2021-12-21,71119.36,"70,850.34","71,341.20","70,087.63",137.16M,1.47%,0.014613276017620842
2021-12-22,71359.04,"71,223.31","71,642.27","71,092.14",130.77M,0.34%,0.003364442976446
2021-12-23,71684.1,"71,845.49","72,052.61","71,359.04",124.40M,0.46%,0.004544930425144071
2021-12-24,71570.64,"71,838.94","71,859.54","71,570.64",29.13M,-0.16%,-0.0015840316868269894
2021-12-28,72444.52,"71,592.05","72,599.48","71,568.43",105.74M,1.22%,0.012136093529893595
2021-12-29,73238.01,"72,311.66","73,285.03","72,311.66",97.52M,1.10%,0.010893520957659093
2021-12-30,73786.45,"73,416.87","73,822.93","73,238.01",103.75M,0.75%,0.007460561920709694
2021-12-31,73709.39,"73,881.56","73,881.56","73,419.82",57.56M,-0.10%,-0.001044910921032414
2022-01-03,73722.6,"73,638.72","74,290.93","73,638.72",95.16M,0.02%,0.00017920127151990802
2022-01-04,75052.06,"73,883.33","75,052.06","73,722.60",133.28M,1.80%,0.017872605306994686
2022-01-05,75060.92,"74,797.37","75,084.14","74,508.98",133.54M,0.01%,0.00011804442241160993
2022-01-06,74165.25,"74,541.36","75,060.92","74,025.50",146.62M,-1.19%,-0.012004338860776856
2022-01-07,73939.71,"74,104.52","74,348.68","73,757.28",127.08M,-0.30%,-0.0030456802303656673
2022-01-10,73830.47,"74,072.18","74,405.15","73,830.47",138.21M,-0.15%,-0.0014785123750932737
2022-01-11,73971.43,"74,279.98","74,522.06","73,830.47",172.79M,0.19%,0.0019074185478975653
2022-01-12,75884.75,"74,569.21","75,897.49","73,971.43",212.10M,2.59%,0.02553680437326242
2022-01-13,75925.55,"75,537.43","75,925.55","75,330.60",174.03M,0.05%,0.0005375129484934448
2022-01-14,75160.21,"75,650.39","75,925.55","74,950.51",159.09M,-1.01%,-0.010131286315611308
2022-01-17,75593.47,"75,200.04","75,609.70","75,111.69",200.10M,0.58%,0.005747935212775504
2022-01-18,74955.66,"75,417.60","75,593.47","74,606.02",198.87M,-0.84%,-0.008473165084837706
2022-01-19,76176.15,"75,495.59","76,176.15","74,955.66",223.22M,1.63%,0.016151682865676018
2022-01-20,76233.26,"76,572.44","76,771.08","75,759.12",241.87M,0.07%,0.0007494288269071484
2022-01-21,74834.52,"75,504.80","76,233.26","74,651.32",219.58M,-1.83%,-0.018518574551769303
2022-01-24,72164.02,"74,618.06","74,834.52","72,164.02",259.86M,-3.57%,-0.036337692112477823
2022-01-25,72314.81,"72,500.31","73,137.22","72,164.02",287.06M,0.21%,0.002087365391185768
2022-01-26,73797.33,"72,817.09","73,863.17","72,314.81",269.12M,2.05%,0.02029360296196382
2022-01-27,73504.04,"72,262.67","73,797.33","72,244.08",239.03M,-0.40%,-0.00398218139555638
2022-01-28,73454.96,"73,756.96","74,015.16","72,856.62",198.28M,-0.07%,-0.0006679414234544965
2022-01-31,74304.56,"74,083.85","74,905.71","73,454.96",266.13M,1.16%,0.011499893382243425
2022-02-01,74889.17,"74,488.61","75,258.45","74,304.56",211.69M,0.79%,0.007836964624841316
2022-02-02,75190.74,"75,342.32","75,672.05","74,889.17",346.79M,0.40%,0.004018797797537989
2022-02-03,75021.67,"75,087.72","75,777.81","75,006.66",214.28M,-0.22%,-0.0022510799393324486
2022-02-04,75206.0,"75,171.68","75,528.47","74,766.38",204.15M,0.25%,0.0024540098705579027
2022-02-07,75679.56,"75,101.33","75,851.17","75,101.33",269.15M,0.63%,0.006277095766228614
2022-02-08,76090.52,"75,815.00","76,583.13","75,679.56",247.75M,0.54%,0.005415573404200237
2022-02-09,76690.92,"76,944.41","77,050.78","76,090.52",242.86M,0.79%,0.007859633876316108
2022-02-10,76585.19,"77,206.47","77,206.47","76,159.28",248.69M,-0.14%,-0.0013796020367383896
2022-02-11,76382.95,"76,172.98","76,585.19","75,659.60",236.70M,-0.26%,-0.0026442122893841516
2022-02-14,75765.16,"76,529.21","76,529.21","75,495.96",253.90M,-0.81%,-0.00812094734868689
2022-02-15,75853.16,"76,016.36","76,397.36","75,708.08",288.63M,0.12%,0.0011608097211671345
2022-02-16,76502.59,"76,063.08","76,752.10","75,853.16",266.08M,0.86%,0.008525230368424692
2022-02-17,76154.69,"76,479.88","76,919.01","75,974.12",256.75M,-0.45%,-0.00455793005474389
2022-02-18,76368.34,"76,337.27","76,461.76","75,922.37",241.91M,0.28%,0.002801545966387067
2022-02-21,75528.46,"76,163.53","76,708.88","75,464.82",198.93M,-1.10%,-0.011058673511986916
2022-02-22,75653.84,"75,380.22","75,653.84","74,235.39",273.04M,0.17%,0.0016586601572400443
2022-02-23,74987.05,"75,278.13","75,653.84","74,769.06",222.82M,-0.88%,-0.008852767064389491
2022-02-24,73697.11,"73,825.60","74,987.05","73,350.31",385.13M,-1.72%,-0.017351846560378796
2022-02-25,74205.69,"73,397.48","74,251.80","73,389.91",235.43M,0.69%,0.006877246468677098
2022-02-28,76090.51,"74,236.56","76,090.51","74,205.69",454.50M,2.54%,0.025082720885671327
2022-03-01,77110.69,"76,600.13","77,306.89","76,090.51",413.78M,1.34%,0.013318369305564124
2022-03-02,77536.12,"76,956.33","77,728.30","76,852.11",342.89M,0.55%,0.005501970240524925
2022-03-03,77390.85,"78,003.20","78,297.38","77,339.20",301.81M,-0.19%,-0.0018753357478662113
2022-03-04,74734.37,"76,516.65","77,390.85","74,015.37",401.51M,-3.43%,-0.03492846313622549
2022-03-07,73295.88,"74,793.34","74,793.34","73,295.88",471.90M,-1.92%,-0.01943569347107816
2022-03-08,72398.62,"72,860.40","73,295.88","72,060.67",363.53M,-1.22%,-0.012317161509396482
2022-03-09,72684.82,"72,438.95","73,382.81","72,359.82",361.00M,0.40%,0.003945320999260488
2022-03-10,73889.41,"73,192.45","73,889.41","72,684.82",352.82M,1.66%,0.01643695649055266
2022-03-11,73685.89,"73,667.61","74,680.78","73,667.61",281.08M,-0.28%,-0.0027581868920448812
2022-03-14,71903.72,"73,157.09","73,685.89","71,470.67",328.70M,-2.42%,-0.02448332711995932
2022-03-15,70628.2,"71,095.12","71,903.72","69,556.99",311.71M,-1.77%,-0.01789850373967664
2022-03-16,73484.3,"71,962.95","73,484.30","70,628.20",359.32M,4.04%,0.03964227978505925
2022-03-17,74124.27,"73,959.27","74,437.53","73,484.30",493.33M,0.87%,0.008671231080330757
2022-03-18,74847.63,"74,367.92","74,921.53","74,206.74",,0.98%,0.009711437997637299
2022-03-22,75751.41,"75,233.99","75,998.97","74,847.63",302.67M,1.21%,0.01200261103993844
2022-03-23,74838.09,"75,699.26","76,084.61","74,781.74",269.44M,-1.21%,-0.012130078109114154
2022-03-24,74349.94,"75,244.85","75,408.24","74,304.82",274.57M,-0.65%,-0.006544114056623751
2022-03-25,74324.67,"74,508.19","74,642.22","74,111.04",238.10M,-0.03%,-0.0003399369972229819
2022-03-28,74194.35,"74,108.58","74,608.08","73,949.30",227.87M,-0.18%,-0.001754927193113561
2022-03-29,74776.39,"74,687.41","75,001.44","74,194.35",301.49M,0.78%,0.00781419172231725
2022-03-30,75425.31,"74,826.75","75,425.31","74,606.40",200.70M,0.87%,0.00864070163589585
2022-03-31,75497.15,"75,460.68","75,518.96","74,766.14",260.31M,0.10%,0.0009520121183537592
2022-04-01,75907.9,"75,338.37","75,959.96","74,758.77",218.55M,0.54%,0.005425856108541299
2022-04-04,75835.07,"76,242.76","76,361.42","75,822.96",223.54M,-0.10%,-0.0009599127470921552
2022-04-05,75286.61,"75,835.22","75,835.22","75,097.17",289.16M,-0.72%,-0.00725855361108962
2022-04-06,74359.03,"75,216.64","75,290.64","74,028.75",269.03M,-1.23%,-0.01239717882797969
2022-04-07,74008.07,"74,403.54","74,403.54","73,792.56",242.92M,-0.47%,-0.00473097680823823
2022-04-08,74776.11,"74,348.75","74,911.41","74,008.07",247.61M,1.04%,0.010324307627170692
2022-04-11,74426.4,"74,279.10","74,776.11","74,157.08",267.83M,-0.47%,-0.004687731331076225
2022-04-12,73801.88,"74,468.05","74,468.05","73,405.09",262.03M,-0.84%,-0.008426512071651208
2022-04-13,73128.65,"73,856.35","74,003.80","72,924.71",279.20M,-0.91%,-0.009163986700459734
2022-04-14,73382.83,"73,753.38","73,753.38","73,128.65",181.54M,0.35%,0.0034697657140839154
2022-04-19,73830.27,"73,431.33","74,108.94","73,382.83",242.37M,0.61%,0.006078825564036583
2022-04-20,73783.43,"73,865.43","74,205.48","73,480.83",343.90M,-0.06%,-0.0006346294628763816
2022-04-21,73350.94,"73,400.71","73,899.86","73,181.64",395.13M,-0.59%,-0.005878860875357712
2022-04-22,72264.9,"72,702.65","73,350.94","72,238.99",211.77M,-1.48%,-0.014916785672036815
2022-04-25,69750.67,"70,666.56","72,264.90","69,692.60",306.57M,-3.48%,-0.03541150771398883
2022-04-26,70264.11,"70,348.03","70,995.17","69,750.67",250.24M,0.74%,0.007334115747791937
2022-04-28,71534.57,"70,625.10","71,613.58","70,264.11",234.55M,1.81%,0.017919687218786777
2022-04-29,72438.25,"72,208.66","73,130.41","71,534.57",243.59M,1.26%,0.012553645442920432
2022-05-03,71338.99,"72,198.96","72,438.25","71,296.64",236.01M,-1.52%,-0.015291452524448504
2022-05-04,70357.58,"71,222.24","71,338.99","70,110.29",634.43M,-1.38%,-0.013852497539659772
2022-05-05,69682.65,"71,082.51","71,082.51","69,682.65",281.48M,-0.96%,-0.009639161915558964
2022-05-06,67978.14,"69,220.19","69,682.65","67,256.72",286.12M,-2.45%,-0.024765179914813844
2022-05-09,66769.12,"67,894.88","67,978.14","66,481.38",264.28M,-1.78%,-0.01794548469386311
2022-05-10,66966.73,"67,183.73","67,741.57","66,769.12",377.00M,0.30%,0.0029552306852209014
2022-05-11,68416.41,"67,750.25","68,489.51","66,820.56",265.91M,2.16%,0.02141677923837445
2022-05-12,67251.89,"66,716.12","68,416.41","65,954.36",313.56M,-1.70%,-0.017167585958602214
2022-05-13,68650.66,"67,420.35","68,650.66","67,250.13",272.06M,2.08%,0.020585623975487445
2022-05-16,69211.76,"68,573.73","69,269.38","68,407.44",206.91M,0.82%,0.008140044229873493
2022-05-17,69696.39,"69,744.13","70,384.41","69,211.76",286.24M,0.70%,0.006977732643250524
2022-05-18,69083.44,"69,841.88","70,017.42","68,977.65",221.16M,-0.88%,-0.008833473649813578
2022-05-19,68245.84,"68,323.43","69,083.44","67,512.35",241.81M,-1.21%,-0.01219856954860841
2022-05-20,67575.28,"69,023.91","69,217.65","67,575.28",257.05M,-0.98%,-0.009874244128307888
2022-05-23,68367.37,"68,271.20","68,798.07","67,575.28",210.66M,1.17%,0.011653428323724522
2022-05-24,67690.72,"67,996.32","68,367.37","67,491.28",214.23M,-0.99%,-0.009946568831662611
2022-05-25,67585.25,"67,968.93","68,227.74","66,820.04",294.23M,-0.16%,-0.0015593312156029463
2022-05-26,69483.76,"67,644.75","69,573.31","67,585.25",276.64M,2.81%,0.027703292226532887
2022-05-27,70485.46,"69,423.37","70,607.71","69,423.37",249.10M,1.44%,0.014313391211715147
2022-05-30,71958.15,"70,926.29","72,063.86","70,485.46",257.36M,2.09%,0.020678252611942782
2022-05-31,72094.87,"71,779.98","72,289.88","71,620.27",502.29M,0.19%,0.0018981905558332548
2022-06-01,70849.38,"71,855.23","72,094.87","70,567.04",266.85M,-1.73%,-0.017426675364365048
2022-06-02,71035.0,"70,993.04","71,334.63","70,849.38",239.95M,0.26%,0.0026164981077854824
2022-06-03,70920.45,"71,375.62","71,752.67","70,920.45",164.40M,-0.16%,-0.0016138869604988397
2022-06-06,71120.09,"71,321.90","71,460.82","70,830.62",157.68M,0.28%,0.0028110303081235475
2022-06-07,70318.23,"70,582.46","71,120.09","69,780.66",216.95M,-1.13%,-0.011338774259993733
2022-06-08,69950.21,"70,706.47","70,706.47","69,879.58",235.87M,-0.52%,-0.005247379160298565
2022-06-09,68910.8,"69,474.01","70,460.74","68,910.80",241.62M,-1.49%,-0.014970788604120868
2022-06-10,67803.51,"68,825.79","68,910.80","67,703.13",290.91M,-1.61%,-0.016198951129413258
2022-06-13,66381.03,"66,904.31","67,803.51","65,961.66",283.53M,-2.10%,-0.021202640624488924
2022-06-14,65683.52,"66,854.22","66,909.86","65,559.37",279.92M,-1.05%,-0.010563266006190007
2022-06-15,67502.09,"65,799.07","67,544.51","65,225.95",615.65M,2.77%,0.027310503474944653
2022-06-17,65390.88,"66,439.60","66,815.42","65,390.88",,-3.13%,-0.031775761164227125
2022-06-20,66350.31,"65,648.69","66,692.73","65,390.88",182.44M,1.47%,0.014565633762340957
2022-06-21,66747.23,"66,963.57","67,508.53","66,350.31",227.07M,0.60%,0.005964365331728732
2022-06-22,65712.68,"65,901.30","66,747.23","65,191.10",190.39M,-1.55%,-0.015620892945262518
2022-06-23,65295.42,"65,283.80","65,784.97","64,744.53",220.11M,-0.63%,-0.006370009349492452
2022-06-24,66348.75,"65,371.92","66,373.23","65,207.00",213.91M,1.61%,0.016003025115993337
2022-06-27,67826.78,"67,104.53","68,360.41","66,348.75",197.63M,2.23%,0.022032181097762914
2022-06-28,68058.12,"68,106.90","68,686.65","67,826.78",199.58M,0.34%,0.003404943794432769
2022-06-29,67747.41,"67,351.46","68,058.12","67,139.96",186.82M,-0.46%,-0.00457581575859684
2022-06-30,66223.31,"66,830.88","67,747.41","66,223.31",302.68M,-2.25%,-0.022753714478065172
2022-07-01,65661.73,"65,919.02","66,635.32","65,452.84",200.41M,-0.85%,-0.008516256189796964
2022-07-04,67024.82,"65,981.22","67,417.82","65,661.73",177.57M,2.08%,0.02054673897440751
2022-07-05,65005.81,"67,092.50","67,092.50","64,719.99",272.39M,-3.01%,-0.03058634803687436
2022-07-06,65756.36,"65,482.93","66,278.88","65,005.81",207.10M,1.15%,0.011479745901393317
2022-07-07,67909.29,"66,636.06","67,971.71","65,756.36",272.49M,3.27%,0.03221644763920842
2022-07-08,68327.4,"67,651.44","68,491.37","67,089.26",260.96M,0.62%,0.006138013375069862
2022-07-11,67226.75,"67,006.28","68,327.40","66,615.54",170.78M,-1.61%,-0.016239623633874923
2022-07-12,67163.71,"66,863.02","67,226.75","66,619.87",187.78M,-0.09%,-0.0009381618996423478
2022-07-13,66142.69,"67,100.40","67,163.71","65,345.53",259.50M,-1.52%,-0.015318693868721577
2022-07-14,64712.88,"66,074.85","66,381.17","64,348.29",229.37M,-2.16%,-0.02185412369239463
2022-07-15,65088.9,"64,404.13","65,306.60","64,118.05",232.78M,0.58%,0.0057937734266318725
2022-07-18,67016.14,"66,136.38","67,177.28","65,088.90",257.88M,2.96%,0.029179458138561574
2022-07-19,67785.04,"66,470.84","67,797.48","66,418.33",233.23M,1.15%,0.011408035729546533
2022-07-20,67652.46,"68,201.94","68,528.66","67,093.01",209.16M,-0.20%,-0.0019578040402135214
2022-07-21,67907.24,"67,472.22","68,099.38","67,053.65",209.03M,0.38%,0.003758938681559705
2022-07-22,68069.58,"67,986.87","68,437.85","67,907.24",243.92M,0.24%,0.0023877610482502362
2022-07-25,67749.79,"67,714.57","68,252.62","67,322.37",240.03M,-0.47%,-0.004709057197819621
2022-07-26,68421.8,"68,312.27","68,458.25","67,749.79",240.36M,0.99%,0.009870127176444466
2022-07-27,68424.97,"68,262.77","68,693.25","68,217.77",243.52M,0.00%,4.63291899482037e-05
2022-07-28,68610.75,"68,897.22","69,464.73","68,424.97",260.57M,0.27%,0.0027114115037650457
2022-07-29,68934.01,"68,824.63","69,176.44","68,478.14",318.38M,0.47%,0.004700442171399795
2022-08-01,68642.59,"69,023.14","69,424.80","68,263.35",246.00M,-0.42%,-0.004236482597503085
2022-08-02,68002.23,"68,503.76","68,642.59","67,501.73",270.63M,-0.93%,-0.009372688812026048
2022-08-03,68610.57,"68,060.97","69,107.99","68,002.23",208.87M,0.89%,0.008906105739098787
2022-08-04,68717.02,"68,889.96","69,461.10","68,610.57",250.67M,0.16%,0.0015503078634181745
2022-08-05,69519.27,"69,025.90","69,645.77","68,717.02",193.18M,1.17%,0.011607067968075844
2022-08-08,70266.13,"69,504.56","70,480.40","69,308.14",140.66M,1.07%,0.01068591007214254
2022-08-10,69744.9,"69,311.97","70,266.13","69,279.19",230.13M,-0.74%,-0.007445590650140441
2022-08-11,71264.77,"69,899.25","71,399.61","69,744.90",269.37M,2.18%,0.021557796162428186
2022-08-12,70731.32,"70,869.56","71,305.04","70,731.32",199.42M,-0.75%,-0.007513622517865412
2022-08-15,70740.63,"70,831.75","71,159.24","70,629.78",231.13M,0.01%,0.00013161619689902137
2022-08-16,71504.69,"71,011.39","71,563.01","70,740.63",234.10M,1.08%,0.010742952364242315
2022-08-17,70967.35,"71,329.32","71,504.69","70,742.35",217.84M,-0.75%,-0.007543129835599477
2022-08-18,71011.38,"71,085.53","71,238.62","70,817.62",199.60M,0.06%,0.000620233768980507
2022-08-19,69719.43,"71,028.52","71,081.59","69,594.84",236.44M,-1.82%,-0.01836110082869898
2022-08-22,69195.6,"69,588.87","69,719.43","68,705.84",203.55M,-0.75%,-0.007541768271961005
2022-08-23,69772.27,"69,320.41","70,032.64","69,123.15",192.03M,0.83%,0.008299376108518882
2022-08-24,69808.71,"69,872.95","70,106.31","69,520.49",189.35M,0.05%,0.0005221341880228473
2022-08-25,70340.7,"70,275.61","70,592.80","69,808.71",208.75M,0.76%,0.007591791576067818
2022-08-26,70173.09,"70,359.75","71,054.87","70,062.67",188.50M,-0.24%,-0.002385674452240178
2022-08-29,69207.02,"69,184.18","70,173.09","68,627.96",157.38M,-1.38%,-0.01386260164230389
2022-08-30,67900.48,"69,221.62","69,548.62","67,689.43",269.06M,-1.89%,-0.019059198806020368
2022-08-31,67257.14,"68,188.82","68,636.46","67,257.14",329.43M,-0.95%,-0.009519919909180037
2022-09-01,66021.71,"66,790.99","67,257.14","65,830.50",403.41M,-1.84%,-0.018539556518260274
2022-09-02,67378.31,"66,352.96","67,409.31","66,021.71",229.59M,2.05%,0.020339528705598645
2022-09-05,67399.39,"67,095.80","67,723.33","66,846.07",220.33M,0.03%,0.00031281139493995885
2022-09-06,67538.77,"67,509.66","67,954.07","67,143.53",270.99M,0.21%,0.002065835929126023
2022-09-07,66715.83,"67,006.22","67,538.77","66,313.29",300.51M,-1.22%,-0.012259547264043038
2022-09-08,67260.23,"66,790.29","67,524.74","66,596.87",251.83M,0.82%,0.008126869774855557
2022-09-09,68708.48,"67,870.80","69,221.42","67,260.23",285.90M,2.15%,0.021303500964281116
2022-09-12,69772.41,"69,121.06","70,064.69","68,708.48",262.65M,1.55%,0.015366032584951134
2022-09-13,68273.71,"69,700.27","69,866.50","68,128.64",281.80M,-2.15%,-0.021713886418057864
2022-09-14,67964.02,"67,774.62","68,273.71","67,435.54",206.86M,-0.45%,-0.0045463255064068665
2022-09-15,67568.26,"67,833.71","68,478.31","67,555.83",418.92M,-0.58%,-0.0058401013373507145
2022-09-16,66584.34,"67,035.82","67,568.26","66,334.32",573.71M,-1.46%,-0.014668931396948972
2022-09-19,66474.86,"66,280.54","66,534.69","65,540.16",,-0.16%,-0.0016455836906502713
2022-09-20,66602.84,"67,089.87","67,439.11","66,425.94",223.38M,0.19%,0.0019233882078563862
2022-09-21,66208.71,"66,229.57","66,602.84","65,893.16",232.20M,-0.59%,-0.005935193994577449
2022-09-22,65276.97,"65,440.81","66,208.71","65,190.99",282.01M,-1.41%,-0.014172731147791799
2022-09-23,63416.66,"65,173.28","65,276.97","63,267.05",269.22M,-2.85%,-0.028912691188600872
2022-09-26,63625.66,"63,003.22","63,786.98","62,646.37",251.48M,0.33%,0.0032902451489833845
2022-09-27,64025.95,"63,827.75","64,218.36","63,371.27",301.49M,0.63%,0.006271621831604045
2022-09-28,63808.32,"63,195.90","64,025.95","62,193.93",331.14M,-0.34%,-0.003404880557498546
2022-09-29,63263.94,"63,775.63","63,945.43","62,598.87",288.82M,-0.85%,-0.00856809079085332
2022-09-30,63726.37,"63,636.67","63,970.81","63,261.06",288.56M,0.73%,0.007282950076919508
2022-10-03,64227.23,"63,369.21","64,312.56","63,280.34",171.35M,0.79%,0.00782881541675235
2022-10-04,66312.83,"65,058.10","66,312.83","64,227.23",308.41M,3.25%,0.031956128724390825
2022-10-05,65612.76,"66,176.02","66,456.39","65,387.75",201.98M,-1.06%,-0.010613203569021772
2022-10-06,65832.67,"66,070.33","66,562.10","65,612.76",279.58M,0.34%,0.0033460304428160055
2022-10-07,65675.48,"65,374.75","65,924.46","65,217.00",185.39M,-0.24%,-0.0023905754108742095
2022-10-10,64769.2,"65,259.55","65,675.48","64,552.02",196.62M,-1.38%,-0.013895462540768129
2022-10-11,64588.09,"64,476.83","65,146.50","64,121.29",219.71M,-0.28%,-0.0028001532551917324
2022-10-12,64528.23,"64,765.42","65,023.38","64,319.94",228.40M,-0.09%,-0.0009272259972821773
2022-10-13,64392.43,"64,506.12","64,808.04","63,662.88",241.45M,-0.21%,-0.002106722851504942
2022-10-14,64271.36,"65,593.70","65,774.42","64,082.40",250.56M,-0.19%,-0.0018819597298280512
2022-10-17,66190.75,"64,309.42","66,262.75","64,149.01",251.84M,2.99%,0.029426605195918155
2022-10-18,66350.98,"66,526.68","66,902.27","66,187.81",252.75M,0.24%,0.002417805743984696
2022-10-19,65652.5,"65,987.24","66,350.98","65,175.88",267.25M,-1.05%,-0.010582850072487857
2022-10-20,65794.28,"65,301.24","65,869.44","64,854.32",494.95M,0.22%,0.0021572237065441845
2022-10-21,65539.24,"65,021.41","66,015.75","64,705.82",218.35M,-0.39%,-0.003883857229937429
2022-10-24,64975.95,"65,607.12","65,823.85","64,662.96",221.85M,-0.86%,-0.008631845802761277
2022-10-25,65850.84,"65,088.77","66,023.69","64,975.95",254.18M,1.35%,0.01337498294341843
2022-10-26,67103.09,"65,915.89","67,103.09","65,850.84",273.43M,1.90%,0.01883790921581086
2022-10-27,67123.41,"66,646.33","67,371.78","66,641.58",254.81M,0.03%,0.0003027718096684965
2022-10-28,66385.58,"66,370.00","67,123.41","65,799.52",217.05M,-1.10%,-0.011053001174487664
2022-10-31,66671.65,"66,566.61","66,843.11","66,385.58",203.41M,0.43%,0.0042999608631267465
2022-11-01,67414.27,"66,838.51","68,210.96","66,671.65",282.29M,1.11%,0.011076891490483458
2022-11-02,67123.1,"67,795.09","67,913.60","66,990.64",247.92M,-0.43%,-0.004328469548717363
2022-11-03,66046.65,"66,737.35","67,123.10","65,609.55",208.73M,-1.60%,-0.016166936498133923
2022-11-04,69305.19,"66,572.88","69,437.13","66,046.65",245.63M,4.93%,0.048158484636583274
2022-11-07,69439.32,"68,788.55","69,658.97","68,562.83",214.40M,0.19%,0.0019334825109182544
2022-11-08,69011.45,"69,387.56","69,439.32","68,690.90",212.93M,-0.62%,-0.00618084481802934
2022-11-09,69640.23,"69,030.01","69,700.98","68,957.53",226.44M,0.91%,0.009069984734742938
2022-11-10,70710.27,"69,371.38","70,720.06","68,654.35",261.06M,1.54%,0.015248406427964253
2022-11-11,72982.8,"72,114.50","73,435.53","70,710.27",287.32M,3.21%,0.031632972926024655
2022-11-14,72822.47,"72,944.40","73,258.08","72,766.66",235.90M,-0.22%,-0.0021992355231261126
2022-11-15,72998.69,"72,870.21","73,489.01","72,702.98",283.62M,0.24%,0.0024169343568995025
2022-11-16,72607.46,"72,979.91","73,487.96","72,607.46",253.37M,-0.54%,-0.00537382440912244
2022-11-17,72155.29,"72,476.30","72,774.47","71,834.64",242.79M,-0.62%,-0.006247069367314084
2022-11-18,72576.86,"72,283.73","72,929.33","72,155.29",163.46M,0.58%,0.005825536236833955
2022-11-21,71938.01,"72,125.42","72,576.86","71,686.03",243.96M,-0.88%,-0.008841362297918652
2022-11-22,72242.33,"71,359.51","72,436.98","71,359.51",223.28M,0.42%,0.00422138624333453
2022-11-23,72891.45,"72,329.76","73,028.79","72,242.33",226.23M,0.90%,0.008945185997986944
2022-11-24,73127.34,"72,741.32","73,426.48","72,741.32",171.72M,0.32%,0.003230956854336708
2022-11-25,73151.38,"72,852.04","73,446.34","72,484.33",169.50M,0.03%,0.0003286875933347513
2022-11-28,73368.25,"72,719.83","73,524.47","72,539.97",166.85M,0.30%,0.0029602880975717542
2022-11-29,73127.92,"73,593.25","74,207.78","72,811.67",220.25M,-0.33%,-0.0032810443522318417
2022-11-30,74828.0,"73,070.81","75,093.64","73,070.81",430.61M,2.32%,0.022981910107951975
2022-12-01,75020.01,"75,540.50","76,338.15","74,828.00",389.68M,0.26%,0.002562731464861539
2022-12-02,74322.91,"74,890.15","75,020.01","73,356.93",287.92M,-0.93%,-0.009335629207091483
2022-12-05,74693.42,"75,198.76","75,511.40","74,322.91",229.12M,0.50%,0.004972753838534979
2022-12-06,74557.31,"74,403.84","74,961.03","74,215.44",185.49M,-0.18%,-0.00182391118264616
2022-12-07,74011.12,"74,202.80","74,557.31","73,619.91",208.86M,-0.73%,-0.007352739215323143
2022-12-08,74467.26,"74,179.66","74,628.13","73,947.23",188.33M,0.62%,0.0061442135210688035
2022-12-09,74548.14,"74,577.12","75,035.66","74,448.85",194.70M,0.11%,0.0010855254952466852
2022-12-12,74422.18,"73,885.88","74,773.30","73,554.24",187.23M,-0.17%,-0.0016910755111180275
2022-12-13,75835.45,"74,315.56","76,172.91","74,315.56",210.42M,1.90%,0.018811845731080898
2022-12-14,74294.67,"75,187.90","75,835.45","74,049.25",212.68M,-2.03%,-0.02052664847529954
2022-12-15,72989.34,"73,933.20","74,294.67","72,785.85",746.41M,-1.76%,-0.017725809857880484
2022-12-19,73359.6,"73,152.71","73,588.61","72,572.00",223.92M,0.51%,0.00505997228254742
2022-12-20,73040.51,"72,774.72","73,359.60","71,826.47",157.20M,-0.43%,-0.004359156632948144
2022-12-21,73836.91,"73,057.69","73,836.91","72,938.77",134.74M,1.09%,0.010844523344015382
2022-12-22,73225.13,"73,999.50","74,100.10","73,048.89",101.86M,-0.83%,-0.008320074019536815
2022-12-23,73493.47,"73,032.16","73,577.06","72,877.34",53.31M,0.37%,0.0036578906723851758
2022-12-28,74277.56,"73,830.99","74,548.89","73,493.47",110.30M,1.07%,0.01061232852975243
2022-12-29,73597.14,"73,948.95","74,277.56","72,841.34",94.75M,-0.92%,-0.009202720980147816
2022-12-30,73048.57,"73,219.49","73,597.14","72,888.21",69.29M,-0.75%,-0.007481603912184287
2023-01-03,74436.48,"73,147.90","74,612.67","73,048.57",130.46M,1.90%,0.01882158187887882
2023-01-04,74567.61,"74,343.55","74,987.27","74,249.04",158.46M,0.18%,0.0017600863688017694
2023-01-05,75439.3,"74,967.98","76,041.39","74,567.61",176.66M,1.17%,0.011622128765360232
2023-01-06,76858.94,"75,764.64","77,069.22","75,439.30",142.62M,1.88%,0.018643434347707488
2023-01-09,78342.7,"77,751.08","78,624.20","76,858.94",209.77M,1.93%,0.019120999062953847
2023-01-10,78000.31,"78,113.62","78,342.70","77,597.35",163.40M,-0.44%,-0.004379991755009205
2023-01-11,78522.1,"78,427.74","78,927.96","78,000.31",189.06M,0.67%,0.006667312788357298
2023-01-12,78627.55,"78,104.73","79,313.57","78,044.25",200.90M,0.13%,0.001342033098091616
2023-01-13,79333.72,"78,848.14","79,527.33","78,848.14",,0.90%,0.008941112013950075
2023-01-16,79167.8,"79,074.64","79,760.32","79,040.18",173.19M,-0.21%,-0.0020936084474771637
2023-01-17,79385.11,"79,210.08","79,483.63","78,886.59",258.36M,0.27%,0.0027411686871260613
2023-01-18,79865.48,"78,952.98","79,981.75","78,952.98",219.32M,0.61%,0.006032900185257858
2023-01-19,79505.06,"79,669.09","79,866.91","78,947.52",242.24M,-0.45%,-0.004523051932380798
2023-01-20,79269.77,"79,715.39","80,226.26","79,002.86",205.39M,-0.30%,-0.0029638220647060405
2023-01-23,80128.63,"79,456.27","80,358.84","79,269.77",160.18M,1.08%,0.010776373057910769
2023-01-24,80037.01,"80,371.15","80,647.77","79,882.95",196.56M,-0.11%,-0.0011440657308690832
2023-01-25,79725.46,"79,973.57","80,471.83","79,447.47",178.40M,-0.39%,-0.0039001699826491047
2023-01-26,80508.97,"80,173.54","80,904.79","79,725.46",221.76M,0.98%,0.009779624074964407
2023-01-27,80791.36,"80,696.99","81,337.95","80,508.97",210.85M,0.35%,0.003501422328242193
2023-01-30,80324.86,"79,937.33","80,791.36","79,702.97",192.39M,-0.58%,-0.005790867035472994
2023-01-31,79476.6,"79,824.64","80,324.86","79,252.14",290.42M,-1.06%,-0.010616523369777192
2023-02-01,79816.87,"80,147.42","80,474.04","79,476.60",259.62M,0.43%,0.0042722469107260045
2023-02-02,79802.09,"79,986.22","80,273.31","79,501.90",294.48M,-0.02%,-0.00018519103297297114
2023-02-03,80240.92,"79,907.86","80,303.43","79,389.25",220.11M,0.55%,0.005483914602151977
2023-02-06,79582.83,"80,025.29","80,240.92","79,267.61",197.97M,-0.82%,-0.008235243125741263
2023-02-07,79534.22,"79,640.24","79,713.79","79,178.84",256.84M,-0.06%,-0.0006109967663709896
2023-02-08,79975.59,"79,720.26","80,038.52","79,534.22",217.72M,0.55%,0.005534093814748776
2023-02-09,80021.09,"80,198.02","80,400.03","79,975.59",710.58M,0.06%,0.0005687618171397709
2023-02-10,78985.35,"79,849.10","80,021.09","78,730.18",200.96M,-1.29%,-0.013027832698556539
2023-02-13,79770.21,"78,859.86","79,770.21","78,859.86",,0.99%,0.009887734255847169
2023-02-14,79858.02,"79,764.30","80,205.91","79,494.07",218.25M,0.11%,0.0011001814510764932
2023-02-15,79471.76,"79,700.88","80,265.11","79,275.51",237.91M,-0.48%,-0.004848569510398002
2023-02-16,80227.19,"79,876.68","80,530.61","79,471.76",229.30M,0.95%,0.00946074641819019
2023-02-17,79271.78,"79,842.97","80,227.19","79,175.12",199.24M,-1.19%,-0.01198028334914823
2023-02-20,79829.39,"79,635.35","79,938.42","79,271.78",191.06M,0.70%,0.00700953089295475
2023-02-21,78811.05,"79,349.18","79,829.39","78,613.09",276.55M,-1.28%,-0.012838516931740464
2023-02-22,78170.14,"79,028.10","79,028.10","78,014.96",242.40M,-0.81%,-0.008165482260105229
2023-02-23,79010.83,"78,141.29","79,217.74","78,141.29",265.29M,1.08%,0.010697198479794447
2023-02-24,76937.77,"78,422.63","79,010.83","76,831.41",257.39M,-2.62%,-0.026588018398319008
2023-02-27,77513.78,"77,155.86","77,702.94","76,725.51",221.91M,0.75%,0.007458813724707608
2023-02-28,77733.87,"77,476.30","78,056.21","77,028.60",536.84M,0.28%,0.002835342724286209
2023-03-01,78631.45,"78,469.28","78,994.18","77,733.87",285.52M,1.15%,0.011480676902565686
2023-03-02,77547.01,"78,879.45","78,879.45","77,158.15",287.89M,-1.38%,-0.013887413523288253
2023-03-03,78293.01,"78,065.87","78,509.81","77,547.01",238.27M,0.96%,0.009573993872336872
2023-03-06,78697.83,"78,544.96","78,747.83","78,269.55",199.02M,0.52%,0.005157254999830818
2023-03-07,78556.54,"78,719.09","78,936.90","78,436.13",221.23M,-0.18%,-0.0017969616745103017
2023-03-08,77741.83,"78,000.51","78,556.54","77,310.86",265.97M,-1.04%,-0.010425155154280743
2023-03-09,77664.05,"77,581.35","77,785.51","76,914.55",276.80M,-0.10%,-0.0010009918092484767
2023-03-10,76454.36,"76,403.31","77,664.05","75,763.62",242.24M,-1.56%,-0.015698511854986722
2023-03-13,75502.28,"77,299.32","77,299.32","74,631.10",374.29M,-1.25%,-0.012531107013420804
2023-03-14,75008.68,"75,241.63","75,502.28","74,250.04",379.05M,-0.65%,-0.006559014301446766
2023-03-15,72895.54,"75,233.34","75,268.74","72,534.77",403.08M,-2.82%,-0.028576382728216575
2023-03-16,72905.5,"72,857.25","73,670.03","72,269.18",647.55M,0.01%,0.00013662454006508232
2023-03-17,72527.92,"73,275.67","74,069.14","72,519.19",,-0.52%,-0.005192490809302576
2023-03-20,74271.06,"72,457.48","74,298.37","71,905.80",235.16M,2.40%,0.023749782653652376
2023-03-22,75243.44,"74,892.81","75,243.44","74,271.06",309.65M,1.31%,0.013007349919939142
2023-03-23,75585.23,"75,608.81","75,658.49","75,001.99",289.36M,0.45%,0.004532169978644394
2023-03-24,74695.04,"75,502.62","75,585.23","74,047.15",244.39M,-1.18%,-0.011847202722624432
2023-03-27,75283.68,"75,143.88","75,542.52","74,695.04",199.42M,0.79%,0.007849687242897826
2023-03-28,76047.34,"75,815.03","76,437.03","75,283.68",260.43M,1.01%,0.010092662856656233
2023-03-29,76480.11,"76,122.74","76,676.28","75,879.04",268.36M,0.57%,0.0056746659218608895
2023-03-30,76704.63,"76,864.11","77,313.08","76,424.59",184.94M,0.29%,0.0029313645833534898
2023-03-31,76100.17,"77,072.83","77,072.83","76,057.49",265.69M,-0.79%,-0.00791157284207933
2023-04-03,76614.96,"76,517.27","76,843.98","76,100.17",253.37M,0.68%,0.00674185917112451
2023-04-04,77458.58,"76,626.72","77,458.58","76,439.24",245.17M,1.10%,0.01095098393719881
2023-04-05,76656.42,"77,350.28","77,458.58","76,608.14",274.33M,-1.04%,-0.010409982727302876
2023-04-06,77113.7,"76,870.65","77,337.67","76,656.42",172.11M,0.60%,0.005947596945114869
2023-04-11,77990.54,"77,762.03","78,434.63","77,113.70",267.64M,1.14%,0.01130658118900711
2023-04-12,77740.69,"78,008.31","78,377.23","77,646.47",277.93M,-0.32%,-0.0032087361587139476
2023-04-13,78462.77,"78,237.57","78,566.79","77,740.69",274.72M,0.93%,0.009245443647696265
2023-04-14,78870.36,"78,835.06","79,203.51","78,462.77",211.69M,0.52%,0.0051812471006368625
2023-04-17,78723.7,"79,036.31","79,155.21","78,596.43",208.79M,-0.19%,-0.0018612382007087132
2023-04-18,79294.76,"78,825.05","79,455.71","78,723.70",288.38M,0.73%,0.007227794601474587
2023-04-19,78796.86,"78,919.90","79,294.76","78,257.83",223.63M,-0.63%,-0.006298899919275746
2023-04-20,78883.26,"78,924.41","79,037.65","78,440.32",192.34M,0.11%,0.0010958896866263546
2023-04-21,77910.96,"78,180.69","78,883.26","77,869.82",225.07M,-1.23%,-0.012402401864033756
2023-04-24,78121.37,"77,701.29","78,447.82","77,683.68",184.58M,0.27%,0.002697006800331619
2023-04-25,77891.13,"78,070.57","78,123.45","77,650.70",208.38M,-0.29%,-0.00295156051147995
2023-04-26,78122.12,"77,988.94","78,262.03","77,283.85",227.41M,0.30%,0.002961160911471069
2023-04-28,78218.37,"78,078.62","78,327.09","77,273.63",202.21M,0.12%,0.0012312870729793127
2023-05-02,77532.9,"78,180.84","78,353.94","77,393.29",266.80M,-0.88%,-0.008802168043196161
2023-05-03,78218.6,"77,902.63","78,218.60","77,532.90",232.79M,0.88%,0.0088051085245927
2023-05-04,77271.13,"78,155.84","78,236.67","77,042.91",263.44M,-1.21%,-0.012187065047330645
2023-05-05,78132.77,"77,616.71","78,132.77","77,271.13",235.20M,1.12%,0.011089153227028786
2023-05-08,78572.33,"78,264.70","78,868.77","78,132.77",221.54M,0.56%,0.005610042721519369
2023-05-09,77776.87,"78,389.90","78,572.33","77,546.41",225.45M,-1.01%,-0.010175515622162684
2023-05-10,77775.02,"78,355.67","78,511.06","77,534.31",306.55M,0.00%,-2.378627479330568e-05
2023-05-11,76997.16,"77,621.93","77,979.63","76,755.15",350.72M,-1.00%,-0.010051761879106984
2023-05-12,78330.2,"78,506.86","78,815.16","76,997.16",306.05M,1.73%,0.017164686619425936
2023-05-15,78261.65,"78,426.53","78,731.97","78,132.22",210.98M,-0.09%,-0.0008755245484216682
2023-05-16,77973.02,"78,140.55","78,684.49","77,973.02",191.95M,-0.37%,-0.003694830710228546
2023-05-17,78390.74,"78,017.16","78,390.74","77,526.75",218.65M,0.54%,0.005342938718286106
2023-05-18,77667.96,"78,219.60","78,675.72","77,067.14",259.04M,-0.92%,-0.009262991016206827
2023-05-19,78175.82,"77,886.42","78,298.08","77,667.96",247.15M,0.65%,0.0065175754562924425
2023-05-22,77962.73,"78,205.94","78,206.14","77,900.21",,-0.27%,-0.002729500591576537
2023-05-23,76748.27,"77,779.66","77,962.73","76,741.36",209.07M,-1.56%,-0.015700046487524287
2023-05-24,75621.9,"76,374.49","76,748.27","75,509.75",226.98M,-1.47%,-0.014784921721364365
2023-05-25,76174.61,"75,705.17","76,531.27","75,373.90",246.92M,0.73%,0.007282281293425065
2023-05-26,76589.54,"76,223.76","76,672.49","75,584.91",224.51M,0.54%,0.005432308828750785
2023-05-29,76613.35,"76,589.43","76,843.40","76,448.08",169.53M,0.03%,0.00031082964807920357
2023-05-30,75939.46,"76,366.86","77,179.59","75,938.41",291.92M,-0.88%,-0.008834899644173465
2023-05-31,75067.47,"75,041.90","76,110.69","74,826.19",694.32M,-1.15%,-0.011549134762622842
2023-06-01,75783.25,"75,631.92","76,061.39","75,067.47",263.09M,0.95%,0.009489982837435134
2023-06-02,77126.06,"76,742.70","77,417.11","75,783.25",258.41M,1.77%,0.0175639340771311
2023-06-05,76602.84,"77,113.50","77,126.06","76,372.47",221.78M,-0.68%,-0.0068070742760354816
2023-06-06,76840.11,"76,259.17","76,840.11","76,056.30",285.21M,0.31%,0.003092617668127237
2023-06-07,77125.85,"76,692.79","77,474.82","76,640.86",,0.37%,0.0037117337891114295
2023-06-08,77015.21,"76,840.12","77,355.12","76,671.64",274.87M,-0.14%,-0.0014355684202651889
2023-06-09,76936.11,"77,020.78","77,282.85","76,715.08",304.49M,-0.10%,-0.001027597645288401
2023-06-12,76282.13,"77,040.13","77,136.07","76,185.80",247.24M,-0.85%,-0.008536633386634523
2023-06-13,77827.73,"76,982.34","77,869.69","76,282.13",259.60M,2.03%,0.02005909063232059
2023-06-14,78060.22,"77,830.94","78,200.90","77,706.64",251.80M,0.30%,0.002982785678715283
2023-06-15,78531.81,"77,783.22","78,595.25","77,416.29",793.97M,0.60%,0.006023185544300499
2023-06-19,78014.35,"77,644.19","78,531.81","77,613.58",216.91M,-0.66%,-0.006610981510301648
2023-06-20,76769.22,"77,576.16","78,014.35","76,744.82",266.52M,-1.60%,-0.01608900555800288
2023-06-21,75629.88,"76,224.26","76,769.22","75,504.11",259.03M,-1.48%,-0.014952335374632445
2023-06-22,75105.79,"75,244.03","75,629.88","74,807.83",197.64M,-0.69%,-0.006953790192743214
2023-06-23,74402.9,"75,080.39","75,125.55","73,805.30",221.14M,-0.94%,-0.009402733427952727
2023-06-26,74265.04,"74,571.77","74,680.74","74,006.63",190.15M,-0.19%,-0.0018546034809487737
2023-06-27,74543.48,"74,842.71","75,182.23","74,159.94",220.21M,0.37%,0.0037422632111629244
2023-06-28,74831.11,"74,664.36","75,168.85","74,542.82",182.90M,0.39%,0.0038511283008865263
2023-06-29,74892.51,"74,840.11","75,006.12","74,548.21",181.70M,0.08%,0.000820177917711789
2023-06-30,76027.83,"75,079.50","76,223.09","74,875.63",210.10M,1.52%,0.015045571944941884
2023-07-03,76233.93,"75,960.89","76,458.15","75,960.89",185.11M,0.27%,0.0027071817096121164
2023-07-04,76223.7,"76,358.65","76,393.95","76,055.70",152.49M,-0.01%,-0.00013420122056663893
2023-07-05,75909.49,"75,806.28","76,223.70","75,554.14",155.85M,-0.41%,-0.004130728433133291
2023-07-06,74113.22,"75,166.71","75,909.49","73,993.55",193.93M,-2.37%,-0.02394778557703397
2023-07-07,74823.02,"74,438.12","74,878.92","74,113.22",160.48M,0.96%,0.009531667697914624
2023-07-10,74345.98,"74,442.85","74,823.02","73,915.39",146.67M,-0.64%,-0.006395988794655756
2023-07-11,74876.59,"74,878.92","75,123.40","74,345.98",177.23M,0.71%,0.007111688752546769
2023-07-12,76544.79,"74,813.41","76,544.79","74,813.41",214.80M,2.23%,0.022034768093589868
2023-07-13,77317.26,"76,728.43","77,570.06","76,530.54",250.00M,1.01%,0.010041156871828324
2023-07-14,77750.51,"77,125.40","77,901.09","77,125.40",191.23M,0.56%,0.005587893955476308
2023-07-17,77253.51,"76,808.48","77,750.51","76,791.72",224.46M,-0.64%,-0.006412758884526415
2023-07-18,77098.55,"76,863.39","77,253.51","76,670.49",217.10M,-0.20%,-0.0020078779908871986
2023-07-19,77080.97,"77,091.48","77,215.17","76,794.04",179.84M,-0.02%,-0.0002280458529924791
2023-07-20,77016.83,"76,875.20","77,319.27","76,831.96",228.93M,-0.08%,-0.0008324583959539328
2023-07-21,76826.63,"76,979.29","77,065.48","76,729.96",171.19M,-0.25%,-0.002472644555789784
2023-07-24,76766.07,"76,663.67","77,168.00","76,542.59",155.30M,-0.08%,-0.0007885791855771696
2023-07-25,77525.62,"77,325.12","77,627.39","76,766.07",198.73M,0.99%,0.00984571671708675
2023-07-26,77546.38,"77,318.54","77,637.11","77,219.64",210.30M,0.03%,0.0002677465967296116
2023-07-27,78267.25,"77,561.59","78,414.32","77,525.63",342.02M,0.93%,0.009253043438225316
2023-07-28,78506.9,"78,186.51","78,612.34","78,130.90",208.35M,0.31%,0.003057266605048382
2023-07-31,78977.89,"78,583.31","78,981.89","78,176.02",231.58M,0.60%,0.005981420862702005
2023-08-01,78641.91,"78,777.56","79,212.41","78,560.55",251.32M,-0.43%,-0.004263176439259595
2023-08-02,76477.22,"77,799.88","78,641.91","76,477.22",289.38M,-2.75%,-0.02791184472806001
2023-08-03,76747.2,"76,691.25","76,747.20","75,634.00",261.66M,0.35%,0.0035239850070220183
2023-08-04,76960.61,"76,858.69","77,118.48","76,368.42",214.31M,0.28%,0.0027768288043367242
2023-08-07,77013.74,"76,744.66","77,280.03","76,702.21",154.49M,0.07%,0.0006901149718592396
2023-08-08,76837.44,"76,662.32","77,036.17","76,542.21",254.26M,-0.23%,-0.0022918261292177713
2023-08-10,77749.68,"76,904.48","78,140.65","76,837.44",234.24M,1.19%,0.01180241393114016
2023-08-11,76974.26,"77,341.65","77,749.68","76,923.33",169.32M,-1.00%,-0.010023355041772862
2023-08-14,76160.87,"76,671.22","77,012.51","75,813.59",217.02M,-1.06%,-0.010623266516281838
2023-08-15,75590.77,"76,311.53","76,311.53","75,347.01",181.12M,-0.75%,-0.007513627952378782
2023-08-16,74914.52,"75,123.94","75,590.77","74,453.10",202.30M,-0.89%,-0.008986455571795319
2023-08-17,74375.22,"75,344.57","75,344.57","74,159.15",259.71M,-0.72%,-0.007224908368405533
2023-08-18,73080.87,"73,881.56","74,375.22","72,890.82",230.01M,-1.74%,-0.017556185643762767
2023-08-21,73760.21,"73,299.53","73,990.65","73,080.87",212.29M,0.93%,0.009252790115019643
2023-08-22,73277.88,"73,972.77","74,300.81","73,112.63",246.56M,-0.65%,-0.006560636499482861
2023-08-23,74022.58,"73,555.81","74,050.13","73,277.88",198.00M,1.02%,0.010111391978661365
2023-08-24,74301.56,"74,467.77","74,937.61","74,022.58",204.43M,0.38%,0.003761765670568793
2023-08-25,73836.01,"74,252.91","74,738.57","73,836.01",175.77M,-0.63%,-0.006285394483982869
2023-08-28,75079.61,"74,328.76","75,103.62","73,836.01",143.01M,1.68%,0.01670246426393997
2023-08-29,74776.18,"74,892.23","75,079.61","74,485.58",174.57M,-0.40%,-0.00404963217871592
2023-08-30,75256.19,"75,050.58","75,296.17","74,776.18",240.29M,0.64%,0.006398774315243109
2023-08-31,74953.73,"75,242.02","75,332.08","74,883.44",461.95M,-0.40%,-0.004027169560798292
2023-09-01,74786.79,"75,073.83","75,406.61","74,591.06",215.02M,-0.22%,-0.0022297247153175047
2023-09-04,75375.22,"75,266.35","75,667.77","74,786.79",174.63M,0.79%,0.007837308676740458
2023-09-05,75016.0,"75,150.78","75,375.22","74,471.57",256.02M,-0.48%,-0.004777149665401119
2023-09-06,74411.02,"74,439.36","75,016.00","74,138.38",277.98M,-0.81%,-0.008097374967137173
2023-09-07,73185.12,"73,996.75","74,411.02","73,150.73",237.64M,-1.65%,-0.016611927535358607
2023-09-08,73652.67,"73,363.85","73,654.17","72,964.68",252.42M,0.64%,0.006368273182528269
2023-09-11,74106.18,"74,052.61","74,606.31","73,652.67",194.95M,0.62%,0.006138534836747071
2023-09-12,74086.62,"74,109.32","74,194.97","73,606.43",249.87M,-0.03%,-0.00026398043782946125
2023-09-13,73302.56,"73,626.20","74,086.62","72,826.06",266.13M,-1.06%,-0.010639415947637145
2023-09-14,74354.37,"73,296.20","74,354.37","73,296.20",296.01M,1.43%,0.014246913989461799
2023-09-15,74589.81,"74,569.36","75,016.02","74,354.37",706.92M,0.32%,0.0031614554673831635
2023-09-18,73908.03,"74,760.91","74,760.91","73,736.90",194.31M,-0.91%,-0.009182420302607502
2023-09-19,73806.42,"73,750.08","74,169.08","73,665.87",259.03M,-0.14%,-0.0013757627101023098
2023-09-20,74824.09,"73,744.32","74,824.09","73,704.15",285.57M,1.38%,0.013694172261377952
2023-09-21,73238.11,"74,049.78","74,824.09","72,937.21",385.60M,-2.12%,-0.021423978051536022
2023-09-22,73398.78,"73,475.49","73,731.28","73,238.11",178.76M,0.22%,0.002191400326315281
2023-09-26,72652.1,"71,949.62","73,398.78","71,661.71",276.45M,-1.02%,-0.010225018918080088
2023-09-27,72174.14,"72,551.94","72,952.71","72,162.51",236.49M,-0.66%,-0.006600485316041002
2023-09-28,72505.99,"72,249.46","72,505.99","71,935.73",224.41M,0.46%,0.004587369142574938
2023-09-29,72382.89,"73,005.98","73,190.63","72,300.03",205.23M,-0.17%,-0.0016992336419449524
2023-10-02,71238.06,"71,238.06","71,238.06","71,238.06",,-1.58%,-0.01594271933696736
2023-10-03,70773.21,"71,178.10","71,650.22","70,461.24",209.99M,-0.65%,-0.006546686896801263
2023-10-04,70564.69,"70,670.84","71,208.82","70,271.48",193.89M,-0.29%,-0.0029506615180818975
2023-10-05,71249.59,"70,732.69","71,387.02","70,511.16",239.95M,0.97%,0.00965918700265075
2023-10-06,71657.25,"71,371.04","71,657.25","70,848.14",217.78M,0.57%,0.005705270731352444
2023-10-09,71648.39,"71,746.26","72,262.76","71,285.44",287.22M,-0.01%,-0.00012365179781185587
2023-10-10,73840.5,"72,185.38","73,840.50","71,648.39",283.41M,3.06%,0.030136677889508395
2023-10-11,73849.53,"73,383.31","73,936.83","73,368.32",304.08M,0.01%,0.00012228313598761727
2023-10-12,73390.81,"74,266.22","74,382.25","73,155.67",209.71M,-0.62%,-0.006230921283198267
2023-10-13,72919.72,"73,244.79","73,390.81","72,804.74",211.37M,-0.64%,-0.006439613443451697
2023-10-16,73146.75,"72,981.49","73,156.95","72,372.97",214.47M,0.31%,0.003108587245544104
2023-10-17,72831.8,"72,878.35","73,146.75","72,230.87",204.63M,-0.43%,-0.004315024209822645
2023-10-18,71968.67,"72,837.34","72,924.25","71,762.17",435.20M,-1.19%,-0.01192178758757933
2023-10-19,70961.33,"71,459.45","71,968.67","70,961.33",176.87M,-1.40%,-0.014095804647313345
2023-10-20,70198.01,"70,462.42","70,961.33","70,067.99",221.06M,-1.08%,-0.01081511772783628
2023-10-23,70100.28,"70,097.13","70,306.40","69,631.16",192.50M,-0.14%,-0.0013931747251844683
2023-10-24,70578.25,"70,381.56","70,578.25","70,051.97",173.01M,0.68%,0.006795235053935523
2023-10-25,70274.34,"70,367.16","70,578.25","69,931.45",199.74M,-0.43%,-0.004315298307435469
2023-10-26,69930.52,"69,927.77","70,274.34","69,496.56",227.02M,-0.49%,-0.0049045473773686316
2023-10-27,69451.97,"70,067.24","70,279.61","69,440.43",171.04M,-0.68%,-0.0068667431667699345
2023-10-30,69871.16,"69,789.03","70,090.10","69,451.97",173.10M,0.60%,0.006017540159091281
2023-10-31,69653.44,"69,686.90","70,387.69","69,439.38",264.27M,-0.31%,-0.0031208858755336975
2023-11-01,69740.3,"69,513.10","69,893.61","69,128.49",218.41M,0.12%,0.0012462541178995023
2023-11-02,71383.92,"70,084.91","71,383.92","69,740.30",267.78M,2.36%,0.023294290967654133
2023-11-03,72856.18,"71,786.19","73,097.71","71,383.92",287.40M,2.06%,0.020414726991549684
2023-11-06,73293.69,"73,014.13","73,501.04","72,856.18",231.05M,0.60%,0.005987159713757912
2023-11-07,71572.99,"72,706.04","73,293.69","71,408.51",330.42M,-2.35%,-0.02375675244437003
2023-11-08,72465.63,"71,476.82","72,465.63","71,436.77",221.66M,1.25%,0.012394612330049347
2023-11-09,72226.67,"72,175.76","72,465.63","71,619.99",227.05M,-0.33%,-0.003303012216299524
2023-11-10,71393.3,"71,992.93","71,992.93","71,002.01",193.57M,-1.15%,-0.011605340865085622
2023-11-13,71633.17,"71,522.03","71,936.98","71,393.30",185.65M,0.34%,0.0033542074399546123
2023-11-14,73443.5,"71,754.31","73,672.21","71,633.17",330.81M,2.53%,0.02495816828123813
2023-11-15,74800.29,"73,799.48","75,388.64","73,443.50",338.10M,1.85%,0.01830535884956294
2023-11-16,73736.61,"74,342.58","74,800.29","73,282.07",302.28M,-1.42%,-0.014322342564257103
2023-11-17,73920.75,"73,485.63","74,135.46","73,423.41",222.19M,0.25%,0.0024941539718471043
2023-11-20,74321.48,"74,124.05","74,325.82","73,920.75",205.09M,0.54%,0.00540643480734969
2023-11-21,74270.74,"74,463.19","74,677.39","73,922.58",547.74M,-0.07%,-0.0006829429154787992
2023-11-22,74763.96,"74,184.69","74,985.24","74,184.69",260.94M,0.66%,0.006618885409211163
2023-11-23,75438.71,"75,175.15","75,681.00","74,763.96",226.28M,0.90%,0.008984587810199129
2023-11-24,75712.4,"75,232.98","75,712.40","74,955.80",193.96M,0.36%,0.003621413023191052
2023-11-27,75369.88,"75,683.73","75,712.40","75,309.75",182.86M,-0.45%,-0.004534225811630533
2023-11-28,75589.18,"75,271.06","75,610.86","74,992.18",252.55M,0.29%,0.00290542554078347
2023-11-29,75241.41,"75,564.76","75,646.69","75,192.75",231.80M,-0.46%,-0.004611406960343286
2023-11-30,75534.36,"75,460.18","75,921.27","75,241.41",929.14M,0.39%,0.0038859077772970957
2023-12-01,75705.85,"75,453.71","76,188.31","75,318.51",226.85M,0.23%,0.002267784122959683
2023-12-04,75941.06,"75,730.59","76,089.52","75,511.43",232.08M,0.31%,0.003102076905048084
2023-12-05,75215.49,"75,460.90","75,941.06","75,062.24",260.21M,-0.96%,-0.009600319307892725
2023-12-06,75400.62,"75,426.41","75,855.14","75,215.49",276.28M,0.25%,0.0024583040052269193
2023-12-07,74787.04,"75,115.46","75,400.62","74,662.48",233.78M,-0.81%,-0.008170889855028275
2023-12-08,73790.85,"74,522.90","74,907.98","73,710.43",229.47M,-1.33%,-0.013409867756775733
2023-12-11,73892.3,"73,326.56","73,892.30","73,192.58",219.22M,0.14%,0.0013738874876083836
2023-12-12,72621.84,"73,907.66","74,640.97","72,621.84",241.17M,-1.72%,-0.017342924629750248
2023-12-13,72640.51,"72,337.07","73,016.93","72,337.07",233.53M,0.03%,0.0002570521556728409
2023-12-14,75289.86,"73,421.10","75,572.04","72,640.51",641.20M,3.65%,0.035822709190110595
2023-12-18,74301.59,"74,854.95","74,915.53","74,301.59",,-1.31%,-0.013213113158048564
2023-12-19,74842.59,"74,301.38","74,842.59","73,999.04",153.64M,0.73%,0.007254756743456869
2023-12-20,74893.5,"74,868.00","75,484.94","74,751.72",142.66M,0.07%,0.0006799964118432723
2023-12-21,75412.93,"74,740.56","75,441.07","74,344.87",274.28M,0.69%,0.006911641342244969
2023-12-22,74379.57,"75,341.37","75,412.93","74,038.44",77.63M,-1.37%,-0.013797438366853276
2023-12-27,76657.94,"74,789.97","76,817.85","74,379.57",150.63M,3.06%,0.030171880333193263
2023-12-28,76485.73,"76,739.19","77,092.88","76,485.73",114.89M,-0.22%,-0.002249000204664535
2023-12-29,76893.15,"76,635.74","76,893.15","76,225.79",99.75M,0.53%,0.0053126083362305026
2024-01-02,75709.14,"76,366.24","76,893.15","75,592.08",105.67M,-1.54%,-0.015517902903850488
2024-01-03,74510.72,"75,484.62","75,709.14","74,510.72",132.33M,-1.58%,-0.015955885265750088
2024-01-04,74522.49,"74,556.54","75,117.58","74,348.05",112.70M,0.02%,0.0001579513723750736
2024-01-05,74488.2,"74,384.85","74,522.49","73,818.38",126.74M,-0.05%,-0.00046023544492380264
2024-01-08,74103.23,"74,126.01","74,488.20","73,576.09",113.61M,-0.52%,-0.005181602483239444
2024-01-09,73826.15,"74,147.41","74,460.16","73,826.15",160.73M,-0.37%,-0.0037461162080287356
2024-01-10,73586.98,"73,830.41","73,894.96","73,383.88",157.43M,-0.32%,-0.0032448969757145805
2024-01-11,73834.28,"73,905.12","74,258.33","73,586.98",160.85M,0.34%,0.0033550144934303477
2024-01-12,74240.76,"73,885.15","74,287.28","73,608.54",172.99M,0.55%,0.005490203089199644
2024-01-15,73675.74,"74,211.34","74,310.27","73,377.77",148.77M,-0.76%,-0.007639752808538476
2024-01-16,73007.62,"73,356.73","73,675.74","72,870.13",174.13M,-0.91%,-0.00910975342352365
2024-01-17,71693.09,"72,287.80","73,007.62","71,635.26",268.52M,-1.80%,-0.018169450080763816
2024-01-18,72344.4,"72,052.76","72,545.19","71,693.09",239.80M,0.91%,0.00904367937976741
2024-01-19,72660.91,"72,504.14","72,949.16","72,344.40",204.16M,0.44%,0.004365502237955133
2024-01-22,72351.5,"72,392.03","72,660.91","72,064.48",179.35M,-0.43%,-0.004267365386728515
2024-01-23,73337.19,"72,814.33","73,429.22","72,351.50",223.77M,1.36%,0.01353166179780928
2024-01-24,74320.11,"73,231.14","74,455.87","73,231.14",234.89M,1.34%,0.013313727380112364
2024-01-25,74040.54,"74,391.21","74,440.30","73,937.28",265.13M,-0.38%,-0.0037687935569583526
2024-01-26,75084.38,"73,707.84","75,084.38","73,447.13",200.76M,1.41%,0.013999766756125055
2024-01-29,74370.53,"74,916.43","75,084.38","74,323.14",203.36M,-0.95%,-0.009552786570438726
2024-01-30,74611.45,"74,466.24","74,853.19","74,322.88",242.57M,0.32%,0.003234219467420481
2024-01-31,74555.87,"74,249.83","74,611.45","73,873.34",316.29M,-0.07%,-0.0007452034744888989
2024-02-01,74469.95,"73,975.78","74,555.87","73,453.03",224.86M,-0.12%,-0.0011530889012391857
2024-02-02,74381.96,"75,064.86","75,440.70","74,143.76",241.41M,-0.12%,-0.0011822489916148177
2024-02-05,74033.92,"74,174.29","74,476.13","73,824.56",147.46M,-0.47%,-0.00469007276013575
2024-02-06,74558.52,"74,658.04","74,783.72","74,033.92",191.48M,0.71%,0.00706095383564687
2024-02-07,74313.44,"74,538.49","74,598.66","74,154.30",240.51M,-0.33%,-0.0032924967388058284
2024-02-08,73725.38,"74,135.81","74,313.44","73,541.41",227.68M,-0.79%,-0.007944714678466238
2024-02-09,73423.3,"73,650.31","73,855.68","73,336.40",172.78M,-0.41%,-0.004105785038080048
2024-02-12,73722.1,"73,486.05","73,755.27","73,091.75",214.27M,0.41%,0.004061294620196429
2024-02-13,73062.59,"73,718.40","73,893.47","73,027.79",260.30M,-0.89%,-0.008986147506164199
2024-02-14,73009.74,"73,027.80","73,062.59","72,626.17",227.27M,-0.07%,-0.0007236141479511289
2024-02-15,73218.44,"72,690.58","73,347.23","72,690.58",189.15M,0.29%,0.0028544449052812157
2024-02-16,73616.06,"73,396.73","73,945.95","73,218.44",273.22M,0.54%,0.005415906642060569
2024-02-19,73580.88,"73,255.69","73,799.38","73,157.68",198.90M,-0.05%,-0.00047799907620131544
2024-02-20,72946.01,"73,176.25","73,580.88","72,700.22",210.76M,-0.86%,-0.008665630900392275
2024-02-21,73029.61,"73,009.63","73,162.29","72,547.40",199.72M,0.11%,0.0011453968702418561
2024-02-22,74112.74,"73,083.60","74,211.08","73,029.61",206.86M,1.48%,0.014722472001726558
2024-02-23,74213.39,"73,799.20","74,431.97","73,799.20",160.06M,0.14%,0.0013571447653686053
2024-02-26,73621.24,"73,859.28","74,213.39","73,333.08",161.12M,-0.80%,-0.008011021055586603
2024-02-27,73142.11,"73,429.97","73,621.24","73,029.74",221.24M,-0.65%,-0.006529309969873643
2024-02-28,72204.53,"73,090.84","73,142.11","72,197.56",159.12M,-1.28%,-0.012901474775441603
2024-02-29,72729.73,"72,439.24","72,879.63","72,204.53",291.87M,0.73%,0.007247455485941004
2024-03-01,72775.49,"72,738.97","72,931.72","72,343.63",234.31M,0.06%,0.0006289808916633469
2024-03-04,72633.15,"73,292.98","73,707.62","72,597.42",280.81M,-0.20%,-0.0019577935047772064
2024-03-05,72241.72,"72,548.81","72,633.15","72,104.48",272.14M,-0.54%,-0.0054037108365606445
2024-03-06,73578.18,"72,521.41","73,578.18","72,241.72",220.36M,1.85%,0.01833079603928392
2024-03-07,73604.11,"73,222.92","73,604.11","72,999.44",196.62M,0.04%,0.000352352178625358
2024-03-08,73717.78,"73,741.62","73,895.59","73,353.96",220.84M,0.15%,0.0015431518365265826
2024-03-11,73481.74,"73,582.61","73,717.78","73,135.10",195.17M,-0.32%,-0.0032070784240713535
2024-03-12,73484.56,"74,094.82","74,437.40","73,409.37",320.62M,0.00%,3.8376144739748846e-05
2024-03-13,74258.63,"73,282.43","74,258.63","73,222.19",264.07M,1.05%,0.010478683760774736
2024-03-14,73866.79,"74,301.51","74,301.51","73,808.85",,-0.53%,-0.005290664006260888
2024-03-15,72990.7,"72,990.70","72,990.70","72,990.70",,-1.19%,-0.011931300106318437
2024-03-18,72430.46,"73,153.38","73,509.75","72,328.88",250.68M,-0.77%,-0.007705106625782179
2024-03-19,71868.07,"72,445.69","72,445.69","71,663.25",196.55M,-0.78%,-0.00779485206885987
2024-03-20,72419.7,"71,988.65","72,495.36","71,868.07",415.70M,0.77%,0.007646284749088874
2024-03-22,73254.19,"72,779.07","73,330.68","72,419.70",236.21M,1.15%,0.011457085799584961
2024-03-25,73282.9,"73,192.37","73,493.34","72,874.39",231.99M,0.04%,0.0003918461922144502
2024-03-26,73608.07,"73,390.22","73,692.97","73,062.71",181.05M,0.44%,0.004427372644553617
2024-03-27,73909.47,"73,500.49","74,053.60","73,472.65",193.31M,0.41%,0.004086299424380672
2024-03-28,74535.99,"73,940.19","74,535.99","73,909.47",206.73M,0.85%,0.008441130097180055
2024-04-02,74429.48,"74,916.40","74,962.16","74,226.47",237.42M,-0.14%,-0.0014299960675464398
2024-04-03,74097.93,"74,130.62","74,429.48","73,765.50",258.89M,-0.45%,-0.004464503228037692
2024-04-04,75372.98,"74,159.03","75,412.67","74,097.93",303.76M,1.72%,0.017061258662417277
2024-04-05,74774.72,"74,638.89","75,372.98","74,322.42",236.49M,-0.79%,-0.007968995409624318
2024-04-08,75334.92,"74,849.09","75,395.77","74,718.83",367.82M,0.75%,0.007463912387312688
2024-04-09,75486.92,"75,418.43","75,905.73","75,258.11",305.51M,0.20%,0.002015623883932956
2024-04-10,75520.37,"75,791.58","76,146.49","74,837.70",329.26M,0.04%,0.0004430249764378773
2024-04-11,75303.25,"75,588.25","75,744.75","74,894.00",233.74M,-0.29%,-0.002879126624626981
2024-04-12,75311.76,"75,810.46","75,925.97","75,081.96",309.52M,0.01%,0.00011300334553708208
2024-04-15,74518.63,"75,024.26","75,311.76","74,460.55",268.25M,-1.05%,-0.01058713667252161
2024-04-16,72999.6,"73,401.27","74,518.63","72,855.08",301.76M,-2.04%,-0.02059519955671442
2024-04-17,72995.18,"72,810.26","73,526.40","72,745.06",287.94M,-0.01%,-6.055011009790819e-05
2024-04-18,73271.43,"73,306.67","73,487.36","72,797.43",297.41M,0.38%,0.0037773532656609253
2024-04-19,73363.56,"73,207.06","73,375.52","72,534.67",221.26M,0.13%,0.0012565897419559912
2024-04-22,73551.12,"73,657.37","73,870.68","73,363.56",227.17M,0.26%,0.0025533200888964397
2024-04-23,74010.83,"73,916.55","74,177.64","73,539.83",242.86M,0.63%,0.006230759179467346
2024-04-24,74513.93,"74,421.94","74,730.34","74,010.83",257.42M,0.68%,0.006774653925522311
2024-04-25,74329.37,"74,498.83","74,787.66","73,790.52",229.15M,-0.25%,-0.0024799247878460814
2024-04-26,75370.99,"74,922.01","75,576.83","74,329.37",223.64M,1.40%,0.013916289983911015
2024-04-29,76456.15,"75,677.19","76,472.22","75,370.99",255.04M,1.44%,0.014294920905893961
2024-04-30,76076.17,"76,253.53","76,671.74","76,076.17",294.38M,-0.50%,-0.004982298650272432
2024-05-02,76046.85,"76,319.27","76,842.08","75,978.31",248.32M,-0.04%,-0.00038547749529371767
2024-05-03,76428.33,"76,544.94","76,978.05","76,046.85",209.94M,0.50%,0.005003841228077418
2024-05-06,76776.45,"76,915.86","77,333.82","76,428.33",163.81M,0.46%,0.004544513547577385
2024-05-07,76929.48,"77,089.83","77,159.02","76,776.45",192.64M,0.20%,0.001991205551566983
2024-05-08,77177.43,"76,889.91","77,230.35","76,673.11",223.62M,0.32%,0.0032178987166443128
2024-05-09,77539.15,"77,245.89","77,573.02","76,864.01",206.03M,0.47%,0.004675913325625375
2024-05-10,78464.22,"77,905.24","78,777.73","77,539.15",204.32M,1.19%,0.011859754604752824
2024-05-13,78686.89,"78,436.52","78,860.87","78,365.04",166.80M,0.28%,0.002833834886878362
2024-05-14,78632.58,"78,484.48","79,023.03","78,383.74",350.46M,-0.07%,-0.0006904422212648975
2024-05-15,79361.57,"78,869.67","79,574.19","78,632.58",281.31M,0.93%,0.009228128678080863
2024-05-16,79508.98,"79,379.71","79,755.01","79,361.57",285.76M,0.19%,0.0018557252090229714
2024-05-17,79530.63,"79,439.15","79,737.06","78,970.42",197.70M,0.03%,0.0002722592206273149
2024-05-20,80072.99,"79,762.62","80,213.66","79,530.63",221.65M,0.68%,0.0067963632360898835
2024-05-21,79808.07,"79,379.87","80,072.99","79,379.87",197.33M,-0.33%,-0.0033139665505616815
2024-05-22,79492.57,"79,723.38","80,094.46","79,486.73",254.42M,-0.40%,-0.0039610689890250085
2024-05-23,78956.07,"79,313.76","80,025.15","78,956.07",208.98M,-0.67%,-0.0067719363231306335
2024-05-24,79150.84,"78,751.94","79,399.36","78,426.16",173.06M,0.25%,0.0024637771812041497
2024-05-27,78920.88,"79,111.75","79,358.02","78,920.88",130.54M,-0.29%,-0.0029095674068548866
2024-05-28,78576.14,"78,984.52","79,253.32","78,540.24",199.13M,-0.44%,-0.004377740614612509
2024-05-30,77161.71,"77,198.59","78,576.14","76,795.85",312.93M,-1.80%,-0.018164741476024183
2024-05-31,76704.26,"77,068.06","77,323.53","76,653.40",429.23M,-0.59%,-0.00594610163383301
2024-06-03,77746.23,"77,396.72","77,809.65","76,704.26",249.82M,1.36%,0.013492813237782649
2024-06-04,76832.74,"77,747.33","77,854.52","76,832.74",249.20M,-1.17%,-0.011819209741702539
2024-06-05,76829.13,"77,096.33","77,207.65","76,533.10",222.27M,0.00%,-4.6986282291991026e-05
2024-06-06,77123.64,"77,079.25","77,409.76","76,790.02",175.36M,0.38%,0.0038259832448178043
2024-06-07,76851.78,"77,091.40","77,387.08","76,630.66",211.52M,-0.35%,-0.003531216638295328
2024-06-10,76188.16,"76,425.49","76,851.78","76,036.57",149.08M,-0.86%,-0.008672561677913243
2024-06-11,76077.3,"76,237.67","76,387.51","75,753.44",246.54M,-0.15%,-0.0014561413939639107
2024-06-12,77050.8,"76,226.14","77,271.19","76,077.30",221.73M,1.28%,0.012715015932094228
2024-06-13,76382.02,"76,857.61","77,050.80","76,347.68",291.67M,-0.87%,-0.008717616419029114
2024-06-14,77053.78,"76,421.95","77,635.62","76,349.27",342.50M,0.88%,0.008756291453870609
2024-06-18,79748.83,"77,457.36","80,013.70","77,053.78",458.75M,3.50%,0.03437845109560906
2024-06-19,80713.72,"80,211.54","81,364.39","79,748.83",573.70M,1.21%,0.012026502506066964
2024-06-20,80073.05,"80,687.76","81,067.61","80,007.53",504.05M,-0.79%,-0.007969230188145783
2024-06-21,79767.56,"79,961.53","80,548.66","79,664.20",808.43M,-0.38%,-0.003822437513973123
2024-06-24,80263.14,"79,876.39","80,671.24","79,767.56",253.43M,0.62%,0.006193581409337966
2024-06-25,79577.57,"80,177.83","80,263.14","79,385.76",1.19B,-0.85%,-0.008578217702035928
2024-06-26,79252.39,"79,776.42","80,148.70","79,237.26",268.06M,-0.41%,-0.004094699190829615
2024-06-27,78969.33,"79,144.91","79,254.71","78,684.41",245.32M,-0.36%,-0.0035780207923826134
2024-06-28,79707.11,"78,966.01","80,131.50","78,966.01",293.06M,0.93%,0.0092992421140157
2024-07-01,79853.83,"80,244.15","80,581.96","79,707.11",379.08M,0.18%,0.001839047091998027
2024-07-02,79435.12,"79,990.64","79,990.64","79,043.65",281.74M,-0.52%,-0.005257250605046201
2024-07-03,80772.78,"80,051.48","81,032.55","79,435.12",277.37M,1.68%,0.016699439741769802
2024-07-04,81155.28,"80,992.87","81,456.39","80,772.78",213.18M,0.47%,0.004724328957277961
2024-07-05,80797.38,"81,122.06","81,289.52","80,665.69",165.99M,-0.44%,-0.0044198172802442865
2024-07-08,80783.51,"80,753.45","80,954.49","80,438.72",191.49M,-0.02%,-0.00017167871812166384
2024-07-09,80620.02,"80,754.96","80,900.35","80,306.35",208.70M,-0.20%,-0.002025854774238993
2024-07-10,80445.31,"80,550.46","80,660.23","80,280.03",191.75M,-0.22%,-0.0021694311062687107
2024-07-11,81093.99,"80,781.74","81,105.46","80,445.31",276.88M,0.81%,0.008031277673334988
2024-07-12,81686.49,"81,345.87","81,792.55","81,093.99",174.72M,0.73%,0.007279774781740208
2024-07-15,82154.07,"81,379.15","82,154.07","81,058.35",254.95M,0.57%,0.005707759658797104
2024-07-16,81124.08,"81,276.81","82,154.07","80,973.32",199.03M,-1.25%,-0.012616552337925638
2024-07-17,80452.58,"81,062.85","81,124.08","80,452.58",246.43M,-0.83%,-0.008311891903441207
2024-07-18,80334.26,"80,770.71","81,007.56","80,301.67",265.68M,-0.15%,-0.001471762506901741
2024-07-19,79922.67,"79,831.16","79,922.67","79,488.40",183.22M,-0.51%,-0.0051366378350660175
2024-07-22,80492.09,"80,248.51","80,679.53","79,922.67",174.08M,0.71%,0.007099376536378948
2024-07-23,80706.44,"80,446.52","80,869.41","79,879.87",199.95M,0.27%,0.002659455099697549
2024-07-24,80595.14,"80,486.02","80,816.32","80,366.77",174.94M,-0.14%,-0.0013800238988845876
2024-07-25,80678.2,"79,807.84","80,678.20","79,516.29",173.50M,0.10%,0.001030052547357656
2024-07-26,81120.51,"80,755.35","81,253.06","80,640.01",191.68M,0.55%,0.00546742433015095
2024-07-29,81011.65,"81,262.30","81,542.07","80,957.82",180.80M,-0.13%,-0.00134285531456042
2024-07-30,81198.64,"80,825.42","81,374.83","80,697.10",205.17M,0.23%,0.0023055267680989677
2024-07-31,82765.12,"81,640.71","82,765.12","81,198.64",257.92M,1.93%,0.019108218340418214
2024-08-01,81868.82,"82,844.47","82,881.44","81,799.99",215.48M,-1.08%,-0.010888506408757659
2024-08-02,80538.57,"81,450.91","81,868.82","80,495.12",213.14M,-1.62%,-0.01638201007759334
2024-08-05,79577.61,"78,961.96","80,538.57","78,306.84",297.99M,-1.19%,-0.012003428236697087
2024-08-06,79430.05,"79,513.22","79,736.45","78,675.95",221.07M,-0.19%,-0.0018560117463436174
2024-08-07,80364.86,"79,817.01","80,405.49","79,430.05",227.18M,1.18%,0.011700255837775007
2024-08-08,80739.31,"79,919.04","80,853.42","79,503.96",287.24M,0.47%,0.004648553470616291
2024-08-12,80560.78,"81,034.59","81,034.59","80,398.39",162.23M,-0.22%,-0.0022136388504516596
2024-08-13,80956.22,"80,657.86","80,956.22","80,259.19",185.18M,0.49%,0.004896584137972839
2024-08-14,81402.32,"80,740.19","81,827.99","80,740.19",300.34M,0.55%,0.005495259105007334
2024-08-15,82226.43,"81,380.14","82,868.63","81,380.14",215.57M,1.01%,0.010073009397397751
2024-08-16,82824.44,"82,719.93","83,169.68","82,226.43",247.70M,0.73%,0.007246403691275
2024-08-19,83799.3,"83,013.26","83,955.76","82,824.44",207.37M,1.18%,0.011701467311675522
2024-08-20,83783.3,"83,748.40","84,215.43","83,651.81",186.89M,-0.02%,-0.0001909506123978484
2024-08-21,84026.18,"84,034.11","84,197.24","83,783.30",179.16M,0.29%,0.002894713333219494
2024-08-22,83620.81,"84,155.05","84,800.50","83,596.97",180.20M,-0.48%,-0.004836004392682009
2024-08-23,84351.57,"83,986.18","84,663.62","83,620.81",225.07M,0.87%,0.008701009181774738
2024-08-26,84193.95,"84,452.13","84,520.66","84,073.91",201.80M,-0.19%,-0.0018703558059480856
2024-08-27,84553.54,"84,263.35","84,670.69","84,181.23",198.67M,0.43%,0.0042618772496963424
2024-08-28,84018.65,"84,363.25","84,639.24","83,932.83",235.32M,-0.63%,-0.006346145175655661
2024-08-29,84239.42,"83,928.61","84,431.80","83,906.23",205.73M,0.26%,0.0026241847026002548
2024-08-30,83749.86,"84,397.80","84,462.51","83,433.57",290.92M,-0.58%,-0.0058284836498116825
2024-09-02,83483.36,"83,540.05","83,749.86","83,138.75",198.50M,-0.32%,-0.003187168501487588
2024-09-03,82156.76,"83,331.28","83,603.13","82,082.58",264.91M,-1.59%,-0.016018200966083144
2024-09-04,81915.38,"81,724.78","82,156.76","81,616.83",309.57M,-0.29%,-0.0029423663779357062
2024-09-05,82146.83,"81,758.92","82,244.53","81,398.34",252.34M,0.28%,0.0028214925733877744
2024-09-06,81364.89,"81,794.47","82,146.83","81,364.89",208.68M,-0.95%,-0.009564402610854433
2024-09-09,81441.63,"81,430.90","81,975.29","81,339.39",207.06M,0.09%,0.0009427141576799209
2024-09-10,81641.9,"81,300.66","81,730.24","81,150.00",253.29M,0.25%,0.002456043239577983
2024-09-11,80827.79,"81,456.64","81,641.90","80,538.94",307.10M,-1.00%,-0.010021768537964033
2024-09-12,81668.39,"81,649.21","82,037.50","80,827.79",269.43M,1.04%,0.010346181656480104
2024-09-13,81978.59,"81,979.41","82,160.68","81,668.39",265.03M,0.38%,0.0037910919165862218
2024-09-16,82007.34,"81,907.39","82,315.77","81,907.39",244.22M,0.04%,0.0003506398420225507
2024-09-17,83032.71,"82,298.64","83,247.96","82,007.34",226.92M,1.25%,0.0124258710931586
2024-09-18,82718.58,"82,835.52","83,032.71","82,151.38",218.69M,-0.38%,-0.0037903822780745696
2024-09-19,83760.08,"83,465.41","84,218.18","82,718.58",501.25M,1.26%,0.012512277403181383
2024-09-20,83829.99,"83,898.07","84,395.93","83,696.76",772.29M,0.08%,0.0008342976890587081
2024-09-23,84777.53,"83,764.71","84,826.99","83,719.43",195.12M,1.13%,0.011239711909588264
2024-09-25,85960.32,"85,899.07","86,197.11","84,777.53",357.47M,1.40%,0.01385526315877374
2024-09-26,87327.21,"86,837.41","87,802.52","85,960.32",278.20M,1.59%,0.015776303701949976
2024-09-27,87579.71,"87,549.86","87,789.80","86,886.25",272.91M,0.29%,0.0028872519784581803
2024-09-30,86548.42,"87,730.03","87,782.32","86,548.42",316.52M,-1.18%,-0.011845323997636494
2024-10-01,86619.39,"86,984.11","87,441.14","86,326.87",289.66M,0.08%,0.0008196673963071075
2024-10-02,87115.22,"87,566.99","87,587.73","86,619.39",243.23M,0.57%,0.005707916760980262
2024-10-03,86461.05,"86,948.18","87,328.62","86,092.65",204.60M,-0.75%,-0.007537586759193793
2024-10-04,86332.42,"86,739.94","86,970.58","86,243.68",195.54M,-0.15%,-0.0014888296850598989
2024-10-07,86308.92,"86,453.72","86,655.74","86,166.85",235.79M,-0.03%,-0.00027224070602256743
2024-10-08,85491.22,"85,181.95","86,308.92","84,863.13",274.71M,-0.95%,-0.009519272507616713
2024-10-09,85336.85,"85,300.89","85,491.22","84,677.53",266.53M,-0.18%,-0.0018073147114444602
2024-10-10,85392.82,"85,627.25","85,627.25","85,221.71",296.96M,0.07%,0.0006556564187707609
2024-10-11,86149.45,"85,332.35","86,279.28","85,321.08",218.78M,0.89%,0.0088215564214021
2024-10-14,86398.66,"86,187.08","86,587.83","85,849.34",167.68M,0.29%,0.002888587690502422
2024-10-15,85949.77,"85,838.05","86,398.66","85,528.27",215.54M,-0.52%,-0.005209110579606765
2024-10-16,86393.01,"86,078.96","86,430.22","85,837.31",374.53M,0.52%,0.005143713908551797
2024-10-17,86582.35,"86,506.05","87,037.27","86,192.11",184.53M,0.22%,0.00218921441319944
2024-10-18,87201.49,"87,001.42","87,467.86","86,582.35",213.78M,0.72%,0.00712543375228822
2024-10-21,87076.55,"87,293.73","87,451.36","86,920.79",181.58M,-0.14%,-0.0014338010847970673
2024-10-22,86752.88,"86,907.67","87,076.55","86,046.69",225.77M,-0.37%,-0.003723999716955134
2024-10-23,86464.19,"86,936.38","87,023.29","86,238.84",264.28M,-0.33%,-0.003333277341506018
2024-10-24,86937.24,"86,677.99","87,353.53","86,464.19",217.61M,0.55%,0.0054561392433287075
2024-10-25,87015.81,"87,023.36","87,196.78","86,651.92",209.11M,0.09%,0.0009033472576996812
2024-10-28,87643.65,"86,839.35","87,753.44","86,761.38",261.98M,0.72%,0.007189335226817811
2024-10-29,87300.97,"87,603.71","87,883.90","86,999.06",246.66M,-0.39%,-0.00391758761456185
2024-10-30,86759.04,"87,066.49","87,300.97","86,394.51",292.57M,-0.62%,-0.006226953004399478
2024-10-31,85384.82,"86,403.43","86,759.04","85,254.94",251.58M,-1.58%,-0.015966287652172118
2024-11-01,86198.57,"85,899.88","86,329.39","85,384.82",202.44M,0.95%,0.00948525496652866
2024-11-04,86223.6,"86,074.05","86,403.36","86,009.98",170.33M,0.03%,0.00029033389587683386
2024-11-05,86642.86,"86,168.72","86,642.86","86,168.72",273.42M,0.49%,0.004850690204109487
2024-11-06,85329.75,"86,341.47","86,642.86","85,111.29",259.03M,-1.52%,-0.015271449562627068
2024-11-07,85998.22,"85,521.47","86,208.68","85,329.75",224.56M,0.78%,0.007803435622633188
2024-11-08,85124.52,"85,694.45","85,998.22","84,918.20",176.66M,-1.02%,-0.01021147267763057
2024-11-11,84771.53,"84,995.48","85,357.46","84,771.53",159.32M,-0.41%,-0.004155370391790607
2024-11-12,84201.75,"84,455.18","84,771.53","83,861.04",283.02M,-0.67%,-0.006744050415187338
2024-11-13,83803.11,"84,014.28","84,201.75","83,784.17",176.02M,-0.47%,-0.004745585909045441
2024-11-14,83834.31,"83,567.56","84,145.67","83,432.43",238.15M,0.04%,0.00037223193199049405
2024-11-15,83872.74,"83,975.64","84,261.65","83,605.94",189.06M,0.05%,0.0004582991671805016
2024-11-18,84425.0,"84,262.66","84,606.98","83,872.74",176.68M,0.66%,0.006562916201225005
2024-11-19,84526.75,"84,681.39","85,164.36","84,382.42",192.92M,0.12%,0.0012044860417421892
2024-11-20,85274.83,"84,716.31","85,478.91","84,526.75",216.82M,0.89%,0.00881128243907009
2024-11-21,85522.57,"85,469.08","85,821.12","85,257.68",234.57M,0.29%,0.002900982962763536
2024-11-22,85608.47,"85,696.40","86,100.56","85,418.50",213.83M,0.10%,0.0010039091355302462
2024-11-25,84875.24,"85,673.67","85,851.71","84,875.24",352.21M,-0.86%,-0.008601813288099187
2024-11-26,85397.5,"84,684.11","85,414.12","84,467.99",273.92M,0.62%,0.0061344127987097465
2024-11-27,85102.34,"85,459.91","85,696.03","85,024.77",260.68M,-0.35%,-0.003462294097777501
2024-11-28,84787.41,"85,097.98","85,144.35","84,720.71",218.12M,-0.37%,-0.0037074674691587135
2024-11-29,84510.44,"84,815.98","84,937.23","84,510.44",240.44M,-0.33%,-0.003271987767135137
2024-12-02,85731.51,"84,603.87","85,963.46","84,510.44",191.58M,1.44%,0.01434535894580924
2024-12-03,85818.8,"85,691.60","86,567.63","85,658.25",278.03M,0.10%,0.0010176607379302554
2024-12-04,86314.51,"85,892.08","86,598.30","85,818.80",265.91M,0.58%,0.005759621660191177
2024-12-05,86846.42,"86,057.14","87,136.11","86,057.14",246.73M,0.62%,0.006143552971211857
2024-12-06,86938.44,"86,825.62","87,298.85","86,753.93",215.42M,0.11%,0.0010590106479938584
2024-12-09,87642.76,"86,817.31","87,694.17","86,627.70",236.51M,0.81%,0.008068724710167055
2024-12-10,87271.05,"87,105.72","87,642.76","86,936.01",208.09M,-0.42%,-0.004250213971751542
2024-12-11,87115.95,"87,026.08","87,271.05","86,616.63",203.70M,-0.18%,-0.001778802788011832
2024-12-12,86965.35,"87,400.94","87,658.15","86,881.82",201.83M,-0.17%,-0.0017302264811983482
2024-12-13,87129.65,"86,492.26","87,764.36","86,482.51",228.97M,0.19%,0.0018874757893958915
2024-12-17,85746.04,"86,607.56","87,129.65","85,746.04",215.05M,-1.59%,-0.016007335027346862
2024-12-18,85599.84,"85,914.44","86,327.98","85,338.61",311.16M,-0.17%,-0.001706490234596696
2024-12-19,84465.35,"84,796.01","85,599.84","84,350.53",504.86M,-1.33%,-0.013342022892793138
2024-12-20,84603.29,"84,864.98","84,864.98","83,776.74",582.32M,0.16%,0.0016317636506353729
2024-12-23,84712.32,"84,748.83","84,932.54","84,128.89",108.10M,0.13%,0.001287890881063345
2024-12-24,84935.27,"84,860.84","85,211.28","84,712.32",37.29M,0.26%,0.0026283913417581304
2024-12-27,84736.18,"85,012.30","85,243.81","84,413.82",109.48M,-0.23%,-0.0023467718507896233
2024-12-30,83945.55,"84,640.15","84,736.18","83,776.16",108.14M,-0.93%,-0.009374290741059168
2024-12-31,84095.14,"83,718.68","84,486.04","83,718.68",88.56M,0.18%,0.0017804025859998527
2025-01-02,84460.59,"84,198.62","84,905.26","84,040.72",118.90M,0.43%,0.004336258074805237
2025-01-03,84711.8,"84,568.77","84,894.93","83,958.44",114.79M,0.30%,0.0029698721480766496
2025-01-06,84745.52,"84,563.45","85,419.86","84,537.42",150.98M,0.04%,0.0003979763216491118
2025-01-07,84141.54,"84,097.09","84,745.52","83,988.05",156.41M,-0.71%,-0.007152502682917764
2025-01-08,83152.56,"84,286.77","84,286.77","83,076.53",189.56M,-1.18%,-0.01182338792548219
2025-01-09,83698.32,"83,396.91","83,950.44","83,152.56",159.31M,0.66%,0.006541912711386263
2025-01-10,83466.58,"83,563.52","84,174.21","83,397.19",204.49M,-0.28%,-0.0027725933907663566
2025-01-13,82045.8,"83,242.86","83,466.58","81,784.95",243.41M,-1.70%,-0.017168684292519554
2025-01-14,82123.89,"82,435.32","82,829.43","82,045.80",219.19M,0.10%,0.0009513328055807489
2025-01-15,83515.29,"82,497.48","83,623.05","82,123.89",248.08M,1.69%,0.01680076813428655
2025-01-16,83658.72,"83,380.08","84,302.38","83,380.08",199.68M,0.17%,0.0017159370071152594
2025-01-17,84700.44,"83,576.26","84,700.44","83,576.26",184.90M,1.25%,0.012375130576611012
2025-01-20,84733.17,"84,989.59","85,232.45","84,532.82",175.04M,0.04%,0.00038634601962523024
2025-01-21,84845.84,"84,834.68","85,092.76","84,486.69",237.16M,0.13%,0.0013288203130688507
2025-01-22,84654.64,"84,819.88","85,303.40","84,650.33",235.57M,-0.23%,-0.002256041765737411
2025-01-23,83944.07,"84,500.38","84,654.64","83,861.63",239.98M,-0.84%,-0.008429177272145332
2025-01-24,84290.99,"84,567.71","84,964.86","83,944.07",226.83M,0.41%,0.004124235361395174
2025-01-27,84187.66,"83,798.68","84,290.99","83,480.80",223.35M,-0.12%,-0.0012266244174668622
2025-01-28,84447.75,"83,989.69","84,651.70","83,886.16",261.23M,0.31%,0.0030846452264140685
2025-01-29,85314.73,"84,563.46","85,472.72","84,447.75",203.55M,1.03%,0.01021412431693102
2025-01-30,85685.49,"85,387.91","85,741.58","85,241.08",202.90M,0.43%,0.004336375485194836
2025-01-31,85956.65,"85,792.89","86,126.77","85,685.49",287.47M,0.32%,0.0031595996832021497
2025-02-03,85490.14,"84,837.17","85,956.65","84,743.30",241.34M,-0.54%,-0.005442051744955642
2025-02-04,86452.63,"85,966.93","86,531.84","85,490.14",324.08M,1.13%,0.011195586220686692
2025-02-05,86610.7,"86,547.09","86,965.99","86,452.63",264.90M,0.18%,0.0018267306419665838
2025-02-06,87191.22,"86,585.56","87,555.02","86,585.56",276.78M,0.67%,0.006680273254265254
2025-02-07,87474.49,"87,226.56","87,872.05","87,191.22",267.59M,0.32%,0.0032435702273901435
2025-02-10,87765.36,"87,583.52","87,956.33","87,448.25",254.24M,0.33%,0.0033196817632806432
2025-02-11,87562.74,"87,866.36","87,866.36","87,347.82",230.99M,-0.23%,-0.002311324769998803
2025-02-12,87942.18,"88,018.59","88,525.03","87,562.74",261.00M,0.43%,0.004323988081871708
2025-02-13,87841.46,"88,398.08","88,643.75","87,742.03",272.92M,-0.11%,-0.0011459543222816955
2025-02-14,88717.13,"88,634.49","89,008.21","87,841.46",211.75M,1.00%,0.009919394803425761
2025-02-17,88399.57,"89,010.76","89,031.43","88,033.00",189.73M,-0.36%,-0.0035858881774692695
2025-02-18,89061.67,"88,622.73","89,198.82","88,399.57",218.99M,0.75%,0.0074619457429254115
2025-02-19,88341.89,"88,888.79","89,253.73","88,341.89",284.36M,-0.81%,-0.008114650570052671
2025-02-20,88873.33,"88,408.95","88,953.94","88,261.96",287.23M,0.60%,0.00599769695961057
2025-02-21,88913.81,"89,022.51","89,185.81","88,751.68",227.42M,0.05%,0.00045537602662959047
2025-02-24,87423.27,"88,211.35","88,913.81","87,423.27",214.09M,-1.68%,-0.016905979173888187
2025-02-25,87753.79,"87,067.06","88,058.60","87,067.06",242.08M,0.38%,0.0037735579328684035
2025-02-26,88321.76,"88,003.70","88,466.09","87,753.79",237.30M,0.65%,0.006451457569999656
2025-02-27,87325.35,"88,193.98","88,378.04","87,325.35",248.75M,-1.13%,-0.011345711165570592
2025-02-28,85942.71,"86,658.56","87,325.35","85,942.71",696.11M,-1.58%,-0.01595988722310835
2025-03-03,87564.82,"86,485.40","87,848.52","85,942.71",244.04M,1.89%,0.018698407628899415
2025-03-04,86730.82,"87,389.73","87,564.82","86,634.32",273.04M,-0.95%,-0.009570019825707703
2025-03-05,87717.58,"87,569.81","88,113.97","86,730.82",283.72M,1.14%,0.011313036108860794
2025-03-06,88260.08,"88,777.48","88,930.31","87,717.58",259.78M,0.62%,0.006165574864021574
2025-03-07,88570.16,"88,200.74","88,603.00","87,713.91",264.75M,0.35%,0.0035070960467483412
2025-03-10,87291.39,"88,066.24","88,570.16","87,291.39",230.32M,-1.44%,-0.014543173748413858
2025-03-11,87091.04,"87,358.38","87,752.56","86,951.08",332.60M,-0.23%,-0.00229782424931153
2025-03-12,86853.81,"86,964.59","87,472.92","86,821.33",265.88M,-0.27%,-0.0027276478387698376
2025-03-13,87067.75,"86,952.81","87,300.44","86,703.33",300.09M,0.25%,0.002460190765384928
2025-03-14,87916.46,"87,745.77","88,178.28","87,414.71",,0.97%,0.009700494179003904
2025-03-17,88525.1,"87,692.82","88,547.93","87,692.82",273.30M,0.69%,0.006899082213226028
2025-03-18,88893.11,"88,864.60","89,639.09","88,525.10",284.01M,0.42%,0.004148509082482819
2025-03-19,90149.69,"88,876.00","90,464.39","88,876.00",308.85M,1.41%,0.014036874225945857
2025-03-20,89518.75,"89,640.49","90,264.13","89,395.76",770.06M,-0.70%,-0.007023410384120038
2025-03-24,88985.61,"89,218.50","89,781.45","88,958.96",229.99M,-0.60%,-0.00597342927964906
2025-03-25,89713.04,"88,931.03","89,773.33","88,822.91",244.12M,0.82%,0.008141460699775423
2025-03-26,89926.53,"89,830.51","90,310.71","89,622.16",218.68M,0.24%,0.002376871649265637
2025-03-27,89897.64,"89,851.27","89,994.03","89,261.29",240.20M,-0.03%,-0.0003213138728631832
2025-03-28,89572.58,"89,792.15","90,154.19","89,360.77",212.87M,-0.36%,-0.0036224433831488242
2025-03-31,88637.45,"89,466.54","89,572.58","88,595.99",274.67M,-1.04%,-0.010494791824794306
2025-04-01,89950.79,"89,227.49","90,219.42","88,637.45",273.61M,1.48%,0.014708288480382543
2025-04-02,89105.74,"89,813.67","90,028.78","88,736.01",267.22M,-0.94%,-0.009438988615495187
2025-04-03,86082.52,"88,133.30","88,133.30","85,074.31",,-3.39%,-0.03451738332160728
2025-04-04,81553.66,"85,630.47","86,082.52","80,868.87",534.33M,-5.26%,-0.05404516257653098
2025-04-07,82161.52,"79,356.56","83,629.39","77,165.00",533.24M,0.75%,0.007425857434652818
2025-04-08,84227.34,"82,485.25","84,693.45","81,303.74",503.39M,2.51%,0.024832505695502067
2025-04-09,82485.81,"82,809.31","84,227.34","81,923.54",460.98M,-2.07%,-0.02089329308458907
2025-04-10,86041.54,"84,776.98","86,704.45","82,485.81",461.90M,4.31%,0.04220392434420131
2025-04-11,86406.46,"86,568.99","86,919.71","85,648.20",301.37M,0.42%,0.004232238642361941
2025-04-14,88717.11,"87,149.86","88,717.11","86,406.46",305.21M,2.67%,0.026390326586708784
2025-04-15,89521.8,"88,431.48","89,631.73","88,263.79",274.12M,0.91%,0.009029402919916918
2025-04-16,89696.69,"89,466.10","90,534.36","89,407.05",247.86M,0.20%,0.0019516965633929464
2025-04-17,89486.79,"89,839.73","89,936.74","89,216.04",253.19M,-0.23%,-0.0023428509816964694
2025-04-22,89912.0,"90,403.41","90,867.47","89,486.79",283.63M,0.48%,0.004740397594141547
2025-04-23,89846.81,"90,428.39","90,868.71","89,652.31",362.68M,-0.07%,-0.0007253052338059868
2025-04-24,90552.77,"89,527.92","90,647.95","89,485.72",276.46M,0.79%,0.00782666571316593
2025-04-25,90720.33,"90,823.05","91,155.37","90,552.77",230.80M,0.19%,0.0018487028436376968
2025-04-29,91311.15,"90,654.20","91,447.71","90,654.20",194.00M,0.65%,0.006491427468413774
2025-04-30,91583.39,"91,201.51","91,954.44","91,201.51",282.40M,0.30%,0.0029770183523651116
2025-05-02,92332.59,"91,408.27","92,702.80","91,408.27",178.45M,0.82%,0.00814724358556421
2025-05-05,92063.06,"92,304.55","92,596.54","91,831.61",245.46M,-0.29%,-0.002923389916789632
2025-05-06,92027.51,"92,628.63","92,653.29","91,004.45",235.81M,-0.04%,-0.00038622293843632537
2025-05-07,91496.59,"91,981.38","92,412.94","91,478.34",277.84M,-0.58%,-0.0057858502626281245
2025-05-08,90890.08,"91,452.63","91,857.58","90,890.08",191.13M,-0.66%,-0.006650839512322042
2025-05-09,91861.21,"90,901.01","92,041.66","90,890.08",248.64M,1.07%,0.010627986714357643
2025-05-12,92170.83,"92,476.35","92,992.11","91,861.21",226.52M,0.34%,0.0033648520348122254
2025-05-13,92638.8,"92,048.77","92,674.05","91,980.87",241.44M,0.51%,0.005064357308613648
2025-05-14,92473.98,"92,680.12","93,072.02","92,295.13",313.89M,-0.18%,-0.0017807527233375652
2025-05-15,92338.44,"92,047.80","92,563.33","91,686.96",216.73M,-0.15%,-0.001466784800509712
2025-05-16,92618.55,"92,483.94","92,618.55","92,084.64",184.84M,0.30%,0.003028922714981197
2025-05-19,92492.11,"92,505.19","92,696.70","91,753.14",195.78M,-0.14%,-0.0013661019809868295
2025-05-20,92763.22,"92,527.04","92,763.22","92,172.75",218.15M,0.29%,0.0029268814402443216
2025-05-21,93397.44,"93,294.26","93,827.39","92,763.22",267.44M,0.68%,0.006813710842282308
2025-05-22,93135.11,"93,193.17","93,397.44","92,490.41",230.85M,-0.28%,-0.0028127013000931278
2025-05-23,93528.74,"93,361.47","93,994.12","92,835.75",182.54M,0.42%,0.004217534176836184
2025-05-26,93724.31,"93,595.29","94,203.95","93,492.61",139.90M,0.21%,0.002088831889355578
2025-05-27,93764.15,"93,079.46","93,965.08","93,079.46",215.21M,0.04%,0.0004249861628778094
2025-05-28,93868.87,"93,602.18","94,315.72","93,590.33",215.02M,0.11%,0.0011162215570904729
2025-05-29,94726.12,"94,079.95","94,963.41","93,868.87",350.59M,0.91%,0.009090972183295434
2025-05-30,94330.84,"94,469.35","95,055.97","94,184.69",495.08M,-0.42%,-0.0041816030045358065
2025-06-02,95162.33,"94,290.33","95,162.33","94,256.84",221.26M,0.88%,0.008775992682352123
2025-06-03,94882.3,"94,812.01","95,097.13","94,545.87",,-0.29%,-0.0029469941104509297
2025-06-04,95650.16,"95,272.37","95,882.40","94,882.30",228.25M,0.81%,0.008060192547837878
2025-06-05,96411.77,"95,910.14","96,776.84","95,650.16",284.04M,0.80%,0.007930920948990604
2025-06-06,96366.08,"96,797.22","96,901.34","96,336.01",260.76M,-0.05%,-0.000474017122356263
2025-06-09,96413.48,"96,599.34","96,774.75","96,310.89",264.62M,0.05%,0.000491753388743042
2025-06-10,96657.0,"96,577.79","97,055.12","96,407.34",311.95M,0.25%,0.0025226034465464253
2025-06-11,96404.14,"96,881.31","97,094.28","96,053.16",265.74M,-0.26%,-0.0026194825596409523
2025-06-12,97029.34,"96,465.89","97,182.75","96,134.16",263.20M,0.65%,0.006464260241644661
2025-06-13,95324.34,"96,720.49","97,029.34","95,324.34",348.22M,-1.76%,-0.01772822495656181
2025-06-17,94657.07,"95,079.60","95,453.03","94,382.93",335.88M,-0.70%,-0.007024610922472927
2025-06-18,94992.81,"94,361.01","95,182.82","94,013.92",231.46M,0.35%,0.003540633410774396
2025-06-19,94914.7,"94,554.68","94,992.81","94,047.47",343.80M,-0.08%,-0.0008226110110619545
2025-06-20,94710.48,"94,819.50","95,527.61","94,710.48",593.88M,-0.22%,-0.0021539341869619634
2025-06-23,95128.2,"94,283.79","95,145.53","94,220.84",194.10M,0.44%,0.004400796235680856
2025-06-24,95887.03,"95,448.53","96,100.77","95,128.20",247.66M,0.80%,0.007945272132555569
2025-06-25,95311.22,"95,991.55","96,526.09","94,905.64",297.04M,-0.60%,-0.006023190492675215
2025-06-26,95968.26,"95,774.03","96,315.73","95,311.22",316.00M,0.69%,0.006869974595983384
2025-06-27,95862.28,"96,010.73","96,010.73","95,342.00",256.99M,-0.11%,-0.0011049336647061877
2025-06-30,96429.74,"96,098.65","96,706.28","95,862.28",284.14M,0.59%,0.005902082127671934
2025-07-01,96911.35,"96,984.09","97,300.39","96,429.74",233.61M,0.50%,0.004981982838058401
2025-07-02,96609.37,"96,958.19","97,178.55","95,962.01",273.04M,-0.31%,-0.003120908656280869
2025-07-03,96937.03,"96,968.28","97,284.25","96,609.37",204.04M,0.34%,0.0033858579960712363
2025-07-04,97182.71,"96,977.71","97,186.58","96,711.91",124.97M,0.25%,0.0025312225451613467
2025-07-07,97363.36,"96,967.21","97,375.13","96,461.90",146.59M,0.19%,0.0018571441913124292
2025-07-08,97255.74,"97,538.47","97,878.81","97,167.82",253.94M,-0.11%,-0.0011059552836232027
2025-07-09,97230.02,"96,888.32","97,583.38","96,888.32",182.23M,-0.03%,-0.00026449237363127616
2025-07-10,97364.46,"97,551.19","98,140.32","97,230.02",195.66M,0.14%,0.0013817454779769525
2025-07-11,97221.58,"97,819.07","97,819.07","96,703.60",237.37M,-0.15%,-0.0014685537120599078
2025-07-14,96799.66,"97,459.64","97,459.64","96,685.30",222.87M,-0.43%,-0.004349221405622796
2025-07-15,97019.36,"97,254.36","97,653.63","96,799.66",231.98M,0.23%,0.0022670643376190847
2025-07-16,97064.25,"97,021.53","97,194.13","96,484.39",259.98M,0.05%,0.0004625841491764094
2025-07-17,97353.34,"97,263.80","97,374.64","97,001.62",274.37M,0.30%,0.0029739100568285395
2025-07-18,98687.07,"97,886.10","98,867.38","97,353.34",283.94M,1.37%,0.013606894394981665
2025-07-21,99653.78,"98,813.92","99,658.14","98,687.07",258.36M,0.98%,0.009748043885776367
2025-07-22,99324.53,"99,567.61","99,653.78","98,822.95",2.00B,-0.33%,-0.003309408955183093
2025-07-23,100179.84,"100,107.68","100,504.10","99,324.53",337.02M,0.86%,0.008574401054152699
2025-07-24,99971.12,"100,133.24","100,521.22","99,463.92",393.50M,-0.21%,-0.0020856265256802434
2025-07-25,98918.87,"99,619.88","99,971.12","98,848.18",386.86M,-1.05%,-0.010581325061794435
2025-07-28,98696.39,"99,338.36","99,402.24","98,482.87",188.24M,-0.22%,-0.002251648926265698
2025-07-29,99165.06,"98,891.04","99,456.26","98,692.31",242.70M,0.47%,0.00473736421637354
2025-07-30,99314.7,"99,043.66","99,430.73","98,827.33",203.46M,0.15%,0.0015078618429645674
2025-07-31,98519.51,"98,820.01","99,358.90","98,519.51",366.38M,-0.80%,-0.008038996718069055
2025-08-01,97744.15,"98,249.25","98,519.51","97,010.47",269.72M,-0.79%,-0.00790124910326477
2025-08-04,99312.06,"98,631.52","99,312.06","97,744.15",280.71M,1.60%,0.015913663300427268
2025-08-05,99674.14,"99,760.36","100,092.12","99,312.06",294.69M,0.36%,0.0036392513613514176
2025-08-06,100152.77,"99,907.21","100,347.25","99,674.14",212.65M,0.48%,0.0047904550525061755
2025-08-07,100643.36,"100,323.35","100,962.91","100,152.77",318.29M,0.49%,0.004886458480753946
2025-08-08,100855.21,"100,630.17","101,058.47","100,603.70",283.44M,0.21%,0.002102745226018893
2025-08-11,100630.37,"100,714.75","101,090.13","100,254.87",225.35M,-0.22%,-0.002231823173926328
2025-08-12,101271.16,"100,810.23","101,386.53","100,630.37",216.25M,0.64%,0.006347571031675982
2025-08-13,102278.42,"101,777.12","102,639.58","101,271.16",254.47M,0.99%,0.009897030707196388
2025-08-14,101993.04,"102,193.92","102,553.36","101,529.98",228.25M,-0.28%,-0.002794126851268358
2025-08-15,101950.32,"102,348.94","102,462.70","101,792.37",186.03M,-0.04%,-0.00041893985295530145
2025-08-18,101142.62,"102,296.47","102,296.47","101,142.62",196.30M,-0.79%,-0.007954035806175087
2025-08-19,101196.15,"101,041.08","101,727.26","100,898.14",233.45M,0.05%,0.0005291126485433756
2025-08-20,101055.87,"100,758.44","101,196.15","100,640.26",233.76M,-0.14%,-0.0013871804345361178
2025-08-21,101750.49,"101,379.74","101,866.63","101,055.87",235.40M,0.69%,0.006850107819027919
2025-08-22,102723.5,"102,007.28","102,723.50","101,750.49",256.47M,0.96%,0.009517272533970698
2025-08-25,102978.47,"102,927.25","103,265.96","102,723.50",210.16M,0.25%,0.002479024683894414
2025-08-26,102433.16,"102,856.71","102,978.47","102,157.31",834.00M,-0.53%,-0.005309448944392766
2025-08-27,102006.75,"102,409.17","102,433.16","101,725.29",271.76M,-0.42%,-0.004171500744103543
2025-08-28,101858.9,"102,053.94","102,625.06","101,658.56",281.12M,-0.14%,-0.001450465303214991
2025-08-29,101835.59,"101,850.63","102,110.69","101,398.39",301.52M,-0.02%,-0.00022887217127722997
2025-09-01,101899.0,"102,500.98","102,741.69","101,835.59",283.83M,0.06%,0.0006224765470359474
2025-09-02,101167.18,"102,405.10","102,405.10","100,589.31",329.39M,-0.72%,-0.007207730684176689
2025-09-03,101514.87,"101,887.52","101,887.52","100,586.22",344.41M,0.34%,0.003430894260798002
2025-09-04,100432.95,"101,287.26","101,540.16","100,432.95",454.16M,-1.07%,-0.010714949547489638
2025-09-05,101532.28,"101,080.10","102,173.57","100,432.95",295.79M,1.09%,0.0108864368108436
2025-09-08,102771.76,"102,223.26","102,771.76","101,532.28",263.98M,1.22%,0.01213382963284468
2025-09-09,103227.66,"103,181.24","103,759.84","102,771.76",321.06M,0.44%,0.004426233280803146
2025-09-10,103587.74,"103,380.19","103,659.82","103,131.08",283.47M,0.35%,0.003482142662879995
2025-09-11,103927.36,"103,544.26","104,081.91","102,800.93",262.01M,0.33%,0.0032732105106699355
2025-09-12,104458.36,"104,456.25","104,613.93","103,927.36",305.23M,0.51%,0.0050963295305065425
2025-09-15,104675.38,"104,388.64","104,754.05","104,093.54",221.84M,0.21%,0.0020754190873139614
2025-09-16,104884.98,"105,486.83","105,486.83","104,644.52",358.09M,0.20%,0.002000378982867985
2025-09-17,105367.88,"104,845.19","105,446.04","104,257.46",259.34M,0.46%,0.004593524664708412
2025-09-18,105422.83,"104,504.81","105,898.85","104,504.81",444.32M,0.05%,0.0005213702372816513
2025-09-19,106110.83,"105,675.58","106,110.83","104,983.85",646.97M,0.65%,0.0065048978586530765
2025-09-22,105963.07,"106,968.14","106,968.14","105,594.82",244.56M,-0.14%,-0.0013934767447550357
2025-09-23,106693.24,"106,352.91","106,828.29","105,963.07",297.35M,0.69%,0.006867163917595545
2025-09-25,105803.18,"106,005.40","106,693.24","105,647.81",296.33M,-0.83%,-0.008377225415902556
2025-09-26,106700.14,"106,241.37","106,893.82","105,565.98",233.07M,0.85%,0.00844189471353866
2025-09-29,107243.58,"107,914.92","107,914.92","106,700.14",236.95M,0.51%,0.005080225479757826
2025-09-30,107940.48,"107,506.66","108,110.39","106,750.40",341.89M,0.65%,0.006477268218985292
2025-10-01,108649.81,"108,086.19","109,156.96","107,830.67",347.46M,0.66%,0.006549993870879135
