Date,Price,Open,High,Low,Vol.,Change %,LogReturn
2006-08-30,1459.16,"1,450.43","1,466.58","1,450.41",,0.60%,
2006-08-31,1448.72,"1,459.18","1,474.25","1,443.61",,-0.72%,-0.007180519730554792
2006-09-01,1434.01,"1,448.72","1,453.72","1,431.33",,-1.02%,-0.010205692297138741
2006-09-04,1451.3,"1,434.05","1,453.38","1,431.26",,1.21%,0.011984990840368906
2006-09-05,1481.21,"1,451.30","1,482.21","1,442.70",,2.06%,0.020399614823094388
2006-09-06,1446.37,"1,481.19","1,481.21","1,443.30",,-2.35%,-0.023802352027042725
2006-09-07,1402.36,"1,446.31","1,446.37","1,395.64",,-3.04%,-0.030900437604920256
2006-09-08,1405.87,"1,402.36","1,413.85","1,395.30",,0.25%,0.0024997965464562126
2006-09-11,1349.28,"1,405.86","1,405.87","1,343.57",,-4.03%,-0.04108521138757325
2006-09-12,1371.58,"1,349.81","1,371.83","1,348.82",,1.65%,0.016392243145477988
2006-09-13,1384.16,"1,371.46","1,396.04","1,356.99",,0.92%,0.009130097460254833
2006-09-14,1381.32,"1,384.31","1,412.75","1,379.16",,-0.21%,-0.002053893717093221
2006-09-15,1369.59,"1,379.17","1,396.22","1,364.63",,-0.85%,-0.008528138756017916
2006-09-18,1384.47,"1,369.59","1,390.48","1,367.38",,1.09%,0.01080596994492595
2006-09-19,1396.07,"1,384.48","1,399.50","1,384.47",,0.84%,0.00834375142778261
2006-09-20,1369.4,"1,396.06","1,396.07","1,355.67",,-1.91%,-0.019288458644699195
2006-09-21,1347.78,"1,368.96","1,376.28","1,338.70",,-1.58%,-0.015913893281828836
2006-09-22,1300.21,"1,347.78","1,357.23","1,299.47",,-3.53%,-0.03593300453989949
2006-09-25,1255.48,"1,300.21","1,300.21","1,253.38",,-3.44%,-0.03500782030287986
2006-09-26,1305.77,"1,255.51","1,305.77","1,255.48",,4.01%,0.03927493550445234
2006-09-27,1333.55,"1,305.87","1,343.28","1,305.77",,2.13%,0.02105165416541647
2006-09-28,1368.09,"1,333.55","1,372.75","1,333.55",,2.59%,0.025571047259924394
2006-09-29,1367.24,"1,368.09","1,379.93","1,351.19",,-0.06%,-0.0006214972433746177
2006-10-02,1369.39,"1,367.27","1,384.65","1,358.84",,0.16%,0.0015712759432923258
2006-10-03,1334.56,"1,368.02","1,369.39","1,330.82",,-2.54%,-0.025763735698763505
2006-10-04,1338.27,"1,334.52","1,345.37","1,304.65",,0.28%,0.0027760855592307435
2006-10-05,1385.13,"1,338.70","1,396.21","1,338.27",,3.50%,0.03441626297995255
2006-10-06,1374.71,"1,385.14","1,390.05","1,363.06",,-0.75%,-0.00755119826717244
2006-10-09,1412.24,"1,374.72","1,412.95","1,367.00",,2.73%,0.026934296515714985
2006-10-10,1409.31,"1,412.20","1,421.11","1,394.20",,-0.21%,-0.0020768733874566916
2006-10-11,1417.9,"1,409.24","1,418.21","1,387.02",,0.61%,0.0060766808499415305
2006-10-12,1412.7,"1,417.70","1,417.90","1,399.65",,-0.37%,-0.003674136825893668
2006-10-13,1439.57,"1,413.23","1,440.68","1,412.70",,1.90%,0.018841690948141154
2006-10-16,1438.13,"1,439.69","1,450.99","1,426.53",,-0.10%,-0.0010007993329338074
2006-10-17,1424.1,"1,438.16","1,457.75","1,421.70",,-0.98%,-0.009803623307443997
2006-10-18,1448.47,"1,424.10","1,451.67","1,422.80",,1.71%,0.016967791689117696
2006-10-19,1455.07,"1,448.45","1,455.38","1,438.54",,0.46%,0.004546182499481617
2006-10-20,1442.83,"1,455.07","1,466.82","1,436.60",,-0.84%,-0.0084475466980776
2006-10-23,1439.74,"1,442.80","1,448.06","1,424.77",,-0.21%,-0.0021439210035295807
2006-10-24,1429.47,"1,439.78","1,444.66","1,416.24",,-0.71%,-0.007158795529091078
2006-10-25,1449.1,"1,429.47","1,449.10","1,424.38",,1.37%,0.013638927868595328
2006-10-26,1443.08,"1,449.11","1,462.94","1,437.50",,-0.42%,-0.004162955759310578
2006-10-27,1434.97,"1,443.07","1,444.39","1,420.02",,-0.56%,-0.005635775240723133
2006-10-30,1403.65,"1,434.97","1,434.97","1,400.54",,-2.18%,-0.022067956292731828
2006-10-31,1426.86,"1,403.66","1,427.11","1,399.46",,1.65%,0.016400238986116283
2006-11-01,1456.0,"1,426.87","1,458.18","1,426.86",,2.04%,0.020216724011402266
2006-11-02,1435.21,"1,455.99","1,456.00","1,432.82",,-1.43%,-0.014381769806362518
2006-11-03,1452.72,"1,435.20","1,454.65","1,434.13",,1.22%,0.012126481301272713
2006-11-07,1480.88,"1,453.12","1,488.66","1,452.72",,1.94%,0.019198844399888344
2006-11-08,1477.37,"1,480.88","1,484.38","1,468.62",,-0.24%,-0.002373025705833536
2006-11-09,1502.86,"1,477.41","1,505.11","1,477.37",,1.73%,0.017106479429668482
2006-11-10,1503.55,"1,502.86","1,506.76","1,487.28",,0.05%,0.0004590192369738807
2006-11-13,1500.3,"1,503.54","1,511.19","1,495.37",,-0.22%,-0.0021638905192708315
2006-11-14,1498.73,"1,500.30","1,507.75","1,490.18",,-0.10%,-0.0010470052939931136
2006-11-15,1504.61,"1,498.75","1,509.14","1,496.84",,0.39%,0.003915645589786899
2006-11-16,1519.01,"1,504.65","1,521.00","1,498.08",,0.96%,0.009525078463814365
2006-11-17,1500.11,"1,519.00","1,519.01","1,485.55",,-1.24%,-0.01252036811769863
2006-11-20,1490.58,"1,500.13","1,505.83","1,485.94",,-0.64%,-0.006373132793103913
2006-11-21,1509.87,"1,490.63","1,513.00","1,490.58",,1.29%,0.012858248445774323
2006-11-22,1502.53,"1,509.88","1,521.81","1,501.04",,-0.49%,-0.004873200455387514
2006-11-23,1516.67,"1,502.87","1,518.82","1,502.53",,0.94%,0.009366788144509038
2006-11-24,1518.06,"1,516.67","1,521.73","1,508.74",,0.09%,0.0009160617894862096
2006-11-27,1518.79,"1,518.06","1,529.48","1,516.44",,0.05%,0.00048076132443853746
2006-11-28,1521.11,"1,518.79","1,521.11","1,505.81",,0.15%,0.0015263662952247103
2006-11-29,1546.95,"1,521.11","1,547.51","1,521.11",,1.70%,0.016844918944369392
2006-11-30,1550.58,"1,546.97","1,558.83","1,545.15",,0.23%,0.0023438040385459274
2006-12-01,1550.04,"1,550.70","1,565.52","1,546.42",,-0.03%,-0.0003483174368091686
2006-12-04,1564.14,"1,550.06","1,565.00","1,550.04",,0.91%,0.0090554151336833
2006-12-05,1580.94,"1,564.14","1,589.53","1,564.13",,1.07%,0.010683454659583138
2006-12-06,1602.42,"1,581.00","1,603.85","1,580.94",,1.36%,0.01349537972661023
2006-12-07,1607.1,"1,602.36","1,616.08","1,595.47",,0.29%,0.002916326003223416
2006-12-08,1613.27,"1,607.14","1,617.74","1,599.82",,0.38%,0.0038318625186515094
2006-12-11,1611.67,"1,613.27","1,627.15","1,597.37",,-0.10%,-0.000992266604202872
2006-12-12,1608.44,"1,611.67","1,623.65","1,605.27",,-0.20%,-0.0020061433201294956
2006-12-13,1599.74,"1,608.44","1,610.69","1,569.53",,-0.54%,-0.00542364912602644
2006-12-14,1614.09,"1,599.80","1,615.03","1,599.74",,0.90%,0.008930214333714333
2006-12-15,1627.69,"1,614.38","1,630.08","1,614.09",,0.84%,0.008390501383286376
2006-12-18,1631.5,"1,627.69","1,633.72","1,622.21",,0.23%,0.0023380052930576083
2006-12-19,1604.19,"1,631.47","1,631.50","1,582.79",,-1.67%,-0.016880880756683977
2006-12-20,1625.16,"1,604.24","1,631.03","1,604.19",,1.31%,0.012987316178589068
2006-12-21,1629.82,"1,625.16","1,630.07","1,614.60",,0.29%,0.0028633067998944306
2006-12-22,1619.47,"1,629.85","1,635.96","1,617.76",,-0.64%,-0.006370644051241858
2006-12-25,1614.41,"1,619.47","1,623.31","1,608.99",,-0.31%,-0.0031293703720383474
2006-12-26,1615.21,"1,614.42","1,620.30","1,610.36",,0.05%,0.0004954143313221424
2006-12-27,1642.91,"1,615.17","1,643.25","1,611.46",,1.71%,0.0170040805282856
2006-12-28,1677.16,"1,642.90","1,684.31","1,642.90",,2.08%,0.020632827048109613
2006-12-29,1693.47,"1,677.16","1,698.44","1,677.16",,0.97%,0.009677791569454508
2007-01-09,1571.93,"1,692.14","1,693.47","1,567.69",,-7.18%,-0.0744755145734581
2007-01-10,1569.83,"1,571.93","1,580.65","1,528.85",,-0.13%,-0.0013368305107617844
2007-01-11,1599.67,"1,569.64","1,608.19","1,556.53",,1.90%,0.01883002473056971
2007-01-12,1591.47,"1,599.57","1,602.85","1,581.30",,-0.51%,-0.0051392405523110665
2007-01-15,1650.83,"1,591.67","1,652.93","1,591.47",,3.73%,0.036620074317221134
2007-01-16,1641.31,"1,650.83","1,680.41","1,636.15",,-0.58%,-0.005783488269625721
2007-01-17,1610.76,"1,641.30","1,655.15","1,597.21",,-1.86%,-0.018788586163155787
2007-01-18,1607.54,"1,610.76","1,647.88","1,605.36",,-0.20%,-0.0020010571261027395
2007-01-19,1617.09,"1,607.54","1,617.43","1,595.60",,0.59%,0.00592317749386783
2007-01-22,1654.65,"1,617.09","1,655.56","1,617.09",,2.32%,0.02296126842819027
2007-01-23,1664.18,"1,654.64","1,666.30","1,643.39",,0.58%,0.0057430035242911565
2007-01-24,1662.28,"1,664.18","1,690.32","1,658.48",,-0.11%,-0.0011423556613465635
2007-01-25,1681.46,"1,662.30","1,695.50","1,662.28",,1.15%,0.011472309666663402
2007-01-26,1669.82,"1,681.27","1,681.46","1,664.93",,-0.69%,-0.0069466274426048125
2007-01-29,1641.98,"1,669.82","1,685.03","1,640.44",,-1.67%,-0.016813005500276264
2007-01-30,1645.02,"1,641.97","1,645.54","1,606.44",,0.19%,0.0018497115100474077
2007-01-31,1656.94,"1,645.03","1,668.30","1,645.02",,0.72%,0.007219985572584433
2007-02-01,1702.85,"1,656.95","1,707.47","1,656.94",,2.77%,0.027330790171498018
2007-02-02,1701.26,"1,702.85","1,712.21","1,682.19",,-0.09%,-0.0009341649450974467
2007-02-05,1713.63,"1,701.26","1,714.15","1,698.68",,0.73%,0.007244774563779737
2007-02-06,1730.73,"1,713.63","1,735.82","1,708.00",,1.00%,0.009929357264375662
2007-02-07,1724.34,"1,730.73","1,738.89","1,714.59",,-0.37%,-0.003698916250989718
2007-02-08,1679.79,"1,724.33","1,724.39","1,678.70",,-2.58%,-0.02617558297227209
2007-02-09,1695.24,"1,679.76","1,708.25","1,679.76",,0.92%,0.009155538127419696
2007-02-12,1639.61,"1,695.21","1,695.24","1,639.47",,-3.28%,-0.03336591505144144
2007-02-13,1678.88,"1,639.61","1,679.03","1,618.92",,2.40%,0.02366849574946921
2007-02-14,1690.97,"1,678.88","1,693.91","1,676.80",,0.72%,0.007175424349938738
2007-02-15,1690.84,"1,690.97","1,707.57","1,685.40",,-0.01%,-7.688190647265156e-05
2007-02-16,1694.26,"1,690.85","1,698.35","1,676.59",,0.20%,0.0020206204623961677
2007-02-19,1696.59,"1,694.26","1,713.16","1,694.25",,0.14%,0.0013742868995771196
2007-02-20,1682.48,"1,696.59","1,702.97","1,682.34",,-0.83%,-0.008351458839617461
2007-02-21,1697.21,"1,682.48","1,703.14","1,682.48",,0.88%,0.008716830992895525
2007-02-22,1728.44,"1,697.98","1,729.13","1,697.21",,1.84%,0.018233541212690354
2007-02-26,1754.75,"1,728.44","1,756.85","1,728.44",,1.52%,0.015107129029522352
2007-02-27,1682.12,"1,754.74","1,754.75","1,672.74",,-4.14%,-0.04227149398394837
2007-02-28,1655.25,"1,682.00","1,682.12","1,608.85",,-1.60%,-0.016102847821627093
2007-03-01,1583.28,"1,655.23","1,673.11","1,553.01",,-4.35%,-0.04445341022223034
2007-03-02,1591.32,"1,583.33","1,608.68","1,566.48",,0.51%,0.005065215894782795
2007-03-05,1538.98,"1,591.23","1,591.32","1,484.69",,-3.29%,-0.033444001174662244
2007-03-06,1561.93,"1,539.00","1,571.17","1,538.98",,1.49%,0.014802376752004132
2007-03-07,1565.39,"1,561.95","1,583.64","1,548.88",,0.22%,0.0022127581518783775
2007-03-09,1609.71,"1,566.39","1,625.68","1,565.39",,2.83%,0.027919044323861875
2007-03-12,1608.94,"1,609.71","1,635.41","1,599.41",,-0.05%,-0.00047846147589169607
2007-03-13,1614.61,"1,608.95","1,630.77","1,596.39",,0.35%,0.0035178643714915974
2007-03-14,1569.87,"1,610.88","1,614.61","1,528.54",,-2.77%,-0.02810062805992706
2007-03-15,1603.15,"1,569.87","1,609.95","1,569.87",,2.12%,0.020977630413188397
2007-03-16,1609.8,"1,603.14","1,622.49","1,598.78",,0.41%,0.004139503880182226
2007-03-19,1647.64,"1,609.80","1,647.79","1,609.80",,2.35%,0.02323401334490776
2007-03-20,1629.52,"1,647.68","1,657.21","1,617.24",,-1.10%,-0.01105846809865612
2007-03-21,1646.07,"1,629.52","1,650.58","1,629.09",,1.02%,0.010105135765872086
2007-03-22,1680.09,"1,646.08","1,688.90","1,646.07",,2.07%,0.02045673471922114
2007-03-23,1701.93,"1,680.09","1,703.58","1,671.60",,1.30%,0.012915537811951934
2007-03-26,1701.02,"1,701.96","1,713.40","1,697.75",,-0.05%,-0.0005348300866551728
2007-03-27,1681.06,"1,700.92","1,702.85","1,675.97",,-1.17%,-0.011803524304783646
2007-03-28,1696.58,"1,681.06","1,707.16","1,679.17",,0.92%,0.009189913210213417
2007-03-29,1717.81,"1,696.59","1,718.00","1,696.21",,1.25%,0.012435763692939666
2007-03-30,1698.08,"1,717.82","1,730.36","1,690.49",,-1.15%,-0.01155202270113221
2007-04-02,1695.52,"1,698.09","1,698.29","1,679.87",,-0.15%,-0.0015087225869864639
2007-04-03,1700.16,"1,695.53","1,705.77","1,685.54",,0.27%,0.0027328858360525965
2007-04-04,1702.17,"1,700.16","1,715.82","1,700.07",,0.12%,0.001181543374003921
2007-04-05,1718.48,"1,702.17","1,720.98","1,702.17",,0.96%,0.009536271529138806
2007-04-06,1727.37,"1,718.48","1,727.54","1,718.48",,0.52%,0.005159841388284709
2007-04-09,1752.65,"1,727.37","1,758.91","1,727.37",,1.46%,0.01452890770336418
2007-04-10,1757.97,"1,752.65","1,761.77","1,734.19",,0.30%,0.003030805995729615
2007-04-11,1754.91,"1,758.01","1,765.95","1,752.09",,-0.17%,-0.0017421607193849257
2007-04-12,1734.17,"1,754.91","1,754.93","1,730.15",,-1.18%,-0.011888660783071162
2007-04-13,1770.23,"1,734.19","1,772.78","1,734.17",,2.08%,0.020580568878130374
2007-04-16,1777.84,"1,770.25","1,780.54","1,760.51",,0.43%,0.004289662644439177
2007-04-17,1754.64,"1,777.84","1,777.84","1,742.93",,-1.30%,-0.013135436620042958
2007-04-18,1726.26,"1,754.60","1,759.44","1,726.26",,-1.62%,-0.016306489042754235
2007-04-19,1692.05,"1,726.17","1,726.26","1,671.57",,-1.98%,-0.020016407053441418
2007-04-20,1743.34,"1,692.32","1,743.97","1,692.05",,3.03%,0.029862001918350565
2007-04-23,1741.22,"1,743.38","1,758.10","1,738.26",,-0.12%,-0.0012167965318843049
2007-04-24,1732.83,"1,741.22","1,751.45","1,714.74",,-0.48%,-0.004830106827192822
2007-04-25,1741.45,"1,732.77","1,744.28","1,714.05",,0.50%,0.004962189396218484
2007-04-26,1726.12,"1,741.46","1,757.63","1,723.60",,-0.88%,-0.008841984372744319
2007-04-27,1678.27,"1,726.12","1,729.03","1,668.65",,-2.77%,-0.028112614216240988
2007-05-02,1679.18,"1,697.28","1,698.43","1,676.49",,0.05%,0.0005420780784723147
2007-05-03,1693.73,"1,679.19","1,701.29","1,679.18",,0.87%,0.00862761843825972
2007-05-04,1698.33,"1,693.73","1,705.12","1,691.56",,0.27%,0.002712217838038019
2007-05-07,1697.67,"1,698.33","1,707.23","1,694.36",,-0.04%,-0.0003886925843989254
2007-05-08,1684.11,"1,697.67","1,702.67","1,681.29",,-0.80%,-0.008019488359799294
2007-05-10,1664.89,"1,684.11","1,704.49","1,659.08",,-1.14%,-0.011478179168033802
2007-05-11,1625.69,"1,664.89","1,664.89","1,621.04",,-2.35%,-0.023826714141167677
2007-05-14,1632.46,"1,625.85","1,649.71","1,606.33",,0.42%,0.0041557385284578165
2007-05-15,1605.46,"1,632.44","1,632.46","1,600.53",,-1.65%,-0.016677759691006825
2007-05-16,1635.36,"1,605.51","1,635.98","1,603.04",,1.86%,0.018452643718463342
2007-05-17,1618.91,"1,635.36","1,648.96","1,616.07",,-1.01%,-0.010109880318595261
2007-05-18,1645.72,"1,619.13","1,648.09","1,618.91",,1.66%,0.016424895148592144
2007-05-21,1651.34,"1,645.96","1,662.25","1,645.53",,0.34%,0.0034091011039865267
2007-05-22,1645.86,"1,651.34","1,657.95","1,633.98",,-0.33%,-0.003324035573096036
2007-05-23,1597.42,"1,645.83","1,645.86","1,595.00",,-2.94%,-0.029873216191182224
2007-05-24,1578.57,"1,596.18","1,597.42","1,543.81",,-1.18%,-0.01187045383767076
2007-05-25,1581.51,"1,578.50","1,591.00","1,555.38",,0.19%,0.001860712923882822
2007-05-28,1560.83,"1,581.51","1,595.63","1,547.43",,-1.31%,-0.013162355800148696
2007-05-29,1524.79,"1,560.82","1,574.51","1,518.30",,-2.31%,-0.023361035395248173
2007-05-30,1516.09,"1,524.42","1,524.79","1,485.66",,-0.57%,-0.005722043446488161
2007-05-31,1570.34,"1,516.10","1,570.83","1,516.09",,3.58%,0.035157504211267246
2007-06-01,1619.89,"1,570.41","1,621.49","1,555.67",,3.16%,0.031066089280403223
2007-06-04,1611.81,"1,619.89","1,624.54","1,597.73",,-0.50%,-0.005000474571601347
2007-06-05,1615.31,"1,611.81","1,632.14","1,611.81",,0.22%,0.002169117586152617
2007-06-06,1607.94,"1,615.35","1,628.88","1,596.98",,-0.46%,-0.004573032091107463
2007-06-07,1587.93,"1,607.91","1,615.10","1,585.90",,-1.24%,-0.01252257537894377
2007-06-08,1587.66,"1,587.93","1,594.41","1,566.32",,-0.02%,-0.00017004714125599534
2007-06-13,1610.83,"1,594.03","1,611.73","1,582.71",,1.46%,0.014488340000225466
2007-06-14,1662.71,"1,611.57","1,662.71","1,610.83",,3.22%,0.03169922725237717
2007-06-15,1672.29,"1,662.71","1,679.30","1,651.00",,0.58%,0.005745143238567219
2007-06-18,1682.22,"1,672.29","1,691.01","1,672.29",,0.59%,0.0059204050695023215
2007-06-19,1670.36,"1,682.22","1,692.65","1,665.78",,-0.71%,-0.00707517760893731
2007-06-20,1701.09,"1,670.37","1,703.53","1,670.36",,1.84%,0.018230050007636764
2007-06-21,1673.59,"1,700.95","1,701.09","1,671.76",,-1.62%,-0.016298202339735262
2007-06-22,1675.65,"1,673.61","1,686.13","1,667.98",,0.12%,0.0012301299756181166
2007-06-25,1654.93,"1,675.60","1,675.65","1,654.83",,-1.24%,-0.012442437840815454
2007-06-26,1672.68,"1,654.93","1,674.16","1,649.51",,1.07%,0.010668418685643812
2007-06-27,1654.89,"1,672.67","1,672.68","1,649.60",,-1.06%,-0.010692589184342714
2007-06-28,1669.28,"1,654.90","1,677.46","1,654.89",,0.87%,0.00865785437420652
2007-06-29,1665.96,"1,669.70","1,678.85","1,656.73",,-0.20%,-0.00199086188494792
2007-07-02,1682.69,"1,665.96","1,684.36","1,665.28",,1.00%,0.009992169500055246
2007-07-03,1705.49,"1,682.69","1,710.84","1,682.69",,1.35%,0.013458756123571997
2007-07-04,1702.04,"1,705.55","1,710.50","1,699.50",,-0.20%,-0.0020249278385491205
2007-07-05,1729.26,"1,702.20","1,733.78","1,702.04",,1.60%,0.015866039698022236
2007-07-06,1734.63,"1,729.26","1,736.07","1,718.97",,0.31%,0.0031005628366005656
2007-07-09,1753.75,"1,734.63","1,756.05","1,734.63",,1.10%,0.010962218262258279
2007-07-10,1723.3,"1,753.51","1,753.75","1,721.67",,-1.74%,-0.017515295129139363
2007-07-11,1737.63,"1,723.30","1,744.53","1,709.11",,0.83%,0.008281058496413524
2007-07-12,1787.79,"1,737.63","1,789.12","1,737.63",,2.89%,0.028458104387333268
2007-07-13,1791.55,"1,787.82","1,807.55","1,785.66",,0.21%,0.002100946757249248
2007-07-16,1792.99,"1,791.55","1,798.99","1,777.06",,0.08%,0.0008034504162117187
2007-07-17,1789.88,"1,792.98","1,792.99","1,764.96",,-0.17%,-0.0017360388633047316
2007-07-18,1767.64,"1,789.63","1,789.88","1,755.86",,-1.24%,-0.012503254926695934
2007-07-19,1799.74,"1,767.64","1,802.82","1,767.63",,1.82%,0.017996886451969847
2007-07-20,1791.6,"1,799.77","1,817.58","1,783.70",,-0.45%,-0.004533134673563244
2007-07-23,1807.28,"1,791.55","1,812.10","1,775.52",,0.88%,0.008713877215821833
2007-07-24,1766.92,"1,807.28","1,811.02","1,766.66",,-2.23%,-0.02258503473070429
2007-07-25,1780.62,"1,766.91","1,781.00","1,748.67",,0.78%,0.007723700427159686
2007-07-26,1724.28,"1,780.66","1,792.04","1,721.06",,-3.16%,-0.032152046216306705
2007-07-27,1703.01,"1,724.27","1,724.28","1,677.63",,-1.23%,-0.012412298393062527
2007-07-30,1702.63,"1,703.01","1,728.22","1,685.40",,-0.02%,-0.00022315923090928812
2007-07-31,1734.42,"1,702.63","1,737.08","1,702.63",,1.87%,0.018498949139011418
2007-08-01,1693.14,"1,734.41","1,734.42","1,677.77",,-2.38%,-0.024088270386342835
2007-08-02,1712.2,"1,693.14","1,712.88","1,693.14",,1.13%,0.011194300150572937
2007-08-03,1715.47,"1,712.37","1,728.94","1,706.22",,0.19%,0.0019080022242681121
2007-08-06,1689.42,"1,715.47","1,715.47","1,680.20",,-1.52%,-0.015301820786779576
2007-08-07,1692.1,"1,689.42","1,710.59","1,687.92",,0.16%,0.0015850863287069211
2007-08-08,1725.32,"1,692.13","1,725.56","1,692.10",,1.96%,0.01944217943291456
2007-08-09,1676.36,"1,725.32","1,736.66","1,670.48",,-2.84%,-0.028787764395030765
2007-08-10,1644.13,"1,676.32","1,676.36","1,626.17",,-1.92%,-0.019413407196845155
2007-08-13,1680.03,"1,644.14","1,681.68","1,644.13",,2.18%,0.021600281465105443
2007-08-14,1676.85,"1,680.02","1,684.32","1,666.22",,-0.19%,-0.0018946169962804655
2007-08-15,1639.68,"1,676.53","1,676.85","1,636.49",,-2.22%,-0.022415932556184247
2007-08-16,1599.39,"1,639.64","1,639.68","1,583.50",,-2.46%,-0.02487879429464567
2007-08-17,1637.81,"1,599.39","1,639.80","1,567.40",,2.40%,0.02373767703545137
2007-08-20,1621.98,"1,637.83","1,646.27","1,621.66",,-0.97%,-0.009712358425955206
2007-08-21,1606.62,"1,622.05","1,628.91","1,582.15",,-0.95%,-0.009515031831560768
2007-08-22,1632.99,"1,606.62","1,634.32","1,596.77",,1.64%,0.016280096941451324
2007-08-23,1634.06,"1,632.99","1,656.94","1,632.99",,0.07%,0.0006550251990373541
2007-08-24,1634.01,"1,633.63","1,642.04","1,614.84",,0.00%,-3.0599099776809275e-05
2007-08-27,1656.32,"1,634.01","1,662.51","1,634.01",,1.37%,0.013561157640109962
2007-08-28,1642.29,"1,656.32","1,657.06","1,639.76",,-0.85%,-0.008506664688888806
2007-08-29,1640.78,"1,642.28","1,642.29","1,617.61",,-0.09%,-0.0009198707956122285
2007-08-30,1641.06,"1,640.79","1,663.03","1,639.48",,0.02%,0.00017063598510555947
2007-08-31,1677.02,"1,641.06","1,681.20","1,641.06",,2.19%,0.021676034317555586
2007-09-03,1678.74,"1,677.02","1,686.31","1,669.14",,0.10%,0.0010251031960687856
2007-09-04,1663.23,"1,678.74","1,678.74","1,659.26",,-0.92%,-0.009282017107433892
2007-09-05,1654.0,"1,663.24","1,671.30","1,652.99",,-0.55%,-0.0055648983155299975
2007-09-06,1673.14,"1,654.06","1,676.54","1,654.00",,1.16%,0.011505503910411682
2007-09-07,1638.11,"1,673.13","1,673.17","1,633.82",,-2.09%,-0.021158962268679183
2007-09-10,1641.04,"1,638.11","1,645.89","1,630.83",,0.18%,0.0017870489485121623
2007-09-11,1648.65,"1,641.15","1,651.60","1,641.04",,0.46%,0.0046265840091377275
2007-09-12,1635.69,"1,648.65","1,656.40","1,633.16",,-0.79%,-0.007892037527738944
2007-09-13,1666.49,"1,635.69","1,666.99","1,635.69",,1.88%,0.01865488447445041
2007-09-14,1660.08,"1,666.49","1,669.13","1,652.66",,-0.38%,-0.0038538241692917833
2007-09-17,1648.23,"1,660.06","1,660.97","1,638.82",,-0.71%,-0.007163809122250169
2007-09-18,1669.06,"1,648.23","1,672.47","1,646.89",,1.26%,0.012558608847933698
2007-09-19,1730.74,"1,669.06","1,731.06","1,669.06",,3.70%,0.03628846901334452
2007-09-20,1716.6,"1,730.74","1,730.74","1,704.57",,-0.82%,-0.008203472415347437
2007-09-21,1725.11,"1,716.62","1,727.85","1,711.70",,0.50%,0.004945226264182675
2007-09-24,1736.37,"1,725.11","1,742.27","1,719.20",,0.65%,0.006505910602798602
2007-09-25,1703.72,"1,736.38","1,736.38","1,702.50",,-1.88%,-0.01898263151255292
2007-09-26,1744.91,"1,703.72","1,745.12","1,703.72",,2.42%,0.023888882736663505
2007-09-27,1755.48,"1,745.65","1,760.45","1,744.91",,0.61%,0.00603934540278373
2007-09-28,1759.44,"1,755.50","1,763.33","1,750.47",,0.23%,0.0022532528054457213
2007-10-01,1733.39,"1,759.44","1,759.44","1,724.32",,-1.48%,-0.014916547908721291
2007-10-02,1795.06,"1,733.41","1,796.20","1,733.39",,3.56%,0.034959418872861164
2007-10-03,1778.66,"1,795.06","1,806.90","1,773.80",,-0.91%,-0.009178175753192087
2007-10-04,1777.82,"1,778.64","1,786.12","1,767.29",,-0.05%,-0.00047237719071665434
2007-10-05,1802.45,"1,777.82","1,807.26","1,777.80",,1.39%,0.013758955919651629
2007-10-08,1808.42,"1,802.47","1,821.21","1,798.69",,0.33%,0.00330668533608102
2007-10-09,1827.99,"1,808.30","1,828.43","1,798.66",,1.08%,0.010763466680208753
2007-10-10,1817.97,"1,828.02","1,839.15","1,815.40",,-0.55%,-0.005496508588508261
2007-10-11,1848.82,"1,817.97","1,849.34","1,817.97",,1.70%,0.016827103778333526
2007-10-12,1835.21,"1,848.72","1,848.82","1,821.91",,-0.74%,-0.0073886813717937904
2007-10-15,1839.38,"1,835.21","1,851.76","1,835.21",,0.23%,0.0022696419410426073
2007-10-16,1821.53,"1,839.38","1,839.45","1,820.70",,-0.97%,-0.009751751043341935
2007-10-17,1827.74,"1,821.52","1,829.66","1,809.06",,0.34%,0.0034034236953434157
2007-10-18,1799.93,"1,827.81","1,833.28","1,792.91",,-1.52%,-0.015332455711514332
2007-10-19,1801.42,"1,799.93","1,815.91","1,794.31",,0.08%,0.000827467524687858
2007-10-22,1772.35,"1,801.28","1,801.42","1,762.36",,-1.61%,-0.01626889317271442
2007-10-23,1799.36,"1,772.35","1,801.40","1,772.35",,1.52%,0.015124696512688647
2007-10-24,1792.05,"1,799.36","1,800.92","1,784.51",,-0.41%,-0.0040708301724943835
2007-10-25,1816.9,"1,792.04","1,828.11","1,792.04",,1.39%,0.013771536177052466
2007-10-26,1854.47,"1,816.90","1,855.01","1,816.90",,2.07%,0.02046718882332367
2007-10-29,1872.0,"1,854.47","1,885.10","1,854.47",,0.95%,0.009408437105818835
2007-10-30,1855.63,"1,872.00","1,872.00","1,845.19",,-0.87%,-0.008783117013207244
2007-10-31,1874.73,"1,855.63","1,877.34","1,847.71",,1.03%,0.010240388011185611
2007-11-01,1866.49,"1,875.11","1,910.18","1,849.56",,-0.44%,-0.004404987316445463
2007-11-02,1879.41,"1,866.49","1,885.08","1,845.10",,0.69%,0.0068982360628175345
2007-11-06,1907.63,"1,879.49","1,909.13","1,877.47",,1.50%,0.01490373608593479
2007-11-07,1903.55,"1,907.63","1,923.96","1,891.81",,-0.21%,-0.002141069988098939
2007-11-08,1917.29,"1,903.54","1,924.62","1,875.55",,0.72%,0.007192166763154008
2007-11-09,1891.27,"1,917.28","1,933.20","1,888.47",,-1.36%,-0.013664169579703846
2007-11-12,1890.01,"1,891.21","1,907.09","1,881.09",,-0.07%,-0.0006664410181922893
2007-11-13,1868.62,"1,890.00","1,890.01","1,861.74",,-1.13%,-0.011381929543148504
2007-11-14,1878.0,"1,868.63","1,884.20","1,859.51",,0.50%,0.005007190266375076
2007-11-15,1855.98,"1,878.00","1,878.00","1,854.59",,-1.17%,-0.011794522342191326
2007-11-16,1833.28,"1,855.96","1,855.98","1,827.90",,-1.22%,-0.012306146205803904
2007-11-19,1805.84,"1,833.28","1,847.91","1,805.41",,-1.50%,-0.015080854744890744
2007-11-20,1816.0,"1,805.84","1,821.70","1,790.70",,0.56%,0.005610422685916275
2007-11-21,1785.39,"1,815.99","1,816.00","1,778.72",,-1.69%,-0.016999401417435972
2007-11-22,1776.84,"1,785.39","1,795.47","1,761.61",,-0.48%,-0.004800373035174925
2007-11-23,1793.03,"1,776.83","1,793.77","1,768.92",,0.91%,0.009070420491054235
2007-11-26,1816.85,"1,793.17","1,826.29","1,793.03",,1.33%,0.013197306128869152
2007-11-27,1791.89,"1,816.81","1,818.58","1,786.96",,-1.37%,-0.013833303606317272
2007-11-28,1813.09,"1,791.92","1,813.58","1,778.29",,1.18%,0.011761643278732598
2007-11-29,1822.59,"1,813.15","1,837.58","1,813.09",,0.52%,0.005225994378609749
2007-11-30,1850.64,"1,822.59","1,853.10","1,822.59",,1.54%,0.015272958813238669
2007-12-03,1838.78,"1,850.71","1,857.47","1,836.61",,-0.64%,-0.00642921697858371
2007-12-04,1834.73,"1,838.77","1,848.73","1,832.00",,-0.22%,-0.0022049765161376226
2007-12-05,1895.39,"1,834.73","1,895.42","1,833.86",,3.31%,0.032527290392881436
2007-12-06,1891.16,"1,895.40","1,912.57","1,883.14",,-0.22%,-0.002234224695089375
2007-12-07,1913.38,"1,891.16","1,919.31","1,891.16",,1.17%,0.011680914196082255
2007-12-10,1945.53,"1,913.41","1,952.24","1,898.65",,1.68%,0.016663121914213055
2007-12-11,1951.38,"1,945.53","1,967.74","1,942.05",,0.30%,0.0030023810631844396
2007-12-12,1969.91,"1,951.38","1,970.46","1,928.34",,0.95%,0.009451041839877201
2007-12-13,1928.99,"1,969.91","1,969.91","1,921.40",,-2.08%,-0.02099130655012812
2007-12-14,1895.25,"1,928.99","1,936.80","1,880.74",,-1.75%,-0.017645793922700874
2007-12-17,1887.61,"1,895.12","1,899.04","1,867.97",,-0.40%,-0.004039277365643365
2007-12-18,1908.63,"1,887.60","1,913.41","1,883.50",,1.11%,0.011074228616421914
2007-12-19,1899.42,"1,908.68","1,920.50","1,884.62",,-0.48%,-0.004837130792836731
2007-12-20,1926.45,"1,899.52","1,927.84","1,899.42",,1.42%,0.014130354532819302
2007-12-21,1931.2,"1,926.47","1,939.51","1,917.95",,0.25%,0.002462640416092636
2007-12-24,1929.31,"1,931.19","1,943.88","1,927.51",,-0.10%,-0.0009791453206955964
2007-12-25,1918.75,"1,929.36","1,935.00","1,916.17",,-0.55%,-0.00548849368706415
2007-12-26,1904.27,"1,918.75","1,919.66","1,901.02",,-0.75%,-0.007575199315130493
2007-12-27,1907.39,"1,904.29","1,917.77","1,896.14",,0.16%,0.00163708237188529
2007-12-28,1888.86,"1,907.35","1,907.39","1,883.72",,-0.97%,-0.009762342924731666
2008-01-09,1906.86,"1,888.86","1,921.14","1,888.86",,0.95%,0.009484437699111323
2008-01-10,1912.29,"1,906.86","1,922.20","1,905.04",,0.28%,0.0028435665835886874
2008-01-11,1914.48,"1,912.30","1,920.30","1,901.59",,0.11%,0.0011445685207534257
2008-01-14,1931.14,"1,914.46","1,931.52","1,902.15",,0.87%,0.008664456824104778
2008-01-15,1921.38,"1,931.13","1,942.36","1,913.90",,-0.51%,-0.005066824250340106
2008-01-16,1839.04,"1,921.28","1,921.38","1,818.35",,-4.29%,-0.04379998152537175
2008-01-17,1805.42,"1,838.94","1,847.59","1,779.29",,-1.83%,-0.01845044463920272
2008-01-18,1788.34,"1,805.40","1,805.42","1,768.22",,-0.95%,-0.009505436424636565
2008-01-21,1654.83,"1,788.34","1,788.34","1,645.40",,-7.47%,-0.07758953075356806
2008-01-22,1636.79,"1,654.53","1,715.57","1,509.13",,-1.09%,-0.010961277805186315
2008-01-23,1570.9,"1,636.97","1,693.90","1,563.26",,-4.03%,-0.041088303190888964
2008-01-24,1661.99,"1,570.92","1,663.60","1,570.90",,5.80%,0.05636697604422608
2008-01-25,1705.2,"1,662.05","1,711.58","1,661.99",,2.60%,0.025666726340935177
2008-01-28,1635.33,"1,705.15","1,705.20","1,627.88",,-4.10%,-0.041837787063231775
2008-01-29,1678.42,"1,636.31","1,679.80","1,635.33",,2.63%,0.026008255853794415
2008-01-30,1642.63,"1,678.42","1,678.42","1,637.96",,-2.13%,-0.02155425881407014
2008-01-31,1574.33,"1,642.64","1,647.54","1,560.19",,-4.16%,-0.04246883094010933
2008-02-01,1640.49,"1,574.33","1,663.24","1,574.33",,4.20%,0.04116519275260928
2008-02-04,1677.78,"1,640.50","1,691.65","1,640.49",,2.27%,0.022476513289182626
2008-02-05,1632.37,"1,677.78","1,710.50","1,625.53",,-2.71%,-0.02743854445502111
2008-02-06,1631.1,"1,632.32","1,639.50","1,572.52",,-0.08%,-0.0007783126942246892
2008-02-07,1581.96,"1,630.97","1,633.77","1,549.56",,-3.01%,-0.030590049262105734
2008-02-08,1568.88,"1,581.96","1,610.38","1,553.44",,-0.83%,-0.00830259558529505
2008-02-11,1605.1,"1,568.88","1,617.51","1,561.22",,2.31%,0.022824070946588206
2008-02-12,1665.47,"1,605.10","1,666.42","1,605.10",,3.76%,0.03692130594350718
2008-02-13,1688.3,"1,665.47","1,695.93","1,635.89",,1.37%,0.013614739620468627
2008-02-14,1687.9,"1,690.94","1,720.07","1,684.64",,-0.02%,-0.00023695278826578697
2008-02-15,1655.31,"1,687.71","1,693.58","1,646.64",,-1.93%,-0.019496850246019555
2008-02-18,1692.38,"1,655.46","1,696.24","1,655.31",,2.24%,0.02214751978999705
2008-02-19,1706.47,"1,692.38","1,707.10","1,668.41",,0.83%,0.008291087111593601
2008-02-20,1683.43,"1,705.61","1,706.47","1,670.52",,-1.35%,-0.01359353065537781
2008-02-21,1723.02,"1,683.86","1,732.10","1,683.43",,2.35%,0.023245186426542205
2008-02-22,1721.11,"1,722.90","1,728.80","1,697.23",,-0.11%,-0.0011091336249231473
2008-02-26,1726.03,"1,721.16","1,746.95","1,718.58",,0.29%,0.0028545422239005043
2008-02-27,1710.73,"1,726.03","1,745.05","1,704.45",,-0.89%,-0.008903793735223674
2008-02-28,1689.5,"1,710.73","1,712.18","1,687.13",,-1.24%,-0.012487552831026684
2008-02-29,1660.42,"1,689.50","1,707.55","1,654.64",,-1.72%,-0.017362044757713378
2008-03-03,1643.31,"1,660.39","1,660.42","1,611.14",,-1.03%,-0.010358081911770347
2008-03-04,1636.2,"1,643.31","1,672.46","1,623.03",,-0.43%,-0.004336020405263022
2008-03-05,1655.66,"1,636.19","1,655.97","1,626.60",,1.19%,0.011823240776138754
2008-03-06,1652.01,"1,655.81","1,672.73","1,645.96",,-0.22%,-0.0022069925243689724
2008-03-07,1619.3,"1,652.00","1,652.01","1,609.28",,-1.98%,-0.01999877125194249
2008-03-11,1674.47,"1,619.28","1,675.17","1,612.15",,3.41%,0.033502740198584464
2008-03-12,1677.41,"1,674.48","1,698.41","1,668.46",,0.18%,0.0017542398617806014
2008-03-13,1647.52,"1,677.38","1,677.41","1,644.17",,-1.78%,-0.01797981023134953
2008-03-14,1651.91,"1,647.40","1,691.01","1,644.58",,0.27%,0.0026610672695391363
2008-03-17,1582.02,"1,651.88","1,651.91","1,551.81",,-4.23%,-0.04322968270526128
2008-03-18,1607.84,"1,582.07","1,608.17","1,570.82",,1.63%,0.016189151827930057
2008-03-19,1602.52,"1,607.89","1,636.35","1,595.90",,-0.33%,-0.0033142730844842685
2008-03-20,1569.18,"1,602.47","1,602.52","1,550.74",,-2.08%,-0.021024200309937357
2008-03-21,1576.47,"1,569.19","1,589.86","1,569.18",,0.46%,0.004634980402107194
2008-03-24,1623.35,"1,576.47","1,623.35","1,568.37",,2.97%,0.02930374498793879
2008-03-25,1594.02,"1,623.36","1,626.29","1,589.93",,-1.81%,-0.01823278797338313
2008-03-26,1593.73,"1,594.03","1,607.05","1,587.41",,-0.02%,-0.0001819465145008653
2008-03-27,1618.61,"1,593.73","1,634.24","1,592.32",,1.56%,0.015490575412800708
2008-03-28,1627.87,"1,618.64","1,639.52","1,617.01",,0.57%,0.00570465557305657
2008-03-31,1628.43,"1,627.87","1,636.24","1,608.22",,0.03%,0.00034394865677048767
2008-04-01,1640.75,"1,628.43","1,650.60","1,615.79",,0.76%,0.007537093902815671
2008-04-02,1652.86,"1,640.76","1,663.09","1,640.34",,0.74%,0.00735366638555283
2008-04-03,1631.2,"1,652.86","1,666.64","1,631.01",,-1.31%,-0.013191180479139532
2008-04-04,1635.04,"1,631.20","1,642.88","1,623.73",,0.24%,0.0023513286036535162
2008-04-07,1673.78,"1,635.09","1,677.15","1,635.04",,2.37%,0.023417272804602617
2008-04-08,1655.59,"1,673.78","1,673.78","1,654.53",,-1.09%,-0.010927100918471598
2008-04-09,1681.54,"1,655.60","1,684.92","1,654.07",,1.57%,0.015552599431627593
2008-04-10,1684.56,"1,681.57","1,688.01","1,665.74",,0.18%,0.0017943619086181542
2008-04-11,1649.0,"1,684.57","1,697.40","1,648.41",,-2.11%,-0.021335358530676803
2008-04-14,1638.29,"1,647.53","1,649.00","1,625.71",,-0.65%,-0.0065160286401868125
2008-04-15,1661.02,"1,638.48","1,661.42","1,638.29",,1.39%,0.013778856560584385
2008-04-16,1690.59,"1,661.13","1,692.82","1,658.11",,1.78%,0.017645708937594613
2008-04-17,1672.75,"1,690.70","1,705.73","1,664.01",,-1.06%,-0.010608601754664835
2008-04-18,1706.63,"1,672.76","1,709.05","1,672.75",,2.03%,0.020051687096725054
2008-04-21,1686.88,"1,706.63","1,717.74","1,686.11",,-1.16%,-0.011639996931011762
2008-04-22,1680.96,"1,686.88","1,695.83","1,677.90",,-0.35%,-0.003515610063042874
2008-04-23,1673.59,"1,680.96","1,691.96","1,658.32",,-0.44%,-0.004394039056247705
2008-04-24,1646.75,"1,673.61","1,677.13","1,643.71",,-1.60%,-0.016167371188546657
2008-04-25,1668.86,"1,646.75","1,670.14","1,642.60",,1.34%,0.013337110058283712
2008-04-28,1675.34,"1,668.87","1,686.93","1,665.51",,0.39%,0.0038753711560246987
2008-04-29,1668.28,"1,675.37","1,680.57","1,668.03",,-0.42%,-0.004222974196856033
2008-04-30,1667.35,"1,668.28","1,668.93","1,650.01",,-0.06%,-0.0005576158171605212
2008-05-05,1688.31,"1,694.37","1,701.47","1,682.11",,1.26%,0.012492488862441349
2008-05-06,1694.44,"1,688.32","1,704.94","1,688.31",,0.36%,0.0036242741615430908
2008-05-07,1739.26,"1,694.65","1,739.88","1,694.44",,2.65%,0.026107432646857852
2008-05-08,1795.67,"1,739.26","1,803.32","1,723.03",,3.24%,0.031918475939536985
2008-05-12,1822.0,"1,795.77","1,828.85","1,795.67",,1.47%,0.01455658748843026
2008-05-13,1839.78,"1,822.00","1,845.41","1,807.27",,0.98%,0.009711200417245845
2008-05-14,1904.2,"1,839.79","1,905.06","1,832.46",,3.50%,0.034415973614441535
2008-05-15,1895.3,"1,904.20","1,931.78","1,888.39",,-0.47%,-0.004684835519336524
2008-05-16,1943.88,"1,895.30","1,949.64","1,895.30",,2.56%,0.02530883838779242
2008-05-19,1956.14,"1,943.47","1,966.32","1,931.21",,0.63%,0.006287167955500012
2008-05-20,1930.76,"1,956.14","1,956.14","1,914.24",,-1.30%,-0.013059435905130897
2008-05-21,1952.84,"1,930.76","1,963.45","1,912.82",,1.14%,0.011371015506991336
2008-05-22,1894.85,"1,952.86","1,952.86","1,890.84",,-2.97%,-0.030145043566679432
2008-05-23,1909.67,"1,894.85","1,915.85","1,877.50",,0.78%,0.007790772533540679
2008-05-26,1894.91,"1,909.66","1,909.67","1,879.42",,-0.77%,-0.007759108259283153
2008-05-27,1856.81,"1,894.96","1,916.98","1,851.98",,-2.01%,-0.020311382429609524
2008-05-28,1871.25,"1,856.71","1,873.12","1,839.60",,0.78%,0.007746695178462092
2008-05-29,1908.35,"1,871.25","1,911.77","1,871.25",,1.98%,0.019632337606808874
2008-05-30,1925.24,"1,908.33","1,926.06","1,899.50",,0.89%,0.008811640934590609
2008-06-02,1915.84,"1,925.24","1,932.01","1,904.02",,-0.49%,-0.00489446653825037
2008-06-03,1901.09,"1,915.37","1,915.84","1,892.45",,-0.77%,-0.007728762865807077
2008-06-04,1842.77,"1,900.98","1,901.09","1,831.14",,-3.07%,-0.03115753151649238
2008-06-05,1842.98,"1,842.12","1,855.22","1,823.30",,0.01%,0.00011395238430572018
2008-06-06,1852.4,"1,843.04","1,875.10","1,842.98",,0.51%,0.005098268867603558
2008-06-09,1827.91,"1,812.59","1,836.67","1,811.06",,-1.32%,-0.01330885794020883
2008-06-10,1811.29,"1,827.88","1,827.91","1,796.73",,-0.91%,-0.009133939079350993
2008-06-11,1826.67,"1,811.29","1,833.79","1,811.26",,0.85%,0.008455338502767812
2008-06-16,1831.99,"1,826.77","1,848.84","1,826.67",,0.29%,0.0029081706140890776
2008-06-17,1856.59,"1,831.95","1,858.45","1,831.88",,1.34%,0.01333866405762332
2008-06-18,1851.09,"1,856.59","1,875.09","1,846.03",,-0.30%,-0.0029668170037602686
2008-06-19,1848.52,"1,851.09","1,860.59","1,832.59",,-0.14%,-0.0013893358561556618
2008-06-20,1829.22,"1,848.46","1,852.66","1,823.23",,-1.04%,-0.010495672435947737
2008-06-23,1800.99,"1,829.19","1,830.49","1,792.69",,-1.54%,-0.01555313277596206
2008-06-24,1761.8,"1,801.00","1,802.83","1,761.06",,-2.18%,-0.0220005000139962
2008-06-25,1764.32,"1,761.72","1,783.04","1,752.64",,0.14%,0.0014293333346729992
2008-06-26,1757.46,"1,764.32","1,772.34","1,745.05",,-0.39%,-0.003895762186258948
2008-06-27,1765.91,"1,757.39","1,772.80","1,725.50",,0.48%,0.004796553413750574
2008-06-30,1753.67,"1,765.99","1,779.63","1,739.57",,-0.69%,-0.006955403397649309
2008-07-01,1693.21,"1,753.67","1,759.97","1,692.97",,-3.45%,-0.03508459923403361
2008-07-02,1709.17,"1,693.58","1,720.48","1,693.21",,0.94%,0.009381736938509131
2008-07-03,1695.47,"1,708.86","1,709.17","1,668.83",,-0.80%,-0.008047884031137617
2008-07-04,1666.75,"1,695.47","1,702.95","1,662.37",,-1.69%,-0.01708436601537911
2008-07-07,1679.32,"1,666.81","1,690.81","1,666.75",,0.75%,0.00751332705616249
2008-07-08,1665.04,"1,679.32","1,679.32","1,631.03",,-0.85%,-0.008539802404335885
2008-07-09,1655.75,"1,665.04","1,675.78","1,652.21",,-0.56%,-0.005595068784907176
2008-07-10,1659.57,"1,655.75","1,671.71","1,635.28",,0.23%,0.002304454285264823
2008-07-11,1622.01,"1,659.62","1,674.76","1,618.60",,-2.26%,-0.02289241176588686
2008-07-14,1666.47,"1,621.88","1,666.73","1,621.88",,2.74%,0.02704149590111322
2008-07-15,1629.28,"1,666.47","1,666.48","1,615.35",,-2.23%,-0.022569417362224724
2008-07-16,1640.9,"1,629.20","1,644.57","1,603.30",,0.71%,0.00710667235774947
2008-07-17,1689.3,"1,640.90","1,689.91","1,640.89",,2.95%,0.02906937014757766
2008-07-18,1623.09,"1,688.23","1,689.30","1,620.56",,-3.92%,-0.039982502086479965
2008-07-21,1634.36,"1,623.09","1,645.57","1,608.96",,0.69%,0.006919550548700967
2008-07-22,1606.11,"1,633.39","1,634.36","1,602.06",,-1.73%,-0.017436184079060453
2008-07-23,1603.04,"1,606.31","1,623.88","1,595.14",,-0.19%,-0.001913279800890232
2008-07-24,1573.53,"1,603.04","1,603.12","1,572.70",,-1.84%,-0.018580323411310485
2008-07-25,1487.1,"1,572.95","1,573.53","1,478.53",,-5.49%,-0.05649358840500454
2008-07-28,1456.16,"1,487.10","1,515.84","1,450.89",,-2.08%,-0.021025080865592162
2008-07-29,1439.01,"1,456.29","1,466.13","1,416.17",,-1.18%,-0.011847456695497213
2008-07-30,1501.2,"1,439.05","1,501.52","1,439.01",,4.32%,0.04230941112731743
2008-07-31,1495.33,"1,501.20","1,540.92","1,490.15",,-0.39%,-0.003917870008684986
2008-08-01,1492.55,"1,495.26","1,504.72","1,473.26",,-0.19%,-0.0018608517090432945
2008-08-04,1451.47,"1,492.55","1,493.07","1,451.35",,-2.75%,-0.027909230566243743
2008-08-05,1397.46,"1,451.47","1,451.47","1,396.12",,-3.72%,-0.037920532897522674
2008-08-06,1412.09,"1,398.08","1,438.37","1,352.14",,1.05%,0.01041457331931896
2008-08-07,1434.89,"1,412.08","1,453.22","1,406.63",,1.61%,0.016017314804617946
2008-08-08,1359.62,"1,434.88","1,434.89","1,352.93",,-5.25%,-0.05388294228065637
2008-08-11,1412.25,"1,359.62","1,413.97","1,282.17",,3.87%,0.03797892828271982
2008-08-12,1449.34,"1,412.25","1,466.68","1,384.29",,2.63%,0.025924103173047056
2008-08-13,1424.44,"1,449.30","1,460.67","1,422.70",,-1.72%,-0.017329526369649496
2008-08-14,1444.76,"1,424.46","1,463.02","1,424.44",,1.43%,0.01416446377789977
2008-08-15,1460.2,"1,444.76","1,462.37","1,432.17",,1.07%,0.010630194835316648
2008-08-18,1448.64,"1,460.21","1,471.16","1,447.03",,-0.79%,-0.007948227374391605
2008-08-19,1361.54,"1,448.63","1,448.64","1,351.84",,-6.01%,-0.06200877320434569
2008-08-20,1386.59,"1,361.54","1,393.65","1,361.51",,1.84%,0.0182310835539493
2008-08-21,1394.53,"1,386.61","1,403.35","1,345.43",,0.57%,0.005709945326071053
2008-08-22,1374.69,"1,394.73","1,412.29","1,371.79",,-1.42%,-0.014329189786747985
2008-08-25,1320.58,"1,375.28","1,383.31","1,319.27",,-3.94%,-0.040157217121958924
2008-08-26,1292.92,"1,319.92","1,320.58","1,238.94",,-2.09%,-0.02116780777322745
2008-08-27,1302.58,"1,293.02","1,323.84","1,264.57",,0.75%,0.00744368684552506
2008-08-28,1365.29,"1,302.94","1,366.09","1,295.84",,4.81%,0.047019947179454964
2008-08-29,1348.92,"1,365.11","1,365.29","1,328.54",,-1.20%,-0.012062588004607999
2008-09-01,1366.24,"1,348.90","1,381.00","1,332.27",,1.28%,0.01275816889758992
2008-09-02,1368.99,"1,366.24","1,375.67","1,339.93",,0.20%,0.002010800500575044
2008-09-03,1324.99,"1,368.99","1,368.99","1,323.08",,-3.21%,-0.03266832943783974
2008-09-04,1281.86,"1,324.96","1,351.70","1,272.66",,-3.26%,-0.03309276407282189
2008-09-05,1234.71,"1,280.61","1,281.86","1,166.03",,-3.68%,-0.03747602347491647
2008-09-08,1273.78,"1,234.72","1,297.16","1,234.71",,3.16%,0.031152733087739116
2008-09-09,1158.07,"1,273.69","1,273.78","1,148.45",,-9.08%,-0.0952340314059755
2008-09-10,1114.67,"1,158.03","1,162.25","1,072.33",,-3.75%,-0.03819642939342336
2008-09-11,1073.02,"1,114.67","1,139.62","1,070.93",,-3.74%,-0.038081294176660785
2008-09-12,1137.76,"1,073.02","1,149.78","1,073.02",,6.03%,0.05858431434923529
2008-09-15,1067.45,"1,137.76","1,137.76","1,040.34",,-6.18%,-0.06378879053687474
2008-09-16,881.17,"1,067.45","1,067.45",864.79,,-17.45%,-0.19177733573446515
2008-09-17,853.93,881.32,948.31,788.34,,-3.09%,-0.0314013466479085
2008-09-18,853.93,853.93,853.93,853.93,,0.00%,0.0
2008-09-19,1098.95,853.95,"1,125.01",853.93,,28.69%,0.2522612342473234
2008-09-22,1105.73,"1,098.95","1,162.55","1,080.31",,0.62%,0.006150571850493704
2008-09-23,1071.18,"1,105.80","1,105.80","1,047.52",,-3.12%,-0.03174490576085107
2008-09-24,1105.72,"1,071.18","1,122.03","1,071.18",,3.22%,0.03173586192083645
2008-09-25,1095.51,"1,105.69","1,113.44","1,075.00",,-0.92%,-0.00927669822796332
2008-09-26,1079.04,"1,095.51","1,097.23","1,063.03",,-1.50%,-0.015148251312417507
2008-09-29,1019.64,"1,079.04","1,084.12","1,015.08",,-5.50%,-0.056622133129930946
2008-09-30,1027.66,"1,019.64","1,035.16",945.48,,0.79%,0.007834749205744491
2008-10-01,1017.17,"1,027.71","1,052.27","1,004.74",,-1.02%,-0.010260111621277001
2008-10-02,976.12,"1,017.17","1,029.44",974.48,,-4.04%,-0.0411940107129857
2008-10-03,924.55,975.96,976.12,904.12,,-5.28%,-0.054278397021936965
2008-10-06,752.0,924.52,924.55,743.32,,-18.66%,-0.20657080870315525
2008-10-07,744.76,752.00,794.72,691.53,,-0.96%,-0.009674305121988313
2008-10-08,637.87,744.56,744.76,631.50,,-14.35%,-0.15492751800079438
2008-10-09,700.37,637.93,747.98,637.87,,9.80%,0.09347426600024743
2008-10-10,700.37,700.37,700.37,700.37,,0.00%,0.0
2008-10-13,666.37,700.37,733.30,654.91,,-4.85%,-0.049763694995215366
2008-10-14,755.22,666.81,775.04,666.37,,13.33%,0.1251640256993795
2008-10-15,689.71,755.22,755.22,681.06,,-8.67%,-0.09073787814177205
2008-10-16,626.85,689.70,689.71,611.92,,-9.11%,-0.09556394182766241
2008-10-17,599.64,626.85,666.95,576.52,,-4.34%,-0.04437780241792024
2008-10-20,626.42,599.77,639.24,599.64,,4.47%,0.04369159750298059
2008-10-21,652.51,626.62,669.45,626.42,,4.16%,0.040805392102815204
2008-10-22,628.12,652.50,652.51,612.09,,-3.74%,-0.03809523373315661
2008-10-23,598.87,628.12,628.12,583.25,,-4.66%,-0.047686684836005126
2008-10-24,513.62,598.87,598.87,508.84,,-14.24%,-0.1535608537532013
2008-10-27,513.62,513.62,513.62,513.62,,0.00%,0.0
2008-10-28,534.87,513.63,541.50,493.61,,4.14%,0.040540034287242094
2008-10-29,608.88,534.87,609.37,534.87,,13.84%,0.12959747724434742
2008-10-30,727.39,608.90,729.21,608.88,,19.46%,0.1778415809050825
2008-10-31,731.96,727.38,735.44,688.01,,0.63%,0.006263082795267894
2008-11-05,775.19,769.34,871.52,761.17,,5.91%,0.05738229293706481
2008-11-06,700.59,775.18,775.19,700.55,,-9.62%,-0.10118532341490634
2008-11-07,725.93,700.24,732.54,680.86,,3.62%,0.035530754261783745
2008-11-10,741.51,725.93,787.44,725.93,,2.15%,0.0212350562202892
2008-11-11,647.8,740.93,741.51,644.79,,-12.64%,-0.1351066409264892
2008-11-12,647.8,647.80,647.80,647.80,,0.00%,0.0
2008-11-13,598.43,647.29,647.80,536.64,,-7.62%,-0.07927244764377332
2008-11-14,592.07,598.44,661.52,591.83,,-1.06%,-0.010684687956387754
2008-11-17,560.86,592.07,596.62,546.68,,-5.27%,-0.05415355112544546
2008-11-18,579.17,560.79,579.82,520.35,,3.26%,0.0321247241383364
2008-11-19,558.12,579.18,579.67,534.22,,-3.63%,-0.037022051125952644
2008-11-20,533.7,558.12,558.12,503.54,,-4.38%,-0.04474010968410668
2008-11-21,516.93,533.70,562.33,515.97,,-3.14%,-0.0319264145167815
2008-11-24,604.87,516.94,605.33,516.93,,17.01%,0.1571060900855034
2008-11-25,595.15,604.90,637.91,590.45,,-1.61%,-0.01620008429473249
2008-11-26,588.02,595.15,609.57,585.16,,-1.20%,-0.01205251368826925
2008-11-27,616.69,588.33,632.73,588.02,,4.88%,0.04760550560064625
2008-11-28,611.32,616.69,622.90,593.30,,-0.87%,-0.008745912866630132
2008-12-01,567.25,611.33,614.04,567.13,,-7.21%,-0.07482042999968459
2008-12-02,579.91,567.24,581.51,538.12,,2.23%,0.022072795426236247
2008-12-03,567.0,579.91,583.43,556.31,,-2.23%,-0.022513615358435192
2008-12-04,567.94,567.00,581.29,557.05,,0.17%,0.0016564756109394001
2008-12-05,562.34,567.52,573.81,553.82,,-0.99%,-0.009909130166554656
2008-12-08,618.28,562.34,619.64,562.34,,9.95%,0.09483478011198093
2008-12-09,607.8,618.28,621.19,599.31,,-1.70%,-0.017095548801425144
2008-12-10,618.64,607.80,624.70,604.89,,1.78%,0.017677639818087416
2008-12-11,628.88,618.64,634.63,617.68,,1.66%,0.016416939184721046
2008-12-12,620.53,628.80,628.88,588.92,,-1.33%,-0.013366507903205397
2008-12-15,642.08,620.91,656.31,620.53,,3.47%,0.034138954936310965
2008-12-16,644.62,642.08,651.23,633.23,,0.40%,0.003948089374888028
2008-12-17,642.38,644.83,659.22,634.90,,-0.35%,-0.003480966995903725
2008-12-18,608.06,642.38,647.51,604.78,,-5.34%,-0.054906467589864
2008-12-19,612.05,608.05,612.93,588.77,,0.66%,0.006540417213794636
2008-12-22,633.63,612.07,633.99,607.42,,3.53%,0.034651209342639024
2008-12-23,661.33,633.61,662.74,620.78,,4.37%,0.04278777097726488
2008-12-24,645.21,661.33,676.24,642.52,,-2.44%,-0.024677113640425102
2008-12-25,627.78,645.21,648.85,621.19,,-2.70%,-0.027386058579989433
2008-12-26,608.55,627.81,636.98,607.63,,-3.06%,-0.031110708300445017
2008-12-29,613.78,608.65,630.67,608.55,,0.86%,0.008557479430651427
2008-12-30,617.83,613.78,621.32,601.06,,0.66%,0.006576780958632476
2008-12-31,619.53,617.97,620.28,612.77,,0.28%,0.002747787336960328
2009-01-12,653.28,635.40,661.52,633.22,,5.45%,0.05304470152445552
2009-01-13,655.16,653.28,662.41,642.00,,0.29%,0.0028736530429131295
2009-01-14,610.36,655.16,671.61,610.23,,-6.84%,-0.0708305335906439
2009-01-15,605.69,610.36,627.59,600.70,,-0.77%,-0.007680642996266843
2009-01-16,608.63,606.95,624.24,603.73,,0.49%,0.004842225681120844
2009-01-19,586.97,608.64,617.59,580.52,,-3.56%,-0.036236818511699576
2009-01-20,569.82,586.97,586.97,556.92,,-2.92%,-0.02965318971377314
2009-01-21,583.39,569.78,592.04,548.76,,2.38%,0.023535394905614883
2009-01-22,557.57,583.39,597.42,556.58,,-4.43%,-0.04526786039820514
2009-01-23,553.62,557.57,564.84,534.70,,-0.71%,-0.00710952517180649
2009-01-26,613.56,553.62,615.24,552.16,,10.83%,0.10279952806138869
2009-01-27,602.9,613.56,624.82,595.70,,-1.74%,-0.01752671338454823
2009-01-28,622.54,602.90,627.66,602.90,,3.26%,0.0320565378072208
2009-01-29,619.25,622.58,626.20,608.09,,-0.53%,-0.005298814933111689
2009-01-30,624.9,619.27,648.71,612.56,,0.91%,0.009082568565566997
2009-02-02,626.41,624.86,629.38,605.68,,0.24%,0.0024134718542322834
2009-02-03,626.02,626.45,635.38,623.56,,-0.06%,-0.0006227893177353158
2009-02-04,635.89,626.01,639.66,624.73,,1.58%,0.015643272935137037
2009-02-05,623.19,635.89,641.66,618.83,,-2.00%,-0.020174144191966854
2009-02-06,656.09,623.19,656.38,623.19,,5.28%,0.051446526440947236
2009-02-09,698.68,656.06,698.68,654.41,,6.49%,0.06289486590454187
2009-02-10,728.01,698.67,736.67,684.58,,4.20%,0.041121943805888475
2009-02-11,726.7,728.01,743.34,698.36,,-0.18%,-0.001801046743490386
2009-02-12,690.34,726.70,737.72,689.04,,-5.00%,-0.05132950777129691
2009-02-13,732.21,690.34,733.98,690.16,,6.07%,0.058883128212216605
2009-02-16,711.99,732.17,742.69,707.01,,-2.76%,-0.028003491693985496
2009-02-17,645.18,711.98,711.99,642.56,,-9.38%,-0.09853451873903457
2009-02-18,627.95,645.18,652.57,602.68,,-2.67%,-0.027068802166353993
2009-02-19,646.52,628.04,664.05,627.95,,2.96%,0.029143588077472034
2009-02-20,631.66,646.42,646.52,620.27,,-2.30%,-0.023252858838595444
2009-02-24,629.31,631.60,635.80,610.01,,-0.37%,-0.003727293624204519
2009-02-25,632.78,629.29,649.24,629.29,,0.55%,0.0054988293125908996
2009-02-26,672.3,633.90,672.82,632.78,,6.25%,0.06058185908359227
2009-02-27,666.05,672.32,675.23,650.27,,-0.93%,-0.009339926677519232
2009-03-02,646.79,666.02,666.05,643.64,,-2.89%,-0.029343075943784755
2009-03-03,654.14,646.23,659.38,638.42,,1.14%,0.011299728972668623
2009-03-04,685.65,654.14,685.86,654.14,,4.82%,0.047045897619507435
2009-03-05,671.91,685.65,691.59,663.51,,-2.00%,-0.020242890463374016
2009-03-06,688.87,671.91,694.47,665.03,,2.52%,0.02492817098371844
2009-03-10,750.19,688.97,755.31,688.87,,8.90%,0.08527393381401153
2009-03-11,738.95,750.19,758.92,732.46,,-1.50%,-0.015096248119637338
2009-03-12,728.23,738.95,741.15,706.20,,-1.45%,-0.014613327294619529
2009-03-13,749.29,728.30,762.59,728.23,,2.89%,0.028509159125843495
2009-03-16,762.75,749.27,762.94,737.59,,1.80%,0.0178042321049734
2009-03-17,772.44,762.75,779.19,760.11,,1.27%,0.012624012255745835
2009-03-18,743.05,772.46,791.15,741.22,,-3.80%,-0.03879099864794651
2009-03-19,784.94,743.13,794.28,743.05,,5.64%,0.05484394453565115
2009-03-20,792.05,784.94,802.07,769.15,,0.91%,0.009017239394630103
2009-03-23,849.82,792.05,851.18,792.05,,7.29%,0.07040004121830888
2009-03-24,815.79,849.94,870.45,809.10,,-4.00%,-0.0408675934511888
2009-03-25,851.35,815.88,856.31,808.69,,4.36%,0.04266635596467322
2009-03-26,849.53,851.38,861.96,839.81,,-0.21%,-0.002140069487109971
2009-03-27,815.27,849.53,858.98,807.24,,-4.03%,-0.04116390865898848
2009-03-30,763.36,815.21,815.27,763.19,,-6.37%,-0.06578960495275764
2009-03-31,772.93,763.36,792.42,763.36,,1.25%,0.012458746444901915
2009-04-01,787.22,772.93,787.84,758.09,,1.85%,0.018319263706670082
2009-04-02,837.91,787.26,838.24,787.22,,6.44%,0.062402944227055786
2009-04-03,837.94,837.91,850.39,821.08,,0.00%,3.580272697826341e-05
2009-04-06,836.09,837.89,877.92,829.24,,-0.22%,-0.002210236080746716
2009-04-07,843.34,836.05,857.44,815.93,,0.87%,0.008633935367894438
2009-04-08,872.74,843.24,872.81,821.08,,3.49%,0.0342674897240038
2009-04-09,922.68,872.93,926.40,872.74,,5.72%,0.05564479094753498
2009-04-10,927.38,922.68,933.30,905.60,,0.51%,0.005080927225270955
2009-04-13,904.86,927.38,927.38,904.86,,-2.43%,-0.024583170456712145
2009-04-14,918.61,904.82,942.63,892.72,,1.52%,0.015081422362860118
2009-04-15,906.0,918.61,918.61,892.80,,-1.37%,-0.013822351920529262
2009-04-16,917.1,906.01,924.17,902.74,,1.23%,0.012177211521919102
2009-04-17,932.9,917.10,937.79,917.10,,1.72%,0.017081496402016717
2009-04-20,882.5,932.90,935.22,881.72,,-5.40%,-0.055539225159463475
2009-04-21,877.21,882.15,898.25,862.07,,-0.60%,-0.006012372419896348
2009-04-22,904.95,877.23,906.14,877.21,,3.16%,0.03113327716732501
2009-04-23,928.14,904.93,932.08,897.18,,2.56%,0.02530288992174809
2009-04-24,922.99,928.14,935.41,915.94,,-0.55%,-0.005564183268653487
2009-04-27,902.45,922.99,922.99,891.05,,-2.23%,-0.022505113197717648
2009-04-28,887.48,902.45,902.45,865.11,,-1.66%,-0.01672730112587579
2009-04-29,922.01,887.52,922.16,881.16,,3.89%,0.03817008360037984
2009-04-30,920.35,922.05,941.04,919.68,,-0.18%,-0.0018020370060302104
2009-05-04,957.77,920.38,959.26,920.35,,4.07%,0.03985363316016364
2009-05-05,957.05,957.78,966.44,949.34,,-0.08%,-0.0007520289467761142
2009-05-06,986.12,957.04,993.28,945.55,,3.04%,0.029922414359158853
2009-05-07,1011.67,986.12,"1,044.62",986.12,,2.59%,0.025579658661699187
2009-05-08,1028.91,"1,011.67","1,031.03","1,011.67",,1.70%,0.016897558739061704
2009-05-12,1059.54,"1,028.90","1,067.21","1,008.97",,2.98%,0.029334862201049534
2009-05-13,1007.88,"1,059.58","1,097.11",996.65,,-4.88%,-0.04998573672755184
2009-05-14,1000.62,"1,007.84","1,007.88",976.81,,-0.72%,-0.007229307063993279
2009-05-15,1002.19,"1,000.65","1,021.88",982.07,,0.16%,0.0015677975660067331
2009-05-18,1012.89,"1,002.19","1,014.23",969.18,,1.07%,0.010620025573560494
2009-05-19,1041.84,"1,012.89","1,045.88","1,012.89",,2.86%,0.028180749658337625
2009-05-20,1094.73,"1,041.84","1,094.77","1,035.01",,5.08%,0.04951937684398974
2009-05-21,1034.37,"1,094.73","1,094.73","1,033.14",,-5.51%,-0.05671521178655101
2009-05-22,1054.03,"1,034.45","1,066.37","1,034.37",,1.90%,0.018828366977460098
2009-05-25,1050.95,"1,054.14","1,062.86","1,034.69",,-0.29%,-0.0029263956883575967
2009-05-26,1040.9,"1,050.95","1,050.97","1,012.29",,-0.96%,-0.009608793484566213
2009-05-27,1059.6,"1,041.13","1,070.41","1,040.90",,1.80%,0.017805754876491862
2009-05-28,1075.02,"1,059.58","1,086.10","1,048.07",,1.46%,0.014447787641947056
2009-05-29,1123.38,"1,075.02","1,125.72","1,074.99",,4.50%,0.04400273180225479
2009-06-01,1206.2,"1,123.40","1,207.10","1,123.38",,7.37%,0.07113292417477005
2009-06-02,1198.58,"1,206.21","1,226.65","1,168.31",,-0.63%,-0.006337399265839478
2009-06-03,1109.21,"1,198.60","1,213.82","1,106.91",,-7.46%,-0.07748947254339185
2009-06-04,1120.46,"1,108.86","1,149.85","1,082.03",,1.01%,0.010091265047174178
2009-06-05,1144.27,"1,125.13","1,168.22","1,120.23",,2.13%,0.02102756382400869
2009-06-08,1120.32,"1,143.50","1,144.27","1,098.54",,-2.09%,-0.021152520312537032
2009-06-09,1113.83,"1,120.33","1,143.09","1,107.39",,-0.58%,-0.0058098321557272375
2009-06-10,1133.69,"1,113.85","1,147.28","1,113.83",,1.78%,0.017673272698413383
2009-06-11,1138.52,"1,133.69","1,141.32","1,112.39",,0.43%,0.0042513740145985945
2009-06-15,1078.1,"1,138.24","1,138.52","1,077.40",,-5.31%,-0.054528940778513425
2009-06-16,1099.42,"1,078.09","1,108.87","1,068.69",,1.98%,0.019582535456969842
2009-06-17,1039.43,"1,099.37","1,099.42","1,036.05",,-5.46%,-0.05611028203875852
2009-06-18,1020.95,"1,039.43","1,054.92",983.66,,-1.78%,-0.017938919594239728
2009-06-19,1017.29,"1,020.98","1,034.37","1,006.41",,-0.36%,-0.0035913375596587074
2009-06-22,937.98,"1,017.29","1,017.29",937.70,,-7.80%,-0.08116888099209713
2009-06-23,917.3,937.97,951.55,881.71,,-2.20%,-0.02229405430167812
2009-06-24,984.86,917.31,985.37,917.30,,7.37%,0.07106492657507651
2009-06-25,961.15,984.89,987.51,950.02,,-2.41%,-0.02436901489181708
2009-06-26,960.16,961.40,994.15,959.52,,-0.10%,-0.0010305469576666084
2009-06-29,989.3,960.15,989.60,945.29,,3.03%,0.02989768508797412
2009-06-30,971.55,989.38,"1,014.63",970.87,,-1.79%,-0.018104888032141126
2009-07-01,1012.48,971.55,"1,013.45",971.55,,4.21%,0.04126531140214406
2009-07-02,977.09,"1,012.48","1,012.51",973.10,,-3.50%,-0.0355792791682581
2009-07-03,974.07,977.08,985.81,956.10,,-0.31%,-0.003095596887647151
2009-07-06,925.21,974.04,974.07,923.99,,-5.02%,-0.05146243087055797
2009-07-07,927.01,925.20,955.33,921.45,,0.19%,0.0019436142214696841
2009-07-08,904.58,927.01,927.01,896.07,,-2.42%,-0.02449360541440039
2009-07-09,896.2,904.58,920.03,892.59,,-0.93%,-0.009307145227743122
2009-07-10,871.33,896.20,899.69,869.76,,-2.78%,-0.028142822398007954
2009-07-13,881.15,871.31,893.87,852.03,,1.13%,0.011207092556343744
2009-07-14,891.41,881.23,917.63,881.15,,1.16%,0.011576606247431363
2009-07-15,941.21,892.05,941.21,891.41,,5.59%,0.054361802773337145
2009-07-16,938.73,941.21,952.89,928.20,,-0.26%,-0.002638383606519997
2009-07-17,966.18,938.73,968.91,935.34,,2.92%,0.02882225433333266
2009-07-20,985.81,966.39,"1,000.64",966.18,,2.03%,0.02011348600731261
2009-07-21,1002.88,985.81,"1,018.35",977.31,,1.73%,0.017167501462329118
2009-07-22,980.71,"1,002.88","1,013.71",974.95,,-2.21%,-0.02235434058310828
2009-07-23,1031.37,980.71,"1,032.12",980.71,,5.17%,0.050366495371038475
2009-07-24,1026.95,"1,031.45","1,044.84","1,022.45",,-0.43%,-0.004294771263873715
2009-07-27,1036.27,"1,026.95","1,057.41","1,026.95",,0.91%,0.0090344833734791
2009-07-28,1002.27,"1,036.55","1,054.55",997.63,,-3.28%,-0.03336030020059825
2009-07-29,986.8,"1,002.24","1,006.03",976.78,,-1.54%,-0.01555532176933709
2009-07-30,1046.46,986.80,"1,048.61",986.78,,6.05%,0.05870093385343062
2009-07-31,1053.3,"1,046.65","1,055.24","1,024.09",,0.65%,0.006515053333864093
2009-08-03,1098.95,"1,053.33","1,099.49","1,053.30",,4.33%,0.04242708562078657
2009-08-04,1102.1,"1,098.94","1,102.45","1,078.29",,0.29%,0.0028622722342133327
2009-08-05,1084.16,"1,102.09","1,130.51","1,082.32",,-1.63%,-0.01641195711391589
2009-08-06,1092.0,"1,084.18","1,120.83","1,081.31",,0.72%,0.0072053837212701635
2009-08-07,1115.41,"1,091.87","1,121.07","1,065.91",,2.14%,0.021211173003994915
2009-08-10,1101.19,"1,115.36","1,118.53","1,089.76",,-1.27%,-0.012830637084168232
2009-08-11,1069.31,"1,101.19","1,115.97","1,067.14",,-2.90%,-0.029377832593328965
2009-08-12,1086.41,"1,069.25","1,089.13","1,043.94",,1.60%,0.015865101843533447
2009-08-13,1100.57,"1,086.52","1,118.97","1,079.55",,1.30%,0.012949544919925048
2009-08-14,1072.74,"1,100.57","1,107.33","1,068.81",,-2.53%,-0.02561210440302298
2009-08-17,1035.4,"1,071.86","1,072.74","1,030.94",,-3.48%,-0.03542829752398267
2009-08-18,1035.45,"1,035.41","1,059.33","1,023.03",,0.00%,4.828934979320237e-05
2009-08-19,1034.08,"1,035.50","1,039.13","1,013.79",,-0.13%,-0.0013239723030090515
2009-08-20,1062.87,"1,034.08","1,063.33","1,034.08",,2.78%,0.027460653958266978
2009-08-21,1106.05,"1,062.87","1,106.13","1,046.62",,4.06%,0.03982231354417931
2009-08-24,1120.54,"1,106.05","1,129.28","1,098.34",,1.31%,0.013015601935730587
2009-08-25,1115.85,"1,120.52","1,135.84","1,096.64",,-0.42%,-0.004194265647302184
2009-08-26,1099.77,"1,115.85","1,123.31","1,083.46",,-1.44%,-0.01451537929064074
2009-08-27,1080.05,"1,099.72","1,105.15","1,075.43",,-1.79%,-0.018093730671898105
2009-08-28,1111.33,"1,080.05","1,120.04","1,080.05",,2.90%,0.02855015989509012
2009-08-31,1091.98,"1,111.32","1,111.33","1,086.16",,-1.74%,-0.017564934119198045
2009-09-01,1104.98,"1,092.04","1,112.36","1,089.83",,1.19%,0.011834673121729656
2009-09-02,1076.69,"1,104.79","1,104.98","1,069.83",,-2.56%,-0.025935715100155753
2009-09-03,1093.72,"1,076.71","1,099.50","1,076.69",,1.58%,0.015693209583838193
2009-09-04,1085.58,"1,093.72","1,112.76","1,077.20",,-0.74%,-0.007470323365165422
2009-09-07,1111.92,"1,086.09","1,112.19","1,085.58",,2.43%,0.023973844417442637
2009-09-08,1149.81,"1,111.92","1,150.33","1,111.92",,3.41%,0.033508460539591965
2009-09-09,1159.95,"1,149.78","1,163.42","1,141.45",,0.88%,0.00878018940705948
2009-09-10,1154.12,"1,159.95","1,179.06","1,143.91",,-0.50%,-0.005038751926110816
2009-09-11,1175.15,"1,154.19","1,183.04","1,153.74",,1.82%,0.018057650207894075
2009-09-14,1174.95,"1,175.13","1,177.45","1,147.72",,-0.02%,-0.00017020552358018172
2009-09-15,1203.97,"1,175.01","1,211.06","1,174.95",,2.47%,0.024398836133455247
2009-09-16,1217.67,"1,203.97","1,234.59","1,203.97",,1.14%,0.011314766984660598
2009-09-17,1205.12,"1,217.67","1,241.14","1,199.20",,-1.03%,-0.010360049570740222
2009-09-18,1208.35,"1,205.04","1,219.08","1,187.12",,0.27%,0.0026766456002568235
2009-09-21,1165.11,"1,208.43","1,209.21","1,165.03",,-3.58%,-0.036440289485674855
2009-09-22,1202.92,"1,165.24","1,209.97","1,165.11",,3.25%,0.03193643120448583
2009-09-23,1198.83,"1,202.92","1,228.92","1,194.64",,-0.34%,-0.0034058531933882905
2009-09-24,1177.26,"1,198.83","1,220.36","1,176.27",,-1.80%,-0.018156376694347148
2009-09-25,1187.86,"1,177.23","1,199.10","1,171.64",,0.90%,0.008963664400398402
2009-09-28,1208.19,"1,187.86","1,208.92","1,168.48",,1.71%,0.016970003034556452
2009-09-29,1212.75,"1,208.19","1,218.07","1,200.60",,0.38%,0.003767136230305963
2009-09-30,1197.2,"1,212.75","1,223.35","1,193.29",,-1.28%,-0.012905011146781963
2009-10-01,1211.44,"1,197.39","1,223.00","1,197.39",,1.19%,0.011824237669856106
2009-10-02,1175.83,"1,211.38","1,211.38","1,144.83",,-2.94%,-0.029835453462446364
2009-10-05,1178.17,"1,176.01","1,186.99","1,167.77",,0.20%,0.0019881060074345234
2009-10-06,1220.45,"1,178.22","1,220.72","1,178.22",,3.59%,0.03525725598358526
2009-10-07,1226.17,"1,220.48","1,245.82","1,220.48",,0.47%,0.004675847022929137
2009-10-08,1278.53,"1,226.44","1,278.68","1,226.44",,4.27%,0.04181549025408449
2009-10-09,1308.14,"1,278.54","1,318.64","1,264.75",,2.32%,0.022895300474609477
2009-10-12,1357.44,"1,308.14","1,357.95","1,308.14",,3.77%,0.03699429200766631
2009-10-13,1320.7,"1,357.43","1,366.48","1,310.09",,-2.71%,-0.027438673886504325
2009-10-14,1362.86,"1,320.90","1,376.10","1,320.90",,3.19%,0.031423533771121365
2009-10-15,1341.64,"1,362.88","1,383.15","1,335.51",,-1.56%,-0.015692686610249272
2009-10-16,1317.07,"1,341.68","1,366.06","1,314.24",,-1.83%,-0.01848317377883235
2009-10-19,1365.24,"1,317.09","1,365.61","1,317.09",,3.66%,0.03592066490782715
2009-10-20,1361.75,"1,365.24","1,388.79","1,352.49",,-0.26%,-0.0025596000758416554
2009-10-21,1373.2,"1,361.75","1,373.75","1,327.44",,0.84%,0.008373145319753098
2009-10-22,1359.06,"1,372.95","1,372.95","1,339.67",,-1.03%,-0.01035049829660552
2009-10-23,1365.09,"1,359.48","1,380.40","1,357.83",,0.44%,0.0044270762245076185
2009-10-26,1358.31,"1,365.05","1,378.79","1,354.00",,-0.50%,-0.004979080566238251
2009-10-27,1333.32,"1,358.31","1,358.31","1,310.14",,-1.84%,-0.018569207561283274
2009-10-28,1253.35,"1,333.32","1,333.32","1,253.22",,-6.00%,-0.06185210588416271
2009-10-29,1291.99,"1,253.35","1,294.00","1,222.07",,3.08%,0.03036369887475831
2009-10-30,1237.18,"1,291.99","1,300.37","1,233.83",,-4.24%,-0.04334906922934146
2009-11-02,1266.3,"1,237.06","1,266.69","1,213.86",,2.35%,0.023264666311390955
2009-11-03,1218.42,"1,266.30","1,266.30","1,214.89",,-3.78%,-0.038544325039881665
2009-11-05,1258.5,"1,218.43","1,258.66","1,217.59",,3.29%,0.032365598158689474
2009-11-06,1241.92,"1,258.50","1,269.13","1,230.68",,-1.32%,-0.013261966394829012
2009-11-09,1304.62,"1,241.92","1,304.71","1,241.92",,5.05%,0.04925324143340688
2009-11-10,1322.8,"1,304.63","1,329.48","1,290.00",,1.39%,0.013838891493689252
2009-11-11,1316.19,"1,322.80","1,338.22","1,315.39",,-0.50%,-0.005009502744020608
2009-11-12,1315.78,"1,316.17","1,318.59","1,294.10",,-0.03%,-0.00031155370563991196
2009-11-13,1310.27,"1,315.86","1,315.86","1,296.87",,-0.42%,-0.0041964228296538855
2009-11-16,1365.18,"1,311.10","1,365.86","1,311.10",,4.19%,0.04105306522876722
2009-11-17,1353.61,"1,365.18","1,365.18","1,343.16",,-0.85%,-0.008511190525564915
2009-11-18,1371.82,"1,353.90","1,391.79","1,353.90",,1.35%,0.013363227812167158
2009-11-19,1335.52,"1,371.82","1,371.82","1,334.90",,-2.65%,-0.026817596241266263
2009-11-20,1334.15,"1,335.54","1,355.70","1,315.35",,-0.10%,-0.001026344170074226
2009-11-23,1355.05,"1,334.16","1,365.52","1,334.16",,1.57%,0.015543969069650752
2009-11-24,1331.12,"1,353.50","1,353.50","1,315.37",,-1.77%,-0.017817660894751352
2009-11-25,1312.07,"1,331.17","1,342.47","1,300.13",,-1.43%,-0.014414650367936639
2009-11-26,1268.92,"1,311.95","1,311.95","1,255.03",,-3.29%,-0.03343989777731237
2009-11-27,1286.04,"1,268.87","1,288.34","1,203.11",,1.35%,0.01340158455090338
2009-11-30,1284.95,"1,286.11","1,304.81","1,263.30",,-0.08%,-0.0008479224464556566
2009-12-01,1319.35,"1,284.99","1,321.21","1,284.99",,2.68%,0.026419383990908627
2009-12-02,1325.76,"1,319.36","1,337.22","1,309.93",,0.49%,0.0048466888316779175
2009-12-03,1311.08,"1,325.76","1,349.64","1,310.67",,-1.11%,-0.011134654866592417
2009-12-04,1342.58,"1,310.62","1,344.74","1,296.08",,2.40%,0.023741910901716234
2009-12-07,1322.09,"1,342.58","1,342.58","1,308.33",,-1.53%,-0.015379318161092944
2009-12-08,1310.97,"1,322.09","1,331.25","1,302.72",,-0.84%,-0.00844649655638917
2009-12-09,1302.37,"1,310.96","1,320.26","1,293.89",,-0.66%,-0.006581639621733219
2009-12-10,1304.61,"1,302.36","1,311.80","1,285.01",,0.17%,0.00171846393240361
2009-12-11,1301.33,"1,304.61","1,316.90","1,296.68",,-0.25%,-0.002517327131166196
2009-12-14,1317.33,"1,301.51","1,324.34","1,301.51",,1.23%,0.012220142445891993
2009-12-15,1332.29,"1,317.76","1,412.27","1,312.42",,1.14%,0.011292305288914372
2009-12-16,1388.59,"1,332.29","1,389.44","1,329.02",,4.23%,0.041389577674341156
2009-12-17,1360.48,"1,388.59","1,401.38","1,358.46",,-2.02%,-0.02045126515784808
2009-12-18,1368.43,"1,360.48","1,392.80","1,360.48",,0.58%,0.005826518639859129
2009-12-21,1377.93,"1,368.72","1,384.34","1,363.19",,0.69%,0.006918275747641711
2009-12-22,1366.18,"1,377.93","1,378.18","1,358.46",,-0.85%,-0.008563848979461558
2009-12-23,1366.78,"1,366.21","1,376.38","1,359.36",,0.04%,0.00043908436979666666
2009-12-24,1351.19,"1,366.78","1,375.16","1,340.25",,-1.14%,-0.011471922778007093
2009-12-25,1357.11,"1,351.24","1,358.25","1,341.21",,0.44%,0.004371753076612282
2009-12-28,1361.58,"1,357.11","1,372.03","1,357.11",,0.33%,0.0032883513956623615
2009-12-29,1368.51,"1,361.64","1,369.07","1,360.30",,0.51%,0.005076766615184133
2009-12-30,1362.01,"1,368.51","1,369.81","1,356.53",,-0.47%,-0.004761006898359853
2009-12-31,1370.01,"1,362.01","1,370.75","1,361.96",,0.59%,0.005856489239193809
2010-01-11,1444.78,"1,370.30","1,456.78","1,370.30",,5.46%,0.05313902175490427
2010-01-12,1427.67,"1,444.78","1,445.70","1,424.73",,-1.18%,-0.011913316063925063
2010-01-13,1435.01,"1,427.62","1,444.86","1,412.87",,0.51%,0.00512807305397236
2010-01-14,1455.65,"1,435.01","1,456.34","1,435.01",,1.44%,0.014280718433678523
2010-01-15,1452.67,"1,455.47","1,469.55","1,448.68",,-0.20%,-0.002049293779846635
2010-01-18,1479.53,"1,452.67","1,479.76","1,444.90",,1.85%,0.018321227290947848
2010-01-19,1484.03,"1,479.52","1,485.76","1,454.91",,0.30%,0.0030368904010805654
2010-01-20,1461.23,"1,484.03","1,491.36","1,458.21",,-1.54%,-0.015482813375694762
2010-01-21,1435.9,"1,461.23","1,470.57","1,435.45",,-1.73%,-0.0174867164803898
2010-01-22,1410.38,"1,435.90","1,435.90","1,394.91",,-1.78%,-0.017932658691575072
2010-01-25,1415.86,"1,410.37","1,423.25","1,396.39",,0.39%,0.003877948700445356
2010-01-26,1384.79,"1,415.81","1,416.03","1,370.44",,-2.19%,-0.02218861673266318
2010-01-27,1391.25,"1,384.79","1,405.28","1,363.03",,0.47%,0.004654120013216081
2010-01-28,1406.55,"1,391.25","1,425.60","1,391.25",,1.10%,0.010937273943989304
2010-01-29,1419.42,"1,406.46","1,419.55","1,390.32",,0.92%,0.009108439918627321
2010-02-01,1417.0,"1,419.42","1,419.57","1,395.92",,-0.17%,-0.0017063767616905708
2010-02-02,1436.63,"1,417.00","1,436.90","1,417.00",,1.39%,0.01375813237154731
2010-02-03,1431.08,"1,436.63","1,455.51","1,430.00",,-0.39%,-0.003870689106835638
2010-02-04,1395.87,"1,431.08","1,437.04","1,390.54",,-2.46%,-0.02491152717847872
2010-02-05,1355.64,"1,395.86","1,395.86","1,344.74",,-2.88%,-0.029244209250075592
2010-02-08,1322.15,"1,355.64","1,370.52","1,319.06",,-2.47%,-0.025014468104003332
2010-02-09,1338.16,"1,322.24","1,343.71","1,320.93",,1.21%,0.01203633658091881
2010-02-10,1327.24,"1,338.16","1,359.12","1,319.68",,-0.82%,-0.008193937943944596
2010-02-11,1329.35,"1,327.24","1,348.20","1,320.55",,0.16%,0.0015885028880538372
2010-02-12,1304.86,"1,329.37","1,346.22","1,294.21",,-1.84%,-0.018594345639433296
2010-02-15,1319.22,"1,304.88","1,319.37","1,301.80",,1.10%,0.010944897525494336
2010-02-16,1361.49,"1,319.22","1,361.87","1,319.22",,3.20%,0.03153903541266763
2010-02-17,1354.09,"1,361.49","1,373.22","1,350.12",,-0.54%,-0.00545004626403467
2010-02-18,1338.77,"1,354.07","1,354.07","1,324.90",,-1.13%,-0.011378360023131303
2010-02-19,1353.75,"1,338.77","1,354.05","1,310.65",,1.12%,0.011127237355775374
2010-02-24,1334.53,"1,353.75","1,353.75","1,324.49",,-1.42%,-0.014299349393588833
2010-02-25,1306.46,"1,334.33","1,334.42","1,297.14",,-2.10%,-0.021257980579647326
2010-02-26,1323.72,"1,306.50","1,324.57","1,306.50",,1.32%,0.013124765427326546
2010-03-01,1356.27,"1,332.97","1,358.04","1,332.97",,2.46%,0.024292329954528596
2010-03-02,1368.09,"1,356.27","1,371.83","1,351.06",,0.87%,0.008677321768328188
2010-03-03,1379.32,"1,368.09","1,382.22","1,355.47",,0.82%,0.008175017592951899
2010-03-04,1384.44,"1,379.32","1,395.98","1,366.55",,0.37%,0.0037051016420992454
2010-03-05,1414.37,"1,384.44","1,414.48","1,384.44",,2.16%,0.021388476523996575
2010-03-09,1412.55,"1,414.34","1,421.14","1,396.57",,-0.13%,-0.0012876206270132939
2010-03-10,1402.35,"1,412.10","1,423.06","1,397.50",,-0.72%,-0.007247180818747572
2010-03-11,1395.91,"1,402.35","1,411.45","1,389.68",,-0.46%,-0.004602868475430847
2010-03-12,1415.75,"1,395.91","1,424.52","1,395.91",,1.42%,0.014112893663910945
2010-03-15,1400.19,"1,415.68","1,416.85","1,398.97",,-1.10%,-0.011051484313200667
2010-03-16,1420.76,"1,400.25","1,421.06","1,400.25",,1.47%,0.014583998007731329
2010-03-17,1435.31,"1,420.76","1,442.14","1,420.76",,1.02%,0.010188914049179546
2010-03-18,1433.45,"1,435.23","1,449.78","1,425.46",,-0.13%,-0.0012967276876649644
2010-03-19,1421.09,"1,433.45","1,441.32","1,415.92",,-0.86%,-0.008659943279379348
2010-03-22,1417.55,"1,421.00","1,421.00","1,398.02",,-0.25%,-0.0024941534221572456
2010-03-23,1410.61,"1,417.85","1,427.61","1,404.15",,-0.49%,-0.004907794417564118
2010-03-24,1404.77,"1,410.61","1,417.26","1,398.44",,-0.41%,-0.004148646631110764
2010-03-25,1406.66,"1,404.76","1,412.14","1,395.13",,0.13%,0.0013445117144760493
2010-03-26,1415.54,"1,406.71","1,419.82","1,403.51",,0.63%,0.006292983704341969
2010-03-29,1440.2,"1,415.54","1,440.85","1,411.79",,1.74%,0.017270909096200087
2010-03-30,1443.81,"1,440.20","1,450.04","1,433.19",,0.25%,0.0025034600333676124
2010-03-31,1450.15,"1,443.82","1,461.89","1,438.35",,0.44%,0.004381546491944411
2010-04-01,1479.66,"1,450.16","1,482.40","1,450.16",,2.03%,0.02014533229643639
2010-04-02,1480.17,"1,479.73","1,488.22","1,472.58",,0.03%,0.00034461439004760584
2010-04-05,1487.55,"1,480.46","1,488.56","1,473.66",,0.50%,0.004973525273681498
2010-04-06,1498.64,"1,487.51","1,506.03","1,479.19",,0.75%,0.007427558852559756
2010-04-07,1478.44,"1,498.64","1,501.45","1,476.60",,-1.35%,-0.01357055235434187
2010-04-08,1476.59,"1,478.41","1,479.56","1,460.37",,-0.13%,-0.001252102511105851
2010-04-09,1496.88,"1,476.59","1,502.66","1,476.59",,1.37%,0.01364756659862127
2010-04-12,1502.66,"1,496.88","1,512.07","1,493.23",,0.39%,0.0038539290385072745
2010-04-13,1499.34,"1,502.64","1,508.33","1,488.90",,-0.22%,-0.0022118596625867602
2010-04-14,1526.61,"1,499.36","1,527.87","1,499.36",,1.82%,0.018024579585407017
2010-04-15,1530.93,"1,526.61","1,539.65","1,519.99",,0.28%,0.002825803014618432
2010-04-16,1495.08,"1,530.92","1,530.92","1,494.53",,-2.34%,-0.023695676763150715
2010-04-19,1459.17,"1,494.98","1,494.98","1,438.51",,-2.40%,-0.024311936200574893
2010-04-20,1473.92,"1,459.18","1,482.37","1,459.18",,1.01%,0.0100577372940686
2010-04-21,1465.87,"1,473.92","1,488.90","1,462.20",,-0.55%,-0.005476595348891616
2010-04-22,1443.36,"1,465.87","1,475.41","1,436.48",,-1.54%,-0.015475193935045478
2010-04-23,1467.62,"1,443.36","1,467.62","1,443.36",,1.68%,0.016668312171411327
2010-04-26,1484.26,"1,467.64","1,489.41","1,467.64",,1.13%,0.01127429045781471
2010-04-27,1464.17,"1,484.19","1,484.19","1,454.69",,-1.35%,-0.013627802539149178
2010-04-28,1430.28,"1,462.70","1,462.70","1,424.25",,-2.31%,-0.023418299715787926
2010-04-29,1455.14,"1,430.81","1,455.21","1,430.81",,1.74%,0.017231886625406305
2010-04-30,1436.04,"1,455.12","1,455.98","1,430.91",,-1.31%,-0.013212790534598546
2010-05-04,1393.07,"1,436.04","1,448.67","1,392.33",,-2.99%,-0.03037938059989029
2010-05-05,1378.43,"1,393.07","1,403.85","1,357.69",,-1.05%,-0.010564774432174903
2010-05-06,1365.13,"1,378.43","1,391.51","1,362.97",,-0.96%,-0.009695508161921293
2010-05-07,1288.61,"1,365.09","1,365.09","1,282.86",,-5.61%,-0.05768554414492754
2010-05-11,1334.15,"1,289.28","1,342.64","1,289.28",,3.53%,0.03473026689784098
2010-05-12,1391.87,"1,334.03","1,395.50","1,323.66",,4.33%,0.04235378179622214
2010-05-13,1378.7,"1,391.94","1,418.09","1,363.54",,-0.95%,-0.009507140550991075
2010-05-14,1352.01,"1,378.69","1,378.69","1,347.06",,-1.94%,-0.019548652152323442
2010-05-17,1357.26,"1,351.92","1,362.40","1,316.37",,0.39%,0.003875587572539258
2010-05-18,1362.32,"1,357.51","1,369.36","1,345.95",,0.37%,0.003721167120549893
2010-05-19,1320.9,"1,362.25","1,362.25","1,311.84",,-3.04%,-0.030875806288531277
2010-05-20,1263.99,"1,320.90","1,340.40","1,261.16",,-4.31%,-0.04403993814671551
2010-05-21,1264.91,"1,264.06","1,279.92","1,237.26",,0.07%,0.0007275891024448099
2010-05-24,1269.37,"1,264.83","1,287.11","1,248.36",,0.35%,0.003519740995012309
2010-05-25,1197.39,"1,269.10","1,269.10","1,194.92",,-5.67%,-0.05837652635227532
2010-05-26,1265.18,"1,198.18","1,266.13","1,198.18",,5.66%,0.055070216500838876
2010-05-27,1305.99,"1,265.18","1,310.49","1,259.67",,3.23%,0.03174696931009773
2010-05-28,1309.09,"1,306.47","1,313.37","1,292.40",,0.24%,0.002370865481814882
2010-05-31,1332.62,"1,309.08","1,333.23","1,304.67",,1.80%,0.01781468994931806
2010-06-01,1325.49,"1,332.62","1,332.62","1,297.09",,-0.54%,-0.005364726892629286
2010-06-02,1341.24,"1,325.47","1,344.59","1,301.31",,1.19%,0.011812356807795842
2010-06-03,1350.48,"1,341.41","1,371.82","1,341.41",,0.69%,0.006865525607612757
2010-06-04,1333.49,"1,350.46","1,378.20","1,322.85",,-1.26%,-0.012660519261799534
2010-06-07,1322.0,"1,333.49","1,333.49","1,289.05",,-0.86%,-0.008653824119702084
2010-06-08,1301.41,"1,322.00","1,338.70","1,297.57",,-1.56%,-0.015697449347689605
2010-06-09,1315.13,"1,301.41","1,323.98","1,301.41",,1.05%,0.010487227977252224
2010-06-10,1340.09,"1,315.15","1,340.45","1,301.16",,1.90%,0.018801255827454802
2010-06-11,1336.09,"1,340.09","1,345.95","1,323.27",,-0.30%,-0.002989337771534776
2010-06-15,1371.31,"1,336.14","1,371.66","1,334.58",,2.64%,0.026019049232429627
2010-06-16,1369.59,"1,371.31","1,383.39","1,356.86",,-0.13%,-0.0012550623705907186
2010-06-17,1356.18,"1,369.58","1,383.39","1,351.98",,-0.98%,-0.00983950090540092
2010-06-18,1367.71,"1,356.18","1,368.94","1,350.53",,0.85%,0.008465884352153452
2010-06-21,1406.21,"1,367.75","1,407.95","1,367.75",,2.81%,0.027760333698029185
2010-06-22,1388.11,"1,405.12","1,405.12","1,380.16",,-1.29%,-0.012955032456696599
2010-06-23,1377.97,"1,388.24","1,394.66","1,371.06",,-0.73%,-0.007331707992567239
2010-06-24,1363.15,"1,377.97","1,389.01","1,360.21",,-1.08%,-0.010813203655844737
2010-06-25,1347.58,"1,363.15","1,366.75","1,346.13",,-1.14%,-0.011487806775529243
2010-06-28,1363.4,"1,347.58","1,370.20","1,347.58",,1.17%,0.011671188705587731
2010-06-29,1323.29,"1,363.40","1,363.40","1,315.85",,-2.94%,-0.029860520043646675
2010-06-30,1309.31,"1,323.29","1,329.15","1,301.39",,-1.06%,-0.010620779011514122
2010-07-01,1254.65,"1,309.31","1,309.31","1,253.45",,-4.17%,-0.04264363166529452
2010-07-02,1288.05,"1,255.18","1,288.86","1,255.18",,2.66%,0.0262727975783739
2010-07-05,1292.19,"1,288.05","1,297.47","1,281.71",,0.32%,0.003209006567384351
2010-07-06,1327.63,"1,292.20","1,328.14","1,292.20",,2.74%,0.027056944404341327
2010-07-07,1327.77,"1,327.63","1,330.15","1,294.41",,0.01%,0.00010544550736579021
2010-07-08,1320.64,"1,327.77","1,346.65","1,319.54",,-0.54%,-0.005384375701477878
2010-07-09,1324.17,"1,320.68","1,332.38","1,308.56",,0.27%,0.0026693804818580438
2010-07-12,1344.57,"1,324.17","1,351.21","1,319.65",,1.54%,0.01528841127186203
2010-07-13,1367.91,"1,344.57","1,373.23","1,337.14",,1.74%,0.017209768226652104
2010-07-14,1358.6,"1,367.91","1,379.51","1,353.98",,-0.68%,-0.006829269787387744
2010-07-15,1340.2,"1,358.59","1,375.64","1,339.88",,-1.35%,-0.013635901218131088
2010-07-16,1327.55,"1,340.22","1,353.70","1,325.23",,-0.94%,-0.009483718348849144
2010-07-19,1336.55,"1,327.55","1,346.66","1,322.37",,0.68%,0.006756528837495061
2010-07-20,1328.71,"1,336.63","1,349.66","1,319.74",,-0.59%,-0.005883120305392508
2010-07-21,1354.83,"1,328.85","1,360.06","1,328.85",,1.97%,0.019467438465943208
2010-07-22,1381.36,"1,354.83","1,381.45","1,343.91",,1.96%,0.019392535915907543
2010-07-23,1380.86,"1,381.35","1,389.16","1,373.91",,-0.04%,-0.00036202764838497956
2010-07-26,1396.92,"1,380.88","1,399.52","1,380.88",,1.16%,0.011563319592360205
2010-07-27,1401.56,"1,396.92","1,414.00","1,391.77",,0.33%,0.003316088913951894
2010-07-28,1394.89,"1,401.56","1,411.38","1,388.79",,-0.48%,-0.004770342862295773
2010-07-29,1418.35,"1,394.89","1,425.01","1,394.89",,1.68%,0.016678665051833665
2010-07-30,1397.12,"1,418.30","1,418.30","1,382.71",,-1.50%,-0.01508124923011546
2010-08-02,1429.36,"1,397.15","1,431.54","1,397.14",,2.31%,0.022813816703387366
2010-08-03,1412.25,"1,429.36","1,433.63","1,406.00",,-1.20%,-0.012042614419540193
2010-08-04,1418.05,"1,412.25","1,429.03","1,400.65",,0.41%,0.004098511195937931
2010-08-05,1414.65,"1,418.18","1,429.22","1,407.14",,-0.24%,-0.002400537743305805
2010-08-06,1403.08,"1,414.65","1,423.39","1,397.35",,-0.82%,-0.008212330511166472
2010-08-09,1419.2,"1,403.09","1,427.89","1,403.09",,1.15%,0.01142351240847789
2010-08-10,1397.66,"1,419.20","1,419.20","1,388.94",,-1.52%,-0.015293922918557322
2010-08-11,1376.88,"1,397.65","1,397.65","1,372.29",,-1.49%,-0.014979339675032422
2010-08-12,1375.54,"1,376.88","1,387.94","1,364.50",,-0.10%,-0.0009736886854971053
2010-08-13,1371.46,"1,375.54","1,386.72","1,366.02",,-0.30%,-0.002970515471530132
2010-08-16,1373.22,"1,371.46","1,378.80","1,356.31",,0.13%,0.0012824811936044042
2010-08-17,1391.47,"1,373.22","1,394.65","1,373.19",,1.33%,0.013202395267034286
2010-08-18,1386.8,"1,391.47","1,391.47","1,380.21",,-0.34%,-0.003361807454468661
2010-08-19,1375.11,"1,386.79","1,400.94","1,374.41",,-0.84%,-0.00846520691002605
2010-08-20,1366.32,"1,375.11","1,379.36","1,357.94",,-0.64%,-0.006412733589906131
2010-08-23,1366.76,"1,366.32","1,374.00","1,356.40",,0.03%,0.0003219810644411616
2010-08-24,1339.82,"1,366.68","1,366.68","1,337.46",,-1.97%,-0.019907698811491105
2010-08-25,1334.66,"1,339.82","1,352.71","1,328.17",,-0.39%,-0.0038586988143546265
2010-08-26,1356.43,"1,334.80","1,357.27","1,334.80",,1.63%,0.016179670626874136
2010-08-27,1366.5,"1,356.25","1,367.37","1,344.54",,0.74%,0.007396477991717038
2010-08-30,1370.77,"1,366.50","1,379.69","1,366.50",,0.31%,0.003119899362211332
2010-08-31,1368.9,"1,370.77","1,370.77","1,351.36",,-0.14%,-0.001365128128867336
2010-09-01,1394.57,"1,368.93","1,396.21","1,364.59",,1.88%,0.01857862640953812
2010-09-02,1401.81,"1,394.56","1,407.54","1,392.41",,0.52%,0.005178134715036784
2010-09-03,1410.16,"1,401.83","1,419.17","1,395.89",,0.60%,0.0059389143856564556
2010-09-06,1408.64,"1,410.17","1,418.54","1,407.19",,-0.11%,-0.0010784732136558672
2010-09-07,1398.7,"1,408.60","1,408.60","1,390.03",,-0.71%,-0.007081466112783933
2010-09-08,1422.08,"1,398.38","1,423.23","1,393.99",,1.67%,0.016577354785897426
2010-09-09,1437.47,"1,422.09","1,445.58","1,416.62",,1.08%,0.01076403531735998
2010-09-10,1433.82,"1,437.45","1,441.77","1,427.43",,-0.25%,-0.002542412620175041
2010-09-13,1441.58,"1,433.89","1,452.21","1,433.89",,0.54%,0.005397523015577292
2010-09-14,1433.22,"1,441.58","1,443.32","1,428.01",,-0.58%,-0.005816073163994654
2010-09-15,1436.38,"1,433.22","1,436.58","1,420.92",,0.22%,0.002202398436934705
2010-09-16,1431.09,"1,436.02","1,439.78","1,427.69",,-0.37%,-0.0036896678963330987
2010-09-17,1417.65,"1,431.09","1,442.53","1,417.04",,-0.94%,-0.00943582055135006
2010-09-20,1426.84,"1,417.72","1,427.13","1,412.84",,0.65%,0.006461637745701266
2010-09-21,1433.9,"1,426.84","1,442.56","1,426.76",,0.49%,0.00493579586611748
2010-09-22,1431.21,"1,433.90","1,438.97","1,417.57",,-0.19%,-0.0018777644072384442
2010-09-23,1430.12,"1,431.21","1,440.31","1,420.08",,-0.08%,-0.0007618834966437552
2010-09-24,1436.06,"1,430.12","1,436.58","1,418.87",,0.42%,0.00414489564798924
2010-09-27,1418.67,"1,436.07","1,444.77","1,417.95",,-1.21%,-0.012183439490430117
2010-09-28,1410.11,"1,418.67","1,419.42","1,405.42",,-0.60%,-0.006052097461007657
2010-09-29,1419.18,"1,410.11","1,423.78","1,410.11",,0.64%,0.006411524495904046
2010-09-30,1440.3,"1,419.18","1,441.24","1,417.42",,1.49%,0.01477218519543746
2010-10-01,1455.63,"1,440.30","1,462.30","1,436.32",,1.06%,0.010587371378324242
2010-10-04,1465.09,"1,455.63","1,470.78","1,455.12",,0.65%,0.006477877427981061
2010-10-05,1474.03,"1,465.09","1,474.45","1,455.97",,0.61%,0.006083472312403956
2010-10-06,1475.12,"1,474.15","1,485.64","1,465.68",,0.07%,0.0007391960731953875
2010-10-07,1468.31,"1,475.19","1,480.16","1,465.84",,-0.46%,-0.004627262853919981
2010-10-08,1464.67,"1,468.25","1,468.25","1,453.38",,-0.25%,-0.002482118438454848
2010-10-11,1482.11,"1,464.67","1,482.29","1,464.67",,1.19%,0.011836787018623732
2010-10-12,1477.78,"1,482.07","1,482.07","1,466.73",,-0.29%,-0.0029257864912645855
2010-10-13,1493.21,"1,477.80","1,497.75","1,477.80",,1.04%,0.010387203412630457
2010-10-14,1489.06,"1,493.21","1,500.45","1,483.26",,-0.28%,-0.00278311667202112
2010-10-15,1491.48,"1,489.04","1,500.66","1,484.23",,0.16%,0.0016238671729175418
2010-10-18,1500.65,"1,491.46","1,502.48","1,479.40",,0.61%,0.006129432016440162
2010-10-19,1490.49,"1,500.65","1,513.57","1,488.58",,-0.68%,-0.006793422624241615
2010-10-20,1493.49,"1,490.49","1,494.44","1,474.10",,0.20%,0.002010738014843854
2010-10-21,1528.11,"1,493.49","1,528.80","1,489.35",,2.32%,0.022916014711677066
2010-10-22,1519.3,"1,528.00","1,531.02","1,512.93",,-0.58%,-0.005781975214419052
2010-10-25,1528.24,"1,519.35","1,538.43","1,519.35",,0.59%,0.005867044005675713
2010-10-26,1524.83,"1,528.12","1,532.20","1,516.23",,-0.22%,-0.0022338180375658084
2010-10-27,1507.05,"1,524.83","1,525.24","1,506.99",,-1.17%,-0.011728830841397647
2010-10-28,1506.6,"1,507.05","1,519.77","1,504.60",,-0.03%,-0.0002986411848386882
2010-10-29,1523.39,"1,506.50","1,524.90","1,502.21",,1.11%,0.011082658261402777
2010-11-01,1533.7,"1,523.40","1,542.23","1,523.40",,0.68%,0.006745002003737303
2010-11-02,1537.27,"1,533.70","1,540.35","1,530.76",,0.23%,0.0023249993377806835
2010-11-03,1540.11,"1,537.29","1,547.03","1,535.29",,0.18%,0.0018457264336893542
2010-11-08,1568.26,"1,540.11","1,577.94","1,540.11",,1.83%,0.018112882062671743
2010-11-09,1594.72,"1,568.26","1,597.51","1,566.56",,1.69%,0.01673144772827
2010-11-10,1574.63,"1,594.70","1,594.70","1,570.29",,-1.26%,-0.012677848192507954
2010-11-11,1556.43,"1,574.68","1,584.75","1,556.05",,-1.16%,-0.011625586851426626
2010-11-12,1548.96,"1,556.37","1,556.37","1,536.95",,-0.48%,-0.004810999203450153
2010-11-15,1556.18,"1,541.10","1,560.77","1,535.80",,0.47%,0.004650362309950746
2010-11-16,1526.64,"1,556.18","1,556.18","1,524.57",,-1.90%,-0.019164858243053615
2010-11-17,1533.92,"1,526.64","1,535.26","1,515.13",,0.48%,0.004757308290027932
2010-11-18,1552.21,"1,533.92","1,552.42","1,533.92",,1.19%,0.011853171539353289
2010-11-19,1556.8,"1,552.21","1,557.49","1,542.09",,0.30%,0.0029527105637007747
2010-11-22,1550.42,"1,556.80","1,573.32","1,549.13",,-0.41%,-0.004106570481640858
2010-11-23,1536.87,"1,550.42","1,550.42","1,531.65",,-0.87%,-0.008777981339957252
2010-11-24,1561.97,"1,537.67","1,564.75","1,528.15",,1.63%,0.01619996445908175
2010-11-25,1571.31,"1,561.97","1,574.40","1,558.92",,0.60%,0.0059618212636780325
2010-11-26,1566.41,"1,571.31","1,576.59","1,555.15",,-0.31%,-0.003123289511661545
2010-11-29,1554.65,"1,566.47","1,578.46","1,549.40",,-0.75%,-0.007535936928149926
2010-11-30,1565.52,"1,554.67","1,570.67","1,549.53",,0.70%,0.0069675972628594285
2010-12-01,1601.76,"1,565.60","1,604.35","1,565.60",,2.31%,0.022884987515223238
2010-12-02,1632.37,"1,601.78","1,633.60","1,601.78",,1.91%,0.018929921843035654
2010-12-03,1649.56,"1,632.32","1,658.53","1,628.87",,1.05%,0.010475639151872575
2010-12-06,1672.57,"1,649.56","1,672.90","1,649.31",,1.39%,0.013852779973173432
2010-12-07,1676.41,"1,672.99","1,702.64","1,671.44",,0.23%,0.002293236557315228
2010-12-08,1650.08,"1,676.41","1,687.20","1,649.28",,-1.57%,-0.015830830628811608
2010-12-09,1660.62,"1,650.36","1,667.88","1,650.36",,0.64%,0.006367255027221023
2010-12-10,1656.34,"1,660.62","1,663.51","1,646.44",,-0.26%,-0.0025806777141497562
2010-12-13,1662.45,"1,656.51","1,673.14","1,656.51",,0.37%,0.0036820690089418504
2010-12-14,1666.28,"1,662.51","1,667.27","1,648.86",,0.23%,0.0023011789421929158
2010-12-15,1670.26,"1,666.12","1,680.82","1,653.83",,0.24%,0.0023857060833748847
2010-12-16,1660.2,"1,670.26","1,670.80","1,657.76",,-0.60%,-0.006041225894404125
2010-12-17,1666.84,"1,660.22","1,674.12","1,660.20",,0.40%,0.0039915413195673
2010-12-20,1663.11,"1,666.84","1,668.90","1,657.88",,-0.22%,-0.0022402748149491373
2010-12-21,1673.83,"1,663.29","1,675.85","1,663.29",,0.64%,0.006425070200925805
2010-12-22,1682.61,"1,673.84","1,686.50","1,673.84",,0.52%,0.00523174555574196
2010-12-23,1684.52,"1,682.74","1,686.31","1,676.92",,0.11%,0.001134497453238259
2010-12-24,1675.81,"1,684.52","1,686.52","1,673.23",,-0.52%,-0.005184026274877466
2010-12-27,1663.55,"1,675.81","1,676.27","1,662.81",,-0.73%,-0.007342757345250435
2010-12-28,1664.86,"1,663.55","1,671.10","1,660.57",,0.08%,0.000787162679863458
2010-12-29,1677.68,"1,664.86","1,678.49","1,664.82",,0.77%,0.0076708508276686115
2010-12-30,1687.99,"1,677.68","1,688.12","1,673.64",,0.61%,0.0061265853448745165
2011-01-11,1713.97,"1,688.00","1,714.25","1,687.15",,1.54%,0.015273845119655977
2011-01-12,1759.46,"1,714.04","1,760.10","1,714.04",,2.65%,0.026194626684656653
2011-01-13,1749.75,"1,759.46","1,768.24","1,743.72",,-0.55%,-0.00553402320240197
2011-01-14,1744.74,"1,749.75","1,757.56","1,731.84",,-0.29%,-0.0028673731689677373
2011-01-17,1771.66,"1,745.15","1,773.98","1,745.15",,1.54%,0.015311412765088257
2011-01-18,1765.3,"1,771.69","1,788.74","1,754.86",,-0.36%,-0.0035963125705321514
2011-01-19,1764.44,"1,765.30","1,778.27","1,760.23",,-0.05%,-0.00048728802519000926
2011-01-20,1733.89,"1,764.31","1,764.31","1,732.89",,-1.73%,-0.017465920381342252
2011-01-21,1747.39,"1,733.89","1,752.39","1,723.85",,0.78%,0.007755806870771508
2011-01-24,1720.7,"1,747.39","1,750.49","1,705.11",,-1.53%,-0.015392061300364659
2011-01-25,1716.24,"1,720.70","1,730.90","1,709.66",,-0.26%,-0.0025953333508618222
2011-01-26,1746.55,"1,716.24","1,746.91","1,716.24",,1.77%,0.01750656211478671
2011-01-27,1751.54,"1,746.55","1,758.16","1,738.15",,0.29%,0.0028529874215303475
2011-01-28,1735.01,"1,751.47","1,751.47","1,730.67",,-0.94%,-0.00948222389145686
2011-01-31,1723.42,"1,734.93","1,734.93","1,705.46",,-0.67%,-0.006702488347855153
2011-02-01,1755.95,"1,723.45","1,757.49","1,723.45",,1.89%,0.018699332280320113
2011-02-02,1765.42,"1,755.95","1,779.08","1,755.84",,0.54%,0.005378601413694277
2011-02-03,1749.78,"1,765.43","1,775.47","1,746.78",,-0.89%,-0.008898556670127272
2011-02-04,1766.53,"1,749.78","1,770.06","1,749.78",,0.96%,0.009527104660072845
2011-02-07,1767.31,"1,766.53","1,773.04","1,745.29",,0.04%,0.00044144613942167225
2011-02-08,1729.53,"1,767.31","1,770.13","1,729.09",,-2.14%,-0.021608921248081555
2011-02-09,1723.32,"1,729.53","1,738.36","1,713.36",,-0.36%,-0.003597032420027487
2011-02-10,1676.77,"1,723.32","1,723.49","1,675.95",,-2.70%,-0.02738333911522852
2011-02-11,1713.93,"1,676.77","1,715.64","1,673.95",,2.22%,0.021919655438421497
2011-02-14,1708.43,"1,714.09","1,732.41","1,703.72",,-0.32%,-0.0032141590802590102
2011-02-15,1695.98,"1,708.45","1,720.86","1,693.17",,-0.73%,-0.007314075273974819
2011-02-16,1707.14,"1,695.98","1,709.27","1,688.39",,0.66%,0.006558710833288806
2011-02-17,1692.91,"1,707.14","1,722.24","1,692.32",,-0.83%,-0.008370514013566968
2011-02-18,1690.11,"1,692.95","1,700.61","1,680.91",,-0.17%,-0.0016553260928743117
2011-02-21,1712.63,"1,690.09","1,717.01","1,683.78",,1.33%,0.013236585107604266
2011-02-22,1700.98,"1,712.63","1,712.63","1,682.46",,-0.68%,-0.00682564512673555
2011-02-24,1715.2,"1,700.98","1,721.99","1,687.63",,0.84%,0.008325136339279953
2011-02-25,1747.72,"1,715.20","1,748.63","1,713.88",,1.90%,0.018782389441958806
2011-02-28,1777.84,"1,747.72","1,780.39","1,743.16",,1.72%,0.01708706295477151
2011-03-01,1758.44,"1,777.84","1,788.53","1,753.13",,-1.09%,-0.010972091929902656
2011-03-02,1765.38,"1,758.44","1,765.87","1,746.11",,0.39%,0.003938912301341555
2011-03-03,1772.83,"1,765.38","1,787.69","1,765.38",,0.42%,0.004211175147802088
2011-03-04,1764.96,"1,772.83","1,783.82","1,758.63",,-0.44%,-0.004449112571382631
2011-03-09,1779.24,"1,780.63","1,793.10","1,769.81",,0.81%,0.008058279596863383
2011-03-10,1731.8,"1,779.14","1,779.14","1,730.45",,-2.67%,-0.027024976804234192
2011-03-11,1719.95,"1,731.80","1,739.36","1,712.35",,-0.68%,-0.006866109396177747
2011-03-14,1726.78,"1,719.95","1,747.18","1,706.88",,0.40%,0.003963181879515154
2011-03-15,1700.54,"1,726.78","1,726.78","1,681.08",,-1.52%,-0.015312554833053268
2011-03-16,1705.18,"1,700.69","1,732.79","1,698.26",,0.27%,0.0027248293288242628
2011-03-17,1737.62,"1,705.20","1,739.89","1,703.20",,1.90%,0.018845683809479347
2011-03-18,1747.32,"1,737.66","1,753.39","1,732.80",,0.56%,0.005566824708524812
2011-03-21,1753.19,"1,747.32","1,760.99","1,742.24",,0.34%,0.003353800161767259
2011-03-22,1741.34,"1,753.18","1,753.36","1,730.35",,-0.68%,-0.006782053907831534
2011-03-23,1770.56,"1,741.25","1,770.77","1,732.61",,1.68%,0.016640948944996015
2011-03-24,1795.4,"1,770.58","1,795.66","1,770.58",,1.40%,0.013931957612843231
2011-03-25,1807.46,"1,795.40","1,808.61","1,788.19",,0.67%,0.006694706451628112
2011-03-28,1810.9,"1,807.53","1,813.21","1,799.84",,0.19%,0.0019014144730806822
2011-03-29,1788.14,"1,810.74","1,813.82","1,781.20",,-1.26%,-0.012647985802818396
2011-03-30,1815.6,"1,788.17","1,817.26","1,788.17",,1.54%,0.01524001813783212
2011-03-31,1813.59,"1,815.60","1,820.16","1,802.55",,-0.11%,-0.0011076852992083486
2011-04-01,1843.43,"1,813.59","1,844.75","1,806.03",,1.65%,0.016319660419831773
2011-04-04,1852.02,"1,843.43","1,858.78","1,841.25",,0.47%,0.004648968580949553
2011-04-05,1848.21,"1,852.06","1,863.35","1,835.88",,-0.21%,-0.002059332174740148
2011-04-06,1859.99,"1,848.21","1,865.30","1,844.89",,0.64%,0.006353508239564914
2011-04-07,1844.33,"1,859.99","1,859.99","1,839.35",,-0.84%,-0.008455043458132938
2011-04-08,1855.97,"1,844.33","1,860.01","1,844.33",,0.63%,0.006291402531831516
2011-04-11,1845.78,"1,855.97","1,864.59","1,836.86",,-0.55%,-0.00550551805975438
2011-04-12,1799.94,"1,845.78","1,845.78","1,792.33",,-2.48%,-0.02514862136729777
2011-04-13,1809.83,"1,799.94","1,810.44","1,786.62",,0.55%,0.005479587201574265
2011-04-14,1781.51,"1,809.83","1,809.83","1,765.15",,-1.56%,-0.0157715989195292
2011-04-15,1780.36,"1,781.50","1,792.99","1,772.04",,-0.06%,-0.0006457282494639965
2011-04-18,1714.07,"1,780.36","1,784.44","1,707.65",,-3.72%,-0.037944931564123485
2011-04-19,1755.63,"1,714.08","1,756.67","1,714.08",,2.42%,0.023957107379248114
2011-04-20,1783.38,"1,755.63","1,785.49","1,755.63",,1.58%,0.015682673260798915
2011-04-21,1780.6,"1,783.59","1,799.09","1,770.91",,-0.16%,-0.0015600539642888838
2011-04-22,1793.96,"1,780.60","1,797.53","1,780.14",,0.75%,0.0074750806865632935
2011-04-25,1769.94,"1,793.96","1,814.07","1,767.36",,-1.34%,-0.01347981913790452
2011-04-26,1766.28,"1,769.94","1,774.52","1,746.38",,-0.21%,-0.0020700076957339657
2011-04-27,1744.95,"1,766.28","1,775.60","1,738.66",,-1.21%,-0.01214973806161047
2011-04-28,1749.65,"1,745.87","1,766.96","1,731.62",,0.27%,0.002689865984007576
2011-04-29,1741.84,"1,749.01","1,749.01","1,723.44",,-0.45%,-0.004473742170829273
2011-05-03,1691.45,"1,741.82","1,747.22","1,689.65",,-2.89%,-0.02935587652271121
2011-05-04,1657.54,"1,691.45","1,698.29","1,650.08",,-2.00%,-0.020251573722509245
2011-05-05,1644.92,"1,657.55","1,673.60","1,627.45",,-0.76%,-0.007642824700800314
2011-05-06,1681.01,"1,644.92","1,681.57","1,621.90",,2.19%,0.021703052432854936
2011-05-10,1678.13,"1,680.91","1,687.72","1,667.08",,-0.17%,-0.0017147250222780803
2011-05-11,1654.78,"1,678.27","1,693.83","1,652.30",,-1.39%,-0.014012008747095215
2011-05-12,1630.78,"1,654.77","1,654.77","1,616.52",,-1.45%,-0.014609641511177154
2011-05-13,1632.23,"1,630.79","1,646.44","1,626.38",,0.09%,0.0008887500163612086
2011-05-16,1622.98,"1,632.12","1,632.12","1,604.91",,-0.57%,-0.005683212386947506
2011-05-17,1608.66,"1,623.05","1,631.50","1,603.08",,-0.88%,-0.00886243129029559
2011-05-18,1627.03,"1,608.67","1,633.80","1,608.36",,1.14%,0.011354732604078007
2011-05-19,1630.72,"1,627.03","1,647.05","1,616.81",,0.23%,0.0022653681700910647
2011-05-20,1603.97,"1,630.74","1,641.58","1,600.87",,-1.64%,-0.01653982905397768
2011-05-23,1573.14,"1,603.97","1,603.97","1,569.54",,-1.92%,-0.01940818400462994
2011-05-24,1598.82,"1,573.39","1,603.30","1,573.39",,1.63%,0.01619223513593635
2011-05-25,1614.86,"1,598.81","1,615.25","1,578.02",,1.00%,0.00998240845173027
2011-05-26,1606.21,"1,614.86","1,625.35","1,598.23",,-0.54%,-0.005370898982976984
2011-05-27,1638.06,"1,606.27","1,641.27","1,606.27",,1.98%,0.01963524816906473
2011-05-30,1644.99,"1,638.06","1,647.59","1,636.00",,0.42%,0.004221690374857925
2011-05-31,1666.3,"1,644.99","1,675.72","1,644.99",,1.30%,0.012871294390938412
2011-06-01,1650.68,"1,666.84","1,672.84","1,647.14",,-0.94%,-0.009418275336452075
2011-06-02,1658.39,"1,650.59","1,658.39","1,627.13",,0.47%,0.0046599279869187615
2011-06-03,1633.02,"1,658.36","1,669.04","1,624.87",,-1.53%,-0.015416190902150146
2011-06-06,1633.49,"1,633.02","1,640.28","1,611.90",,0.03%,0.0002877689051883464
2011-06-07,1662.71,"1,633.49","1,662.73","1,628.82",,1.79%,0.01772997114423264
2011-06-08,1664.83,"1,662.62","1,670.18","1,640.70",,0.13%,0.001274214757352228
2011-06-09,1692.34,"1,664.82","1,696.58","1,659.55",,1.65%,0.016389170506110332
2011-06-10,1683.96,"1,692.28","1,699.02","1,678.72",,-0.50%,-0.004964024054733231
2011-06-14,1681.66,"1,683.96","1,696.53","1,676.24",,-0.14%,-0.0013667617604128906
2011-06-15,1678.82,"1,681.66","1,704.60","1,675.60",,-0.17%,-0.0016902351307741272
2011-06-16,1671.1,"1,678.82","1,678.82","1,652.72",,-0.46%,-0.004609073450520776
2011-06-17,1645.82,"1,671.10","1,671.10","1,638.37",,-1.51%,-0.01524335196670756
2011-06-20,1626.14,"1,645.82","1,645.82","1,623.20",,-1.20%,-0.012029631980331194
2011-06-21,1635.38,"1,626.18","1,642.05","1,626.18",,0.57%,0.005666084966804635
2011-06-22,1640.13,"1,635.40","1,643.77","1,620.32",,0.29%,0.0029003137402592656
2011-06-23,1607.91,"1,639.94","1,639.94","1,601.12",,-1.96%,-0.019840307946091297
2011-06-24,1633.99,"1,607.97","1,642.62","1,607.97",,1.62%,0.016089677426910188
2011-06-27,1626.95,"1,633.97","1,634.64","1,616.81",,-0.43%,-0.004317780110860814
2011-06-28,1651.5,"1,626.95","1,651.84","1,626.95",,1.51%,0.01497686949152434
2011-06-29,1660.0,"1,651.51","1,666.60","1,651.51",,0.51%,0.005133636519744463
2011-06-30,1666.59,"1,659.98","1,668.04","1,653.79",,0.40%,0.003962020339506344
2011-07-01,1698.1,"1,666.53","1,702.19","1,656.21",,1.89%,0.01873035626216007
2011-07-04,1706.12,"1,698.10","1,708.39","1,695.73",,0.47%,0.00471180760218212
2011-07-05,1709.99,"1,706.14","1,717.79","1,697.54",,0.23%,0.0022657359719522757
2011-07-06,1705.41,"1,710.01","1,716.86","1,699.96",,-0.27%,-0.00268197150864731
2011-07-07,1740.53,"1,705.43","1,741.59","1,705.43",,2.06%,0.02038411351151988
2011-07-08,1724.57,"1,740.47","1,748.32","1,717.76",,-0.92%,-0.009211920500388406
2011-07-11,1701.48,"1,724.57","1,725.08","1,699.02",,-1.34%,-0.013479283491407045
2011-07-12,1705.92,"1,701.44","1,706.44","1,684.09",,0.26%,0.002606094096929329
2011-07-13,1714.19,"1,705.92","1,714.52","1,691.06",,0.48%,0.004836111188355912
2011-07-14,1715.49,"1,714.19","1,723.67","1,698.30",,0.08%,0.0007580882544487811
2011-07-15,1714.6,"1,715.49","1,719.90","1,697.65",,-0.05%,-0.0005189368325453971
2011-07-18,1687.63,"1,714.60","1,719.86","1,686.12",,-1.57%,-0.015854639428133643
2011-07-19,1700.13,"1,687.71","1,702.46","1,687.71",,0.74%,0.007379540892294579
2011-07-20,1701.37,"1,700.19","1,716.62","1,700.19",,0.07%,0.000729090139602585
2011-07-21,1729.0,"1,701.48","1,729.00","1,685.22",,1.62%,0.016109397834871527
2011-07-22,1728.84,"1,729.01","1,735.51","1,720.92",,-0.01%,-9.254332190859253e-05
2011-07-26,1722.11,"1,726.93","1,733.67","1,715.14",,-0.39%,-0.003900380203675012
2011-07-27,1706.28,"1,722.12","1,728.44","1,705.10",,-0.92%,-0.00923472096142345
2011-07-28,1720.38,"1,706.27","1,720.82","1,701.25",,0.83%,0.008229634442283702
2011-07-29,1705.18,"1,720.37","1,720.37","1,690.94",,-0.88%,-0.008874519645757785
2011-08-01,1725.1,"1,705.22","1,741.71","1,705.22",,1.17%,0.011614342806889328
2011-08-02,1713.25,"1,725.11","1,725.11","1,705.74",,-0.69%,-0.006892868333765393
2011-08-03,1655.36,"1,712.91","1,712.91","1,650.77",,-3.38%,-0.03437364365078288
2011-08-04,1620.68,"1,655.36","1,670.44","1,619.50",,-2.10%,-0.021172693573982687
2011-08-05,1587.0,"1,620.51","1,620.51","1,553.63",,-2.08%,-0.021000372714758433
2011-08-08,1499.79,"1,586.95","1,586.95","1,495.05",,-5.50%,-0.0565203432370224
2011-08-09,1497.81,"1,499.14","1,515.97","1,387.05",,-0.13%,-0.0013210570376011315
2011-08-10,1431.41,"1,497.86","1,530.93","1,423.30",,-4.43%,-0.045344068804302896
2011-08-11,1438.91,"1,431.43","1,477.13","1,355.38",,0.52%,0.005225910051023735
2011-08-12,1470.56,"1,438.93","1,488.15","1,423.90",,2.20%,0.021757398111292965
2011-08-15,1510.69,"1,470.67","1,510.83","1,470.67",,2.73%,0.026923219470033358
2011-08-16,1481.18,"1,510.66","1,510.66","1,457.43",,-1.95%,-0.01972743269702287
2011-08-17,1509.19,"1,481.19","1,515.76","1,464.88",,1.89%,0.018734015658359297
2011-08-18,1452.83,"1,509.02","1,509.02","1,429.82",,-3.73%,-0.038059704627608326
2011-08-19,1438.74,"1,452.82","1,452.82","1,387.97",,-0.97%,-0.009745647879468291
2011-08-22,1443.93,"1,437.90","1,461.09","1,406.75",,0.36%,0.0036008322893642704
2011-08-23,1444.11,"1,444.00","1,469.02","1,422.40",,0.01%,0.0001246520132912555
2011-08-24,1461.62,"1,444.21","1,468.17","1,431.93",,1.21%,0.012052194767802157
2011-08-25,1442.51,"1,461.64","1,479.91","1,439.83",,-1.31%,-0.013160757837312432
2011-08-26,1458.84,"1,442.54","1,458.91","1,427.31",,1.13%,0.011256947588465046
2011-08-29,1512.36,"1,458.82","1,513.95","1,458.82",,3.67%,0.03602974528169785
2011-08-30,1514.1,"1,512.35","1,524.93","1,500.23",,0.12%,0.0011498583769257856
2011-08-31,1546.05,"1,514.11","1,554.18","1,514.11",,2.11%,0.020882088136585063
2011-09-01,1551.58,"1,546.05","1,553.81","1,518.42",,0.36%,0.0035704754117424895
2011-09-02,1515.89,"1,549.62","1,549.62","1,510.12",,-2.30%,-0.023271041359649615
2011-09-05,1492.83,"1,515.83","1,515.83","1,486.56",,-1.52%,-0.015329077848833637
2011-09-06,1499.7,"1,492.83","1,513.56","1,483.86",,0.46%,0.00459144073346385
2011-09-07,1546.52,"1,499.70","1,550.93","1,499.70",,3.12%,0.030742157381930195
2011-09-08,1556.46,"1,546.56","1,559.51","1,536.48",,0.64%,0.006406766398939059
2011-09-09,1518.22,"1,556.41","1,556.41","1,513.38",,-2.46%,-0.024875415877677293
2011-09-12,1493.19,"1,518.13","1,518.13","1,469.46",,-1.65%,-0.01662382499934292
2011-09-13,1498.16,"1,493.18","1,514.87","1,476.69",,0.33%,0.003322917460769569
2011-09-14,1504.92,"1,498.16","1,520.72","1,482.80",,0.45%,0.004502052171705807
2011-09-15,1525.28,"1,504.92","1,552.01","1,504.92",,1.35%,0.013438259121309196
2011-09-16,1511.5,"1,525.28","1,542.43","1,506.63",,-0.90%,-0.0090754645257553
2011-09-19,1493.19,"1,511.48","1,511.48","1,486.05",,-1.21%,-0.012187764228029307
2011-09-20,1519.95,"1,493.19","1,524.33","1,493.06",,1.79%,0.017762668570952832
2011-09-21,1507.25,"1,519.95","1,528.34","1,505.59",,-0.84%,-0.00839064119292128
2011-09-22,1389.43,"1,506.93","1,506.93","1,387.49",,-7.82%,-0.08139320728971537
2011-09-23,1327.19,"1,389.43","1,389.43","1,291.87",,-4.48%,-0.04582966589138387
2011-09-26,1346.86,"1,327.19","1,376.14","1,279.23",,1.48%,0.014712032150729975
2011-09-27,1380.42,"1,346.90","1,390.69","1,346.90",,2.49%,0.024611843333787003
2011-09-28,1377.87,"1,380.24","1,395.03","1,358.61",,-0.18%,-0.001848972172232406
2011-09-29,1407.71,"1,377.85","1,419.77","1,363.50",,2.17%,0.021425442094305868
2011-09-30,1366.54,"1,407.71","1,409.92","1,341.50",,-2.92%,-0.029682272792873707
2011-10-03,1344.66,"1,366.45","1,366.45","1,315.98",,-1.60%,-0.016140804826580354
2011-10-04,1267.77,"1,344.66","1,350.62","1,242.75",,-5.72%,-0.058881741443794204
2011-10-05,1265.67,"1,268.00","1,303.49","1,247.84",,-0.17%,-0.0016578253133819633
2011-10-06,1318.29,"1,266.12","1,324.43","1,266.12",,4.16%,0.040733815989963305
2011-10-07,1351.42,"1,318.31","1,361.23","1,318.31",,2.51%,0.02482044926744327
2011-10-10,1380.86,"1,351.42","1,381.76","1,336.91",,2.18%,0.021550601980007335
2011-10-11,1364.06,"1,380.84","1,384.13","1,347.12",,-1.22%,-0.012240946750043278
2011-10-12,1396.51,"1,364.06","1,398.19","1,354.93",,2.38%,0.023510720412887345
2011-10-13,1388.77,"1,396.50","1,413.55","1,381.14",,-0.55%,-0.005557803828349812
2011-10-14,1431.92,"1,388.77","1,434.00","1,386.15",,3.11%,0.030597737747960554
2011-10-17,1403.05,"1,431.92","1,448.42","1,396.50",,-2.02%,-0.020367762652053634
2011-10-18,1425.24,"1,403.05","1,426.71","1,380.84",,1.58%,0.015691782187958327
2011-10-19,1420.5,"1,425.30","1,435.39","1,403.34",,-0.33%,-0.003331298279906642
2011-10-20,1418.85,"1,420.20","1,425.74","1,390.90",,-0.12%,-0.0011622379669534502
2011-10-21,1447.01,"1,418.86","1,447.59","1,411.55",,1.98%,0.01965267413034949
2011-10-24,1482.81,"1,447.63","1,483.86","1,447.63",,2.47%,0.024439577794039873
2011-10-25,1462.17,"1,482.81","1,483.79","1,446.20",,-1.39%,-0.014017302632074154
2011-10-26,1499.79,"1,462.16","1,513.63","1,459.98",,2.57%,0.025403464669782355
2011-10-27,1525.52,"1,499.81","1,550.02","1,499.81",,1.72%,0.017010237236984662
2011-10-28,1526.57,"1,525.55","1,552.13","1,510.31",,0.07%,0.0006880531317384997
2011-10-31,1498.6,"1,526.22","1,529.73","1,491.95",,-1.83%,-0.01849204972789969
2011-11-01,1456.29,"1,498.56","1,498.56","1,440.27",,-2.82%,-0.02863923318227428
2011-11-02,1488.86,"1,456.29","1,490.49","1,455.90",,2.24%,0.022118620681532263
2011-11-03,1501.18,"1,501.18","1,501.18","1,501.18",,0.83%,0.008240739067456654
2011-11-07,1521.01,"1,501.20","1,522.17","1,486.47",,1.32%,0.013123122362714257
2011-11-08,1520.88,"1,521.01","1,535.83","1,512.24",,-0.01%,-8.54731762680202e-05
2011-11-09,1470.8,"1,520.93","1,534.63","1,462.41",,-3.29%,-0.03348264425625438
2011-11-10,1489.58,"1,470.78","1,499.65","1,442.57",,1.28%,0.012687730582349567
2011-11-11,1484.97,"1,489.59","1,498.29","1,464.45",,-0.31%,-0.0030996309969320056
2011-11-14,1484.38,"1,484.97","1,511.19","1,478.63",,-0.04%,-0.0003973933741488284
2011-11-15,1487.84,"1,484.30","1,504.85","1,454.11",,0.23%,0.0023282270915014618
2011-11-16,1483.24,"1,487.84","1,500.04","1,466.36",,-0.31%,-0.003096519565656577
2011-11-17,1475.32,"1,483.24","1,494.88","1,447.02",,-0.53%,-0.005353968767832193
2011-11-18,1460.56,"1,475.31","1,475.31","1,442.83",,-1.00%,-0.010054991591143462
2011-11-21,1390.56,"1,460.54","1,460.54","1,389.13",,-4.79%,-0.04911338011610486
2011-11-22,1401.91,"1,390.55","1,419.98","1,390.10",,0.82%,0.008129048836302881
2011-11-23,1404.26,"1,401.91","1,420.74","1,379.50",,0.17%,0.0016748811008290212
2011-11-24,1392.75,"1,404.25","1,417.68","1,391.74",,-0.82%,-0.008230263725356903
2011-11-25,1410.84,"1,392.65","1,411.53","1,363.28",,1.30%,0.012905061766725111
2011-11-28,1466.22,"1,411.03","1,469.36","1,411.03",,3.93%,0.03850238873266304
2011-11-29,1454.67,"1,466.22","1,480.67","1,448.88",,-0.79%,-0.007908589642376253
2011-11-30,1499.62,"1,454.66","1,502.79","1,447.73",,3.09%,0.03043267190472184
2011-12-01,1505.27,"1,499.62","1,522.71","1,498.27",,0.38%,0.003760541423059755
2011-12-02,1505.77,"1,505.35","1,523.80","1,495.93",,0.03%,0.0003321111673013837
2011-12-05,1517.89,"1,505.77","1,521.30","1,499.39",,0.80%,0.008016817308813717
2011-12-06,1457.9,"1,517.45","1,517.45","1,456.03",,-3.95%,-0.040324168451057324
2011-12-07,1448.39,"1,458.09","1,471.91","1,437.28",,-0.65%,-0.00654444941324273
2011-12-08,1456.36,"1,448.69","1,482.30","1,448.69",,0.55%,0.005487577244427435
2011-12-09,1396.28,"1,456.26","1,456.26","1,390.74",,-4.13%,-0.04212861466582882
2011-12-12,1349.96,"1,396.28","1,427.29","1,344.82",,-3.32%,-0.03373659491225287
2011-12-13,1378.56,"1,349.96","1,379.33","1,323.20",,2.12%,0.020964513724034975
2011-12-14,1372.42,"1,377.82","1,406.97","1,360.37",,-0.45%,-0.004463871199020929
2011-12-15,1393.61,"1,371.94","1,396.70","1,350.88",,1.54%,0.01532189784376066
2011-12-16,1383.42,"1,393.88","1,408.07","1,375.03",,-0.73%,-0.007338808536077143
2011-12-19,1382.88,"1,383.42","1,392.62","1,358.65",,-0.04%,-0.0003904131922488438
2011-12-20,1409.84,"1,382.87","1,410.22","1,367.40",,1.95%,0.019307941751785733
2011-12-21,1385.17,"1,409.84","1,420.74","1,380.97",,-1.75%,-0.017653346984753886
2011-12-22,1385.66,"1,385.17","1,393.83","1,372.25",,0.04%,0.00035368463969862106
2011-12-23,1376.11,"1,385.68","1,391.39","1,373.42",,-0.69%,-0.006915882252484803
2011-12-26,1390.08,"1,376.11","1,391.96","1,374.64",,1.02%,0.010100621266832671
2011-12-27,1386.14,"1,390.08","1,391.05","1,375.96",,-0.28%,-0.0028383936757245105
2011-12-28,1383.09,"1,386.14","1,391.65","1,379.53",,-0.22%,-0.002202779280360914
2011-12-29,1387.06,"1,383.09","1,387.17","1,360.99",,0.29%,0.0028662727418857174
2011-12-30,1402.23,"1,387.05","1,409.58","1,382.76",,1.09%,0.010877427283583454
2012-01-03,1444.76,"1,402.25","1,445.57","1,401.21",,3.03%,0.0298793912918787
2012-01-04,1447.59,"1,444.76","1,453.27","1,437.62",,0.20%,0.001956886893426876
2012-01-05,1434.91,"1,447.59","1,458.14","1,432.88",,-0.88%,-0.00879797522325058
2012-01-06,1440.6,"1,434.90","1,453.92","1,431.97",,0.40%,0.003957563998417328
2012-01-09,1448.36,"1,440.60","1,449.55","1,432.01",,0.54%,0.005372188374401047
2012-01-10,1476.88,"1,448.36","1,478.82","1,444.02",,1.97%,0.019499872632650506
2012-01-11,1465.47,"1,476.86","1,480.28","1,458.72",,-0.77%,-0.007755744349965782
2012-01-12,1464.53,"1,465.46","1,485.17","1,457.78",,-0.06%,-0.0006416382472695046
2012-01-13,1463.43,"1,464.52","1,478.12","1,458.74",,-0.08%,-0.000751376420273343
2012-01-16,1464.42,"1,463.44","1,467.41","1,445.94",,0.07%,0.0006762641786498613
2012-01-17,1486.34,"1,464.70","1,494.97","1,464.62",,1.50%,0.014857462636460534
2012-01-18,1493.7,"1,486.36","1,495.30","1,475.56",,0.50%,0.004939541056331051
2012-01-19,1503.7,"1,493.66","1,505.97","1,490.29",,0.67%,0.006672474212027743
2012-01-20,1491.15,"1,503.71","1,506.84","1,486.16",,-0.83%,-0.00838110320201051
2012-01-23,1499.27,"1,491.05","1,499.84","1,477.02",,0.54%,0.00543068863671318
2012-01-24,1488.7,"1,499.29","1,502.34","1,480.62",,-0.71%,-0.0070750670799654405
2012-01-25,1498.79,"1,488.70","1,507.31","1,488.70",,0.68%,0.006754860009992667
2012-01-26,1514.72,"1,498.80","1,519.55","1,498.80",,1.06%,0.010572487487576904
2012-01-27,1508.04,"1,514.72","1,518.40","1,503.37",,-0.44%,-0.0044198089655276395
2012-01-30,1496.3,"1,508.04","1,513.96","1,492.03",,-0.78%,-0.007815400225679867
2012-01-31,1514.03,"1,496.24","1,518.36","1,495.80",,1.18%,0.01177957567114992
2012-02-01,1539.36,"1,514.02","1,540.48","1,504.13",,1.67%,0.016591775752430853
2012-02-02,1542.39,"1,539.36","1,547.62","1,532.40",,0.20%,0.001966415819819869
2012-02-03,1564.82,"1,542.44","1,565.52","1,536.30",,1.45%,0.014437639952194024
2012-02-06,1562.87,"1,564.82","1,570.48","1,557.83",,-0.12%,-0.0012469268071064465
2012-02-07,1549.49,"1,562.87","1,571.70","1,546.34",,-0.86%,-0.00859803006562426
2012-02-08,1555.11,"1,549.47","1,571.44","1,548.86",,0.36%,0.0036204381490120906
2012-02-09,1541.64,"1,555.09","1,565.90","1,532.60",,-0.87%,-0.008699497829731005
2012-02-10,1525.17,"1,541.70","1,544.10","1,521.78",,-1.07%,-0.01074090559309235
2012-02-13,1559.21,"1,525.21","1,560.83","1,524.56",,2.23%,0.022073403479766038
2012-02-14,1562.13,"1,559.21","1,574.75","1,553.69",,0.19%,0.0018709918508173307
2012-02-15,1579.38,"1,562.13","1,582.76","1,555.93",,1.10%,0.010982090377697783
2012-02-16,1570.36,"1,579.40","1,581.77","1,554.41",,-0.57%,-0.0057274725263775405
2012-02-17,1568.54,"1,570.36","1,585.15","1,559.82",,-0.12%,-0.0011596420427261818
2012-02-20,1579.19,"1,568.54","1,585.75","1,567.29",,0.68%,0.006766806961402018
2012-02-21,1558.98,"1,579.19","1,580.40","1,555.58",,-1.28%,-0.012880296099887766
2012-02-22,1538.17,"1,558.91","1,571.23","1,536.05",,-1.33%,-0.013438363121920429
2012-02-24,1594.55,"1,538.17","1,595.58","1,534.93",,3.67%,0.03599816663368059
2012-02-27,1592.66,"1,594.50","1,607.69","1,585.44",,-0.12%,-0.001185990393814693
2012-02-28,1574.1,"1,592.67","1,604.29","1,570.24",,-1.17%,-0.011721893996287957
2012-02-29,1597.67,"1,574.10","1,599.42","1,574.10",,1.50%,0.014862637504534334
2012-03-01,1595.78,"1,597.67","1,602.72","1,577.98",,-0.12%,-0.00118367296852648
2012-03-02,1608.08,"1,595.78","1,608.75","1,587.82",,0.77%,0.007678275848357002
2012-03-05,1625.74,"1,608.08","1,629.55","1,608.08",,1.10%,0.010922175977975677
2012-03-06,1562.19,"1,625.72","1,626.02","1,561.19",,-3.91%,-0.0398744137964432
2012-03-07,1572.83,"1,562.19","1,574.84","1,551.07",,0.68%,0.006787861546779394
2012-03-12,1604.26,"1,606.37","1,619.24","1,592.53",,2.00%,0.019786046580163006
2012-03-13,1611.88,"1,604.26","1,617.53","1,602.21",,0.47%,0.004738608554693374
2012-03-14,1631.15,"1,611.88","1,634.31","1,611.46",,1.20%,0.011884087901616137
2012-03-15,1626.63,"1,631.15","1,639.63","1,618.32",,-0.28%,-0.0027748975685001867
2012-03-16,1618.99,"1,626.63","1,629.02","1,608.69",,-0.47%,-0.004707891935119853
2012-03-19,1586.41,"1,618.99","1,626.83","1,579.14",,-2.01%,-0.020328896240152584
2012-03-20,1558.65,"1,586.41","1,594.08","1,556.22",,-1.75%,-0.017653539799386955
2012-03-21,1551.78,"1,558.65","1,572.25","1,542.09",,-0.44%,-0.004417402848767197
2012-03-22,1529.51,"1,551.76","1,561.11","1,525.60",,-1.44%,-0.014455236464072013
2012-03-23,1540.97,"1,529.51","1,541.68","1,518.24",,0.75%,0.007464665598686694
2012-03-26,1565.12,"1,540.39","1,568.86","1,539.52",,1.57%,0.01555041009837944
2012-03-27,1554.28,"1,565.12","1,574.27","1,549.27",,-0.69%,-0.006950082473718479
2012-03-28,1520.37,"1,554.38","1,555.63","1,518.40",,-2.18%,-0.02205868960641764
2012-03-29,1494.86,"1,520.37","1,521.60","1,486.93",,-1.68%,-0.016921169316031433
2012-03-30,1517.34,"1,494.86","1,531.92","1,493.87",,1.50%,0.014926244846690872
2012-04-02,1521.9,"1,517.33","1,537.73","1,508.30",,0.30%,0.0030007524392384635
2012-04-03,1550.05,"1,521.90","1,556.53","1,521.74",,1.85%,0.018327634216774268
2012-04-04,1512.88,"1,550.04","1,550.04","1,506.63",,-2.40%,-0.024272069438510686
2012-04-05,1525.11,"1,512.88","1,527.18","1,495.48",,0.81%,0.008051419568709322
2012-04-06,1497.19,"1,525.10","1,529.76","1,494.64",,-1.83%,-0.01847652071414254
2012-04-09,1510.49,"1,497.19","1,511.44","1,477.46",,0.89%,0.008844083606832025
2012-04-10,1498.07,"1,510.51","1,520.12","1,497.64",,-0.82%,-0.008256488523053435
2012-04-11,1505.77,"1,498.08","1,520.37","1,485.83",,0.51%,0.005126782295656976
2012-04-12,1501.63,"1,505.77","1,512.46","1,488.80",,-0.27%,-0.002753210490894129
2012-04-13,1502.65,"1,501.63","1,516.41","1,496.89",,0.07%,0.0006790312748425602
2012-04-16,1477.71,"1,502.67","1,505.56","1,475.48",,-1.66%,-0.016736623876812528
2012-04-17,1471.61,"1,477.75","1,481.25","1,463.02",,-0.41%,-0.004136552627808213
2012-04-18,1468.55,"1,471.61","1,485.61","1,465.47",,-0.21%,-0.0020815201246496425
2012-04-19,1496.6,"1,468.55","1,503.77","1,467.21",,1.91%,0.018920349238560227
2012-04-20,1505.1,"1,496.60","1,506.82","1,485.13",,0.57%,0.005663472512058819
2012-04-23,1466.34,"1,505.10","1,505.14","1,462.75",,-2.58%,-0.026089841000203975
2012-04-24,1457.4,"1,466.27","1,472.13","1,445.80",,-0.61%,-0.00611547392193108
2012-04-25,1461.85,"1,457.42","1,470.20","1,457.14",,0.31%,0.00304873063067943
2012-04-26,1447.06,"1,461.85","1,467.17","1,440.80",,-1.01%,-0.010168844994823774
2012-04-27,1469.65,"1,447.06","1,469.87","1,439.92",,1.56%,0.015490365313477993
2012-05-02,1446.04,"1,473.50","1,489.92","1,445.69",,-1.61%,-0.016195491332116937
2012-05-03,1442.71,"1,446.04","1,456.54","1,437.19",,-0.23%,-0.002305496477714841
2012-05-04,1391.14,"1,442.73","1,442.92","1,385.75",,-3.57%,-0.03639973450027712
2012-05-07,1385.14,"1,386.41","1,393.10","1,350.14",,-0.43%,-0.004322337330022285
2012-05-08,1384.02,"1,385.14","1,399.58","1,371.20",,-0.08%,-0.000808909605130367
2012-05-10,1408.31,"1,384.02","1,418.11","1,381.66",,1.76%,0.017398095998321525
2012-05-11,1392.0,"1,408.31","1,409.22","1,373.35",,-1.16%,-0.011648842044210687
2012-05-14,1337.42,"1,385.81","1,388.30","1,333.72",,-3.92%,-0.03999917699718923
2012-05-15,1344.75,"1,337.42","1,345.28","1,311.67",,0.55%,0.005465737256176357
2012-05-16,1335.1,"1,344.76","1,345.08","1,316.40",,-0.72%,-0.0072019267573027014
2012-05-17,1287.79,"1,335.08","1,342.90","1,282.59",,-3.54%,-0.03607862450304395
2012-05-18,1271.48,"1,287.79","1,293.44","1,246.15",,-1.27%,-0.01274599460794156
2012-05-21,1298.42,"1,271.28","1,298.49","1,261.32",,2.12%,0.020966564370313096
2012-05-22,1301.09,"1,298.40","1,307.09","1,286.55",,0.21%,0.002054234020198024
2012-05-23,1256.55,"1,301.02","1,301.81","1,251.92",,-3.42%,-0.03483250440764665
2012-05-24,1284.48,"1,256.55","1,286.58","1,241.58",,2.22%,0.021984096899990403
2012-05-25,1281.6,"1,284.48","1,295.03","1,273.54",,-0.22%,-0.002244669853823973
2012-05-28,1290.72,"1,281.61","1,304.28","1,280.85",,0.71%,0.007090904874569495
2012-05-29,1327.08,"1,290.72","1,329.35","1,290.72",,2.82%,0.02778083768660456
2012-05-30,1308.3,"1,327.08","1,327.41","1,300.07",,-1.42%,-0.0142524553584385
2012-05-31,1306.42,"1,308.30","1,327.26","1,303.67",,-0.14%,-0.001438012730975221
2012-06-01,1298.08,"1,306.43","1,320.48","1,278.56",,-0.64%,-0.006404322139100359
2012-06-04,1305.86,"1,298.08","1,314.24","1,280.10",,0.60%,0.005975577893783121
2012-06-05,1297.04,"1,305.86","1,320.65","1,291.00",,-0.68%,-0.006777082298724335
2012-06-06,1313.21,"1,297.04","1,317.40","1,289.39",,1.25%,0.012389776342923214
2012-06-07,1336.33,"1,313.21","1,340.35","1,297.77",,1.76%,0.017452528998921624
2012-06-08,1332.92,"1,336.38","1,336.44","1,315.94",,-0.26%,-0.0025550262096729393
2012-06-13,1346.43,"1,338.07","1,357.53","1,333.37",,1.01%,0.010084620894307636
2012-06-14,1346.04,"1,346.43","1,348.48","1,333.58",,-0.03%,-0.0002896968231605663
2012-06-15,1375.23,"1,346.04","1,379.74","1,346.00",,2.17%,0.02145404139428944
2012-06-18,1389.0,"1,375.21","1,393.14","1,375.05",,1.00%,0.009963073914922174
2012-06-19,1389.97,"1,389.12","1,397.34","1,382.24",,0.07%,0.0006981004036702702
2012-06-20,1374.69,"1,389.97","1,392.13","1,370.94",,-1.10%,-0.011053913021493448
2012-06-21,1363.58,"1,374.69","1,382.67","1,363.14",,-0.81%,-0.008114657038123117
2012-06-22,1347.15,"1,363.58","1,363.58","1,342.23",,-1.20%,-0.012122344313328953
2012-06-25,1330.15,"1,347.16","1,349.63","1,325.74",,-1.26%,-0.012699531973788236
2012-06-26,1342.82,"1,330.15","1,349.78","1,329.65",,0.95%,0.009480162434500637
2012-06-27,1365.93,"1,342.82","1,366.25","1,341.62",,1.72%,0.01706363506239316
2012-06-28,1342.91,"1,365.93","1,379.17","1,341.01",,-1.69%,-0.016996614177915665
2012-06-29,1387.52,"1,342.91","1,390.08","1,340.66",,3.32%,0.03267907980085913
2012-07-02,1402.74,"1,387.52","1,406.21","1,383.67",,1.10%,0.010909485820516873
2012-07-03,1437.45,"1,402.74","1,440.67","1,402.74",,2.47%,0.024443243706246683
2012-07-04,1444.31,"1,437.19","1,446.39","1,426.02",,0.48%,0.004760988394570993
2012-07-05,1435.76,"1,444.30","1,458.46","1,430.47",,-0.59%,-0.005937373131430811
2012-07-06,1414.28,"1,435.75","1,440.94","1,408.41",,-1.50%,-0.015073758065855857
2012-07-09,1414.62,"1,414.29","1,423.13","1,405.72",,0.02%,0.0002403761190829759
2012-07-10,1422.58,"1,414.64","1,433.56","1,401.96",,0.56%,0.005611180660700919
2012-07-11,1405.15,"1,422.58","1,422.58","1,396.72",,-1.23%,-0.012328065799876883
2012-07-12,1394.3,"1,405.15","1,406.63","1,379.11",,-0.77%,-0.007751561434096825
2012-07-13,1416.5,"1,394.30","1,418.29","1,394.30",,1.59%,0.0157965430695959
2012-07-16,1422.03,"1,416.48","1,423.86","1,412.98",,0.39%,0.003896387916488967
2012-07-17,1430.17,"1,422.03","1,442.17","1,421.28",,0.57%,0.005707890119973729
2012-07-18,1426.29,"1,430.17","1,436.43","1,423.79",,-0.27%,-0.0027166509499604117
2012-07-19,1434.47,"1,426.29","1,444.85","1,426.29",,0.57%,0.005718775635484101
2012-07-20,1415.38,"1,434.49","1,435.62","1,413.92",,-1.33%,-0.013397396731899016
2012-07-23,1372.97,"1,415.38","1,416.40","1,367.71",,-3.00%,-0.030421769694984738
2012-07-24,1365.75,"1,372.95","1,382.93","1,359.00",,-0.53%,-0.005272548289846704
2012-07-25,1367.67,"1,365.75","1,385.21","1,353.58",,0.14%,0.0014048337363225254
2012-07-26,1384.06,"1,367.67","1,385.44","1,358.58",,1.20%,0.011912646826924554
2012-07-27,1406.3,"1,384.06","1,406.91","1,383.39",,1.61%,0.015940933037127944
2012-07-30,1428.62,"1,406.30","1,431.17","1,406.30",,1.59%,0.01574680146668053
2012-07-31,1407.02,"1,428.62","1,432.43","1,402.05",,-1.51%,-0.015234950688440116
2012-08-01,1411.85,"1,407.01","1,419.54","1,401.48",,0.34%,0.003426908461077701
2012-08-02,1397.05,"1,411.85","1,430.95","1,386.94",,-1.05%,-0.010538030518367143
2012-08-03,1421.28,"1,395.31","1,422.82","1,391.96",,1.73%,0.01719500342423793
2012-08-06,1439.06,"1,421.22","1,449.31","1,417.27",,1.25%,0.012432248618698315
2012-08-07,1450.74,"1,439.34","1,451.58","1,433.24",,0.81%,0.00808364842048536
2012-08-08,1449.49,"1,450.81","1,453.90","1,438.85",,-0.09%,-0.0008620006533278283
2012-08-09,1456.41,"1,449.49","1,462.68","1,438.94",,0.48%,0.00476273311599614
2012-08-10,1441.59,"1,456.41","1,456.69","1,430.02",,-1.02%,-0.010227832430187659
2012-08-13,1452.42,"1,441.88","1,467.19","1,441.88",,0.75%,0.00748445966352464
2012-08-14,1462.57,"1,452.42","1,464.55","1,450.26",,0.70%,0.006964031451886029
2012-08-15,1448.32,"1,462.57","1,465.04","1,433.66",,-0.97%,-0.009790898203348252
2012-08-16,1451.87,"1,448.34","1,458.59","1,442.81",,0.25%,0.0024481166909825504
2012-08-17,1444.27,"1,451.85","1,460.60","1,443.92",,-0.52%,-0.0052483771126059535
2012-08-20,1428.75,"1,444.26","1,448.34","1,421.66",,-1.07%,-0.010804067474473962
2012-08-21,1454.48,"1,428.75","1,459.44","1,419.95",,1.80%,0.017848512301996963
2012-08-22,1446.84,"1,454.48","1,454.48","1,436.56",,-0.53%,-0.005266580493797671
2012-08-23,1453.5,"1,446.81","1,470.75","1,446.27",,0.46%,0.004592573081710837
2012-08-24,1454.08,"1,453.50","1,455.95","1,439.90",,0.04%,0.00039895721369189325
2012-08-27,1448.57,"1,454.08","1,460.02","1,441.74",,-0.38%,-0.0037965353165417405
2012-08-28,1450.81,"1,448.55","1,458.06","1,443.96",,0.15%,0.0015451582377399454
2012-08-29,1437.14,"1,450.81","1,459.92","1,437.09",,-0.94%,-0.009466993608950428
2012-08-30,1429.82,"1,437.12","1,441.57","1,425.21",,-0.51%,-0.005106465319604059
2012-08-31,1422.91,"1,429.82","1,438.93","1,417.79",,-0.48%,-0.00484449177754994
2012-09-03,1439.31,"1,422.90","1,443.47","1,421.07",,1.15%,0.011459761638630613
2012-09-04,1436.52,"1,439.31","1,444.18","1,434.07",,-0.19%,-0.0019403100150680486
2012-09-05,1421.62,"1,436.46","1,437.93","1,420.32",,-1.04%,-0.01042645565476336
2012-09-06,1455.07,"1,421.62","1,456.92","1,420.73",,2.35%,0.02325694301746576
2012-09-07,1474.58,"1,455.07","1,484.68","1,454.88",,1.34%,0.013319194049454808
2012-09-10,1478.83,"1,474.58","1,479.61","1,464.90",,0.29%,0.0028780311122292446
2012-09-11,1478.05,"1,478.83","1,479.00","1,465.93",,-0.05%,-0.0005275831403996033
2012-09-12,1478.54,"1,478.05","1,483.98","1,472.91",,0.03%,0.0003314629383758978
2012-09-13,1472.6,"1,478.51","1,478.81","1,468.33",,-0.40%,-0.004025568439025268
2012-09-14,1535.38,"1,472.60","1,541.70","1,472.59",,4.26%,0.04174836145275986
2012-09-17,1530.36,"1,535.38","1,539.58","1,520.01",,-0.33%,-0.0032749055605675284
2012-09-18,1515.3,"1,530.37","1,539.39","1,513.75",,-0.98%,-0.009889562684692195
2012-09-19,1499.12,"1,515.30","1,527.86","1,489.74",,-1.07%,-0.010735169874706284
2012-09-20,1499.28,"1,499.15","1,502.49","1,480.82",,0.01%,0.00010672358601376815
2012-09-21,1496.65,"1,499.29","1,511.05","1,495.24",,-0.18%,-0.0017557157046989092
2012-09-24,1489.92,"1,496.63","1,496.63","1,480.01",,-0.45%,-0.004506849925816215
2012-09-25,1482.61,"1,489.92","1,499.26","1,480.79",,-0.49%,-0.004918379115441718
2012-09-26,1445.38,"1,482.61","1,483.35","1,442.30",,-2.51%,-0.02543178535445708
2012-09-27,1453.09,"1,445.39","1,459.55","1,438.44",,0.53%,0.0053200607111325866
2012-09-28,1458.26,"1,453.11","1,468.50","1,450.70",,0.36%,0.00355162068080763
2012-10-01,1490.21,"1,458.30","1,491.30","1,452.53",,2.19%,0.021673105460817844
2012-10-02,1485.63,"1,490.21","1,492.01","1,478.56",,-0.31%,-0.0030781249100992167
2012-10-03,1472.5,"1,485.61","1,485.61","1,469.80",,-0.88%,-0.008877288169927278
2012-10-04,1456.74,"1,472.50","1,478.52","1,451.95",,-1.07%,-0.010760574121966545
2012-10-05,1477.6,"1,456.71","1,488.57","1,454.87",,1.43%,0.014218087481254884
2012-10-08,1473.61,"1,477.60","1,477.60","1,459.92",,-0.27%,-0.002703977304950347
2012-10-09,1472.94,"1,473.61","1,480.97","1,469.72",,-0.05%,-0.00045476914462477835
2012-10-10,1460.93,"1,472.94","1,472.94","1,458.19",,-0.82%,-0.008187184221365473
2012-10-11,1463.12,"1,460.91","1,468.62","1,453.61",,0.15%,0.0014979226822306776
2012-10-12,1446.01,"1,463.15","1,463.96","1,440.65",,-1.17%,-0.011763102572200798
2012-10-15,1443.42,"1,446.01","1,456.25","1,440.53",,-0.18%,-0.0017927416090173763
2012-10-16,1456.07,"1,443.42","1,456.07","1,439.79",,0.88%,0.008725727808947856
2012-10-17,1474.3,"1,456.07","1,478.12","1,454.02",,1.25%,0.012442275331724052
2012-10-18,1475.27,"1,474.29","1,486.88","1,467.40",,0.07%,0.00065772301384158
2012-10-19,1460.06,"1,475.28","1,476.77","1,458.57",,-1.03%,-0.010363493121235618
2012-10-22,1474.92,"1,460.04","1,476.09","1,451.60",,1.02%,0.01012622026650969
2012-10-23,1455.31,"1,474.91","1,475.48","1,451.11",,-1.33%,-0.01338481468377457
2012-10-24,1451.61,"1,455.31","1,463.09","1,437.39",,-0.25%,-0.002545651065804637
2012-10-25,1446.0,"1,451.61","1,459.73","1,444.51",,-0.39%,-0.0038721615466004496
2012-10-26,1433.52,"1,446.00","1,446.22","1,424.50",,-0.86%,-0.008668165626549753
2012-10-29,1431.9,"1,433.51","1,434.69","1,422.34",,-0.11%,-0.0011307244121996215
2012-10-30,1421.75,"1,431.90","1,439.39","1,419.66",,-0.71%,-0.007113726493051543
2012-10-31,1425.7,"1,421.74","1,436.06","1,420.52",,0.28%,0.0027744139730063004
2012-11-01,1430.91,"1,425.71","1,432.39","1,407.46",,0.37%,0.0036476843369218346
2012-11-02,1440.25,"1,430.92","1,444.38","1,428.78",,0.65%,0.006506104115655258
2012-11-06,1446.46,"1,440.25","1,450.83","1,436.61",,0.43%,0.004302482465937597
2012-11-07,1423.36,"1,446.39","1,453.47","1,422.00",,-1.60%,-0.01609891833637679
2012-11-08,1407.79,"1,423.36","1,424.31","1,395.46",,-1.09%,-0.010999174874966785
2012-11-09,1401.32,"1,407.79","1,408.28","1,392.80",,-0.46%,-0.004606449331479274
2012-11-12,1407.9,"1,401.19","1,410.83","1,394.49",,0.47%,0.004684582932874363
2012-11-13,1373.83,"1,407.90","1,409.03","1,370.36",,-2.42%,-0.02449677268735673
2012-11-14,1372.19,"1,373.84","1,382.07","1,360.07",,-0.12%,-0.0011944561182989282
2012-11-15,1386.25,"1,372.19","1,387.67","1,364.36",,1.02%,0.010194256001750744
2012-11-16,1383.66,"1,386.25","1,388.90","1,375.06",,-0.19%,-0.001870097407371405
2012-11-19,1398.57,"1,383.65","1,400.76","1,383.09",,1.08%,0.010718123761056034
2012-11-20,1396.39,"1,398.57","1,402.73","1,389.47",,-0.16%,-0.0015599510848642475
2012-11-21,1405.7,"1,396.39","1,408.13","1,389.06",,0.67%,0.0066450644043230265
2012-11-22,1402.64,"1,405.70","1,411.91","1,401.57",,-0.22%,-0.0021792241758473055
2012-11-23,1413.15,"1,402.64","1,414.05","1,401.44",,0.75%,0.007465080000913508
2012-11-26,1403.94,"1,413.15","1,417.53","1,399.61",,-0.65%,-0.006538685532933045
2012-11-27,1394.87,"1,403.94","1,412.86","1,392.28",,-0.65%,-0.006481348680999752
2012-11-28,1380.94,"1,394.85","1,395.54","1,379.46",,-1.00%,-0.010036794261097427
2012-11-29,1388.31,"1,380.94","1,396.37","1,378.70",,0.53%,0.005322753381153533
2012-11-30,1405.97,"1,388.31","1,411.21","1,384.18",,1.27%,0.012640275947460505
2012-12-03,1421.97,"1,405.97","1,422.20","1,403.70",,1.14%,0.011315778077856574
2012-12-04,1411.83,"1,421.94","1,421.94","1,407.84",,-0.71%,-0.007156498889858654
2012-12-05,1435.97,"1,411.84","1,441.45","1,411.83",,1.71%,0.016953843820671104
2012-12-06,1438.54,"1,435.96","1,449.44","1,434.35",,0.18%,0.0017881313230980627
2012-12-07,1441.47,"1,438.54","1,443.97","1,427.85",,0.20%,0.002034715859227402
2012-12-10,1447.72,"1,441.47","1,455.20","1,438.51",,0.43%,0.004326478874129882
2012-12-11,1448.43,"1,447.72","1,453.18","1,441.68",,0.05%,0.0004903061058464726
2012-12-12,1466.51,"1,448.36","1,469.45","1,448.33",,1.25%,0.012405217163615014
2012-12-13,1462.87,"1,466.50","1,472.01","1,454.64",,-0.25%,-0.0024851687888945424
2012-12-14,1466.15,"1,462.87","1,471.20","1,460.51",,0.22%,0.00223965788629538
2012-12-17,1469.53,"1,466.16","1,470.27","1,458.44",,0.23%,0.0023027043094086615
2012-12-18,1481.54,"1,469.53","1,486.57","1,467.26",,0.82%,0.00813946555387388
2012-12-19,1478.83,"1,481.54","1,487.46","1,477.03",,-0.18%,-0.001830852735974419
2012-12-20,1488.22,"1,478.81","1,488.60","1,468.90",,0.63%,0.006329540351082845
2012-12-21,1477.44,"1,487.99","1,490.51","1,470.24",,-0.72%,-0.007269914608124062
2012-12-24,1471.73,"1,477.44","1,482.27","1,471.47",,-0.39%,-0.00387228076706933
2012-12-25,1473.53,"1,471.73","1,475.08","1,467.21",,0.12%,0.0012223031067570421
2012-12-26,1478.61,"1,473.53","1,479.50","1,471.17",,0.34%,0.003441574596152805
2012-12-27,1478.24,"1,478.61","1,482.35","1,475.82",,-0.03%,-0.00025026633202970903
2012-12-28,1474.72,"1,478.22","1,480.37","1,472.55",,-0.24%,-0.0023840496770808606
2013-01-08,1514.82,"1,474.73","1,517.88","1,474.73",,2.72%,0.0268284787582365
2013-01-09,1516.01,"1,514.82","1,517.20","1,510.61",,0.08%,0.0007852634830392761
2013-01-10,1507.16,"1,516.01","1,518.41","1,506.96",,-0.58%,-0.0058547982948358255
2013-01-11,1510.84,"1,507.16","1,513.04","1,503.38",,0.24%,0.0024387023352080094
2013-01-14,1528.48,"1,510.84","1,529.57","1,510.21",,1.17%,0.011607989994696137
2013-01-15,1515.25,"1,528.48","1,528.48","1,515.16",,-0.87%,-0.008693335690303828
2013-01-16,1514.86,"1,515.25","1,517.34","1,507.33",,-0.03%,-0.00025741639884601573
2013-01-17,1523.74,"1,514.86","1,524.94","1,513.62",,0.59%,0.0058448135850401916
2013-01-18,1540.55,"1,523.74","1,542.11","1,523.73",,1.10%,0.010971656486899453
2013-01-21,1537.66,"1,540.57","1,542.80","1,533.26",,-0.19%,-0.0018777151975553233
2013-01-22,1525.36,"1,537.68","1,540.03","1,517.01",,-0.80%,-0.008031332550743505
2013-01-23,1537.49,"1,525.28","1,538.13","1,523.81",,0.80%,0.007920768838291653
2013-01-24,1533.77,"1,537.44","1,537.44","1,518.82",,-0.24%,-0.002422459719578509
2013-01-25,1544.02,"1,533.77","1,544.85","1,526.02",,0.67%,0.006660647993800671
2013-01-28,1562.93,"1,544.02","1,563.93","1,543.24",,1.22%,0.012172859881279634
2013-01-29,1549.75,"1,562.93","1,566.42","1,549.18",,-0.84%,-0.008468637167953836
2013-01-30,1543.43,"1,549.75","1,559.47","1,537.08",,-0.41%,-0.004086415142146869
2013-01-31,1546.76,"1,543.43","1,547.37","1,535.52",,0.22%,0.002155208119219699
2013-02-01,1547.22,"1,546.52","1,555.83","1,543.13",,0.03%,0.0002973516334232916
2013-02-04,1535.35,"1,547.22","1,553.38","1,533.42",,-0.77%,-0.007701404132931387
2013-02-05,1540.36,"1,535.37","1,540.63","1,528.49",,0.33%,0.0032577872627788983
2013-02-06,1530.38,"1,540.39","1,553.19","1,526.93",,-0.65%,-0.006500084760551654
2013-02-07,1525.88,"1,530.38","1,533.06","1,518.86",,-0.29%,-0.002944777768837146
2013-02-08,1519.91,"1,526.12","1,527.19","1,510.83",,-0.39%,-0.003920170231989767
2013-02-11,1515.89,"1,519.93","1,527.03","1,515.39",,-0.26%,-0.002648397357989669
2013-02-12,1512.03,"1,515.87","1,518.75","1,507.54",,-0.25%,-0.0025496063905200224
2013-02-13,1537.93,"1,512.03","1,541.00","1,512.03",,1.71%,0.016984237563231114
2013-02-14,1519.22,"1,537.93","1,550.03","1,514.14",,-1.22%,-0.012240311140703336
2013-02-15,1508.17,"1,519.22","1,520.14","1,500.79",,-0.73%,-0.007300049925404945
2013-02-18,1510.35,"1,508.19","1,511.72","1,498.30",,0.14%,0.0014444167201264778
2013-02-19,1522.69,"1,510.33","1,523.35","1,509.54",,0.82%,0.008137095513586417
2013-02-20,1511.4,"1,522.69","1,526.34","1,511.08",,-0.74%,-0.007442133956700529
2013-02-21,1493.71,"1,511.40","1,512.27","1,486.49",,-1.17%,-0.011773415508020092
2013-02-22,1496.61,"1,493.71","1,501.69","1,491.83",,0.19%,0.0019395923574427984
2013-02-25,1503.66,"1,496.61","1,506.47","1,493.35",,0.47%,0.0046995856876763395
2013-02-26,1484.67,"1,503.75","1,504.98","1,482.01",,-1.26%,-0.01270961080415754
2013-02-27,1487.17,"1,484.67","1,491.64","1,481.11",,0.17%,0.001682459748656047
2013-02-28,1486.04,"1,487.17","1,496.61","1,483.24",,-0.08%,-0.0007601212523892052
2013-03-01,1473.54,"1,486.06","1,487.46","1,466.84",,-0.84%,-0.008447194756107277
2013-03-04,1464.45,"1,473.54","1,477.27","1,461.45",,-0.62%,-0.006187923719930522
2013-03-05,1484.22,"1,463.98","1,486.19","1,462.49",,1.35%,0.01340963637832659
2013-03-06,1491.49,"1,485.04","1,498.07","1,485.04",,0.49%,0.004886238554471642
2013-03-07,1491.35,"1,491.99","1,498.29","1,489.02",,-0.01%,-9.387027135412252e-05
2013-03-11,1504.05,"1,491.14","1,516.49","1,491.14",,0.85%,0.00847971963680979
2013-03-12,1501.76,"1,503.98","1,506.42","1,494.92",,-0.15%,-0.0015237160319911717
2013-03-13,1496.37,"1,501.41","1,510.67","1,493.55",,-0.36%,-0.0035955784485051253
2013-03-14,1498.97,"1,495.73","1,504.74","1,490.35",,0.17%,0.0017360304025523508
2013-03-15,1495.11,"1,498.83","1,515.16","1,493.61",,-0.26%,-0.002578422846767542
2013-03-18,1462.82,"1,495.71","1,497.90","1,449.22",,-2.16%,-0.021833703122494337
2013-03-19,1449.2,"1,461.88","1,469.78","1,448.55",,-0.93%,-0.009354399569915899
2013-03-20,1459.03,"1,448.84","1,460.66","1,442.68",,0.68%,0.006760151319254685
2013-03-21,1459.22,"1,458.24","1,466.95","1,457.93",,0.01%,0.00013021502631265237
2013-03-22,1441.36,"1,459.17","1,460.39","1,440.27",,-1.22%,-0.012314934059044857
2013-03-25,1428.46,"1,441.26","1,458.58","1,425.78",,-0.89%,-0.008990171428733356
2013-03-26,1417.0,"1,427.99","1,432.41","1,412.41",,-0.80%,-0.008054980188030868
2013-03-27,1425.0,"1,416.78","1,426.68","1,407.22",,0.56%,0.005629853012070464
2013-03-28,1434.18,"1,424.56","1,434.38","1,414.96",,0.64%,0.006421443592013045
2013-03-29,1438.57,"1,434.88","1,440.10","1,432.80",,0.31%,0.0030563073133783526
2013-04-01,1428.47,"1,438.84","1,442.70","1,427.83",,-0.70%,-0.00704562320789207
2013-04-02,1430.3,"1,428.29","1,435.12","1,424.90",,0.13%,0.0012802710606041605
2013-04-03,1427.94,"1,430.30","1,433.81","1,422.48",,-0.17%,-0.0016513662507780576
2013-04-04,1426.87,"1,427.42","1,440.62","1,416.75",,-0.07%,-0.0007496120933474102
2013-04-05,1416.69,"1,426.61","1,430.55","1,410.47",,-0.71%,-0.0071600694137793595
2013-04-08,1408.55,"1,417.28","1,430.58","1,406.67",,-0.57%,-0.005762358259044696
2013-04-09,1425.49,"1,408.81","1,427.29","1,408.81",,1.20%,0.011954807801788803
2013-04-10,1425.5,"1,425.79","1,432.55","1,419.96",,0.00%,7.0151070330002105e-06
2013-04-11,1401.73,"1,425.19","1,428.84","1,397.82",,-1.67%,-0.016815441330168317
2013-04-12,1385.84,"1,400.92","1,401.46","1,380.57",,-1.13%,-0.01140073405187291
2013-04-15,1359.69,"1,385.62","1,387.94","1,351.83",,-1.89%,-0.019049721399596608
2013-04-16,1352.37,"1,358.23","1,366.45","1,349.93",,-0.54%,-0.0053981237695574814
2013-04-17,1335.89,"1,353.41","1,358.61","1,328.84",,-1.22%,-0.012260872424020781
2013-04-18,1335.21,"1,335.91","1,350.67","1,333.73",,-0.05%,-0.0005091535432519784
2013-04-19,1338.43,"1,335.57","1,346.39","1,330.02",,0.24%,0.0024087024108174113
2013-04-22,1336.84,"1,338.67","1,354.84","1,324.58",,-0.12%,-0.0011886652092780742
2013-04-23,1339.91,"1,337.22","1,342.79","1,320.73",,0.23%,0.0022938274744403664
2013-04-24,1377.01,"1,339.51","1,378.03","1,337.53",,2.77%,0.02731203435617214
2013-04-25,1372.2,"1,377.33","1,386.31","1,368.05",,-0.35%,-0.003499190609619841
2013-04-26,1372.04,"1,372.50","1,375.73","1,358.28",,-0.01%,-0.00011660787699427698
2013-04-29,1362.57,"1,373.57","1,380.10","1,360.54",,-0.69%,-0.006926061015317177
2013-04-30,1385.88,"1,363.38","1,389.76","1,360.58",,1.71%,0.01696269455051739
2013-05-02,1376.56,"1,385.88","1,386.69","1,369.52",,-0.67%,-0.00674768347009431
2013-05-03,1408.03,"1,377.45","1,408.05","1,377.14",,2.29%,0.022603930864280294
2013-05-06,1413.43,"1,408.03","1,417.99","1,406.20",,0.38%,0.0038278101362110815
2013-05-07,1430.18,"1,413.02","1,431.06","1,407.95",,1.19%,0.011780936012950443
2013-05-08,1432.94,"1,430.12","1,436.07","1,421.41",,0.19%,0.00192796729087381
2013-05-10,1426.25,"1,431.31","1,446.34","1,421.53",,-0.47%,-0.004679655572932412
2013-05-13,1416.5,"1,426.25","1,427.03","1,409.34",,-0.68%,-0.006859581905714129
2013-05-14,1405.76,"1,414.79","1,421.14","1,398.65",,-0.76%,-0.007610958483156463
2013-05-15,1391.98,"1,405.65","1,409.65","1,384.97",,-0.98%,-0.009850887812359727
2013-05-16,1373.65,"1,392.54","1,395.17","1,373.10",,-1.32%,-0.013255763355385013
2013-05-17,1401.79,"1,373.53","1,405.32","1,372.57",,2.05%,0.020278560735847724
2013-05-20,1406.86,"1,401.43","1,413.42","1,399.68",,0.36%,0.0036102793206080983
2013-05-21,1422.99,"1,406.94","1,425.79","1,399.41",,1.15%,0.011400020982147404
2013-05-22,1448.42,"1,423.11","1,453.69","1,422.40",,1.79%,0.017713015478116302
2013-05-23,1396.91,"1,448.56","1,449.62","1,393.12",,-3.56%,-0.03621065271993858
2013-05-24,1380.88,"1,397.75","1,404.88","1,376.22",,-1.15%,-0.011541677338016943
2013-05-27,1378.29,"1,380.92","1,389.96","1,373.20",,-0.19%,-0.001877376718878535
2013-05-28,1397.72,"1,378.25","1,404.42","1,378.07",,1.41%,0.013998737251223331
2013-05-29,1361.43,"1,397.54","1,397.54","1,360.89",,-2.60%,-0.02630671970045127
2013-05-30,1361.26,"1,361.16","1,373.37","1,355.40",,-0.01%,-0.00012487650097582002
2013-05-31,1350.17,"1,362.00","1,372.24","1,340.39",,-0.81%,-0.008180230978954263
2013-06-03,1337.4,"1,350.17","1,353.47","1,324.54",,-0.95%,-0.009503079810519005
2013-06-04,1341.62,"1,337.52","1,358.05","1,337.44",,0.32%,0.003150408351051036
2013-06-05,1326.78,"1,341.33","1,343.45","1,321.06",,-1.11%,-0.011122884873567208
2013-06-06,1316.92,"1,326.73","1,328.84","1,314.38",,-0.74%,-0.007459277314493305
2013-06-07,1343.9,"1,316.32","1,347.81","1,315.42",,2.05%,0.02028015777014966
2013-06-10,1335.25,"1,343.90","1,357.18","1,328.38",,-0.64%,-0.0064572943331389085
2013-06-11,1301.31,"1,335.25","1,340.78","1,298.25",,-2.54%,-0.025747090843625448
2013-06-13,1281.89,"1,302.52","1,302.94","1,271.39",,-1.49%,-0.015035898009101203
2013-06-14,1299.61,"1,282.46","1,306.61","1,279.55",,1.38%,0.013728668073472828
2013-06-17,1325.27,"1,300.02","1,328.66","1,298.56",,1.97%,0.01955199280558537
2013-06-18,1335.14,"1,325.09","1,342.28","1,319.73",,0.74%,0.0074199430036361765
2013-06-19,1323.57,"1,334.66","1,340.26","1,316.88",,-0.87%,-0.008703523917098058
2013-06-20,1297.01,"1,323.55","1,325.64","1,293.18",,-2.01%,-0.02027101594579697
2013-06-21,1298.89,"1,297.01","1,316.00","1,290.47",,0.14%,0.0014484381745694503
2013-06-24,1290.26,"1,298.41","1,304.70","1,284.90",,-0.66%,-0.006666305126758011
2013-06-25,1297.59,"1,289.76","1,309.54","1,287.93",,0.57%,0.005664949361547057
2013-06-26,1320.39,"1,297.59","1,325.79","1,297.49",,1.76%,0.01741844969146099
2013-06-27,1313.23,"1,320.39","1,325.71","1,305.03",,-0.54%,-0.005437396162397476
2013-06-28,1330.46,"1,314.68","1,330.81","1,311.08",,1.31%,0.01303499575468436
2013-07-01,1336.17,"1,330.46","1,337.04","1,319.81",,0.43%,0.004282565430491044
2013-07-02,1337.92,"1,334.44","1,339.92","1,328.85",,0.13%,0.0013088566576502977
2013-07-03,1333.35,"1,338.28","1,338.98","1,324.27",,-0.34%,-0.0034215968124066934
2013-07-04,1349.21,"1,333.40","1,349.85","1,331.64",,1.19%,0.0118246636038193
2013-07-05,1342.72,"1,348.94","1,360.80","1,340.22",,-0.48%,-0.004821828631789855
2013-07-08,1348.88,"1,343.25","1,351.71","1,338.57",,0.46%,0.0045772111419021795
2013-07-09,1345.73,"1,349.80","1,355.14","1,342.51",,-0.23%,-0.002338001740430817
2013-07-10,1333.71,"1,345.48","1,349.64","1,330.73",,-0.89%,-0.008972084190987982
2013-07-11,1368.11,"1,333.12","1,370.07","1,332.26",,2.58%,0.02546569276825538
2013-07-12,1398.22,"1,368.11","1,398.48","1,366.54",,2.20%,0.02176977377429845
2013-07-15,1403.56,"1,396.38","1,409.11","1,393.40",,0.38%,0.003811867074499501
2013-07-16,1410.1,"1,403.43","1,416.97","1,399.84",,0.47%,0.0046487576878246
2013-07-17,1431.8,"1,409.21","1,432.35","1,407.15",,1.54%,0.015271770118900293
2013-07-18,1416.63,"1,431.30","1,439.60","1,408.66",,-1.06%,-0.010651582399626736
2013-07-19,1421.67,"1,417.47","1,436.15","1,408.90",,0.36%,0.0035514253583483636
2013-07-22,1415.52,"1,421.67","1,429.36","1,408.83",,-0.43%,-0.004335282185730451
2013-07-23,1417.34,"1,415.48","1,432.30","1,415.48",,0.13%,0.0012849207164525671
2013-07-24,1407.41,"1,418.33","1,419.31","1,402.78",,-0.70%,-0.0070307396437679845
2013-07-25,1401.88,"1,408.42","1,409.56","1,396.11",,-0.39%,-0.003936942887842307
2013-07-26,1403.14,"1,401.94","1,410.44","1,400.70",,0.09%,0.000898389376721709
2013-07-29,1398.3,"1,403.31","1,410.73","1,397.93",,-0.34%,-0.003455369249834668
2013-07-30,1387.31,"1,398.24","1,409.21","1,386.21",,-0.79%,-0.0078905927398707
2013-07-31,1375.79,"1,387.31","1,392.40","1,375.38",,-0.83%,-0.00833850873976441
2013-08-01,1398.46,"1,376.31","1,400.15","1,375.93",,1.65%,0.016343519592147245
2013-08-02,1392.15,"1,398.75","1,409.61","1,383.28",,-0.45%,-0.004522316449805438
2013-08-05,1391.75,"1,391.79","1,400.24","1,388.26",,-0.03%,-0.00028736664589436935
2013-08-06,1364.65,"1,391.54","1,391.54","1,363.51",,-1.95%,-0.019663962579697453
2013-08-07,1362.91,"1,364.31","1,375.09","1,356.24",,-0.13%,-0.0012758657818973125
2013-08-08,1362.38,"1,364.40","1,370.81","1,353.71",,-0.04%,-0.00038894943780781743
2013-08-09,1382.72,"1,360.82","1,384.93","1,359.98",,1.49%,0.0148194034793538
2013-08-12,1388.36,"1,382.74","1,390.16","1,378.93",,0.41%,0.004070620687872887
2013-08-13,1407.86,"1,387.90","1,409.91","1,387.43",,1.40%,0.013947626524693522
2013-08-14,1423.87,"1,408.73","1,425.10","1,407.00",,1.14%,0.011307695713574064
2013-08-15,1391.37,"1,424.17","1,424.17","1,388.81",,-2.28%,-0.023089643430290185
2013-08-16,1380.31,"1,392.98","1,396.50","1,372.03",,-0.79%,-0.007980761634274953
2013-08-19,1382.32,"1,380.56","1,384.33","1,368.95",,0.15%,0.0014551353997224673
2013-08-20,1377.28,"1,381.98","1,383.01","1,365.22",,-0.36%,-0.0036527073516107607
2013-08-21,1376.6,"1,376.82","1,390.29","1,368.06",,-0.05%,-0.0004938486889917322
2013-08-22,1396.65,"1,375.49","1,398.47","1,368.06",,1.46%,0.014459821038384866
2013-08-23,1393.21,"1,397.54","1,401.67","1,392.59",,-0.25%,-0.002466074816206078
2013-08-26,1387.06,"1,392.42","1,403.88","1,382.60",,-0.44%,-0.004424037975235713
2013-08-27,1374.21,"1,387.21","1,387.21","1,367.56",,-0.93%,-0.009307378679567057
2013-08-28,1369.64,"1,374.27","1,375.39","1,355.70",,-0.33%,-0.003331088963160798
2013-08-29,1371.89,"1,369.64","1,380.61","1,366.79",,0.16%,0.0016414195760567388
2013-08-30,1364.65,"1,372.02","1,373.10","1,357.93",,-0.53%,-0.0052913656606158755
2013-09-02,1367.53,"1,364.75","1,373.73","1,364.27",,0.21%,0.002108207414364293
2013-09-03,1373.82,"1,366.99","1,384.18","1,366.99",,0.46%,0.004588987935376688
2013-09-04,1375.66,"1,372.98","1,376.42","1,365.21",,0.13%,0.0013384351038617222
2013-09-05,1422.4,"1,375.66","1,422.40","1,373.29",,3.40%,0.03341196982211775
2013-09-06,1423.4,"1,421.86","1,448.75","1,418.80",,0.07%,0.0007027901055306645
2013-09-09,1451.54,"1,423.40","1,455.28","1,421.45",,1.98%,0.019576685918739505
2013-09-10,1453.57,"1,451.54","1,464.20","1,446.97",,0.14%,0.0013975376701062547
2013-09-11,1454.12,"1,452.52","1,459.68","1,449.58",,0.04%,0.00037830718306248773
2013-09-12,1450.23,"1,454.21","1,461.20","1,441.58",,-0.27%,-0.0026787421117352443
2013-09-13,1440.74,"1,450.66","1,451.89","1,434.74",,-0.65%,-0.006565294062084949
2013-09-16,1470.48,"1,441.06","1,470.65","1,438.79",,2.06%,0.020432007622249827
2013-09-17,1473.03,"1,470.71","1,474.02","1,461.86",,0.17%,0.0017326257685031023
2013-09-18,1464.95,"1,472.17","1,482.59","1,462.18",,-0.55%,-0.005500391678108152
2013-09-19,1487.19,"1,464.35","1,501.32","1,463.80",,1.52%,0.015067321163538542
2013-09-20,1476.73,"1,486.49","1,488.50","1,476.07",,-0.70%,-0.007058249497575018
2013-09-23,1467.62,"1,476.69","1,478.61","1,463.61",,-0.62%,-0.006188142762127406
2013-09-24,1464.72,"1,466.41","1,472.11","1,459.21",,-0.20%,-0.0019779431753906432
2013-09-25,1479.59,"1,464.72","1,480.33","1,459.13",,1.02%,0.010100924447709323
2013-09-26,1485.14,"1,479.59","1,490.02","1,475.35",,0.38%,0.0037440215353057565
2013-09-27,1471.89,"1,483.99","1,486.59","1,468.35",,-0.89%,-0.008961754651707975
2013-09-30,1462.82,"1,472.23","1,474.57","1,453.65",,-0.62%,-0.006181209644818349
2013-10-01,1471.73,"1,462.82","1,472.98","1,460.09",,0.61%,0.00607249996071673
2013-10-02,1454.29,"1,472.45","1,474.90","1,450.52",,-1.18%,-0.01192077055188328
2013-10-03,1456.49,"1,454.53","1,466.23","1,452.25",,0.15%,0.0015116226021321911
2013-10-04,1474.21,"1,456.51","1,474.42","1,449.76",,1.22%,0.012092821470494607
2013-10-07,1480.2,"1,474.45","1,481.55","1,462.85",,0.41%,0.004054960691067554
2013-10-08,1505.14,"1,480.20","1,505.73","1,479.34",,1.68%,0.01670870334902931
2013-10-09,1501.01,"1,503.44","1,511.79","1,495.13",,-0.27%,-0.0027477022759427017
2013-10-10,1516.73,"1,499.22","1,523.22","1,499.22",,1.05%,0.010418486810340907
2013-10-11,1513.03,"1,516.80","1,524.35","1,507.06",,-0.24%,-0.002442438899031417
2013-10-14,1510.2,"1,511.81","1,511.81","1,501.48",,-0.19%,-0.001872170378436941
2013-10-15,1531.67,"1,510.20","1,532.25","1,510.01",,1.42%,0.01411655102854805
2013-10-16,1531.57,"1,530.17","1,537.08","1,522.75",,-0.01%,-6.52903461926995e-05
2013-10-17,1512.32,"1,531.57","1,536.39","1,505.89",,-1.26%,-0.012648457493192376
2013-10-18,1533.35,"1,512.32","1,537.28","1,512.32",,1.39%,0.013809988756732467
2013-10-21,1533.61,"1,535.22","1,538.75","1,526.62",,0.02%,0.00016954900006698587
2013-10-22,1528.76,"1,535.27","1,535.99","1,523.36",,-0.32%,-0.003167484043394716
2013-10-23,1507.26,"1,526.40","1,527.10","1,503.88",,-1.41%,-0.014163516324950989
2013-10-24,1502.46,"1,506.87","1,510.38","1,497.35",,-0.32%,-0.003189668188132146
2013-10-25,1504.48,"1,501.94","1,507.18","1,493.18",,0.13%,0.0013435587699567545
2013-10-28,1511.51,"1,504.70","1,520.53","1,503.45",,0.47%,0.0046618276132867
2013-10-29,1516.17,"1,511.51","1,521.12","1,506.65",,0.31%,0.003078266976523541
2013-10-30,1516.0,"1,516.30","1,527.40","1,510.71",,-0.01%,-0.000112130916260127
2013-10-31,1510.21,"1,516.00","1,516.00","1,498.39",,-0.38%,-0.0038265732153968156
2013-11-01,1515.15,"1,509.58","1,517.25","1,507.58",,0.33%,0.0032657299563827492
2013-11-05,1505.94,"1,515.15","1,521.02","1,505.22",,-0.61%,-0.006097156014573493
2013-11-06,1499.95,"1,507.07","1,510.42","1,498.11",,-0.40%,-0.0039855137273291765
2013-11-07,1509.25,"1,499.95","1,515.77","1,495.98",,0.62%,0.0061810644751353625
2013-11-08,1489.55,"1,508.61","1,508.61","1,486.51",,-1.31%,-0.013138777775087845
2013-11-11,1483.46,"1,488.89","1,496.47","1,482.82",,-0.41%,-0.0040968637966412235
2013-11-12,1500.41,"1,485.45","1,500.84","1,481.29",,1.14%,0.011361206970078492
2013-11-13,1466.82,"1,499.00","1,499.00","1,464.59",,-2.24%,-0.02264161184659179
2013-11-14,1490.89,"1,466.82","1,494.74","1,466.82",,1.64%,0.01627646482559424
2013-11-15,1493.79,"1,489.40","1,503.45","1,488.56",,0.19%,0.0019432575100805636
2013-11-18,1510.61,"1,494.53","1,511.20","1,494.53",,1.13%,0.01119702817960627
2013-11-19,1511.19,"1,510.72","1,517.64","1,505.52",,0.04%,0.0003838771640230955
2013-11-20,1508.52,"1,511.16","1,511.16","1,495.03",,-0.18%,-0.001768382192857348
2013-11-21,1494.07,"1,506.62","1,506.62","1,489.98",,-0.96%,-0.009625098036596981
2013-11-22,1504.1,"1,494.10","1,506.11","1,492.23",,0.67%,0.006690772983024597
2013-11-25,1502.41,"1,504.21","1,513.33","1,501.58",,-0.11%,-0.0011242272122808802
2013-11-26,1484.37,"1,502.89","1,503.70","1,480.39",,-1.20%,-0.012080045652606586
2013-11-27,1475.42,"1,484.60","1,489.49","1,473.23",,-0.60%,-0.006047744792028672
2013-11-28,1479.46,"1,475.16","1,487.50","1,475.16",,0.27%,0.0027344613096641113
2013-11-29,1479.35,"1,480.08","1,484.02","1,467.32",,-0.01%,-7.435421676334012e-05
2013-12-02,1473.26,"1,479.32","1,488.97","1,472.55",,-0.41%,-0.004125169687928738
2013-12-03,1448.84,"1,473.56","1,473.56","1,441.36",,-1.66%,-0.016714396165372614
2013-12-04,1439.26,"1,450.22","1,455.82","1,436.32",,-0.66%,-0.006634143648842179
2013-12-05,1429.25,"1,437.77","1,447.44","1,427.88",,-0.70%,-0.00697926145092802
2013-12-06,1448.67,"1,429.25","1,451.05","1,425.31",,1.36%,0.013496062967943217
2013-12-09,1465.7,"1,448.67","1,467.20","1,444.94",,1.18%,0.011687049921231003
2013-12-10,1464.14,"1,465.70","1,471.27","1,459.02",,-0.11%,-0.0010649046688029863
2013-12-11,1464.67,"1,464.14","1,470.00","1,451.00",,0.04%,0.0003619217400822651
2013-12-12,1449.74,"1,465.25","1,465.25","1,442.62",,-1.02%,-0.0102457311127638
2013-12-13,1452.76,"1,449.74","1,457.88","1,449.21",,0.21%,0.002080965436569553
2013-12-16,1470.22,"1,452.63","1,470.62","1,445.00",,1.20%,0.01194685401046727
2013-12-17,1479.39,"1,469.57","1,483.08","1,468.22",,0.62%,0.006217791195021151
2013-12-18,1486.91,"1,480.09","1,488.27","1,478.45",,0.51%,0.005070300448576555
2013-12-19,1497.99,"1,488.21","1,509.20","1,485.48",,0.75%,0.0074240684050549555
2013-12-20,1497.23,"1,499.17","1,502.86","1,490.98",,-0.05%,-0.0005074752547794702
2013-12-23,1507.49,"1,497.31","1,510.09","1,495.22",,0.69%,0.006829281847487618
2013-12-24,1506.41,"1,506.89","1,510.90","1,500.66",,-0.07%,-0.0007166794161894083
2013-12-25,1501.12,"1,506.41","1,510.28","1,500.49",,-0.35%,-0.003517840523885457
2013-12-26,1501.47,"1,501.10","1,506.74","1,499.17",,0.02%,0.00023313206370851437
2013-12-27,1494.83,"1,501.83","1,504.99","1,494.33",,-0.44%,-0.004432140219339147
2013-12-30,1504.08,"1,496.27","1,504.85","1,492.08",,0.62%,0.0061689276000671455
2014-01-06,1466.15,"1,504.14","1,504.33","1,464.97",,-2.52%,-0.0255414981361724
2014-01-08,1462.67,"1,465.99","1,470.25","1,460.41",,-0.24%,-0.0023763847813721966
2014-01-09,1465.14,"1,462.67","1,470.65","1,460.81",,0.17%,0.0016872683582484001
2014-01-10,1469.19,"1,465.74","1,470.73","1,454.75",,0.28%,0.002760427471849499
2014-01-13,1477.56,"1,469.19","1,482.45","1,466.51",,0.57%,0.005680850095697383
2014-01-14,1469.64,"1,477.59","1,477.59","1,453.85",,-0.54%,-0.005374605771584017
2014-01-15,1486.51,"1,469.76","1,487.83","1,469.76",,1.15%,0.011413617805899143
2014-01-16,1480.73,"1,486.37","1,492.58","1,478.45",,-0.39%,-0.003895881230154634
2014-01-17,1486.88,"1,480.63","1,495.05","1,475.23",,0.42%,0.004144755412088318
2014-01-20,1495.36,"1,485.75","1,498.37","1,483.25",,0.57%,0.00568701570303212
2014-01-21,1504.68,"1,495.92","1,507.16","1,495.92",,0.62%,0.0062132704783855915
2014-01-22,1498.73,"1,503.60","1,505.31","1,490.29",,-0.40%,-0.003962168191472295
2014-01-23,1496.9,"1,498.73","1,511.70","1,496.55",,-0.12%,-0.0012217798777844446
2014-01-24,1494.58,"1,496.90","1,497.76","1,483.66",,-0.15%,-0.001551072021291305
2014-01-27,1478.23,"1,494.18","1,495.27","1,476.06",,-1.09%,-0.010999804801730698
2014-01-28,1469.57,"1,477.91","1,486.09","1,467.97",,-0.59%,-0.005875585123633684
2014-01-29,1462.99,"1,468.35","1,494.47","1,459.87",,-0.45%,-0.004487554247764022
2014-01-30,1463.2,"1,463.05","1,473.45","1,444.39",,0.01%,0.00014353134988546044
2014-01-31,1454.45,"1,463.60","1,470.60","1,448.36",,-0.60%,-0.005997995806522698
2014-02-03,1442.84,"1,453.55","1,463.54","1,442.06",,-0.80%,-0.00801442875479644
2014-02-04,1441.16,"1,442.52","1,442.62","1,426.29",,-0.12%,-0.0011650486754696628
2014-02-05,1456.0,"1,442.02","1,460.75","1,437.54",,1.03%,0.010244604916764108
2014-02-06,1466.7,"1,456.00","1,469.18","1,454.43",,0.73%,0.007322029496078368
2014-02-07,1478.48,"1,465.18","1,480.60","1,463.96",,0.80%,0.007999553724791199
2014-02-10,1476.28,"1,478.22","1,485.32","1,475.63",,-0.15%,-0.0014891229111936937
2014-02-11,1483.57,"1,475.83","1,488.95","1,473.30",,0.49%,0.0049259352608296576
2014-02-12,1496.03,"1,484.42","1,498.62","1,484.42",,0.84%,0.00836358748215336
2014-02-13,1478.62,"1,496.07","1,498.08","1,475.41",,-1.16%,-0.011705712469099783
2014-02-14,1496.18,"1,478.77","1,497.94","1,478.77",,1.19%,0.01180597281187371
2014-02-17,1507.49,"1,494.38","1,515.30","1,494.32",,0.76%,0.007530822928104048
2014-02-18,1504.24,"1,507.81","1,518.13","1,500.39",,-0.22%,-0.002158228832948809
2014-02-19,1485.6,"1,504.02","1,507.97","1,482.02",,-1.24%,-0.012469056208723106
2014-02-20,1480.99,"1,485.48","1,485.48","1,467.52",,-0.31%,-0.0031079479879565926
2014-02-21,1487.64,"1,481.85","1,492.45","1,481.85",,0.45%,0.00448018858751648
2014-02-24,1489.01,"1,487.51","1,491.78","1,480.03",,0.09%,0.0009204979401240086
2014-02-25,1478.64,"1,489.59","1,495.13","1,472.43",,-0.70%,-0.006988723203754934
2014-02-26,1469.51,"1,478.90","1,486.11","1,465.16",,-0.62%,-0.006193734502880673
2014-02-27,1448.7,"1,469.93","1,476.26","1,431.60",,-1.42%,-0.014262409323938382
2014-02-28,1444.71,"1,448.78","1,456.45","1,429.25",,-0.28%,-0.002757993183938469
2014-03-03,1288.81,"1,438.02","1,438.02","1,261.76",,-10.79%,-0.11418929737520114
2014-03-04,1356.54,"1,288.78","1,365.23","1,288.78",,5.26%,0.05121802832781342
2014-03-05,1351.11,"1,356.27","1,364.25","1,330.61",,-0.40%,-0.004010863501100523
2014-03-06,1337.98,"1,351.50","1,370.56","1,301.96",,-0.97%,-0.00976546292183244
2014-03-07,1339.36,"1,337.50","1,359.45","1,322.08",,0.10%,0.0010308740183993328
2014-03-11,1308.7,"1,338.50","1,338.50","1,304.35",,-2.29%,-0.02315760985031121
2014-03-12,1272.43,"1,307.08","1,307.08","1,271.74",,-2.77%,-0.028105819973035677
2014-03-13,1249.68,"1,274.24","1,285.93","1,247.70",,-1.79%,-0.01804093956564598
2014-03-14,1240.69,"1,248.29","1,248.29","1,182.86",,-0.72%,-0.00721984207255733
2014-03-17,1285.85,"1,237.52","1,288.34","1,237.52",,3.64%,0.03575230179780686
2014-03-18,1335.34,"1,285.53","1,340.16","1,278.76",,3.85%,0.037765962808421545
2014-03-19,1319.72,"1,335.84","1,352.68","1,312.50",,-1.17%,-0.011766348189015416
2014-03-20,1320.31,"1,316.67","1,325.61","1,302.68",,0.04%,0.0004469646252674492
2014-03-21,1305.2,"1,320.12","1,320.12","1,270.55",,-1.14%,-0.011510271773510817
2014-03-24,1298.77,"1,307.34","1,332.95","1,297.76",,-0.49%,-0.004938623001776709
2014-03-25,1325.44,"1,297.90","1,332.86","1,288.97",,2.05%,0.020326817049775875
2014-03-26,1347.69,"1,324.51","1,359.88","1,324.51",,1.68%,0.016647535931447858
2014-03-27,1331.01,"1,347.83","1,351.71","1,321.19",,-1.24%,-0.012453963183715486
2014-03-28,1343.85,"1,333.01","1,353.88","1,330.46",,0.96%,0.009600576196799937
2014-03-31,1353.79,"1,344.15","1,358.60","1,343.27",,0.74%,0.007369437720076303
2014-04-01,1373.16,"1,369.32","1,378.55","1,359.58",,1.43%,0.014206586685850403
2014-04-02,1361.57,"1,375.97","1,379.88","1,358.46",,-0.84%,-0.008476207443709803
2014-04-03,1366.83,"1,373.57","1,382.08","1,361.53",,0.39%,0.0038557444044839515
2014-04-04,1377.84,"1,366.43","1,379.91","1,361.61",,0.81%,0.00802286544909317
2014-04-07,1340.21,"1,380.15","1,380.15","1,334.86",,-2.73%,-0.027690737443358444
2014-04-08,1349.82,"1,349.85","1,352.45","1,334.63",,0.72%,0.007144932125330217
2014-04-09,1345.08,"1,353.18","1,355.77","1,337.98",,-0.35%,-0.0035177593884584027
2014-04-10,1360.59,"1,348.77","1,364.01","1,348.21",,1.15%,0.01146493836428455
2014-04-11,1365.13,"1,367.65","1,371.12","1,346.03",,0.33%,0.003331232994150095
2014-04-14,1345.45,"1,362.04","1,362.10","1,336.98",,-1.44%,-0.01452113260968801
2014-04-15,1311.01,"1,344.18","1,347.88","1,308.86",,-2.56%,-0.025930697070077415
2014-04-16,1322.6,"1,310.98","1,326.20","1,300.75",,0.88%,0.0088016637408884
2014-04-17,1329.67,"1,322.67","1,336.24","1,310.92",,0.53%,0.005331294887551294
2014-04-18,1356.54,"1,330.57","1,362.46","1,330.57",,2.02%,0.020006549188166804
2014-04-21,1345.04,"1,348.48","1,359.21","1,342.38",,-0.85%,-0.008513587945607137
2014-04-22,1335.62,"1,345.00","1,345.19","1,327.04",,-0.70%,-0.007028148870014235
2014-04-23,1329.11,"1,335.65","1,335.65","1,324.21",,-0.49%,-0.004886058213330305
2014-04-24,1300.54,"1,329.10","1,334.32","1,289.85",,-2.15%,-0.021729982470621526
2014-04-25,1280.12,"1,300.53","1,300.53","1,277.92",,-1.57%,-0.015825739297300526
2014-04-28,1299.13,"1,278.12","1,302.13","1,260.39",,1.49%,0.014740986126120459
2014-04-29,1304.78,"1,300.83","1,318.36","1,298.66",,0.43%,0.004339634524182455
2014-04-30,1306.01,"1,304.76","1,309.53","1,296.24",,0.09%,0.0009422436051938095
2014-05-02,1304.84,"1,304.93","1,306.44","1,292.08",,-0.09%,-0.000896259898745643
2014-05-05,1298.29,"1,302.99","1,306.43","1,289.80",,-0.50%,-0.005032413919648211
2014-05-06,1318.57,"1,299.07","1,321.49","1,299.07",,1.56%,0.015499802060870104
2014-05-07,1363.48,"1,316.74","1,379.42","1,312.62",,3.41%,0.033492439027206146
2014-05-08,1371.42,"1,364.29","1,383.84","1,355.34",,0.58%,0.005806444336497829
2014-05-12,1375.31,"1,372.09","1,383.99","1,362.93",,0.28%,0.002832460853986438
2014-05-13,1385.29,"1,375.56","1,395.22","1,375.56",,0.73%,0.007230343749709899
2014-05-14,1389.11,"1,385.27","1,389.21","1,378.39",,0.28%,0.002753750298418396
2014-05-15,1381.99,"1,388.68","1,399.52","1,381.20",,-0.51%,-0.005138764871776273
2014-05-16,1392.3,"1,381.44","1,392.30","1,374.24",,0.75%,0.0074325665038182205
2014-05-19,1413.85,"1,392.51","1,418.88","1,392.42",,1.55%,0.015359423877405862
2014-05-20,1425.58,"1,413.86","1,426.10","1,406.85",,0.83%,0.008262268644793394
2014-05-21,1439.9,"1,425.57","1,441.93","1,415.28",,1.00%,0.009994918276785747
2014-05-22,1430.54,"1,440.79","1,446.72","1,420.49",,-0.65%,-0.006521671364035158
2014-05-23,1438.98,"1,430.54","1,440.80","1,422.07",,0.59%,0.005882533899939371
2014-05-26,1449.36,"1,439.15","1,456.70","1,438.31",,0.72%,0.007187550417626432
2014-05-27,1417.32,"1,449.38","1,449.57","1,410.07",,-2.21%,-0.02235431525599924
2014-05-28,1425.95,"1,417.38","1,429.84","1,408.77",,0.61%,0.006070493834155444
2014-05-29,1447.39,"1,426.69","1,449.63","1,426.69",,1.50%,0.014923676222080457
2014-05-30,1432.03,"1,447.76","1,450.76","1,432.03",,-1.06%,-0.010668916446173038
2014-06-02,1464.47,"1,432.67","1,475.11","1,432.67",,2.27%,0.022400384229051308
2014-06-03,1472.83,"1,463.62","1,472.83","1,449.78",,0.57%,0.005692317825020895
2014-06-04,1475.79,"1,472.06","1,482.68","1,466.02",,0.20%,0.0020077195395121006
2014-06-05,1470.7,"1,476.06","1,483.88","1,465.87",,-0.34%,-0.0034549617091351108
2014-06-06,1484.94,"1,470.73","1,486.59","1,457.67",,0.97%,0.009635889473862772
2014-06-09,1485.39,"1,485.27","1,497.96","1,484.27",,0.03%,0.00030299663905553547
2014-06-10,1490.81,"1,485.24","1,490.81","1,475.97",,0.36%,0.003642232371308284
2014-06-11,1501.18,"1,490.80","1,501.18","1,487.42",,0.70%,0.006931869106430547
2014-06-16,1493.93,"1,501.17","1,501.17","1,467.09",,-0.48%,-0.004841233984847821
2014-06-17,1486.38,"1,494.08","1,501.62","1,479.97",,-0.51%,-0.005066597871336786
2014-06-18,1494.28,"1,486.47","1,500.39","1,484.51",,0.53%,0.005300851823770108
2014-06-19,1495.09,"1,494.99","1,508.95","1,493.52",,0.05%,0.0005419202171850513
2014-06-20,1486.3,"1,494.87","1,496.00","1,480.97",,-0.59%,-0.005896595526846322
2014-06-23,1486.3,"1,486.33","1,498.90","1,478.63",,0.00%,0.0
2014-06-24,1518.83,"1,487.10","1,519.09","1,487.10",,2.19%,0.021650491443854978
2014-06-25,1481.95,"1,517.62","1,517.62","1,479.28",,-2.43%,-0.0245815135034505
2014-06-26,1473.18,"1,482.13","1,489.68","1,465.15",,-0.59%,-0.005935458505717341
2014-06-27,1477.32,"1,473.31","1,481.29","1,467.94",,0.28%,0.0028063058579875823
2014-06-30,1476.38,"1,477.29","1,478.43","1,460.38",,-0.06%,-0.0006364898478072789
2014-07-01,1482.92,"1,476.28","1,483.23","1,461.45",,0.44%,0.004419971376471974
2014-07-02,1514.33,"1,482.91","1,514.33","1,482.84",,2.12%,0.020959979924040497
2014-07-03,1514.47,"1,514.66","1,522.21","1,510.66",,0.01%,9.244585320896386e-05
2014-07-04,1489.53,"1,515.53","1,516.36","1,485.52",,-1.65%,-0.01660490881601976
2014-07-07,1513.72,"1,489.55","1,518.05","1,484.27",,1.62%,0.016109563401540884
2014-07-08,1516.75,"1,513.76","1,532.08","1,512.68",,0.20%,0.001999690483448056
2014-07-09,1513.38,"1,516.29","1,518.60","1,496.79",,-0.22%,-0.0022243279261684934
2014-07-10,1494.92,"1,513.37","1,521.88","1,480.26",,-1.22%,-0.012272866208939906
2014-07-11,1499.82,"1,495.01","1,502.23","1,488.84",,0.33%,0.0032724072024264248
2014-07-14,1483.41,"1,500.29","1,502.68","1,482.63",,-1.09%,-0.011001609339934609
2014-07-15,1475.77,"1,482.23","1,487.49","1,471.95",,-0.52%,-0.005163604089858147
2014-07-16,1474.72,"1,475.68","1,482.60","1,459.08",,-0.07%,-0.0007117462145785826
2014-07-17,1440.63,"1,470.83","1,470.83","1,429.08",,-2.31%,-0.02338762335052852
2014-07-18,1422.53,"1,440.54","1,440.54","1,410.48",,-1.26%,-0.012643541485791308
2014-07-21,1384.5,"1,422.53","1,424.64","1,384.50",,-2.67%,-0.02709791279801776
2014-07-22,1405.97,"1,386.14","1,414.21","1,386.14",,1.55%,0.015388392405353665
2014-07-23,1406.58,"1,406.50","1,421.56","1,395.74",,0.04%,0.0004337700731113099
2014-07-24,1408.8,"1,405.58","1,410.75","1,394.04",,0.16%,0.0015770520925148647
2014-07-25,1388.41,"1,408.19","1,408.19","1,386.14",,-1.45%,-0.01457907068501079
2014-07-28,1361.94,"1,387.12","1,387.14","1,357.03",,-1.91%,-0.019249053621319817
2014-07-29,1369.83,"1,361.22","1,380.29","1,356.62",,0.58%,0.005776490655761883
2014-07-30,1382.14,"1,368.72","1,403.60","1,359.65",,0.90%,0.00894637812564257
2014-07-31,1379.61,"1,383.04","1,399.12","1,376.48",,-0.18%,-0.0018321721428348075
2014-08-01,1374.83,"1,378.03","1,378.10","1,358.11",,-0.35%,-0.0034707634208053593
2014-08-04,1378.98,"1,375.73","1,386.43","1,365.01",,0.30%,0.0030140083314642574
2014-08-05,1357.89,"1,379.50","1,383.36","1,356.20",,-1.53%,-0.015412071059803314
2014-08-06,1334.66,"1,357.33","1,362.22","1,333.37",,-1.71%,-0.017255446615559496
2014-08-07,1333.53,"1,333.39","1,340.84","1,306.80",,-0.08%,-0.0008470161926689474
2014-08-08,1348.21,"1,332.26","1,360.49","1,329.10",,1.10%,0.010948225132104887
2014-08-11,1372.45,"1,350.42","1,379.22","1,350.42",,1.80%,0.017819677158638945
2014-08-12,1374.19,"1,372.94","1,386.20","1,368.10",,0.13%,0.001267002761751044
2014-08-13,1398.85,"1,373.64","1,402.38","1,373.27",,1.79%,0.017786003865249568
2014-08-14,1407.53,"1,399.07","1,412.88","1,391.65",,0.62%,0.006185924699301512
2014-08-15,1417.82,"1,407.57","1,425.76","1,400.70",,0.73%,0.007284085509484156
2014-08-18,1425.18,"1,418.05","1,427.95","1,415.35",,0.52%,0.0051776408316644715
2014-08-19,1437.6,"1,425.18","1,441.42","1,425.18",,0.87%,0.00867693495429219
2014-08-20,1447.5,"1,437.58","1,447.50","1,432.63",,0.69%,0.006862873977801162
2014-08-21,1461.75,"1,447.12","1,469.44","1,445.48",,0.98%,0.009796417608629478
2014-08-22,1446.6,"1,461.79","1,463.71","1,434.09",,-1.04%,-0.010418372640599603
2014-08-25,1454.67,"1,446.86","1,456.72","1,446.09",,0.56%,0.005563095342756502
2014-08-26,1443.32,"1,454.47","1,460.00","1,441.42",,-0.78%,-0.007833055347469045
2014-08-27,1447.91,"1,444.28","1,454.96","1,444.28",,0.32%,0.003175121907378275
2014-08-28,1423.78,"1,447.54","1,447.76","1,414.18",,-1.67%,-0.01680583066343371
2014-08-29,1400.71,"1,423.56","1,428.72","1,400.44",,-1.62%,-0.016336055747396598
2014-09-01,1392.4,"1,401.34","1,419.90","1,389.77",,-0.59%,-0.005950373969731662
2014-09-02,1400.35,"1,392.27","1,401.68","1,386.31",,0.57%,0.005693328421273314
2014-09-03,1449.29,"1,400.44","1,452.92","1,400.44",,3.49%,0.034351575963407016
2014-09-04,1457.34,"1,449.51","1,462.03","1,439.38",,0.56%,0.0055390748613079925
2014-09-05,1474.71,"1,456.00","1,481.15","1,446.95",,1.19%,0.01184850409084327
2014-09-08,1464.76,"1,474.38","1,478.26","1,460.85",,-0.67%,-0.00676995376892088
2014-09-09,1468.17,"1,465.13","1,479.64","1,465.13",,0.23%,0.002325320779236047
2014-09-10,1468.55,"1,466.99","1,472.23","1,456.21",,0.03%,0.0002587921232673271
2014-09-11,1449.63,"1,469.40","1,479.05","1,449.10",,-1.29%,-0.012967167968890685
2014-09-12,1458.52,"1,449.40","1,470.49","1,440.23",,0.61%,0.006113871493496757
2014-09-15,1454.19,"1,457.87","1,466.43","1,441.26",,-0.30%,-0.00297317837319212
2014-09-16,1477.31,"1,454.13","1,483.66","1,451.21",,1.59%,0.015773821851341335
2014-09-17,1449.37,"1,477.09","1,477.09","1,437.73",,-1.89%,-0.019093887169436496
2014-09-18,1448.63,"1,449.37","1,460.13","1,443.75",,-0.05%,-0.0005106970435356336
2014-09-19,1431.58,"1,448.19","1,454.16","1,423.44",,-1.18%,-0.011839552785985677
2014-09-22,1412.83,"1,431.12","1,436.21","1,412.83",,-1.31%,-0.013183944359161164
2014-09-23,1429.45,"1,413.57","1,432.37","1,413.49",,1.18%,0.011694969833535612
2014-09-24,1441.83,"1,429.97","1,447.44","1,429.97",,0.87%,0.00862338519231699
2014-09-25,1436.05,"1,443.03","1,454.26","1,435.31",,-0.40%,-0.00401685113467854
2014-09-26,1434.2,"1,435.09","1,440.87","1,424.43",,-0.13%,-0.001289086495033886
2014-09-29,1408.28,"1,434.99","1,444.93","1,405.94",,-1.81%,-0.018238100864875043
2014-09-30,1411.07,"1,409.07","1,428.09","1,402.30",,0.20%,0.0019791802441969427
2014-10-01,1399.99,"1,410.33","1,421.66","1,399.61",,-0.79%,-0.00788318810709964
2014-10-02,1376.35,"1,399.21","1,400.79","1,372.43",,-1.69%,-0.01703002610643014
2014-10-03,1384.66,"1,377.65","1,397.20","1,375.66",,0.60%,0.006019554505596056
2014-10-06,1418.15,"1,385.97","1,424.35","1,385.95",,2.42%,0.02389858317027096
2014-10-07,1403.48,"1,418.15","1,421.85","1,399.51",,-1.03%,-0.010398338678792822
2014-10-08,1379.76,"1,403.56","1,403.56","1,379.76",,-1.69%,-0.017045295628195466
2014-10-09,1384.33,"1,379.89","1,405.38","1,379.89",,0.33%,0.003306697078694436
2014-10-10,1364.24,"1,382.17","1,382.17","1,359.40",,-1.45%,-0.014618771057180822
2014-10-13,1383.93,"1,364.11","1,393.63","1,358.01",,1.44%,0.014329780859162075
2014-10-14,1394.16,"1,383.69","1,408.56","1,383.63",,0.74%,0.007364805488565855
2014-10-15,1377.09,"1,393.66","1,394.83","1,374.51",,-1.22%,-0.012319506282445426
2014-10-16,1360.33,"1,377.43","1,393.40","1,354.60",,-1.22%,-0.012245259715056491
2014-10-17,1384.72,"1,362.06","1,391.07","1,362.06",,1.79%,0.017770635763258536
2014-10-20,1376.36,"1,385.26","1,395.92","1,369.98",,-0.60%,-0.006055619936490361
2014-10-21,1383.35,"1,375.82","1,389.82","1,361.53",,0.51%,0.005065760495173394
2014-10-22,1374.19,"1,384.16","1,392.42","1,371.38",,-0.66%,-0.0066436270674689905
2014-10-23,1372.92,"1,373.43","1,377.96","1,355.24",,-0.09%,-0.000924608108504563
2014-10-24,1380.39,"1,372.40","1,381.83","1,363.55",,0.54%,0.005426209419734446
2014-10-27,1394.27,"1,381.95","1,404.07","1,381.95",,1.01%,0.010004912875921661
2014-10-28,1415.51,"1,394.75","1,422.75","1,394.24",,1.52%,0.015118909371960181
2014-10-29,1439.58,"1,415.53","1,441.98","1,411.00",,1.70%,0.016861514191915734
2014-10-30,1452.89,"1,438.80","1,456.88","1,428.36",,0.92%,0.009203271907070088
2014-10-31,1488.47,"1,453.89","1,488.47","1,453.89",,2.45%,0.024194070467300103
2014-11-03,1491.19,"1,488.15","1,495.86","1,477.06",,0.18%,0.001825712165502832
2014-11-05,1495.26,"1,490.66","1,496.19","1,471.25",,0.27%,0.0027256458468871048
2014-11-06,1497.46,"1,495.47","1,521.14","1,490.66",,0.15%,0.0014702347004005934
2014-11-07,1497.11,"1,496.51","1,526.08","1,486.37",,-0.02%,-0.000233756433540564
2014-11-10,1515.36,"1,498.62","1,518.73","1,498.59",,1.22%,0.012116451463786251
2014-11-11,1514.78,"1,515.08","1,531.92","1,511.53",,-0.04%,-0.00038282060042326826
2014-11-12,1513.83,"1,514.85","1,524.72","1,507.45",,-0.06%,-0.000627350521300226
2014-11-13,1492.27,"1,514.19","1,522.87","1,492.27",,-1.42%,-0.014344412817125528
2014-11-14,1500.76,"1,491.75","1,507.93","1,481.97",,0.57%,0.0056731959058097005
2014-11-17,1507.1,"1,500.69","1,512.61","1,494.81",,0.42%,0.004215627980878758
2014-11-18,1519.61,"1,506.78","1,524.80","1,495.09",,0.83%,0.00826644854531335
2014-11-19,1517.97,"1,519.69","1,524.10","1,513.68",,-0.11%,-0.0010798070565061276
2014-11-20,1530.4,"1,518.10","1,535.97","1,517.28",,0.82%,0.008155223211605334
2014-11-21,1538.93,"1,530.46","1,541.52","1,515.01",,0.56%,0.0055582305978320555
2014-11-24,1529.54,"1,539.95","1,541.75","1,521.83",,-0.61%,-0.006120333137518463
2014-11-25,1529.57,"1,529.62","1,537.65","1,516.18",,0.00%,1.9613547731865092e-05
2014-11-26,1537.43,"1,528.83","1,537.43","1,522.50",,0.51%,0.005125541054848073
2014-11-27,1531.69,"1,537.00","1,548.17","1,528.06",,-0.37%,-0.0037404902333489382
2014-11-28,1533.68,"1,531.34","1,540.07","1,518.45",,0.13%,0.0012983752562060473
2014-12-01,1578.38,"1,532.89","1,598.19","1,525.35",,2.91%,0.028728928357032512
2014-12-02,1583.12,"1,578.40","1,596.96","1,555.89",,0.30%,0.0029985788718216487
2014-12-03,1606.84,"1,583.62","1,608.92","1,578.93",,1.50%,0.014871933934274889
2014-12-04,1582.08,"1,606.75","1,623.02","1,577.70",,-1.54%,-0.015529080425761274
2014-12-05,1529.2,"1,581.89","1,586.60","1,528.65",,-3.34%,-0.0339957141269041
2014-12-08,1481.27,"1,529.73","1,551.66","1,476.02",,-3.13%,-0.03184489492026443
2014-12-09,1475.22,"1,481.49","1,490.27","1,459.77",,-0.41%,-0.004092696707834659
2014-12-10,1486.85,"1,475.93","1,514.63","1,475.93",,0.79%,0.007852656934404524
2014-12-11,1455.04,"1,486.89","1,494.07","1,442.79",,-2.14%,-0.021626396491917475
2014-12-12,1459.68,"1,453.80","1,488.40","1,413.04",,0.32%,0.0031838419605184722
2014-12-15,1424.99,"1,459.25","1,483.38","1,402.83",,-2.38%,-0.024052437462896085
2014-12-16,1444.32,"1,424.72","1,484.06","1,309.60",,1.36%,0.013473826415576519
2014-12-17,1413.79,"1,445.53","1,476.19","1,389.63",,-2.11%,-0.02136458097423439
2014-12-18,1477.27,"1,417.41","1,506.13","1,417.41",,4.49%,0.043921748228352354
2014-12-19,1449.13,"1,477.36","1,488.34","1,417.68",,-1.90%,-0.019232413461374904
2014-12-22,1437.08,"1,452.95","1,466.34","1,421.39",,-0.83%,-0.008350099275239163
2014-12-23,1398.2,"1,437.08","1,446.31","1,391.38",,-2.71%,-0.027427581989463795
2014-12-24,1401.5,"1,398.20","1,411.56","1,383.61",,0.24%,0.002357396526958171
2014-12-25,1408.54,"1,401.47","1,410.06","1,383.91",,0.50%,0.005010615314374914
2014-12-26,1417.8,"1,409.02","1,432.41","1,409.02",,0.66%,0.006552667501699265
2014-12-29,1432.94,"1,417.53","1,489.75","1,409.10",,1.07%,0.01062190332830083
2014-12-30,1396.61,"1,429.68","1,430.01","1,378.54",,-2.54%,-0.025680406116604982
2015-01-05,1435.66,"1,394.66","1,438.91","1,390.53",,2.80%,0.02757680213917015
2015-01-06,1480.73,"1,435.39","1,481.35","1,430.47",,3.14%,0.030910535625157696
2015-01-08,1547.39,"1,482.12","1,564.87","1,481.93",,4.50%,0.044034431244384255
2015-01-09,1515.37,"1,547.61","1,557.96","1,496.17",,-2.07%,-0.020910007093342987
2015-01-12,1513.22,"1,515.23","1,534.74","1,503.49",,-0.14%,-0.0014198028529257272
2015-01-13,1533.09,"1,513.21","1,543.59","1,499.57",,1.31%,0.013045475868358934
2015-01-14,1554.46,"1,531.65","1,560.01","1,524.69",,1.39%,0.013842911857783873
2015-01-15,1563.21,"1,556.96","1,586.22","1,555.36",,0.56%,0.005613180980941601
2015-01-16,1591.43,"1,563.21","1,594.06","1,551.01",,1.81%,0.017891583689486467
2015-01-19,1576.4,"1,590.54","1,627.53","1,572.94",,-0.94%,-0.009489216770778389
2015-01-20,1570.97,"1,576.47","1,594.91","1,561.80",,-0.34%,-0.003450503364683488
2015-01-21,1618.17,"1,570.59","1,619.32","1,570.59",,3.00%,0.0296026181281845
2015-01-22,1666.56,"1,618.68","1,676.38","1,618.52",,2.99%,0.02946574061569063
2015-01-23,1671.8,"1,667.99","1,700.78","1,662.11",,0.31%,0.0031392685650154573
2015-01-26,1642.37,"1,670.23","1,670.30","1,622.02",,-1.76%,-0.017760569679421485
2015-01-27,1673.92,"1,642.31","1,681.46","1,614.16",,1.92%,0.019027860596611976
2015-01-28,1647.71,"1,675.30","1,706.39","1,643.42",,-1.57%,-0.015781736071306528
2015-01-29,1639.65,"1,647.11","1,675.57","1,639.65",,-0.49%,-0.004903640702985585
2015-01-30,1647.69,"1,640.56","1,664.73","1,631.55",,0.49%,0.004891502571044067
2015-02-02,1625.31,"1,647.74","1,663.94","1,616.27",,-1.36%,-0.01367574017852699
2015-02-03,1654.36,"1,626.65","1,667.59","1,626.65",,1.79%,0.01771566027163749
2015-02-04,1656.02,"1,655.50","1,665.09","1,643.24",,0.10%,0.001002906094852319
2015-02-05,1696.06,"1,654.97","1,698.83","1,642.51",,2.42%,0.023890780917613787
2015-02-06,1755.45,"1,696.96","1,762.39","1,696.96",,3.50%,0.03441732020430998
2015-02-09,1748.55,"1,755.70","1,830.00","1,740.58",,-0.39%,-0.00393836125493388
2015-02-10,1742.35,"1,748.02","1,774.06","1,729.77",,-0.35%,-0.003552096318417908
2015-02-11,1763.6,"1,744.86","1,787.77","1,744.86",,1.22%,0.012122397768249497
2015-02-12,1802.8,"1,764.24","1,816.76","1,747.85",,2.22%,0.021983837332710778
2015-02-13,1838.18,"1,802.88","1,839.71","1,802.88",,1.96%,0.01943493983942602
2015-02-16,1800.59,"1,838.21","1,848.15","1,785.54",,-2.04%,-0.02066156270128549
2015-02-17,1793.82,"1,800.92","1,842.59","1,781.80",,-0.38%,-0.0037669648178903616
2015-02-18,1809.67,"1,795.83","1,833.14","1,795.59",,0.88%,0.008797084058746997
2015-02-19,1797.87,"1,809.67","1,819.89","1,757.33",,-0.65%,-0.006541877336278958
2015-02-20,1792.7,"1,797.88","1,809.24","1,780.00",,-0.29%,-0.0028797675984183896
2015-02-24,1772.16,"1,786.49","1,786.49","1,754.81",,-1.15%,-0.01152372171825052
2015-02-25,1746.23,"1,772.40","1,773.73","1,727.70",,-1.46%,-0.014739963150773552
2015-02-26,1760.66,"1,746.79","1,769.53","1,735.27",,0.83%,0.008229560345501735
2015-02-27,1758.97,"1,760.67","1,769.22","1,740.91",,-0.10%,-0.00096032829012183
2015-03-02,1783.34,"1,759.25","1,789.54","1,759.18",,1.39%,0.013759600085563093
2015-03-03,1807.7,"1,783.44","1,825.94","1,769.58",,1.37%,0.013567308448096692
2015-03-04,1759.35,"1,807.71","1,816.23","1,756.33",,-2.67%,-0.027110896345185046
2015-03-05,1760.55,"1,760.67","1,792.04","1,746.06",,0.07%,0.0006818375786189014
2015-03-06,1728.55,"1,761.29","1,766.86","1,723.09",,-1.82%,-0.01834335345577795
2015-03-10,1665.38,"1,726.86","1,726.86","1,663.86",,-3.65%,-0.03722958115579225
2015-03-11,1671.47,"1,665.41","1,692.31","1,655.32",,0.37%,0.0036501531454721523
2015-03-12,1664.7,"1,671.71","1,681.09","1,656.35",,-0.41%,-0.004058551748179405
2015-03-13,1627.88,"1,664.59","1,669.05","1,621.86",,-2.21%,-0.022366372227910672
2015-03-16,1609.85,"1,626.77","1,636.16","1,609.82",,-1.11%,-0.011137547835789218
2015-03-17,1611.69,"1,609.96","1,627.54","1,603.78",,0.11%,0.0011423109445052439
2015-03-18,1632.12,"1,611.74","1,640.27","1,611.74",,1.27%,0.012596465351891477
2015-03-19,1607.97,"1,634.77","1,652.73","1,607.25",,-1.48%,-0.014907269384207127
2015-03-20,1628.64,"1,607.97","1,641.84","1,599.57",,1.29%,0.012772796855574772
2015-03-23,1602.85,"1,629.29","1,639.06","1,597.64",,-1.58%,-0.01596201602057107
2015-03-24,1618.62,"1,602.33","1,623.88","1,590.59",,0.98%,0.009790639659149468
2015-03-25,1615.5,"1,618.62","1,626.05","1,595.90",,-0.19%,-0.0019294280780552187
2015-03-26,1581.84,"1,615.54","1,633.27","1,574.11",,-2.08%,-0.02105577985197889
2015-03-27,1571.55,"1,581.84","1,594.38","1,569.61",,-0.65%,-0.006526332945490464
2015-03-30,1612.84,"1,571.77","1,615.55","1,571.62",,2.63%,0.025934206689713194
2015-03-31,1626.18,"1,612.93","1,626.18","1,606.24",,0.83%,0.008237105931054813
2015-04-01,1661.9,"1,625.21","1,663.17","1,613.77",,2.20%,0.021727820045625974
2015-04-02,1679.24,"1,661.90","1,682.29","1,656.23",,1.04%,0.010379783956312831
2015-04-03,1681.47,"1,679.61","1,692.95","1,676.47",,0.13%,0.0013271007181750458
2015-04-06,1700.64,"1,681.80","1,701.24","1,679.30",,1.14%,0.011336239977306121
2015-04-07,1695.64,"1,700.64","1,709.88","1,684.17",,-0.29%,-0.00294440011558986
2015-04-08,1683.63,"1,695.51","1,695.59","1,669.88",,-0.71%,-0.0071080739726491395
2015-04-09,1667.6,"1,683.10","1,683.10","1,648.36",,-0.95%,-0.009566709690390845
2015-04-10,1657.02,"1,667.62","1,674.48","1,635.85",,-0.63%,-0.0063646586468858015
2015-04-13,1678.19,"1,657.10","1,694.94","1,654.49",,1.28%,0.012695023293115875
2015-04-14,1647.39,"1,678.43","1,678.50","1,641.80",,-1.84%,-0.018523614335325674
2015-04-15,1677.7,"1,644.76","1,681.83","1,643.11",,1.84%,0.018231590458808778
2015-04-16,1686.79,"1,678.04","1,689.29","1,661.38",,0.54%,0.0054035066933690295
2015-04-17,1656.59,"1,686.79","1,694.08","1,656.59",,-1.79%,-0.018066041783999485
2015-04-20,1683.24,"1,657.63","1,691.93","1,655.75",,1.61%,0.01595923483385589
2015-04-21,1710.24,"1,683.51","1,711.34","1,682.94",,1.60%,0.015913204006055313
2015-04-22,1677.56,"1,710.13","1,712.91","1,669.11",,-1.91%,-0.019293354808263673
2015-04-23,1662.64,"1,677.89","1,678.58","1,633.12",,-0.89%,-0.008933656206554319
2015-04-24,1682.7,"1,663.15","1,689.71","1,657.66",,1.21%,0.011992945671583266
2015-04-27,1677.22,"1,682.82","1,698.65","1,677.22",,-0.33%,-0.003261985320592714
2015-04-28,1677.89,"1,676.32","1,682.19","1,667.34",,0.04%,0.00039939078534314995
2015-04-29,1670.99,"1,677.89","1,694.28","1,666.52",,-0.41%,-0.0041207865101193395
2015-04-30,1688.34,"1,670.99","1,692.32","1,668.50",,1.04%,0.010329532537170871
2015-05-05,1721.8,"1,689.55","1,734.34","1,689.20",,1.98%,0.019624457549651392
2015-05-06,1714.31,"1,722.16","1,723.45","1,697.86",,-0.44%,-0.004359587942709807
2015-05-07,1686.98,"1,713.09","1,713.09","1,676.21",,-1.59%,-0.01607071917000396
2015-05-08,1708.52,"1,686.94","1,713.60","1,684.09",,1.28%,0.012687550550696675
2015-05-12,1704.62,"1,708.42","1,720.01","1,689.29",,-0.23%,-0.002285286684591823
2015-05-13,1682.26,"1,704.50","1,708.47","1,681.08",,-1.31%,-0.01320408450680981
2015-05-14,1677.57,"1,682.26","1,694.79","1,672.20",,-0.28%,-0.0027918097321789717
2015-05-15,1691.46,"1,677.77","1,694.90","1,677.77",,0.83%,0.008245743552881856
2015-05-18,1678.55,"1,691.53","1,696.49","1,677.69",,-0.76%,-0.007661735813078964
2015-05-19,1659.36,"1,678.31","1,681.24","1,646.85",,-1.14%,-0.011498339636635371
2015-05-20,1636.86,"1,659.18","1,662.19","1,631.77",,-1.36%,-0.013652213424413933
2015-05-21,1659.33,"1,637.14","1,663.24","1,632.43",,1.37%,0.01363413400150856
2015-05-22,1665.66,"1,659.47","1,667.92","1,653.03",,0.38%,0.0038075348481261236
2015-05-25,1655.4,"1,665.75","1,666.38","1,641.96",,-0.62%,-0.006178769815349372
2015-05-26,1651.66,"1,655.85","1,666.87","1,646.09",,-0.23%,-0.0022618286904051896
2015-05-27,1660.98,"1,651.73","1,664.29","1,637.42",,0.56%,0.005626946840718684
2015-05-28,1657.62,"1,660.65","1,678.64","1,656.17",,-0.20%,-0.002024950972168689
2015-05-29,1609.19,"1,657.67","1,680.07","1,609.19",,-2.92%,-0.02965189184107495
2015-06-01,1616.94,"1,610.07","1,640.93","1,610.07",,0.48%,0.004804527348914651
2015-06-02,1643.41,"1,616.97","1,650.64","1,612.78",,1.64%,0.01623787728713821
2015-06-03,1628.87,"1,643.99","1,653.53","1,615.96",,-0.88%,-0.008886828567313362
2015-06-04,1638.07,"1,628.80","1,644.36","1,627.02",,0.56%,0.005632196685528817
2015-06-05,1652.07,"1,638.12","1,652.07","1,633.49",,0.85%,0.008510327521940296
2015-06-08,1646.89,"1,652.21","1,668.50","1,642.19",,-0.31%,-0.003140386216933123
2015-06-09,1664.01,"1,646.89","1,666.06","1,637.38",,1.04%,0.010341691130839815
2015-06-10,1653.09,"1,664.03","1,667.20","1,650.89",,-0.66%,-0.006584088178631401
2015-06-11,1652.24,"1,653.06","1,654.91","1,638.13",,-0.05%,-0.0005143208204549416
2015-06-15,1657.29,"1,652.29","1,658.32","1,629.81",,0.31%,0.0030517952213223215
2015-06-16,1668.82,"1,657.37","1,674.11","1,649.16",,0.70%,0.006933051633611557
2015-06-17,1664.66,"1,668.84","1,678.91","1,661.75",,-0.25%,-0.002495891476505494
2015-06-18,1660.14,"1,664.65","1,671.88","1,658.41",,-0.27%,-0.002718962214030397
2015-06-19,1663.03,"1,660.56","1,665.71","1,655.53",,0.17%,0.0017393035737343486
2015-06-22,1671.8,"1,664.11","1,679.42","1,663.35",,0.53%,0.005259650547529143
2015-06-23,1657.23,"1,672.27","1,676.22","1,656.39",,-0.87%,-0.008753356401622584
2015-06-24,1651.85,"1,658.03","1,664.57","1,642.08",,-0.32%,-0.0032516619364684153
2015-06-25,1631.99,"1,651.14","1,655.80","1,631.99",,-1.20%,-0.012095742872665745
2015-06-26,1644.45,"1,631.92","1,647.81","1,626.87",,0.76%,0.007605852734359676
2015-06-29,1634.93,"1,644.45","1,644.45","1,625.71",,-0.58%,-0.005805991829484619
2015-06-30,1654.55,"1,634.93","1,655.25","1,626.02",,1.20%,0.011929078556315552
2015-07-01,1639.7,"1,654.57","1,659.97","1,638.44",,-0.90%,-0.009015770259666963
2015-07-02,1641.05,"1,639.78","1,646.96","1,633.69",,0.08%,0.0008229825961724481
2015-07-03,1631.65,"1,641.01","1,642.20","1,625.42",,-0.57%,-0.00574450811225887
2015-07-06,1621.27,"1,627.71","1,627.71","1,613.71",,-0.64%,-0.006381980024802305
2015-07-07,1614.14,"1,621.35","1,629.59","1,606.28",,-0.44%,-0.004407485630715146
2015-07-08,1595.0,"1,614.14","1,616.60","1,573.95",,-1.19%,-0.011928570865273845
2015-07-09,1614.59,"1,595.08","1,614.85","1,595.02",,1.23%,0.012207318238335993
2015-07-10,1623.99,"1,615.11","1,625.59","1,614.93",,0.58%,0.005805029609915963
2015-07-13,1642.97,"1,618.23","1,642.97","1,617.17",,1.17%,0.011619495521566927
2015-07-14,1647.01,"1,643.00","1,647.01","1,626.09",,0.25%,0.0024559432158600208
2015-07-15,1641.22,"1,638.30","1,644.01","1,626.17",,-0.35%,-0.0035216551056283314
2015-07-16,1652.59,"1,640.81","1,652.97","1,636.99",,0.69%,0.006903886478741091
2015-07-17,1650.08,"1,652.52","1,660.00","1,646.37",,-0.15%,-0.001519982609977708
2015-07-20,1626.76,"1,650.09","1,652.05","1,619.44",,-1.41%,-0.01423346498549527
2015-07-21,1635.69,"1,627.19","1,639.92","1,618.58",,0.55%,0.0054744270730166765
2015-07-22,1635.63,"1,634.89","1,635.63","1,620.47",,0.00%,-3.668244011999771e-05
2015-07-23,1616.14,"1,634.79","1,634.90","1,614.97",,-1.19%,-0.011987461223232208
2015-07-24,1595.61,"1,615.69","1,622.30","1,593.07",,-1.27%,-0.012784481745419584
2015-07-27,1584.92,"1,595.50","1,599.25","1,570.46",,-0.67%,-0.006722175395061352
2015-07-28,1604.5,"1,584.92","1,610.70","1,577.99",,1.24%,0.012278248698464604
2015-07-29,1622.32,"1,604.56","1,624.64","1,600.31",,1.11%,0.011045041966496631
2015-07-30,1636.72,"1,622.69","1,638.51","1,620.24",,0.89%,0.00883701563116282
2015-07-31,1669.0,"1,636.72","1,669.00","1,630.18",,1.97%,0.019530405514264007
2015-08-03,1663.74,"1,668.13","1,676.26","1,654.45",,-0.32%,-0.003156564488984093
2015-08-04,1674.46,"1,663.31","1,676.58","1,659.16",,0.64%,0.006422645048412112
2015-08-05,1693.07,"1,674.63","1,696.80","1,665.12",,1.11%,0.01105272377891577
2015-08-06,1675.71,"1,693.07","1,698.30","1,670.57",,-1.03%,-0.010306492955998493
2015-08-07,1690.44,"1,676.75","1,695.39","1,676.75",,0.88%,0.008751894016035492
2015-08-10,1702.02,"1,690.47","1,702.70","1,674.35",,0.69%,0.006826930885378571
2015-08-11,1697.87,"1,702.02","1,721.32","1,694.61",,-0.24%,-0.0024412566648183386
2015-08-12,1697.65,"1,697.90","1,703.59","1,683.30",,-0.01%,-0.00012958250889860668
2015-08-13,1704.11,"1,697.59","1,713.25","1,689.99",,0.38%,0.003798038524474604
2015-08-14,1712.47,"1,704.14","1,723.32","1,699.32",,0.49%,0.004893792438406825
2015-08-17,1707.95,"1,712.48","1,714.94","1,694.54",,-0.26%,-0.002642951819419576
2015-08-18,1691.24,"1,707.95","1,707.95","1,685.83",,-0.98%,-0.009831833234222702
2015-08-19,1673.86,"1,691.29","1,701.42","1,665.62",,-1.03%,-0.010329651148164204
2015-08-20,1695.57,"1,673.96","1,697.70","1,668.66",,1.30%,0.012886630936921451
2015-08-21,1663.31,"1,695.48","1,695.48","1,663.31",,-1.90%,-0.019209374546925586
2015-08-24,1634.14,"1,659.31","1,659.31","1,603.72",,-1.75%,-0.017692920858697437
2015-08-25,1658.13,"1,634.35","1,672.38","1,634.35",,1.47%,0.014573789277409606
2015-08-26,1660.95,"1,658.32","1,675.07","1,633.45",,0.17%,0.0016992664705665454
2015-08-27,1695.22,"1,661.00","1,697.22","1,661.00",,2.06%,0.02042279809019923
2015-08-28,1719.16,"1,695.23","1,723.18","1,690.32",,1.41%,0.01402327351955775
2015-08-31,1733.17,"1,718.06","1,733.17","1,706.96",,0.81%,0.00811630227019644
2015-09-01,1697.99,"1,705.81","1,733.68","1,689.24",,-2.03%,-0.02050690311973739
2015-09-02,1690.82,"1,697.98","1,716.97","1,687.09",,-0.42%,-0.00423158022963453
2015-09-03,1710.57,"1,690.83","1,717.15","1,690.83",,1.17%,0.011613029944017412
2015-09-04,1698.16,"1,710.58","1,712.74","1,691.69",,-0.73%,-0.007281336350637299
2015-09-07,1701.18,"1,698.16","1,708.58","1,695.62",,0.18%,0.001776815966940926
2015-09-08,1714.18,"1,722.16","1,732.63","1,701.82",,0.76%,0.0076127042435608526
2015-09-09,1722.43,"1,715.73","1,735.84","1,715.73",,0.48%,0.004801252308676461
2015-09-10,1718.9,"1,722.05","1,730.10","1,710.46",,-0.20%,-0.0020515331212554813
2015-09-11,1718.06,"1,718.88","1,727.89","1,713.03",,-0.05%,-0.0004888040691338372
2015-09-14,1729.75,"1,717.60","1,740.22","1,716.12",,0.68%,0.006781142113942973
2015-09-15,1716.26,"1,729.91","1,731.49","1,708.46",,-0.78%,-0.007829384656759034
2015-09-16,1731.81,"1,716.27","1,734.05","1,716.24",,0.91%,0.0090195996137061
2015-09-17,1729.2,"1,731.81","1,735.50","1,722.44",,-0.15%,-0.001508230542390805
2015-09-18,1710.84,"1,730.15","1,739.55","1,703.22",,-1.06%,-0.010674395839606962
2015-09-21,1699.72,"1,710.87","1,719.18","1,697.30",,-0.65%,-0.00652094635741876
2015-09-22,1664.25,"1,699.92","1,702.47","1,656.18",,-2.09%,-0.021088960115638117
2015-09-23,1640.7,"1,664.27","1,667.03","1,638.18",,-1.42%,-0.01425159145997626
2015-09-24,1621.43,"1,640.70","1,641.77","1,611.89",,-1.17%,-0.011814504109720713
2015-09-25,1639.64,"1,621.44","1,648.30","1,621.43",,1.12%,0.011168229615677932
2015-09-28,1616.36,"1,639.64","1,643.94","1,614.35",,-1.42%,-0.014299997978584719
2015-09-29,1630.51,"1,616.36","1,635.46","1,606.83",,0.88%,0.008716141750367216
2015-09-30,1642.97,"1,630.53","1,654.38","1,630.53",,0.76%,0.007612730290187554
2015-10-01,1626.97,"1,644.52","1,649.57","1,616.85",,-0.97%,-0.009786190384222647
2015-10-02,1612.56,"1,627.07","1,630.77","1,603.46",,-0.89%,-0.008896410924537015
2015-10-05,1652.47,"1,612.71","1,654.73","1,612.71",,2.47%,0.02444815996939662
2015-10-06,1670.69,"1,652.49","1,670.69","1,649.46",,1.10%,0.010965576481365067
2015-10-07,1679.49,"1,670.68","1,679.49","1,656.38",,0.53%,0.005253461150833954
2015-10-08,1689.32,"1,679.36","1,691.95","1,660.37",,0.59%,0.005835905200346773
2015-10-09,1728.44,"1,690.66","1,734.75","1,690.62",,2.32%,0.022893186499062076
2015-10-12,1710.6,"1,728.43","1,739.29","1,699.74",,-1.03%,-0.010375081434327213
2015-10-13,1720.81,"1,710.60","1,720.81","1,697.54",,0.60%,0.005950924040534982
2015-10-14,1723.01,"1,720.80","1,731.57","1,704.22",,0.13%,0.0012776511543995783
2015-10-15,1731.91,"1,722.84","1,746.67","1,722.68",,0.52%,0.005152084382140092
2015-10-16,1717.0,"1,731.90","1,746.07","1,715.01",,-0.86%,-0.008646263826280118
2015-10-19,1716.08,"1,717.09","1,722.49","1,702.40",,-0.05%,-0.0005359618896285791
2015-10-20,1722.62,"1,716.15","1,722.62","1,702.42",,0.38%,0.003803767636264387
2015-10-21,1709.94,"1,722.70","1,722.90","1,702.14",,-0.74%,-0.007388105482292599
2015-10-22,1712.1,"1,709.93","1,718.82","1,702.65",,0.13%,0.0012624050489531146
2015-10-23,1725.45,"1,713.65","1,734.98","1,710.36",,0.78%,0.0077671987993569456
2015-10-26,1712.13,"1,725.51","1,731.60","1,696.77",,-0.77%,-0.007749676611886485
2015-10-27,1725.89,"1,712.23","1,725.89","1,692.28",,0.80%,0.008004650043877513
2015-10-28,1726.61,"1,725.91","1,727.39","1,708.38",,0.04%,0.00041708907194066473
2015-10-29,1708.6,"1,725.90","1,727.30","1,707.12",,-1.04%,-0.010485626796542403
2015-10-30,1711.53,"1,708.51","1,723.04","1,699.25",,0.17%,0.0017133855828859522
2015-11-02,1735.75,"1,710.90","1,737.18","1,701.25",,1.42%,0.014051889332978736
2015-11-03,1763.6,"1,735.76","1,766.85","1,734.22",,1.60%,0.015917577850399846
2015-11-05,1766.28,"1,764.94","1,784.42","1,762.01",,0.15%,0.0015184655087130245
2015-11-06,1754.36,"1,766.18","1,778.18","1,746.17",,-0.67%,-0.006771521966338461
2015-11-09,1751.44,"1,754.19","1,763.52","1,742.36",,-0.17%,-0.0016658113270763522
2015-11-10,1746.94,"1,751.45","1,754.61","1,734.34",,-0.26%,-0.0025726207455400592
2015-11-11,1740.56,"1,747.02","1,756.09","1,733.61",,-0.37%,-0.00365878544359364
2015-11-12,1739.96,"1,739.29","1,750.71","1,732.50",,-0.03%,-0.00034477607135912264
2015-11-13,1728.17,"1,739.84","1,744.12","1,723.42",,-0.68%,-0.006799079283915666
2015-11-16,1739.8,"1,728.12","1,751.67","1,726.31",,0.67%,0.006707118918768216
2015-11-17,1787.23,"1,740.98","1,792.88","1,740.82",,2.73%,0.026896771134631785
2015-11-18,1810.48,"1,787.11","1,820.38","1,785.10",,1.30%,0.012925068264418792
2015-11-19,1811.2,"1,811.89","1,842.14","1,805.41",,0.04%,0.000397605536372774
2015-11-20,1826.72,"1,810.03","1,831.77","1,797.93",,0.86%,0.008532399919153132
2015-11-23,1868.07,"1,826.87","1,868.66","1,811.85",,2.26%,0.022383803392071504
2015-11-24,1810.05,"1,868.08","1,873.53","1,798.73",,-3.11%,-0.031551343132369056
2015-11-25,1833.53,"1,810.02","1,837.06","1,808.88",,1.30%,0.012888601338698315
2015-11-26,1828.3,"1,833.97","1,850.39","1,816.58",,-0.29%,-0.0028564971919585514
2015-11-27,1795.7,"1,828.32","1,828.32","1,790.68",,-1.78%,-0.017991655286606963
2015-11-30,1771.05,"1,794.25","1,807.57","1,771.05",,-1.37%,-0.013822327026623789
2015-12-01,1772.97,"1,771.05","1,785.29","1,763.05",,0.11%,0.0010835154360534021
2015-12-02,1770.13,"1,773.49","1,793.27","1,760.51",,-0.16%,-0.0016031162587727416
2015-12-03,1787.23,"1,770.10","1,792.38","1,764.86",,0.97%,0.009613945009563146
2015-12-04,1755.22,"1,786.55","1,798.91","1,741.60",,-1.79%,-0.018072730039172282
2015-12-07,1741.14,"1,756.11","1,767.34","1,735.01",,-0.80%,-0.008054134078279445
2015-12-08,1718.77,"1,740.64","1,741.79","1,712.87",,-1.28%,-0.01293115237980455
2015-12-09,1733.09,"1,719.84","1,740.47","1,719.44",,0.83%,0.008297023720366075
2015-12-10,1732.89,"1,732.65","1,747.56","1,723.30",,-0.01%,-0.00011540747507015695
2015-12-11,1720.31,"1,732.90","1,732.91","1,711.81",,-0.73%,-0.007286027830409808
2015-12-14,1708.7,"1,720.37","1,721.48","1,698.90",,-0.67%,-0.00677165967147434
2015-12-15,1742.46,"1,708.89","1,749.52","1,708.89",,1.98%,0.019565060393296287
2015-12-16,1754.71,"1,743.03","1,759.09","1,743.03",,0.70%,0.007005693233209275
2015-12-17,1780.97,"1,754.74","1,786.18","1,754.74",,1.50%,0.014854558597659405
2015-12-18,1719.16,"1,779.42","1,779.42","1,719.16",,-3.47%,-0.035322360256408926
2015-12-21,1716.91,"1,719.44","1,737.12","1,710.32",,-0.13%,-0.001309635904734159
2015-12-22,1723.35,"1,716.92","1,729.08","1,715.00",,0.38%,0.003743907450233715
2015-12-23,1747.85,"1,718.65","1,747.85","1,718.65",,1.42%,0.01411639020892694
2015-12-24,1742.71,"1,747.86","1,757.50","1,738.72",,-0.29%,-0.0029450883039785834
2015-12-25,1734.21,"1,743.77","1,745.96","1,728.27",,-0.49%,-0.004889394598401465
2015-12-28,1731.2,"1,734.21","1,736.19","1,722.90",,-0.17%,-0.0017371686218678383
2015-12-29,1763.38,"1,728.23","1,763.38","1,727.05",,1.86%,0.018417612210235763
2015-12-30,1761.36,"1,763.71","1,770.79","1,751.37",,-0.11%,-0.0011461839574811253
2016-01-04,1734.56,"1,761.42","1,762.78","1,731.40",,-1.52%,-0.015332458991935373
2016-01-05,1754.13,"1,734.55","1,754.33","1,731.63",,1.13%,0.011219228578256392
2016-01-06,1748.57,"1,753.75","1,758.76","1,738.84",,-0.32%,-0.0031746964740319793
2016-01-11,1682.54,"1,748.04","1,748.06","1,681.58",,-3.78%,-0.03849375463530693
2016-01-12,1690.3,"1,682.72","1,705.23","1,660.15",,0.46%,0.004601471574232969
2016-01-13,1684.78,"1,692.48","1,709.08","1,682.30",,-0.33%,-0.0032710364920841687
2016-01-14,1680.77,"1,684.77","1,685.63","1,658.80",,-0.24%,-0.002382969736049176
2016-01-15,1608.36,"1,680.81","1,686.85","1,597.62",,-4.31%,-0.044036995449593094
2016-01-18,1622.43,"1,607.88","1,631.58","1,583.02",,0.87%,0.008709999071760174
2016-01-19,1645.56,"1,622.53","1,675.01","1,622.53",,1.43%,0.014155726449597329
2016-01-20,1630.39,"1,641.62","1,641.62","1,601.64",,-0.92%,-0.009261501814292871
2016-01-21,1677.19,"1,630.57","1,684.08","1,630.17",,2.87%,0.028300523975213633
2016-01-22,1717.98,"1,683.75","1,730.24","1,682.89",,2.43%,0.024029408072215853
2016-01-25,1716.56,"1,718.25","1,726.96","1,700.35",,-0.08%,-0.000826893896073891
2016-01-26,1705.01,"1,716.86","1,719.09","1,695.66",,-0.67%,-0.006751312333768816
2016-01-27,1747.57,"1,705.10","1,747.57","1,705.10",,2.50%,0.024655275727245938
2016-01-28,1771.93,"1,747.63","1,771.93","1,739.80",,1.39%,0.013843096468439842
2016-01-29,1784.92,"1,772.01","1,788.29","1,758.60",,0.73%,0.007304248283472916
2016-02-01,1773.21,"1,785.01","1,785.08","1,760.22",,-0.66%,-0.006582132905450361
2016-02-02,1758.26,"1,771.37","1,785.75","1,749.87",,-0.84%,-0.008466779731471035
2016-02-03,1746.35,"1,757.90","1,766.28","1,744.73",,-0.68%,-0.006796788144655929
2016-02-04,1787.93,"1,745.21","1,792.48","1,745.21",,2.38%,0.02353063057830133
2016-02-05,1780.59,"1,786.70","1,796.48","1,772.26",,-0.41%,-0.004113756039604844
2016-02-08,1744.27,"1,780.26","1,784.56","1,737.02",,-2.04%,-0.020608640039487872
2016-02-09,1723.36,"1,744.17","1,752.95","1,715.00",,-1.20%,-0.012060256397386681
2016-02-10,1730.83,"1,722.50","1,740.72","1,710.21",,0.43%,0.004325188623245128
2016-02-11,1711.58,"1,729.42","1,729.42","1,688.06",,-1.11%,-0.011184141724437817
2016-02-12,1726.04,"1,711.60","1,733.67","1,711.60",,0.84%,0.008412846844601755
2016-02-15,1738.54,"1,726.08","1,746.43","1,726.08",,0.72%,0.007215913177882767
2016-02-16,1753.86,"1,738.89","1,758.19","1,738.89",,0.88%,0.008773392662922564
2016-02-17,1770.31,"1,753.86","1,776.93","1,750.04",,0.94%,0.009335599288701592
2016-02-18,1807.21,"1,770.30","1,807.55","1,770.30",,2.08%,0.020629547084976555
2016-02-19,1793.37,"1,805.82","1,805.82","1,778.96",,-0.77%,-0.007687688184996279
2016-02-22,1822.38,"1,790.46","1,825.00","1,790.46",,1.62%,0.01604680771827165
2016-02-24,1797.27,"1,811.08","1,812.94","1,784.54",,-1.38%,-0.013874492179169823
2016-02-25,1803.89,"1,802.37","1,819.19","1,777.70",,0.37%,0.0036765972392670296
2016-02-26,1816.73,"1,815.99","1,831.70","1,811.66",,0.71%,0.007092737613097393
2016-02-29,1840.17,"1,811.53","1,841.56","1,798.51",,1.29%,0.012819776872743082
2016-03-01,1844.17,"1,841.43","1,851.88","1,838.41",,0.22%,0.002171353117025835
2016-03-02,1832.84,"1,853.32","1,856.08","1,826.41",,-0.61%,-0.00616263532468458
2016-03-03,1858.69,"1,836.07","1,863.95","1,836.07",,1.41%,0.014005262063553762
2016-03-04,1878.29,"1,863.15","1,878.29","1,853.81",,1.05%,0.010489849946583477
2016-03-07,1909.57,"1,883.38","1,909.57","1,883.38",,1.67%,0.01651629736281633
2016-03-09,1883.0,"1,899.19","1,906.99","1,875.51",,-1.39%,-0.014011836147707834
2016-03-10,1884.63,"1,885.97","1,896.06","1,875.62",,0.09%,0.0008652654860993339
2016-03-11,1876.54,"1,886.85","1,888.77","1,868.22",,-0.43%,-0.004301859515055891
2016-03-14,1865.31,"1,877.23","1,880.41","1,857.19",,-0.60%,-0.006002396524124717
2016-03-15,1855.06,"1,871.79","1,879.00","1,851.49",,-0.55%,-0.005510218572147206
2016-03-16,1871.2,"1,858.01","1,871.20","1,852.92",,0.87%,0.008662895738045307
2016-03-17,1890.79,"1,876.61","1,900.12","1,874.39",,1.05%,0.010414794868466757
2016-03-18,1914.02,"1,892.81","1,923.50","1,885.15",,1.23%,0.01221101114066389
2016-03-21,1904.5,"1,905.96","1,906.34","1,886.76",,-0.50%,-0.004986235360441181
2016-03-22,1903.47,"1,905.76","1,916.27","1,888.59",,-0.05%,-0.000540970661596046
2016-03-23,1879.89,"1,900.09","1,906.38","1,869.32",,-1.24%,-0.012465271783179735
2016-03-24,1866.67,"1,872.88","1,875.27","1,857.27",,-0.70%,-0.007057169706060574
2016-03-25,1866.23,"1,869.60","1,879.79","1,865.37",,-0.02%,-0.00023574164967600698
2016-03-28,1849.31,"1,871.93","1,879.47","1,844.73",,-0.91%,-0.009107756590467489
2016-03-29,1845.2,"1,849.11","1,850.93","1,825.99",,-0.22%,-0.002224923844013266
2016-03-30,1868.1,"1,853.35","1,876.32","1,847.78",,1.24%,0.012334198862850403
2016-03-31,1871.15,"1,865.10","1,876.55","1,851.35",,0.16%,0.0016313435455822816
2016-04-01,1856.77,"1,860.53","1,861.49","1,833.61",,-0.77%,-0.0077147960913469624
2016-04-04,1866.64,"1,854.37","1,876.08","1,853.54",,0.53%,0.005301604238052256
2016-04-05,1857.09,"1,859.51","1,861.39","1,847.62",,-0.51%,-0.005129276793941841
2016-04-06,1860.17,"1,863.30","1,867.96","1,850.83",,0.17%,0.0016571349353186515
2016-04-07,1858.85,"1,865.97","1,872.51","1,848.19",,-0.07%,-0.0007098644564589128
2016-04-08,1877.27,"1,860.93","1,879.64","1,857.44",,0.99%,0.009860576881527838
2016-04-11,1906.9,"1,875.74","1,907.50","1,872.50",,1.58%,0.015660293035331934
2016-04-12,1899.26,"1,907.56","1,910.59","1,889.02",,-0.40%,-0.00401455023483401
2016-04-13,1932.8,"1,903.47","1,944.32","1,903.47",,1.77%,0.017505392134748717
2016-04-14,1915.85,"1,929.87","1,948.84","1,902.64",,-0.88%,-0.008808340374571967
2016-04-15,1907.78,"1,914.19","1,918.35","1,899.29",,-0.42%,-0.004221125988935775
2016-04-18,1892.64,"1,888.97","1,896.36","1,867.61",,-0.79%,-0.007967582579561204
2016-04-19,1930.14,"1,895.28","1,930.23","1,892.96",,1.98%,0.019619859330792147
2016-04-20,1960.18,"1,923.94","1,961.60","1,922.41",,1.56%,0.01544376661430297
2016-04-21,1950.08,"1,971.75","1,976.69","1,931.66",,-0.52%,-0.005165908385232578
2016-04-22,1967.26,"1,952.33","1,967.26","1,936.72",,0.88%,0.008771314282906147
2016-04-25,1955.47,"1,962.67","1,963.96","1,944.94",,-0.60%,-0.006011137907231155
2016-04-26,1946.55,"1,953.86","1,956.54","1,931.08",,-0.46%,-0.004571998881615408
2016-04-27,1934.77,"1,951.51","1,954.93","1,921.58",,-0.61%,-0.006070118501334689
2016-04-28,1969.89,"1,936.05","1,969.89","1,925.27",,1.82%,0.017989247259593194
2016-04-29,1953.05,"1,970.46","1,974.42","1,941.25",,-0.85%,-0.008585450422140276
2016-05-04,1925.58,"1,932.92","1,957.18","1,901.85",,-1.41%,-0.014165032145622586
2016-05-05,1906.48,"1,924.28","1,924.28","1,902.66",,-0.99%,-0.009968611226736318
2016-05-06,1901.56,"1,905.15","1,906.34","1,889.96",,-0.26%,-0.0025840079083253135
2016-05-10,1885.34,"1,896.02","1,909.97","1,874.50",,-0.85%,-0.008566425936843744
2016-05-11,1909.05,"1,890.09","1,916.34","1,885.67",,1.26%,0.012497560136226177
2016-05-12,1901.9,"1,912.43","1,922.51","1,900.17",,-0.37%,-0.0037523496185503527
2016-05-13,1907.19,"1,901.51","1,907.19","1,881.41",,0.28%,0.0027775680810785694
2016-05-16,1915.33,"1,912.16","1,939.22","1,909.18",,0.43%,0.0042589769598098785
2016-05-17,1909.0,"1,913.25","1,915.19","1,876.69",,-0.33%,-0.003310386802756309
2016-05-18,1917.24,"1,907.15","1,921.21","1,899.12",,0.43%,0.0043071071017329815
2016-05-19,1891.52,"1,907.71","1,913.70","1,891.52",,-1.34%,-0.013505913191475875
2016-05-20,1891.33,"1,901.27","1,903.58","1,882.16",,-0.01%,-0.00010045336196778013
2016-05-23,1868.43,"1,889.11","1,889.11","1,861.64",,-1.21%,-0.012181779256041804
2016-05-24,1884.12,"1,868.70","1,887.48","1,868.70",,0.84%,0.00836236235743538
2016-05-25,1898.75,"1,889.42","1,910.70","1,889.42",,0.78%,0.00773490653455203
2016-05-26,1914.31,"1,905.81","1,931.78","1,895.63",,0.82%,0.008161469460397088
2016-05-27,1927.58,"1,913.18","1,930.80","1,910.11",,0.69%,0.00690808574537409
2016-05-30,1935.54,"1,931.07","1,938.14","1,918.76",,0.41%,0.004121027182845749
2016-05-31,1899.01,"1,937.13","1,939.84","1,899.01",,-1.89%,-0.01905365957074211
2016-06-01,1893.18,"1,899.14","1,906.86","1,888.88",,-0.31%,-0.0030747428757993186
2016-06-02,1890.78,"1,895.27","1,898.90","1,876.58",,-0.13%,-0.0012685125222385945
2016-06-03,1886.84,"1,896.95","1,913.74","1,877.89",,-0.21%,-0.0020859702292276745
2016-06-06,1915.54,"1,893.05","1,920.91","1,893.05",,1.52%,0.01509609509824808
2016-06-07,1951.26,"1,917.96","1,954.49","1,914.56",,1.86%,0.01847575053759261
2016-06-08,1951.55,"1,953.75","1,960.75","1,937.62",,0.01%,0.00014861087295250938
2016-06-09,1934.92,"1,951.80","1,952.42","1,927.72",,-0.85%,-0.008557946669426494
2016-06-10,1903.61,"1,926.91","1,930.26","1,903.61",,-1.62%,-0.01631389850234653
2016-06-14,1885.92,"1,898.21","1,903.54","1,875.27",,-0.93%,-0.009336317959352632
2016-06-15,1889.75,"1,883.94","1,898.31","1,880.55",,0.20%,0.002028779694026674
2016-06-16,1869.78,"1,884.22","1,884.91","1,853.36",,-1.06%,-0.010623768303435411
2016-06-17,1877.07,"1,875.96","1,896.28","1,871.88",,0.39%,0.0038912735758136435
2016-06-20,1902.7,"1,889.26","1,906.46","1,889.26",,1.37%,0.013561879601690743
2016-06-21,1904.02,"1,902.44","1,910.25","1,884.64",,0.07%,0.000693510451467457
2016-06-22,1896.7,"1,908.06","1,912.96","1,892.16",,-0.38%,-0.0038519065075458287
2016-06-23,1919.27,"1,894.16","1,919.27","1,883.18",,1.19%,0.011829371400702783
2016-06-24,1884.41,"1,865.48","1,884.94","1,846.91",,-1.82%,-0.018330130850241832
2016-06-27,1841.73,"1,883.76","1,887.75","1,841.73",,-2.26%,-0.02290942727391527
2016-06-28,1857.23,"1,850.75","1,863.53","1,844.80",,0.84%,0.008380783097607963
2016-06-29,1888.15,"1,865.63","1,888.15","1,862.25",,1.66%,0.016511383337641166
2016-06-30,1891.09,"1,886.47","1,897.36","1,879.33",,0.16%,0.0015558686895131833
2016-07-01,1896.62,"1,891.03","1,900.41","1,880.63",,0.29%,0.002919972188564477
2016-07-04,1907.48,"1,899.35","1,913.48","1,896.40",,0.57%,0.005709644595579202
2016-07-05,1895.64,"1,902.54","1,904.06","1,887.05",,-0.62%,-0.006226486806722576
2016-07-06,1879.42,"1,892.26","1,896.71","1,871.47",,-0.86%,-0.008593293782506244
2016-07-07,1882.41,"1,887.12","1,901.57","1,878.47",,0.16%,0.0015896521797330572
2016-07-08,1894.35,"1,873.49","1,896.82","1,860.55",,0.63%,0.006322900994055599
2016-07-11,1913.12,"1,891.05","1,914.31","1,887.10",,0.99%,0.00985964541098106
2016-07-12,1938.36,"1,913.84","1,942.69","1,911.91",,1.32%,0.013106837542397248
2016-07-13,1935.88,"1,937.35","1,945.76","1,928.50",,-0.13%,-0.0012802512692736202
2016-07-14,1942.46,"1,938.54","1,944.85","1,921.75",,0.34%,0.003393207564798585
2016-07-15,1940.85,"1,931.66","1,943.63","1,928.57",,-0.08%,-0.0008291895791204094
2016-07-18,1936.07,"1,937.77","1,948.54","1,920.18",,-0.25%,-0.002465876222405296
2016-07-19,1915.89,"1,921.12","1,929.11","1,903.10",,-1.04%,-0.010477878598436989
2016-07-20,1915.09,"1,915.49","1,921.23","1,896.00",,-0.04%,-0.0004176477097917061
2016-07-21,1927.7,"1,920.01","1,930.79","1,911.87",,0.66%,0.0065629635041080945
2016-07-22,1926.9,"1,923.80","1,933.76","1,922.85",,-0.04%,-0.0004150884716891226
2016-07-25,1931.78,"1,929.93","1,942.98","1,922.22",,0.25%,0.0025293637211291006
2016-07-26,1938.52,"1,932.54","1,940.26","1,917.96",,0.35%,0.003482937660385615
2016-07-27,1938.65,"1,938.64","1,941.15","1,928.32",,0.01%,6.705922105497756e-05
2016-07-28,1954.45,"1,938.01","1,959.86","1,932.63",,0.81%,0.008116969381079813
2016-07-29,1944.62,"1,952.82","1,955.07","1,939.28",,-0.50%,-0.005042238701344042
2016-08-01,1947.36,"1,950.49","1,964.27","1,941.58",,0.14%,0.0014080239120847471
2016-08-02,1912.69,"1,946.31","1,946.65","1,908.89",,-1.78%,-0.017963980954854308
2016-08-03,1919.15,"1,913.14","1,922.86","1,902.74",,0.34%,0.0033717514928354353
2016-08-04,1944.94,"1,924.97","1,945.14","1,924.97",,1.34%,0.01334874858345043
2016-08-05,1944.31,"1,946.66","1,952.35","1,931.01",,-0.03%,-0.00032396991991279954
2016-08-08,1956.99,"1,948.51","1,956.99","1,947.22",,0.65%,0.006500420193221554
2016-08-09,1956.42,"1,954.05","1,964.58","1,948.89",,-0.03%,-0.0002913060497268608
2016-08-10,1942.67,"1,956.33","1,959.99","1,940.63",,-0.70%,-0.007052956971251063
2016-08-11,1952.18,"1,941.32","1,952.18","1,933.27",,0.49%,0.004883381336414765
2016-08-12,1967.18,"1,955.16","1,968.18","1,952.56",,0.77%,0.007654348279432342
2016-08-15,1977.28,"1,969.96","1,983.10","1,964.84",,0.51%,0.005121117756758331
2016-08-16,1975.8,"1,977.76","1,994.33","1,967.37",,-0.07%,-0.0007487832622411232
2016-08-17,1969.19,"1,971.49","1,973.02","1,959.44",,-0.33%,-0.0033510889435690934
2016-08-18,1970.07,"1,971.26","1,976.71","1,961.35",,0.04%,0.0004467844288716908
2016-08-19,1959.72,"1,972.89","1,974.40","1,959.72",,-0.53%,-0.005267469219023876
2016-08-22,1979.09,"1,956.46","1,979.09","1,948.35",,0.99%,0.009835537205738664
2016-08-23,1989.51,"1,976.07","1,992.55","1,973.43",,0.53%,0.005251234160500032
2016-08-24,1983.59,"1,988.08","1,989.43","1,974.89",,-0.30%,-0.002980042979599416
2016-08-25,1985.56,"1,983.22","1,987.35","1,969.53",,0.10%,0.0009926559398180596
2016-08-26,1993.35,"1,984.68","1,997.10","1,976.87",,0.39%,0.0039156502425167754
2016-08-29,1986.72,"1,985.99","1,986.72","1,970.53",,-0.33%,-0.003331602777094435
2016-08-30,1985.69,"1,989.03","1,999.14","1,983.84",,-0.05%,-0.0005185768956791327
2016-08-31,1971.59,"1,985.84","1,988.56","1,966.88",,-0.71%,-0.007126136977215518
2016-09-01,1976.91,"1,976.26","1,982.26","1,969.48",,0.27%,0.002694695818267182
2016-09-02,2003.77,"1,978.16","2,006.25","1,976.62",,1.36%,0.01349538654513598
2016-09-05,2017.38,"2,008.69","2,019.65","2,005.42",,0.68%,0.006769233662181362
2016-09-06,2039.53,"2,020.77","2,040.42","2,017.50",,1.10%,0.010919749315827414
2016-09-07,2053.75,"2,042.21","2,060.03","2,042.12",,0.70%,0.006948001214428739
2016-09-08,2050.77,"2,058.73","2,063.13","2,041.01",,-0.15%,-0.0014520579866117709
2016-09-09,2028.25,"2,044.93","2,045.04","2,028.25",,-1.10%,-0.011041980089691672
2016-09-12,2019.9,"2,017.08","2,021.58","2,004.43",,-0.41%,-0.004125347055829478
2016-09-13,2004.5,"2,020.60","2,026.57","2,001.34",,-0.76%,-0.007653352136783234
2016-09-14,2004.48,"2,003.74","2,010.47","1,995.70",,0.00%,-9.977600287441272e-06
2016-09-15,1996.58,"2,003.20","2,004.65","1,982.95",,-0.39%,-0.0039489586590694395
2016-09-16,1981.96,"1,998.14","2,004.37","1,967.31",,-0.73%,-0.0073494627716358734
2016-09-19,1986.97,"1,984.46","1,993.49","1,981.39",,0.25%,0.002524611248373627
2016-09-20,1991.78,"1,984.97","1,991.85","1,969.41",,0.24%,0.0024178459783917713
2016-09-21,1997.67,"1,995.13","2,004.10","1,988.64",,0.30%,0.0029527901237315062
2016-09-22,2025.3,"2,007.12","2,025.30","2,001.07",,1.38%,0.01373633631386875
2016-09-23,2011.83,"2,022.28","2,022.28","1,995.14",,-0.67%,-0.006673082107792286
2016-09-26,1997.94,"2,003.48","2,007.25","1,993.33",,-0.69%,-0.006928105880583673
2016-09-27,1975.52,"1,999.93","1,999.93","1,975.52",,-1.12%,-0.011284994908124985
2016-09-28,1980.68,"1,977.35","1,993.93","1,975.84",,0.26%,0.0026085652525065714
2016-09-29,1996.12,"1,996.99","2,006.59","1,994.88",,0.78%,0.007765076232801004
2016-09-30,1978.0,"1,989.43","1,989.43","1,975.23",,-0.91%,-0.00911906312208355
2016-10-03,1986.8,"1,981.02","1,993.55","1,975.74",,0.44%,0.004439071050538034
2016-10-04,1985.02,"1,987.61","1,989.32","1,975.96",,-0.09%,-0.0008963145959121573
2016-10-05,1975.85,"1,985.05","1,985.05","1,962.14",,-0.46%,-0.004630304142024755
2016-10-06,1983.88,"1,975.26","1,983.88","1,967.75",,0.41%,0.0040558376493689575
2016-10-07,1980.02,"1,985.04","1,993.65","1,974.89",,-0.19%,-0.0019475774969602278
2016-10-10,2001.1,"1,981.11","2,002.53","1,977.43",,1.06%,0.010590083699850738
2016-10-11,2001.42,"2,000.46","2,006.66","1,995.93",,0.02%,0.00015989926380482374
2016-10-12,1993.35,"1,999.60","2,005.17","1,986.70",,-0.40%,-0.0040402881656961724
2016-10-13,1976.37,"1,990.39","1,990.39","1,970.86",,-0.85%,-0.00855481170277513
2016-10-14,1966.39,"1,976.34","1,978.96","1,962.35",,-0.50%,-0.005062454379324892
2016-10-17,1956.95,"1,964.66","1,965.83","1,954.81",,-0.48%,-0.004812235604007885
2016-10-18,1969.11,"1,958.28","1,974.01","1,958.28",,0.62%,0.006194525240952323
2016-10-19,1967.5,"1,971.90","1,973.24","1,961.39",,-0.08%,-0.0008179627089124549
2016-10-20,1957.09,"1,967.52","1,968.11","1,956.61",,-0.53%,-0.005305025194629094
2016-10-21,1957.7,"1,957.63","1,960.56","1,946.78",,0.03%,0.0003116386855679029
2016-10-24,1962.79,"1,960.97","1,970.36","1,957.65",,0.26%,0.002596615657688994
2016-10-25,1977.19,"1,965.63","1,987.07","1,962.24",,0.73%,0.007309714322535332
2016-10-26,1974.81,"1,975.36","1,979.42","1,967.87",,-0.12%,-0.0012044535869047929
2016-10-27,1979.8,"1,975.16","1,986.53","1,973.27",,0.25%,0.002523638309890697
2016-10-28,1981.76,"1,979.87","1,982.51","1,975.48",,0.10%,0.0009895092639891664
2016-10-31,1989.64,"1,984.24","1,992.48","1,976.29",,0.40%,0.003968379081032153
2016-11-01,1996.87,"1,991.70","2,003.14","1,991.70",,0.36%,0.003627236819673573
2016-11-02,1968.77,"1,989.37","1,990.22","1,966.35",,-1.41%,-0.014171972397899302
2016-11-03,1962.71,"1,970.97","1,971.56","1,957.53",,-0.31%,-0.0030828109512852082
2016-11-07,1952.69,"1,964.59","1,970.61","1,952.69",,-0.51%,-0.005118262182233162
2016-11-08,1967.93,"1,959.79","1,973.07","1,959.79",,0.78%,0.007774319754928171
2016-11-09,2011.58,"1,941.89","2,011.81","1,939.66",,2.22%,0.021938254040012158
2016-11-10,2044.03,"2,017.69","2,076.44","2,016.96",,1.61%,0.016002866405681312
2016-11-11,2031.92,"2,045.22","2,054.42","2,031.92",,-0.59%,-0.005942190474995106
2016-11-14,2021.99,"2,034.97","2,047.03","2,017.22",,-0.49%,-0.0048989838748407216
2016-11-15,2017.06,"2,025.01","2,032.04","2,009.34",,-0.24%,-0.0024411693087641466
2016-11-16,2028.92,"2,024.71","2,049.01","2,022.89",,0.59%,0.005862626097695858
2016-11-17,2042.76,"2,029.85","2,045.65","2,029.30",,0.68%,0.006798202855777921
2016-11-18,2038.29,"2,042.23","2,048.19","2,036.29",,-0.22%,-0.0021906135859881158
2016-11-21,2058.77,"2,044.20","2,059.67","2,044.20",,1.00%,0.009997496048837462
2016-11-22,2066.18,"2,062.98","2,074.89","2,057.70",,0.36%,0.0035927746860963225
2016-11-23,2085.75,"2,069.18","2,085.75","2,068.61",,0.95%,0.009427011018758752
2016-11-24,2102.97,"2,086.56","2,107.96","2,086.56",,0.83%,0.008222128483529472
2016-11-25,2098.15,"2,101.47","2,106.60","2,088.40",,-0.23%,-0.0022946272017465375
2016-11-28,2094.65,"2,098.33","2,104.34","2,086.36",,-0.17%,-0.0016695291036874648
2016-11-29,2086.84,"2,092.13","2,098.00","2,082.71",,-0.37%,-0.0037355148914730387
2016-11-30,2104.91,"2,087.81","2,116.38","2,085.84",,0.87%,0.008621750789221469
2016-12-01,2121.87,"2,110.69","2,128.70","2,110.69",,0.81%,0.008025064479776462
2016-12-02,2128.99,"2,121.12","2,137.82","2,114.91",,0.34%,0.0033499135037796395
2016-12-05,2158.33,"2,126.93","2,163.39","2,126.93",,1.38%,0.013687085655307825
2016-12-06,2152.35,"2,159.25","2,177.94","2,151.07",,-0.28%,-0.0027745060343664888
2016-12-07,2160.51,"2,154.02","2,165.21","2,148.54",,0.38%,0.0037840364569550417
2016-12-08,2207.02,"2,168.40","2,207.02","2,167.93",,2.15%,0.02129888437141092
2016-12-09,2208.53,"2,211.29","2,220.01","2,197.49",,0.07%,0.0006839465338917868
2016-12-12,2226.89,"2,219.13","2,242.17","2,210.06",,0.83%,0.00827885740934762
2016-12-13,2247.02,"2,225.74","2,247.02","2,215.70",,0.90%,0.008998900668151398
2016-12-14,2229.05,"2,248.22","2,258.10","2,215.11",,-0.80%,-0.008029408184327397
2016-12-15,2237.23,"2,217.16","2,240.14","2,202.35",,0.37%,0.00366300775873702
2016-12-16,2231.41,"2,239.08","2,251.23","2,229.30",,-0.26%,-0.002604820836213748
2016-12-19,2215.69,"2,233.99","2,235.12","2,215.69",,-0.70%,-0.007069805255810283
2016-12-20,2226.36,"2,215.31","2,233.84","2,207.39",,0.48%,0.004804097442119215
2016-12-21,2212.33,"2,227.31","2,237.60","2,210.73",,-0.63%,-0.006321706054943081
2016-12-22,2174.64,"2,203.80","2,203.80","2,172.37",,-1.70%,-0.017183125189928834
2016-12-23,2173.18,"2,173.62","2,188.99","2,159.51",,-0.07%,-0.0006716009654849752
2016-12-26,2177.86,"2,172.86","2,186.02","2,172.26",,0.22%,0.002151210655294456
2016-12-27,2189.43,"2,173.80","2,190.91","2,173.80",,0.53%,0.005298492689070743
2016-12-28,2182.98,"2,191.17","2,201.21","2,182.98",,-0.29%,-0.0029503201568966578
2016-12-29,2206.33,"2,182.30","2,210.49","2,169.43",,1.07%,0.010639585843537592
2016-12-30,2232.72,"2,206.04","2,232.72","2,206.04",,1.20%,0.011890071480976943
2017-01-03,2285.43,"2,231.52","2,293.99","2,231.52",,2.36%,0.02333361730298052
2017-01-04,2263.9,"2,284.61","2,284.61","2,251.75",,-0.94%,-0.009465200695133078
2017-01-05,2220.35,"2,265.72","2,270.94","2,213.45",,-1.92%,-0.01942414863893981
2017-01-06,2213.93,"2,221.36","2,230.41","2,195.44",,-0.29%,-0.0028956243114020602
2017-01-09,2211.25,"2,217.74","2,227.88","2,201.60",,-0.12%,-0.0012112503119232616
2017-01-10,2237.49,"2,209.53","2,237.88","2,205.87",,1.19%,0.011796735391285094
2017-01-11,2218.61,"2,233.62","2,239.87","2,211.16",,-0.84%,-0.00847382822390332
2017-01-12,2212.0,"2,224.02","2,228.55","2,205.55",,-0.30%,-0.0029837899991513516
2017-01-13,2195.19,"2,214.24","2,217.47","2,173.39",,-0.76%,-0.007628480514621111
2017-01-16,2189.07,"2,195.67","2,202.39","2,180.78",,-0.28%,-0.0027918070438498065
2017-01-17,2178.73,"2,189.95","2,195.36","2,167.88",,-0.47%,-0.0047346578671009065
2017-01-18,2170.09,"2,180.64","2,190.00","2,165.32",,-0.40%,-0.003973496887819974
2017-01-19,2162.25,"2,171.45","2,178.22","2,151.43",,-0.36%,-0.0036192951422122374
2017-01-20,2159.96,"2,162.71","2,165.88","2,147.19",,-0.11%,-0.001059643198398957
2017-01-23,2146.09,"2,160.13","2,160.13","2,136.35",,-0.64%,-0.006442121186757966
2017-01-24,2174.59,"2,147.51","2,174.59","2,147.51",,1.33%,0.013192559204752246
2017-01-25,2176.0,"2,175.40","2,178.92","2,163.55",,0.06%,0.0006481879696165474
2017-01-26,2229.2,"2,179.34","2,230.77","2,179.34",,2.44%,0.024154447719548014
2017-01-27,2266.05,"2,226.87","2,266.05","2,219.67",,1.65%,0.016395450962462563
2017-01-30,2234.14,"2,263.63","2,263.63","2,231.40",,-1.41%,-0.014181861131905931
2017-01-31,2217.39,"2,233.66","2,240.57","2,215.79",,-0.75%,-0.007525537984091894
2017-02-01,2231.68,"2,219.19","2,231.68","2,214.00",,0.64%,0.0064238365053856305
2017-02-02,2217.56,"2,231.66","2,236.80","2,210.14",,-0.63%,-0.006347172732363
2017-02-03,2226.61,"2,219.49","2,228.05","2,213.22",,0.41%,0.004072757122082942
2017-02-06,2210.51,"2,228.85","2,230.86","2,202.20",,-0.72%,-0.00725699131750683
2017-02-07,2218.77,"2,210.87","2,218.77","2,201.22",,0.37%,0.003729730148161742
2017-02-08,2189.61,"2,215.34","2,217.37","2,180.21",,-1.31%,-0.013229542507356924
2017-02-09,2173.98,"2,192.24","2,196.08","2,160.42",,-0.71%,-0.007163856753426286
2017-02-10,2162.19,"2,176.79","2,182.18","2,156.81",,-0.54%,-0.005437992077911052
2017-02-13,2161.49,"2,165.12","2,174.73","2,150.52",,-0.03%,-0.0003237982487678156
2017-02-14,2141.5,"2,162.13","2,162.13","2,135.01",,-0.92%,-0.009291280624718595
2017-02-15,2137.08,"2,140.20","2,156.36","2,109.93",,-0.21%,-0.0020661067795111356
2017-02-16,2148.48,"2,138.70","2,148.48","2,127.04",,0.53%,0.005320204075700765
2017-02-17,2128.21,"2,148.58","2,148.84","2,125.45",,-0.94%,-0.009479364548520506
2017-02-20,2119.09,"2,132.47","2,136.80","2,113.03",,-0.43%,-0.0042944995721836245
2017-02-21,2127.72,"2,118.85","2,135.97","2,111.55",,0.41%,0.00406423262598616
2017-02-22,2106.3,"2,128.98","2,130.80","2,094.85",,-1.01%,-0.010118130165584441
2017-02-24,2093.09,"2,106.96","2,106.96","2,081.35",,-0.63%,-0.006291410692024072
2017-02-27,2056.46,"2,095.51","2,097.20","2,054.93",,-1.75%,-0.017655385040706725
2017-02-28,2035.77,"2,057.74","2,057.77","2,027.05",,-1.01%,-0.010111932270554574
2017-03-01,2059.87,"2,034.28","2,063.67","2,030.49",,1.18%,0.011768748308165164
2017-03-02,2049.0,"2,062.61","2,076.71","2,044.25",,-0.53%,-0.005291004757292862
2017-03-03,2056.89,"2,046.61","2,056.89","2,032.27",,0.39%,0.003843264048339618
2017-03-06,2047.42,"2,056.63","2,071.69","2,045.28",,-0.46%,-0.004614669362418902
2017-03-07,2024.84,"2,047.59","2,048.98","2,009.00",,-1.10%,-0.01108977885149984
2017-03-09,1974.24,"2,010.85","2,020.04","1,971.73",,-2.50%,-0.025307170923096967
2017-03-10,1973.96,"1,977.75","1,989.06","1,965.23",,-0.01%,-0.00014183678662148478
2017-03-13,2000.14,"1,972.66","2,001.71","1,968.61",,1.33%,0.013175500728594528
2017-03-14,2001.25,"2,001.40","2,018.42","1,990.55",,0.06%,0.0005548072187278011
2017-03-15,1992.59,"2,003.09","2,018.39","1,989.12",,-0.43%,-0.004336685281465859
2017-03-16,2014.37,"2,001.82","2,021.05","1,998.24",,1.09%,0.010871191377684301
2017-03-17,2036.96,"2,015.59","2,045.85","2,013.82",,1.12%,0.011152008906192229
2017-03-20,2042.72,"2,038.99","2,051.50","2,024.85",,0.28%,0.002823752758705376
2017-03-21,2048.07,"2,045.19","2,067.40","2,040.55",,0.26%,0.002615633190745597
2017-03-22,2061.53,"2,042.65","2,061.53","2,030.55",,0.66%,0.006550539288589772
2017-03-23,2051.04,"2,065.37","2,072.91","2,040.18",,-0.51%,-0.005101443987551624
2017-03-24,2039.77,"2,047.78","2,052.90","2,036.30",,-0.55%,-0.0055099251798079625
2017-03-27,2013.16,"2,034.10","2,034.10","1,997.92",,-1.30%,-0.013131429544687828
2017-03-28,2032.54,"2,016.95","2,032.54","2,010.92",,0.96%,0.009580615585786514
2017-03-29,2023.71,"2,032.49","2,037.58","2,013.13",,-0.43%,-0.004353781915820311
2017-03-30,2021.88,"2,025.00","2,026.94","2,012.07",,-0.09%,-0.0009046888710004509
2017-03-31,1995.9,"2,021.16","2,022.24","1,992.95",,-1.28%,-0.01293269522234272
2017-04-03,2008.61,"1,998.55","2,014.18","1,992.67",,0.64%,0.006347864122948091
2017-04-04,2025.69,"2,007.90","2,028.01","2,005.61",,0.85%,0.00846744270353824
2017-04-05,2056.32,"2,028.71","2,057.03","2,028.12",,1.51%,0.015007594245001248
2017-04-06,2054.69,"2,052.05","2,058.11","2,043.42",,-0.08%,-0.0007929925178567931
2017-04-07,2020.23,"2,046.78","2,048.63","2,010.92",,-1.68%,-0.016913618669908807
2017-04-10,1971.23,"2,017.75","2,018.03","1,965.58",,-2.43%,-0.024553652920438783
2017-04-11,1977.95,"1,969.12","1,994.26","1,965.80",,0.34%,0.00340324142528229
2017-04-12,1947.88,"1,985.69","1,986.56","1,942.58",,-1.52%,-0.015319353142206022
2017-04-13,1944.7,"1,954.39","1,954.81","1,916.67",,-0.16%,-0.0016338781514742735
2017-04-14,1916.29,"1,943.65","1,943.65","1,913.71",,-1.46%,-0.014716698439607883
2017-04-17,1942.72,"1,917.13","1,944.93","1,902.48",,1.38%,0.01369802787084065
2017-04-18,1920.29,"1,944.28","1,949.52","1,914.44",,-1.15%,-0.011612836659219444
2017-04-19,1916.5,"1,920.19","1,932.81","1,911.35",,-0.20%,-0.0019756104622400046
2017-04-20,1932.17,"1,912.70","1,932.25","1,900.72",,0.82%,0.00814311779923596
2017-04-21,1944.72,"1,932.82","1,955.43","1,932.82",,0.65%,0.006474284200733851
2017-04-24,1979.57,"1,954.31","1,979.76","1,954.31",,1.79%,0.017761641565637473
2017-04-25,1998.41,"1,983.23","2,002.37","1,969.04",,0.95%,0.009472214975778877
2017-04-26,2026.92,"2,000.80","2,031.08","1,994.52",,1.43%,0.014165535118258151
2017-04-27,2011.67,"2,024.49","2,024.49","2,005.35",,-0.75%,-0.007552176617276115
2017-04-28,2016.71,"2,021.74","2,031.06","2,011.02",,0.25%,0.0025022478662501462
2017-05-02,2026.85,"2,022.19","2,044.24","2,020.55",,0.50%,0.005015392997884012
2017-05-03,1993.66,"2,024.40","2,027.65","1,992.33",,-1.64%,-0.016510718278676655
2017-05-04,1998.87,"1,994.16","2,015.61","1,989.44",,0.26%,0.0026098754210006144
2017-05-05,2002.41,"1,989.88","2,002.41","1,982.97",,0.18%,0.0017694342428497194
2017-05-10,2028.21,"2,012.84","2,028.21","2,005.40",,1.29%,0.012802175533684231
2017-05-11,2002.54,"2,028.26","2,028.58","1,991.81",,-1.27%,-0.012737255871743038
2017-05-12,1994.58,"2,003.92","2,004.03","1,983.83",,-0.40%,-0.003982872929828218
2017-05-15,2003.12,"1,995.60","2,008.11","1,984.06",,0.43%,0.004272463161676813
2017-05-16,1992.94,"2,000.20","2,002.25","1,987.21",,-0.51%,-0.005095029615247273
2017-05-17,1994.35,"1,989.02","1,999.56","1,982.97",,0.07%,0.0007072473077067699
2017-05-18,1967.66,"1,989.05","1,996.85","1,961.20",,-1.34%,-0.013473163239436883
2017-05-19,1962.4,"1,969.73","1,977.03","1,954.32",,-0.27%,-0.0026768055148186773
2017-05-22,1950.51,"1,966.66","1,966.66","1,941.78",,-0.61%,-0.0060773371201700045
2017-05-23,1960.16,"1,950.27","1,966.19","1,945.50",,0.49%,0.0049352257217508515
2017-05-24,1951.98,"1,958.22","1,965.95","1,936.99",,-0.42%,-0.004181860526951659
2017-05-25,1947.26,"1,955.83","1,960.95","1,939.97",,-0.24%,-0.0024209857846114033
2017-05-26,1934.25,"1,944.16","1,945.03","1,930.76",,-0.67%,-0.006703601804733514
2017-05-29,1940.77,"1,934.66","1,945.82","1,931.45",,0.34%,0.0033651470974717292
2017-05-30,1932.91,"1,938.06","1,939.74","1,927.28",,-0.40%,-0.004058162154324792
2017-05-31,1900.38,"1,934.03","1,936.65","1,893.39",,-1.68%,-0.01697277321551253
2017-06-01,1869.66,"1,900.89","1,904.82","1,862.60",,-1.62%,-0.016297270021313436
2017-06-02,1881.87,"1,868.75","1,881.97","1,849.57",,0.65%,0.006509367171973962
2017-06-05,1877.69,"1,882.83","1,894.50","1,871.29",,-0.22%,-0.002223665387651384
2017-06-06,1870.04,"1,877.36","1,882.94","1,867.88",,-0.41%,-0.004082476926014436
2017-06-07,1868.42,"1,870.69","1,889.45","1,867.97",,-0.09%,-0.0008666670775667168
2017-06-08,1874.21,"1,869.49","1,874.45","1,851.63",,0.31%,0.00309408336872275
2017-06-09,1883.34,"1,873.26","1,888.92","1,866.30",,0.49%,0.004859559003771326
2017-06-13,1861.27,"1,871.07","1,871.29","1,857.26",,-1.17%,-0.01178774588187779
2017-06-14,1838.32,"1,861.50","1,862.30","1,834.51",,-1.23%,-0.012406939360561952
2017-06-15,1817.82,"1,833.42","1,833.42","1,774.56",,-1.12%,-0.01121413011205062
2017-06-16,1822.91,"1,818.87","1,833.70","1,811.45",,0.28%,0.002796144353640152
2017-06-19,1849.78,"1,820.83","1,851.70","1,820.11",,1.47%,0.014632587793766
2017-06-20,1857.96,"1,850.38","1,870.56","1,846.70",,0.44%,0.0044123985347094665
2017-06-21,1850.81,"1,858.24","1,861.03","1,844.06",,-0.38%,-0.003855730529554662
2017-06-22,1860.05,"1,842.62","1,863.42","1,836.02",,0.50%,0.004979987979178962
2017-06-23,1867.46,"1,859.63","1,876.36","1,850.22",,0.40%,0.003975849701841354
2017-06-26,1860.39,"1,870.33","1,880.11","1,857.03",,-0.38%,-0.0037930756208472832
2017-06-27,1878.94,"1,857.24","1,884.41","1,849.42",,1.00%,0.009921644877609112
2017-06-28,1891.98,"1,877.04","1,893.65","1,864.88",,0.69%,0.006916111706454545
2017-06-29,1881.04,"1,896.12","1,902.80","1,877.13",,-0.58%,-0.005799084372077091
2017-06-30,1879.5,"1,879.16","1,895.98","1,877.57",,-0.08%,-0.0008190313551179184
2017-07-03,1902.59,"1,886.72","1,902.59","1,881.98",,1.23%,0.012210331788790335
2017-07-04,1917.4,"1,902.64","1,919.23","1,899.17",,0.78%,0.007753985849873123
2017-07-05,1921.38,"1,917.36","1,924.53","1,912.31",,0.21%,0.0020735762018521276
2017-07-06,1923.22,"1,920.59","1,929.43","1,911.96",,0.10%,0.000957186776509947
2017-07-07,1912.48,"1,906.72","1,914.29","1,897.87",,-0.56%,-0.00560003549158748
2017-07-10,1925.74,"1,912.76","1,928.10","1,908.99",,0.69%,0.006909480307888924
2017-07-11,1937.64,"1,927.34","1,938.11","1,919.19",,0.62%,0.006160428243970406
2017-07-12,1954.39,"1,938.36","1,957.02","1,938.36",,0.86%,0.008607386589066082
2017-07-13,1959.91,"1,951.66","1,963.37","1,946.61",,0.28%,0.0028204295323394388
2017-07-14,1960.69,"1,959.86","1,967.60","1,955.09",,0.04%,0.00039789828612511735
2017-07-17,1959.11,"1,963.29","1,972.49","1,949.55",,-0.08%,-0.0008061636234350446
2017-07-18,1947.71,"1,956.56","1,966.86","1,944.81",,-0.58%,-0.005835964982028511
2017-07-19,1951.89,"1,929.67","1,951.89","1,925.70",,0.21%,0.0021438104425648987
2017-07-20,1946.51,"1,952.10","1,959.33","1,941.38",,-0.28%,-0.002760108462698613
2017-07-21,1925.13,"1,946.19","1,946.19","1,921.00",,-1.10%,-0.011044527554260688
2017-07-24,1931.75,"1,921.52","1,934.25","1,914.60",,0.34%,0.0034328299044905255
2017-07-25,1923.73,"1,931.92","1,936.25","1,913.24",,-0.42%,-0.004160318075920338
2017-07-26,1933.1,"1,928.13","1,938.56","1,923.90",,0.49%,0.004858922189873237
2017-07-27,1945.12,"1,935.12","1,945.12","1,935.12",,0.62%,0.006198739879837592
2017-07-28,1916.75,"1,940.79","1,940.79","1,904.26",,-1.46%,-0.01469262836848
2017-07-31,1919.53,"1,917.34","1,930.27","1,904.56",,0.15%,0.0014493209497862894
2017-08-01,1940.14,"1,924.77","1,948.62","1,924.77",,1.07%,0.010679771013272823
2017-08-02,1965.48,"1,940.95","1,966.97","1,940.77",,1.31%,0.01297635488022573
2017-08-03,1965.29,"1,965.56","1,976.36","1,961.38",,-0.01%,-9.667317098080098e-05
2017-08-04,1953.49,"1,962.46","1,962.46","1,950.57",,-0.60%,-0.006022300646433327
2017-08-07,1970.37,"1,953.62","1,970.96","1,953.62",,0.86%,0.008603825890589676
2017-08-08,1989.61,"1,970.30","1,989.77","1,969.75",,0.98%,0.009717297257006525
2017-08-09,1975.91,"1,985.31","1,987.95","1,973.08",,-0.69%,-0.006909587900637895
2017-08-10,1960.23,"1,977.15","1,983.74","1,959.05",,-0.79%,-0.007967238433107702
2017-08-11,1944.83,"1,953.56","1,953.56","1,933.69",,-0.79%,-0.007887243645067259
2017-08-14,1951.75,"1,947.69","1,960.38","1,946.67",,0.36%,0.0035518363667425114
2017-08-15,1950.28,"1,950.42","1,952.60","1,938.58",,-0.08%,-0.0007534540070385482
2017-08-16,1942.88,"1,952.11","1,957.62","1,941.07",,-0.38%,-0.0038015436878527996
2017-08-17,1941.52,"1,941.55","1,947.95","1,936.95",,-0.07%,-0.000700236873427593
2017-08-18,1930.71,"1,937.51","1,937.51","1,921.34",,-0.56%,-0.005583360535137087
2017-08-21,1937.66,"1,932.25","1,943.78","1,932.25",,0.36%,0.003593248566125486
2017-08-22,1947.4,"1,939.95","1,948.28","1,938.90",,0.50%,0.005014090081586197
2017-08-23,1958.52,"1,947.77","1,958.58","1,944.30",,0.57%,0.005693936405948798
2017-08-24,1973.5,"1,958.83","1,973.50","1,958.83",,0.76%,0.007619530152296941
2017-08-25,1979.14,"1,973.44","1,981.79","1,973.39",,0.29%,0.0028537907969037
2017-08-28,1987.15,"1,978.79","1,987.23","1,972.76",,0.40%,0.004039044492214267
2017-08-29,1989.12,"1,986.10","1,989.12","1,967.11",,0.10%,0.0009908784670985852
2017-08-30,2008.88,"1,993.00","2,009.29","1,988.78",,0.99%,0.009885022962279347
2017-08-31,2022.22,"2,006.07","2,030.86","2,001.66",,0.66%,0.006618565005566982
2017-09-01,2010.98,"2,021.93","2,030.37","2,008.49",,-0.56%,-0.005573752404612733
2017-09-04,2003.32,"2,005.08","2,012.29","1,999.84",,-0.38%,-0.003816361157399984
2017-09-05,2004.02,"2,005.23","2,014.03","1,995.94",,0.03%,0.00034935892992353317
2017-09-06,2014.6,"2,001.97","2,015.63","1,992.68",,0.53%,0.0052655013137054806
2017-09-07,2010.17,"2,017.52","2,025.37","2,010.17",,-0.22%,-0.002201368917473828
2017-09-08,2032.75,"2,010.55","2,037.48","2,010.55",,1.12%,0.011170260496840001
2017-09-11,2044.13,"2,038.78","2,049.07","2,032.92",,0.56%,0.005582714995982937
2017-09-12,2058.8,"2,045.85","2,059.96","2,044.07",,0.72%,0.007151017694669537
2017-09-13,2054.19,"2,059.40","2,072.96","2,054.19",,-0.22%,-0.0022416791339077806
2017-09-14,2052.25,"2,054.66","2,055.93","2,036.22",,-0.09%,-0.0009448574163162717
2017-09-15,2053.81,"2,051.47","2,061.60","2,041.28",,0.08%,0.0007598525472392723
2017-09-18,2059.08,"2,055.41","2,062.75","2,053.60",,0.26%,0.002562676309914981
2017-09-19,2048.99,"2,057.36","2,059.16","2,046.61",,-0.49%,-0.004912292288017461
2017-09-20,2057.53,"2,048.86","2,058.08","2,044.23",,0.42%,0.004159245449357613
2017-09-21,2060.24,"2,056.27","2,066.41","2,051.68",,0.13%,0.001316246604961805
2017-09-22,2051.63,"2,059.01","2,059.01","2,046.35",,-0.42%,-0.004187881710153445
2017-09-25,2069.11,"2,050.52","2,070.82","2,046.01",,0.85%,0.008483963971184732
2017-09-26,2071.13,"2,071.62","2,086.65","2,070.49",,0.10%,0.0009757889205847685
2017-09-27,2081.12,"2,072.27","2,085.14","2,065.79",,0.48%,0.004811858281982403
2017-09-28,2071.64,"2,080.73","2,084.39","2,068.54",,-0.46%,-0.004565646205243434
2017-09-29,2077.19,"2,071.33","2,077.28","2,068.39",,0.27%,0.002675454675463509
2017-10-02,2075.72,"2,077.16","2,083.43","2,072.72",,-0.07%,-0.0007079373554419814
2017-10-03,2076.81,"2,076.53","2,084.03","2,072.83",,0.05%,0.0005249811681237674
2017-10-04,2077.09,"2,076.50","2,080.05","2,068.73",,0.01%,0.000134813067442323
2017-10-05,2088.32,"2,076.78","2,088.64","2,071.19",,0.54%,0.0053920392991266206
2017-10-06,2093.86,"2,089.39","2,103.05","2,089.39",,0.27%,0.0026493375418720202
2017-10-09,2096.29,"2,094.16","2,100.29","2,086.74",,0.12%,0.0011598631420925484
2017-10-10,2086.91,"2,096.35","2,096.35","2,084.49",,-0.45%,-0.004484612603116983
2017-10-11,2101.07,"2,087.47","2,103.29","2,087.07",,0.68%,0.006762235712109879
2017-10-12,2094.96,"2,101.33","2,101.33","2,090.86",,-0.29%,-0.0029122786626543944
2017-10-13,2098.77,"2,094.94","2,105.64","2,092.40",,0.18%,0.0018169987329757623
2017-10-16,2106.39,"2,102.25","2,106.39","2,098.07",,0.36%,0.003624122906266455
2017-10-17,2092.57,"2,105.74","2,106.49","2,086.41",,-0.66%,-0.006582606122702025
2017-10-18,2094.4,"2,091.40","2,101.35","2,086.45",,0.09%,0.0008741405438914841
2017-10-19,2072.73,"2,094.56","2,099.66","2,071.60",,-1.03%,-0.01040053722286593
2017-10-20,2071.83,"2,076.29","2,079.64","2,067.91",,-0.04%,-0.00043430425142679187
2017-10-23,2063.81,"2,073.55","2,078.59","2,060.43",,-0.39%,-0.0038784855807092017
2017-10-24,2061.79,"2,064.07","2,066.21","2,057.69",,-0.10%,-0.000979251581064798
2017-10-25,2049.48,"2,063.20","2,073.44","2,048.78",,-0.60%,-0.005988435100468396
2017-10-26,2046.69,"2,049.66","2,053.53","2,038.26",,-0.14%,-0.00136224835954322
2017-10-27,2068.76,"2,050.35","2,068.76","2,050.35",,1.08%,0.010725539890990897
2017-10-30,2065.25,"2,069.45","2,076.96","2,064.74",,-0.17%,-0.0016981095079335517
2017-10-31,2064.31,"2,066.10","2,079.28","2,064.31",,-0.05%,-0.00045525432067102173
2017-11-01,2082.73,"2,070.68","2,089.83","2,068.26",,0.89%,0.00888350299821593
2017-11-02,2073.04,"2,080.53","2,080.53","2,065.69",,-0.47%,-0.004663404163834563
2017-11-03,2081.15,"2,073.17","2,096.04","2,073.17",,0.39%,0.0039044965700363926
2017-11-07,2155.55,"2,092.78","2,155.55","2,092.78",,3.57%,0.0351252858659298
2017-11-08,2163.01,"2,155.21","2,178.42","2,144.98",,0.35%,0.0034548587585872402
2017-11-09,2183.61,"2,162.00","2,183.61","2,156.48",,0.95%,0.009478700339569896
2017-11-10,2169.26,"2,184.64","2,190.56","2,166.68",,-0.66%,-0.006593374939264457
2017-11-13,2167.63,"2,169.85","2,191.71","2,167.63",,-0.08%,-0.0007516907630819024
2017-11-14,2166.83,"2,166.11","2,185.56","2,166.11",,-0.04%,-0.0003691347983758669
2017-11-15,2131.75,"2,159.83","2,162.41","2,131.75",,-1.62%,-0.01632203136756711
2017-11-16,2132.65,"2,135.18","2,147.83","2,112.20",,0.04%,0.000422099246488399
2017-11-17,2131.91,"2,135.58","2,139.43","2,127.95",,-0.03%,-0.00034704635762063417
2017-11-20,2130.39,"2,132.40","2,139.91","2,123.76",,-0.07%,-0.000713229976507994
2017-11-21,2155.82,"2,132.50","2,155.82","2,132.50",,1.19%,0.0118661000684262
2017-11-22,2160.16,"2,158.33","2,168.01","2,151.30",,0.20%,0.0020111314059908856
2017-11-23,2148.56,"2,159.88","2,160.64","2,143.06",,-0.54%,-0.005384442723501342
2017-11-24,2161.17,"2,148.59","2,163.61","2,144.62",,0.59%,0.0058518914110079435
2017-11-27,2145.87,"2,159.02","2,164.32","2,139.12",,-0.71%,-0.007104677159907449
2017-11-28,2149.45,"2,144.53","2,149.45","2,126.06",,0.17%,0.0016669309057142545
2017-11-29,2124.08,"2,148.95","2,150.88","2,120.24",,-1.18%,-0.011873228006292534
2017-11-30,2100.62,"2,121.93","2,123.18","2,092.20",,-1.10%,-0.011106228203394465
2017-12-01,2105.99,"2,102.54","2,109.33","2,091.89",,0.26%,0.0025531261120034328
2017-12-04,2119.42,"2,104.90","2,123.08","2,087.37",,0.64%,0.006356800984654527
2017-12-05,2113.69,"2,117.70","2,117.70","2,099.77",,-0.27%,-0.002707231089976324
2017-12-06,2124.12,"2,110.80","2,126.16","2,102.90",,0.49%,0.004922363701821481
2017-12-07,2103.15,"2,120.80","2,120.83","2,100.87",,-0.99%,-0.009921378105815044
2017-12-08,2104.99,"2,106.38","2,118.71","2,097.29",,0.09%,0.0008744956761229728
2017-12-11,2148.6,"2,104.62","2,148.60","2,104.62",,2.07%,0.020505750721068552
2017-12-12,2160.75,"2,151.96","2,160.75","2,142.06",,0.57%,0.005638916400305545
2017-12-13,2131.94,"2,152.39","2,158.25","2,127.10",,-1.33%,-0.013423020332140661
2017-12-14,2152.41,"2,132.54","2,152.41","2,127.74",,0.96%,0.009555781280449453
2017-12-15,2143.99,"2,151.23","2,151.23","2,135.85",,-0.39%,-0.003919565580345617
2017-12-18,2134.58,"2,144.92","2,155.92","2,122.05",,-0.44%,-0.0043986730016365005
2017-12-19,2118.16,"2,133.93","2,139.27","2,112.99",,-0.77%,-0.007722118725887321
2017-12-20,2102.97,"2,116.97","2,120.57","2,101.93",,-0.72%,-0.007197156007473558
2017-12-21,2093.38,"2,101.23","2,103.62","2,082.29",,-0.46%,-0.00457064672643325
2017-12-22,2102.94,"2,095.56","2,109.44","2,089.60",,0.46%,0.004556381085941478
2017-12-25,2105.06,"2,109.38","2,115.68","2,100.76",,0.10%,0.0010076046479866115
2017-12-26,2097.03,"2,105.51","2,107.48","2,086.61",,-0.38%,-0.003821912321975046
2017-12-27,2106.17,"2,099.09","2,108.74","2,091.94",,0.44%,0.0043490742322510306
2017-12-28,2102.89,"2,105.98","2,106.25","2,088.67",,-0.16%,-0.0015585430779994785
2017-12-29,2109.74,"2,102.81","2,110.90","2,091.93",,0.33%,0.0032521280232654173
2018-01-03,2152.97,"2,111.24","2,152.97","2,111.24",,2.05%,0.020283567093015164
2018-01-04,2197.6,"2,153.87","2,197.60","2,153.87",,2.07%,0.02051757155929871
2018-01-05,2207.41,"2,196.69","2,207.41","2,188.35",,0.45%,0.004454026764002596
2018-01-09,2225.39,"2,211.40","2,242.87","2,211.40",,0.81%,0.00811229859424845
2018-01-10,2232.27,"2,227.33","2,233.63","2,213.77",,0.31%,0.003086823787814773
2018-01-11,2246.45,"2,232.19","2,246.82","2,221.61",,0.64%,0.006332187491418068
2018-01-12,2262.38,"2,245.70","2,262.38","2,234.42",,0.71%,0.007066164074900152
2018-01-15,2261.53,"2,268.01","2,280.17","2,259.66",,-0.04%,-0.0003757811318095995
2018-01-16,2257.89,"2,262.09","2,265.64","2,232.92",,-0.16%,-0.0016108265162689739
2018-01-17,2277.89,"2,250.71","2,277.89","2,231.70",,0.89%,0.008818827023951271
2018-01-18,2297.47,"2,279.34","2,299.64","2,279.34",,0.86%,0.008558941603887392
2018-01-19,2286.33,"2,298.07","2,306.79","2,273.24",,-0.48%,-0.004860605581534143
2018-01-22,2308.61,"2,286.04","2,308.61","2,285.32",,0.97%,0.00969769990931557
2018-01-23,2298.95,"2,311.99","2,315.77","2,281.52",,-0.42%,-0.0041931148606537735
2018-01-24,2306.99,"2,297.69","2,306.99","2,283.20",,0.35%,0.003491147590299824
2018-01-25,2320.03,"2,311.56","2,328.48","2,307.62",,0.57%,0.00563647208059781
2018-01-26,2295.26,"2,317.15","2,317.15","2,281.71",,-1.07%,-0.010733989773039467
2018-01-29,2284.27,"2,295.34","2,303.49","2,280.92",,-0.48%,-0.004799628388732064
2018-01-30,2280.36,"2,276.37","2,301.98","2,264.16",,-0.17%,-0.0017131732281952352
2018-01-31,2289.99,"2,278.83","2,295.88","2,266.95",,0.42%,0.004214125505256967
2018-02-01,2302.57,"2,292.22","2,313.21","2,288.31",,0.55%,0.0054784396780570965
2018-02-02,2281.84,"2,303.06","2,309.60","2,272.84",,-0.90%,-0.009043755375801096
2018-02-05,2276.85,"2,272.67","2,281.97","2,255.43",,-0.22%,-0.0021892262878017575
2018-02-06,2238.24,"2,233.31","2,258.79","2,222.85",,-1.70%,-0.017103066012857535
2018-02-07,2254.64,"2,247.99","2,267.35","2,247.99",,0.73%,0.007300472231185658
2018-02-08,2227.24,"2,248.98","2,259.40","2,227.24",,-1.22%,-0.012227164210365467
2018-02-09,2197.12,"2,209.67","2,217.89","2,181.96",,-1.35%,-0.013615738919668148
2018-02-12,2220.12,"2,208.98","2,229.81","2,206.28",,1.05%,0.01041383663023901
2018-02-13,2250.63,"2,225.71","2,250.63","2,220.69",,1.37%,0.013648928546270169
2018-02-14,2257.95,"2,252.95","2,259.06","2,232.96",,0.33%,0.0032471449688407997
2018-02-15,2265.45,"2,267.82","2,280.27","2,265.45",,0.33%,0.003316092705837737
2018-02-16,2255.27,"2,266.42","2,283.65","2,248.30",,-0.45%,-0.0045037149866037855
2018-02-19,2254.92,"2,255.37","2,266.89","2,251.18",,-0.02%,-0.00015520410479490736
2018-02-20,2270.12,"2,256.01","2,271.37","2,254.92",,0.67%,0.006718197925287822
2018-02-21,2320.32,"2,268.27","2,320.32","2,265.85",,2.21%,0.021872413668878394
2018-02-22,2336.82,"2,316.09","2,336.82","2,307.28",,0.71%,0.007085923566447253
2018-02-26,2353.16,"2,353.89","2,376.96","2,346.73",,0.70%,0.006968074965949955
2018-02-27,2341.89,"2,356.75","2,357.10","2,333.38",,-0.48%,-0.004800810064086945
2018-02-28,2296.8,"2,338.26","2,338.26","2,296.80",,-1.93%,-0.019441445844684047
2018-03-01,2297.9,"2,286.41","2,306.51","2,281.22",,0.05%,0.0004788125540365076
2018-03-02,2288.84,"2,295.15","2,301.77","2,263.77",,-0.39%,-0.003950523370849951
2018-03-05,2309.53,"2,291.90","2,317.01","2,291.90",,0.90%,0.008998901620889881
2018-03-06,2303.32,"2,312.60","2,325.16","2,302.11",,-0.27%,-0.002692480246090721
2018-03-07,2291.23,"2,299.38","2,299.38","2,269.90",,-0.52%,-0.0052627691088143105
2018-03-09,2311.69,"2,290.77","2,311.69","2,286.23",,0.89%,0.008890067501324936
2018-03-12,2318.01,"2,317.19","2,326.41","2,309.60",,0.27%,0.0027302001968893953
2018-03-13,2319.38,"2,315.24","2,326.06","2,305.25",,0.06%,0.0005908496114648998
2018-03-14,2275.24,"2,316.60","2,316.60","2,275.24",,-1.90%,-0.019214367239313516
2018-03-15,2272.49,"2,275.06","2,284.79","2,262.21",,-0.12%,-0.001209394724483329
2018-03-16,2294.6,"2,273.51","2,294.60","2,255.95",,0.97%,0.00968238976313467
2018-03-19,2281.72,"2,299.01","2,302.78","2,279.50",,-0.56%,-0.005628991857710278
2018-03-20,2291.18,"2,281.53","2,293.85","2,263.48",,0.41%,0.004137424170616393
2018-03-21,2309.36,"2,292.74","2,316.08","2,290.18",,0.79%,0.00790346117365344
2018-03-22,2285.76,"2,311.31","2,317.38","2,279.63",,-1.02%,-0.010271856884994528
2018-03-23,2285.53,"2,272.32","2,288.15","2,259.78",,-0.01%,-0.00010062805037264942
2018-03-26,2240.85,"2,285.15","2,285.15","2,240.85",,-1.95%,-0.019742686759799108
2018-03-27,2262.5,"2,248.11","2,271.62","2,243.08",,0.97%,0.009615138417645193
2018-03-28,2249.23,"2,260.18","2,260.18","2,241.07",,-0.59%,-0.005882461169225651
2018-03-29,2274.62,"2,251.61","2,274.62","2,251.61",,1.13%,0.011225070061602652
2018-03-30,2270.98,"2,278.94","2,281.54","2,270.98",,-0.16%,-0.0016015490927655898
2018-04-02,2256.64,"2,271.91","2,294.08","2,256.64",,-0.63%,-0.006334475044296572
2018-04-03,2263.85,"2,259.80","2,264.07","2,245.83",,0.32%,0.003189922381795499
2018-04-04,2265.6,"2,264.74","2,273.53","2,248.48",,0.08%,0.0007727207882090687
2018-04-05,2296.25,"2,270.16","2,297.69","2,270.16",,1.35%,0.013437733029934926
2018-04-06,2281.23,"2,286.35","2,293.99","2,274.91",,-0.65%,-0.006562586360252854
2018-04-09,2090.88,"2,272.40","2,272.40","2,065.32",,-8.34%,-0.08712974119643177
2018-04-10,2173.76,"2,090.73","2,199.44","2,083.30",,3.96%,0.03887335703028649
2018-04-11,2192.15,"2,172.45","2,231.26","2,157.92",,0.85%,0.008424410380632703
2018-04-12,2210.05,"2,206.94","2,220.83","2,173.60",,0.82%,0.008132342306689072
2018-04-13,2175.16,"2,210.02","2,219.10","2,167.90",,-1.58%,-0.01591291465472474
2018-04-16,2143.67,"2,156.28","2,179.75","2,141.17",,-1.45%,-0.014582911601866689
2018-04-17,2191.19,"2,173.45","2,191.19","2,165.21",,2.22%,0.021925461795404
2018-04-18,2241.49,"2,193.73","2,246.60","2,191.67",,2.30%,0.022696048058232967
2018-04-19,2230.55,"2,248.08","2,265.92","2,219.49",,-0.49%,-0.004892631471688135
2018-04-20,2232.66,"2,231.08","2,242.72","2,222.81",,0.09%,0.0009455079000056664
2018-04-23,2250.99,"2,232.33","2,250.99","2,212.16",,0.82%,0.008176419711228887
2018-04-24,2253.77,"2,260.17","2,270.61","2,245.57",,0.12%,0.0012342501500258165
2018-04-25,2253.5,"2,245.06","2,253.50","2,229.66",,-0.01%,-0.00011980644617376949
2018-04-26,2286.02,"2,255.66","2,286.73","2,253.92",,1.44%,0.014327751092168264
2018-04-27,2301.49,"2,287.95","2,302.54","2,281.49",,0.68%,0.00674442503258916
2018-04-30,2307.02,"2,296.11","2,322.38","2,289.33",,0.24%,0.0023999091481624124
2018-05-02,2306.42,"2,304.28","2,317.43","2,298.52",,-0.03%,-0.0002601095943082191
2018-05-03,2274.07,"2,303.34","2,313.85","2,274.07",,-1.40%,-0.01412536121095905
2018-05-04,2289.47,"2,278.90","2,294.35","2,278.90",,0.68%,0.0067491721152824246
2018-05-07,2297.12,"2,294.10","2,313.73","2,292.63",,0.33%,0.0033358146657459778
2018-05-08,2301.99,"2,292.78","2,301.99","2,277.17",,0.21%,0.002117801844355298
2018-05-10,2312.92,"2,315.39","2,322.45","2,303.15",,0.47%,0.004736829293252787
2018-05-11,2345.26,"2,317.60","2,346.98","2,317.53",,1.40%,0.013885474417724544
2018-05-14,2357.62,"2,345.93","2,358.59","2,326.27",,0.53%,0.005256365656043833
2018-05-15,2337.03,"2,353.22","2,354.11","2,330.59",,-0.87%,-0.00877174316382045
2018-05-16,2338.39,"2,336.52","2,350.49","2,328.86",,0.06%,0.0005817659326252726
2018-05-17,2323.51,"2,342.22","2,346.04","2,323.51",,-0.64%,-0.006383684991846111
2018-05-18,2326.94,"2,323.75","2,338.94","2,321.93",,0.15%,0.0014751263305582338
2018-05-21,2332.63,"2,328.42","2,347.93","2,328.42",,0.24%,0.002442286660911747
2018-05-22,2326.87,"2,333.89","2,336.77","2,317.78",,-0.25%,-0.002472369539243801
2018-05-23,2295.57,"2,317.00","2,318.77","2,294.98",,-1.35%,-0.013542838149960088
2018-05-24,2294.01,"2,298.73","2,310.08","2,289.68",,-0.07%,-0.0006798007922627552
2018-05-25,2306.57,"2,297.91","2,316.13","2,296.91",,0.55%,0.005460194673287985
2018-05-28,2311.28,"2,306.23","2,314.48","2,301.82",,0.20%,0.002039911055268435
2018-05-29,2298.0,"2,314.11","2,316.59","2,285.41",,-0.57%,-0.0057623041975776584
2018-05-30,2297.6,"2,298.52","2,307.82","2,289.21",,-0.02%,-0.00017407955479602758
2018-05-31,2302.88,"2,303.34","2,315.15","2,289.65",,0.23%,0.002295413660455549
2018-06-01,2295.34,"2,297.13","2,311.95","2,292.97",,-0.33%,-0.003279532844420144
2018-06-04,2323.64,"2,299.65","2,324.20","2,299.65",,1.23%,0.01225394096716244
2018-06-05,2318.23,"2,322.71","2,329.03","2,310.82",,-0.23%,-0.0023309581912212968
2018-06-06,2315.45,"2,319.33","2,322.05","2,302.70",,-0.12%,-0.0011999103665122622
2018-06-07,2316.07,"2,318.28","2,326.44","2,316.07",,0.03%,0.00026773068180813863
2018-06-08,2267.92,"2,313.00","2,316.92","2,267.92",,-2.08%,-0.021008671904261218
2018-06-11,2271.74,"2,283.64","2,285.14","2,260.40",,0.17%,0.0016829458160378913
2018-06-13,2270.73,"2,275.69","2,283.73","2,268.36",,-0.04%,-0.00044469199208527324
2018-06-14,2253.48,"2,268.94","2,269.10","2,247.96",,-0.76%,-0.0076256776727534475
2018-06-15,2237.53,"2,254.09","2,261.74","2,235.93",,-0.71%,-0.007103109127759772
2018-06-18,2222.56,"2,234.53","2,241.30","2,216.21",,-0.67%,-0.006712894231276407
2018-06-19,2221.42,"2,216.94","2,228.84","2,192.63",,-0.05%,-0.000513053625356642
2018-06-20,2256.27,"2,226.49","2,263.76","2,226.49",,1.57%,0.015566376284109246
2018-06-21,2245.94,"2,255.51","2,268.93","2,243.71",,-0.46%,-0.004588865524776618
2018-06-22,2249.68,"2,250.99","2,262.18","2,236.44",,0.17%,0.001663842078649329
2018-06-25,2236.65,"2,234.22","2,255.69","2,232.82",,-0.58%,-0.005808773156678041
2018-06-26,2231.03,"2,238.35","2,253.30","2,229.47",,-0.25%,-0.002515848478097105
2018-06-27,2253.6,"2,239.75","2,265.33","2,223.28",,1.01%,0.01006557533523363
2018-06-28,2250.26,"2,254.46","2,264.76","2,246.92",,-0.15%,-0.0014831724841702656
2018-06-29,2295.95,"2,262.16","2,295.95","2,261.58",,2.03%,0.020100936120857598
2018-07-02,2319.31,"2,294.10","2,327.72","2,287.85",,1.02%,0.010123026432148656
2018-07-03,2301.65,"2,319.37","2,320.41","2,296.92",,-0.76%,-0.007643470611549283
2018-07-04,2304.06,"2,301.68","2,309.57","2,299.45",,0.10%,0.0010465271239206732
2018-07-05,2346.86,"2,299.68","2,346.86","2,293.78",,1.86%,0.018405480310674516
2018-07-06,2345.38,"2,342.62","2,350.97","2,319.94",,-0.06%,-0.0006308287935314306
2018-07-09,2373.17,"2,351.69","2,375.83","2,351.69",,1.18%,0.01177917848445912
2018-07-10,2365.17,"2,368.28","2,379.33","2,359.16",,-0.34%,-0.0033767131955326074
2018-07-11,2336.15,"2,355.79","2,355.79","2,326.24",,-1.23%,-0.012345625734078344
2018-07-12,2322.06,"2,332.23","2,336.52","2,307.95",,-0.60%,-0.006049552498084745
2018-07-13,2346.43,"2,326.76","2,346.43","2,324.90",,1.05%,0.010440301408041825
2018-07-16,2334.18,"2,343.02","2,352.30","2,321.33",,-0.52%,-0.005234372429853012
2018-07-17,2310.92,"2,325.28","2,325.28","2,293.76",,-1.00%,-0.010014938069165218
2018-07-18,2294.78,"2,294.22","2,303.39","2,284.45",,-0.70%,-0.007008735293021287
2018-07-19,2269.45,"2,297.15","2,297.15","2,262.99",,-1.10%,-0.011099466963874994
2018-07-20,2247.82,"2,269.97","2,274.66","2,239.77",,-0.95%,-0.009576653736067151
2018-07-23,2261.25,"2,250.57","2,273.13","2,250.57",,0.60%,0.0059569000761680296
2018-07-24,2278.3,"2,264.38","2,281.62","2,263.36",,0.75%,0.0075117930954995485
2018-07-25,2282.84,"2,268.11","2,285.22","2,258.31",,0.20%,0.001990731045018855
2018-07-26,2293.07,"2,287.75","2,300.05","2,283.01",,0.45%,0.004471249234899145
2018-07-27,2292.72,"2,293.87","2,298.07","2,275.23",,-0.02%,-0.0001526454550600756
2018-07-30,2295.72,"2,288.29","2,298.76","2,276.68",,0.13%,0.001307634153427657
2018-07-31,2321.11,"2,290.76","2,321.11","2,286.84",,1.11%,0.01099899973304582
2018-08-01,2315.18,"2,317.83","2,326.36","2,307.99",,-0.26%,-0.002558081238972377
2018-08-02,2295.15,"2,311.78","2,321.78","2,288.11",,-0.87%,-0.008689237441431387
2018-08-03,2297.99,"2,294.37","2,299.08","2,277.30",,0.12%,0.0012366269532046506
2018-08-06,2299.88,"2,297.62","2,310.96","2,286.88",,0.08%,0.0008221198539547302
2018-08-07,2312.19,"2,303.47","2,320.38","2,301.21",,0.54%,0.005338179703386669
2018-08-08,2293.01,"2,308.62","2,310.65","2,275.15",,-0.83%,-0.008329762399086569
2018-08-09,2309.58,"2,282.02","2,309.58","2,257.51",,0.72%,0.0072003248556997594
2018-08-10,2275.05,"2,295.59","2,308.46","2,259.67",,-1.50%,-0.015063659637575898
2018-08-13,2285.61,"2,264.60","2,298.36","2,255.75",,0.46%,0.004630916960237423
2018-08-14,2282.88,"2,298.73","2,305.88","2,268.92",,-0.12%,-0.0011951433952810597
2018-08-15,2267.13,"2,281.40","2,282.34","2,246.45",,-0.69%,-0.00692308935891589
2018-08-16,2261.09,"2,269.02","2,273.44","2,249.77",,-0.27%,-0.002667716489957454
2018-08-17,2255.12,"2,261.69","2,268.89","2,247.45",,-0.26%,-0.002643811283086712
2018-08-20,2272.49,"2,266.06","2,279.52","2,265.19",,0.77%,0.007672960003395886
2018-08-21,2291.76,"2,274.36","2,291.76","2,259.81",,0.85%,0.00844393470814903
2018-08-22,2297.06,"2,296.17","2,306.10","2,278.23",,0.23%,0.002309963065320373
2018-08-23,2260.04,"2,293.98","2,303.47","2,258.11",,-1.61%,-0.016247532150628925
2018-08-24,2279.76,"2,258.94","2,281.74","2,240.71",,0.87%,0.008687662025288463
2018-08-27,2312.93,"2,281.87","2,312.93","2,281.87",,1.45%,0.014444944796684704
2018-08-28,2316.28,"2,313.85","2,323.45","2,310.99",,0.14%,0.0014473314387509087
2018-08-29,2348.44,"2,316.73","2,348.44","2,316.66",,1.39%,0.013788827432946467
2018-08-30,2330.92,"2,352.06","2,359.58","2,325.80",,-0.75%,-0.007488238505927645
2018-08-31,2345.85,"2,328.52","2,345.85","2,310.78",,0.64%,0.006384770137842966
2018-09-03,2346.08,"2,344.30","2,353.09","2,339.39",,0.01%,9.804067843476705e-05
2018-09-04,2336.38,"2,348.65","2,358.88","2,332.34",,-0.41%,-0.004143127277304972
2018-09-05,2321.33,"2,333.04","2,341.37","2,321.33",,-0.64%,-0.0064624256888720765
2018-09-06,2320.65,"2,320.08","2,342.02","2,320.08",,-0.03%,-0.00029297842940463696
2018-09-07,2321.82,"2,321.66","2,330.84","2,305.27",,0.05%,0.0005040420400220771
2018-09-10,2335.85,"2,322.67","2,335.85","2,320.04",,0.60%,0.006024489684441219
2018-09-11,2335.19,"2,336.16","2,345.65","2,314.80",,-0.03%,-0.00028259231536964215
2018-09-12,2340.63,"2,339.77","2,350.00","2,328.28",,0.23%,0.00232686564259706
2018-09-13,2357.32,"2,339.40","2,373.61","2,339.40",,0.71%,0.007105256639898463
2018-09-14,2360.26,"2,359.06","2,369.06","2,345.51",,0.12%,0.001246401918191802
2018-09-17,2373.75,"2,362.24","2,373.76","2,350.09",,0.57%,0.005699200683527168
2018-09-18,2402.58,"2,374.09","2,402.58","2,372.00",,1.21%,0.012072176810806757
2018-09-19,2404.42,"2,405.31","2,416.53","2,396.18",,0.08%,0.0007655502766230666
2018-09-20,2400.89,"2,405.36","2,434.94","2,400.89",,-0.15%,-0.0014692082862418577
2018-09-21,2426.8,"2,401.35","2,426.80","2,401.00",,1.08%,0.010734015140459253
2018-09-24,2430.01,"2,426.41","2,432.64","2,417.45",,0.13%,0.0013218554843212166
2018-09-25,2444.22,"2,432.76","2,444.65","2,420.30",,0.58%,0.005830681054403903
2018-09-26,2427.29,"2,445.35","2,449.42","2,421.45",,-0.69%,-0.006950644937348042
2018-09-27,2474.57,"2,423.75","2,474.57","2,423.14",,1.95%,0.019291234865447676
2018-09-28,2475.36,"2,467.95","2,476.86","2,446.53",,0.03%,0.00031919643579100164
2018-10-01,2472.22,"2,481.45","2,493.82","2,461.77",,-0.13%,-0.0012693075894002178
2018-10-02,2449.7,"2,475.65","2,480.19","2,445.51",,-0.91%,-0.009150964319665961
2018-10-03,2493.91,"2,451.45","2,501.78","2,451.45",,1.80%,0.017886191919293186
2018-10-04,2465.03,"2,492.54","2,498.07","2,459.02",,-1.16%,-0.01164778219285799
2018-10-05,2450.9,"2,458.28","2,466.31","2,436.98",,-0.57%,-0.00574867376594686
2018-10-08,2454.28,"2,449.95","2,466.17","2,436.49",,0.14%,0.0013781351693341335
2018-10-09,2443.83,"2,459.63","2,478.87","2,443.83",,-0.43%,-0.0042669584207789225
2018-10-10,2417.69,"2,445.78","2,454.28","2,411.06",,-1.07%,-0.010753941943183031
2018-10-11,2366.47,"2,386.03","2,388.63","2,351.68",,-2.12%,-0.02141314551068451
2018-10-12,2403.02,"2,371.68","2,407.40","2,371.68",,1.54%,0.015326886314636337
2018-10-15,2389.05,"2,405.53","2,414.16","2,374.80",,-0.58%,-0.005830482265604765
2018-10-16,2417.26,"2,387.35","2,418.65","2,377.81",,1.18%,0.011738869921664551
2018-10-17,2411.42,"2,422.45","2,433.50","2,400.53",,-0.24%,-0.0024188817016166215
2018-10-18,2378.62,"2,408.97","2,411.22","2,377.37",,-1.36%,-0.01369529802074493
2018-10-19,2344.79,"2,381.06","2,381.83","2,342.05",,-1.42%,-0.014324641933670366
2018-10-22,2308.56,"2,347.29","2,361.00","2,306.26",,-1.55%,-0.01557189211906278
2018-10-23,2305.58,"2,302.84","2,321.46","2,289.23",,-0.13%,-0.0012916818364114865
2018-10-24,2336.49,"2,311.28","2,348.87","2,307.96",,1.34%,0.013317531549421599
2018-10-25,2331.59,"2,323.03","2,336.68","2,307.06",,-0.21%,-0.002099364963608388
2018-10-26,2293.22,"2,328.82","2,328.82","2,275.58",,-1.65%,-0.016593494828382484
2018-10-29,2317.06,"2,290.53","2,321.77","2,287.05",,1.04%,0.0103421972181997
2018-10-30,2299.98,"2,311.54","2,316.89","2,283.13",,-0.74%,-0.007398713424428806
2018-10-31,2352.71,"2,306.18","2,352.71","2,306.18",,2.29%,0.022667427985750225
2018-11-01,2359.33,"2,352.94","2,366.37","2,333.09",,0.28%,0.0028098251948084412
2018-11-02,2377.95,"2,364.36","2,385.95","2,363.64",,0.79%,0.007861091549528142
2018-11-06,2412.31,"2,381.38","2,412.31","2,381.38",,1.44%,0.014346022677656457
2018-11-07,2445.34,"2,411.46","2,445.34","2,392.05",,1.37%,0.01359937791082424
2018-11-08,2438.62,"2,446.23","2,454.84","2,430.84",,-0.27%,-0.0027518670262459124
2018-11-09,2403.47,"2,431.85","2,431.85","2,385.23",,-1.44%,-0.014518779060842922
2018-11-12,2393.81,"2,407.97","2,425.08","2,391.57",,-0.40%,-0.004027287569759443
2018-11-13,2374.94,"2,388.27","2,398.95","2,373.61",,-0.79%,-0.007914064897250868
2018-11-14,2378.59,"2,368.89","2,379.67","2,346.68",,0.15%,0.001535701138875794
2018-11-15,2381.45,"2,382.43","2,396.93","2,377.48",,0.12%,0.0012016707187990625
2018-11-16,2372.67,"2,384.76","2,398.20","2,365.20",,-0.37%,-0.003693642559347457
2018-11-19,2373.78,"2,375.21","2,391.72","2,368.45",,0.05%,0.00046771798722647026
2018-11-20,2341.6,"2,371.71","2,371.71","2,323.95",,-1.36%,-0.01364916489960565
2018-11-21,2357.97,"2,339.29","2,362.28","2,336.18",,0.70%,0.006966622992396048
2018-11-22,2369.53,"2,358.14","2,372.06","2,348.04",,0.49%,0.004890543856346312
2018-11-23,2342.97,"2,368.39","2,368.39","2,334.00",,-1.12%,-0.011272267897907081
2018-11-26,2308.5,"2,344.38","2,346.94","2,284.30",,-1.47%,-0.01482139238146772
2018-11-27,2338.71,"2,311.17","2,345.01","2,310.32",,1.31%,0.013001532341601283
2018-11-28,2381.12,"2,341.11","2,386.82","2,341.11",,1.81%,0.01797146992025144
2018-11-29,2398.56,"2,387.45","2,410.49","2,377.92",,0.73%,0.0072975920551080755
2018-11-30,2392.5,"2,394.54","2,402.14","2,378.74",,-0.25%,-0.0025297129368951846
2018-12-03,2441.19,"2,405.18","2,446.15","2,405.18",,2.04%,0.020146780988781143
2018-12-04,2443.38,"2,440.63","2,449.92","2,426.71",,0.09%,0.0008967013050252772
2018-12-05,2445.55,"2,425.02","2,445.55","2,409.32",,0.09%,0.0008877198661078698
2018-12-06,2412.31,"2,438.79","2,438.79","2,391.63",,-1.36%,-0.013685251852020618
2018-12-07,2431.29,"2,415.04","2,440.03","2,412.70",,0.79%,0.00783718603857302
2018-12-10,2396.84,"2,426.40","2,429.72","2,396.69",,-1.42%,-0.014270777571375853
2018-12-11,2394.26,"2,397.71","2,408.07","2,382.20",,-0.11%,-0.0010769970359138428
2018-12-12,2370.35,"2,392.84","2,395.81","2,366.76",,-1.00%,-0.01003658251573295
2018-12-13,2378.5,"2,368.30","2,379.18","2,359.83",,0.34%,0.0034324133217827997
2018-12-14,2365.69,"2,376.87","2,376.87","2,351.62",,-0.54%,-0.0054003027415745015
2018-12-17,2359.13,"2,363.55","2,379.07","2,354.87",,-0.28%,-0.0027768271448308157
2018-12-18,2350.29,"2,353.75","2,353.75","2,321.57",,-0.37%,-0.0037541822060858147
2018-12-19,2358.58,"2,347.28","2,360.36","2,330.72",,0.35%,0.003521018233526249
2018-12-20,2352.88,"2,348.79","2,352.88","2,317.57",,-0.24%,-0.002419633311519858
2018-12-21,2347.17,"2,351.98","2,351.98","2,330.86",,-0.24%,-0.0024297625809082896
2018-12-24,2322.27,"2,345.98","2,346.36","2,315.43",,-1.06%,-0.010665191553225936
2018-12-25,2290.86,"2,318.43","2,318.43","2,258.27",,-1.35%,-0.013617862667596759
2018-12-26,2308.85,"2,291.98","2,315.98","2,291.98",,0.79%,0.007822272156648389
2018-12-27,2327.81,"2,316.66","2,340.63","2,316.66",,0.82%,0.008178346343589275
2018-12-28,2358.5,"2,329.96","2,369.24","2,329.96",,1.32%,0.013097912323958046
2019-01-03,2375.6,"2,370.56","2,387.21","2,350.41",,0.73%,0.007224213417388657
2019-01-04,2406.5,"2,377.71","2,406.50","2,377.71",,1.30%,0.01292337260145891
2019-01-08,2389.69,"2,400.96","2,403.66","2,375.01",,-0.70%,-0.007009759343273396
2019-01-09,2414.13,"2,393.55","2,414.13","2,393.55",,1.02%,0.010175323334517195
2019-01-10,2434.15,"2,413.27","2,434.15","2,398.16",,0.83%,0.00825864586572223
2019-01-11,2444.45,"2,435.71","2,448.17","2,430.45",,0.42%,0.004222529128793437
2019-01-14,2440.15,"2,438.35","2,440.15","2,418.65",,-0.18%,-0.0017606359213754453
2019-01-15,2439.55,"2,442.26","2,457.35","2,423.86",,-0.02%,-0.00024591675841698123
2019-01-16,2434.6,"2,440.34","2,446.13","2,426.80",,-0.20%,-0.002031124073635229
2019-01-17,2447.64,"2,436.48","2,447.64","2,425.51",,0.54%,0.005341823018982211
2019-01-18,2473.61,"2,454.19","2,473.61","2,451.65",,1.06%,0.010554327081268024
2019-01-21,2468.25,"2,473.67","2,481.88","2,468.18",,-0.22%,-0.0021692245841872246
2019-01-22,2468.73,"2,466.35","2,469.87","2,454.19",,0.02%,0.00019445085923475934
2019-01-23,2491.49,"2,467.91","2,493.06","2,466.59",,0.92%,0.009177076716212993
2019-01-24,2482.71,"2,490.05","2,494.09","2,470.30",,-0.35%,-0.003530219580377652
2019-01-25,2498.23,"2,485.71","2,498.23","2,482.99",,0.63%,0.006231775619301969
2019-01-28,2476.81,"2,499.19","2,502.73","2,467.50",,-0.86%,-0.00861103925097329
2019-01-29,2498.35,"2,475.68","2,501.69","2,464.25",,0.87%,0.008659072105455017
2019-01-30,2511.86,"2,497.09","2,513.77","2,492.52",,0.54%,0.005393000590487626
2019-01-31,2521.1,"2,517.89","2,536.28","2,515.86",,0.37%,0.003671799649202206
2019-02-01,2521.7,"2,520.08","2,531.51","2,512.76",,0.02%,0.00023796303753127857
2019-02-04,2523.52,"2,523.04","2,537.47","2,519.79",,0.07%,0.0007214750115740391
2019-02-05,2547.27,"2,524.35","2,549.62","2,523.78",,0.94%,0.009367445179035047
2019-02-06,2539.73,"2,547.53","2,551.97","2,533.92",,-0.30%,-0.002964421278420623
2019-02-07,2509.89,"2,537.41","2,540.45","2,506.60",,-1.17%,-0.011818848685518166
2019-02-08,2502.82,"2,508.85","2,511.21","2,495.00",,-0.28%,-0.002820831321999781
2019-02-11,2510.22,"2,503.88","2,521.82","2,503.76",,0.30%,0.0029523025449313227
2019-02-12,2533.32,"2,510.91","2,535.66","2,510.91",,0.92%,0.009160296747332144
2019-02-13,2485.76,"2,534.57","2,535.96","2,483.81",,-1.88%,-0.01895224765177152
2019-02-14,2460.82,"2,468.31","2,475.50","2,448.41",,-1.00%,-0.010083820066267174
2019-02-15,2490.16,"2,465.02","2,490.16","2,465.02",,1.19%,0.01185233770594239
2019-02-18,2472.41,"2,489.79","2,494.43","2,456.01",,-0.71%,-0.007153581992563907
2019-02-19,2458.55,"2,471.17","2,480.29","2,450.17",,-0.56%,-0.005621638180489338
2019-02-20,2487.82,"2,462.15","2,487.82","2,462.15",,1.19%,0.0118350797255813
2019-02-21,2470.23,"2,488.44","2,494.05","2,462.92",,-0.71%,-0.007095561279226399
2019-02-22,2488.63,"2,470.75","2,490.67","2,468.14",,0.74%,0.007421094543763621
2019-02-25,2494.63,"2,491.54","2,506.94","2,481.73",,0.24%,0.0024080633558691473
2019-02-26,2494.02,"2,488.43","2,494.02","2,470.35",,-0.02%,-0.0002445551413870539
2019-02-27,2490.65,"2,495.52","2,502.59","2,479.44",,-0.14%,-0.0013521458846611626
2019-02-28,2485.27,"2,489.09","2,490.57","2,468.06",,-0.22%,-0.002162415029350942
2019-03-01,2478.01,"2,487.44","2,494.89","2,476.35",,-0.29%,-0.0029254868465512242
2019-03-04,2473.79,"2,478.91","2,483.27","2,469.50",,-0.17%,-0.001704431124690736
2019-03-05,2466.23,"2,472.19","2,473.76","2,458.07",,-0.31%,-0.003060718742773693
2019-03-06,2494.04,"2,467.70","2,497.08","2,467.70",,1.13%,0.011213216777757554
2019-03-07,2476.64,"2,491.83","2,492.61","2,473.31",,-0.70%,-0.00700108277818089
2019-03-11,2465.94,"2,474.45","2,474.54","2,459.78",,-0.43%,-0.004329729297522138
2019-03-12,2468.25,"2,469.60","2,479.40","2,461.26",,0.09%,0.0009363239635139111
2019-03-13,2470.61,"2,468.26","2,470.61","2,452.09",,0.10%,0.0009556862027362626
2019-03-14,2457.79,"2,469.38","2,475.85","2,454.74",,-0.52%,-0.005202511531382147
2019-03-15,2476.73,"2,459.78","2,476.73","2,457.36",,0.77%,0.007676569559207602
2019-03-18,2483.7,"2,477.03","2,488.50","2,467.45",,0.28%,0.0028102420907491136
2019-03-19,2493.28,"2,485.05","2,497.18","2,484.48",,0.39%,0.003849728884434534
2019-03-20,2504.23,"2,493.37","2,504.23","2,484.27",,0.44%,0.004382189339596756
2019-03-21,2507.81,"2,505.06","2,514.72","2,497.99",,0.14%,0.001428560270402469
2019-03-22,2492.7,"2,507.96","2,509.96","2,486.01",,-0.60%,-0.0060434019682583115
2019-03-25,2497.59,"2,487.89","2,499.41","2,473.76",,0.20%,0.0019598065704170887
2019-03-26,2512.63,"2,498.60","2,520.02","2,492.36",,0.60%,0.006003746412866733
2019-03-27,2487.48,"2,510.69","2,514.48","2,487.48",,-1.00%,-0.0100598635229088
2019-03-28,2492.4,"2,487.70","2,497.65","2,482.82",,0.20%,0.0019759518706468173
2019-03-29,2497.1,"2,493.77","2,509.65","2,486.72",,0.19%,0.0018839568654734004
2019-04-01,2521.25,"2,498.73","2,527.06","2,498.73",,0.97%,0.009624751732881272
2019-04-02,2527.77,"2,523.03","2,532.34","2,514.55",,0.26%,0.0025826808466449264
2019-04-03,2532.32,"2,530.90","2,549.56","2,530.90",,0.18%,0.0017983874699065976
2019-04-04,2535.5,"2,530.56","2,538.36","2,523.69",,0.13%,0.0012549776501007135
2019-04-05,2540.99,"2,535.50","2,548.52","2,534.78",,0.22%,0.002162912618865385
2019-04-08,2560.07,"2,542.61","2,560.07","2,542.61",,0.75%,0.0074808329958354685
2019-04-09,2570.28,"2,563.85","2,574.07","2,556.37",,0.40%,0.0039802405212767
2019-04-10,2578.58,"2,571.70","2,591.69","2,565.33",,0.32%,0.0032240174288604706
2019-04-11,2551.45,"2,578.37","2,587.09","2,551.45",,-1.05%,-0.010577034803788679
2019-04-12,2559.72,"2,550.87","2,569.84","2,547.00",,0.32%,0.003236052495603451
2019-04-15,2545.12,"2,564.48","2,569.92","2,539.74",,-0.57%,-0.005720077341676225
2019-04-16,2559.84,"2,547.17","2,567.06","2,540.35",,0.58%,0.005766956370351629
2019-04-17,2568.26,"2,563.47","2,574.81","2,560.04",,0.33%,0.003283870270327902
2019-04-18,2560.8,"2,567.34","2,567.34","2,547.37",,-0.29%,-0.0029089171350764175
2019-04-19,2563.9,"2,561.11","2,566.88","2,560.73",,0.12%,0.0012098270642642297
2019-04-22,2584.74,"2,567.24","2,585.76","2,567.24",,0.81%,0.008095385893284015
2019-04-23,2587.48,"2,586.06","2,599.58","2,576.82",,0.11%,0.001059506461951314
2019-04-24,2579.05,"2,587.07","2,587.24","2,567.38",,-0.33%,-0.0032633150222989415
2019-04-25,2560.94,"2,578.52","2,586.93","2,558.75",,-0.70%,-0.007046735476078284
2019-04-26,2563.72,"2,560.70","2,563.72","2,547.87",,0.11%,0.0010849501323788905
2019-04-29,2569.83,"2,564.09","2,577.46","2,556.71",,0.24%,0.0023804201323224796
2019-04-30,2559.32,"2,570.19","2,570.33","2,552.86",,-0.41%,-0.0040981506524376335
2019-05-02,2575.22,"2,558.81","2,580.92","2,557.69",,0.62%,0.006193369152477307
2019-05-03,2580.95,"2,574.11","2,587.09","2,572.84",,0.22%,0.002222580853147162
2019-05-06,2579.75,"2,569.28","2,579.75","2,552.34",,-0.05%,-0.00046505319884022347
2019-05-07,2565.1,"2,579.59","2,583.18","2,556.98",,-0.57%,-0.005695030796126202
2019-05-08,2544.43,"2,563.66","2,564.38","2,544.43",,-0.81%,-0.008090807865594544
2019-05-10,2514.87,"2,538.16","2,540.33","2,511.16",,-1.16%,-0.011685543997065367
2019-05-13,2508.87,"2,512.23","2,531.54","2,506.47",,-0.24%,-0.002388659784482284
2019-05-14,2562.33,"2,508.93","2,566.92","2,508.93",,2.13%,0.02108454823000141
2019-05-15,2554.49,"2,569.33","2,576.56","2,549.17",,-0.31%,-0.0030644056797696265
2019-05-16,2581.11,"2,552.69","2,590.46","2,552.34",,1.04%,0.010366943847525458
2019-05-17,2577.48,"2,576.45","2,587.26","2,569.10",,-0.14%,-0.0014073615461401624
2019-05-20,2571.65,"2,582.01","2,588.39","2,567.11",,-0.23%,-0.002264461177421565
2019-05-21,2616.53,"2,575.15","2,619.77","2,572.36",,1.75%,0.017301296218233463
2019-05-22,2638.71,"2,619.66","2,645.70","2,610.46",,0.85%,0.008441148910089423
2019-05-23,2618.61,"2,634.19","2,634.19","2,615.70",,-0.76%,-0.007646518734220572
2019-05-24,2619.24,"2,621.94","2,642.40","2,616.56",,0.02%,0.00024055671813338526
2019-05-27,2632.95,"2,620.00","2,632.95","2,617.63",,0.52%,0.005220691231478033
2019-05-28,2609.78,"2,634.13","2,640.81","2,596.30",,-0.88%,-0.008838963994166475
2019-05-29,2641.15,"2,607.11","2,642.23","2,600.79",,1.20%,0.011948501775893407
2019-05-30,2659.52,"2,645.00","2,665.28","2,642.27",,0.70%,0.006931227012470204
2019-05-31,2665.33,"2,655.76","2,665.42","2,639.19",,0.22%,0.0021822219614247187
2019-06-03,2729.93,"2,660.64","2,743.81","2,649.78",,2.42%,0.02394809049854132
2019-06-04,2706.29,"2,726.06","2,731.10","2,690.13",,-0.87%,-0.008697274582597744
2019-06-05,2701.84,"2,706.66","2,713.82","2,690.43",,-0.16%,-0.0016456708711894183
2019-06-06,2728.25,"2,701.55","2,731.73","2,700.30",,0.98%,0.009727355622358776
2019-06-07,2729.61,"2,734.94","2,743.11","2,725.43",,0.05%,0.0004983638378955814
2019-06-10,2742.59,"2,734.16","2,746.80","2,725.65",,0.48%,0.004743987552849452
2019-06-11,2751.75,"2,718.13","2,759.57","2,717.75",,0.33%,0.0033343435195568524
2019-06-13,2758.36,"2,750.42","2,759.16","2,734.40",,0.24%,0.002399227300637226
2019-06-14,2739.28,"2,757.58","2,772.06","2,738.62",,-0.69%,-0.006941188075714111
2019-06-17,2734.31,"2,737.97","2,757.89","2,728.61",,-0.18%,-0.0018159932935613349
2019-06-18,2761.69,"2,732.47","2,761.69","2,723.99",,1.00%,0.009963692326222488
2019-06-19,2759.12,"2,763.07","2,775.83","2,751.58",,-0.09%,-0.0009310228700645466
2019-06-20,2780.2,"2,758.53","2,788.19","2,758.53",,0.76%,0.007611079251971293
2019-06-21,2761.23,"2,777.54","2,779.32","2,750.54",,-0.68%,-0.006846634931320307
2019-06-24,2762.65,"2,762.17","2,772.37","2,758.18",,0.05%,0.0005141313827523232
2019-06-25,2753.96,"2,761.39","2,763.88","2,738.34",,-0.31%,-0.0031504881395530457
2019-06-26,2775.14,"2,754.91","2,778.25","2,751.51",,0.77%,0.007661320503532741
2019-06-27,2779.66,"2,774.75","2,790.59","2,765.61",,0.16%,0.0016274216884863265
2019-06-28,2765.85,"2,777.94","2,786.66","2,761.46",,-0.50%,-0.004980616227607172
2019-07-01,2801.47,"2,777.08","2,813.44","2,777.08",,1.29%,0.012796277579727343
2019-07-02,2809.81,"2,802.82","2,810.02","2,795.36",,0.30%,0.0029725859843761277
2019-07-03,2823.95,"2,810.10","2,827.76","2,799.60",,0.50%,0.005019748690567381
2019-07-04,2842.78,"2,823.33","2,842.78","2,813.66",,0.67%,0.006645832536745107
2019-07-05,2835.35,"2,842.97","2,848.40","2,827.96",,-0.26%,-0.0026170602788859044
2019-07-08,2822.55,"2,823.14","2,823.67","2,806.97",,-0.45%,-0.004524654673050306
2019-07-09,2822.66,"2,821.89","2,835.18","2,816.79",,0.00%,3.897109231133131e-05
2019-07-10,2822.75,"2,824.79","2,833.18","2,808.76",,0.00%,3.188430955686705e-05
2019-07-11,2789.66,"2,825.20","2,828.72","2,779.41",,-1.17%,-0.011791862470499523
2019-07-12,2777.58,"2,787.09","2,788.70","2,760.46",,-0.43%,-0.004339679610853961
2019-07-15,2756.44,"2,783.45","2,785.80","2,755.43",,-0.76%,-0.007640052919614706
2019-07-16,2755.88,"2,754.05","2,757.35","2,736.44",,-0.02%,-0.00020318123836295178
2019-07-17,2713.17,"2,715.67","2,726.22","2,704.28",,-1.55%,-0.015619117864906273
2019-07-18,2702.59,"2,705.63","2,714.55","2,694.74",,-0.39%,-0.003907120499859266
2019-07-19,2700.57,"2,710.44","2,726.89","2,700.54",,-0.07%,-0.0007477106338180798
2019-07-22,2684.25,"2,699.31","2,705.07","2,684.25",,-0.60%,-0.0060615025084718895
2019-07-23,2701.06,"2,686.98","2,709.24","2,683.39",,0.63%,0.006242929226460226
2019-07-24,2682.91,"2,706.73","2,708.50","2,677.35",,-0.67%,-0.006742262217406107
2019-07-25,2701.02,"2,679.38","2,723.44","2,665.21",,0.68%,0.006727453106841083
2019-07-26,2715.68,"2,697.21","2,733.32","2,694.84",,0.54%,0.005412902983081002
2019-07-29,2728.27,"2,715.74","2,732.86","2,714.44",,0.46%,0.0046253262596054005
2019-07-30,2734.68,"2,730.38","2,735.21","2,714.01",,0.23%,0.0023467185098536418
2019-07-31,2739.5,"2,737.80","2,750.06","2,723.54",,0.18%,0.0017609947957903742
2019-08-01,2729.42,"2,727.68","2,737.91","2,722.48",,-0.37%,-0.0036862895835123584
2019-08-02,2674.9,"2,707.65","2,716.60","2,673.97",,-2.00%,-0.020177135941189507
2019-08-05,2649.16,"2,666.85","2,676.61","2,645.12",,-0.96%,-0.009669387854714058
2019-08-06,2683.35,"2,654.34","2,686.86","2,654.11",,1.29%,0.012823405306279935
2019-08-07,2674.98,"2,683.11","2,696.53","2,666.41",,-0.31%,-0.003124110238691511
2019-08-08,2696.69,"2,693.17","2,707.62","2,693.17",,0.81%,0.008083191337952881
2019-08-09,2679.71,"2,696.65","2,700.95","2,678.07",,-0.63%,-0.006316515309928566
2019-08-12,2689.93,"2,687.12","2,698.39","2,682.05",,0.38%,0.0038065912577987943
2019-08-13,2680.12,"2,688.92","2,697.53","2,665.35",,-0.36%,-0.003653601330581127
2019-08-14,2637.04,"2,684.63","2,687.93","2,630.82",,-1.61%,-0.016204493631272385
2019-08-15,2625.58,"2,643.53","2,651.23","2,620.20",,-0.43%,-0.0043552519903182875
2019-08-16,2615.2,"2,636.29","2,640.92","2,615.20",,-0.40%,-0.003961247590293349
2019-08-19,2648.09,"2,627.47","2,653.31","2,619.39",,1.26%,0.012498048984729811
2019-08-20,2672.84,"2,651.10","2,675.26","2,647.40",,0.93%,0.00930295211500088
2019-08-21,2673.95,"2,677.55","2,679.46","2,665.10",,0.04%,0.000415202398428162
2019-08-22,2675.13,"2,673.77","2,680.65","2,662.31",,0.04%,0.0004411973719374094
2019-08-23,2660.74,"2,679.23","2,682.95","2,656.97",,-0.54%,-0.005393697704820423
2019-08-26,2658.24,"2,651.09","2,672.19","2,640.05",,-0.09%,-0.0009400299245701475
2019-08-27,2659.35,"2,660.76","2,663.14","2,636.99",,0.04%,0.0004174823617924502
2019-08-28,2677.31,"2,658.17","2,677.99","2,649.54",,0.68%,0.006730827073482238
2019-08-29,2714.25,"2,679.80","2,714.37","2,679.11",,1.38%,0.01370311302597996
2019-08-30,2740.04,"2,716.69","2,740.04","2,715.30",,0.95%,0.009456846703742769
2019-09-02,2773.01,"2,742.30","2,774.77","2,735.11",,1.20%,0.011960853996240169
2019-09-03,2774.2,"2,770.86","2,781.06","2,757.85",,0.04%,0.00042904451724531847
2019-09-04,2793.36,"2,787.37","2,799.84","2,784.96",,0.69%,0.006882754972640899
2019-09-05,2807.06,"2,800.97","2,815.84","2,796.19",,0.49%,0.0048924999652015895
2019-09-06,2797.55,"2,805.95","2,805.95","2,780.76",,-0.34%,-0.0033936381396907516
2019-09-09,2786.63,"2,802.49","2,810.91","2,777.63",,-0.39%,-0.003911053698006505
2019-09-10,2787.52,"2,784.80","2,791.02","2,767.29",,0.03%,0.0003193312011921654
2019-09-11,2817.05,"2,788.19","2,819.75","2,782.95",,1.06%,0.010537926467098903
2019-09-12,2799.99,"2,816.06","2,816.06","2,789.14",,-0.61%,-0.0060743923692798164
2019-09-13,2791.74,"2,795.85","2,801.28","2,777.23",,-0.29%,-0.00295078839148755
2019-09-16,2834.32,"2,810.78","2,834.32","2,803.89",,1.53%,0.015136992147720045
2019-09-17,2820.86,"2,832.42","2,847.01","2,807.33",,-0.47%,-0.004760246505645259
2019-09-18,2818.6,"2,818.93","2,824.25","2,809.67",,-0.08%,-0.0008014952215227831
2019-09-19,2794.77,"2,815.49","2,816.57","2,794.17",,-0.85%,-0.008490494357422801
2019-09-20,2796.41,"2,794.82","2,796.41","2,777.83",,0.06%,0.0005866382577677739
2019-09-23,2785.46,"2,793.03","2,793.03","2,769.60",,-0.39%,-0.0039234213789727836
2019-09-24,2754.53,"2,785.57","2,789.61","2,749.86",,-1.11%,-0.011166201156488165
2019-09-25,2760.29,"2,749.13","2,760.29","2,739.11",,0.21%,0.002088917532944395
2019-09-26,2772.7,"2,755.60","2,779.78","2,754.84",,0.45%,0.004485828027945136
2019-09-27,2757.98,"2,772.58","2,777.19","2,757.98",,-0.53%,-0.005323046987847341
2019-09-30,2747.18,"2,759.94","2,764.31","2,744.47",,-0.39%,-0.003923596718404787
2019-10-01,2758.83,"2,749.83","2,781.33","2,748.51",,0.42%,0.004231745814250352
2019-10-02,2719.39,"2,756.86","2,758.50","2,716.73",,-1.43%,-0.014399086358111319
2019-10-03,2707.47,"2,719.65","2,722.74","2,696.58",,-0.44%,-0.004392970951722751
2019-10-04,2692.55,"2,707.90","2,717.70","2,687.00",,-0.55%,-0.005525919521091249
2019-10-07,2719.22,"2,695.54","2,721.16","2,686.15",,0.99%,0.009856374499043028
2019-10-08,2707.89,"2,720.17","2,724.62","2,700.46",,-0.42%,-0.004175340636211826
2019-10-09,2713.02,"2,704.71","2,724.83","2,702.56",,0.19%,0.0018926717216826774
2019-10-10,2721.51,"2,709.39","2,725.49","2,695.82",,0.31%,0.003124467766973625
2019-10-11,2708.07,"2,723.36","2,733.78","2,703.85",,-0.49%,-0.004950669278364134
2019-10-14,2697.46,"2,710.56","2,716.15","2,692.59",,-0.39%,-0.003925614555983372
2019-10-15,2715.26,"2,696.60","2,715.26","2,691.29",,0.66%,0.006577123578093803
2019-10-16,2744.35,"2,714.81","2,745.00","2,714.81",,1.07%,0.01065653967675381
2019-10-17,2748.64,"2,744.43","2,754.70","2,738.92",,0.16%,0.0015619911458910967
2019-10-18,2752.91,"2,747.80","2,758.73","2,742.24",,0.16%,0.001552290120935865
2019-10-21,2761.15,"2,759.79","2,767.76","2,751.95",,0.30%,0.0029887255973405345
2019-10-22,2802.23,"2,766.21","2,802.23","2,762.49",,1.49%,0.014768269157367876
2019-10-23,2821.58,"2,797.44","2,821.89","2,789.75",,0.69%,0.006881482966020183
2019-10-24,2877.05,"2,822.37","2,877.05","2,822.10",,1.97%,0.019468451895190576
2019-10-25,2873.41,"2,876.10","2,879.42","2,848.40",,-0.13%,-0.0012659858467527292
2019-10-28,2856.91,"2,879.37","2,899.65","2,850.32",,-0.57%,-0.0057588566087287026
2019-10-29,2886.48,"2,858.42","2,886.48","2,845.28",,1.04%,0.010297145510961732
2019-10-30,2911.15,"2,882.07","2,913.48","2,874.17",,0.85%,0.008510425431896314
2019-10-31,2893.98,"2,917.22","2,936.26","2,884.30",,-0.59%,-0.0059154747848525835
2019-11-01,2930.4,"2,895.47","2,930.40","2,886.59",,1.26%,0.012506215147090145
2019-11-05,2949.55,"2,950.78","2,965.48","2,936.48",,0.65%,0.006513683860608461
2019-11-06,2980.84,"2,949.70","2,980.84","2,935.15",,1.06%,0.010552523648391793
2019-11-07,3008.54,"2,977.67","3,009.11","2,966.20",,0.93%,0.009249771260705123
2019-11-08,2973.19,"2,997.85","2,997.85","2,958.55",,-1.17%,-0.011819460768351567
2019-11-11,2961.46,"2,965.84","2,972.39","2,953.23",,-0.39%,-0.003953060509072326
2019-11-12,2951.16,"2,963.70","2,983.48","2,944.00",,-0.35%,-0.0034840765748943192
2019-11-13,2933.89,"2,942.40","2,942.40","2,924.23",,-0.59%,-0.005869125861097267
2019-11-14,2922.45,"2,938.60","2,948.98","2,902.91",,-0.39%,-0.003906881960888832
2019-11-15,2934.82,"2,925.31","2,938.15","2,914.05",,0.42%,0.004223817031043906
2019-11-18,2924.48,"2,947.39","2,956.59","2,914.25",,-0.35%,-0.0035294355072129084
2019-11-19,2941.69,"2,928.10","2,942.49","2,923.10",,0.59%,0.005867559029424288
2019-11-20,2936.47,"2,935.64","2,948.89","2,914.95",,-0.18%,-0.0017760664467007577
2019-11-21,2942.6,"2,940.78","2,947.57","2,930.68",,0.21%,0.002085364597286332
2019-11-22,2947.68,"2,948.77","2,968.47","2,935.21",,0.17%,0.0017248759853522072
2019-11-25,2955.32,"2,953.11","2,959.76","2,945.33",,0.26%,0.002588515760098291
2019-11-26,2930.62,"2,954.84","2,963.92","2,922.89",,-0.84%,-0.008392931287609767
2019-11-27,2929.05,"2,932.25","2,945.60","2,922.48",,-0.05%,-0.0005358663670714923
2019-11-28,2927.57,"2,926.30","2,931.48","2,911.80",,-0.05%,-0.0005054109815915445
2019-11-29,2935.37,"2,925.76","2,936.24","2,911.56",,0.27%,0.002660782679626884
2019-12-02,2921.18,"2,937.69","2,958.84","2,920.33",,-0.48%,-0.004845865831571728
2019-12-03,2883.48,"2,917.46","2,922.81","2,882.65",,-1.29%,-0.012989746204925675
2019-12-04,2900.66,"2,887.39","2,909.11","2,875.50",,0.60%,0.005940399271495869
2019-12-05,2899.29,"2,903.50","2,909.59","2,882.80",,-0.05%,-0.0004724178744573161
2019-12-06,2928.76,"2,900.78","2,928.76","2,897.56",,1.02%,0.010113245828933522
2019-12-09,2945.03,"2,932.08","2,947.68","2,926.10",,0.56%,0.005539878548892117
2019-12-10,2932.4,"2,943.03","2,948.94","2,920.93",,-0.43%,-0.0042978034415865765
2019-12-11,2954.4,"2,932.43","2,959.12","2,932.43",,0.75%,0.007474384188922009
2019-12-12,2982.86,"2,966.24","2,996.82","2,965.10",,0.96%,0.009586987256855748
2019-12-13,2996.63,"2,990.92","3,000.10","2,984.92",,0.46%,0.004605752109913779
2019-12-16,3006.16,"3,001.42","3,012.21","2,994.44",,0.32%,0.003175192870870927
2019-12-17,3013.29,"3,012.49","3,019.95","3,005.61",,0.24%,0.002368988307744445
2019-12-18,3023.92,"3,011.37","3,023.92","3,004.27",,0.35%,0.0035214978392899823
2019-12-19,3008.39,"3,012.29","3,027.88","2,998.05",,-0.51%,-0.005148951002365167
2019-12-20,3015.93,"3,015.64","3,021.05","3,004.21",,0.25%,0.002503188388766247
2019-12-23,3033.81,"3,009.89","3,033.81","3,009.07",,0.59%,0.005911015038899912
2019-12-24,3030.59,"3,035.86","3,039.92","3,025.92",,-0.11%,-0.0010619353283428438
2019-12-25,3030.84,"3,032.41","3,036.81","3,024.89",,0.01%,8.248878569640294e-05
2019-12-26,3031.67,"3,025.58","3,034.63","3,021.62",,0.03%,0.00027381398304838806
2019-12-27,3050.47,"3,029.12","3,054.03","3,029.12",,0.62%,0.006182054301449166
2019-12-30,3045.87,"3,051.41","3,060.20","3,042.34",,-0.15%,-0.0015091024690222074
2020-01-03,3076.37,"3,059.20","3,086.09","3,057.36",,1.00%,0.009963755856411223
2020-01-06,3078.87,"3,075.55","3,079.42","3,059.47",,0.08%,0.0008123160550914142
2020-01-08,3110.06,"3,076.63","3,112.01","3,071.88",,1.01%,0.010079372059021074
2020-01-09,3118.08,"3,105.21","3,124.60","3,094.85",,0.26%,0.00257540916963197
2020-01-10,3123.66,"3,117.24","3,130.92","3,101.21",,0.18%,0.0017879634481788053
2020-01-13,3151.69,"3,124.96","3,151.69","3,117.03",,0.90%,0.00893342567776712
2020-01-14,3129.77,"3,155.63","3,166.07","3,126.00",,-0.70%,-0.006979297481141283
2020-01-15,3132.63,"3,128.38","3,148.29","3,106.41",,0.09%,0.0009133879020299869
2020-01-16,3157.23,"3,137.52","3,163.20","3,137.52",,0.79%,0.007822153571414692
2020-01-17,3196.88,"3,161.25","3,198.32","3,159.23",,1.26%,0.01248027328657614
2020-01-20,3219.92,"3,205.64","3,226.89","3,204.32",,0.72%,0.007181180343183232
2020-01-21,3209.22,"3,212.72","3,213.38","3,185.65",,-0.33%,-0.0033285975664783607
2020-01-22,3174.62,"3,212.91","3,222.93","3,174.62",,-1.08%,-0.010839976818247466
2020-01-23,3141.2,"3,162.68","3,170.41","3,135.15",,-1.05%,-0.010583047623876502
2020-01-24,3146.2,"3,147.28","3,165.86","3,134.70",,0.16%,0.0015904828876849339
2020-01-27,3085.16,"3,123.71","3,123.71","3,076.68",,-1.94%,-0.019591855536425135
2020-01-28,3113.1,"3,097.71","3,115.62","3,068.67",,0.91%,0.009015494427363309
2020-01-29,3128.8,"3,125.91","3,140.77","3,115.64",,0.50%,0.005030530161962068
2020-01-30,3108.58,"3,108.38","3,121.54","3,096.31",,-0.65%,-0.0064835141775991135
2020-01-31,3076.65,"3,133.40","3,143.29","3,076.65",,-1.03%,-0.01032468756768297
2020-02-03,3070.84,"3,062.27","3,085.89","3,058.48",,-0.19%,-0.0018902029055315004
2020-02-04,3097.6,"3,082.20","3,105.98","3,071.79",,0.87%,0.008676478291766942
2020-02-05,3114.25,"3,105.52","3,137.97","3,083.26",,0.54%,0.005360734683944261
2020-02-06,3096.68,"3,132.84","3,145.15","3,086.91",,-0.56%,-0.005657782930637871
2020-02-07,3087.63,"3,101.08","3,108.28","3,056.85",,-0.29%,-0.002926763522575293
2020-02-10,3062.41,"3,088.63","3,092.93","3,049.33",,-0.82%,-0.00820161864693706
2020-02-11,3097.58,"3,072.39","3,109.22","3,069.90",,1.15%,0.01141897378379176
2020-02-12,3122.27,"3,103.81","3,122.27","3,095.70",,0.80%,0.007939139909795482
2020-02-13,3110.05,"3,116.99","3,122.19","3,096.98",,-0.39%,-0.0039214981451774905
2020-02-14,3096.88,"3,113.72","3,120.89","3,084.57",,-0.42%,-0.0042436501666351
2020-02-17,3110.06,"3,097.18","3,110.06","3,092.45",,0.43%,0.004246865543855129
2020-02-18,3074.05,"3,103.71","3,104.42","3,064.15",,-1.16%,-0.011646108173241757
2020-02-19,3114.57,"3,089.09","3,117.84","3,086.41",,1.32%,0.013095190540929417
2020-02-20,3125.1,"3,120.51","3,139.59","3,117.50",,0.34%,0.0033751816991434737
2020-02-21,3106.03,"3,109.86","3,129.24","3,098.76",,-0.61%,-0.006120899271477206
2020-02-25,3002.68,"3,058.33","3,073.27","3,002.68",,-3.33%,-0.033840160188196945
2020-02-26,3017.42,"2,994.22","3,026.26","2,958.46",,0.49%,0.0048969384081424
2020-02-27,2915.84,"2,989.18","3,002.20","2,910.46",,-3.37%,-0.03424421866832766
2020-02-28,2785.08,"2,850.11","2,855.32","2,744.18",,-4.48%,-0.04588134467564973
2020-03-02,2765.77,"2,829.47","2,875.30","2,714.36",,-0.69%,-0.006957521062550006
2020-03-03,2821.37,"2,817.58","2,844.04","2,789.76",,2.01%,0.019903505364348793
2020-03-04,2828.01,"2,799.18","2,841.13","2,779.85",,0.24%,0.0023507015133016214
2020-03-05,2816.7,"2,852.42","2,861.60","2,800.43",,-0.40%,-0.0040072971454926986
2020-03-06,2719.51,"2,773.53","2,782.77","2,680.06",,-3.45%,-0.03511426992982232
2020-03-10,2498.94,"2,502.70","2,661.63","2,435.62",,-8.11%,-0.08458507505991335
2020-03-11,2492.88,"2,532.72","2,555.43","2,457.36",,-0.24%,-0.002427973355210055
2020-03-12,2286.4,"2,413.02","2,413.02","2,277.58",,-8.28%,-0.08646014041206264
2020-03-13,2316.38,"2,277.66","2,418.15","2,275.16",,1.31%,0.013027094051380956
2020-03-16,2266.9,"2,297.04","2,301.19","2,179.12",,-2.14%,-0.02159236285250416
2020-03-17,2224.74,"2,263.62","2,313.34","2,172.46",,-1.86%,-0.018773204534676166
2020-03-18,2112.64,"2,192.79","2,205.41","2,097.84",,-5.04%,-0.051701704615030104
2020-03-19,2275.7,"2,134.43","2,288.09","2,073.87",,7.72%,0.07434934714039944
2020-03-20,2331.61,"2,327.27","2,418.74","2,314.75",,2.46%,0.024271318697350573
2020-03-23,2253.35,"2,257.88","2,321.76","2,213.49",,-3.36%,-0.034141018271272826
2020-03-24,2415.97,"2,349.47","2,435.27","2,341.21",,7.22%,0.06968286496781745
2020-03-25,2452.69,"2,459.30","2,518.38","2,372.34",,1.52%,0.01508451864703234
2020-03-26,2489.97,"2,448.76","2,514.92","2,403.60",,1.52%,0.015085280787301491
2020-03-27,2401.11,"2,491.70","2,498.33","2,378.88",,-3.57%,-0.03633953177752426
2020-03-30,2433.35,"2,377.21","2,435.53","2,357.53",,1.34%,0.013337778344106951
2020-03-31,2508.81,"2,466.28","2,526.13","2,459.19",,3.10%,0.03053962835754778
2020-04-01,2473.61,"2,465.56","2,491.66","2,449.01",,-1.40%,-0.014129915041786229
2020-04-02,2545.95,"2,528.72","2,562.54","2,470.85",,2.92%,0.028825239199903853
2020-04-03,2572.23,"2,547.15","2,609.16","2,533.06",,1.03%,0.010269365656038457
2020-04-06,2622.59,"2,597.28","2,639.56","2,576.28",,1.96%,0.01938915214837576
2020-04-07,2634.74,"2,648.74","2,688.67","2,612.96",,0.46%,0.0046221263002681305
2020-04-08,2670.12,"2,617.66","2,670.12","2,603.99",,1.34%,0.013338909824244344
2020-04-09,2701.77,"2,693.58","2,713.50","2,643.98",,1.19%,0.011783698560718973
2020-04-10,2677.86,"2,678.30","2,680.89","2,656.45",,-0.88%,-0.008889145699978736
2020-04-13,2628.85,"2,675.73","2,677.90","2,610.61",,-1.83%,-0.0184714798779829
2020-04-14,2631.83,"2,649.34","2,667.58","2,619.91",,0.11%,0.00113293350621789
2020-04-15,2498.94,"2,617.19","2,617.19","2,489.99",,-5.05%,-0.051812779750676254
2020-04-16,2515.05,"2,511.55","2,550.84","2,468.65",,0.64%,0.006426042109050939
2020-04-17,2534.97,"2,550.95","2,556.42","2,516.87",,0.79%,0.00788911858380416
2020-04-20,2525.97,"2,524.31","2,546.14","2,502.38",,-0.36%,-0.0035566552803809343
2020-04-21,2488.02,"2,487.63","2,500.18","2,431.98",,-1.50%,-0.01513793394338
2020-04-22,2573.41,"2,474.32","2,584.68","2,471.23",,3.43%,0.033744654241061316
2020-04-23,2599.41,"2,600.28","2,620.24","2,558.32",,1.01%,0.010052628528682005
2020-04-24,2562.03,"2,588.29","2,596.97","2,551.66",,-1.44%,-0.014484583191716785
2020-04-27,2570.91,"2,570.69","2,597.64","2,557.81",,0.35%,0.0034600088288689085
2020-04-28,2612.24,"2,567.74","2,644.79","2,566.92",,1.61%,0.01594816897050455
2020-04-29,2663.14,"2,629.24","2,669.47","2,617.34",,1.95%,0.019297786929582793
2020-04-30,2650.56,"2,683.86","2,700.97","2,629.57",,-0.47%,-0.004734939309053169
2020-05-04,2624.64,"2,623.89","2,641.03","2,599.74",,-0.98%,-0.009827194646259552
2020-05-05,2653.51,"2,652.92","2,666.38","2,634.49",,1.10%,0.010939548104708428
2020-05-06,2632.1,"2,659.08","2,674.94","2,626.68",,-0.81%,-0.008101285223918423
2020-05-07,2634.0,"2,632.87","2,664.99","2,627.43",,0.07%,0.0007215966587967053
2020-05-08,2641.55,"2,647.80","2,648.45","2,613.83",,0.29%,0.002862262761030662
2020-05-12,2642.04,"2,635.51","2,651.97","2,620.35",,0.02%,0.00018547994882430515
2020-05-13,2604.98,"2,630.79","2,630.79","2,601.25",,-1.40%,-0.014126348398272818
2020-05-14,2590.31,"2,596.13","2,606.95","2,564.44",,-0.56%,-0.005647437963944691
2020-05-15,2593.91,"2,616.14","2,633.29","2,593.91",,0.14%,0.0013888301725831992
2020-05-18,2694.25,"2,623.61","2,694.25","2,623.61",,3.87%,0.03795348265349392
2020-05-19,2711.72,"2,702.34","2,720.06","2,683.81",,0.65%,0.006463247415471742
2020-05-20,2770.79,"2,706.07","2,771.27","2,700.64",,2.18%,0.021549358183550724
2020-05-21,2718.67,"2,767.97","2,794.60","2,702.67",,-1.88%,-0.01898968795925785
2020-05-22,2709.38,"2,691.58","2,718.48","2,687.18",,-0.34%,-0.0034229637054418514
2020-05-25,2757.93,"2,718.72","2,757.93","2,718.72",,1.79%,0.017760571909227512
2020-05-26,2754.04,"2,777.72","2,796.85","2,750.51",,-0.14%,-0.0014114738091185728
2020-05-27,2741.02,"2,748.25","2,780.05","2,711.90",,-0.47%,-0.004738810628129594
2020-05-28,2779.98,"2,748.03","2,781.25","2,737.94",,1.42%,0.014113619530956308
2020-05-29,2734.83,"2,766.62","2,766.62","2,717.80",,-1.62%,-0.016374456711164904
2020-06-01,2750.24,"2,761.23","2,773.56","2,733.28",,0.56%,0.0056189038768117965
2020-06-02,2796.51,"2,760.63","2,796.52","2,754.85",,1.68%,0.016684030573846948
2020-06-03,2831.08,"2,812.82","2,835.06","2,792.24",,1.24%,0.012286053124817913
2020-06-04,2766.26,"2,822.59","2,825.48","2,757.61",,-2.29%,-0.02316203691752686
2020-06-05,2792.74,"2,780.32","2,800.81","2,769.51",,0.96%,0.009526965383535375
2020-06-08,2796.3,"2,806.81","2,825.31","2,782.92",,0.13%,0.001273921990700985
2020-06-09,2795.9,"2,804.36","2,813.48","2,765.15",,-0.01%,-0.00014305640022964716
2020-06-10,2785.18,"2,795.10","2,803.35","2,768.30",,-0.38%,-0.0038415551052500617
2020-06-11,2743.8,"2,756.98","2,758.83","2,726.15",,-1.49%,-0.014968682337676904
2020-06-15,2719.06,"2,705.64","2,720.40","2,670.41",,-0.90%,-0.009057588566691512
2020-06-16,2748.3,"2,745.49","2,779.71","2,741.84",,1.08%,0.010696306363899618
2020-06-17,2740.1,"2,758.97","2,771.26","2,733.90",,-0.30%,-0.0029881226227674606
2020-06-18,2724.33,"2,734.84","2,738.04","2,700.54",,-0.58%,-0.005771889760161209
2020-06-19,2758.67,"2,739.04","2,769.86","2,738.45",,1.26%,0.012526153203444645
2020-06-22,2763.29,"2,754.42","2,763.29","2,726.65",,0.17%,0.0016733192844564852
2020-06-23,2791.97,"2,773.33","2,794.43","2,767.46",,1.04%,0.010325441044616685
2020-06-25,2760.75,"2,750.08","2,771.60","2,740.02",,-1.12%,-0.01124505791162165
2020-06-26,2761.74,"2,780.02","2,784.89","2,746.78",,0.04%,0.0003585339260387641
2020-06-29,2767.95,"2,749.54","2,767.95","2,737.86",,0.22%,0.002246058137317567
2020-06-30,2743.2,"2,770.69","2,778.09","2,743.20",,-0.89%,-0.008981851841886036
2020-07-02,2788.79,"2,762.56","2,789.92","2,758.92",,1.66%,0.01648268783895898
2020-07-03,2801.66,"2,789.27","2,803.32","2,782.65",,0.46%,0.0046042886481151525
2020-07-06,2835.18,"2,825.88","2,855.94","2,825.51",,1.20%,0.01189332857402395
2020-07-07,2825.21,"2,829.33","2,835.76","2,814.40",,-0.35%,-0.0035227291088860686
2020-07-08,2815.83,"2,815.52","2,823.00","2,806.50",,-0.33%,-0.003325630963472068
2020-07-09,2782.43,"2,805.85","2,810.74","2,773.48",,-1.19%,-0.011932420536903547
2020-07-10,2800.94,"2,768.67","2,800.94","2,765.49",,0.67%,0.0066304285090307115
2020-07-13,2766.79,"2,805.52","2,818.10","2,765.09",,-1.22%,-0.012267271673328606
2020-07-14,2744.54,"2,751.98","2,752.09","2,703.35",,-0.80%,-0.008074319948760731
2020-07-15,2747.91,"2,728.59","2,763.20","2,724.35",,0.12%,0.0012271392267198848
2020-07-16,2760.01,"2,741.68","2,762.68","2,734.30",,0.44%,0.004393680178829643
2020-07-17,2774.79,"2,757.04","2,774.79","2,752.51",,0.54%,0.005340765748273032
2020-07-20,2802.24,"2,771.85","2,802.24","2,758.69",,0.99%,0.009844028692548789
2020-07-21,2825.71,"2,814.99","2,849.18","2,813.40",,0.84%,0.008340563102861336
2020-07-22,2834.65,"2,824.50","2,844.12","2,815.03",,0.32%,0.0031588123135912476
2020-07-23,2851.79,"2,848.41","2,866.78","2,843.93",,0.60%,0.00602839453429637
2020-07-24,2863.12,"2,835.15","2,863.12","2,822.26",,0.40%,0.003965072011279851
2020-07-27,2884.88,"2,869.69","2,896.28","2,869.69",,0.76%,0.007571365327165343
2020-07-28,2895.45,"2,891.34","2,907.03","2,877.40",,0.37%,0.003657234718939862
2020-07-29,2918.42,"2,893.54","2,918.42","2,889.69",,0.79%,0.007901834584711623
2020-07-30,2882.63,"2,915.94","2,919.35","2,869.99",,-1.23%,-0.012339302060644926
2020-07-31,2911.57,"2,902.81","2,917.69","2,899.58",,1.00%,0.009989382711825978
2020-08-03,2929.97,"2,917.68","2,942.77","2,911.19",,0.63%,0.006299729472958459
2020-08-04,2940.46,"2,934.91","2,942.06","2,923.36",,0.36%,0.0035738476279225124
2020-08-05,2992.78,"2,954.41","2,994.08","2,952.15",,1.78%,0.017636689627680332
2020-08-06,2988.5,"2,998.53","3,004.83","2,981.79",,-0.14%,-0.001431132042139193
2020-08-07,2972.35,"2,992.26","2,994.46","2,968.48",,-0.54%,-0.005418703546241707
2020-08-10,2960.78,"2,976.49","2,998.78","2,960.78",,-0.39%,-0.0039001386000352177
2020-08-11,3005.63,"2,959.29","3,012.58","2,959.29",,1.51%,0.01503444946002667
2020-08-12,3053.99,"2,990.90","3,053.99","2,985.25",,1.61%,0.015961735800921216
2020-08-13,3080.44,"3,057.63","3,081.15","3,047.74",,0.87%,0.0086235115283876
2020-08-14,3061.99,"3,075.96","3,075.96","3,044.71",,-0.60%,-0.00600741253439192
2020-08-17,3071.68,"3,070.81","3,072.12","3,070.08",,0.32%,0.0031596118021965896
2020-08-18,3050.7,"3,056.72","3,073.85","3,048.31",,-0.68%,-0.006853570709970659
2020-08-19,3056.54,"3,048.22","3,073.84","3,041.43",,0.19%,0.0019124847820065423
2020-08-20,2993.69,"3,044.92","3,044.92","2,993.69",,-2.06%,-0.020776817042474742
2020-08-21,2995.61,"3,013.40","3,024.71","2,973.11",,0.06%,0.0006411433943099265
2020-08-24,3029.42,"3,005.86","3,036.63","3,005.86",,1.13%,0.011223298439475138
2020-08-25,3029.05,"3,042.58","3,051.27","3,020.46",,-0.01%,-0.00012214304946950343
2020-08-26,3051.97,"3,041.19","3,053.90","3,024.04",,0.76%,0.007538244747066281
2020-08-27,3012.01,"3,051.20","3,056.25","3,002.10",,-1.31%,-0.013179653768721407
2020-08-28,2980.17,"3,015.70","3,015.70","2,976.34",,-1.06%,-0.010627284115194945
2020-08-31,2966.2,"2,993.02","3,012.44","2,962.06",,-0.47%,-0.004698673544336763
2020-09-01,2975.0,"2,976.07","2,993.28","2,967.96",,0.30%,0.002962366671868069
2020-09-02,2956.5,"2,989.76","3,002.25","2,946.29",,-0.62%,-0.006237902718845572
2020-09-03,2931.92,"2,954.62","2,967.61","2,917.24",,-0.83%,-0.008348637756192785
2020-09-04,2921.55,"2,920.22","2,944.66","2,910.39",,-0.35%,-0.0035432011606732466
2020-09-07,2932.29,"2,929.38","2,947.17","2,925.55",,0.37%,0.0036693903662068585
2020-09-08,2888.79,"2,937.18","2,948.88","2,875.96",,-1.48%,-0.014945958397942612
2020-09-09,2876.07,"2,880.83","2,899.17","2,872.92",,-0.44%,-0.004412950407320339
2020-09-10,2897.55,"2,888.09","2,897.55","2,858.65",,0.75%,0.007440773415449539
2020-09-11,2910.51,"2,888.92","2,911.71","2,874.47",,0.45%,0.004462771221242832
2020-09-14,2928.38,"2,918.29","2,938.24","2,918.29",,0.61%,0.006121045539432421
2020-09-15,2980.58,"2,936.42","2,982.20","2,932.36",,1.78%,0.01766854335271517
2020-09-16,2975.01,"2,982.49","2,990.74","2,960.68",,-0.19%,-0.0018705121151835822
2020-09-17,2971.74,"2,947.54","2,974.54","2,945.78",,-0.11%,-0.0010997604841575677
2020-09-18,2951.79,"2,976.10","2,977.13","2,944.22",,-0.67%,-0.0067358738559227666
2020-09-21,2863.67,"2,946.18","2,946.18","2,857.78",,-2.99%,-0.03030774700042254
2020-09-22,2884.66,"2,874.00","2,907.98","2,868.38",,0.73%,0.00730302306590845
2020-09-23,2916.39,"2,933.33","2,968.55","2,916.27",,1.10%,0.010939507997445443
2020-09-24,2912.76,"2,905.55","2,920.46","2,880.39",,-0.12%,-0.0012454647656115654
2020-09-25,2896.83,"2,912.83","2,912.83","2,870.16",,-0.55%,-0.0054840496228744295
2020-09-28,2927.17,"2,909.62","2,938.94","2,909.62",,1.05%,0.010419050297663886
2020-09-29,2910.12,"2,935.77","2,947.75","2,889.22",,-0.58%,-0.005841768521933833
2020-09-30,2905.81,"2,908.55","2,920.03","2,893.80",,-0.15%,-0.0014821364043210805
2020-10-01,2889.8,"2,911.08","2,919.25","2,882.81",,-0.55%,-0.0055248854648818095
2020-10-02,2852.42,"2,840.72","2,859.01","2,824.69",,-1.29%,-0.013019538790622542
2020-10-05,2881.98,"2,860.53","2,882.94","2,845.63",,1.04%,0.01030980114123943
2020-10-06,2892.99,"2,885.38","2,906.65","2,883.69",,0.38%,0.003813011440606792
2020-10-07,2842.58,"2,883.58","2,888.20","2,838.45",,-1.74%,-0.017578478882859266
2020-10-08,2846.39,"2,850.65","2,859.87","2,837.05",,0.13%,0.0013394342278555962
2020-10-09,2834.09,"2,842.59","2,842.59","2,811.05",,-0.43%,-0.0043306267157633
2020-10-12,2846.14,"2,834.33","2,862.36","2,827.52",,0.43%,0.004242792308158812
2020-10-13,2829.23,"2,846.04","2,859.52","2,822.97",,-0.59%,-0.005959100478283056
2020-10-14,2856.08,"2,829.88","2,857.47","2,824.12",,0.95%,0.009445465461806893
2020-10-15,2817.29,"2,849.24","2,850.11","2,803.90",,-1.36%,-0.01367462529701825
2020-10-16,2799.54,"2,819.04","2,819.04","2,785.85",,-0.63%,-0.006320312021998579
2020-10-19,2794.27,"2,797.65","2,809.42","2,787.50",,-0.19%,-0.0018842261568330048
2020-10-20,2803.06,"2,785.99","2,817.73","2,774.16",,0.31%,0.0031407857767080877
2020-10-21,2786.23,"2,811.87","2,816.90","2,782.36",,-0.60%,-0.006022250004967051
2020-10-22,2803.17,"2,784.18","2,814.12","2,783.37",,0.61%,0.006061492062468827
2020-10-23,2816.7,"2,807.30","2,826.53","2,799.63",,0.48%,0.004815067302601058
2020-10-26,2785.59,"2,812.48","2,819.05","2,785.59",,-1.10%,-0.01110628681599774
2020-10-27,2763.03,"2,784.13","2,790.19","2,758.00",,-0.81%,-0.008131796488841405
2020-10-28,2693.46,"2,758.84","2,758.84","2,680.83",,-2.52%,-0.025501291183632445
2020-10-29,2709.04,"2,704.50","2,728.97","2,682.68",,0.58%,0.005767716128105904
2020-10-30,2690.59,"2,698.94","2,706.34","2,664.44",,-0.68%,-0.006833828170837781
2020-11-02,2737.54,"2,681.19","2,743.98","2,658.49",,1.74%,0.01729920648874204
2020-11-03,2786.42,"2,753.97","2,791.77","2,750.26",,1.79%,0.01769791085623785
2020-11-05,2861.39,"2,824.45","2,869.91","2,812.67",,2.69%,0.02654990298698027
2020-11-06,2895.62,"2,845.74","2,896.07","2,832.98",,1.20%,0.011891729693122759
2020-11-09,2987.75,"2,919.08","2,988.88","2,910.42",,3.18%,0.03132134532049956
2020-11-10,2998.61,"2,965.92","3,013.57","2,943.43",,0.36%,0.0036282521978667948
2020-11-11,3015.03,"3,004.63","3,031.69","3,004.20",,0.55%,0.005460932415681489
2020-11-12,3025.83,"2,997.79","3,028.52","2,988.03",,0.36%,0.0035756536343388404
2020-11-13,3025.22,"3,007.16","3,027.45","2,995.17",,-0.02%,-0.00020161790170842388
2020-11-16,3079.74,"3,054.35","3,081.28","3,046.77",,1.80%,0.017861361726839345
2020-11-17,3052.22,"3,081.05","3,087.19","3,027.76",,-0.89%,-0.008975983134155626
2020-11-18,3080.68,"3,046.02","3,086.77","3,035.57",,0.93%,0.009281157134400921
2020-11-19,3046.49,"3,067.06","3,071.25","3,040.66",,-1.11%,-0.011160243592368611
2020-11-20,3051.04,"3,050.81","3,060.91","3,035.56",,0.15%,0.00149240785843144
2020-11-23,3047.06,"3,066.64","3,094.06","3,042.61",,-0.13%,-0.0013053247946467944
2020-11-24,3095.84,"3,071.80","3,098.83","3,053.16",,1.60%,0.01588208349594875
2020-11-25,3134.52,"3,111.75","3,134.71","3,089.16",,1.25%,0.012416777509015488
2020-11-26,3138.62,"3,141.43","3,149.90","3,119.46",,0.13%,0.0013071605555734118
2020-11-27,3142.68,"3,132.55","3,150.78","3,112.44",,0.13%,0.001292726208078848
2020-11-30,3107.58,"3,130.88","3,134.79","3,093.77",,-1.12%,-0.011231650839458644
2020-12-01,3147.79,"3,113.06","3,159.03","3,113.06",,1.29%,0.012856331069719238
2020-12-02,3189.61,"3,150.66","3,189.61","3,139.92",,1.33%,0.013198032961049072
2020-12-03,3162.67,"3,185.78","3,192.98","3,141.40",,-0.84%,-0.008482044719853928
2020-12-04,3184.72,"3,171.44","3,200.23","3,171.44",,0.70%,0.0069477655221153595
2020-12-07,3195.08,"3,179.14","3,208.53","3,172.29",,0.33%,0.003247753567934675
2020-12-08,3179.61,"3,184.93","3,198.10","3,150.84",,-0.48%,-0.004853578878088443
2020-12-09,3211.66,"3,184.24","3,226.48","3,182.54",,1.01%,0.01002938966906043
2020-12-10,3258.31,"3,194.03","3,258.31","3,189.04",,1.45%,0.014420718621731991
2020-12-11,3276.58,"3,257.47","3,278.24","3,248.11",,0.56%,0.00559153944486133
2020-12-14,3254.83,"3,293.00","3,314.20","3,249.36",,-0.66%,-0.00666014854313286
2020-12-15,3248.11,"3,252.68","3,284.84","3,237.87",,-0.21%,-0.0020667582330558074
2020-12-16,3269.95,"3,259.89","3,275.68","3,242.70",,0.67%,0.00670140555135141
2020-12-17,3282.67,"3,277.67","3,318.39","3,274.45",,0.39%,0.0038824213757501103
2020-12-18,3273.75,"3,281.59","3,283.32","3,245.25",,-0.27%,-0.002720998808348611
2020-12-21,3186.38,"3,246.90","3,246.90","3,170.03",,-2.67%,-0.027050640650058033
2020-12-22,3236.46,"3,179.69","3,249.19","3,175.51",,1.57%,0.015594663707511716
2020-12-23,3252.1,"3,224.02","3,255.40","3,218.19",,0.48%,0.0048208016230480485
2020-12-24,3236.88,"3,253.73","3,264.60","3,230.62",,-0.47%,-0.004691038625711366
2020-12-25,3246.35,"3,236.38","3,248.63","3,228.74",,0.29%,0.0029213854005290503
2020-12-28,3258.95,"3,249.41","3,267.61","3,249.41",,0.39%,0.003873769313141277
2020-12-29,3274.67,"3,269.71","3,282.23","3,264.33",,0.48%,0.004812043043223127
2020-12-30,3289.02,"3,276.04","3,294.62","3,267.39",,0.44%,0.0043725474126091145
2021-01-04,3350.51,"3,306.12","3,350.81","3,304.17",,1.87%,0.01852292499171672
2021-01-05,3359.15,"3,327.94","3,365.32","3,301.88",,0.26%,0.0025753927249684452
2021-01-06,3371.03,"3,373.37","3,380.63","3,344.43",,0.35%,0.003530369867930354
2021-01-08,3454.82,"3,390.23","3,474.66","3,390.23",,2.49%,0.02455202180566686
2021-01-11,3482.48,"3,455.67","3,516.90","3,436.66",,0.80%,0.007974326200254855
2021-01-12,3471.65,"3,494.60","3,520.66","3,451.87",,-0.31%,-0.003114698389435677
2021-01-13,3470.26,"3,487.92","3,504.56","3,448.94",,-0.04%,-0.0004004661594795427
2021-01-14,3490.85,"3,461.83","3,507.71","3,439.01",,0.59%,0.0059157404630131236
2021-01-15,3450.95,"3,486.02","3,509.24","3,448.54",,-1.14%,-0.011495704111848696
2021-01-18,3471.92,"3,440.56","3,475.18","3,426.11",,0.61%,0.006058199601126614
2021-01-19,3443.23,"3,479.53","3,491.93","3,439.64",,-0.83%,-0.00829777072539467
2021-01-20,3466.8,"3,453.54","3,482.03","3,447.81",,0.68%,0.006821993945456993
2021-01-21,3422.67,"3,481.74","3,489.07","3,407.22",,-1.27%,-0.012811030038249249
2021-01-22,3382.92,"3,404.36","3,404.36","3,362.01",,-1.16%,-0.01168170637085711
2021-01-25,3397.48,"3,399.28","3,425.78","3,385.74",,0.43%,0.0042947384755052335
2021-01-26,3390.76,"3,384.99","3,408.13","3,374.10",,-0.20%,-0.0019798952880839575
2021-01-27,3343.62,"3,398.38","3,408.64","3,333.04",,-1.39%,-0.014000032654649826
2021-01-28,3342.01,"3,319.16","3,359.10","3,307.42",,-0.05%,-0.0004816300127652696
2021-01-29,3277.08,"3,335.13","3,337.01","3,272.53",,-1.94%,-0.019619640397782426
2021-02-01,3291.14,"3,287.96","3,305.91","3,268.52",,0.43%,0.0042812273265399325
2021-02-02,3360.25,"3,324.24","3,366.13","3,321.70",,2.10%,0.020781366651410213
2021-02-03,3343.46,"3,351.99","3,376.83","3,332.50",,-0.50%,-0.005009177040078343
2021-02-04,3372.0,"3,356.23","3,384.48","3,351.94",,0.85%,0.008499841210566654
2021-02-05,3392.73,"3,396.97","3,406.22","3,368.58",,0.61%,0.006128866899361243
2021-02-08,3445.9,"3,412.97","3,448.79","3,412.97",,1.57%,0.01555021149306316
2021-02-09,3426.86,"3,461.15","3,466.51","3,424.39",,-0.55%,-0.005540728531222453
2021-02-10,3399.66,"3,437.76","3,447.05","3,393.98",,-0.79%,-0.007968963379028634
2021-02-11,3414.32,"3,405.33","3,416.40","3,390.22",,0.43%,0.004302925050954714
2021-02-12,3427.08,"3,403.07","3,427.08","3,343.82",,0.37%,0.003730234979948666
2021-02-15,3481.9,"3,461.94","3,483.34","3,455.95",,1.60%,0.015869535153971007
2021-02-16,3495.26,"3,502.04","3,510.77","3,475.58",,0.38%,0.0038296431007251437
2021-02-17,3436.8,"3,491.81","3,505.19","3,431.83",,-1.67%,-0.016866959015028087
2021-02-18,3400.17,"3,451.69","3,461.15","3,395.98",,-1.07%,-0.010715375520196524
2021-02-19,3457.68,"3,398.40","3,460.85","3,380.89",,1.69%,0.016772413567032816
2021-02-20,3446.32,"3,454.43","3,455.13","3,435.42",,-0.33%,-0.003290848856344327
2021-02-22,3433.93,"3,447.57","3,456.26","3,415.37",,-0.36%,-0.0036016172067068553
2021-02-24,3385.48,"3,426.07","3,433.09","3,385.01",,-1.41%,-0.014209679496916665
2021-02-25,3409.76,"3,412.16","3,429.20","3,391.77",,0.72%,0.007146209207656475
2021-02-26,3346.64,"3,354.45","3,385.74","3,332.32",,-1.85%,-0.018685050150641112
2021-03-01,3386.16,"3,369.68","3,393.93","3,354.09",,1.18%,0.011739678554637204
2021-03-02,3410.1,"3,380.35","3,418.11","3,375.48",,0.71%,0.007045080387762676
2021-03-03,3416.04,"3,432.88","3,450.76","3,408.47",,0.17%,0.0017403690810027313
2021-03-04,3397.56,"3,403.01","3,416.04","3,366.76",,-0.54%,-0.005424458528265018
2021-03-05,3414.13,"3,378.68","3,432.98","3,367.33",,0.49%,0.004865175216199068
2021-03-09,3478.72,"3,426.48","3,491.12","3,426.33",,1.89%,0.01874170788592437
2021-03-10,3463.06,"3,476.91","3,514.35","3,455.42",,-0.45%,-0.004511818745403701
2021-03-11,3508.51,"3,481.26","3,508.51","3,472.40",,1.31%,0.013038854638941843
2021-03-12,3539.5,"3,515.44","3,539.50","3,502.37",,0.88%,0.008794028305070244
2021-03-15,3584.49,"3,562.69","3,596.31","3,558.62",,1.27%,0.012630730285420602
2021-03-16,3589.83,"3,600.68","3,602.18","3,544.29",,0.15%,0.0014886431009895815
2021-03-17,3507.91,"3,579.06","3,587.24","3,498.17",,-2.28%,-0.02308442908193391
2021-03-18,3504.85,"3,533.69","3,551.30","3,494.99",,-0.09%,-0.000872694971511045
2021-03-19,3475.26,"3,473.84","3,495.98","3,448.99",,-0.84%,-0.00847842720331903
2021-03-22,3489.07,"3,479.06","3,498.17","3,469.09",,0.40%,0.0039659286969403115
2021-03-23,3467.21,"3,481.11","3,483.34","3,450.98",,-0.63%,-0.006284989091229127
2021-03-24,3485.33,"3,459.99","3,489.96","3,445.92",,0.52%,0.005212495297213265
2021-03-25,3439.3,"3,477.87","3,479.83","3,434.84",,-1.32%,-0.013294768958031252
2021-03-26,3489.83,"3,476.01","3,500.74","3,476.01",,1.47%,0.014585062119570493
2021-03-29,3529.33,"3,500.41","3,535.21","3,498.62",,1.13%,0.011255026804649855
2021-03-30,3525.23,"3,535.72","3,549.09","3,504.06",,-0.12%,-0.0011623688682571942
2021-03-31,3541.72,"3,525.56","3,542.00","3,510.40",,0.47%,0.004666802489907964
2021-04-01,3527.54,"3,556.28","3,576.79","3,526.22",,-0.40%,-0.0040117406964273105
2021-04-02,3558.22,"3,553.89","3,564.31","3,538.01",,0.87%,0.008659675666166843
2021-04-05,3524.93,"3,555.24","3,555.83","3,516.22",,-0.94%,-0.009399841911228932
2021-04-06,3493.89,"3,536.26","3,541.04","3,484.84",,-0.88%,-0.008844849236248321
2021-04-07,3500.34,"3,484.22","3,518.13","3,460.39",,0.18%,0.0018443779596696679
2021-04-08,3507.83,"3,513.21","3,528.39","3,495.34",,0.21%,0.0021375060398862527
2021-04-09,3486.03,"3,510.20","3,511.27","3,480.85",,-0.62%,-0.006234059761556806
2021-04-12,3522.65,"3,476.51","3,541.70","3,472.37",,1.05%,0.010449994363749902
2021-04-13,3526.3,"3,533.30","3,542.63","3,511.23",,0.10%,0.0010356153260324488
2021-04-14,3576.89,"3,567.53","3,576.89","3,546.86",,1.43%,0.014244545174628363
2021-04-15,3568.51,"3,532.13","3,578.77","3,527.50",,-0.23%,-0.002345566054246347
2021-04-16,3598.44,"3,578.01","3,598.44","3,564.97",,0.84%,0.008352276489766938
2021-04-19,3574.08,"3,598.47","3,605.49","3,565.39",,-0.68%,-0.006792617842385183
2021-04-20,3552.41,"3,581.37","3,596.19","3,536.41",,-0.61%,-0.0060815539737638525
2021-04-21,3561.72,"3,554.83","3,572.63","3,545.15",,0.26%,0.0026173278573127525
2021-04-22,3600.35,"3,576.69","3,607.75","3,557.88",,1.08%,0.010787488704638965
2021-04-23,3597.17,"3,598.76","3,600.18","3,579.25",,-0.09%,-0.0008836377549255888
2021-04-26,3610.98,"3,603.13","3,613.37","3,589.27",,0.38%,0.0038317784444376426
2021-04-27,3600.6,"3,615.57","3,627.91","3,586.39",,-0.29%,-0.0028787054066394305
2021-04-28,3578.12,"3,608.89","3,613.11","3,558.24",,-0.62%,-0.006262975427706357
2021-04-29,3571.05,"3,609.38","3,616.95","3,565.58",,-0.20%,-0.0019778526191882887
2021-04-30,3544.0,"3,574.03","3,584.64","3,536.53",,-0.76%,-0.00760363745165591
2021-05-04,3577.21,"3,557.62","3,594.69","3,556.08",,0.94%,0.009327134225647384
2021-05-05,3643.56,"3,602.17","3,644.15","3,600.88",,1.85%,0.01837805870630089
2021-05-06,3658.27,"3,636.71","3,661.28","3,634.45",,0.40%,0.004029132395593986
2021-05-07,3682.69,"3,678.19","3,688.81","3,667.77",,0.67%,0.0066531053368464625
2021-05-10,3694.78,"3,684.18","3,713.49","3,675.13",,0.33%,0.003277549301561301
2021-05-11,3652.05,"3,644.29","3,658.81","3,625.97",,-1.16%,-0.011632358941636167
2021-05-12,3654.14,"3,659.63","3,674.35","3,643.22",,0.06%,0.000572117630942415
2021-05-13,3637.38,"3,634.18","3,647.27","3,600.80",,-0.46%,-0.004597129135373342
2021-05-14,3637.6,"3,654.73","3,659.34","3,623.72",,0.01%,6.048126594622234e-05
2021-05-17,3639.61,"3,645.13","3,658.78","3,618.75",,0.06%,0.0005524095226367854
2021-05-18,3687.96,"3,670.16","3,700.19","3,670.10",,1.33%,0.01319692659724383
2021-05-19,3634.76,"3,693.82","3,693.82","3,619.54",,-1.44%,-0.014530375602076834
2021-05-20,3636.16,"3,650.07","3,658.27","3,603.40",,0.04%,0.00038509570103962415
2021-05-21,3660.48,"3,637.50","3,667.87","3,620.60",,0.67%,0.006666106607664351
2021-05-24,3662.51,"3,665.96","3,674.77","3,651.09",,0.06%,0.0005544183597133747
2021-05-25,3686.76,"3,682.42","3,693.39","3,672.27",,0.66%,0.006599318846434378
2021-05-26,3711.05,"3,695.29","3,717.33","3,694.13",,0.66%,0.006566831883664302
2021-05-27,3738.68,"3,708.77","3,738.68","3,694.59",,0.74%,0.007417752506590458
2021-05-28,3730.55,"3,750.46","3,752.80","3,724.52",,-0.22%,-0.002176932082877225
2021-05-31,3721.63,"3,713.99","3,731.27","3,713.99",,-0.24%,-0.0023939315099674634
2021-06-01,3764.59,"3,739.57","3,784.59","3,739.57",,1.15%,0.01147721322097404
2021-06-02,3817.68,"3,771.32","3,817.68","3,769.47",,1.41%,0.014003950696374171
2021-06-03,3805.45,"3,833.77","3,837.73","3,777.98",,-0.32%,-0.003208658515024118
2021-06-04,3807.43,"3,805.94","3,816.24","3,766.62",,0.05%,0.0005201710902169155
2021-06-07,3822.21,"3,807.96","3,827.66","3,793.96",,0.39%,0.0038743685123315583
2021-06-08,3807.43,"3,819.52","3,833.17","3,799.07",,-0.39%,-0.0038743685123316584
2021-06-09,3843.28,"3,821.80","3,843.41","3,805.82",,0.94%,0.009371747822285146
2021-06-10,3827.71,"3,835.21","3,847.89","3,822.01",,-0.41%,-0.0040594555283553525
2021-06-11,3841.53,"3,838.98","3,849.32","3,828.62",,0.36%,0.003604011599292697
2021-06-14,3860.18,"3,845.81","3,862.39","3,842.75",,0.49%,0.004843089769355168
2021-06-15,3822.4,"3,864.36","3,865.20","3,819.64",,-0.98%,-0.009835316924440047
2021-06-16,3829.67,"3,821.45","3,836.91","3,803.54",,0.19%,0.001900140011103083
2021-06-17,3819.07,"3,807.32","3,832.61","3,801.98",,-0.28%,-0.002771700119509771
2021-06-18,3802.95,"3,809.99","3,813.50","3,775.82",,-0.42%,-0.004229856136427694
2021-06-21,3813.45,"3,797.23","3,816.85","3,785.49",,0.28%,0.0027572098765636863
2021-06-22,3821.68,"3,831.61","3,835.86","3,809.71",,0.22%,0.002155825293732227
2021-06-23,3837.15,"3,836.12","3,847.22","3,820.50",,0.40%,0.004039787027271451
2021-06-24,3823.44,"3,833.73","3,839.64","3,800.50",,-0.36%,-0.0035793625915288936
2021-06-25,3831.84,"3,818.97","3,833.32","3,805.70",,0.22%,0.002194564632849278
2021-06-28,3825.57,"3,833.72","3,852.83","3,822.81",,-0.16%,-0.001637629799437918
2021-06-29,3790.85,"3,817.72","3,821.59","3,768.24",,-0.91%,-0.009117207429101219
2021-06-30,3841.85,"3,799.42","3,847.30","3,779.28",,1.35%,0.0133637530637385
2021-07-01,3858.32,"3,843.28","3,879.50","3,843.16",,0.43%,0.004277834156014091
2021-07-02,3865.42,"3,853.81","3,877.23","3,843.90",,0.18%,0.0018384880899295086
2021-07-05,3882.59,"3,874.81","3,882.59","3,863.09",,0.44%,0.004432113047542679
2021-07-06,3884.3,"3,896.82","3,915.00","3,878.39",,0.04%,0.000440330692884563
2021-07-07,3895.1,"3,881.88","3,912.39","3,879.72",,0.28%,0.0027765655290596476
2021-07-08,3861.08,"3,882.15","3,883.47","3,839.40",,-0.87%,-0.008772415845928873
2021-07-09,3855.31,"3,865.62","3,874.96","3,850.57",,-0.15%,-0.0014955182605906443
2021-07-12,3875.61,"3,864.26","3,882.60","3,848.45",,0.53%,0.005251650943450715
2021-07-13,3877.03,"3,888.32","3,891.54","3,852.54",,0.04%,0.0003663268295393873
2021-07-14,3832.85,"3,851.16","3,862.73","3,829.59",,-1.14%,-0.01146074480561756
2021-07-15,3799.97,"3,826.45","3,832.50","3,789.31",,-0.86%,-0.008615479830610017
2021-07-16,3770.15,"3,795.03","3,812.49","3,756.01",,-0.78%,-0.007878383497519867
2021-07-19,3693.42,"3,743.97","3,744.27","3,679.79",,-2.04%,-0.02056193038713058
2021-07-20,3704.4,"3,707.23","3,719.09","3,679.44",,0.30%,0.0029684442342930886
2021-07-21,3722.96,"3,718.92","3,738.33","3,701.95",,0.50%,0.004997748495248715
2021-07-22,3754.44,"3,746.35","3,758.58","3,724.29",,0.85%,0.008420088797868805
2021-07-23,3734.54,"3,760.33","3,767.40","3,724.74",,-0.53%,-0.005314487910925839
2021-07-26,3750.1,"3,724.20","3,755.52","3,710.14",,0.42%,0.004157854597268353
2021-07-27,3733.1,"3,756.79","3,762.89","3,733.10",,-0.45%,-0.004543518613704056
2021-07-28,3782.28,"3,747.25","3,782.28","3,743.46",,1.32%,0.013088014718253034
2021-07-29,3804.33,"3,794.40","3,806.83","3,789.57",,0.58%,0.005812889311169462
2021-07-30,3771.58,"3,789.33","3,793.40","3,759.83",,-0.86%,-0.008645879903097136
2021-08-02,3788.1,"3,791.22","3,801.24","3,781.43",,0.44%,0.004370562324549046
2021-08-03,3793.69,"3,782.41","3,797.30","3,771.80",,0.15%,0.0014745860840013145
2021-08-04,3810.62,"3,808.44","3,814.63","3,795.75",,0.45%,0.004452745343759064
2021-08-05,3833.75,"3,803.91","3,833.81","3,801.16",,0.61%,0.006051530887956741
2021-08-06,3805.36,"3,836.49","3,837.35","3,802.44",,-0.74%,-0.0074328372559732
2021-08-09,3835.11,"3,795.48","3,839.72","3,790.63",,0.78%,0.0077875183987394896
2021-08-10,3862.32,"3,847.12","3,867.09","3,843.42",,0.71%,0.007069921607121556
2021-08-11,3877.37,"3,875.23","3,886.78","3,856.61",,0.39%,0.0038890495533794225
2021-08-12,3888.86,"3,879.01","3,897.92","3,877.23",,0.30%,0.0029589668045821626
2021-08-13,3873.0,"3,882.62","3,895.05","3,866.67",,-0.41%,-0.00408665502155869
2021-08-16,3895.31,"3,862.32","3,896.96","3,855.62",,0.58%,0.005743864839987598
2021-08-17,3943.01,"3,893.85","3,944.37","3,893.44",,1.22%,0.012171125659666337
2021-08-18,3925.17,"3,948.43","3,949.07","3,912.24",,-0.45%,-0.0045347286339284965
2021-08-19,3853.98,"3,883.20","3,883.42","3,841.15",,-1.81%,-0.018303281833227283
2021-08-20,3832.7,"3,868.79","3,871.43","3,826.27",,-0.55%,-0.00553686490521971
2021-08-23,3883.01,"3,861.99","3,884.51","3,856.21",,1.31%,0.013041110414675
2021-08-24,3888.87,"3,897.56","3,904.99","3,864.37",,0.15%,0.0015080009239725675
2021-08-25,3886.64,"3,891.80","3,895.62","3,868.64",,-0.06%,-0.0005735958313065632
2021-08-26,3851.57,"3,876.99","3,876.99","3,838.63",,-0.90%,-0.00906417378439415
2021-08-27,3887.38,"3,864.11","3,887.38","3,844.49",,0.93%,0.00925455147887792
2021-08-30,3928.5,"3,900.96","3,928.50","3,900.96",,1.06%,0.010522264772020892
2021-08-31,3918.96,"3,934.10","3,938.68","3,904.72",,-0.24%,-0.002431361153712256
2021-09-01,3971.02,"3,924.32","3,972.68","3,924.32",,1.33%,0.01319667617113615
2021-09-02,3990.77,"3,983.68","3,994.77","3,968.06",,0.50%,0.004961206088030491
2021-09-03,4001.7,"3,976.62","4,001.70","3,964.22",,0.27%,0.00273507609377735
2021-09-06,4028.25,"4,004.61","4,028.25","4,003.49",,0.66%,0.006612767638570442
2021-09-07,4010.16,"4,036.41","4,043.51","4,004.90",,-0.45%,-0.004500897699680815
2021-09-08,4017.37,"4,015.35","4,030.72","3,984.64",,0.18%,0.0017963189022640223
2021-09-09,3993.56,"4,007.82","4,009.66","3,982.60",,-0.59%,-0.00594439599700954
2021-09-10,4002.66,"3,993.53","4,008.56","3,987.53",,0.23%,0.0022760764282532616
2021-09-13,4041.16,"4,012.97","4,041.83","4,001.63",,0.96%,0.00957263936700172
2021-09-14,4055.7,"4,051.81","4,061.99","4,037.23",,0.36%,0.0035915195839623226
2021-09-15,4065.53,"4,059.08","4,081.98","4,049.69",,0.24%,0.0024208167483512387
2021-09-16,4045.1,"4,069.19","4,073.72","4,028.08",,-0.50%,-0.0050378437209463835
2021-09-17,4035.17,"4,043.51","4,054.38","4,013.62",,-0.25%,-0.00245783989864397
2021-09-20,3969.61,"3,988.45","3,991.39","3,955.19",,-1.62%,-0.016380579087360927
2021-09-21,3970.48,"3,980.02","3,994.56","3,962.05",,0.02%,0.00021914109373613673
2021-09-22,4030.98,"4,001.79","4,032.38","3,999.82",,1.52%,0.015122528383248816
2021-09-23,4052.14,"4,051.36","4,058.15","4,020.50",,0.52%,0.005235614053944943
2021-09-24,4038.23,"4,055.37","4,057.09","4,017.20",,-0.34%,-0.0034386594695726236
2021-09-27,4081.22,"4,069.55","4,083.61","4,061.71",,1.06%,0.01058948616737088
2021-09-28,4065.46,"4,109.66","4,112.31","4,050.95",,-0.39%,-0.0038690655973131144
2021-09-29,4058.37,"4,045.16","4,076.61","4,038.06",,-0.17%,-0.0017454825618206313
2021-09-30,4103.52,"4,079.46","4,106.72","4,064.50",,1.11%,0.011063726796569546
2021-10-01,4086.99,"4,078.59","4,104.78","4,065.40",,-0.40%,-0.004036384167230498
2021-10-04,4112.72,"4,106.89","4,131.39","4,100.85",,0.63%,0.0062758523047240795
2021-10-05,4223.85,"4,129.53","4,225.16","4,129.53",,2.70%,0.026662424308390997
2021-10-06,4171.71,"4,263.87","4,267.29","4,163.62",,-1.23%,-0.012421010713144817
2021-10-07,4228.02,"4,222.78","4,239.14","4,179.39",,1.35%,0.013407774669136138
2021-10-08,4238.0,"4,233.58","4,254.36","4,216.72",,0.24%,0.002357661480335459
2021-10-11,4279.87,"4,259.38","4,284.53","4,247.20",,0.99%,0.009831175454528118
2021-10-12,4263.8,"4,259.03","4,275.60","4,250.03",,-0.38%,-0.0037618538523308434
2021-10-13,4243.92,"4,260.44","4,260.44","4,189.91",,-0.47%,-0.004673411015610193
2021-10-14,4259.13,"4,280.76","4,292.68","4,259.13",,0.36%,0.0035775436396350566
2021-10-15,4261.82,"4,278.51","4,282.15","4,247.79",,0.06%,0.0006313850191265383
2021-10-18,4248.33,"4,254.91","4,257.83","4,225.42",,-0.32%,-0.0031703345532149113
2021-10-19,4276.26,"4,256.24","4,279.20","4,235.81",,0.66%,0.006552831266217443
2021-10-20,4287.52,"4,284.91","4,290.99","4,258.14",,0.26%,0.0026296813997521333
2021-10-21,4218.63,"4,276.94","4,282.46","4,214.82",,-1.61%,-0.016198046414503033
2021-10-22,4196.96,"4,218.50","4,246.22","4,196.96",,-0.51%,-0.005149977100777884
2021-10-25,4254.98,"4,216.43","4,254.98","4,184.74",,1.38%,0.013729607972834557
2021-10-26,4235.87,"4,254.59","4,259.83","4,233.80",,-0.45%,-0.004501323723087528
2021-10-27,4229.53,"4,216.76","4,234.99","4,190.68",,-0.15%,-0.0014978621648980553
2021-10-28,4189.66,"4,210.78","4,220.23","4,157.39",,-0.94%,-0.009471290716938871
2021-10-29,4150.0,"4,186.35","4,186.70","4,116.29",,-0.95%,-0.009511250814232793
2021-11-01,4221.49,"4,155.24","4,224.51","4,155.24",,1.72%,0.017079812055758346
2021-11-02,4207.53,"4,235.89","4,245.32","4,196.75",,-0.33%,-0.0033123691161833393
2021-11-03,4184.87,"4,192.14","4,192.14","4,158.17",,-0.54%,-0.00540013704460416
2021-11-05,4174.76,"4,179.03","4,181.87","4,159.92",,-0.24%,-0.0024187685170266333
2021-11-08,4218.27,"4,203.65","4,220.88","4,188.59",,1.04%,0.010368219767191753
2021-11-09,4187.33,"4,207.59","4,225.82","4,181.75",,-0.73%,-0.007361792075564519
2021-11-10,4172.47,"4,192.62","4,196.22","4,151.60",,-0.35%,-0.003555112718265158
2021-11-11,4189.35,"4,141.62","4,189.35","4,126.52",,0.40%,0.004037404041117488
2021-11-12,4121.66,"4,181.70","4,181.70","4,089.32",,-1.62%,-0.01628959579973052
2021-11-15,4135.14,"4,121.50","4,162.02","4,111.04",,0.33%,0.0032651903828070494
2021-11-16,4120.02,"4,147.69","4,158.31","4,094.15",,-0.37%,-0.0036631674995224856
2021-11-17,4149.02,"4,120.23","4,149.02","4,101.96",,0.70%,0.007014144059187761
2021-11-18,4093.85,"4,120.81","4,150.57","4,082.17",,-1.33%,-0.013386314193777693
2021-11-19,4016.47,"4,121.74","4,127.00","4,000.26",,-1.89%,-0.019082440169752322
2021-11-22,3872.77,"4,008.13","4,017.02","3,872.77",,-3.58%,-0.036433394134300336
2021-11-23,3960.33,"3,832.33","3,974.76","3,776.61",,2.26%,0.0223573418477509
2021-11-24,3950.56,"4,001.89","4,021.25","3,913.39",,-0.25%,-0.0024700141114857087
2021-11-25,3947.82,"3,964.25","3,990.95","3,932.55",,-0.07%,-0.0006938131895183978
2021-11-26,3810.98,"3,852.99","3,876.13","3,810.75",,-3.47%,-0.03527715391514948
2021-11-29,3879.54,"3,872.19","3,928.52","3,846.12",,1.80%,0.017830215994210516
2021-11-30,3890.59,"3,828.25","3,902.72","3,827.55",,0.28%,0.002844227174886033
2021-12-01,3959.29,"3,907.17","3,962.22","3,900.16",,1.77%,0.017503899181561696
2021-12-02,3947.54,"3,940.09","3,972.85","3,914.43",,-0.30%,-0.0029721161703091027
2021-12-03,3913.06,"3,967.88","3,977.16","3,905.38",,-0.87%,-0.008772923477464419
2021-12-06,3810.1,"3,919.10","3,938.10","3,800.76",,-2.63%,-0.026664241101093455
2021-12-07,3873.2,"3,860.83","3,880.84","3,810.03",,1.66%,0.01642560324190832
2021-12-08,3773.61,"3,904.84","3,915.65","3,773.61",,-2.57%,-0.026048935781435256
2021-12-09,3813.29,"3,801.67","3,847.76","3,780.30",,1.05%,0.010460230608808083
2021-12-10,3760.23,"3,806.97","3,814.06","3,760.23",,-1.39%,-0.014012207838863998
2021-12-13,3618.31,"3,790.10","3,794.52","3,613.88",,-3.77%,-0.03847305974357422
2021-12-14,3619.39,"3,533.82","3,638.49","3,532.29",,0.03%,0.0002984373510965863
2021-12-15,3621.82,"3,653.16","3,666.53","3,608.60",,0.07%,0.0006711585746628964
2021-12-16,3750.36,"3,705.57","3,755.07","3,701.35",,3.55%,0.03487517344868131
2021-12-17,3723.27,"3,725.04","3,739.59","3,696.50",,-0.72%,-0.0072495209540905095
2021-12-20,3669.05,"3,657.65","3,674.71","3,629.61",,-1.46%,-0.014669541448766005
2021-12-21,3693.02,"3,705.33","3,713.68","3,670.16",,0.65%,0.006511778535235582
2021-12-22,3746.75,"3,715.20","3,759.67","3,699.06",,1.45%,0.014444246035974759
2021-12-23,3704.6,"3,745.52","3,751.37","3,691.04",,-1.12%,-0.011313506836482853
2021-12-24,3702.72,"3,700.34","3,703.72","3,653.63",,-0.05%,-0.000507606000650006
2021-12-27,3740.63,"3,711.77","3,742.12","3,709.19",,1.02%,0.010186361732493028
2021-12-28,3777.56,"3,766.50","3,790.44","3,751.00",,0.99%,0.009824252121134492
2021-12-29,3741.07,"3,756.54","3,770.09","3,727.35",,-0.97%,-0.009706631794067775
2021-12-30,3787.26,"3,753.92","3,789.61","3,740.93",,1.23%,0.01227113572572759
2022-01-03,3852.5,"3,825.30","3,866.15","3,823.50",,1.72%,0.017079485721011003
2022-01-04,3873.49,"3,880.20","3,892.33","3,846.81",,0.54%,0.005433621229846389
2022-01-05,3815.05,"3,857.90","3,875.25","3,805.06",,-1.51%,-0.01520213863154949
2022-01-06,3753.29,"3,758.68","3,784.17","3,720.17",,-1.62%,-0.016320982126716174
2022-01-10,3738.68,"3,798.43","3,806.84","3,726.73",,-0.39%,-0.003900180732140345
2022-01-11,3785.29,"3,764.56","3,800.91","3,751.45",,1.25%,0.012389894232666145
2022-01-12,3829.95,"3,797.31","3,841.72","3,783.92",,1.18%,0.011729246092812111
2022-01-13,3674.73,"3,814.98","3,818.97","3,664.48",,-4.05%,-0.041372087699015035
2022-01-14,3596.98,"3,703.90","3,723.62","3,512.03",,-2.12%,-0.021385056069054702
2022-01-17,3560.35,"3,633.01","3,651.36","3,501.94",,-1.02%,-0.010235749870866092
2022-01-18,3328.94,"3,527.77","3,534.56","3,297.12",,-6.50%,-0.06720491963811207
2022-01-19,3436.82,"3,290.31","3,500.27","3,256.60",,3.24%,0.03189269024226994
2022-01-20,3516.02,"3,519.02","3,533.61","3,403.74",,2.30%,0.02278304284661688
2022-01-21,3439.25,"3,420.12","3,503.84","3,407.27",,-2.18%,-0.022076243729923197
2022-01-24,3235.28,"3,426.19","3,426.47","3,158.46",,-5.93%,-0.0611379468285973
2022-01-25,3258.74,"3,316.98","3,330.90","3,229.45",,0.73%,0.007225140069198986
2022-01-26,3357.66,"3,341.71","3,412.15","3,276.06",,3.04%,0.029903685185086144
2022-01-27,3455.93,"3,296.47","3,525.94","3,284.49",,2.93%,0.028847293322396172
2022-01-28,3488.6,"3,508.57","3,534.40","3,446.01",,0.95%,0.009408913494845737
2022-01-31,3530.38,"3,524.11","3,566.05","3,518.55",,1.20%,0.011905004274812229
2022-02-01,3548.17,"3,564.55","3,584.71","3,531.35",,0.50%,0.0050264637406947955
2022-02-02,3543.8,"3,574.87","3,580.22","3,516.17",,-0.12%,-0.0012323798755724362
2022-02-03,3471.18,"3,498.76","3,519.23","3,446.65",,-2.05%,-0.020705003952670154
2022-02-04,3471.01,"3,499.32","3,556.32","3,464.14",,0.00%,-4.8975899545685374e-05
2022-02-07,3470.78,"3,511.39","3,521.26","3,437.93",,-0.01%,-6.626532928376413e-05
2022-02-08,3551.65,"3,497.18","3,551.65","3,487.64",,2.33%,0.023032931678560988
2022-02-09,3638.93,"3,593.00","3,638.93","3,580.45",,2.46%,0.024277398152253132
2022-02-10,3655.76,"3,628.51","3,655.76","3,592.75",,0.46%,0.00461432353177286
2022-02-11,3546.62,"3,579.69","3,596.74","3,514.12",,-2.99%,-0.03030896865883343
2022-02-14,3481.38,"3,442.82","3,524.87","3,404.35",,-1.84%,-0.01856627035941979
2022-02-15,3600.29,"3,532.00","3,614.15","3,514.98",,3.42%,0.03358563086852919
2022-02-16,3646.41,"3,682.94","3,683.95","3,608.01",,1.28%,0.012728724163217721
2022-02-17,3511.08,"3,588.27","3,595.12","3,498.20",,-3.71%,-0.03781943947851636
2022-02-18,3393.31,"3,547.04","3,565.52","3,371.05",,-3.35%,-0.03411783625516877
2022-02-21,3036.88,"3,458.73","3,460.42","2,910.49",,-10.50%,-0.1109751735967463
2022-02-22,3084.74,"2,909.40","3,113.40","2,756.46",,1.58%,0.015636702431481304
2022-02-24,2058.12,"2,735.88","2,740.31","1,681.55",,-33.28%,-0.40467443028760997
2022-02-25,2470.48,"2,261.33","2,552.46","2,256.09",,20.04%,0.18261951899382475
2022-03-24,2578.51,"2,467.09","2,761.17","2,447.68",,4.37%,0.04279924898145245
2022-03-25,2484.13,"2,620.62","2,664.74","2,470.69",,-3.66%,-0.037289215079683656
2022-03-28,2430.7,"2,479.49","2,484.57","2,407.20",,-2.15%,-0.021743215932366625
2022-03-29,2408.49,"2,442.43","2,538.20","2,363.62",,-0.91%,-0.009179286595362733
2022-03-30,2513.03,"2,437.92","2,513.03","2,437.92",,4.34%,0.042489201295283274
2022-03-31,2703.51,"2,535.32","2,703.51","2,533.39",,7.58%,0.07306173232890341
2022-04-01,2759.64,"2,714.62","2,817.72","2,714.62",,2.08%,0.02054930769719025
2022-04-04,2787.69,"2,775.06","2,835.46","2,682.34",,1.02%,0.010113059459235806
2022-04-05,2662.79,"2,796.56","2,808.27","2,576.34",,-4.48%,-0.04583885060636574
2022-04-06,2611.43,"2,641.79","2,696.97","2,594.95",,-1.93%,-0.019476481275471122
2022-04-07,2635.39,"2,618.26","2,653.85","2,618.26",,0.92%,0.009133214614922966
2022-04-08,2592.72,"2,649.16","2,656.72","2,554.72",,-1.62%,-0.016323660936713634
2022-04-11,2557.16,"2,596.17","2,623.64","2,557.16",,-1.37%,-0.013810250015162642
2022-04-12,2540.99,"2,559.22","2,570.78","2,472.28",,-0.63%,-0.006343498807737222
2022-04-13,2528.42,"2,546.64","2,558.86","2,517.44",,-0.49%,-0.0049591671462799695
2022-04-14,2404.73,"2,530.90","2,533.77","2,403.86",,-4.89%,-0.05015697058237541
2022-04-15,2424.99,"2,403.16","2,431.91","2,353.13",,0.84%,0.008389769526456899
2022-04-18,2342.63,"2,430.91","2,447.58","2,338.36",,-3.40%,-0.03455317081434971
2022-04-19,2317.46,"2,342.53","2,344.37","2,216.61",,-1.07%,-0.010802471524760987
2022-04-20,2330.73,"2,326.03","2,374.87","2,271.72",,0.57%,0.005709764898471109
2022-04-21,2271.05,"2,334.97","2,341.21","2,260.68",,-2.56%,-0.025939243615190368
2022-04-22,2232.23,"2,271.18","2,290.04","2,223.73",,-1.71%,-0.01724119380866275
2022-04-25,2186.22,"2,236.32","2,237.45","2,168.18",,-2.06%,-0.02082706067551516
2022-04-26,2318.46,"2,190.97","2,347.92","2,190.97",,6.05%,0.058729147036990136
2022-04-27,2424.28,"2,326.27","2,427.47","2,305.47",,4.56%,0.04463140092069175
2022-04-28,2383.66,"2,434.86","2,505.94","2,379.12",,-1.68%,-0.016897451504674373
2022-04-29,2445.17,"2,390.83","2,448.52","2,390.83",,2.58%,0.025477528579509492
2022-05-04,2373.16,"2,444.25","2,464.60","2,373.16",,-2.94%,-0.029892249781294556
2022-05-05,2404.8,"2,379.04","2,412.81","2,379.04",,1.33%,0.013244339635754745
2022-05-06,2393.03,"2,405.17","2,406.78","2,372.52",,-0.49%,-0.004906394603937638
2022-05-11,2387.14,"2,391.91","2,414.87","2,367.48",,-0.25%,-0.002464348749453704
2022-05-12,2297.89,"2,382.33","2,386.16","2,283.31",,-3.74%,-0.038104686093366445
2022-05-13,2307.5,"2,309.98","2,321.91","2,283.10",,0.42%,0.0041733768250547905
2022-05-16,2364.6,"2,308.20","2,379.35","2,306.06",,2.47%,0.024444187052005822
2022-05-17,2424.1,"2,378.08","2,425.17","2,371.93",,2.52%,0.024851447034676667
2022-05-18,2445.3,"2,438.00","2,490.17","2,438.00",,0.87%,0.008707493304832012
2022-05-19,2436.57,"2,454.36","2,454.83","2,414.63",,-0.36%,-0.0035765021623755428
2022-05-20,2373.26,"2,441.56","2,451.02","2,365.81",,-2.60%,-0.02632677522201875
2022-05-23,2301.85,"2,379.66","2,389.42","2,300.77",,-3.01%,-0.030551389955152043
2022-05-24,2293.62,"2,300.11","2,317.92","2,229.22",,-0.36%,-0.00358179198154458
2022-05-25,2340.18,"2,300.15","2,340.18","2,291.13",,2.03%,0.020096494022811433
2022-05-26,2413.06,"2,348.44","2,415.03","2,327.29",,3.11%,0.030667802158541462
2022-05-27,2407.59,"2,424.70","2,439.89","2,399.92",,-0.23%,-0.0022694044776662803
2022-05-30,2400.39,"2,418.21","2,433.04","2,376.44",,-0.30%,-0.002995023016775152
2022-05-31,2355.75,"2,400.75","2,400.75","2,351.74",,-1.86%,-0.018772076047476483
2022-06-01,2374.6,"2,349.84","2,385.64","2,338.90",,0.80%,0.007969854144826184
2022-06-02,2340.17,"2,374.67","2,382.23","2,337.53",,-1.45%,-0.014605425946147516
2022-06-03,2308.03,"2,341.55","2,348.03","2,286.82",,-1.37%,-0.013829229475133022
2022-06-06,2282.16,"2,308.35","2,321.75","2,277.21",,-1.12%,-0.011271983911112811
2022-06-07,2291.62,"2,281.30","2,294.40","2,239.72",,0.41%,0.004136628123658488
2022-06-08,2318.85,"2,296.62","2,342.69","2,296.62",,1.19%,0.011812382087495667
2022-06-09,2293.99,"2,321.57","2,323.39","2,275.22",,-1.07%,-0.01077871362854561
2022-06-10,2285.52,"2,282.81","2,296.10","2,273.95",,-0.37%,-0.003699089928006759
2022-06-14,2289.75,"2,280.02","2,308.43","2,261.26",,0.19%,0.001849071729196576
2022-06-15,2318.96,"2,290.76","2,320.40","2,282.79",,1.28%,0.012676168009528276
2022-06-16,2369.75,"2,321.52","2,374.24","2,317.87",,2.19%,0.021665655040525807
2022-06-17,2353.98,"2,373.07","2,382.49","2,345.40",,-0.67%,-0.0066769517257421526
2022-06-20,2404.4,"2,358.26","2,404.40","2,357.33",,2.14%,0.021192879557598274
2022-06-21,2358.81,"2,407.63","2,415.59","2,357.27",,-1.90%,-0.019143137603859398
2022-06-22,2373.52,"2,348.04","2,373.52","2,320.87",,0.62%,0.006216830769275842
2022-06-23,2404.54,"2,375.60","2,404.54","2,350.10",,1.31%,0.012984531724076645
2022-06-24,2391.51,"2,405.31","2,414.02","2,372.05",,-0.54%,-0.005433651466829755
2022-06-27,2417.06,"2,387.55","2,417.06","2,384.32",,1.07%,0.010626959969882806
2022-06-28,2408.75,"2,419.15","2,419.81","2,392.26",,-0.34%,-0.003443984828976922
2022-06-29,2378.55,"2,407.49","2,407.49","2,370.41",,-1.25%,-0.01261688242488991
2022-06-30,2204.85,"2,380.03","2,407.20","2,184.71",,-7.30%,-0.07583157894757996
2022-07-01,2206.61,"2,197.90","2,237.92","2,165.13",,0.08%,0.0007979218187992088
2022-07-04,2204.66,"2,208.70","2,240.83","2,197.39",,-0.09%,-0.0008840991945699511
2022-07-05,2226.64,"2,214.39","2,238.73","2,187.57",,1.00%,0.00992042076262864
2022-07-06,2221.88,"2,227.02","2,273.24","2,214.04",,-0.21%,-0.002140038402272902
2022-07-07,2226.65,"2,221.02","2,239.59","2,206.16",,0.21%,0.0021445294639374063
2022-07-08,2222.51,"2,225.02","2,234.55","2,202.52",,-0.19%,-0.001861025989121058
2022-07-11,2162.34,"2,213.55","2,224.35","2,156.36",,-2.71%,-0.027446219186059124
2022-07-12,2133.77,"2,160.74","2,160.74","2,105.26",,-1.32%,-0.013300600395423157
2022-07-13,2073.68,"2,138.14","2,142.51","2,064.58",,-2.82%,-0.02856556157335493
2022-07-14,2063.3,"2,073.79","2,105.61","2,049.44",,-0.50%,-0.005018163869486093
2022-07-15,2109.52,"2,069.02","2,109.52","2,056.82",,2.24%,0.02215379064791458
2022-07-18,2096.42,"2,119.02","2,127.96","2,083.01",,-0.62%,-0.006229305392503901
2022-07-19,2071.28,"2,089.28","2,089.28","2,047.33",,-1.20%,-0.012064354403472479
2022-07-20,2075.24,"2,076.24","2,098.92","2,067.37",,0.19%,0.0019100359838698211
2022-07-21,2053.64,"2,075.99","2,075.99","2,022.16",,-1.04%,-0.010462981269883891
2022-07-22,2096.75,"2,056.16","2,099.68","2,053.20",,2.10%,0.02077469850741244
2022-07-25,2128.96,"2,099.81","2,132.75","2,090.22",,1.54%,0.015245070689001904
2022-07-26,2192.42,"2,135.89","2,192.42","2,135.89",,2.98%,0.029372358999745198
2022-07-27,2196.22,"2,198.96","2,220.82","2,184.71",,0.17%,0.0017317442076194248
2022-07-28,2189.16,"2,204.01","2,213.21","2,169.21",,-0.32%,-0.003219792172758922
2022-07-29,2213.81,"2,187.67","2,213.81","2,181.07",,1.13%,0.011197104473077498
2022-08-01,2180.09,"2,213.75","2,220.73","2,178.98",,-1.52%,-0.015348852726578833
2022-08-02,2137.3,"2,176.57","2,178.81","2,137.30",,-1.96%,-0.019822810152861924
2022-08-03,2123.92,"2,138.76","2,156.54","2,123.92",,-0.63%,-0.006279912312698777
2022-08-04,2116.58,"2,126.39","2,137.83","2,111.87",,-0.35%,-0.0034618593705929594
2022-08-05,2054.29,"2,120.13","2,124.60","2,052.08",,-2.94%,-0.02987128905004892
2022-08-08,2088.4,"2,106.50","2,119.41","2,086.98",,1.66%,0.01646793308797297
2022-08-09,2136.8,"2,090.37","2,136.80","2,071.72",,2.32%,0.022911160259353837
2022-08-10,2151.5,"2,138.81","2,158.87","2,128.59",,0.69%,0.006855890482903169
2022-08-11,2133.11,"2,157.17","2,174.90","2,128.38",,-0.85%,-0.008584264579119568
2022-08-12,2147.33,"2,133.93","2,150.90","2,117.08",,0.67%,0.006644201209348488
2022-08-15,2165.12,"2,147.76","2,165.75","2,139.45",,0.83%,0.008250577243405601
2022-08-16,2208.33,"2,172.40","2,208.33","2,168.06",,2.00%,0.019760786598922823
2022-08-17,2188.56,"2,213.43","2,225.05","2,186.86",,-0.90%,-0.008992780457692067
2022-08-18,2194.31,"2,188.42","2,197.92","2,176.02",,0.26%,0.0026238529999167066
2022-08-19,2195.16,"2,199.60","2,199.60","2,179.56",,0.04%,0.0003872904977705625
2022-08-22,2228.11,"2,193.29","2,231.22","2,187.04",,1.50%,0.014898755670980895
2022-08-23,2260.08,"2,230.74","2,261.59","2,230.74",,1.43%,0.014246518407729553
2022-08-24,2248.22,"2,263.57","2,273.65","2,243.08",,-0.52%,-0.005261418876096657
2022-08-25,2246.34,"2,249.39","2,266.18","2,234.87",,-0.08%,-0.0008365669207406171
2022-08-26,2268.89,"2,248.98","2,268.89","2,239.66",,1.00%,0.009988500025201632
2022-08-29,2296.33,"2,267.43","2,296.33","2,263.99",,1.21%,0.012021471236260203
2022-08-30,2306.62,"2,299.28","2,314.53","2,292.44",,0.45%,0.0044710531905367374
2022-08-31,2400.08,"2,377.02","2,423.12","2,368.42",,4.05%,0.03971882058874825
2022-09-01,2445.77,"2,401.98","2,448.50","2,380.01",,1.90%,0.018857931640955734
2022-09-02,2471.45,"2,443.76","2,474.71","2,431.54",,1.05%,0.010445021158416716
2022-09-05,2488.44,"2,472.10","2,488.44","2,440.88",,0.69%,0.006850985184550021
2022-09-06,2425.33,"2,487.76","2,492.15","2,382.24",,-2.54%,-0.02568841051031904
2022-09-07,2401.57,"2,422.88","2,436.64","2,394.56",,-0.98%,-0.009844907458472928
2022-09-08,2390.27,"2,397.59","2,407.39","2,378.30",,-0.47%,-0.004716359872814311
2022-09-09,2426.06,"2,391.69","2,426.81","2,391.69",,1.50%,0.014862212011269553
2022-09-12,2449.65,"2,419.77","2,465.22","2,413.55",,0.97%,0.009676614923449473
2022-09-13,2446.89,"2,459.75","2,465.55","2,438.80",,-0.11%,-0.00112732676228497
2022-09-14,2435.89,"2,439.96","2,439.96","2,400.14",,-0.45%,-0.004505637611783916
2022-09-15,2446.59,"2,434.79","2,457.02","2,418.30",,0.44%,0.004383025482838586
2022-09-16,2435.18,"2,446.09","2,469.02","2,427.68",,-0.47%,-0.004674542543783403
2022-09-19,2430.54,"2,436.48","2,453.03","2,427.19",,-0.19%,-0.0019072208867327379
2022-09-20,2215.67,"2,430.53","2,436.30","2,171.92",,-8.84%,-0.09255861405868275
2022-09-21,2130.71,"2,052.89","2,186.43","2,002.73",,-3.83%,-0.03909958331684167
2022-09-22,2190.87,"2,138.39","2,216.85","2,138.39",,2.82%,0.027843467703956935
2022-09-23,2089.87,"2,192.11","2,192.68","2,071.37",,-4.61%,-0.047196862130189025
2022-09-26,1933.35,"2,054.56","2,054.56","1,841.42",,-7.49%,-0.07784761354846087
2022-09-27,1953.46,"1,930.58","1,975.32","1,904.24",,1.04%,0.010347909697994638
2022-09-28,1963.86,"1,978.89","2,018.99","1,948.25",,0.53%,0.005309765061034528
2022-09-29,1953.77,"1,998.24","2,005.80","1,917.62",,-0.51%,-0.005151084870387881
2022-09-30,1957.31,"1,977.75","2,005.21","1,872.95",,0.18%,0.0018102421667202807
2022-10-03,2041.96,"1,991.88","2,047.54","1,972.43",,4.32%,0.042339049319901505
2022-10-04,2046.42,"2,071.19","2,079.67","2,016.59",,0.22%,0.0021817941430186285
2022-10-05,2029.88,"2,041.50","2,045.62","1,971.91",,-0.81%,-0.00811524704909946
2022-10-06,2020.63,"2,027.30","2,053.86","2,015.09",,-0.46%,-0.004567334029538999
2022-10-07,1944.75,"2,012.95","2,012.95","1,939.54",,-3.76%,-0.03827590987165793
2022-10-10,1916.97,"1,783.66","1,917.91","1,775.04",,-1.43%,-0.014387619615962065
2022-10-11,1949.46,"1,928.74","1,952.80","1,909.11",,1.69%,0.016806596659672587
2022-10-12,1951.65,"1,965.39","1,974.59","1,937.93",,0.11%,0.0011227574870007093
2022-10-13,1955.2,"1,950.24","1,975.84","1,941.18",,0.18%,0.0018173213596814847
2022-10-14,1950.98,"1,963.38","1,965.77","1,933.29",,-0.22%,-0.0021606795599631483
2022-10-17,2012.85,"1,958.18","2,013.61","1,955.70",,3.17%,0.031219817797763304
2022-10-18,2032.4,"2,031.56","2,039.67","1,999.38",,0.97%,0.009665732504500476
2022-10-19,1978.4,"1,986.67","2,006.06","1,953.74",,-2.66%,-0.026928923512370345
2022-10-20,2025.51,"1,998.74","2,032.58","1,991.09",,2.38%,0.023533083475931214
2022-10-21,2043.71,"2,026.44","2,049.00","2,000.68",,0.90%,0.008945262905451001
2022-10-24,2063.95,"2,070.36","2,088.31","2,048.37",,0.99%,0.009854838913237803
2022-10-25,2130.65,"2,066.28","2,130.65","2,058.09",,3.23%,0.03180547496773303
2022-10-26,2120.58,"2,131.18","2,144.56","2,093.12",,-0.47%,-0.004737461315366875
2022-10-27,2164.64,"2,133.81","2,164.64","2,123.57",,2.08%,0.02056442970085739
2022-10-28,2167.7,"2,154.28","2,171.88","2,130.75",,0.14%,0.0014126317458278052
2022-10-31,2166.61,"2,173.00","2,184.38","2,155.75",,-0.05%,-0.0005029635734305633
2022-11-01,2174.35,"2,179.15","2,185.60","2,161.18",,0.36%,0.0035660352558926256
2022-11-02,2173.84,"2,178.25","2,184.89","2,160.56",,-0.02%,-0.00023458036669899159
2022-11-03,2155.92,"2,145.54","2,156.78","2,123.32",,-0.82%,-0.00827764232757995
2022-11-07,2208.78,"2,176.33","2,208.78","2,172.34",,2.45%,0.024222780295560367
2022-11-08,2207.2,"2,213.39","2,221.13","2,188.22",,-0.07%,-0.0007155829815449398
2022-11-09,2166.56,"2,201.06","2,205.92","2,166.42",,-1.84%,-0.018584087668562392
2022-11-10,2210.02,"2,167.96","2,211.21","2,161.57",,2.01%,0.01986090901009127
2022-11-11,2217.44,"2,221.68","2,224.97","2,204.33",,0.34%,0.0033518120758871685
2022-11-14,2244.77,"2,230.80","2,245.90","2,221.31",,1.23%,0.012249688718872439
2022-11-15,2223.26,"2,249.22","2,254.94","2,211.19",,-0.96%,-0.009628478850018897
2022-11-16,2227.19,"2,199.10","2,232.83","2,191.95",,0.18%,0.001766113998145855
2022-11-17,2212.93,"2,227.54","2,235.76","2,200.11",,-0.64%,-0.006423271906491097
2022-11-18,2206.32,"2,208.39","2,211.70","2,189.93",,-0.30%,-0.00299146005739187
2022-11-21,2166.31,"2,204.90","2,204.90","2,161.35",,-1.81%,-0.01830070994320518
2022-11-22,2196.04,"2,179.76","2,200.06","2,169.62",,1.37%,0.013630479119375186
2022-11-23,2211.89,"2,196.24","2,217.40","2,180.64",,0.72%,0.007191615253670555
2022-11-24,2210.95,"2,214.14","2,225.92","2,206.12",,-0.04%,-0.00042506625342690185
2022-11-25,2195.17,"2,209.31","2,211.10","2,190.67",,-0.71%,-0.007162795142597593
2022-11-28,2177.45,"2,180.32","2,182.16","2,163.44",,-0.81%,-0.00810502490691488
2022-11-29,2185.32,"2,180.65","2,191.44","2,178.34",,0.36%,0.0036078035452185757
2022-11-30,2174.53,"2,184.27","2,184.27","2,172.67",,-0.49%,-0.004949721678197492
2022-12-01,2187.29,"2,189.65","2,193.41","2,183.57",,0.59%,0.0058507854059432485
2022-12-02,2180.44,"2,189.19","2,189.35","2,173.48",,-0.31%,-0.0031366433438700485
2022-12-05,2208.28,"2,179.79","2,210.70","2,174.17",,1.28%,0.012687240671673814
2022-12-06,2196.24,"2,204.51","2,208.36","2,184.65",,-0.55%,-0.005467124676046051
2022-12-07,2192.88,"2,185.01","2,193.71","2,166.77",,-0.15%,-0.001531058916757483
2022-12-08,2184.43,"2,196.17","2,197.77","2,174.57",,-0.39%,-0.0038608234263856193
2022-12-09,2177.85,"2,178.93","2,183.97","2,169.04",,-0.30%,-0.0030167733342828904
2022-12-12,2173.16,"2,178.33","2,185.49","2,163.33",,-0.22%,-0.002155822127011749
2022-12-13,2174.38,"2,175.29","2,177.95","2,154.52",,0.06%,0.0005612369441219347
2022-12-14,2159.81,"2,171.12","2,171.31","2,154.65",,-0.67%,-0.0067233115686371105
2022-12-15,2126.8,"2,151.69","2,151.69","2,115.21",,-1.53%,-0.015401752216095934
2022-12-16,2132.75,"2,118.43","2,135.79","2,116.08",,0.28%,0.0027937241586207325
2022-12-19,2129.98,"2,131.33","2,139.07","2,109.56",,-0.13%,-0.0012996368007780602
2022-12-20,2119.37,"2,071.10","2,119.37","2,070.58",,-0.50%,-0.004993715296986699
2022-12-21,2116.13,"2,135.41","2,139.49","2,102.24",,-0.15%,-0.0015299259270365223
2022-12-22,2122.91,"2,124.37","2,134.48","2,114.91",,0.32%,0.0031988402003310635
2022-12-23,2124.02,"2,121.99","2,128.27","2,110.59",,0.05%,0.0005227305490204591
2022-12-26,2139.21,"2,126.40","2,139.78","2,126.40",,0.72%,0.007126082468125308
2022-12-27,2150.92,"2,142.08","2,154.35","2,138.11",,0.55%,0.005459055590891592
2022-12-28,2139.77,"2,150.12","2,152.47","2,136.68",,-0.52%,-0.0051973109680155
2022-12-29,2147.06,"2,135.91","2,149.94","2,134.48",,0.34%,0.003401117855066511
2022-12-30,2154.12,"2,149.83","2,154.47","2,139.79",,0.33%,0.0032828230115568018
2023-01-03,2172.68,"2,157.18","2,174.23","2,157.18",,0.86%,0.00857914109138269
2023-01-04,2168.42,"2,171.54","2,179.56","2,162.06",,-0.20%,-0.0019626368281954656
2023-01-05,2156.67,"2,170.40","2,171.94","2,154.16",,-0.54%,-0.005433426313470054
2023-01-06,2156.39,"2,157.32","2,160.08","2,153.32",,-0.01%,-0.0001298382124957983
2023-01-09,2163.5,"2,163.43","2,169.71","2,162.01",,0.33%,0.0032917534567390282
2023-01-10,2159.51,"2,162.70","2,162.92","2,145.14",,-0.18%,-0.0018459365733539046
2023-01-11,2186.98,"2,156.28","2,190.40","2,153.55",,1.27%,0.012640252595950485
2023-01-12,2185.93,"2,193.53","2,194.80","2,177.36",,-0.05%,-0.00048022942168010515
2023-01-13,2199.94,"2,188.60","2,204.18","2,179.82",,0.64%,0.006388719981371036
2023-01-16,2224.9,"2,204.64","2,224.90","2,204.46",,1.13%,0.011281883522885184
2023-01-17,2196.84,"2,225.26","2,226.49","2,196.84",,-1.26%,-0.012692006619188508
2023-01-18,2196.26,"2,188.90","2,206.66","2,177.65",,-0.03%,-0.0002640504442738948
2023-01-19,2168.83,"2,190.02","2,193.93","2,162.11",,-1.25%,-0.012568062083742398
2023-01-20,2166.69,"2,167.61","2,173.71","2,154.37",,-0.10%,-0.0009871942345070772
2023-01-23,2185.31,"2,167.92","2,186.85","2,164.89",,0.86%,0.008557037507987258
2023-01-24,2172.75,"2,191.64","2,199.29","2,172.75",,-0.57%,-0.005764048578818148
2023-01-25,2170.15,"2,168.48","2,176.61","2,160.76",,-0.12%,-0.0011973567480839788
2023-01-26,2166.92,"2,181.96","2,183.77","2,166.92",,-0.15%,-0.0014894851119137853
2023-01-27,2189.35,"2,174.85","2,189.35","2,167.33",,1.04%,0.01029789164508513
2023-01-30,2204.41,"2,193.99","2,204.41","2,189.12",,0.69%,0.006855203277915749
2023-01-31,2225.6,"2,203.57","2,225.60","2,202.76",,0.96%,0.009566642788605672
2023-02-01,2230.15,"2,232.02","2,247.12","2,224.95",,0.20%,0.0020423055968171447
2023-02-02,2243.54,"2,243.04","2,249.56","2,228.56",,0.60%,0.0059861277757026765
2023-02-03,2248.3,"2,239.10","2,253.70","2,216.63",,0.21%,0.0021193995252586674
2023-02-06,2272.37,"2,245.93","2,276.50","2,243.77",,1.07%,0.010648964627795247
2023-02-07,2267.69,"2,281.69","2,290.51","2,262.30",,-0.21%,-0.0020616474926111322
2023-02-08,2251.97,"2,273.59","2,283.49","2,244.52",,-0.69%,-0.006956303523299067
2023-02-09,2262.45,"2,258.97","2,269.96","2,241.02",,0.47%,0.0046429082035289145
2023-02-10,2261.58,"2,253.51","2,264.39","2,249.62",,-0.04%,-0.00038461283887352316
2023-02-13,2264.27,"2,262.65","2,271.00","2,261.37",,0.12%,0.00118872711944214
2023-02-14,2232.23,"2,256.59","2,256.96","2,225.94",,-1.42%,-0.014251325375691515
2023-02-15,2166.46,"2,216.69","2,216.69","2,164.70",,-2.95%,-0.029906586736415493
2023-02-16,2153.96,"2,169.39","2,186.64","2,150.17",,-0.58%,-0.005786490609060622
2023-02-17,2168.88,"2,157.50","2,180.96","2,147.31",,0.69%,0.0069028968200382426
2023-02-20,2183.57,"2,172.53","2,186.39","2,140.78",,0.68%,0.006750246771418178
2023-02-21,2212.42,"2,184.60","2,227.82","2,184.51",,1.32%,0.013125787003042724
2023-02-22,2212.4,"2,215.43","2,215.58","2,194.99",,0.00%,-9.03991574801012e-06
2023-02-24,2208.03,"2,209.10","2,223.23","2,202.25",,-0.20%,-0.001977183859317112
2023-02-27,2241.1,"2,194.39","2,241.10","2,188.95",,1.50%,0.01486610148033673
2023-02-28,2253.16,"2,246.26","2,258.68","2,239.59",,0.54%,0.00536685859170286
2023-03-01,2279.65,"2,258.89","2,287.48","2,255.45",,1.18%,0.011688247059633965
2023-03-02,2254.3,"2,284.87","2,286.27","2,235.43",,-1.11%,-0.011182418932792036
2023-03-03,2272.2,"2,250.12","2,273.52","2,249.81",,0.79%,0.007909021675716816
2023-03-06,2294.12,"2,286.20","2,297.86","2,283.40",,0.96%,0.009600802560262925
2023-03-07,2295.6,"2,294.32","2,298.93","2,281.46",,0.06%,0.0006449195381404131
2023-03-09,2290.14,"2,295.03","2,302.10","2,278.95",,-0.24%,-0.002381296183433791
2023-03-10,2276.25,"2,272.61","2,283.18","2,266.33",,-0.61%,-0.0060835990089559205
2023-03-13,2269.47,"2,279.13","2,289.70","2,250.14",,-0.30%,-0.002983028003320598
2023-03-14,2290.32,"2,266.78","2,290.32","2,261.65",,0.92%,0.009145221738611065
2023-03-15,2262.07,"2,287.16","2,295.06","2,257.00",,-1.23%,-0.012411222514433077
2023-03-16,2258.22,"2,262.61","2,269.01","2,236.77",,-0.17%,-0.0017034309440124877
2023-03-17,2322.78,"2,284.78","2,322.78","2,275.48",,2.86%,0.028187851844247214
2023-03-20,2397.16,"2,337.83","2,397.16","2,332.80",,3.20%,0.0315199591480824
2023-03-21,2398.15,"2,417.43","2,431.23","2,383.08",,0.04%,0.00041290344693703095
2023-03-22,2393.88,"2,387.81","2,398.76","2,374.46",,-0.18%,-0.001782126209609421
2023-03-23,2388.35,"2,386.70","2,396.50","2,379.88",,-0.23%,-0.002312729611443875
2023-03-24,2391.53,"2,386.53","2,394.03","2,384.29",,0.13%,0.0013305775329783222
2023-03-27,2440.68,"2,400.84","2,440.68","2,400.84",,2.06%,0.02034336051555006
2023-03-28,2442.19,"2,453.26","2,458.37","2,421.39",,0.06%,0.0006184887363927987
2023-03-29,2460.87,"2,449.96","2,468.48","2,437.52",,0.76%,0.007619768218757232
2023-03-30,2465.93,"2,458.06","2,467.97","2,450.46",,0.21%,0.002054072330559834
2023-03-31,2450.67,"2,470.12","2,472.53","2,424.45",,-0.62%,-0.0062075617305235265
2023-04-03,2473.32,"2,474.37","2,482.54","2,463.00",,0.92%,0.009199921102615796
2023-04-04,2480.45,"2,483.47","2,511.49","2,479.24",,0.29%,0.002878617668371759
2023-04-05,2500.8,"2,489.18","2,500.80","2,465.77",,0.82%,0.008170685355634078
2023-04-06,2498.3,"2,504.06","2,521.81","2,498.30",,-0.10%,-0.0010001801157842368
2023-04-07,2508.39,"2,504.04","2,511.95","2,491.37",,0.40%,0.004030612504483996
2023-04-10,2547.35,"2,523.20","2,548.41","2,523.20",,1.55%,0.015412490051265177
2023-04-11,2533.69,"2,560.04","2,577.51","2,515.83",,-0.54%,-0.005376864937088029
2023-04-12,2538.47,"2,538.62","2,554.77","2,520.65",,0.19%,0.0018847991447690823
2023-04-13,2544.28,"2,546.98","2,557.58","2,528.06",,0.23%,0.002286164981760593
2023-04-14,2554.85,"2,546.93","2,554.85","2,532.39",,0.42%,0.004145811202906652
2023-04-17,2596.11,"2,572.54","2,596.45","2,572.54",,1.61%,0.016020657308105885
2023-04-18,2615.62,"2,601.34","2,615.62","2,586.05",,0.75%,0.007486992279373219
2023-04-19,2606.55,"2,617.91","2,629.01","2,584.96",,-0.35%,-0.0034736552506315264
2023-04-20,2637.85,"2,600.71","2,640.78","2,565.61",,1.20%,0.011936683565694986
2023-04-21,2639.95,"2,640.99","2,648.21","2,626.94",,0.08%,0.0007957861650017248
2023-04-24,2635.43,"2,636.76","2,651.80","2,609.40",,-0.17%,-0.0017136210495094174
2023-04-25,2626.86,"2,639.67","2,642.12","2,619.67",,-0.33%,-0.003257139981477499
2023-04-26,2620.33,"2,625.62","2,631.13","2,614.98",,-0.25%,-0.0024889525140311037
2023-04-27,2646.18,"2,620.65","2,646.18","2,617.04",,0.99%,0.009816826549987752
2023-04-28,2634.94,"2,653.93","2,657.90","2,608.02",,-0.42%,-0.004256679254308235
2023-05-02,2580.51,"2,623.29","2,635.53","2,560.09",,-2.07%,-0.020873357518477048
2023-05-03,2532.42,"2,585.40","2,586.17","2,532.42",,-1.86%,-0.01881168651396771
2023-05-04,2524.51,"2,524.97","2,547.20","2,524.36",,-0.31%,-0.0031283828137297423
2023-05-05,2538.24,"2,544.47","2,555.39","2,529.08",,0.54%,0.005423942979764962
2023-05-08,2527.59,"2,528.74","2,538.23","2,513.84",,-0.42%,-0.004204647882050563
2023-05-10,2548.63,"2,483.92","2,556.67","2,483.79",,0.83%,0.008289680308112614
2023-05-11,2595.12,"2,573.41","2,610.80","2,567.98",,1.82%,0.01807679842800741
2023-05-12,2565.17,"2,570.65","2,584.91","2,552.05",,-1.15%,-0.011608005093612745
2023-05-15,2611.07,"2,581.64","2,611.71","2,581.64",,1.79%,0.017735345779452565
2023-05-16,2633.71,"2,645.94","2,655.73","2,621.59",,0.87%,0.008633399541499878
2023-05-17,2634.48,"2,637.51","2,646.61","2,623.15",,0.03%,0.000292320514439785
2023-05-18,2632.91,"2,650.12","2,658.57","2,624.49",,-0.06%,-0.0005961206770310067
2023-05-19,2626.16,"2,627.59","2,635.80","2,612.47",,-0.26%,-0.00256699519366478
2023-05-22,2633.26,"2,648.30","2,652.97","2,622.35",,0.27%,0.0026999191214968628
2023-05-23,2641.66,"2,641.05","2,648.69","2,607.63",,0.32%,0.0031848851169093283
2023-05-24,2654.99,"2,643.73","2,659.68","2,626.43",,0.50%,0.0050333807757219065
2023-05-25,2649.98,"2,662.85","2,663.51","2,631.03",,-0.19%,-0.00188879540862664
2023-05-26,2682.03,"2,650.38","2,685.14","2,645.54",,1.21%,0.012021877679414646
2023-05-29,2732.0,"2,697.46","2,732.00","2,697.46",,1.86%,0.018459971229289412
2023-05-30,2698.75,"2,712.04","2,748.60","2,687.81",,-1.22%,-0.012245238861663546
2023-05-31,2717.64,"2,698.11","2,718.27","2,676.27",,0.70%,0.006975153778626328
2023-06-01,2721.73,"2,720.21","2,729.97","2,709.33",,0.15%,0.001503850913182056
2023-06-02,2719.48,"2,684.59","2,720.47","2,684.59",,-0.08%,-0.0008270219779216718
2023-06-05,2694.14,"2,726.17","2,738.82","2,679.30",,-0.93%,-0.009361641588031768
2023-06-06,2681.25,"2,667.76","2,687.41","2,628.00",,-0.48%,-0.004795940278545111
2023-06-07,2694.69,"2,690.94","2,711.72","2,674.11",,0.50%,0.005000066221248819
2023-06-08,2709.69,"2,693.60","2,709.69","2,688.31",,0.56%,0.005551067289093472
2023-06-09,2708.04,"2,717.20","2,721.84","2,705.24",,-0.06%,-0.000609111214850117
2023-06-13,2757.28,"2,715.31","2,757.28","2,715.15",,1.82%,0.018019560561447753
2023-06-14,2765.18,"2,777.20","2,786.06","2,758.35",,0.29%,0.0028610457617948195
2023-06-15,2800.17,"2,776.77","2,809.42","2,764.89",,1.27%,0.012574397310909945
2023-06-16,2800.79,"2,809.28","2,813.74","2,783.71",,0.02%,0.0002213906196553952
2023-06-19,2815.07,"2,808.04","2,816.57","2,783.69",,0.51%,0.005085607824070156
2023-06-20,2803.69,"2,810.14","2,814.72","2,778.00",,-0.40%,-0.004050721355094338
2023-06-21,2819.3,"2,808.87","2,821.88","2,794.68",,0.56%,0.005552220473793113
2023-06-22,2815.83,"2,817.30","2,820.43","2,805.92",,-0.12%,-0.0012315600309454353
2023-06-23,2795.06,"2,790.04","2,795.06","2,767.82",,-0.74%,-0.0074034938734739205
2023-06-26,2757.13,"2,771.52","2,784.28","2,741.33",,-1.36%,-0.013663289649620975
2023-06-27,2776.63,"2,759.61","2,785.33","2,743.07",,0.71%,0.007047678509119688
2023-06-28,2780.92,"2,781.10","2,787.52","2,766.93",,0.15%,0.0015438460660136882
2023-06-29,2796.41,"2,790.27","2,804.80","2,783.53",,0.56%,0.005554643468266607
2023-06-30,2797.37,"2,796.00","2,800.12","2,779.61",,0.03%,0.0003432383860019017
2023-07-03,2793.93,"2,795.58","2,804.93","2,790.81",,-0.12%,-0.001230483227170426
2023-07-04,2808.22,"2,798.02","2,808.22","2,776.79",,0.51%,0.0051016238384507095
2023-07-05,2805.0,"2,795.40","2,813.76","2,795.40",,-0.11%,-0.0011472916982412894
2023-07-06,2819.6,"2,816.74","2,837.49","2,813.38",,0.52%,0.005191491942923773
2023-07-07,2832.51,"2,823.89","2,832.82","2,814.38",,0.46%,0.0045682134463412944
2023-07-10,2856.76,"2,838.85","2,864.32","2,838.52",,0.86%,0.008524871155950775
2023-07-11,2860.33,"2,865.64","2,867.36","2,851.01",,0.12%,0.001248887270977493
2023-07-12,2896.83,"2,870.61","2,897.28","2,870.61",,1.28%,0.012680032879993836
2023-07-13,2885.63,"2,899.98","2,912.15","2,873.00",,-0.39%,-0.003873788666352793
2023-07-14,2902.72,"2,882.96","2,902.72","2,874.44",,0.59%,0.0059049814399481345
2023-07-17,2917.61,"2,889.09","2,917.72","2,880.11",,0.51%,0.005116559536654113
2023-07-18,2954.52,"2,923.69","2,955.81","2,922.74",,1.27%,0.012571413134496768
2023-07-19,2943.43,"2,959.41","2,966.72","2,938.66",,-0.38%,-0.003760633125033641
2023-07-20,2917.48,"2,947.08","2,947.29","2,905.02",,-0.88%,-0.008855338019715478
2023-07-21,2923.54,"2,890.45","2,925.54","2,889.78",,0.21%,0.0020749807993467903
2023-07-24,2937.47,"2,929.23","2,947.17","2,925.10",,0.48%,0.004753455881978365
2023-07-25,2975.36,"2,948.87","2,975.36","2,943.74",,1.29%,0.012816373427858947
2023-07-26,2970.42,"2,974.21","2,982.47","2,954.90",,-0.17%,-0.0016616831220429814
2023-07-27,2987.85,"2,975.52","2,992.47","2,975.52",,0.59%,0.005850708249270127
2023-07-28,3008.61,"2,986.35","3,008.61","2,978.12",,0.69%,0.006924112873899073
2023-07-31,3073.5,"3,026.93","3,073.50","3,026.93",,2.16%,0.021338799283772365
2023-08-01,3093.64,"3,085.97","3,114.56","3,055.25",,0.66%,0.006531413782266856
2023-08-02,3106.46,"3,096.72","3,123.45","3,080.63",,0.41%,0.004135423064252797
2023-08-03,3147.8,"3,111.70","3,150.28","3,094.27",,1.33%,0.013219981923916845
2023-08-04,3092.44,"3,158.53","3,194.83","3,073.69",,-1.76%,-0.017743372817570973
2023-08-07,3084.08,"3,120.54","3,153.60","3,084.08",,-0.27%,-0.002707027615929927
2023-08-08,3085.31,"3,077.63","3,092.54","3,026.72",,0.04%,0.00039874283074904746
2023-08-09,3099.52,"3,106.03","3,120.25","3,083.77",,0.46%,0.004595122260060873
2023-08-10,3148.86,"3,122.06","3,148.86","3,115.85",,1.59%,0.015793221779631557
2023-08-11,3155.51,"3,158.59","3,163.47","3,138.04",,0.21%,0.0021096485347096494
2023-08-14,3131.0,"3,186.47","3,225.78","3,117.31",,-0.78%,-0.007797688762745042
2023-08-15,3115.25,"3,083.32","3,163.74","3,068.66",,-0.50%,-0.00504303650342869
2023-08-16,3049.46,"3,109.46","3,122.34","3,015.57",,-2.11%,-0.021344880076903848
2023-08-17,3059.02,"3,069.81","3,076.31","3,031.73",,0.31%,0.0031300774677984772
2023-08-18,3111.22,"3,077.78","3,111.22","3,058.01",,1.71%,0.01692032899476417
2023-08-21,3139.93,"3,139.29","3,150.61","3,122.37",,0.92%,0.009185574451540175
2023-08-22,3164.25,"3,146.42","3,172.30","3,124.19",,0.77%,0.0077155540123818485
2023-08-23,3146.2,"3,180.39","3,184.17","3,113.24",,-0.57%,-0.005720685284153433
2023-08-24,3137.37,"3,117.02","3,137.37","3,108.17",,-0.28%,-0.0028105060697360506
2023-08-25,3157.33,"3,150.03","3,158.61","3,132.07",,0.64%,0.006341864393208446
2023-08-28,3198.72,"3,161.36","3,202.24","3,161.36",,1.31%,0.013023996054601432
2023-08-29,3211.36,"3,205.06","3,218.40","3,191.31",,0.40%,0.00394379364470483
2023-08-30,3212.68,"3,214.11","3,220.85","3,193.18",,0.04%,0.0004109563510118399
2023-08-31,3227.99,"3,218.48","3,234.68","3,211.94",,0.48%,0.004754172729413656
2023-09-01,3231.35,"3,230.53","3,232.92","3,214.95",,0.10%,0.0010403540618870246
2023-09-04,3268.97,"3,242.49","3,268.97","3,242.40",,1.16%,0.011574944010220294
2023-09-05,3264.43,"3,273.39","3,287.34","3,246.46",,-0.14%,-0.0013897819606172681
2023-09-06,3245.47,"3,270.84","3,270.84","3,236.79",,-0.58%,-0.005824990740314561
2023-09-07,3169.07,"3,247.90","3,262.73","3,145.25",,-2.35%,-0.02382200842875901
2023-09-08,3142.88,"3,178.44","3,188.77","3,114.39",,-0.83%,-0.00829859244805863
2023-09-11,3122.37,"3,145.26","3,153.61","3,106.92",,-0.65%,-0.006547248159568956
2023-09-12,3165.92,"3,118.14","3,165.92","3,117.70",,1.39%,0.013851363817732694
2023-09-13,3148.32,"3,189.08","3,191.57","3,148.32",,-0.56%,-0.005574715430594827
2023-09-14,3139.49,"3,144.29","3,148.50","3,072.82",,-0.28%,-0.002808610885020362
2023-09-15,3152.53,"3,126.57","3,155.45","3,116.72",,0.42%,0.004144938722219555
2023-09-18,3135.18,"3,165.06","3,177.23","3,127.37",,-0.55%,-0.00551871636402157
2023-09-19,3083.85,"3,134.37","3,141.38","3,054.25",,-1.64%,-0.01650777231866068
2023-09-20,3068.15,"3,061.18","3,091.05","3,013.75",,-0.51%,-0.005104042289889739
2023-09-21,3019.22,"3,058.20","3,062.68","3,009.89",,-1.59%,-0.016076254214486906
2023-09-22,3049.07,"3,009.87","3,051.69","2,988.04",,0.99%,0.009838106208039496
2023-09-25,3045.39,"3,051.85","3,056.23","3,025.89",,-0.12%,-0.0012076543113752071
2023-09-26,3051.91,"3,034.23","3,051.91","3,001.92",,0.21%,0.002138652349438779
2023-09-27,3067.61,"3,053.37","3,081.41","3,052.59",,0.51%,0.005131132653040838
2023-09-28,3108.07,"3,080.81","3,108.07","3,076.64",,1.32%,0.0131031979936131
2023-09-29,3133.26,"3,121.07","3,141.12","3,106.97",,0.81%,0.008072041304350264
2023-10-02,3132.33,"3,141.69","3,162.53","3,125.58",,-0.03%,-0.0002968595158093716
2023-10-03,3143.88,"3,134.45","3,146.33","3,103.63",,0.37%,0.0036805693367783733
2023-10-04,3134.25,"3,138.62","3,154.97","3,130.03",,-0.31%,-0.0030677948856171287
2023-10-05,3131.76,"3,126.71","3,138.50","3,112.96",,-0.08%,-0.0007947641740332908
2023-10-06,3144.89,"3,138.87","3,145.01","3,121.00",,0.42%,0.0041837665481365615
2023-10-09,3174.02,"3,166.21","3,185.86","3,164.63",,0.93%,0.00922000989349155
2023-10-10,3177.03,"3,175.08","3,182.08","3,162.61",,0.09%,0.0009478748318357974
2023-10-11,3194.12,"3,174.99","3,196.44","3,168.29",,0.54%,0.005364821418224664
2023-10-12,3174.66,"3,130.04","3,178.50","3,122.58",,-0.61%,-0.00611107953535196
2023-10-13,3192.33,"3,182.47","3,195.23","3,176.17",,0.56%,0.005550517706206679
2023-10-16,3234.78,"3,204.81","3,235.66","3,202.94",,1.33%,0.01320986175545103
2023-10-17,3247.15,"3,239.37","3,252.55","3,228.11",,0.38%,0.0038167690847923084
2023-10-18,3249.21,"3,252.31","3,262.54","3,225.44",,0.06%,0.000634201327834745
2023-10-19,3255.16,"3,245.26","3,260.45","3,232.16",,0.18%,0.0018295397278017204
2023-10-20,3269.27,"3,257.85","3,269.71","3,236.31",,0.43%,0.00432528879844766
2023-10-23,3263.68,"3,271.76","3,283.80","3,248.39",,-0.17%,-0.0017113253168187616
2023-10-24,3265.01,"3,256.29","3,266.59","3,237.08",,0.04%,0.0004074324308242061
2023-10-25,3265.28,"3,265.18","3,269.76","3,243.25",,0.01%,8.269158035985995e-05
2023-10-26,3223.89,"3,272.71","3,283.49","3,221.79",,-1.27%,-0.012756812135588127
2023-10-27,3224.18,"3,219.49","3,241.55","3,185.84",,0.01%,8.994939577124324e-05
2023-10-30,3227.07,"3,232.82","3,246.00","3,219.70",,0.09%,0.0008959504571436469
2023-10-31,3200.97,"3,221.08","3,226.88","3,176.53",,-0.81%,-0.00812071593594694
2023-11-01,3206.52,"3,192.96","3,214.83","3,191.34",,0.17%,0.0017323480451710582
2023-11-02,3197.22,"3,216.92","3,228.46","3,197.22",,-0.29%,-0.0029045546940502736
2023-11-03,3208.63,"3,207.04","3,212.81","3,182.17",,0.36%,0.0035623725396462147
2023-11-06,3235.11,"3,207.47","3,237.09","3,207.10",,0.83%,0.008218875702614958
2023-11-07,3246.34,"3,239.98","3,246.65","3,228.46",,0.35%,0.0034652774418139336
2023-11-08,3245.43,"3,238.81","3,257.32","3,233.11",,-0.03%,-0.00028035497436315106
2023-11-09,3239.92,"3,241.50","3,245.11","3,222.34",,-0.17%,-0.0016992147920361395
2023-11-10,3242.06,"3,236.03","3,246.31","3,229.10",,0.07%,0.000660292095239531
2023-11-13,3248.27,"3,241.31","3,251.74","3,235.06",,0.19%,0.0019136166866855308
2023-11-14,3212.39,"3,236.48","3,236.48","3,192.32",,-1.10%,-0.011107338533344838
2023-11-15,3215.11,"3,195.43","3,221.22","3,182.78",,0.08%,0.0008463633332924223
2023-11-16,3189.08,"3,209.33","3,215.93","3,184.97",,-0.81%,-0.008129097776054162
2023-11-17,3206.34,"3,172.78","3,208.17","3,151.95",,0.54%,0.00539762577122586
2023-11-20,3207.36,"3,205.73","3,216.73","3,194.40",,0.03%,0.000318069135943049
2023-11-21,3218.48,"3,198.73","3,219.11","3,193.46",,0.35%,0.0034610295619820894
2023-11-22,3230.65,"3,221.90","3,239.17","3,220.37",,0.38%,0.003774156962582895
2023-11-23,3221.05,"3,233.09","3,238.81","3,218.72",,-0.30%,-0.0029759620208871206
2023-11-24,3217.76,"3,223.75","3,231.77","3,203.62",,-0.10%,-0.0010219280538864167
2023-11-27,3191.05,"3,220.25","3,224.61","3,178.20",,-0.83%,-0.008335449061550537
2023-11-28,3196.36,"3,189.16","3,197.61","3,157.55",,0.17%,0.001662646118925572
2023-11-29,3173.52,"3,196.75","3,200.33","3,173.37",,-0.71%,-0.007171280426990852
2023-11-30,3165.79,"3,176.50","3,176.53","3,146.53",,-0.24%,-0.0024387524292673788
2023-12-01,3142.29,"3,155.87","3,162.97","3,136.56",,-0.74%,-0.007450796031605233
2023-12-04,3114.41,"3,123.18","3,126.55","3,096.28",,-0.89%,-0.00891210527337004
2023-12-05,3129.33,"3,102.30","3,134.57","3,090.31",,0.48%,0.004779195930198883
2023-12-06,3079.5,"3,139.89","3,146.52","3,077.94",,-1.59%,-0.016051677985535376
2023-12-07,3073.63,"3,065.93","3,084.50","3,041.11",,-0.19%,-0.0019079726190548195
2023-12-08,3079.99,"3,079.88","3,100.22","3,067.46",,0.21%,0.002067076701059423
2023-12-11,3026.17,"3,081.88","3,082.30","3,025.74",,-1.75%,-0.0176285566635449
2023-12-12,3019.89,"3,020.61","3,046.81","2,992.50",,-0.21%,-0.00207738668106621
2023-12-13,3032.22,"3,011.99","3,043.42","3,002.38",,0.41%,0.004074617632221789
2023-12-14,3008.84,"3,046.43","3,057.08","3,005.94",,-0.77%,-0.0077404020923428785
2023-12-15,3033.89,"2,959.29","3,037.29","2,959.29",,0.83%,0.008291002078887704
2023-12-18,3076.26,"3,052.14","3,090.04","3,048.82",,1.40%,0.0138689489278171
2023-12-19,3083.64,"3,084.12","3,091.26","3,066.34",,0.24%,0.002396143940981388
2023-12-20,3104.66,"3,091.35","3,113.92","3,088.74",,0.68%,0.006793491214718689
2023-12-21,3073.57,"3,093.46","3,095.01","3,050.00",,-1.00%,-0.010064456141502089
2023-12-22,3092.58,"3,076.31","3,102.75","3,075.56",,0.62%,0.006165941544767225
2023-12-25,3099.02,"3,095.42","3,108.14","3,086.89",,0.21%,0.0020802384916231583
2023-12-26,3094.72,"3,090.39","3,098.69","3,080.92",,-0.14%,-0.0013884989330651448
2023-12-27,3097.49,"3,100.99","3,112.19","3,097.31",,0.09%,0.0008946725594797096
2023-12-28,3101.99,"3,099.56","3,101.99","3,081.98",,0.15%,0.0014517349165818663
2023-12-29,3099.11,"3,092.66","3,102.08","3,086.26",,-0.09%,-0.0009288675257843185
2024-01-03,3130.23,"3,099.78","3,132.76","3,099.10",,1.00%,0.00999151078373706
2024-01-04,3136.07,"3,140.66","3,144.25","3,133.93",,0.19%,0.001863939387138048
2024-01-05,3136.37,"3,138.27","3,142.80","3,128.16",,0.01%,9.565655477879537e-05
2024-01-08,3158.58,"3,140.12","3,158.82","3,139.37",,0.71%,0.0070564792921733194
2024-01-09,3155.55,"3,156.17","3,158.72","3,143.03",,-0.10%,-0.0009597522485548327
2024-01-10,3164.7,"3,158.35","3,174.28","3,156.44",,0.29%,0.002895457107724629
2024-01-11,3181.25,"3,158.30","3,181.25","3,148.50",,0.52%,0.0052159369429601804
2024-01-12,3185.22,"3,182.50","3,196.98","3,176.09",,0.12%,0.001247159105306289
2024-01-15,3184.88,"3,190.62","3,200.78","3,176.73",,-0.01%,-0.00010674871676187518
2024-01-16,3179.45,"3,186.77","3,187.14","3,162.98",,-0.17%,-0.0017063858466070036
2024-01-17,3185.23,"3,174.87","3,189.26","3,169.99",,0.18%,0.0018162740590089964
2024-01-18,3178.85,"3,188.71","3,193.54","3,176.72",,-0.20%,-0.0020050037514680458
2024-01-19,3166.37,"3,176.13","3,179.21","3,154.46",,-0.39%,-0.0039336748269549
2024-01-22,3172.15,"3,161.44","3,179.11","3,157.37",,0.18%,0.0018237700921002573
2024-01-23,3175.74,"3,176.19","3,179.75","3,166.66",,0.11%,0.0011310846226823008
2024-01-24,3162.41,"3,176.59","3,183.70","3,152.96",,-0.42%,-0.0042062809033377585
2024-01-25,3157.74,"3,163.36","3,166.95","3,143.89",,-0.15%,-0.0014778132955432072
2024-01-26,3163.21,"3,164.55","3,171.95","3,157.76",,0.17%,0.001730752929686774
2024-01-29,3176.61,"3,169.57","3,184.15","3,169.57",,0.42%,0.004227255649050571
2024-01-30,3196.08,"3,181.75","3,196.15","3,178.82",,0.61%,0.006110468446004062
2024-01-31,3214.19,"3,201.48","3,219.41","3,198.83",,0.57%,0.0056503230540544905
2024-02-01,3229.89,"3,220.43","3,233.21","3,220.38",,0.49%,0.004872698993185025
2024-02-02,3226.35,"3,229.48","3,232.35","3,215.00",,-0.11%,-0.0010966136186869111
2024-02-05,3226.79,"3,218.91","3,232.38","3,218.91",,0.01%,0.0001363677219716245
2024-02-06,3238.4,"3,234.44","3,238.40","3,228.78",,0.36%,0.0035915456405685737
2024-02-07,3256.58,"3,240.57","3,259.24","3,240.16",,0.56%,0.005598184283730185
2024-02-08,3241.81,"3,261.18","3,266.45","3,236.79",,-0.45%,-0.004545749157477066
2024-02-09,3242.38,"3,231.30","3,242.38","3,219.56",,0.02%,0.00017581224531305675
2024-02-12,3248.5,"3,241.57","3,248.50","3,227.70",,0.19%,0.0018857232959275665
2024-02-13,3254.6,"3,250.30","3,259.69","3,245.02",,0.19%,0.0018760289059282227
2024-02-14,3258.14,"3,261.52","3,267.88","3,251.76",,0.11%,0.0010871001601865558
2024-02-15,3265.63,"3,249.78","3,265.83","3,238.83",,0.23%,0.0022962192998819794
2024-02-16,3242.48,"3,269.84","3,275.23","3,236.42",,-0.71%,-0.007114230595191396
2024-02-19,3244.56,"3,247.46","3,253.02","3,234.10",,0.06%,0.000641278632868407
2024-02-20,3207.49,"3,236.85","3,237.34","3,206.07",,-1.14%,-0.011491047932235486
2024-02-21,3139.5,"3,173.01","3,185.80","3,135.80",,-2.12%,-0.021425148237860084
2024-02-22,3142.3,"3,152.75","3,166.86","3,141.88",,0.09%,0.0008914642890357294
2024-02-26,3213.17,"3,186.06","3,213.17","3,186.06",,2.26%,0.022302972925881254
2024-02-27,3208.99,"3,220.26","3,224.52","3,203.58",,-0.13%,-0.0013017428996671015
2024-02-28,3227.05,"3,215.53","3,240.29","3,213.36",,0.56%,0.005612161329634234
2024-02-29,3256.8,"3,233.03","3,258.14","3,224.09",,0.92%,0.009176710989721054
2024-03-01,3266.66,"3,259.00","3,269.28","3,249.69",,0.30%,0.0030229379833754872
2024-03-04,3296.75,"3,278.01","3,298.63","3,277.85",,0.92%,0.009169078515663882
2024-03-05,3300.89,"3,305.79","3,312.41","3,283.59",,0.13%,0.0012549943747700494
2024-03-06,3310.58,"3,298.86","3,318.14","3,289.25",,0.29%,0.0029312715442477654
2024-03-07,3315.68,"3,309.31","3,317.73","3,303.93",,0.15%,0.0015393301823512914
2024-03-11,3320.31,"3,329.72","3,340.37","3,318.90",,0.14%,0.001395421256299367
2024-03-12,3332.6,"3,320.18","3,335.41","3,304.49",,0.37%,0.003694628059046283
2024-03-13,3320.68,"3,337.56","3,343.56","3,317.19",,-0.36%,-0.0035831988894849055
2024-03-14,3297.0,"3,314.66","3,318.49","3,287.86",,-0.71%,-0.007156617143307075
2024-03-15,3300.07,"3,295.15","3,313.42","3,292.13",,0.09%,0.0009307162790787724
2024-03-18,3296.3,"3,305.67","3,313.05","3,292.00",,-0.11%,-0.0011430530459876846
2024-03-19,3264.97,"3,293.93","3,303.52","3,254.30",,-0.95%,-0.00955005299791302
2024-03-20,3267.1,"3,268.87","3,286.72","3,257.72",,0.07%,0.0006521669472295405
2024-03-21,3286.69,"3,286.75","3,297.46","3,259.03",,0.60%,0.005978238040712778
2024-03-22,3273.49,"3,289.28","3,299.19","3,260.39",,-0.40%,-0.0040242852526468816
2024-03-25,3281.63,"3,251.24","3,281.63","3,234.95",,0.25%,0.002483556116133485
2024-03-26,3285.54,"3,286.20","3,291.00","3,275.80",,0.12%,0.001190771812519247
2024-03-27,3304.09,"3,291.70","3,304.09","3,280.03",,0.56%,0.005630073008460265
2024-03-28,3312.77,"3,308.26","3,313.59","3,301.52",,0.26%,0.00262360242740891
2024-03-29,3332.53,"3,313.17","3,332.53","3,305.22",,0.60%,0.0059470778561799015
2024-04-01,3363.29,"3,343.66","3,367.34","3,343.66",,0.92%,0.009187886290030877
2024-04-02,3371.29,"3,369.32","3,375.69","3,357.55",,0.24%,0.002375798865837666
2024-04-03,3395.59,"3,381.95","3,397.33","3,376.63",,0.72%,0.007182070453070124
2024-04-04,3407.57,"3,399.81","3,409.62","3,392.06",,0.35%,0.0035218964078690337
2024-04-05,3395.37,"3,393.20","3,401.16","3,385.42",,-0.36%,-0.0035866884255150787
2024-04-08,3417.38,"3,400.82","3,423.35","3,400.82",,0.65%,0.006461436740437314
2024-04-09,3414.26,"3,423.41","3,441.18","3,408.99",,-0.09%,-0.0009133971394618305
2024-04-10,3439.11,"3,424.75","3,440.03","3,405.46",,0.73%,0.007251938508003322
2024-04-11,3439.53,"3,442.84","3,455.61","3,431.18",,0.01%,0.000122117162846682
2024-04-12,3456.24,"3,448.60","3,464.00","3,446.79",,0.49%,0.00484645883121208
2024-04-15,3472.19,"3,456.38","3,476.98","3,454.06",,0.46%,0.004604225828031964
2024-04-16,3462.94,"3,478.02","3,479.04","3,459.45",,-0.27%,-0.0026675795508474967
2024-04-17,3454.07,"3,469.57","3,476.72","3,443.07",,-0.26%,-0.002564693375311205
2024-04-18,3455.82,"3,451.37","3,457.46","3,436.95",,0.05%,0.0005065203751189148
2024-04-19,3470.88,"3,458.86","3,475.13","3,451.48",,0.44%,0.004348397860522487
2024-04-22,3479.17,"3,468.09","3,480.21","3,460.58",,0.24%,0.002385595479623188
2024-04-23,3439.42,"3,483.26","3,487.55","3,436.83",,-1.14%,-0.011490907073455483
2024-04-24,3428.93,"3,438.45","3,445.67","3,423.17",,-0.30%,-0.0030545933612721346
2024-04-25,3439.76,"3,429.62","3,443.74","3,427.02",,0.32%,0.003153442352075272
2024-04-26,3449.77,"3,446.39","3,459.12","3,438.06",,0.29%,0.002905860644695292
2024-04-27,3465.85,"3,453.63","3,467.23","3,453.40",,0.47%,0.004650350649257585
2024-04-29,3478.08,"3,468.92","3,480.47","3,467.25",,0.35%,0.003522504589146693
2024-04-30,3469.83,"3,481.29","3,486.30","3,464.86",,-0.24%,-0.002374815988499688
2024-05-02,3442.83,"3,470.87","3,477.42","3,439.58",,-0.78%,-0.007811793811394211
2024-05-03,3441.77,"3,443.49","3,450.43","3,424.63",,-0.03%,-0.00030793365144699615
2024-05-06,3436.05,"3,441.70","3,444.11","3,418.47",,-0.17%,-0.0016633181207878571
2024-05-07,3427.61,"3,405.82","3,428.37","3,405.82",,-0.25%,-0.0024593305186956125
2024-05-08,3432.54,"3,431.84","3,438.75","3,430.10",,0.14%,0.001437286604140296
2024-05-10,3449.78,"3,438.50","3,452.33","3,438.50",,0.50%,0.005009948988052906
2024-05-13,3457.11,"3,459.05","3,465.62","3,448.50",,0.21%,0.0021225190358778625
2024-05-14,3463.93,"3,465.83","3,468.28","3,457.31",,0.20%,0.001970802713881842
2024-05-15,3470.72,"3,466.35","3,476.49","3,462.86",,0.20%,0.0019582825866907914
2024-05-16,3486.26,"3,480.48","3,490.77","3,477.85",,0.45%,0.004467463136560912
2024-05-17,3501.89,"3,495.25","3,506.91","3,490.17",,0.45%,0.004473294380769791
2024-05-20,3468.09,"3,516.40","3,521.72","3,468.09",,-0.97%,-0.009698812609181704
2024-05-21,3428.38,"3,447.25","3,460.19","3,409.92",,-1.15%,-0.011516163738092593
2024-05-22,3444.64,"3,433.36","3,449.43","3,433.36",,0.47%,0.004731553330321155
2024-05-23,3442.79,"3,436.81","3,444.79","3,407.41",,-0.05%,-0.0005372105544424347
2024-05-24,3396.5,"3,438.65","3,442.36","3,377.64",,-1.34%,-0.013536699527219647
2024-05-27,3299.22,"3,384.74","3,392.99","3,298.21",,-2.86%,-0.029059412751435514
2024-05-28,3302.91,"3,305.11","3,347.85","3,277.48",,0.11%,0.001117821183233001
2024-05-29,3318.03,"3,307.76","3,323.08","3,284.14",,0.46%,0.004567335237681013
2024-05-30,3282.18,"3,332.77","3,342.59","3,275.54",,-1.08%,-0.010863397547762318
2024-05-31,3217.19,"3,258.52","3,270.01","3,211.19",,-1.98%,-0.019999528020915012
2024-06-03,3141.42,"3,192.30","3,217.36","3,087.99",,-2.36%,-0.023833380755346894
2024-06-04,3186.93,"3,160.01","3,201.53","3,138.25",,1.45%,0.014383143969625332
2024-06-05,3212.24,"3,217.63","3,237.53","3,194.73",,0.79%,0.007910442129578057
2024-06-06,3192.38,"3,206.74","3,215.99","3,178.21",,-0.62%,-0.006201792972872573
2024-06-07,3233.22,"3,199.75","3,268.89","3,193.57",,1.28%,0.012711824559511305
2024-06-10,3180.94,"3,245.40","3,255.49","3,180.21",,-1.62%,-0.016301794084482346
2024-06-11,3171.1,"3,178.71","3,191.27","3,148.22",,-0.31%,-0.003098219743940742
2024-06-13,3171.69,"3,050.03","3,178.01","3,032.05",,0.02%,0.00018603800589396814
2024-06-14,3215.91,"3,171.78","3,219.65","3,160.17",,1.39%,0.013845796992516774
2024-06-17,3183.68,"3,219.29","3,221.84","3,183.68",,-1.00%,-0.010072605431645782
2024-06-18,3114.15,"3,171.38","3,176.01","3,109.09",,-2.18%,-0.022081518610326943
2024-06-19,3027.47,"3,104.22","3,107.39","3,015.84",,-2.78%,-0.028228954578495273
2024-06-20,3121.74,"3,126.25","3,123.43","2,996.44",,3.11%,0.030663251446486413
2024-06-21,3114.35,"3,126.25","3,141.25","3,096.63",,-0.24%,-0.0023700759480044927
2024-06-24,3107.81,"3,109.22","3,123.13","3,107.81",,-0.21%,-0.0021021646529202722
2024-06-25,3111.39,"3,097.98","3,112.82","3,074.51",,0.12%,0.001151273602849281
2024-06-26,3148.2,"3,129.01","3,155.93","3,130.38",,1.18%,0.0117612892601375
2024-06-27,3151.36,"3,154.58","3,158.39","3,122.08",57.46B,0.10%,0.001003244755203683
2024-06-28,3150.66,"3,150.22","3,165.20","3,141.37",49.11B,-0.02%,-0.00022215099376990584
2024-07-01,3185.59,"3,160.70","3,186.76","3,154.21",52.69B,1.11%,0.011025560496782896
2024-07-02,3214.91,"3,199.03","3,221.47","3,190.50",64.11B,0.92%,0.009161848321788948
2024-07-03,3199.88,"3,219.11","3,226.10","3,196.37",66.53B,-0.47%,-0.004686054416051007
2024-07-04,3132.03,"3,190.58","3,195.59","3,123.97",67.80B,-2.12%,-0.02143195247579421
2024-07-05,3150.37,"3,131.87","3,158.77","3,103.49",78.46B,0.59%,0.0058385496303348765
2024-07-08,3133.23,"3,159.18","3,174.33","3,122.91",57.83B,-0.54%,-0.005455484916444774
2024-07-09,3053.8,"3,123.91","3,124.74","3,050.23",82.10B,-2.54%,-0.025677704573359973
2024-07-10,2980.64,"3,044.66","3,056.98","2,967.63",104.73B,-2.40%,-0.024248674208012952
2024-07-11,2995.87,"2,908.02","2,996.33","2,902.97",124.88B,0.51%,0.005096630966035866
2024-07-12,2975.44,"3,004.64","3,021.76","2,957.95",71.46B,-0.68%,-0.006842746304042661
2024-07-15,2911.56,"2,986.32","2,994.36","2,910.75",81.30B,-2.15%,-0.02170290720450287
2024-07-16,2946.83,"2,914.00","2,961.91","2,879.25",105.08B,1.21%,0.012040996292766048
2024-07-17,2951.21,"2,963.21","2,984.14","2,938.48",76.00B,0.15%,0.0014852394372255693
2024-07-18,2976.48,"2,922.77","2,979.25","2,908.07",72.51B,0.86%,0.008526138540797439
2024-07-19,3003.83,"2,988.27","3,024.87","2,974.62",76.59B,0.92%,0.009146746801287027
2024-07-22,3026.17,"3,023.10","3,041.83","3,010.15",67.16B,0.74%,0.007409652474593111
2024-07-23,3026.69,"3,032.53","3,033.06","3,003.70",49.77B,0.02%,0.00017181960305676834
2024-07-24,3050.75,"3,029.12","3,054.32","3,015.85",54.54B,0.79%,0.007917848863334404
2024-07-25,3039.9,"3,044.60","3,045.57","3,019.61",45.40B,-0.36%,-0.003562841889567277
2024-07-26,2991.78,"3,034.31","3,060.68","2,972.58",117.30B,-1.58%,-0.01595609214319812
2024-07-29,2908.35,"2,979.43","2,979.43","2,908.29",80.01B,-2.79%,-0.028282617934059666
2024-07-30,2946.31,"2,906.66","2,951.62","2,895.32",72.64B,1.31%,0.012967629868454098
2024-07-31,2945.37,"2,952.19","2,961.70","2,927.17",54.53B,-0.03%,-0.0003190940471906792
2024-08-01,2936.42,"2,950.86","2,966.49","2,935.79",38.98B,-0.30%,-0.003043293591792777
2024-08-02,2898.92,"2,927.77","2,932.16","2,887.34",51.18B,-1.28%,-0.012852898456370885
2024-08-05,2830.88,"2,859.12","2,868.42","2,807.09",94.55B,-2.35%,-0.023750636453530885
2024-08-06,2833.85,"2,839.41","2,863.45","2,814.15",56.19B,0.10%,0.0010485937625053128
2024-08-07,2873.61,"2,840.21","2,875.44","2,803.47",72.94B,1.40%,0.01393286793008409
2024-08-08,2849.26,"2,877.80","2,888.04","2,846.94",50.93B,-0.85%,-0.00850976763206243
2024-08-09,2846.04,"2,841.82","2,867.27","2,829.80",34.21B,-0.11%,-0.0011307570604162922
2024-08-12,2848.94,"2,840.33","2,858.93","2,814.65",52.65B,0.10%,0.0010184408902795083
2024-08-13,2881.77,"2,858.93","2,895.28","2,861.93",53.55B,1.15%,0.011457693429248204
2024-08-14,2867.65,"2,894.30","2,908.63","2,867.65",55.38B,-0.49%,-0.004911809674054305
2024-08-15,2836.3,"2,865.45","2,868.14","2,835.76",42.77B,-1.09%,-0.010992493160197984
2024-08-16,2826.13,"2,838.78","2,847.32","2,825.38",35.42B,-0.36%,-0.003592101248210559
2024-08-19,2778.02,"2,819.72","2,826.14","2,778.02",65.13B,-1.70%,-0.017169840889448843
2024-08-20,2772.71,"2,780.43","2,799.71","2,749.31",76.63B,-0.19%,-0.0019132624428871744
2024-08-21,2772.4,"2,771.15","2,783.22","2,744.57",73.18B,-0.01%,-0.00011181022570262361
2024-08-22,2726.81,"2,774.49","2,786.76","2,725.63",92.48B,-1.64%,-0.016580943259591568
2024-08-23,2662.58,"2,718.11","2,729.27","2,650.31",110.20B,-2.36%,-0.023836850269601282
2024-08-26,2763.21,"2,746.97","2,795.46","2,727.10",99.65B,3.78%,0.037097469863701375
2024-08-27,2733.58,"2,784.24","2,799.73","2,726.61",73.05B,-1.07%,-0.010780941963400308
2024-08-28,2701.69,"2,729.72","2,729.39","2,664.46",94.59B,-1.17%,-0.01173460230651964
2024-08-29,2708.38,"2,714.44","2,723.37","2,679.55",85.02B,0.25%,0.0024731670421933574
2024-08-30,2649.96,"2,717.68","2,724.47","2,641.20",84.96B,-2.16%,-0.021806124623886747
2024-09-02,2547.02,"2,622.55","2,627.16","2,540.66",108.33B,-3.88%,-0.039620497202753756
2024-09-03,2526.97,"2,552.32","2,602.95","2,512.77",117.74B,-0.79%,-0.007903091790971766
2024-09-04,2603.97,"2,539.40","2,604.94","2,534.49",76.91B,3.05%,0.0300162469917695
2024-09-05,2623.84,"2,631.33","2,661.84","2,607.84",94.48B,0.76%,0.007601690070367259
2024-09-06,2625.11,"2,619.23","2,648.37","2,604.75",59.44B,0.05%,0.00048390631451332975
2024-09-09,2703.17,"2,642.31","2,703.58","2,642.31",,2.97%,0.029302358470872848
2024-09-10,2671.38,"2,722.13","2,729.73","2,667.06",,-1.18%,-0.011829965576630092
2024-09-11,2668.03,"2,675.16","2,690.58","2,657.77",,-0.13%,-0.0012548204537836541
2024-09-12,2615.0,"2,656.31","2,656.31","2,603.81",,-1.99%,-0.0200762748510847
2024-09-13,2678.99,"2,629.31","2,682.16","2,582.79",,2.45%,0.024175760302523178
2024-09-16,2744.2,"2,696.66","2,746.11","2,685.38",,2.43%,0.024049735685528335
2024-09-17,2774.04,"2,753.20","2,780.24","2,726.91",,1.09%,0.01081514789441101
2024-09-18,2751.73,"2,776.38","2,784.15","2,742.48",,-0.80%,-0.00807493660651433
2024-09-19,2758.91,"2,746.41","2,777.93","2,735.67",,0.26%,0.00260586939557477
2024-09-20,2782.35,"2,760.12","2,795.72","2,760.12",,0.85%,0.008460220170250844
2024-09-23,2819.87,"2,797.00","2,832.22","2,797.00",,1.35%,0.01339489023797705
2024-09-24,2871.96,"2,849.00","2,871.96","2,822.19",,1.85%,0.018303938915749354
2024-09-25,2830.11,"2,878.59","2,887.68","2,829.75",,-1.46%,-0.01467914335467973
2024-09-26,2829.65,"2,819.74","2,847.78","2,807.30",,-0.02%,-0.00016255106259374083
2024-09-27,2858.56,"2,838.11","2,861.95","2,826.89",,1.02%,0.010164972436224133
2024-09-30,2857.56,"2,861.37","2,889.87","2,841.30",,-0.03%,-0.00034988768962230767
2024-10-01,2814.19,"2,831.17","2,837.42","2,792.21",,-1.52%,-0.015293637883728029
2024-10-02,2766.79,"2,823.42","2,838.77","2,766.79",,-1.68%,-0.01698667250387481
2024-10-03,2782.39,"2,767.51","2,790.98","2,739.92",,0.56%,0.005622467137759379
2024-10-04,2804.62,"2,799.96","2,818.12","2,789.94",,0.80%,0.00795778683481121
2024-10-07,2793.84,"2,807.85","2,817.45","2,779.34",,-0.38%,-0.0038510638007243966
2024-10-08,2788.37,"2,786.58","2,799.30","2,774.74",,-0.20%,-0.0019597979118551466
2024-10-09,2748.81,"2,787.38","2,790.14","2,748.81",,-1.42%,-0.014289104961815347
2024-10-10,2761.54,"2,754.16","2,775.86","2,752.24",,0.46%,0.004620404383317538
2024-10-11,2754.52,"2,758.11","2,763.00","2,737.96",,-0.25%,-0.002545296385442389
2024-10-14,2773.36,"2,744.93","2,788.18","2,723.30",,0.68%,0.006816382753232462
2024-10-15,2805.79,"2,774.56","2,810.13","2,766.79",,1.17%,0.011625557746883373
2024-10-16,2783.46,"2,805.98","2,827.15","2,781.28",,-0.80%,-0.007990381109090727
2024-10-17,2763.53,"2,786.82","2,795.14","2,763.53",,-0.72%,-0.007185910110125341
2024-10-18,2751.9,"2,756.30","2,770.45","2,744.36",,-0.42%,-0.004217265829480244
2024-10-21,2767.71,"2,759.58","2,779.73","2,759.58",,0.57%,0.005728681279080869
2024-10-22,2755.19,"2,772.23","2,783.82","2,754.08",,-0.45%,-0.004533857736556062
2024-10-23,2734.93,"2,749.53","2,755.22","2,730.49",,-0.74%,-0.007380564347607281
2024-10-24,2718.42,"2,723.04","2,730.58","2,690.83",,-0.60%,-0.0060550122190522766
2024-10-25,2660.36,"2,723.01","2,751.23","2,657.31",,-2.14%,-0.02158937719538307
2024-10-28,2575.06,"2,635.95","2,652.12","2,570.20",,-3.21%,-0.0325886171669549
2024-10-29,2599.66,"2,582.29","2,612.94","2,557.65",,0.96%,0.009507832430516007
2024-10-30,2615.38,"2,608.50","2,631.80","2,592.15",,0.60%,0.006028735201559521
2024-10-31,2560.2,"2,582.47","2,593.11","2,551.20",,-2.11%,-0.02132402200731312
2024-11-01,2574.71,"2,562.49","2,581.47","2,541.82",,0.57%,0.005651525974342582
2024-11-02,2594.38,"2,579.11","2,603.10","2,579.11",,0.76%,0.0076106606555409765
2024-11-05,2616.51,"2,614.13","2,624.13","2,600.48",,0.85%,0.008493801652550356
2024-11-06,2662.87,"2,676.85","2,712.29","2,650.60",,1.77%,0.017563119794349602
2024-11-07,2690.63,"2,662.87","2,693.93","2,633.59",,1.04%,0.010370878419873573
2024-11-08,2734.56,"2,721.64","2,749.62","2,713.50",,1.63%,0.01619517848152878
2024-11-11,2785.31,"2,782.97","2,797.94","2,765.18",,1.86%,0.01838863235908454
2024-11-12,2756.76,"2,779.92","2,779.92","2,747.76",,-1.03%,-0.010303100667199685
2024-11-13,2763.99,"2,748.61","2,771.67","2,740.17",,0.26%,0.0026192108439284595
2024-11-14,2697.47,"2,740.53","2,740.53","2,694.56",,-2.41%,-0.02436099127427384
2024-11-15,2739.21,"2,703.67","2,740.08","2,697.44",,1.55%,0.015355260979959281
2024-11-18,2720.77,"2,703.31","2,729.49","2,687.45",94.83B,-0.67%,-0.006754629178270649
2024-11-19,2630.51,"2,713.73","2,716.38","2,623.59",118.72B,-3.32%,-0.033737184741148056
2024-11-20,2596.89,"2,640.09","2,665.79","2,596.06",92.95B,-1.28%,-0.012863168521858957
2024-11-21,2568.6,"2,596.85","2,606.14","2,557.54",106.85B,-1.09%,-0.010953571821460787
2024-11-22,2581.05,"2,617.66","2,628.50","2,577.00",86.86B,0.48%,0.0048352894883211305
2024-11-25,2530.69,"2,583.42","2,592.89","2,517.58",90.55B,-1.95%,-0.019704300056305375
2024-11-26,2464.35,"2,521.89","2,544.83","2,455.47",130.24B,-2.62%,-0.026563911790515548
2024-11-27,2491.88,"2,468.73","2,512.59","2,426.02",167.85B,1.12%,0.011109364634344874
2024-11-28,2547.88,"2,530.87","2,560.55","2,502.00",112.72B,2.25%,0.02222419516683204
2024-11-29,2578.0,"2,546.13","2,581.88","2,533.99",106.30B,1.18%,0.011752263677500286
2024-12-02,2586.74,"2,584.19","2,600.28","2,578.52",81.91B,0.34%,0.0033844911236176143
2024-12-03,2539.64,"2,585.34","2,588.87","2,523.54",77.67B,-1.82%,-0.018376056938601896
2024-12-04,2485.62,"2,538.24","2,555.99","2,482.37",86.62B,-2.13%,-0.021500213290723987
2024-12-05,2510.83,"2,473.75","2,525.45","2,438.84",115.56B,1.01%,0.010091250361556333
2024-12-06,2536.23,"2,527.04","2,552.60","2,505.90",89.32B,1.01%,0.01006535069599222
2024-12-09,2572.89,"2,548.08","2,586.31","2,543.94",73.92B,1.45%,0.01435105426512492
2024-12-10,2522.75,"2,570.01","2,570.01","2,515.76",78.01B,-1.95%,-0.0196802043714597
2024-12-11,2512.54,"2,514.78","2,531.95","2,499.82",62.86B,-0.40%,-0.004055382706025241
2024-12-12,2492.63,"2,526.66","2,548.06","2,488.08",70.29B,-0.79%,-0.007955815693312657
2024-12-13,2485.2,"2,478.78","2,487.42","2,466.73",57.52B,-0.30%,-0.0029852387557615457
2024-12-16,2420.3,"2,474.62","2,474.62","2,419.57",74.59B,-2.61%,-0.026461639779924242
2024-12-17,2377.15,"2,391.49","2,414.17","2,370.28",70.22B,-1.78%,-0.0179892082865503
2024-12-18,2409.35,"2,394.47","2,410.19","2,380.50",57.22B,1.35%,0.0134547104399078
2024-12-19,2416.45,"2,428.56","2,468.98","2,410.22",140.86B,0.29%,0.002942519425959742
2024-12-20,2638.42,"2,420.45","2,652.58","2,419.65",241.59B,9.19%,0.08788073213940031
2024-12-23,2702.48,"2,668.72","2,738.70","2,658.64",195.25B,2.43%,0.023989616802605293
2024-12-24,2690.96,"2,710.92","2,722.65","2,678.86",122.95B,-0.43%,-0.004271862677197867
2024-12-25,2732.83,"2,680.25","2,751.11","2,666.38",147.11B,1.56%,0.015439695032012354
2024-12-26,2766.57,"2,749.49","2,776.33","2,738.31",109.31B,1.23%,0.01227058346138382
2024-12-27,2757.45,"2,754.56","2,766.03","2,743.18",73.07B,-0.33%,-0.0033019461501455796
2024-12-28,2786.67,"2,763.48","2,798.49","2,763.48",73.07B,1.06%,0.010540994985180673
2024-12-30,2883.04,"2,809.12","2,883.04","2,809.12",83.42B,3.46%,0.03399795839633299
2025-01-03,2828.5,"2,892.64","2,898.71","2,815.20",66.66B,-1.89%,-0.019098757195293734
2025-01-06,2816.26,"2,813.32","2,822.34","2,794.20",44.10B,-0.43%,-0.004336772221932924
2025-01-08,2840.79,"2,814.88","2,847.49","2,813.39",45.26B,0.87%,0.008672418926231842
2025-01-09,2773.12,"2,841.61","2,853.96","2,768.58",104.23B,-2.38%,-0.024109142376019386
2025-01-10,2824.59,"2,767.27","2,843.34","2,744.58",156.14B,1.86%,0.01839018119291303
2025-01-13,2866.11,"2,852.31","2,882.49","2,835.12",143.09B,1.47%,0.014592488366023606
2025-01-14,2859.51,"2,847.36","2,881.79","2,828.41",101.09B,-0.23%,-0.0023054282062899994
2025-01-15,2842.96,"2,867.93","2,879.64","2,838.59",72.62B,-0.58%,-0.005804518556856345
2025-01-16,2911.29,"2,893.67","2,929.28","2,892.47",110.68B,2.40%,0.023750518999370966
2025-01-17,2945.52,"2,905.26","2,949.70","2,893.16",112.32B,1.18%,0.01168909005071158
2025-01-20,2929.55,"2,974.56","2,983.30","2,918.34",142.17B,-0.54%,-0.005436544359168405
2025-01-21,2934.71,"2,918.08","2,937.32","2,884.94",90.75B,0.18%,0.0017598132864794953
2025-01-22,2972.62,"2,944.63","2,972.83","2,924.74",93.13B,1.29%,0.012835077924287425
2025-01-23,2926.1,"2,942.62","2,944.40","2,910.26",73.78B,-1.56%,-0.015773240462923686
2025-01-24,2947.94,"2,953.18","2,969.31","2,933.71",100.59B,0.75%,0.007436142974522448
2025-01-27,2891.39,"2,942.45","2,946.36","2,885.49",74.49B,-1.92%,-0.019369265984397383
2025-01-28,2931.97,"2,890.62","2,934.65","2,866.81",85.80B,1.40%,0.01393719669443149
2025-01-29,2950.68,"2,930.86","2,957.64","2,925.49",70.53B,0.64%,0.0063611002148513925
2025-01-30,2967.47,"2,947.03","2,967.47","2,940.30",75.31B,0.57%,0.005674085667478415
2025-01-31,2948.1,"2,984.99","2,995.45","2,940.12",95.24B,-0.65%,-0.0065488428764328204
2025-02-03,2926.17,"2,933.84","2,942.79","2,912.51",70.30B,-0.74%,-0.0074664943492069825
2025-02-04,2917.71,"2,942.35","2,947.70","2,907.31",61.37B,-0.29%,-0.0028953386825206124
2025-02-05,2930.56,"2,902.15","2,936.42","2,889.87",92.22B,0.44%,0.004394469023912644
2025-02-06,2970.12,"2,962.02","2,984.89","2,949.69",114.89B,1.35%,0.013408824992252188
2025-02-07,2966.53,"2,982.88","2,985.36","2,958.04",69.58B,-0.12%,-0.0012094364456728156
2025-02-10,3012.39,"2,991.99","3,020.01","2,982.39",94.34B,1.55%,0.015340864034162224
2025-02-11,3018.02,"2,992.37","3,019.61","2,982.61",88.79B,0.19%,0.001867203601654253
2025-02-12,3025.63,"3,040.72","3,059.35","3,020.60",114.30B,0.25%,0.002518347032647511
2025-02-13,3206.97,"3,226.02","3,247.68","3,144.12",243.31B,5.99%,0.058207231868731266
2025-02-14,3185.0,"3,265.12","3,288.32","3,150.82",266.22B,-0.69%,-0.006874277106186724
2025-02-17,3308.41,"3,255.81","3,316.76","3,244.80",149.87B,3.87%,0.03801542241603578
2025-02-18,3258.76,"3,314.88","3,333.38","3,252.74",191.41B,-1.50%,-0.015120956517999704
2025-02-19,3270.64,"3,273.05","3,287.75","3,221.53",98.15B,0.36%,0.0036389294910364866
2025-02-20,3292.62,"3,294.54","3,325.50","3,277.51",105.29B,0.67%,0.006697916027191792
2025-02-21,3283.29,"3,310.03","3,320.05","3,258.82",94.60B,-0.28%,-0.002837631981140161
2025-02-24,3303.63,"3,310.75","3,316.42","3,272.99",87.20B,0.62%,0.006175895456484893
2025-02-25,3326.14,"3,362.15","3,371.06","3,320.24",139.82B,0.68%,0.00679060857285968
2025-02-26,3276.0,"3,338.40","3,339.41","3,233.39",134.68B,-1.51%,-0.015189306497772326
2025-02-27,3232.65,"3,249.63","3,261.13","3,190.72",101.07B,-1.32%,-0.013320931691269418
2025-02-28,3200.48,"3,199.93","3,210.07","3,149.37",112.67B,-1.00%,-0.010001435742747764
2025-03-03,3145.73,"3,189.81","3,191.13","3,127.69",100.92B,-1.71%,-0.017254820871388507
2025-03-04,3241.63,"3,201.83","3,246.09","3,194.28",117.35B,3.05%,0.030030312033027987
2025-03-05,3263.62,"3,242.44","3,282.15","3,231.30",98.51B,0.68%,0.00676071903727086
2025-03-06,3207.7,"3,230.89","3,234.26","3,188.78",93.76B,-1.71%,-0.017282839333837896
2025-03-07,3166.88,"3,229.51","3,249.00","3,160.45",142.72B,-1.27%,-0.012807293331590376
2025-03-10,3200.81,"3,224.63","3,226.58","3,195.24",69.03B,1.07%,0.010657026684665187
2025-03-11,3200.95,"3,193.02","3,215.06","3,178.42",64.26B,0.00%,4.3737972064624274e-05
2025-03-12,3183.97,"3,185.44","3,194.93","3,160.01",60.40B,-0.53%,-0.005318794919822342
2025-03-13,3121.57,"3,149.33","3,160.37","3,100.06",102.82B,-1.96%,-0.019792765442842673
2025-03-14,3195.08,"3,158.40","3,200.36","3,135.00",78.07B,2.35%,0.023276046255302402
2025-03-17,3245.19,"3,249.15","3,257.33","3,213.42",88.62B,1.57%,0.015561773420192812
2025-03-18,3257.49,"3,263.17","3,280.09","3,227.47",96.08B,0.38%,0.0037830601134697882
2025-03-19,3229.79,"3,213.51","3,236.47","3,192.85",75.79B,-0.85%,-0.008539840532226544
2025-03-20,3223.14,"3,238.00","3,240.50","3,180.46",116.66B,-0.21%,-0.0020610799603058005
2025-03-21,3191.61,"3,218.29","3,237.19","3,191.61",73.61B,-0.98%,-0.00983054800899005
2025-03-24,3178.66,"3,201.66","3,202.62","3,171.13",58.38B,-0.41%,-0.004065767334546558
2025-03-25,3164.62,"3,186.87","3,194.43","3,122.61",83.46B,-0.44%,-0.0044267391404242355
2025-03-26,3146.31,"3,195.03","3,200.02","3,143.65",47.01B,-0.58%,-0.005802647589460393
2025-03-27,3083.99,"3,120.47","3,124.32","3,076.04",76.69B,-1.98%,-0.02000612445369106
2025-03-28,3025.65,"3,055.81","3,082.26","3,001.62",106.84B,-1.89%,-0.019098268720358465
2025-03-31,3013.36,"3,008.60","3,031.60","2,970.94",77.26B,-0.41%,-0.004070209178973894
2025-04-01,2964.43,"3,032.41","3,044.23","2,952.04",87.84B,-1.62%,-0.016370964118726062
2025-04-02,2926.39,"2,919.67","2,958.40","2,917.94",71.07B,-1.28%,-0.012915189654840021
2025-04-03,2859.58,"2,957.64","2,972.49","2,853.76",91.41B,-2.28%,-0.023094820579845413
2025-04-04,2781.97,"2,886.61","2,902.62","2,778.43",130.18B,-2.71%,-0.027515451066735766
2025-04-07,2729.89,"2,648.09","2,791.28","2,646.70",165.63B,-1.87%,-0.018897994489404237
2025-04-08,2746.41,"2,775.78","2,780.46","2,727.98",74.15B,0.61%,0.006033288940134181
2025-04-09,2650.69,"2,689.77","2,707.15","2,598.85",123.80B,-3.49%,-0.03547462082060306
2025-04-10,2764.28,"2,790.31","2,801.19","2,742.48",90.69B,4.29%,0.04196021977055824
2025-04-11,2829.92,"2,825.03","2,839.28","2,800.69",77.17B,2.37%,0.023468239469468175
2025-04-14,2819.69,"2,848.99","2,856.63","2,806.95",56.67B,-0.36%,-0.0036214928749824125
2025-04-15,2805.55,"2,824.64","2,836.00","2,788.26",52.95B,-0.50%,-0.005027351644195
2025-04-16,2861.83,"2,801.01","2,870.39","2,790.70",62.51B,2.01%,0.019861682163235153
2025-04-17,2865.32,"2,863.20","2,884.76","2,844.33",63.29B,0.12%,0.00121875642579455
2025-04-18,2872.77,"2,881.79","2,892.01","2,825.41",72.36B,0.26%,0.0025966843274104786
2025-04-21,2922.46,"2,881.23","2,929.91","2,880.01",67.85B,1.73%,0.017149006256920184
2025-04-22,2954.49,"2,945.13","2,954.49","2,914.37",71.09B,1.10%,0.010900319771878487
2025-04-23,2943.23,"2,929.78","2,946.43","2,900.32",74.90B,-0.38%,-0.003818429386703478
2025-04-24,2944.43,"2,961.81","2,973.99","2,934.79",56.24B,0.04%,0.0004076322398427123
2025-04-25,3006.14,"2,962.11","3,009.48","2,956.80",101.00B,2.10%,0.02074161378235038
2025-04-28,3034.3,"3,009.92","3,053.15","2,979.14",142.38B,0.94%,0.009323891639372727
2025-04-29,2957.66,"2,994.64","2,998.68","2,955.18",67.94B,-2.53%,-0.025582340251796547
2025-04-30,2918.47,"2,923.86","2,954.21","2,887.83",83.17B,-1.33%,-0.013338908797637893
2025-05-02,2836.7,"2,872.87","2,877.83","2,835.04",35.55B,-2.80%,-0.028418101626387755
2025-05-05,2738.8,"2,810.36","2,821.54","2,731.74",69.99B,-3.45%,-0.03512153646467718
2025-05-06,2820.07,"2,740.17","2,826.61","2,738.50",70.34B,2.97%,0.029241839072208797
2025-05-07,2833.09,"2,807.12","2,845.14","2,790.14",58.93B,0.46%,0.004606281450139829
2025-05-08,2850.93,"2,864.76","2,873.66","2,834.59",39.77B,0.63%,0.006277268053495527
2025-05-12,2930.17,"2,936.83","2,947.07","2,904.77",59.83B,2.78%,0.027415184983053842
2025-05-13,2935.53,"2,941.74","2,941.93","2,911.05",44.27B,0.18%,0.0018275743702812852
2025-05-14,2924.21,"2,917.17","2,946.37","2,909.54",40.66B,-0.39%,-0.003863657459864813
2025-05-15,2840.05,"2,875.03","2,877.46","2,823.19",69.59B,-2.88%,-0.02920270108214497
2025-05-16,2840.34,"2,848.05","2,876.67","2,781.00",93.56B,0.01%,0.00010210566536880239
2025-05-19,2882.63,"2,879.77","2,893.56","2,862.60",39.33B,1.49%,0.014779308566614743
2025-05-20,2823.42,"2,859.26","2,862.00","2,823.42",39.77B,-2.05%,-0.020754155783049302
2025-05-21,2809.58,"2,833.08","2,844.04","2,806.38",47.38B,-0.49%,-0.004913910118575172
2025-05-22,2792.16,"2,784.81","2,809.47","2,756.04",79.28B,-0.62%,-0.006219516133875183
2025-05-23,2770.1,"2,779.56","2,790.29","2,762.67",40.90B,-0.79%,-0.007932069217772775
2025-05-26,2699.84,"2,735.78","2,738.27","2,699.84",48.16B,-2.54%,-0.025690908635526317
2025-05-27,2736.75,"2,718.11","2,740.05","2,705.78",51.81B,1.37%,0.013578573007404702
2025-05-28,2785.2,"2,754.00","2,799.50","2,747.96",71.68B,1.77%,0.017548599083724824
2025-05-29,2809.94,"2,811.66","2,839.97","2,800.93",45.01B,0.89%,0.008843446718268784
2025-05-30,2828.83,"2,814.06","2,837.85","2,793.15",55.21B,0.67%,0.006700067804049097
2025-06-02,2829.67,"2,795.02","2,830.55","2,770.04",65.73B,0.03%,0.0002968984735072569
2025-06-03,2834.06,"2,817.23","2,835.39","2,807.63",60.95B,0.16%,0.0015502154513575039
2025-06-04,2836.64,"2,854.36","2,871.78","2,825.52",80.57B,0.09%,0.0009099406344959488
2025-06-05,2856.61,"2,853.20","2,858.23","2,837.61",40.45B,0.70%,0.0070153539374569664
2025-06-06,2786.16,"2,856.63","2,910.52","2,784.00",154.53B,-2.47%,-0.0249713033896372
2025-06-09,2737.76,"2,767.94","2,778.40","2,733.75",51.60B,-1.74%,-0.017524235914229604
2025-06-10,2722.37,"2,762.46","2,767.14","2,702.29",55.51B,-0.56%,-0.0056372433461917455
2025-06-11,2733.2,"2,719.60","2,742.45","2,718.98",41.46B,0.40%,0.003970259469154478
2025-06-13,2750.32,"2,732.21","2,762.76","2,732.20",30.85B,0.63%,0.006244184620634715
2025-06-16,2737.83,"2,758.97","2,767.51","2,731.24",48.52B,-0.45%,-0.004551632722615851
2025-06-17,2788.94,"2,737.85","2,791.03","2,730.27",49.56B,1.87%,0.01849595950430921
2025-06-18,2791.83,"2,799.02","2,807.34","2,779.68",46.74B,0.10%,0.001035699467398036
2025-06-19,2783.81,"2,793.74","2,800.14","2,761.76",57.80B,-0.29%,-0.002876801777416864
2025-06-20,2751.04,"2,776.11","2,781.08","2,748.57",51.54B,-1.18%,-0.011841471012853136
2025-06-23,2759.67,"2,753.60","2,768.93","2,736.41",45.78B,0.31%,0.0031320853592347684
2025-06-24,2744.95,"2,726.43","2,747.90","2,715.79",47.52B,-0.53%,-0.005348247503824692
2025-06-25,2790.78,"2,762.61","2,790.78","2,759.92",48.30B,1.67%,0.01655826679401506
2025-06-26,2797.27,"2,794.00","2,803.45","2,780.49",38.33B,0.23%,0.002322814906111791
2025-06-27,2806.11,"2,790.67","2,814.29","2,778.57",45.80B,0.32%,0.0031552410630432777
2025-06-30,2847.38,"2,818.98","2,847.38","2,806.49",66.48B,1.47%,0.014600090598642703
2025-07-01,2848.44,"2,854.04","2,858.55","2,837.12",69.43B,0.04%,0.0003722027775587794
2025-07-02,2815.26,"2,838.45","2,840.66","2,810.00",63.64B,-1.16%,-0.011716856327626205
2025-07-03,2823.34,"2,821.21","2,840.13","2,812.07",77.72B,0.29%,0.0028659615970564713
2025-07-04,2801.65,"2,808.30","2,821.15","2,788.90",45.86B,-0.77%,-0.007712051933355462
2025-07-07,2756.14,"2,786.06","2,788.67","2,753.69",46.53B,-1.62%,-0.01637737921522893
2025-07-08,2755.58,"2,748.19","2,764.75","2,738.75",50.79B,-0.02%,-0.00020320335645744998
2025-07-09,2696.45,"2,733.01","2,735.07","2,684.87",64.57B,-2.15%,-0.02169185369504706
2025-07-10,2732.45,"2,724.64","2,735.15","2,705.98",53.61B,1.34%,0.013262549571411
2025-07-11,2642.02,"2,705.46","2,707.82","2,638.08",81.02B,-3.31%,-0.03365486654528496
2025-07-14,2714.14,"2,616.31","2,722.53","2,616.03",81.25B,2.73%,0.026931368365360767
2025-07-15,2756.95,"2,750.37","2,761.82","2,734.80",64.55B,1.58%,0.015649851762957457
2025-07-16,2777.16,"2,758.65","2,784.82","2,747.82",62.78B,0.73%,0.0073038265749243905
2025-07-17,2761.48,"2,787.80","2,788.30","2,754.86",71.69B,-0.56%,-0.005662054905257826
2025-07-18,2784.63,"2,758.28","2,789.39","2,715.11",100.40B,0.84%,0.008348242083023082
2025-07-21,2821.78,"2,816.11","2,827.94","2,804.14",57.11B,1.33%,0.0132528815220694
2025-07-22,2825.61,"2,811.64","2,833.84","2,801.11",49.40B,0.14%,0.0013563789953202974
2025-07-23,2841.16,"2,839.41","2,849.80","2,829.25",53.23B,0.55%,0.005488148991469323
2025-07-24,2807.69,"2,837.72","2,838.22","2,806.64",41.14B,-1.18%,-0.011850338275295238
2025-07-25,2772.39,"2,819.07","2,827.03","2,767.44",84.09B,-1.26%,-0.012652317136695049
2025-07-28,2730.98,"2,760.90","2,783.82","2,726.61",85.90B,-1.49%,-0.015049244932105242
2025-07-29,2758.28,"2,739.49","2,764.03","2,728.97",55.42B,1.00%,0.00994677792069194
2025-07-30,2726.24,"2,751.92","2,754.35","2,718.65",38.49B,-1.16%,-0.01168392657586283
2025-07-31,2732.12,"2,737.13","2,741.14","2,713.68",56.40B,0.22%,0.002154494124427131
2025-08-01,2727.98,"2,749.41","2,755.95","2,724.54",35.70B,-0.15%,-0.0015164560331771273
2025-08-04,2773.85,"2,733.23","2,776.99","2,727.86",44.02B,1.68%,0.016674838314556996
2025-08-05,2786.37,"2,784.71","2,792.51","2,764.77",47.50B,0.45%,0.0045034265405614815
2025-08-06,2764.62,"2,791.29","2,798.21","2,754.51",51.26B,-0.78%,-0.00783648008959583
2025-08-07,2876.43,"2,836.05","2,915.43","2,824.78",140.74B,4.04%,0.039646748554044875
2025-08-08,2924.63,"2,894.58","2,926.98","2,872.12",72.58B,1.68%,0.016618035060455606
2025-08-11,2964.15,"2,991.68","2,996.40","2,956.94",83.50B,1.35%,0.013422336484719346
2025-08-12,2977.18,"2,959.97","2,980.01","2,952.34",58.66B,0.44%,0.004386230318921213
2025-08-13,2973.02,"2,987.60","2,988.06","2,959.75",61.38B,-0.14%,-0.001398272554801803
2025-08-14,2977.34,"2,945.01","2,985.27","2,933.82",70.97B,0.15%,0.0014520132425613335
2025-08-15,3012.09,"2,987.67","3,014.21","2,978.69",63.54B,1.17%,0.011603905521857185
2025-08-18,2951.26,"2,949.46","2,972.97","2,941.70",54.13B,-2.02%,-0.02040199216272912
2025-08-19,2965.66,"3,000.75","3,006.13","2,962.37",57.80B,0.49%,0.004867406836654014
2025-08-20,2940.78,"2,974.56","2,977.26","2,928.85",47.98B,-0.84%,-0.00842475235765366
2025-08-21,2883.5,"2,933.10","2,935.48","2,879.36",71.00B,-1.95%,-0.019670018212263198
2025-08-22,2896.76,"2,882.95","2,903.48","2,876.26",46.75B,0.46%,0.004588036960390786
2025-08-25,2887.24,"2,886.35","2,890.83","2,857.97",42.41B,-0.33%,-0.003291842529992821
2025-08-26,2885.87,"2,906.96","2,915.46","2,878.74",32.55B,-0.05%,-0.0004746142116526342
2025-08-27,2911.48,"2,892.32","2,916.92","2,888.10",45.52B,0.89%,0.008835128668016631
2025-08-28,2912.72,"2,918.92","2,919.01","2,900.33",35.06B,0.04%,0.0004258095596769993
2025-08-29,2899.38,"2,893.99","2,904.14","2,882.55",66.33B,-0.46%,-0.004590431487792499
2025-09-01,2886.97,"2,923.49","2,925.02","2,886.97",31.77B,-0.43%,-0.0042894118149377335
2025-09-02,2845.39,"2,878.37","2,883.35","2,842.80",50.26B,-1.44%,-0.01450736843265152
2025-09-03,2867.55,"2,863.12","2,875.01","2,846.87",32.61B,0.78%,0.007757865876612572
2025-09-04,2873.7,"2,883.86","2,894.49","2,864.62",39.16B,0.21%,0.0021423914138185137
2025-09-05,2901.45,"2,891.09","2,906.70","2,885.92",33.60B,0.97%,0.00961021395926079
2025-09-08,2921.62,"2,914.28","2,921.62","2,906.62",36.85B,0.70%,0.006927644925076565
2025-09-09,2935.96,"2,926.02","2,939.20","2,919.84",47.32B,0.49%,0.004896229722104409
2025-09-10,2914.26,"2,919.56","2,938.36","2,912.50",41.62B,-0.74%,-0.007418558454742198
2025-09-11,2908.14,"2,916.27","2,916.35","2,890.68",68.05B,-0.21%,-0.002102226660439796
2025-09-12,2839.73,"2,904.03","2,905.68","2,837.01",87.12B,-2.35%,-0.02380472433497799
2025-09-15,2809.85,"2,826.86","2,834.60","2,801.03",52.31B,-1.05%,-0.010577876093168844
2025-09-16,2802.77,"2,822.85","2,831.80","2,778.51",60.69B,-0.25%,-0.0025228872631056797
2025-09-17,2814.04,"2,793.24","2,823.75","2,784.37",50.23B,0.40%,0.0040129593574247556
2025-09-18,2793.58,"2,814.63","2,816.84","2,776.12",64.53B,-0.73%,-0.007297245815808666
2025-09-19,2748.06,"2,787.39","2,794.33","2,745.40",73.45B,-1.63%,-0.01642871923356323
2025-09-22,2741.06,"2,735.80","2,748.52","2,702.52",71.91B,-0.25%,-0.002550501280575392
2025-09-23,2758.65,"2,755.98","2,769.88","2,733.36",46.01B,0.64%,0.006396722728659587
2025-09-24,2723.58,"2,683.53","2,745.14","2,675.62",57.98B,-1.27%,-0.012794238253455645
2025-09-25,2708.68,"2,733.53","2,738.58","2,699.42",32.47B,-0.55%,-0.005485760021116598
2025-09-26,2725.97,"2,701.97","2,725.97","2,686.68",45.15B,0.64%,0.00636289672166337
2025-09-29,2684.09,"2,713.14","2,744.80","2,680.53",60.63B,-1.54%,-0.015482577489075996
2025-09-30,2684.6,"2,681.81","2,689.60","2,651.13",59.40B,0.02%,0.00018999048242090435
2025-10-01,2647.25,"2,690.14","2,692.19","2,640.56",51.41B,-1.39%,-0.014010375742971877
2025-10-02,2632.07,"2,629.36","2,648.67","2,623.10",47.73B,-0.57%,-0.005750756474335666
2025-10-03,2604.55,"2,639.88","2,649.57","2,600.85",45.15B,-1.05%,-0.010510693292537851
2025-10-06,2648.5,"2,594.38","2,651.14","2,579.19",70.04B,1.69%,0.01673352644089101
2025-10-07,2668.6,"2,645.04","2,673.27","2,635.79",51.11B,0.76%,0.007560548323738793
2025-10-08,2562.51,"2,669.75","2,677.75","2,548.37",86.98B,-3.98%,-0.04056674343024664
2025-10-09,2638.37,"2,559.14","2,645.81","2,521.43",105.24B,2.96%,0.029174055335023354
2025-10-10,2588.56,"2,635.45","2,640.07","2,572.91",56.92B,-1.89%,-0.019059565692223748
2025-10-13,2576.38,"2,602.37","2,611.54","2,549.77",60.67B,-0.47%,-0.0047164236480242445
2025-10-14,2541.49,"2,571.87","2,575.76","2,530.17",50.23B,-1.35%,-0.013634789677874399
2025-10-15,2545.22,"2,537.12","2,564.83","2,521.87",54.82B,0.15%,0.0014665670614390873
2025-10-16,2607.78,"2,534.12","2,617.18","2,528.86",68.68B,2.46%,0.024282194403756105
2025-10-17,2721.14,"2,695.86","2,734.79","2,688.36",69.31B,4.35%,0.042551625471664
2025-10-20,2744.83,"2,736.90","2,757.39","2,726.99",50.21B,0.87%,0.008668232110764926
2025-10-21,2632.42,"2,694.35","2,715.78","2,608.42",76.97B,-4.10%,-0.041815567059956725
2025-10-22,2653.0,"2,659.13","2,678.25","2,636.48",44.65B,0.78%,0.007787499955097849
2025-10-23,2570.67,"2,568.42","2,582.67","2,546.26",61.74B,-3.10%,-0.03152450983581051
2025-10-24,2543.93,"2,580.20","2,606.81","2,530.37",71.14B,-1.04%,-0.010456435943751301
2025-10-27,2476.79,"2,500.63","2,506.30","2,457.87",66.50B,-2.64%,-0.026746762438620727
2025-10-28,2495.09,"2,480.30","2,515.91","2,475.24",59.84B,0.74%,0.007361433759766463
2025-10-29,2523.35,"2,502.84","2,531.25","2,500.89",43.31B,1.13%,0.011262583082063238
2025-10-30,2557.48,"2,531.72","2,567.79","2,528.01",56.07B,1.35%,0.01343501489696503
2025-10-31,2525.2,"2,555.63","2,556.72","2,522.73",31.95B,-1.26%,-0.012702131164881286
2025-11-01,2532.66,"2,524.01","2,534.73","2,520.57",12.29B,0.30%,0.0029498663108758643
2025-11-03,2570.96,"2,566.11","2,579.91","2,561.91",17.87B,1.51%,0.015009236191933647
2025-11-05,2546.62,"2,552.75","2,579.16","2,537.65",47.54B,-0.95%,-0.009512380279051005
2025-11-06,2542.7,"2,558.87","2,560.25","2,532.02",28.47B,-0.15%,-0.001540481154734587
2025-11-07,2566.42,"2,545.05","2,573.84","2,544.48",41.25B,0.93%,0.009285423096792023
2025-11-10,2558.6,"2,590.59","2,600.19","2,552.16",54.99B,-0.30%,-0.0030516977763517476
2025-11-11,2566.17,"2,562.13","2,576.62","2,550.85",34.17B,0.30%,0.002954281072427472
2025-11-12,2536.22,"2,573.61","2,576.65","2,529.06",49.62B,-1.17%,-0.011739731372233995
2025-11-13,2543.36,"2,542.57","2,550.96","2,528.64",49.24B,0.28%,0.0028112579002148213
2025-11-14,2525.68,"2,548.74","2,550.93","2,514.92",41.63B,-0.70%,-0.006975708099791699
2025-11-17,2510.64,"2,509.55","2,521.49","2,501.71",44.59B,-0.60%,-0.005972632679935948
2025-11-18,2563.07,"2,506.61","2,574.49","2,492.20",84.98B,2.09%,0.02066805803154727
2025-11-19,2646.02,"2,576.51","2,669.85","2,558.51",112.97B,3.24%,0.03185086549015998
2025-11-20,2628.31,"2,635.22","2,661.12","2,617.57",57.18B,-0.67%,-0.006715570151425486
2025-11-21,2685.03,"2,679.54","2,695.26","2,650.06",62.10B,2.16%,0.021350846991006388
2025-11-24,2654.84,"2,703.18","2,713.02","2,645.91",56.18B,-1.12%,-0.01130751185827482
2025-11-25,2685.95,"2,672.67","2,695.04","2,639.72",54.44B,1.17%,0.011650093662339258
2025-11-26,2668.38,"2,676.81","2,679.97","2,660.88",22.94B,-0.65%,-0.006562936189862616
2025-11-27,2621.37,"2,672.82","2,674.23","2,605.13",48.47B,-1.76%,-0.017774464825568603
2025-11-28,2676.42,"2,627.90","2,685.88","2,623.38",47.73B,2.10%,0.020782998751760016
2025-12-01,2686.93,"2,674.51","2,698.41","2,662.86",45.87B,0.39%,0.00391919731245973
2025-12-02,2667.2,"2,683.76","2,692.22","2,657.52",35.46B,-0.73%,-0.007370044921226859
2025-12-03,2651.71,"2,640.22","2,651.71","2,619.88",38.78B,-0.58%,-0.005824518102961021
2025-12-04,2657.13,"2,661.39","2,668.09","2,653.99",27.06B,0.20%,0.002041878031026894
2025-12-05,2711.3,"2,662.05","2,718.32","2,656.92",63.73B,2.04%,0.020181631724635864
2025-12-08,2705.17,"2,727.14","2,739.74","2,699.79",49.99B,-0.23%,-0.0022634677630062874
2025-12-09,2702.72,"2,693.36","2,721.82","2,686.32",38.32B,-0.09%,-0.0009060835807009729
2025-12-10,2720.66,"2,720.42","2,730.60","2,713.19",29.77B,0.66%,0.006615824609306128
2025-12-11,2748.93,"2,733.58","2,761.94","2,733.29",64.57B,1.04%,0.010337247121187365
2025-12-12,2739.49,"2,761.36","2,769.35","2,731.98",49.29B,-0.34%,-0.0034399733653592817
2025-12-15,2748.93,"2,734.06","2,751.70","2,723.80",42.45B,0.34%,0.0034399733653592297
2025-12-16,2774.23,"2,749.87","2,779.73","2,746.77",48.40B,0.92%,0.009161486163041818
2025-12-17,2759.73,"2,780.86","2,781.97","2,740.18",59.48B,-0.52%,-0.005240382360103938
2025-12-18,2753.07,"2,764.09","2,772.87","2,752.06",72.87B,-0.24%,-0.0024161962124842895
2025-12-19,2743.09,"2,779.21","2,791.25","2,739.55",99.86B,-0.36%,-0.0036316304360253836
2025-12-22,2715.98,"2,741.24","2,741.34","2,712.64",63.60B,-0.99%,-0.00993217630922198
2025-12-23,2725.38,"2,717.92","2,733.17","2,704.27",50.58B,0.35%,0.003455022035221671
2025-12-24,2720.02,"2,723.31","2,733.38","2,709.96",38.93B,-0.20%,-0.0019686347122587645
2025-12-25,2714.12,"2,717.90","2,722.91","2,708.39",31.87B,-0.22%,-0.0021714576062892275
2025-12-26,2754.89,"2,737.19","2,760.53","2,735.31",54.59B,1.50%,0.014909738787278606
2025-12-29,2742.03,"2,775.62","2,819.33","2,738.95",91.19B,-0.47%,-0.004678992403730569
2025-12-30,2766.62,"2,758.42","2,775.20","2,749.53",39.76B,0.90%,0.008927836522997083
2026-01-05,2757.09,"2,733.01","2,760.06","2,728.44",24.10B,-0.34%,-0.003450582835000655
2026-01-06,2745.26,"2,765.10","2,767.32","2,739.37",23.08B,-0.43%,-0.004299987542757902
2026-01-08,2718.62,"2,720.32","2,732.75","2,714.73",19.04B,-0.97%,-0.009751389524869685
2026-01-09,2724.85,"2,727.47","2,730.17","2,721.13",13.43B,0.23%,0.0022889821088907213
2026-01-12,2701.93,"2,731.66","2,733.82","2,696.37",62.79B,-0.84%,-0.008447048261897655
2026-01-13,2696.92,"2,696.73","2,705.25","2,687.10",48.15B,-0.19%,-0.0018559513370815944
2026-01-14,2702.69,"2,686.10","2,716.21","2,674.17",54.95B,0.21%,0.002137192203233023
2026-01-15,2701.32,"2,700.11","2,711.59","2,691.25",33.99B,-0.05%,-0.0005070309008864782
2026-01-16,2733.75,"2,711.78","2,740.26","2,708.97",48.83B,1.20%,0.011933750576905194
2026-01-19,2750.25,"2,742.41","2,757.17","2,730.75",43.00B,0.60%,0.006017523628567432
2026-01-20,2738.07,"2,745.94","2,746.26","2,727.65",45.00B,-0.44%,-0.0044385239913109584
2026-01-21,2770.53,"2,744.06","2,778.68","2,734.86",64.57B,1.19%,0.01178534499087424
2026-01-22,2768.02,"2,778.87","2,790.10","2,754.43",56.69B,-0.09%,-0.0009063744741254164
2026-01-23,2777.29,"2,767.84","2,783.21","2,761.64",30.34B,0.33%,0.003343368949650373
2026-01-26,2768.15,"2,780.22","2,780.22","2,760.71",47.83B,-0.33%,-0.003296405073893668
2026-01-27,2781.39,"2,768.00","2,783.73","2,752.41",62.28B,0.48%,0.0047715757055941934
2026-01-28,2788.01,"2,793.20","2,799.85","2,780.66",58.67B,0.24%,0.0023772769482220814
2026-01-29,2797.76,"2,808.69","2,843.63","2,786.64",143.30B,0.35%,0.0034910173179702243
2026-01-30,2782.74,"2,811.73","2,813.82","2,771.97",73.33B,-0.54%,-0.0053830431931621795
2026-02-02,2768.56,"2,758.01","2,780.52","2,753.96",65.78B,-0.51%,-0.005108724385416558
2026-02-03,2786.15,"2,787.32","2,794.19","2,777.41",61.14B,0.64%,0.006333385108178853
2026-02-04,2776.31,"2,790.73","2,803.76","2,771.49",66.71B,-0.35%,-0.0035380066604849777
2026-02-05,2737.13,"2,754.41","2,758.03","2,720.70",65.63B,-1.41%,-0.014212781689147806
2026-02-06,2735.43,"2,743.33","2,744.98","2,729.77",45.64B,-0.06%,-0.0006212814677892181
2026-02-09,2725.64,"2,726.55","2,728.45","2,712.47",41.70B,-0.36%,-0.0035853817978911836
2026-02-10,2717.04,"2,728.17","2,740.39","2,716.33",52.26B,-0.32%,-0.0031602104688493913
2026-02-11,2757.75,"2,723.83","2,762.50","2,719.44",70.71B,1.50%,0.014872077411527431
2026-02-12,2765.66,"2,755.94","2,771.40","2,746.64",44.71B,0.29%,0.00286417463395628
2026-02-13,2776.34,"2,753.43","2,781.20","2,747.67",79.42B,0.39%,0.003854209029549812
2026-02-16,2782.6,"2,791.52","2,795.90","2,779.63",59.73B,0.23%,0.002252228894779182
2026-02-17,2765.33,"2,788.45","2,791.68","2,765.33",48.91B,-0.62%,-0.006225765567442164
2026-02-18,2779.08,"2,769.02","2,780.17","2,757.98",58.17B,0.50%,0.004959960821395393
2026-02-19,2772.84,"2,785.74","2,793.07","2,770.67",50.41B,-0.22%,-0.00224787195331431
2026-02-20,2780.6,"2,780.28","2,786.16","2,768.28",48.21B,0.28%,0.002794666027027524
2026-02-24,2777.35,"2,794.45","2,809.49","2,776.25",48.99B,-0.12%,-0.0011694960805420686
2026-02-25,2795.39,"2,784.82","2,798.35","2,781.12",48.75B,0.65%,0.006474396083933152
2026-02-26,2785.58,"2,799.71","2,803.39","2,782.64",34.98B,-0.35%,-0.0035155215324188375
2026-02-27,2799.14,"2,786.72","2,804.10","2,780.93",41.38B,0.49%,0.004856116921709311
2026-03-02,2835.65,"2,823.19","2,851.00","2,818.91",115.83B,1.30%,0.012958960649740942
2026-03-03,2825.14,"2,848.66","2,850.91","2,820.68",93.18B,-0.37%,-0.003713266903133678
2026-03-04,2809.78,"2,824.16","2,837.70","2,803.80",64.93B,-0.54%,-0.0054517324268509556
2026-03-05,2825.0,"2,814.75","2,827.56","2,811.72",53.29B,0.54%,0.005402176132660503
2026-03-06,2854.11,"2,835.37","2,862.80","2,828.89",94.25B,1.03%,0.010251696110137706
2026-03-09,2888.68,"2,912.01","2,912.01","2,870.98",78.09B,1.21%,0.012039589670085726
2026-03-10,2853.86,"2,887.60","2,891.54","2,853.04",80.75B,-1.21%,-0.01212718648652314
2026-03-11,2854.05,"2,862.67","2,873.91","2,851.77",51.74B,0.01%,6.657428027772364e-05
2026-03-12,2872.08,"2,869.34","2,877.39","2,861.97",45.59B,0.63%,0.006297467778851183
2026-03-13,2871.86,"2,877.74","2,891.29","2,866.60",50.24B,-0.01%,-7.66024715117004e-05
2026-03-16,2853.72,"2,886.58","2,889.23","2,849.93",70.72B,-0.63%,-0.006336497156684389
2026-03-17,2853.53,"2,859.03","2,865.09","2,852.05",44.57B,-0.01%,-6.658197908619433e-05
2026-03-18,2871.72,"2,856.45","2,876.49","2,853.77",85.80B,0.64%,0.006354329053059888
2026-03-19,2868.99,"2,884.76","2,892.95","2,864.44",99.21B,-0.10%,-0.000951101938887481
2026-03-20,2864.89,"2,879.44","2,889.39","2,864.15",59.16B,-0.14%,-0.001430096443862849
2026-03-23,2833.43,"2,865.85","2,875.22","2,804.51",119.43B,-1.10%,-0.011041963121034474
2026-03-24,2837.9,"2,836.60","2,843.19","2,826.24",55.56B,0.16%,0.0015763501420716945
2026-03-25,2840.14,"2,840.20","2,841.94","2,831.90",40.68B,0.08%,0.0007890046974678196
2026-03-26,2822.84,"2,846.61","2,847.76","2,814.47",67.97B,-0.61%,-0.006109876361291094
2026-03-27,2789.61,"2,822.09","2,829.75","2,780.38",72.05B,-1.18%,-0.011841669255262961
2026-03-30,2800.69,"2,796.46","2,814.54","2,775.80",68.08B,0.40%,0.0039640142778420975
2026-03-31,2776.37,"2,801.02","2,801.10","2,766.28",59.81B,-0.87%,-0.008721496328598881
2026-04-01,2775.24,"2,770.81","2,787.45","2,764.84",54.92B,-0.04%,-0.0004070891203112295
2026-04-02,2774.41,"2,787.52","2,787.68","2,767.99",51.71B,-0.03%,-0.0002991179646242022
2026-04-03,2760.7,"2,780.86","2,783.05","2,751.90",58.38B,-0.49%,-0.004953841219978942
2026-04-06,2784.87,"2,748.51","2,788.27","2,747.81",58.93B,0.88%,0.008716922893677658
2026-04-07,2797.24,"2,785.36","2,803.61","2,778.60",56.87B,0.44%,0.004432023105412176
2026-04-08,2765.06,"2,775.26","2,776.90","2,758.95",46.72B,-1.15%,-0.011570882201601814
2026-04-09,2733.4,"2,764.78","2,770.31","2,732.50",45.07B,-1.15%,-0.011516079009465515
2026-04-10,2725.39,"2,741.73","2,747.15","2,721.54",33.79B,-0.29%,-0.0029347184078857475
2026-04-13,2722.69,"2,743.05","2,746.80","2,709.00",45.83B,-0.10%,-0.0009911749537620351
2026-04-14,2725.51,"2,725.53","2,730.48","2,703.17",41.88B,0.10%,0.0010352043801026367
2026-04-15,2740.45,"2,718.99","2,745.64","2,708.00",44.98B,0.55%,0.005466573924745944
2026-04-16,2741.14,"2,750.02","2,764.32","2,737.73",51.29B,0.03%,0.00025175177408167515
2026-04-17,2723.94,"2,741.81","2,758.66","2,716.80",68.74B,-0.63%,-0.006294530652883002
2026-04-20,2753.66,"2,742.57","2,757.62","2,727.88",50.67B,1.09%,0.010851574281960395
2026-04-21,2757.7,"2,748.47","2,763.71","2,737.36",51.65B,0.15%,0.0014660630855584445
2026-04-22,2761.64,"2,760.12","2,769.04","2,752.73",37.77B,0.14%,0.0014277071784878897
2026-04-23,2771.46,"2,770.57","2,777.88","2,762.99",31.35B,0.36%,0.0035495509968860956
2026-04-24,2733.0,"2,775.48","2,777.89","2,729.64",53.75B,-1.39%,-0.013974350209924092
2026-04-27,2732.41,"2,728.45","2,744.06","2,724.36",30.54B,-0.02%,-0.0002159032908023172
2026-04-28,2696.58,"2,736.16","2,736.81","2,695.36",50.77B,-1.31%,-0.013199700211810444
2026-04-29,2639.82,"2,702.11","2,705.69","2,628.98",76.58B,-2.10%,-0.021273570427760898
2026-04-30,2658.21,"2,652.56","2,674.59","2,648.94",43.83B,0.70%,0.006942230926634768
2026-05-04,2620.82,"2,653.73","2,655.46","2,605.24",41.96B,-1.41%,-0.014165718037065284
2026-05-05,2644.37,"2,617.07","2,652.25","2,590.66",46.07B,0.90%,0.008945605779324576
2026-05-06,2632.5,"2,634.93","2,647.50","2,612.46",44.19B,-0.45%,-0.004498886658457676
2026-05-07,2615.33,"2,622.74","2,631.77","2,611.09",26.97B,-0.65%,-0.006543680442349434
2026-05-08,2597.8,"2,610.40","2,614.03","2,597.55",19.29B,-0.67%,-0.006725351592597509
2026-05-11,2656.91,"2,646.25","2,659.96","2,642.76",17.42B,2.28%,0.022498860424074365
2026-05-12,2689.96,"2,655.78","2,696.53","2,651.61",40.83B,1.24%,0.012362530199593111
2026-05-13,2694.72,"2,689.78","2,697.04","2,680.88",24.79B,0.18%,0.001767979244776175
2026-05-14,2658.84,"2,686.10","2,688.56","2,654.76",35.72B,-1.33%,-0.013404365406442255
2026-05-15,2633.84,"2,656.54","2,665.47","2,627.36",36.00B,-0.94%,-0.009447080092370925
2026-05-18,2668.22,"2,633.59","2,670.93","2,617.59",42.49B,1.31%,0.012968726063777405
2026-05-19,2663.48,"2,664.37","2,675.17","2,656.70",31.58B,-0.18%,-0.0017780449945683492
2026-05-20,2640.32,"2,654.87","2,655.08","2,631.14",33.36B,-0.87%,-0.008733416496044633
2026-05-21,2664.29,"2,629.30","2,669.72","2,611.59",49.27B,0.91%,0.009037483678464606
2026-05-22,2625.69,"2,656.38","2,679.98","2,620.48",43.20B,-1.45%,-0.01459388696674778
2026-05-25,2598.2,"2,629.05","2,634.98","2,579.76",55.63B,-1.05%,-0.010524821066062905
2026-05-26,2580.25,"2,592.53","2,595.96","2,573.42",57.82B,-0.69%,-0.0069326041155897125
2026-05-27,2590.24,"2,577.97","2,594.61","2,562.22",48.62B,0.39%,0.0038642420471528254
2026-05-28,2583.89,"2,589.83","2,603.90","2,574.14",38.78B,-0.25%,-0.002454520156259568
2026-05-29,2565.61,"2,571.78","2,575.03","2,556.56",38.98B,-0.71%,-0.007099748241857547
2026-06-01,2570.04,"2,578.46","2,589.59","2,563.93",37.98B,0.17%,0.001725195875400807
2026-06-02,2620.39,"2,580.98","2,628.58","2,574.47",57.82B,1.96%,0.019401698668694862
2026-06-03,2601.35,"2,622.50","2,628.33","2,595.79",37.65B,-0.73%,-0.007292620614022308
2026-06-04,2579.9,"2,596.21","2,606.27","2,577.68",38.03B,-0.82%,-0.008279902550587333
2026-06-05,2561.04,"2,577.07","2,581.69","2,557.52",27.56B,-0.73%,-0.007337212498145373
2026-06-08,2517.64,"2,574.43","2,576.72","2,511.41",49.94B,-1.69%,-0.017091471204995354
2026-06-09,2522.77,"2,510.29","2,535.85","2,484.40",76.12B,0.20%,0.002035549398294953
2026-06-10,2520.88,"2,506.57","2,535.25","2,482.29",55.48B,-0.07%,-0.0007494572733895388
2026-06-11,2515.33,"2,528.75","2,528.77","2,506.57",24.73B,-0.22%,-0.002204039246467992
2026-06-15,2542.84,"2,527.63","2,548.71","2,526.76",45.90B,1.09%,0.010877558979243827
2026-06-16,2490.52,"2,546.65","2,550.12","2,475.95",71.45B,-2.06%,-0.020790042632050722
2026-06-17,2485.05,"2,488.53","2,503.63","2,479.83",47.93B,-0.22%,-0.002198743944398062
2026-06-18,2441.24,"2,468.35","2,468.44","2,423.16",84.03B,-1.76%,-0.017786673132318083
2026-06-19,2420.56,"2,447.35","2,459.68","2,401.64",79.60B,-0.85%,-0.008507188580926079
2026-06-22,2318.28,"2,401.97","2,420.01","2,300.42",119.95B,-4.23%,-0.043173386946948944
2026-06-23,2335.94,"2,278.53","2,341.58","2,273.75",76.38B,0.76%,0.007588848294284263
2026-06-24,2243.47,"2,321.80","2,321.80","2,230.47",82.74B,-3.96%,-0.040390605323564886
2026-06-25,2257.24,"2,266.31","2,278.28","2,217.39",95.51B,0.61%,0.006119053645138815
2026-06-26,2285.61,"2,222.56","2,323.50","2,203.25",123.79B,1.26%,0.0124901191174318
2026-06-29,2349.81,"2,275.45","2,358.63","2,254.60",74.56B,2.81%,0.02770152667999824
2026-06-30,2348.15,"2,357.15","2,402.41","2,341.33",72.96B,-0.07%,-0.0007066897415409477
2026-07-01,2344.55,"2,360.90","2,374.74","2,333.65",50.50B,-0.15%,-0.0015342982531256057
2026-07-02,2256.06,"2,334.26","2,335.45","2,244.36",65.71B,-3.77%,-0.038473556802115075
2026-07-03,2242.84,"2,259.22","2,266.14","2,210.24",65.80B,-0.59%,-0.005877009069195734
2026-07-06,2194.14,"2,241.37","2,259.92","2,164.81",115.15B,-2.17%,-0.021952749748416864
2026-07-07,2190.39,"2,168.29","2,198.87","2,117.50",114.94B,-0.17%,-0.0017105600437811827
2026-07-08,2220.77,"2,208.20","2,227.73","2,165.40",98.83B,1.39%,0.013774372428133676
2026-07-09,2186.75,"2,205.93","2,219.43","2,178.28",59.20B,-1.53%,-0.015437559275745343
2026-07-10,2145.65,"2,171.13","2,178.70","2,136.92",49.36B,-1.88%,-0.018973886539225465
2026-07-13,2164.42,"2,152.80","2,200.99","2,144.39",60.81B,0.87%,0.008709890401297521
2026-07-14,2170.78,"2,179.56","2,194.92","2,155.42",50.23B,0.29%,0.0029341227914789817
2026-07-15,2111.9,"2,143.35","2,146.43","2,103.04",69.00B,-2.71%,-0.027498533733186607
2026-07-16,2022.27,"2,072.90","2,074.72","2,018.61",91.74B,-4.24%,-0.04336737339713339
2026-07-17,1958.43,"2,027.83","2,035.36","1,954.25",78.02B,-3.16%,-0.032077510995066366
2026-07-20,2000.69,"1,899.99","2,009.92","1,898.51",110.26B,2.16%,0.02134898921513767
2026-07-21,2078.78,"2,075.21","2,098.70","2,014.90",102.14B,3.90%,0.03828906210958371
2026-07-22,2136.11,"2,060.60","2,144.66","2,045.56",94.69B,2.76%,0.02720523472859283
2026-07-23,2144.97,"2,144.35","2,160.70","2,100.34",71.09B,0.41%,0.004139148368882714
2026-07-24,2165.54,"2,111.00","2,189.51","2,085.90",121.42B,0.96%,0.009544186718405023
2026-07-27,2216.92,"2,162.70","2,224.25","2,154.25",79.59B,2.37%,0.02344909219722999
2026-07-28,2191.18,"2,218.03","2,218.75","2,181.12",60.02B,-1.16%,-0.01167863367751396
2026-07-29,2237.17,"2,210.08","2,238.92","2,203.30",50.57B,2.10%,0.020771462749909132
2026-07-30,2209.84,"2,261.30","2,281.20","2,207.28",73.86B,-1.22%,-0.012291559537478484
2026-07-31,2226.36,"2,202.59","2,232.61","2,189.30",52.57B,0.75%,0.00744785012590882
2026-08-03,2262.75,"2,241.73","2,263.52","2,240.54",39.63B,1.63%,0.01621292288049351
2026-08-04,2269.23,"2,259.53","2,273.70","2,237.08",57.12B,0.29%,0.002859679175985951
2026-08-05,2301.65,"2,278.21","2,301.65","2,278.21",55.03B,1.43%,0.014185690136183251
2026-08-06,2285.88,"2,295.11","2,316.85","2,266.11",58.50B,-0.69%,-0.006875186480842502
2026-08-07,2281.31,"2,294.24","2,310.40","2,270.75",51.24B,-0.20%,-0.0020012311838173997
2026-08-10,2293.32,"2,296.41","2,305.23","2,277.56",38.12B,0.53%,0.005250709934100583
2026-08-11,2323.82,"2,320.13","2,328.18","2,309.49",51.40B,1.33%,0.013211834015484722
2026-08-12,2301.43,"2,330.92","2,331.67","2,288.01",54.54B,-0.96%,-0.009681714456396722
2026-08-13,2232.14,"2,293.18","2,297.94","2,229.16",73.53B,-3.01%,-0.030569902299508685
2026-08-14,2136.35,"2,232.79","2,245.57","2,130.39",91.40B,-4.29%,-0.04386200121368466
2026-08-17,2093.22,"2,103.39","2,138.96","2,085.14",69.39B,-2.02%,-0.020395215133668657
2026-08-18,2148.13,"2,115.25","2,164.59","2,100.17",69.52B,2.62%,0.025894146011561946
2026-08-19,2172.38,"2,163.23","2,179.83","2,133.74",48.44B,1.13%,0.011225644497972947
2026-08-20,2121.53,"2,169.68","2,189.03","2,113.58",61.86B,-2.34%,-0.023685814230238172
2026-08-21,2134.97,"2,125.55","2,149.97","2,103.90",39.98B,0.63%,0.006315068561340043
2026-08-24,2071.2,"2,089.78","2,097.03","2,051.60",81.87B,-2.99%,-0.03032444560442525
2026-08-25,2117.15,"2,093.16","2,146.14","2,063.38",71.63B,2.22%,0.021942695170908747
2026-08-26,2071.3,"2,098.67","2,109.21","2,067.32",47.23B,-2.17%,-0.021894415146759223
2026-08-27,2093.4,"2,060.60","2,105.95","2,054.64",58.57B,1.07%,0.010613108959306223
2026-08-28,2114.93,"2,113.27","2,121.94","2,070.46",61.37B,1.03%,0.010232176585165549
