Date,Price,Open,High,Low,Vol.,Change %,LogReturn
2020-10-01,11416.95,"11,364.45","11,428.60","11,347.05",447.74M,1.51%,
2020-10-05,11503.35,"11,487.80","11,578.05","11,452.30",530.60M,0.76%,0.007539204045733728
2020-10-06,11662.4,"11,603.45","11,680.30","11,564.30",561.44M,1.38%,0.013731694349654332
2020-10-07,11738.85,"11,679.25","11,763.05","11,629.35",513.37M,0.66%,0.006533862249180739
2020-10-08,11834.6,"11,835.40","11,905.70","11,791.15",608.77M,0.82%,0.008123590443176206
2020-10-09,11914.2,"11,852.05","11,938.60","11,805.20",611.08M,0.67%,0.006703521700736463
2020-10-12,11930.95,"11,973.55","12,022.05","11,867.20",522.63M,0.14%,0.0014048980824201138
2020-10-13,11934.5,"11,934.65","11,988.20","11,888.90",458.30M,0.03%,0.0002975012016269282
2020-10-14,11971.05,"11,917.40","11,997.20","11,822.15",569.24M,0.31%,0.0030578696980628857
2020-10-15,11680.35,"12,023.45","12,025.45","11,661.30",608.87M,-2.43%,-0.024583292316473156
2020-10-16,11762.45,"11,727.40","11,789.75","11,667.85",555.76M,0.70%,0.007004311400897572
2020-10-19,11873.05,"11,879.20","11,898.25","11,820.40",541.42M,0.94%,0.009358871804925359
2020-10-20,11896.8,"11,861.00","11,949.25","11,837.25",453.56M,0.20%,0.0019983304819722702
2020-10-21,11937.65,"11,958.55","12,018.65","11,775.75",623.66M,0.34%,0.0034278147805934457
2020-10-22,11896.45,"11,890.00","11,939.55","11,823.45",544.90M,-0.35%,-0.0034572348892397747
2020-10-23,11930.35,"11,957.90","11,974.55","11,908.75",502.34M,0.28%,0.0028455371996451177
2020-10-26,11767.75,"11,937.40","11,942.85","11,711.70",519.82M,-1.36%,-0.013722834461522889
2020-10-27,11889.4,"11,807.10","11,899.05","11,723.00",616.32M,1.03%,0.010284507834007878
2020-10-28,11729.6,"11,922.60","11,929.40","11,684.85",704.02M,-1.34%,-0.013531685368635521
2020-10-29,11670.8,"11,633.30","11,744.15","11,606.45",554.96M,-0.50%,-0.005025565695959923
2020-10-30,11642.4,"11,678.45","11,748.95","11,535.45",553.67M,-0.24%,-0.002436389174245776
2020-11-02,11669.15,"11,697.35","11,725.65","11,557.40",568.43M,0.23%,0.0022950006963143427
2020-11-03,11813.5,"11,734.45","11,836.20","11,723.30",674.30M,1.24%,0.012294338008099459
2020-11-04,11908.5,"11,783.35","11,929.65","11,756.40",667.29M,0.80%,0.008009485529747545
2020-11-05,12120.3,"12,062.40","12,131.10","12,027.60",632.45M,1.78%,0.017629301958937776
2020-11-06,12263.55,"12,156.65","12,280.40","12,131.85",576.84M,1.18%,0.011749715326943234
2020-11-09,12461.05,"12,399.40","12,474.05","12,367.35",553.45M,1.61%,0.015976331334718024
2020-11-10,12631.1,"12,556.40","12,643.90","12,475.25",847.45M,1.36%,0.01355424731828949
2020-11-11,12749.15,"12,680.60","12,769.75","12,571.10",880.48M,0.93%,0.009302575925418237
2020-11-12,12690.8,"12,702.15","12,741.15","12,624.85",622.02M,-0.46%,-0.004587281211030351
2020-11-13,12719.95,"12,659.70","12,735.95","12,607.70",513.95M,0.23%,0.002294305582223262
2020-11-14,12780.25,"12,823.35","12,828.70","12,749.45",107.87M,0.47%,0.004729383486755077
2020-11-17,12874.2,"12,932.50","12,934.05","12,797.10",707.68M,0.74%,0.007324298123558119
2020-11-18,12938.25,"12,860.10","12,948.85","12,819.35",731.32M,0.50%,0.00496273166287285
2020-11-19,12771.7,"12,839.50","12,963.00","12,745.75",768.75M,-1.29%,-0.012956254665088004
2020-11-20,12859.05,"12,813.40","12,892.45","12,730.25",664.00M,0.68%,0.006816057913245701
2020-11-23,12926.45,"12,960.30","12,968.85","12,825.70",633.12M,0.52%,0.005227756180819109
2020-11-24,13055.15,"13,002.60","13,079.10","12,978.00",571.87M,1.00%,0.009907092146913083
2020-11-25,12858.4,"13,130.00","13,145.85","12,833.65",679.01M,-1.51%,-0.01518539766292209
2020-11-26,12987.0,"12,906.45","13,018.00","12,790.40",549.80M,1.00%,0.00995156285515894
2020-11-27,12968.95,"13,012.05","13,035.30","12,914.30",1.16B,-0.14%,-0.0013908181291474332
2020-12-01,13109.05,"13,062.20","13,128.40","12,962.80",583.63M,1.08%,0.010744792383060973
2020-12-02,13113.75,"13,121.40","13,128.50","12,983.55",717.71M,0.04%,0.0003584666816914015
2020-12-03,13133.9,"13,215.30","13,216.60","13,107.90",713.69M,0.15%,0.0015353758495279832
2020-12-04,13258.55,"13,177.40","13,280.05","13,152.85",640.51M,0.95%,0.009445953432445583
2020-12-07,13355.75,"13,264.85","13,366.65","13,241.95",591.72M,0.73%,0.0073043763815936035
2020-12-08,13392.95,"13,393.85","13,435.45","13,311.05",543.16M,0.28%,0.002781445377379538
2020-12-09,13529.1,"13,458.10","13,548.90","13,449.60",502.60M,1.02%,0.010114472018708576
2020-12-10,13478.3,"13,488.50","13,503.55","13,399.30",553.40M,-0.38%,-0.003761936351579113
2020-12-11,13513.85,"13,512.30","13,579.35","13,402.85",787.71M,0.26%,0.0026341006963332956
2020-12-14,13558.15,"13,571.45","13,597.50","13,472.45",558.39M,0.33%,0.0032727570583044262
2020-12-15,13567.85,"13,547.20","13,589.65","13,447.05",497.60M,0.07%,0.0007151810376354939
2020-12-16,13682.7,"13,663.10","13,692.35","13,606.45",462.15M,0.85%,0.0084292375769653
2020-12-17,13740.7,"13,713.55","13,773.25","13,673.55",416.01M,0.42%,0.004229970498269098
2020-12-18,13760.55,"13,764.40","13,772.85","13,658.60",519.39M,0.14%,0.0014435709974719424
2020-12-21,13328.4,"13,741.90","13,777.50","13,131.45",687.25M,-3.14%,-0.03190870565767625
2020-12-22,13466.3,"13,373.65","13,492.05","13,192.90",696.20M,1.03%,0.010293171226603563
2020-12-23,13601.1,"13,473.50","13,619.45","13,432.20",458.65M,1.00%,0.009960403618605139
2020-12-24,13749.25,"13,672.15","13,771.75","13,626.90",471.37M,1.09%,0.010833605346231154
2020-12-28,13873.2,"13,815.15","13,885.30","13,811.55",403.63M,0.90%,0.008974644316761851
2020-12-29,13932.6,"13,910.35","13,967.60","13,859.90",439.59M,0.43%,0.004272496411424223
2020-12-30,13981.95,"13,980.90","13,997.00","13,864.95",380.68M,0.35%,0.0035357941585163945
2020-12-31,13981.75,"13,970.00","14,024.85","13,936.45",452.41M,0.00%,-1.4304258735754857e-05
2021-01-01,14018.5,"13,996.10","14,049.85","13,991.35",258.09M,0.26%,0.002624978069994666
2021-01-04,14132.9,"14,104.35","14,147.95","13,953.75",495.00M,0.82%,0.00812752685406613
2021-01-05,14199.5,"14,075.15","14,215.60","14,048.15",492.48M,0.47%,0.0047013399972732585
2021-01-06,14146.25,"14,240.95","14,244.15","14,039.90",632.32M,-0.38%,-0.0037571814216639365
2021-01-07,14137.35,"14,253.75","14,256.25","14,123.10",559.17M,-0.06%,-0.0006293399916382645
2021-01-08,14347.25,"14,258.40","14,367.30","14,221.65",613.47M,1.48%,0.014738054903755111
2021-01-11,14484.75,"14,474.05","14,498.20","14,383.10",672.88M,0.96%,0.00953808562855032
2021-01-12,14563.45,"14,473.80","14,590.65","14,432.85",929.57M,0.54%,0.005418593410961451
2021-01-13,14564.85,"14,639.80","14,653.35","14,435.70",873.96M,0.01%,9.612644754944934e-05
2021-01-14,14595.6,"14,550.05","14,617.80","14,471.50",620.20M,0.21%,0.0021090217330616886
2021-01-15,14433.7,"14,594.35","14,617.45","14,357.85",789.56M,-1.11%,-0.011154363255555686
2021-01-18,14281.3,"14,453.30","14,459.15","14,222.80",762.04M,-1.06%,-0.01061476099225705
2021-01-19,14521.15,"14,371.65","14,546.05","14,350.85",546.11M,1.68%,0.01665521817989555
2021-01-20,14644.7,"14,538.30","14,666.45","14,517.55",623.07M,0.85%,0.00847228790044222
2021-01-21,14590.35,"14,730.95","14,753.55","14,517.25",704.65M,-0.37%,-0.0037181439822322328
2021-01-22,14371.9,"14,583.40","14,619.90","14,357.75",776.75M,-1.50%,-0.015085440027319255
2021-01-25,14238.9,"14,477.80","14,491.10","14,218.60",618.63M,-0.93%,-0.009297255444126929
2021-01-27,13967.5,"14,237.95","14,237.95","13,929.30",660.71M,-1.91%,-0.019244453457933762
2021-01-28,13817.55,"13,810.40","13,898.25","13,713.25",637.87M,-1.07%,-0.01079367903283101
2021-01-29,13634.6,"13,946.60","13,966.85","13,596.75",753.21M,-1.32%,-0.013328843718060656
2021-02-01,14281.2,"13,758.60","14,336.35","13,661.75",870.53M,4.74%,0.046333307393982406
2021-02-02,14647.85,"14,481.10","14,731.70","14,469.15",914.97M,2.57%,0.025349580019676167
2021-02-03,14789.95,"14,754.90","14,868.85","14,574.15",869.48M,0.97%,0.009654329040450573
2021-02-04,14895.65,"14,789.05","14,913.70","14,714.75",884.69M,0.71%,0.007121327963684512
2021-02-05,14924.25,"14,952.60","15,014.65","14,864.75",935.63M,0.19%,0.0019181827416789982
2021-02-08,15115.8,"15,064.30","15,159.90","15,041.05",671.24M,1.28%,0.012753147626468448
2021-02-09,15109.3,"15,164.15","15,257.10","15,064.30",713.28M,-0.04%,-0.0004301061104978167
2021-02-10,15106.5,"15,119.05","15,168.25","14,977.20",624.79M,-0.02%,-0.00018533350154651584
2021-02-11,15173.3,"15,073.25","15,188.50","15,065.40",500.12M,0.44%,0.004412189536825283
2021-02-12,15163.3,"15,186.20","15,243.50","15,081.00",571.81M,-0.07%,-0.0006592696849480349
2021-02-15,15314.7,"15,270.30","15,340.15","15,243.40",455.96M,1.00%,0.0099351168282398
2021-02-16,15313.45,"15,371.45","15,431.75","15,242.20",648.55M,-0.01%,-8.162425746866536e-05
2021-02-17,15208.9,"15,279.90","15,314.30","15,170.75",504.77M,-0.68%,-0.006850744382448808
2021-02-18,15118.95,"15,238.70","15,250.75","15,078.05",770.63M,-0.59%,-0.005931858918806256
2021-02-19,14981.75,"15,074.80","15,144.05","14,898.20",712.21M,-0.91%,-0.009116130199794164
2021-02-22,14675.7,"14,999.05","15,010.10","14,635.05",609.90M,-2.04%,-0.020639728948870298
2021-02-23,14707.8,"14,782.25","14,854.50","14,651.85",744.09M,0.22%,0.0021849005577883308
2021-02-24,14982.0,"14,729.15","15,008.80","14,723.05",403.75M,1.86%,0.0184715152210019
2021-02-25,15097.35,"15,079.85","15,176.50","15,065.35",803.88M,0.77%,0.007669751205100037
2021-02-26,14529.15,"14,888.60","14,919.45","14,467.75",1.10B,-3.76%,-0.03836225551565555
2021-03-01,14761.55,"14,702.50","14,806.80","14,638.55",507.30M,1.60%,0.015868850993789412
2021-03-02,14919.1,"14,865.30","14,959.10","14,760.80",621.72M,1.07%,0.010616444031444284
2021-03-03,15245.6,"15,064.40","15,273.15","14,995.80",544.21M,2.19%,0.02164866559165988
2021-03-04,15080.75,"15,026.75","15,202.35","14,980.20",534.85M,-1.08%,-0.010871840740940207
2021-03-05,14938.1,"14,977.95","15,092.35","14,862.10",640.70M,-0.95%,-0.009504099842029849
2021-03-08,14956.2,"15,002.45","15,111.15","14,919.90",580.31M,0.12%,0.0012109333359041415
2021-03-09,15098.4,"15,049.90","15,126.85","14,925.45",675.27M,0.95%,0.009462848356829118
2021-03-10,15174.8,"15,202.15","15,218.45","15,100.85",404.59M,0.51%,0.0050473793452542595
2021-03-12,15030.95,"15,321.15","15,336.30","14,953.60",493.24M,-0.95%,-0.009524748600142347
2021-03-15,14929.5,"15,048.40","15,048.40","14,745.85",467.47M,-0.67%,-0.006772287314813522
2021-03-16,14910.45,"14,996.10","15,051.60","14,890.65",437.65M,-0.13%,-0.0012768119643645321
2021-03-17,14721.3,"14,946.55","14,956.55","14,696.05",479.35M,-1.27%,-0.012766884789164224
2021-03-18,14557.85,"14,855.50","14,875.20","14,478.60",542.22M,-1.11%,-0.011165057588712252
2021-03-19,14744.0,"14,471.15","14,788.25","14,350.10",919.18M,1.28%,0.01270585333767231
2021-03-22,14736.4,"14,736.30","14,763.90","14,597.85",459.00M,-0.05%,-0.0005155968147220087
2021-03-23,14814.75,"14,768.55","14,878.60","14,707.00",474.15M,0.53%,0.005302682541282359
2021-03-24,14549.4,"14,712.45","14,752.35","14,535.00",456.40M,-1.79%,-0.018073550440256294
2021-03-25,14324.9,"14,570.90","14,575.60","14,264.40",606.82M,-1.54%,-0.015550473880181296
2021-03-26,14507.3,"14,506.30","14,572.90","14,414.25",481.00M,1.27%,0.012652689241181039
2021-03-30,14845.1,"14,628.50","14,876.30","14,617.60",594.52M,2.33%,0.023017873453048527
2021-03-31,14690.7,"14,811.85","14,813.75","14,670.25",436.87M,-1.04%,-0.010455203953802781
2021-04-01,14867.35,"14,798.40","14,883.20","14,692.45",430.03M,1.20%,0.011952892913079521
2021-04-05,14637.8,"14,837.70","14,849.85","14,459.50",500.48M,-1.54%,-0.015560309410181656
2021-04-06,14683.5,"14,737.00","14,779.10","14,573.90",474.21M,0.31%,0.0031171903704882375
2021-04-07,14819.05,"14,716.45","14,879.80","14,649.85",476.38M,0.92%,0.009189100861723375
2021-04-08,14873.8,"14,875.65","14,984.15","14,821.10",503.73M,0.37%,0.0036877606594222893
2021-04-09,14834.85,"14,882.65","14,918.45","14,785.65",498.35M,-0.26%,-0.002622133440394992
2021-04-12,14310.8,"14,644.65","14,652.50","14,248.70",638.48M,-3.53%,-0.03596464550090766
2021-04-13,14504.8,"14,364.90","14,528.90","14,274.90",588.67M,1.36%,0.01346513216216128
2021-04-15,14581.45,"14,522.40","14,597.55","14,353.20",556.85M,0.53%,0.005270543809252156
2021-04-16,14617.85,"14,599.60","14,697.70","14,559.00",568.57M,0.25%,0.0024932117451798913
2021-04-19,14359.45,"14,306.60","14,382.30","14,191.40",503.14M,-1.77%,-0.017835122632966233
2021-04-20,14296.4,"14,526.70","14,526.95","14,207.30",456.70M,-0.44%,-0.004400504730724992
2021-04-22,14406.15,"14,219.15","14,424.75","14,151.40",516.99M,0.77%,0.007647441420956932
2021-04-23,14341.35,"14,326.35","14,461.15","14,273.30",476.61M,-0.45%,-0.004508225741375628
2021-04-26,14485.0,"14,449.45","14,557.50","14,421.30",448.53M,1.00%,0.009966658221529558
2021-04-27,14653.05,"14,493.80","14,667.55","14,484.85",442.21M,1.16%,0.011534873699277236
2021-04-28,14864.55,"14,710.50","14,890.25","14,694.95",453.99M,1.44%,0.014330678619181423
2021-04-29,14894.9,"14,979.00","15,044.35","14,814.45",511.47M,0.20%,0.002039688940633703
2021-04-30,14631.1,"14,747.35","14,855.45","14,601.70",594.74M,-1.77%,-0.017869472304921995
2021-05-03,14634.15,"14,481.05","14,673.85","14,416.25",443.41M,0.02%,0.00020843833632333135
2021-05-04,14496.5,"14,687.25","14,723.40","14,461.50",479.66M,-0.94%,-0.009450597532297881
2021-05-05,14617.85,"14,604.15","14,637.90","14,506.60",437.26M,0.84%,0.00833614370438461
2021-05-06,14724.8,"14,668.35","14,743.90","14,611.50",445.28M,0.73%,0.00728976241856127
2021-05-07,14823.15,"14,816.85","14,863.05","14,765.50",483.68M,0.67%,0.00665700078709295
2021-05-10,14942.35,"14,928.25","14,966.90","14,892.50",510.60M,0.80%,0.008009315295494882
2021-05-11,14850.75,"14,789.70","14,900.00","14,771.40",616.20M,-0.61%,-0.006149094161166533
2021-05-12,14696.5,"14,823.55","14,824.05","14,649.70",620.32M,-1.04%,-0.0104409988264523
2021-05-14,14677.8,"14,749.40","14,749.65","14,591.90",602.74M,-0.13%,-0.0012732220019680827
2021-05-17,14923.15,"14,756.25","14,938.00","14,725.35",534.52M,1.67%,0.016577550301561973
2021-05-18,15108.1,"15,067.20","15,137.25","15,043.70",571.92M,1.24%,0.012317325341082912
2021-05-19,15030.15,"15,058.60","15,133.40","15,008.85",563.29M,-0.52%,-0.005172840083098081
2021-05-20,14906.05,"15,042.60","15,069.80","14,884.90",467.46M,-0.83%,-0.00829101294717533
2021-05-21,15175.3,"14,987.80","15,190.00","14,985.85",557.73M,1.81%,0.017901935299818986
2021-05-24,15197.7,"15,211.35","15,256.25","15,145.45",566.72M,0.15%,0.0014749945057214828
2021-05-25,15208.45,"15,291.75","15,293.85","15,163.40",417.32M,0.07%,0.0007070938246309187
2021-05-26,15301.45,"15,257.05","15,319.90","15,194.95",377.68M,0.61%,0.006096400711710557
2021-05-27,15337.85,"15,323.95","15,384.55","15,272.50",682.37M,0.24%,0.0023760345128514245
2021-05-28,15435.65,"15,421.20","15,469.65","15,394.75",455.58M,0.64%,0.006356139487801307
2021-05-31,15582.8,"15,437.75","15,606.35","15,374.00",436.00M,0.95%,0.00948797273161881
2021-06-01,15574.85,"15,629.65","15,660.75","15,528.30",409.56M,-0.05%,-0.0005103080734601435
2021-06-02,15576.2,"15,520.35","15,597.45","15,459.85",428.64M,0.01%,8.667444601998165e-05
2021-06-03,15690.35,"15,655.55","15,705.10","15,611.00",410.24M,0.73%,0.007301765443638139
2021-06-04,15670.25,"15,712.50","15,733.60","15,622.35",414.16M,-0.13%,-0.0012818634051846062
2021-06-07,15751.65,"15,725.10","15,773.45","15,678.10",393.97M,0.52%,0.005181111396264527
2021-06-08,15740.1,"15,773.90","15,778.80","15,680.00",378.16M,-0.07%,-0.0007335254800309069
2021-06-09,15635.35,"15,766.30","15,800.45","15,566.90",457.86M,-0.67%,-0.0066772198768095935
2021-06-10,15737.75,"15,692.10","15,751.25","15,648.50",298.30M,0.65%,0.0065279085353827145
2021-06-11,15799.35,"15,796.45","15,835.55","15,749.80",363.01M,0.39%,0.003906515078371861
2021-06-14,15811.85,"15,791.40","15,823.05","15,606.50",392.86M,0.08%,0.0007908589772940088
2021-06-15,15869.25,"15,866.95","15,901.60","15,842.40",323.26M,0.36%,0.0036236155189037843
2021-06-16,15767.55,"15,847.50","15,880.85","15,742.60",340.19M,-0.64%,-0.006429243811976895
2021-06-17,15691.4,"15,648.30","15,769.35","15,616.75",357.65M,-0.48%,-0.004841239057948083
2021-06-18,15683.35,"15,756.50","15,761.50","15,450.90",640.82M,-0.05%,-0.0005131515104754852
2021-06-21,15746.5,"15,525.85","15,765.15","15,505.65",351.53M,0.40%,0.0040184782924328364
2021-06-22,15772.75,"15,840.50","15,895.75","15,752.10",322.24M,0.17%,0.0016656491552922152
2021-06-23,15686.95,"15,862.80","15,862.95","15,673.95",287.54M,-0.54%,-0.005454610993256628
2021-06-24,15790.45,"15,737.30","15,821.40","15,702.70",316.66M,0.66%,0.0065761703950533955
2021-06-25,15860.35,"15,839.35","15,870.80","15,772.30",314.61M,0.44%,0.004416957147551428
2021-06-28,15814.7,"15,915.35","15,915.65","15,792.15",255.10M,-0.29%,-0.0028823968142633397
2021-06-29,15748.45,"15,807.50","15,835.90","15,724.05",360.33M,-0.42%,-0.004197939514398237
2021-06-30,15721.5,"15,776.90","15,839.10","15,708.75",262.39M,-0.17%,-0.0017127454341774183
2021-07-01,15680.0,"15,755.05","15,755.55","15,667.05",224.92M,-0.26%,-0.0026431873739428875
2021-07-02,15722.2,"15,705.85","15,738.35","15,635.95",254.81M,0.27%,0.0026877113962504966
2021-07-05,15834.35,"15,793.40","15,845.95","15,762.05",207.03M,0.71%,0.007107904518881885
2021-07-06,15818.25,"15,813.75","15,914.20","15,801.00",391.41M,-0.10%,-0.0010172940856974727
2021-07-07,15879.65,"15,819.60","15,893.55","15,779.70",329.31M,0.39%,0.0038740785221350028
2021-07-08,15727.9,"15,855.40","15,885.75","15,682.90",307.93M,-0.96%,-0.009602209976720955
2021-07-09,15689.8,"15,688.25","15,730.85","15,632.75",243.25M,-0.24%,-0.002425385606006873
2021-07-12,15692.6,"15,766.80","15,789.20","15,644.75",216.27M,0.02%,0.00017844396906752612
2021-07-13,15812.35,"15,794.00","15,820.80","15,744.60",246.68M,0.76%,0.007602016616565908
2021-07-14,15853.95,"15,808.70","15,877.35","15,764.20",239.92M,0.26%,0.0026274003550276126
2021-07-15,15924.2,"15,872.15","15,952.35","15,855.00",284.85M,0.44%,0.004421284085811662
2021-07-16,15923.4,"15,958.35","15,962.25","15,882.60",276.30M,-0.01%,-5.023926450783297e-05
2021-07-19,15752.4,"15,754.50","15,836.90","15,707.50",242.13M,-1.07%,-0.010796990837843464
2021-07-20,15632.1,"15,703.95","15,728.45","15,578.55",274.28M,-0.76%,-0.007666242201175643
2021-07-22,15824.05,"15,736.60","15,834.80","15,726.40",265.25M,1.23%,0.012204442218645537
2021-07-23,15856.05,"15,856.80","15,899.80","15,768.40",294.10M,0.20%,0.002020196330389148
2021-07-26,15824.45,"15,849.30","15,893.35","15,797.00",267.08M,-0.20%,-0.0019949186710989724
2021-07-27,15746.45,"15,860.50","15,881.55","15,701.00",311.01M,-0.49%,-0.004941269251421819
2021-07-28,15709.4,"15,761.55","15,767.50","15,513.45",318.60M,-0.24%,-0.002355683736621079
2021-07-29,15778.45,"15,762.70","15,817.35","15,737.80",401.58M,0.44%,0.004385825687307919
2021-07-30,15763.05,"15,800.60","15,862.80","15,744.85",400.02M,-0.10%,-0.0009764913668472192
2021-08-02,15885.15,"15,874.90","15,892.90","15,834.65",244.85M,0.77%,0.007716116923125624
2021-08-03,16130.75,"15,951.55","16,146.90","15,914.35",341.29M,1.55%,0.015342677718794513
2021-08-04,16258.8,"16,195.25","16,290.20","16,176.15",427.34M,0.79%,0.007906912391925616
2021-08-05,16294.6,"16,288.95","16,349.45","16,210.30",418.17M,0.22%,0.0021994639228035033
2021-08-06,16238.2,"16,304.40","16,336.75","16,223.30",320.09M,-0.35%,-0.0034672734288667254
2021-08-09,16258.25,"16,281.35","16,320.75","16,179.05",240.45M,0.12%,0.001233981099116492
2021-08-10,16280.1,"16,274.80","16,359.25","16,202.25",287.99M,0.13%,0.001343030810369638
2021-08-11,16282.25,"16,327.30","16,338.75","16,162.55",277.90M,0.01%,0.00013205435130599847
2021-08-12,16364.4,"16,303.65","16,375.50","16,286.90",280.18M,0.50%,0.005032686256673825
2021-08-13,16529.1,"16,385.70","16,543.60","16,376.30",321.87M,1.01%,0.01001422022003885
2021-08-16,16563.05,"16,518.40","16,589.40","16,480.75",254.05M,0.21%,0.0020518468525620097
2021-08-17,16614.6,"16,545.25","16,628.55","16,495.40",297.39M,0.31%,0.003107516143149264
2021-08-18,16568.85,"16,691.95","16,701.85","16,535.85",251.80M,-0.28%,-0.002757400390098923
2021-08-20,16450.5,"16,382.50","16,509.55","16,376.05",350.82M,-0.71%,-0.007168554609066652
2021-08-23,16496.45,"16,592.25","16,592.50","16,395.70",275.60M,0.28%,0.0027893343567396453
2021-08-24,16624.6,"16,561.40","16,647.10","16,495.30",275.36M,0.78%,0.0077383198591159386
2021-08-25,16634.65,"16,654.00","16,712.45","16,617.50",265.92M,0.06%,0.0006043431710507372
2021-08-26,16636.9,"16,627.95","16,683.70","16,603.40",253.53M,0.01%,0.00013525068735473022
2021-08-27,16705.2,"16,642.55","16,722.05","16,565.60",217.41M,0.41%,0.004096928239887572
2021-08-30,16931.05,"16,775.85","16,951.50","16,764.85",283.48M,1.35%,0.013429166104186735
2021-08-31,17132.2,"16,947.50","17,153.50","16,915.85",464.39M,1.19%,0.011810519440649946
2021-09-01,17076.25,"17,185.60","17,225.75","17,055.05",301.89M,-0.33%,-0.0032711245256615783
2021-09-02,17234.15,"17,095.40","17,245.50","17,059.70",242.38M,0.92%,0.009204271285332572
2021-09-03,17323.6,"17,262.45","17,340.10","17,212.20",261.37M,0.52%,0.005176853225117625
2021-09-06,17377.8,"17,399.35","17,429.55","17,345.55",228.05M,0.31%,0.003123795816542275
2021-09-07,17362.1,"17,401.55","17,436.50","17,287.00",243.42M,-0.09%,-0.0009038598884199581
2021-09-08,17353.5,"17,375.75","17,383.40","17,254.20",252.65M,-0.05%,-0.0004954545032160359
2021-09-09,17369.25,"17,312.85","17,379.65","17,302.70",241.51M,0.09%,0.0009071862729865194
2021-09-13,17355.3,"17,363.55","17,378.35","17,269.15",241.05M,-0.08%,-0.0008034661788540212
2021-09-14,17380.0,"17,420.35","17,438.55","17,367.05",230.35M,0.14%,0.0014221845881971984
2021-09-15,17519.45,"17,387.65","17,532.70","17,386.90",388.19M,0.80%,0.007991572484174538
2021-09-16,17629.5,"17,539.20","17,644.60","17,510.45",503.31M,0.63%,0.006261942937460994
2021-09-17,17585.15,"17,709.65","17,792.95","17,537.65",508.29M,-0.25%,-0.0025188393721590984
2021-09-20,17396.9,"17,443.85","17,622.75","17,361.80",339.10M,-1.07%,-0.010762766458321043
2021-09-21,17562.0,"17,450.50","17,578.35","17,326.10",363.58M,0.95%,0.00944544750940251
2021-09-22,17546.65,"17,580.90","17,610.45","17,524.00",295.19M,-0.09%,-0.0008744284373270665
2021-09-23,17822.95,"17,670.85","17,843.90","17,646.55",320.51M,1.57%,0.015623904173446654
2021-09-24,17853.2,"17,897.45","17,947.65","17,819.40",360.13M,0.17%,0.0016958111931557232
2021-09-27,17855.1,"17,932.20","17,943.50","17,802.90",295.71M,0.01%,0.00010641783572961581
2021-09-28,17748.6,"17,906.45","17,912.85","17,576.10",398.00M,-0.60%,-0.005982542131478065
2021-09-29,17711.3,"17,657.95","17,781.75","17,608.15",562.24M,-0.21%,-0.0021037856145795374
2021-09-30,17618.15,"17,718.90","17,742.15","17,585.35",378.59M,-0.53%,-0.005273233285638534
2021-10-01,17532.05,"17,531.90","17,557.15","17,452.90",305.76M,-0.49%,-0.004898986190713282
2021-10-04,17691.25,"17,615.55","17,750.90","17,581.35",295.76M,0.91%,0.009039532585512345
2021-10-05,17822.3,"17,661.35","17,833.45","17,640.90",427.00M,0.74%,0.0073803151105359625
2021-10-06,17646.0,"17,861.50","17,884.60","17,613.15",395.83M,-0.99%,-0.009941353376534637
2021-10-07,17790.35,"17,810.55","17,857.55","17,763.80",419.89M,0.82%,0.008147046658443456
2021-10-08,17895.2,"17,886.85","17,941.85","17,840.35",324.07M,0.59%,0.005876345003409079
2021-10-11,17945.95,"17,867.55","18,041.95","17,839.10",375.76M,0.28%,0.002831942274032983
2021-10-12,17991.95,"17,915.80","18,008.65","17,864.95",355.57M,0.26%,0.002559972904460075
2021-10-13,18161.75,"18,097.85","18,197.80","18,050.75",506.68M,0.94%,0.009393298528785267
2021-10-14,18338.55,"18,272.85","18,350.75","18,248.70",538.71M,0.97%,0.009687667374482732
2021-10-18,18477.05,"18,500.10","18,543.15","18,445.30",469.88M,0.76%,0.007524019892830094
2021-10-19,18418.75,"18,602.35","18,604.45","18,377.70",368.23M,-0.32%,-0.0031602539324889403
2021-10-20,18266.6,"18,439.90","18,458.30","18,209.35",371.28M,-0.83%,-0.00829491185970416
2021-10-21,18178.1,"18,382.70","18,384.20","18,048.00",365.90M,-0.48%,-0.00485668280747376
2021-10-22,18114.9,"18,230.70","18,314.25","18,034.35",324.75M,-0.35%,-0.0034827687919410082
2021-10-25,18125.4,"18,229.50","18,241.40","17,968.50",418.70M,0.06%,0.000579465417990845
2021-10-26,18268.4,"18,154.50","18,310.45","18,099.30",341.38M,0.79%,0.007858521832249608
2021-10-27,18210.95,"18,295.85","18,342.05","18,167.90",335.25M,-0.31%,-0.003149729778398594
2021-10-28,17857.25,"18,187.65","18,190.70","17,799.45",374.21M,-1.94%,-0.01961347328760292
2021-10-29,17671.65,"17,833.05","17,915.85","17,613.10",336.47M,-1.04%,-0.010447927649083697
2021-11-01,17929.65,"17,783.15","17,954.10","17,697.10",281.19M,1.46%,0.014494106489669145
2021-11-02,17888.95,"17,970.90","18,012.25","17,847.60",296.44M,-0.23%,-0.0022725632780962878
2021-11-03,17829.2,"17,947.95","17,988.75","17,757.95",331.00M,-0.33%,-0.0033456411226991806
2021-11-04,17916.8,"17,935.05","17,947.55","17,900.60",48.52M,0.49%,0.004901257503659256
2021-11-08,18068.55,"18,040.20","18,087.80","17,836.10",338.92M,0.85%,0.00843403771450868
2021-11-09,18044.25,"18,084.35","18,112.60","17,983.05",270.20M,-0.13%,-0.0013457834157164536
2021-11-10,18017.2,"17,973.45","18,061.25","17,915.00",261.45M,-0.15%,-0.001500217272092116
2021-11-11,17873.6,"17,967.45","17,971.35","17,798.20",232.12M,-0.80%,-0.008002093364690321
2021-11-12,18102.75,"17,977.60","18,123.00","17,905.90",249.11M,1.28%,0.012739096598234837
2021-11-15,18109.45,"18,140.95","18,210.15","18,071.30",280.43M,0.04%,0.0003700410401166087
2021-11-16,17999.2,"18,127.05","18,132.65","17,958.80",267.43M,-0.61%,-0.006106589008761365
2021-11-17,17898.65,"17,939.35","18,022.65","17,879.25",295.72M,-0.56%,-0.005602021455896025
2021-11-18,17764.8,"17,890.55","17,945.60","17,688.50",278.43M,-0.75%,-0.007506319690276539
2021-11-22,17416.55,"17,796.25","17,805.25","17,280.45",356.40M,-1.96%,-0.019798067728082253
2021-11-23,17503.35,"17,281.75","17,553.70","17,216.10",308.84M,0.50%,0.004971387591004055
2021-11-24,17415.05,"17,550.05","17,600.60","17,354.00",298.05M,-0.50%,-0.005057516278800545
2021-11-25,17536.25,"17,417.30","17,564.35","17,351.70",255.95M,0.70%,0.0069353921488597555
2021-11-26,17026.45,"17,338.75","17,355.40","16,985.70",356.33M,-2.91%,-0.029502149772621358
2021-11-29,17053.95,"17,055.80","17,160.70","16,782.40",348.89M,0.16%,0.001613831173843718
2021-11-30,16983.2,"17,051.15","17,324.65","16,931.40",498.00M,-0.41%,-0.004157228316412426
2021-12-01,17166.9,"17,104.40","17,213.05","17,064.25",295.54M,1.08%,0.010758491006561958
2021-12-02,17401.65,"17,183.20","17,420.35","17,149.30",279.87M,1.37%,0.01358191816862196
2021-12-03,17196.7,"17,424.90","17,489.80","17,180.80",292.53M,-1.18%,-0.011847524364121427
2021-12-06,16912.25,"17,209.05","17,216.75","16,891.70",231.72M,-1.65%,-0.016679293525066932
2021-12-07,17176.7,"17,044.10","17,251.65","16,987.75",254.14M,1.56%,0.015515602865605863
2021-12-08,17469.75,"17,315.25","17,484.60","17,308.95",257.79M,1.71%,0.01691699951017999
2021-12-09,17516.85,"17,524.40","17,543.25","17,379.60",237.17M,0.27%,0.0026924610252884998
2021-12-10,17511.3,"17,476.05","17,534.35","17,405.25",204.47M,-0.03%,-0.0003168879913123273
2021-12-13,17368.25,"17,619.10","17,639.50","17,355.95",256.56M,-0.82%,-0.008202560070672313
2021-12-14,17324.9,"17,283.20","17,376.20","17,225.80",270.97M,-0.25%,-0.0024990537072034653
2021-12-15,17221.4,"17,323.65","17,351.20","17,192.20",214.97M,-0.60%,-0.005991976545675948
2021-12-16,17248.4,"17,373.00","17,379.35","17,184.95",219.50M,0.16%,0.0015665890444361708
2021-12-17,16985.2,"17,276.00","17,298.15","16,966.45",354.59M,-1.53%,-0.015377008913403054
2021-12-20,16614.2,"16,824.25","16,840.10","16,410.20",330.61M,-2.18%,-0.02208462525426377
2021-12-21,16770.85,"16,773.15","16,936.40","16,688.25",241.03M,0.94%,0.009384508914368171
2021-12-22,16955.45,"16,865.55","16,971.00","16,819.50",207.95M,1.10%,0.010947055769810723
2021-12-23,17072.6,"17,066.80","17,118.65","17,015.55",196.97M,0.69%,0.006885523140111989
2021-12-24,17003.75,"17,149.50","17,155.60","16,909.60",182.56M,-0.40%,-0.004040931243418335
2021-12-27,17086.25,"16,937.75","17,112.05","16,833.20",144.78M,0.49%,0.004840138519222991
2021-12-28,17233.25,"17,177.60","17,250.25","17,161.15",176.03M,0.86%,0.008566610759914585
2021-12-29,17213.6,"17,220.10","17,285.95","17,176.65",161.68M,-0.11%,-0.0011408881875360657
2021-12-30,17203.95,"17,201.45","17,264.05","17,146.35",320.83M,-0.06%,-0.0005607604406977799
2021-12-31,17354.05,"17,244.50","17,400.80","17,238.50",167.03M,0.87%,0.008686899930872365
2022-01-03,17625.7,"17,387.15","17,646.65","17,383.30",200.46M,1.57%,0.015532155674438485
2022-01-04,17805.25,"17,681.40","17,827.60","17,593.55",247.44M,1.02%,0.01013529340916908
2022-01-05,17925.25,"17,820.10","17,944.70","17,748.85",251.46M,0.67%,0.006716975758933995
2022-01-06,17745.9,"17,768.50","17,797.95","17,655.55",236.45M,-1.00%,-0.010055830065243644
2022-01-07,17812.7,"17,797.60","17,905.00","17,704.55",239.34M,0.38%,0.003757182711433793
2022-01-10,18003.3,"17,913.30","18,017.45","17,879.15",232.42M,1.07%,0.01064338838998579
2022-01-11,18055.75,"17,997.75","18,081.25","17,964.40",220.24M,0.29%,0.0029091191803581893
2022-01-12,18212.35,"18,170.40","18,227.95","18,128.80",244.97M,0.87%,0.00863574177947351
2022-01-13,18257.8,"18,257.00","18,272.25","18,163.80",303.70M,0.25%,0.0024924505947533245
2022-01-14,18255.75,"18,185.00","18,286.95","18,119.65",229.45M,-0.01%,-0.00011228708258463262
2022-01-17,18308.1,"18,235.65","18,321.55","18,228.75",266.70M,0.29%,0.0028634859715560308
2022-01-18,18113.05,"18,337.20","18,350.95","18,085.90",227.51M,-1.07%,-0.010710911914286183
2022-01-19,17938.4,"18,129.20","18,129.20","17,884.90",276.66M,-0.96%,-0.009689006478082284
2022-01-20,17757.0,"17,921.00","17,943.70","17,648.45",258.09M,-1.01%,-0.010163862100486327
2022-01-21,17617.15,"17,613.70","17,707.60","17,485.85",277.65M,-0.79%,-0.007906944964905686
2022-01-24,17149.1,"17,575.15","17,599.40","16,997.85",323.85M,-2.66%,-0.026927165310979384
2022-01-25,17277.95,"17,001.55","17,309.15","16,836.80",326.52M,0.75%,0.007485427978237365
2022-01-27,17110.15,"17,062.00","17,182.50","16,866.75",395.60M,-0.97%,-0.009759267410336796
2022-01-28,17101.95,"17,208.30","17,373.50","17,077.10",355.28M,-0.05%,-0.0004793625738860481
2022-01-31,17339.85,"17,301.05","17,410.00","17,264.15",321.66M,1.39%,0.01381482870112138
2022-02-01,17576.85,"17,529.45","17,622.40","17,244.55",386.39M,1.37%,0.013575374518897244
2022-02-02,17780.0,"17,706.20","17,794.60","17,674.80",271.21M,1.16%,0.011491534770912802
2022-02-03,17560.2,"17,767.75","17,781.15","17,511.15",226.61M,-1.24%,-0.012439252422007897
2022-02-04,17516.3,"17,590.20","17,617.80","17,462.55",261.43M,-0.25%,-0.002503101673277095
2022-02-07,17213.6,"17,456.30","17,536.75","17,119.40",265.04M,-1.73%,-0.017432106933369305
2022-02-08,17266.75,"17,279.85","17,306.45","17,043.65",268.53M,0.31%,0.003082917783403323
2022-02-09,17463.8,"17,370.10","17,477.15","17,339.00",236.35M,1.14%,0.01134748021146286
2022-02-10,17605.85,"17,554.10","17,639.45","17,427.15",273.61M,0.81%,0.008101066127662239
2022-02-11,17374.75,"17,451.00","17,454.75","17,303.00",253.14M,-1.31%,-0.013213230321500876
2022-02-14,16842.8,"17,076.15","17,099.50","16,809.65",305.51M,-3.06%,-0.031094737081558063
2022-02-15,17352.45,"16,933.25","17,375.00","16,839.25",298.66M,3.03%,0.029810441021687707
2022-02-16,17322.2,"17,408.45","17,490.60","17,257.70",244.55M,-0.17%,-0.0017447909452098886
2022-02-17,17304.6,"17,396.55","17,442.90","17,235.85",232.14M,-0.10%,-0.0010165537396252585
2022-02-18,17276.3,"17,236.05","17,380.80","17,219.20",189.62M,-0.16%,-0.0016367420349265715
2022-02-21,17206.65,"17,192.25","17,351.05","17,070.70",215.18M,-0.40%,-0.004039683073425889
2022-02-22,17092.2,"16,847.95","17,148.55","16,843.80",300.13M,-0.67%,-0.006673717910992999
2022-02-23,17063.25,"17,194.50","17,220.70","17,027.85",200.23M,-0.17%,-0.0016951910709848976
2022-02-24,16247.95,"16,548.90","16,705.25","16,203.25",457.97M,-4.78%,-0.04896028105156906
2022-02-25,16658.4,"16,515.65","16,748.80","16,478.30",329.78M,2.53%,0.024947846739819746
2022-02-28,16793.9,"16,481.60","16,815.90","16,356.30",404.21M,0.81%,0.008101131524734604
2022-03-02,16605.95,"16,593.10","16,678.50","16,478.65",517.72M,-1.12%,-0.011254660360669237
2022-03-03,16498.05,"16,723.20","16,768.95","16,442.95",442.07M,-0.65%,-0.006518872771080209
2022-03-04,16245.35,"16,339.45","16,456.00","16,133.80",456.14M,-1.53%,-0.015435478124563093
2022-03-07,15863.15,"15,867.95","15,944.60","15,711.45",585.40M,-2.35%,-0.02380790463144289
2022-03-08,16013.45,"15,747.75","16,028.75","15,671.45",543.60M,0.95%,0.009430184764144683
2022-03-09,16345.35,"16,078.00","16,418.05","15,990.00",462.23M,2.07%,0.020514459110673795
2022-03-10,16594.9,"16,757.10","16,757.30","16,447.90",486.45M,1.53%,0.015151966019218735
2022-03-11,16630.45,"16,528.80","16,694.40","16,470.90",343.72M,0.21%,0.002139933127338912
2022-03-14,16871.3,"16,633.70","16,887.95","16,606.50",314.67M,1.45%,0.014378601088806696
2022-03-15,16663.0,"16,900.65","16,927.75","16,555.00",381.63M,-1.23%,-0.012423260902022252
2022-03-16,16975.35,"16,876.65","16,987.90","16,837.85",259.97M,1.87%,0.018571599232414908
2022-03-17,17287.05,"17,202.90","17,344.60","17,175.75",448.34M,1.84%,0.018195374494415762
2022-03-21,17117.6,"17,329.50","17,353.35","17,096.40",285.45M,-0.98%,-0.009850492312713139
2022-03-22,17315.5,"17,120.40","17,334.40","17,006.30",338.26M,1.16%,0.011494880163363386
2022-03-23,17245.65,"17,405.05","17,442.40","17,199.60",292.12M,-0.40%,-0.004042116370829646
2022-03-24,17222.75,"17,094.95","17,291.75","17,091.15",290.28M,-0.13%,-0.001328753488373596
2022-03-25,17153.0,"17,289.00","17,294.90","17,076.55",237.12M,-0.40%,-0.004058098847076208
2022-03-28,17222.0,"17,181.85","17,235.10","17,003.90",253.24M,0.40%,0.004014550846285441
2022-03-29,17325.3,"17,297.20","17,343.65","17,235.70",235.15M,0.60%,0.005980224669388954
2022-03-30,17498.25,"17,468.15","17,522.50","17,387.20",505.03M,1.00%,0.00993301498577251
2022-03-31,17464.75,"17,519.20","17,559.80","17,435.20",281.11M,-0.19%,-0.001916312115762529
2022-04-01,17670.45,"17,436.90","17,703.70","17,422.70",291.77M,1.18%,0.011709189086995933
2022-04-04,18053.4,"17,809.10","18,114.65","17,791.40",345.53M,2.17%,0.02144027979090949
2022-04-05,17957.4,"18,080.60","18,095.45","17,921.55",283.45M,-0.53%,-0.005331746443847561
2022-04-06,17807.65,"17,842.75","17,901.00","17,779.85",328.82M,-0.83%,-0.008374145995435539
2022-04-07,17639.55,"17,723.30","17,787.50","17,623.70",308.84M,-0.94%,-0.009484600202821923
2022-04-08,17784.35,"17,698.15","17,842.75","17,600.55",274.45M,0.82%,0.00817531703084775
2022-04-11,17674.95,"17,740.90","17,779.05","17,650.95",251.70M,-0.62%,-0.0061704741556992595
2022-04-12,17530.3,"17,584.85","17,595.30","17,442.35",266.03M,-0.82%,-0.008217570617932296
2022-04-13,17475.65,"17,599.90","17,663.65","17,457.40",245.06M,-0.31%,-0.003122328883991324
2022-04-18,17173.65,"17,183.45","17,237.75","17,067.85",376.13M,-1.73%,-0.017432251023419793
2022-04-19,16958.65,"17,258.95","17,275.65","16,824.70",401.40M,-1.25%,-0.012598204259997624
2022-04-20,17136.55,"17,045.25","17,186.90","16,978.95",286.07M,1.05%,0.010435581223143465
2022-04-21,17392.6,"17,234.60","17,414.70","17,215.50",285.20M,1.49%,0.014831219041721086
2022-04-22,17171.95,"17,242.75","17,315.30","17,149.20",262.74M,-1.27%,-0.01276758976251808
2022-04-25,16953.95,"17,009.05","17,054.30","16,888.70",275.69M,-1.27%,-0.012776393616003143
2022-04-26,17200.8,"17,121.30","17,223.85","17,064.45",261.07M,1.46%,0.014455049340358107
2022-04-27,17038.4,"17,073.35","17,110.70","16,958.45",265.14M,-0.94%,-0.00948627408669976
2022-04-28,17245.05,"17,189.50","17,322.50","17,071.05",312.91M,1.21%,0.012055525496746364
2022-04-29,17102.55,"17,329.25","17,377.65","17,053.25",336.24M,-0.83%,-0.008297570577797668
2022-05-02,17069.1,"16,924.45","17,092.25","16,917.25",278.16M,-0.20%,-0.001957763858873641
2022-05-04,16677.6,"17,096.60","17,132.85","16,623.95",310.63M,-2.29%,-0.023203309652967317
2022-05-05,16682.65,"16,854.75","16,945.70","16,651.85",265.79M,0.03%,0.000302755527226413
2022-05-06,16411.25,"16,415.55","16,484.20","16,340.90",300.53M,-1.63%,-0.016402181947133422
2022-05-09,16301.85,"16,227.70","16,403.70","16,142.10",288.40M,-0.67%,-0.006688476961240644
2022-05-10,16240.05,"16,248.90","16,404.55","16,197.30",283.06M,-0.38%,-0.003798184758416227
2022-05-11,16167.1,"16,270.05","16,318.75","15,992.60",284.29M,-0.45%,-0.00450210050671121
2022-05-12,15808.0,"16,021.10","16,041.95","15,735.75",314.92M,-2.22%,-0.022462172034303025
2022-05-13,15782.15,"15,977.00","16,083.60","15,740.85",369.14M,-0.16%,-0.0016365864530401846
2022-05-16,15842.3,"15,845.10","15,977.95","15,739.65",217.65M,0.38%,0.0038040233132169052
2022-05-17,16259.3,"15,912.60","16,284.25","15,900.80",295.69M,2.63%,0.025981474896775072
2022-05-18,16240.3,"16,318.15","16,399.80","16,211.20",290.44M,-0.12%,-0.0011692452931500745
2022-05-19,15809.4,"15,917.40","15,984.75","15,775.20",313.88M,-2.65%,-0.02689110763221448
2022-05-20,16266.15,"16,043.80","16,283.05","16,003.85",252.40M,2.89%,0.028481561554378136
2022-05-23,16214.7,"16,290.95","16,414.70","16,185.75",293.83M,-0.32%,-0.003168023190952943
2022-05-24,16125.15,"16,225.55","16,262.80","16,078.60",249.78M,-0.55%,-0.005538073236373267
2022-05-25,16025.8,"16,196.35","16,223.35","16,006.95",243.34M,-0.62%,-0.006180241406599101
2022-05-26,16170.15,"16,105.00","16,204.45","15,903.70",314.31M,0.90%,0.008967026426285264
2022-05-27,16352.45,"16,296.60","16,370.60","16,221.95",274.06M,1.13%,0.011210783228271726
2022-05-30,16661.4,"16,527.90","16,695.50","16,506.15",251.40M,1.89%,0.018716933609406666
2022-05-31,16584.55,"16,578.45","16,690.75","16,521.90",651.61M,-0.46%,-0.004623127742067441
2022-06-01,16522.75,"16,594.40","16,649.20","16,438.85",249.62M,-0.37%,-0.0037333199493177205
2022-06-02,16628.0,"16,481.65","16,646.40","16,443.05",235.96M,0.64%,0.006349802260260305
2022-06-03,16584.3,"16,761.65","16,793.85","16,567.90",245.51M,-0.26%,-0.002631556695493478
2022-06-06,16569.55,"16,530.70","16,610.95","16,444.55",233.59M,-0.09%,-0.000889791138776673
2022-06-07,16416.35,"16,469.60","16,487.25","16,347.10",233.81M,-0.92%,-0.009288884132275873
2022-06-08,16356.25,"16,474.95","16,514.30","16,293.35",243.48M,-0.37%,-0.0036677021275259834
2022-06-09,16478.1,"16,263.85","16,492.80","16,243.85",204.95M,0.74%,0.007422139276322272
2022-06-10,16201.8,"16,283.95","16,324.70","16,172.60",189.68M,-1.68%,-0.016909879395574055
2022-06-13,15774.4,"15,877.55","15,886.15","15,684.00",225.53M,-2.64%,-0.02673397433842731
2022-06-14,15732.1,"15,674.25","15,858.00","15,659.45",225.43M,-0.27%,-0.0026851618183916293
2022-06-15,15692.15,"15,729.25","15,783.65","15,678.90",183.01M,-0.25%,-0.0025426237076681558
2022-06-16,15360.6,"15,832.25","15,863.15","15,335.10",264.74M,-2.11%,-0.02135479785597345
2022-06-17,15293.5,"15,272.65","15,400.40","15,183.40",342.63M,-0.44%,-0.0043778879281600415
2022-06-20,15350.15,"15,334.50","15,382.50","15,191.10",260.02M,0.37%,0.0036973444439847482
2022-06-21,15638.8,"15,455.95","15,707.25","15,419.85",262.79M,1.88%,0.0186297598584063
2022-06-22,15413.3,"15,545.65","15,565.40","15,385.95",220.89M,-1.44%,-0.014524232766921568
2022-06-23,15556.65,"15,451.55","15,628.45","15,367.50",259.17M,0.93%,0.009257426877078428
2022-06-24,15699.25,"15,657.40","15,749.25","15,619.45",219.60M,0.92%,0.009124740571574834
2022-06-27,15832.05,"15,926.20","15,927.45","15,815.50",210.93M,0.85%,0.008423425943395693
2022-06-28,15850.2,"15,757.45","15,892.10","15,710.15",251.87M,0.11%,0.0011457520842448876
2022-06-29,15799.1,"15,701.70","15,861.60","15,687.80",444.95M,-0.32%,-0.0032291421550026864
2022-06-30,15780.25,"15,774.50","15,890.00","15,728.85",306.03M,-0.12%,-0.0011938182539383846
2022-07-01,15752.05,"15,703.70","15,793.95","15,511.05",364.09M,-0.18%,-0.0017886425993802585
2022-07-04,15835.35,"15,710.50","15,852.35","15,661.80",304.33M,0.53%,0.0052742671509817375
2022-07-05,15810.85,"15,909.15","16,025.75","15,785.45",254.16M,-0.15%,-0.0015483694658309363
2022-07-06,15989.8,"15,818.20","16,011.35","15,800.90",288.38M,1.13%,0.011254605733214696
2022-07-07,16132.9,"16,113.75","16,150.50","16,045.95",264.62M,0.89%,0.008909646239367608
2022-07-08,16220.6,"16,273.65","16,275.50","16,157.90",281.10M,0.54%,0.005421374182162639
2022-07-11,16216.0,"16,136.15","16,248.55","16,115.50",255.92M,-0.03%,-0.0002836302220848392
2022-07-12,16058.3,"16,126.20","16,158.75","16,031.15",208.65M,-0.97%,-0.009772559284971526
2022-07-13,15966.65,"16,128.20","16,140.00","15,950.15",233.26M,-0.57%,-0.005723677957848531
2022-07-14,15938.65,"16,018.85","16,070.85","15,858.20",228.60M,-0.18%,-0.0017551947286701716
2022-07-15,16049.2,"16,010.80","16,066.95","15,927.30",205.77M,0.69%,0.0069120269187908055
2022-07-18,16278.5,"16,151.40","16,287.95","16,142.20",227.74M,1.43%,0.01418621464032833
2022-07-19,16340.55,"16,187.05","16,359.50","16,187.05",222.63M,0.38%,0.0038045298587748868
2022-07-20,16520.85,"16,562.80","16,588.00","16,490.95",284.36M,1.10%,0.010973470957583456
2022-07-21,16605.25,"16,523.55","16,626.95","16,483.90",243.62M,0.51%,0.005095690867800048
2022-07-22,16719.45,"16,661.25","16,752.25","16,610.90",190.91M,0.69%,0.006853801957183238
2022-07-25,16631.0,"16,662.55","16,706.05","16,564.25",211.39M,-0.53%,-0.005304288690666916
2022-07-26,16483.85,"16,632.90","16,636.10","16,463.30",208.21M,-0.88%,-0.008887309985909385
2022-07-27,16641.8,"16,475.35","16,653.45","16,438.75",185.21M,0.96%,0.009536488917606722
2022-07-28,16929.6,"16,774.85","16,947.65","16,746.25",376.26M,1.73%,0.01714596654805997
2022-07-29,17158.25,"17,079.50","17,172.80","17,018.15",436.06M,1.35%,0.01341553833962306
2022-08-01,17340.05,"17,243.20","17,356.25","17,154.80",381.53M,1.06%,0.010539747347198897
2022-08-02,17345.45,"17,310.15","17,390.15","17,215.85",333.64M,0.03%,0.0003113693066917206
2022-08-03,17388.15,"17,349.25","17,407.50","17,225.85",285.42M,0.25%,0.002458715567124006
2022-08-04,17382.0,"17,463.10","17,490.70","17,161.25",324.98M,-0.04%,-0.0003537517131295328
2022-08-05,17397.5,"17,423.65","17,474.40","17,348.75",355.31M,0.09%,0.0008913297215996853
2022-08-08,17525.1,"17,401.50","17,548.80","17,359.75",256.99M,0.73%,0.00730762130159987
2022-08-10,17534.75,"17,566.10","17,566.10","17,442.80",312.72M,0.06%,0.0005504872521527912
2022-08-11,17659.0,"17,711.65","17,719.30","17,631.95",311.25M,0.71%,0.007060942140366637
2022-08-12,17698.15,"17,659.65","17,724.65","17,597.85",303.87M,0.22%,0.00221454591221288
2022-08-16,17825.25,"17,797.20","17,839.10","17,764.05",,0.72%,0.007155877104248459
2022-08-17,17944.25,"17,868.15","17,965.95","17,833.35",262.77M,0.67%,0.006653737907021656
2022-08-18,17956.5,"17,898.65","17,968.45","17,852.05",263.91M,0.07%,0.0006824370229270742
2022-08-19,17758.45,"17,966.55","17,992.20","17,710.75",295.63M,-1.10%,-0.011090707396812729
2022-08-22,17490.7,"17,682.90","17,690.05","17,467.35",287.56M,-1.51%,-0.01519214788075593
2022-08-23,17577.5,"17,357.35","17,625.55","17,345.20",285.62M,0.50%,0.004950363991350716
2022-08-24,17604.95,"17,525.45","17,623.65","17,499.25",261.95M,0.16%,0.0015604374095596946
2022-08-25,17522.45,"17,679.00","17,726.50","17,487.45",230.18M,-0.47%,-0.004697196586572179
2022-08-26,17558.9,"17,619.30","17,685.85","17,519.35",266.64M,0.21%,0.0020780279616681788
2022-08-29,17312.9,"17,188.65","17,380.15","17,166.20",244.86M,-1.40%,-0.014109055502046193
2022-08-30,17759.3,"17,414.95","17,777.65","17,401.50",324.69M,2.58%,0.025457433999052224
2022-09-01,17542.8,"17,485.70","17,695.60","17,468.45",308.53M,-1.22%,-0.01226571304940768
2022-09-02,17539.45,"17,598.40","17,643.85","17,476.45",256.27M,-0.02%,-0.0001909797695519074
2022-09-05,17665.8,"17,546.45","17,683.15","17,540.35",230.31M,0.72%,0.007177937523042408
2022-09-06,17655.6,"17,695.70","17,764.65","17,587.65",251.20M,-0.06%,-0.0005775535671594472
2022-09-07,17624.4,"17,519.40","17,650.75","17,484.30",354.14M,-0.18%,-0.0017687079440843621
2022-09-08,17798.75,"17,748.15","17,807.65","17,691.95",279.85M,0.99%,0.009843924547387145
2022-09-09,17833.35,"17,923.35","17,925.95","17,786.00",270.30M,0.19%,0.0019420696997862557
2022-09-12,17936.35,"17,890.85","17,980.55","17,889.15",228.24M,0.58%,0.005759080153498418
2022-09-13,18070.05,"18,044.45","18,088.30","18,015.45",259.92M,0.75%,0.0074264916511124004
2022-09-14,18003.75,"17,771.15","18,091.55","17,771.15",365.87M,-0.37%,-0.0036758020863416896
2022-09-15,17877.4,"18,046.35","18,096.15","17,861.50",289.64M,-0.70%,-0.007042724229622524
2022-09-16,17530.85,"17,796.80","17,820.05","17,497.25",468.46M,-1.94%,-0.01957515923811545
2022-09-19,17622.25,"17,540.65","17,667.20","17,429.70",258.33M,0.52%,0.005200122092461122
2022-09-20,17816.25,"17,770.40","17,919.30","17,744.40",263.10M,1.10%,0.010948654031257964
2022-09-21,17718.35,"17,766.35","17,838.70","17,663.60",245.53M,-0.55%,-0.005510136469804691
2022-09-22,17629.8,"17,609.65","17,722.75","17,532.45",284.09M,-0.50%,-0.005010173671356769
2022-09-23,17327.35,"17,593.85","17,642.15","17,291.65",390.76M,-1.72%,-0.01730447403289598
2022-09-26,17016.3,"17,156.30","17,196.40","16,978.30",492.00M,-1.80%,-0.018114469805080784
2022-09-27,17007.4,"17,110.90","17,176.45","16,942.35",359.90M,-0.05%,-0.0005231647471022982
2022-09-28,16858.6,"16,870.55","17,037.60","16,820.40",323.92M,-0.87%,-0.008787631108325747
2022-09-29,16818.1,"16,993.60","17,026.05","16,788.60",340.03M,-0.24%,-0.002405224949281472
2022-09-30,17094.35,"16,798.05","17,187.10","16,747.70",376.12M,1.64%,0.016292312151434972
2022-10-03,16887.35,"17,102.10","17,114.65","16,855.55",278.37M,-1.21%,-0.012183178617222033
2022-10-04,17274.3,"17,147.45","17,287.30","17,117.30",226.02M,2.29%,0.022655026911186513
2022-10-06,17331.8,"17,379.25","17,428.80","17,315.65",265.45M,0.33%,0.003323116613248181
2022-10-07,17314.65,"17,287.20","17,337.35","17,216.95",216.27M,-0.10%,-0.0009900004993715066
2022-10-10,17241.0,"17,094.35","17,280.15","17,064.70",234.01M,-0.43%,-0.004262695768817714
2022-10-11,16983.55,"17,256.05","17,261.80","16,950.30",282.62M,-1.49%,-0.01504503966897207
2022-10-12,17123.6,"17,025.55","17,142.35","16,960.05",256.04M,0.82%,0.00821240045686677
2022-10-13,17014.35,"17,087.35","17,112.35","16,956.95",266.44M,-0.64%,-0.0064005233452741625
2022-10-14,17185.7,"17,322.30","17,348.55","17,169.75",227.00M,1.01%,0.010020537033444438
2022-10-17,17311.8,"17,144.80","17,328.55","17,098.55",212.22M,0.73%,0.0073107072473373395
2022-10-18,17486.95,"17,438.75","17,527.80","17,434.05",239.49M,1.01%,0.010066538543434379
2022-10-19,17512.25,"17,568.15","17,607.60","17,472.85",210.48M,0.14%,0.0014457475831908754
2022-10-20,17563.95,"17,423.10","17,584.15","17,421.00",249.60M,0.30%,0.002947869919725599
2022-10-21,17576.3,"17,622.85","17,670.15","17,520.75",277.70M,0.07%,0.0007028977032589984
2022-10-24,17730.75,"17,736.35","17,777.55","17,707.40",45.03M,0.88%,0.00874901670915349
2022-10-25,17656.35,"17,808.30","17,811.50","17,637.00",251.36M,-0.42%,-0.004204928328390179
2022-10-27,17736.95,"17,771.40","17,783.90","17,654.50",324.65M,0.46%,0.004554542205983215
2022-10-28,17786.8,"17,756.40","17,838.90","17,723.70",250.03M,0.28%,0.0028065749095631263
2022-10-31,18012.2,"17,910.20","18,022.80","17,899.90",227.18M,1.27%,0.012592696923282446
2022-11-01,18145.4,"18,130.70","18,175.80","18,060.15",349.92M,0.74%,0.0073677789761327165
2022-11-02,18082.85,"18,177.90","18,178.75","18,048.65",270.88M,-0.34%,-0.0034531097777932285
2022-11-03,18052.7,"17,968.35","18,106.30","17,959.20",212.97M,-0.17%,-0.0016687172048770696
2022-11-04,18117.15,"18,053.40","18,135.10","18,017.15",267.94M,0.36%,0.0035637453962944995
2022-11-07,18202.8,"18,211.75","18,255.50","18,064.75",314.76M,0.47%,0.004716424927414722
2022-11-09,18157.0,"18,288.25","18,296.40","18,117.50",307.16M,-0.25%,-0.0025192671149599894
2022-11-10,18028.2,"18,044.35","18,103.10","17,969.40",256.45M,-0.71%,-0.007118962667659443
2022-11-11,18349.7,"18,272.35","18,362.30","18,259.35",378.47M,1.78%,0.017676026972224347
2022-11-14,18329.15,"18,376.40","18,399.45","18,311.40",301.40M,-0.11%,-0.0011205368843472386
2022-11-15,18403.4,"18,362.75","18,427.95","18,282.00",250.93M,0.41%,0.0040427414446846995
2022-11-16,18409.65,"18,398.25","18,442.15","18,344.15",219.27M,0.03%,0.0003395535039911678
2022-11-17,18343.9,"18,358.70","18,417.60","18,312.95",200.51M,-0.36%,-0.0035778894904250048
2022-11-18,18307.65,"18,382.95","18,394.60","18,209.80",198.80M,-0.20%,-0.0019780888841003656
2022-11-21,18159.95,"18,246.40","18,262.30","18,133.35",213.80M,-0.81%,-0.008100385417505962
2022-11-22,18244.2,"18,179.15","18,261.85","18,137.70",177.68M,0.46%,0.004628601432195923
2022-11-23,18267.25,"18,325.20","18,325.40","18,246.00",178.79M,0.13%,0.0012626177849523763
2022-11-24,18484.1,"18,326.10","18,529.70","18,294.25",204.04M,1.19%,0.011801063995242344
2022-11-25,18512.75,"18,528.45","18,534.90","18,445.10",205.88M,0.16%,0.001548780813877488
2022-11-28,18562.75,"18,430.55","18,614.25","18,365.60",206.47M,0.27%,0.0026972005940332764
2022-11-29,18618.05,"18,552.45","18,678.10","18,552.15",195.26M,0.30%,0.0029746557780997683
2022-11-30,18758.35,"18,625.70","18,816.05","18,616.55",345.64M,0.75%,0.0075074463545009
2022-12-01,18812.5,"18,871.95","18,887.60","18,778.20",324.96M,0.29%,0.0028825558908002974
2022-12-02,18696.1,"18,752.40","18,781.95","18,639.20",254.40M,-0.62%,-0.006206596549144281
2022-12-05,18701.05,"18,719.55","18,728.60","18,591.35",288.39M,0.03%,0.00026472605687367874
2022-12-06,18642.75,"18,600.65","18,654.90","18,577.90",217.78M,-0.31%,-0.0031223414523407593
2022-12-07,18560.5,"18,638.85","18,668.30","18,528.40",200.50M,-0.44%,-0.004421663914122268
2022-12-08,18609.35,"18,570.85","18,625.00","18,536.95",202.81M,0.26%,0.002628475935464882
2022-12-09,18496.6,"18,662.40","18,664.70","18,410.10",215.84M,-0.61%,-0.006077211175639539
2022-12-12,18497.15,"18,402.15","18,521.55","18,345.70",193.88M,0.00%,2.9734752494251067e-05
2022-12-13,18608.0,"18,524.40","18,617.25","18,490.20",187.59M,0.60%,0.005974929613628151
2022-12-14,18660.3,"18,671.25","18,696.10","18,632.90",208.03M,0.28%,0.002806676684070734
2022-12-15,18414.9,"18,614.40","18,652.90","18,387.70",183.13M,-1.32%,-0.013238152933783446
2022-12-16,18269.0,"18,319.10","18,440.95","18,255.15",277.65M,-0.79%,-0.007954485172163248
2022-12-19,18420.45,"18,288.10","18,431.65","18,244.55",154.85M,0.83%,0.00825582614174796
2022-12-20,18385.3,"18,340.30","18,404.90","18,202.65",169.04M,-0.19%,-0.0019100282258184755
2022-12-21,18199.1,"18,435.15","18,473.35","18,162.75",187.59M,-1.01%,-0.01017928995978198
2022-12-22,18127.35,"18,288.80","18,318.75","18,068.60",195.70M,-0.39%,-0.003950294801933504
2022-12-23,17806.8,"17,977.65","18,050.45","17,779.50",221.45M,-1.77%,-0.01784144069070276
2022-12-26,18014.6,"17,830.40","18,084.10","17,774.25",176.65M,1.17%,0.011602133416483444
2022-12-27,18132.3,"18,089.80","18,149.25","17,967.45",214.26M,0.65%,0.006512338041518727
2022-12-28,18122.5,"18,084.75","18,173.10","18,068.35",193.87M,-0.05%,-0.0005406180830502604
2022-12-29,18191.0,"18,045.70","18,229.70","17,992.80",281.05M,0.38%,0.0037727060871833766
2022-12-30,18105.3,"18,259.10","18,265.25","18,080.30",192.01M,-0.47%,-0.004722253191470682
2023-01-02,18197.45,"18,131.70","18,215.15","18,086.50",256.07M,0.51%,0.005076761287723933
2023-01-03,18232.55,"18,163.20","18,251.95","18,149.80",208.70M,0.19%,0.0019269838518420508
2023-01-04,18042.95,"18,230.65","18,243.00","18,020.60",235.16M,-1.04%,-0.010453431463642316
2023-01-05,17992.15,"18,101.95","18,120.30","17,892.60",269.95M,-0.28%,-0.00281947510358644
2023-01-06,17859.45,"18,008.05","18,047.40","17,795.55",238.22M,-0.74%,-0.007402771759558915
2023-01-09,18101.2,"17,952.55","18,141.40","17,936.15",257.24M,1.35%,0.013445454515296811
2023-01-10,17914.15,"18,121.30","18,127.60","17,856.00",283.28M,-1.03%,-0.010387331059448432
2023-01-11,17895.7,"17,924.25","17,976.35","17,824.35",259.85M,-0.10%,-0.0010304428324909225
2023-01-12,17858.2,"17,920.85","17,945.80","17,761.65",227.77M,-0.21%,-0.002097674030007273
2023-01-13,17956.6,"17,867.50","17,999.35","17,774.25",256.70M,0.55%,0.005494948881159234
2023-01-16,17894.85,"18,033.15","18,049.65","17,853.65",206.20M,-0.34%,-0.00344477342271146
2023-01-17,18053.3,"17,922.80","18,072.05","17,886.95",219.06M,0.89%,0.008815531599927283
2023-01-18,18165.35,"18,074.30","18,183.75","18,032.45",255.84M,0.62%,0.006187439757166874
2023-01-19,18107.85,"18,119.80","18,155.20","18,063.75",237.83M,-0.32%,-0.00317038740242059
2023-01-20,18027.65,"18,115.60","18,145.45","18,016.20",237.23M,-0.44%,-0.004438855512424057
2023-01-23,18118.55,"18,118.45","18,162.60","18,063.45",202.46M,0.50%,0.005029584942406578
2023-01-24,18118.3,"18,183.95","18,201.25","18,078.65",216.91M,0.00%,-1.3798108831454769e-05
2023-01-25,17891.95,"18,093.35","18,100.60","17,846.15",257.23M,-1.25%,-0.012571586207360697
2023-01-27,17604.35,"17,877.20","17,884.75","17,493.55",476.34M,-1.61%,-0.016204860425410094
2023-01-30,17648.95,"17,541.95","17,709.15","17,405.55",432.43M,0.25%,0.0025302609284759267
2023-01-31,17662.15,"17,731.45","17,735.70","17,537.55",398.34M,0.07%,0.0007476402952535127
2023-02-01,17616.3,"17,811.60","17,972.20","17,353.40",512.87M,-0.26%,-0.0025993220119003902
2023-02-02,17610.4,"17,517.10","17,653.90","17,445.95",490.11M,-0.03%,-0.00033497319108321866
2023-02-03,17854.05,"17,721.75","17,870.30","17,584.20",424.12M,1.38%,0.013740736629151006
2023-02-06,17764.6,"17,818.55","17,823.70","17,698.35",282.54M,-0.50%,-0.005022660210145283
2023-02-07,17721.5,"17,790.10","17,811.15","17,652.55",354.40M,-0.24%,-0.00242912132880731
2023-02-08,17871.7,"17,750.30","17,898.70","17,744.15",290.99M,0.85%,0.008439864444755188
2023-02-09,17893.45,"17,885.50","17,916.90","17,779.80",260.85M,0.12%,0.0012162679413476782
2023-02-10,17856.5,"17,847.55","17,876.95","17,801.00",231.99M,-0.21%,-0.0020671364943135387
2023-02-13,17770.9,"17,859.10","17,880.70","17,719.75",231.28M,-0.48%,-0.004805299556804492
2023-02-14,17929.85,"17,840.35","17,954.55","17,800.05",244.51M,0.89%,0.008904633672618059
2023-02-15,18015.85,"17,896.60","18,034.10","17,853.80",229.27M,0.48%,0.004785004275328774
2023-02-16,18035.85,"18,094.75","18,134.75","18,000.65",230.25M,0.11%,0.0011095178342057001
2023-02-17,17944.2,"17,974.85","18,034.25","17,884.60",208.05M,-0.51%,-0.0050945008816343056
2023-02-20,17844.6,"17,965.55","18,004.35","17,818.40",174.56M,-0.56%,-0.005566001494152447
2023-02-21,17826.7,"17,905.80","17,924.90","17,800.30",198.25M,-0.10%,-0.0010036080267580851
2023-02-22,17554.3,"17,755.35","17,772.50","17,529.45",204.02M,-1.53%,-0.01539839927597453
2023-02-23,17511.25,"17,574.65","17,620.05","17,455.40",240.81M,-0.25%,-0.0024554026176142147
2023-02-24,17465.8,"17,591.35","17,599.75","17,421.80",209.41M,-0.26%,-0.0025988484209401182
2023-02-27,17392.7,"17,428.60","17,451.60","17,299.00",246.45M,-0.42%,-0.0041941051482731325
2023-02-28,17303.95,"17,383.25","17,440.45","17,255.20",420.88M,-0.51%,-0.0051157788177069495
2023-03-01,17450.9,"17,360.10","17,467.75","17,345.25",272.88M,0.85%,0.008456424108409272
2023-03-02,17321.9,"17,421.50","17,445.80","17,306.00",310.67M,-0.74%,-0.007419626362913088
2023-03-03,17594.35,"17,451.25","17,644.75","17,427.70",356.17M,1.57%,0.015606230891244488
2023-03-06,17711.45,"17,680.35","17,799.95","17,671.95",362.80M,0.67%,0.006633495312281151
2023-03-08,17754.4,"17,665.75","17,766.50","17,602.25",267.04M,0.24%,0.0024220494360940436
2023-03-09,17589.6,"17,772.05","17,772.35","17,573.60",262.35M,-0.93%,-0.00932555422876939
2023-03-10,17412.9,"17,443.80","17,451.50","17,324.35",235.93M,-1.00%,-0.010096507452669731
2023-03-13,17154.3,"17,421.90","17,529.90","17,113.45",254.91M,-1.49%,-0.014962439797248966
2023-03-14,17043.3,"17,160.55","17,224.65","16,987.10",290.60M,-0.65%,-0.006491706424752578
2023-03-15,16972.15,"17,166.45","17,211.35","16,938.90",248.19M,-0.42%,-0.004183399235659102
2023-03-16,16985.6,"16,994.65","17,062.45","16,850.15",349.82M,0.08%,0.000792160888359323
2023-03-17,17100.05,"17,111.80","17,145.80","16,958.15",408.12M,0.67%,0.006715461205305623
2023-03-20,16988.4,"17,066.60","17,066.60","16,828.35",241.78M,-0.65%,-0.006550629274632628
2023-03-21,17107.5,"17,060.40","17,127.70","17,016.00",246.74M,0.70%,0.0069862056382009536
2023-03-22,17151.9,"17,177.45","17,207.25","17,107.85",,0.26%,0.0025919908029994904
2023-03-23,17076.9,"17,097.40","17,205.40","17,045.30",219.17M,-0.44%,-0.004382281589036814
2023-03-24,16945.05,"17,076.20","17,109.45","16,917.35",228.04M,-0.77%,-0.007750917280890061
2023-03-27,16985.7,"16,984.30","17,091.00","16,918.55",218.42M,0.24%,0.0023960578205877384
2023-03-28,16951.7,"17,031.75","17,061.75","16,913.75",238.84M,-0.20%,-0.0020036898156717883
2023-03-29,17080.7,"16,977.30","17,126.15","16,940.60",345.91M,0.76%,0.007581047344671876
2023-03-31,17359.75,"17,210.35","17,381.60","17,204.65",263.89M,1.63%,0.016205137079674727
2023-04-03,17398.05,"17,427.95","17,428.05","17,312.75",230.17M,0.22%,0.0022038227679195624
2023-04-05,17557.05,"17,422.30","17,570.55","17,402.70",248.35M,0.91%,0.009097447675193594
2023-04-06,17599.15,"17,533.85","17,638.70","17,502.85",242.71M,0.24%,0.002395026773333662
2023-04-10,17624.05,"17,634.90","17,694.10","17,597.95",254.82M,0.14%,0.0014138411131193697
2023-04-11,17722.3,"17,704.80","17,748.75","17,655.15",304.26M,0.56%,0.0055592870573658824
2023-04-12,17812.4,"17,759.55","17,825.75","17,717.25",232.82M,0.51%,0.005071110384239979
2023-04-13,17828.0,"17,807.30","17,842.15","17,729.65",285.76M,0.09%,0.0008754111062864357
2023-04-17,17706.85,"17,863.00","17,863.00","17,574.05",357.40M,-0.68%,-0.0068186847221795
2023-04-18,17660.15,"17,766.60","17,766.60","17,610.20",258.86M,-0.26%,-0.002640881451153317
2023-04-19,17618.75,"17,653.35","17,666.15","17,579.85",281.46M,-0.23%,-0.0023470130306909674
2023-04-20,17624.45,"17,638.60","17,684.45","17,584.35",215.10M,0.03%,0.00032346665738081727
2023-04-21,17624.05,"17,639.75","17,663.20","17,553.95",230.16M,0.00%,-2.269600124935328e-05
2023-04-24,17743.4,"17,707.55","17,754.50","17,612.50",255.74M,0.68%,0.006749169252810326
2023-04-25,17769.25,"17,761.55","17,807.45","17,716.85",297.45M,0.15%,0.0014558195215261978
2023-04-26,17813.6,"17,767.30","17,827.75","17,711.20",233.01M,0.25%,0.0024927751973571103
2023-04-27,17915.05,"17,813.10","17,931.60","17,797.90",241.43M,0.57%,0.005678931202210298
2023-04-28,18065.0,"17,950.40","18,089.15","17,885.30",290.26M,0.84%,0.008335222889282883
2023-05-02,18147.65,"18,124.80","18,180.25","18,101.75",265.22M,0.46%,0.004564711144417706
2023-05-03,18089.85,"18,113.80","18,116.35","18,042.40",226.17M,-0.32%,-0.003190068245158949
2023-05-04,18255.8,"18,081.00","18,267.45","18,066.70",226.64M,0.92%,0.009131830258481237
2023-05-05,18069.0,"18,117.30","18,216.95","18,055.45",239.70M,-1.02%,-0.010285075027649962
2023-05-08,18264.4,"18,120.60","18,286.95","18,100.30",228.40M,1.08%,0.01075604726542361
2023-05-09,18265.95,"18,303.40","18,344.20","18,229.65",245.37M,0.01%,8.486094444379597e-05
2023-05-10,18315.1,"18,313.60","18,326.75","18,211.95",220.45M,0.27%,0.0026871852817707963
2023-05-11,18297.0,"18,357.80","18,389.70","18,270.40",248.93M,-0.10%,-0.000988744238902929
2023-05-12,18314.8,"18,273.75","18,342.75","18,194.55",241.70M,0.10%,0.0009723641778049823
2023-05-15,18398.85,"18,339.30","18,458.90","18,287.90",216.09M,0.46%,0.004578686501499633
2023-05-16,18286.5,"18,432.35","18,432.35","18,264.35",219.49M,-0.61%,-0.006125079970559869
2023-05-17,18181.75,"18,300.45","18,309.00","18,115.35",229.90M,-0.57%,-0.005744738948538704
2023-05-18,18129.95,"18,287.50","18,297.20","18,104.85",272.10M,-0.28%,-0.0028530768395788
2023-05-19,18203.4,"18,186.15","18,218.10","18,060.40",260.90M,0.41%,0.004043122919096419
2023-05-22,18314.4,"18,201.10","18,335.25","18,178.85",262.56M,0.61%,0.006079245839243774
2023-05-23,18348.0,"18,362.90","18,419.75","18,324.20",270.35M,0.18%,0.0018329410735294929
2023-05-24,18285.4,"18,294.80","18,392.60","18,262.95",232.62M,-0.34%,-0.0034176495183284154
2023-05-25,18321.15,"18,268.90","18,338.10","18,202.40",235.92M,0.20%,0.001953202985013659
2023-05-26,18499.35,"18,368.35","18,508.55","18,333.15",198.67M,0.97%,0.009679466130279842
2023-05-29,18598.65,"18,619.15","18,641.20","18,581.25",265.32M,0.54%,0.00535340110800121
2023-05-30,18633.85,"18,606.65","18,662.45","18,575.50",234.39M,0.19%,0.0018908217545032591
2023-05-31,18534.4,"18,594.20","18,603.90","18,483.85",696.50M,-0.53%,-0.005351354305298902
2023-06-01,18487.75,"18,579.40","18,580.30","18,464.55",265.63M,-0.25%,-0.002520114293168742
2023-06-02,18534.1,"18,550.85","18,573.70","18,478.40",270.92M,0.25%,0.0025039280433874476
2023-06-05,18593.85,"18,612.00","18,640.15","18,582.80",256.11M,0.32%,0.003218602243386475
2023-06-06,18599.0,"18,600.80","18,622.75","18,531.60",220.79M,0.03%,0.0002769349502884268
2023-06-07,18726.4,"18,665.60","18,738.95","18,636.00",260.11M,0.68%,0.006826477130569099
2023-06-08,18634.55,"18,725.35","18,777.90","18,615.60",286.47M,-0.49%,-0.004916908432305566
2023-06-09,18563.4,"18,655.90","18,676.65","18,555.40",221.76M,-0.38%,-0.003825484295202245
2023-06-12,18601.5,"18,595.05","18,633.60","18,559.75",179.46M,0.21%,0.0020503223927487504
2023-06-13,18716.15,"18,631.80","18,728.90","18,631.80",233.17M,0.62%,0.006144564876073942
2023-06-14,18755.9,"18,744.60","18,769.70","18,690.00",261.35M,0.21%,0.0021215820810404676
2023-06-15,18688.1,"18,774.45","18,794.10","18,669.05",263.00M,-0.36%,-0.0036214119270170913
2023-06-16,18826.0,"18,723.30","18,864.70","18,710.50",272.77M,0.74%,0.007351935466131494
2023-06-19,18755.45,"18,873.30","18,881.45","18,719.15",219.82M,-0.37%,-0.0037545162773133895
2023-06-20,18816.7,"18,752.35","18,839.70","18,660.65",211.65M,0.33%,0.0032603965574623172
2023-06-21,18856.85,"18,849.40","18,875.90","18,794.85",217.48M,0.21%,0.0021314697022533084
2023-06-22,18771.25,"18,853.60","18,886.60","18,759.50",252.70M,-0.45%,-0.0045497990950773125
2023-06-23,18665.5,"18,741.85","18,756.40","18,647.10",210.56M,-0.56%,-0.005649543898520234
2023-06-26,18691.2,"18,682.35","18,722.05","18,646.70",171.27M,0.14%,0.0013759247500199831
2023-06-27,18817.4,"18,748.55","18,829.25","18,714.25",222.46M,0.68%,0.006729148846371014
2023-06-28,18972.1,"18,908.15","19,011.25","18,861.35",398.78M,0.82%,0.008187505216794124
2023-06-30,19189.05,"19,076.85","19,201.70","19,024.60",247.91M,1.14%,0.011370324916684512
2023-07-03,19322.55,"19,246.50","19,345.10","19,234.40",226.05M,0.70%,0.006933003808714836
2023-07-04,19389.0,"19,406.60","19,434.15","19,300.00",226.92M,0.34%,0.0034330872964505156
2023-07-05,19398.5,"19,405.95","19,421.60","19,339.60",224.42M,0.05%,0.0004898485434720244
2023-07-06,19497.3,"19,385.70","19,512.20","19,373.00",268.26M,0.51%,0.005080250952215662
2023-07-07,19331.8,"19,422.80","19,523.60","19,303.60",237.10M,-0.85%,-0.008524586056305487
2023-07-10,19355.9,"19,400.35","19,435.85","19,327.10",268.25M,0.12%,0.0012458741727910268
2023-07-11,19439.4,"19,427.10","19,515.10","19,406.45",251.26M,0.43%,0.004304651797411916
2023-07-12,19384.3,"19,497.45","19,507.70","19,361.75",327.94M,-0.28%,-0.0028384742821917232
2023-07-13,19413.75,"19,495.20","19,567.00","19,385.80",310.44M,0.15%,0.0015181178258223326
2023-07-14,19564.5,"19,493.45","19,595.35","19,433.50",291.17M,0.78%,0.007735121594226721
2023-07-17,19711.45,"19,612.15","19,731.85","19,562.95",268.71M,0.75%,0.007482985679822449
2023-07-18,19749.25,"19,787.50","19,819.45","19,690.20",286.35M,0.19%,0.001915830766397027
2023-07-19,19833.15,"19,802.95","19,851.70","19,727.45",259.66M,0.42%,0.004239264200742216
2023-07-20,19979.15,"19,831.70","19,991.85","19,758.40",274.70M,0.74%,0.007334449629633137
2023-07-21,19745.0,"19,800.45","19,887.40","19,700.00",312.46M,-1.17%,-0.011788935034292592
2023-07-24,19672.35,"19,748.45","19,782.75","19,658.30",265.56M,-0.37%,-0.003686198197714694
2023-07-25,19680.6,"19,729.35","19,729.35","19,615.95",369.65M,0.04%,0.00041928242334364116
2023-07-26,19778.3,"19,733.35","19,825.60","19,716.70",244.75M,0.50%,0.004951998137413459
2023-07-27,19659.9,"19,850.90","19,867.55","19,603.55",334.89M,-0.60%,-0.006004348865560584
2023-07-28,19646.05,"19,659.75","19,695.90","19,563.10",258.67M,-0.07%,-0.0007047279393175503
2023-07-31,19753.8,"19,666.35","19,772.75","19,597.60",295.05M,0.55%,0.005469577606164628
2023-08-01,19733.55,"19,784.00","19,795.60","19,704.60",298.05M,-0.10%,-0.0010256450116385468
2023-08-02,19526.55,"19,655.40","19,678.25","19,423.55",290.67M,-1.05%,-0.010545154913078857
2023-08-03,19381.65,"19,463.75","19,537.65","19,296.45",315.69M,-0.74%,-0.007448335820864754
2023-08-04,19517.0,"19,462.80","19,538.85","19,436.45",280.80M,0.70%,0.006959138491705194
2023-08-07,19597.3,"19,576.85","19,620.45","19,524.80",216.59M,0.41%,0.004105920996260323
2023-08-08,19570.85,"19,627.20","19,634.40","19,533.10",260.29M,-0.13%,-0.0013505873532751007
2023-08-09,19632.55,"19,578.80","19,645.50","19,467.50",266.50M,0.32%,0.0031476887690017655
2023-08-10,19543.1,"19,605.55","19,623.60","19,495.40",312.19M,-0.46%,-0.004566620104543575
2023-08-11,19428.3,"19,554.25","19,557.75","19,412.75",235.52M,-0.59%,-0.005891516961594456
2023-08-14,19434.55,"19,383.95","19,465.85","19,257.90",243.85M,0.03%,0.00032164393779061565
2023-08-16,19465.0,"19,369.00","19,482.75","19,317.20",226.63M,0.16%,0.0015655711297147335
2023-08-17,19365.25,"19,450.55","19,461.55","19,326.25",268.66M,-0.51%,-0.005137758290060533
2023-08-18,19310.15,"19,301.75","19,373.80","19,253.60",256.14M,-0.28%,-0.0028493583662490217
2023-08-21,19393.6,"19,320.65","19,425.95","19,296.30",262.59M,0.43%,0.004312250328000912
2023-08-22,19396.45,"19,417.10","19,443.50","19,381.30",208.70M,0.01%,0.00014694489979421606
2023-08-23,19444.0,"19,439.20","19,472.05","19,366.60",225.22M,0.25%,0.002448479549304461
2023-08-24,19386.7,"19,535.15","19,584.45","19,369.00",268.26M,-0.29%,-0.0029512752327599183
2023-08-25,19265.8,"19,297.40","19,339.55","19,229.70",466.52M,-0.62%,-0.0062557606509410085
2023-08-28,19306.05,"19,298.35","19,366.85","19,249.70",248.18M,0.21%,0.0020870149919961396
2023-08-29,19342.65,"19,374.85","19,377.90","19,309.10",307.39M,0.19%,0.0018939840636754115
2023-08-30,19347.45,"19,433.45","19,452.80","19,334.75",233.00M,0.02%,0.0002481254907391843
2023-08-31,19253.8,"19,375.55","19,388.20","19,223.65",562.56M,-0.48%,-0.004852183996052265
2023-09-01,19435.3,"19,258.15","19,458.55","19,255.70",333.02M,0.94%,0.009382556404132514
2023-09-04,19528.8,"19,525.05","19,545.15","19,432.85",296.82M,0.48%,0.004799298814420837
2023-09-05,19574.9,"19,564.65","19,587.05","19,525.75",256.83M,0.24%,0.002357834238565403
2023-09-06,19611.05,"19,581.20","19,636.45","19,491.50",287.56M,0.18%,0.0018450495779825536
2023-09-07,19727.05,"19,598.65","19,737.00","19,550.05",304.93M,0.59%,0.005897607470804029
2023-09-08,19819.95,"19,774.80","19,867.15","19,727.05",288.09M,0.47%,0.004698215838548732
2023-09-11,19996.35,"19,890.00","20,008.15","19,865.35",248.76M,0.89%,0.008860750704518585
2023-09-12,19993.2,"20,110.15","20,110.35","19,914.65",328.06M,-0.02%,-0.00015754115795312492
2023-09-13,20070.0,"19,989.50","20,096.90","19,944.10",251.39M,0.38%,0.003833947067360447
2023-09-14,20103.1,"20,127.95","20,167.65","20,043.45",275.11M,0.16%,0.0016478692204573958
2023-09-15,20192.35,"20,156.45","20,222.45","20,129.70",438.19M,0.44%,0.0044297877773378114
2023-09-18,20133.3,"20,155.95","20,195.35","20,115.70",264.87M,-0.29%,-0.002928659163891997
2023-09-20,19901.4,"19,980.75","20,050.65","19,878.85",378.07M,-1.15%,-0.0115850796274781
2023-09-21,19742.35,"19,840.55","19,848.75","19,709.95",275.13M,-0.80%,-0.008024006475894206
2023-09-22,19674.25,"19,744.85","19,798.65","19,657.50",246.41M,-0.34%,-0.00345540040278986
2023-09-25,19674.55,"19,678.20","19,734.15","19,601.55",188.40M,0.00%,1.524824136976305e-05
2023-09-26,19664.7,"19,682.80","19,699.35","19,637.45",204.87M,-0.05%,-0.000500772140080995
2023-09-27,19716.45,"19,637.05","19,730.70","19,554.00",203.56M,0.26%,0.0026281624476409476
2023-09-28,19523.55,"19,761.80","19,766.65","19,492.10",352.81M,-0.98%,-0.00983188348126239
2023-09-29,19638.3,"19,581.20","19,726.25","19,551.05",243.51M,0.59%,0.005860311931494425
2023-10-03,19528.75,"19,622.40","19,623.20","19,479.65",221.72M,-0.56%,-0.005594002391173672
2023-10-04,19436.1,"19,446.30","19,457.80","19,333.60",277.15M,-0.47%,-0.004755577121972701
2023-10-05,19545.75,"19,521.85","19,576.95","19,487.30",234.87M,0.56%,0.005625709872108961
2023-10-06,19653.5,"19,621.20","19,675.75","19,589.40",159.05M,0.55%,0.005497568008546022
2023-10-09,19512.35,"19,539.45","19,588.95","19,480.50",165.09M,-0.72%,-0.007207841070540643
2023-10-10,19689.85,"19,565.60","19,717.80","19,565.45",216.56M,0.91%,0.00905567610965498
2023-10-11,19811.35,"19,767.00","19,839.20","19,756.95",213.73M,0.62%,0.006151731247061281
2023-10-12,19794.0,"19,822.70","19,843.30","19,772.65",217.90M,-0.09%,-0.0008761443143344063
2023-10-13,19751.05,"19,654.55","19,805.40","19,635.30",254.96M,-0.22%,-0.0021722069835914395
2023-10-16,19731.75,"19,737.25","19,781.30","19,691.85",180.96M,-0.10%,-0.0009776409746631235
2023-10-17,19811.5,"19,843.20","19,849.75","19,775.65",185.85M,0.40%,0.004033563661320618
2023-10-18,19671.1,"19,820.45","19,840.95","19,659.95",198.94M,-0.71%,-0.007112023615253143
2023-10-19,19624.7,"19,545.20","19,681.80","19,512.35",230.31M,-0.24%,-0.0023615766348855094
2023-10-20,19542.65,"19,542.15","19,593.80","19,518.70",198.34M,-0.42%,-0.004189720265668789
2023-10-23,19281.75,"19,521.60","19,556.85","19,257.85",176.04M,-1.34%,-0.01344020396363619
2023-10-25,19122.15,"19,286.45","19,347.30","19,074.15",225.29M,-0.83%,-0.008311703697890308
2023-10-26,18857.25,"19,027.25","19,041.70","18,837.85",300.36M,-1.39%,-0.013949893667133624
2023-10-27,19047.25,"18,928.75","19,076.15","18,926.65",205.20M,1.01%,0.010025278863763394
2023-10-30,19140.9,"19,053.40","19,158.50","18,940.00",180.13M,0.49%,0.004904672666023684
2023-10-31,19079.6,"19,232.95","19,233.70","19,056.45",206.05M,-0.32%,-0.003207705423086861
2023-11-01,18989.15,"19,064.05","19,096.05","18,973.70",194.10M,-0.47%,-0.0047519380175908114
2023-11-02,19133.25,"19,120.00","19,175.25","19,064.15",245.60M,0.76%,0.00755989582502197
2023-11-03,19230.6,"19,241.00","19,276.25","19,210.90",189.52M,0.51%,0.005075101114760032
2023-11-06,19411.75,"19,345.85","19,423.00","19,309.70",180.69M,0.94%,0.009375792466276
2023-11-07,19406.7,"19,404.05","19,423.50","19,329.10",198.66M,-0.03%,-0.0002601855575629086
2023-11-08,19443.5,"19,449.60","19,464.40","19,401.50",194.97M,0.19%,0.0018944567083908723
2023-11-09,19395.3,"19,457.40","19,463.90","19,378.35",208.42M,-0.25%,-0.0024820553026905696
2023-11-10,19425.35,"19,351.85","19,451.30","19,329.45",152.22M,0.15%,0.001548145433003843
2023-11-12,19525.55,"19,547.25","19,547.25","19,510.25",37.31M,0.52%,0.0051449502336882525
2023-11-13,19443.55,"19,486.75","19,494.40","19,414.75",189.28M,-0.42%,-0.004208468813832688
2023-11-15,19675.45,"19,651.40","19,693.20","19,579.65",291.46M,1.19%,0.01185627017720115
2023-11-16,19765.2,"19,674.70","19,875.25","19,627.00",282.69M,0.46%,0.00455114988803013
2023-11-17,19731.8,"19,674.75","19,806.00","19,667.45",236.83M,-0.17%,-0.0016912680943572324
2023-11-20,19694.0,"19,731.15","19,756.45","19,670.50",173.78M,-0.19%,-0.0019175266745258626
2023-11-21,19783.4,"19,770.90","19,829.10","19,754.05",194.97M,0.45%,0.0045291813962118265
2023-11-22,19811.85,"19,784.00","19,825.55","19,703.85",184.50M,0.14%,0.00143704130651907
2023-11-23,19802.0,"19,828.45","19,875.15","19,786.75",170.02M,-0.05%,-0.0004973008280183108
2023-11-24,19794.7,"19,809.60","19,832.85","19,768.85",145.90M,-0.04%,-0.00036871759933041186
2023-11-28,19889.7,"19,844.65","19,916.85","19,800.00",229.60M,0.48%,0.004787784694880058
2023-11-29,20096.6,"19,976.55","20,104.65","19,956.30",236.24M,1.04%,0.010348636732111694
2023-11-30,20133.15,"20,108.50","20,158.70","20,015.85",486.59M,0.18%,0.0018170637429511605
2023-12-01,20267.9,"20,194.10","20,291.55","20,183.70",265.81M,0.67%,0.006670643444628036
2023-12-04,20686.8,"20,601.95","20,702.65","20,507.75",381.11M,2.07%,0.020457461991232925
2023-12-05,20855.1,"20,808.90","20,864.05","20,711.15",421.01M,0.81%,0.00810270694380261
2023-12-06,20937.7,"20,950.75","20,961.95","20,852.15",359.21M,0.40%,0.003952839127870011
2023-12-07,20901.15,"20,932.40","20,941.25","20,850.80",274.99M,-0.17%,-0.0017471803980189876
2023-12-08,20969.4,"20,934.10","21,006.10","20,862.70",292.44M,0.33%,0.0032600508207486305
2023-12-11,20997.1,"20,965.30","21,026.10","20,923.70",212.92M,0.13%,0.0013201007481038823
2023-12-12,20906.4,"21,018.55","21,037.90","20,867.15",244.87M,-0.43%,-0.004329000758647416
2023-12-13,20926.35,"20,929.75","20,950.00","20,769.50",260.27M,0.10%,0.0009537982328403815
2023-12-14,21182.7,"21,110.40","21,210.90","21,074.45",334.41M,1.23%,0.012175680378580502
2023-12-15,21456.65,"21,287.45","21,492.30","21,235.30",508.76M,1.29%,0.01284980983467759
2023-12-18,21418.65,"21,434.80","21,482.80","21,365.35",249.67M,-0.18%,-0.0017725828134065394
2023-12-19,21453.1,"21,477.65","21,505.05","21,337.75",249.75M,0.16%,0.0016071192528823127
2023-12-20,21150.15,"21,543.50","21,593.00","21,087.35",363.89M,-1.41%,-0.014222159410509942
2023-12-21,21255.05,"21,033.95","21,288.35","20,976.80",277.55M,0.50%,0.00494751652994106
2023-12-22,21349.4,"21,295.85","21,390.50","21,232.45",284.71M,0.44%,0.004429122039579133
2023-12-26,21441.35,"21,365.20","21,477.15","21,329.45",219.47M,0.43%,0.0042976644029708395
2023-12-27,21654.75,"21,497.65","21,675.75","21,495.80",256.54M,1.00%,0.009903529283836263
2023-12-28,21778.7,"21,715.00","21,801.45","21,678.00",393.08M,0.57%,0.005707598014420873
2023-12-29,21731.4,"21,737.65","21,770.30","21,676.90",270.92M,-0.22%,-0.0021742086840976452
2024-01-01,21741.9,"21,727.75","21,834.35","21,680.85",154.00M,0.05%,0.0004830551259819097
2024-01-02,21665.8,"21,751.35","21,755.60","21,555.65",263.71M,-0.35%,-0.003506293950845306
2024-01-03,21517.35,"21,661.10","21,677.00","21,500.35",311.93M,-0.69%,-0.0068753939803709255
2024-01-04,21658.6,"21,605.80","21,685.65","21,564.55",339.17M,0.66%,0.006543017764368559
2024-01-05,21710.8,"21,705.75","21,749.60","21,629.20",309.30M,0.24%,0.0024072283779417876
2024-01-08,21513.0,"21,747.60","21,763.95","21,492.90",231.45M,-0.91%,-0.00915242902089806
2024-01-09,21544.85,"21,653.60","21,724.45","21,517.85",228.57M,0.15%,0.0014794053028200293
2024-01-10,21618.7,"21,529.30","21,641.85","21,448.65",216.99M,0.34%,0.003421872022129979
2024-01-11,21647.2,"21,688.00","21,726.50","21,593.75",212.45M,0.13%,0.0013174349370812008
2024-01-12,21894.55,"21,773.55","21,928.25","21,715.15",294.68M,1.14%,0.01136163157398599
2024-01-15,22097.45,"22,053.15","22,115.55","21,963.55",345.54M,0.93%,0.009224469846440882
2024-01-16,22032.3,"22,080.50","22,124.15","21,969.80",292.43M,-0.29%,-0.002952658799676969
2024-01-17,21571.95,"21,647.25","21,851.50","21,550.45",456.00M,-2.09%,-0.02111569879842982
2024-01-18,21462.25,"21,414.20","21,539.40","21,285.55",387.34M,-0.51%,-0.005098281720792006
2024-01-19,21622.4,"21,615.20","21,670.60","21,575.00",343.06M,0.75%,0.007434236443611493
2024-01-20,21571.8,"21,706.15","21,720.30","21,541.80",,-0.23%,-0.0023429082212985306
2024-01-23,21238.8,"21,716.70","21,750.25","21,192.60",449.72M,-1.54%,-0.015557208551848641
2024-01-24,21453.95,"21,185.25","21,482.35","21,137.20",407.46M,1.01%,0.010079080002224091
2024-01-25,21352.6,"21,454.60","21,459.00","21,247.05",418.14M,-0.47%,-0.004735265485242329
2024-01-29,21737.6,"21,433.10","21,763.25","21,429.60",376.70M,1.80%,0.017869967895292525
2024-01-30,21522.1,"21,775.75","21,813.05","21,501.80",375.14M,-0.99%,-0.009963165839113332
2024-01-31,21725.7,"21,487.25","21,741.35","21,448.85",410.58M,0.95%,0.009415577400253396
2024-02-01,21697.45,"21,780.65","21,832.95","21,658.75",332.54M,-0.13%,-0.0013011494553287434
2024-02-02,21853.8,"21,812.75","22,126.80","21,805.55",442.79M,0.72%,0.00718007734330033
2024-02-05,21771.7,"21,921.05","21,964.30","21,726.95",440.85M,-0.38%,-0.0037638581528382955
2024-02-06,21929.4,"21,825.20","21,951.40","21,737.55",370.97M,0.72%,0.007217240963270505
2024-02-07,21930.5,"22,045.05","22,053.30","21,860.15",346.26M,0.01%,5.015971309687693e-05
2024-02-08,21717.95,"22,009.65","22,011.05","21,665.30",491.07M,-0.97%,-0.009739254433202903
2024-02-09,21782.5,"21,727.00","21,804.45","21,629.90",349.22M,0.30%,0.002967787569021457
2024-02-12,21616.05,"21,800.80","21,831.70","21,574.75",287.44M,-0.76%,-0.007670800806730669
2024-02-13,21743.25,"21,664.30","21,766.80","21,543.35",365.79M,0.59%,0.005867270223610988
2024-02-14,21840.05,"21,578.15","21,870.85","21,530.20",359.12M,0.45%,0.004442075711187993
2024-02-15,21910.75,"21,906.55","21,953.85","21,794.80",345.39M,0.32%,0.003231943714910831
2024-02-16,22040.7,"22,020.30","22,068.65","21,968.95",343.89M,0.59%,0.005913360249649653
2024-02-19,22122.25,"22,103.45","22,186.65","22,021.05",,0.37%,0.0036931451676362253
2024-02-20,22196.95,"22,099.20","22,215.60","22,045.85",295.71M,0.34%,0.0033710026687649355
2024-02-21,22055.05,"22,248.85","22,249.40","21,997.95",364.55M,-0.64%,-0.006413291438377891
2024-02-22,22217.45,"22,081.55","22,252.50","21,875.25",343.50M,0.74%,0.007336415535777436
2024-02-23,22212.7,"22,290.00","22,297.50","22,186.10",225.98M,-0.02%,-0.00021381877027633613
2024-02-26,22122.05,"22,169.20","22,202.15","22,075.15",207.78M,-0.41%,-0.004089348708477196
2024-02-27,22198.35,"22,090.20","22,218.25","22,085.65",252.20M,0.34%,0.0034431131207391997
2024-02-28,21951.15,"22,214.10","22,229.15","21,915.85",202.95M,-1.11%,-0.011198431843397458
2024-02-29,21982.8,"21,935.20","22,060.55","21,860.65",360.17M,0.14%,0.0014407994489542065
2024-03-01,22338.75,"22,048.30","22,353.30","22,047.75",351.50M,1.62%,0.016062509231593233
2024-03-02,22378.4,"22,406.95","22,419.55","22,367.05",35.76M,0.18%,0.0017733692952736234
2024-03-04,22405.6,"22,403.50","22,440.90","22,358.30",298.79M,0.12%,0.0012147196920581206
2024-03-05,22356.3,"22,371.25","22,416.90","22,269.15",296.15M,-0.22%,-0.002202767082468908
2024-03-06,22474.05,"22,327.50","22,497.20","22,224.35",312.26M,0.53%,0.005253149742597478
2024-03-07,22493.55,"22,505.30","22,525.65","22,430.00",379.87M,0.09%,0.0008672911706346735
2024-03-11,22332.65,"22,517.50","22,526.60","22,307.25",277.90M,-0.72%,-0.00717886820713181
2024-03-12,22335.7,"22,334.45","22,452.55","22,256.00",299.20M,0.01%,0.00013656201783766265
2024-03-13,21997.7,"22,432.20","22,446.75","21,905.65",493.34M,-1.51%,-0.01524839281915699
2024-03-14,22146.65,"21,982.55","22,204.60","21,917.50",426.74M,0.68%,0.006748341079488168
2024-03-15,22023.35,"22,064.85","22,120.90","21,931.70",661.46M,-0.56%,-0.005582989371484147
2024-03-18,22055.7,"21,990.10","22,123.70","21,916.55",356.32M,0.15%,0.0014678177414507178
2024-03-19,21817.45,"21,946.45","21,978.30","21,793.10",344.16M,-1.08%,-0.010860963573548457
2024-03-20,21839.1,"21,843.90","21,930.90","21,710.20",312.41M,0.10%,0.0009918329219701341
2024-03-21,22011.95,"21,989.90","22,080.95","21,941.30",353.17M,0.79%,0.007883546470263552
2024-03-22,22096.75,"21,932.20","22,180.70","21,883.30",388.66M,0.39%,0.0038450511793153485
2024-03-26,22004.7,"21,947.90","22,073.20","21,947.55",328.40M,-0.42%,-0.004174471981014722
2024-03-27,22123.65,"22,053.95","22,193.60","22,052.85",409.14M,0.54%,0.005391105178276993
2024-03-28,22326.9,"22,163.60","22,516.00","22,163.60",410.53M,0.92%,0.009145057440967922
2024-04-01,22462.0,"22,455.00","22,529.95","22,427.75",243.64M,0.61%,0.006032763016645629
2024-04-02,22453.3,"22,458.80","22,497.60","22,388.15",289.52M,-0.04%,-0.0003873958365548433
2024-04-03,22434.65,"22,385.70","22,521.10","22,346.50",309.65M,-0.08%,-0.0008309580220587544
2024-04-04,22514.65,"22,592.10","22,619.00","22,303.80",400.99M,0.36%,0.0035595697583823936
2024-04-05,22513.7,"22,486.40","22,537.60","22,427.60",242.24M,0.00%,-4.219563897600843e-05
2024-04-08,22666.3,"22,578.35","22,697.30","22,550.35",227.63M,0.68%,0.006755227104931126
2024-04-09,22642.75,"22,765.10","22,768.40","22,612.25",232.36M,-0.10%,-0.0010395275169402805
2024-04-10,22753.8,"22,720.25","22,775.70","22,673.70",276.85M,0.49%,0.0048924520259116325
2024-04-12,22519.4,"22,677.40","22,726.45","22,503.75",357.19M,-1.03%,-0.010355004482994602
2024-04-15,22272.5,"22,339.05","22,427.45","22,259.55",355.47M,-1.10%,-0.011024426319883079
2024-04-16,22147.9,"22,125.30","22,213.75","22,079.45",317.27M,-0.56%,-0.005610049742502448
2024-04-18,21995.85,"22,212.35","22,326.50","21,961.70",456.91M,-0.69%,-0.006888884669556557
2024-04-19,22147.0,"21,861.50","22,179.55","21,777.65",362.53M,0.69%,0.006848247937105312
2024-04-22,22336.4,"22,336.90","22,375.65","22,198.15",279.26M,0.86%,0.008515587591357532
2024-04-23,22368.0,"22,447.05","22,447.55","22,349.45",231.52M,0.14%,0.0014137313223340777
2024-04-24,22402.4,"22,421.55","22,476.45","22,384.00",235.90M,0.15%,0.0015367299273513811
2024-04-25,22570.35,"22,316.90","22,625.95","22,305.25",475.04M,0.75%,0.007469002041045313
2024-04-26,22419.95,"22,620.40","22,620.40","22,385.55",329.89M,-0.67%,-0.006685910529919674
2024-04-29,22643.4,"22,475.55","22,655.80","22,441.90",291.96M,1.00%,0.009917231248162194
2024-04-30,22604.85,"22,679.65","22,783.35","22,568.40",361.86M,-0.17%,-0.0017039337135533136
2024-05-02,22648.2,"22,567.85","22,710.50","22,567.85",445.91M,0.19%,0.0019158935479583357
2024-05-03,22475.85,"22,766.35","22,794.70","22,348.05",438.06M,-0.76%,-0.007638979130133127
2024-05-06,22442.7,"22,561.60","22,588.80","22,409.45",320.26M,-0.15%,-0.001476005170173867
2024-05-07,22302.5,"22,489.75","22,499.05","22,232.05",297.82M,-0.62%,-0.006266614466335558
2024-05-08,22302.5,"22,231.20","22,368.65","22,185.20",277.44M,0.00%,0.0
2024-05-09,21957.5,"22,224.80","22,307.75","21,932.40",331.33M,-1.55%,-0.015590012996666094
2024-05-10,22055.2,"21,990.95","22,131.30","21,950.30",265.80M,0.44%,0.0044396349451461085
2024-05-13,22104.05,"22,027.95","22,131.65","21,821.05",278.19M,0.22%,0.0022124478982964036
2024-05-14,22217.85,"22,112.90","22,270.05","22,081.25",230.24M,0.51%,0.005135170201418869
2024-05-15,22200.55,"22,255.60","22,297.55","22,151.75",231.94M,-0.08%,-0.0007789565078779477
2024-05-16,22403.85,"22,319.20","22,432.25","22,054.55",368.95M,0.92%,0.009115755746059738
2024-05-17,22466.1,"22,415.25","22,502.15","22,345.65",242.65M,0.28%,0.0027746872879504058
2024-05-18,22502.0,"22,512.85","22,520.25","22,470.05",19.06M,0.16%,0.0015966877687512294
2024-05-21,22529.05,"22,404.55","22,591.10","22,404.55",347.59M,0.12%,0.001201393405374315
2024-05-22,22597.8,"22,576.60","22,629.50","22,483.15",290.35M,0.31%,0.0030469688528972257
2024-05-23,22967.65,"22,614.10","22,993.60","22,577.45",369.77M,1.64%,0.016234147702677632
2024-05-24,22957.1,"22,930.75","23,026.40","22,908.00",261.93M,-0.05%,-0.00045944725602593643
2024-05-27,22932.45,"23,038.95","23,110.80","22,871.20",260.01M,-0.11%,-0.0010743187662915156
2024-05-28,22888.15,"22,977.15","22,998.55","22,858.50",217.89M,-0.19%,-0.0019336287086089532
2024-05-29,22704.7,"22,762.75","22,825.50","22,685.45",269.93M,-0.80%,-0.008047357864970186
2024-05-30,22488.65,"22,617.45","22,705.75","22,417.00",373.37M,-0.95%,-0.00956121402290562
2024-05-31,22530.7,"22,568.10","22,653.75","22,465.10",572.12M,0.19%,0.0018680861553376123
2024-06-03,23263.9,"23,337.90","23,338.70","23,062.30",569.43M,3.25%,0.03202397920857283
2024-06-04,21884.5,"23,179.50","23,179.50","21,281.45",1.01B,-5.93%,-0.061124179171720965
2024-06-05,22620.35,"22,128.35","22,670.40","21,791.95",638.49M,3.36%,0.03307131991776584
2024-06-06,22821.4,"22,798.60","22,910.15","22,642.60",480.41M,0.89%,0.008848748644383161
2024-06-07,23290.15,"22,821.85","23,320.20","22,789.05",473.55M,2.05%,0.020331832162561177
2024-06-10,23259.2,"23,319.15","23,411.90","23,227.15",304.39M,-0.13%,-0.0013297717180034533
2024-06-11,23264.85,"23,283.75","23,389.45","23,206.65",305.19M,0.02%,0.00024288513264755015
2024-06-12,23322.95,"23,344.45","23,441.95","23,295.95",295.63M,0.25%,0.00249421651679488
2024-06-13,23398.9,"23,480.95","23,481.05","23,353.90",268.28M,0.33%,0.003251158372345044
2024-06-14,23465.6,"23,464.95","23,490.40","23,334.25",223.09M,0.29%,0.0028465062056323236
2024-06-18,23557.9,"23,570.80","23,579.05","23,499.70",272.21M,0.39%,0.00392570176772377
2024-06-19,23516.0,"23,629.85","23,664.00","23,412.90",328.81M,-0.18%,-0.0017801801450586289
2024-06-20,23567.0,"23,586.15","23,624.00","23,442.60",280.34M,0.22%,0.0021663878659495613
2024-06-21,23501.1,"23,661.15","23,667.10","23,398.20",609.88M,-0.28%,-0.002800199840690768
2024-06-24,23537.85,"23,382.30","23,558.10","23,350.00",239.36M,0.16%,0.0015625351959234377
2024-06-25,23721.3,"23,577.10","23,754.15","23,562.05",298.11M,0.78%,0.007763614937362357
2024-06-26,23868.8,"23,723.10","23,889.90","23,670.45",287.82M,0.62%,0.0061987880801539115
2024-06-27,24044.5,"23,881.55","24,087.45","23,805.40",515.23M,0.74%,0.00733411339077519
2024-06-28,24010.6,"24,085.90","24,174.00","23,985.80",354.78M,-0.14%,-0.001410880660883107
2024-07-01,24141.95,"23,992.95","24,164.00","23,992.70",242.47M,0.55%,0.005455591688744926
2024-07-02,24123.85,"24,228.75","24,236.35","24,056.40",309.63M,-0.07%,-0.000750013502250918
2024-07-03,24286.5,"24,291.75","24,309.15","24,207.10",289.20M,0.67%,0.0067196627176867064
2024-07-04,24302.15,"24,369.95","24,401.00","24,281.00",251.19M,0.06%,0.0006441833860869355
2024-07-05,24323.85,"24,213.35","24,363.00","24,168.85",298.38M,0.09%,0.0008925266910921613
2024-07-08,24320.55,"24,329.45","24,344.60","24,240.55",266.30M,-0.01%,-0.00013567851613180805
2024-07-09,24433.2,"24,351.00","24,443.60","24,331.90",250.54M,0.46%,0.004621191209858602
2024-07-10,24324.45,"24,459.85","24,461.05","24,141.80",292.26M,-0.45%,-0.004460845850279831
2024-07-11,24315.95,"24,396.55","24,402.65","24,193.75",306.40M,-0.03%,-0.00034950370829703764
2024-07-12,24502.15,"24,387.95","24,592.20","24,331.15",325.82M,0.77%,0.007628355177359564
2024-07-15,24586.7,"24,587.60","24,635.05","24,522.75",305.40M,0.35%,0.003444777525214419
2024-07-16,24613.0,"24,615.90","24,661.25","24,587.65",283.21M,0.11%,0.0010691123118667994
2024-07-18,24800.85,"24,543.80","24,837.75","24,504.45",350.92M,0.76%,0.00760316813758856
2024-07-19,24530.9,"24,853.80","24,854.80","24,508.15",343.77M,-1.09%,-0.010944379412161618
2024-07-22,24509.25,"24,445.75","24,595.20","24,362.30",324.19M,-0.09%,-0.0008829500483391605
2024-07-23,24479.05,"24,568.90","24,582.55","24,074.20",436.41M,-0.12%,-0.0012329476150728363
2024-07-24,24413.5,"24,444.95","24,504.25","24,307.25",366.62M,-0.27%,-0.002681391716104508
2024-07-25,24406.1,"24,230.95","24,426.15","24,210.80",391.82M,-0.03%,-0.00030315693109630526
2024-07-26,24834.85,"24,423.35","24,861.15","24,410.90",383.83M,1.76%,0.01741480762361384
2024-07-29,24836.1,"24,943.30","24,999.75","24,774.60",354.97M,0.01%,5.0331229834195685e-05
2024-07-30,24857.3,"24,839.40","24,971.75","24,798.65",384.99M,0.09%,0.0008532320705021157
2024-07-31,24951.15,"24,886.70","24,984.60","24,856.50",333.65M,0.38%,0.003768441341371064
2024-08-01,25010.9,"25,030.95","25,078.30","24,956.40",431.31M,0.24%,0.0023918165281347566
2024-08-02,24717.7,"24,789.00","24,851.90","24,686.85",345.03M,-1.17%,-0.01179214365820847
2024-08-05,24055.6,"24,302.85","24,350.05","23,893.70",486.99M,-2.68%,-0.027151768509934573
2024-08-06,23992.55,"24,189.85","24,382.60","23,960.40",312.34M,-0.26%,-0.0026244521876233645
2024-08-07,24297.5,"24,289.40","24,337.70","24,184.90",317.56M,1.27%,0.012630098903435905
2024-08-08,24117.0,"24,248.55","24,340.50","24,079.70",311.88M,-0.74%,-0.007456478381555143
2024-08-09,24367.5,"24,386.85","24,419.75","24,311.20",215.13M,1.04%,0.010333291215294636
2024-08-12,24347.0,"24,320.05","24,472.80","24,212.10",279.93M,-0.08%,-0.0008416385761983504
2024-08-13,24139.0,"24,342.35","24,359.95","24,116.50",239.73M,-0.85%,-0.00857984886239657
2024-08-14,24143.75,"24,184.40","24,196.50","24,099.70",303.25M,0.02%,0.0001967576418212346
2024-08-16,24541.15,"24,334.85","24,563.90","24,204.50",271.61M,1.65%,0.016325753017997963
2024-08-19,24572.65,"24,636.35","24,638.80","24,522.95",243.65M,0.13%,0.0012827353745464452
2024-08-20,24698.85,"24,648.90","24,734.30","24,607.20",238.32M,0.51%,0.005122648020588943
2024-08-21,24770.2,"24,680.55","24,787.95","24,654.50",257.11M,0.29%,0.0028846339064908873
2024-08-22,24811.5,"24,863.40","24,867.35","24,784.45",220.35M,0.17%,0.001665937616169819
2024-08-23,24823.15,"24,845.40","24,858.40","24,771.65",206.80M,0.05%,0.00046943013455067465
2024-08-26,25010.6,"24,906.10","25,043.80","24,874.70",210.27M,0.76%,0.007523049502801839
2024-08-27,25017.75,"25,024.80","25,073.10","24,973.65",223.35M,0.03%,0.00028583793184004246
2024-08-28,25052.35,"25,030.80","25,129.60","24,964.65",220.42M,0.14%,0.0013820625685767348
2024-08-29,25151.95,"25,035.30","25,192.90","24,998.50",353.99M,0.40%,0.003967792825316532
2024-08-30,25235.9,"25,249.70","25,268.35","25,199.40",638.17M,0.33%,0.003332155576256976
2024-09-02,25278.7,"25,333.60","25,333.65","25,235.50",222.82M,0.17%,0.0016945599981708784
2024-09-03,25279.85,"25,313.40","25,321.70","25,235.80",212.13M,0.00%,4.5491810987265924e-05
2024-09-04,25198.7,"25,089.95","25,216.00","25,083.80",253.79M,-0.32%,-0.0032152298316295127
2024-09-05,25145.1,"25,250.50","25,275.45","25,127.75",222.24M,-0.21%,-0.002129359335315646
2024-09-06,24852.15,"25,093.70","25,168.75","24,801.30",311.67M,-1.17%,-0.011718778635040884
2024-09-09,24936.4,"24,823.40","24,957.50","24,753.15",254.37M,0.34%,0.0033843154867430215
2024-09-10,25041.1,"24,999.40","25,130.50","24,896.80",251.27M,0.42%,0.004189891577969935
2024-09-11,24918.45,"25,034.00","25,113.70","24,885.15",279.23M,-0.49%,-0.004909982031582216
2024-09-12,25388.9,"25,059.65","25,433.35","24,941.45",380.07M,1.89%,0.018703577686811725
2024-09-13,25356.5,"25,430.45","25,430.50","25,292.45",250.78M,-0.13%,-0.0012769632085949123
2024-09-16,25383.75,"25,406.65","25,445.70","25,336.20",168.69M,0.11%,0.0010740980826790941
2024-09-17,25418.55,"25,416.90","25,441.65","25,352.25",215.96M,0.14%,0.0013700169261289907
2024-09-18,25377.55,"25,402.40","25,482.20","25,285.55",215.73M,-0.16%,-0.0016142975111744227
2024-09-19,25415.8,"25,487.05","25,611.95","25,376.05",314.46M,0.15%,0.0015061029536485916
2024-09-20,25790.95,"25,525.95","25,849.25","25,426.60",533.07M,1.48%,0.014652627320371103
2024-09-23,25939.05,"25,872.55","25,956.00","25,847.35",209.19M,0.57%,0.005725900043797215
2024-09-24,25940.4,"25,921.45","26,011.55","25,886.85",384.12M,0.01%,5.204372830882163e-05
2024-09-25,26004.15,"25,899.45","26,032.80","25,871.35",278.54M,0.25%,0.0024545416990469533
2024-09-26,26216.05,"26,005.40","26,250.90","25,998.40",370.90M,0.81%,0.008115677958002051
2024-09-27,26178.95,"26,248.25","26,277.35","26,151.40",490.33M,-0.14%,-0.0014161659013423675
2024-09-30,25810.85,"26,061.30","26,134.70","25,794.10",343.06M,-1.41%,-0.014160706565616464
2024-10-01,25796.9,"25,788.45","25,907.60","25,739.20",247.42M,-0.05%,-0.0005406164903432377
2024-10-03,25250.1,"25,452.85","25,639.45","25,230.30",423.40M,-2.12%,-0.021424213560051142
2024-10-04,25014.6,"25,181.90","25,485.05","24,966.80",374.91M,-0.93%,-0.009370461703002124
2024-10-07,24795.75,"25,084.10","25,143.00","24,694.35",374.35M,-0.87%,-0.00878738688905138
2024-10-08,25013.15,"24,832.20","25,044.00","24,756.80",333.22M,0.88%,0.008729419061179721
2024-10-09,24981.95,"25,065.80","25,234.05","24,947.70",290.56M,-0.12%,-0.0012481224780150524
2024-10-10,24998.45,"25,067.05","25,134.05","24,979.40",261.36M,0.07%,0.0006602588454441217
2024-10-11,24964.25,"24,985.30","25,028.65","24,920.05",210.46M,-0.14%,-0.001369021503702845
2024-10-14,25127.95,"25,023.45","25,159.75","25,017.50",206.42M,0.66%,0.006535970979785449
2024-10-15,25057.35,"25,186.30","25,212.05","25,008.15",257.23M,-0.28%,-0.002813574754904617
2024-10-16,24971.3,"25,008.55","25,093.40","24,908.45",226.77M,-0.34%,-0.003440032255851283
2024-10-17,24749.85,"25,027.40","25,029.50","24,728.90",252.76M,-0.89%,-0.008907737021175087
2024-10-18,24854.05,"24,664.95","24,886.20","24,567.65",290.86M,0.42%,0.004201288740118153
2024-10-21,24781.1,"24,956.15","24,978.30","24,679.60",241.98M,-0.29%,-0.002939451277019082
2024-10-22,24472.1,"24,798.65","24,882.00","24,445.80",279.48M,-1.25%,-0.01254757271040544
2024-10-23,24435.5,"24,378.15","24,604.25","24,378.10",284.56M,-0.15%,-0.0014967001787999864
2024-10-24,24399.4,"24,412.70","24,480.65","24,341.20",216.69M,-0.15%,-0.0014784511312879243
2024-10-25,24180.8,"24,418.05","24,440.25","24,073.90",372.64M,-0.90%,-0.008999611999159645
2024-10-28,24339.15,"24,251.10","24,492.60","24,134.90",278.56M,0.65%,0.00652723517668224
2024-10-29,24466.85,"24,328.85","24,484.50","24,140.85",332.04M,0.52%,0.005232975101896011
2024-10-30,24340.85,"24,371.45","24,498.20","24,307.30",285.20M,-0.51%,-0.005163131223478209
2024-10-31,24205.35,"24,349.85","24,372.45","24,172.60",287.01M,-0.56%,-0.005582325779352925
2024-11-01,24304.35,"24,302.75","24,368.25","24,280.20",38.81M,0.41%,0.004081663561917463
2024-11-04,23995.35,"24,315.75","24,316.75","23,816.15",285.53M,-1.27%,-0.012795285095394087
2024-11-05,24213.3,"23,916.50","24,229.05","23,842.75",289.51M,0.91%,0.009042007396008536
2024-11-06,24484.05,"24,308.75","24,537.60","24,204.05",351.08M,1.12%,0.01111981616471547
2024-11-07,24199.35,"24,489.60","24,503.35","24,179.05",322.19M,-1.16%,-0.011696111838928169
2024-11-08,24148.2,"24,207.70","24,276.15","24,066.65",298.73M,-0.21%,-0.002115930138503043
2024-11-11,24141.3,"24,087.25","24,336.80","24,004.60",273.37M,-0.03%,-0.0002857764129660236
2024-11-12,23883.45,"24,225.80","24,242.00","23,839.15",255.83M,-1.07%,-0.01073831629523262
2024-11-13,23559.05,"23,822.45","23,873.60","23,509.60",304.57M,-1.36%,-0.01367571506132014
2024-11-14,23532.7,"23,542.15","23,675.90","23,484.15",257.71M,-0.11%,-0.001119092102119271
2024-11-18,23453.8,"23,605.30","23,606.80","23,350.40",263.31M,-0.34%,-0.0033584146152224673
2024-11-19,23518.5,"23,529.55","23,780.65","23,464.80",297.48M,0.28%,0.002754816814055903
2024-11-21,23349.9,"23,488.45","23,507.30","23,263.15",420.33M,-0.72%,-0.007194644035988204
2024-11-22,23907.25,"23,411.80","23,956.10","23,359.00",367.56M,2.39%,0.023589058766826355
2024-11-25,24221.9,"24,253.55","24,351.55","24,135.45",687.17M,1.32%,0.01307542239477766
2024-11-26,24194.5,"24,343.30","24,343.30","24,125.40",230.69M,-0.11%,-0.0011318480070857482
2024-11-27,24274.9,"24,204.80","24,354.55","24,145.65",295.01M,0.33%,0.0033175600994260466
2024-11-28,23914.15,"24,274.15","24,345.75","23,873.35",366.75M,-1.49%,-0.014972560750343969
2024-11-29,24131.1,"23,927.15","24,188.45","23,927.15",282.10M,0.91%,0.009031131050783837
2024-12-02,24276.05,"24,140.85","24,301.70","24,008.65",220.38M,0.60%,0.005988802614002176
2024-12-03,24457.15,"24,367.50","24,481.35","24,280.00",339.47M,0.75%,0.007432339089484512
2024-12-04,24467.45,"24,488.75","24,573.20","24,366.30",348.00M,0.04%,0.0004210560802611515
2024-12-05,24708.4,"24,539.15","24,857.75","24,295.55",361.47M,0.98%,0.009799604002543387
2024-12-06,24677.8,"24,729.45","24,751.05","24,620.50",226.73M,-0.12%,-0.0012392127321359235
2024-12-09,24619.0,"24,633.90","24,705.00","24,580.05",248.14M,-0.24%,-0.0023855515118706054
2024-12-10,24610.05,"24,652.65","24,677.80","24,510.65",261.05M,-0.04%,-0.00036360645182499104
2024-12-11,24641.8,"24,620.50","24,691.75","24,583.85",187.25M,0.13%,0.0012892918498735822
2024-12-12,24548.7,"24,604.45","24,675.25","24,527.95",266.05M,-0.38%,-0.003785288263568475
2024-12-13,24768.3,"24,498.35","24,792.30","24,180.80",310.08M,0.89%,0.008905710055423979
2024-12-16,24668.25,"24,753.40","24,781.25","24,601.75",187.55M,-0.40%,-0.004047618071851404
2024-12-17,24336.0,"24,584.80","24,624.10","24,303.45",264.88M,-1.35%,-0.01356025614827435
2024-12-18,24198.85,"24,297.95","24,394.45","24,149.85",235.35M,-0.56%,-0.005651624144595778
2024-12-19,23951.7,"23,877.15","24,004.90","23,870.30",271.13M,-1.02%,-0.010265808823608006
2024-12-20,23587.5,"23,960.70","24,065.80","23,537.35",442.71M,-1.52%,-0.015322391854064712
2024-12-23,23753.45,"23,738.20","23,869.55","23,647.20",189.76M,0.70%,0.007010872394205524
2024-12-24,23727.65,"23,769.10","23,867.65","23,685.15",177.66M,-0.11%,-0.0010867483078192092
2024-12-26,23750.2,"23,775.80","23,854.50","23,653.60",177.68M,0.10%,0.000949916716770124
2024-12-27,23813.4,"23,801.40","23,938.85","23,800.60",176.82M,0.27%,0.0026574959504618452
2024-12-30,23644.9,"23,796.90","23,915.35","23,599.30",364.93M,-0.71%,-0.007101000585328371
2024-12-31,23644.8,"23,560.60","23,689.85","23,460.45",193.63M,0.00%,-4.229250767129392e-06
2025-01-01,23742.9,"23,637.65","23,822.80","23,562.80",154.92M,0.41%,0.004140320806365605
2025-01-02,24188.65,"23,783.00","24,226.70","23,751.55",283.20M,1.88%,0.018599976460843735
2025-01-03,24004.75,"24,196.40","24,196.45","23,976.00",312.28M,-0.76%,-0.007631787447708154
2025-01-06,23616.05,"24,045.80","24,089.95","23,551.90",278.06M,-1.62%,-0.01632516180719982
2025-01-07,23707.9,"23,679.90","23,795.20","23,637.80",262.34M,0.39%,0.003881760306713088
2025-01-08,23688.95,"23,746.65","23,751.85","23,496.15",266.38M,-0.08%,-0.0007996312417274388
2025-01-09,23526.5,"23,674.75","23,689.50","23,503.05",269.24M,-0.69%,-0.0068812492953755225
2025-01-10,23431.5,"23,551.90","23,596.60","23,344.35",261.02M,-0.40%,-0.004046174437066828
2025-01-13,23085.95,"23,195.40","23,340.95","23,047.25",316.48M,-1.47%,-0.014857063581440453
2025-01-14,23176.05,"23,165.90","23,264.95","23,134.15",311.24M,0.39%,0.003895210493337629
2025-01-15,23213.2,"23,250.45","23,293.65","23,146.45",228.04M,0.16%,0.0016016645210618786
2025-01-16,23311.8,"23,377.25","23,391.65","23,272.05",299.42M,0.42%,0.004238587753573933
2025-01-17,23203.2,"23,277.10","23,292.10","23,100.35",272.95M,-0.47%,-0.004669469948432585
2025-01-20,23344.75,"23,290.40","23,391.10","23,170.65",301.46M,0.61%,0.006081919239174112
2025-01-21,23024.65,"23,421.65","23,426.30","22,976.85",312.87M,-1.37%,-0.013806738277095545
2025-01-22,23155.35,"23,099.15","23,169.55","22,981.30",275.95M,0.57%,0.005660474187066116
2025-01-23,23205.35,"23,128.30","23,270.80","23,090.65",275.56M,0.22%,0.0021570001913706685
2025-01-24,23092.2,"23,183.90","23,347.30","23,050.00",264.34M,-0.49%,-0.004887957366329596
2025-01-27,22829.15,"22,940.15","23,007.45","22,786.90",257.37M,-1.14%,-0.011456670033394137
2025-01-28,22957.25,"22,960.45","23,137.95","22,857.65",361.87M,0.56%,0.0055955626228530505
2025-01-29,23163.1,"23,026.75","23,183.35","22,976.50",226.31M,0.90%,0.008926704456753254
2025-01-30,23249.5,"23,169.50","23,322.05","23,139.20",361.93M,0.37%,0.0037231312102430775
2025-01-31,23508.4,"23,296.75","23,546.80","23,277.40",304.86M,1.11%,0.011074177663955638
2025-02-01,23482.15,"23,528.60","23,632.45","23,318.30",281.01M,-0.11%,-0.0011172460305538994
2025-02-03,23361.05,"23,319.35","23,381.60","23,222.00",329.67M,-0.52%,-0.005170452479175173
2025-02-04,23739.25,"23,509.90","23,762.75","23,423.15",376.74M,1.62%,0.016059690853104273
2025-02-05,23696.3,"23,801.75","23,807.30","23,680.45",267.01M,-0.18%,-0.0018108786231885072
2025-02-06,23603.35,"23,761.95","23,773.55","23,556.25",306.98M,-0.39%,-0.003930266699640655
2025-02-07,23559.95,"23,649.50","23,694.50","23,443.20",368.09M,-0.18%,-0.0018404145702315485
2025-02-10,23381.6,"23,543.80","23,568.60","23,316.30",234.20M,-0.76%,-0.007598848278210316
2025-02-11,23071.8,"23,383.55","23,390.05","22,986.65",267.97M,-1.32%,-0.013338295712820561
2025-02-12,23045.25,"23,050.80","23,144.70","22,798.35",279.66M,-0.12%,-0.0011514180951839536
2025-02-13,23031.4,"23,055.75","23,235.50","22,992.20",265.71M,-0.06%,-0.0006011721953363763
2025-02-14,22929.25,"23,096.45","23,133.70","22,774.85",254.48M,-0.44%,-0.0044451141660866375
2025-02-17,22959.5,"22,809.90","22,974.20","22,725.45",207.39M,0.13%,0.001318406118349223
2025-02-18,22945.3,"22,963.65","22,992.50","22,801.50",210.62M,-0.06%,-0.0006186717054829174
2025-02-19,22932.9,"22,847.25","23,049.95","22,814.85",207.00M,-0.05%,-0.0005405617614442019
2025-02-20,22913.15,"22,821.10","22,923.85","22,812.75",240.84M,-0.09%,-0.0008615791860687675
2025-02-21,22795.9,"22,857.20","22,921.00","22,720.30",242.75M,-0.51%,-0.005130286329146502
2025-02-24,22553.35,"22,609.35","22,668.05","22,518.80",214.32M,-1.06%,-0.01069708155537406
2025-02-25,22547.55,"22,516.45","22,625.30","22,513.90",250.28M,-0.03%,-0.0002572010772278274
2025-02-27,22545.05,"22,568.95","22,613.30","22,508.40",289.23M,-0.01%,-0.0001108829387776427
2025-02-28,22124.7,"22,433.40","22,450.35","22,104.85",551.29M,-1.86%,-0.01882089817720615
2025-03-03,22119.3,"22,194.55","22,261.55","22,004.70",282.40M,-0.02%,-0.000244100896248747
2025-03-04,22082.65,"21,974.45","22,105.05","21,964.60",253.26M,-0.17%,-0.0016582982605433554
2025-03-05,22337.3,"22,073.05","22,394.90","22,067.80",305.94M,1.15%,0.011465694568782813
2025-03-06,22544.7,"22,476.35","22,556.45","22,245.85",372.08M,0.93%,0.009242078172597142
2025-03-07,22552.5,"22,508.65","22,633.80","22,464.75",289.77M,0.03%,0.00034591948403792664
2025-03-10,22460.3,"22,521.85","22,676.75","22,429.05",293.86M,-0.41%,-0.0040966182483126905
2025-03-11,22497.9,"22,345.95","22,522.10","22,314.70",347.92M,0.17%,0.0016726652208703832
2025-03-12,22470.5,"22,536.35","22,577.40","22,329.55",369.74M,-0.12%,-0.0012186336801356743
2025-03-13,22397.2,"22,541.50","22,558.05","22,377.35",287.54M,-0.33%,-0.003267386793235836
2025-03-17,22508.75,"22,353.15","22,577.00","22,353.15",251.10M,0.50%,0.004968171453735085
2025-03-18,22834.3,"22,662.25","22,857.80","22,599.20",272.58M,1.45%,0.014359668968781786
2025-03-19,22907.6,"22,874.95","22,940.70","22,807.95",323.99M,0.32%,0.0032049417598595076
2025-03-20,23190.65,"23,036.60","23,216.70","22,973.95",313.73M,1.24%,0.01228044696739064
2025-03-21,23350.4,"23,168.25","23,402.70","23,132.80",540.97M,0.69%,0.006864934391553793
2025-03-24,23658.35,"23,515.40","23,708.75","23,433.50",311.90M,1.32%,0.01310200357491904
2025-03-25,23668.65,"23,751.50","23,869.60","23,601.40",338.22M,0.04%,0.00043526951476421065
2025-03-26,23486.85,"23,700.95","23,736.50","23,451.70",278.59M,-0.77%,-0.007710697617041672
2025-03-27,23591.95,"23,433.95","23,646.45","23,412.20",510.30M,0.45%,0.004464862086427852
2025-03-28,23519.35,"23,600.40","23,649.20","23,450.20",295.36M,-0.31%,-0.0030820655541120134
2025-04-01,23165.7,"23,341.10","23,565.15","23,136.40",314.31M,-1.50%,-0.015150750180769317
2025-04-02,23332.35,"23,192.60","23,350.00","23,158.45",340.97M,0.72%,0.007168073222718935
2025-04-03,23250.1,"23,150.30","23,306.50","23,145.80",283.20M,-0.35%,-0.003531376536686799
2025-04-04,22904.45,"23,190.40","23,214.70","22,857.45",466.78M,-1.49%,-0.01497821827338226
2025-04-07,22161.6,"21,758.40","22,254.00","21,743.65",647.11M,-3.24%,-0.03297015338730526
2025-04-08,22535.85,"22,446.75","22,697.20","22,270.85",468.25M,1.69%,0.016746313096183522
2025-04-09,22399.15,"22,460.30","22,468.70","22,353.25",383.82M,-0.61%,-0.00608436282244175
2025-04-11,22828.55,"22,695.40","22,923.90","22,695.40",402.16M,1.92%,0.018988933890639957
2025-04-15,23328.55,"23,368.35","23,368.35","23,207.00",388.32M,2.19%,0.0216659867627985
2025-04-16,23437.2,"23,344.10","23,452.20","23,273.05",348.42M,0.47%,0.004646571282831792
2025-04-17,23851.65,"23,401.85","23,872.35","23,298.55",505.33M,1.77%,0.017528893682587383
2025-04-21,24125.55,"23,949.15","24,189.55","23,903.65",406.15M,1.15%,0.011418047561345738
2025-04-22,24167.25,"24,185.40","24,242.60","24,072.00",440.94M,0.17%,0.001726965939596701
2025-04-23,24328.95,"24,357.60","24,359.30","24,119.95",415.04M,0.67%,0.006668588435125756
2025-04-24,24246.7,"24,277.90","24,347.85","24,216.15",358.77M,-0.34%,-0.003386473618159028
2025-04-25,24039.35,"24,289.00","24,365.45","23,847.85",387.74M,-0.86%,-0.008588454617289994
2025-04-28,24328.5,"24,070.25","24,355.10","24,054.05",320.47M,1.20%,0.011956431581801425
2025-04-29,24335.95,"24,370.70","24,457.65","24,290.75",357.56M,0.03%,0.0003061783317472563
2025-04-30,24334.2,"24,342.05","24,396.15","24,198.75",424.45M,-0.01%,-7.191266107682891e-05
2025-05-02,24346.7,"24,311.90","24,589.15","24,238.50",421.11M,0.05%,0.0005135484460936932
2025-05-05,24461.15,"24,419.50","24,526.40","24,400.65",291.47M,0.47%,0.004689827958917901
2025-05-06,24379.6,"24,500.75","24,509.65","24,331.80",302.35M,-0.33%,-0.0033394276617622325
2025-05-07,24414.4,"24,233.30","24,449.60","24,220.00",330.14M,0.14%,0.0014264051276974533
2025-05-08,24273.8,"24,431.50","24,447.25","24,150.20",411.36M,-0.58%,-0.005775542773460358
2025-05-09,24008.0,"23,935.75","24,164.25","23,935.75",335.55M,-1.10%,-0.011010471243807775
2025-05-12,24924.7,"24,420.10","24,944.80","24,378.85",368.71M,3.82%,0.037472171529076455
2025-05-13,24578.35,"24,864.05","24,973.80","24,547.50",422.98M,-1.39%,-0.013993305528556882
2025-05-14,24666.9,"24,613.80","24,767.55","24,535.55",345.49M,0.36%,0.0035962898121936287
2025-05-15,25062.1,"24,694.45","25,116.25","24,494.45",500.82M,1.60%,0.015894480888894447
2025-05-16,25019.8,"25,064.65","25,070.00","24,953.05",432.72M,-0.17%,-0.0016892334379733957
2025-05-19,24945.45,"25,005.35","25,062.95","24,916.65",255.25M,-0.30%,-0.002976070564100508
2025-05-20,24683.9,"24,996.20","25,010.35","24,669.70",414.80M,-1.05%,-0.010540231594245037
2025-05-21,24813.45,"24,744.25","24,946.20","24,685.35",332.72M,0.52%,0.005234635624772639
2025-05-22,24609.7,"24,733.95","24,737.50","24,462.40",403.28M,-0.82%,-0.008245170706062392
2025-05-23,24853.15,"24,639.50","24,909.05","24,614.05",270.47M,0.99%,0.00984383091051175
2025-05-26,25001.15,"24,919.35","25,079.20","24,900.50",302.80M,0.60%,0.005937318737656441
2025-05-27,24826.2,"24,956.65","25,062.90","24,704.10",525.65M,-0.70%,-0.007022276678678118
2025-05-28,24752.45,"24,832.50","24,864.25","24,737.05",684.43M,-0.30%,-0.0029750731170425774
2025-05-29,24833.6,"24,825.10","24,892.60","24,677.30",345.37M,0.33%,0.003273100900270562
2025-05-30,24750.7,"24,812.60","24,863.95","24,717.40",853.89M,-0.33%,-0.0033438034717525197
2025-06-02,24716.6,"24,669.70","24,754.40","24,526.15",311.10M,-0.14%,-0.0013786887661705169
2025-06-03,24542.5,"24,786.30","24,845.10","24,502.15",349.29M,-0.70%,-0.007068774092320617
2025-06-04,24620.2,"24,560.45","24,644.25","24,530.45",280.86M,0.32%,0.0031609356156210005
2025-06-05,24750.9,"24,691.20","24,899.85","24,613.10",388.41M,0.53%,0.005294607789761705
2025-06-06,25003.05,"24,748.70","25,029.50","24,671.45",335.58M,1.02%,0.010135965436883998
2025-06-09,25103.2,"25,160.10","25,160.10","25,077.15",279.22M,0.40%,0.003997510624608427
2025-06-10,25104.25,"25,196.05","25,199.30","25,055.45",307.32M,0.00%,4.1826462015294284e-05
2025-06-11,25141.4,"25,134.15","25,222.40","25,081.30",301.25M,0.15%,0.0014787352445249067
2025-06-12,24888.2,"25,164.45","25,196.20","24,825.90",328.31M,-1.01%,-0.010122094193621185
2025-06-13,24718.6,"24,473.00","24,754.35","24,473.00",318.71M,-0.68%,-0.006837798882833083
2025-06-16,24946.5,"24,732.35","24,967.10","24,703.60",305.81M,0.92%,0.009177535114667245
2025-06-17,24853.4,"24,977.85","24,982.05","24,813.70",242.42M,-0.37%,-0.0037389676871053394
2025-06-18,24812.05,"24,788.35","24,947.55","24,750.45",237.60M,-0.17%,-0.0016651418462635466
2025-06-19,24793.25,"24,803.25","24,863.10","24,733.40",274.62M,-0.08%,-0.0007579835582129375
2025-06-20,25112.4,"24,787.65","25,136.20","24,783.65",574.65M,1.29%,0.012790309347901757
2025-06-23,24971.9,"24,939.75","25,057.00","24,824.85",248.53M,-0.56%,-0.005610555346030624
2025-06-24,25044.35,"25,179.90","25,317.70","24,999.70",450.19M,0.29%,0.00289706048224268
2025-06-25,25244.75,"25,150.35","25,266.80","25,125.05",260.58M,0.80%,0.007969960122065977
2025-06-26,25549.0,"25,268.95","25,565.30","25,259.90",428.89M,1.21%,0.011979963629751521
2025-06-27,25637.8,"25,576.65","25,654.20","25,523.55",563.96M,0.35%,0.0034696479984903748
2025-06-30,25517.05,"25,661.65","25,669.35","25,473.30",270.98M,-0.47%,-0.004720968755390688
2025-07-01,25541.8,"25,551.35","25,593.40","25,501.80",260.67M,0.10%,0.0009694696194091494
2025-07-02,25453.4,"25,588.30","25,608.10","25,378.75",309.83M,-0.35%,-0.00346699644467661
2025-07-03,25405.3,"25,505.10","25,587.50","25,384.35",293.43M,-0.19%,-0.00189151568330066
2025-07-04,25461.0,"25,428.85","25,470.25","25,331.65",193.51M,0.22%,0.0021900559806014813
2025-07-07,25461.3,"25,450.45","25,489.80","25,407.25",196.05M,0.00%,1.1782657107136236e-05
2025-07-08,25522.5,"25,427.85","25,548.05","25,424.15",210.41M,0.24%,0.0024007637482767337
2025-07-09,25476.1,"25,514.60","25,548.70","25,424.35",239.08M,-0.18%,-0.0018196582966253595
2025-07-10,25355.25,"25,511.65","25,524.05","25,340.45",219.61M,-0.47%,-0.004754948577867101
2025-07-11,25149.85,"25,255.50","25,322.45","25,129.00",249.99M,-0.81%,-0.008133876873290554
2025-07-14,25082.3,"25,149.50","25,151.10","25,001.95",259.53M,-0.27%,-0.0026895142142431107
2025-07-15,25195.8,"25,089.50","25,245.20","25,088.45",241.34M,0.45%,0.004514895861271375
2025-07-16,25212.05,"25,196.60","25,255.30","25,121.05",228.82M,0.06%,0.0006447408712298642
2025-07-17,25111.45,"25,230.75","25,238.35","25,101.00",243.41M,-0.40%,-0.003998137411285263
2025-07-18,24968.4,"25,108.55","25,144.60","24,918.65",316.98M,-0.57%,-0.005712892073823927
2025-07-21,25090.7,"24,999.00","25,111.40","24,882.30",305.22M,0.49%,0.004886234204324308
2025-07-22,25060.9,"25,166.65","25,182.00","25,035.55",483.73M,-0.12%,-0.0011883969208231818
2025-07-23,25219.9,"25,139.35","25,233.50","25,085.50",271.54M,0.63%,0.006324502791954096
2025-07-24,25062.1,"25,243.30","25,246.25","25,018.70",338.73M,-0.63%,-0.0062766205821811125
2025-07-25,24837.0,"25,010.35","25,010.35","24,806.35",278.14M,-0.90%,-0.009022268014894983
2025-07-28,24680.9,"24,782.45","24,889.20","24,646.60",262.14M,-0.63%,-0.006304811677771728
2025-07-29,24821.1,"24,609.65","24,847.15","24,598.60",284.66M,0.57%,0.005664432744894037
2025-07-30,24855.05,"24,890.40","24,902.30","24,771.95",243.89M,0.14%,0.0013668533203841048
2025-07-31,24768.35,"24,642.25","24,956.50","24,635.00",346.30M,-0.35%,-0.003494322767861102
2025-08-01,24565.35,"24,734.90","24,784.15","24,535.05",263.36M,-0.82%,-0.00822971501161462
2025-08-04,24722.75,"24,596.05","24,736.25","24,554.00",259.33M,0.64%,0.006386958924001023
2025-08-05,24649.55,"24,720.25","24,733.10","24,590.30",251.85M,-0.30%,-0.0029652276128395885
2025-08-06,24574.2,"24,641.35","24,671.40","24,539.20",225.09M,-0.31%,-0.003061532648549035
2025-08-07,24596.15,"24,464.20","24,634.20","24,344.15",616.74M,0.09%,0.000892814529815726
2025-08-08,24363.3,"24,544.25","24,585.50","24,337.50",312.63M,-0.95%,-0.009512024978203826
2025-08-11,24585.05,"24,371.50","24,600.85","24,347.45",241.15M,0.91%,0.009060632975224126
2025-08-12,24487.4,"24,563.35","24,702.60","24,465.65",237.00M,-0.40%,-0.003979835076118552
2025-08-13,24619.35,"24,586.20","24,664.55","24,535.25",236.01M,0.54%,0.005374019561891618
2025-08-14,24631.3,"24,607.25","24,673.65","24,596.90",270.16M,0.05%,0.00048527279272500415
2025-08-18,24876.95,"24,938.20","25,022.00","24,852.85",363.07M,1.00%,0.00992368003121088
2025-08-19,24980.65,"24,891.35","25,012.65","24,873.95",252.34M,0.42%,0.004159853243583131
2025-08-20,25050.55,"24,965.80","25,088.70","24,929.70",287.05M,0.28%,0.0027942582021172405
2025-08-21,25083.75,"25,142.00","25,153.65","25,054.90",226.54M,0.13%,0.001324442740923701
2025-08-22,24870.1,"25,064.15","25,084.85","24,859.15",210.17M,-0.85%,-0.008553947402635646
2025-08-25,24967.75,"24,949.15","25,021.55","24,894.35",213.03M,0.39%,0.003918713385990051
2025-08-26,24712.05,"24,899.50","24,919.65","24,689.60",750.47M,-1.02%,-0.010294013179196964
2025-08-28,24500.9,"24,695.80","24,702.65","24,481.60",326.60M,-0.85%,-0.00858112735289117
2025-08-29,24426.85,"24,466.70","24,572.45","24,404.70",325.52M,-0.30%,-0.003026914441741975
2025-09-01,24625.05,"24,432.70","24,635.60","24,432.70",229.33M,0.81%,0.008081280384829359
2025-09-02,24579.6,"24,653.00","24,756.10","24,522.35",271.56M,-0.18%,-0.0018473869004707994
2025-09-03,24715.05,"24,616.50","24,737.05","24,533.20",340.28M,0.55%,0.005495539207320317
2025-09-04,24734.3,"24,980.75","24,980.75","24,708.20",314.09M,0.08%,0.0007785744796407111
2025-09-05,24741.0,"24,818.85","24,832.35","24,621.60",210.07M,0.03%,0.0002708422198937796
2025-09-08,24773.15,"24,802.60","24,885.50","24,751.55",213.23M,0.13%,0.0012986188601915426
2025-09-09,24868.6,"24,864.10","24,891.80","24,814.00",226.92M,0.39%,0.003845558129143585
2025-09-10,24973.1,"24,991.00","25,035.70","24,915.05",244.15M,0.42%,0.004193282055946326
2025-09-11,25005.5,"24,945.50","25,037.30","24,940.15",224.57M,0.13%,0.0012965551071398326
2025-09-12,25114.0,"25,074.45","25,139.45","25,038.05",225.74M,0.43%,0.004329658895022681
2025-09-15,25069.2,"25,118.90","25,138.45","25,048.75",185.38M,-0.18%,-0.0017854585559052094
2025-09-16,25239.1,"25,073.60","25,261.40","25,070.45",240.12M,0.68%,0.006754378340182724
2025-09-17,25330.25,"25,276.60","25,346.50","25,275.35",268.94M,0.36%,0.0036049543335288465
2025-09-18,25423.6,"25,441.05","25,448.95","25,329.75",272.19M,0.37%,0.003678542820501287
2025-09-19,25327.05,"25,410.20","25,428.75","25,286.30",380.36M,-0.38%,-0.0038048819662613634
2025-09-22,25202.35,"25,238.10","25,331.70","25,151.05",254.51M,-0.49%,-0.004935750401067799
2025-09-23,25169.5,"25,209.00","25,261.90","25,084.65",299.20M,-0.13%,-0.0013043001063899793
2025-09-24,25056.9,"25,108.75","25,149.85","25,027.45",244.38M,-0.45%,-0.00448370532782927
2025-09-25,24890.85,"25,034.50","25,092.70","24,878.30",342.53M,-0.66%,-0.006648972645988584
2025-09-26,24654.7,"24,818.55","24,868.60","24,629.45",291.54M,-0.95%,-0.009532714372741127
2025-09-29,24634.9,"24,728.55","24,791.30","24,606.20",394.39M,-0.08%,-0.0008034149623869672
2025-09-30,24611.1,"24,691.95","24,731.80","24,587.70",303.04M,-0.10%,-0.0009665760408142669
2025-10-01,24836.3,"24,620.55","24,867.95","24,605.95",308.90M,0.92%,0.0091087319879058
