Date,Price,Open,High,Low,Vol.,Change %,LogReturn
2006-08-30,1655.19,"1,648.35","1,656.23","1,640.28",3.14B,0.25%,
2006-08-31,1658.64,"1,655.90","1,661.47","1,650.00",3.51B,0.21%,0.0020821836041394737
2006-09-01,1636.69,"1,658.66","1,660.52","1,634.03",3.60B,-1.32%,-0.01332207981327202
2006-09-04,1657.52,"1,635.33","1,657.69","1,635.12",3.31B,1.27%,0.012646599714250428
2006-09-05,1664.08,"1,659.74","1,669.90","1,657.05",4.05B,0.40%,0.00394990879634546
2006-09-06,1672.12,"1,665.13","1,672.26","1,656.86",3.36B,0.48%,0.004819864255635247
2006-09-07,1661.19,"1,683.78","1,683.89","1,655.41",3.15B,-0.65%,-0.0065580694104908676
2006-09-08,1667.98,"1,659.70","1,671.31","1,658.67",2.66B,0.41%,0.004079100445415823
2006-09-11,1674.97,"1,668.16","1,675.09","1,653.01",3.06B,0.42%,0.004181941211878978
2006-09-12,1695.86,"1,675.20","1,699.59","1,673.44",3.74B,1.25%,0.0123947321238202
2006-09-13,1689.39,"1,695.35","1,713.99","1,687.05",4.30B,-0.38%,-0.003822469760230632
2006-09-14,1689.69,"1,689.63","1,696.62","1,672.88",3.39B,0.02%,0.00017756312415697723
2006-09-15,1721.05,"1,689.61","1,722.66","1,689.51",4.70B,1.86%,0.01838948952698919
2006-09-18,1732.99,"1,727.91","1,733.41","1,719.16",4.48B,0.69%,0.00691367069276007
2006-09-19,1735.24,"1,735.30","1,743.02","1,728.29",4.35B,0.13%,0.0012974919862024771
2006-09-20,1732.45,"1,733.64","1,737.73","1,720.84",3.88B,-0.16%,-0.0016091407259703077
2006-09-21,1740.9,"1,731.59","1,743.63","1,731.22",3.95B,0.49%,0.0048656292459327045
2006-09-22,1725.36,"1,744.61","1,746.62","1,724.10",4.48B,-0.89%,-0.008966496520946653
2006-09-25,1722.37,"1,722.74","1,732.28","1,709.77",4.02B,-0.17%,-0.0017344750021573007
2006-09-26,1712.64,"1,720.78","1,721.58","1,704.77",3.31B,-0.56%,-0.005665209721868885
2006-09-27,1725.04,"1,711.51","1,725.50","1,709.77",2.92B,0.72%,0.0072141989827107685
2006-09-28,1736.96,"1,725.52","1,740.79","1,722.22",3.40B,0.69%,0.0068862201639845935
2006-09-29,1752.42,"1,740.06","1,755.69","1,740.06",4.12B,0.89%,0.008861231027646474
2006-10-09,1785.38,"1,768.14","1,786.11","1,763.11",5.29B,1.88%,0.018633587916930917
2006-10-10,1784.86,"1,784.22","1,793.14","1,771.86",5.51B,-0.03%,-0.00029129694568280786
2006-10-11,1790.1,"1,784.52","1,792.76","1,771.02",4.93B,0.29%,0.0029315034308563573
2006-10-12,1778.18,"1,790.63","1,792.24","1,774.14",5.32B,-0.67%,-0.006681114901118264
2006-10-13,1784.66,"1,776.51","1,792.87","1,773.23",4.25B,0.36%,0.0036375515853421937
2006-10-16,1771.3,"1,787.70","1,789.17","1,766.31",4.68B,-0.75%,-0.007514180621818684
2006-10-17,1763.9,"1,768.63","1,777.60","1,758.31",3.93B,-0.42%,-0.004186473641119553
2006-10-18,1787.18,"1,762.40","1,787.74","1,760.88",3.68B,1.32%,0.01311169194554213
2006-10-19,1792.25,"1,788.58","1,799.29","1,784.35",4.15B,0.28%,0.002832855170008054
2006-10-20,1790.36,"1,792.60","1,801.33","1,786.34",4.15B,-0.11%,-0.0010550968011219307
2006-10-23,1759.39,"1,789.64","1,797.43","1,753.49",4.44B,-1.73%,-0.017449558885263897
2006-10-24,1805.18,"1,756.46","1,805.27","1,756.46",3.99B,2.60%,0.02569315174006828
2006-10-25,1806.65,"1,807.03","1,825.61","1,789.90",4.45B,0.08%,0.0008139918441158445
2006-10-26,1810.65,"1,804.89","1,816.76","1,791.95",4.87B,0.22%,0.0022115951844659857
2006-10-27,1807.17,"1,836.21","1,842.73","1,803.21",7.37B,-0.19%,-0.0019238110648424893
2006-10-30,1809.66,"1,804.37","1,815.61","1,788.29",4.53B,0.14%,0.0013768965604619454
2006-10-31,1837.99,"1,811.47","1,839.32","1,811.47",4.66B,1.57%,0.01553360089355737
2006-11-01,1855.71,"1,838.68","1,855.89","1,833.20",4.78B,0.96%,0.0095947889334204
2006-11-02,1851.31,"1,856.92","1,857.14","1,834.84",5.17B,-0.24%,-0.0023738755476211005
2006-11-03,1866.36,"1,851.40","1,873.66","1,850.15",4.99B,0.81%,0.008096513254247003
2006-11-06,1886.31,"1,853.19","1,886.52","1,846.01",4.95B,1.07%,0.010632529876818822
2006-11-07,1889.53,"1,889.53","1,897.41","1,862.93",5.48B,0.17%,0.0017055811584089171
2006-11-08,1866.82,"1,885.86","1,886.26","1,865.22",3.78B,-1.20%,-0.012091672340962747
2006-11-09,1896.48,"1,860.95","1,899.10","1,858.60",4.41B,1.59%,0.015763087792456366
2006-11-10,1883.35,"1,896.93","1,920.18","1,870.96",6.28B,-0.69%,-0.006947430340448417
2006-11-13,1863.77,"1,878.70","1,905.90","1,852.10",5.00B,-1.04%,-0.010450787916386475
2006-11-14,1888.24,"1,868.17","1,888.43","1,841.82",4.32B,1.31%,0.01304386019626831
2006-11-15,1922.93,"1,888.54","1,923.14","1,878.69",4.67B,1.84%,0.018204886199548857
2006-11-16,1941.55,"1,930.93","1,976.05","1,926.72",6.40B,0.97%,0.009636558653482992
2006-11-17,1971.79,"1,934.64","1,972.61","1,925.15",4.94B,1.56%,0.01545513649615879
2006-11-20,2017.28,"1,977.53","2,018.00","1,977.53",5.91B,2.31%,0.022808309729536024
2006-11-21,2037.55,"2,013.07","2,037.74","1,988.93",5.39B,1.00%,0.009998036341870287
2006-11-22,2041.36,"2,031.30","2,062.80","2,010.79",6.49B,0.19%,0.0018681466902020977
2006-11-23,2062.36,"2,045.08","2,071.24","2,042.15",6.07B,1.03%,0.010234705735665543
2006-11-24,2050.81,"2,051.47","2,057.91","2,022.62",6.12B,-0.56%,-0.005616121073536741
2006-11-27,2047.28,"2,042.19","2,049.54","2,022.38",5.78B,-0.17%,-0.0017227541967365055
2006-11-28,2038.72,"2,042.38","2,051.49","2,016.47",5.51B,-0.42%,-0.004189922918691559
2006-11-29,2054.09,"2,005.99","2,059.73","1,992.54",5.60B,0.75%,0.007510767542997152
2006-11-30,2099.29,"2,058.77","2,102.06","2,058.77",7.28B,2.20%,0.021766264835217913
2006-12-01,2102.05,"2,106.30","2,112.58","2,087.60",7.62B,0.13%,0.0013138667173029895
2006-12-04,2161.65,"2,103.82","2,164.59","2,100.56",8.72B,2.84%,0.027958759928838894
2006-12-05,2173.28,"2,167.36","2,195.53","2,159.32",8.82B,0.54%,0.005365728121700446
2006-12-06,2156.6,"2,175.38","2,192.90","2,097.42",10.43B,-0.77%,-0.007704639626208723
2006-12-07,2156.75,"2,152.59","2,206.51","2,145.79",9.93B,0.01%,6.955150871616916e-05
2006-12-08,2093.64,"2,133.36","2,164.02","2,090.40",8.09B,-2.93%,-0.029698281076877428
2006-12-11,2180.5,"2,085.06","2,181.16","2,084.27",6.27B,4.15%,0.040650030403010406
2006-12-12,2218.95,"2,189.69","2,228.64","2,180.37",7.02B,1.76%,0.017479902723533332
2006-12-13,2223.45,"2,224.43","2,244.41","2,195.64",5.75B,0.20%,0.002025932621623818
2006-12-14,2249.11,"2,226.00","2,250.32","2,212.91",5.84B,1.15%,0.011474538762197032
2006-12-15,2273.91,"2,255.24","2,275.49","2,241.20",6.06B,1.10%,0.010966234300671084
2006-12-18,2332.43,"2,277.28","2,335.23","2,277.28",7.83B,2.57%,0.025409825862208094
2006-12-19,2364.18,"2,342.18","2,381.63","2,315.99",8.71B,1.36%,0.013520596206248904
2006-12-20,2373.2,"2,356.26","2,381.13","2,332.93",7.83B,0.38%,0.0038080166251846814
2006-12-21,2342.94,"2,372.46","2,386.82","2,339.91",8.32B,-1.28%,-0.01283270439921011
2006-12-22,2343.67,"2,334.27","2,366.69","2,321.92",7.05B,0.03%,0.00031152581755425243
2006-12-25,2435.76,"2,350.13","2,452.43","2,350.13",7.39B,3.93%,0.03854074600584029
2006-12-26,2479.73,"2,437.85","2,505.70","2,424.94",7.23B,1.81%,0.017890860455739437
2006-12-27,2536.39,"2,478.06","2,538.66","2,461.07",7.21B,2.28%,0.02259212695788733
2006-12-28,2567.59,"2,538.95","2,611.79","2,530.33",7.87B,1.23%,0.01222590552009335
2006-12-29,2675.47,"2,585.42","2,698.90","2,585.42",8.68B,4.20%,0.041157350088692084
2007-01-04,2715.72,"2,728.19","2,847.61","2,684.82",12.02B,1.50%,0.01493204574957036
2007-01-05,2641.33,"2,668.58","2,685.80","2,617.02",10.62B,-2.74%,-0.0277745334200142
2007-01-08,2707.2,"2,621.07","2,708.44","2,620.62",10.68B,2.49%,0.024632312251263062
2007-01-09,2807.8,"2,711.05","2,809.39","2,691.36",11.08B,3.72%,0.03648636812594675
2007-01-10,2825.58,"2,838.11","2,841.74","2,770.99",11.18B,0.63%,0.006312394704044506
2007-01-11,2770.11,"2,819.37","2,841.18","2,763.89",12.16B,-1.96%,-0.0198266226576438
2007-01-12,2668.11,"2,745.32","2,782.03","2,652.58",10.73B,-3.68%,-0.03751667401333752
2007-01-15,2794.7,"2,660.07","2,795.33","2,658.88",9.18B,4.74%,0.04635440973158382
2007-01-16,2821.02,"2,818.66","2,830.80","2,757.20",11.12B,0.94%,0.009373755358875684
2007-01-17,2778.9,"2,828.40","2,870.42","2,742.59",12.74B,-1.49%,-0.015043355733282074
2007-01-18,2756.98,"2,760.94","2,784.04","2,679.70",11.23B,-0.79%,-0.007919288192485927
2007-01-19,2832.21,"2,761.89","2,833.45","2,761.89",12.21B,2.73%,0.026921447871213786
2007-01-22,2933.19,"2,857.90","2,934.65","2,857.90",13.86B,3.57%,0.03503324236113881
2007-01-23,2949.14,"2,964.69","2,970.68","2,851.92",14.28B,0.54%,0.005423034440381657
2007-01-24,2975.13,"2,955.42","2,994.28","2,927.72",12.21B,0.88%,0.008774133095674905
2007-01-25,2857.36,"2,946.50","2,947.15","2,853.82",11.72B,-3.96%,-0.040389613911053696
2007-01-26,2882.56,"2,805.96","2,905.98","2,720.83",10.96B,0.88%,0.008780666598145755
2007-01-29,2945.26,"2,897.25","2,954.34","2,885.86",11.21B,2.18%,0.021518310226870896
2007-01-30,2930.56,"2,959.40","2,980.51","2,901.76",11.19B,-0.50%,-0.005003567389301805
2007-01-31,2786.34,"2,926.07","2,929.65","2,766.75",11.43B,-4.92%,-0.050464624369794354
2007-02-01,2785.43,"2,744.81","2,801.69","2,706.29",9.34B,-0.03%,-0.00032664665199449484
2007-02-02,2673.21,"2,791.49","2,796.44","2,666.86",8.54B,-4.03%,-0.04112226254201464
2007-02-05,2612.54,"2,658.07","2,672.35","2,610.33",6.92B,-2.27%,-0.022957069304233673
2007-02-06,2675.7,"2,612.84","2,677.04","2,541.53",8.66B,2.42%,0.02388810017963251
2007-02-07,2716.18,"2,688.96","2,745.39","2,681.33",9.49B,1.51%,0.015015453074548744
2007-02-08,2737.73,"2,725.14","2,751.16","2,691.27",8.84B,0.79%,0.007902628445439697
2007-02-09,2730.39,"2,741.48","2,747.94","2,704.36",8.09B,-0.27%,-0.002684653741507073
2007-02-12,2807.17,"2,729.84","2,807.51","2,728.78",7.90B,2.81%,0.027732402287790916
2007-02-13,2831.87,"2,819.14","2,835.09","2,801.31",7.90B,0.88%,0.0087604123986459
2007-02-14,2905.09,"2,836.82","2,915.06","2,823.38",9.40B,2.59%,0.025527100068044692
2007-02-15,2993.01,"2,923.67","2,994.62","2,923.67",10.88B,3.03%,0.029815199103185204
2007-02-16,2998.47,"3,018.18","3,036.35","2,975.83",11.79B,0.18%,0.0018225885795935955
2007-02-26,3040.6,"2,999.09","3,041.34","2,960.74",11.21B,1.41%,0.013952705790722893
2007-02-27,2771.79,"3,048.83","3,049.77","2,763.39",16.14B,-8.84%,-0.09256154348244934
2007-02-28,2881.07,"2,734.59","2,888.90","2,732.88",12.15B,3.94%,0.03866843204412801
2007-03-01,2797.19,"2,877.20","2,878.36","2,760.91",12.74B,-2.91%,-0.029546411088667734
2007-03-02,2831.53,"2,792.94","2,846.16","2,777.80",9.39B,1.23%,0.012201859768927004
2007-03-05,2785.31,"2,827.68","2,858.44","2,723.07",10.69B,-1.63%,-0.01645802382939372
2007-03-06,2840.18,"2,776.17","2,866.33","2,756.96",7.70B,1.97%,0.019508252669216915
2007-03-07,2896.59,"2,851.75","2,911.42","2,849.65",8.79B,1.99%,0.01966675260888654
2007-03-08,2928.01,"2,904.18","2,928.80","2,871.46",8.90B,1.08%,0.01078882833853352
2007-03-09,2937.91,"2,934.49","2,962.42","2,891.81",10.71B,0.34%,0.0033754328049731552
2007-03-12,2954.91,"2,945.92","2,958.63","2,904.74",10.15B,0.58%,0.005769749342697534
2007-03-13,2964.79,"2,958.10","2,966.19","2,932.23",10.72B,0.33%,0.0033380100930231428
2007-03-14,2906.33,"2,933.68","2,934.45","2,868.81",11.37B,-1.97%,-0.01991508677808133
2007-03-15,2951.7,"2,905.98","2,955.46","2,905.98",10.17B,1.56%,0.015490158701300263
2007-03-16,2930.48,"2,964.09","2,979.71","2,899.03",12.27B,-0.72%,-0.007215043420563691
2007-03-19,3014.44,"2,864.26","3,038.00","2,852.86",11.00B,2.87%,0.028247842813803294
2007-03-20,3032.2,"3,024.78","3,033.02","2,998.80",9.28B,0.59%,0.005874353714412231
2007-03-21,3057.38,"3,042.10","3,057.71","3,020.95",9.92B,0.83%,0.00826991139220217
2007-03-22,3071.22,"3,080.60","3,099.82","3,059.38",12.61B,0.45%,0.004516536738230047
2007-03-23,3074.29,"3,071.81","3,085.32","3,008.15",11.87B,0.10%,0.0009991034935669149
2007-03-26,3122.81,"3,083.94","3,123.18","3,069.47",12.27B,1.58%,0.01565925722391545
2007-03-27,3138.83,"3,126.03","3,145.04","3,103.78",12.46B,0.51%,0.005116881505034111
2007-03-28,3173.02,"3,140.68","3,180.33","3,052.08",16.73B,1.09%,0.010833696746008327
2007-03-29,3197.54,"3,179.80","3,273.73","3,176.53",14.95B,0.77%,0.007697948401573473
2007-03-30,3183.98,"3,178.50","3,212.39","3,157.03",8.94B,-0.42%,-0.004249777610501242
2007-04-02,3252.59,"3,196.59","3,253.43","3,196.59",9.74B,2.15%,0.021319615488604986
2007-04-03,3291.3,"3,265.68","3,292.58","3,251.52",10.86B,1.19%,0.01183102146543964
2007-04-04,3291.54,"3,295.98","3,308.15","3,266.56",11.26B,0.01%,7.291685658665354e-05
2007-04-05,3319.14,"3,286.16","3,326.92","3,259.63",11.45B,0.84%,0.008350172862157439
2007-04-06,3323.59,"3,287.68","3,334.22","3,273.86",11.96B,0.13%,0.0013398107903469228
2007-04-09,3398.95,"3,333.42","3,399.51","3,333.26",13.73B,2.27%,0.022421036378388923
2007-04-10,3444.29,"3,405.23","3,444.37","3,351.11",14.78B,1.33%,0.013251227037066746
2007-04-11,3495.22,"3,454.42","3,497.52","3,428.78",14.76B,1.48%,0.014678533337964428
2007-04-12,3531.03,"3,503.23","3,532.86","3,488.08",13.54B,1.02%,0.010193292314948641
2007-04-13,3518.27,"3,537.22","3,563.86","3,504.16",15.07B,-0.36%,-0.0036202215641406707
2007-04-16,3596.44,"3,523.22","3,597.22","3,523.22",13.10B,2.22%,0.021975075777236817
2007-04-17,3611.87,"3,611.63","3,622.89","3,510.50",16.07B,0.43%,0.00428117646642643
2007-04-18,3612.4,"3,614.68","3,623.87","3,564.23",15.05B,0.01%,0.00014672762810657964
2007-04-19,3449.02,"3,610.02","3,617.44","3,358.93",17.27B,-4.52%,-0.046282238674359995
2007-04-20,3584.2,"3,460.90","3,591.46","3,460.90",13.89B,3.92%,0.0384451644070045
2007-04-23,3710.89,"3,615.79","3,710.89","3,615.79",16.35B,3.53%,0.03473644290595205
2007-04-24,3720.53,"3,736.15","3,762.39","3,689.13",17.44B,0.26%,0.0025943912219007193
2007-04-25,3743.96,"3,708.57","3,769.25","3,653.99",15.18B,0.63%,0.006277743542586037
2007-04-26,3783.06,"3,766.48","3,784.68","3,732.60",11.73B,1.04%,0.010389331155758299
2007-04-27,3759.87,"3,788.75","3,802.92","3,720.60",13.22B,-0.61%,-0.006148823617341157
2007-04-30,3841.27,"3,784.27","3,851.35","3,759.48",14.65B,2.16%,0.021418658751459693
2007-05-08,3950.01,"3,937.94","3,964.71","3,901.33",16.06B,2.83%,0.02791506946792857
2007-05-09,4013.09,"3,961.10","4,015.22","3,875.38",20.84B,1.60%,0.01584340758978668
2007-05-10,4049.7,"4,021.42","4,072.14","3,991.48",17.11B,0.91%,0.009081286155571834
2007-05-11,4021.68,"4,024.42","4,039.67","3,949.37",14.06B,-0.69%,-0.006943078522312635
2007-05-14,4046.39,"3,970.66","4,081.43","3,940.36",13.93B,0.61%,0.006125399819526148
2007-05-15,3899.18,"4,055.83","4,069.85","3,891.36",15.67B,-3.64%,-0.03705885097960089
2007-05-16,3986.04,"3,890.81","3,987.41","3,845.23",13.17B,2.23%,0.022031982244815236
2007-05-17,4048.29,"4,002.49","4,064.28","3,982.99",13.93B,1.56%,0.015496312872143423
2007-05-18,4030.26,"4,041.39","4,052.10","3,999.16",13.08B,-0.45%,-0.004463679728777103
2007-05-21,4072.22,"3,902.35","4,083.42","3,892.97",15.62B,1.04%,0.01035741528715206
2007-05-22,4110.38,"4,091.14","4,136.63","4,086.82",17.36B,0.94%,0.009327176361443855
2007-05-23,4173.71,"4,125.43","4,175.44","4,093.91",16.14B,1.54%,0.015289846866962374
2007-05-24,4151.13,"4,188.68","4,208.39","4,089.39",18.10B,-0.54%,-0.0054247421868373735
2007-05-25,4179.78,"4,133.19","4,190.47","4,111.26",15.42B,0.69%,0.0068780272373583475
2007-05-28,4272.11,"4,221.58","4,283.93","4,215.24",17.86B,2.21%,0.021849236817435273
2007-05-29,4334.92,"4,288.98","4,335.96","4,262.02",17.21B,1.47%,0.014595305231557635
2007-05-30,4053.09,"4,087.41","4,275.24","4,015.51",18.56B,-6.50%,-0.06722360244849199
2007-05-31,4109.65,"4,006.28","4,178.11","3,858.04",17.31B,1.40%,0.0138583135580022
2007-06-01,4000.74,"4,120.63","4,181.28","3,966.98",16.09B,-2.65%,-0.026858522721629523
2007-06-04,3670.4,"3,981.82","3,987.27","3,659.09",11.49B,-8.26%,-0.08617869605658635
2007-06-05,3767.1,"3,564.43","3,768.56","3,404.15",15.71B,2.63%,0.026004826727976185
2007-06-06,3776.32,"3,781.38","3,821.70","3,682.79",14.59B,0.24%,0.002444515774356008
2007-06-07,3890.8,"3,787.70","3,891.40","3,779.50",14.24B,3.03%,0.029864801557901468
2007-06-08,3913.14,"3,900.03","3,935.79","3,852.05",13.59B,0.57%,0.005725328750416634
2007-06-11,3995.68,"3,942.01","4,000.42","3,930.74",13.38B,2.11%,0.020873656736081322
2007-06-12,4072.14,"4,011.68","4,073.18","3,910.00",14.95B,1.91%,0.018954882297046796
2007-06-13,4176.48,"4,110.74","4,193.45","4,102.04",16.69B,2.56%,0.025300126706993765
2007-06-14,4115.21,"4,162.21","4,179.73","4,085.78",13.84B,-1.47%,-0.014778920869978722
2007-06-15,4132.87,"4,085.66","4,152.54","4,067.36",10.87B,0.43%,0.004282215251666737
2007-06-18,4253.35,"4,195.39","4,267.74","4,193.31",12.90B,2.92%,0.02873482685077975
2007-06-19,4269.52,"4,247.74","4,280.85","4,209.57",12.46B,0.38%,0.0037945010076701606
2007-06-20,4181.32,"4,269.45","4,312.00","4,164.27",13.52B,-2.07%,-0.02087442258447705
2007-06-21,4230.82,"4,170.89","4,256.54","4,147.05",11.29B,1.18%,0.011768841539586837
2007-06-22,4091.45,"4,230.97","4,249.43","4,024.49",11.97B,-3.29%,-0.03349639724535088
2007-06-25,3941.08,"4,102.79","4,131.13","3,912.42",10.16B,-3.68%,-0.03744463303035579
2007-06-26,3973.37,"3,863.25","3,976.19","3,818.85",9.38B,0.82%,0.008159803691206032
2007-06-27,4078.6,"3,985.72","4,090.72","3,948.29",9.51B,2.65%,0.026139191161675606
2007-06-28,3914.2,"4,080.19","4,113.28","3,912.81",9.78B,-4.03%,-0.04114282598737805
2007-06-29,3820.7,"3,824.29","3,919.34","3,779.81",8.61B,-2.39%,-0.02417731438446034
2007-07-02,3836.29,"3,800.23","3,859.86","3,724.19",7.43B,0.41%,0.00407210184231488
2007-07-03,3899.72,"3,854.72","3,906.76","3,821.46",6.97B,1.65%,0.0163990019398445
2007-07-04,3816.16,"3,906.01","3,916.47","3,800.28",5.65B,-2.14%,-0.021660074258200844
2007-07-05,3615.87,"3,769.64","3,778.40","3,614.53",6.34B,-5.25%,-0.05391219087199787
2007-07-06,3781.35,"3,599.82","3,785.35","3,563.54",8.07B,4.58%,0.044748598172077686
2007-07-09,3883.22,"3,809.67","3,900.90","3,782.73",8.35B,2.69%,0.026583617640056737
2007-07-10,3853.02,"3,895.91","3,929.42","3,841.80",7.66B,-0.78%,-0.007807449977371345
2007-07-11,3865.72,"3,837.80","3,879.29","3,812.14",5.14B,0.33%,0.0032906954918412953
2007-07-12,3915.99,"3,874.04","3,925.60","3,861.04",5.52B,1.30%,0.012920219156017912
2007-07-13,3914.39,"3,920.83","3,935.51","3,878.18",4.60B,-0.04%,-0.0004086647192773429
2007-07-16,3821.92,"3,920.65","3,931.87","3,820.57",4.76B,-2.36%,-0.02390659217006431
2007-07-17,3896.19,"3,809.56","3,919.78","3,767.22",4.87B,1.94%,0.0192462384088032
2007-07-18,3930.06,"3,880.85","3,971.61","3,861.91",6.29B,0.87%,0.008655540381884447
2007-07-19,3912.94,"3,918.54","3,947.33","3,887.59",4.87B,-0.44%,-0.004365683333189765
2007-07-20,4058.85,"3,918.41","4,062.12","3,918.41",8.31B,3.73%,0.03661067265189682
2007-07-23,4213.36,"4,091.24","4,220.32","4,091.24",12.17B,3.81%,0.03736074688558961
2007-07-24,4210.33,"4,238.32","4,284.83","4,192.72",11.10B,-0.07%,-0.0007193997240348733
2007-07-25,4323.97,"4,212.95","4,325.38","4,212.23",9.40B,2.70%,0.026632932312080106
2007-07-26,4346.46,"4,347.78","4,371.51","4,304.19",9.92B,0.52%,0.005187758955237509
2007-07-27,4345.36,"4,315.37","4,357.34","4,268.79",10.02B,-0.03%,-0.00025311154760978465
2007-07-30,4440.77,"4,348.61","4,450.19","4,345.79",11.26B,2.20%,0.021719175691283385
2007-07-31,4471.03,"4,432.27","4,476.63","4,379.20",10.86B,0.68%,0.006791022306176725
2007-08-01,4300.56,"4,488.77","4,502.30","4,284.87",12.63B,-3.81%,-0.03887356035949713
2007-08-02,4407.73,"4,316.57","4,431.85","4,290.81",9.83B,2.49%,0.02461457092788094
2007-08-03,4560.77,"4,440.98","4,562.69","4,438.96",11.51B,3.47%,0.03413165121421778
2007-08-06,4628.11,"4,600.12","4,629.97","4,564.31",11.17B,1.48%,0.014657108495200213
2007-08-07,4651.23,"4,642.01","4,687.44","4,581.29",11.62B,0.50%,0.004983123334642096
2007-08-08,4663.16,"4,614.59","4,711.32","4,568.69",11.89B,0.26%,0.002561629161687668
2007-08-09,4754.1,"4,658.59","4,768.89","4,658.59",9.77B,1.95%,0.019314073722973866
2007-08-10,4749.37,"4,745.18","4,769.62","4,640.77",10.19B,-0.10%,-0.0009954259634785201
2007-08-13,4820.06,"4,768.62","4,872.55","4,728.89",11.42B,1.49%,0.01477439844655498
2007-08-14,4872.78,"4,820.15","4,876.85","4,789.90",8.86B,1.09%,0.010878239997550875
2007-08-15,4869.88,"4,875.51","4,916.31","4,762.72",9.05B,-0.06%,-0.0005953199815343474
2007-08-16,4765.45,"4,845.02","4,845.02","4,710.31",9.05B,-2.14%,-0.021677324871807874
2007-08-17,4656.57,"4,733.14","4,814.37","4,646.43",9.12B,-2.28%,-0.023112845645516206
2007-08-20,4904.85,"4,773.83","4,906.00","4,758.40",9.92B,5.33%,0.05194538589345748
2007-08-21,4955.21,"4,944.21","4,982.98","4,917.82",10.42B,1.03%,0.01021503680681829
2007-08-22,4980.07,"4,876.35","4,999.19","4,861.27",10.81B,0.50%,0.0050043988458933625
2007-08-23,5032.49,"5,002.84","5,050.38","4,968.33",9.93B,1.05%,0.010470944283207584
2007-08-24,5107.67,"5,070.65","5,125.36","5,052.24",10.90B,1.49%,0.014828440095553664
2007-08-27,5150.12,"5,144.82","5,192.06","5,092.08",11.62B,0.83%,0.008276683833620535
2007-08-28,5194.69,"5,134.14","5,209.51","5,058.45",10.54B,0.87%,0.008616934633373966
2007-08-29,5109.43,"5,147.71","5,204.53","5,063.41",10.08B,-1.64%,-0.016549098002790787
2007-08-30,5167.88,"5,144.11","5,186.53","5,109.66",10.12B,1.14%,0.011374694390836824
2007-08-31,5218.82,"5,184.09","5,235.16","5,158.37",10.36B,0.99%,0.00980877630425021
2007-09-03,5321.06,"5,257.78","5,327.54","5,257.78",12.58B,1.96%,0.019401208925858133
2007-09-04,5294.05,"5,333.40","5,357.93","5,265.00",12.04B,-0.51%,-0.005088983211948644
2007-09-05,5310.72,"5,296.07","5,337.93","5,223.67",9.62B,0.31%,0.0031438708676219665
2007-09-06,5393.66,"5,336.67","5,412.32","5,314.34",10.70B,1.56%,0.015496770448989219
2007-09-07,5277.18,"5,381.19","5,405.36","5,269.25",11.98B,-2.16%,-0.021832325599520377
2007-09-10,5355.29,"5,208.32","5,356.86","5,169.90",10.24B,1.48%,0.01469299329698906
2007-09-11,5113.97,"5,362.94","5,395.04","5,093.92",11.01B,-4.51%,-0.04610884682643744
2007-09-12,5172.63,"5,092.58","5,192.30","5,025.34",9.71B,1.15%,0.011405252633908873
2007-09-13,5273.59,"5,193.41","5,276.77","5,178.87",8.65B,1.95%,0.01933008181711281
2007-09-14,5312.18,"5,290.26","5,324.44","5,201.85",9.47B,0.73%,0.007290952088900546
2007-09-17,5421.39,"5,309.06","5,427.17","5,307.77",10.56B,2.06%,0.02034994299431129
2007-09-18,5425.21,"5,446.73","5,458.58","5,339.92",10.27B,0.07%,0.0007043682182316834
2007-09-19,5395.27,"5,439.02","5,447.36","5,336.07",8.97B,-0.55%,-0.00553396455771755
2007-09-20,5470.06,"5,408.48","5,482.43","5,396.11",8.65B,1.39%,0.013766941498096428
2007-09-21,5454.67,"5,482.51","5,489.07","5,363.35",9.28B,-0.28%,-0.0028174627987341983
2007-09-24,5485.01,"5,469.84","5,506.06","5,404.42",8.18B,0.56%,0.005546794383201237
2007-09-25,5425.88,"5,500.27","5,509.23","5,396.48",9.65B,-1.08%,-0.010838818626438956
2007-09-26,5338.52,"5,407.83","5,463.90","5,320.02",6.36B,-1.61%,-0.016231637253243336
2007-09-27,5409.4,"5,338.11","5,411.19","5,306.82",5.89B,1.33%,0.01318971997785965
2007-09-28,5552.3,"5,461.58","5,560.42","5,461.58",8.06B,2.64%,0.026074075349055106
2007-10-08,5692.76,"5,683.31","5,729.96","5,620.00",9.60B,2.53%,0.024982935718536384
2007-10-09,5715.89,"5,678.91","5,725.41","5,628.35",8.33B,0.41%,0.004054823610359599
2007-10-10,5771.46,"5,742.65","5,860.86","5,727.24",9.24B,0.97%,0.009675065785802133
2007-10-11,5913.23,"5,798.39","5,914.77","5,755.99",9.47B,2.46%,0.024267131985525523
2007-10-12,5903.26,"5,950.90","5,959.36","5,658.81",11.91B,-0.17%,-0.00168747273781812
2007-10-15,6030.09,"5,934.77","6,039.04","5,866.13",9.87B,2.15%,0.021257195311620188
2007-10-16,6092.06,"6,056.95","6,124.04","6,040.71",8.82B,1.03%,0.010224347965840198
2007-10-17,6036.28,"6,057.43","6,088.89","5,982.20",7.13B,-0.92%,-0.009198355800342818
2007-10-18,5825.28,"6,031.92","6,055.47","5,804.97",6.98B,-3.50%,-0.035580861200312904
2007-10-19,5818.05,"5,869.12","5,932.11","5,766.86",5.52B,-0.12%,-0.001241912911386036
2007-10-22,5667.33,"5,742.79","5,804.84","5,654.91",5.44B,-2.59%,-0.026247046693858318
2007-10-23,5773.39,"5,660.07","5,776.02","5,574.84",5.85B,1.87%,0.01854132229971815
2007-10-24,5843.11,"5,804.02","5,906.69","5,793.56",6.03B,1.21%,0.012003759680165442
2007-10-25,5562.39,"5,794.22","5,819.88","5,546.04",7.17B,-4.80%,-0.049235317324743635
2007-10-26,5589.63,"5,498.86","5,628.83","5,462.01",5.15B,0.49%,0.004885223336122565
2007-10-29,5748.0,"5,641.98","5,750.25","5,617.98",5.02B,2.83%,0.027938872864729725
2007-10-30,5897.19,"5,769.20","5,899.65","5,701.34",5.43B,2.60%,0.025623998055308676
2007-10-31,5954.77,"5,984.71","6,002.12","5,871.48",7.10B,0.98%,0.009716612783411575
2007-11-01,5914.28,"5,978.94","6,005.13","5,912.50",6.49B,-0.68%,-0.0068228134635848585
2007-11-02,5777.81,"5,812.47","5,860.59","5,740.40",5.95B,-2.31%,-0.023345047439179673
2007-11-05,5634.45,"5,748.18","5,787.23","5,603.47",6.41B,-2.48%,-0.025125179683694984
2007-11-06,5536.57,"5,593.35","5,649.75","5,510.16",4.51B,-1.74%,-0.017524363026191835
2007-11-07,5601.78,"5,565.65","5,610.95","5,469.76",4.27B,1.18%,0.01170922893523413
2007-11-08,5330.02,"5,559.15","5,559.15","5,328.20",4.89B,-4.85%,-0.04972941386215219
2007-11-09,5315.54,"5,276.01","5,382.70","5,217.63",4.73B,-0.27%,-0.0027203846354587427
2007-11-12,5187.73,"5,181.18","5,250.09","5,032.58",5.26B,-2.40%,-0.024338383957127296
2007-11-13,5158.12,"5,239.34","5,311.70","5,085.44",4.92B,-0.57%,-0.0057240499034820255
2007-11-14,5412.69,"5,246.57","5,414.61","5,165.06",5.10B,4.94%,0.04817402461871578
2007-11-15,5365.27,"5,391.02","5,453.74","5,338.90",4.78B,-0.88%,-0.008799495633977807
2007-11-16,5316.27,"5,273.08","5,335.51","5,224.31",3.74B,-0.91%,-0.009174771375651704
2007-11-19,5269.82,"5,325.30","5,333.09","5,240.42",4.11B,-0.87%,-0.008775723256714964
2007-11-20,5293.7,"5,230.74","5,338.17","5,158.54",4.91B,0.45%,0.004521227901035786
2007-11-21,5214.23,"5,307.79","5,344.93","5,206.57",4.12B,-1.50%,-0.015126007728726748
2007-11-22,4984.16,"5,113.88","5,154.86","4,969.89",4.04B,-4.41%,-0.04512654284593895
2007-11-23,5032.13,"4,946.26","5,034.23","4,896.99",3.09B,0.96%,0.00957847002401554
2007-11-26,4958.85,"5,102.53","5,124.89","4,952.43",3.68B,-1.46%,-0.01466949470697995
2007-11-27,4861.11,"4,919.91","4,947.08","4,857.04",3.08B,-1.97%,-0.019907052119688805
2007-11-28,4803.39,"4,870.84","4,907.76","4,778.73",3.28B,-1.19%,-0.011944888259274172
2007-11-29,5003.33,"4,870.86","5,011.19","4,814.78",5.01B,4.16%,0.04078177211784557
2007-11-30,4871.78,"4,993.74","4,993.74","4,861.86",4.33B,-2.63%,-0.026644317359919234
2007-12-03,4868.61,"4,838.56","4,899.67","4,798.01",5.38B,-0.07%,-0.0006508979849717213
2007-12-04,4915.89,"4,882.15","4,971.40","4,882.15",4.28B,0.97%,0.009664340128435879
2007-12-05,5042.65,"4,917.36","5,052.75","4,893.32",5.43B,2.58%,0.02545892201495797
2007-12-06,5035.07,"5,055.84","5,065.51","4,995.47",4.32B,-0.15%,-0.0015043087979079613
2007-12-07,5091.76,"5,038.48","5,096.80","5,021.37",5.00B,1.13%,0.01119611807199498
2007-12-10,5161.92,"5,010.83","5,168.76","4,990.72",6.88B,1.38%,0.013685056480175397
2007-12-11,5175.08,"5,180.54","5,209.70","5,103.75",6.68B,0.25%,0.0025461946618566753
2007-12-12,5095.54,"5,148.25","5,149.93","5,054.56",7.22B,-1.54%,-0.015489150649561299
2007-12-13,4958.04,"5,078.18","5,095.15","4,954.36",6.73B,-2.70%,-0.027355145969865085
2007-12-14,5007.91,"4,899.75","5,011.20","4,860.16",5.31B,1.01%,0.010008161040589882
2007-12-17,4876.76,"5,007.28","5,007.35","4,874.62",6.35B,-2.62%,-0.02653759745354575
2007-12-18,4836.17,"4,856.47","4,905.49","4,812.16",4.06B,-0.83%,-0.008357979783043102
2007-12-19,4941.78,"4,878.07","4,960.42","4,868.35",5.63B,2.18%,0.02160250503169164
2007-12-20,5043.53,"4,965.29","5,050.78","4,923.30",5.77B,2.06%,0.020380643559876382
2007-12-21,5101.78,"5,017.19","5,112.39","5,013.76",6.61B,1.15%,0.01148326469966284
2007-12-24,5234.26,"5,132.91","5,284.34","5,104.65",8.51B,2.60%,0.02563597962984561
2007-12-25,5201.18,"5,233.18","5,254.40","5,178.80",7.10B,-0.63%,-0.006339955153635847
2007-12-26,5233.35,"5,209.03","5,262.59","5,158.76",7.45B,0.62%,0.0061660854732994794
2007-12-27,5308.89,"5,248.22","5,316.52","5,203.50",8.73B,1.44%,0.014331165459556042
2007-12-28,5261.56,"5,320.01","5,336.50","5,248.69",7.72B,-0.89%,-0.008955213128172346
2008-01-02,5272.81,"5,265.00","5,295.02","5,201.89",7.66B,0.21%,0.002135866554298987
2008-01-03,5319.86,"5,269.80","5,321.46","5,211.05",9.85B,0.89%,0.008883559937672895
2008-01-04,5361.57,"5,328.41","5,372.46","5,318.46",8.09B,0.78%,0.007809855422768758
2008-01-07,5393.34,"5,357.45","5,403.35","5,332.60",9.19B,0.59%,0.005908016414833492
2008-01-08,5386.53,"5,414.56","5,480.07","5,344.65",10.25B,-0.13%,-0.001263466239560841
2008-01-09,5435.81,"5,365.22","5,437.76","5,346.85",7.68B,0.91%,0.009107150691488024
2008-01-10,5456.54,"5,449.16","5,483.83","5,407.31",9.66B,0.38%,0.003806345743292532
2008-01-11,5484.68,"5,471.39","5,500.06","5,423.81",8.77B,0.52%,0.005143861844852008
2008-01-14,5497.9,"5,507.58","5,522.78","5,456.93",7.87B,0.24%,0.0024074500499984396
2008-01-15,5443.79,"5,503.93","5,505.03","5,405.60",8.07B,-0.98%,-0.009890691677800285
2008-01-16,5290.61,"5,395.28","5,396.04","5,288.77",8.93B,-2.81%,-0.02854195833612136
2008-01-17,5151.63,"5,235.91","5,312.29","5,039.79",9.89B,-2.63%,-0.026620381678645146
2008-01-18,5180.51,"5,141.37","5,187.60","5,093.13",6.86B,0.56%,0.005590337570494447
2008-01-21,4914.44,"5,188.80","5,200.93","4,891.28",7.56B,-5.14%,-0.052725696843360204
2008-01-22,4559.75,"4,818.00","4,818.00","4,511.95",9.25B,-7.22%,-0.07491001271808287
2008-01-23,4703.05,"4,572.90","4,705.07","4,510.50",8.80B,3.14%,0.030943436956227834
2008-01-24,4717.73,"4,753.44","4,767.80","4,625.46",9.00B,0.31%,0.0031165172908915752
2008-01-25,4761.69,"4,716.98","4,806.89","4,657.71",7.79B,0.93%,0.009274895538543427
2008-01-28,4419.29,"4,720.56","4,720.56","4,409.08",6.94B,-7.19%,-0.07462359754512873
2008-01-29,4457.94,"4,426.27","4,517.60","4,389.52",5.04B,0.87%,0.008707726220398644
2008-01-30,4417.85,"4,505.64","4,554.34","4,330.70",5.51B,-0.90%,-0.009033623515845976
2008-01-31,4383.39,"4,408.02","4,487.32","4,368.30",4.51B,-0.78%,-0.007830754778301467
2008-02-01,4320.77,"4,388.25","4,411.70","4,195.75",5.93B,-1.43%,-0.014388770514989001
2008-02-04,4672.17,"4,415.02","4,672.21","4,415.02",6.34B,8.13%,0.07819000473647071
2008-02-05,4599.7,"4,622.54","4,662.97","4,550.43",5.26B,-1.55%,-0.015632547873238548
2008-02-13,4490.72,"4,525.03","4,547.54","4,454.64",3.69B,-2.37%,-0.023978038731101416
2008-02-14,4552.32,"4,527.05","4,576.98","4,507.94",3.49B,1.37%,0.013623947877061565
2008-02-15,4497.13,"4,523.79","4,523.79","4,431.46",4.14B,-1.21%,-0.012197577591224746
2008-02-18,4568.15,"4,546.75","4,601.22","4,517.60",5.58B,1.58%,0.015668893410694405
2008-02-19,4664.3,"4,582.28","4,665.55","4,544.94",6.07B,2.10%,0.0208294605071445
2008-02-20,4567.03,"4,682.59","4,695.80","4,556.81",6.65B,-2.09%,-0.021074666404699252
2008-02-21,4527.18,"4,534.17","4,568.21","4,452.68",6.13B,-0.87%,-0.008763873950105227
2008-02-22,4370.28,"4,500.39","4,500.39","4,333.03",6.76B,-3.47%,-0.03527214881332649
2008-02-25,4192.53,"4,370.19","4,391.33","4,182.77",5.88B,-4.07%,-0.04152270995675392
2008-02-26,4238.18,"4,302.73","4,331.64","4,123.31",5.57B,1.09%,0.010829561484031655
2008-02-27,4334.05,"4,256.53","4,360.70","4,222.46",5.05B,2.26%,0.02236850792556431
2008-02-28,4299.51,"4,343.28","4,344.93","4,265.50",4.79B,-0.80%,-0.008001377016331232
2008-02-29,4348.54,"4,293.53","4,364.81","4,275.90",4.78B,1.14%,0.011339093861644604
2008-03-03,4438.27,"4,323.70","4,456.96","4,279.35",7.85B,2.06%,0.020424504295648217
2008-03-04,4335.45,"4,454.18","4,472.15","4,321.27",8.70B,-2.32%,-0.023439249801860313
2008-03-05,4292.65,"4,316.25","4,352.82","4,210.96",7.41B,-0.99%,-0.009921153223504817
2008-03-06,4360.99,"4,310.35","4,427.50","4,260.79",8.49B,1.59%,0.01579483795606776
2008-03-07,4300.52,"4,315.81","4,341.30","4,265.83",5.67B,-1.39%,-0.013963150185344208
2008-03-10,4146.3,"4,265.61","4,265.61","4,120.53",6.57B,-3.59%,-0.036519575324650236
2008-03-11,4165.88,"4,121.65","4,165.91","4,063.47",5.13B,0.47%,0.004711167519228544
2008-03-12,4070.12,"4,254.67","4,272.98","4,068.78",5.72B,-2.30%,-0.02325505476583996
2008-03-13,3971.26,"4,033.32","4,055.45","3,902.25",6.37B,-2.43%,-0.02458905835208833
2008-03-14,3962.67,"3,956.75","4,000.78","3,891.70",4.14B,-0.22%,-0.0021653842059263326
2008-03-17,3820.05,"3,941.26","3,941.26","3,813.00",4.91B,-3.60%,-0.03665452895326834
2008-03-18,3668.9,"3,789.57","3,862.77","3,607.25",5.79B,-3.96%,-0.04037162191928698
2008-03-19,3761.61,"3,746.05","3,813.89","3,677.82",6.16B,2.53%,0.0249551676245778
2008-03-20,3804.05,"3,721.50","3,857.62","3,516.33",7.33B,1.13%,0.011219231412296813
2008-03-21,3796.58,"3,790.11","3,838.06","3,746.39",6.51B,-0.20%,-0.0019656271664709917
2008-03-24,3626.19,"3,830.35","3,840.48","3,624.94",5.90B,-4.49%,-0.045918151191200386
2008-03-25,3629.62,"3,559.94","3,659.21","3,521.53",5.28B,0.09%,0.0009454493035233679
2008-03-26,3606.86,"3,644.13","3,698.32","3,591.11",4.63B,-0.63%,-0.006290371851710446
2008-03-27,3411.49,"3,541.28","3,541.28","3,407.90",5.51B,-5.42%,-0.055688441742651806
2008-03-28,3580.15,"3,378.63","3,590.75","3,357.23",6.33B,4.94%,0.048255552969055836
2008-03-31,3472.71,"3,465.91","3,555.82","3,445.56",4.71B,-3.00%,-0.030469429996392763
2008-04-01,3329.16,"3,461.09","3,493.13","3,308.90",5.48B,-4.13%,-0.04221524906065059
2008-04-02,3347.88,"3,370.60","3,464.53","3,283.64",6.55B,0.56%,0.005607289771822401
2008-04-03,3446.24,"3,323.43","3,456.95","3,271.29",5.09B,2.94%,0.028956471955936064
2008-04-07,3599.62,"3,418.52","3,613.48","3,386.51",6.10B,4.45%,0.04354450268822121
2008-04-08,3612.54,"3,604.26","3,656.96","3,563.85",6.55B,0.36%,0.003582841706479914
2008-04-09,3413.91,"3,585.85","3,606.89","3,413.07",5.99B,-5.50%,-0.056552864055509064
2008-04-10,3471.74,"3,378.14","3,474.31","3,344.87",4.55B,1.69%,0.016797647215370953
2008-04-11,3492.89,"3,498.55","3,517.82","3,462.14",4.33B,0.61%,0.006073564572816976
2008-04-14,3296.67,"3,419.05","3,427.88","3,285.30",5.03B,-5.62%,-0.057816605685942137
2008-04-15,3348.35,"3,282.57","3,349.76","3,212.15",4.47B,1.57%,0.015554819098850458
2008-04-16,3291.6,"3,349.93","3,363.22","3,283.08",4.01B,-1.69%,-0.017093918437775458
2008-04-17,3222.74,"3,286.41","3,352.95","3,180.20",4.58B,-2.09%,-0.02114183935319348
2008-04-18,3094.67,"3,200.57","3,203.71","3,078.17",4.37B,-3.97%,-0.04055065253079625
2008-04-21,3116.98,"3,305.15","3,305.17","3,073.56",6.00B,0.72%,0.007183307473132878
2008-04-22,3147.79,"3,076.72","3,148.73","2,990.79",4.88B,0.99%,0.009836034969846133
2008-04-23,3278.33,"3,116.41","3,296.72","3,089.89",6.62B,4.15%,0.040633527087168206
2008-04-24,3583.03,"3,539.87","3,593.20","3,461.64",14.21B,9.29%,0.08887466476408128
2008-04-25,3557.75,"3,572.55","3,658.55","3,527.84",12.96B,-0.71%,-0.007080488578027329
2008-04-28,3474.72,"3,497.38","3,530.91","3,460.26",7.57B,-2.33%,-0.023614422350828394
2008-04-29,3523.41,"3,457.35","3,544.23","3,453.28",6.72B,1.40%,0.013915370443750241
2008-04-30,3693.11,"3,545.57","3,705.09","3,543.02",10.76B,4.82%,0.04703965083405183
2008-05-05,3761.01,"3,739.80","3,768.22","3,696.70",9.97B,1.84%,0.018218616843381108
2008-05-06,3733.5,"3,735.85","3,786.02","3,680.99",9.89B,-0.73%,-0.007341406858367857
2008-05-07,3579.15,"3,716.45","3,774.07","3,577.99",9.05B,-4.13%,-0.042220789439612744
2008-05-08,3656.84,"3,538.92","3,658.05","3,523.03",7.52B,2.17%,0.021474044447052615
2008-05-09,3613.49,"3,682.95","3,693.16","3,552.47",8.79B,-1.19%,-0.011925322164017432
2008-05-12,3626.98,"3,548.61","3,668.86","3,521.88",7.99B,0.37%,0.0037262817494576874
2008-05-13,3560.24,"3,515.71","3,615.06","3,508.32",9.07B,-1.84%,-0.018572387764561615
2008-05-14,3657.43,"3,549.67","3,661.97","3,549.67",8.86B,2.73%,0.02693275665107511
2008-05-15,3637.32,"3,676.84","3,706.72","3,636.22",8.40B,-0.55%,-0.005513568235884627
2008-05-16,3624.23,"3,637.64","3,661.07","3,582.50",6.48B,-0.36%,-0.0036052947865986983
2008-05-19,3604.76,"3,615.59","3,624.84","3,563.61",4.85B,-0.54%,-0.00538665763227438
2008-05-20,3443.16,"3,601.55","3,632.01","3,432.38",6.64B,-4.48%,-0.045865539940832624
2008-05-21,3544.19,"3,414.34","3,560.53","3,355.08",7.36B,2.93%,0.028919988666503
2008-05-22,3485.63,"3,493.07","3,558.02","3,469.79",6.85B,-1.65%,-0.016660840420300423
2008-05-23,3473.09,"3,473.80","3,521.39","3,435.84",6.00B,-0.36%,-0.003604115002234856
2008-05-26,3364.54,"3,442.29","3,443.99","3,361.99",5.28B,-3.13%,-0.031753435206474355
2008-05-27,3375.41,"3,355.11","3,383.68","3,333.95",4.25B,0.32%,0.0032255460127808455
2008-05-28,3459.03,"3,382.77","3,486.33","3,354.25",5.25B,2.48%,0.024471404516610652
2008-05-29,3401.44,"3,447.77","3,481.73","3,400.77",5.14B,-1.66%,-0.01678933157369269
2008-05-30,3433.35,"3,414.25","3,450.49","3,390.88",4.85B,0.94%,0.009337589554015022
2008-06-02,3459.04,"3,426.20","3,483.61","3,400.72",4.92B,0.75%,0.007454632999387149
2008-06-03,3436.4,"3,456.58","3,469.06","3,409.23",5.66B,-0.65%,-0.006566682142252846
2008-06-04,3369.91,"3,424.04","3,428.47","3,341.74",4.80B,-1.93%,-0.01953837400556584
2008-06-05,3351.64,"3,355.93","3,376.34","3,326.54",4.18B,-0.54%,-0.005436259492020276
2008-06-06,3329.67,"3,362.01","3,371.28","3,312.72",3.48B,-0.66%,-0.0065765783015651275
2008-06-10,3072.33,"3,202.11","3,215.50","3,045.06",5.09B,-7.73%,-0.08043696859150398
2008-06-11,3024.24,"3,042.16","3,064.20","2,992.35",4.69B,-1.57%,-0.01577641114369893
2008-06-12,2957.53,"3,011.56","3,031.06","2,900.12",4.95B,-2.21%,-0.022305359726001048
2008-06-13,2868.8,"2,960.91","2,976.45","2,865.50",4.11B,-3.00%,-0.03046063665267785
2008-06-16,2874.1,"2,876.29","2,917.81","2,811.72",4.04B,0.18%,0.001845757893983574
2008-06-17,2794.75,"2,873.13","2,893.47","2,769.12",4.33B,-2.76%,-0.027996924594417015
2008-06-18,2941.11,"2,772.37","2,945.42","2,729.71",6.63B,5.24%,0.05104440394824821
2008-06-19,2748.87,"2,921.72","2,921.72","2,742.15",5.68B,-6.54%,-0.06759714297524981
2008-06-20,2831.74,"2,811.08","2,917.32","2,695.63",7.42B,3.01%,0.029701445565968196
2008-06-23,2760.42,"2,780.15","2,813.14","2,741.19",4.07B,-2.52%,-0.02550852164243791
2008-06-24,2803.02,"2,747.32","2,817.17","2,728.83",4.84B,1.54%,0.015314565304641597
2008-06-25,2905.01,"2,794.04","2,910.48","2,784.42",6.48B,3.64%,0.035739425269273185
2008-06-26,2901.85,"2,904.09","2,931.31","2,851.12",6.55B,-0.11%,-0.001088368003337536
2008-06-27,2748.43,"2,809.31","2,822.26","2,723.16",6.05B,-5.29%,-0.05431862507848157
2008-06-30,2736.1,"2,724.40","2,766.80","2,693.40",3.85B,-0.45%,-0.0044962907569403065
2008-07-01,2651.61,"2,743.16","2,753.33","2,644.78",4.07B,-3.09%,-0.031366546114104374
2008-07-02,2651.72,"2,656.04","2,700.90","2,627.90",4.02B,0.00%,4.1483369888455744e-05
2008-07-03,2703.53,"2,610.82","2,746.37","2,566.53",6.81B,1.95%,0.019349840449053777
2008-07-04,2669.89,"2,691.21","2,713.48","2,645.83",5.73B,-1.24%,-0.012521053443216213
2008-07-07,2792.4,"2,673.55","2,801.53","2,673.55",7.74B,4.59%,0.044864168052505364
2008-07-08,2814.95,"2,805.61","2,843.60","2,754.62",8.02B,0.81%,0.008043058330455414
2008-07-09,2920.55,"2,838.86","2,920.55","2,838.86",9.70B,3.75%,0.03682745526321401
2008-07-10,2875.45,"2,879.62","2,952.04","2,862.06",9.09B,-1.54%,-0.015562770967584039
2008-07-11,2856.63,"2,863.81","2,888.29","2,821.31",6.48B,-0.65%,-0.006566575353570138
2008-07-14,2878.26,"2,837.49","2,895.30","2,828.24",5.45B,0.76%,0.007543336512339069
2008-07-15,2779.45,"2,886.11","2,896.33","2,769.91",7.09B,-3.43%,-0.034932878496292716
2008-07-16,2705.87,"2,753.90","2,765.15","2,656.61",6.00B,-2.65%,-0.02682957919760393
2008-07-17,2684.78,"2,747.95","2,773.28","2,676.15",5.08B,-0.78%,-0.007824699286521117
2008-07-18,2778.37,"2,711.74","2,785.53","2,665.91",5.79B,3.49%,0.0342656368895452
2008-07-21,2861.42,"2,759.88","2,865.07","2,745.64",6.65B,2.99%,0.029453580303096118
2008-07-22,2846.12,"2,852.44","2,868.62","2,830.76",6.15B,-0.53%,-0.0053613418911004525
2008-07-23,2837.85,"2,870.93","2,887.58","2,831.11",6.15B,-0.29%,-0.002909940001685697
2008-07-24,2910.29,"2,861.81","2,912.70","2,849.10",7.25B,2.55%,0.025206009357023544
2008-07-25,2865.1,"2,875.77","2,888.58","2,851.93",6.25B,-1.55%,-0.015649479003891048
2008-07-28,2903.01,"2,883.76","2,924.45","2,883.76",6.23B,1.32%,0.01314487617739284
2008-07-29,2850.31,"2,868.01","2,868.01","2,827.70",5.86B,-1.82%,-0.01832036945378012
2008-07-30,2836.67,"2,884.59","2,894.37","2,822.19",4.89B,-0.48%,-0.004796931290532019
2008-07-31,2775.72,"2,844.65","2,848.00","2,774.10",4.45B,-2.15%,-0.02172065600054159
2008-08-01,2801.82,"2,751.02","2,830.76","2,721.95",4.92B,0.94%,0.009359033018582721
2008-08-04,2741.74,"2,782.99","2,793.26","2,738.85",3.72B,-2.14%,-0.021676450676678654
2008-08-05,2690.75,"2,751.20","2,762.26","2,684.73",4.24B,-1.86%,-0.018772790183706135
2008-08-06,2719.37,"2,711.60","2,743.11","2,678.86",4.06B,1.06%,0.01058027067106677
2008-08-07,2727.58,"2,717.50","2,742.70","2,691.36",3.95B,0.30%,0.0030145333507019395
2008-08-08,2605.72,"2,724.43","2,725.93","2,595.92",4.85B,-4.47%,-0.04570574061311576
2008-08-11,2470.07,"2,595.89","2,601.50","2,453.71",4.72B,-5.21%,-0.053462538251638436
2008-08-12,2457.2,"2,445.22","2,484.75","2,430.85",3.66B,-0.52%,-0.005224000011649843
2008-08-13,2446.3,"2,440.53","2,458.77","2,370.74",4.10B,-0.44%,-0.004445811340233997
2008-08-14,2437.08,"2,432.20","2,454.25","2,409.01",3.13B,-0.38%,-0.0037760776165196644
2008-08-15,2450.61,"2,434.41","2,476.86","2,414.57",3.13B,0.56%,0.005536371807316117
2008-08-18,2319.87,"2,451.78","2,455.50","2,318.93",5.37B,-5.33%,-0.05482582353272807
2008-08-19,2344.47,"2,297.24","2,355.93","2,284.59",3.86B,1.06%,0.010548213934855562
2008-08-20,2523.28,"2,332.48","2,523.47","2,306.66",7.37B,7.63%,0.07350027893414461
2008-08-21,2431.72,"2,484.49","2,518.44","2,431.05",6.13B,-3.63%,-0.03696081659764574
2008-08-22,2405.23,"2,414.46","2,426.71","2,362.09",4.63B,-1.09%,-0.010953292816114117
2008-08-25,2413.37,"2,408.09","2,443.99","2,382.29",3.38B,0.34%,0.0033785779035529822
2008-08-26,2350.08,"2,384.95","2,403.02","2,327.22",4.10B,-2.62%,-0.026574740854438388
2008-08-27,2342.15,"2,343.88","2,385.99","2,310.45",4.10B,-0.34%,-0.003380059182898999
2008-08-28,2350.14,"2,341.96","2,374.25","2,333.03",3.48B,0.34%,0.003405589902738913
2008-08-29,2397.37,"2,361.05","2,420.85","2,352.10",4.64B,2.01%,0.019897402306549922
2008-09-01,2325.14,"2,380.47","2,380.47","2,311.73",3.63B,-3.01%,-0.030592050875984954
2008-09-02,2304.89,"2,312.10","2,329.01","2,284.92",3.42B,-0.87%,-0.008747299313098042
2008-09-03,2276.67,"2,301.94","2,321.53","2,248.07",4.22B,-1.22%,-0.012319103924770805
2008-09-04,2277.41,"2,270.52","2,295.36","2,249.12",3.42B,0.03%,0.00032498331452785183
2008-09-05,2202.45,"2,224.53","2,238.32","2,199.36",3.86B,-3.29%,-0.0334684552619693
2008-09-08,2143.42,"2,210.34","2,220.55","2,135.38",3.77B,-2.68%,-0.027167692872204975
2008-09-09,2145.78,"2,152.28","2,161.35","2,114.50",3.07B,0.11%,0.0011004384212238265
2008-09-10,2150.76,"2,131.80","2,185.69","2,102.91",3.90B,0.23%,0.0023181454054312755
2008-09-11,2078.98,"2,143.40","2,148.12","2,070.43",3.64B,-3.34%,-0.03394387922938602
2008-09-12,2079.67,"2,077.55","2,104.63","2,064.29",3.03B,0.03%,0.00033183846023667824
2008-09-16,1986.64,"2,049.81","2,049.81","1,974.39",4.62B,-4.47%,-0.045764457779950016
2008-09-17,1929.05,"1,971.94","1,999.95","1,922.68",4.59B,-2.90%,-0.02941711574671062
2008-09-18,1895.84,"1,876.12","1,942.85","1,802.33",6.63B,-1.72%,-0.017365641667266576
2008-09-19,2075.09,"2,067.64","2,075.09","2,043.32",5.84B,9.45%,0.09034251414974201
2008-09-22,2236.41,"2,241.72","2,269.73","2,164.80",13.99B,7.77%,0.07486737539632994
2008-09-23,2201.51,"2,209.12","2,253.39","2,181.96",10.02B,-1.56%,-0.015728413071526077
2008-09-24,2216.81,"2,133.10","2,218.29","2,116.96",6.45B,0.69%,0.006925737002475214
2008-09-25,2297.5,"2,214.58","2,333.28","2,211.45",10.12B,3.64%,0.03575234968439127
2008-09-26,2293.78,"2,304.12","2,310.45","2,246.28",7.83B,-0.16%,-0.0016204634934177337
2008-10-06,2173.74,"2,267.39","2,267.39","2,172.57",6.09B,-5.23%,-0.05375192542353926
2008-10-07,2157.84,"2,101.09","2,183.00","2,072.90",5.69B,-0.73%,-0.0073414649682579875
2008-10-08,2092.22,"2,095.91","2,127.09","2,059.09",5.08B,-3.04%,-0.03088201816510383
2008-10-09,2074.58,"2,125.57","2,130.87","2,063.41",4.51B,-0.84%,-0.008466979640874566
2008-10-10,2000.57,"1,995.96","2,027.83","1,963.18",5.41B,-3.57%,-0.03632658360135185
2008-10-13,2073.57,"1,978.56","2,074.47","1,931.47",5.66B,3.65%,0.0358396195234094
2008-10-14,2017.32,"2,139.07","2,146.73","2,016.18",6.80B,-2.71%,-0.027501861627738905
2008-10-15,1994.67,"1,995.88","2,013.49","1,963.10",4.08B,-1.12%,-0.011291274725165772
2008-10-16,1909.94,"1,916.13","1,943.32","1,901.50",5.07B,-4.25%,-0.04340679517310956
2008-10-17,1930.65,"1,921.84","1,941.30","1,902.60",3.86B,1.08%,0.010784905828804285
2008-10-20,1974.01,"1,924.18","1,979.84","1,890.92",4.46B,2.25%,0.022210273073228717
2008-10-21,1958.53,"1,978.67","1,996.66","1,956.11",5.41B,-0.78%,-0.007872815002866382
2008-10-22,1895.82,"1,932.68","1,950.79","1,894.31",4.83B,-3.20%,-0.03254272923452697
2008-10-23,1875.56,"1,851.26","1,879.85","1,828.31",4.78B,-1.07%,-0.010744181120164228
2008-10-24,1839.62,"1,875.63","1,888.10","1,825.53",4.62B,-1.92%,-0.019348252943817618
2008-10-27,1723.35,"1,809.22","1,809.22","1,721.60",5.05B,-6.32%,-0.06528895756786637
2008-10-28,1771.82,"1,671.40","1,786.43","1,664.92",5.98B,2.81%,0.027737195902491258
2008-10-29,1719.81,"1,786.20","1,795.09","1,719.34",5.22B,-2.94%,-0.029793447280475338
2008-10-30,1763.61,"1,732.77","1,788.20","1,710.73",5.36B,2.55%,0.025149025098212097
2008-10-31,1728.79,"1,754.21","1,765.68","1,721.59",4.02B,-1.97%,-0.01994110287085773
2008-11-03,1719.77,"1,713.76","1,750.32","1,702.98",3.59B,-0.52%,-0.005231180881028208
2008-11-04,1706.7,"1,707.92","1,717.10","1,678.96",3.93B,-0.76%,-0.007628879511114048
2008-11-05,1760.61,"1,716.22","1,788.26","1,716.22",6.03B,3.16%,0.031098658467822265
2008-11-06,1717.72,"1,720.42","1,728.22","1,703.10",4.57B,-2.44%,-0.024662509840596557
2008-11-07,1747.71,"1,686.52","1,762.23","1,680.60",4.68B,1.75%,0.017308529509810846
2008-11-10,1874.8,"1,782.31","1,876.16","1,782.31",9.13B,7.27%,0.07019562748680307
2008-11-11,1843.61,"1,872.07","1,887.80","1,840.92",9.09B,-1.66%,-0.01677638104680666
2008-11-12,1859.11,"1,820.44","1,863.90","1,815.08",6.59B,0.84%,0.008372272566762743
2008-11-13,1927.61,"1,837.27","1,942.90","1,825.88",12.11B,3.68%,0.03618301498251234
2008-11-14,1986.44,"1,943.96","1,987.26","1,921.84",13.04B,3.05%,0.030063198371323797
2008-11-17,2030.48,"1,981.26","2,031.10","1,963.85",13.68B,2.22%,0.021928126364807794
2008-11-18,1902.43,"2,020.99","2,050.88","1,889.87",15.67B,-6.31%,-0.06514020192072442
2008-11-19,2017.47,"1,889.35","2,023.91","1,883.84",12.88B,6.05%,0.05871223477864348
2008-11-20,1983.76,"1,977.21","2,030.87","1,956.73",13.08B,-1.67%,-0.016850217359374985
2008-11-21,1969.39,"1,932.60","2,013.18","1,893.15",12.71B,-0.72%,-0.007270183673521069
2008-11-24,1897.06,"1,961.21","1,974.47","1,893.34",8.45B,-3.67%,-0.037418530789625176
2008-11-25,1888.71,"1,925.25","1,939.37","1,858.16",6.95B,-0.44%,-0.004411262987653286
2008-11-26,1897.88,"1,890.33","1,914.71","1,873.18",6.51B,0.49%,0.004843417389442004
2008-11-27,1917.86,"2,012.69","2,022.48","1,916.47",12.23B,1.05%,0.010472507354219125
2008-11-28,1871.16,"1,901.67","1,915.27","1,856.29",7.77B,-2.44%,-0.0246514216937623
2008-12-01,1894.62,"1,865.74","1,895.76","1,838.10",8.19B,1.25%,0.012459731318878384
2008-12-02,1889.64,"1,856.97","1,907.78","1,846.53",10.43B,-0.26%,-0.0026319559833543104
2008-12-03,1965.41,"1,903.43","1,965.83","1,902.94",13.49B,4.01%,0.039314540217858455
2008-12-04,2001.5,"1,992.72","2,055.21","1,985.20",17.60B,1.84%,0.01819602449445133
2008-12-05,2018.66,"1,984.26","2,019.75","1,975.71",11.85B,0.86%,0.008537025501185874
2008-12-08,2090.77,"2,049.16","2,091.28","2,038.19",16.50B,3.57%,0.03509849422730247
2008-12-09,2037.74,"2,100.77","2,100.81","2,036.89",14.53B,-2.54%,-0.025691068571919502
2008-12-10,2079.12,"2,025.03","2,079.55","2,005.56",12.83B,2.03%,0.02010337666079738
2008-12-11,2031.68,"2,072.58","2,087.20","2,028.73",12.17B,-2.28%,-0.0230816902679094
2008-12-12,1954.21,"2,014.58","2,023.18","1,932.27",10.81B,-3.81%,-0.03887701730143288
2008-12-15,1964.37,"1,977.03","1,989.30","1,936.56",8.15B,0.52%,0.005185563529092016
2008-12-16,1975.01,"1,948.86","1,976.72","1,907.83",7.83B,0.54%,0.005401878403798591
2008-12-17,1976.82,"1,983.84","2,003.38","1,971.82",9.72B,0.09%,0.0009160313710692885
2008-12-18,2015.69,"1,978.97","2,016.57","1,958.97",9.22B,1.97%,0.019472075541582926
2008-12-19,2018.46,"2,006.21","2,038.66","1,997.12",10.22B,0.14%,0.0013732758748810012
2008-12-22,1987.76,"2,016.45","2,016.45","1,965.35",8.68B,-1.52%,-0.01532646781840379
2008-12-23,1897.22,"1,990.05","1,990.05","1,895.18",9.90B,-4.55%,-0.04661871978366172
2008-12-24,1863.8,"1,873.58","1,887.31","1,850.86",7.45B,-1.76%,-0.017772242447455757
2008-12-25,1852.42,"1,865.72","1,877.77","1,832.36",6.46B,-0.61%,-0.006124521999097203
2008-12-26,1851.52,"1,852.91","1,866.63","1,840.19",5.33B,-0.05%,-0.0004859690047422358
2008-12-29,1850.48,"1,846.30","1,856.33","1,815.41",5.50B,-0.06%,-0.000561858469670059
2008-12-30,1832.91,"1,851.91","1,862.94","1,826.98",5.65B,-0.95%,-0.009540197080110701
2008-12-31,1820.81,"1,834.95","1,844.37","1,814.75",5.04B,-0.66%,-0.0066234107896160745
2009-01-05,1880.72,"1,849.02","1,880.72","1,844.09",6.71B,3.29%,0.03237322522144789
2009-01-06,1937.14,"1,878.83","1,938.69","1,871.97",9.91B,3.00%,0.02955797628196532
2009-01-07,1924.01,"1,938.97","1,948.23","1,920.52",9.24B,-0.68%,-0.006801108794389561
2009-01-08,1878.18,"1,890.24","1,894.17","1,862.26",8.04B,-2.38%,-0.024108326896762892
2009-01-09,1904.86,"1,875.16","1,909.35","1,875.16",7.12B,1.42%,0.014105292225991392
2009-01-12,1900.35,"1,897.70","1,924.44","1,886.83",8.36B,-0.24%,-0.002370435330398896
2009-01-13,1863.37,"1,880.87","1,888.31","1,861.81",7.38B,-1.95%,-0.019651403432323838
2009-01-14,1928.87,"1,862.31","1,929.28","1,862.31",8.79B,3.52%,0.034547662919597585
2009-01-15,1920.21,"1,912.77","1,937.73","1,902.54",11.60B,-0.45%,-0.004499784162627518
2009-01-16,1954.44,"1,928.92","1,984.73","1,928.92",13.30B,1.78%,0.017669152332651726
2009-01-19,1986.67,"1,971.00","2,018.51","1,966.19",10.94B,1.65%,0.01635616286875734
2009-01-20,1994.11,"1,981.15","1,994.81","1,956.10",7.46B,0.37%,0.003737965254485888
2009-01-21,1985.02,"1,965.94","2,007.91","1,960.53",8.73B,-0.46%,-0.004568845859429833
2009-01-22,2004.95,"1,996.09","2,009.85","1,980.44",8.83B,1.00%,0.009990133136577501
2009-01-23,1990.66,"2,001.17","2,008.79","1,986.35",8.60B,-0.71%,-0.007152880750319001
2009-02-02,2011.68,"2,008.13","2,012.74","1,987.13",8.48B,1.06%,0.01050395182132931
2009-02-03,2060.81,"2,011.77","2,060.93","2,005.02",13.44B,2.44%,0.02412891553786223
2009-02-04,2107.75,"2,068.09","2,108.26","2,067.79",15.18B,2.28%,0.02252191842005177
2009-02-05,2098.02,"2,106.84","2,149.48","2,082.60",16.54B,-0.46%,-0.0046269850035150694
2009-02-06,2181.24,"2,102.08","2,185.09","2,102.08",16.09B,3.97%,0.038899479613737596
2009-02-09,2224.71,"2,211.32","2,238.89","2,196.71",19.23B,1.99%,0.019733047614066124
2009-02-10,2265.16,"2,218.49","2,266.40","2,197.01",17.26B,1.82%,0.01801882657176126
2009-02-11,2260.82,"2,230.49","2,305.70","2,218.30",20.93B,-0.19%,-0.0019178172816573915
2009-02-12,2248.09,"2,265.79","2,274.20","2,191.89",17.40B,-0.56%,-0.005646612517809918
2009-02-13,2320.79,"2,249.18","2,323.12","2,236.18",19.97B,3.23%,0.03182667813952921
2009-02-16,2389.39,"2,338.76","2,389.88","2,328.18",21.14B,2.96%,0.02913045828438476
2009-02-17,2319.44,"2,387.35","2,402.81","2,316.93",19.81B,-2.93%,-0.02971232600994527
2009-02-18,2209.86,"2,271.26","2,295.74","2,206.06",16.25B,-4.72%,-0.04839661212442309
2009-02-19,2227.12,"2,224.49","2,247.62","2,190.47",12.98B,0.78%,0.007780105865835141
2009-02-20,2261.48,"2,234.36","2,262.33","2,206.21",12.89B,1.54%,0.015310195236226018
2009-02-23,2305.78,"2,249.29","2,313.59","2,219.71",16.03B,1.96%,0.019399547791095977
2009-02-24,2200.65,"2,273.76","2,295.59","2,193.27",18.39B,-4.56%,-0.04666624272830757
2009-02-25,2206.57,"2,222.51","2,234.02","2,142.60",15.24B,0.27%,0.0026865024031166806
2009-02-26,2121.25,"2,201.67","2,237.55","2,102.35",14.86B,-3.87%,-0.03943373610844337
2009-02-27,2082.85,"2,100.06","2,123.24","2,064.92",12.29B,-1.81%,-0.018268389402261682
2009-03-02,2093.45,"2,066.23","2,102.11","2,052.99",8.75B,0.51%,0.00507627457903951
2009-03-03,2071.43,"2,047.21","2,088.63","2,037.02",9.78B,-1.05%,-0.010574232716926856
2009-03-04,2198.11,"2,076.62","2,201.73","2,076.62",15.48B,6.12%,0.059358710198951066
2009-03-05,2221.08,"2,220.15","2,241.76","2,173.49",18.24B,1.04%,0.010395663849387437
2009-03-06,2193.01,"2,180.79","2,221.04","2,171.67",12.39B,-1.26%,-0.012718534685613651
2009-03-09,2118.75,"2,205.75","2,232.67","2,116.45",12.43B,-3.39%,-0.03444873724225161
2009-03-10,2158.57,"2,097.14","2,159.27","2,088.16",8.39B,1.88%,0.01861967326912408
2009-03-11,2139.03,"2,199.98","2,203.53","2,133.14",10.37B,-0.91%,-0.009093510168389735
2009-03-12,2133.88,"2,127.73","2,136.80","2,086.02",8.72B,-0.24%,-0.0024105363762645694
2009-03-13,2128.85,"2,148.42","2,166.02","2,124.98",8.35B,-0.24%,-0.0023599910548277284
2009-03-16,2153.29,"2,122.41","2,158.90","2,108.61",7.34B,1.15%,0.011414977268639012
2009-03-17,2218.33,"2,156.77","2,225.19","2,151.78",13.08B,3.02%,0.02975775546333014
2009-03-18,2223.72,"2,227.98","2,255.01","2,221.59",14.70B,0.24%,0.00242680863354608
2009-03-19,2265.76,"2,227.34","2,268.14","2,220.16",14.58B,1.89%,0.01872877431083095
2009-03-20,2281.09,"2,272.44","2,294.12","2,250.41",15.05B,0.68%,0.006743155410038152
2009-03-23,2325.48,"2,286.25","2,329.18","2,276.81",16.01B,1.95%,0.019273070441371377
2009-03-24,2338.42,"2,359.68","2,369.45","2,327.43",16.27B,0.56%,0.00554901829095659
2009-03-25,2291.55,"2,333.16","2,355.69","2,291.36",14.48B,-2.00%,-0.020247043137273307
2009-03-26,2361.7,"2,296.05","2,362.05","2,274.89",15.86B,3.06%,0.030153254203264136
2009-03-27,2374.44,"2,380.63","2,392.77","2,361.09",18.65B,0.54%,0.00537992150924312
2009-03-30,2358.04,"2,377.96","2,380.19","2,348.53",13.99B,-0.69%,-0.006930854710497813
2009-03-31,2373.21,"2,313.88","2,375.71","2,299.16",14.27B,0.64%,0.006412703613631332
2009-04-01,2408.02,"2,380.98","2,422.62","2,380.98",17.99B,1.47%,0.014561363946577968
2009-04-02,2425.29,"2,417.22","2,450.00","2,417.11",18.84B,0.72%,0.0071462718083586734
2009-04-03,2419.78,"2,446.12","2,456.81","2,406.50",17.03B,-0.23%,-0.002274477923077842
2009-04-07,2439.18,"2,422.10","2,449.54","2,407.51",12.42B,0.80%,0.00798529030344584
2009-04-08,2347.39,"2,429.88","2,435.39","2,346.54",14.68B,-3.76%,-0.03835784460621389
2009-04-09,2379.88,"2,345.01","2,380.93","2,331.88",11.32B,1.38%,0.013745993601740503
2009-04-10,2444.23,"2,400.01","2,444.98","2,392.80",15.75B,2.70%,0.02668007865693021
2009-04-13,2513.7,"2,468.08","2,522.45","2,464.06",19.13B,2.84%,0.02802562640410629
2009-04-14,2527.18,"2,512.01","2,532.09","2,495.34",16.52B,0.54%,0.005348285272407204
2009-04-15,2536.06,"2,514.59","2,542.54","2,485.93",18.11B,0.35%,0.0035076390234757113
2009-04-16,2534.13,"2,542.34","2,549.31","2,497.12",18.62B,-0.08%,-0.0007613127291949406
2009-04-17,2503.93,"2,524.63","2,539.35","2,481.90",16.16B,-1.19%,-0.011988885296370594
2009-04-20,2557.46,"2,500.17","2,559.04","2,497.32",14.79B,2.14%,0.021153080872098752
2009-04-21,2535.83,"2,523.26","2,552.60","2,499.60",16.46B,-0.85%,-0.008493578819891266
2009-04-22,2461.35,"2,548.11","2,579.22","2,449.89",19.40B,-2.94%,-0.02981101972060608
2009-04-23,2463.95,"2,440.68","2,474.15","2,422.79",12.61B,0.11%,0.0010557733504594929
2009-04-24,2448.59,"2,477.16","2,481.53","2,445.66",11.38B,-0.62%,-0.006253404574600997
2009-04-27,2405.35,"2,443.44","2,452.93","2,393.16",11.30B,-1.77%,-0.01781692556822026
2009-04-28,2401.44,"2,382.88","2,411.44","2,372.34",9.48B,-0.16%,-0.001626865688902665
2009-04-29,2468.19,"2,401.66","2,477.72","2,395.48",12.65B,2.78%,0.02741653106733903
2009-04-30,2477.57,"2,477.93","2,491.07","2,461.36",13.12B,0.38%,0.0037931526182518123
2009-05-04,2559.91,"2,486.68","2,560.54","2,486.22",15.34B,3.32%,0.03269386051201709
2009-05-05,2567.34,"2,577.43","2,590.78","2,552.39",15.84B,0.29%,0.0028982418258828987
2009-05-06,2592.52,"2,563.56","2,596.93","2,552.63",16.07B,0.98%,0.009760032203663982
2009-05-07,2597.45,"2,612.12","2,622.11","2,566.12",18.18B,0.19%,0.0018998188748008905
2009-05-08,2625.64,"2,586.76","2,634.06","2,574.57",16.19B,1.09%,0.010794481322861213
2009-05-11,2579.75,"2,646.29","2,663.95","2,579.75",17.82B,-1.75%,-0.017632180836998
2009-05-12,2618.17,"2,562.36","2,619.69","2,558.96",12.30B,1.49%,0.014783105430766552
2009-05-13,2663.77,"2,629.03","2,670.21","2,608.32",14.58B,1.74%,0.017266812170157048
2009-05-14,2639.89,"2,631.45","2,651.49","2,610.22",12.48B,-0.90%,-0.009005162991131984
2009-05-15,2645.26,"2,646.89","2,661.37","2,623.36",11.09B,0.20%,0.002032109532534541
2009-05-18,2652.78,"2,632.57","2,656.84","2,589.61",11.90B,0.28%,0.0028387875705457245
2009-05-19,2676.68,"2,679.40","2,688.11","2,660.56",14.75B,0.90%,0.008969073871644858
2009-05-20,2651.41,"2,680.55","2,686.34","2,651.01",13.82B,-0.94%,-0.009485646630337607
2009-05-21,2610.62,"2,639.14","2,663.23","2,598.87",13.89B,-1.54%,-0.015503832950577034
2009-05-22,2597.6,"2,595.99","2,617.75","2,578.59",9.91B,-0.50%,-0.004999799210789932
2009-05-25,2610.01,"2,555.34","2,618.36","2,538.62",11.20B,0.48%,0.004766110938387679
2009-05-26,2588.57,"2,615.01","2,618.80","2,585.91",11.45B,-0.82%,-0.00824845306189871
2009-05-27,2632.93,"2,601.24","2,635.31","2,592.79",10.32B,1.71%,0.016991694834027404
2009-06-01,2721.28,"2,668.40","2,726.72","2,668.40",14.80B,3.36%,0.03300506333426669
2009-06-02,2724.3,"2,739.44","2,750.88","2,713.47",15.64B,0.11%,0.0011091565304733983
2009-06-03,2778.59,"2,722.27","2,778.68","2,717.86",15.57B,1.99%,0.019732090409677328
2009-06-04,2767.24,"2,753.25","2,778.24","2,728.20",17.09B,-0.41%,-0.0040931712102734545
2009-06-05,2753.89,"2,783.86","2,791.65","2,750.38",14.66B,-0.48%,-0.004835975975082268
2009-06-08,2768.34,"2,753.34","2,795.15","2,729.03",13.32B,0.52%,0.005233404976010552
2009-06-09,2787.89,"2,766.51","2,788.37","2,721.85",13.26B,0.71%,0.007037174731515671
2009-06-10,2816.25,"2,796.90","2,820.57","2,790.00",14.53B,1.02%,0.010121175450713903
2009-06-11,2797.32,"2,812.28","2,828.74","2,787.45",13.41B,-0.67%,-0.0067443967940228715
2009-06-12,2743.76,"2,793.97","2,812.68","2,722.22",12.77B,-1.91%,-0.01933257348866665
2009-06-15,2789.55,"2,743.03","2,790.98","2,727.74",10.62B,1.67%,0.016551050020383228
2009-06-16,2776.02,"2,762.74","2,797.48","2,753.69",10.34B,-0.49%,-0.0048620452724548215
2009-06-17,2810.12,"2,771.52","2,813.61","2,744.22",11.08B,1.23%,0.01220893983061626
2009-06-18,2853.9,"2,812.99","2,855.41","2,810.85",13.88B,1.56%,0.015459292838211656
2009-06-19,2880.49,"2,861.18","2,886.50","2,847.36",15.30B,0.93%,0.009273938666380084
2009-06-22,2896.3,"2,900.57","2,923.24","2,884.13",14.70B,0.55%,0.005473641753733143
2009-06-23,2892.7,"2,853.49","2,941.05","2,841.90",14.45B,-0.12%,-0.001243738284355147
2009-06-24,2922.3,"2,889.05","2,923.47","2,880.28",14.06B,1.02%,0.01018065542874045
2009-06-25,2925.05,"2,926.62","2,946.90","2,909.09",11.96B,0.09%,0.0009405970919301986
2009-06-26,2928.21,"2,930.50","2,937.61","2,910.34",10.96B,0.11%,0.0010797402838774908
2009-06-29,2975.31,"2,930.31","2,976.92","2,918.39",12.85B,1.61%,0.015956920410957146
2009-06-30,2959.36,"2,990.12","2,997.27","2,953.36",12.58B,-0.54%,-0.005375206507990477
2009-07-01,3008.15,"2,950.17","3,009.71","2,947.69",13.83B,1.65%,0.016352243123894467
2009-07-02,3060.25,"3,015.08","3,062.56","3,015.08",16.20B,1.73%,0.017171340107933277
2009-07-03,3088.37,"3,035.81","3,088.86","3,029.55",15.95B,0.92%,0.009146831664213161
2009-07-06,3124.67,"3,091.48","3,128.31","3,090.10",18.32B,1.18%,0.01168523397459436
2009-07-07,3089.45,"3,118.27","3,130.07","3,077.48",17.88B,-1.13%,-0.011335596072874208
2009-07-08,3080.77,"3,057.46","3,097.96","3,011.21",15.55B,-0.28%,-0.002813515798727656
2009-07-09,3123.03,"3,073.52","3,123.51","3,064.21",16.73B,1.37%,0.013624118662047132
2009-07-10,3113.93,"3,124.79","3,140.04","3,099.99",16.12B,-0.29%,-0.0029180903701157184
2009-07-13,3080.56,"3,098.96","3,112.88","3,076.30",15.66B,-1.07%,-0.010774195392242957
2009-07-14,3145.16,"3,088.58","3,147.59","3,088.58",16.17B,2.10%,0.02075336462178187
2009-07-15,3188.55,"3,156.62","3,188.91","3,156.62",19.59B,1.38%,0.013701504742946412
2009-07-16,3183.74,"3,209.78","3,221.07","3,175.96",19.12B,-0.15%,-0.001509661648647821
2009-07-17,3189.74,"3,181.06","3,197.23","3,158.57",16.47B,0.19%,0.0018828024164105578
2009-07-20,3266.92,"3,203.89","3,269.18","3,192.90",19.89B,2.42%,0.023908236249029755
2009-07-21,3213.21,"3,275.67","3,279.59","3,207.50",19.76B,-1.64%,-0.01657720754689172
2009-07-22,3296.61,"3,207.99","3,301.43","3,207.26",16.82B,2.60%,0.02562423026389052
2009-07-23,3328.49,"3,301.10","3,331.06","3,289.22",16.64B,0.97%,0.009624079958892891
2009-07-24,3372.6,"3,343.76","3,398.05","3,306.91",18.97B,1.33%,0.013165212556155754
2009-07-27,3435.21,"3,377.72","3,435.93","3,376.29",19.76B,1.86%,0.018394098922853815
2009-07-28,3438.37,"3,434.32","3,439.92","3,392.43",20.42B,0.09%,0.0009194627028781709
2009-07-29,3266.43,"3,419.99","3,454.02","3,174.21",27.58B,-5.00%,-0.05129987647540876
2009-07-30,3321.56,"3,281.20","3,336.64","3,215.75",19.80B,1.69%,0.016736906683387096
2009-07-31,3412.06,"3,354.68","3,414.14","3,333.72",19.37B,2.72%,0.026881662381299246
2009-08-03,3462.59,"3,429.69","3,465.17","3,398.45",20.08B,1.48%,0.01470064948647705
2009-08-04,3471.44,"3,477.11","3,478.01","3,404.82",21.15B,0.26%,0.00255262951140643
2009-08-05,3428.5,"3,467.05","3,468.10","3,385.42",20.25B,-1.24%,-0.012446645724558133
2009-08-06,3356.33,"3,401.48","3,419.74","3,309.61",17.48B,-2.10%,-0.021274732624690897
2009-08-07,3260.69,"3,352.66","3,374.46","3,244.10",15.32B,-2.85%,-0.0289092856933217
2009-08-10,3249.76,"3,287.76","3,307.89","3,201.06",12.67B,-0.34%,-0.0033576819632309333
2009-08-11,3264.73,"3,261.41","3,273.02","3,222.71",10.38B,0.46%,0.00459591659523494
2009-08-12,3112.72,"3,255.99","3,255.99","3,104.57",13.44B,-4.66%,-0.04768012203243041
2009-08-13,3140.56,"3,112.57","3,150.36","3,060.12",11.69B,0.89%,0.008904185943971904
2009-08-14,3046.97,"3,138.15","3,146.01","3,039.30",12.58B,-2.98%,-0.030253473762630757
2009-08-17,2870.63,"2,994.87","3,020.26","2,867.39",12.51B,-5.79%,-0.059616136327809245
2009-08-18,2910.88,"2,845.34","2,920.64","2,827.11",10.63B,1.40%,0.0139239230889813
2009-08-19,2785.58,"2,916.09","2,929.06","2,761.39",11.45B,-4.30%,-0.043999330742078256
2009-08-20,2911.58,"2,798.37","2,914.64","2,798.37",11.00B,4.52%,0.04423977893867289
2009-08-21,2960.77,"2,905.05","2,969.52","2,883.27",12.68B,1.69%,0.01675348047887533
2009-08-24,2993.43,"2,982.19","3,004.90","2,944.92",12.29B,1.10%,0.01097051746936938
2009-08-25,2915.8,"2,980.10","2,980.10","2,823.64",14.52B,-2.59%,-0.026275662422611326
2009-08-26,2967.59,"2,889.74","2,995.80","2,872.26",13.04B,1.78%,0.017605950912593624
2009-08-27,2946.39,"2,947.83","2,988.03","2,909.89",13.67B,-0.71%,-0.007169483430524332
2009-08-28,2860.69,"2,938.42","2,949.43","2,843.11",12.30B,-2.91%,-0.029517837695843863
2009-08-31,2667.74,"2,817.63","2,817.63","2,663.00",11.82B,-6.74%,-0.06983118244447951
2009-09-01,2683.72,"2,649.17","2,727.08","2,639.76",9.80B,0.60%,0.005972219729595676
2009-09-02,2714.97,"2,681.33","2,729.71","2,669.22",8.39B,1.16%,0.011577011841167046
2009-09-03,2845.02,"2,722.30","2,854.16","2,715.62",12.99B,4.79%,0.046789193829468806
2009-09-04,2861.61,"2,841.17","2,875.98","2,827.58",12.89B,0.58%,0.005814306074507379
2009-09-07,2881.12,"2,877.62","2,919.35","2,860.00",13.12B,0.68%,0.006794703933988728
2009-09-08,2930.47,"2,865.70","2,931.23","2,831.85",12.79B,1.71%,0.016983712281994533
2009-09-09,2946.26,"2,944.17","2,962.29","2,900.11",13.08B,0.54%,0.00537374968649078
2009-09-10,2924.88,"2,934.96","2,958.95","2,911.21",10.59B,-0.73%,-0.007283115206323949
2009-09-11,2989.79,"2,917.19","2,999.33","2,915.90",12.32B,2.22%,0.021949696621132272
2009-09-14,3026.74,"2,990.93","3,033.08","2,984.84",14.37B,1.24%,0.012282981904111017
2009-09-15,3033.73,"3,029.10","3,050.43","2,999.43",14.45B,0.23%,0.00230675280945074
2009-09-16,2999.71,"3,027.51","3,028.56","2,960.59",14.74B,-1.12%,-0.011277268206993716
2009-09-17,3060.26,"3,015.59","3,064.23","3,015.59",16.07B,2.02%,0.019984262346112936
2009-09-18,2962.67,"3,063.31","3,068.03","2,940.83",16.81B,-3.19%,-0.032408990893935084
2009-09-21,2967.01,"2,937.93","2,968.70","2,871.65",13.62B,0.15%,0.0014638229297268379
2009-09-22,2897.55,"2,956.13","2,982.89","2,896.94",12.41B,-2.34%,-0.023689159372549475
2009-09-23,2842.72,"2,897.81","2,924.20","2,825.86",10.76B,-1.89%,-0.019104212032816082
2009-09-24,2853.55,"2,824.58","2,886.26","2,783.11",10.25B,0.38%,0.0038024928766372916
2009-09-25,2838.84,"2,836.70","2,864.07","2,812.92",7.52B,-0.52%,-0.005168315151916762
2009-09-28,2763.53,"2,844.37","2,857.95","2,752.77",7.19B,-2.65%,-0.026886669999116587
2009-09-29,2754.54,"2,763.76","2,779.69","2,712.30",7.36B,-0.33%,-0.0032583885140902904
2009-09-30,2779.43,"2,772.57","2,803.86","2,763.71",6.48B,0.90%,0.008995411191601679
2009-10-09,2911.72,"2,840.13","2,912.55","2,834.62",8.55B,4.76%,0.046498101156633956
2009-10-12,2894.48,"2,927.02","2,932.08","2,893.57",8.82B,-0.59%,-0.00593849700840228
2009-10-13,2936.19,"2,889.79","2,937.82","2,886.96",8.00B,1.44%,0.01430734769806727
2009-10-14,2970.53,"2,945.67","3,010.61","2,943.74",12.96B,1.17%,0.011627565517668805
2009-10-15,2979.79,"2,994.89","3,014.26","2,967.11",9.86B,0.31%,0.003112440163000439
2009-10-16,2976.63,"2,992.74","3,008.18","2,931.92",9.22B,-0.11%,-0.0010610401202273353
2009-10-19,3038.27,"2,974.64","3,039.61","2,962.31",12.06B,2.07%,0.02049648636856422
2009-10-20,3084.45,"3,062.55","3,084.94","3,053.64",14.37B,1.52%,0.015085084969620634
2009-10-21,3070.59,"3,080.52","3,105.51","3,062.56",13.55B,-0.45%,-0.004503633908644406
2009-10-22,3051.41,"3,068.68","3,080.66","3,045.03",10.30B,-0.62%,-0.006265946669017498
2009-10-23,3107.85,"3,057.39","3,123.46","3,057.39",13.86B,1.85%,0.018327389916626167
2009-10-26,3109.57,"3,114.29","3,123.36","3,083.18",11.48B,0.06%,0.0005532841737820176
2009-10-27,3021.46,"3,086.09","3,086.09","3,020.49",12.09B,-2.83%,-0.02874429469211884
2009-10-28,3031.33,"3,014.18","3,038.06","2,974.26",10.10B,0.33%,0.003261308833849999
2009-10-29,2960.47,"2,975.20","2,993.43","2,952.01",11.03B,-2.34%,-0.02365342759303538
2009-10-30,2995.85,"3,007.25","3,027.13","2,983.93",10.48B,1.20%,0.01187995813097493
2009-11-02,3076.65,"2,933.82","3,077.91","2,923.53",13.73B,2.70%,0.026613345067968388
2009-11-03,3114.23,"3,085.74","3,121.20","3,078.94",15.06B,1.22%,0.012140587957561556
2009-11-04,3128.54,"3,119.31","3,141.45","3,096.35",14.54B,0.46%,0.004584511383136528
2009-11-05,3155.05,"3,133.51","3,158.72","3,122.52",14.55B,0.85%,0.008437901673555947
2009-11-06,3164.04,"3,176.14","3,183.57","3,156.99",16.35B,0.28%,0.0028453483223874693
2009-11-09,3175.59,"3,162.15","3,176.66","3,141.77",13.92B,0.37%,0.0036437498021260123
2009-11-10,3178.61,"3,203.17","3,211.11","3,176.26",14.24B,0.10%,0.0009505524621173596
2009-11-11,3175.19,"3,176.31","3,186.59","3,149.07",12.68B,-0.11%,-0.0010765212409222966
2009-11-12,3172.95,"3,181.46","3,199.87","3,163.08",13.80B,-0.07%,-0.000705718554716064
2009-11-13,3187.65,"3,164.65","3,189.09","3,127.50",15.11B,0.46%,0.004622213681710303
2009-11-16,3275.05,"3,206.43","3,275.55","3,206.43",20.04B,2.74%,0.027049167945403498
2009-11-17,3282.89,"3,291.04","3,298.38","3,275.30",16.60B,0.24%,0.0023909958721841547
2009-11-18,3303.23,"3,287.26","3,315.87","3,274.21",15.87B,0.62%,0.0061766456322756335
2009-11-19,3320.61,"3,311.19","3,329.03","3,285.80",17.46B,0.53%,0.005247723340254093
2009-11-20,3308.35,"3,309.38","3,332.53","3,280.18",17.61B,-0.37%,-0.0036989253151293077
2009-11-23,3338.66,"3,312.97","3,339.30","3,305.50",16.95B,0.92%,0.009119953206697453
2009-11-24,3223.53,"3,352.22","3,361.39","3,214.03",25.02B,-3.45%,-0.03509249650303848
2009-11-25,3290.16,"3,214.82","3,291.17","3,188.02",18.90B,2.07%,0.02045916343412834
2009-11-26,3170.98,"3,296.01","3,305.33","3,160.35",21.80B,-3.62%,-0.03689550743592241
2009-11-27,3096.26,"3,137.30","3,169.76","3,080.89",14.88B,-2.36%,-0.023845756848115247
2009-11-30,3195.3,"3,114.29","3,195.88","3,114.29",13.89B,3.20%,0.03148604860551288
2009-12-01,3235.36,"3,191.06","3,240.66","3,173.42",16.53B,1.25%,0.01245922447018967
2009-12-02,3269.75,"3,252.98","3,278.27","3,245.96",17.51B,1.06%,0.010573324781842251
2009-12-03,3264.63,"3,267.99","3,270.37","3,227.77",15.92B,-0.16%,-0.0015670962043234926
2009-12-04,3317.04,"3,256.61","3,319.13","3,214.84",21.59B,1.61%,0.015926385798942712
2009-12-07,3331.9,"3,313.06","3,334.01","3,302.13",13.99B,0.45%,0.004469892867681259
2009-12-08,3296.66,"3,330.33","3,330.38","3,260.67",13.71B,-1.06%,-0.0106328771296505
2009-12-09,3239.57,"3,258.00","3,284.64","3,228.20",11.51B,-1.73%,-0.017469229772473442
2009-12-10,3254.26,"3,258.35","3,276.13","3,225.56",9.43B,0.45%,0.004524302317073463
2009-12-11,3247.32,"3,260.45","3,280.94","3,242.37",9.15B,-0.21%,-0.0021348664896359603
2009-12-14,3302.9,"3,246.95","3,315.03","3,178.23",11.82B,1.71%,0.01697082966848687
2009-12-15,3274.46,"3,283.60","3,303.18","3,267.93",10.15B,-0.86%,-0.008647900447301309
2009-12-16,3255.21,"3,262.86","3,299.33","3,246.61",10.39B,-0.59%,-0.005896180287435289
2009-12-17,3179.08,"3,261.61","3,272.97","3,176.63",10.56B,-2.34%,-0.02366494295018787
2009-12-18,3113.89,"3,154.82","3,169.58","3,108.03",10.19B,-2.05%,-0.02071909831209645
2009-12-21,3122.97,"3,108.07","3,123.99","3,088.00",7.46B,0.29%,0.0029117236606628514
2009-12-22,3050.52,"3,126.61","3,129.31","3,039.86",8.51B,-2.32%,-0.023472404216344268
2009-12-23,3073.78,"3,048.20","3,078.84","3,041.35",8.01B,0.76%,0.007596006675180233
2009-12-24,3153.41,"3,080.87","3,156.53","3,075.11",10.24B,2.59%,0.025576332430826146
2009-12-25,3141.35,"3,149.23","3,154.77","3,128.15",8.45B,-0.38%,-0.003831763166766412
2009-12-28,3188.78,"3,148.86","3,202.09","3,148.86",9.12B,1.51%,0.014985754675130074
2009-12-29,3211.76,"3,190.17","3,212.52","3,166.76",10.26B,0.72%,0.0071806749872115605
2009-12-30,3262.6,"3,211.83","3,267.00","3,206.22",12.95B,1.58%,0.015705350027960523
2009-12-31,3277.14,"3,265.00","3,282.21","3,250.03",11.65B,0.45%,0.004446667285884553
2010-01-04,3243.76,"3,289.75","3,295.28","3,243.32",10.94B,-1.02%,-0.010237940027002172
2010-01-05,3282.18,"3,254.47","3,290.51","3,221.46",12.61B,1.18%,0.01177468499198806
2010-01-06,3254.22,"3,277.52","3,295.87","3,253.04",12.37B,-0.85%,-0.008555220162984963
2010-01-07,3192.78,"3,253.99","3,268.82","3,176.71",12.87B,-1.89%,-0.019060604969395063
2010-01-08,3196.0,"3,177.26","3,198.92","3,149.02",9.84B,0.10%,0.0010080172654726132
2010-01-11,3212.75,"3,301.61","3,306.75","3,197.33",13.63B,0.52%,0.005227240301085254
2010-01-12,3273.97,"3,205.70","3,275.20","3,180.09",14.07B,1.91%,0.01887604759861051
2010-01-13,3172.66,"3,204.98","3,232.82","3,165.49",15.83B,-3.09%,-0.03143296305690455
2010-01-14,3215.55,"3,183.38","3,219.02","3,165.59",13.60B,1.35%,0.013428063406297944
2010-01-15,3224.15,"3,217.19","3,241.82","3,197.22",12.05B,0.27%,0.0026709334635518275
2010-01-18,3237.1,"3,213.64","3,238.24","3,202.21",13.51B,0.40%,0.004008517652242576
2010-01-19,3246.87,"3,242.22","3,268.81","3,236.84",12.99B,0.30%,0.0030135880931057095
2010-01-20,3151.85,"3,252.04","3,255.13","3,148.33",15.82B,-2.93%,-0.029701873331256307
2010-01-21,3158.86,"3,154.19","3,176.15","3,126.90",11.43B,0.22%,0.00222162098502805
2010-01-22,3128.59,"3,118.72","3,147.83","3,062.63",13.78B,-0.96%,-0.00962877919320606
2010-01-25,3094.41,"3,103.32","3,137.00","3,092.93",7.84B,-1.09%,-0.010985165906705853
2010-01-26,3019.39,"3,094.85","3,107.20","3,001.96",9.35B,-2.42%,-0.024542433686137514
2010-01-27,2986.61,"3,020.54","3,028.65","2,972.63",7.66B,-1.09%,-0.010915859305289348
2010-01-28,2994.14,"2,985.21","3,006.04","2,963.89",7.34B,0.25%,0.0025180801668037225
2010-01-29,2989.29,"2,979.74","3,024.85","2,968.45",8.05B,-0.16%,-0.0016211440802995829
2010-02-01,2941.36,"2,981.37","2,981.37","2,912.89",8.81B,-1.60%,-0.016163841585823173
2010-02-02,2934.71,"2,955.75","2,990.75","2,930.56",8.25B,-0.23%,-0.002263418522594431
2010-02-03,3003.84,"2,945.03","3,005.13","2,890.02",10.10B,2.36%,0.023282829263953527
2010-02-04,2995.31,"2,983.05","3,015.13","2,968.68",9.99B,-0.28%,-0.002843738112365775
2010-02-05,2939.4,"2,936.20","2,959.23","2,918.91",9.73B,-1.87%,-0.0188422531636772
2010-02-08,2935.17,"2,936.45","2,954.27","2,922.19",6.33B,-0.14%,-0.0014401056523460328
2010-02-09,2948.84,"2,932.09","2,957.47","2,929.21",6.23B,0.47%,0.004646499443254114
2010-02-10,2982.5,"2,967.14","2,983.18","2,958.22",5.56B,1.14%,0.01135000230857894
2010-02-11,2985.5,"2,985.08","3,001.64","2,976.08",5.66B,0.10%,0.0010053620149759156
2010-02-12,3018.13,"2,996.09","3,018.86","2,993.44",5.61B,1.09%,0.01087019729708008
2010-02-22,3003.4,"3,016.70","3,026.66","3,002.81",6.85B,-0.49%,-0.004892454037946822
2010-02-23,2982.57,"2,998.91","2,998.91","2,938.75",8.04B,-0.69%,-0.006959635306446374
2010-02-24,3022.18,"2,964.98","3,023.74","2,955.07",9.29B,1.33%,0.013193080322310313
2010-02-25,3060.62,"3,026.66","3,063.00","3,022.37",11.97B,1.27%,0.012639084539945965
2010-02-26,3051.94,"3,053.50","3,067.53","3,041.69",10.13B,-0.28%,-0.0028400558307307214
2010-03-01,3087.84,"3,057.01","3,093.09","3,054.55",11.10B,1.18%,0.011694363359540461
2010-03-02,3073.11,"3,089.71","3,095.99","3,060.96",10.53B,-0.48%,-0.00478173920152362
2010-03-03,3097.01,"3,074.10","3,098.46","3,061.47",11.72B,0.78%,0.00774705176993736
2010-03-04,3023.37,"3,098.07","3,102.40","3,016.22",12.64B,-2.38%,-0.024065026637526892
2010-03-05,3031.07,"3,026.64","3,044.16","3,011.09",9.23B,0.25%,0.0025435892176599835
2010-03-08,3053.23,"3,036.41","3,058.83","3,030.91",8.10B,0.73%,0.0072843541532794254
2010-03-09,3069.14,"3,053.26","3,084.85","3,028.69",9.24B,0.52%,0.00519734541163744
2010-03-10,3048.93,"3,067.15","3,085.99","3,034.74",8.46B,-0.66%,-0.0066066826665547385
2010-03-11,3051.28,"3,050.64","3,070.93","3,025.31",7.99B,0.08%,0.0007704653171777857
2010-03-12,3013.41,"3,051.47","3,057.52","3,011.97",7.14B,-1.24%,-0.012488846822552309
2010-03-15,2976.94,"3,010.72","3,013.52","2,963.49",6.38B,-1.21%,-0.012176400577633922
2010-03-16,2992.84,"2,974.49","2,993.84","2,963.44",5.96B,0.53%,0.005326842060237974
2010-03-17,3050.48,"2,999.82","3,050.76","2,994.89",8.71B,1.93%,0.019076185913230636
2010-03-18,3046.09,"3,053.16","3,063.59","3,035.02",9.14B,-0.14%,-0.0014401543027487767
2010-03-19,3067.75,"3,046.75","3,069.66","3,031.02",8.85B,0.71%,0.007085592891236913
2010-03-22,3074.58,"3,069.66","3,083.34","3,061.76",9.65B,0.22%,0.0022239126894768586
2010-03-23,3053.12,"3,076.96","3,082.97","3,051.21",9.29B,-0.70%,-0.0070042879826530255
2010-03-24,3056.81,"3,058.93","3,076.75","3,052.21",8.93B,0.12%,0.0012078699587810015
2010-03-25,3019.18,"3,051.36","3,051.36","3,012.31",9.02B,-1.23%,-0.012386617201246944
2010-03-26,3059.72,"3,017.22","3,067.71","3,009.91",9.31B,1.34%,0.013338137170758133
2010-03-29,3123.8,"3,076.05","3,130.28","3,071.69",13.19B,2.09%,0.020726800931849042
2010-03-30,3128.47,"3,123.83","3,132.58","3,113.77",10.24B,0.15%,0.001493857708789931
2010-03-31,3109.11,"3,129.57","3,130.11","3,101.76",10.11B,-0.62%,-0.006207555548060807
2010-04-01,3147.42,"3,111.93","3,148.34","3,111.93",12.68B,1.23%,0.01224655801351634
2010-04-02,3157.96,"3,154.77","3,159.60","3,141.87",12.28B,0.33%,0.003343179893043669
2010-04-06,3158.68,"3,170.61","3,177.97","3,141.93",11.68B,0.02%,0.0002279693011214155
2010-04-07,3148.22,"3,156.31","3,161.08","3,132.24",10.35B,-0.33%,-0.003317005054949419
2010-04-08,3118.71,"3,143.45","3,143.83","3,110.26",11.46B,-0.94%,-0.009417758970806546
2010-04-09,3145.35,"3,118.93","3,146.46","3,114.79",10.54B,0.85%,0.008505716934587432
2010-04-12,3129.26,"3,151.89","3,156.21","3,111.90",13.80B,-0.51%,-0.0051286168439267634
2010-04-13,3161.25,"3,129.69","3,173.63","3,101.48",14.40B,1.02%,0.010170964127237397
2010-04-14,3166.18,"3,161.55","3,167.66","3,145.55",10.64B,0.16%,0.001558294915192884
2010-04-15,3164.97,"3,168.14","3,181.66","3,135.99",10.63B,-0.04%,-0.00038223703899995925
2010-04-16,3130.3,"3,159.67","3,159.67","3,121.36",8.09B,-1.10%,-0.01101473027379771
2010-04-19,2980.3,"3,096.78","3,096.78","2,977.77",12.94B,-4.79%,-0.0491048800131796
2010-04-20,2979.53,"2,980.08","2,998.91","2,941.35",10.17B,-0.03%,-0.0002583966335563833
2010-04-21,3033.28,"2,984.62","3,034.33","2,972.10",11.63B,1.80%,0.017878972324842767
2010-04-22,2999.48,"3,021.29","3,023.64","2,978.46",12.17B,-1.11%,-0.011205601971721794
2010-04-23,2983.54,"2,995.57","3,015.63","2,966.78",10.35B,-0.53%,-0.005328425348461871
2010-04-26,2969.5,"2,988.08","2,996.83","2,965.83",8.91B,-0.47%,-0.0047169264885783225
2010-04-27,2907.93,"2,962.14","2,962.14","2,866.34",10.83B,-2.07%,-0.02095210061905141
2010-04-28,2900.33,"2,883.17","2,916.68","2,865.47",8.37B,-0.26%,-0.002616964232793948
2010-04-29,2868.43,"2,912.20","2,928.93","2,867.94",8.93B,-1.10%,-0.011059681857984555
2010-04-30,2870.61,"2,867.65","2,875.81","2,820.95",8.87B,0.08%,0.0007597089774075842
2010-05-04,2835.28,"2,821.35","2,862.55","2,809.13",6.61B,-1.23%,-0.012383853006525525
2010-05-05,2857.15,"2,804.51","2,857.29","2,770.33",9.53B,0.77%,0.0076839267607225715
2010-05-06,2739.7,"2,838.95","2,838.95","2,735.00",9.26B,-4.11%,-0.04197619914103254
2010-05-07,2688.38,"2,685.99","2,732.18","2,665.81",9.20B,-1.87%,-0.018909643637660137
2010-05-10,2698.76,"2,690.86","2,713.06","2,646.59",8.19B,0.39%,0.0038536265423305734
2010-05-11,2647.57,"2,745.60","2,751.07","2,638.53",8.79B,-1.90%,-0.019150170077526212
2010-05-12,2655.71,"2,628.02","2,668.12","2,604.20",8.25B,0.31%,0.003069800724228409
2010-05-13,2710.51,"2,653.58","2,711.07","2,646.90",8.31B,2.06%,0.02042477016176491
2010-05-14,2696.63,"2,692.10","2,712.86","2,677.19",7.34B,-0.51%,-0.005133963791181946
2010-05-17,2559.93,"2,663.88","2,663.88","2,557.24",8.26B,-5.07%,-0.05202293090885179
2010-05-18,2594.78,"2,555.14","2,603.32","2,529.62",8.28B,1.36%,0.013521820236296226
2010-05-19,2587.81,"2,581.63","2,623.96","2,554.98",7.14B,-0.27%,-0.0026897764254047124
2010-05-20,2555.94,"2,571.54","2,609.64","2,551.45",6.64B,-1.23%,-0.012391896117153548
2010-05-21,2583.52,"2,492.57","2,584.45","2,481.97",8.39B,1.08%,0.010732748089812092
2010-05-24,2673.42,"2,596.32","2,680.49","2,596.32",11.25B,3.48%,0.03420574148627514
2010-05-25,2622.63,"2,654.36","2,659.74","2,609.09",9.33B,-1.90%,-0.019180920557717127
2010-05-26,2625.79,"2,620.85","2,644.94","2,610.51",6.87B,0.12%,0.0012041720677236558
2010-05-27,2655.92,"2,615.10","2,662.08","2,583.55",8.79B,1.15%,0.011409307531173394
2010-05-28,2655.77,"2,680.40","2,686.54","2,641.41",8.69B,-0.01%,-5.6479199667111254e-05
2010-05-31,2592.15,"2,647.87","2,665.39","2,591.53",7.87B,-2.40%,-0.024246984292988362
2010-06-01,2568.28,"2,577.76","2,598.90","2,534.27",7.47B,-0.92%,-0.009251233034149507
2010-06-02,2571.42,"2,548.54","2,572.34","2,521.06",6.49B,0.12%,0.0012218613501385695
2010-06-03,2552.66,"2,575.77","2,596.14","2,551.53",6.95B,-0.73%,-0.007322322766329678
2010-06-04,2553.59,"2,536.23","2,556.97","2,527.87",5.65B,0.04%,0.0003642594899519121
2010-06-07,2511.73,"2,508.33","2,527.10","2,491.66",6.57B,-1.64%,-0.01652845347289282
2010-06-08,2513.95,"2,510.08","2,531.88","2,491.65",6.30B,0.09%,0.0008834625938751903
2010-06-09,2583.87,"2,523.88","2,589.47","2,501.12",9.60B,2.78%,0.027433053710694835
2010-06-10,2562.58,"2,561.55","2,581.05","2,554.79",7.46B,-0.82%,-0.008273711567859028
2010-06-11,2569.94,"2,574.90","2,590.98","2,566.62",6.65B,0.29%,0.0028679888416945003
2010-06-17,2560.24,"2,588.97","2,595.51","2,559.72",5.50B,-0.38%,-0.0037815482338829174
2010-06-18,2513.22,"2,556.60","2,568.86","2,505.33",6.72B,-1.84%,-0.018536204600368388
2010-06-21,2586.21,"2,517.29","2,587.34","2,504.32",7.86B,2.90%,0.028628684052270353
2010-06-22,2588.7,"2,579.63","2,598.35","2,572.96",6.37B,0.10%,0.0009623356511178959
2010-06-23,2569.87,"2,576.34","2,593.67","2,546.52",5.88B,-0.73%,-0.007300505230089893
2010-06-24,2566.74,"2,563.64","2,586.90","2,554.34",4.89B,-0.12%,-0.0012187027582002085
2010-06-25,2552.82,"2,556.54","2,572.83","2,534.27",5.01B,-0.54%,-0.00543798072610868
2010-06-28,2535.28,"2,550.65","2,561.49","2,528.39",4.32B,-0.69%,-0.00689454589332903
2010-06-29,2427.05,"2,534.50","2,541.14","2,425.93",7.37B,-4.27%,-0.04362755649453253
2010-06-30,2398.37,"2,409.54","2,411.44","2,382.36",5.52B,-1.18%,-0.01188718814890044
2010-07-01,2373.79,"2,393.95","2,410.77","2,371.78",5.00B,-1.02%,-0.010301505972494206
2010-07-02,2382.9,"2,371.32","2,386.40","2,319.74",6.83B,0.38%,0.003830399348479664
2010-07-05,2363.95,"2,358.76","2,378.09","2,335.57",4.80B,-0.80%,-0.00798428459710083
2010-07-06,2409.42,"2,358.28","2,409.78","2,356.55",6.14B,1.92%,0.019052105909986933
2010-07-07,2421.12,"2,407.66","2,421.68","2,392.57",5.61B,0.49%,0.004844188384527652
2010-07-08,2415.15,"2,429.68","2,436.28","2,402.00",5.45B,-0.25%,-0.002468846045552433
2010-07-09,2470.92,"2,416.58","2,485.60","2,398.68",8.59B,2.31%,0.022829153948998367
2010-07-12,2490.72,"2,468.54","2,501.02","2,455.81",8.29B,0.80%,0.007981274379483552
2010-07-13,2450.29,"2,468.69","2,468.69","2,439.24",6.63B,-1.62%,-0.01636544040668933
2010-07-14,2470.44,"2,456.10","2,494.59","2,456.10",7.29B,0.82%,0.008189887528367563
2010-07-15,2424.3,"2,465.99","2,487.24","2,423.65",10.55B,-1.87%,-0.018853449501705553
2010-07-16,2424.27,"2,414.68","2,428.46","2,389.07",7.08B,0.00%,-1.2374782668133346e-05
2010-07-19,2475.42,"2,399.58","2,484.19","2,392.27",8.88B,2.11%,0.020879630450742096
2010-07-20,2528.73,"2,477.75","2,530.33","2,477.46",11.86B,2.15%,0.021307121829121638
2010-07-21,2535.39,"2,529.62","2,553.45","2,520.15",11.42B,0.26%,0.00263027094131645
2010-07-22,2562.41,"2,525.98","2,563.24","2,522.20",10.59B,1.07%,0.01060075053263003
2010-07-23,2572.03,"2,566.85","2,579.52","2,549.24",11.44B,0.38%,0.003747248485481568
2010-07-26,2588.68,"2,576.37","2,589.48","2,556.47",9.33B,0.65%,0.00645262290281168
2010-07-27,2575.37,"2,581.59","2,588.00","2,565.64",8.66B,-0.51%,-0.00515488017104377
2010-07-28,2633.66,"2,574.32","2,636.00","2,564.16",12.90B,2.26%,0.022381300630367692
2010-07-29,2648.12,"2,635.05","2,656.41","2,623.94",13.91B,0.55%,0.005475440524377459
2010-07-30,2637.5,"2,642.85","2,643.03","2,614.73",9.48B,-0.40%,-0.004018455466326408
2010-08-02,2672.52,"2,635.81","2,675.76","2,633.65",11.29B,1.33%,0.013190348716436526
2010-08-03,2627.0,"2,678.79","2,681.78","2,626.72",12.80B,-1.70%,-0.01717933681521852
2010-08-04,2638.52,"2,620.50","2,638.90","2,589.99",11.21B,0.44%,0.004375643195884674
2010-08-05,2620.76,"2,636.24","2,640.59","2,606.62",11.35B,-0.67%,-0.006753801854410031
2010-08-06,2658.39,"2,618.71","2,659.41","2,598.91",12.09B,1.44%,0.014256324345145344
2010-08-09,2672.53,"2,656.36","2,676.09","2,650.40",12.00B,0.53%,0.005304912908376258
2010-08-10,2595.27,"2,672.79","2,675.31","2,594.34",12.70B,-2.89%,-0.02933503185020735
2010-08-11,2607.5,"2,587.61","2,618.45","2,586.02",8.69B,0.47%,0.00470135044459876
2010-08-12,2575.47,"2,584.92","2,608.76","2,570.96",9.27B,-1.23%,-0.012359866160774656
2010-08-13,2606.7,"2,576.69","2,607.03","2,564.84",8.88B,1.21%,0.01205301179911702
2010-08-16,2661.71,"2,603.79","2,665.31","2,596.77",12.59B,2.11%,0.02088371986119302
2010-08-17,2671.89,"2,663.18","2,677.57","2,654.01",12.26B,0.38%,0.0038173137699910884
2010-08-18,2666.3,"2,674.50","2,687.76","2,654.41",13.63B,-0.21%,-0.0020943436045823146
2010-08-19,2687.98,"2,669.43","2,701.93","2,659.30",12.84B,0.81%,0.008098238599297494
2010-08-20,2642.31,"2,677.02","2,683.29","2,636.91",11.62B,-1.70%,-0.017136447588146513
2010-08-23,2639.37,"2,637.82","2,656.12","2,629.71",8.81B,-0.11%,-0.0011132822524849133
2010-08-24,2650.31,"2,636.53","2,667.17","2,614.56",10.72B,0.41%,0.004136361972046526
2010-08-25,2596.58,"2,634.95","2,645.50","2,595.73",10.97B,-2.03%,-0.020481419754130207
2010-08-26,2603.48,"2,604.88","2,616.96","2,590.61",8.03B,0.27%,0.002653817090409664
2010-08-27,2610.74,"2,602.50","2,613.49","2,588.64",7.05B,0.28%,0.0027846944284996944
2010-08-30,2652.66,"2,622.27","2,656.36","2,620.19",11.05B,1.61%,0.01592920408597262
2010-08-31,2638.8,"2,644.79","2,647.25","2,626.79",11.09B,-0.52%,-0.005238641772620361
2010-09-01,2622.88,"2,641.05","2,662.88","2,604.49",12.72B,-0.60%,-0.0060513176705697174
2010-09-02,2655.78,"2,646.89","2,659.98","2,636.42",12.41B,1.25%,0.01246544616217357
2010-09-03,2655.39,"2,658.13","2,660.54","2,631.85",12.95B,-0.01%,-0.0001468602965829445
2010-09-06,2696.25,"2,667.20","2,698.60","2,664.24",14.42B,1.54%,0.015270382159629493
2010-09-07,2698.36,"2,698.22","2,704.93","2,679.02",11.22B,0.08%,0.0007822623350339713
2010-09-08,2695.29,"2,687.71","2,695.84","2,674.32",11.35B,-0.11%,-0.0011383758054506535
2010-09-09,2656.35,"2,698.64","2,698.64","2,651.60",13.30B,-1.44%,-0.014552805210031664
2010-09-10,2663.21,"2,657.24","2,667.84","2,628.83",11.30B,0.26%,0.002579162112193619
2010-09-13,2688.32,"2,665.66","2,696.67","2,660.61",11.79B,0.94%,0.009384301041370956
2010-09-14,2688.52,"2,694.07","2,703.78","2,678.97",12.07B,0.01%,7.4393138011268e-05
2010-09-15,2652.5,"2,688.39","2,688.49","2,645.86",12.20B,-1.34%,-0.013488264826355376
2010-09-16,2602.47,"2,646.92","2,653.27","2,583.34",11.90B,-1.89%,-0.019041597442976663
2010-09-17,2598.69,"2,607.55","2,615.08","2,592.53",8.32B,-0.15%,-0.0014535221625593337
2010-09-20,2588.71,"2,601.48","2,607.35","2,573.63",7.95B,-0.38%,-0.003847789764901921
2010-09-21,2591.55,"2,593.76","2,601.10","2,580.18",5.81B,0.11%,0.0010964701712006149
2010-09-27,2627.97,"2,600.54","2,629.05","2,597.14",7.68B,1.41%,0.013955532725328557
2010-09-28,2611.35,"2,625.33","2,625.33","2,607.02",9.31B,-0.63%,-0.006344356041392632
2010-09-29,2610.68,"2,608.92","2,634.12","2,603.93",8.86B,-0.03%,-0.0002566051913437962
2010-09-30,2655.66,"2,599.71","2,656.00","2,597.60",8.96B,1.72%,0.017082487572397293
2010-10-08,2738.74,"2,681.25","2,747.80","2,677.99",13.58B,3.13%,0.030804749248344147
2010-10-11,2806.94,"2,755.03","2,823.60","2,755.03",20.75B,2.49%,0.024596961397602177
2010-10-12,2841.41,"2,795.76","2,843.43","2,782.34",16.74B,1.23%,0.012205485823796132
2010-10-13,2861.36,"2,842.14","2,862.03","2,826.22",18.53B,0.70%,0.006996628439856405
2010-10-14,2879.64,"2,881.55","2,919.41","2,864.52",22.95B,0.64%,0.006368250053351427
2010-10-15,2971.16,"2,863.74","2,971.16","2,858.22",23.66B,3.18%,0.031287162616935385
2010-10-18,2955.23,"2,985.46","3,026.10","2,944.71",26.33B,-0.54%,-0.005375966943142869
2010-10-19,3001.85,"2,949.63","3,002.37","2,931.91",17.07B,1.58%,0.015652283265523453
2010-10-20,3003.95,"2,947.51","3,041.15","2,942.50",20.78B,0.07%,0.0006993240153132239
2010-10-21,2983.53,"3,009.22","3,018.24","2,958.55",16.14B,-0.68%,-0.00682092605571454
2010-10-22,2975.04,"2,976.75","2,997.62","2,954.62",14.71B,-0.28%,-0.002849678948262229
2010-10-25,3051.42,"2,979.71","3,051.54","2,959.30",19.21B,2.57%,0.02534957175861545
2010-10-26,3041.54,"3,065.84","3,073.38","3,017.82",19.88B,-0.32%,-0.0032430899462710396
2010-10-27,2997.05,"3,031.65","3,056.40","2,988.87",17.63B,-1.46%,-0.014735494552323104
2010-10-28,2992.58,"2,989.29","3,007.01","2,969.30",14.35B,-0.15%,-0.0014925799523022173
2010-10-29,2978.83,"2,993.30","2,996.77","2,955.48",14.71B,-0.46%,-0.004605285619837239
2010-11-01,3054.02,"2,986.89","3,054.05","2,986.89",18.62B,2.52%,0.02492814959023364
2010-11-02,3045.43,"3,061.63","3,089.57","3,029.32",22.49B,-0.28%,-0.002816649264793526
2010-11-03,3030.99,"3,044.02","3,069.07","3,017.10",18.98B,-0.47%,-0.0047528074696290695
2010-11-04,3086.94,"3,035.37","3,087.42","3,035.37",17.69B,1.85%,0.018291010156118195
2010-11-05,3129.5,"3,129.87","3,142.59","3,105.92",21.20B,1.38%,0.013692938397452102
2010-11-08,3159.51,"3,140.40","3,160.70","3,124.09",20.54B,0.96%,0.009543704901507449
2010-11-09,3135.0,"3,159.02","3,159.02","3,110.34",19.25B,-0.78%,-0.00778777819924246
2010-11-10,3115.36,"3,120.44","3,124.26","3,093.88",18.51B,-0.63%,-0.006284458699710065
2010-11-11,3147.74,"3,108.51","3,186.72","3,102.77",21.03B,1.04%,0.010340019637083453
2010-11-12,2985.43,"3,121.92","3,150.15","2,975.16",23.31B,-5.16%,-0.05294094495107566
2010-11-15,3014.41,"2,984.87","3,016.13","2,939.68",15.32B,0.97%,0.009660332732988981
2010-11-16,2894.54,"3,007.64","3,007.64","2,885.75",17.11B,-3.98%,-0.04057791905024499
2010-11-17,2838.86,"2,852.48","2,891.05","2,824.12",12.38B,-1.92%,-0.019423640617453292
2010-11-18,2865.45,"2,855.61","2,873.70","2,827.18",10.22B,0.94%,0.00932284275916106
2010-11-19,2888.57,"2,879.65","2,888.75","2,806.64",12.38B,0.81%,0.008036164081414672
2010-11-22,2884.37,"2,861.61","2,904.97","2,852.77",12.71B,-0.15%,-0.001455064747260436
2010-11-23,2828.28,"2,872.17","2,872.17","2,791.58",11.63B,-1.94%,-0.019637752195627824
2010-11-24,2859.94,"2,794.86","2,861.48","2,794.86",11.62B,1.12%,0.011131892556559709
2010-11-25,2898.26,"2,875.86","2,901.67","2,856.96",13.16B,1.34%,0.013309911329676441
2010-11-26,2871.7,"2,890.29","2,894.42","2,851.96",11.09B,-0.92%,-0.0092063680149249
2010-11-29,2866.36,"2,861.15","2,878.83","2,841.80",10.25B,-0.19%,-0.0018612567807247211
2010-11-30,2820.18,"2,863.41","2,881.16","2,758.92",13.93B,-1.61%,-0.016242219424524335
2010-12-01,2823.45,"2,810.54","2,834.20","2,795.81",8.13B,0.12%,0.0011588287559375732
2010-12-02,2843.61,"2,860.46","2,870.81","2,841.47",10.42B,0.71%,0.007114830279859034
2010-12-03,2842.43,"2,846.72","2,853.40","2,822.74",8.35B,-0.04%,-0.00041505160601748673
2010-12-06,2857.18,"2,850.38","2,871.41","2,831.70",8.98B,0.52%,0.00517580428417724
2010-12-07,2875.86,"2,843.77","2,884.53","2,809.11",8.68B,0.65%,0.006516635539329489
2010-12-08,2848.55,"2,868.73","2,880.56","2,843.94",8.67B,-0.95%,-0.009541667071126579
2010-12-09,2810.95,"2,837.61","2,854.70","2,808.51",9.46B,-1.32%,-0.013287588380500487
2010-12-10,2841.04,"2,798.74","2,850.42","2,792.52",8.05B,1.07%,0.010647677820508685
2010-12-13,2922.95,"2,850.33","2,923.77","2,847.66",12.89B,2.88%,0.028423197947106744
2010-12-14,2927.08,"2,928.30","2,933.41","2,912.42",12.09B,0.14%,0.0014119588057293732
2010-12-15,2911.41,"2,927.26","2,939.05","2,905.65",10.95B,-0.54%,-0.0053678391590525325
2010-12-16,2898.14,"2,908.87","2,921.27","2,891.86",8.76B,-0.46%,-0.004568348005789254
2010-12-17,2893.74,"2,896.77","2,898.81","2,881.00",7.37B,-0.15%,-0.001519368787489795
2010-12-20,2852.92,"2,901.47","2,911.56","2,804.56",11.38B,-1.41%,-0.014206751943633094
2010-12-21,2904.11,"2,857.59","2,908.17","2,846.63",10.68B,1.79%,0.017783943853784567
2010-12-22,2877.9,"2,910.73","2,917.20","2,867.05",9.83B,-0.90%,-0.009066113523170768
2010-12-23,2855.22,"2,874.20","2,893.71","2,849.84",8.90B,-0.79%,-0.007911963577355342
2010-12-24,2835.16,"2,841.35","2,853.49","2,813.50",8.12B,-0.70%,-0.0070505249555627815
2010-12-27,2781.4,"2,842.81","2,876.81","2,774.54",9.78B,-1.90%,-0.019143974914583
2010-12-28,2732.99,"2,768.03","2,775.15","2,730.41",8.43B,-1.74%,-0.017558150105939446
2010-12-29,2751.53,"2,735.48","2,753.03","2,721.48",6.39B,0.68%,0.006760872645543403
2010-12-30,2759.58,"2,751.97","2,768.13","2,724.54",7.32B,0.29%,0.002921373634412942
2010-12-31,2808.08,"2,759.16","2,808.93","2,758.13",8.34B,1.76%,0.01742248154983103
2011-01-04,2852.65,"2,825.33","2,855.40","2,810.11",11.01B,1.59%,0.01574741103666412
2011-01-05,2838.59,"2,833.12","2,850.49","2,824.30",10.44B,-0.49%,-0.004940936809453983
2011-01-06,2824.2,"2,838.43","2,853.88","2,816.95",8.47B,-0.51%,-0.00508231136041727
2011-01-07,2838.8,"2,820.66","2,868.01","2,807.87",11.31B,0.52%,0.0051562890156764745
2011-01-10,2791.81,"2,832.62","2,847.36","2,786.86",9.08B,-1.66%,-0.016691296660109597
2011-01-11,2804.05,"2,783.48","2,810.76","2,770.34",8.06B,0.44%,0.004374669673824311
2011-01-12,2821.31,"2,811.79","2,828.47","2,788.13",7.92B,0.62%,0.006136515409867825
2011-01-13,2827.71,"2,830.53","2,837.53","2,810.87",7.49B,0.23%,0.00226588071497299
2011-01-14,2791.34,"2,817.05","2,817.05","2,780.44",7.68B,-1.29%,-0.012945429536379546
2011-01-17,2706.66,"2,772.45","2,780.94","2,698.78",9.25B,-3.03%,-0.030806364822610535
2011-01-18,2708.98,"2,696.15","2,715.41","2,683.37",6.04B,0.09%,0.0008567778293683039
2011-01-19,2758.1,"2,707.82","2,759.60","2,700.81",7.85B,1.81%,0.017969856594259797
2011-01-20,2677.65,"2,752.80","2,752.80","2,676.13",8.60B,-2.92%,-0.02960249269235065
2011-01-21,2715.29,"2,668.68","2,746.18","2,667.29",9.56B,1.41%,0.013959217498472962
2011-01-24,2695.72,"2,716.52","2,736.11","2,690.65",8.79B,-0.72%,-0.0072334315882823805
2011-01-25,2677.43,"2,691.69","2,701.04","2,661.45",6.95B,-0.68%,-0.006807950882562173
2011-01-26,2708.81,"2,677.17","2,710.74","2,676.77",6.08B,1.17%,0.011652044854346295
2011-01-27,2749.15,"2,690.82","2,753.00","2,677.21",10.56B,1.49%,0.014782348929439967
2011-01-28,2752.75,"2,741.31","2,759.44","2,733.29",8.54B,0.13%,0.0013086390206150295
2011-01-31,2790.69,"2,751.53","2,790.92","2,748.54",9.15B,1.38%,0.013688465073138803
2011-02-01,2798.96,"2,795.07","2,805.05","2,785.30",7.34B,0.30%,0.00295904252834999
2011-02-09,2774.07,"2,778.70","2,804.21","2,764.87",8.73B,-0.89%,-0.008932363720119154
2011-02-10,2818.16,"2,769.65","2,819.06","2,760.18",9.79B,1.59%,0.015768633828389635
2011-02-11,2827.33,"2,815.12","2,835.41","2,807.61",10.78B,0.33%,0.003248613695046755
2011-02-14,2899.13,"2,828.57","2,906.26","2,828.57",15.42B,2.54%,0.025077888567056693
2011-02-15,2899.24,"2,900.43","2,934.47","2,892.64",15.24B,0.00%,3.794169741258771e-05
2011-02-16,2923.9,"2,893.68","2,924.19","2,882.55",12.78B,0.85%,0.008469707895467136
2011-02-17,2926.96,"2,929.26","2,939.28","2,905.03",13.04B,0.10%,0.0010460001705731737
2011-02-18,2899.79,"2,924.23","2,924.23","2,890.26",11.38B,-0.93%,-0.00932602116955942
2011-02-21,2932.25,"2,886.54","2,932.82","2,884.19",11.89B,1.12%,0.011131725842157856
2011-02-22,2855.52,"2,941.32","2,944.41","2,851.62",15.30B,-2.62%,-0.026516083293909247
2011-02-23,2862.63,"2,844.99","2,868.48","2,839.20",11.11B,0.25%,0.0024868195707285607
2011-02-24,2878.6,"2,861.39","2,881.54","2,854.56",10.98B,0.56%,0.00556328215013649
2011-02-25,2878.57,"2,876.78","2,890.32","2,848.65",10.01B,0.00%,-1.0421787093281826e-05
2011-02-28,2905.05,"2,880.17","2,906.17","2,861.82",11.87B,0.92%,0.009156958800373602
2011-03-01,2918.92,"2,906.28","2,931.58","2,901.55",13.66B,0.48%,0.004763082990583517
2011-03-02,2913.81,"2,905.51","2,924.96","2,883.57",13.34B,-0.18%,-0.0017521816738880185
2011-03-03,2902.98,"2,918.73","2,937.56","2,900.76",15.05B,-0.37%,-0.003723707582381524
2011-03-04,2942.31,"2,902.19","2,944.46","2,898.08",11.83B,1.35%,0.013457191530398408
2011-03-07,2996.21,"2,952.72","3,000.43","2,952.72",16.01B,1.83%,0.018153169532059376
2011-03-08,2999.94,"2,996.73","3,001.62","2,976.60",12.67B,0.12%,0.0012441318116217684
2011-03-09,3002.15,"3,002.55","3,012.04","2,989.34",12.48B,0.07%,0.0007364101837438846
2011-03-10,2957.14,"2,995.77","2,995.77","2,954.37",12.38B,-1.50%,-0.015106113619882558
2011-03-11,2933.8,"2,942.42","2,966.98","2,927.68",11.60B,-0.79%,-0.007924073960442991
2011-03-14,2937.63,"2,923.98","2,939.65","2,914.46",11.69B,0.13%,0.0013046227386632142
2011-03-15,2896.26,"2,927.98","2,927.98","2,850.94",15.50B,-1.41%,-0.014182884311087463
2011-03-16,2930.8,"2,894.25","2,934.02","2,894.25",13.08B,1.19%,0.011855173804570688
2011-03-17,2897.3,"2,906.95","2,935.62","2,885.65",13.78B,-1.14%,-0.01149615447580883
2011-03-18,2906.89,"2,920.81","2,930.61","2,900.87",10.06B,0.33%,0.003304512335653957
2011-03-21,2909.14,"2,913.91","2,927.07","2,895.15",9.68B,0.08%,0.0007737236954576914
2011-03-22,2919.14,"2,917.69","2,923.39","2,884.75",9.51B,0.34%,0.0034315474935761757
2011-03-23,2948.48,"2,919.02","2,950.42","2,911.63",11.26B,1.01%,0.010000730972809619
2011-03-24,2946.71,"2,949.85","2,958.66","2,942.13",10.90B,-0.06%,-0.0006004895696955593
2011-03-25,2977.81,"2,948.54","2,985.08","2,946.70",13.64B,1.06%,0.010498837261903588
2011-03-28,2984.01,"2,985.36","3,005.78","2,979.20",15.60B,0.21%,0.0020799025247649314
2011-03-29,2958.08,"2,979.86","2,994.17","2,953.54",16.85B,-0.87%,-0.00872762431856409
2011-03-30,2955.77,"2,955.45","2,968.18","2,935.75",12.65B,-0.08%,-0.000781217013445651
2011-03-31,2928.11,"2,954.65","2,961.63","2,914.38",10.89B,-0.94%,-0.009402028510918807
2011-04-01,2967.41,"2,932.48","2,967.85","2,924.39",9.98B,1.34%,0.01333235478296752
2011-04-06,3001.36,"2,964.21","3,005.24","2,963.90",14.17B,1.14%,0.011376000794559537
2011-04-07,3007.91,"3,003.20","3,012.29","2,990.31",12.47B,0.22%,0.0021799661502768892
2011-04-08,3030.02,"3,005.37","3,031.10","2,998.34",11.43B,0.74%,0.007323734732350703
2011-04-11,3022.75,"3,037.91","3,059.57","3,019.89",14.72B,-0.24%,-0.0024022070873404044
2011-04-12,3021.37,"3,012.79","3,039.12","3,003.45",14.60B,-0.05%,-0.00045664216593316776
2011-04-13,3050.4,"3,006.83","3,050.40","2,994.47",12.82B,0.96%,0.009562358654931186
2011-04-14,3042.64,"3,049.67","3,058.24","3,036.73",12.95B,-0.25%,-0.002547169949851396
2011-04-15,3050.53,"3,036.34","3,062.53","3,020.16",12.85B,0.26%,0.0025897864034149375
2011-04-18,3057.33,"3,040.53","3,067.46","3,037.19",13.75B,0.22%,0.0022266400374241742
2011-04-19,2999.04,"3,038.81","3,038.81","2,996.22",14.19B,-1.91%,-0.019249748595020367
2011-04-20,3007.04,"3,005.97","3,019.12","2,992.67",11.97B,0.27%,0.0026639687553787162
2011-04-21,3026.67,"3,021.77","3,035.47","3,012.54",12.15B,0.65%,0.006506799053508669
2011-04-22,3010.52,"3,025.70","3,032.97","3,004.46",11.85B,-0.53%,-0.005350183951058419
2011-04-25,2964.95,"3,003.03","3,003.61","2,964.64",11.73B,-1.51%,-0.015252652413921429
2011-04-26,2938.98,"2,956.95","2,970.28","2,931.50",9.52B,-0.88%,-0.00879758652319233
2011-04-27,2925.41,"2,946.33","2,961.13","2,907.66",10.55B,-0.46%,-0.004627940576937156
2011-04-28,2887.04,"2,937.95","2,953.19","2,884.84",10.52B,-1.31%,-0.013202886003123023
2011-04-29,2911.51,"2,886.63","2,913.56","2,871.01",8.75B,0.85%,0.008440091146975673
2011-05-03,2932.19,"2,911.51","2,933.46","2,890.22",9.64B,0.71%,0.00707773716282971
2011-05-04,2866.02,"2,916.84","2,916.97","2,860.07",11.15B,-2.26%,-0.02282527635895118
2011-05-05,2872.4,"2,854.77","2,880.12","2,849.91",9.11B,0.22%,0.0022236095053318394
2011-05-06,2863.89,"2,842.76","2,881.71","2,834.46",9.11B,-0.30%,-0.0029670767144546624
2011-05-09,2872.46,"2,868.24","2,885.18","2,861.42",8.16B,0.30%,0.002987964951940578
2011-05-10,2890.63,"2,876.98","2,891.03","2,865.10",8.13B,0.63%,0.006305665955375317
2011-05-11,2883.42,"2,890.35","2,897.14","2,868.35",9.25B,-0.25%,-0.0024973818194669994
2011-05-12,2844.08,"2,864.98","2,876.45","2,843.10",10.02B,-1.36%,-0.013737448686831358
2011-05-13,2871.03,"2,846.31","2,871.99","2,832.25",9.32B,0.95%,0.009431209464538928
2011-05-16,2849.07,"2,864.38","2,877.09","2,846.31",8.46B,-0.76%,-0.007678225166624172
2011-05-17,2852.77,"2,846.45","2,869.23","2,821.20",9.48B,0.13%,0.0012978268486462982
2011-05-18,2872.77,"2,846.72","2,877.43","2,843.68",7.68B,0.70%,0.0069862690144597474
2011-05-19,2859.57,"2,879.39","2,884.14","2,856.83",7.70B,-0.46%,-0.004605457223839335
2011-05-20,2858.46,"2,858.31","2,866.76","2,850.45",7.07B,-0.04%,-0.0003882456069461352
2011-05-23,2774.57,"2,853.29","2,853.29","2,771.12",9.86B,-2.93%,-0.029787238034140292
2011-05-24,2767.06,"2,766.06","2,771.75","2,744.78",7.49B,-0.27%,-0.0027103955325505345
2011-05-25,2741.74,"2,764.56","2,771.18","2,737.33",7.44B,-0.92%,-0.009192629358156349
2011-05-26,2736.53,"2,755.39","2,764.89","2,734.54",7.87B,-0.19%,-0.0019020608954079543
2011-05-27,2709.95,"2,739.39","2,746.84","2,708.55",8.25B,-0.97%,-0.009760509913667932
2011-05-30,2706.36,"2,704.48","2,728.06","2,689.21",6.52B,-0.13%,-0.001325625943020446
2011-05-31,2743.47,"2,707.56","2,744.93","2,702.09",6.79B,1.37%,0.013618983926101445
2011-06-01,2743.57,"2,737.06","2,744.56","2,726.49",6.86B,0.00%,3.644952470245587e-05
2011-06-02,2705.18,"2,715.32","2,727.99","2,676.54",8.60B,-1.40%,-0.0140915385220783
2011-06-03,2728.02,"2,701.77","2,732.43","2,701.25",6.80B,0.84%,0.008407617810034402
2011-06-07,2744.3,"2,720.97","2,745.77","2,717.31",6.50B,0.60%,0.005949962001034426
2011-06-08,2750.29,"2,742.04","2,754.12","2,715.25",7.43B,0.22%,0.002180327330320175
2011-06-09,2703.35,"2,743.54","2,747.33","2,702.69",8.35B,-1.71%,-0.017214615995674483
2011-06-10,2705.14,"2,696.13","2,707.74","2,672.32",7.34B,0.07%,0.000661922298222274
2011-06-13,2700.38,"2,687.65","2,703.42","2,669.40",6.31B,-0.18%,-0.0017611631185672494
2011-06-14,2730.04,"2,696.22","2,735.55","2,691.67",8.31B,1.10%,0.010923757256205445
2011-06-15,2705.43,"2,717.68","2,730.48","2,705.07",7.49B,-0.90%,-0.009055396559461385
2011-06-16,2664.28,"2,685.63","2,691.94","2,663.12",7.09B,-1.52%,-0.01532701228462595
2011-06-17,2642.82,"2,661.41","2,675.03","2,641.39",6.44B,-0.81%,-0.008087323383940689
2011-06-20,2621.25,"2,635.83","2,637.88","2,610.99",6.01B,-0.82%,-0.008195225642159994
2011-06-21,2646.48,"2,628.02","2,648.02","2,618.81",6.48B,0.96%,0.009579151902402985
2011-06-22,2649.32,"2,648.53","2,657.73","2,633.47",5.83B,0.11%,0.0010725481597688093
2011-06-23,2688.25,"2,640.66","2,693.42","2,630.34",7.38B,1.47%,0.014587420992334022
2011-06-24,2746.21,"2,678.05","2,759.71","2,674.30",12.58B,2.16%,0.021331355005768663
2011-06-27,2758.23,"2,746.79","2,769.04","2,743.50",10.16B,0.44%,0.00436739036337317
2011-06-28,2759.2,"2,759.71","2,763.28","2,736.40",8.83B,0.04%,0.0003516129828536472
2011-06-29,2728.48,"2,757.40","2,759.23","2,727.25",8.82B,-1.11%,-0.011196105058026935
2011-06-30,2762.08,"2,729.99","2,774.37","2,729.99",9.10B,1.23%,0.012239341503634505
2011-07-01,2759.36,"2,767.83","2,778.67","2,752.97",9.21B,-0.10%,-0.0009852503042790393
2011-07-04,2812.82,"2,770.94","2,813.27","2,770.94",12.20B,1.94%,0.01918877005429329
2011-07-05,2816.35,"2,812.72","2,818.14","2,799.11",11.01B,0.13%,0.0012541815090735078
2011-07-06,2810.48,"2,811.82","2,811.82","2,780.73",10.31B,-0.21%,-0.0020864330820165454
2011-07-07,2794.27,"2,813.19","2,825.12","2,793.89",11.65B,-0.58%,-0.005784395449509461
2011-07-08,2797.77,"2,797.03","2,807.38","2,784.13",8.62B,0.13%,0.0012517794783397534
2011-07-11,2802.69,"2,789.45","2,807.32","2,780.67",8.61B,0.18%,0.001756998984257997
2011-07-12,2754.58,"2,783.72","2,783.72","2,752.19",9.67B,-1.72%,-0.0173146893838237
2011-07-13,2795.48,"2,756.03","2,797.27","2,756.03",9.19B,1.48%,0.014738846211319356
2011-07-14,2810.44,"2,798.21","2,811.70","2,788.98",10.45B,0.54%,0.005337227613854012
2011-07-15,2820.17,"2,803.58","2,821.34","2,794.16",10.75B,0.35%,0.003456112103366435
2011-07-18,2816.69,"2,821.36","2,826.96","2,807.11",10.81B,-0.12%,-0.0012347301306479348
2011-07-19,2796.98,"2,804.92","2,809.31","2,790.69",9.27B,-0.70%,-0.0070221730144840785
2011-07-20,2794.2,"2,810.44","2,817.28","2,779.38",8.40B,-0.10%,-0.0009944234415955563
2011-07-21,2765.89,"2,795.90","2,799.85","2,763.42",8.18B,-1.01%,-0.010183376401419789
2011-07-22,2770.79,"2,769.86","2,782.17","2,763.80",7.02B,0.18%,0.0017700142609968518
2011-07-25,2688.75,"2,759.63","2,759.63","2,680.75",11.12B,-2.96%,-0.030056076494023694
2011-07-26,2703.03,"2,685.75","2,704.94","2,677.12",7.29B,0.53%,0.0052969644120510855
2011-07-27,2723.49,"2,690.14","2,726.80","2,680.43",8.04B,0.76%,0.00754078007708197
2011-07-28,2708.78,"2,701.77","2,712.09","2,684.66",7.85B,-0.54%,-0.005415797062636871
2011-07-29,2701.73,"2,706.50","2,721.53","2,681.27",7.55B,-0.26%,-0.002606040461980381
2011-08-01,2703.78,"2,697.57","2,712.89","2,688.53",5.90B,0.08%,0.0007584853596720085
2011-08-02,2679.26,"2,689.97","2,689.97","2,651.28",7.00B,-0.91%,-0.00911015693219154
2011-08-03,2678.48,"2,659.12","2,688.06","2,654.36",6.40B,-0.03%,-0.0002911675465815293
2011-08-04,2684.04,"2,683.19","2,698.82","2,675.53",5.89B,0.21%,0.0020736526828243214
2011-08-05,2626.42,"2,620.28","2,644.58","2,605.14",7.86B,-2.15%,-0.021701419965496953
2011-08-08,2526.82,"2,599.29","2,614.19","2,497.92",11.03B,-3.79%,-0.03866010700186497
2011-08-09,2526.07,"2,468.03","2,537.41","2,437.68",10.37B,-0.03%,-0.00029685981903733357
2011-08-10,2549.18,"2,562.39","2,579.16","2,544.95",10.04B,0.91%,0.009107003486963186
2011-08-11,2581.51,"2,508.86","2,582.16","2,505.01",9.56B,1.27%,0.012602760218289344
2011-08-12,2593.17,"2,593.40","2,605.45","2,585.85",9.72B,0.45%,0.004506566486704055
2011-08-15,2626.77,"2,598.14","2,627.10","2,584.41",8.87B,1.30%,0.012873888995799944
2011-08-16,2608.17,"2,627.85","2,636.36","2,601.50",8.52B,-0.71%,-0.00710612854030094
2011-08-17,2601.26,"2,603.96","2,617.16","2,596.04",7.01B,-0.26%,-0.0026528829651582993
2011-08-18,2559.47,"2,601.99","2,603.48","2,556.86",7.10B,-1.61%,-0.016195737216396777
2011-08-19,2534.36,"2,519.65","2,538.27","2,513.75",7.06B,-0.98%,-0.009859066122406689
2011-08-22,2515.86,"2,534.57","2,553.41","2,507.78",6.12B,-0.73%,-0.007326446274293952
2011-08-23,2554.02,"2,524.88","2,554.18","2,514.95",6.09B,1.52%,0.015053895022406831
2011-08-24,2541.09,"2,562.41","2,569.28","2,536.26",6.55B,-0.51%,-0.005075465596136787
2011-08-25,2615.26,"2,546.40","2,616.30","2,545.05",10.45B,2.92%,0.02877039612353115
2011-08-26,2612.19,"2,602.21","2,616.64","2,593.24",7.78B,-0.12%,-0.0011745689974847645
2011-08-29,2576.41,"2,595.47","2,595.47","2,570.84",7.37B,-1.37%,-0.013791992895215155
2011-08-30,2566.59,"2,592.60","2,615.14","2,563.69",7.59B,-0.38%,-0.003818787452406964
2011-08-31,2567.34,"2,566.53","2,574.42","2,545.10",5.92B,0.03%,0.00029217383382146707
2011-09-01,2556.04,"2,569.80","2,584.80","2,547.85",5.73B,-0.44%,-0.004411157604252489
2011-09-02,2528.28,"2,551.56","2,557.31","2,517.62",5.44B,-1.09%,-0.01091995620020398
2011-09-05,2478.74,"2,510.10","2,510.10","2,478.20",5.50B,-1.96%,-0.01978886309264888
2011-09-06,2470.52,"2,465.57","2,482.24","2,459.54",4.92B,-0.33%,-0.0033217117541330015
2011-09-07,2516.09,"2,480.94","2,516.75","2,475.22",5.97B,1.84%,0.018277454465487442
2011-09-08,2498.94,"2,523.96","2,524.38","2,498.11",5.53B,-0.68%,-0.006839467302869065
2011-09-09,2497.75,"2,506.97","2,528.42","2,487.14",5.13B,-0.05%,-0.0004763153297477751
2011-09-13,2471.3,"2,467.73","2,477.08","2,453.80",4.99B,-1.06%,-0.010645998657207648
2011-09-14,2484.83,"2,478.59","2,485.93","2,439.37",5.41B,0.55%,0.0054599187719297235
2011-09-15,2479.05,"2,482.86","2,496.57","2,477.65",5.60B,-0.23%,-0.0023288244729049324
2011-09-16,2482.34,"2,490.18","2,499.48","2,475.76",4.80B,0.13%,0.0013262414292108029
2011-09-19,2437.79,"2,469.60","2,469.60","2,437.17",4.87B,-1.79%,-0.01810977253006693
2011-09-20,2447.76,"2,433.72","2,460.03","2,426.70",4.63B,0.41%,0.004081429456283707
2011-09-21,2512.96,"2,450.12","2,517.67","2,438.85",8.67B,2.66%,0.026288020576137352
2011-09-22,2443.06,"2,491.21","2,499.98","2,442.46",7.47B,-2.78%,-0.02820998926310706
2011-09-23,2433.16,"2,411.83","2,440.75","2,400.14",6.73B,-0.41%,-0.004060527868924227
2011-09-26,2393.18,"2,416.23","2,441.73","2,384.64",5.74B,-1.64%,-0.016567798585054607
2011-09-27,2415.05,"2,410.99","2,423.91","2,395.16",5.52B,0.91%,0.009096965336672999
2011-09-28,2392.06,"2,427.29","2,430.27","2,383.40",5.58B,-0.95%,-0.009565071438123154
2011-09-29,2365.34,"2,378.42","2,387.54","2,358.57",5.92B,-1.12%,-0.01123314456135038
2011-09-30,2359.22,"2,368.40","2,377.54","2,348.22",4.88B,-0.26%,-0.002590718891507535
2011-10-10,2344.79,"2,363.08","2,368.15","2,338.69",4.17B,-0.61%,-0.006135210283583432
2011-10-11,2348.52,"2,401.74","2,412.38","2,323.41",6.40B,0.16%,0.001589496873345443
2011-10-12,2420.0,"2,335.49","2,421.69","2,318.63",9.15B,3.04%,0.02998219764585407
2011-10-13,2438.79,"2,412.83","2,439.64","2,406.28",8.79B,0.78%,0.0077344744972877065
2011-10-14,2431.37,"2,429.88","2,437.59","2,409.29",6.07B,-0.30%,-0.00304713017281795
2011-10-17,2440.4,"2,434.49","2,452.99","2,424.73",5.83B,0.37%,0.0037070758024957
2011-10-18,2383.49,"2,423.28","2,425.65","2,378.67",7.95B,-2.33%,-0.023596160152421712
2011-10-19,2377.51,"2,387.83","2,401.69","2,374.42",5.85B,-0.25%,-0.0025120786157324386
2011-10-20,2331.37,"2,365.91","2,368.64","2,315.90",6.54B,-1.94%,-0.019597643911354677
2011-10-21,2317.28,"2,330.51","2,340.31","2,313.78",4.84B,-0.60%,-0.006061993545642205
2011-10-24,2370.33,"2,322.02","2,371.09","2,307.15",7.09B,2.29%,0.022635101889900124
2011-10-25,2409.67,"2,366.40","2,414.05","2,357.39",9.09B,1.66%,0.016460622705978988
2011-10-26,2427.48,"2,398.19","2,448.98","2,394.73",10.74B,0.74%,0.0073638735541752464
2011-10-27,2435.61,"2,432.47","2,449.70","2,426.32",8.24B,0.33%,0.003343556287883221
2011-10-28,2473.41,"2,462.08","2,483.76","2,456.18",11.00B,1.55%,0.015400526827008362
2011-10-31,2468.25,"2,470.25","2,478.31","2,455.20",8.42B,-0.21%,-0.0020883678259330856
2011-11-01,2470.02,"2,450.33","2,491.35","2,445.53",8.89B,0.07%,0.000716850263673864
2011-11-02,2504.11,"2,437.87","2,505.12","2,433.72",10.55B,1.38%,0.01370713421233489
2011-11-03,2508.09,"2,510.84","2,535.24","2,507.30",13.66B,0.16%,0.001588125308850484
2011-11-04,2528.29,"2,525.24","2,536.78","2,512.90",10.19B,0.81%,0.00802167760091891
2011-11-07,2509.8,"2,518.90","2,536.18","2,507.62",7.89B,-0.73%,-0.0073401162011294116
2011-11-08,2503.84,"2,514.26","2,524.82","2,500.02",7.87B,-0.24%,-0.002377515261346
2011-11-09,2524.92,"2,512.59","2,527.70","2,489.02",7.82B,0.84%,0.008383825624359277
2011-11-10,2479.54,"2,498.59","2,507.45","2,478.14",8.71B,-1.80%,-0.01813631995542181
2011-11-11,2481.08,"2,483.96","2,496.53","2,472.76",6.61B,0.06%,0.0006208901506155163
2011-11-14,2528.71,"2,498.67","2,529.63","2,496.34",8.12B,1.92%,0.019015342030490344
2011-11-15,2529.76,"2,525.95","2,534.06","2,518.70",7.92B,0.04%,0.0004151452969297929
2011-11-16,2466.96,"2,529.07","2,529.46","2,456.86",9.34B,-2.48%,-0.025137813189058895
2011-11-17,2463.05,"2,467.70","2,482.53","2,459.16",6.64B,-0.16%,-0.0015862040116797072
2011-11-18,2416.56,"2,448.39","2,448.51","2,411.04",7.22B,-1.89%,-0.019055378085627357
2011-11-21,2415.13,"2,416.73","2,419.24","2,396.09",5.02B,-0.06%,-0.0005919254098474754
2011-11-22,2412.63,"2,400.98","2,414.85","2,387.83",5.14B,-0.10%,-0.001035677093916879
2011-11-23,2395.06,"2,415.20","2,418.56","2,390.65",5.05B,-0.73%,-0.007309156048423366
2011-11-24,2397.55,"2,379.15","2,409.72","2,370.69",5.22B,0.10%,0.0010390998741996473
2011-11-25,2380.22,"2,393.33","2,403.94","2,372.62",4.54B,-0.72%,-0.007254462229204727
2011-11-28,2383.03,"2,383.89","2,396.83","2,372.16",4.61B,0.12%,0.0011798668245339582
2011-11-29,2412.39,"2,398.99","2,413.33","2,388.20",5.51B,1.23%,0.012245170125885952
2011-11-30,2333.41,"2,406.33","2,407.33","2,319.44",7.66B,-3.27%,-0.03328724034628239
2011-12-01,2386.86,"2,392.48","2,423.56","2,376.92",9.86B,2.29%,0.022647977619984907
2011-12-02,2360.66,"2,374.90","2,378.30","2,344.85",5.99B,-1.10%,-0.011037453653646525
2011-12-05,2333.23,"2,363.11","2,363.13","2,327.61",5.22B,-1.16%,-0.011687667264338121
2011-12-06,2325.9,"2,326.66","2,331.89","2,310.16",4.59B,-0.31%,-0.003146512781390678
2011-12-07,2332.73,"2,325.56","2,339.85","2,317.81",4.16B,0.29%,0.002932194612390694
2011-12-08,2329.82,"2,329.91","2,346.65","2,302.64",5.15B,-0.12%,-0.0012482441487350242
2011-12-09,2315.27,"2,315.51","2,331.26","2,309.46",4.00B,-0.62%,-0.006264699967625511
2011-12-12,2291.54,"2,312.15","2,315.81","2,290.26",3.96B,-1.02%,-0.010302230777256945
2011-12-13,2248.59,"2,283.22","2,285.81","2,245.87",5.86B,-1.87%,-0.01892072751762398
2011-12-14,2228.53,"2,241.39","2,256.74","2,224.72",4.41B,-0.89%,-0.008961177828238078
2011-12-15,2180.9,"2,215.79","2,216.91","2,179.47",5.67B,-2.14%,-0.02160453964275355
2011-12-16,2224.84,"2,179.51","2,225.54","2,170.75",5.73B,2.01%,0.019947367279144566
2011-12-19,2218.24,"2,208.07","2,221.45","2,164.89",5.78B,-0.30%,-0.002970914255193203
2011-12-20,2215.93,"2,209.70","2,239.86","2,206.52",5.28B,-0.10%,-0.0010419087265364137
2011-12-21,2191.15,"2,230.18","2,237.47","2,188.71",5.09B,-1.12%,-0.011245659778988884
2011-12-22,2186.3,"2,178.57","2,201.59","2,149.42",5.90B,-0.22%,-0.002215902858764487
2011-12-23,2204.78,"2,183.91","2,219.79","2,178.14",5.24B,0.85%,0.008417113377792856
2011-12-26,2190.11,"2,193.66","2,213.45","2,186.07",4.36B,-0.67%,-0.006675959800985546
2011-12-27,2166.21,"2,186.71","2,196.97","2,162.72",4.57B,-1.09%,-0.010972674089755774
2011-12-28,2170.01,"2,157.65","2,170.67","2,134.02",4.96B,0.18%,0.001752679048924376
2011-12-29,2173.56,"2,161.18","2,181.95","2,157.11",4.47B,0.16%,0.0016346004740074198
2011-12-30,2199.42,"2,177.52","2,200.99","2,177.52",5.19B,1.19%,0.011827312931770124
2012-01-04,2169.39,"2,212.00","2,217.52","2,168.64",4.92B,-1.37%,-0.013747667198568807
2012-01-05,2148.45,"2,160.90","2,183.40","2,145.56",5.87B,-0.97%,-0.009699370132043087
2012-01-06,2163.39,"2,148.15","2,164.32","2,132.63",5.06B,0.70%,0.006929783937819714
2012-01-09,2225.89,"2,164.74","2,226.22","2,148.45",7.68B,2.89%,0.02848039978986401
2012-01-10,2285.74,"2,221.83","2,288.63","2,218.27",10.96B,2.69%,0.026532987481656615
2012-01-11,2276.05,"2,282.91","2,290.64","2,265.18",8.44B,-0.42%,-0.004248338732849882
2012-01-12,2275.01,"2,268.74","2,295.22","2,265.26",7.16B,-0.05%,-0.0004570363906883703
2012-01-13,2244.58,"2,277.08","2,281.53","2,225.74",7.15B,-1.34%,-0.013466026710872528
2012-01-16,2206.19,"2,230.43","2,241.26","2,206.05",4.59B,-1.71%,-0.017251375424531885
2012-01-17,2298.38,"2,206.53","2,298.38","2,196.12",8.78B,4.18%,0.04093748107730409
2012-01-18,2266.38,"2,298.83","2,311.58","2,257.90",8.99B,-1.39%,-0.014020682011911515
2012-01-19,2296.08,"2,266.08","2,305.71","2,259.34",7.25B,1.31%,0.013019476128247585
2012-01-20,2319.12,"2,300.50","2,322.89","2,293.89",6.99B,1.00%,0.009984482321141188
2012-01-30,2285.04,"2,324.49","2,324.49","2,284.29",5.84B,-1.47%,-0.01480427371361716
2012-01-31,2292.61,"2,285.95","2,296.38","2,277.06",4.87B,0.33%,0.0033073768857479233
2012-02-01,2268.08,"2,288.07","2,305.86","2,263.34",5.36B,-1.07%,-0.01075724793713481
2012-02-02,2312.56,"2,273.85","2,312.56","2,268.69",6.35B,1.96%,0.019421477401777118
2012-02-03,2330.4,"2,306.66","2,336.27","2,300.98",7.89B,0.77%,0.007684790649289039
2012-02-06,2331.14,"2,334.25","2,341.57","2,317.42",7.57B,0.03%,0.0003174916470589617
2012-02-07,2291.9,"2,319.42","2,319.71","2,278.82",6.73B,-1.68%,-0.016976250426922655
2012-02-08,2347.53,"2,291.81","2,350.96","2,286.82",8.71B,2.43%,0.023982543688114588
2012-02-09,2349.59,"2,344.22","2,363.61","2,333.93",9.80B,0.09%,0.000877133278295602
2012-02-10,2351.98,"2,342.01","2,368.98","2,339.88",9.65B,0.10%,0.0010166817492313278
2012-02-13,2351.85,"2,332.05","2,365.34","2,325.03",8.63B,-0.01%,-5.5274106433795364e-05
2012-02-14,2344.77,"2,348.88","2,352.47","2,332.25",7.31B,-0.30%,-0.0030149364279015837
2012-02-15,2366.7,"2,340.45","2,374.28","2,335.10",9.89B,0.94%,0.009309263722486052
2012-02-16,2356.86,"2,363.90","2,373.80","2,342.07",9.51B,-0.42%,-0.004166355136370893
2012-02-17,2357.18,"2,366.63","2,372.51","2,344.76",7.19B,0.01%,0.00013576465218414935
2012-02-20,2363.6,"2,383.69","2,388.01","2,362.01",8.89B,0.27%,0.0027198911865525433
2012-02-21,2381.43,"2,365.49","2,382.15","2,345.05",7.93B,0.75%,0.007515267097850809
2012-02-22,2403.59,"2,380.50","2,404.44","2,374.03",11.87B,0.93%,0.009262305455720307
2012-02-23,2409.55,"2,401.74","2,416.80","2,396.71",11.26B,0.25%,0.0024765550331874516
2012-02-24,2439.63,"2,410.88","2,439.98","2,405.27",13.49B,1.25%,0.012406380386299392
2012-02-27,2447.06,"2,447.41","2,478.38","2,444.63",15.81B,0.30%,0.0030409155176762035
2012-02-28,2451.86,"2,440.91","2,458.65","2,431.83",11.84B,0.20%,0.0019596162158346054
2012-02-29,2428.49,"2,446.23","2,453.07","2,426.33",9.55B,-0.95%,-0.00957725516893668
2012-03-01,2426.11,"2,418.79","2,437.87","2,418.33",7.51B,-0.10%,-0.000980513406121503
2012-03-02,2460.69,"2,430.10","2,461.12","2,430.10",10.32B,1.43%,0.01415264679890612
2012-03-05,2445.0,"2,464.85","2,469.84","2,442.11",11.27B,-0.64%,-0.006396675492963953
2012-03-06,2410.45,"2,439.78","2,442.00","2,406.06",10.37B,-1.41%,-0.014231670862951882
2012-03-07,2394.79,"2,391.20","2,413.69","2,388.52",9.48B,-0.65%,-0.006517907717588927
2012-03-08,2420.28,"2,401.10","2,426.70","2,401.10",9.68B,1.06%,0.010587691608623901
2012-03-09,2439.46,"2,425.89","2,440.51","2,414.97",10.06B,0.79%,0.007893467381783993
2012-03-12,2434.86,"2,438.55","2,440.86","2,420.84",10.62B,-0.19%,-0.0018874433215720745
2012-03-13,2455.79,"2,432.84","2,457.22","2,428.61",10.47B,0.86%,0.008559241728021087
2012-03-14,2391.23,"2,464.91","2,476.22","2,382.84",17.98B,-2.63%,-0.026640623832253376
2012-03-15,2373.77,"2,388.06","2,403.74","2,366.02",12.00B,-0.73%,-0.007328469314935198
2012-03-16,2404.74,"2,377.76","2,406.15","2,368.31",10.37B,1.30%,0.012962381009550716
2012-03-19,2410.18,"2,401.22","2,412.34","2,383.67",10.22B,0.23%,0.0022596439046611203
2012-03-20,2376.84,"2,407.54","2,407.54","2,376.03",9.79B,-1.38%,-0.013929559135138736
2012-03-21,2378.2,"2,384.71","2,396.72","2,361.22",9.57B,0.06%,0.0005720246463053665
2012-03-22,2375.77,"2,376.99","2,386.10","2,364.13",7.93B,-0.10%,-0.0010223035532969725
2012-03-23,2349.54,"2,369.08","2,371.26","2,342.12",7.69B,-1.10%,-0.011102031153318356
2012-03-26,2350.6,"2,349.09","2,358.00","2,339.14",5.54B,0.05%,0.0004510504018905597
2012-03-27,2347.18,"2,358.55","2,363.77","2,344.30",6.09B,-0.15%,-0.00145600713706807
2012-03-28,2284.88,"2,341.00","2,341.42","2,281.43",8.36B,-2.65%,-0.02690110102379412
2012-03-29,2252.16,"2,276.74","2,280.96","2,242.34",7.42B,-1.43%,-0.014423750844725951
2012-03-30,2262.79,"2,256.04","2,266.21","2,246.24",6.20B,0.47%,0.0047088094625520474
2012-04-05,2302.24,"2,258.03","2,303.82","2,251.39",8.01B,1.74%,0.017283996859389715
2012-04-06,2306.55,"2,299.05","2,309.64","2,291.56",7.21B,0.19%,0.0018703396147043449
2012-04-09,2285.78,"2,300.05","2,304.65","2,284.44",5.98B,-0.90%,-0.009045578876479866
2012-04-10,2305.86,"2,281.02","2,306.39","2,258.85",6.73B,0.88%,0.00874638604446928
2012-04-11,2308.92,"2,286.72","2,319.05","2,280.04",7.51B,0.13%,0.001326173923124448
2012-04-12,2350.86,"2,310.48","2,351.05","2,307.84",9.77B,1.82%,0.01800133591799385
2012-04-13,2359.16,"2,351.51","2,369.70","2,346.94",9.88B,0.35%,0.003524404818445159
2012-04-16,2357.03,"2,346.31","2,364.11","2,342.20",8.53B,-0.09%,-0.0009032715581102174
2012-04-17,2334.98,"2,355.37","2,363.01","2,333.34",8.47B,-0.94%,-0.009399026143431497
2012-04-18,2380.85,"2,341.13","2,383.64","2,337.86",10.86B,1.96%,0.019454241006510813
2012-04-19,2378.63,"2,378.63","2,386.98","2,369.46",9.43B,-0.09%,-0.0009328750876134076
2012-04-20,2406.86,"2,374.66","2,407.29","2,372.13",11.55B,1.19%,0.011798301727539262
2012-04-23,2388.59,"2,403.52","2,411.51","2,383.07",12.29B,-0.76%,-0.007619759729488769
2012-04-24,2388.83,"2,380.24","2,415.75","2,350.40",13.37B,0.01%,0.00010047264012865341
2012-04-25,2406.81,"2,382.21","2,411.42","2,376.63",13.10B,0.75%,0.007498512919131752
2012-04-26,2404.7,"2,408.56","2,414.75","2,393.26",11.55B,-0.09%,-0.0008770635976058249
2012-04-27,2396.32,"2,402.43","2,408.42","2,393.87",9.12B,-0.35%,-0.00349092839033943
2012-05-02,2438.44,"2,421.08","2,446.35","2,407.79",12.80B,1.76%,0.017424263313169187
2012-05-03,2440.08,"2,433.59","2,441.95","2,427.73",10.22B,0.07%,0.0006723350777603843
2012-05-04,2452.01,"2,437.46","2,453.73","2,427.97",10.22B,0.49%,0.00487727071619642
2012-05-07,2451.95,"2,441.76","2,451.95","2,432.74",10.88B,0.00%,-2.4470020148368652e-05
2012-05-08,2448.88,"2,451.58","2,451.60","2,431.02",10.49B,-0.13%,-0.0012528491710846997
2012-05-09,2408.59,"2,432.47","2,432.47","2,407.51",9.79B,-1.65%,-0.016589263131638825
2012-05-10,2410.23,"2,409.95","2,419.12","2,402.20",8.17B,0.07%,0.0006806645873132122
2012-05-11,2394.98,"2,406.07","2,415.98","2,393.38",7.49B,-0.63%,-0.006347298536193602
2012-05-14,2380.73,"2,408.26","2,411.27","2,377.98",9.05B,-0.59%,-0.005967716754650637
2012-05-15,2374.84,"2,367.08","2,376.59","2,354.61",7.79B,-0.25%,-0.0024770965464734718
2012-05-16,2346.19,"2,369.29","2,372.03","2,344.50",7.67B,-1.21%,-0.012137330927033481
2012-05-17,2378.89,"2,347.18","2,383.31","2,342.35",8.69B,1.39%,0.013841256467560388
2012-05-18,2344.52,"2,364.90","2,369.60","2,338.24",8.97B,-1.44%,-0.014553302222066147
2012-05-21,2348.3,"2,343.58","2,360.39","2,330.33",7.48B,0.16%,0.0016109720029738085
2012-05-22,2373.31,"2,355.73","2,374.06","2,354.87",7.68B,1.07%,0.010593943129138746
2012-05-23,2363.44,"2,369.27","2,378.08","2,350.55",8.42B,-0.42%,-0.00416742039781548
2012-05-24,2350.97,"2,359.68","2,373.06","2,344.58",7.92B,-0.53%,-0.005290175899874872
2012-05-25,2333.55,"2,350.54","2,355.81","2,327.41",7.40B,-0.74%,-0.0074372957299778455
2012-05-28,2361.37,"2,325.32","2,361.74","2,309.07",9.50B,1.19%,0.01185124586312736
2012-05-29,2389.64,"2,361.00","2,393.28","2,358.37",11.72B,1.20%,0.011900767900647449
2012-05-30,2384.67,"2,385.39","2,391.69","2,378.13",8.98B,-0.21%,-0.002081976995736834
2012-05-31,2372.23,"2,370.01","2,382.99","2,362.31",7.79B,-0.52%,-0.005230308965577229
2012-06-01,2373.44,"2,373.22","2,388.09","2,365.44",7.70B,0.05%,0.0005099385444923574
2012-06-04,2308.55,"2,346.98","2,348.20","2,308.23",9.02B,-2.73%,-0.02772075774971765
2012-06-05,2311.92,"2,313.74","2,323.30","2,304.05",6.61B,0.15%,0.0014587263190023077
2012-06-06,2309.55,"2,315.56","2,323.11","2,301.04",5.85B,-0.10%,-0.0010256477734403343
2012-06-07,2293.13,"2,324.67","2,328.67","2,288.66",6.02B,-0.71%,-0.007135003806233113
2012-06-08,2281.45,"2,306.22","2,306.88","2,276.71",6.79B,-0.51%,-0.005106490817024153
2012-06-11,2305.86,"2,282.89","2,311.77","2,278.16",6.42B,1.07%,0.010642503077020665
2012-06-12,2289.79,"2,295.07","2,298.95","2,280.95",5.99B,-0.70%,-0.006993598511266609
2012-06-13,2318.92,"2,289.71","2,319.71","2,284.65",7.85B,1.27%,0.01264144974565232
2012-06-14,2295.95,"2,306.78","2,314.59","2,293.06",7.16B,-0.99%,-0.00995485883333655
2012-06-15,2306.85,"2,299.78","2,314.24","2,283.40",6.87B,0.47%,0.004736256355191975
2012-06-18,2316.05,"2,313.53","2,325.05","2,309.71",6.06B,0.40%,0.0039801908522651384
2012-06-19,2300.8,"2,313.45","2,313.45","2,298.39",6.01B,-0.66%,-0.0066062598795798115
2012-06-20,2292.88,"2,300.41","2,304.46","2,291.54",5.41B,-0.34%,-0.0034482192262155873
2012-06-21,2260.88,"2,288.45","2,288.45","2,253.79",5.90B,-1.40%,-0.0140545512921328
2012-06-25,2224.11,"2,253.51","2,253.51","2,223.05",5.98B,-1.63%,-0.01639728242937836
2012-06-26,2222.07,"2,214.65","2,229.24","2,203.94",5.29B,-0.09%,-0.000917641725324312
2012-06-27,2216.93,"2,219.94","2,233.54","2,213.32",5.10B,-0.23%,-0.0023158379352092233
2012-06-28,2195.84,"2,220.24","2,224.16","2,195.36",5.42B,-0.95%,-0.009558694688437059
2012-06-29,2225.43,"2,190.58","2,226.49","2,188.72",6.14B,1.35%,0.013385494125272446
2012-07-02,2226.11,"2,234.32","2,234.87","2,215.36",6.22B,0.03%,0.0003055122520697585
2012-07-03,2229.19,"2,225.57","2,244.83","2,219.05",6.27B,0.14%,0.0013826231637177327
2012-07-04,2227.31,"2,233.33","2,239.27","2,219.45",5.53B,-0.08%,-0.0008437114827883773
2012-07-05,2201.35,"2,218.22","2,218.22","2,192.65",5.80B,-1.17%,-0.011723770776065626
2012-07-06,2223.58,"2,203.73","2,227.47","2,185.52",7.66B,1.01%,0.010047701103170527
2012-07-09,2170.81,"2,210.71","2,216.70","2,168.61",7.51B,-2.37%,-0.024018139840121053
2012-07-10,2164.44,"2,166.95","2,178.19","2,156.73",5.90B,-0.29%,-0.0029387023051776692
2012-07-11,2175.38,"2,160.02","2,176.49","2,156.60",5.86B,0.51%,0.0050416944358779225
2012-07-12,2185.49,"2,172.06","2,197.04","2,152.67",8.21B,0.46%,0.004636697774926778
2012-07-13,2185.89,"2,180.17","2,198.66","2,177.92",5.75B,0.02%,0.00018300856988707272
2012-07-16,2147.96,"2,187.89","2,188.06","2,146.15",6.75B,-1.74%,-0.017504513769364995
2012-07-17,2161.19,"2,142.43","2,165.33","2,141.48",5.52B,0.62%,0.006140441418729609
2012-07-18,2169.1,"2,159.86","2,170.30","2,138.79",6.66B,0.37%,0.0036533390594257666
2012-07-19,2184.84,"2,164.27","2,197.79","2,159.94",7.93B,0.73%,0.007230264344283409
2012-07-20,2168.64,"2,180.01","2,185.73","2,162.06",6.43B,-0.74%,-0.007442356356125749
2012-07-23,2141.4,"2,154.17","2,154.17","2,135.56",5.57B,-1.26%,-0.012640422223578427
2012-07-24,2146.59,"2,132.32","2,158.95","2,131.01",5.44B,0.24%,0.0024207157826354494
2012-07-25,2136.15,"2,141.04","2,151.45","2,132.83",4.86B,-0.49%,-0.004875393173258666
2012-07-26,2126.0,"2,134.99","2,147.66","2,124.16",5.29B,-0.48%,-0.004762863431653219
2012-07-27,2128.76,"2,132.01","2,139.15","2,120.63",5.21B,0.13%,0.0012973706564551855
2012-07-30,2109.91,"2,128.16","2,137.74","2,107.63",5.20B,-0.89%,-0.00889435802638116
2012-07-31,2103.63,"2,109.32","2,116.90","2,100.25",5.35B,-0.30%,-0.002980868652068395
2012-08-01,2123.36,"2,101.72","2,130.71","2,101.71",5.38B,0.94%,0.0093353158090405
2012-08-02,2111.18,"2,120.15","2,126.46","2,103.50",5.35B,-0.57%,-0.005752706830032157
2012-08-03,2132.8,"2,113.96","2,133.27","2,108.33",5.34B,1.02%,0.010188637565537336
2012-08-06,2154.92,"2,129.15","2,158.68","2,127.26",7.18B,1.04%,0.010317929454491769
2012-08-07,2157.62,"2,153.09","2,159.68","2,148.90",7.50B,0.13%,0.0012521624623910252
2012-08-08,2160.99,"2,158.98","2,168.73","2,153.02",7.29B,0.16%,0.0015606876675776215
2012-08-09,2174.1,"2,159.43","2,175.54","2,148.69",7.25B,0.61%,0.006048335774440676
2012-08-10,2168.81,"2,172.96","2,176.80","2,165.28",6.84B,-0.24%,-0.00243615576481283
2012-08-13,2136.08,"2,164.04","2,164.04","2,134.55",7.14B,-1.51%,-0.015206256456279515
2012-08-14,2142.52,"2,137.05","2,144.01","2,119.25",6.76B,0.30%,0.0030103327552601588
2012-08-15,2118.94,"2,138.28","2,139.14","2,118.50",5.46B,-1.10%,-0.011066742693137397
2012-08-16,2112.2,"2,116.08","2,122.68","2,109.66",4.52B,-0.32%,-0.0031859053120019314
2012-08-17,2114.89,"2,111.65","2,120.71","2,100.79",4.44B,0.13%,0.0012727433592008791
2012-08-20,2106.96,"2,102.23","2,110.78","2,089.02",4.67B,-0.37%,-0.0037566513855117954
2012-08-21,2118.27,"2,106.38","2,124.19","2,103.07",6.08B,0.54%,0.005353567504104006
2012-08-22,2107.71,"2,118.88","2,121.15","2,097.60",5.84B,-0.50%,-0.004997667750188912
2012-08-23,2113.07,"2,106.96","2,118.74","2,097.08",5.85B,0.25%,0.002539816281017971
2012-08-24,2092.1,"2,108.36","2,109.82","2,089.22",6.02B,-0.99%,-0.009973520131393505
2012-08-27,2055.71,"2,085.37","2,085.37","2,055.38",6.03B,-1.74%,-0.017547059146773524
2012-08-28,2073.15,"2,054.97","2,083.96","2,052.49",5.44B,0.85%,0.008447902675316248
2012-08-29,2053.23,"2,066.82","2,073.95","2,051.77",5.22B,-0.96%,-0.009655026800343287
2012-08-30,2052.58,"2,044.03","2,060.18","2,032.54",6.20B,-0.03%,-0.00031662449330596026
2012-08-31,2047.52,"2,046.29","2,059.30","2,044.65",4.61B,-0.25%,-0.0024682337352103186
2012-09-03,2059.15,"2,044.82","2,066.78","2,041.16",6.06B,0.57%,0.00566397158350037
2012-09-04,2043.65,"2,060.61","2,063.82","2,039.27",5.75B,-0.75%,-0.007555851487926084
2012-09-05,2037.68,"2,038.87","2,048.32","2,029.05",5.77B,-0.29%,-0.0029255190136222957
2012-09-06,2051.92,"2,040.67","2,052.95","2,036.37",5.61B,0.70%,0.006964034404659017
2012-09-07,2127.76,"2,062.99","2,145.00","2,062.99",13.99B,3.70%,0.0362938429703882
2012-09-10,2134.89,"2,128.07","2,140.17","2,120.49",10.36B,0.34%,0.003345339940879796
2012-09-11,2120.55,"2,127.52","2,127.52","2,107.22",8.04B,-0.67%,-0.006739634106013315
2012-09-12,2126.55,"2,129.69","2,137.89","2,109.14",8.41B,0.28%,0.002825459250599006
2012-09-13,2110.38,"2,123.84","2,130.08","2,110.00",7.90B,-0.76%,-0.00763292219002751
2012-09-14,2123.85,"2,127.39","2,136.23","2,111.12",9.12B,0.64%,0.006362453357366792
2012-09-17,2078.5,"2,120.62","2,121.58","2,077.48",7.64B,-2.14%,-0.02158399970639734
2012-09-18,2059.54,"2,069.34","2,074.76","2,053.66",5.38B,-0.91%,-0.009163822815313109
2012-09-19,2067.83,"2,061.06","2,069.95","2,055.20",5.22B,0.40%,0.004017091342908538
2012-09-20,2024.84,"2,060.31","2,060.31","2,023.09",6.75B,-2.08%,-0.021009063146966944
2012-09-21,2026.69,"2,020.55","2,041.95","2,018.26",6.03B,0.09%,0.0009132353104013284
2012-09-24,2033.19,"2,015.77","2,040.85","2,005.26",5.76B,0.32%,0.0032020678216284084
2012-09-25,2029.29,"2,028.63","2,039.10","2,021.81",4.82B,-0.19%,-0.0019200100421872916
2012-09-26,2004.17,"2,027.85","2,033.04","1,999.48",5.04B,-1.24%,-0.01245596821697595
2012-09-27,2056.32,"2,003.10","2,068.07","2,002.32",7.67B,2.60%,0.025687967541252063
2012-09-28,2086.17,"2,042.89","2,089.63","2,040.35",7.94B,1.45%,0.014411871438208372
2012-10-08,2074.42,"2,084.85","2,096.26","2,063.09",5.51B,-0.56%,-0.005648252405595336
2012-10-09,2115.23,"2,081.59","2,119.34","2,081.59",8.46B,1.97%,0.019481957092712353
2012-10-10,2119.94,"2,111.59","2,121.99","2,102.53",7.89B,0.22%,0.002224232765995292
2012-10-11,2102.87,"2,114.23","2,117.84","2,101.14",7.45B,-0.81%,-0.008084708039462344
2012-10-12,2104.93,"2,109.07","2,127.31","2,092.51",6.83B,0.10%,0.0009791340674830489
2012-10-15,2098.7,"2,105.02","2,107.20","2,085.11",5.39B,-0.30%,-0.0029641070034049618
2012-10-16,2098.81,"2,097.05","2,111.78","2,089.69",5.78B,0.01%,5.2412025236520887e-05
2012-10-17,2105.62,"2,104.28","2,113.16","2,088.04",5.99B,0.32%,0.003239443137518871
2012-10-18,2131.69,"2,108.50","2,137.69","2,107.49",8.72B,1.24%,0.01230513177039772
2012-10-19,2128.3,"2,129.82","2,136.87","2,125.74",6.76B,-0.16%,-0.0015915533677704214
2012-10-22,2132.76,"2,118.52","2,138.03","2,112.75",6.01B,0.21%,0.0020933765911425426
2012-10-23,2114.45,"2,132.11","2,136.22","2,111.92",7.27B,-0.86%,-0.008622184179003657
2012-10-24,2115.99,"2,106.83","2,124.00","2,104.67",7.29B,0.07%,0.000728056688205096
2012-10-25,2101.58,"2,114.76","2,128.74","2,100.61",8.54B,-0.68%,-0.006833345301867206
2012-10-26,2066.21,"2,100.10","2,102.16","2,058.06",7.86B,-1.68%,-0.016973431561065736
2012-10-29,2058.94,"2,061.85","2,068.24","2,053.09",5.36B,-0.35%,-0.0035247239623660944
2012-10-30,2062.35,"2,059.20","2,075.91","2,054.26",6.06B,0.17%,0.0016548220475492883
2012-10-31,2068.88,"2,061.12","2,070.48","2,053.58",5.95B,0.32%,0.003161288738832195
2012-11-01,2104.43,"2,070.02","2,109.50","2,069.95",8.29B,1.72%,0.017037248569750123
2012-11-02,2117.05,"2,105.45","2,119.22","2,096.53",7.66B,0.60%,0.005978963583844488
2012-11-05,2114.03,"2,113.33","2,123.33","2,104.58",7.15B,-0.14%,-0.0014275317473827864
2012-11-06,2106.0,"2,113.66","2,114.79","2,078.47",7.13B,-0.38%,-0.0038056647424758016
2012-11-07,2105.73,"2,102.42","2,112.63","2,093.29",5.94B,-0.01%,-0.000128213347185039
2012-11-08,2071.51,"2,091.25","2,092.57","2,070.65",6.66B,-1.63%,-0.016384390421186938
2012-11-09,2069.07,"2,066.49","2,077.23","2,062.42",5.42B,-0.12%,-0.0011785789828671384
2012-11-12,2079.27,"2,069.21","2,079.57","2,061.84",5.67B,0.49%,0.004917639612806167
2012-11-13,2047.89,"2,078.13","2,078.13","2,044.04",6.11B,-1.51%,-0.015206875776073372
2012-11-14,2055.42,"2,047.26","2,056.49","2,040.17",4.81B,0.37%,0.003670211830306927
2012-11-15,2030.29,"2,045.46","2,053.56","2,029.87",5.06B,-1.22%,-0.012301566634141173
2012-11-16,2014.72,"2,026.56","2,028.69","2,001.72",4.96B,-0.77%,-0.007698412066705878
2012-11-19,2016.98,"2,013.25","2,018.38","1,995.72",4.53B,0.11%,0.0011211152797658043
2012-11-20,2008.92,"2,020.43","2,023.61","2,004.17",4.26B,-0.40%,-0.004004078972946465
2012-11-21,2030.32,"2,008.21","2,031.15","1,995.17",5.33B,1.07%,0.010596151864954695
2012-11-22,2015.61,"2,021.21","2,023.09","2,009.72",4.56B,-0.72%,-0.0072715369846670565
2012-11-23,2027.38,"2,020.02","2,034.88","2,017.00",5.16B,0.58%,0.005822439952125991
2012-11-26,2017.46,"2,023.34","2,027.27","2,014.03",4.48B,-0.49%,-0.004905024618519229
2012-11-27,1991.17,"2,012.08","2,014.21","1,990.34",5.66B,-1.30%,-0.013116888781386915
2012-11-28,1973.52,"1,984.48","1,984.86","1,968.21",5.05B,-0.89%,-0.008903655317451402
2012-11-29,1963.49,"1,972.92","1,980.56","1,961.82",4.95B,-0.51%,-0.005095248271923922
2012-11-30,1980.12,"1,961.81","1,983.42","1,959.33",5.69B,0.85%,0.008433946853888116
2012-12-03,1959.77,"1,977.25","1,988.19","1,957.88",6.17B,-1.03%,-0.01033032951261712
2012-12-04,1975.14,"1,956.62","1,980.12","1,949.46",6.24B,0.78%,0.0078121624987757664
2012-12-05,2031.91,"1,973.11","2,040.60","1,970.20",12.00B,2.87%,0.02833695548002697
2012-12-06,2029.24,"2,029.56","2,036.61","2,018.38",8.15B,-0.13%,-0.001314898678794645
2012-12-07,2061.79,"2,028.77","2,065.74","2,023.96",11.52B,1.60%,0.015913198819463955
2012-12-10,2083.77,"2,067.32","2,087.01","2,064.61",11.54B,1.07%,0.010604215579757433
2012-12-11,2074.7,"2,077.56","2,088.63","2,070.19",9.34B,-0.44%,-0.00436218820023266
2012-12-12,2082.73,"2,073.27","2,085.93","2,066.39",7.86B,0.39%,0.003862968221065865
2012-12-13,2061.48,"2,077.42","2,081.36","2,059.47",7.23B,-1.02%,-0.010255361693805125
2012-12-14,2150.63,"2,062.69","2,152.50","2,062.54",16.09B,4.32%,0.042336651028238505
2012-12-17,2160.34,"2,152.10","2,169.57","2,151.94",14.42B,0.45%,0.004504794243779119
2012-12-18,2162.46,"2,155.86","2,183.71","2,144.73",12.61B,0.10%,0.0009808458267621665
2012-12-19,2162.24,"2,158.67","2,175.39","2,154.29",9.44B,-0.01%,-0.00010174116132447891
2012-12-20,2168.35,"2,156.19","2,174.82","2,142.95",9.94B,0.28%,0.0028217882802266656
2012-12-21,2153.31,"2,169.57","2,190.40","2,148.17",10.34B,-0.69%,-0.0069603165075202075
2012-12-24,2159.05,"2,150.65","2,170.39","2,149.82",7.85B,0.27%,0.0026621169799758426
2012-12-25,2213.61,"2,154.32","2,220.26","2,146.86",14.33B,2.53%,0.024956356874028727
2012-12-26,2219.13,"2,211.59","2,220.48","2,206.79",12.19B,0.25%,0.0024905601742168243
2012-12-27,2205.9,"2,223.65","2,234.72","2,204.79",12.90B,-0.60%,-0.00597963829445148
2012-12-28,2233.25,"2,207.91","2,234.87","2,204.00",11.59B,1.24%,0.01232233471166219
2012-12-31,2269.13,"2,236.46","2,269.51","2,236.46",12.80B,1.61%,0.01593857451875485
2013-01-04,2276.99,"2,289.51","2,296.11","2,256.56",13.95B,0.35%,0.0034578972098704133
2013-01-07,2285.36,"2,271.66","2,293.32","2,266.86",11.82B,0.37%,0.0036691658422900513
2013-01-08,2276.07,"2,284.65","2,289.14","2,262.98",12.29B,-0.41%,-0.0040732896678142005
2013-01-09,2275.34,"2,271.30","2,283.90","2,259.05",12.20B,-0.03%,-0.0003207797171689034
2013-01-10,2283.66,"2,274.38","2,295.48","2,268.65",12.01B,0.37%,0.003649927280790994
2013-01-11,2243.0,"2,285.19","2,290.20","2,234.95",12.51B,-1.78%,-0.017965163528463234
2013-01-14,2311.74,"2,236.29","2,317.62","2,235.11",14.47B,3.06%,0.03018623220092073
2013-01-15,2325.68,"2,312.47","2,332.78","2,309.32",16.56B,0.60%,0.006011981656682255
2013-01-16,2309.5,"2,322.16","2,326.76","2,279.51",15.35B,-0.70%,-0.006981418507151255
2013-01-17,2284.91,"2,305.14","2,305.60","2,275.88",11.91B,-1.06%,-0.010704414626589397
2013-01-18,2317.07,"2,295.81","2,324.51","2,285.97",12.54B,1.41%,0.013976820212310604
2013-01-21,2328.22,"2,321.49","2,329.58","2,305.10",13.47B,0.48%,0.004800570648154209
2013-01-22,2315.14,"2,326.49","2,335.81","2,301.30",14.95B,-0.56%,-0.005633866250762839
2013-01-23,2320.91,"2,308.52","2,325.12","2,296.49",11.82B,0.25%,0.0024891892793535287
2013-01-24,2302.6,"2,320.26","2,362.94","2,287.30",16.10B,-0.79%,-0.007920430893561993
2013-01-25,2291.3,"2,300.00","2,308.38","2,288.26",9.26B,-0.49%,-0.004919577174267086
2013-01-28,2346.51,"2,295.35","2,346.92","2,295.35",12.84B,2.41%,0.023809775826406088
2013-01-29,2358.98,"2,347.21","2,363.80","2,337.35",14.19B,0.53%,0.005300204311316448
2013-01-30,2382.47,"2,360.75","2,383.76","2,347.89",14.99B,1.00%,0.009908442430739899
2013-01-31,2385.42,"2,383.43","2,391.82","2,371.23",13.97B,0.12%,0.0012374448137173408
2013-02-01,2419.02,"2,377.41","2,421.15","2,369.57",14.08B,1.41%,0.013987290007660741
2013-02-04,2428.15,"2,425.92","2,440.38","2,417.58",16.76B,0.38%,0.003767151058167217
2013-02-05,2433.13,"2,411.00","2,437.41","2,403.30",15.08B,0.21%,0.002048843819763893
2013-02-06,2434.48,"2,432.68","2,441.73","2,427.70",11.66B,0.06%,0.0005546870166728666
2013-02-07,2418.53,"2,430.69","2,433.89","2,394.22",12.00B,-0.66%,-0.00657326378075533
2013-02-08,2432.4,"2,416.62","2,443.03","2,414.40",10.91B,0.57%,0.0057185066769684335
2013-02-17,2432.4,"2,416.62","2,443.03","2,414.40",10.91B,0.00%,0.0
2013-02-18,2421.56,"2,441.91","2,444.80","2,415.43",11.62B,-0.45%,-0.004466463679494612
2013-02-19,2382.91,"2,420.26","2,427.07","2,373.53",12.35B,-1.60%,-0.016089530700861637
2013-02-20,2397.18,"2,383.49","2,397.94","2,370.61",11.03B,0.60%,0.0059706166167166445
2013-02-21,2325.95,"2,378.82","2,378.82","2,309.17",14.41B,-2.97%,-0.030164488765447126
2013-02-22,2314.16,"2,322.94","2,330.88","2,308.76",9.70B,-0.51%,-0.005081787014798576
2013-02-25,2325.82,"2,320.62","2,338.78","2,315.01",8.84B,0.50%,0.005025894311576569
2013-02-26,2293.34,"2,313.74","2,340.71","2,289.89",11.76B,-1.40%,-0.014063394781847443
2013-02-27,2313.22,"2,297.77","2,324.63","2,292.03",9.78B,0.87%,0.008631223046359294
2013-02-28,2365.59,"2,322.32","2,366.16","2,308.92",12.70B,2.26%,0.022386968993819263
2013-03-01,2359.51,"2,364.54","2,369.65","2,330.86",12.03B,-0.26%,-0.0025734919284596406
2013-03-04,2273.4,"2,332.08","2,333.54","2,259.25",16.17B,-3.65%,-0.0371774620909074
2013-03-05,2326.31,"2,274.81","2,328.14","2,270.10",13.11B,2.33%,0.023006812955859213
2013-03-06,2347.18,"2,333.61","2,351.44","2,321.60",14.13B,0.90%,0.008931286353216196
2013-03-07,2324.29,"2,340.44","2,352.02","2,304.27",13.98B,-0.98%,-0.009799991521165518
2013-03-08,2318.61,"2,326.42","2,333.67","2,314.59",9.88B,-0.24%,-0.002446747866051414
2013-03-11,2310.59,"2,314.68","2,320.96","2,296.58",8.41B,-0.35%,-0.003464965015120011
2013-03-12,2286.6,"2,309.16","2,333.29","2,264.83",11.77B,-1.04%,-0.010436905051479163
2013-03-13,2263.97,"2,282.17","2,286.33","2,253.25",9.10B,-0.99%,-0.009946088755982007
2013-03-14,2270.28,"2,255.78","2,276.22","2,253.31",8.03B,0.28%,0.002783262534440837
2013-03-15,2278.4,"2,269.31","2,312.08","2,250.01",11.65B,0.36%,0.003570270331328393
2013-03-18,2240.02,"2,267.29","2,276.05","2,239.21",9.31B,-1.68%,-0.016988647837002022
2013-03-19,2257.43,"2,244.27","2,261.31","2,232.02",8.76B,0.78%,0.007742203677797574
2013-03-20,2317.37,"2,257.74","2,317.86","2,257.42",13.12B,2.66%,0.026205923878297278
2013-03-21,2324.24,"2,318.20","2,330.81","2,311.60",11.92B,0.30%,0.0029601819268020996
2013-03-22,2328.28,"2,321.40","2,332.00","2,314.97",10.12B,0.17%,0.0017366936694187826
2013-03-25,2326.71,"2,334.73","2,344.89","2,319.91",9.70B,-0.07%,-0.0006745449762644809
2013-03-26,2297.67,"2,318.58","2,319.99","2,281.12",10.44B,-1.25%,-0.012559686593081185
2013-03-27,2301.26,"2,299.38","2,323.48","2,289.00",9.63B,0.16%,0.0015612330386430447
2013-03-28,2236.3,"2,273.55","2,273.55","2,232.91",12.77B,-2.82%,-0.028634084569596114
2013-03-29,2236.62,"2,238.48","2,246.87","2,228.81",8.56B,0.01%,0.00014308326576179968
2013-04-01,2234.4,"2,229.46","2,243.95","2,227.31",7.74B,-0.10%,-0.000993062067466345
2013-04-02,2227.74,"2,234.90","2,253.42","2,220.44",8.97B,-0.30%,-0.0029851169822381223
2013-04-03,2225.3,"2,232.69","2,241.34","2,217.25",8.18B,-0.11%,-0.0010958806766584455
2013-04-08,2211.59,"2,196.24","2,212.59","2,180.67",8.63B,-0.62%,-0.006180024131826612
2013-04-09,2225.77,"2,215.47","2,234.72","2,215.47",8.29B,0.64%,0.006391209308310718
2013-04-10,2226.13,"2,224.93","2,233.04","2,212.56",8.06B,0.02%,0.00016172870045809738
2013-04-11,2219.55,"2,236.98","2,242.48","2,217.26",7.36B,-0.30%,-0.002960179232359659
2013-04-12,2206.78,"2,218.09","2,226.26","2,204.44",6.68B,-0.58%,-0.005770033155947209
2013-04-15,2181.94,"2,199.91","2,204.99","2,177.39",7.16B,-1.13%,-0.011320050154282791
2013-04-16,2194.85,"2,169.63","2,196.43","2,165.78",8.00B,0.59%,0.005899317737920135
2013-04-17,2193.8,"2,195.03","2,197.51","2,178.47",6.83B,-0.05%,-0.0004785070671092943
2013-04-18,2197.6,"2,181.82","2,206.03","2,175.44",7.16B,0.17%,0.0017306558038301311
2013-04-19,2244.64,"2,201.12","2,250.11","2,200.58",10.97B,2.14%,0.021179296189397966
2013-04-22,2242.17,"2,236.40","2,245.12","2,232.26",9.52B,-0.11%,-0.0011010050568281548
2013-04-23,2184.54,"2,242.62","2,242.62","2,182.81",9.65B,-2.57%,-0.026038866863508543
2013-04-24,2218.32,"2,187.35","2,226.12","2,184.11",9.16B,1.55%,0.015344872574506547
2013-04-25,2199.31,"2,213.18","2,224.63","2,191.85",9.67B,-0.86%,-0.008606477836031705
2013-04-26,2177.91,"2,203.89","2,210.58","2,173.86",7.67B,-0.97%,-0.009777973463534482
2013-05-02,2174.12,"2,170.78","2,179.65","2,161.14",6.83B,-0.17%,-0.0017417163751648809
2013-05-03,2205.5,"2,179.05","2,222.81","2,179.05",8.86B,1.44%,0.01433025559509339
2013-05-06,2231.17,"2,212.49","2,236.07","2,212.49",9.23B,1.16%,0.011571870998435922
2013-05-07,2235.57,"2,227.86","2,240.26","2,219.44",8.65B,0.20%,0.001970117545756583
2013-05-08,2246.3,"2,242.39","2,255.21","2,235.42",9.04B,0.48%,0.004788189081937687
2013-05-09,2232.97,"2,246.96","2,247.86","2,221.38",9.85B,-0.59%,-0.00595188026223608
2013-05-10,2246.83,"2,228.82","2,247.67","2,225.81",9.03B,0.62%,0.006187795983551996
2013-05-13,2241.92,"2,247.68","2,250.85","2,231.36",8.62B,-0.22%,-0.0021876923233730425
2013-05-14,2217.01,"2,238.90","2,239.93","2,205.87",8.32B,-1.11%,-0.011173200363018653
2013-05-15,2224.8,"2,217.09","2,225.19","2,213.58",7.17B,0.35%,0.003507582713706476
2013-05-16,2251.81,"2,221.34","2,252.87","2,210.77",11.03B,1.21%,0.012067313331145336
2013-05-17,2282.87,"2,249.81","2,288.09","2,248.41",12.61B,1.38%,0.013699086038242027
2013-05-20,2299.99,"2,286.33","2,309.39","2,281.90",13.92B,0.75%,0.007471351792559793
2013-05-21,2305.11,"2,297.11","2,305.30","2,290.12",12.42B,0.22%,0.002223622553105281
2013-05-22,2302.4,"2,303.75","2,314.18","2,292.43",12.84B,-0.12%,-0.0011763405017039224
2013-05-23,2275.67,"2,293.81","2,304.95","2,274.10",12.40B,-1.16%,-0.011677542611777668
2013-05-24,2288.53,"2,281.45","2,292.60","2,270.25",10.14B,0.57%,0.005635175509826402
2013-05-27,2293.08,"2,286.66","2,301.70","2,283.93",10.73B,0.20%,0.001986202010128058
2013-05-28,2321.32,"2,293.40","2,322.10","2,281.47",13.26B,1.23%,0.01224009733680618
2013-05-29,2324.02,"2,323.54","2,334.33","2,321.17",12.53B,0.12%,0.0011624554086645986
2013-05-30,2317.75,"2,316.25","2,325.72","2,310.49",11.19B,-0.27%,-0.002701557299659216
2013-05-31,2300.59,"2,320.74","2,325.53","2,299.37",10.82B,-0.74%,-0.007431275726795953
2013-06-03,2299.25,"2,300.21","2,313.43","2,294.11",9.69B,-0.06%,-0.000582628977488782
2013-06-04,2272.42,"2,297.10","2,297.10","2,264.76",10.19B,-1.17%,-0.011737639871183602
2013-06-05,2270.93,"2,270.71","2,276.86","2,260.87",7.65B,-0.07%,-0.0006559037069202125
2013-06-06,2242.11,"2,264.42","2,266.69","2,240.07",8.15B,-1.27%,-0.012772052439857177
2013-06-07,2210.9,"2,242.26","2,250.63","2,205.07",9.00B,-1.39%,-0.014017714333672125
2013-06-13,2148.36,"2,190.10","2,190.10","2,126.22",9.44B,-2.83%,-0.028694912079991905
2013-06-14,2162.04,"2,150.06","2,163.85","2,142.78",7.79B,0.64%,0.006347460064427049
2013-06-17,2156.21,"2,165.99","2,169.36","2,147.03",7.58B,-0.27%,-0.0027001695326436628
2013-06-18,2159.29,"2,158.55","2,161.68","2,138.35",6.96B,0.14%,0.0014274130566378084
2013-06-19,2143.45,"2,150.82","2,150.82","2,115.79",7.54B,-0.73%,-0.007362783509067486
2013-06-20,2084.02,"2,132.81","2,132.81","2,082.82",7.78B,-2.77%,-0.028117959674345726
2013-06-21,2073.1,"2,058.98","2,085.86","2,042.88",7.97B,-0.52%,-0.005253649217123391
2013-06-24,1963.24,"2,068.86","2,068.86","1,958.40",10.92B,-5.30%,-0.05444890189185964
2013-06-25,1959.51,"1,948.32","1,963.57","1,849.65",13.82B,-0.19%,-0.0019017276778534344
2013-06-26,1951.5,"1,954.47","1,959.16","1,922.82",10.12B,-0.41%,-0.0040961343486839805
2013-06-27,1950.01,"1,955.13","1,980.54","1,942.37",10.58B,-0.08%,-0.0007638068708981313
2013-06-28,1979.21,"1,935.52","1,987.98","1,925.65",10.07B,1.50%,0.014863274422171236
2013-07-01,1995.24,"1,965.99","1,995.92","1,957.57",7.81B,0.81%,0.008066568668345514
2013-07-02,2006.56,"1,992.89","2,007.62","1,978.43",8.64B,0.57%,0.005657469235451311
2013-07-03,1994.27,"1,996.51","1,996.54","1,965.52",9.35B,-0.61%,-0.006143744501894562
2013-07-04,2006.1,"1,982.87","2,022.14","1,974.10",10.04B,0.59%,0.005914470154197433
2013-07-05,2007.2,"2,006.19","2,021.54","2,002.37",9.13B,0.05%,0.000548177324170048
2013-07-08,1958.27,"1,983.21","1,983.21","1,953.12",8.41B,-2.44%,-0.024679285656457304
2013-07-09,1965.45,"1,953.60","1,969.15","1,946.37",6.45B,0.37%,0.0036597963229487813
2013-07-10,2008.13,"1,962.84","2,009.36","1,960.28",8.98B,2.17%,0.021482714033161918
2013-07-11,2072.99,"2,011.02","2,092.87","2,010.40",16.00B,3.23%,0.031788068745602
2013-07-12,2039.49,"2,068.04","2,074.86","2,036.05",12.12B,-1.62%,-0.016292232914415283
2013-07-15,2059.39,"2,046.12","2,076.66","2,037.25",10.15B,0.98%,0.009710045844570433
2013-07-16,2065.72,"2,054.60","2,066.36","2,038.54",9.67B,0.31%,0.003069011477721857
2013-07-17,2044.92,"2,061.19","2,075.81","2,043.23",10.33B,-1.01%,-0.010120164998043451
2013-07-18,2023.4,"2,038.40","2,043.37","2,016.90",9.21B,-1.05%,-0.010579404135511622
2013-07-19,1992.65,"2,025.32","2,035.22","1,990.25",10.46B,-1.52%,-0.015313853632333188
2013-07-22,2004.76,"1,977.73","2,005.47","1,970.64",8.29B,0.61%,0.006058941688376832
2013-07-23,2043.88,"2,008.95","2,051.53","2,005.09",10.95B,1.95%,0.019325609357482256
2013-07-24,2033.33,"2,035.69","2,042.77","2,010.42",10.67B,-0.52%,-0.005175119037629
2013-07-25,2021.17,"2,037.34","2,045.37","2,016.43",9.85B,-0.60%,-0.005998291507808996
2013-07-26,2010.85,"2,013.19","2,021.57","2,000.80",7.38B,-0.51%,-0.005119033405520228
2013-07-29,1976.31,"1,997.84","1,997.84","1,969.85",7.87B,-1.72%,-0.017326048640238245
2013-07-30,1990.06,"1,981.45","2,006.23","1,965.36",7.72B,0.70%,0.0069333194236626036
2013-07-31,1993.8,"2,000.79","2,015.47","1,987.88",7.02B,0.19%,0.0018775765708214179
2013-08-01,2029.07,"2,000.82","2,029.93","1,997.06",9.13B,1.77%,0.017535194395681564
2013-08-02,2029.42,"2,039.51","2,047.08","2,025.65",9.36B,0.02%,0.00017247794173084064
2013-08-05,2050.48,"2,031.72","2,050.91","2,025.23",8.55B,1.04%,0.01032387413992495
2013-08-06,2060.5,"2,043.65","2,066.74","2,034.96",10.56B,0.49%,0.004874759712931204
2013-08-07,2046.78,"2,056.37","2,069.56","2,043.75",10.77B,-0.67%,-0.006680845246075866
2013-08-08,2044.9,"2,044.44","2,058.56","2,037.25",8.41B,-0.09%,-0.0009189380070272365
2013-08-09,2052.23,"2,052.24","2,061.71","2,030.13",9.53B,0.36%,0.003578118253731177
2013-08-12,2101.28,"2,058.42","2,102.35","2,055.72",13.51B,2.39%,0.023619676057349732
2013-08-13,2106.16,"2,101.32","2,106.40","2,093.80",11.77B,0.23%,0.0023197013805443287
2013-08-14,2100.14,"2,109.22","2,122.97","2,093.04",11.44B,-0.29%,-0.0028623750613366323
2013-08-15,2081.88,"2,099.28","2,108.41","2,079.97",9.94B,-0.87%,-0.008732677529820546
2013-08-16,2068.45,"2,075.98","2,198.85","2,061.65",15.31B,-0.65%,-0.006471797122311281
2013-08-19,2085.6,"2,055.13","2,091.13","2,052.70",9.74B,0.83%,0.008257049115366264
2013-08-20,2072.59,"2,081.97","2,098.98","2,066.07",10.74B,-0.62%,-0.006257550738481155
2013-08-21,2072.96,"2,076.27","2,076.32","2,056.91",8.74B,0.02%,0.00017850466209901384
2013-08-22,2067.12,"2,069.31","2,083.33","2,062.37",9.09B,-0.28%,-0.002821203393881975
2013-08-23,2057.46,"2,075.93","2,079.85","2,029.36",11.24B,-0.47%,-0.004684121856041811
2013-08-26,2096.47,"2,061.42","2,097.34","2,056.13",11.99B,1.90%,0.018782765651890156
2013-08-27,2103.57,"2,095.44","2,105.38","2,090.43",12.63B,0.34%,0.0033809234022198144
2013-08-28,2101.3,"2,092.31","2,113.82","2,080.86",16.14B,-0.11%,-0.0010797005474707888
2013-08-29,2097.23,"2,108.44","2,110.89","2,088.24",13.33B,-0.19%,-0.001938774416224511
2013-08-30,2098.38,"2,097.22","2,114.39","2,089.10",17.01B,0.05%,0.0005481920525497956
2013-09-02,2098.45,"2,104.09","2,108.68","2,078.46",14.92B,0.00%,3.335851106972205e-05
2013-09-03,2123.11,"2,100.45","2,123.85","2,095.45",13.89B,1.18%,0.011683017885467047
2013-09-04,2127.62,"2,121.68","2,133.00","2,115.75",14.20B,0.21%,0.0021219892547003523
2013-09-05,2122.43,"2,125.25","2,127.86","2,115.24",12.65B,-0.24%,-0.0024423254219795324
2013-09-06,2139.99,"2,119.33","2,143.24","2,119.02",14.33B,0.83%,0.008239497442574822
2013-09-09,2212.52,"2,151.35","2,218.53","2,151.35",21.94B,3.39%,0.033330981281467865
2013-09-10,2237.98,"2,214.81","2,238.55","2,202.82",23.72B,1.15%,0.011441535892197168
2013-09-11,2241.27,"2,244.96","2,258.07","2,233.00",24.43B,0.15%,0.0014689961898254537
2013-09-12,2255.6,"2,236.17","2,270.27","2,226.29",20.97B,0.64%,0.006373343461753795
2013-09-13,2236.22,"2,251.46","2,259.42","2,228.48",17.20B,-0.86%,-0.00862907251590324
2013-09-16,2231.4,"2,244.46","2,248.47","2,226.17",15.49B,-0.22%,-0.002157749258044431
2013-09-17,2185.56,"2,230.39","2,230.93","2,184.92",15.45B,-2.05%,-0.020757102560626777
2013-09-18,2191.85,"2,185.94","2,195.90","2,172.04",11.51B,0.29%,0.002873847471035007
2013-09-23,2221.04,"2,199.36","2,223.07","2,198.34",13.32B,1.33%,0.013229618568211345
2013-09-24,2207.53,"2,219.47","2,219.54","2,187.24",16.04B,-0.61%,-0.006101311217952469
2013-09-25,2198.52,"2,206.22","2,217.97","2,193.72",16.02B,-0.41%,-0.0040898367285932356
2013-09-26,2155.81,"2,192.23","2,192.23","2,154.72",14.04B,-1.94%,-0.019617883705158465
2013-09-27,2160.03,"2,150.96","2,165.78","2,149.59",10.54B,0.20%,0.0019555874846551285
2013-09-30,2174.66,"2,167.73","2,176.30","2,165.16",9.28B,0.68%,0.0067502199935218585
2013-10-08,2198.2,"2,171.90","2,200.02","2,161.49",12.67B,1.08%,0.010766513170628038
2013-10-09,2211.77,"2,191.39","2,212.35","2,185.18",13.09B,0.62%,0.006154256301126443
2013-10-10,2190.93,"2,214.40","2,214.59","2,186.48",14.98B,-0.94%,-0.00946698873262548
2013-10-11,2228.15,"2,201.41","2,228.87","2,200.53",15.69B,1.70%,0.016845533532767364
2013-10-14,2237.77,"2,232.22","2,242.98","2,226.40",16.60B,0.43%,0.004308189523917673
2013-10-15,2233.41,"2,237.93","2,240.25","2,221.14",15.37B,-0.19%,-0.0019502687800338747
2013-10-16,2193.07,"2,228.11","2,228.11","2,183.40",15.46B,-1.81%,-0.018227176826845916
2013-10-17,2188.54,"2,201.71","2,211.03","2,183.25",12.68B,-0.21%,-0.0020677338302633815
2013-10-18,2193.78,"2,188.71","2,203.29","2,184.36",10.37B,0.24%,0.002391428511503699
2013-10-21,2229.24,"2,198.11","2,230.28","2,190.39",13.67B,1.62%,0.016034636856966676
2013-10-22,2210.65,"2,227.34","2,227.34","2,204.24",14.91B,-0.83%,-0.008374130276571709
2013-10-23,2183.11,"2,213.27","2,226.85","2,177.72",14.63B,-1.25%,-0.01253612426187583
2013-10-24,2164.32,"2,178.82","2,183.41","2,159.87",10.30B,-0.86%,-0.008644241311981623
2013-10-25,2132.96,"2,163.69","2,170.61","2,122.68",11.39B,-1.45%,-0.014595537975516928
2013-10-28,2133.87,"2,135.88","2,140.96","2,123.07",8.84B,0.04%,0.0004265461777464786
2013-10-29,2128.86,"2,135.23","2,163.66","2,093.20",14.31B,-0.23%,-0.002350607383923146
2013-10-30,2160.46,"2,126.69","2,161.93","2,121.84",11.96B,1.48%,0.014734536808590592
2013-10-31,2141.61,"2,155.51","2,155.51","2,137.47",10.81B,-0.87%,-0.008763279366488196
2013-11-01,2149.56,"2,139.88","2,157.31","2,132.63",8.91B,0.37%,0.003705287413718304
2013-11-04,2149.63,"2,156.09","2,160.58","2,143.21",7.61B,0.00%,3.256427373813838e-05
2013-11-05,2157.24,"2,139.84","2,158.15","2,124.85",9.19B,0.35%,0.0035338925575757363
2013-11-06,2139.61,"2,149.39","2,166.17","2,138.78",10.05B,-0.82%,-0.008206057429353514
2013-11-07,2129.4,"2,136.63","2,141.60","2,119.19",8.18B,-0.48%,-0.004783319536465521
2013-11-08,2106.13,"2,120.92","2,128.58","2,103.51",8.31B,-1.09%,-0.010988109696642186
2013-11-11,2109.47,"2,103.30","2,117.28","2,093.63",6.97B,0.16%,0.0015845908999311052
2013-11-12,2126.77,"2,110.72","2,127.94","2,108.40",7.94B,0.82%,0.008167665748200251
2013-11-13,2087.94,"2,117.89","2,117.91","2,086.01",8.83B,-1.83%,-0.018426462874525595
2013-11-14,2100.51,"2,087.12","2,102.38","2,078.99",8.38B,0.60%,0.006002238411880169
2013-11-15,2135.83,"2,100.90","2,153.21","2,100.79",12.59B,1.68%,0.01667515752846069
2013-11-18,2197.22,"2,147.37","2,198.32","2,143.77",15.75B,2.87%,0.02833759502331108
2013-11-19,2193.12,"2,198.32","2,203.30","2,186.11",12.51B,-0.19%,-0.001867737438050129
2013-11-20,2206.61,"2,201.47","2,207.10","2,186.64",11.90B,0.62%,0.006132213691834383
2013-11-21,2205.77,"2,197.01","2,206.53","2,177.74",13.72B,-0.04%,-0.00038074690309895733
2013-11-22,2196.38,"2,206.47","2,211.07","2,188.77",11.39B,-0.43%,-0.004266103718053522
2013-11-25,2186.12,"2,186.06","2,209.15","2,181.42",10.83B,-0.47%,-0.004682267538937373
2013-11-26,2183.07,"2,184.33","2,192.58","2,176.18",10.05B,-0.14%,-0.0013961400147043531
2013-11-27,2201.07,"2,181.73","2,207.62","2,176.85",11.54B,0.82%,0.00821146274620203
2013-11-28,2219.37,"2,204.38","2,234.39","2,202.62",13.45B,0.83%,0.008279766061990431
2013-11-29,2220.5,"2,221.62","2,224.94","2,212.26",10.70B,0.05%,0.0005090239238531954
2013-12-02,2207.37,"2,203.12","2,231.92","2,172.63",17.43B,-0.59%,-0.005930634135360122
2013-12-03,2222.67,"2,196.82","2,227.92","2,193.25",11.35B,0.69%,0.006907414304713643
2013-12-04,2251.76,"2,219.97","2,260.87","2,215.92",15.73B,1.31%,0.013002956742821616
2013-12-05,2247.06,"2,252.72","2,255.26","2,239.14",12.20B,-0.21%,-0.002089437545809157
2013-12-06,2237.11,"2,242.56","2,248.15","2,228.63",10.37B,-0.44%,-0.004437840817792505
2013-12-09,2238.2,"2,241.79","2,249.17","2,231.73",9.33B,0.05%,0.0004871171031963279
2013-12-10,2237.49,"2,239.86","2,250.50","2,231.68",10.90B,-0.03%,-0.0003172695186466196
2013-12-11,2204.17,"2,228.63","2,228.63","2,193.16",10.95B,-1.49%,-0.0150036810806438
2013-12-12,2202.8,"2,199.32","2,214.55","2,194.90",8.61B,-0.06%,-0.0006217423963097789
2013-12-13,2196.07,"2,188.26","2,204.64","2,183.84",8.51B,-0.31%,-0.0030598791285049295
2013-12-16,2160.86,"2,197.23","2,201.70","2,159.99",10.14B,-1.60%,-0.016163108673404408
2013-12-17,2151.08,"2,161.54","2,165.54","2,146.31",7.86B,-0.45%,-0.004536249006573271
2013-12-18,2148.29,"2,150.41","2,156.59","2,142.62",6.42B,-0.13%,-0.0012978647530383315
2013-12-19,2127.79,"2,153.67","2,159.14","2,126.25",7.31B,-0.95%,-0.009588294445403874
2013-12-20,2084.79,"2,128.37","2,131.74","2,082.85",8.68B,-2.02%,-0.02041575164550204
2013-12-23,2089.71,"2,089.54","2,099.52","2,068.54",6.81B,0.24%,0.0023571696145941604
2013-12-24,2092.91,"2,094.07","2,111.81","2,079.81",7.03B,0.15%,0.0015301416931758083
2013-12-25,2106.35,"2,095.02","2,107.23","2,088.30",6.51B,0.64%,0.006401149674776976
2013-12-26,2073.1,"2,102.66","2,102.66","2,070.55",7.85B,-1.58%,-0.01591152017937983
2013-12-27,2101.25,"2,074.59","2,110.36","2,069.59",7.68B,1.36%,0.01348733418375869
2013-12-30,2097.53,"2,108.88","2,112.01","2,095.06",7.41B,-0.18%,-0.001771943742388527
2013-12-31,2115.98,"2,090.68","2,120.27","2,087.42",8.05B,0.88%,0.008757600157243329
2014-01-02,2109.39,"2,112.13","2,113.11","2,101.02",6.85B,-0.31%,-0.0031192559909584716
2014-01-03,2083.14,"2,101.54","2,102.17","2,075.90",8.45B,-1.24%,-0.012522435390570876
2014-01-06,2045.71,"2,078.68","2,078.68","2,034.01",8.96B,-1.80%,-0.018131453271089167
2014-01-07,2047.32,"2,034.22","2,052.28","2,029.25",6.34B,0.08%,0.0007867032897565236
2014-01-08,2044.34,"2,047.26","2,062.95","2,037.11",7.16B,-0.15%,-0.001456621775465504
2014-01-09,2027.62,"2,041.77","2,057.20","2,026.45",7.59B,-0.82%,-0.008212307571329324
2014-01-10,2013.3,"2,023.54","2,029.30","2,008.01",7.56B,-0.71%,-0.0070875245957202826
2014-01-13,2009.56,"2,014.98","2,027.18","2,000.40",6.65B,-0.19%,-0.0018593742151188318
2014-01-14,2026.84,"2,007.16","2,027.43","2,001.14",7.04B,0.86%,0.008562137333541251
2014-01-15,2023.35,"2,024.23","2,027.41","2,010.20",6.74B,-0.17%,-0.0017233763669272431
2014-01-16,2023.7,"2,022.54","2,034.71","2,014.41",7.28B,0.02%,0.00017296549381540482
2014-01-17,2004.95,"2,017.52","2,017.87","2,001.33",6.73B,-0.93%,-0.009308396303752964
2014-01-20,1991.25,"2,001.89","2,005.94","1,984.82",5.63B,-0.68%,-0.0068565405496024785
2014-01-21,2008.31,"1,992.02","2,014.15","1,992.02",5.98B,0.86%,0.00853099014173379
2014-01-22,2051.75,"2,009.97","2,052.34","2,008.93",9.89B,2.16%,0.021399515143828957
2014-01-23,2042.18,"2,048.33","2,052.53","2,039.05",8.42B,-0.47%,-0.004675222796440559
2014-01-24,2054.39,"2,037.67","2,060.99","2,034.45",9.29B,0.60%,0.005961102169168575
2014-01-27,2033.3,"2,044.27","2,044.85","2,029.63",8.88B,-1.03%,-0.010318877966253104
2014-01-28,2038.51,"2,036.40","2,047.13","2,026.99",7.25B,0.26%,0.0025590598987992523
2014-01-29,2049.91,"2,042.18","2,051.58","2,039.77",7.39B,0.56%,0.005576740914593786
2014-01-30,2033.08,"2,045.93","2,045.93","2,031.47",6.26B,-0.82%,-0.008244005162329836
2014-02-07,2044.5,"2,022.32","2,044.73","2,014.70",7.36B,0.56%,0.005601376237337783
2014-02-10,2086.07,"2,049.98","2,087.97","2,049.98",12.43B,2.03%,0.020128652239975543
2014-02-11,2103.67,"2,086.18","2,111.06","2,082.52",14.22B,0.84%,0.008401525405141002
2014-02-12,2109.96,"2,103.83","2,110.90","2,096.51",12.63B,0.30%,0.0029855514946344024
2014-02-13,2098.4,"2,106.93","2,122.83","2,096.97",14.65B,-0.55%,-0.005493840391783961
2014-02-14,2115.85,"2,097.32","2,116.19","2,095.09",11.15B,0.83%,0.008281473444010671
2014-02-17,2135.41,"2,124.88","2,136.45","2,117.69",14.02B,0.92%,0.009202042699941394
2014-02-18,2119.07,"2,134.14","2,134.14","2,113.13",14.29B,-0.77%,-0.007681352523730021
2014-02-19,2142.55,"2,116.92","2,152.96","2,111.17",15.13B,1.11%,0.011019395249610698
2014-02-20,2138.78,"2,152.89","2,177.98","2,136.48",15.71B,-0.18%,-0.0017611354296065633
2014-02-21,2113.69,"2,131.59","2,132.70","2,098.33",11.77B,-1.17%,-0.011800337753646204
2014-02-24,2076.69,"2,099.72","2,099.72","2,058.79",12.36B,-1.75%,-0.017659955233921464
2014-02-25,2034.22,"2,077.28","2,087.62","2,026.54",14.01B,-2.05%,-0.02066282698722061
2014-02-26,2041.25,"2,026.61","2,041.63","2,014.38",11.01B,0.35%,0.0034499122665730612
2014-02-27,2047.35,"2,045.10","2,068.31","2,036.39",13.22B,0.30%,0.002983908685639324
2014-02-28,2056.3,"2,040.62","2,058.49","2,020.93",11.16B,0.44%,0.0043619773571586555
2014-03-03,2075.23,"2,052.08","2,078.33","2,047.07",12.75B,0.92%,0.009163739568147049
2014-03-04,2071.47,"2,068.11","2,074.03","2,050.12",11.59B,-0.18%,-0.0018134907422648467
2014-03-05,2053.08,"2,073.29","2,074.81","2,050.18",10.77B,-0.89%,-0.008917395528797582
2014-03-06,2059.58,"2,050.03","2,065.79","2,030.95",10.93B,0.32%,0.0031609738768584496
2014-03-07,2057.91,"2,058.38","2,079.49","2,050.47",10.37B,-0.08%,-0.0008111738421087095
2014-03-10,1999.06,"2,042.35","2,042.63","1,995.55",11.57B,-2.86%,-0.029013834601844608
2014-03-11,2001.16,"1,994.42","2,008.07","1,985.60",9.27B,0.11%,0.0010499423496289854
2014-03-12,1997.69,"1,996.24","2,011.06","1,974.38",10.14B,-0.17%,-0.0017354993915539856
2014-03-13,2019.11,"2,000.69","2,029.12","1,996.53",10.10B,1.07%,0.010665307230225253
2014-03-14,2004.34,"2,008.82","2,017.91","1,990.98",8.78B,-0.73%,-0.0073419907531097955
2014-03-17,2023.67,"2,009.88","2,024.37","1,999.25",8.63B,0.96%,0.009597865143409748
2014-03-18,2025.2,"2,026.22","2,034.92","2,020.41",9.68B,0.08%,0.0007557664596916963
2014-03-19,2021.73,"2,019.98","2,022.18","2,002.44",9.52B,-0.17%,-0.0017148805886861617
2014-03-20,1993.48,"2,017.22","2,030.85","1,993.00",11.03B,-1.40%,-0.014071725341954663
2014-03-21,2047.62,"1,987.68","2,052.47","1,986.07",14.45B,2.72%,0.026796287903333955
2014-03-24,2066.28,"2,050.83","2,074.06","2,043.33",14.77B,0.91%,0.009071746017647589
2014-03-25,2067.31,"2,063.32","2,079.55","2,057.49",13.18B,0.05%,0.0004983561607790659
2014-03-26,2063.67,"2,070.57","2,074.57","2,057.65",10.26B,-0.18%,-0.0017622941491153708
2014-03-27,2046.59,"2,060.81","2,073.98","2,042.71",11.91B,-0.83%,-0.00831095760968424
2014-03-28,2041.71,"2,046.85","2,060.13","2,035.24",12.17B,-0.24%,-0.00238730147869665
2014-03-31,2033.31,"2,043.05","2,048.13","2,024.19",9.44B,-0.41%,-0.004122684991763825
2014-04-01,2047.46,"2,031.00","2,050.68","2,028.10",8.33B,0.70%,0.006934993499244058
2014-04-02,2058.99,"2,049.42","2,060.78","2,046.74",10.27B,0.56%,0.005615570772571065
2014-04-03,2043.7,"2,063.50","2,066.01","2,037.45",10.86B,-0.74%,-0.007453680774938744
2014-04-04,2058.83,"2,037.55","2,060.10","2,035.22",8.32B,0.74%,0.007375969753048369
2014-04-08,2098.28,"2,054.53","2,102.45","2,052.90",13.34B,1.92%,0.01898010122216479
2014-04-09,2105.24,"2,100.65","2,108.75","2,095.64",10.53B,0.33%,0.00331151337942891
2014-04-10,2134.3,"2,105.88","2,146.67","2,098.08",15.68B,1.38%,0.013709249180390222
2014-04-11,2130.54,"2,130.37","2,138.65","2,120.18",13.18B,-0.18%,-0.001763255350341543
2014-04-14,2131.54,"2,127.41","2,134.43","2,116.61",10.21B,0.05%,0.0004692544571428815
2014-04-15,2101.6,"2,125.90","2,125.90","2,098.15",10.75B,-1.40%,-0.014145763784993869
2014-04-16,2105.12,"2,097.21","2,112.05","2,092.16",8.94B,0.17%,0.0016735132461979487
2014-04-17,2098.88,"2,108.95","2,110.72","2,095.71",8.99B,-0.30%,-0.002968603512157253
2014-04-18,2097.75,"2,091.48","2,099.64","2,081.18",8.82B,-0.05%,-0.0005385273551919654
2014-04-21,2065.83,"2,085.98","2,103.08","2,065.23",9.64B,-1.52%,-0.015333259064097117
2014-04-22,2072.83,"2,062.79","2,073.66","2,047.33",9.87B,0.34%,0.003382740633462859
2014-04-23,2067.38,"2,068.08","2,076.35","2,059.11",7.85B,-0.26%,-0.002632718218603278
2014-04-24,2057.03,"2,064.16","2,075.76","2,056.19",7.82B,-0.50%,-0.005018910208199396
2014-04-25,2036.52,"2,060.54","2,065.64","2,035.57",9.30B,-1.00%,-0.010020726081567495
2014-04-28,2003.49,"2,033.34","2,035.99","2,000.14",8.98B,-1.62%,-0.016351809012717277
2014-04-29,2020.34,"2,001.90","2,021.68","1,997.64",7.62B,0.84%,0.008375154264787816
2014-04-30,2026.36,"2,020.44","2,029.54","2,016.58",7.45B,0.30%,0.0029752659899951995
2014-05-05,2027.35,"2,022.18","2,028.96","2,007.35",7.99B,0.05%,0.0004884414621086889
2014-05-06,2028.04,"2,024.26","2,038.70","2,021.49",7.46B,0.03%,0.00034028786708970206
2014-05-07,2010.08,"2,023.15","2,024.63","2,008.45",7.44B,-0.89%,-0.008895287126330885
2014-05-08,2015.27,"2,006.85","2,036.94","2,005.69",7.79B,0.26%,0.0025786591853632747
2014-05-09,2011.13,"2,016.50","2,020.45","2,001.30",7.62B,-0.21%,-0.0020564283026869397
2014-05-12,2052.87,"2,022.93","2,055.51","2,016.64",11.57B,2.08%,0.020542060907376935
2014-05-13,2050.73,"2,055.08","2,061.06","2,043.55",9.72B,-0.10%,-0.0010429867404204041
2014-05-14,2047.91,"2,049.27","2,056.57","2,042.74",7.20B,-0.14%,-0.001376066424465785
2014-05-15,2024.97,"2,044.38","2,047.32","2,022.86",7.58B,-1.12%,-0.011264875265190611
2014-05-16,2026.5,"2,023.60","2,027.76","2,012.69",6.64B,0.08%,0.000755281452278983
2014-05-19,2005.18,"2,023.01","2,023.27","1,996.01",6.53B,-1.05%,-0.010576334796180956
2014-05-20,2008.12,"2,011.85","2,018.16","2,002.76",6.13B,0.15%,0.00146512870999784
2014-05-21,2024.95,"2,001.31","2,025.19","1,991.06",6.18B,0.84%,0.00834604789559792
2014-05-22,2021.29,"2,023.15","2,041.96","2,018.88",7.47B,-0.18%,-0.0018090874482003946
2014-05-23,2034.57,"2,020.11","2,034.57","2,017.74",6.35B,0.66%,0.0065485729083578055
2014-05-26,2041.48,"2,042.03","2,045.38","2,035.09",7.03B,0.34%,0.003390540655607369
2014-05-27,2034.57,"2,039.79","2,044.15","2,032.84",6.76B,-0.34%,-0.0033905406556072755
2014-05-28,2050.23,"2,034.56","2,052.66","2,029.34",8.13B,0.77%,0.007667487623067528
2014-05-29,2040.6,"2,051.84","2,057.08","2,039.24",8.12B,-0.47%,-0.0047080997197984295
2014-05-30,2039.21,"2,040.39","2,046.96","2,031.37",7.51B,-0.07%,-0.0006814043074469711
2014-06-03,2038.31,"2,039.20","2,049.58","2,037.30",7.16B,-0.04%,-0.0004414448069491145
2014-06-04,2024.83,"2,037.99","2,038.48","2,012.91",7.24B,-0.66%,-0.006635286727503345
2014-06-05,2040.88,"2,019.44","2,041.70","2,016.17",6.79B,0.79%,0.007895340973586747
2014-06-06,2029.96,"2,040.86","2,041.57","2,022.16",6.60B,-0.54%,-0.005364998964691356
2014-06-09,2030.5,"2,024.94","2,045.26","2,023.20",6.48B,0.03%,0.0002659797181519934
2014-06-10,2052.53,"2,033.21","2,052.77","2,026.39",7.96B,1.08%,0.010791110414972554
2014-06-11,2054.95,"2,049.13","2,056.63","2,045.41",7.44B,0.12%,0.001178338192765344
2014-06-12,2051.71,"2,051.58","2,057.10","2,045.96",8.17B,-0.16%,-0.0015779249668872366
2014-06-13,2070.71,"2,049.21","2,073.60","2,048.62",9.72B,0.93%,0.009217951851897867
2014-06-16,2085.98,"2,070.70","2,087.32","2,069.44",9.59B,0.74%,0.007347225167945704
2014-06-17,2066.7,"2,080.48","2,080.48","2,064.67",8.78B,-0.92%,-0.009285636519786946
2014-06-18,2055.52,"2,064.38","2,066.91","2,051.75",8.72B,-0.54%,-0.005424274983960237
2014-06-19,2023.73,"2,054.62","2,059.25","2,017.65",9.29B,-1.55%,-0.01558651398389542
2014-06-20,2026.67,"2,013.41","2,027.15","2,010.53",6.72B,0.15%,0.0014517087281884953
2014-06-23,2024.37,"2,026.23","2,033.32","2,022.92",7.05B,-0.11%,-0.0011355110031657958
2014-06-24,2033.93,"2,023.70","2,034.71","2,021.75",7.12B,0.47%,0.004711341045951368
2014-06-25,2025.5,"2,030.43","2,030.62","2,018.36",6.75B,-0.41%,-0.004153298427632789
2014-06-26,2038.68,"2,025.66","2,040.75","2,025.31",8.10B,0.65%,0.006485955939078348
2014-06-27,2036.51,"2,031.91","2,043.98","2,025.07",9.76B,-0.11%,-0.0010649811199470373
2014-06-30,2048.33,"2,038.61","2,052.34","2,038.53",9.67B,0.58%,0.005787268529524484
2014-07-01,2050.38,"2,051.22","2,052.63","2,041.94",9.85B,0.10%,0.0010003148165843132
2014-07-02,2059.42,"2,049.48","2,060.60","2,044.04",10.96B,0.44%,0.004399247933983764
2014-07-03,2063.23,"2,051.63","2,066.64","2,048.08",12.29B,0.19%,0.0018483262390347126
2014-07-04,2059.37,"2,062.36","2,065.08","2,054.22",10.50B,-0.19%,-0.0018726052141719515
2014-07-07,2059.93,"2,058.13","2,064.04","2,050.89",9.72B,0.03%,0.0002718908569172777
2014-07-08,2064.02,"2,058.13","2,064.43","2,047.20",9.51B,0.20%,0.00198353585323753
2014-07-09,2038.61,"2,061.63","2,062.47","2,037.60",11.33B,-1.23%,-0.012387334427520347
2014-07-10,2038.34,"2,036.54","2,045.53","2,034.96",9.79B,-0.01%,-0.00013245195569960985
2014-07-11,2046.96,"2,033.87","2,051.74","2,033.00",10.51B,0.42%,0.004220014585196659
2014-07-14,2066.65,"2,047.74","2,067.34","2,044.90",11.51B,0.96%,0.009573173137462027
2014-07-15,2070.36,"2,065.90","2,070.36","2,059.68",12.45B,0.18%,0.001793566365347002
2014-07-16,2067.28,"2,068.34","2,075.49","2,061.57",13.71B,-0.15%,-0.00148877165190126
2014-07-17,2055.59,"2,062.89","2,062.89","2,046.19",10.45B,-0.57%,-0.0056708221833108256
2014-07-18,2059.07,"2,047.50","2,067.23","2,046.00",10.66B,0.17%,0.0016915131893050015
2014-07-21,2054.48,"2,057.77","2,061.82","2,049.18",9.39B,-0.22%,-0.0022316499884285595
2014-07-22,2075.48,"2,050.50","2,078.09","2,049.81",12.32B,1.02%,0.010169677666994312
2014-07-23,2078.49,"2,074.20","2,088.19","2,072.23",13.73B,0.15%,0.0014492163047912367
2014-07-24,2105.06,"2,079.63","2,107.95","2,079.63",16.57B,1.28%,0.012702301753985519
2014-07-25,2126.61,"2,108.71","2,127.22","2,106.71",14.25B,1.02%,0.010185192274487727
2014-07-28,2177.95,"2,135.25","2,181.50","2,135.25",23.62B,2.41%,0.023854904840558747
2014-07-29,2183.19,"2,179.83","2,193.52","2,172.10",20.03B,0.24%,0.0024030425629909193
2014-07-30,2181.24,"2,178.18","2,194.57","2,177.24",18.49B,-0.09%,-0.0008935875382381327
2014-07-31,2201.56,"2,179.54","2,202.13","2,173.90",16.47B,0.93%,0.009272677556314727
2014-08-01,2185.3,"2,194.17","2,218.79","2,184.64",19.15B,-0.74%,-0.007413081093215521
2014-08-04,2223.33,"2,190.04","2,224.07","2,186.92",17.41B,1.74%,0.017252953113954146
2014-08-05,2219.95,"2,224.63","2,226.84","2,206.85",17.54B,-0.15%,-0.0015213988998942273
2014-08-06,2217.46,"2,212.00","2,223.89","2,192.99",17.77B,-0.11%,-0.0011222764005790788
2014-08-07,2187.67,"2,216.66","2,220.57","2,185.76",17.52B,-1.34%,-0.013525346191702476
2014-08-08,2194.42,"2,188.71","2,199.58","2,180.60",13.52B,0.31%,0.0030807241926151916
2014-08-11,2224.65,"2,199.43","2,225.96","2,198.31",15.06B,1.38%,0.013681825165580882
2014-08-12,2221.59,"2,222.70","2,222.98","2,210.00",15.48B,-0.14%,-0.0013764441339750384
2014-08-13,2222.88,"2,223.05","2,230.99","2,202.44",17.81B,0.06%,0.0005804966784454095
2014-08-14,2206.47,"2,221.54","2,230.89","2,204.38",17.01B,-0.74%,-0.0074096989764447395
2014-08-15,2226.73,"2,207.23","2,230.87","2,203.24",15.00B,0.92%,0.009140188147749645
2014-08-18,2239.47,"2,229.80","2,242.04","2,228.13",16.39B,0.57%,0.005705089138485747
2014-08-19,2245.33,"2,242.34","2,246.02","2,227.92",17.77B,0.26%,0.0026132729820386763
2014-08-20,2240.21,"2,241.66","2,248.94","2,233.89",16.77B,-0.23%,-0.0022828922375519776
2014-08-21,2230.46,"2,239.57","2,240.08","2,211.63",16.57B,-0.44%,-0.004361769246145574
2014-08-22,2240.81,"2,228.97","2,243.30","2,225.27",16.01B,0.46%,0.0046295654191533505
2014-08-25,2229.27,"2,241.10","2,241.55","2,222.01",16.21B,-0.51%,-0.005163230025863808
2014-08-26,2207.11,"2,225.29","2,232.78","2,200.62",16.35B,-0.99%,-0.00999021017359472
2014-08-27,2209.47,"2,207.03","2,216.67","2,204.05",12.09B,0.11%,0.0010687003177194982
2014-08-28,2195.82,"2,210.48","2,219.47","2,194.86",12.42B,-0.62%,-0.006197114689286711
2014-08-29,2217.2,"2,198.95","2,218.70","2,193.26",10.52B,0.97%,0.009689585488838495
2014-09-01,2235.51,"2,220.13","2,236.29","2,217.68",12.92B,0.83%,0.00822425139057952
2014-09-02,2266.05,"2,239.68","2,267.51","2,234.38",19.21B,1.37%,0.013568837721614718
2014-09-03,2288.63,"2,268.39","2,290.55","2,268.10",21.25B,1.00%,0.009915157590436784
2014-09-04,2306.86,"2,290.03","2,307.70","2,283.28",19.95B,0.80%,0.007933907211943475
2014-09-05,2326.43,"2,311.30","2,327.56","2,307.45",21.32B,0.85%,0.00844761125662809
2014-09-09,2326.53,"2,328.43","2,331.92","2,315.89",19.70B,0.00%,4.2983391224389925e-05
2014-09-10,2318.31,"2,318.50","2,321.91","2,306.42",18.98B,-0.35%,-0.003539415170945951
2014-09-11,2311.68,"2,315.73","2,343.59","2,304.60",22.22B,-0.29%,-0.0028639390286741874
2014-09-12,2331.95,"2,308.35","2,331.95","2,302.77",19.35B,0.88%,0.00873029450874112
2014-09-15,2339.14,"2,330.19","2,340.45","2,321.59",21.51B,0.31%,0.0030785130144984733
2014-09-16,2296.56,"2,341.03","2,347.93","2,293.87",30.27B,-1.82%,-0.01837098929257901
2014-09-17,2307.89,"2,298.98","2,309.05","2,282.79",21.08B,0.49%,0.004921336041125891
2014-09-18,2315.93,"2,303.85","2,319.87","2,297.93",18.91B,0.35%,0.003477647530829515
2014-09-19,2329.45,"2,312.98","2,331.56","2,305.52",17.46B,0.58%,0.005820853481986892
2014-09-22,2289.87,"2,323.55","2,323.55","2,284.38",17.58B,-1.70%,-0.01713714081512168
2014-09-23,2309.72,"2,289.09","2,311.53","2,289.02",15.69B,0.87%,0.008631257669906552
2014-09-24,2343.57,"2,302.23","2,345.75","2,297.88",22.25B,1.47%,0.014549102721605913
2014-09-25,2345.1,"2,352.86","2,365.15","2,336.81",22.57B,0.07%,0.0006526371249443156
2014-09-26,2347.72,"2,339.29","2,350.11","2,329.96",17.47B,0.11%,0.0011165995168008964
2014-09-29,2357.71,"2,353.71","2,363.06","2,346.58",20.01B,0.43%,0.004246164541773515
2014-09-30,2363.87,"2,361.32","2,365.49","2,354.27",19.39B,0.26%,0.002609297521166686
2014-10-08,2382.79,"2,368.58","2,382.79","2,354.29",20.44B,0.80%,0.007971963528263286
2014-10-09,2389.37,"2,383.86","2,391.35","2,367.11",23.59B,0.28%,0.0027576628486523135
2014-10-10,2374.54,"2,380.76","2,386.28","2,365.07",22.47B,-0.62%,-0.0062259983520448325
2014-10-13,2366.01,"2,366.43","2,366.86","2,341.12",20.09B,-0.36%,-0.003598742426917855
2014-10-14,2359.47,"2,362.80","2,380.52","2,349.19",19.68B,-0.28%,-0.0027679745446461588
2014-10-15,2373.67,"2,358.23","2,374.81","2,344.37",20.28B,0.60%,0.006000263082736071
2014-10-16,2356.5,"2,361.13","2,389.67","2,353.41",24.82B,-0.72%,-0.007259813246392864
2014-10-17,2341.18,"2,352.78","2,360.60","2,312.83",21.23B,-0.65%,-0.0065223916109204555
2014-10-20,2356.73,"2,346.05","2,357.51","2,340.46",16.00B,0.66%,0.006619989224524259
2014-10-21,2339.66,"2,355.03","2,361.65","2,337.55",16.88B,-0.72%,-0.00726944532788475
2014-10-22,2326.55,"2,339.22","2,352.12","2,324.59",15.27B,-0.56%,-0.005619136084887217
2014-10-23,2302.42,"2,322.32","2,329.93","2,297.33",16.26B,-1.04%,-0.010425739881333773
2014-10-24,2302.28,"2,303.08","2,314.87","2,296.66",13.22B,-0.01%,-6.0807435899360724e-05
2014-10-27,2290.44,"2,293.57","2,293.64","2,279.84",13.03B,-0.51%,-0.0051559974175827625
2014-10-28,2337.87,"2,294.01","2,338.28","2,294.01",17.86B,2.07%,0.020496319576748613
2014-10-29,2373.03,"2,343.72","2,381.64","2,339.71",26.56B,1.50%,0.014927361174333064
2014-10-30,2391.08,"2,371.89","2,397.26","2,365.92",29.46B,0.76%,0.007577527121556193
2014-10-31,2420.18,"2,393.18","2,423.60","2,384.48",32.58B,1.22%,0.012096770847514794
2014-11-03,2430.03,"2,425.22","2,436.79","2,418.17",29.88B,0.41%,0.004061685387445339
2014-11-04,2430.68,"2,428.27","2,435.22","2,417.22",30.90B,0.03%,0.0002674506415211003
2014-11-05,2419.25,"2,432.17","2,434.36","2,415.50",26.36B,-0.47%,-0.004713478817868539
2014-11-06,2425.86,"2,419.62","2,426.89","2,401.75",22.20B,0.27%,0.0027285259161806256
2014-11-07,2418.17,"2,427.90","2,454.42","2,407.44",29.12B,-0.32%,-0.0031750449358002412
2014-11-10,2473.67,"2,436.63","2,474.16","2,428.19",30.06B,2.30%,0.022691822086971097
2014-11-11,2469.67,"2,483.65","2,508.62","2,445.96",41.19B,-0.16%,-0.001618339370954565
2014-11-12,2494.48,"2,454.60","2,494.92","2,444.81",25.29B,1.00%,0.009995752172696395
2014-11-13,2485.61,"2,495.00","2,507.74","2,471.41",29.50B,-0.36%,-0.0035621883859212936
2014-11-14,2478.82,"2,477.97","2,481.02","2,457.05",22.06B,-0.27%,-0.002735461768617669
2014-11-17,2474.01,"2,506.86","2,508.77","2,472.45",21.57B,-0.19%,-0.0019423244941552966
2014-11-18,2456.37,"2,474.18","2,477.05","2,449.81",20.11B,-0.71%,-0.007155665595412471
2014-11-19,2450.99,"2,452.15","2,461.49","2,442.71",18.62B,-0.22%,-0.002192625833609504
2014-11-20,2452.66,"2,443.28","2,458.32","2,437.48",16.55B,0.07%,0.0006811253105601205
2014-11-21,2486.79,"2,452.63","2,488.20","2,446.65",21.22B,1.39%,0.013819572292002513
2014-11-24,2532.88,"2,505.53","2,546.75","2,495.52",36.35B,1.85%,0.018364273069909263
2014-11-25,2567.6,"2,532.00","2,568.38","2,527.08",31.43B,1.37%,0.013614615212721917
2014-11-26,2604.35,"2,572.65","2,605.07","2,570.40",33.71B,1.43%,0.014211513460960548
2014-11-27,2630.49,"2,615.37","2,631.40","2,599.11",36.41B,1.00%,0.009987016706413266
2014-11-28,2682.83,"2,629.63","2,683.18","2,622.06",46.59B,1.99%,0.01970206690486524
2014-12-01,2680.16,"2,691.72","2,720.74","2,668.84",44.68B,-0.10%,-0.0009957132944855588
2014-12-02,2763.54,"2,667.82","2,777.37","2,665.69",43.77B,3.11%,0.030635972351595802
2014-12-03,2779.53,"2,768.68","2,824.18","2,733.87",56.21B,0.58%,0.005769382076453496
2014-12-04,2899.46,"2,783.47","2,900.51","2,772.43",53.27B,4.31%,0.04224266409593131
2014-12-05,2937.65,"2,926.57","2,978.03","2,813.05",64.05B,1.32%,0.013085429239131498
2014-12-08,3020.26,"2,907.82","3,041.66","2,879.85",58.76B,2.81%,0.02773297839989345
2014-12-09,2856.27,"2,992.49","3,091.32","2,834.59",77.20B,-5.43%,-0.05582634257219868
2014-12-10,2940.01,"2,855.94","2,946.71","2,807.68",51.29B,2.93%,0.02889640488130345
2014-12-11,2925.74,"2,912.35","2,965.67","2,892.61",48.26B,-0.49%,-0.004865542565479892
2014-12-12,2938.17,"2,929.36","2,962.51","2,914.96",40.95B,0.42%,0.004239498429336842
2014-12-15,2953.42,"2,921.45","2,960.23","2,890.90",40.04B,0.52%,0.005176882321566372
2014-12-16,3021.52,"2,953.81","3,021.90","2,943.91",45.38B,2.31%,0.022796195135655527
2014-12-17,3061.02,"3,031.95","3,076.60","2,993.33",54.25B,1.31%,0.012988177727980712
2014-12-18,3057.52,"3,062.80","3,089.79","3,030.32",43.59B,-0.11%,-0.001144063904708361
2014-12-19,3108.6,"3,053.07","3,117.53","3,018.42",52.11B,1.67%,0.016568334216959208
2014-12-22,3127.44,"3,129.27","3,189.87","3,090.51",67.94B,0.61%,0.006042314455962662
2014-12-23,3032.61,"3,085.08","3,136.84","3,025.67",43.78B,-3.03%,-0.030791143642863415
2014-12-24,2972.53,"3,039.21","3,050.51","2,934.91",37.68B,-1.98%,-0.020010192833170647
2014-12-25,3072.54,"2,992.46","3,073.35","2,969.87",37.69B,3.36%,0.0330911390411229
2014-12-26,3157.6,"3,078.01","3,164.16","3,064.18",46.07B,2.77%,0.02730766427878817
2014-12-29,3168.02,"3,212.56","3,223.86","3,126.94",51.01B,0.33%,0.0032945416970646137
2014-12-30,3165.81,"3,160.80","3,190.30","3,130.35",39.77B,-0.07%,-0.0006978400398133961
2014-12-31,3234.68,"3,172.60","3,239.36","3,157.26",40.60B,2.18%,0.02152105795293391
2015-01-05,3350.52,"3,258.63","3,369.28","3,253.88",53.14B,3.58%,0.03518555269490655
2015-01-06,3351.45,"3,330.80","3,394.22","3,303.18",50.17B,0.03%,0.00027753033987591485
2015-01-07,3373.95,"3,326.65","3,374.90","3,312.21",39.19B,0.67%,0.006691076796812359
2015-01-08,3293.46,"3,371.96","3,381.57","3,285.10",37.11B,-2.39%,-0.02414548091777817
2015-01-09,3285.41,"3,276.97","3,404.83","3,267.51",41.02B,-0.24%,-0.0024472300007681766
2015-01-12,3229.32,"3,258.21","3,275.19","3,191.58",32.21B,-1.71%,-0.01721986513473403
2015-01-13,3235.3,"3,223.54","3,259.39","3,214.41",23.07B,0.19%,0.0018500706014199085
2015-01-14,3222.44,"3,242.34","3,268.48","3,193.98",24.02B,-0.40%,-0.0039828227831138025
2015-01-15,3336.45,"3,224.07","3,337.08","3,207.55",28.25B,3.54%,0.03476853091240545
2015-01-16,3376.49,"3,343.60","3,400.32","3,340.49",33.99B,1.20%,0.011929340895986431
2015-01-19,3116.35,"3,189.73","3,262.21","3,095.07",40.11B,-7.70%,-0.0801742631893516
2015-01-20,3173.05,"3,114.56","3,190.25","3,100.48",35.71B,1.82%,0.01803082524232522
2015-01-21,3323.61,"3,189.09","3,337.00","3,178.34",41.10B,4.74%,0.046358271155145125
2015-01-22,3343.34,"3,327.32","3,352.38","3,293.98",35.34B,0.59%,0.005918765731875622
2015-01-23,3351.76,"3,357.10","3,406.79","3,328.29",36.62B,0.25%,0.0025152736894639995
2015-01-26,3383.18,"3,347.26","3,384.80","3,321.31",31.75B,0.94%,0.009330514584494557
2015-01-27,3352.96,"3,389.85","3,390.22","3,290.22",37.45B,-0.89%,-0.008972557797987937
2015-01-28,3305.74,"3,325.72","3,354.80","3,294.65",30.19B,-1.41%,-0.014183186379584455
2015-01-29,3262.3,"3,259.00","3,286.79","3,234.24",27.47B,-1.31%,-0.013227883330345388
2015-01-30,3210.36,"3,273.75","3,288.50","3,210.31",25.83B,-1.59%,-0.016049387701387207
2015-02-02,3128.3,"3,148.14","3,175.13","3,122.57",25.09B,-2.56%,-0.025893354373764
2015-02-03,3204.91,"3,156.09","3,207.94","3,129.73",24.82B,2.45%,0.024194282842524076
2015-02-04,3174.13,"3,212.82","3,238.98","3,171.14",24.91B,-0.96%,-0.009650429807657334
2015-02-05,3136.53,"3,251.21","3,251.21","3,135.82",30.61B,-1.18%,-0.01191648573699993
2015-02-06,3075.91,"3,120.09","3,129.54","3,052.94",24.68B,-1.93%,-0.019516300872731103
2015-02-09,3095.12,"3,063.51","3,119.03","3,049.11",20.61B,0.62%,0.006225885160465872
2015-02-10,3141.59,"3,090.49","3,142.10","3,084.25",19.38B,1.50%,0.014902363586994706
2015-02-11,3157.7,"3,145.77","3,166.42","3,139.05",17.28B,0.51%,0.005114873302348085
2015-02-12,3173.42,"3,157.96","3,181.77","3,134.24",19.46B,0.50%,0.00496595619907114
2015-02-13,3203.83,"3,186.81","3,237.16","3,182.79",26.13B,0.96%,0.009537098435199733
2015-02-16,3222.36,"3,206.14","3,228.85","3,195.88",22.38B,0.58%,0.005767041235023448
2015-02-17,3246.91,"3,230.88","3,255.73","3,230.77",22.83B,0.76%,0.007589764486300199
2015-02-25,3228.84,"3,256.48","3,257.22","3,215.55",23.33B,-0.56%,-0.00558083523923609
2015-02-26,3298.36,"3,222.15","3,300.62","3,202.19",30.13B,2.15%,0.0213024356412115
2015-02-27,3310.3,"3,296.83","3,324.55","3,291.01",29.92B,0.36%,0.003613444477910194
2015-03-02,3336.28,"3,332.72","3,336.76","3,298.67",34.64B,0.78%,0.007817594105046061
2015-03-03,3263.05,"3,317.69","3,317.69","3,260.43",38.20B,-2.19%,-0.02219407301217361
2015-03-04,3279.53,"3,264.18","3,286.59","3,250.48",29.36B,0.51%,0.005037778629869305
2015-03-05,3248.48,"3,264.08","3,266.64","3,221.67",32.07B,-0.95%,-0.009512924813954158
2015-03-06,3241.19,"3,248.04","3,266.93","3,234.53",28.29B,-0.22%,-0.002246648309178262
2015-03-09,3302.41,"3,224.31","3,307.70","3,198.37",32.15B,1.89%,0.018711958638626403
2015-03-10,3286.07,"3,289.08","3,309.92","3,277.09",28.58B,-0.49%,-0.004960183077625708
2015-03-11,3290.9,"3,289.59","3,325.05","3,278.47",28.30B,0.15%,0.0014687617149834091
2015-03-12,3349.32,"3,314.81","3,360.05","3,300.49",35.73B,1.78%,0.017596256559489647
2015-03-13,3372.91,"3,359.49","3,391.26","3,352.15",32.84B,0.70%,0.007018533086933928
2015-03-16,3449.3,"3,391.16","3,449.30","3,377.09",39.91B,2.26%,0.022395438660824538
2015-03-17,3502.85,"3,469.60","3,504.12","3,459.69",52.09B,1.55%,0.015405610953057279
2015-03-18,3577.3,"3,510.50","3,577.66","3,503.85",54.52B,2.13%,0.021031403065257727
2015-03-19,3582.27,"3,576.02","3,600.68","3,546.84",53.73B,0.14%,0.0013883517580844543
2015-03-20,3617.32,"3,587.08","3,632.34","3,569.38",51.67B,0.98%,0.00973674248302927
2015-03-23,3687.73,"3,640.10","3,688.25","3,635.48",53.61B,1.95%,0.01927767243691017
2015-03-24,3691.41,"3,692.57","3,715.87","3,600.70",63.96B,0.10%,0.0009974062844931948
2015-03-25,3660.73,"3,680.95","3,693.15","3,634.56",52.19B,-0.83%,-0.008345917809707837
2015-03-26,3682.1,"3,641.94","3,707.32","3,615.01",48.86B,0.58%,0.005820660517745081
2015-03-27,3691.1,"3,686.13","3,710.48","3,656.83",40.89B,0.24%,0.0024412750148829483
2015-03-30,3786.57,"3,710.61","3,795.93","3,710.61",56.47B,2.59%,0.025536079520432017
2015-03-31,3747.9,"3,822.99","3,835.57","3,737.04",56.17B,-1.02%,-0.010264913006276051
2015-04-01,3810.29,"3,748.34","3,817.08","3,742.21",44.75B,1.66%,0.016509618603780994
2015-04-02,3825.78,"3,827.69","3,835.45","3,775.89",47.93B,0.41%,0.0040570663304124914
2015-04-03,3863.93,"3,803.38","3,864.40","3,792.21",47.30B,1.00%,0.009922432186197174
2015-04-07,3961.38,"3,899.42","3,961.67","3,891.73",57.04B,2.52%,0.024907649163985454
2015-04-08,3994.81,"3,976.53","4,000.22","3,903.65",61.81B,0.84%,0.00840356922980754
2015-04-09,3957.53,"4,006.13","4,016.40","3,900.03",58.52B,-0.93%,-0.009375925350369577
2015-04-10,4034.31,"3,947.49","4,040.35","3,929.32",48.43B,1.94%,0.01921519009406692
2015-04-13,4121.71,"4,072.72","4,128.07","4,057.29",58.98B,2.17%,0.02143284241466568
2015-04-14,4135.57,"4,125.78","4,168.35","4,091.26",61.07B,0.34%,0.003357040821318306
2015-04-15,4084.16,"4,135.65","4,175.49","4,069.01",61.30B,-1.24%,-0.012509089805432333
2015-04-16,4194.82,"4,055.92","4,195.31","4,031.24",55.12B,2.71%,0.02673435396232021
2015-04-17,4287.3,"4,254.72","4,317.22","4,238.91",70.17B,2.20%,0.021806733399212803
2015-04-20,4217.08,"4,301.35","4,356.00","4,190.68",85.71B,-1.64%,-0.016514218756897705
2015-04-21,4293.62,"4,212.19","4,294.37","4,188.57",63.45B,1.82%,0.017987254548579443
2015-04-22,4398.49,"4,304.60","4,400.19","4,297.95",68.03B,2.44%,0.02413110024027383
2015-04-23,4414.51,"4,414.48","4,444.41","4,358.84",66.73B,0.36%,0.003635542413461289
2015-04-24,4393.69,"4,355.95","4,416.38","4,318.12",62.86B,-0.47%,-0.00472742189656564
2015-04-27,4527.4,"4,441.93","4,529.74","4,441.93",67.11B,3.04%,0.029978402564315453
2015-04-28,4476.21,"4,527.64","4,572.39","4,432.90",76.77B,-1.13%,-0.011371117047691955
2015-04-29,4476.62,"4,446.12","4,499.94","4,398.64",51.98B,0.01%,9.159115057173318e-05
2015-04-30,4441.66,"4,483.01","4,507.34","4,441.05",52.67B,-0.78%,-0.007840116945182265
2015-05-04,4480.46,"4,441.34","4,487.57","4,387.43",49.42B,0.87%,0.00869753928265291
2015-05-05,4298.71,"4,479.85","4,488.87","4,282.24",57.29B,-4.06%,-0.041410742036723895
2015-05-06,4229.27,"4,311.64","4,376.35","4,187.37",48.17B,-1.62%,-0.01628557635757435
2015-05-07,4112.21,"4,197.90","4,213.76","4,108.01",39.46B,-2.77%,-0.028068804445195963
2015-05-08,4205.92,"4,152.98","4,206.86","4,099.04",39.74B,2.28%,0.022532459764892036
2015-05-11,4333.58,"4,231.27","4,334.88","4,187.82",48.88B,3.04%,0.029900933597656606
2015-05-12,4401.22,"4,342.37","4,402.31","4,317.98",52.19B,1.56%,0.01548778496821652
2015-05-13,4375.76,"4,402.38","4,415.63","4,342.48",51.05B,-0.58%,-0.005801556209797033
2015-05-14,4378.31,"4,372.82","4,397.74","4,329.04",44.91B,0.06%,0.000582586173545383
2015-05-15,4308.69,"4,366.82","4,366.82","4,278.55",43.97B,-1.59%,-0.016028891582582302
2015-05-18,4283.49,"4,277.89","4,324.83","4,260.51",38.01B,-0.58%,-0.005865815719951382
2015-05-19,4417.55,"4,285.78","4,418.40","4,285.78",43.67B,3.13%,0.03081714588706346
2015-05-20,4446.29,"4,434.98","4,520.54","4,432.28",51.41B,0.65%,0.006484796818507924
2015-05-21,4529.42,"4,456.43","4,530.48","4,438.26",46.50B,1.87%,0.018523855392337352
2015-05-22,4657.6,"4,584.98","4,658.27","4,562.99",65.56B,2.83%,0.027906398031588807
2015-05-25,4813.8,"4,660.07","4,814.67","4,656.82",68.25B,3.35%,0.03298649899630645
2015-05-26,4910.9,"4,854.85","4,911.68","4,779.08",70.49B,2.02%,0.019970431392622525
2015-05-27,4941.71,"4,932.85","4,958.16","4,857.06",68.12B,0.63%,0.006254200750413606
2015-05-28,4620.27,"4,943.74","4,986.50","4,614.24",78.30B,-6.50%,-0.06725828020411666
2015-05-29,4611.74,"4,603.47","4,698.19","4,431.56",61.13B,-0.18%,-0.0018479188015084306
2015-06-01,4828.74,"4,633.10","4,829.50","4,615.23",59.34B,4.71%,0.04598033792394067
2015-06-02,4910.53,"4,844.70","4,911.57","4,797.55",62.37B,1.69%,0.016796314887648867
2015-06-03,4909.98,"4,924.38","4,942.06","4,822.44",61.15B,-0.01%,-0.00011201047615150475
2015-06-04,4947.1,"4,912.95","4,947.96","4,647.41",67.50B,0.76%,0.007531677834164014
2015-06-05,5023.1,"5,016.09","5,051.63","4,898.07",77.22B,1.54%,0.015245726678458388
2015-06-08,5131.88,"5,045.69","5,146.95","4,997.48",85.50B,2.17%,0.021424790792206133
2015-06-09,5113.53,"5,145.98","5,147.45","5,042.96",72.99B,-0.36%,-0.0035820957133701637
2015-06-10,5106.04,"5,049.20","5,164.16","5,001.49",59.70B,-0.15%,-0.0014658153603514625
2015-06-11,5121.59,"5,101.44","5,122.46","5,050.76",56.40B,0.30%,0.003040785007231757
2015-06-12,5166.35,"5,143.34","5,178.19","5,103.40",62.56B,0.87%,0.008701505339465714
2015-06-15,5062.99,"5,174.42","5,176.79","5,048.74",63.78B,-2.00%,-0.020209225183929626
2015-06-16,4887.43,"5,004.41","5,029.68","4,842.10",55.08B,-3.47%,-0.03529061491397208
2015-06-17,4967.9,"4,890.55","4,983.66","4,767.22",53.71B,1.65%,0.016330612645833055
2015-06-18,4785.36,"4,942.52","4,966.77","4,780.87",50.74B,-3.67%,-0.03743595841949691
2015-06-19,4478.36,"4,689.93","4,744.08","4,476.50",45.27B,-6.42%,-0.06630434920679627
2015-06-23,4576.49,"4,471.61","4,577.94","4,264.77",47.35B,2.19%,0.0216754207865581
2015-06-24,4690.15,"4,604.58","4,691.77","4,552.13",54.30B,2.48%,0.024532236124797074
2015-06-25,4527.78,"4,711.76","4,720.70","4,483.55",57.28B,-3.46%,-0.03523281174109733
2015-06-26,4192.87,"4,399.93","4,456.90","4,139.53",56.52B,-7.40%,-0.07684628949446426
2015-06-29,4053.03,"4,289.77","4,297.47","3,875.05",67.38B,-3.34%,-0.033920714110335766
2015-06-30,4277.22,"4,006.75","4,279.97","3,847.88",70.92B,5.53%,0.05383851630238759
2015-07-01,4053.7,"4,214.15","4,317.05","4,043.37",59.88B,-5.23%,-0.05367322154074505
2015-07-02,3912.77,"4,058.62","4,080.39","3,795.25",58.60B,-3.48%,-0.03538448123503602
2015-07-03,3686.92,"3,793.71","3,927.13","3,629.56",54.82B,-5.77%,-0.059454141910615266
2015-07-06,3775.91,"3,975.21","3,975.21","3,653.04",83.11B,2.41%,0.023849992094170384
2015-07-07,3727.12,"3,654.78","3,750.57","3,585.40",69.88B,-1.29%,-0.013005595796781545
2015-07-08,3507.19,"3,467.40","3,599.25","3,421.53",68.04B,-5.90%,-0.06082067040659034
2015-07-09,3709.33,"3,432.45","3,748.48","3,373.54",65.69B,5.76%,0.056036120268484584
2015-07-10,3877.8,"3,707.46","3,959.22","3,677.43",58.64B,4.54%,0.04441671519621572
2015-07-13,3970.39,"3,918.99","4,030.19","3,858.64",64.35B,2.39%,0.023596344135233743
2015-07-14,3924.49,"3,958.37","4,035.43","3,855.56",67.06B,-1.16%,-0.011627920163815437
2015-07-15,3805.7,"3,874.97","3,914.27","3,741.25",60.13B,-3.03%,-0.030736463630110147
2015-07-16,3823.18,"3,758.50","3,877.51","3,688.44",49.23B,0.46%,0.004582594192132088
2015-07-17,3957.35,"3,831.42","3,994.48","3,814.15",48.17B,3.51%,0.034492072290134686
2015-07-20,3992.11,"3,948.42","4,021.33","3,927.12",53.91B,0.88%,0.008745303841460151
2015-07-21,4017.67,"3,939.90","4,041.82","3,912.80",50.43B,0.64%,0.0063822194269118025
2015-07-22,4026.05,"3,996.43","4,042.34","3,960.86",52.07B,0.21%,0.0020836138084807544
2015-07-23,4123.92,"4,022.27","4,132.61","4,019.04",56.36B,2.43%,0.024018420909266817
2015-07-24,4070.91,"4,124.75","4,184.45","4,044.83",62.74B,-1.29%,-0.012937605638269614
2015-07-27,3725.56,"3,985.57","4,051.16","3,720.44",55.60B,-8.48%,-0.08864938558345957
2015-07-28,3663.0,"3,573.14","3,762.53","3,537.36",56.33B,-1.68%,-0.016934692306055845
2015-07-29,3789.17,"3,689.82","3,792.07","3,612.06",43.44B,3.44%,0.03386451395275637
2015-07-30,3705.77,"3,773.79","3,844.37","3,685.96",45.79B,-2.20%,-0.022255933334017982
2015-07-31,3663.73,"3,655.67","3,729.51","3,620.17",35.10B,-1.13%,-0.011409310275101956
2015-08-03,3622.91,"3,614.99","3,648.94","3,549.50",36.40B,-1.11%,-0.011204183827670803
2015-08-04,3756.54,"3,621.85","3,757.03","3,601.29",36.29B,3.69%,0.0362207506675132
2015-08-05,3694.57,"3,745.65","3,782.35","3,676.39",36.64B,-1.65%,-0.01663414682958213
2015-08-06,3661.54,"3,625.50","3,710.57","3,614.74",27.41B,-0.89%,-0.00898035020675753
2015-08-07,3744.2,"3,692.61","3,756.74","3,686.30",34.08B,2.26%,0.02232415204821445
2015-08-10,3928.42,"3,786.03","3,943.62","3,775.85",49.73B,4.92%,0.048029333427740746
2015-08-11,3927.91,"3,928.81","3,970.34","3,891.18",53.89B,-0.01%,-0.0001298316136711463
2015-08-12,3886.32,"3,881.23","3,937.77","3,871.14",44.27B,-1.06%,-0.010644783354912538
2015-08-13,3954.56,"3,869.91","3,955.79","3,838.16",43.01B,1.76%,0.017406648999234952
2015-08-14,3965.33,"3,976.41","4,000.68","3,939.84",46.80B,0.27%,0.002719736420272563
2015-08-17,3993.67,"3,947.84","3,994.54","3,907.40",46.04B,0.71%,0.007121527773478752
2015-08-18,3748.16,"3,999.13","4,006.34","3,743.39",54.38B,-6.15%,-0.0634455547448015
2015-08-19,3794.11,"3,646.80","3,811.43","3,558.38",47.54B,1.23%,0.012184811340230948
2015-08-20,3664.29,"3,754.57","3,788.01","3,663.61",39.01B,-3.42%,-0.03481527208817908
2015-08-21,3507.74,"3,609.96","3,652.84","3,490.54",36.99B,-4.27%,-0.043662636693824315
2015-08-24,3209.91,"3,373.48","3,388.36","3,191.88",33.47B,-8.49%,-0.08872905609190808
2015-08-25,2964.97,"3,004.13","3,123.03","2,947.94",35.23B,-7.63%,-0.07937598501103606
2015-08-26,2927.29,"2,980.79","3,092.04","2,850.71",46.67B,-1.27%,-0.012789833998954572
2015-08-27,3083.59,"2,978.03","3,085.42","2,906.49",40.03B,5.34%,0.05201742227923937
2015-08-28,3232.35,"3,125.26","3,235.84","3,102.95",44.31B,4.82%,0.047114924239952075
2015-08-31,3205.99,"3,203.56","3,207.86","3,109.16",39.74B,-0.82%,-0.008188491843987074
2015-09-01,3166.62,"3,157.83","3,180.33","3,053.74",43.24B,-1.23%,-0.012356162043213987
2015-09-02,3160.17,"3,027.68","3,194.48","3,019.09",43.82B,-0.20%,-0.0020389493675485363
2015-09-07,3080.42,"3,149.38","3,217.58","3,066.30",29.65B,-2.52%,-0.025559872294972086
2015-09-08,3170.45,"3,054.44","3,174.71","3,011.12",25.54B,2.92%,0.028807582325203952
2015-09-09,3243.09,"3,182.55","3,256.74","3,165.70",37.53B,2.29%,0.022653045371130043
2015-09-10,3197.89,"3,190.55","3,243.28","3,178.90",27.33B,-1.39%,-0.01403536169912694
2015-09-11,3200.23,"3,189.48","3,223.76","3,163.45",22.46B,0.07%,0.0007314649004185527
2015-09-14,3114.8,"3,221.17","3,229.48","3,049.23",34.66B,-2.67%,-0.027057737502102743
2015-09-15,3005.17,"3,043.80","3,081.70","2,983.92",24.92B,-3.52%,-0.03583080595431203
2015-09-16,3152.26,"2,998.04","3,182.93","2,983.54",27.75B,4.89%,0.0477855171370045
2015-09-17,3086.06,"3,131.98","3,204.70","3,085.31",31.76B,-2.10%,-0.02122445950722344
2015-09-18,3097.92,"3,100.28","3,122.05","3,070.34",20.92B,0.38%,0.0038357221534067033
2015-09-21,3156.54,"3,072.09","3,159.88","3,060.86",23.99B,1.89%,0.018745572459264292
2015-09-22,3185.62,"3,161.32","3,213.48","3,152.48",27.48B,0.92%,0.00917044155138733
2015-09-23,3115.89,"3,137.72","3,164.04","3,104.74",23.63B,-2.19%,-0.02213210684364413
2015-09-24,3142.69,"3,126.49","3,151.16","3,109.69",21.29B,0.86%,0.008564295354040574
2015-09-25,3092.35,"3,130.85","3,149.95","3,063.00",23.63B,-1.60%,-0.016147801408731413
2015-09-28,3100.76,"3,085.57","3,103.07","3,042.31",15.67B,0.27%,0.0027159230724186642
2015-09-29,3038.14,"3,055.22","3,068.30","3,021.16",16.32B,-2.02%,-0.02040175667320155
2015-09-30,3052.78,"3,052.84","3,073.30","3,039.74",14.66B,0.48%,0.004807164826583373
2015-10-08,3143.36,"3,156.07","3,172.28","3,133.13",23.43B,2.97%,0.029239640616681113
2015-10-09,3183.15,"3,146.64","3,192.72","3,137.79",23.49B,1.27%,0.012578981038663624
2015-10-12,3287.66,"3,193.54","3,318.71","3,188.41",38.63B,3.28%,0.03230479297806533
2015-10-13,3293.23,"3,262.16","3,298.63","3,253.25",29.72B,0.17%,0.001692780560098245
2015-10-14,3262.44,"3,280.02","3,307.32","3,256.25",29.51B,-0.93%,-0.009393464406093751
2015-10-15,3338.07,"3,255.03","3,338.30","3,254.39",31.63B,2.32%,0.022917413985763923
2015-10-16,3391.35,"3,358.30","3,393.02","3,334.85",39.55B,1.60%,0.015835276547432733
2015-10-19,3386.7,"3,401.63","3,423.40","3,355.57",37.81B,-0.14%,-0.00137207625482406
2015-10-20,3425.33,"3,377.55","3,425.52","3,357.86",31.90B,1.14%,0.011341821484279863
2015-10-21,3320.68,"3,428.56","3,447.26","3,265.44",45.85B,-3.06%,-0.031028236204852764
2015-10-22,3368.74,"3,292.29","3,373.78","3,282.99",32.37B,1.45%,0.014369205977751875
2015-10-23,3412.43,"3,377.55","3,422.02","3,360.22",34.74B,1.30%,0.012885860269521458
2015-10-26,3429.58,"3,448.65","3,457.52","3,402.00",36.56B,0.50%,0.005013157220593864
2015-10-27,3434.34,"3,409.14","3,441.57","3,332.62",32.82B,0.14%,0.001386962774348806
2015-10-28,3375.2,"3,417.01","3,439.76","3,367.23",29.35B,-1.72%,-0.01737018564712534
2015-10-29,3387.32,"3,387.77","3,411.71","3,362.51",23.57B,0.36%,0.0035844664346667337
2015-10-30,3382.56,"3,380.28","3,417.20","3,346.59",24.36B,-0.14%,-0.0014062289979735413
2015-11-02,3325.08,"3,337.58","3,391.06","3,322.31",23.10B,-1.70%,-0.01713908529593232
2015-11-03,3316.7,"3,330.32","3,346.27","3,302.18",19.29B,-0.25%,-0.0025234212656080755
2015-11-04,3459.64,"3,325.62","3,459.65","3,325.62",33.91B,4.31%,0.04219422471052805
2015-11-05,3522.82,"3,459.22","3,585.66","3,455.53",55.33B,1.83%,0.018097267821525237
2015-11-06,3590.03,"3,514.44","3,596.38","3,508.83",42.92B,1.91%,0.018898753776035275
2015-11-09,3646.88,"3,588.50","3,673.76","3,588.50",50.30B,1.58%,0.015711448517457705
2015-11-10,3640.49,"3,617.40","3,669.53","3,607.89",42.97B,-0.18%,-0.0017537195552636928
2015-11-11,3650.25,"3,635.00","3,654.88","3,605.62",36.10B,0.27%,0.0026773704261096078
2015-11-12,3632.9,"3,656.82","3,659.31","3,603.23",36.17B,-0.48%,-0.004764431000355377
2015-11-13,3580.84,"3,600.76","3,632.56","3,564.81",34.59B,-1.43%,-0.014433817637989196
2015-11-16,3606.96,"3,522.46","3,607.61","3,519.42",27.62B,0.73%,0.0072679025506197864
2015-11-17,3604.8,"3,629.98","3,678.27","3,598.07",38.36B,-0.06%,-0.0005990216159685552
2015-11-18,3568.47,"3,605.06","3,617.07","3,558.70",29.76B,-1.01%,-0.010129358195848988
2015-11-19,3617.06,"3,573.78","3,618.21","3,561.04",24.79B,1.36%,0.01352460866525448
2015-11-20,3630.5,"3,620.79","3,640.53","3,607.92",31.08B,0.37%,0.003708838672915815
2015-11-23,3610.31,"3,630.87","3,654.75","3,598.87",31.60B,-0.56%,-0.005576738604036219
2015-11-24,3616.11,"3,602.89","3,616.48","3,563.10",24.88B,0.16%,0.0016052211870945033
2015-11-25,3647.93,"3,614.07","3,648.37","3,607.52",27.30B,0.88%,0.008761021010267335
2015-11-26,3635.55,"3,659.57","3,668.38","3,629.86",30.68B,-0.34%,-0.0033994771516902313
2015-11-27,3436.3,"3,616.54","3,621.90","3,412.43",35.43B,-5.48%,-0.05636509514261684
2015-11-30,3445.4,"3,433.86","3,470.37","3,327.81",30.42B,0.26%,0.0026446968929486497
2015-12-01,3456.31,"3,442.44","3,483.41","3,417.55",25.24B,0.32%,0.0031615379630300948
2015-12-02,3536.91,"3,450.28","3,538.85","3,427.66",30.15B,2.33%,0.023051918613823927
2015-12-03,3584.82,"3,525.73","3,591.73","3,517.23",28.11B,1.35%,0.013454798979052666
2015-12-04,3524.99,"3,558.15","3,568.97","3,510.41",25.17B,-1.67%,-0.01683066420526315
2015-12-07,3536.93,"3,529.81","3,543.95","3,506.62",20.83B,0.34%,0.0033815198635784535
2015-12-08,3470.07,"3,518.65","3,518.65","3,466.79",22.44B,-1.89%,-0.01908435257839353
2015-12-09,3472.44,"3,462.58","3,495.70","3,454.88",19.57B,0.07%,0.0006827502134138568
2015-12-10,3455.5,"3,469.81","3,503.65","3,446.27",20.04B,-0.49%,-0.004890352330062194
2015-12-11,3434.58,"3,441.60","3,455.55","3,410.92",18.29B,-0.61%,-0.0060725170930339975
2015-12-14,3520.67,"3,403.51","3,521.78","3,399.28",21.54B,2.51%,0.024756664950286115
2015-12-15,3510.35,"3,518.13","3,529.96","3,496.85",20.05B,-0.29%,-0.002935564800294714
2015-12-16,3516.19,"3,522.09","3,538.69","3,506.29",19.35B,0.17%,0.001662269436942905
2015-12-17,3580.0,"3,533.63","3,583.41","3,533.63",28.39B,1.81%,0.017984783369396806
2015-12-18,3578.96,"3,574.94","3,614.70","3,568.16",27.37B,-0.03%,-0.00029054499740638356
2015-12-21,3642.47,"3,568.58","3,651.06","3,565.75",29.98B,1.77%,0.017589767536524692
2015-12-22,3651.77,"3,645.99","3,652.63","3,616.87",26.12B,0.26%,0.0025499586082369783
2015-12-23,3636.09,"3,653.28","3,684.57","3,633.03",29.82B,-0.43%,-0.004303053075821836
2015-12-24,3612.49,"3,631.31","3,640.22","3,572.28",22.78B,-0.65%,-0.006511643215513391
2015-12-25,3627.91,"3,614.05","3,635.26","3,601.74",19.85B,0.43%,0.004259439620331653
2015-12-28,3533.78,"3,635.77","3,641.59","3,533.78",27.00B,-2.59%,-0.0262886053344239
2015-12-29,3563.74,"3,528.40","3,564.17","3,515.52",18.26B,0.85%,0.008442435653300032
2015-12-30,3572.88,"3,566.73","3,573.68","3,538.11",18.79B,0.26%,0.0025614380469376826
2015-12-31,3539.18,"3,570.47","3,580.60","3,538.35",17.70B,-0.94%,-0.009476931359492523
2016-01-04,3296.26,"3,536.59","3,538.69","3,295.74",18.44B,-6.86%,-0.07110656946405025
2016-01-05,3287.71,"3,196.65","3,328.14","3,189.60",26.69B,-0.26%,-0.0025972186404859708
2016-01-06,3361.84,"3,291.19","3,362.97","3,288.93",23.89B,2.25%,0.022297169343394232
2016-01-07,3125.0,"3,309.66","3,309.66","3,115.89",7.06B,-7.04%,-0.07305415994577527
2016-01-08,3186.41,"3,194.63","3,235.45","3,056.88",28.64B,1.97%,0.019460608029944235
2016-01-11,3016.7,"3,131.85","3,166.22","3,016.70",27.16B,-5.33%,-0.05473137251187482
2016-01-12,3022.86,"3,026.16","3,047.66","2,978.46",20.77B,0.20%,0.00203988440748865
2016-01-13,2949.6,"3,041.11","3,059.01","2,949.29",19.43B,-2.42%,-0.024533835176125132
2016-01-14,3007.65,"2,874.05","3,012.29","2,867.55",21.29B,1.97%,0.01948947499688784
2016-01-15,2900.97,"2,988.05","3,001.71","2,883.87",19.87B,-3.55%,-0.03611387911052383
2016-01-18,2913.84,"2,847.54","2,945.45","2,844.70",16.47B,0.44%,0.004426635097530674
2016-01-19,3007.74,"2,914.41","3,012.07","2,906.40",20.53B,3.22%,0.031717167259866966
2016-01-20,2976.69,"2,993.01","3,016.28","2,951.92",21.65B,-1.03%,-0.010377021246183608
2016-01-21,2880.48,"2,934.39","2,998.79","2,880.08",19.17B,-3.23%,-0.032854998008200534
2016-01-22,2916.56,"2,911.11","2,931.36","2,851.73",15.98B,1.25%,0.012447892676915557
2016-01-25,2938.51,"2,934.08","2,955.78","2,911.83",15.30B,0.75%,0.007497810557504851
2016-01-26,2749.79,"2,907.72","2,911.99","2,743.84",21.08B,-6.42%,-0.06637810503533043
2016-01-27,2735.56,"2,756.08","2,768.77","2,638.30",21.57B,-0.52%,-0.005188377012127533
2016-01-28,2655.66,"2,711.16","2,740.54","2,647.49",17.11B,-2.92%,-0.029642956742384843
2016-01-29,2737.6,"2,652.85","2,755.37","2,649.79",18.67B,3.09%,0.030388412784039
2016-02-01,2688.85,"2,730.98","2,735.26","2,655.62",15.64B,-1.78%,-0.01796803124387545
2016-02-02,2749.57,"2,687.98","2,755.16","2,687.98",15.81B,2.26%,0.022330942904132012
2016-02-03,2739.25,"2,719.57","2,746.07","2,696.88",14.84B,-0.38%,-0.0037603755126828053
2016-02-04,2781.02,"2,751.43","2,793.30","2,751.31",17.04B,1.52%,0.01513360658027949
2016-02-05,2763.49,"2,783.08","2,790.06","2,762.16",14.12B,-0.63%,-0.006323393198613645
2016-02-15,2746.2,"2,684.96","2,760.36","2,682.09",12.93B,-0.63%,-0.006276235779517181
2016-02-16,2836.57,"2,758.58","2,840.62","2,758.58",19.60B,3.29%,0.032377437875189055
2016-02-17,2867.34,"2,829.76","2,868.70","2,824.36",21.69B,1.08%,0.010789194950716958
2016-02-18,2862.89,"2,881.78","2,893.21","2,857.70",21.92B,-0.16%,-0.0015531665900221773
2016-02-19,2860.02,"2,854.90","2,872.72","2,840.49",16.34B,-0.10%,-0.0010029863270948074
2016-02-22,2927.18,"2,888.60","2,933.96","2,880.35",23.22B,2.35%,0.023210884417327896
2016-02-23,2903.33,"2,925.71","2,928.05","2,872.28",19.97B,-0.81%,-0.008181148141614183
2016-02-24,2928.9,"2,889.88","2,929.87","2,872.27",21.34B,0.88%,0.008768571827581497
2016-02-25,2741.25,"2,922.24","2,922.24","2,729.85",27.03B,-6.41%,-0.06621290516763756
2016-02-26,2767.21,"2,760.06","2,784.75","2,715.87",19.11B,0.95%,0.009425571645534071
2016-02-29,2687.98,"2,754.81","2,755.89","2,638.96",20.74B,-2.86%,-0.02904961023846285
2016-03-01,2733.17,"2,688.38","2,747.56","2,668.76",18.72B,1.68%,0.016672125562037902
2016-03-02,2849.68,"2,733.77","2,852.70","2,732.54",27.10B,4.26%,0.04174459955578471
2016-03-03,2859.76,"2,847.33","2,878.45","2,840.87",28.75B,0.35%,0.0035309979518388874
2016-03-04,2874.15,"2,848.54","2,880.37","2,808.85",31.25B,0.50%,0.005019273134986771
2016-03-07,2897.34,"2,886.64","2,911.84","2,871.35",21.75B,0.81%,0.00803609632815172
2016-03-08,2901.39,"2,895.67","2,902.62","2,802.56",23.35B,0.14%,0.001396857814912524
2016-03-09,2862.56,"2,839.41","2,863.01","2,811.72",18.34B,-1.34%,-0.013473603145369072
2016-03-10,2804.73,"2,847.57","2,863.18","2,803.48",13.90B,-2.02%,-0.020409051702179853
2016-03-11,2810.31,"2,781.60","2,815.61","2,772.55",12.72B,0.20%,0.001987519888321001
2016-03-14,2859.5,"2,830.08","2,889.82","2,823.03",19.48B,1.75%,0.01735198682771695
2016-03-15,2864.37,"2,853.98","2,865.79","2,819.79",16.34B,0.17%,0.0017016463249972427
2016-03-16,2870.43,"2,858.71","2,881.53","2,854.19",18.65B,0.21%,0.0021134136345090024
2016-03-17,2904.83,"2,875.41","2,921.00","2,857.19",20.03B,1.20%,0.011913024465324972
2016-03-18,2955.15,"2,915.52","2,971.55","2,908.74",31.33B,1.73%,0.017174542192998875
2016-03-21,3018.8,"2,978.46","3,028.32","2,973.76",35.24B,2.15%,0.021309990437512354
2016-03-22,2999.36,"3,001.63","3,019.10","2,988.43",27.04B,-0.64%,-0.006460468852592381
2016-03-23,3009.96,"2,991.17","3,012.56","2,980.86",21.70B,0.35%,0.0035278570599555623
2016-03-24,2960.97,"2,986.80","2,998.15","2,960.54",23.70B,-1.63%,-0.016409872280070865
2016-03-25,2979.43,"2,956.20","2,981.41","2,952.11",17.51B,0.62%,0.0062150896982312515
2016-03-28,2957.82,"2,988.01","3,008.17","2,948.53",20.20B,-0.73%,-0.007279496544023036
2016-03-29,2919.83,"2,956.71","2,962.20","2,905.25",18.30B,-1.28%,-0.012927115102770736
2016-03-30,3000.64,"2,941.22","3,001.11","2,941.22",21.04B,2.77%,0.02730020384181722
2016-03-31,3003.92,"3,009.37","3,023.41","2,992.92",22.04B,0.11%,0.001092503139694105
2016-04-01,3009.53,"2,997.09","3,009.67","2,956.25",20.65B,0.19%,0.0018658180004811772
2016-04-05,3053.07,"3,000.94","3,057.33","2,993.15",25.67B,1.45%,0.014363721367871656
2016-04-06,3050.59,"3,039.74","3,059.79","3,029.00",23.23B,-0.08%,-0.0008126272225107979
2016-04-07,3008.42,"3,058.34","3,062.36","3,007.06",22.09B,-1.38%,-0.013919990534526
2016-04-08,2984.96,"2,988.20","2,996.17","2,960.46",18.79B,-0.78%,-0.007828677580361775
2016-04-11,3033.96,"3,006.91","3,048.98","3,006.91",22.00B,1.64%,0.01628235050403729
2016-04-12,3023.65,"3,031.30","3,036.82","3,001.32",18.27B,-0.34%,-0.003403986045739525
2016-04-13,3066.64,"3,041.36","3,097.16","3,041.36",31.00B,1.42%,0.014117788818834036
2016-04-14,3082.36,"3,080.09","3,086.70","3,056.99",20.82B,0.51%,0.005113037647590604
2016-04-15,3078.12,"3,085.03","3,089.95","3,066.87",18.96B,-0.14%,-0.0013765163329789464
2016-04-18,3033.66,"3,058.46","3,058.46","3,022.97",18.33B,-1.44%,-0.014549209647528481
2016-04-19,3042.82,"3,047.13","3,054.50","3,024.90",15.65B,0.30%,0.0030149056488087914
2016-04-20,2972.58,"3,050.38","3,055.69","2,905.05",28.31B,-2.31%,-0.023354454419571943
2016-04-21,2952.89,"2,954.37","2,990.67","2,943.46",18.94B,-0.66%,-0.006645910779224841
2016-04-22,2959.24,"2,933.03","2,960.21","2,926.78",13.72B,0.22%,0.0021481267975542112
2016-04-25,2946.67,"2,949.97","2,954.09","2,917.02",12.59B,-0.42%,-0.004256759409030886
2016-04-26,2964.7,"2,944.72","2,965.43","2,933.97",11.77B,0.61%,0.006100127689632158
2016-04-27,2953.67,"2,967.19","2,976.02","2,949.43",13.09B,-0.37%,-0.0037273819549386617
2016-04-28,2945.59,"2,955.74","2,959.51","2,916.37",13.87B,-0.27%,-0.0027393283403812163
2016-04-29,2938.32,"2,935.38","2,950.58","2,930.36",10.93B,-0.25%,-0.00247114714520185
2016-05-03,2992.64,"2,940.39","2,993.53","2,929.81",16.87B,1.85%,0.018317951529769883
2016-05-04,2991.27,"2,983.03","3,004.42","2,978.33",16.54B,-0.05%,-0.0004578945953187014
2016-05-05,2997.84,"2,987.02","2,999.12","2,977.20",14.48B,0.22%,0.00219398295754281
2016-05-06,2913.25,"2,998.40","3,003.59","2,913.04",20.68B,-2.82%,-0.02862273287239081
2016-05-09,2832.11,"2,896.16","2,896.16","2,821.83",18.04B,-2.79%,-0.028247279586176177
2016-05-10,2832.59,"2,822.33","2,845.24","2,820.16",12.08B,0.02%,0.00016947058137194558
2016-05-11,2837.04,"2,843.54","2,857.25","2,818.70",13.58B,0.16%,0.0015697676616626668
2016-05-12,2835.86,"2,812.11","2,839.28","2,781.24",13.63B,-0.04%,-0.00041601297996369017
2016-05-13,2827.11,"2,828.46","2,850.09","2,814.11",11.43B,-0.31%,-0.003090253687834552
2016-05-16,2850.86,"2,816.78","2,851.23","2,804.99",11.47B,0.84%,0.008365714687530348
2016-05-17,2843.68,"2,850.93","2,860.32","2,832.46",12.34B,-0.25%,-0.0025217151182816773
2016-05-18,2807.51,"2,828.18","2,828.26","2,781.42",14.05B,-1.27%,-0.012801018517626236
2016-05-19,2806.91,"2,802.31","2,829.40","2,801.55",11.16B,-0.02%,-0.00021373534658417442
2016-05-20,2825.48,"2,792.89","2,825.95","2,785.08",10.87B,0.66%,0.006594027504170081
2016-05-23,2843.64,"2,826.31","2,848.07","2,826.26",12.05B,0.64%,0.00640665998079643
2016-05-24,2821.67,"2,839.68","2,839.70","2,807.19",11.15B,-0.77%,-0.007756013399100955
2016-05-25,2815.09,"2,835.03","2,843.16","2,807.75",10.35B,-0.23%,-0.0023346755898089127
2016-05-26,2822.44,"2,813.54","2,827.09","2,780.76",11.48B,0.26%,0.0026075264041188154
2016-05-27,2821.05,"2,817.97","2,832.80","2,809.80",10.98B,-0.05%,-0.0004926029914495377
2016-05-30,2822.45,"2,814.65","2,830.97","2,794.66",10.63B,0.05%,0.0004961460188601172
2016-05-31,2916.62,"2,822.59","2,917.14","2,822.59",21.53B,3.34%,0.03282010948049198
2016-06-01,2913.51,"2,917.15","2,929.08","2,909.51",18.84B,-0.11%,-0.0010668716803868966
2016-06-02,2925.23,"2,911.22","2,925.67","2,906.52",15.97B,0.40%,0.004014570178055977
2016-06-03,2938.68,"2,929.79","2,945.52","2,915.18",17.20B,0.46%,0.004587390866156502
2016-06-06,2934.1,"2,940.99","2,945.94","2,922.28",14.20B,-0.16%,-0.0015597386343478908
2016-06-07,2936.04,"2,936.28","2,938.44","2,923.50",13.30B,0.07%,0.0006609723347755697
2016-06-08,2927.16,"2,932.38","2,937.99","2,908.37",14.30B,-0.30%,-0.003029064943946113
2016-06-13,2833.07,"2,897.27","2,911.16","2,832.51",16.93B,-3.21%,-0.032671740361327285
2016-06-14,2842.19,"2,824.23","2,843.46","2,822.06",11.98B,0.32%,0.0032139524358042017
2016-06-15,2887.21,"2,814.69","2,894.26","2,811.78",16.67B,1.58%,0.015715756135561542
2016-06-16,2872.82,"2,878.40","2,887.74","2,865.39",17.39B,-0.50%,-0.004996512149187915
2016-06-17,2885.11,"2,873.01","2,900.30","2,872.18",17.15B,0.43%,0.00426890172819676
2016-06-20,2888.81,"2,887.64","2,891.66","2,864.02",13.66B,0.13%,0.0012816251373267357
2016-06-21,2878.56,"2,898.38","2,919.30","2,869.18",16.44B,-0.35%,-0.0035544835139209112
2016-06-22,2905.55,"2,872.73","2,905.98","2,869.51",13.06B,0.94%,0.009332532020823243
2016-06-23,2891.96,"2,902.40","2,904.11","2,878.66",13.61B,-0.47%,-0.004688228184774579
2016-06-24,2854.29,"2,883.76","2,899.57","2,807.60",19.08B,-1.30%,-0.01311134727675259
2016-06-27,2895.7,"2,840.56","2,895.73","2,840.28",15.67B,1.45%,0.014403752331845572
2016-06-28,2912.56,"2,885.01","2,913.58","2,878.82",17.39B,0.58%,0.005805541540679294
2016-06-29,2931.59,"2,918.53","2,934.00","2,915.06",19.32B,0.65%,0.006512518419183936
2016-06-30,2929.61,"2,931.48","2,938.14","2,922.31",15.45B,-0.07%,-0.0006756295896124834
2016-07-01,2932.48,"2,931.80","2,944.99","2,925.81",14.12B,0.10%,0.0009791730353195108
2016-07-04,2988.6,"2,924.29","2,992.50","2,922.52",22.20B,1.91%,0.01895656892227129
2016-07-05,3006.39,"2,991.75","3,010.28","2,990.64",23.52B,0.60%,0.0059349731090159496
2016-07-06,3017.29,"2,998.52","3,017.65","2,984.83",21.24B,0.36%,0.00361905409880372
2016-07-07,3016.85,"3,009.35","3,024.11","2,994.64",22.27B,-0.01%,-0.00014583685522048044
2016-07-08,2988.09,"3,000.33","3,001.55","2,983.88",16.90B,-0.95%,-0.009578853378868879
2016-07-11,2994.92,"2,993.75","3,022.94","2,990.91",22.43B,0.23%,0.002283132726467831
2016-07-12,3049.38,"2,992.52","3,049.68","2,984.42",25.95B,1.82%,0.018020771241528805
2016-07-13,3060.69,"3,049.51","3,069.05","3,048.20",25.37B,0.37%,0.0037020894743920243
2016-07-14,3054.02,"3,054.97","3,057.05","3,036.52",18.02B,-0.22%,-0.00218162517780308
2016-07-15,3054.3,"3,056.68","3,062.68","3,044.54",17.29B,0.01%,9.16782356512281e-05
2016-07-18,3043.56,"3,047.64","3,058.32","3,031.64",17.75B,-0.35%,-0.0035225508967029373
2016-07-19,3036.6,"3,040.23","3,043.60","3,014.29",15.54B,-0.23%,-0.0022894144364695485
2016-07-20,3027.9,"3,034.71","3,043.00","3,022.63",13.82B,-0.29%,-0.002869158535163792
2016-07-21,3039.01,"3,027.60","3,053.33","3,027.37",16.38B,0.37%,0.003662494554559723
2016-07-22,3012.82,"3,038.12","3,039.27","3,007.46",16.20B,-0.86%,-0.008655287243559321
2016-07-25,3015.83,"3,008.09","3,027.12","3,003.29",14.42B,0.10%,0.0009985652675519644
2016-07-26,3050.17,"3,014.04","3,050.61","3,013.80",15.67B,1.14%,0.011322244261611264
2016-07-27,2992.0,"3,050.37","3,057.42","2,939.23",28.02B,-1.91%,-0.019255266658719305
2016-07-28,2994.32,"2,980.50","3,003.36","2,968.18",19.06B,0.08%,0.0007751006014215291
2016-07-29,2979.34,"2,992.54","3,000.05","2,972.92",15.01B,-0.50%,-0.005015361235950504
2016-08-01,2953.39,"2,971.95","2,972.88","2,931.96",14.74B,-0.87%,-0.008748136353980524
2016-08-02,2971.28,"2,950.08","2,971.28","2,946.64",11.55B,0.61%,0.00603917327819612
2016-08-03,2978.46,"2,963.21","2,981.16","2,956.79",14.11B,0.24%,0.002413552015863067
2016-08-04,2982.43,"2,976.41","2,982.86","2,958.93",13.39B,0.13%,0.001332016053638461
2016-08-05,2976.7,"2,978.78","2,991.68","2,971.56",14.19B,-0.19%,-0.0019231001055337843
2016-08-08,3004.28,"2,972.62","3,004.72","2,959.05",15.57B,0.93%,0.009222634246902998
2016-08-09,3025.68,"3,001.31","3,025.91","2,998.68",17.00B,0.71%,0.007097920996198263
2016-08-10,3018.75,"3,023.47","3,033.20","3,017.09",16.47B,-0.23%,-0.0022930211902408154
2016-08-11,3002.64,"3,013.68","3,038.05","3,001.17",16.19B,-0.53%,-0.005350936723628618
2016-08-12,3050.67,"3,000.27","3,051.05","2,999.04",16.82B,1.60%,0.015869336930961
2016-08-15,3125.2,"3,056.48","3,137.48","3,053.87",29.76B,2.44%,0.024137042514374114
2016-08-16,3110.04,"3,130.53","3,140.44","3,102.07",27.83B,-0.49%,-0.004862693295686431
2016-08-17,3109.55,"3,106.99","3,114.25","3,090.28",21.38B,-0.02%,-0.00015756665664892912
2016-08-18,3104.11,"3,107.75","3,125.58","3,093.32",22.94B,-0.17%,-0.0017509813507307732
2016-08-19,3108.1,"3,100.39","3,113.34","3,082.77",19.43B,0.13%,0.0012845671825847756
2016-08-22,3084.81,"3,107.38","3,112.74","3,083.59",18.54B,-0.75%,-0.007521539889890817
2016-08-23,3089.71,"3,081.57","3,101.11","3,073.53",16.14B,0.16%,0.00158716824259488
2016-08-24,3085.88,"3,092.02","3,097.15","3,079.55",14.57B,-0.12%,-0.0012403674761573657
2016-08-25,3068.33,"3,073.44","3,073.44","3,041.51",17.40B,-0.57%,-0.005703428246281499
2016-08-26,3070.31,"3,069.85","3,087.65","3,063.89",14.97B,0.06%,0.000645094049712745
2016-08-29,3070.03,"3,068.46","3,074.94","3,058.79",14.45B,-0.01%,-9.120016161764728e-05
2016-08-30,3074.68,"3,071.44","3,082.99","3,065.97",14.04B,0.15%,0.001513497264357663
2016-08-31,3085.49,"3,072.92","3,087.70","3,063.40",14.14B,0.35%,0.0035096470052359014
2016-09-01,3063.31,"3,083.96","3,088.70","3,062.88",15.52B,-0.72%,-0.00721444711242076
2016-09-02,3067.35,"3,057.49","3,072.53","3,050.49",15.04B,0.13%,0.0013179659562922458
2016-09-05,3072.1,"3,070.71","3,085.49","3,065.33",14.50B,0.15%,0.001547370187155197
2016-09-06,3090.71,"3,071.06","3,095.51","3,053.19",17.29B,0.61%,0.006039471139606795
2016-09-07,3091.93,"3,091.33","3,105.68","3,087.88",18.70B,0.04%,0.00039465342178576817
2016-09-08,3095.95,"3,089.95","3,096.78","3,083.90",14.59B,0.13%,0.001299314325925253
2016-09-09,3078.85,"3,095.43","3,101.79","3,078.22",16.07B,-0.55%,-0.0055386550865697175
2016-09-12,3021.98,"3,037.51","3,040.95","2,999.93",20.60B,-1.85%,-0.01864390494473773
2016-09-13,3023.51,"3,025.03","3,029.72","3,008.74",13.54B,0.05%,0.0005061624558689113
2016-09-14,3002.85,"3,008.90","3,017.94","2,995.42",13.34B,-0.68%,-0.006856570447132694
2016-09-19,3026.05,"3,005.32","3,026.65","3,005.32",11.92B,0.77%,0.007696300989273452
2016-09-20,3023.0,"3,027.17","3,027.82","3,015.88",11.89B,-0.10%,-0.0010084228956502668
2016-09-21,3025.87,"3,021.58","3,032.45","3,017.54",11.57B,0.09%,0.0009489376413661784
2016-09-22,3042.31,"3,038.42","3,054.44","3,035.07",13.93B,0.54%,0.005418441846653067
2016-09-23,3033.9,"3,044.79","3,046.80","3,032.80",12.56B,-0.28%,-0.002768174691242982
2016-09-26,2980.43,"3,028.24","3,028.24","2,980.12",14.43B,-1.76%,-0.017781335184336725
2016-09-27,2998.17,"2,974.59","2,998.23","2,969.13",12.17B,0.60%,0.005934517132654013
2016-09-28,2987.86,"3,000.70","3,000.70","2,984.32",10.46B,-0.34%,-0.0034446904525292834
2016-09-29,2998.48,"2,992.17","3,009.20","2,991.91",11.32B,0.36%,0.0035480815126298355
2016-09-30,3004.7,"2,994.25","3,009.20","2,993.06",10.13B,0.21%,0.0020722357903000333
2016-10-10,3048.14,"3,020.46","3,048.24","3,014.62",16.01B,1.45%,0.014353839135283647
2016-10-11,3065.25,"3,051.62","3,066.10","3,048.02",16.73B,0.56%,0.005597563602260319
2016-10-12,3058.5,"3,057.32","3,060.51","3,048.89",14.25B,-0.22%,-0.0022045324298767856
2016-10-13,3061.35,"3,057.97","3,065.00","3,052.64",15.48B,0.09%,0.0009313954446695813
2016-10-14,3063.81,"3,056.99","3,064.79","3,043.18",15.54B,0.08%,0.0008032443666013979
2016-10-17,3041.17,"3,064.69","3,068.81","3,033.75",16.37B,-0.74%,-0.007416929715424141
2016-10-18,3083.88,"3,037.40","3,084.19","3,037.40",18.20B,1.40%,0.013946234641883621
2016-10-19,3084.72,"3,085.75","3,096.22","3,076.77",18.25B,0.03%,0.00027234704963576543
2016-10-20,3084.46,"3,084.91","3,089.68","3,076.29",16.07B,-0.01%,-8.428997051587371e-05
2016-10-21,3090.94,"3,081.39","3,101.85","3,069.27",18.74B,0.21%,0.0020986502504580476
2016-10-24,3128.25,"3,092.05","3,137.03","3,090.79",24.05B,1.21%,0.011998490995235978
2016-10-25,3131.94,"3,127.97","3,132.50","3,121.05",20.34B,0.12%,0.0011788780939074683
2016-10-26,3116.31,"3,129.84","3,129.84","3,110.39",19.17B,-0.50%,-0.005003011275707708
2016-10-27,3112.35,"3,112.60","3,114.76","3,100.39",15.80B,-0.13%,-0.0012715417227943439
2016-10-28,3104.27,"3,111.70","3,128.64","3,101.24",18.18B,-0.26%,-0.002599484784313341
2016-10-31,3100.49,"3,097.19","3,102.30","3,081.07",15.15B,-0.12%,-0.0012184195577692408
2016-11-01,3122.44,"3,101.66","3,122.61","3,097.04",16.02B,0.71%,0.007054583944330114
2016-11-02,3102.73,"3,115.73","3,118.98","3,099.82",18.27B,-0.63%,-0.006332378348732326
2016-11-03,3128.94,"3,096.76","3,140.93","3,094.10",22.30B,0.84%,0.008411919935528651
2016-11-04,3125.32,"3,126.35","3,141.33","3,119.54",19.77B,-0.12%,-0.0011576111016339138
2016-11-07,3133.33,"3,124.89","3,139.20","3,117.10",17.94B,0.26%,0.002559658831652686
2016-11-08,3147.89,"3,140.94","3,156.88","3,134.95",19.08B,0.46%,0.004636050346308225
2016-11-09,3128.37,"3,146.08","3,146.95","3,096.95",24.11B,-0.62%,-0.006220284991016051
2016-11-10,3171.28,"3,148.54","3,172.31","3,148.54",24.42B,1.37%,0.013623189745938314
2016-11-11,3196.04,"3,169.40","3,202.74","3,166.07",31.09B,0.78%,0.007777251591537944
2016-11-14,3210.37,"3,187.71","3,221.46","3,186.80",32.96B,0.45%,0.004473651826692043
2016-11-15,3206.99,"3,209.95","3,214.29","3,195.04",24.09B,-0.11%,-0.0010533927697831016
2016-11-16,3205.06,"3,208.50","3,210.89","3,195.41",22.18B,-0.06%,-0.0006019915809405598
2016-11-17,3208.45,"3,198.50","3,211.05","3,187.21",21.42B,0.11%,0.0010571435347284802
2016-11-18,3192.86,"3,207.19","3,212.39","3,187.50",20.98B,-0.49%,-0.004870887622510504
2016-11-21,3218.15,"3,188.50","3,229.76","3,188.28",23.07B,0.79%,0.007889593428381489
2016-11-22,3248.35,"3,220.98","3,249.68","3,220.98",26.16B,0.94%,0.009340514827746308
2016-11-23,3241.14,"3,247.94","3,262.88","3,231.59",25.00B,-0.22%,-0.002222055343835193
2016-11-24,3241.74,"3,237.43","3,257.86","3,232.87",23.23B,0.02%,0.00018510291775048778
2016-11-25,3261.94,"3,241.24","3,262.44","3,209.60",23.39B,0.62%,0.006211887717620265
2016-11-28,3277.0,"3,270.05","3,288.34","3,267.67",28.16B,0.46%,0.004606259310563974
2016-11-29,3282.92,"3,269.23","3,301.21","3,263.40",32.08B,0.18%,0.001804900549736851
2016-11-30,3250.03,"3,272.14","3,277.27","3,239.52",24.36B,-1.00%,-0.010069043198140861
2016-12-01,3273.31,"3,257.03","3,279.67","3,256.26",23.78B,0.72%,0.0071374782950124165
2016-12-02,3243.84,"3,270.12","3,279.71","3,235.28",25.96B,-0.90%,-0.009043892151388164
2016-12-05,3204.71,"3,203.78","3,219.52","3,194.88",22.30B,-1.21%,-0.012136210552498812
2016-12-06,3199.65,"3,202.03","3,215.31","3,196.52",15.76B,-0.16%,-0.0015801738355995304
2016-12-07,3222.24,"3,198.47","3,222.43","3,189.49",16.91B,0.71%,0.007035341052614538
2016-12-08,3215.37,"3,225.55","3,228.12","3,211.47",17.07B,-0.21%,-0.002134333272116212
2016-12-09,3232.88,"3,209.34","3,244.80","3,207.04",20.40B,0.54%,0.005430944221556635
2016-12-12,3152.97,"3,233.67","3,245.09","3,149.90",27.47B,-2.47%,-0.025028515056055377
2016-12-13,3155.04,"3,138.99","3,162.50","3,118.71",18.52B,0.07%,0.00065630843143965
2016-12-14,3140.53,"3,149.38","3,170.02","3,136.35",20.14B,-0.46%,-0.004609598715556467
2016-12-15,3117.68,"3,125.76","3,138.78","3,100.91",19.00B,-0.73%,-0.007302440007860867
2016-12-16,3122.98,"3,111.51","3,128.87","3,106.35",16.50B,0.17%,0.0016985387039907829
2016-12-19,3118.08,"3,120.70","3,125.28","3,110.08",15.42B,-0.16%,-0.0015702464026357609
2016-12-20,3102.88,"3,115.90","3,117.01","3,084.80",15.74B,-0.49%,-0.004886715313382755
2016-12-21,3137.43,"3,107.24","3,140.25","3,107.24",18.67B,1.11%,0.01107328098624781
2016-12-22,3139.56,"3,132.16","3,143.17","3,126.89",16.78B,0.07%,0.0006786692608256362
2016-12-23,3110.15,"3,134.93","3,138.40","3,103.75",16.62B,-0.94%,-0.009411706173572272
2016-12-26,3122.57,"3,095.58","3,122.88","3,068.41",15.26B,0.40%,0.003985424161370213
2016-12-27,3114.66,"3,117.39","3,127.88","3,113.75",14.15B,-0.25%,-0.002536383696153187
2016-12-28,3102.24,"3,113.77","3,118.78","3,094.55",13.57B,-0.40%,-0.003995565803954028
2016-12-29,3096.1,"3,095.84","3,111.80","3,087.34",13.26B,-0.20%,-0.0019811762531005608
2016-12-30,3103.64,"3,097.35","3,108.84","3,089.99",13.33B,0.24%,0.002432361265943153
2017-01-03,3135.92,"3,105.31","3,136.46","3,105.31",14.16B,1.04%,0.010346975745288672
2017-01-04,3158.79,"3,133.79","3,160.10","3,130.11",16.79B,0.73%,0.007266450918439817
2017-01-05,3165.41,"3,157.91","3,168.50","3,154.28",17.47B,0.21%,0.0020935461933269946
2017-01-06,3154.32,"3,163.78","3,172.03","3,153.03",18.37B,-0.35%,-0.003509647210730325
2017-01-09,3171.24,"3,148.53","3,173.14","3,147.74",17.17B,0.54%,0.005349736735951768
2017-01-10,3161.67,"3,167.57","3,174.58","3,157.33",17.98B,-0.30%,-0.0030223095811078705
2017-01-11,3136.75,"3,156.69","3,167.03","3,136.27",17.84B,-0.79%,-0.00791313695689723
2017-01-12,3119.29,"3,133.60","3,144.97","3,115.98",14.89B,-0.56%,-0.005581820235484377
2017-01-13,3112.76,"3,116.08","3,130.51","3,102.16",15.63B,-0.21%,-0.002095619383597079
2017-01-16,3103.43,"3,104.49","3,105.14","3,044.29",25.79B,-0.30%,-0.0030018410010280326
2017-01-17,3108.77,"3,087.03","3,108.91","3,072.34",13.62B,0.17%,0.0017191981311809022
2017-01-18,3113.01,"3,104.77","3,123.72","3,098.59",13.18B,0.14%,0.0013629542209361285
2017-01-19,3101.3,"3,104.97","3,115.78","3,094.01",12.39B,-0.38%,-0.0037687253645348456
2017-01-20,3123.14,"3,095.82","3,125.66","3,095.21",12.24B,0.70%,0.0070175275613831075
2017-01-23,3136.77,"3,125.42","3,145.84","3,125.42",13.27B,0.44%,0.00435470207695931
2017-01-24,3142.55,"3,134.59","3,149.53","3,131.22",12.60B,0.18%,0.0018409641911672587
2017-01-25,3149.55,"3,137.65","3,151.47","3,133.19",11.21B,0.22%,0.002225013234976847
2017-01-26,3159.17,"3,149.22","3,163.10","3,148.91",11.39B,0.31%,0.003049749380627816
2017-02-03,3140.17,"3,160.08","3,162.68","3,136.01",9.22B,-0.60%,-0.006032396288232209
2017-02-06,3156.98,"3,143.09","3,158.84","3,135.39",12.72B,0.54%,0.0053389358454745345
2017-02-07,3153.09,"3,154.40","3,159.54","3,140.04",12.83B,-0.12%,-0.001232950028379086
2017-02-08,3166.98,"3,148.09","3,167.45","3,132.03",14.49B,0.44%,0.00439552801271647
2017-02-09,3183.18,"3,164.69","3,186.84","3,162.57",19.16B,0.51%,0.0051022447133304595
2017-02-10,3196.7,"3,183.01","3,205.05","3,182.80",23.93B,0.42%,0.004238330576377639
2017-02-13,3216.84,"3,198.99","3,219.41","3,198.99",22.02B,0.63%,0.006280483539802208
2017-02-14,3217.93,"3,216.14","3,219.40","3,205.29",18.88B,0.03%,0.00033878445085832476
2017-02-15,3212.99,"3,215.46","3,236.00","3,206.56",24.15B,-0.15%,-0.0015363279193826756
2017-02-16,3229.62,"3,210.36","3,230.28","3,207.79",21.70B,0.52%,0.005162515481959175
2017-02-17,3202.08,"3,227.71","3,238.40","3,199.42",22.62B,-0.85%,-0.008563884607605604
2017-02-20,3239.96,"3,198.96","3,241.46","3,198.96",23.22B,1.18%,0.011760385401839196
2017-02-21,3253.33,"3,242.22","3,254.34","3,239.88",21.17B,0.41%,0.004118103117185383
2017-02-22,3261.22,"3,252.69","3,261.38","3,243.84",20.75B,0.24%,0.002422271333496166
2017-02-23,3251.38,"3,258.83","3,264.08","3,236.35",20.92B,-0.30%,-0.0030218368970387067
2017-02-24,3253.43,"3,246.86","3,253.96","3,233.53",18.64B,0.06%,0.0006303028275595839
2017-02-27,3228.66,"3,249.19","3,251.65","3,224.09",18.26B,-0.76%,-0.007642633955269253
2017-02-28,3241.73,"3,225.97","3,242.68","3,225.97",15.12B,0.40%,0.0040399474456640746
2017-03-01,3246.93,"3,240.07","3,259.98","3,237.87",19.07B,0.16%,0.001602796606144912
2017-03-02,3230.03,"3,250.52","3,256.81","3,228.66",18.12B,-0.52%,-0.005218509409630183
2017-03-03,3218.31,"3,219.20","3,221.16","3,206.61",15.71B,-0.36%,-0.0036350480605101677
2017-03-06,3233.87,"3,217.33","3,234.66","3,215.07",15.61B,0.48%,0.004823185392997974
2017-03-07,3242.41,"3,233.09","3,242.66","3,226.82",16.41B,0.26%,0.0026373180127970378
2017-03-08,3240.66,"3,240.53","3,245.30","3,230.61",16.07B,-0.05%,-0.0005398676992548321
2017-03-09,3216.75,"3,233.70","3,233.87","3,205.28",16.74B,-0.74%,-0.007405479680196931
2017-03-10,3212.76,"3,213.73","3,222.32","3,208.45",13.67B,-0.12%,-0.0012411522844516221
2017-03-13,3237.02,"3,209.45","3,237.12","3,193.16",16.37B,0.76%,0.007522772686904751
2017-03-14,3239.33,"3,235.25","3,246.33","3,231.52",14.69B,0.07%,0.0007133648113400188
2017-03-15,3241.76,"3,235.40","3,243.71","3,227.74",14.41B,0.08%,0.0007498738989485359
2017-03-16,3268.94,"3,247.16","3,269.77","3,247.16",18.94B,0.84%,0.008349381141158718
2017-03-17,3237.45,"3,271.87","3,274.19","3,232.28",20.06B,-0.96%,-0.009679790445910842
2017-03-20,3250.81,"3,241.11","3,251.13","3,228.12",17.05B,0.41%,0.004118213167096118
2017-03-21,3261.61,"3,250.25","3,262.22","3,246.70",16.27B,0.33%,0.0033167424400455574
2017-03-22,3245.22,"3,246.22","3,255.78","3,229.13",18.97B,-0.50%,-0.005037794029957293
2017-03-23,3248.55,"3,245.81","3,262.09","3,221.93",19.30B,0.10%,0.001025598471115983
2017-03-24,3269.45,"3,247.35","3,275.21","3,241.12",21.98B,0.64%,0.006413032104768939
2017-03-27,3266.96,"3,268.92","3,283.24","3,262.12",20.19B,-0.08%,-0.0007618861486496281
2017-03-28,3252.95,"3,265.63","3,265.63","3,246.09",16.17B,-0.43%,-0.004297611949581574
2017-03-29,3241.31,"3,252.87","3,262.10","3,233.28",21.61B,-0.36%,-0.003584707869602922
2017-03-30,3210.24,"3,235.14","3,240.02","3,195.85",24.71B,-0.96%,-0.00963186837398736
2017-03-31,3222.51,"3,206.25","3,226.25","3,205.54",19.64B,0.38%,0.003814858304950817
2017-04-05,3270.31,"3,235.66","3,270.65","3,233.24",24.83B,1.48%,0.014724222631900647
2017-04-06,3281.0,"3,272.19","3,286.67","3,265.76",24.53B,0.33%,0.0032634723399130087
2017-04-07,3286.62,"3,280.62","3,295.19","3,275.05",23.61B,0.17%,0.0017114270837045578
2017-04-10,3269.39,"3,285.46","3,285.46","3,265.01",23.27B,-0.52%,-0.00525625789757482
2017-04-11,3288.97,"3,266.22","3,290.39","3,244.40",28.13B,0.60%,0.005971022686757015
2017-04-12,3273.83,"3,283.84","3,284.93","3,262.28",26.94B,-0.46%,-0.004613892502698677
2017-04-13,3275.96,"3,265.22","3,281.14","3,261.49",20.73B,0.07%,0.0006504025549175471
2017-04-14,3246.07,"3,276.14","3,276.71","3,238.90",21.45B,-0.91%,-0.00916592204111128
2017-04-17,3222.17,"3,229.95","3,229.95","3,199.91",21.27B,-0.74%,-0.00738998824058912
2017-04-18,3196.71,"3,215.40","3,225.05","3,196.49",18.87B,-0.79%,-0.007932889699732989
2017-04-19,3170.69,"3,184.67","3,189.44","3,147.07",21.32B,-0.81%,-0.008172926104028503
2017-04-20,3172.1,"3,165.66","3,178.18","3,148.18",19.09B,0.04%,0.0004445993082622114
2017-04-21,3173.15,"3,170.29","3,180.79","3,158.63",16.48B,0.03%,0.0003309562301199069
2017-04-24,3129.53,"3,164.25","3,164.25","3,111.21",18.63B,-1.37%,-0.01384195182444036
2017-04-25,3134.57,"3,123.89","3,145.27","3,117.45",15.34B,0.16%,0.001609170060362896
2017-04-26,3140.85,"3,132.92","3,152.95","3,131.42",16.99B,0.20%,0.0020014603313852383
2017-04-27,3152.19,"3,131.35","3,155.00","3,097.33",21.18B,0.36%,0.003603985442434694
2017-04-28,3154.66,"3,144.02","3,154.73","3,136.58",16.29B,0.08%,0.000783275367666143
2017-05-02,3143.71,"3,147.23","3,154.78","3,136.54",15.42B,-0.35%,-0.003477093607484734
2017-05-03,3135.35,"3,138.31","3,148.29","3,123.75",16.38B,-0.27%,-0.0026628205303957527
2017-05-04,3127.37,"3,127.11","3,143.82","3,111.39",17.80B,-0.25%,-0.0025484148481131727
2017-05-05,3103.04,"3,114.77","3,117.61","3,092.09",17.62B,-0.78%,-0.007810119614360909
2017-05-08,3078.61,"3,090.07","3,093.45","3,067.69",18.05B,-0.79%,-0.007904079715767948
2017-05-09,3080.53,"3,064.85","3,084.21","3,056.56",13.51B,0.06%,0.0006234636855771633
2017-05-10,3052.78,"3,078.17","3,090.82","3,051.59",16.08B,-0.90%,-0.009049009216166982
2017-05-11,3061.5,"3,036.79","3,063.56","3,016.53",19.13B,0.29%,0.002852341048185404
2017-05-12,3083.51,"3,054.11","3,090.49","3,051.87",15.97B,0.72%,0.00716356657622197
2017-05-15,3090.23,"3,085.93","3,098.91","3,085.93",13.57B,0.22%,0.002176963284470877
2017-05-16,3112.96,"3,082.87","3,113.51","3,060.53",17.38B,0.74%,0.007328520238881631
2017-05-17,3104.44,"3,107.80","3,119.58","3,101.30",16.87B,-0.27%,-0.0027406971831017367
2017-05-18,3090.14,"3,082.33","3,103.44","3,077.96",14.86B,-0.46%,-0.004616947525676165
2017-05-19,3090.63,"3,086.71","3,095.48","3,081.28",12.96B,0.02%,0.0001585562967159373
2017-05-22,3075.68,"3,087.17","3,103.94","3,063.15",15.37B,-0.48%,-0.004848938600971435
2017-05-23,3061.95,"3,069.39","3,084.24","3,050.84",17.83B,-0.45%,-0.004474047116847419
2017-05-24,3064.08,"3,047.57","3,064.81","3,022.30",13.98B,0.07%,0.000695393292502319
2017-05-25,3107.83,"3,055.34","3,114.66","3,052.83",19.14B,1.43%,0.014177372256669672
2017-05-26,3110.06,"3,101.29","3,120.66","3,100.39",15.59B,0.07%,0.0007172851548067617
2017-05-31,3117.18,"3,125.33","3,143.28","3,111.56",15.29B,0.23%,0.002286728342769619
2017-06-01,3102.62,"3,108.42","3,113.52","3,097.68",16.30B,-0.47%,-0.0046818311185896225
2017-06-02,3105.54,"3,094.23","3,110.39","3,081.85",14.25B,0.09%,0.0009406974740755004
2017-06-05,3091.66,"3,102.11","3,105.51","3,084.83",13.26B,-0.45%,-0.004479449818967694
2017-06-06,3102.13,"3,084.54","3,102.86","3,078.79",11.34B,0.34%,0.003380808833544056
2017-06-07,3140.32,"3,101.76","3,140.77","3,098.95",17.32B,1.23%,0.012235733233255336
2017-06-08,3150.33,"3,136.47","3,153.26","3,132.83",15.23B,0.32%,0.0031825036995264894
2017-06-09,3158.4,"3,147.45","3,165.92","3,146.11",16.01B,0.26%,0.002558361001867015
2017-06-12,3139.88,"3,149.53","3,164.95","3,135.31",14.67B,-0.59%,-0.005880987627644262
2017-06-13,3153.74,"3,134.01","3,155.99","3,131.04",12.83B,0.44%,0.004404467510343322
2017-06-14,3130.67,"3,146.75","3,149.17","3,125.35",13.83B,-0.73%,-0.0073420109867147814
2017-06-15,3132.49,"3,125.59","3,137.59","3,117.08",14.70B,0.06%,0.0005811762915932049
2017-06-16,3123.17,"3,126.37","3,134.25","3,117.86",12.97B,-0.30%,-0.002979703786886865
2017-06-19,3144.37,"3,122.16","3,146.77","3,121.78",13.49B,0.68%,0.006765040463340583
2017-06-20,3140.01,"3,148.02","3,150.46","3,134.61",14.12B,-0.14%,-0.0013875674925899115
2017-06-21,3156.21,"3,148.99","3,157.03","3,132.62",13.67B,0.52%,0.005145956065433063
2017-06-22,3147.45,"3,152.24","3,186.98","3,146.64",19.13B,-0.28%,-0.002779339507223078
2017-06-23,3157.87,"3,138.44","3,158.05","3,118.09",15.48B,0.33%,0.003305148504969669
2017-06-26,3185.44,"3,157.00","3,187.89","3,156.98",17.36B,0.87%,0.008692677357703274
2017-06-27,3191.2,"3,183.42","3,193.46","3,172.46",14.82B,0.18%,0.0018065945597103685
2017-06-28,3173.2,"3,183.63","3,193.44","3,170.79",14.65B,-0.56%,-0.005656479163349057
2017-06-29,3188.06,"3,174.98","3,188.77","3,174.28",12.88B,0.47%,0.004672038882317386
2017-06-30,3192.43,"3,176.95","3,193.24","3,171.57",12.15B,0.14%,0.0013698009661658888
2017-07-03,3195.91,"3,192.00","3,196.29","3,177.02",14.03B,0.11%,0.0010894850130779528
2017-07-04,3182.8,"3,192.89","3,193.06","3,174.31",14.11B,-0.41%,-0.004110554786029235
2017-07-05,3207.13,"3,179.22","3,207.31","3,174.71",14.83B,0.76%,0.007615143694985624
2017-07-06,3212.44,"3,203.86","3,215.95","3,188.77",17.58B,0.17%,0.0016543167878900564
2017-07-07,3217.96,"3,203.82","3,219.52","3,195.29",17.67B,0.17%,0.001716845408023304
2017-07-10,3212.63,"3,208.46","3,223.34","3,203.21",19.89B,-0.17%,-0.0016577020834975967
2017-07-11,3203.04,"3,201.52","3,226.91","3,199.22",18.78B,-0.30%,-0.002989557487375231
2017-07-12,3197.54,"3,201.93","3,215.20","3,177.93",18.69B,-0.17%,-0.0017185946753946032
2017-07-13,3218.16,"3,192.36","3,219.27","3,190.34",19.53B,0.64%,0.0064280034914848206
2017-07-14,3222.42,"3,212.03","3,222.98","3,204.85",16.01B,0.13%,0.0013228624196074475
2017-07-17,3176.46,"3,219.79","3,230.35","3,139.50",26.62B,-1.43%,-0.01436526090779734
2017-07-18,3187.57,"3,159.73","3,187.67","3,150.13",19.06B,0.35%,0.003491501858554478
2017-07-19,3230.98,"3,181.40","3,232.94","3,179.73",27.24B,1.36%,0.013526625761433873
2017-07-20,3244.86,"3,227.51","3,246.24","3,225.43",23.21B,0.43%,0.004286709138816172
2017-07-21,3237.98,"3,236.59","3,247.71","3,231.96",20.60B,-0.21%,-0.0021225273438605923
2017-07-24,3250.6,"3,230.90","3,261.10","3,230.07",23.31B,0.39%,0.0038899161028251106
2017-07-25,3243.69,"3,249.14","3,261.65","3,233.14",20.56B,-0.21%,-0.00212802403577702
2017-07-26,3247.67,"3,244.46","3,264.85","3,228.04",21.35B,0.12%,0.0012262455013185357
2017-07-27,3249.78,"3,243.76","3,251.93","3,220.64",22.85B,0.06%,0.0006494855902461546
2017-07-28,3253.24,"3,240.17","3,256.37","3,232.96",18.22B,0.11%,0.0010641210780513296
2017-07-31,3273.03,"3,252.75","3,276.95","3,251.19",24.60B,0.61%,0.006064738559100664
2017-08-01,3292.64,"3,274.37","3,292.64","3,273.50",23.72B,0.60%,0.00597351323222333
2017-08-02,3285.06,"3,288.52","3,305.43","3,282.04",26.67B,-0.23%,-0.002304758002145359
2017-08-03,3272.93,"3,279.99","3,293.37","3,262.16",23.33B,-0.37%,-0.0036993084262503355
2017-08-04,3262.08,"3,269.32","3,287.19","3,261.31",27.59B,-0.33%,-0.0033205794542208998
2017-08-07,3279.46,"3,257.67","3,280.10","3,243.72",23.12B,0.53%,0.005313745966537152
2017-08-08,3281.87,"3,277.19","3,285.48","3,269.66",25.20B,0.07%,0.00073460719347412
2017-08-09,3275.57,"3,277.81","3,277.94","3,263.85",23.56B,-0.19%,-0.0019214821449677264
2017-08-10,3261.75,"3,269.73","3,282.52","3,236.18",24.07B,-0.42%,-0.004228038580808216
2017-08-11,3208.54,"3,237.92","3,245.12","3,200.75",26.30B,-1.63%,-0.016447856148161306
2017-08-14,3237.36,"3,206.04","3,240.05","3,206.04",19.03B,0.90%,0.008942177831837768
2017-08-15,3251.26,"3,235.23","3,263.59","3,235.10",18.23B,0.43%,0.004284430668697165
2017-08-16,3246.45,"3,247.85","3,248.78","3,228.87",17.69B,-0.15%,-0.0014805218695833238
2017-08-17,3268.43,"3,253.85","3,269.14","3,251.46",20.36B,0.68%,0.006747655642863546
2017-08-18,3268.72,"3,253.24","3,275.08","3,248.08",19.11B,0.01%,8.872367933730924e-05
2017-08-21,3286.91,"3,274.58","3,287.52","3,270.48",18.61B,0.56%,0.005549442748311529
2017-08-22,3290.23,"3,287.61","3,293.48","3,274.94",18.65B,0.10%,0.0010095574313395495
2017-08-23,3287.7,"3,283.80","3,299.46","3,274.44",17.98B,-0.08%,-0.0007692389930437725
2017-08-24,3271.51,"3,287.96","3,297.99","3,266.36",16.35B,-0.49%,-0.00493658013051556
2017-08-25,3331.52,"3,271.46","3,331.91","3,271.46",20.58B,1.83%,0.01817700427944759
2017-08-28,3362.65,"3,336.13","3,375.03","3,336.13",25.75B,0.93%,0.009300697294152414
2017-08-29,3365.23,"3,362.06","3,374.59","3,354.46",21.95B,0.08%,0.0007669578311350367
2017-08-30,3363.63,"3,361.82","3,376.65","3,357.08",24.69B,-0.05%,-0.0004755634773659953
2017-08-31,3360.81,"3,361.46","3,367.36","3,340.69",23.44B,-0.08%,-0.0008387316015357838
2017-09-01,3367.12,"3,365.99","3,381.93","3,358.47",28.25B,0.19%,0.001875763228849927
2017-09-04,3379.58,"3,369.72","3,381.40","3,359.13",26.74B,0.37%,0.003693661839453739
2017-09-05,3384.32,"3,377.20","3,390.82","3,371.57",21.66B,0.14%,0.0014015585020253336
2017-09-06,3385.39,"3,372.43","3,391.01","3,364.76",22.91B,0.03%,0.00031611398683557384
2017-09-07,3365.5,"3,383.63","3,387.80","3,363.18",22.11B,-0.59%,-0.005892573439170393
2017-09-08,3365.24,"3,364.43","3,380.89","3,353.69",19.84B,-0.01%,-7.725747841378332e-05
2017-09-11,3376.42,"3,365.35","3,384.81","3,360.05",21.90B,0.33%,0.003316693588450573
2017-09-12,3379.49,"3,381.49","3,391.07","3,370.85",27.29B,0.09%,0.000908833957620177
2017-09-13,3384.15,"3,374.72","3,387.14","3,366.54",19.46B,0.14%,0.001377956466445075
2017-09-14,3371.43,"3,383.47","3,391.64","3,361.33",22.13B,-0.38%,-0.003765780297758049
2017-09-15,3353.62,"3,365.15","3,365.53","3,345.33",21.98B,-0.53%,-0.005296627277768572
2017-09-18,3362.86,"3,352.51","3,371.75","3,352.51",19.03B,0.28%,0.002751442966922384
2017-09-19,3356.84,"3,365.53","3,370.40","3,344.71",19.11B,-0.18%,-0.0017917471347022784
2017-09-20,3366.0,"3,352.18","3,370.10","3,346.54",19.22B,0.27%,0.00272504050918791
2017-09-21,3357.81,"3,364.70","3,377.88","3,356.88",19.74B,-0.24%,-0.0024361200124391417
2017-09-22,3352.53,"3,347.16","3,356.45","3,334.98",17.92B,-0.16%,-0.001573691076655267
2017-09-25,3341.55,"3,344.59","3,350.96","3,334.94",16.96B,-0.33%,-0.0032805134826642784
2017-09-26,3343.58,"3,336.35","3,347.16","3,332.60",13.26B,0.06%,0.0006073180513750981
2017-09-27,3345.27,"3,340.82","3,349.69","3,340.30",14.31B,0.05%,0.000505318563269209
2017-09-28,3339.64,"3,343.84","3,344.60","3,336.18",14.94B,-0.17%,-0.001684391063187777
2017-09-29,3348.94,"3,340.31","3,357.02","3,340.31",14.49B,0.28%,0.002780861107505778
2017-10-09,3374.38,"3,403.25","3,410.17","3,366.97",19.17B,0.76%,0.007567725889379497
2017-10-10,3382.99,"3,373.34","3,384.03","3,358.80",17.94B,0.26%,0.002548330092753276
2017-10-11,3388.28,"3,381.49","3,395.78","3,379.16",18.15B,0.16%,0.00156248416507735
2017-10-12,3386.1,"3,385.53","3,390.20","3,372.53",16.18B,-0.06%,-0.0006436013554747999
2017-10-13,3390.52,"3,384.49","3,395.75","3,383.24",14.00B,0.13%,0.0013044853117886114
2017-10-16,3378.47,"3,393.21","3,400.51","3,374.77",17.43B,-0.36%,-0.0035603576690057216
2017-10-17,3372.04,"3,373.23","3,382.41","3,365.56",12.54B,-0.19%,-0.0019050418248806437
2017-10-18,3381.79,"3,373.53","3,383.23","3,371.92",15.72B,0.29%,0.0028872526472191198
2017-10-19,3370.17,"3,374.64","3,378.74","3,359.63",15.85B,-0.34%,-0.003441966916858128
2017-10-20,3378.65,"3,363.51","3,379.77","3,360.10",12.72B,0.25%,0.0025130332303534833
2017-10-23,3380.7,"3,382.28","3,385.29","3,374.70",13.08B,0.06%,0.0006065672181063395
2017-10-24,3388.25,"3,376.60","3,388.69","3,374.12",13.99B,0.22%,0.002230775269712044
2017-10-25,3396.9,"3,384.86","3,398.30","3,382.03",12.31B,0.26%,0.0025496870919782064
2017-10-26,3407.57,"3,397.52","3,414.24","3,391.45",18.38B,0.31%,0.0031361762916105092
2017-10-27,3416.81,"3,404.50","3,421.10","3,402.11",17.03B,0.27%,0.0027079399583147218
2017-10-30,3390.34,"3,413.87","3,419.73","3,357.28",20.83B,-0.77%,-0.007777155907487971
2017-10-31,3393.34,"3,381.00","3,397.10","3,376.12",15.35B,0.09%,0.0008844757404754468
2017-11-01,3395.91,"3,393.97","3,410.35","3,388.60",18.06B,0.08%,0.0007570792422588738
2017-11-02,3383.31,"3,391.65","3,391.65","3,372.21",16.69B,-0.37%,-0.0037172460869571646
2017-11-03,3371.74,"3,377.74","3,380.57","3,347.36",17.27B,-0.34%,-0.0034255886526861215
2017-11-06,3388.17,"3,369.68","3,389.38","3,356.53",15.46B,0.49%,0.004861021035116184
2017-11-07,3413.57,"3,389.47","3,415.15","3,387.95",19.06B,0.75%,0.007468711850515862
2017-11-08,3415.46,"3,409.15","3,434.49","3,404.88",18.54B,0.06%,0.0005535193280027704
2017-11-09,3427.79,"3,410.67","3,428.77","3,408.62",15.86B,0.36%,0.0036035548438853164
2017-11-10,3432.67,"3,423.18","3,438.79","3,414.33",18.93B,0.14%,0.0014226453686955224
2017-11-13,3447.84,"3,435.18","3,449.16","3,435.08",20.54B,0.44%,0.004409563994753401
2017-11-14,3429.55,"3,446.55","3,450.49","3,419.69",19.65B,-0.53%,-0.005318890776753273
2017-11-15,3402.52,"3,416.21","3,423.75","3,396.38",16.88B,-0.79%,-0.00791272367864263
2017-11-16,3399.25,"3,393.19","3,409.65","3,390.59",15.67B,-0.10%,-0.0009615145034098055
2017-11-17,3382.91,"3,392.68","3,403.29","3,373.30",24.95B,-0.48%,-0.004818533215235817
2017-11-20,3392.4,"3,361.36","3,393.11","3,337.12",17.65B,0.28%,0.002801349666985493
2017-11-21,3410.5,"3,382.36","3,419.80","3,377.60",19.69B,0.53%,0.005321272607229116
2017-11-22,3430.46,"3,417.33","3,442.18","3,404.29",21.36B,0.59%,0.005835454860335865
2017-11-23,3351.92,"3,425.01","3,429.42","3,342.33",21.53B,-2.29%,-0.023161046986390824
2017-11-24,3353.82,"3,340.38","3,360.75","3,328.33",15.96B,0.06%,0.0005666787113264513
2017-11-27,3322.23,"3,346.66","3,347.05","3,315.26",16.64B,-0.94%,-0.009463750503103881
2017-11-28,3333.66,"3,311.23","3,333.80","3,300.78",13.82B,0.34%,0.00343455532944506
2017-11-29,3337.86,"3,335.57","3,343.06","3,305.57",18.38B,0.13%,0.001259083553628609
2017-11-30,3317.19,"3,328.64","3,340.92","3,306.28",15.66B,-0.62%,-0.006211844078129079
2017-12-01,3317.62,"3,315.11","3,324.52","3,302.44",13.92B,0.01%,0.000129619386418492
2017-12-04,3309.62,"3,310.38","3,324.00","3,304.10",14.81B,-0.24%,-0.0024142792130144547
2017-12-05,3303.68,"3,301.69","3,315.74","3,300.51",20.83B,-0.18%,-0.0017963805051506541
2017-12-06,3293.96,"3,291.31","3,296.20","3,254.61",15.16B,-0.29%,-0.0029465102771161623
2017-12-07,3272.05,"3,283.28","3,291.28","3,259.16",13.21B,-0.67%,-0.00667378859354758
2017-12-08,3289.99,"3,264.48","3,297.13","3,258.76",13.32B,0.55%,0.00546782546164438
2017-12-11,3322.2,"3,290.49","3,322.67","3,288.29",13.20B,0.98%,0.009742688815856115
2017-12-12,3280.81,"3,320.31","3,320.31","3,280.33",12.46B,-1.25%,-0.012536870946708066
2017-12-13,3303.04,"3,278.40","3,304.01","3,273.32",11.20B,0.68%,0.006752913410039265
2017-12-14,3292.44,"3,302.93","3,309.53","3,282.57",12.05B,-0.32%,-0.003214325303540771
2017-12-15,3266.14,"3,287.53","3,287.53","3,259.39",13.09B,-0.80%,-0.008020071714074338
2017-12-18,3267.92,"3,268.03","3,280.54","3,254.18",12.07B,0.05%,0.0005448373734041985
2017-12-19,3296.54,"3,266.02","3,296.94","3,266.02",11.51B,0.88%,0.008719736685241893
2017-12-20,3287.61,"3,296.74","3,300.21","3,276.12",13.77B,-0.27%,-0.0027125765590488553
2017-12-21,3300.06,"3,281.12","3,309.22","3,267.40",14.21B,0.38%,0.0037797931051763087
2017-12-22,3297.06,"3,297.69","3,307.33","3,293.44",12.40B,-0.09%,-0.0009094878391759173
2017-12-25,3280.46,"3,296.21","3,312.30","3,270.44",14.69B,-0.50%,-0.005047505820918554
2017-12-26,3306.12,"3,277.84","3,307.30","3,274.33",14.24B,0.78%,0.0077916399155076544
2017-12-27,3275.78,"3,302.46","3,307.08","3,270.35",16.27B,-0.92%,-0.009219287712076798
2017-12-28,3296.38,"3,272.29","3,304.10","3,263.73",17.54B,0.63%,0.006268887995169017
2017-12-29,3307.17,"3,295.25","3,308.22","3,292.77",14.16B,0.33%,0.003267942122827754
2018-01-02,3348.33,"3,314.03","3,349.05","3,314.03",20.23B,1.24%,0.01236887529147087
2018-01-03,3369.11,"3,347.74","3,379.92","3,345.29",21.38B,0.62%,0.006186900451433787
2018-01-04,3385.71,"3,371.00","3,392.83","3,365.30",20.70B,0.49%,0.004915018732619323
2018-01-05,3391.75,"3,386.46","3,402.07","3,380.24",21.31B,0.18%,0.0017823791210946956
2018-01-08,3409.48,"3,391.55","3,412.73","3,384.56",23.62B,0.52%,0.005213774615333567
2018-01-09,3413.9,"3,406.11","3,417.23","3,403.59",19.15B,0.13%,0.0012955457905685084
2018-01-10,3421.83,"3,414.11","3,430.21","3,398.84",20.91B,0.23%,0.002320162896243178
2018-01-11,3425.34,"3,415.59","3,426.48","3,405.64",17.38B,0.10%,0.0010252411748072942
2018-01-12,3428.94,"3,423.88","3,435.42","3,417.98",17.41B,0.11%,0.0010504386546875794
2018-01-15,3410.49,"3,428.95","3,442.50","3,402.31",23.20B,-0.54%,-0.005395199527972943
2018-01-16,3436.59,"3,403.47","3,437.58","3,401.96",21.15B,0.77%,0.007623724686564177
2018-01-17,3444.67,"3,438.58","3,465.20","3,430.51",26.10B,0.24%,0.0023484082024068298
2018-01-18,3474.75,"3,449.88","3,476.55","3,448.79",22.00B,0.87%,0.008694425106810798
2018-01-19,3487.86,"3,481.62","3,498.43","3,474.29",24.75B,0.38%,0.003765833643788423
2018-01-22,3501.36,"3,476.99","3,503.39","3,475.67",21.75B,0.39%,0.0038630968230941093
2018-01-23,3546.5,"3,504.34","3,547.22","3,504.34",23.87B,1.29%,0.01280973721039159
2018-01-24,3559.47,"3,553.48","3,569.49","3,527.11",25.30B,0.37%,0.0036504557162484134
2018-01-25,3548.31,"3,555.17","3,571.48","3,528.03",24.34B,-0.31%,-0.003140223577750681
2018-01-26,3558.13,"3,535.49","3,574.90","3,534.20",22.27B,0.28%,0.002763692158218325
2018-01-29,3523.0,"3,563.64","3,587.03","3,510.27",23.60B,-0.99%,-0.009922226597619915
2018-01-30,3488.01,"3,511.50","3,523.05","3,484.66",18.64B,-0.99%,-0.009981526344000072
2018-01-31,3480.83,"3,470.51","3,495.45","3,454.73",20.73B,-0.21%,-0.0020606019195651888
2018-02-01,3446.98,"3,478.67","3,495.09","3,424.42",26.05B,-0.97%,-0.009772285724433873
2018-02-02,3462.08,"3,419.22","3,463.16","3,388.86",20.81B,0.44%,0.00437107914597011
2018-02-05,3487.5,"3,411.67","3,487.72","3,406.24",21.77B,0.73%,0.007315582630412535
2018-02-06,3370.65,"3,418.01","3,440.12","3,364.22",28.06B,-3.35%,-0.03407954304356993
2018-02-07,3309.26,"3,412.74","3,425.54","3,304.01",26.09B,-1.82%,-0.018381004663995053
2018-02-08,3262.05,"3,281.05","3,307.16","3,225.71",20.13B,-1.43%,-0.014368767338949881
2018-02-09,3129.85,"3,172.85","3,180.11","3,062.74",25.64B,-4.05%,-0.04137075201995021
2018-02-12,3154.13,"3,128.37","3,168.13","3,113.61",15.33B,0.78%,0.007727625111995149
2018-02-13,3184.96,"3,176.11","3,219.22","3,176.11",15.15B,0.98%,0.00972702488254753
2018-02-14,3199.16,"3,188.25","3,203.50","3,171.38",10.03B,0.45%,0.004448545270963583
2018-02-22,3268.56,"3,237.57","3,269.92","3,234.12",13.87B,2.17%,0.02146124560014928
2018-02-23,3289.02,"3,275.43","3,294.13","3,258.49",14.58B,0.63%,0.006240127117402964
2018-02-26,3329.57,"3,307.30","3,335.99","3,281.61",18.86B,1.23%,0.012253518461262117
2018-02-27,3292.07,"3,328.67","3,328.67","3,284.63",17.42B,-1.13%,-0.011326620267082955
2018-02-28,3259.41,"3,264.06","3,277.83","3,239.84",15.10B,-0.99%,-0.009970348853877532
2018-03-01,3273.75,"3,235.09","3,280.15","3,228.58",15.91B,0.44%,0.0043899194354054104
2018-03-02,3254.53,"3,248.45","3,269.94","3,242.27",15.09B,-0.59%,-0.00588824484612709
2018-03-05,3256.93,"3,255.87","3,269.40","3,236.72",14.48B,0.07%,0.0007371618987696873
2018-03-06,3289.64,"3,266.49","3,290.25","3,243.65",19.54B,1.00%,0.00999310240537453
2018-03-07,3271.67,"3,288.86","3,308.41","3,264.76",16.87B,-0.55%,-0.005477578389304923
2018-03-08,3288.41,"3,268.35","3,289.50","3,261.55",14.98B,0.51%,0.0051036073753006625
2018-03-09,3307.17,"3,291.43","3,309.72","3,283.56",16.84B,0.57%,0.005688673502864853
2018-03-12,3326.7,"3,319.21","3,333.56","3,313.56",20.65B,0.59%,0.005887982858480511
2018-03-13,3310.24,"3,324.12","3,333.88","3,307.38",17.71B,-0.49%,-0.00496012733184677
2018-03-14,3291.38,"3,298.67","3,304.98","3,287.36",15.75B,-0.57%,-0.005713764594248003
2018-03-15,3291.11,"3,277.51","3,297.10","3,273.20",14.86B,-0.01%,-8.203582539480872e-05
2018-03-16,3269.88,"3,290.21","3,300.57","3,269.28",14.12B,-0.65%,-0.006471606905558086
2018-03-19,3279.25,"3,264.93","3,280.57","3,251.05",13.80B,0.29%,0.002861450725022896
2018-03-20,3290.64,"3,257.22","3,292.57","3,252.43",13.99B,0.35%,0.003467337021254112
2018-03-21,3280.95,"3,299.73","3,314.21","3,268.88",16.84B,-0.29%,-0.0029490601278505738
2018-03-22,3263.48,"3,281.26","3,288.80","3,242.76",15.04B,-0.53%,-0.0053389039219307165
2018-03-23,3152.76,"3,172.77","3,188.24","3,110.66",27.55B,-3.39%,-0.034515851001661095
2018-03-26,3133.72,"3,117.32","3,134.28","3,091.46",18.64B,-0.60%,-0.0060574624334408505
2018-03-27,3166.65,"3,164.80","3,172.78","3,143.57",18.91B,1.05%,0.010453449517151488
2018-03-28,3122.29,"3,130.57","3,165.21","3,117.53",16.35B,-1.40%,-0.014107539813725466
2018-03-29,3160.53,"3,127.26","3,174.51","3,098.25",17.03B,1.22%,0.012173028101211812
2018-03-30,3168.9,"3,161.79","3,177.72","3,152.89",15.46B,0.26%,0.0026447894609624933
2018-04-02,3163.18,"3,169.78","3,192.34","3,159.99",17.77B,-0.18%,-0.0018066738120407525
2018-04-03,3136.63,"3,130.01","3,144.33","3,119.13",15.22B,-0.84%,-0.008428875534011976
2018-04-04,3131.11,"3,147.05","3,163.34","3,128.87",14.70B,-0.18%,-0.001761400896388484
2018-04-09,3138.29,"3,125.44","3,146.09","3,110.30",13.96B,0.23%,0.002290491319445437
2018-04-10,3190.32,"3,144.26","3,190.65","3,139.08",16.82B,1.66%,0.01644315965322312
2018-04-11,3208.08,"3,197.37","3,220.85","3,191.59",17.59B,0.56%,0.00555140210387375
2018-04-12,3180.16,"3,203.28","3,205.25","3,177.05",14.82B,-0.87%,-0.008741117357426303
2018-04-13,3159.05,"3,192.04","3,197.90","3,155.51",12.76B,-0.66%,-0.0066601605034684284
2018-04-16,3110.65,"3,152.89","3,153.11","3,096.10",15.44B,-1.53%,-0.015439641919847941
2018-04-17,3066.8,"3,112.97","3,118.76","3,064.03",14.72B,-1.41%,-0.014197034865845256
2018-04-18,3091.4,"3,091.91","3,096.89","3,041.62",15.93B,0.80%,0.007989390033478861
2018-04-19,3117.38,"3,094.27","3,127.44","3,090.29",16.01B,0.84%,0.008368842713406446
2018-04-20,3071.54,"3,105.46","3,111.17","3,065.92",15.51B,-1.47%,-0.014813840959485923
2018-04-23,3068.01,"3,063.44","3,085.06","3,045.94",13.17B,-0.11%,-0.0011499215378918965
2018-04-24,3128.93,"3,069.75","3,136.04","3,069.75",16.23B,1.99%,0.01966195011973934
2018-04-25,3117.97,"3,112.40","3,122.91","3,107.00",12.73B,-0.35%,-0.0035089440348289366
2018-04-26,3075.03,"3,119.50","3,121.93","3,067.93",13.40B,-1.38%,-0.013867491728568338
2018-04-27,3082.23,"3,082.41","3,088.03","3,049.91",13.12B,0.23%,0.002338703670697741
2018-05-02,3081.18,"3,087.41","3,097.60","3,064.76",13.42B,-0.03%,-0.00034072048108373283
2018-05-03,3100.86,"3,074.52","3,105.66","3,056.16",14.00B,0.64%,0.006366851874239615
2018-05-04,3091.03,"3,093.12","3,104.09","3,086.78",11.87B,-0.32%,-0.0031751236725310007
2018-05-07,3136.64,"3,094.90","3,136.84","3,091.66",13.89B,1.48%,0.014647794599216274
2018-05-08,3161.5,"3,135.30","3,169.70","3,134.06",14.69B,0.79%,0.007894435217539917
2018-05-09,3159.15,"3,160.14","3,165.37","3,145.66",12.26B,-0.07%,-0.0007435944430659809
2018-05-10,3174.41,"3,169.05","3,176.14","3,155.53",13.30B,0.48%,0.004818784231602636
2018-05-11,3163.26,"3,179.80","3,180.76","3,162.21",13.07B,-0.35%,-0.003518646917209221
2018-05-14,3174.03,"3,167.04","3,183.82","3,163.48",12.93B,0.34%,0.003398932467532254
2018-05-15,3192.12,"3,180.42","3,192.81","3,164.52",12.45B,0.57%,0.00568319901049795
2018-05-16,3169.57,"3,180.23","3,191.95","3,166.81",13.05B,-0.71%,-0.007089340865240431
2018-05-17,3154.28,"3,170.01","3,172.77","3,148.62",11.40B,-0.48%,-0.004835671242910622
2018-05-18,3193.3,"3,151.08","3,193.45","3,144.78",13.65B,1.24%,0.012294604089080357
2018-05-21,3213.84,"3,206.18","3,219.74","3,203.34",16.45B,0.64%,0.0064116190264657475
2018-05-22,3214.35,"3,211.25","3,214.59","3,192.23",14.43B,0.02%,0.00015867608178035897
2018-05-23,3168.96,"3,205.44","3,205.44","3,168.96",15.78B,-1.41%,-0.014221701604262971
2018-05-24,3154.65,"3,167.94","3,173.53","3,152.07",12.41B,-0.45%,-0.004525903535141011
2018-05-25,3141.3,"3,148.41","3,156.73","3,131.07",12.86B,-0.42%,-0.004240827836270794
2018-05-28,3135.08,"3,136.81","3,149.66","3,115.96",12.88B,-0.20%,-0.0019820348787846407
2018-05-29,3120.46,"3,129.62","3,143.21","3,112.15",13.57B,-0.47%,-0.004674265249381352
2018-05-30,3041.44,"3,081.14","3,085.40","3,041.00",15.51B,-2.53%,-0.02564933937551676
2018-05-31,3095.47,"3,061.83","3,098.08","3,054.27",14.05B,1.78%,0.017608664966837242
2018-06-01,3075.14,"3,084.75","3,102.09","3,059.79",12.99B,-0.66%,-0.00658932376516652
2018-06-04,3091.19,"3,083.43","3,098.40","3,076.99",11.46B,0.52%,0.005205701363804142
2018-06-05,3114.21,"3,088.01","3,114.77","3,080.05",11.87B,0.74%,0.007419378476403588
2018-06-06,3115.18,"3,109.17","3,117.53","3,103.53",12.02B,0.03%,0.00031142696406525976
2018-06-07,3109.5,"3,121.18","3,128.72","3,105.58",12.78B,-0.18%,-0.0018249939198432784
2018-06-08,3067.15,"3,100.60","3,100.68","3,053.29",13.47B,-1.36%,-0.01371314989821535
2018-06-11,3052.78,"3,057.34","3,063.61","3,037.91",10.86B,-0.47%,-0.004696140775904872
2018-06-12,3079.8,"3,053.03","3,081.45","3,034.10",11.33B,0.89%,0.00881200892448878
2018-06-13,3049.8,"3,071.46","3,071.46","3,044.12",11.96B,-0.97%,-0.009788645113400614
2018-06-14,3044.16,"3,038.07","3,066.05","3,032.41",11.55B,-0.18%,-0.0018510136628197473
2018-06-15,3021.9,"3,037.45","3,048.80","3,008.73",14.45B,-0.73%,-0.007339228401347006
2018-06-19,2907.82,"2,982.65","2,984.97","2,871.35",23.06B,-3.78%,-0.0384821130909379
2018-06-20,2915.73,"2,889.98","2,925.56","2,872.16",14.43B,0.27%,0.0027165577231901554
2018-06-21,2875.81,"2,912.00","2,940.59","2,872.62",15.44B,-1.37%,-0.013785843568127723
2018-06-22,2889.76,"2,855.58","2,891.97","2,837.14",12.61B,0.49%,0.0048390799944837935
2018-06-25,2859.34,"2,903.45","2,908.62","2,857.87",12.19B,-1.05%,-0.010582624723540537
2018-06-26,2844.51,"2,829.99","2,850.24","2,803.79",12.59B,-0.52%,-0.005200008210953554
2018-06-27,2813.18,"2,842.40","2,854.26","2,798.80",12.94B,-1.10%,-0.01107530467394276
2018-06-28,2786.9,"2,799.90","2,825.99","2,782.45",11.84B,-0.93%,-0.009385649104195825
2018-06-29,2847.42,"2,789.81","2,848.37","2,782.38",12.57B,2.17%,0.02148345414393185
2018-07-02,2775.56,"2,841.58","2,845.68","2,756.82",13.70B,-2.52%,-0.02556079248356074
2018-07-03,2786.89,"2,774.57","2,786.89","2,722.45",14.25B,0.41%,0.004073750116893461
2018-07-04,2759.13,"2,776.63","2,793.18","2,754.16",12.33B,-1.00%,-0.010010866111538641
2018-07-05,2733.88,"2,755.34","2,777.52","2,727.94",12.92B,-0.92%,-0.009193567041545742
2018-07-06,2747.23,"2,731.35","2,768.87","2,691.02",13.63B,0.49%,0.004871285706352872
2018-07-09,2815.11,"2,752.45","2,815.79","2,752.45",12.15B,2.47%,0.024408205893629263
2018-07-10,2827.63,"2,819.71","2,828.49","2,800.63",11.71B,0.44%,0.004437567757976167
2018-07-11,2777.77,"2,780.70","2,794.36","2,752.43",12.68B,-1.76%,-0.017790457434661004
2018-07-12,2837.66,"2,771.04","2,844.19","2,771.04",14.70B,2.16%,0.02133132135493321
2018-07-13,2831.18,"2,831.43","2,835.46","2,818.85",11.77B,-0.23%,-0.002286183001242439
2018-07-16,2814.04,"2,827.08","2,837.51","2,804.49",10.78B,-0.61%,-0.006072412649501699
2018-07-17,2798.13,"2,806.89","2,806.92","2,774.76",10.54B,-0.57%,-0.005669836309876313
2018-07-18,2787.26,"2,801.78","2,818.40","2,786.04",12.10B,-0.39%,-0.0038923024975475173
2018-07-19,2772.55,"2,791.02","2,805.01","2,764.49",11.45B,-0.53%,-0.005291560079953371
2018-07-20,2829.27,"2,769.75","2,837.86","2,753.84",14.59B,2.05%,0.020251253505277213
2018-07-23,2859.54,"2,815.20","2,863.57","2,809.62",17.34B,1.07%,0.010642044884766461
2018-07-24,2905.56,"2,862.27","2,911.46","2,862.27",22.96B,1.61%,0.01596537007533678
2018-07-25,2903.65,"2,911.45","2,912.31","2,894.04",16.78B,-0.07%,-0.0006575765272126406
2018-07-26,2882.23,"2,905.79","2,915.30","2,875.70",16.84B,-0.74%,-0.007404266199522887
2018-07-27,2873.59,"2,879.69","2,889.69","2,864.11",14.64B,-0.30%,-0.003002180919286579
2018-07-30,2869.05,"2,871.94","2,896.01","2,850.30",15.17B,-0.16%,-0.0015811546417160889
2018-07-31,2876.4,"2,866.90","2,884.68","2,854.32",11.89B,0.26%,0.002558547723686177
2018-08-01,2824.53,"2,882.51","2,897.40","2,823.93",14.95B,-1.80%,-0.018197533170516957
2018-08-02,2768.02,"2,815.34","2,815.34","2,726.48",17.42B,-2.00%,-0.02020971591283919
2018-08-03,2740.44,"2,763.40","2,777.66","2,740.43",12.70B,-1.00%,-0.010013771713482054
2018-08-06,2705.16,"2,736.53","2,760.47","2,692.32",12.98B,-1.29%,-0.01295743117745909
2018-08-07,2779.37,"2,711.74","2,779.37","2,696.04",14.96B,2.74%,0.02706322304370632
2018-08-08,2744.07,"2,771.13","2,779.91","2,741.07",14.77B,-1.27%,-0.012782063573270157
2018-08-09,2794.38,"2,729.58","2,801.66","2,726.22",15.17B,1.83%,0.018168037571045983
2018-08-10,2795.31,"2,791.40","2,806.11","2,777.51",12.15B,0.03%,0.00033275548682708375
2018-08-13,2785.87,"2,769.02","2,789.80","2,742.56",12.75B,-0.34%,-0.003382800412132004
2018-08-14,2780.96,"2,780.74","2,789.44","2,766.57",10.96B,-0.18%,-0.001764020555048978
2018-08-15,2723.26,"2,777.25","2,777.70","2,721.24",11.62B,-2.07%,-0.020966499776367872
2018-08-16,2705.19,"2,691.43","2,732.95","2,672.74",12.03B,-0.66%,-0.006657541929205439
2018-08-17,2668.97,"2,723.89","2,730.33","2,665.59",11.24B,-1.34%,-0.013479519933099265
2018-08-20,2698.47,"2,673.07","2,698.47","2,653.11",11.08B,1.11%,0.010992315533020776
2018-08-21,2733.83,"2,700.34","2,739.17","2,696.29",11.36B,1.31%,0.013018610685014996
2018-08-22,2714.61,"2,731.96","2,731.96","2,709.06",9.37B,-0.70%,-0.007055259753470445
2018-08-23,2724.62,"2,714.87","2,736.01","2,700.80",9.84B,0.37%,0.0036806721910060737
2018-08-24,2729.43,"2,717.08","2,748.82","2,705.32",10.05B,0.18%,0.0017638273382266161
2018-08-27,2780.9,"2,736.32","2,780.90","2,736.32",13.28B,1.89%,0.01868182012876949
2018-08-28,2777.98,"2,782.29","2,791.39","2,769.40",11.87B,-0.10%,-0.001050571434737676
2018-08-29,2769.29,"2,774.86","2,778.54","2,762.35",10.02B,-0.31%,-0.0031330752274668396
2018-08-30,2737.74,"2,769.33","2,780.53","2,736.35",10.61B,-1.14%,-0.011458207122125235
2018-08-31,2725.25,"2,730.11","2,744.63","2,710.54",10.98B,-0.46%,-0.004572595506267023
2018-09-03,2720.73,"2,716.40","2,722.85","2,692.36",10.22B,-0.17%,-0.0016599403735849394
2018-09-04,2750.58,"2,720.65","2,756.61","2,712.38",10.90B,1.10%,0.010911571878447436
2018-09-05,2704.34,"2,741.38","2,745.47","2,704.34",10.50B,-1.68%,-0.01695390861007183
2018-09-06,2691.59,"2,697.58","2,719.41","2,683.74",9.90B,-0.47%,-0.004725792858294751
2018-09-07,2702.3,"2,696.68","2,728.55","2,683.72",10.75B,0.40%,0.003971165179437479
2018-09-10,2669.48,"2,698.01","2,703.43","2,667.32",10.36B,-1.21%,-0.012219565351933658
2018-09-11,2664.8,"2,668.49","2,680.57","2,652.70",9.99B,-0.18%,-0.0017546889929976838
2018-09-12,2656.11,"2,659.74","2,672.07","2,647.17",9.00B,-0.33%,-0.003266361478099677
2018-09-13,2686.58,"2,679.21","2,689.06","2,653.19",10.73B,1.15%,0.011406362846375405
2018-09-14,2681.64,"2,688.78","2,694.92","2,675.29",10.00B,-0.18%,-0.0018404616034507228
2018-09-17,2651.79,"2,671.29","2,671.29","2,647.92",8.82B,-1.11%,-0.011193663994242573
2018-09-18,2699.95,"2,644.30","2,700.19","2,644.30",11.58B,1.82%,0.017998370652379705
2018-09-19,2730.85,"2,694.80","2,746.08","2,690.99",14.16B,1.14%,0.011379661726922603
2018-09-20,2729.24,"2,732.17","2,743.96","2,724.08",11.14B,-0.06%,-0.000589733885947488
2018-09-21,2797.48,"2,733.87","2,797.49","2,722.03",15.80B,2.50%,0.02469582977672408
2018-09-25,2781.14,"2,775.07","2,790.03","2,771.16",11.20B,-0.58%,-0.005858096349522707
2018-09-26,2806.81,"2,785.32","2,827.34","2,783.34",13.96B,0.92%,0.009187691577293716
2018-09-27,2791.77,"2,805.79","2,810.51","2,786.32",12.40B,-0.54%,-0.005372803882406895
2018-09-28,2821.35,"2,794.26","2,821.76","2,791.84",13.43B,1.06%,0.010539690519428055
2018-10-08,2716.51,"2,768.21","2,771.94","2,710.18",14.95B,-3.72%,-0.03786752559268494
2018-10-09,2721.01,"2,713.73","2,734.31","2,711.20",11.68B,0.17%,0.001655166703696226
2018-10-10,2725.84,"2,723.72","2,743.55","2,703.06",11.35B,0.18%,0.0017735025807531612
2018-10-11,2583.46,"2,643.07","2,661.29","2,560.32",19.72B,-5.22%,-0.053647051741382096
2018-10-12,2606.91,"2,574.04","2,615.92","2,536.67",17.01B,0.91%,0.009036026162697124
2018-10-15,2568.1,"2,605.91","2,611.97","2,564.74",11.86B,-1.49%,-0.014999286036355818
2018-10-16,2546.33,"2,567.76","2,597.72","2,536.44",11.94B,-0.85%,-0.008513219061121863
2018-10-17,2561.61,"2,574.31","2,582.55","2,517.57",13.00B,0.60%,0.0059828602444240205
2018-10-18,2486.42,"2,544.91","2,544.91","2,485.62",12.54B,-2.94%,-0.02979204214592786
2018-10-19,2550.47,"2,460.08","2,553.39","2,449.20",14.73B,2.58%,0.025433730995252767
2018-10-22,2654.88,"2,565.64","2,675.41","2,565.64",21.19B,4.09%,0.04012180002020357
2018-10-23,2594.83,"2,652.65","2,659.81","2,583.26",17.83B,-2.26%,-0.022878452057704005
2018-10-24,2603.3,"2,579.97","2,640.40","2,577.77",16.01B,0.33%,0.0032588671295641115
2018-10-25,2603.8,"2,540.93","2,606.10","2,531.53",16.20B,0.02%,0.0001920454769590118
2018-10-26,2598.85,"2,610.90","2,626.12","2,580.85",15.89B,-0.19%,-0.0019028769929317505
2018-10-29,2542.1,"2,593.59","2,595.54","2,529.19",13.42B,-2.18%,-0.02207852839165946
2018-10-30,2568.05,"2,538.57","2,586.92","2,521.78",16.67B,1.02%,0.010156344946584834
2018-10-31,2602.78,"2,573.01","2,612.92","2,567.03",18.06B,1.35%,0.013433248533435955
2018-11-01,2606.24,"2,617.03","2,636.80","2,603.65",20.09B,0.13%,0.0013284650505683343
2018-11-02,2676.48,"2,649.25","2,676.48","2,628.87",22.50B,2.70%,0.026593928750864568
2018-11-05,2665.43,"2,665.43","2,673.19","2,639.27",19.38B,-0.41%,-0.004137102931584241
2018-11-06,2659.36,"2,660.72","2,660.86","2,635.32",16.37B,-0.23%,-0.0022799031057750578
2018-11-07,2641.34,"2,659.84","2,675.68","2,639.25",17.32B,-0.68%,-0.006799128197864328
2018-11-08,2635.63,"2,660.09","2,662.37","2,632.30",15.96B,-0.22%,-0.0021641215426762127
2018-11-09,2598.87,"2,621.24","2,621.24","2,598.16",15.24B,-1.39%,-0.014045507429941583
2018-11-12,2630.52,"2,593.20","2,631.17","2,590.21",17.50B,1.22%,0.01210481010691864
2018-11-13,2654.88,"2,600.50","2,666.49","2,597.35",24.93B,0.93%,0.009217910655241203
2018-11-14,2632.24,"2,648.31","2,658.31","2,627.96",23.84B,-0.85%,-0.008564261216072379
2018-11-15,2668.17,"2,632.14","2,668.17","2,631.89",20.78B,1.36%,0.013557649448124032
2018-11-16,2679.11,"2,669.78","2,695.57","2,657.03",24.22B,0.41%,0.004091805652187862
2018-11-19,2703.51,"2,681.90","2,703.51","2,674.18",23.17B,0.91%,0.009066278925323308
2018-11-20,2645.85,"2,684.29","2,690.83","2,643.36",21.59B,-2.13%,-0.02155855399844475
2018-11-21,2651.51,"2,619.82","2,653.80","2,617.78",18.26B,0.21%,0.002136914294599549
2018-11-22,2645.43,"2,655.90","2,658.00","2,634.48",14.93B,-0.23%,-0.002295666052541807
2018-11-23,2579.48,"2,640.67","2,642.04","2,577.35",19.15B,-2.49%,-0.025245794753596434
2018-11-26,2575.81,"2,580.84","2,595.00","2,568.04",13.43B,-0.14%,-0.0014237804740258753
2018-11-27,2574.68,"2,585.83","2,592.54","2,566.17",12.37B,-0.04%,-0.0004387932092406221
2018-11-28,2601.74,"2,575.45","2,601.96","2,561.56",14.60B,1.05%,0.010455197412961333
2018-11-29,2567.44,"2,613.78","2,617.55","2,567.44",15.72B,-1.32%,-0.013271158450126302
2018-11-30,2588.19,"2,564.56","2,590.21","2,555.32",13.93B,0.81%,0.008049496197429463
2018-12-03,2654.8,"2,647.13","2,665.30","2,629.18",20.75B,2.57%,0.025410532580714646
2018-12-04,2665.96,"2,651.56","2,666.08","2,644.90",16.79B,0.42%,0.004194895603388886
2018-12-05,2649.81,"2,629.83","2,660.39","2,625.91",15.45B,-0.61%,-0.006076278578531115
2018-12-06,2605.18,"2,629.82","2,633.68","2,603.13",14.17B,-1.68%,-0.01698616860763404
2018-12-07,2605.89,"2,609.34","2,614.58","2,599.28",10.91B,0.03%,0.0002724968209574724
2018-12-10,2584.58,"2,589.19","2,599.76","2,576.24",11.32B,-0.82%,-0.008211248590098275
2018-12-11,2594.09,"2,587.01","2,596.15","2,583.20",10.13B,0.37%,0.003672761805703861
2018-12-12,2602.15,"2,608.11","2,610.01","2,595.07",10.35B,0.31%,0.0031022456484191543
2018-12-13,2634.05,"2,607.14","2,645.84","2,599.46",15.07B,1.23%,0.012184559285151258
2018-12-14,2593.74,"2,627.28","2,629.16","2,593.74",14.59B,-1.53%,-0.015421736109237716
2018-12-17,2597.97,"2,587.26","2,598.97","2,573.87",11.74B,0.16%,0.0016295212698732983
2018-12-18,2576.65,"2,583.63","2,599.15","2,563.57",11.70B,-0.82%,-0.008240265232628434
2018-12-19,2549.56,"2,578.68","2,579.87","2,547.08",10.77B,-1.05%,-0.010569310342565134
2018-12-20,2536.27,"2,544.51","2,554.86","2,516.02",12.06B,-0.52%,-0.005226297477676831
2018-12-21,2516.25,"2,526.55","2,527.42","2,498.69",11.57B,-0.79%,-0.007924799812891152
2018-12-24,2527.01,"2,506.74","2,529.44","2,500.44",9.73B,0.43%,0.004267087687938142
2018-12-25,2504.82,"2,503.95","2,513.96","2,462.84",14.07B,-0.88%,-0.008819909992185968
2018-12-26,2498.29,"2,501.12","2,513.83","2,492.08",10.88B,-0.26%,-0.002610377828187169
2018-12-27,2483.09,"2,527.72","2,532.00","2,483.09",13.54B,-0.61%,-0.006102745494250051
2018-12-28,2493.9,"2,483.62","2,505.11","2,478.32",11.92B,0.44%,0.00434399787783613
2019-01-02,2465.29,"2,497.88","2,500.28","2,456.42",10.99B,-1.15%,-0.01153830258941068
2019-01-03,2464.36,"2,461.78","2,488.48","2,455.93",12.44B,-0.04%,-0.00037730873836189384
2019-01-04,2514.87,"2,446.02","2,515.32","2,440.91",16.89B,2.05%,0.020288973459658025
2019-01-07,2533.09,"2,528.70","2,536.98","2,515.51",17.73B,0.72%,0.007218789024346784
2019-01-08,2526.46,"2,530.30","2,531.34","2,520.16",15.81B,-0.26%,-0.0026207879336550056
2019-01-09,2544.34,"2,536.42","2,574.41","2,536.16",19.19B,0.71%,0.007052170900954126
2019-01-10,2535.1,"2,543.85","2,551.83","2,531.66",15.99B,-0.36%,-0.0036382003496858895
2019-01-11,2553.83,"2,539.55","2,554.79","2,533.36",14.94B,0.74%,0.007361109142835844
2019-01-14,2535.77,"2,553.33","2,556.29","2,533.01",14.48B,-0.71%,-0.0070968546839762295
2019-01-15,2570.34,"2,537.37","2,571.50","2,532.43",16.03B,1.36%,0.013540847420945511
2019-01-16,2570.42,"2,569.07","2,574.24","2,563.01",14.93B,0.00%,3.112380270863077e-05
2019-01-17,2559.64,"2,573.58","2,582.56","2,557.71",16.25B,-0.42%,-0.004202686076525848
2019-01-18,2596.01,"2,567.74","2,598.88","2,565.90",19.08B,1.42%,0.014109027311698986
2019-01-21,2610.51,"2,599.06","2,618.98","2,599.06",16.34B,0.56%,0.005569953630362526
2019-01-22,2579.7,"2,609.64","2,609.64","2,573.06",15.25B,-1.18%,-0.011872491442086696
2019-01-23,2581.0,"2,575.26","2,589.51","2,572.41",13.14B,0.05%,0.0005038076336534551
2019-01-24,2591.69,"2,584.65","2,597.29","2,569.70",15.40B,0.41%,0.0041332518356166775
2019-01-25,2601.72,"2,596.26","2,617.00","2,595.63",15.94B,0.39%,0.0038625921967691272
2019-01-28,2596.98,"2,615.71","2,630.32","2,591.10",14.70B,-0.18%,-0.0018235333115905726
2019-01-29,2594.25,"2,592.35","2,601.74","2,559.98",15.56B,-0.11%,-0.0010517739540212873
2019-01-30,2575.58,"2,584.75","2,598.82","2,575.41",12.05B,-0.72%,-0.007222706032437293
2019-01-31,2584.57,"2,581.33","2,606.63","2,571.58",15.43B,0.35%,0.003484398358828719
2019-02-01,2618.23,"2,597.78","2,618.48","2,590.55",13.20B,1.30%,0.012939367122336261
2019-02-11,2653.9,"2,613.17","2,654.10","2,613.17",15.49B,1.36%,0.01353173927303509
2019-02-12,2671.89,"2,654.03","2,674.48","2,648.83",18.41B,0.68%,0.006755830937303471
2019-02-13,2721.07,"2,674.52","2,727.07","2,666.52",24.38B,1.84%,0.018239098143978213
2019-02-14,2719.7,"2,715.54","2,729.45","2,707.49",19.70B,-0.05%,-0.0005036051988799581
2019-02-15,2682.39,"2,712.79","2,715.63","2,679.78",19.60B,-1.37%,-0.01381339194925458
2019-02-18,2754.36,"2,699.82","2,754.36","2,699.82",26.04B,2.68%,0.026476922559572583
2019-02-19,2755.65,"2,759.50","2,780.78","2,737.59",28.80B,0.05%,0.00046823872318521126
2019-02-20,2761.22,"2,761.06","2,767.41","2,739.98",24.60B,0.20%,0.0020192616076147715
2019-02-21,2751.8,"2,759.94","2,794.01","2,744.98",29.86B,-0.34%,-0.0034173680369544075
2019-02-22,2804.23,"2,749.46","2,804.23","2,736.33",30.15B,1.91%,0.018873748474446023
2019-02-25,2961.28,"2,838.39","2,961.80","2,838.39",52.87B,5.60%,0.05449261581041789
2019-02-26,2941.52,"2,969.10","2,995.68","2,938.62",56.56B,-0.67%,-0.006695152745102087
2019-02-27,2953.82,"2,939.93","2,997.49","2,924.64",47.50B,0.42%,0.004172793374938393
2019-02-28,2940.95,"2,950.05","2,965.30","2,930.20",35.02B,-0.44%,-0.00436658951900177
2019-03-01,2994.01,"2,954.40","2,994.01","2,930.83",34.58B,1.80%,0.01788096759794127
2019-03-04,3027.58,"3,015.94","3,090.80","3,006.94",52.56B,1.12%,0.011149994533381223
2019-03-05,3054.25,"3,019.88","3,054.96","3,009.45",42.41B,0.88%,0.008770442763432043
2019-03-06,3102.1,"3,060.43","3,103.83","3,050.11",55.50B,1.57%,0.015545238198985102
2019-03-07,3106.42,"3,103.67","3,129.94","3,074.98",58.38B,0.14%,0.0013916362344630951
2019-03-08,2969.86,"3,038.34","3,075.05","2,969.58",57.79B,-4.40%,-0.04495612407904301
2019-03-11,3026.99,"2,969.08","3,028.25","2,963.58",42.62B,1.92%,0.019053912776762078
2019-03-12,3060.31,"3,049.08","3,093.39","3,029.90",51.12B,1.10%,0.010947491589405545
2019-03-13,3026.95,"3,062.33","3,065.29","3,013.93",45.32B,-1.09%,-0.010960706124072307
2019-03-14,2990.68,"3,013.60","3,041.16","2,968.82",37.31B,-1.20%,-0.012054725603861898
2019-03-15,3021.75,"3,000.88","3,048.12","2,999.43",34.12B,1.04%,0.01033534746275842
2019-03-18,3096.42,"3,027.80","3,096.42","3,009.51",39.78B,2.47%,0.024410471683941726
2019-03-19,3090.97,"3,099.90","3,113.43","3,076.36",35.09B,-0.18%,-0.0017616479353855944
2019-03-20,3090.64,"3,084.17","3,102.52","3,053.45",35.86B,-0.01%,-0.00010676830156328304
2019-03-21,3101.45,"3,094.12","3,125.02","3,086.85",41.43B,0.35%,0.0034915548650024195
2019-03-22,3104.15,"3,100.73","3,107.28","3,064.88",36.48B,0.09%,0.0008701818262130433
2019-03-25,3043.03,"3,058.80","3,087.00","3,041.95",38.03B,-1.97%,-0.019886196337319917
2019-03-26,2997.1,"3,057.56","3,062.69","2,988.49",35.35B,-1.51%,-0.015208575080414184
2019-03-27,3022.72,"3,012.26","3,022.76","2,987.77",29.14B,0.85%,0.008511933807656868
2019-03-28,2994.94,"3,009.80","3,025.78","2,991.78",28.81B,-0.92%,-0.009232890307800426
2019-03-29,3090.76,"3,000.68","3,093.03","2,999.99",37.51B,3.20%,0.031492817382553946
2019-04-01,3170.36,"3,111.66","3,176.62","3,111.66",46.61B,2.58%,0.02542813074966607
2019-04-02,3176.82,"3,183.27","3,193.27","3,164.91",44.71B,0.20%,0.0020355503485217637
2019-04-03,3216.3,"3,159.15","3,219.26","3,152.33",43.05B,1.24%,0.01235093408966486
2019-04-04,3246.57,"3,233.69","3,254.14","3,216.85",46.91B,0.94%,0.009367423867599194
2019-04-08,3244.81,"3,271.27","3,288.45","3,210.52",50.45B,-0.05%,-0.0005422575917991553
2019-04-09,3239.66,"3,240.39","3,251.65","3,215.70",36.42B,-0.16%,-0.001588410797739414
2019-04-10,3241.93,"3,224.65","3,264.78","3,204.88",38.01B,0.07%,0.0007004454440374914
2019-04-11,3189.96,"3,241.55","3,254.13","3,185.55",35.30B,-1.60%,-0.01616045393708097
2019-04-12,3188.63,"3,184.86","3,199.28","3,168.04",28.98B,-0.04%,-0.00041702006847107396
2019-04-15,3177.79,"3,233.46","3,253.98","3,177.27",34.88B,-0.34%,-0.0034053708286756724
2019-04-16,3253.6,"3,164.40","3,253.60","3,153.21",35.79B,2.39%,0.023576088974840485
2019-04-17,3263.12,"3,250.15","3,275.33","3,239.80",35.75B,0.29%,0.002921717297117291
2019-04-18,3250.2,"3,261.07","3,271.39","3,241.83",32.55B,-0.40%,-0.0039672599982239235
2019-04-19,3270.8,"3,250.15","3,274.33","3,226.81",31.52B,0.63%,0.006318070395914036
2019-04-22,3215.04,"3,278.49","3,279.49","3,206.88",35.32B,-1.70%,-0.017194804013872796
2019-04-23,3198.59,"3,211.87","3,231.58","3,186.76",32.84B,-0.51%,-0.00512971158985201
2019-04-24,3201.61,"3,203.56","3,210.65","3,156.61",27.49B,0.09%,0.0009437205787745574
2019-04-25,3123.83,"3,190.59","3,193.75","3,123.03",32.59B,-2.43%,-0.024593995197548846
2019-04-26,3086.4,"3,108.16","3,129.21","3,085.80",28.09B,-1.20%,-0.012054449913858406
2019-04-29,3062.5,"3,090.63","3,107.76","3,050.03",29.21B,-0.77%,-0.007773787298482274
2019-04-30,3078.34,"3,052.62","3,088.41","3,052.62",22.23B,0.52%,0.00515891478396922
2019-05-06,2906.46,"2,984.73","2,986.54","2,876.47",32.70B,-5.58%,-0.05745464484725733
2019-05-07,2926.39,"2,914.29","2,937.28","2,889.07",25.33B,0.69%,0.0068337356732169055
2019-05-08,2893.76,"2,873.14","2,929.43","2,866.70",23.15B,-1.12%,-0.011212886910795979
2019-05-09,2850.95,"2,871.20","2,888.86","2,845.04",20.00B,-1.48%,-0.014904422499298884
2019-05-10,2939.21,"2,878.23","2,941.45","2,838.38",28.23B,3.10%,0.030488565688593414
2019-05-13,2903.71,"2,905.07","2,921.41","2,892.17",21.20B,-1.21%,-0.012151608042243741
2019-05-14,2883.61,"2,872.83","2,909.20","2,872.83",20.83B,-0.69%,-0.006946248287392725
2019-05-15,2938.68,"2,902.64","2,945.39","2,902.64",23.05B,1.91%,0.018917519507601087
2019-05-16,2955.71,"2,933.50","2,956.17","2,929.06",24.84B,0.58%,0.005778391788015992
2019-05-17,2882.3,"2,955.77","2,956.78","2,873.80",26.63B,-2.48%,-0.02515030618646334
2019-05-20,2870.6,"2,874.80","2,882.63","2,838.45",20.95B,-0.41%,-0.004067519383647176
2019-05-21,2905.97,"2,867.71","2,919.24","2,862.50",21.14B,1.23%,0.01224617447097528
2019-05-22,2891.7,"2,905.52","2,912.40","2,879.64",20.00B,-0.49%,-0.00492267715022319
2019-05-23,2852.52,"2,880.84","2,885.14","2,846.96",19.73B,-1.35%,-0.013641750352866586
2019-05-24,2852.99,"2,847.84","2,871.86","2,846.02",16.72B,0.02%,0.00016475301982219005
2019-05-27,2892.38,"2,851.28","2,898.13","2,833.04",19.67B,1.38%,0.01371212547896672
2019-05-28,2909.91,"2,890.27","2,924.04","2,887.08",22.33B,0.61%,0.006042460248256849
2019-05-29,2914.7,"2,894.83","2,934.98","2,890.66",19.90B,0.16%,0.0016447456841990275
2019-05-30,2905.81,"2,903.42","2,907.85","2,881.38",20.58B,-0.31%,-0.0030547175120173883
2019-05-31,2898.7,"2,904.50","2,922.91","2,895.58",19.52B,-0.24%,-0.002449820417557913
2019-06-03,2890.08,"2,901.74","2,920.83","2,875.90",21.59B,-0.30%,-0.0029781772225874687
2019-06-04,2862.28,"2,887.64","2,888.39","2,851.97",18.85B,-0.96%,-0.009665673370514332
2019-06-05,2861.42,"2,882.94","2,888.77","2,858.57",18.16B,-0.03%,-0.00030050492040877436
2019-06-06,2827.8,"2,862.33","2,862.33","2,822.19",17.71B,-1.17%,-0.011818980935583994
2019-06-10,2852.13,"2,833.01","2,861.13","2,824.36",16.66B,0.86%,0.008567059385302177
2019-06-11,2925.72,"2,854.07","2,927.43","2,854.07",26.05B,2.58%,0.025474520678180883
2019-06-12,2909.38,"2,917.22","2,924.70","2,903.88",24.03B,-0.56%,-0.005600604175098531
2019-06-13,2910.74,"2,905.29","2,918.42","2,885.92",21.30B,0.05%,0.0004673443244307196
2019-06-14,2881.97,"2,913.00","2,924.32","2,879.66",21.54B,-0.99%,-0.009933256303157228
2019-06-17,2887.62,"2,880.42","2,902.48","2,877.39",15.40B,0.20%,0.001958545340680927
2019-06-18,2890.16,"2,891.09","2,898.33","2,874.31",14.77B,0.09%,0.0008792304877056238
2019-06-19,2917.8,"2,944.12","2,953.34","2,916.21",23.08B,0.96%,0.009518043742010152
2019-06-20,2987.12,"2,917.33","2,997.39","2,915.09",29.10B,2.38%,0.02347980485907096
2019-06-21,3001.98,"2,990.37","3,010.35","2,989.25",28.70B,0.50%,0.004962358449165104
2019-06-24,3008.15,"3,004.29","3,012.83","2,994.42",21.05B,0.21%,0.0020532009016571737
2019-06-25,2982.07,"3,004.91","3,004.91","2,948.99",24.37B,-0.87%,-0.008707581620115151
2019-06-26,2976.28,"2,964.62","2,986.91","2,958.46",17.44B,-0.19%,-0.0019434916788974926
2019-06-27,2996.79,"2,982.61","3,011.54","2,981.05",19.54B,0.69%,0.006867517242895211
2019-06-28,2978.88,"2,992.24","2,992.24","2,961.22",18.14B,-0.60%,-0.0059943248634460105
2019-07-01,3044.9,"3,024.62","3,045.37","3,014.69",25.08B,2.22%,0.021920668954108116
2019-07-02,3043.94,"3,042.58","3,048.48","3,033.78",21.45B,-0.03%,-0.0003153310016209558
2019-07-03,3015.26,"3,031.83","3,031.83","3,006.32",21.23B,-0.94%,-0.00946666694817189
2019-07-04,3005.25,"3,015.68","3,024.50","2,991.91",19.44B,-0.33%,-0.0033253027480767425
2019-07-05,3011.06,"3,004.74","3,014.85","2,990.92",15.68B,0.19%,0.0019314170334046774
2019-07-08,2933.36,"2,997.81","2,997.81","2,918.72",21.15B,-2.58%,-0.026143652551811294
2019-07-09,2928.23,"2,928.82","2,937.76","2,912.81",14.51B,-0.17%,-0.0017503787572264605
2019-07-10,2915.3,"2,935.19","2,936.75","2,908.16",13.55B,-0.44%,-0.004425414467648503
2019-07-11,2917.76,"2,928.06","2,945.80","2,907.89",14.37B,0.08%,0.0008434681439398292
2019-07-12,2930.55,"2,915.34","2,938.53","2,905.81",13.78B,0.44%,0.004373920120732193
2019-07-15,2942.19,"2,921.55","2,955.00","2,886.70",16.76B,0.40%,0.003964083287369552
2019-07-16,2937.62,"2,938.64","2,944.82","2,931.29",13.18B,-0.16%,-0.0015544723112617127
2019-07-17,2931.69,"2,933.02","2,942.07","2,924.46",14.96B,-0.20%,-0.0020206811423343985
2019-07-18,2901.18,"2,921.74","2,921.74","2,901.18",14.99B,-1.04%,-0.01046149777319112
2019-07-19,2924.2,"2,909.68","2,939.60","2,909.68",14.95B,0.79%,0.007903388217000908
2019-07-22,2886.97,"2,925.79","2,927.16","2,879.69",18.07B,-1.27%,-0.0128134297841615
2019-07-23,2899.94,"2,886.90","2,901.36","2,883.05",12.93B,0.45%,0.004482537906183033
2019-07-24,2923.28,"2,907.93","2,936.45","2,907.79",15.52B,0.80%,0.008016226412652898
2019-07-25,2937.36,"2,923.19","2,937.36","2,916.15",14.57B,0.48%,0.004804945224180614
2019-07-26,2944.54,"2,928.06","2,948.33","2,924.45",13.93B,0.24%,0.0024413891995082987
2019-07-29,2941.01,"2,943.92","2,948.47","2,932.98",12.80B,-0.12%,-0.001199548189474462
2019-07-30,2952.34,"2,946.26","2,965.63","2,946.26",14.83B,0.39%,0.00384501648763419
2019-07-31,2932.51,"2,944.40","2,944.40","2,926.49",14.11B,-0.67%,-0.0067393646583685995
2019-08-01,2908.77,"2,920.85","2,927.34","2,901.75",14.24B,-0.81%,-0.008128400182870652
2019-08-02,2867.84,"2,861.33","2,872.47","2,851.44",18.49B,-1.41%,-0.014171178240898212
2019-08-05,2821.5,"2,854.58","2,863.69","2,821.50",16.74B,-1.62%,-0.016290474748528825
2019-08-06,2777.56,"2,776.99","2,787.42","2,733.92",23.11B,-1.56%,-0.015695813968517023
2019-08-07,2768.68,"2,789.02","2,792.69","2,768.68",15.77B,-0.32%,-0.0032021721338742577
2019-08-08,2794.55,"2,784.18","2,799.69","2,782.24",14.95B,0.93%,0.009300419531307981
2019-08-09,2774.75,"2,805.59","2,808.33","2,770.48",14.82B,-0.71%,-0.0071104388060226065
2019-08-12,2814.99,"2,781.98","2,814.99","2,776.62",13.16B,1.45%,0.01439805613752347
2019-08-13,2797.26,"2,798.05","2,802.04","2,790.61",13.09B,-0.63%,-0.006318342548498943
2019-08-14,2808.91,"2,824.49","2,829.89","2,807.72",14.40B,0.42%,0.00415614109800203
2019-08-15,2815.8,"2,762.34","2,815.90","2,756.83",15.28B,0.25%,0.0024499053093116857
2019-08-16,2823.82,"2,817.57","2,840.32","2,811.80",14.86B,0.28%,0.002844165176494792
2019-08-19,2883.1,"2,835.52","2,883.10","2,829.85",21.45B,2.10%,0.020775525922809394
2019-08-20,2880.0,"2,879.08","2,892.08","2,875.00",18.97B,-0.11%,-0.00107580999773959
2019-08-21,2880.33,"2,875.47","2,885.59","2,872.56",15.90B,0.01%,0.00011457676916464823
2019-08-22,2883.44,"2,887.66","2,888.50","2,867.55",14.92B,0.11%,0.0010791548940429969
2019-08-23,2897.43,"2,885.15","2,902.46","2,878.74",15.92B,0.49%,0.004840111371330343
2019-08-26,2863.57,"2,851.02","2,870.49","2,849.24",16.99B,-1.17%,-0.011755039020885514
2019-08-27,2902.19,"2,879.52","2,919.64","2,879.41",20.81B,1.35%,0.013396526245500428
2019-08-28,2893.76,"2,901.63","2,905.44","2,887.01",18.31B,-0.29%,-0.0029089298370291844
2019-08-29,2890.92,"2,896.00","2,898.60","2,878.59",17.86B,-0.10%,-0.0009819040044320149
2019-08-30,2886.24,"2,907.38","2,914.58","2,874.10",19.40B,-0.16%,-0.0016201735883152179
2019-09-02,2924.11,"2,886.94","2,928.48","2,883.68",20.28B,1.31%,0.01303554390174031
2019-09-03,2930.15,"2,925.94","2,930.15","2,915.20",18.90B,0.21%,0.00206345537885799
2019-09-04,2957.41,"2,927.75","2,957.41","2,925.88",22.55B,0.93%,0.009260269042185533
2019-09-05,2985.86,"2,972.66","3,015.84","2,972.66",30.54B,0.96%,0.009573927252320197
2019-09-06,2999.6,"2,996.62","2,999.94","2,981.60",21.68B,0.46%,0.004591133892762044
2019-09-09,3024.74,"3,023.78","3,026.24","3,005.69",24.34B,0.84%,0.008346190930535916
2019-09-10,3021.2,"3,027.41","3,027.41","3,005.38",24.00B,-0.12%,-0.0011710339184773078
2019-09-11,3008.81,"3,029.93","3,030.56","3,004.22",22.98B,-0.41%,-0.004109451704536178
2019-09-12,3031.24,"3,016.63","3,033.47","3,005.19",19.70B,0.75%,0.007427124976522857
2019-09-16,3030.75,"3,041.92","3,042.93","3,020.05",22.19B,-0.02%,-0.0001616630845867411
2019-09-17,2978.12,"3,023.71","3,023.71","2,970.57",22.33B,-1.74%,-0.017517884694244614
2019-09-18,2985.66,"2,984.08","2,996.40","2,982.40",16.80B,0.25%,0.002528598981667791
2019-09-19,2999.28,"2,992.92","2,999.28","2,975.40",16.27B,0.46%,0.0045514319315219515
2019-09-20,3006.45,"3,004.81","3,011.34","2,996.19",18.21B,0.24%,0.0023877208620677656
2019-09-23,2977.08,"2,998.40","2,998.40","2,960.83",16.81B,-0.98%,-0.009817026362365406
2019-09-24,2985.34,"2,979.48","3,002.90","2,973.76",16.39B,0.28%,0.002770688842496708
2019-09-25,2955.43,"2,977.67","2,977.67","2,955.43",16.85B,-1.00%,-0.01006948685962525
2019-09-26,2929.09,"2,964.48","2,970.04","2,928.26",18.89B,-0.89%,-0.008952361761897079
2019-09-27,2932.17,"2,929.49","2,939.08","2,920.93",13.29B,0.11%,0.0010509686598093666
2019-09-30,2905.19,"2,927.92","2,936.48","2,905.19",11.66B,-0.92%,-0.009243970603848725
2019-10-08,2913.57,"2,905.76","2,933.02","2,905.76",12.55B,0.29%,0.002880340757696228
2019-10-09,2924.86,"2,902.08","2,924.86","2,891.54",13.04B,0.39%,0.0038674828926405077
2019-10-10,2947.71,"2,923.71","2,949.24","2,918.23",13.42B,0.78%,0.007781981420318405
2019-10-11,2973.66,"2,954.82","2,980.79","2,943.01",16.12B,0.88%,0.0087649196490981
2019-10-14,3007.88,"2,993.96","3,026.38","2,989.81",20.86B,1.15%,0.0114419943149091
2019-10-15,2991.05,"3,005.66","3,005.66","2,986.30",15.54B,-0.56%,-0.0056110153495959976
2019-10-16,2978.71,"2,992.61","3,010.42","2,975.92",14.99B,-0.41%,-0.004134175436083891
2019-10-17,2977.33,"2,979.99","2,986.72","2,969.57",12.25B,-0.05%,-0.0004633951500308173
2019-10-18,2938.14,"2,982.34","2,987.20","2,933.24",15.00B,-1.32%,-0.01325019765911865
2019-10-21,2939.62,"2,933.90","2,940.32","2,917.69",13.25B,0.05%,0.0005035932162178658
2019-10-22,2954.38,"2,945.60","2,954.64","2,934.39",11.75B,0.50%,0.005008493673073696
2019-10-23,2941.62,"2,952.97","2,957.30","2,934.63",12.38B,-0.43%,-0.004328364966509878
2019-10-24,2940.92,"2,944.01","2,953.04","2,927.06",12.65B,-0.02%,-0.0002379924329639676
2019-10-25,2954.93,"2,940.47","2,958.24","2,920.52",13.69B,0.48%,0.004752504344409063
2019-10-28,2980.05,"2,958.69","2,980.13","2,956.96",17.37B,0.85%,0.008465116985847215
2019-10-29,2954.18,"2,979.04","2,979.04","2,954.18",16.61B,-0.87%,-0.008718962320940715
2019-10-30,2939.32,"2,949.46","2,953.30","2,934.83",15.88B,-0.50%,-0.005042854497760348
2019-10-31,2929.06,"2,944.84","2,946.75","2,923.52",16.16B,-0.35%,-0.003496709638457167
2019-11-01,2958.2,"2,924.34","2,959.83","2,917.15",15.99B,0.99%,0.009899422812245566
2019-11-04,2975.49,"2,964.58","2,983.06","2,964.58",16.72B,0.58%,0.005827756062288693
2019-11-05,2991.56,"2,977.70","3,008.31","2,968.03",17.99B,0.54%,0.005386259157071127
2019-11-06,2978.6,"2,992.04","2,995.56","2,969.72",16.53B,-0.43%,-0.004341599004862207
2019-11-07,2978.71,"2,978.15","2,988.95","2,969.12",13.70B,0.00%,3.6929419490647614e-05
2019-11-08,2964.18,"2,993.98","2,998.76","2,962.84",14.97B,-0.49%,-0.0048898865542565785
2019-11-11,2909.97,"2,949.96","2,949.96","2,906.77",15.79B,-1.83%,-0.018457662482954527
2019-11-12,2914.82,"2,913.00","2,918.30","2,891.51",12.97B,0.17%,0.00166529647277937
2019-11-13,2905.24,"2,913.02","2,913.86","2,893.97",12.98B,-0.33%,-0.003292065254341323
2019-11-14,2909.87,"2,907.74","2,917.37","2,899.62",12.91B,0.16%,0.0015924035756423025
2019-11-15,2891.34,"2,911.35","2,917.83","2,891.20",13.55B,-0.64%,-0.006388344162287448
2019-11-18,2909.2,"2,889.55","2,911.38","2,884.09",12.44B,0.62%,0.006158066814546129
2019-11-19,2933.99,"2,904.28","2,933.99","2,902.86",13.54B,0.85%,0.008485142100441257
2019-11-20,2911.05,"2,928.11","2,930.49","2,907.42",13.74B,-0.78%,-0.00784943055461303
2019-11-21,2903.64,"2,902.55","2,910.36","2,891.53",12.35B,-0.25%,-0.002548718508212409
2019-11-22,2885.29,"2,906.24","2,925.02","2,873.99",15.86B,-0.63%,-0.0063397074969152685
2019-11-25,2906.17,"2,885.61","2,906.61","2,880.65",17.86B,0.72%,0.007210648253988272
2019-11-26,2907.06,"2,912.52","2,915.04","2,897.93",17.00B,0.03%,0.0003061981056843155
2019-11-27,2903.19,"2,905.40","2,914.49","2,893.42",13.39B,-0.13%,-0.0013321287628924204
2019-11-28,2889.69,"2,902.36","2,909.84","2,883.43",11.95B,-0.47%,-0.0046609025008302685
2019-11-29,2871.98,"2,885.97","2,892.39","2,858.58",12.26B,-0.61%,-0.006147542561469398
2019-12-02,2875.81,"2,874.45","2,888.89","2,870.24",12.88B,0.13%,0.0013326863253031443
2019-12-03,2884.7,"2,869.88","2,884.86","2,857.32",12.38B,0.31%,0.003086534719215085
2019-12-04,2878.12,"2,876.91","2,882.50","2,869.42",12.55B,-0.23%,-0.002283605200050401
2019-12-05,2899.47,"2,886.52","2,902.00","2,885.08",14.32B,0.74%,0.007390658451449516
2019-12-06,2912.01,"2,902.28","2,912.01","2,894.75",13.41B,0.43%,0.004315602725130508
2019-12-09,2914.48,"2,914.46","2,919.59","2,905.25",16.08B,0.08%,0.0008478518449233658
2019-12-10,2917.32,"2,908.94","2,919.20","2,902.79",17.01B,0.10%,0.0009739703777585559
2019-12-11,2924.42,"2,922.60","2,928.26","2,915.00",16.55B,0.24%,0.002430783806189976
2019-12-12,2915.7,"2,926.34","2,926.34","2,913.48",15.18B,-0.30%,-0.002986242227951817
2019-12-13,2967.68,"2,937.78","2,969.98","2,935.85",21.20B,1.78%,0.017670574585506624
2019-12-16,2984.39,"2,970.97","2,984.64","2,958.71",21.19B,0.56%,0.005614868071432942
2019-12-17,3022.42,"2,985.26","3,039.38","2,982.50",29.30B,1.27%,0.012662464148685137
2019-12-18,3017.04,"3,021.47","3,033.23","3,011.72",24.41B,-0.18%,-0.0017816167084741847
2019-12-19,3017.07,"3,017.15","3,021.42","3,007.99",20.86B,0.00%,9.943471365383088e-06
2019-12-20,3004.94,"3,019.64","3,027.48","3,002.26",21.51B,-0.40%,-0.0040285606982101525
2019-12-23,2962.75,"2,999.04","3,009.34","2,960.43",20.57B,-1.40%,-0.014139709979282558
2019-12-24,2982.68,"2,965.83","2,983.82","2,960.68",16.30B,0.67%,0.0067043341360474165
2019-12-25,2981.88,"2,980.43","2,988.29","2,970.66",17.57B,-0.03%,-0.0002682511383226448
2019-12-26,3007.35,"2,981.25","3,007.35","2,980.40",18.24B,0.85%,0.008505318227015765
2019-12-27,3005.04,"3,006.85","3,036.11","3,003.63",24.71B,-0.08%,-0.0007684132644965721
2019-12-30,3040.02,"2,998.17","3,041.40","2,983.34",24.81B,1.16%,0.011573215297192624
2019-12-31,3050.12,"3,036.39","3,051.68","3,030.51",21.74B,0.33%,0.003316839763792621
2020-01-02,3085.2,"3,066.34","3,098.10","3,066.34",29.25B,1.15%,0.011435550970056906
2020-01-03,3083.79,"3,089.02","3,093.82","3,074.52",26.15B,-0.05%,-0.00045712508029771765
2020-01-06,3083.41,"3,070.91","3,107.20","3,065.31",31.26B,-0.01%,-0.00012323258544589933
2020-01-07,3104.8,"3,085.49","3,105.45","3,084.33",27.66B,0.69%,0.006913173660596256
2020-01-08,3066.89,"3,094.24","3,094.24","3,059.13",29.79B,-1.22%,-0.012285282250408829
2020-01-09,3094.88,"3,082.64","3,097.33","3,080.13",24.34B,0.91%,0.009085114349499997
2020-01-10,3092.29,"3,102.29","3,105.22","3,081.40",21.04B,-0.08%,-0.0008372164176139903
2020-01-13,3115.57,"3,091.49","3,115.57","3,075.38",21.06B,0.75%,0.007500204299337604
2020-01-14,3106.82,"3,120.67","3,127.17","3,105.60",23.00B,-0.28%,-0.0028124260187863933
2020-01-15,3090.04,"3,103.17","3,107.94","3,082.04",20.23B,-0.54%,-0.005415659224900508
2020-01-16,3074.08,"3,095.73","3,096.37","3,070.88",20.34B,-0.52%,-0.005178366308433075
2020-01-17,3075.5,"3,081.46","3,091.95","3,067.25",19.03B,0.05%,0.0004618201650317279
2020-01-20,3095.79,"3,082.11","3,096.31","3,070.48",21.05B,0.66%,0.00657563430330879
2020-01-21,3052.14,"3,085.79","3,085.79","3,051.23",23.48B,-1.41%,-0.014200140039818971
2020-01-22,3060.75,"3,038.49","3,069.25","3,006.27",22.39B,0.28%,0.002817000042112022
2020-01-23,2976.53,"3,037.95","3,045.04","2,955.35",27.28B,-2.75%,-0.02790179145958318
2020-02-03,2746.61,"2,716.70","2,766.58","2,716.70",21.59B,-7.72%,-0.08039076853981844
2020-02-04,2783.29,"2,685.27","2,786.16","2,685.27",36.40B,1.34%,0.013266257238696809
2020-02-05,2818.09,"2,792.37","2,842.74","2,778.86",30.98B,1.25%,0.012425669299670716
2020-02-06,2866.51,"2,826.89","2,876.59","2,807.61",31.64B,1.72%,0.017035911424278724
2020-02-07,2875.96,"2,858.93","2,875.96","2,838.77",30.95B,0.33%,0.003291269621106317
2020-02-10,2890.49,"2,860.50","2,891.85","2,851.05",29.49B,0.51%,0.005039506369106238
2020-02-11,2901.67,"2,894.54","2,913.82","2,882.24",26.92B,0.39%,0.00386039539111545
2020-02-12,2926.9,"2,895.56","2,926.90","2,892.42",24.87B,0.87%,0.00865740913593535
2020-02-13,2906.07,"2,927.14","2,935.41","2,901.24",27.48B,-0.71%,-0.0071421895008185595
2020-02-14,2917.01,"2,899.87","2,926.94","2,899.57",25.07B,0.38%,0.003757466107767714
2020-02-17,2983.62,"2,924.99","2,983.64","2,924.99",31.32B,2.28%,0.02257820932849508
2020-02-18,2984.97,"2,981.41","2,990.60","2,960.78",31.17B,0.05%,0.0004523681549649965
2020-02-19,2975.4,"2,979.52","2,998.27","2,971.82",31.51B,-0.32%,-0.003211212801798831
2020-02-20,3030.15,"2,981.88","3,031.37","2,968.45",34.57B,1.84%,0.018233639505437122
2020-02-21,3039.67,"3,022.25","3,058.90","3,020.14",36.46B,0.31%,0.0031368336478448584
2020-02-24,3031.23,"3,027.89","3,042.18","3,007.36",37.04B,-0.28%,-0.0027804791505425894
2020-02-25,3013.05,"2,982.07","3,016.95","2,943.72",44.16B,-0.60%,-0.006015622977215625
2020-02-26,2987.93,"2,978.42","3,028.78","2,974.94",46.90B,-0.83%,-0.008372014811875855
2020-02-27,2991.33,"2,992.49","3,009.46","2,980.48",35.05B,0.11%,0.0011372646001194312
2020-02-28,2880.3,"2,924.64","2,948.13","2,878.54",40.12B,-3.71%,-0.03782364916522268
2020-03-02,2970.93,"2,899.31","2,982.51","2,899.31",36.73B,3.15%,0.03098057972281087
2020-03-03,2992.9,"3,006.89","3,026.84","2,976.62",41.01B,0.74%,0.0073677819070133085
2020-03-04,3011.67,"2,981.81","3,012.00","2,974.36",35.33B,0.63%,0.006251925162956726
2020-03-05,3071.68,"3,036.15","3,074.26","3,022.93",44.54B,1.99%,0.01972990101070317
2020-03-06,3034.51,"3,039.94","3,052.44","3,029.46",36.21B,-1.21%,-0.012174681468870723
2020-03-09,2943.29,"2,987.18","2,989.21","2,940.71",41.46B,-3.01%,-0.03052195842158936
2020-03-10,2996.76,"2,918.93","3,000.30","2,904.80",39.33B,1.82%,0.018003701745290448
2020-03-11,2968.52,"3,001.76","3,010.03","2,968.52",35.25B,-0.94%,-0.009468192932502475
2020-03-12,2923.49,"2,936.02","2,944.47","2,906.28",30.78B,-1.52%,-0.015285404045175845
2020-03-13,2887.43,"2,804.23","2,910.88","2,799.98",36.65B,-1.23%,-0.012411274940369886
2020-03-16,2789.25,"2,897.30","2,898.03","2,784.66",35.19B,-3.40%,-0.03459409063866503
2020-03-17,2779.64,"2,796.28","2,826.91","2,715.22",30.61B,-0.34%,-0.0034513195768671877
2020-03-18,2728.76,"2,792.32","2,815.87","2,728.76",29.12B,-1.83%,-0.018474129357352275
2020-03-19,2702.13,"2,719.41","2,736.82","2,646.80",30.23B,-0.98%,-0.009806942667042648
2020-03-20,2745.62,"2,727.02","2,751.90","2,702.49",25.20B,1.61%,0.015966563777369443
2020-03-23,2660.17,"2,677.59","2,703.33","2,656.50",24.98B,-3.11%,-0.031616884141358256
2020-03-24,2722.44,"2,703.02","2,723.41","2,667.13",25.70B,2.34%,0.023138506488731343
2020-03-25,2781.59,"2,775.30","2,788.64","2,757.80",27.31B,2.17%,0.021494169637213074
2020-03-26,2764.91,"2,761.90","2,788.50","2,753.43",23.41B,-0.60%,-0.006014621936053766
2020-03-27,2772.2,"2,792.98","2,805.55","2,771.76",24.08B,0.26%,0.0026331440813236176
2020-03-30,2747.21,"2,739.72","2,759.10","2,723.05",23.97B,-0.90%,-0.00905537757277714
2020-03-31,2750.3,"2,767.31","2,771.17","2,743.12",21.86B,0.11%,0.0011241454132520164
2020-04-01,2734.52,"2,743.54","2,773.36","2,731.08",21.73B,-0.57%,-0.005754078908284673
2020-04-02,2780.64,"2,720.23","2,780.64","2,719.90",21.79B,1.69%,0.016725199304980825
2020-04-03,2763.99,"2,773.58","2,780.59","2,754.07",20.08B,-0.60%,-0.0060058290804152255
2020-04-07,2820.76,"2,806.97","2,823.28","2,801.84",27.02B,2.05%,0.020331064232693177
2020-04-08,2815.37,"2,805.92","2,823.21","2,800.30",24.35B,-0.19%,-0.001912660511085881
2020-04-09,2825.9,"2,825.84","2,832.39","2,820.43",23.82B,0.37%,0.003733206256592896
2020-04-10,2796.63,"2,827.19","2,833.01","2,789.98",23.35B,-1.04%,-0.010411777053259687
2020-04-13,2783.05,"2,784.60","2,792.89","2,774.08",17.71B,-0.49%,-0.004867672272948784
2020-04-14,2827.28,"2,794.80","2,827.30","2,789.43",20.27B,1.59%,0.015767670124913334
2020-04-15,2811.17,"2,826.66","2,829.75","2,808.70",20.56B,-0.57%,-0.005714351936339592
2020-04-16,2819.93,"2,798.43","2,823.34","2,796.84",20.30B,0.31%,0.003111295152461696
2020-04-17,2838.49,"2,835.56","2,854.96","2,830.02",24.57B,0.66%,0.006560158688046149
2020-04-20,2852.55,"2,840.41","2,852.99","2,833.26",21.18B,0.50%,0.00494111044931318
2020-04-21,2827.01,"2,842.24","2,842.24","2,808.02",23.32B,-0.90%,-0.008993715060348352
2020-04-22,2843.98,"2,814.07","2,843.98","2,808.48",21.73B,0.60%,0.005984863543553352
2020-04-23,2838.5,"2,850.51","2,853.64","2,835.90",24.88B,-0.19%,-0.0019287359388189525
2020-04-24,2808.53,"2,834.94","2,834.94","2,802.50",23.52B,-1.06%,-0.010614528836700672
2020-04-27,2815.49,"2,812.24","2,832.67","2,802.96",21.01B,0.25%,0.0024750991472811605
2020-04-28,2810.02,"2,819.99","2,821.74","2,758.25",25.39B,-0.19%,-0.0019447131811764675
2020-04-29,2822.44,"2,801.38","2,831.76","2,800.74",20.21B,0.44%,0.004410158307461576
2020-04-30,2860.08,"2,832.38","2,865.59","2,832.38",24.25B,1.33%,0.013247837403013893
2020-05-06,2878.14,"2,831.63","2,879.26","2,830.65",24.98B,0.63%,0.0062946557058146365
2020-05-07,2871.52,"2,876.47","2,882.02","2,864.58",22.67B,-0.23%,-0.0023027458755086206
2020-05-08,2895.34,"2,882.71","2,903.80","2,879.20",22.68B,0.83%,0.008261041698877411
2020-05-11,2894.8,"2,901.57","2,914.28","2,884.38",22.51B,-0.02%,-0.0001865239878709077
2020-05-12,2891.56,"2,894.62","2,897.90","2,871.23",19.71B,-0.11%,-0.0011198751334561218
2020-05-13,2898.05,"2,882.96","2,900.26","2,875.54",18.51B,0.22%,0.0022419481513979516
2020-05-14,2870.34,"2,887.06","2,887.06","2,869.18",19.78B,-0.96%,-0.009607607373941838
2020-05-15,2868.46,"2,880.71","2,884.22","2,863.37",18.90B,-0.07%,-0.0006551892616062599
2020-05-18,2875.42,"2,872.52","2,889.98","2,862.27",22.60B,0.24%,0.0024234501439459218
2020-05-19,2898.58,"2,897.69","2,900.22","2,887.58",19.72B,0.81%,0.008022211363597487
2020-05-20,2883.74,"2,896.47","2,896.47","2,876.18",21.05B,-0.51%,-0.005132899106937565
2020-05-21,2867.92,"2,890.72","2,891.52","2,864.21",20.35B,-0.55%,-0.005501034447295455
2020-05-22,2813.77,"2,863.05","2,863.05","2,808.02",20.91B,-1.89%,-0.01906180717997468
2020-05-25,2817.97,"2,816.24","2,821.50","2,802.47",17.29B,0.15%,0.0014915464061367677
2020-05-26,2846.55,"2,827.90","2,848.34","2,825.90",17.46B,1.01%,0.010090967114258859
2020-05-27,2836.8,"2,847.32","2,849.00","2,831.93",19.81B,-0.34%,-0.0034310783481540665
2020-05-28,2846.22,"2,838.21","2,861.92","2,820.15",20.75B,0.33%,0.003315141818004458
2020-05-29,2852.35,"2,835.58","2,855.38","2,829.63",20.68B,0.22%,0.002151417764260902
2020-06-01,2915.43,"2,871.96","2,917.15","2,871.96",26.02B,2.21%,0.02187410586792503
2020-06-02,2921.4,"2,916.32","2,926.36","2,909.13",25.61B,0.20%,0.0020456316465763177
2020-06-03,2923.37,"2,930.39","2,942.76","2,922.66",25.57B,0.07%,0.0006741069621560746
2020-06-04,2919.25,"2,931.84","2,932.97","2,910.75",22.66B,-0.14%,-0.0014103264230420562
2020-06-05,2930.8,"2,923.19","2,930.80","2,909.12",21.74B,0.40%,0.003948689329984603
2020-06-08,2937.77,"2,941.98","2,950.07","2,934.21",23.11B,0.24%,0.002375366836307651
2020-06-09,2956.11,"2,939.54","2,957.12","2,932.94",20.90B,0.62%,0.006223424702865661
2020-06-10,2943.75,"2,951.28","2,951.33","2,934.84",20.79B,-0.42%,-0.004189936060254268
2020-06-11,2920.9,"2,939.79","2,952.65","2,912.19",23.37B,-0.78%,-0.007792490814091129
2020-06-12,2919.74,"2,876.80","2,930.26","2,872.62",23.60B,-0.04%,-0.00039721674859345804
2020-06-15,2890.03,"2,908.28","2,922.54","2,890.03",24.32B,-1.02%,-0.010227688526606212
2020-06-16,2931.75,"2,912.83","2,931.78","2,909.13",22.33B,1.44%,0.014332631665736829
2020-06-17,2935.87,"2,932.67","2,936.62","2,919.04",23.47B,0.14%,0.0014043174837805685
2020-06-18,2939.32,"2,929.88","2,942.90","2,920.11",25.87B,0.12%,0.0011744302385268658
2020-06-19,2967.63,"2,938.79","2,973.32","2,935.82",26.43B,0.96%,0.009585392379927022
2020-06-22,2965.27,"2,966.90","2,983.44","2,959.03",26.79B,-0.08%,-0.0007955637629067807
2020-06-23,2970.62,"2,960.89","2,972.40","2,949.85",22.52B,0.18%,0.0018025945388702672
2020-06-24,2979.55,"2,972.98","2,982.94","2,971.22",21.32B,0.30%,0.0030015971660079365
2020-06-29,2961.52,"2,973.08","2,977.91","2,951.77",22.06B,-0.61%,-0.006069632356704363
2020-06-30,2984.67,"2,965.11","2,990.83","2,965.11",21.50B,0.78%,0.007786537922801154
2020-07-01,3025.98,"2,991.18","3,026.19","2,984.98",27.33B,1.38%,0.013745817989655872
2020-07-02,3090.57,"3,023.72","3,092.44","3,021.67",39.11B,2.13%,0.021120533958312603
2020-07-03,3152.81,"3,104.00","3,152.81","3,104.00",45.88B,2.01%,0.019938578760130506
2020-07-06,3332.88,"3,187.84","3,337.27","3,187.84",64.39B,5.71%,0.05554267639965956
2020-07-07,3345.34,"3,380.95","3,407.08","3,336.24",65.78B,0.37%,0.0037315375828101513
2020-07-08,3403.44,"3,337.55","3,421.53","3,327.71",58.71B,1.74%,0.017218352179155662
2020-07-09,3450.59,"3,403.48","3,456.97","3,393.64",62.00B,1.39%,0.01375854607564728
2020-07-10,3383.32,"3,418.93","3,433.11","3,372.51",55.61B,-1.95%,-0.019687754989488722
2020-07-13,3443.29,"3,379.39","3,458.79","3,369.04",55.80B,1.77%,0.01756993375428417
2020-07-14,3414.62,"3,435.02","3,451.22","3,366.08",54.32B,-0.83%,-0.00836119664023399
2020-07-15,3361.3,"3,422.08","3,432.45","3,345.75",49.20B,-1.56%,-0.01573840913060134
2020-07-16,3210.1,"3,356.36","3,373.53","3,209.73",49.06B,-4.50%,-0.046025714604004765
2020-07-17,3214.13,"3,214.40","3,252.78","3,181.27",35.97B,0.13%,0.001254625232480838
2020-07-20,3314.15,"3,243.91","3,314.15","3,220.68",41.86B,3.11%,0.030644465965538683
2020-07-21,3320.89,"3,330.55","3,336.68","3,300.57",35.93B,0.20%,0.002031638789912378
2020-07-22,3333.16,"3,315.18","3,381.98","3,311.79",39.33B,0.37%,0.0036879836812913087
2020-07-23,3325.11,"3,306.15","3,336.30","3,257.83",40.70B,-0.24%,-0.00241804670652537
2020-07-24,3196.77,"3,310.64","3,319.13","3,184.96",42.71B,-3.86%,-0.03936183122368438
2020-07-27,3205.23,"3,210.39","3,221.98","3,174.66",29.93B,0.26%,0.0026429256246373162
2020-07-28,3227.96,"3,226.13","3,245.30","3,208.49",28.94B,0.71%,0.007066508088879641
2020-07-29,3294.55,"3,221.99","3,294.55","3,209.99",32.49B,2.06%,0.020419229309209135
2020-07-30,3286.82,"3,299.57","3,312.45","3,282.16",34.07B,-0.23%,-0.0023490560641789794
2020-07-31,3310.01,"3,280.80","3,333.79","3,261.61",35.38B,0.71%,0.007030678530217544
2020-08-03,3367.97,"3,332.18","3,368.10","3,327.68",40.75B,1.75%,0.01735897844454483
2020-08-04,3371.69,"3,376.44","3,391.07","3,352.50",44.23B,0.11%,0.001103913365889007
2020-08-05,3377.56,"3,363.33","3,383.64","3,333.88",38.58B,0.17%,0.0017394529703506937
2020-08-06,3386.46,"3,380.76","3,392.70","3,334.33",41.53B,0.26%,0.002631572684933174
2020-08-07,3354.04,"3,370.59","3,374.13","3,307.71",40.39B,-0.96%,-0.009619538609821973
2020-08-10,3379.25,"3,341.53","3,399.93","3,335.04",38.14B,0.75%,0.007488201993460095
2020-08-11,3340.29,"3,379.49","3,409.06","3,336.09",40.05B,-1.15%,-0.01159616181507475
2020-08-12,3319.27,"3,327.49","3,335.73","3,263.27",37.83B,-0.63%,-0.0063127503334457205
2020-08-13,3320.73,"3,328.18","3,338.15","3,309.46",32.43B,0.04%,0.0004397590432315095
2020-08-14,3360.1,"3,315.67","3,362.03","3,302.74",30.60B,1.19%,0.011786097160486805
2020-08-17,3438.8,"3,373.90","3,450.90","3,369.37",43.46B,2.34%,0.023151837881154054
2020-08-18,3451.09,"3,441.93","3,456.72","3,432.64",38.07B,0.36%,0.003567549854928891
2020-08-19,3408.13,"3,444.56","3,454.46","3,406.16",40.57B,-1.24%,-0.012526369393628178
2020-08-20,3363.9,"3,385.96","3,394.56","3,352.78",33.56B,-1.30%,-0.013062738626645176
2020-08-21,3380.68,"3,380.23","3,393.92","3,358.00",28.75B,0.50%,0.004975857539399635
2020-08-24,3385.64,"3,391.11","3,396.57","3,368.03",26.62B,0.15%,0.0014660852245891394
2020-08-25,3373.58,"3,392.88","3,408.87","3,364.16",27.71B,-0.36%,-0.0035684628692642323
2020-08-26,3329.74,"3,371.81","3,382.60","3,320.14",29.45B,-1.30%,-0.013080272181509665
2020-08-27,3350.11,"3,333.49","3,351.83","3,312.99",23.71B,0.61%,0.006098958252764258
2020-08-28,3403.81,"3,346.29","3,405.88","3,339.65",27.13B,1.60%,0.01590221134828015
2020-08-31,3395.68,"3,416.55","3,442.74","3,395.47",32.35B,-0.24%,-0.002391356961873065
2020-09-01,3410.61,"3,389.74","3,410.61","3,381.71",24.70B,0.44%,0.004387125422603585
2020-09-02,3404.8,"3,420.47","3,421.40","3,377.21",26.15B,-0.17%,-0.0017049602026638514
2020-09-03,3384.98,"3,404.03","3,425.63","3,374.26",25.53B,-0.58%,-0.005838202797847753
2020-09-04,3355.37,"3,336.41","3,360.11","3,328.55",22.16B,-0.87%,-0.0087859504249178
2020-09-07,3292.59,"3,349.92","3,368.24","3,285.63",26.06B,-1.87%,-0.01888755838872297
2020-09-08,3316.42,"3,301.22","3,324.39","3,276.44",27.11B,0.72%,0.007211398763726255
2020-09-09,3254.63,"3,281.00","3,289.61","3,238.56",35.15B,-1.86%,-0.018807289952869417
2020-09-10,3234.82,"3,282.23","3,285.47","3,227.64",31.25B,-0.61%,-0.006105312941626848
2020-09-11,3260.35,"3,225.78","3,262.50","3,220.54",22.17B,0.79%,0.007861266596048211
2020-09-14,3278.81,"3,275.92","3,283.53","3,261.15",21.39B,0.57%,0.005646000109467699
2020-09-15,3295.68,"3,277.13","3,297.69","3,263.75",19.77B,0.51%,0.0051319682669087015
2020-09-16,3283.92,"3,293.17","3,302.46","3,271.07",20.04B,-0.36%,-0.003574689197772466
2020-09-17,3270.44,"3,277.32","3,290.41","3,248.50",20.29B,-0.41%,-0.004113298325365685
2020-09-18,3338.09,"3,270.91","3,338.32","3,268.53",25.63B,2.07%,0.02047425469685267
2020-09-21,3316.94,"3,348.90","3,350.59","3,313.07",21.65B,-0.63%,-0.006356115962008426
2020-09-22,3274.3,"3,290.67","3,320.23","3,265.70",21.40B,-1.29%,-0.012938565383553029
2020-09-23,3279.71,"3,278.84","3,289.76","3,264.89",16.92B,0.17%,0.0016508980696490734
2020-09-24,3223.18,"3,262.88","3,265.35","3,221.24",20.67B,-1.72%,-0.017386553991003664
2020-09-25,3219.42,"3,234.37","3,239.47","3,208.03",16.48B,-0.12%,-0.001167230753700035
2020-09-28,3217.53,"3,224.98","3,238.18","3,210.89",15.60B,-0.06%,-0.0005872346543977454
2020-09-29,3224.36,"3,231.85","3,242.79","3,219.79",15.13B,0.21%,0.0021204964876024844
2020-09-30,3218.05,"3,232.71","3,244.91","3,202.34",15.35B,-0.20%,-0.0019588948911242825
2020-10-09,3272.08,"3,262.61","3,280.51","3,260.19",18.83B,1.68%,0.01665028226887913
2020-10-12,3358.47,"3,287.33","3,359.15","3,286.11",25.96B,2.64%,0.026059644806350615
2020-10-13,3359.75,"3,353.12","3,361.83","3,334.50",20.49B,0.04%,0.00038105331932811886
2020-10-14,3340.78,"3,353.62","3,353.62","3,332.96",19.87B,-0.56%,-0.005662253786866662
2020-10-15,3332.18,"3,342.92","3,354.58","3,330.00",19.10B,-0.26%,-0.0025775682040447955
2020-10-16,3336.36,"3,334.46","3,348.95","3,319.11",19.43B,0.13%,0.0012536478891789849
2020-10-19,3312.67,"3,351.10","3,371.09","3,307.84",21.23B,-0.71%,-0.007125881593111303
2020-10-20,3328.1,"3,307.15","3,328.10","3,293.77",16.51B,0.47%,0.004647059834257956
2020-10-21,3325.02,"3,332.15","3,332.15","3,304.17",17.76B,-0.09%,-0.0009258814571296179
2020-10-22,3312.5,"3,315.82","3,320.88","3,281.37",16.60B,-0.38%,-0.0037724978149805528
2020-10-23,3278.0,"3,308.16","3,326.05","3,276.62",17.42B,-1.04%,-0.010469710990702633
2020-10-26,3251.12,"3,258.70","3,264.45","3,226.60",16.77B,-0.82%,-0.008233927961619461
2020-10-27,3254.32,"3,240.74","3,258.34","3,235.54",14.91B,0.10%,0.0009837921057123983
2020-10-28,3269.24,"3,256.22","3,275.87","3,238.38",17.32B,0.46%,0.004574197528529054
2020-10-29,3272.73,"3,235.76","3,289.77","3,231.12",18.47B,0.11%,0.0010669569964655932
2020-10-30,3224.53,"3,278.63","3,279.86","3,219.42",23.02B,-1.47%,-0.014837295797684258
2020-11-02,3225.12,"3,228.72","3,242.80","3,209.91",22.68B,0.02%,0.00018295566477099395
2020-11-03,3271.07,"3,239.81","3,278.38","3,237.85",21.53B,1.42%,0.014146989652883918
2020-11-04,3277.44,"3,273.43","3,286.62","3,254.11",18.85B,0.19%,0.0019454813412972977
2020-11-05,3320.13,"3,305.58","3,320.41","3,291.60",22.68B,1.30%,0.012941308936308864
2020-11-06,3312.16,"3,326.46","3,326.46","3,292.15",23.49B,-0.24%,-0.0024033942533961345
2020-11-09,3373.73,"3,329.43","3,380.82","3,329.43",31.02B,1.86%,0.018418412676073075
2020-11-10,3360.15,"3,387.62","3,387.62","3,346.17",27.87B,-0.40%,-0.004033341375186397
2020-11-11,3342.2,"3,354.02","3,365.84","3,339.04",27.12B,-0.53%,-0.005356343048647913
2020-11-12,3338.68,"3,344.46","3,350.28","3,329.49",21.65B,-0.11%,-0.0010537534952629758
2020-11-13,3310.1,"3,327.23","3,327.23","3,291.64",22.79B,-0.86%,-0.008597118878905758
2020-11-16,3346.97,"3,325.62","3,346.97","3,313.65",27.96B,1.11%,0.011077058525370585
2020-11-17,3339.9,"3,347.15","3,347.70","3,323.95",28.36B,-0.21%,-0.0021145925177128446
2020-11-18,3347.3,"3,337.33","3,358.89","3,333.99",28.75B,0.22%,0.002213184298524643
2020-11-19,3363.09,"3,339.09","3,367.33","3,330.45",25.33B,0.47%,0.0047061435006863096
2020-11-20,3377.73,"3,359.60","3,380.15","3,356.31",26.13B,0.44%,0.004343692019231595
2020-11-23,3414.49,"3,384.10","3,431.65","3,377.99",37.39B,1.09%,0.010824254489157312
2020-11-24,3402.82,"3,407.41","3,413.93","3,396.24",30.10B,-0.34%,-0.003423641113277733
2020-11-25,3362.33,"3,417.51","3,423.49","3,362.33",32.21B,-1.19%,-0.011970313585896378
2020-11-26,3369.73,"3,360.06","3,371.45","3,344.28",25.59B,0.22%,0.0021984364311743707
2020-11-27,3408.31,"3,373.84","3,408.31","3,364.49",28.06B,1.14%,0.011383944811317541
2020-11-30,3391.76,"3,418.16","3,456.74","3,391.76",38.50B,-0.49%,-0.004867606562109317
2020-12-01,3451.94,"3,388.99","3,457.64","3,386.91",31.62B,1.77%,0.017587431132410337
2020-12-02,3449.38,"3,453.52","3,465.73","3,435.87",31.28B,-0.07%,-0.0007418870933148375
2020-12-03,3442.14,"3,448.54","3,452.16","3,428.80",29.85B,-0.21%,-0.0021011337596274176
2020-12-04,3444.58,"3,436.73","3,448.40","3,417.05",25.63B,0.07%,0.0007086102243447501
2020-12-07,3416.6,"3,446.65","3,449.58","3,414.31",25.45B,-0.81%,-0.008156076682435055
2020-12-08,3410.18,"3,417.69","3,428.66","3,403.03",22.69B,-0.19%,-0.0018808287047690146
2020-12-09,3371.96,"3,416.08","3,422.54","3,371.92",26.07B,-1.12%,-0.011270898153004975
2020-12-10,3373.28,"3,365.73","3,384.89","3,357.75",24.73B,0.04%,0.0003913871164999709
2020-12-11,3347.19,"3,381.01","3,383.18","3,325.17",29.86B,-0.77%,-0.007764376917298736
2020-12-14,3369.12,"3,349.53","3,371.13","3,338.63",23.98B,0.66%,0.0065303947958363605
2020-12-15,3367.23,"3,366.58","3,373.56","3,348.42",22.57B,-0.06%,-0.0005611347538629011
2020-12-16,3366.98,"3,371.26","3,378.66","3,359.17",22.08B,-0.01%,-7.424775886554943e-05
2020-12-17,3404.87,"3,367.28","3,406.15","3,354.01",27.55B,1.13%,0.011190559568966583
2020-12-18,3394.9,"3,400.49","3,413.81","3,382.75",28.10B,-0.29%,-0.0029324542284734764
2020-12-21,3420.57,"3,394.39","3,423.61","3,381.12",28.38B,0.76%,0.0075328983579861005
2020-12-22,3356.78,"3,410.97","3,415.75","3,353.86",32.30B,-1.86%,-0.018825022707033623
2020-12-23,3382.32,"3,362.47","3,394.21","3,360.20",29.95B,0.76%,0.007579683422427283
2020-12-24,3363.11,"3,382.19","3,394.07","3,354.02",27.50B,-0.57%,-0.0056957234551485445
2020-12-25,3396.56,"3,351.79","3,397.01","3,348.35",29.45B,0.99%,0.00989701362274448
2020-12-28,3397.29,"3,396.36","3,412.52","3,383.65",31.62B,0.02%,0.00021490024148596146
2020-12-29,3379.04,"3,399.29","3,407.09","3,376.09",31.18B,-0.54%,-0.005386409494382807
2020-12-30,3414.45,"3,375.01","3,414.45","3,374.42",29.10B,1.05%,0.010424780395443036
2020-12-31,3473.07,"3,419.73","3,474.92","3,419.73",33.57B,1.72%,0.017022503164619045
2021-01-04,3502.96,"3,474.68","3,511.66","3,457.21",38.08B,0.86%,0.008569396322266203
2021-01-05,3528.68,"3,492.19","3,528.68","3,484.72",40.80B,0.73%,0.007315537969768826
2021-01-06,3550.88,"3,530.91","3,556.80","3,513.13",37.02B,0.63%,0.006271596756257614
2021-01-07,3576.2,"3,552.91","3,576.20","3,526.62",40.53B,0.71%,0.007105324066683519
2021-01-08,3570.11,"3,577.69","3,588.06","3,544.89",34.56B,-0.17%,-0.0017043765171776333
2021-01-11,3531.5,"3,571.32","3,597.70","3,516.99",36.25B,-1.08%,-0.010873697774947913
2021-01-12,3608.34,"3,518.01","3,608.34","3,517.47",32.34B,2.18%,0.021525122926955045
2021-01-13,3598.65,"3,613.28","3,622.35","3,575.59",38.81B,-0.27%,-0.002689057661813542
2021-01-14,3565.9,"3,584.93","3,599.06","3,559.60",34.77B,-0.91%,-0.009142298709023979
2021-01-15,3566.38,"3,566.28","3,589.27","3,533.79",32.46B,0.01%,0.00013459931486833968
2021-01-18,3596.22,"3,554.80","3,608.77","3,544.26",30.17B,0.84%,0.008332218088059548
2021-01-19,3566.38,"3,596.36","3,603.15","3,553.02",32.34B,-0.83%,-0.008332218088059498
2021-01-20,3583.09,"3,564.12","3,589.96","3,556.44",27.23B,0.47%,0.0046744808852091065
2021-01-21,3621.26,"3,590.92","3,636.24","3,585.80",32.75B,1.07%,0.010596474951965758
2021-01-22,3606.75,"3,616.54","3,616.54","3,585.03",32.45B,-0.40%,-0.00401494173125607
2021-01-25,3624.24,"3,605.36","3,637.10","3,591.02",32.73B,0.48%,0.0048375213097616694
2021-01-26,3569.43,"3,610.97","3,610.97","3,564.74",27.81B,-1.51%,-0.015238691975136732
2021-01-27,3573.34,"3,567.55","3,578.80","3,546.49",26.41B,0.11%,0.0010948134660782312
2021-01-28,3505.18,"3,534.67","3,549.54","3,496.88",27.09B,-1.91%,-0.019258858269680434
2021-01-29,3483.07,"3,521.72","3,531.60","3,446.55",29.37B,-0.63%,-0.006327785575860569
2021-02-01,3505.28,"3,477.17","3,506.39","3,469.88",27.76B,0.64%,0.0063563143742582364
2021-02-02,3533.68,"3,510.81","3,535.50","3,495.57",26.45B,0.81%,0.00806941767150819
2021-02-03,3517.31,"3,531.15","3,544.01","3,508.51",29.74B,-0.46%,-0.0046433279332680835
2021-02-04,3501.86,"3,503.78","3,524.72","3,465.77",29.88B,-0.44%,-0.004402237002763364
2021-02-05,3496.33,"3,509.49","3,536.54","3,492.96",29.01B,-0.16%,-0.0015804089774699554
2021-02-08,3532.45,"3,504.56","3,542.21","3,492.13",24.98B,1.03%,0.010277834263530907
2021-02-09,3603.49,"3,539.77","3,604.01","3,528.68",25.38B,2.01%,0.019911139104022188
2021-02-10,3655.09,"3,612.61","3,662.77","3,612.50",25.79B,1.43%,0.014217896402866028
2021-02-18,3675.36,"3,721.09","3,731.69","3,663.66",34.03B,0.55%,0.005530370349195466
2021-02-19,3696.17,"3,661.78","3,699.65","3,634.01",36.11B,0.57%,0.005646061341878956
2021-02-22,3642.44,"3,707.19","3,717.27","3,642.44",48.88B,-1.45%,-0.014643361644267473
2021-02-23,3636.36,"3,617.70","3,672.15","3,617.70",39.89B,-0.17%,-0.0016706054333316305
2021-02-24,3564.08,"3,638.94","3,645.65","3,531.59",36.22B,-1.99%,-0.02007722526931276
2021-02-25,3585.05,"3,595.54","3,608.56","3,568.47",36.62B,0.59%,0.0058664649099668155
2021-02-26,3509.08,"3,514.56","3,550.41","3,500.70",33.33B,-2.12%,-0.02141852609642775
2021-03-01,3551.4,"3,531.48","3,552.57","3,511.99",31.55B,1.21%,0.011987997083305215
2021-03-02,3508.59,"3,566.85","3,566.85","3,485.36",33.98B,-1.21%,-0.012127644573368533
2021-03-03,3576.9,"3,500.16","3,577.62","3,498.72",34.77B,1.95%,0.01928225612883011
2021-03-04,3503.49,"3,546.64","3,552.20","3,487.38",39.36B,-2.05%,-0.020736888962249504
2021-03-05,3501.99,"3,463.31","3,523.57","3,456.67",35.64B,-0.04%,-0.00042823618736279734
2021-03-08,3421.41,"3,524.98","3,542.30","3,421.22",38.70B,-2.30%,-0.023278631536515042
2021-03-09,3359.29,"3,415.34","3,429.15","3,328.31",40.77B,-1.82%,-0.01832310468963124
2021-03-10,3357.74,"3,389.84","3,397.03","3,354.82",29.97B,-0.05%,-0.00046151350448392033
2021-03-11,3436.83,"3,369.90","3,436.83","3,369.90",32.21B,2.36%,0.02328140628671888
2021-03-12,3453.08,"3,447.20","3,454.51","3,417.24",35.80B,0.47%,0.004717051494424702
2021-03-15,3419.95,"3,441.88","3,457.49","3,392.51",36.78B,-0.96%,-0.009640655314358497
2021-03-16,3446.73,"3,424.65","3,448.88","3,406.17",31.67B,0.78%,0.007800024400528882
2021-03-17,3445.55,"3,435.73","3,454.06","3,410.28",28.01B,-0.03%,-0.0003424120933940307
2021-03-18,3463.07,"3,449.64","3,478.14","3,449.38",28.44B,0.51%,0.005071935511809058
2021-03-19,3404.66,"3,423.87","3,439.52","3,389.29",30.92B,-1.69%,-0.01701039744484988
2021-03-22,3443.44,"3,406.12","3,443.66","3,404.23",31.26B,1.14%,0.011325890259695243
2021-03-23,3411.51,"3,445.34","3,445.42","3,390.05",32.64B,-0.93%,-0.009315963187437146
2021-03-24,3367.06,"3,394.13","3,415.29","3,362.18",31.74B,-1.30%,-0.013115048492970589
2021-03-25,3363.59,"3,355.07","3,382.23","3,344.97",27.07B,-0.10%,-0.0010311040709098328
2021-03-26,3418.33,"3,373.32","3,423.22","3,373.32",27.46B,1.63%,0.016143271754604907
2021-03-29,3435.3,"3,429.63","3,449.83","3,409.89",28.48B,0.50%,0.004952130383588542
2021-03-30,3456.68,"3,432.53","3,457.63","3,423.32",28.54B,0.62%,0.0062043327412376606
2021-03-31,3441.91,"3,452.21","3,452.21","3,420.83",28.30B,-0.43%,-0.00428204098762184
2021-04-01,3466.33,"3,444.81","3,470.03","3,438.83",27.52B,0.71%,0.007069847519715387
2021-04-02,3484.39,"3,472.63","3,487.59","3,462.83",26.27B,0.52%,0.00519659564531858
2021-04-06,3482.97,"3,491.63","3,493.28","3,471.76",23.47B,-0.04%,-0.0004076149415735805
2021-04-07,3479.63,"3,483.42","3,483.42","3,453.19",29.58B,-0.10%,-0.0009594117876073518
2021-04-08,3482.55,"3,467.49","3,495.91","3,459.32",33.18B,0.08%,0.0008388177758153096
2021-04-09,3450.68,"3,475.44","3,475.45","3,442.14",28.01B,-0.92%,-0.009193470999945412
2021-04-12,3412.95,"3,445.97","3,456.16","3,403.90",30.96B,-1.09%,-0.010994293121496714
2021-04-13,3396.47,"3,411.29","3,425.39","3,387.90",27.06B,-0.48%,-0.004840362960713312
2021-04-14,3416.72,"3,397.02","3,420.03","3,392.98",23.32B,0.60%,0.005944369562178931
2021-04-15,3398.99,"3,409.61","3,409.61","3,373.09",23.40B,-0.52%,-0.0052026978826999895
2021-04-16,3426.62,"3,407.19","3,432.63","3,394.13",25.86B,0.81%,0.008096023921257514
2021-04-19,3477.55,"3,427.55","3,479.01","3,414.36",30.27B,1.49%,0.01475367026818415
2021-04-20,3472.94,"3,467.15","3,494.30","3,463.46",28.53B,-0.13%,-0.0013265253747596004
2021-04-21,3472.93,"3,456.30","3,481.25","3,450.11",25.38B,0.00%,-2.879408915000748e-06
2021-04-22,3465.11,"3,482.83","3,485.36","3,456.32",25.11B,-0.23%,-0.0022542399039230123
2021-04-23,3474.17,"3,462.09","3,482.36","3,456.33",24.94B,0.26%,0.0026112233972278394
2021-04-26,3441.17,"3,484.11","3,497.12","3,438.57",27.70B,-0.95%,-0.009544071728999284
2021-04-27,3442.61,"3,440.09","3,443.85","3,417.26",25.30B,0.04%,0.0004183747943730689
2021-04-28,3457.07,"3,432.16","3,457.07","3,423.32",24.74B,0.42%,0.004191504872774664
2021-04-29,3474.9,"3,458.08","3,478.23","3,447.59",27.66B,0.52%,0.005144292119178659
2021-04-30,3446.86,"3,468.30","3,469.09","3,426.90",31.27B,-0.81%,-0.008102029941917407
2021-05-06,3441.28,"3,446.07","3,471.24","3,426.85",31.04B,-0.16%,-0.0016201764832339711
2021-05-07,3418.87,"3,446.41","3,457.89","3,416.78",35.38B,-0.65%,-0.006533408078531115
2021-05-10,3427.99,"3,423.59","3,429.74","3,401.93",37.42B,0.27%,0.0026639964578291497
2021-05-11,3441.85,"3,406.60","3,448.10","3,384.70",35.09B,0.40%,0.0040350339469699984
2021-05-12,3462.75,"3,429.75","3,466.37","3,428.39",31.14B,0.61%,0.006053953547681415
2021-05-13,3429.54,"3,432.14","3,448.02","3,418.38",31.93B,-0.96%,-0.009636929676050142
2021-05-14,3490.38,"3,436.09","3,490.64","3,422.56",33.70B,1.77%,0.017584471411533582
2021-05-17,3517.62,"3,490.41","3,530.51","3,490.14",32.21B,0.78%,0.007774011754537469
2021-05-18,3529.01,"3,520.65","3,529.01","3,510.86",27.13B,0.32%,0.003232753789954021
2021-05-19,3510.96,"3,521.11","3,521.11","3,503.82",27.83B,-0.51%,-0.005127873997242355
2021-05-20,3506.94,"3,500.88","3,517.74","3,486.07",32.60B,-0.11%,-0.001145641983979776
2021-05-21,3486.56,"3,510.84","3,518.38","3,479.67",28.38B,-0.58%,-0.005828285605349176
2021-05-24,3497.28,"3,486.27","3,498.30","3,469.87",28.95B,0.31%,0.0030699467396974427
2021-05-25,3581.34,"3,502.54","3,584.58","3,502.44",34.12B,2.40%,0.023751508549017922
2021-05-26,3593.36,"3,586.84","3,603.49","3,585.37",34.20B,0.34%,0.0033506658802936232
2021-05-27,3608.85,"3,585.73","3,626.36","3,579.26",30.96B,0.43%,0.004301464101645596
2021-05-28,3600.78,"3,610.77","3,622.18","3,582.36",34.92B,-0.22%,-0.002238673377230068
2021-05-31,3615.48,"3,600.07","3,615.66","3,580.65",33.15B,0.41%,0.004074138219321868
2021-06-01,3624.71,"3,608.60","3,626.07","3,581.91",35.28B,0.26%,0.0025496582272467325
2021-06-02,3597.14,"3,626.33","3,629.29","3,584.60",34.86B,-0.76%,-0.00763519982707059
2021-06-03,3584.21,"3,595.42","3,618.51","3,584.21",35.42B,-0.36%,-0.00360099813325946
2021-06-04,3591.84,"3,565.47","3,618.80","3,561.89",33.09B,0.21%,0.002126518871883858
2021-06-07,3599.54,"3,597.14","3,600.38","3,581.90",30.37B,0.21%,0.0021414535019897854
2021-06-08,3580.11,"3,598.75","3,621.52","3,563.25",30.45B,-0.54%,-0.005412533322460372
2021-06-09,3591.4,"3,576.80","3,598.71","3,572.64",29.83B,0.32%,0.003148572428110037
2021-06-10,3610.86,"3,587.53","3,624.34","3,584.13",31.82B,0.54%,0.005403872494362633
2021-06-11,3589.75,"3,614.11","3,614.40","3,587.15",36.06B,-0.58%,-0.00586340892767386
2021-06-15,3556.56,"3,587.47","3,592.95","3,547.19",34.92B,-0.92%,-0.009288776624453541
2021-06-16,3518.33,"3,556.71","3,561.09","3,513.56",31.26B,-1.07%,-0.01080734035445543
2021-06-17,3525.6,"3,508.32","3,534.20","3,507.35",27.72B,0.21%,0.0020641893321999122
2021-06-18,3525.1,"3,520.50","3,535.62","3,503.18",29.67B,-0.01%,-0.00014182988946856556
2021-06-21,3529.18,"3,515.50","3,540.30","3,504.01",28.09B,0.12%,0.0011567446868962939
2021-06-22,3557.41,"3,539.79","3,560.19","3,536.81",30.75B,0.80%,0.007967202653993118
2021-06-23,3566.22,"3,559.40","3,577.47","3,549.85",31.07B,0.25%,0.002473459315442246
2021-06-24,3566.65,"3,568.58","3,570.49","3,548.82",33.54B,0.01%,0.00012056857913318072
2021-06-25,3607.56,"3,567.38","3,614.30","3,564.52",34.61B,1.15%,0.011404863652573951
2021-06-28,3606.37,"3,612.25","3,614.36","3,594.22",32.13B,-0.03%,-0.00032991726029886926
2021-06-29,3573.18,"3,601.68","3,601.83","3,570.53",30.61B,-0.92%,-0.009245770677806188
2021-06-30,3591.2,"3,572.62","3,594.12","3,569.50",26.82B,0.50%,0.005030452879479784
2021-07-01,3588.78,"3,600.55","3,607.70","3,573.94",29.19B,-0.07%,-0.0006740966107532783
2021-07-02,3518.76,"3,569.89","3,569.89","3,514.34",29.19B,-1.95%,-0.019703657054711794
2021-07-05,3534.32,"3,516.92","3,534.32","3,510.58",28.81B,0.44%,0.00441226393110324
2021-07-06,3530.26,"3,533.13","3,538.35","3,496.93",31.41B,-0.11%,-0.0011493961274346082
2021-07-07,3553.72,"3,508.59","3,557.88","3,504.47",31.88B,0.66%,0.006623419536806596
2021-07-08,3525.5,"3,557.22","3,558.68","3,521.06",35.09B,-0.79%,-0.00797267198363722
2021-07-09,3524.09,"3,512.23","3,529.31","3,485.05",34.99B,-0.04%,-0.0004000232690984517
2021-07-12,3547.84,"3,545.20","3,565.03","3,527.39",40.36B,0.67%,0.006716720693990178
2021-07-13,3566.52,"3,547.59","3,567.48","3,542.82",36.24B,0.53%,0.0052513628570619855
2021-07-14,3528.5,"3,560.83","3,560.83","3,525.49",37.22B,-1.07%,-0.010717479000163887
2021-07-15,3564.59,"3,519.06","3,565.93","3,514.26",36.33B,1.02%,0.01017618878107515
2021-07-16,3539.3,"3,559.53","3,566.00","3,537.73",36.60B,-0.71%,-0.0071200727602880026
2021-07-19,3539.12,"3,530.49","3,544.88","3,506.34",33.68B,-0.01%,-5.085880748497948e-05
2021-07-20,3536.79,"3,515.07","3,538.64","3,509.19",29.38B,-0.07%,-0.0006585725607627893
2021-07-21,3562.66,"3,543.05","3,569.09","3,543.05",33.90B,0.73%,0.0072879207556570845
2021-07-22,3574.73,"3,563.66","3,576.47","3,558.29",38.11B,0.34%,0.003382191951385319
2021-07-23,3550.4,"3,571.72","3,571.85","3,541.51",44.64B,-0.68%,-0.006829375622137232
2021-07-26,3467.44,"3,538.01","3,538.01","3,424.74",44.29B,-2.34%,-0.023643703671855348
2021-07-27,3381.18,"3,467.45","3,483.87","3,380.28",46.91B,-2.49%,-0.02519180852893778
2021-07-28,3361.59,"3,355.82","3,385.54","3,312.72",39.58B,-0.58%,-0.005810684665142224
2021-07-29,3411.72,"3,403.84","3,416.61","3,382.57",34.46B,1.49%,0.014802486625819367
2021-07-30,3397.36,"3,398.20","3,404.88","3,370.45",38.14B,-0.42%,-0.00421790353162047
2021-08-02,3464.29,"3,385.69","3,464.29","3,367.64",43.29B,1.97%,0.019509046016359756
2021-08-03,3447.99,"3,446.78","3,470.66","3,435.46",40.07B,-0.47%,-0.004716252875593414
2021-08-04,3477.22,"3,442.94","3,477.60","3,440.78",34.87B,0.85%,0.008441671395293678
2021-08-05,3466.55,"3,461.72","3,486.16","3,449.39",34.84B,-0.31%,-0.0030732608937558263
2021-08-06,3458.23,"3,465.48","3,466.39","3,436.93",33.68B,-0.24%,-0.0024029655825817653
2021-08-09,3494.63,"3,441.75","3,502.84","3,438.70",34.99B,1.05%,0.010470607075270937
2021-08-10,3529.93,"3,488.66","3,529.93","3,477.06",34.51B,1.01%,0.010050536160810008
2021-08-11,3532.62,"3,527.11","3,544.09","3,524.04",38.38B,0.08%,0.0007617645553179202
2021-08-12,3524.74,"3,522.72","3,538.40","3,513.45",38.11B,-0.22%,-0.002233130596912341
2021-08-13,3516.3,"3,514.47","3,540.08","3,500.80",37.82B,-0.24%,-0.0023973742635575346
2021-08-16,3517.34,"3,514.34","3,537.85","3,510.90",39.11B,0.03%,0.0002957217052846497
2021-08-17,3446.98,"3,512.11","3,531.72","3,438.12",42.29B,-2.00%,-0.020206536749290394
2021-08-18,3485.29,"3,442.35","3,487.44","3,437.69",38.92B,1.11%,0.011052769152625985
2021-08-19,3465.55,"3,475.30","3,480.46","3,446.01",38.24B,-0.57%,-0.005679904319429342
2021-08-20,3427.33,"3,442.51","3,453.15","3,394.97",39.11B,-1.10%,-0.011089817812997081
2021-08-23,3477.13,"3,436.80","3,481.25","3,436.67",38.47B,1.45%,0.014425708488839466
2021-08-24,3514.47,"3,482.27","3,522.70","3,481.14",43.02B,1.07%,0.010681490652376023
2021-08-25,3540.38,"3,517.92","3,540.39","3,510.07",45.00B,0.74%,0.007345334484912289
2021-08-26,3501.66,"3,537.31","3,537.32","3,499.45",50.29B,-1.09%,-0.010996924245693996
2021-08-27,3522.16,"3,494.42","3,530.19","3,493.38",45.53B,0.59%,0.005837296004100006
2021-08-30,3528.15,"3,535.07","3,539.49","3,512.99",51.28B,0.17%,0.0016992164716905797
2021-08-31,3543.94,"3,519.02","3,543.94","3,496.39",52.42B,0.45%,0.004465448329421486
2021-09-01,3567.1,"3,543.87","3,582.32","3,514.67",66.73B,0.65%,0.006513838169947354
2021-09-02,3597.04,"3,559.90","3,597.37","3,557.68",57.27B,0.84%,0.008358344282854636
2021-09-03,3581.73,"3,602.74","3,613.95","3,569.40",61.45B,-0.43%,-0.004265361116630997
2021-09-06,3621.86,"3,580.14","3,626.29","3,580.14",52.17B,1.12%,0.011141782122991434
2021-09-07,3676.59,"3,621.71","3,681.93","3,615.14",54.77B,1.51%,0.014997986122566713
2021-09-08,3675.19,"3,673.40","3,695.32","3,661.00",58.64B,-0.04%,-0.0003808601500380083
2021-09-09,3693.13,"3,666.82","3,693.45","3,662.16",60.48B,0.49%,0.004869504975230065
2021-09-10,3703.11,"3,691.19","3,722.87","3,681.64",63.52B,0.27%,0.002698670150476132
2021-09-13,3715.37,"3,699.25","3,716.83","3,692.82",55.75B,0.33%,0.0033052623074968893
2021-09-14,3662.6,"3,709.63","3,723.85","3,655.63",56.50B,-1.42%,-0.014304991717129853
2021-09-15,3656.22,"3,651.16","3,677.53","3,638.32",47.50B,-0.17%,-0.001743450888549015
2021-09-16,3607.09,"3,664.84","3,677.92","3,606.73",54.67B,-1.34%,-0.01352847374281616
2021-09-17,3613.97,"3,595.27","3,620.96","3,569.27",51.68B,0.19%,0.0019055379907703502
2021-09-22,3628.49,"3,563.21","3,629.45","3,560.50",47.23B,0.40%,0.004009692688377688
2021-09-23,3642.22,"3,651.27","3,670.95","3,632.28",53.50B,0.38%,0.0037768020786572583
2021-09-24,3613.07,"3,637.87","3,651.43","3,607.79",50.73B,-0.80%,-0.008035559392290082
2021-09-27,3582.83,"3,625.96","3,640.81","3,559.92",51.08B,-0.84%,-0.00840483553572638
2021-09-28,3602.22,"3,577.89","3,610.92","3,568.82",44.42B,0.54%,0.0053973311448394625
2021-09-29,3536.29,"3,573.52","3,573.52","3,518.05",45.25B,-1.83%,-0.01847216708084581
2021-09-30,3568.17,"3,541.93","3,572.43","3,541.93",39.56B,0.90%,0.008974704335522709
2021-10-08,3592.17,"3,609.09","3,612.55","3,571.73",40.72B,0.67%,0.006703617391605786
2021-10-11,3591.71,"3,600.36","3,614.70","3,586.75",39.44B,-0.01%,-0.00012806450013888284
2021-10-12,3546.94,"3,581.30","3,583.64","3,515.14",40.54B,-1.25%,-0.012543152269116559
2021-10-13,3561.76,"3,543.49","3,569.13","3,515.65",32.51B,0.42%,0.004169544774880714
2021-10-14,3558.28,"3,555.11","3,569.69","3,547.18",29.50B,-0.10%,-0.0009775226760270193
2021-10-15,3572.37,"3,551.99","3,578.77","3,542.69",32.03B,0.40%,0.003951959032656742
2021-10-18,3568.14,"3,571.05","3,571.05","3,539.48",34.10B,-0.12%,-0.0011847894603644936
2021-10-19,3593.15,"3,562.30","3,596.79","3,560.62",33.42B,0.70%,0.006984803486845629
2021-10-20,3587.0,"3,583.24","3,596.05","3,574.30",34.42B,-0.17%,-0.0017130565528473808
2021-10-21,3594.78,"3,590.05","3,610.96","3,576.35",35.23B,0.22%,0.0021665946446041357
2021-10-22,3582.6,"3,594.75","3,607.58","3,578.76",35.32B,-0.34%,-0.0033939993958849272
2021-10-25,3609.86,"3,574.26","3,611.09","3,564.21",32.12B,0.76%,0.007580196630481308
2021-10-26,3597.64,"3,612.83","3,625.02","3,589.71",33.73B,-0.34%,-0.003390915493335564
2021-10-27,3562.31,"3,589.86","3,589.86","3,553.13",35.06B,-0.98%,-0.009868864096847493
2021-10-28,3518.42,"3,548.70","3,552.04","3,509.49",37.82B,-1.23%,-0.012397185634958294
2021-10-29,3547.34,"3,519.33","3,547.34","3,502.80",35.88B,0.82%,0.008186001646085041
2021-11-01,3544.48,"3,530.40","3,556.59","3,519.29",38.23B,-0.08%,-0.0008065630980612974
2021-11-02,3505.63,"3,543.38","3,559.05","3,477.66",41.76B,-1.10%,-0.01102121619358686
2021-11-03,3498.54,"3,501.10","3,512.61","3,480.49",30.66B,-0.20%,-0.0020245089487008405
2021-11-04,3526.87,"3,505.89","3,527.95","3,503.01",31.94B,0.81%,0.00806505344469379
2021-11-05,3491.57,"3,520.21","3,525.87","3,491.46",35.45B,-1.00%,-0.010059300261978694
2021-11-08,3498.63,"3,491.97","3,507.27","3,484.24",29.82B,0.20%,0.0020199715031236584
2021-11-09,3507.0,"3,507.11","3,514.95","3,489.04",28.73B,0.24%,0.0023895078622617476
2021-11-10,3492.46,"3,498.94","3,498.94","3,448.44",30.70B,-0.41%,-0.004154612188463897
2021-11-11,3532.79,"3,486.45","3,534.20","3,482.83",32.21B,1.15%,0.011481568071059142
2021-11-12,3539.1,"3,534.15","3,543.65","3,527.39",30.87B,0.18%,0.0017845304931332284
2021-11-15,3533.3,"3,542.90","3,550.44","3,521.29",31.30B,-0.16%,-0.001640179090621791
2021-11-16,3521.79,"3,530.46","3,549.77","3,517.81",31.04B,-0.33%,-0.003262895359734016
2021-11-17,3537.37,"3,518.56","3,537.51","3,513.52",27.67B,0.44%,0.0044141300940692425
2021-11-18,3520.71,"3,531.49","3,537.98","3,513.11",31.24B,-0.47%,-0.004720839361649453
2021-11-19,3560.37,"3,519.28","3,561.91","3,517.65",31.80B,1.13%,0.011201798231758403
2021-11-22,3582.08,"3,562.76","3,585.19","3,562.75",33.00B,0.61%,0.006079165233211115
2021-11-23,3589.09,"3,580.51","3,598.38","3,577.36",36.00B,0.20%,0.001955051193268686
2021-11-24,3592.7,"3,590.02","3,602.74","3,575.29",33.68B,0.10%,0.0010053204852947986
2021-11-25,3584.18,"3,593.39","3,597.15","3,579.53",30.65B,-0.24%,-0.0023742918935402506
2021-11-26,3564.09,"3,576.11","3,576.11","3,554.88",30.10B,-0.56%,-0.005620955250850551
2021-11-29,3562.7,"3,528.67","3,563.68","3,526.35",33.36B,-0.04%,-0.00039007744514021035
2021-11-30,3563.89,"3,570.75","3,582.11","3,546.36",34.92B,0.03%,0.00033396056488739403
2021-12-01,3576.89,"3,561.89","3,576.89","3,558.69",32.99B,0.36%,0.0036410628424664877
2021-12-02,3573.84,"3,573.25","3,586.87","3,567.14",35.40B,-0.09%,-0.000853059809266943
2021-12-03,3607.43,"3,576.45","3,608.47","3,573.21",37.76B,0.94%,0.009354959490302042
2021-12-06,3589.31,"3,615.24","3,626.13","3,586.81",41.87B,-0.50%,-0.0050356239880341115
2021-12-07,3595.09,"3,611.22","3,614.22","3,572.57",40.38B,0.16%,0.0016090421599696868
2021-12-08,3637.57,"3,602.82","3,637.72","3,591.99",36.10B,1.18%,0.011746850668542006
2021-12-09,3673.04,"3,641.16","3,688.40","3,638.70",43.19B,0.98%,0.009703780759954187
2021-12-10,3666.35,"3,654.37","3,667.85","3,651.35",42.00B,-0.18%,-0.0018230402943127074
2021-12-13,3681.08,"3,686.94","3,708.94","3,678.06",42.41B,0.40%,0.004009570621044462
2021-12-14,3661.53,"3,669.81","3,671.68","3,654.66",36.22B,-0.53%,-0.0053250945365905
2021-12-15,3647.63,"3,655.05","3,668.40","3,645.24",37.75B,-0.38%,-0.003803451219216773
2021-12-16,3675.02,"3,648.93","3,675.02","3,644.66",38.13B,0.75%,0.007480933197281289
2021-12-17,3632.36,"3,670.26","3,673.65","3,631.66",40.85B,-1.16%,-0.011676000057041775
2021-12-20,3593.6,"3,620.04","3,643.95","3,589.36",42.39B,-1.07%,-0.010728089207833432
2021-12-21,3625.13,"3,591.45","3,627.09","3,591.45",40.82B,0.88%,0.008735664170588062
2021-12-22,3622.62,"3,632.68","3,635.90","3,616.55",39.48B,-0.07%,-0.0006926287745424023
2021-12-23,3643.34,"3,625.47","3,643.55","3,618.05",38.29B,0.57%,0.005703322386797365
2021-12-24,3618.05,"3,645.39","3,648.96","3,612.07",39.03B,-0.69%,-0.00696563667727974
2021-12-27,3615.97,"3,613.05","3,632.19","3,601.94",32.92B,-0.06%,-0.0005750606322129788
2021-12-28,3630.11,"3,619.64","3,631.08","3,607.36",31.62B,0.39%,0.003902804812597831
2021-12-29,3597.0,"3,630.92","3,630.92","3,596.32",30.51B,-0.91%,-0.009162786134448032
2021-12-30,3619.19,"3,596.49","3,628.92","3,595.50",30.78B,0.62%,0.006150079180804022
2021-12-31,3639.78,"3,626.24","3,642.84","3,624.94",32.97B,0.57%,0.005672996367375116
2022-01-04,3632.33,"3,649.15","3,651.89","3,610.09",40.50B,-0.20%,-0.0020489246192138075
2022-01-05,3595.18,"3,628.26","3,628.26","3,583.47",42.39B,-1.02%,-0.010280256181850526
2022-01-06,3586.08,"3,581.22","3,594.49","3,559.88",37.15B,-0.25%,-0.0025343755471377996
2022-01-07,3579.54,"3,588.99","3,607.23","3,577.10",43.63B,-0.18%,-0.0018253833767219692
2022-01-10,3593.52,"3,572.74","3,593.52","3,555.13",35.62B,0.39%,0.003897922978694366
2022-01-11,3567.44,"3,589.90","3,602.15","3,562.75",35.98B,-0.73%,-0.007283971788364646
2022-01-12,3597.43,"3,578.16","3,599.50","3,572.10",34.31B,0.84%,0.008371449906091314
2022-01-13,3555.26,"3,601.03","3,601.07","3,555.16",36.94B,-1.17%,-0.011791504624729762
2022-01-14,3521.26,"3,544.07","3,548.42","3,519.32",37.69B,-0.96%,-0.009609316903416614
2022-01-17,3541.67,"3,522.09","3,546.09","3,519.43",31.29B,0.58%,0.005779487213382258
2022-01-18,3569.91,"3,541.89","3,579.31","3,531.33",37.71B,0.80%,0.007942018071336062
2022-01-19,3558.18,"3,567.63","3,578.73","3,541.66",33.32B,-0.33%,-0.003291207206508858
2022-01-20,3555.06,"3,556.23","3,576.26","3,540.55",37.95B,-0.09%,-0.0008772374333163534
2022-01-21,3522.57,"3,546.75","3,547.00","3,514.89",32.65B,-0.91%,-0.009181103906838997
2022-01-24,3524.1,"3,508.24","3,531.61","3,500.14",28.03B,0.04%,0.0004342476727425098
2022-01-25,3433.06,"3,509.28","3,519.83","3,433.06",32.74B,-2.58%,-0.02617309276799362
2022-01-26,3455.67,"3,442.69","3,462.12","3,417.76",27.51B,0.66%,0.006564368523789944
2022-01-27,3394.25,"3,456.10","3,456.36","3,392.02",28.06B,-1.78%,-0.01793353677335556
2022-01-28,3361.44,"3,407.59","3,417.05","3,356.56",29.09B,-0.97%,-0.009713369905073344
2022-02-07,3429.58,"3,407.76","3,434.03","3,407.76",32.05B,2.03%,0.02006835110758807
2022-02-08,3452.63,"3,428.54","3,453.19","3,390.46",36.61B,0.67%,0.006698454765656801
2022-02-09,3479.95,"3,450.82","3,484.74","3,444.08",35.02B,0.79%,0.007881666400647653
2022-02-10,3485.91,"3,481.91","3,488.86","3,464.22",35.57B,0.17%,0.0017112033415392694
2022-02-11,3462.95,"3,472.28","3,500.15","3,459.33",36.14B,-0.66%,-0.0066083022408143744
2022-02-14,3428.88,"3,451.85","3,457.26","3,415.45",31.53B,-0.98%,-0.009887149724922585
2022-02-15,3446.09,"3,428.04","3,447.49","3,421.64",27.56B,0.50%,0.005006577759190103
2022-02-16,3465.83,"3,457.07","3,475.06","3,453.80",27.50B,0.57%,0.005711887194635821
2022-02-17,3468.04,"3,464.21","3,480.97","3,454.28",29.73B,0.06%,0.0006374506804526982
2022-02-18,3490.76,"3,451.63","3,490.76","3,447.03",29.51B,0.66%,0.006529884672796674
2022-02-21,3490.61,"3,488.41","3,492.20","3,471.69",30.15B,0.00%,-4.297150846412966e-05
2022-02-22,3457.15,"3,473.29","3,473.39","3,437.67",32.63B,-0.96%,-0.009631955820590898
2022-02-23,3489.15,"3,458.51","3,490.76","3,458.18",32.56B,0.93%,0.009213603320993668
2022-02-24,3429.96,"3,474.37","3,486.98","3,400.21",48.84B,-1.70%,-0.017109554239620243
2022-02-25,3451.41,"3,445.34","3,480.18","3,440.93",37.75B,0.63%,0.006234243899853287
2022-02-28,3462.31,"3,450.32","3,462.31","3,425.52",34.58B,0.32%,0.003153153159511517
2022-03-01,3488.83,"3,471.36","3,491.13","3,465.72",32.60B,0.77%,0.0076304400930110134
2022-03-02,3484.19,"3,478.29","3,486.62","3,467.00",32.94B,-0.13%,-0.0013308439341469594
2022-03-03,3481.11,"3,495.93","3,500.29","3,473.34",41.26B,-0.09%,-0.0008843840755596777
2022-03-04,3447.65,"3,459.98","3,474.88","3,437.70",39.35B,-0.96%,-0.009658368916439154
2022-03-07,3372.86,"3,438.56","3,438.56","3,360.74",39.36B,-2.17%,-0.021931790388062634
2022-03-08,3293.53,"3,372.55","3,383.63","3,287.34",41.59B,-2.35%,-0.023801111232544466
2022-03-09,3256.39,"3,303.71","3,321.48","3,147.68",46.63B,-1.13%,-0.01134071807073529
2022-03-10,3296.09,"3,312.18","3,326.58","3,291.24",37.83B,1.22%,0.012117697662514174
2022-03-11,3309.75,"3,259.32","3,315.66","3,217.42",38.41B,0.41%,0.004135740335958443
2022-03-14,3223.53,"3,271.89","3,297.80","3,223.53",33.80B,-2.60%,-0.026395625456140173
2022-03-15,3063.97,"3,192.36","3,196.92","3,063.97",46.50B,-4.95%,-0.050765571671792964
2022-03-16,3170.71,"3,107.67","3,177.79","3,023.30",44.47B,3.48%,0.034244076866297504
2022-03-17,3215.04,"3,215.01","3,260.17","3,202.93",42.08B,1.40%,0.013884261717818865
2022-03-18,3251.07,"3,207.15","3,260.78","3,197.36",37.30B,1.12%,0.01114437363450742
2022-03-21,3253.69,"3,255.62","3,267.50","3,223.39",35.42B,0.08%,0.0008055639690575716
2022-03-22,3259.86,"3,249.54","3,279.11","3,239.53",36.12B,0.19%,0.0018945127758092086
2022-03-23,3271.03,"3,264.79","3,279.89","3,251.98",34.99B,0.34%,0.0034206703501867804
2022-03-24,3250.26,"3,256.06","3,266.89","3,236.66",32.90B,-0.63%,-0.0063699268795564465
2022-03-25,3212.24,"3,247.16","3,257.11","3,211.64",34.00B,-1.17%,-0.01176648004793979
2022-03-28,3214.5,"3,185.17","3,230.22","3,159.83",34.50B,0.07%,0.0007033115057273022
2022-03-29,3203.94,"3,216.01","3,229.18","3,196.46",31.63B,-0.33%,-0.0032905221605967067
2022-03-30,3266.6,"3,217.59","3,266.60","3,216.30",36.68B,1.96%,0.019368386197894223
2022-03-31,3252.2,"3,256.14","3,272.04","3,246.06",39.84B,-0.44%,-0.004417998227416838
2022-04-01,3282.72,"3,234.67","3,287.23","3,226.30",37.82B,0.94%,0.009340656626273581
2022-04-06,3283.43,"3,269.43","3,288.11","3,255.69",42.96B,0.02%,0.00021626067109864518
2022-04-07,3236.7,"3,267.81","3,290.26","3,236.48",40.26B,-1.42%,-0.014334315463590153
2022-04-08,3251.85,"3,239.88","3,257.09","3,208.35",41.38B,0.47%,0.004669772917230725
2022-04-11,3167.13,"3,239.85","3,239.85","3,156.51",42.42B,-2.61%,-0.02639825013574964
2022-04-12,3213.33,"3,165.12","3,214.54","3,140.90",41.83B,1.46%,0.01448196758466009
2022-04-13,3186.82,"3,199.80","3,225.47","3,183.53",39.12B,-0.82%,-0.008284228216989323
2022-04-14,3225.64,"3,203.63","3,240.00","3,200.23",37.12B,1.22%,0.012107825779200481
2022-04-15,3211.24,"3,210.70","3,229.87","3,200.13",40.78B,-0.45%,-0.004474224786672143
2022-04-18,3195.52,"3,185.94","3,204.03","3,166.98",34.74B,-0.49%,-0.0049073264948944284
2022-04-19,3194.03,"3,192.09","3,207.83","3,174.71",33.99B,-0.05%,-0.00046638653019636056
2022-04-20,3151.05,"3,189.89","3,191.83","3,142.05",36.20B,-1.35%,-0.013547711732194196
2022-04-21,3079.81,"3,138.43","3,160.90","3,069.68",39.19B,-2.26%,-0.022867823856669498
2022-04-22,3086.92,"3,058.40","3,105.66","3,049.36",34.20B,0.23%,0.002305923285271051
2022-04-25,2928.51,"3,034.27","3,043.82","2,928.51",43.36B,-5.13%,-0.052680068796961584
2022-04-26,2886.43,"2,930.45","2,957.68","2,878.26",40.16B,-1.44%,-0.014473316857302614
2022-04-27,2958.28,"2,866.82","2,959.18","2,863.65",42.31B,2.49%,0.024587573959847037
2022-04-28,2975.48,"2,945.81","2,991.51","2,936.79",37.54B,0.58%,0.005797352158931722
2022-04-29,3047.06,"2,986.06","3,048.49","2,968.33",42.39B,2.41%,0.023771820788754672
2022-05-05,3067.76,"3,044.85","3,082.23","3,042.12",38.31B,0.68%,0.006770462277708987
2022-05-06,3001.56,"3,011.32","3,030.69","2,992.72",34.33B,-2.16%,-0.021815500072281037
2022-05-09,3004.14,"2,990.20","3,015.94","2,983.61",29.21B,0.09%,0.0008591838282672458
2022-05-10,3035.84,"2,965.78","3,043.78","2,957.40",37.07B,1.06%,0.01049681987914709
2022-05-11,3058.7,"3,035.39","3,100.90","3,034.67",42.40B,0.75%,0.00750183187197099
2022-05-12,3054.99,"3,044.80","3,072.16","3,032.95",34.44B,-0.12%,-0.0012136697985671333
2022-05-13,3084.28,"3,068.03","3,086.10","3,059.25",33.17B,0.96%,0.009541923464319781
2022-05-16,3073.75,"3,100.55","3,102.58","3,063.40",33.81B,-0.34%,-0.003419928211833418
2022-05-17,3093.7,"3,076.50","3,093.70","3,057.64",33.04B,0.65%,0.006469471039836153
2022-05-18,3085.98,"3,095.89","3,105.84","3,071.30",31.50B,-0.25%,-0.0024985125495330953
2022-05-19,3096.96,"3,046.71","3,096.96","3,042.67",33.66B,0.36%,0.0035517121441938533
2022-05-20,3146.57,"3,107.09","3,146.57","3,107.09",37.23B,1.60%,0.015891985495675276
2022-05-23,3146.86,"3,150.49","3,150.51","3,127.90",35.34B,0.01%,9.215960142730594e-05
2022-05-24,3070.93,"3,149.06","3,153.13","3,070.93",41.63B,-2.41%,-0.024424682959179295
2022-05-25,3107.46,"3,070.17","3,107.63","3,069.95",34.23B,1.19%,0.011825224915529387
2022-05-26,3123.11,"3,111.48","3,133.28","3,079.48",37.03B,0.50%,0.005023627986854917
2022-05-27,3130.24,"3,135.03","3,151.05","3,112.54",35.95B,0.23%,0.002280378705730974
2022-05-30,3149.06,"3,141.96","3,150.89","3,123.15",34.94B,0.60%,0.005994316676399321
2022-05-31,3186.43,"3,149.94","3,188.60","3,142.00",37.45B,1.19%,0.011797172249585198
2022-06-01,3182.16,"3,179.69","3,190.61","3,160.04",36.57B,-0.13%,-0.0013409563623491914
2022-06-02,3195.46,"3,170.31","3,197.28","3,163.76",36.18B,0.42%,0.004170840934538574
2022-06-06,3236.37,"3,196.96","3,237.07","3,181.65",42.20B,1.28%,0.01272127892284136
2022-06-07,3241.76,"3,235.42","3,253.09","3,222.64",40.22B,0.17%,0.0016640608458882483
2022-06-08,3263.79,"3,245.02","3,266.63","3,216.01",43.42B,0.68%,0.006772704601069318
2022-06-09,3238.95,"3,259.49","3,270.56","3,223.48",42.27B,-0.76%,-0.007639893589960192
2022-06-10,3284.83,"3,214.18","3,286.62","3,210.81",43.99B,1.42%,0.014065697010146034
2022-06-13,3255.55,"3,256.27","3,272.99","3,229.31",43.86B,-0.89%,-0.00895366801625453
2022-06-14,3288.91,"3,224.21","3,289.13","3,195.82",45.04B,1.02%,0.0101949706914085
2022-06-15,3305.41,"3,289.10","3,358.55","3,288.85",55.06B,0.50%,0.005004317180352896
2022-06-16,3285.38,"3,306.84","3,319.69","3,277.53",43.32B,-0.61%,-0.0060781975048406454
2022-06-17,3316.79,"3,265.51","3,323.28","3,262.89",39.53B,0.96%,0.009515125173035184
2022-06-20,3315.43,"3,315.78","3,333.90","3,292.93",41.35B,-0.04%,-0.00041011909106225644
2022-06-21,3306.72,"3,313.79","3,329.39","3,279.83",39.45B,-0.26%,-0.002630567118739777
2022-06-22,3267.2,"3,309.12","3,311.02","3,266.54",37.55B,-1.20%,-0.01202341254264903
2022-06-23,3320.15,"3,269.05","3,320.15","3,262.29",40.06B,1.62%,0.016076613642461268
2022-06-24,3349.75,"3,324.74","3,356.71","3,322.95",39.08B,0.89%,0.008875753555909792
2022-06-27,3379.19,"3,364.00","3,393.31","3,364.00",41.41B,0.88%,0.008750319618488614
2022-06-28,3409.21,"3,377.68","3,412.10","3,358.87",41.21B,0.89%,0.008844557096104322
2022-06-29,3361.52,"3,399.68","3,414.65","3,358.47",44.06B,-1.40%,-0.014087340267093205
2022-06-30,3398.62,"3,358.93","3,417.01","3,358.93",38.12B,1.10%,0.010976214242557054
2022-07-01,3387.64,"3,400.26","3,404.05","3,378.36",35.05B,-0.32%,-0.0032359531115289867
2022-07-04,3405.43,"3,381.82","3,405.62","3,364.09",35.77B,0.53%,0.0052377027382876215
2022-07-05,3404.03,"3,411.13","3,424.84","3,372.06",41.17B,-0.04%,-0.0004111926701164307
2022-07-06,3355.35,"3,391.03","3,391.03","3,333.10",38.46B,-1.43%,-0.014403936943185213
2022-07-07,3364.4,"3,353.13","3,375.86","3,332.31",33.44B,0.27%,0.002693554216051399
2022-07-08,3356.08,"3,380.37","3,386.31","3,354.12",32.29B,-0.25%,-0.002476014883039197
2022-07-11,3313.58,"3,341.10","3,341.10","3,297.00",34.27B,-1.27%,-0.012744450313669189
2022-07-12,3281.47,"3,307.22","3,319.25","3,277.08",33.46B,-0.97%,-0.009737683180183662
2022-07-13,3284.29,"3,279.60","3,297.02","3,266.48",33.18B,0.09%,0.0008590019048526898
2022-07-14,3281.74,"3,277.45","3,299.25","3,261.49",35.59B,-0.08%,-0.00077672509208812
2022-07-15,3228.06,"3,261.38","3,288.92","3,228.06",38.02B,-1.64%,-0.016492431946463458
2022-07-18,3278.1,"3,235.09","3,278.47","3,226.23",34.83B,1.55%,0.015382648667117905
2022-07-19,3279.43,"3,278.72","3,283.93","3,256.02",31.57B,0.04%,0.00040564054399648065
2022-07-20,3304.72,"3,291.55","3,308.35","3,287.74",30.15B,0.77%,0.007682122786999722
2022-07-21,3272.0,"3,297.66","3,300.53","3,272.00",33.24B,-0.99%,-0.00995033085316798
2022-07-22,3269.97,"3,276.20","3,293.64","3,246.73",30.07B,-0.06%,-0.000620608185349513
2022-07-25,3250.39,"3,269.71","3,273.18","3,243.03",27.12B,-0.60%,-0.006005821412929056
2022-07-26,3277.44,"3,254.19","3,282.41","3,246.04",25.95B,0.83%,0.008287640709771735
2022-07-27,3275.76,"3,271.78","3,282.57","3,265.73",24.91B,-0.05%,-0.0005127266180810148
2022-07-28,3282.58,"3,287.50","3,305.71","3,277.11",28.81B,0.21%,0.0020797953318530886
2022-07-29,3253.24,"3,282.81","3,294.80","3,246.37",30.73B,-0.89%,-0.008978275744988294
2022-08-01,3259.96,"3,246.62","3,264.30","3,225.55",29.22B,0.21%,0.002063502543912009
2022-08-02,3186.27,"3,231.26","3,231.26","3,155.19",39.42B,-2.26%,-0.02286397170484028
2022-08-03,3163.67,"3,188.89","3,217.55","3,159.46",32.49B,-0.71%,-0.007118207550404431
2022-08-04,3189.04,"3,179.43","3,191.00","3,155.70",26.09B,0.80%,0.007987184956775898
2022-08-05,3227.03,"3,195.23","3,228.89","3,184.45",27.47B,1.19%,0.011842278520663913
2022-08-08,3236.93,"3,218.85","3,237.97","3,214.08",25.43B,0.31%,0.003063140162015535
2022-08-09,3247.43,"3,235.74","3,248.77","3,227.54",25.96B,0.32%,0.003238564539063576
2022-08-10,3230.02,"3,242.36","3,253.17","3,217.81",25.76B,-0.54%,-0.005375585122104447
2022-08-11,3281.67,"3,243.47","3,281.67","3,237.90",30.06B,1.60%,0.015864110000636367
2022-08-12,3276.89,"3,275.77","3,288.22","3,272.84",29.99B,-0.15%,-0.0014576373003652497
2022-08-15,3276.09,"3,268.37","3,286.89","3,261.82",28.71B,-0.02%,-0.000244163725197985
2022-08-16,3277.88,"3,278.68","3,295.02","3,271.57",30.36B,0.05%,0.0005462338230133396
2022-08-17,3292.53,"3,282.10","3,296.00","3,263.35",32.61B,0.45%,0.0044593942471548385
2022-08-18,3277.54,"3,286.37","3,289.14","3,270.56",30.17B,-0.46%,-0.004563125205752456
2022-08-19,3258.08,"3,275.62","3,286.49","3,258.06",33.35B,-0.59%,-0.005955076185280468
2022-08-22,3277.79,"3,249.70","3,278.17","3,247.19",31.45B,0.61%,0.006031349996094371
2022-08-23,3276.22,"3,274.43","3,284.60","3,262.63",31.66B,-0.05%,-0.00047909601298468156
2022-08-24,3215.2,"3,279.17","3,281.88","3,212.39",36.61B,-1.86%,-0.018800754650323163
2022-08-25,3246.25,"3,223.46","3,248.35","3,199.12",33.62B,0.97%,0.009610919841966848
2022-08-26,3236.22,"3,250.63","3,266.27","3,232.28",30.99B,-0.31%,-0.0030945019425899388
2022-08-29,3240.73,"3,203.10","3,240.73","3,199.00",29.70B,0.14%,0.0013926310158019978
2022-08-30,3227.22,"3,240.18","3,243.75","3,212.63",29.43B,-0.42%,-0.00417752754666967
2022-08-31,3202.14,"3,216.53","3,232.02","3,184.39",34.44B,-0.78%,-0.0078017492293196294
2022-09-01,3184.98,"3,196.54","3,214.56","3,181.63",27.47B,-0.54%,-0.005373326722483828
2022-09-02,3186.48,"3,189.64","3,198.28","3,173.79",25.05B,0.05%,0.0004708497040592043
2022-09-05,3199.91,"3,183.95","3,199.91","3,172.04",28.07B,0.42%,0.004205825136546322
2022-09-06,3243.45,"3,207.93","3,244.64","3,203.82",31.89B,1.36%,0.013514893695710987
2022-09-07,3246.29,"3,232.14","3,253.77","3,227.82",30.10B,0.09%,0.0008752277229263518
2022-09-08,3235.59,"3,245.56","3,253.70","3,233.80",28.17B,-0.33%,-0.0033015142888055704
2022-09-09,3262.05,"3,241.18","3,266.20","3,236.51",28.38B,0.82%,0.00814454056097174
2022-09-13,3263.8,"3,272.05","3,278.17","3,259.66",27.62B,0.05%,0.0005363286137280091
2022-09-14,3237.54,"3,224.68","3,250.80","3,221.96",25.52B,-0.80%,-0.008078378553010947
2022-09-15,3199.92,"3,248.97","3,254.18","3,174.39",32.52B,-1.16%,-0.01168797266851067
2022-09-16,3126.4,"3,189.83","3,191.83","3,126.40",31.65B,-2.30%,-0.02324362662684908
2022-09-19,3115.6,"3,122.75","3,135.56","3,101.22",24.91B,-0.35%,-0.003460432802670221
2022-09-20,3122.41,"3,127.84","3,140.03","3,114.04",21.99B,0.22%,0.00218338948010024
2022-09-21,3117.18,"3,116.01","3,129.82","3,091.30",23.30B,-0.17%,-0.001676392591442391
2022-09-22,3108.91,"3,098.77","3,125.68","3,092.82",22.11B,-0.27%,-0.0026565645095651983
2022-09-23,3088.37,"3,106.81","3,124.66","3,072.24",24.31B,-0.66%,-0.00662873880505094
2022-09-26,3051.23,"3,067.57","3,102.65","3,048.51",26.27B,-1.20%,-0.012098655624847849
2022-09-27,3093.86,"3,056.39","3,094.04","3,048.36",23.27B,1.40%,0.013874714245485116
2022-09-28,3045.07,"3,089.10","3,089.10","3,044.86",23.01B,-1.58%,-0.015895612854959325
2022-09-29,3041.2,"3,067.47","3,076.76","3,026.08",23.00B,-0.13%,-0.0012717150312314294
2022-09-30,3024.39,"3,042.17","3,054.61","3,021.93",20.41B,-0.55%,-0.005542756116580001
2022-10-10,2974.15,"3,026.94","3,029.45","2,968.28",24.34B,-1.66%,-0.01675113436778839
2022-10-11,2979.79,"2,978.06","2,986.91","2,953.50",20.86B,0.19%,0.0018945443477663623
2022-10-12,3025.51,"2,976.72","3,025.51","2,934.09",24.80B,1.53%,0.015226844078037975
2022-10-13,3016.36,"3,008.30","3,036.25","3,004.50",24.97B,-0.30%,-0.0030288658958884645
2022-10-14,3071.99,"3,035.03","3,084.27","3,035.03",27.73B,1.84%,0.018274753654102208
2022-10-17,3084.94,"3,060.52","3,087.19","3,052.71",26.26B,0.42%,0.004206648149908408
2022-10-18,3080.96,"3,094.93","3,099.92","3,074.22",24.56B,-0.13%,-0.001290971489241884
2022-10-19,3044.38,"3,073.26","3,081.39","3,044.38",23.09B,-1.19%,-0.01194396878191004
2022-10-20,3035.05,"3,029.30","3,070.26","3,013.69",24.47B,-0.31%,-0.003069369110211664
2022-10-21,3038.93,"3,038.04","3,055.42","3,026.96",24.53B,0.13%,0.0012775809363049224
2022-10-24,2977.56,"3,034.75","3,064.42","2,965.17",29.81B,-2.02%,-0.020401306598855966
2022-10-25,2976.28,"2,969.16","3,001.72","2,944.26",25.56B,-0.04%,-0.00042997461124927435
2022-10-26,2999.5,"2,977.56","3,028.35","2,977.56",26.87B,0.78%,0.00777140954447197
2022-10-27,2982.9,"3,005.04","3,017.26","2,981.69",26.56B,-0.55%,-0.00554962643901021
2022-10-28,2915.93,"2,967.02","2,974.24","2,908.98",29.25B,-2.25%,-0.022707173300693675
2022-10-31,2893.48,"2,893.20","2,926.01","2,885.09",30.20B,-0.77%,-0.007728878407675828
2022-11-01,2969.2,"2,899.50","2,969.20","2,896.76",31.98B,2.62%,0.025832626297623645
2022-11-02,3003.37,"2,960.65","3,019.05","2,954.95",32.51B,1.15%,0.011442435273404635
2022-11-03,2997.81,"2,981.20","3,003.72","2,977.72",25.93B,-0.19%,-0.0018529694462932262
2022-11-04,3070.8,"2,997.00","3,081.59","2,997.00",32.98B,2.43%,0.024056091883240066
2022-11-07,3077.82,"3,062.86","3,088.19","3,054.46",32.06B,0.23%,0.0022834402029227405
2022-11-08,3064.49,"3,077.31","3,078.28","3,047.46",25.65B,-0.43%,-0.004340393411273497
2022-11-09,3048.17,"3,064.46","3,073.92","3,046.19",23.56B,-0.53%,-0.005339750215967991
2022-11-10,3036.13,"3,031.69","3,047.98","3,022.85",27.04B,-0.39%,-0.003957732431291657
2022-11-11,3087.29,"3,099.65","3,117.74","3,070.30",40.96B,1.69%,0.01671000533056121
2022-11-14,3083.4,"3,100.87","3,121.41","3,075.22",36.18B,-0.13%,-0.0012607992024554172
2022-11-15,3134.08,"3,081.14","3,135.59","3,074.50",33.15B,1.64%,0.016302785847658815
2022-11-16,3119.98,"3,133.65","3,145.75","3,115.35",30.34B,-0.45%,-0.004509078547325852
2022-11-17,3115.43,"3,110.96","3,115.44","3,087.17",28.70B,-0.15%,-0.0014594070983545249
2022-11-18,3097.24,"3,116.73","3,126.71","3,096.89",30.00B,-0.58%,-0.0058557921081763414
2022-11-21,3085.04,"3,078.06","3,085.24","3,056.17",25.60B,-0.39%,-0.003946769100266762
2022-11-22,3088.94,"3,084.23","3,118.12","3,076.32",32.76B,0.13%,0.0012633667484284491
2022-11-23,3096.91,"3,084.74","3,108.24","3,075.32",32.62B,0.26%,0.002576850201724947
2022-11-24,3089.31,"3,104.10","3,113.24","3,084.86",26.75B,-0.25%,-0.0024570751843843637
2022-11-25,3101.69,"3,085.46","3,111.42","3,077.97",31.14B,0.40%,0.003999359231585984
2022-11-28,3078.55,"3,055.29","3,080.18","3,034.70",30.58B,-0.75%,-0.007488417321618147
2022-11-29,3149.75,"3,096.11","3,152.00","3,096.11",39.15B,2.31%,0.022864377695227887
2022-11-30,3151.34,"3,141.40","3,158.57","3,137.37",37.27B,0.05%,0.0005046745987590268
2022-12-01,3165.47,"3,187.99","3,198.41","3,164.53",38.70B,0.45%,0.004473784573972554
2022-12-02,3156.14,"3,160.58","3,170.90","3,149.84",30.78B,-0.29%,-0.0029517818322765885
2022-12-05,3211.81,"3,181.92","3,213.44","3,177.06",44.74B,1.76%,0.01748487921024843
2022-12-06,3212.53,"3,200.27","3,224.82","3,195.08",37.36B,0.02%,0.00022414753982967852
2022-12-07,3199.62,"3,204.94","3,226.08","3,188.67",35.41B,-0.40%,-0.004026735944793957
2022-12-08,3197.35,"3,196.02","3,206.72","3,187.26",32.10B,-0.07%,-0.0007097110335928354
2022-12-09,3206.95,"3,197.12","3,212.11","3,182.91",37.33B,0.30%,0.002997987973812809
2022-12-12,3179.04,"3,195.87","3,196.72","3,176.58",33.34B,-0.87%,-0.008741065271919231
2022-12-13,3176.33,"3,179.44","3,187.20","3,171.48",28.58B,-0.09%,-0.0008528221533128686
2022-12-14,3176.53,"3,178.55","3,189.83","3,168.59",26.56B,0.01%,6.296376752098337e-05
2022-12-15,3168.65,"3,177.20","3,179.10","3,158.45",24.30B,-0.25%,-0.0024837763628680633
2022-12-16,3167.86,"3,156.14","3,175.35","3,151.61",25.98B,-0.02%,-0.0002493486174860042
2022-12-19,3107.11,"3,165.31","3,170.26","3,096.10",27.85B,-1.92%,-0.019363247345672373
2022-12-20,3073.77,"3,098.95","3,100.75","3,061.51",21.88B,-1.07%,-0.010788212473682068
2022-12-21,3068.41,"3,078.33","3,085.80","3,060.55",18.91B,-0.17%,-0.001745309111941677
2022-12-22,3054.43,"3,085.80","3,096.24","3,044.60",22.36B,-0.46%,-0.004566516287807402
2022-12-23,3045.87,"3,038.84","3,061.87","3,031.54",19.20B,-0.28%,-0.0028064211983713987
2022-12-26,3065.56,"3,048.20","3,071.84","3,047.35",20.65B,0.65%,0.006443686053555778
2022-12-27,3095.57,"3,077.75","3,098.08","3,074.31",22.22B,0.98%,0.009741796500060265
2022-12-28,3087.4,"3,088.62","3,098.65","3,079.43",22.46B,-0.26%,-0.0026427444270330706
2022-12-29,3073.7,"3,076.73","3,086.00","3,064.46",21.56B,-0.44%,-0.004447265124755923
2022-12-30,3089.26,"3,084.52","3,096.31","3,082.20",21.75B,0.51%,0.005049532387717688
2023-01-03,3116.51,"3,087.51","3,119.86","3,073.05",28.14B,0.88%,0.008782205960794093
2023-01-04,3123.52,"3,117.57","3,129.09","3,109.45",27.33B,0.22%,0.002246785015103408
2023-01-05,3155.22,"3,132.76","3,159.43","3,130.23",25.70B,1.01%,0.010097653144019694
2023-01-06,3157.64,"3,155.07","3,170.74","3,151.84",25.74B,0.08%,0.000766688986779993
2023-01-09,3176.08,"3,169.37","3,183.58","3,165.43",25.81B,0.58%,0.0058228188492674155
2023-01-10,3169.51,"3,178.02","3,178.16","3,165.14",23.30B,-0.21%,-0.0020707301756456345
2023-01-11,3161.84,"3,172.38","3,184.76","3,160.89",23.77B,-0.24%,-0.0024228651873879027
2023-01-12,3163.45,"3,167.27","3,171.59","3,153.40",21.67B,0.05%,0.0005090675794371046
2023-01-13,3195.31,"3,170.35","3,195.31","3,167.51",22.02B,1.01%,0.010020905525856555
2023-01-16,3227.59,"3,198.52","3,251.37","3,197.32",30.67B,1.01%,0.010051618983266496
2023-01-17,3224.24,"3,229.44","3,231.26","3,211.76",22.66B,-0.10%,-0.0010384651489752184
2023-01-18,3224.41,"3,227.59","3,234.82","3,220.37",21.21B,0.00%,5.272421360740504e-05
2023-01-19,3240.28,"3,221.52","3,240.28","3,210.38",22.65B,0.49%,0.004909758048663609
2023-01-20,3264.81,"3,247.20","3,267.06","3,247.20",27.32B,0.76%,0.007541822256176314
2023-01-30,3269.32,"3,308.87","3,310.49","3,266.76",35.33B,0.14%,0.0013804441344748692
2023-01-31,3255.67,"3,266.14","3,277.25","3,252.01",30.02B,-0.42%,-0.0041839205614565625
2023-02-01,3284.92,"3,262.20","3,284.92","3,245.41",33.95B,0.90%,0.008944206867241091
2023-02-02,3285.67,"3,291.78","3,295.76","3,272.41",33.34B,0.02%,0.0002282900023459911
2023-02-03,3263.41,"3,275.66","3,275.66","3,235.35",29.33B,-0.68%,-0.0067979275632176145
2023-02-06,3238.7,"3,244.70","3,250.35","3,226.21",26.71B,-0.76%,-0.0076006462387071365
2023-02-07,3248.09,"3,245.23","3,250.03","3,233.83",25.09B,0.29%,0.002895116554930629
2023-02-08,3232.11,"3,251.50","3,257.11","3,230.44",23.45B,-0.49%,-0.004931956541991597
2023-02-09,3270.38,"3,227.73","3,270.38","3,225.77",25.48B,1.18%,0.011771011375462931
2023-02-10,3260.67,"3,266.44","3,269.99","3,247.23",26.06B,-0.30%,-0.002973490374247195
2023-02-13,3284.16,"3,256.99","3,285.09","3,252.63",29.72B,0.72%,0.007178215740848054
2023-02-14,3293.28,"3,288.97","3,293.73","3,279.19",27.10B,0.28%,0.002773117153340846
2023-02-15,3280.49,"3,294.01","3,296.20","3,274.55",26.99B,-0.39%,-0.0038912271462099783
2023-02-16,3249.03,"3,281.74","3,308.83","3,231.34",38.09B,-0.96%,-0.009636311227668035
2023-02-17,3224.02,"3,244.73","3,262.47","3,223.26",27.85B,-0.77%,-0.0077274621555895985
2023-02-20,3290.34,"3,230.47","3,291.04","3,225.84",32.50B,2.06%,0.020361874803672252
2023-02-21,3306.52,"3,291.63","3,308.79","3,282.44",32.44B,0.49%,0.004905373903498938
2023-02-22,3291.15,"3,292.05","3,307.03","3,286.72",25.54B,-0.47%,-0.004659229032325539
2023-02-23,3287.48,"3,293.52","3,307.44","3,275.36",26.23B,-0.11%,-0.0011157339387441781
2023-02-24,3267.16,"3,287.26","3,288.39","3,253.97",23.42B,-0.62%,-0.0062002078210414945
2023-02-27,3258.03,"3,257.00","3,276.58","3,251.72",24.29B,-0.28%,-0.0027983877735560823
2023-02-28,3279.61,"3,265.74","3,280.42","3,246.14",25.16B,0.66%,0.006601794646982835
2023-03-01,3312.35,"3,279.14","3,315.16","3,272.04",31.84B,1.00%,0.009933394380593211
2023-03-02,3310.65,"3,308.01","3,320.74","3,306.46",32.85B,-0.05%,-0.0005133625358099753
2023-03-03,3328.39,"3,314.77","3,330.60","3,302.62",34.40B,0.54%,0.00534415886068758
2023-03-06,3322.03,"3,332.02","3,333.06","3,308.73",34.05B,-0.19%,-0.0019126617383218906
2023-03-07,3285.1,"3,320.21","3,342.86","3,284.41",39.00B,-1.11%,-0.011178948981173342
2023-03-08,3283.25,"3,271.88","3,283.25","3,263.69",26.04B,-0.06%,-0.0005633073904159099
2023-03-09,3276.09,"3,285.94","3,289.06","3,260.00",26.40B,-0.22%,-0.0021831473421996283
2023-03-10,3230.08,"3,255.51","3,262.15","3,229.50",28.11B,-1.40%,-0.014143733411226845
2023-03-13,3268.7,"3,228.12","3,268.70","3,228.12",29.49B,1.20%,0.01188544761728672
2023-03-14,3245.31,"3,261.92","3,262.00","3,216.99",31.99B,-0.72%,-0.007181475166733682
2023-03-15,3263.31,"3,261.03","3,273.12","3,256.86",30.52B,0.55%,0.005531140515270482
2023-03-16,3226.89,"3,244.47","3,257.43","3,224.72",32.74B,-1.12%,-0.01122319259435931
2023-03-17,3250.55,"3,245.26","3,279.92","3,240.16",34.30B,0.73%,0.007305387691795749
2023-03-20,3234.91,"3,253.93","3,267.99","3,231.65",39.25B,-0.48%,-0.0048231059380787
2023-03-21,3255.65,"3,240.84","3,256.00","3,237.89",30.18B,0.64%,0.006390841650034241
2023-03-22,3265.75,"3,263.41","3,279.39","3,255.74",29.08B,0.31%,0.0030974968796144164
2023-03-23,3286.65,"3,258.78","3,286.65","3,252.99",30.61B,0.64%,0.0063793635551264005
2023-03-24,3265.65,"3,282.74","3,282.74","3,260.84",32.45B,-0.64%,-0.006409984861433712
2023-03-27,3251.4,"3,261.82","3,261.82","3,229.70",33.79B,-0.44%,-0.0043731512602418155
2023-03-28,3245.38,"3,256.60","3,264.10","3,241.74",29.57B,-0.19%,-0.0018532262822345256
2023-03-29,3240.06,"3,253.62","3,254.56","3,229.58",29.69B,-0.16%,-0.001640598384461131
2023-03-30,3261.25,"3,243.07","3,263.74","3,220.98",29.99B,0.65%,0.006518709317510349
2023-03-31,3272.86,"3,263.41","3,278.42","3,260.04",28.36B,0.36%,0.0035536629221395288
2023-04-03,3296.4,"3,277.34","3,299.73","3,276.42",35.77B,0.72%,0.007166743516150634
2023-04-04,3312.56,"3,297.18","3,312.56","3,290.99",38.59B,0.49%,0.004890340448754191
2023-04-06,3312.63,"3,302.75","3,314.53","3,296.05",32.72B,0.00%,2.113146943793585e-05
2023-04-07,3327.65,"3,312.48","3,328.85","3,308.06",28.30B,0.45%,0.004523913333877614
2023-04-10,3315.36,"3,331.51","3,332.72","3,309.92",34.08B,-0.37%,-0.0037001341325257602
2023-04-11,3313.57,"3,317.08","3,317.45","3,298.25",32.06B,-0.05%,-0.0005400570057328488
2023-04-12,3327.18,"3,316.86","3,330.71","3,315.40",34.30B,0.41%,0.004098940347244609
2023-04-13,3318.36,"3,321.27","3,334.47","3,309.25",34.79B,-0.27%,-0.002654413389654852
2023-04-14,3338.15,"3,326.37","3,340.08","3,316.81",33.83B,0.60%,0.005946076339586912
2023-04-17,3385.61,"3,337.06","3,385.61","3,336.39",40.28B,1.42%,0.014117335605547537
2023-04-18,3393.33,"3,379.23","3,396.17","3,375.78",34.84B,0.23%,0.0022776432118865246
2023-04-19,3370.13,"3,391.35","3,394.96","3,364.64",34.61B,-0.68%,-0.006860420847609106
2023-04-20,3367.03,"3,367.05","3,371.37","3,344.02",35.04B,-0.09%,-0.0009202691397506448
2023-04-21,3301.26,"3,364.00","3,367.61","3,301.26",38.74B,-1.95%,-0.019726836367913607
2023-04-24,3275.41,"3,300.81","3,303.09","3,264.93",35.43B,-0.78%,-0.007861161689049339
2023-04-25,3264.87,"3,276.40","3,288.57","3,229.45",38.09B,-0.32%,-0.0032231063882553726
2023-04-26,3264.1,"3,255.22","3,277.98","3,239.99",35.79B,-0.02%,-0.00023587181548393306
2023-04-27,3285.88,"3,256.23","3,299.30","3,253.11",34.16B,0.67%,0.006650426497202751
2023-04-28,3323.27,"3,283.12","3,324.88","3,283.12",40.16B,1.14%,0.011314737567878208
2023-05-04,3350.46,"3,306.48","3,352.75","3,302.03",48.34B,0.82%,0.008148411890651807
2023-05-05,3334.5,"3,350.65","3,364.14","3,321.19",43.65B,-0.48%,-0.004774906752960488
2023-05-08,3395.0,"3,340.99","3,400.18","3,340.99",53.41B,1.81%,0.01798101792043553
2023-05-09,3357.67,"3,402.39","3,418.95","3,356.12",57.30B,-1.10%,-0.011056479965814027
2023-05-10,3319.15,"3,347.70","3,349.72","3,305.25",45.17B,-1.15%,-0.011538554992597793
2023-05-11,3309.55,"3,323.66","3,333.25","3,307.29",35.43B,-0.29%,-0.002896497567172319
2023-05-12,3272.36,"3,304.46","3,319.13","3,271.43",34.73B,-1.12%,-0.011300791346942734
2023-05-15,3310.74,"3,269.88","3,310.74","3,235.87",38.80B,1.17%,0.011660292218601244
2023-05-16,3290.99,"3,310.16","3,317.90","3,282.49",32.25B,-0.60%,-0.0059832979902417665
2023-05-17,3284.23,"3,281.97","3,298.52","3,269.89",28.57B,-0.21%,-0.002056205687950475
2023-05-18,3297.32,"3,288.41","3,313.86","3,284.17",31.00B,0.40%,0.0039777916326888514
2023-05-19,3283.54,"3,288.89","3,302.34","3,268.22",28.54B,-0.42%,-0.004187908613806884
2023-05-22,3296.47,"3,278.60","3,308.53","3,276.54",27.39B,0.39%,0.003930090271181953
2023-05-23,3246.24,"3,294.79","3,298.23","3,246.24",27.53B,-1.52%,-0.015354795456003151
2023-05-24,3204.75,"3,237.70","3,237.70","3,204.38",28.87B,-1.28%,-0.012863319302495457
2023-05-25,3201.26,"3,197.36","3,207.02","3,168.57",28.36B,-0.11%,-0.0010896019036144415
2023-05-26,3212.5,"3,198.88","3,220.77","3,179.82",26.17B,0.35%,0.003504967914845677
2023-05-29,3221.45,"3,219.76","3,230.97","3,208.96",29.74B,0.28%,0.0027821185346127786
2023-05-30,3224.21,"3,214.67","3,230.63","3,186.63",30.35B,0.09%,0.0008563902435694649
2023-05-31,3204.56,"3,214.66","3,216.36","3,190.27",29.46B,-0.61%,-0.006113163542822518
2023-06-01,3204.63,"3,196.15","3,225.09","3,189.52",31.23B,0.00%,2.184363390781112e-05
2023-06-02,3230.07,"3,212.45","3,233.99","3,211.74",29.47B,0.79%,0.007907169735754182
2023-06-05,3232.44,"3,231.81","3,244.18","3,221.63",27.81B,0.07%,0.0007334611803303044
2023-06-06,3195.34,"3,228.41","3,247.35","3,189.27",30.83B,-1.15%,-0.01154377156357186
2023-06-07,3197.76,"3,197.47","3,210.33","3,188.01",25.81B,0.08%,0.0007570662481692486
2023-06-08,3213.59,"3,194.83","3,225.53","3,180.54",29.35B,0.49%,0.004938127591849947
2023-06-09,3231.41,"3,213.03","3,231.41","3,206.10",31.42B,0.55%,0.005529882206571994
2023-06-12,3228.83,"3,225.30","3,239.44","3,210.71",31.38B,-0.08%,-0.0007987319781197043
2023-06-13,3233.67,"3,223.90","3,235.09","3,215.50",28.06B,0.15%,0.0014978726204806394
2023-06-14,3228.99,"3,238.12","3,248.46","3,226.77",30.35B,-0.14%,-0.001448320294763072
2023-06-15,3252.98,"3,230.45","3,252.98","3,229.15",31.33B,0.74%,0.007402104464087899
2023-06-16,3273.33,"3,256.30","3,276.55","3,255.50",32.63B,0.63%,0.0062363160664123144
2023-06-19,3255.81,"3,271.16","3,271.16","3,251.78",32.78B,-0.54%,-0.005366722738517046
2023-06-20,3240.36,"3,252.54","3,252.84","3,237.79",29.83B,-0.47%,-0.004756657886323413
2023-06-21,3197.9,"3,230.11","3,236.36","3,197.90",29.44B,-1.31%,-0.013190090363571398
2023-06-26,3150.62,"3,177.23","3,181.08","3,144.25",30.81B,-1.48%,-0.014895085512605509
2023-06-27,3189.44,"3,153.31","3,194.41","3,148.27",28.76B,1.23%,0.012246093930164428
2023-06-28,3189.38,"3,183.49","3,192.66","3,157.12",27.62B,0.00%,-1.881225681293298e-05
2023-06-29,3182.38,"3,185.42","3,196.50","3,179.53",25.03B,-0.22%,-0.0021971960074268024
2023-06-30,3202.06,"3,178.92","3,212.99","3,177.99",26.54B,0.62%,0.00616500815481831
2023-07-03,3243.98,"3,209.16","3,246.86","3,209.16",31.24B,1.31%,0.013006618318514991
2023-07-04,3245.35,"3,241.23","3,246.96","3,233.99",27.92B,0.04%,0.00042223157717465596
2023-07-05,3222.95,"3,240.05","3,241.84","3,218.60",26.40B,-0.69%,-0.006926113366999635
2023-07-06,3205.57,"3,215.86","3,229.48","3,199.72",24.61B,-0.54%,-0.005407167542628238
2023-07-07,3196.61,"3,197.47","3,212.05","3,189.21",25.57B,-0.28%,-0.0027990484022278462
2023-07-10,3203.7,"3,208.73","3,216.53","3,192.66",23.66B,0.22%,0.0022155185921051293
2023-07-11,3221.37,"3,211.12","3,221.68","3,200.38",22.76B,0.55%,0.005500343046428763
2023-07-12,3196.13,"3,220.38","3,224.33","3,193.44",27.14B,-0.78%,-0.007866031988306403
2023-07-13,3236.48,"3,202.70","3,238.47","3,202.70",27.66B,1.26%,0.01254561654783198
2023-07-14,3237.7,"3,240.97","3,248.39","3,234.00",27.33B,0.04%,0.0003768817099432818
2023-07-17,3209.63,"3,219.02","3,219.02","3,195.89",25.02B,-0.87%,-0.008707535478450396
2023-07-18,3197.82,"3,206.79","3,210.25","3,190.00",23.50B,-0.37%,-0.0036863380514633916
2023-07-19,3198.84,"3,195.01","3,204.36","3,181.56",21.74B,0.03%,0.00031891643721730287
2023-07-20,3169.52,"3,201.91","3,209.06","3,165.67",23.89B,-0.92%,-0.009208087220942417
2023-07-21,3167.75,"3,163.42","3,185.64","3,157.33",22.53B,-0.06%,-0.000558600168850281
2023-07-24,3164.16,"3,157.47","3,178.73","3,151.13",21.66B,-0.11%,-0.00113393916991048
2023-07-25,3231.52,"3,201.46","3,231.75","3,201.46",34.86B,2.13%,0.02106499725097103
2023-07-26,3223.03,"3,228.09","3,229.89","3,212.88",31.72B,-0.26%,-0.002630703889915092
2023-07-27,3216.67,"3,225.48","3,245.60","3,210.47",32.71B,-0.20%,-0.0019752479363480562
2023-07-28,3275.93,"3,206.74","3,280.28","3,200.99",41.11B,1.84%,0.018255135289488692
2023-07-31,3291.04,"3,287.21","3,322.13","3,281.01",45.90B,0.46%,0.004601826006549429
2023-08-01,3290.95,"3,288.76","3,305.34","3,279.57",45.99B,0.00%,-2.7347352398171798e-05
2023-08-02,3261.69,"3,281.86","3,290.82","3,252.30",40.53B,-0.89%,-0.00893081093412902
2023-08-03,3280.46,"3,254.57","3,280.86","3,247.27",38.47B,0.58%,0.005738190504045947
2023-08-04,3288.08,"3,296.09","3,315.05","3,281.73",47.09B,0.23%,0.0023201513329505876
2023-08-07,3268.83,"3,276.78","3,276.78","3,258.54",36.03B,-0.59%,-0.005871685079196817
2023-08-08,3260.62,"3,260.72","3,274.52","3,246.67",31.65B,-0.25%,-0.002514761373985991
2023-08-09,3244.49,"3,251.15","3,257.08","3,240.29",27.12B,-0.49%,-0.0049591884096706115
2023-08-10,3254.56,"3,242.21","3,257.03","3,234.12",28.74B,0.31%,0.0030989169367080867
2023-08-11,3189.25,"3,254.48","3,254.48","3,189.25",33.01B,-2.01%,-0.020271310435777505
2023-08-14,3178.43,"3,159.71","3,180.51","3,141.66",29.98B,-0.34%,-0.0033984152512533993
2023-08-15,3176.18,"3,180.56","3,186.23","3,147.35",27.33B,-0.07%,-0.0007081473431182181
2023-08-16,3150.13,"3,164.70","3,176.63","3,149.72",28.17B,-0.82%,-0.008235495014655713
2023-08-17,3163.74,"3,137.35","3,167.45","3,123.25",29.47B,0.43%,0.004311150238960802
2023-08-18,3131.95,"3,165.10","3,179.12","3,131.95",29.44B,-1.00%,-0.010099058305171183
2023-08-21,3092.98,"3,125.99","3,134.96","3,092.98",26.58B,-1.24%,-0.012520786293029712
2023-08-22,3120.33,"3,103.78","3,126.78","3,074.53",30.93B,0.88%,0.008803737990994553
2023-08-23,3078.4,"3,116.27","3,116.38","3,077.61",27.22B,-1.34%,-0.013528783969739173
2023-08-24,3082.24,"3,085.91","3,106.18","3,072.95",30.00B,0.12%,0.0012466238888499356
2023-08-25,3064.07,"3,068.61","3,085.05","3,053.04",29.33B,-0.59%,-0.005912507807717615
2023-08-28,3098.64,"3,219.04","3,219.04","3,089.12",48.56B,1.13%,0.011219207982053035
2023-08-29,3135.89,"3,091.94","3,145.76","3,090.44",39.89B,1.20%,0.01194971978991751
2023-08-30,3137.14,"3,144.41","3,153.69","3,126.90",34.75B,0.04%,0.0003985314964362392
2023-08-31,3119.88,"3,134.55","3,139.98","3,113.95",31.34B,-0.55%,-0.005517017295523904
2023-09-01,3133.25,"3,126.02","3,143.85","3,123.19",29.23B,0.43%,0.004276264966229137
2023-09-04,3177.06,"3,145.94","3,177.06","3,143.38",36.64B,1.40%,0.013885436340816446
2023-09-05,3154.37,"3,169.74","3,169.74","3,150.08",29.41B,-0.71%,-0.007167447839237073
2023-09-06,3158.08,"3,147.14","3,162.15","3,136.90",26.70B,0.12%,0.0011754549904313344
2023-09-07,3122.35,"3,152.20","3,152.27","3,120.82",26.93B,-1.13%,-0.011378324568536628
2023-09-08,3116.72,"3,114.23","3,126.04","3,104.67",22.81B,-0.18%,-0.0018047566474313362
2023-09-11,3142.78,"3,119.61","3,155.10","3,113.82",29.04B,0.84%,0.00832659176167518
2023-09-12,3137.06,"3,140.34","3,147.51","3,134.32",23.47B,-0.18%,-0.0018217029675491796
2023-09-13,3123.07,"3,137.77","3,143.76","3,106.97",24.97B,-0.45%,-0.004469563184738609
2023-09-14,3126.55,"3,124.85","3,135.02","3,111.86",26.40B,0.11%,0.0011136678260995482
2023-09-15,3117.74,"3,133.59","3,141.96","3,107.45",29.20B,-0.28%,-0.002821779848712597
2023-09-18,3125.93,"3,110.44","3,128.70","3,098.50",25.94B,0.26%,0.0026234585419567472
2023-09-19,3124.96,"3,123.99","3,131.13","3,113.53",25.37B,-0.03%,-0.0003103558078243829
2023-09-20,3108.57,"3,118.67","3,122.13","3,108.16",22.81B,-0.52%,-0.005258669732944637
2023-09-21,3084.7,"3,103.18","3,113.49","3,084.70",22.87B,-0.77%,-0.007708405477301009
2023-09-22,3132.43,"3,084.76","3,132.56","3,078.80",28.60B,1.55%,0.015354653273488918
2023-09-25,3115.61,"3,131.21","3,131.21","3,112.15",25.81B,-0.54%,-0.0053841014565406894
2023-09-26,3102.27,"3,114.02","3,120.29","3,102.27",22.26B,-0.43%,-0.004290858127658995
2023-09-27,3107.32,"3,104.04","3,125.45","3,103.84",24.05B,0.16%,0.0016265167630514607
2023-09-28,3110.48,"3,117.75","3,121.84","3,105.94",23.63B,0.10%,0.00101643676929488
2023-10-09,3096.92,"3,100.00","3,103.36","3,072.64",26.44B,-0.44%,-0.0043689859101961595
2023-10-10,3075.24,"3,104.36","3,109.98","3,073.19",25.53B,-0.70%,-0.007025122214316715
2023-10-11,3078.96,"3,085.70","3,095.66","3,071.94",25.99B,0.12%,0.001208930633736099
2023-10-12,3107.9,"3,101.71","3,109.99","3,092.18",27.48B,0.94%,0.009355379328541111
2023-10-13,3088.1,"3,092.00","3,094.92","3,080.55",25.51B,-0.64%,-0.006391241897711317
2023-10-16,3073.81,"3,091.06","3,091.13","3,063.69",26.39B,-0.46%,-0.004638180570003012
2023-10-17,3083.5,"3,076.43","3,084.07","3,064.89",25.90B,0.32%,0.0031474809615262872
2023-10-18,3058.71,"3,076.58","3,076.58","3,057.06",26.86B,-0.80%,-0.00807205699760748
2023-10-19,3005.39,"3,043.20","3,043.20","3,004.77",30.40B,-1.74%,-0.017585915191963456
2023-10-20,2983.06,"2,995.36","3,006.27","2,977.17",26.71B,-0.74%,-0.007457723950295794
2023-10-23,2939.29,"2,969.79","2,973.66","2,923.51",27.89B,-1.47%,-0.01478156372259198
2023-10-24,2962.24,"2,944.31","2,964.76","2,929.09",31.10B,0.78%,0.007777683309757808
2023-10-25,2974.11,"2,986.41","2,993.30","2,972.42",33.24B,0.40%,0.003999095679839487
2023-10-26,2988.3,"2,960.10","2,990.33","2,956.01",29.18B,0.48%,0.004759829260543899
2023-10-27,3017.78,"2,978.40","3,029.21","2,974.88",32.18B,0.99%,0.009816797893937183
2023-10-30,3021.55,"3,009.61","3,028.26","3,002.35",36.06B,0.12%,0.001248483023678108
2023-10-31,3018.77,"3,019.65","3,023.00","3,006.61",31.99B,-0.09%,-0.0009204810991099494
2023-11-01,3023.08,"3,038.18","3,038.33","3,013.93",28.01B,0.14%,0.001426715569267726
2023-11-02,3009.41,"3,028.66","3,038.64","3,009.12",26.88B,-0.45%,-0.004532132966233329
2023-11-03,3030.8,"3,012.47","3,040.98","3,012.47",26.85B,0.71%,0.007082564816449066
2023-11-06,3058.41,"3,047.13","3,058.99","3,037.69",37.30B,0.91%,0.009068562003133933
2023-11-07,3057.27,"3,052.92","3,064.58","3,042.47",32.69B,-0.04%,-0.0003728121854655443
2023-11-08,3052.37,"3,051.15","3,062.99","3,037.29",33.57B,-0.16%,-0.001604022839511464
2023-11-09,3053.28,"3,047.65","3,063.47","3,045.83",31.56B,0.03%,0.0002980845632286125
2023-11-10,3038.97,"3,043.56","3,044.00","3,027.09",28.55B,-0.47%,-0.004697780398848051
2023-11-13,3046.53,"3,044.03","3,048.62","3,028.17",29.04B,0.25%,0.0024845958061379294
2023-11-14,3056.07,"3,046.82","3,059.53","3,044.43",29.48B,0.31%,0.0031265387773468153
2023-11-15,3072.83,"3,077.03","3,080.13","3,064.35",30.42B,0.55%,0.005469184283326427
2023-11-16,3050.93,"3,066.86","3,071.45","3,050.93",27.11B,-0.71%,-0.007152498910378487
2023-11-17,3054.37,"3,043.62","3,055.86","3,033.75",26.76B,0.11%,0.0011268898707786279
2023-11-20,3068.32,"3,056.93","3,072.51","3,043.51",28.76B,0.46%,0.004556828498238271
2023-11-21,3067.93,"3,074.83","3,089.77","3,063.34",33.07B,-0.01%,-0.0001271134652353837
2023-11-22,3043.61,"3,060.50","3,067.96","3,043.61",28.91B,-0.79%,-0.007958756180137435
2023-11-23,3061.86,"3,041.68","3,062.87","3,034.30",27.66B,0.60%,0.0059782635420356015
2023-11-24,3040.97,"3,060.33","3,060.33","3,037.20",28.78B,-0.68%,-0.006846030969093688
2023-11-27,3031.7,"3,038.19","3,038.36","3,015.01",31.05B,-0.30%,-0.0030530251768802184
2023-11-28,3038.55,"3,028.60","3,039.69","3,020.23",26.89B,0.23%,0.0022569096520308695
2023-11-29,3021.69,"3,038.46","3,038.98","3,017.66",27.80B,-0.56%,-0.005564150429175894
2023-11-30,3029.67,"3,021.10","3,030.91","3,013.77",28.29B,0.26%,0.002637425182354877
2023-12-01,3031.64,"3,027.35","3,035.76","3,010.23",28.61B,0.06%,0.0006500245225423042
2023-12-04,3022.91,"3,033.30","3,038.98","3,022.35",28.82B,-0.29%,-0.0028837836172929646
2023-12-05,2972.3,"3,017.01","3,017.01","2,972.30",29.39B,-1.67%,-0.016883879716503073
2023-12-06,2968.93,"2,966.95","2,985.31","2,959.60",29.41B,-0.11%,-0.0011344453459715966
2023-12-07,2966.21,"2,965.65","2,976.01","2,949.14",29.62B,-0.09%,-0.0009165749048631055
2023-12-08,2969.56,"2,965.39","2,980.83","2,962.33",36.91B,0.11%,0.0011287500545605978
2023-12-11,2991.44,"2,956.29","2,995.67","2,930.42",36.02B,0.74%,0.007341083127691027
2023-12-12,3003.44,"2,986.33","3,003.75","2,980.45",28.76B,0.40%,0.004003421595555015
2023-12-13,2968.76,"2,997.34","2,997.34","2,968.76",28.28B,-1.15%,-0.011613941198491195
2023-12-14,2958.99,"2,979.70","2,986.18","2,958.07",27.15B,-0.33%,-0.0032963633239400728
2023-12-15,2942.56,"2,966.30","2,976.31","2,940.03",28.93B,-0.56%,-0.005568043123719998
2023-12-18,2930.8,"2,936.58","2,951.15","2,924.33",29.31B,-0.40%,-0.004004527464861968
2023-12-19,2932.39,"2,928.76","2,940.50","2,914.13",26.59B,0.05%,0.0005423668818427599
2023-12-20,2902.11,"2,932.12","2,937.10","2,902.04",26.56B,-1.03%,-0.010379731548713664
2023-12-21,2918.71,"2,892.02","2,924.26","2,882.02",28.25B,0.57%,0.0057036792075740635
2023-12-22,2914.78,"2,919.29","2,935.70","2,906.51",29.66B,-0.13%,-0.0013473925881642569
2023-12-25,2918.81,"2,909.88","2,920.63","2,903.99",22.98B,0.14%,0.0013816537127548517
2023-12-26,2898.88,"2,917.97","2,917.97","2,892.84",22.81B,-0.68%,-0.006851543470179385
2023-12-27,2914.61,"2,900.15","2,917.96","2,890.17",24.79B,0.54%,0.005411564615326417
2023-12-28,2954.7,"2,913.11","2,961.65","2,909.39",33.92B,1.38%,0.013661102747516895
2023-12-29,2974.93,"2,950.84","2,975.03","2,950.02",29.07B,0.68%,0.006823386447378183
2024-01-02,2962.28,"2,972.77","2,976.27","2,962.28",30.41B,-0.43%,-0.004261267208662684
2024-01-03,2967.25,"2,957.11","2,971.28","2,953.29",28.55B,0.17%,0.001676355854132773
2024-01-04,2954.35,"2,965.51","2,966.68","2,936.63",26.50B,-0.43%,-0.004356937451572317
2024-01-05,2929.18,"2,949.82","2,967.97","2,916.72",30.10B,-0.85%,-0.00855614012425017
2024-01-08,2887.54,"2,923.46","2,924.46","2,887.54",27.03B,-1.42%,-0.014317591812839599
2024-01-09,2893.25,"2,887.11","2,900.73","2,878.41",26.30B,0.20%,0.0019755091802345936
2024-01-10,2877.7,"2,886.98","2,903.16","2,870.42",24.40B,-0.54%,-0.00538907376904117
2024-01-11,2886.65,"2,873.80","2,896.18","2,867.72",26.71B,0.31%,0.003105296240502158
2024-01-12,2881.98,"2,880.04","2,904.17","2,878.88",26.16B,-0.16%,-0.001619102289520139
2024-01-15,2886.29,"2,872.56","2,904.46","2,869.22",24.46B,0.15%,0.0014943824758838486
2024-01-16,2893.99,"2,881.56","2,896.68","2,861.13",28.63B,0.27%,0.0026642323744300966
2024-01-17,2833.62,"2,887.29","2,887.49","2,833.62",26.13B,-2.09%,-0.021081126597549384
2024-01-18,2845.78,"2,822.67","2,849.26","2,760.98",39.04B,0.43%,0.004282149023236738
2024-01-19,2832.28,"2,836.97","2,849.88","2,822.84",26.67B,-0.47%,-0.004755154203343534
2024-01-22,2756.34,"2,826.50","2,828.32","2,735.37",35.02B,-2.68%,-0.027178328259504673
2024-01-23,2770.98,"2,746.89","2,784.84","2,724.16",30.87B,0.53%,0.00529733550267956
2024-01-24,2820.77,"2,782.14","2,823.70","2,743.40",36.91B,1.80%,0.017808849080318757
2024-01-25,2906.11,"2,823.83","2,906.79","2,821.71",44.20B,3.03%,0.029805519826066305
2024-01-26,2910.22,"2,897.91","2,924.31","2,890.48",42.11B,0.14%,0.0014132625501231484
2024-01-29,2883.36,"2,910.61","2,923.90","2,883.33",41.06B,-0.92%,-0.0092723989125076
2024-01-30,2830.53,"2,866.28","2,881.35","2,829.25",33.57B,-1.83%,-0.018492307515285356
2024-01-31,2788.55,"2,815.50","2,834.01","2,782.59",37.71B,-1.48%,-0.014942225798660306
2024-02-01,2770.74,"2,773.42","2,805.01","2,752.78",35.29B,-0.64%,-0.006407314937867674
2024-02-02,2730.15,"2,773.29","2,791.68","2,666.33",42.62B,-1.46%,-0.01475787979362149
2024-02-05,2702.19,"2,716.08","2,739.74","2,635.09",47.90B,-1.02%,-0.010293997393843162
2024-02-06,2789.49,"2,680.48","2,802.93","2,669.67",50.28B,3.23%,0.031796228076633286
2024-02-07,2829.7,"2,791.51","2,829.70","2,770.53",54.71B,1.44%,0.014311915543682796
2024-02-08,2865.9,"2,832.49","2,867.47","2,827.90",53.11B,1.28%,0.012711737993073277
2024-02-19,2910.54,"2,886.59","2,910.54","2,867.71",45.90B,1.56%,0.015456194016347152
2024-02-20,2922.73,"2,902.88","2,927.31","2,887.47",35.01B,0.42%,0.0041794800325120245
2024-02-21,2950.96,"2,906.02","2,994.61","2,898.05",44.42B,0.97%,0.00961243013093063
2024-02-22,2988.36,"2,945.45","2,988.36","2,944.50",35.41B,1.27%,0.012594200799192056
2024-02-23,3004.88,"2,992.91","3,009.14","2,979.97",38.01B,0.55%,0.005512891804632921
2024-02-26,2977.02,"3,002.12","3,009.48","2,967.06",40.90B,-0.93%,-0.009314833561820595
2024-02-27,3015.48,"2,966.42","3,015.48","2,961.15",37.30B,1.29%,0.01283622130391007
2024-02-28,2957.85,"3,016.26","3,031.49","2,957.85",54.41B,-1.91%,-0.01929636842397202
2024-02-29,3015.17,"2,943.62","3,015.17","2,943.62",40.97B,1.94%,0.01919356026887327
2024-03-01,3027.02,"3,013.82","3,032.23","3,003.76",37.91B,0.39%,0.003922423887063423
2024-03-04,3039.31,"3,026.61","3,040.34","3,007.68",38.78B,0.41%,0.0040518787518905915
2024-03-05,3047.79,"3,027.10","3,052.54","3,022.18",38.35B,0.28%,0.0027862218415585236
2024-03-06,3039.93,"3,041.75","3,060.56","3,034.35",34.10B,-0.26%,-0.002582248975822107
2024-03-07,3027.4,"3,040.21","3,063.69","3,023.12",37.72B,-0.41%,-0.004130323490903383
2024-03-08,3046.02,"3,026.17","3,049.19","3,016.90",31.92B,0.61%,0.006131655093267546
2024-03-11,3068.46,"3,042.62","3,068.46","3,035.45",36.16B,0.74%,0.007339986637265961
2024-03-12,3055.94,"3,068.18","3,075.13","3,044.86",41.57B,-0.41%,-0.0040885694731803805
2024-03-13,3043.83,"3,053.34","3,061.95","3,031.90",36.50B,-0.40%,-0.003970646732763193
2024-03-14,3038.23,"3,042.41","3,060.00","3,020.64",36.41B,-0.18%,-0.0018414818605841496
2024-03-15,3054.64,"3,031.52","3,056.45","3,023.22",36.03B,0.54%,0.005386637062391767
2024-03-18,3084.93,"3,057.21","3,085.31","3,055.92",40.67B,0.99%,0.009867220589592716
2024-03-19,3062.76,"3,077.98","3,090.05","3,062.63",38.41B,-0.72%,-0.007212496435916609
2024-03-20,3079.69,"3,058.65","3,081.75","3,056.65",34.92B,0.55%,0.0055124723429466355
2024-03-21,3077.11,"3,084.41","3,090.05","3,069.27",36.69B,-0.08%,-0.0008380977621549142
2024-03-22,3048.03,"3,070.55","3,073.21","3,027.76",39.47B,-0.95%,-0.009495364511545427
2024-03-25,3026.31,"3,040.50","3,065.26","3,026.31",38.75B,-0.71%,-0.0071514247040915
2024-03-26,3031.48,"3,026.92","3,036.49","3,006.26",34.59B,0.17%,0.0017068935222998786
2024-03-27,2993.14,"3,026.81","3,030.45","2,993.14",34.32B,-1.26%,-0.012727945527024467
2024-03-28,3010.66,"2,988.59","3,033.37","2,984.12",35.32B,0.59%,0.005836320240986583
2024-03-29,3041.17,"3,008.38","3,041.30","3,008.17",33.48B,1.01%,0.010082985968511423
2024-04-01,3077.38,"3,049.02","3,078.49","3,049.02",37.54B,1.19%,0.011836275831036615
2024-04-02,3074.96,"3,076.88","3,085.54","3,063.98",36.73B,-0.08%,-0.0007866925835726474
2024-04-03,3069.3,"3,074.89","3,079.02","3,057.40",36.32B,-0.18%,-0.0018423704729264479
2024-04-08,3047.05,"3,057.33","3,077.35","3,045.47",40.29B,-0.72%,-0.007275613118734128
2024-04-09,3048.54,"3,044.61","3,051.59","3,033.21",33.35B,0.05%,0.0004888780346696394
2024-04-10,3027.33,"3,045.96","3,049.61","3,013.59",34.90B,-0.70%,-0.006981744558816494
2024-04-11,3034.25,"3,013.57","3,050.34","3,009.90",34.09B,0.23%,0.0022832340763478324
2024-04-12,3019.47,"3,035.58","3,043.56","3,014.83",33.42B,-0.49%,-0.004882957707643185
2024-04-15,3057.38,"3,013.67","3,066.94","2,995.54",46.12B,1.26%,0.012477020760855688
2024-04-16,3007.07,"3,043.55","3,052.43","3,005.34",44.81B,-1.65%,-0.01659215730647617
2024-04-17,3071.38,"3,008.06","3,071.38","3,002.06",41.34B,2.14%,0.02116078924870339
2024-04-18,3074.22,"3,060.03","3,102.55","3,057.76",41.63B,0.09%,0.0009242385453541511
2024-04-19,3065.26,"3,060.30","3,080.32","3,055.06",37.55B,-0.29%,-0.002918816043448584
2024-04-22,3044.6,"3,059.06","3,078.42","3,042.54",35.72B,-0.67%,-0.006762864858662659
2024-04-23,3021.98,"3,038.61","3,044.94","3,016.52",32.56B,-0.74%,-0.007457283948054992
2024-04-24,3044.82,"3,029.40","3,045.64","3,019.12",30.53B,0.76%,0.007529540419146191
2024-04-25,3052.9,"3,037.93","3,060.26","3,034.65",29.23B,0.27%,0.0026501724346469904
2024-04-26,3088.64,"3,054.98","3,092.43","3,054.98",43.94B,1.17%,0.01163890602566547
2024-04-29,3113.04,"3,086.68","3,119.69","3,080.59",50.69B,0.79%,0.007868876143969868
2024-04-30,3104.82,"3,110.16","3,123.29","3,104.29",44.02B,-0.26%,-0.002643998027825085
2024-05-06,3140.72,"3,132.51","3,142.38","3,126.77",45.07B,1.16%,0.011496330307573212
2024-05-07,3147.74,"3,139.66","3,151.22","3,133.69",37.91B,0.22%,0.0022326620241190664
2024-05-08,3128.48,"3,141.49","3,144.99","3,126.17",33.40B,-0.61%,-0.006137471426429684
2024-05-09,3154.32,"3,128.16","3,158.46","3,128.16",36.09B,0.83%,0.008225678263897685
2024-05-10,3154.55,"3,158.59","3,163.14","3,137.15",38.43B,0.01%,7.291321586972177e-05
2024-05-13,3148.02,"3,139.48","3,157.37","3,126.17",39.70B,-0.21%,-0.0020721713004675773
2024-05-14,3145.77,"3,148.85","3,155.81","3,137.61",34.35B,-0.07%,-0.0007149905210857891
2024-05-15,3119.9,"3,141.25","3,142.97","3,117.93",32.10B,-0.82%,-0.008257743228355315
2024-05-16,3122.4,"3,127.18","3,137.88","3,116.16",36.74B,0.08%,0.0008009868585816746
2024-05-17,3154.03,"3,121.71","3,154.03","3,116.78",38.39B,1.01%,0.01007906334247735
2024-05-20,3171.15,"3,156.15","3,174.27","3,155.99",42.69B,0.54%,0.0054132979003684144
2024-05-21,3157.97,"3,164.68","3,165.22","3,148.34",33.58B,-0.42%,-0.004164882022129778
2024-05-22,3158.54,"3,157.19","3,166.92","3,152.46",35.41B,0.02%,0.0001804794107972085
2024-05-23,3116.39,"3,149.88","3,150.63","3,110.28",35.39B,-1.33%,-0.013434614877065813
2024-05-24,3088.87,"3,110.75","3,130.42","3,087.79",30.65B,-0.88%,-0.008869952404954582
2024-05-27,3124.04,"3,094.14","3,125.51","3,091.99",31.94B,1.14%,0.01132170775901788
2024-05-28,3109.57,"3,122.39","3,130.31","3,106.36",31.01B,-0.46%,-0.004642583026532736
2024-05-29,3111.02,"3,108.03","3,128.14","3,100.98",29.00B,0.05%,0.0004661937296177149
2024-05-30,3091.68,"3,103.71","3,121.22","3,085.38",30.24B,-0.62%,-0.006236014211310745
2024-05-31,3086.81,"3,094.76","3,107.60","3,086.81",27.61B,-0.16%,-0.0015764372876086081
2024-06-03,3078.49,"3,085.98","3,097.20","3,061.28",35.76B,-0.27%,-0.002698978168320984
2024-06-04,3091.2,"3,071.32","3,095.32","3,063.59",30.93B,0.41%,0.004120148007438091
2024-06-05,3065.4,"3,086.05","3,092.35","3,064.74",29.05B,-0.83%,-0.008381298453391493
2024-06-06,3048.79,"3,069.44","3,077.67","3,040.83",36.99B,-0.54%,-0.005433275989544143
2024-06-07,3051.28,"3,053.92","3,065.02","3,031.04",31.63B,0.08%,0.0008163841196233836
2024-06-11,3028.05,"3,042.13","3,043.20","3,013.86",31.05B,-0.76%,-0.0076423267243400945
2024-06-12,3037.47,"3,025.30","3,042.04","3,021.31",27.95B,0.31%,0.003106084086274186
2024-06-13,3028.92,"3,038.09","3,040.40","3,022.82",29.79B,-0.28%,-0.0028188117352526895
2024-06-14,3032.63,"3,020.96","3,037.90","3,011.58",34.87B,0.12%,0.0012241094978245406
2024-06-17,3015.89,"3,017.72","3,026.62","3,012.05",29.58B,-0.55%,-0.00553525250521178
2024-06-18,3030.25,"3,015.07","3,031.98","3,012.52",27.36B,0.48%,0.004750147036440782
2024-06-19,3018.05,"3,029.10","3,030.23","3,015.33",26.13B,-0.40%,-0.0040341968969745895
2024-06-20,3005.44,"3,015.72","3,028.51","3,001.77",29.55B,-0.42%,-0.004186947574133883
2024-06-21,2998.14,"2,998.24","3,011.91","2,985.93",25.50B,-0.24%,-0.0024318835087458533
2024-06-24,2963.1,"2,982.83","2,990.64","2,960.13",29.87B,-1.17%,-0.011756078788575835
2024-06-25,2950.0,"2,962.77","2,971.65","2,935.54",27.32B,-0.44%,-0.004430847248325765
2024-06-26,2972.53,"2,943.45","2,976.67","2,933.33",28.24B,0.76%,0.0076082716948606115
2024-06-27,2945.85,"2,962.70","2,963.06","2,944.90",27.05B,-0.90%,-0.009016041799384391
2024-06-28,2967.4,"2,940.30","2,985.47","2,939.98",31.52B,0.73%,0.007288748287351588
2024-07-01,2994.73,"2,965.25","2,996.41","2,961.86",29.78B,0.92%,0.009167928718660975
2024-07-02,2997.01,"2,992.86","3,004.99","2,989.47",28.14B,0.08%,0.000761047745745576
2024-07-03,2982.38,"2,995.66","2,998.54","2,978.07",24.63B,-0.49%,-0.00489348552089689
2024-07-04,2957.57,"2,984.83","2,995.57","2,955.29",27.43B,-0.83%,-0.008353654248705721
2024-07-05,2949.93,"2,954.37","2,957.11","2,920.20",27.23B,-0.26%,-0.002586543972723997
2024-07-08,2922.45,"2,939.84","2,947.61","2,917.23",27.75B,-0.93%,-0.009359135678767557
2024-07-09,2959.37,"2,919.57","2,963.78","2,904.04",31.51B,1.26%,0.012554102267075398
2024-07-10,2939.36,"2,949.03","2,958.86","2,935.33",30.15B,-0.68%,-0.0067845372664541576
2024-07-11,2970.39,"2,957.25","2,971.36","2,947.40",32.84B,1.06%,0.010501386746616843
2024-07-12,2971.29,"2,965.61","2,977.14","2,963.30",30.37B,0.03%,0.00030294462404014685
2024-07-15,2974.01,"2,963.85","2,977.31","2,959.13",26.90B,0.09%,0.0009150085579448757
2024-07-16,2976.3,"2,963.90","2,977.36","2,959.67",26.08B,0.08%,0.0007697078347377509
2024-07-17,2962.85,"2,970.81","2,972.79","2,957.95",28.23B,-0.45%,-0.004529275399053291
2024-07-18,2977.13,"2,951.14","2,978.09","2,937.90",27.80B,0.48%,0.004808106259709201
2024-07-19,2982.31,"2,963.51","2,986.24","2,955.12",28.09B,0.17%,0.0017384188126868944
2024-07-22,2964.22,"2,978.19","2,978.60","2,946.56",27.88B,-0.61%,-0.0060842393142059685
2024-07-23,2915.37,"2,960.50","2,960.50","2,915.37",29.63B,-1.65%,-0.01661718727930076
2024-07-24,2901.95,"2,909.15","2,922.03","2,894.29",30.61B,-0.46%,-0.0046138166049978415
2024-07-25,2886.74,"2,891.89","2,897.77","2,872.85",27.46B,-0.52%,-0.005255087076070118
2024-07-26,2890.9,"2,886.00","2,899.12","2,875.40",27.84B,0.14%,0.001440034588130289
2024-07-29,2891.85,"2,889.47","2,898.95","2,878.58",25.69B,0.03%,0.0003285634027222956
2024-07-30,2879.3,"2,885.22","2,885.22","2,865.15",26.25B,-0.43%,-0.004349226681939995
2024-07-31,2938.75,"2,877.54","2,940.59","2,876.30",41.27B,2.06%,0.020437111822631752
2024-08-01,2932.39,"2,940.12","2,947.88","2,928.83",34.66B,-0.22%,-0.0021665306866275598
2024-08-02,2905.34,"2,913.02","2,931.26","2,902.72",31.22B,-0.92%,-0.009267367143319064
2024-08-05,2860.7,"2,889.36","2,919.03","2,860.70",35.55B,-1.54%,-0.015484072913357638
2024-08-06,2867.28,"2,878.65","2,888.20","2,845.33",29.73B,0.23%,0.0022974950661031955
2024-08-07,2869.83,"2,864.01","2,886.94","2,857.72",26.31B,0.09%,0.000888949372741285
2024-08-08,2869.9,"2,864.76","2,886.40","2,850.87",28.91B,0.00%,2.4391391233980448e-05
2024-08-09,2862.19,"2,879.87","2,887.85","2,862.19",28.43B,-0.27%,-0.002690119886327037
2024-08-12,2858.2,"2,858.89","2,869.27","2,851.30",24.42B,-0.14%,-0.0013950100070319802
2024-08-13,2867.95,"2,860.41","2,867.95","2,845.31",23.17B,0.34%,0.0034054327681035074
2024-08-14,2850.65,"2,866.24","2,866.24","2,850.40",21.79B,-0.60%,-0.006050450381711753
2024-08-15,2877.36,"2,844.20","2,889.09","2,839.39",27.19B,0.94%,0.009326168633421774
2024-08-16,2879.43,"2,877.94","2,888.68","2,873.06",26.37B,0.07%,0.0007191508077290153
2024-08-19,2893.67,"2,877.95","2,905.15","2,877.77",26.17B,0.49%,0.004933234788818703
2024-08-20,2866.66,"2,895.55","2,896.52","2,855.33",26.37B,-0.93%,-0.009378003674665554
2024-08-21,2856.58,"2,858.94","2,863.89","2,848.15",22.92B,-0.35%,-0.003522483915624014
2024-08-22,2848.77,"2,856.20","2,861.61","2,845.50",24.54B,-0.27%,-0.0027377829154360315
2024-08-23,2854.37,"2,844.77","2,860.73","2,839.34",22.67B,0.20%,0.001963831082442834
2024-08-26,2855.52,"2,855.47","2,860.65","2,844.38",22.74B,0.04%,0.0004028098669324107
2024-08-27,2848.73,"2,850.88","2,853.78","2,843.16",23.07B,-0.24%,-0.0023806821955361596
2024-08-28,2837.43,"2,844.33","2,852.56","2,830.96",22.87B,-0.40%,-0.003974568030334917
2024-08-29,2823.11,"2,829.45","2,831.43","2,815.38",27.75B,-0.50%,-0.005059598748094908
2024-08-30,2842.21,"2,819.65","2,867.96","2,817.01",39.75B,0.68%,0.006742804419070729
2024-09-02,2811.03,"2,832.35","2,839.28","2,810.37",34.07B,-1.10%,-0.011030954344636
2024-09-03,2802.98,"2,809.17","2,814.90","2,794.91",27.57B,-0.29%,-0.002867827281114002
2024-09-04,2784.28,"2,786.50","2,800.61","2,781.94",25.75B,-0.67%,-0.006693824817403329
2024-09-05,2788.31,"2,785.26","2,796.02","2,777.47",24.20B,0.14%,0.0014463654073076128
2024-09-06,2765.81,"2,791.76","2,804.09","2,765.64",25.36B,-0.81%,-0.008102137902516538
2024-09-09,2736.49,"2,754.72","2,756.56","2,726.97",26.15B,-1.06%,-0.01065746234009353
2024-09-10,2744.19,"2,737.88","2,750.12","2,718.63",26.22B,0.28%,0.0028098721568135558
2024-09-11,2721.8,"2,732.73","2,732.73","2,710.62",24.23B,-0.82%,-0.008192523304950402
2024-09-12,2717.12,"2,722.14","2,734.68","2,716.56",24.01B,-0.17%,-0.0017209303152187238
2024-09-13,2704.09,"2,718.99","2,728.78","2,703.37",25.13B,-0.48%,-0.004807054178376024
2024-09-18,2717.28,"2,705.35","2,724.11","2,689.70",24.78B,0.49%,0.004865938323837004
2024-09-19,2736.02,"2,723.21","2,747.74","2,697.78",31.52B,0.69%,0.006872929700784398
2024-09-20,2736.81,"2,734.23","2,741.16","2,717.95",28.56B,0.03%,0.0002886989018430439
2024-09-23,2748.92,"2,735.39","2,760.48","2,731.36",25.76B,0.44%,0.004415098691250562
2024-09-24,2863.13,"2,770.75","2,863.15","2,761.37",47.76B,4.15%,0.04070732473273714
2024-09-25,2896.31,"2,901.42","2,952.45","2,889.05",56.83B,1.16%,0.011522080992605611
2024-09-26,3000.95,"2,893.75","3,000.95","2,889.01",57.63B,3.61%,0.03549139221292628
2024-09-27,3087.53,"3,049.10","3,087.53","3,017.45",49.23B,2.88%,0.028442513299610322
2024-09-30,3336.5,"3,194.72","3,358.59","3,153.70",110.23B,8.06%,0.07755093485544415
2024-10-08,3489.78,"3,674.40","3,674.40","3,372.19",131.35B,4.59%,0.04491634361659717
2024-10-09,3258.86,"3,427.22","3,437.16","3,249.16",99.28B,-6.62%,-0.06846125600798161
2024-10-10,3301.93,"3,277.69","3,379.81","3,228.12",83.45B,1.32%,0.013129705029921133
2024-10-11,3217.74,"3,287.87","3,297.75","3,187.99",60.60B,-2.55%,-0.02582789621917442
2024-10-14,3284.32,"3,241.43","3,294.62","3,203.90",63.15B,2.07%,0.020480379205845382
2024-10-15,3201.29,"3,265.75","3,285.21","3,201.29",56.61B,-2.53%,-0.025605775414102996
2024-10-16,3202.95,"3,169.17","3,236.85","3,167.74",51.58B,0.05%,0.0005184065672668779
2024-10-17,3169.38,"3,220.73","3,241.57","3,169.38",52.86B,-1.05%,-0.01053627497588655
2024-10-18,3261.56,"3,165.97","3,313.98","3,152.82",69.30B,2.91%,0.028669623364146486
2024-10-21,3268.11,"3,276.06","3,300.66","3,239.10",66.82B,0.20%,0.002006227633847219
2024-10-22,3285.87,"3,263.82","3,294.96","3,255.14",57.49B,0.54%,0.005419620893249181
2024-10-23,3302.8,"3,285.25","3,331.08","3,277.07",65.04B,0.52%,0.005139136505884753
2024-10-24,3280.26,"3,287.82","3,292.94","3,266.88",51.98B,-0.68%,-0.006847906013966282
2024-10-25,3299.7,"3,280.76","3,319.36","3,276.13",59.57B,0.59%,0.005908867701873383
2024-10-28,3322.2,"3,300.46","3,322.20","3,279.72",67.24B,0.68%,0.006795658825795862
2024-10-29,3286.41,"3,328.09","3,340.46","3,284.21",72.53B,-1.08%,-0.010831430484134074
2024-10-30,3266.24,"3,273.64","3,291.68","3,244.81",66.90B,-0.61%,-0.006156307357708789
2024-10-31,3279.82,"3,267.98","3,295.74","3,252.39",78.46B,0.42%,0.004149066608420251
2024-11-01,3272.01,"3,275.58","3,305.32","3,258.73",85.21B,-0.24%,-0.0023840678708674976
2024-11-04,3310.21,"3,275.68","3,310.21","3,263.84",66.51B,1.17%,0.011607156514691257
2024-11-05,3386.99,"3,306.81","3,386.99","3,302.05",82.11B,2.32%,0.022929989880726927
2024-11-06,3383.81,"3,395.22","3,421.00","3,367.08",89.59B,-0.09%,-0.0009393277703725034
2024-11-07,3470.66,"3,359.99","3,470.66","3,356.26",95.96B,2.57%,0.02534248400622372
2024-11-08,3452.3,"3,502.13","3,509.82","3,443.19",96.40B,-0.53%,-0.005304102015389851
2024-11-11,3470.07,"3,432.37","3,471.12","3,416.73",81.80B,0.51%,0.0051340910795312465
2024-11-12,3421.97,"3,469.89","3,489.42","3,402.04",81.79B,-1.39%,-0.013958358037426372
2024-11-13,3439.28,"3,406.92","3,442.30","3,404.53",67.37B,0.51%,0.00504573852440319
2024-11-14,3379.84,"3,429.51","3,441.77","3,376.15",63.16B,-1.73%,-0.017433776056560473
2024-11-15,3330.73,"3,369.81","3,391.32","3,330.73",63.03B,-1.45%,-0.014636871909826845
2024-11-18,3323.85,"3,344.69","3,386.90","3,309.01",74.40B,-0.21%,-0.0020677495653631107
2024-11-19,3346.01,"3,324.88","3,346.76","3,284.13",62.50B,0.67%,0.006644841582135715
2024-11-20,3367.99,"3,337.68","3,375.25","3,333.00",56.62B,0.66%,0.006547536051209913
2024-11-21,3370.4,"3,362.94","3,378.52","3,348.86",53.03B,0.07%,0.000715304428137626
2024-11-22,3267.19,"3,368.04","3,372.00","3,267.19",63.07B,-3.06%,-0.031101143423924036
2024-11-25,3263.76,"3,274.88","3,285.46","3,232.92",53.89B,-0.11%,-0.0010503832720694724
2024-11-26,3259.76,"3,256.86","3,285.33","3,252.87",47.22B,-0.12%,-0.001226331950019782
2024-11-27,3309.78,"3,250.59","3,309.88","3,227.36",51.12B,1.53%,0.015228148886604492
2024-11-28,3295.7,"3,308.28","3,319.26","3,290.36",51.20B,-0.43%,-0.004263133436029966
2024-11-29,3326.46,"3,295.21","3,357.50","3,293.69",58.02B,0.93%,0.00929008698974401
2024-12-02,3363.98,"3,328.48","3,369.30","3,323.01",66.85B,1.13%,0.011216121312842957
2024-12-03,3378.81,"3,366.29","3,386.62","3,348.37",66.30B,0.44%,0.00439877970764516
2024-12-04,3364.65,"3,376.57","3,388.02","3,352.94",62.10B,-0.42%,-0.004199630697455982
2024-12-05,3368.86,"3,353.06","3,377.05","3,353.06",54.39B,0.12%,0.0012504624032882068
2024-12-06,3404.08,"3,370.94","3,418.26","3,364.21",69.82B,1.05%,0.010400303994302642
2024-12-09,3402.53,"3,402.63","3,426.65","3,385.96",69.49B,-0.05%,-0.00045543964669402854
2024-12-10,3422.66,"3,490.29","3,494.87","3,417.77",79.47B,0.59%,0.005898753988996362
2024-12-11,3432.49,"3,416.09","3,437.81","3,416.09",68.15B,0.29%,0.0028679187873673928
2024-12-12,3461.5,"3,432.28","3,464.12","3,425.98",70.01B,0.85%,0.008416075808675606
2024-12-13,3391.88,"3,442.93","3,442.93","3,390.75",77.75B,-2.01%,-0.020317681190570452
2024-12-16,3386.33,"3,390.08","3,401.93","3,376.54",62.56B,-0.16%,-0.001637600853412125
2024-12-17,3361.49,"3,381.81","3,396.21","3,357.77",56.89B,-0.73%,-0.007362411031843745
2024-12-18,3382.21,"3,371.30","3,396.46","3,371.30",51.25B,0.62%,0.0061450139243909374
2024-12-19,3370.03,"3,355.90","3,377.53","3,346.47",51.39B,-0.36%,-0.003607695582709317
2024-12-20,3368.07,"3,364.48","3,390.62","3,362.82",49.10B,-0.06%,-0.0005817663897183081
2024-12-23,3351.26,"3,367.90","3,384.99","3,348.28",55.67B,-0.50%,-0.005003485487291616
2024-12-24,3393.53,"3,353.54","3,394.90","3,352.95",47.20B,1.26%,0.012534283028045393
2024-12-25,3393.35,"3,395.11","3,406.21","3,374.01",47.13B,-0.01%,-5.304351927317032e-05
2024-12-26,3398.08,"3,389.34","3,401.10","3,380.25",42.22B,0.14%,0.0013929321997828647
2024-12-27,3400.14,"3,397.29","3,418.95","3,388.32",50.05B,0.06%,0.0006060410116326723
2024-12-30,3407.33,"3,395.40","3,412.84","3,394.96",45.53B,0.21%,0.0021123861503867694
2024-12-31,3351.76,"3,406.97","3,413.45","3,351.76",50.27B,-1.63%,-0.016443412384206452
2025-01-02,3262.56,"3,347.94","3,351.72","3,242.09",56.14B,-2.66%,-0.026973417726855894
2025-01-03,3211.43,"3,267.08","3,273.57","3,205.78",51.76B,-1.57%,-0.015795842474364993
2025-01-06,3206.92,"3,209.78","3,219.49","3,185.46",43.10B,-0.14%,-0.001405345841928086
2025-01-07,3229.64,"3,203.31","3,230.85","3,190.46",40.97B,0.71%,0.007059700946616141
2025-01-08,3230.17,"3,218.86","3,246.29","3,175.72",47.29B,0.02%,0.00016409151389574497
2025-01-09,3211.39,"3,220.72","3,228.97","3,205.91",38.29B,-0.58%,-0.005830902206628012
2025-01-10,3168.52,"3,211.71","3,220.11","3,168.52",40.37B,-1.33%,-0.013439263325298743
2025-01-13,3160.75,"3,148.83","3,172.70","3,140.98",37.27B,-0.25%,-0.0024552606867228217
2025-01-14,3240.94,"3,165.16","3,245.22","3,159.43",46.92B,2.54%,0.02505406997348637
2025-01-15,3227.12,"3,234.72","3,245.90","3,222.24",40.47B,-0.43%,-0.004273312563831906
2025-01-16,3236.03,"3,239.03","3,265.28","3,217.10",43.07B,0.28%,0.0027571712383217457
2025-01-17,3241.82,"3,226.76","3,256.51","3,219.77",38.36B,0.18%,0.0017876306311161677
2025-01-20,3244.38,"3,256.15","3,268.26","3,238.12",40.33B,0.08%,0.0007893682380834914
2025-01-21,3242.62,"3,256.83","3,258.61","3,229.07",38.46B,-0.05%,-0.0005426237222706733
2025-01-22,3213.62,"3,235.49","3,235.50","3,203.38",36.48B,-0.89%,-0.008983617411293192
2025-01-23,3230.16,"3,237.60","3,273.52","3,229.57",45.82B,0.51%,0.005133644017950693
2025-01-24,3252.63,"3,222.88","3,260.01","3,221.71",39.87B,0.70%,0.006932228248760739
2025-01-27,3250.6,"3,256.61","3,274.39","3,250.60",38.75B,-0.06%,-0.0006243051732551791
2025-02-05,3229.49,"3,270.16","3,271.02","3,220.28",40.64B,-0.65%,-0.006515364655901785
2025-02-06,3270.66,"3,226.57","3,271.43","3,225.85",46.08B,1.27%,0.012667569374595075
2025-02-07,3303.67,"3,269.23","3,324.43","3,262.51",60.06B,1.01%,0.0100421723302422
2025-02-10,3322.17,"3,308.04","3,325.36","3,299.24",54.66B,0.56%,0.005584212137456338
2025-02-11,3318.06,"3,323.67","3,324.17","3,304.44",51.19B,-0.12%,-0.0012379090859363222
2025-02-12,3346.39,"3,312.26","3,346.39","3,310.39",51.34B,0.85%,0.008501878068073447
2025-02-13,3332.48,"3,343.23","3,359.18","3,332.48",56.86B,-0.42%,-0.004165381303124929
2025-02-14,3346.72,"3,328.48","3,349.08","3,322.53",53.23B,0.43%,0.0042639901711302155
2025-02-17,3355.83,"3,355.42","3,357.12","3,333.19",58.95B,0.27%,0.0027183700561394177
2025-02-18,3324.49,"3,348.98","3,366.01","3,314.30",56.27B,-0.93%,-0.009382852894887057
2025-02-19,3351.54,"3,320.78","3,352.09","3,320.58",50.29B,0.81%,0.00810366281442715
2025-02-20,3350.78,"3,347.59","3,355.56","3,338.03",50.44B,-0.02%,-0.00022678714333456218
2025-02-21,3379.11,"3,356.69","3,381.06","3,339.03",60.82B,0.85%,0.008419206656527033
2025-02-24,3373.03,"3,374.08","3,384.81","3,355.87",59.82B,-0.18%,-0.0018009110128824146
2025-02-25,3346.04,"3,345.65","3,369.56","3,337.84",52.76B,-0.80%,-0.008033893133661473
2025-02-26,3380.21,"3,351.21","3,380.21","3,351.21",55.40B,1.02%,0.01016028067664171
2025-02-27,3388.06,"3,378.45","3,388.78","3,353.57",57.58B,0.23%,0.0023196484537168272
2025-02-28,3320.9,"3,374.66","3,383.19","3,318.72",56.83B,-1.98%,-0.02002165566713298
2025-03-03,3316.93,"3,328.40","3,349.02","3,304.59",50.24B,-0.12%,-0.0011961741934841204
2025-03-04,3324.21,"3,300.50","3,327.82","3,297.53",43.00B,0.22%,0.0021923955573900544
2025-03-05,3341.96,"3,324.70","3,342.71","3,314.15",46.10B,0.53%,0.005325409327732197
2025-03-06,3381.1,"3,353.57","3,387.05","3,348.68",54.00B,1.17%,0.011643639115902603
2025-03-07,3372.55,"3,373.18","3,390.94","3,363.93",51.77B,-0.25%,-0.0025319655498076974
2025-03-10,3366.16,"3,373.26","3,375.80","3,347.19",45.04B,-0.19%,-0.0018965059826767236
2025-03-11,3379.83,"3,335.44","3,379.83","3,334.83",44.85B,0.41%,0.0040527835679774055
2025-03-12,3371.92,"3,385.69","3,392.41","3,370.22",50.22B,-0.23%,-0.002343097306296453
2025-03-13,3358.73,"3,371.09","3,377.12","3,341.12",51.90B,-0.39%,-0.003919388732132368
2025-03-14,3419.56,"3,361.69","3,421.23","3,360.61",58.27B,1.81%,0.017948961493361622
2025-03-17,3426.13,"3,430.81","3,436.35","3,422.46",51.57B,0.19%,0.0019194564805480618
2025-03-18,3429.76,"3,434.57","3,437.07","3,423.30",45.49B,0.11%,0.0010589435767528953
2025-03-19,3426.43,"3,424.17","3,439.05","3,414.59",44.03B,-0.10%,-0.0009713850584205717
2025-03-20,3408.95,"3,425.22","3,427.05","3,404.66",45.16B,-0.51%,-0.005114576835457722
2025-03-21,3364.83,"3,401.76","3,414.71","3,355.84",52.09B,-1.29%,-0.013026884229340835
2025-03-24,3370.03,"3,364.83","3,373.69","3,340.24",51.33B,0.15%,0.0015442046407238656
2025-03-25,3369.98,"3,370.00","3,379.99","3,361.05",45.64B,0.00%,-1.483677323951973e-05
2025-03-26,3368.7,"3,365.67","3,382.34","3,365.67",42.85B,-0.04%,-0.0003798963640933682
2025-03-27,3373.75,"3,362.71","3,394.03","3,351.17",41.48B,0.15%,0.0014979720856117026
2025-03-28,3351.31,"3,372.04","3,375.05","3,346.08",41.23B,-0.67%,-0.006673571175064925
2025-03-31,3335.75,"3,343.34","3,361.74","3,317.74",47.26B,-0.46%,-0.004653772534619518
2025-04-01,3348.44,"3,340.71","3,357.62","3,338.78",42.26B,0.38%,0.003797024096080013
2025-04-02,3350.13,"3,344.17","3,361.13","3,343.12",35.01B,0.05%,0.0005045853177191047
2025-04-03,3342.01,"3,319.61","3,358.43","3,319.61",40.05B,-0.24%,-0.0024267286652394477
2025-04-07,3096.58,"3,193.10","3,217.78","3,040.69",66.22B,-7.34%,-0.07627414570584592
2025-04-08,3145.55,"3,094.26","3,145.55","3,085.12",66.22B,1.58%,0.015690478942555073
2025-04-09,3186.81,"3,110.01","3,186.81","3,070.08",68.48B,1.31%,0.013031660837507765
2025-04-10,3223.64,"3,227.84","3,239.94","3,201.57",59.12B,1.16%,0.011490739415470326
2025-04-11,3238.23,"3,219.51","3,249.85","3,211.35",47.55B,0.45%,0.004515728355112362
2025-04-14,3262.81,"3,251.98","3,272.72","3,244.73",47.14B,0.76%,0.007561903058113383
2025-04-15,3267.66,"3,260.69","3,268.98","3,246.34",39.67B,0.15%,0.0014853451257543972
2025-04-16,3276.0,"3,267.67","3,276.00","3,233.79",42.95B,0.26%,0.0025490335732029634
2025-04-17,3280.34,"3,261.72","3,285.92","3,258.15",38.20B,0.13%,0.0013239095696398312
2025-04-18,3276.73,"3,270.35","3,283.09","3,262.39",35.88B,-0.11%,-0.0011011016703308123
2025-04-21,3291.43,"3,273.14","3,298.64","3,270.01",37.93B,0.45%,0.004476146909928507
2025-04-22,3299.76,"3,289.17","3,311.15","3,288.33",40.32B,0.25%,0.0025276177548902838
2025-04-23,3296.36,"3,308.15","3,312.19","3,293.06",41.16B,-0.10%,-0.001030909171185241
2025-04-24,3297.29,"3,295.15","3,313.51","3,286.24",39.28B,0.03%,0.0002820895880633799
2025-04-25,3295.06,"3,300.39","3,305.26","3,288.75",41.10B,-0.07%,-0.0006765417749535861
2025-04-28,3288.41,"3,292.06","3,296.93","3,279.88",41.07B,-0.20%,-0.0020202119130780507
2025-04-29,3286.65,"3,281.45","3,294.98","3,277.63",38.90B,-0.05%,-0.0005353563441353292
2025-04-30,3279.03,"3,284.08","3,292.20","3,277.55",43.58B,-0.23%,-0.002321161988171268
2025-05-06,3316.11,"3,295.25","3,316.45","3,286.99",47.44B,1.13%,0.011244762268346907
2025-05-07,3342.67,"3,354.97","3,356.69","3,324.81",51.12B,0.80%,0.007977479615420396
2025-05-08,3352.0,"3,331.21","3,359.73","3,327.90",42.84B,0.28%,0.002787293784578392
2025-05-09,3342.0,"3,350.41","3,351.22","3,335.13",39.89B,-0.30%,-0.002987752446634671
2025-05-12,3369.24,"3,352.97","3,372.47","3,344.27",41.82B,0.82%,0.008117769469936125
2025-05-13,3374.87,"3,386.23","3,386.23","3,370.25",42.62B,0.17%,0.0016696054209794108
2025-05-14,3403.95,"3,374.24","3,417.31","3,368.08",46.49B,0.86%,0.008579716937486452
2025-05-15,3380.82,"3,398.43","3,402.87","3,378.02",42.41B,-0.68%,-0.006818238379863201
2025-05-16,3367.46,"3,374.71","3,380.29","3,356.66",39.54B,-0.40%,-0.00395953263786406
2025-05-19,3367.58,"3,365.88","3,373.60","3,356.65",40.31B,0.00%,3.563453224116845e-05
2025-05-20,3380.48,"3,371.69","3,387.80","3,369.96",40.55B,0.38%,0.003823325730403312
2025-05-21,3387.57,"3,380.21","3,394.75","3,380.21",41.25B,0.21%,0.002095138952438768
2025-05-22,3380.19,"3,381.86","3,390.59","3,376.23",39.42B,-0.22%,-0.0021809292661732218
2025-05-23,3348.37,"3,376.87","3,389.47","3,348.37",40.02B,-0.94%,-0.009458260672205046
2025-05-26,3346.84,"3,346.56","3,362.31","3,336.36",34.76B,-0.05%,-0.0004570431776249439
2025-05-27,3340.69,"3,346.50","3,351.57","3,332.49",34.41B,-0.18%,-0.0018392446041200687
2025-05-28,3339.93,"3,341.85","3,348.23","3,336.73",34.16B,-0.02%,-0.00022752379368349413
2025-05-29,3363.45,"3,340.40","3,368.63","3,337.42",39.32B,0.70%,0.007017384220359377
2025-05-30,3347.49,"3,358.81","3,361.28","3,341.65",38.56B,-0.47%,-0.004756421630741949
2025-06-03,3361.98,"3,340.07","3,367.00","3,340.07",39.81B,0.43%,0.0043192748539828815
2025-06-04,3376.2,"3,363.39","3,379.64","3,363.39",38.65B,0.42%,0.0042207305563978755
2025-06-05,3384.1,"3,378.22","3,387.76","3,371.15",40.63B,0.23%,0.002337175449631748
2025-06-06,3385.36,"3,384.29","3,391.45","3,379.76",38.01B,0.04%,0.0003722601254903158
2025-06-09,3399.77,"3,388.78","3,402.05","3,383.07",42.73B,0.43%,0.004247530014853517
2025-06-10,3384.82,"3,402.01","3,406.45","3,365.67",48.16B,-0.44%,-0.004407053100250056
2025-06-11,3402.32,"3,385.46","3,413.51","3,385.46",42.41B,0.52%,0.005156822691495724
2025-06-12,3402.66,"3,397.97","3,408.20","3,388.87",40.95B,0.01%,9.992681838386674e-05
2025-06-13,3377.0,"3,397.48","3,401.55","3,370.59",51.01B,-0.75%,-0.0075697372813254525
2025-06-16,3388.73,"3,369.37","3,389.76","3,368.88",40.54B,0.35%,0.003467478528666731
2025-06-17,3387.4,"3,388.18","3,393.31","3,376.42",39.00B,-0.04%,-0.00039255445721357753
2025-06-18,3388.81,"3,386.14","3,391.71","3,369.99",37.87B,0.04%,0.00041616184278515277
2025-06-19,3362.11,"3,384.29","3,386.92","3,353.94",41.53B,-0.79%,-0.007910074246618467
2025-06-20,3359.9,"3,358.91","3,370.80","3,357.71",35.02B,-0.07%,-0.000657541443593995
2025-06-23,3381.58,"3,349.46","3,389.45","3,347.65",38.46B,0.65%,0.006431844265430296
2025-06-24,3420.57,"3,380.08","3,423.78","3,380.08",46.10B,1.15%,0.011464147960947668
2025-06-25,3455.97,"3,419.09","3,459.01","3,417.41",50.94B,1.04%,0.010295966494742771
2025-06-26,3448.45,"3,451.72","3,462.75","3,446.19",49.65B,-0.22%,-0.0021783156220421575
2025-06-27,3424.23,"3,450.69","3,462.63","3,421.04",52.31B,-0.70%,-0.00704822580584134
2025-06-30,3444.43,"3,423.47","3,447.46","3,420.11",45.73B,0.59%,0.0058818046710529025
2025-07-01,3457.75,"3,445.85","3,459.59","3,441.04",44.44B,0.39%,0.0038596549309334086
2025-07-02,3454.79,"3,458.17","3,461.33","3,447.96",49.81B,-0.09%,-0.0008564146264374146
2025-07-03,3461.15,"3,456.15","3,463.62","3,446.97",43.85B,0.18%,0.0018392298929332132
2025-07-04,3472.32,"3,459.59","3,497.22","3,455.49",50.02B,0.32%,0.003222054660529723
2025-07-07,3473.13,"3,467.98","3,474.80","3,462.79",43.66B,0.02%,0.0002332462270039551
2025-07-08,3497.48,"3,474.63","3,499.89","3,474.63",49.35B,0.70%,0.006986504494174943
2025-07-09,3493.05,"3,498.72","3,512.67","3,491.20",52.39B,-0.13%,-0.0012674291056673714
2025-07-10,3509.68,"3,491.50","3,526.59","3,491.50",56.42B,0.48%,0.004749585165325915
2025-07-11,3510.18,"3,511.37","3,555.22","3,506.80",66.42B,0.01%,0.0001424529836336947
2025-07-14,3519.65,"3,513.25","3,532.12","3,513.25",57.21B,0.27%,0.002694234633976007
2025-07-15,3505.0,"3,519.81","3,527.04","3,483.38",57.21B,-0.42%,-0.004171032361599605
2025-07-16,3503.78,"3,502.90","3,511.81","3,489.14",47.09B,-0.03%,-0.0003481347716211628
2025-07-17,3516.83,"3,500.37","3,517.28","3,499.19",47.22B,0.37%,0.0037176299581050745
2025-07-18,3534.48,"3,519.48","3,536.01","3,518.23",49.35B,0.50%,0.005006172430842045
2025-07-21,3559.79,"3,542.82","3,560.63","3,542.57",63.36B,0.72%,0.007135366256109152
2025-07-22,3581.86,"3,561.63","3,584.72","3,547.25",71.62B,0.62%,0.006180664204278806
2025-07-23,3582.3,"3,588.88","3,613.02","3,577.59",76.77B,0.01%,0.00012283366104424675
2025-07-24,3605.73,"3,578.91","3,608.73","3,577.11",77.33B,0.65%,0.006519194544538857
2025-07-25,3593.66,"3,604.45","3,610.03","3,586.22",69.72B,-0.33%,-0.0033530649981810532
2025-07-28,3597.94,"3,594.23","3,606.27","3,582.15",59.42B,0.12%,0.00119027768655412
2025-07-29,3609.71,"3,595.81","3,611.35","3,585.94",61.06B,0.33%,0.0032659772497727457
2025-07-30,3615.72,"3,608.35","3,636.17","3,593.73",63.72B,0.17%,0.001663569195476763
2025-07-31,3573.21,"3,604.70","3,606.37","3,562.61",65.45B,-1.18%,-0.01182665444995394
2025-08-01,3559.95,"3,568.26","3,581.75","3,550.04",50.96B,-0.37%,-0.003717851632031736
2025-08-04,3583.31,"3,547.16","3,583.31","3,547.16",45.86B,0.66%,0.006540454434966651
2025-08-05,3617.6,"3,588.81","3,617.60","3,586.97",49.98B,0.96%,0.009523868285114017
2025-08-06,3633.99,"3,615.81","3,634.31","3,613.99",51.25B,0.45%,0.004520395639962149
2025-08-07,3639.67,"3,637.78","3,645.12","3,622.52",53.55B,0.16%,0.001561800016653029
2025-08-08,3635.13,"3,634.85","3,645.37","3,625.45",52.64B,-0.12%,-0.0012481444409171074
2025-08-11,3647.55,"3,637.05","3,656.85","3,629.63",55.14B,0.34%,0.003410835582774532
2025-08-12,3665.92,"3,647.96","3,669.04","3,647.96",53.66B,0.50%,0.005023617689884038
2025-08-13,3683.46,"3,668.66","3,688.63","3,666.55",61.35B,0.48%,0.004773200814705602
2025-08-14,3666.44,"3,685.52","3,704.77","3,662.57",64.78B,-0.46%,-0.004631363807010594
2025-08-15,3696.77,"3,659.81","3,702.26","3,658.38",67.85B,0.83%,0.008238301376775694
2025-08-18,3728.03,"3,712.50","3,745.94","3,702.38",77.60B,0.85%,0.008420478586870934
2025-08-19,3727.29,"3,728.49","3,746.67","3,718.15",69.61B,-0.02%,-0.00019851595972550568
2025-08-20,3766.21,"3,716.68","3,767.43","3,704.99",67.98B,1.04%,0.010387762720556986
2025-08-21,3771.1,"3,770.68","3,787.98","3,757.99",69.16B,0.13%,0.0012975453274647257
2025-08-22,3825.76,"3,772.28","3,825.76","3,772.28",69.81B,1.45%,0.014390404262591992
2025-08-25,3883.56,"3,848.16","3,883.56","3,839.97",88.55B,1.51%,0.014995118386748158
2025-08-26,3868.38,"3,871.47","3,888.60","3,859.76",73.46B,-0.39%,-0.003916443987760377
2025-08-27,3800.35,"3,869.61","3,887.20","3,800.35",85.86B,-1.76%,-0.017742646997073636
2025-08-28,3843.6,"3,796.71","3,845.09","3,761.42",78.84B,1.14%,0.011316259666907014
2025-08-29,3857.93,"3,842.82","3,867.61","3,839.21",73.95B,0.37%,0.003721342781832698
2025-09-01,3875.53,"3,869.75","3,879.05","3,853.66",74.77B,0.46%,0.00455165744331314
2025-09-02,3858.13,"3,877.09","3,885.31","3,828.68",76.26B,-0.45%,-0.004499817514633129
2025-09-03,3813.56,"3,865.29","3,868.39","3,794.88",64.57B,-1.16%,-0.011619474055025728
2025-09-04,3765.88,"3,807.76","3,808.40","3,732.84",71.02B,-1.25%,-0.012581570395905378
2025-09-05,3812.51,"3,761.88","3,817.16","3,745.31",62.62B,1.24%,0.01230619920035267
2025-09-08,3826.84,"3,811.67","3,833.14","3,803.60",66.01B,0.38%,0.0037516324838078696
2025-09-09,3807.29,"3,816.66","3,834.67","3,791.72",60.02B,-0.51%,-0.005121747399314538
2025-09-10,3812.22,"3,806.58","3,827.00","3,794.06",53.45B,0.13%,0.0012940466481345147
2025-09-11,3875.31,"3,806.06","3,875.31","3,796.43",61.70B,1.65%,0.016413962991943268
2025-09-12,3870.6,"3,875.51","3,892.74","3,866.54",70.06B,-0.12%,-0.0012161258213670076
2025-09-15,3860.5,"3,876.10","3,879.74","3,855.97",64.48B,-0.26%,-0.002612825017380461
2025-09-16,3861.86,"3,865.98","3,876.69","3,838.65",67.34B,0.04%,0.00035222393518578236
2025-09-17,3876.34,"3,854.07","3,882.67","3,848.95",66.34B,0.37%,0.0037424767777336295
2025-09-18,3831.66,"3,876.06","3,899.96","3,801.00",87.60B,-1.15%,-0.011593279821038588
2025-09-19,3820.09,"3,830.44","3,843.17","3,811.90",68.23B,-0.30%,-0.0030241471082436337
2025-09-22,3828.58,"3,822.01","3,831.74","3,806.20",56.83B,0.22%,0.002219994714591225
2025-09-23,3821.83,"3,830.14","3,838.61","3,774.53",70.19B,-0.18%,-0.0017646117663087497
2025-09-24,3853.64,"3,804.48","3,854.92","3,804.33",60.21B,0.83%,0.008288790685855162
2025-09-25,3853.3,"3,852.43","3,866.11","3,840.46",59.00B,-0.01%,-8.823216483330974e-05
2025-09-26,3828.11,"3,839.86","3,856.61","3,828.11",55.13B,-0.65%,-0.006558715209643251
2025-09-29,3862.53,"3,828.17","3,881.00","3,809.54",60.85B,0.90%,0.008951200373960832
2025-09-30,3882.78,"3,869.70","3,887.57","3,866.28",56.97B,0.52%,0.00522898273666085
2025-10-09,3933.97,"3,898.31","3,936.58","3,885.74",72.52B,1.32%,0.01309770219100625
2025-10-10,3897.03,"3,915.48","3,933.01","3,886.30",71.89B,-0.94%,-0.009434369555311082
2025-10-13,3889.5,"3,800.11","3,895.83","3,800.11",70.95B,-0.19%,-0.0019341098916564822
2025-10-14,3865.23,"3,910.78","3,918.44","3,851.12",80.08B,-0.62%,-0.006259425987064691
2025-10-15,3912.21,"3,867.54","3,912.29","3,857.67",64.50B,1.22%,0.012081243035766694
2025-10-16,3916.23,"3,900.68","3,931.05","3,899.17",59.55B,0.10%,0.0010270246315615549
2025-10-17,3839.76,"3,912.04","3,921.06","3,835.36",61.76B,-1.95%,-0.019719591698526117
2025-10-20,3863.89,"3,865.55","3,877.72","3,850.37",54.93B,0.63%,0.00626458338972107
2025-10-21,3916.33,"3,870.75","3,919.32","3,868.15",59.94B,1.36%,0.013480542744546565
2025-10-22,3913.76,"3,896.07","3,918.59","3,893.32",54.31B,-0.07%,-0.0006564420312634094
2025-10-23,3922.41,"3,904.16","3,926.22","3,877.53",56.52B,0.22%,0.0022077120617177344
2025-10-24,3950.31,"3,929.11","3,950.31","3,928.96",56.79B,0.71%,0.0070877960350639885
2025-10-27,3996.94,"3,969.22","3,999.07","3,963.10",63.76B,1.18%,0.0117350115118575
2025-10-28,3988.22,"3,986.89","4,010.73","3,976.83",57.74B,-0.22%,-0.002184052283551324
2025-10-29,4016.33,"3,990.27","4,016.33","3,986.94",61.29B,0.70%,0.007023534253770183
2025-10-30,3986.9,"4,007.82","4,025.70","3,984.83",66.85B,-0.73%,-0.007354563758543535
2025-10-31,3954.79,"3,985.06","3,986.74","3,951.73",67.56B,-0.81%,-0.008086484104977542
2025-11-03,3976.52,"3,954.08","3,977.31","3,937.02",64.12B,0.55%,0.005479562486232193
2025-11-04,3960.19,"3,973.46","3,985.88","3,938.52",61.55B,-0.41%,-0.004115061037627394
2025-11-05,3969.25,"3,922.58","3,979.75","3,922.58",61.50B,0.23%,0.002285156062108553
2025-11-06,4007.76,"3,973.35","4,008.80","3,973.35",62.74B,0.97%,0.009655321774665796
2025-11-07,3997.56,"3,994.32","4,012.01","3,993.69",59.65B,-0.25%,-0.0025483067559539723
2025-11-10,4018.6,"4,001.79","4,018.70","3,990.84",63.40B,0.53%,0.005249408274120017
2025-11-11,4002.76,"4,023.88","4,024.94","3,991.52",58.20B,-0.39%,-0.003949460088978574
2025-11-12,4000.14,"3,996.56","4,020.38","3,980.68",58.62B,-0.07%,-0.0006547626719321886
2025-11-13,4029.5,"3,996.51","4,030.40","3,994.77",61.30B,0.73%,0.007312938275024076
2025-11-14,3990.49,"4,007.13","4,034.08","3,990.31",62.20B,-0.97%,-0.009728268403277526
2025-11-17,3972.03,"3,988.56","3,992.40","3,958.95",59.20B,-0.46%,-0.0046367313546574205
2025-11-18,3939.81,"3,962.44","3,966.89","3,926.59",59.44B,-0.81%,-0.008144800227688551
2025-11-19,3946.74,"3,937.92","3,960.05","3,930.07",53.11B,0.18%,0.001757422899399409
2025-11-20,3931.05,"3,960.70","3,967.97","3,927.51",53.47B,-0.40%,-0.003983355927553076
2025-11-21,3834.89,"3,896.66","3,912.01","3,834.75",63.16B,-2.45%,-0.02476581454202805
2025-11-24,3836.77,"3,848.66","3,854.33","3,816.58",50.46B,0.05%,0.0004901155780191679
2025-11-25,3870.02,"3,850.57","3,882.03","3,845.14",47.87B,0.87%,0.008628808182350007
2025-11-26,3864.18,"3,867.43","3,879.92","3,861.18",45.76B,-0.15%,-0.0015101758707836315
2025-11-27,3875.26,"3,867.20","3,895.59","3,864.13",44.40B,0.29%,0.002863258212406682
2025-11-28,3888.6,"3,870.94","3,888.89","3,856.25",44.99B,0.34%,0.003436438350972111
2025-12-01,3914.01,"3,894.21","3,914.46","3,890.95",53.76B,0.65%,0.00651322822204931
2025-12-02,3897.71,"3,908.46","3,908.77","3,888.33",45.56B,-0.42%,-0.00417322271060364
2025-12-03,3878.0,"3,894.16","3,901.70","3,869.95",48.56B,-0.51%,-0.005069644370573898
2025-12-04,3875.79,"3,879.74","3,888.86","3,859.05",44.50B,-0.06%,-0.0005700438262694588
2025-12-05,3902.81,"3,873.12","3,907.78","3,863.31",50.04B,0.70%,0.006947293517175478
2025-12-08,3924.08,"3,909.23","3,936.31","3,904.74",54.73B,0.54%,0.005435122343768168
2025-12-09,3909.52,"3,916.51","3,923.90","3,902.13",52.45B,-0.37%,-0.0037173245420865737
2025-12-10,3900.5,"3,901.13","3,906.12","3,876.47",49.73B,-0.23%,-0.0023098542668167125
2025-12-11,3873.32,"3,903.89","3,904.96","3,862.82",52.57B,-0.70%,-0.006992729637291841
2025-12-12,3889.35,"3,869.41","3,891.81","3,850.60",57.39B,0.41%,0.004130028143790593
2025-12-15,3867.92,"3,865.40","3,896.98","3,863.63",50.09B,-0.55%,-0.0055251536988357415
2025-12-16,3824.81,"3,861.51","3,862.43","3,815.84",51.25B,-1.11%,-0.011208102011763308
2025-12-17,3870.28,"3,822.51","3,881.75","3,818.00",51.23B,1.19%,0.011818063003510923
2025-12-18,3876.37,"3,857.26","3,888.29","3,856.42",46.12B,0.16%,0.001572292863261667
2025-12-19,3890.45,"3,878.23","3,902.67","3,871.78",51.35B,0.36%,0.003625683464827126
2025-12-22,3917.36,"3,900.53","3,920.01","3,900.52",52.29B,0.69%,0.006893125358506678
2025-12-23,3919.98,"3,919.11","3,937.13","3,910.74",52.12B,0.07%,0.0006685942163026439
2025-12-24,3940.95,"3,920.35","3,947.04","3,912.31",47.49B,0.53%,0.005335259248600022
2025-12-25,3959.62,"3,937.72","3,964.07","3,936.08",46.93B,0.47%,0.004726250068873596
2025-12-26,3963.68,"3,957.83","3,977.71","3,945.52",55.55B,0.10%,0.0010248256043164374
2025-12-29,3965.28,"3,964.65","3,983.98","3,956.95",56.37B,0.04%,0.00040358382983840166
2025-12-30,3965.12,"3,947.87","3,979.99","3,947.42",52.59B,0.00%,-4.0351054176811746e-05
2025-12-31,3968.84,"3,968.73","3,977.54","3,955.49",49.08B,0.09%,0.0009377411211051114
2026-01-05,4023.42,"3,986.97","4,025.26","3,983.58",59.70B,1.38%,0.013658426653000693
2026-01-06,4083.67,"4,026.02","4,083.67","4,025.09",70.25B,1.50%,0.01486380668339122
2026-01-07,4085.77,"4,083.84","4,098.78","4,069.44",68.34B,0.05%,0.0005141111376677026
2026-01-08,4082.98,"4,077.72","4,093.87","4,067.12",66.61B,-0.07%,-0.0006830910747636518
2026-01-09,4120.43,"4,086.76","4,121.72","4,083.62",72.98B,0.92%,0.009130412881023824
2026-01-12,4165.29,"4,134.89","4,168.36","4,119.88",83.95B,1.09%,0.010828374198624261
2026-01-13,4138.76,"4,169.70","4,179.70","4,126.23",86.84B,-0.64%,-0.006389674981177424
2026-01-14,4126.09,"4,138.65","4,190.87","4,103.62",95.26B,-0.31%,-0.0030659987598564194
2026-01-15,4112.6,"4,106.22","4,133.07","4,096.85",68.03B,-0.33%,-0.003274795399725205
2026-01-16,4101.91,"4,127.06","4,140.23","4,091.81",76.36B,-0.26%,-0.0026027130126099304
2026-01-19,4114.0,"4,090.72","4,126.52","4,090.06",68.89B,0.29%,0.0029430723380943252
2026-01-20,4113.65,"4,116.37","4,128.93","4,080.29",73.44B,-0.01%,-8.507897156823019e-05
2026-01-21,4116.94,"4,103.53","4,135.96","4,103.53",66.70B,0.08%,0.0007994567036454717
2026-01-22,4122.58,"4,126.07","4,140.84","4,109.92",70.97B,0.14%,0.001369012000910499
2026-01-23,4136.16,"4,130.11","4,143.75","4,120.20",78.21B,0.33%,0.0032886402136759986
2026-01-26,4132.6,"4,144.78","4,160.99","4,124.70",88.74B,-0.09%,-0.000861072330062026
2026-01-27,4139.9,"4,125.22","4,158.80","4,101.83",75.50B,0.18%,0.001764884108756872
2026-01-28,4151.24,"4,150.22","4,170.15","4,138.02",82.30B,0.27%,0.002735451836815521
2026-01-29,4157.98,"4,155.92","4,170.21","4,138.30",90.59B,0.16%,0.0016222946265032092
2026-01-30,4117.95,"4,131.99","4,152.85","4,064.78",80.43B,-0.96%,-0.00967391270397346
2026-02-02,4015.75,"4,079.71","4,103.41","4,013.66",73.30B,-2.48%,-0.02513133725973096
2026-02-03,4067.74,"4,043.91","4,069.42","4,002.78",63.77B,1.29%,0.012863433217028906
2026-02-04,4102.2,"4,064.68","4,104.62","4,062.68",67.43B,0.85%,0.008435852492898705
2026-02-05,4075.92,"4,075.03","4,088.90","4,048.94",59.67B,-0.64%,-0.006426927083179375
2026-02-06,4065.58,"4,040.30","4,095.03","4,029.97",55.67B,-0.25%,-0.0025400738339253414
2026-02-09,4123.09,"4,103.54","4,123.16","4,093.06",57.26B,1.41%,0.014046468003419445
2026-02-10,4128.37,"4,127.77","4,134.34","4,117.56",52.46B,0.13%,0.0012797736935381528
2026-02-11,4131.98,"4,124.43","4,142.56","4,122.43",50.07B,0.09%,0.0008740550291036832
2026-02-12,4134.02,"4,136.99","4,140.59","4,124.13",52.94B,0.05%,0.0004935882026173478
2026-02-13,4082.07,"4,115.92","4,123.84","4,079.77",50.08B,-1.26%,-0.012646086479981274
2026-02-24,4117.41,"4,129.13","4,131.55","4,105.94",56.63B,0.87%,0.008620112210014347
2026-02-25,4147.23,"4,123.78","4,167.84","4,122.70",72.48B,0.72%,0.0072163165986230265
2026-02-26,4146.63,"4,151.07","4,152.19","4,127.15",65.17B,-0.01%,-0.0001446853457970524
2026-02-27,4162.88,"4,128.90","4,166.23","4,128.36",68.20B,0.39%,0.003911186270958096
2026-03-02,4182.59,"4,151.80","4,188.77","4,131.37",86.16B,0.47%,0.004723529446994172
2026-03-03,4122.68,"4,189.41","4,197.23","4,116.01",92.11B,-1.43%,-0.014427234553672758
2026-03-04,4082.47,"4,087.63","4,106.04","4,055.41",76.52B,-0.98%,-0.009801239927352276
2026-03-05,4108.57,"4,109.78","4,125.62","4,090.62",68.97B,0.64%,0.006372838695299694
2026-03-06,4124.19,"4,085.90","4,129.46","4,085.90",64.68B,0.38%,0.0037946007760914216
2026-03-09,4096.6,"4,098.70","4,106.53","4,052.55",79.78B,-0.67%,-0.0067122754839992315
2026-03-10,4123.14,"4,098.59","4,123.96","4,098.59",67.49B,0.65%,0.006457647621243026
2026-03-11,4133.43,"4,123.67","4,135.84","4,112.80",70.77B,0.25%,0.0024925617605205904
2026-03-12,4129.1,"4,133.20","4,141.65","4,103.16",78.62B,-0.10%,-0.001048105216291866
2026-03-13,4095.45,"4,117.57","4,134.08","4,086.85",79.21B,-0.82%,-0.008182864172442982
2026-03-16,4084.79,"4,092.25","4,096.13","4,048.09",73.22B,-0.26%,-0.0026062819756354424
2026-03-17,4049.91,"4,086.30","4,108.40","4,049.58",67.88B,-0.85%,-0.008575660752503307
2026-03-18,4062.98,"4,053.31","4,065.37","4,023.03",62.39B,0.32%,0.0032220358730855785
2026-03-19,4006.55,"4,028.54","4,042.02","3,994.17",66.73B,-1.39%,-0.01398617264382242
2026-03-20,3957.05,"4,004.57","4,022.70","3,955.71",66.68B,-1.24%,-0.012431723719886979
2026-03-23,3813.28,"3,904.95","3,906.62","3,794.68",80.47B,-3.63%,-0.03700908698693348
2026-03-24,3881.28,"3,849.63","3,881.42","3,807.99",68.06B,1.78%,0.017675284966627722
2026-03-25,3931.84,"3,892.27","3,933.06","3,891.82",68.83B,1.30%,0.012942513558690675
2026-03-26,3889.08,"3,924.96","3,937.10","3,880.57",61.60B,-1.09%,-0.010934883894202952
2026-03-27,3913.72,"3,852.09","3,924.11","3,852.09",56.13B,0.63%,0.00631570254357606
2026-03-30,3923.29,"3,884.28","3,924.29","3,872.78",59.56B,0.24%,0.002442259166899514
2026-03-31,3891.86,"3,924.07","3,948.81","3,891.86",60.67B,-0.80%,-0.008043395059585135
2026-04-01,3948.55,"3,939.57","3,955.94","3,929.92",56.46B,1.46%,0.014461230458162081
2026-04-02,3919.29,"3,940.80","3,952.58","3,900.12",54.42B,-0.74%,-0.007437907963179334
2026-04-03,3880.1,"3,927.59","3,929.53","3,871.30",49.27B,-1.00%,-0.010049588449804674
2026-04-07,3890.16,"3,884.15","3,902.61","3,875.68",47.36B,0.26%,0.002589361390957348
2026-04-08,3995.0,"3,930.25","3,995.00","3,926.25",64.41B,2.69%,0.026593291328345283
2026-04-09,3966.17,"3,967.63","3,979.13","3,955.25",54.16B,-0.72%,-0.007242685692334502
2026-04-10,3986.22,"3,985.46","4,011.02","3,979.81",54.64B,0.51%,0.005042519917728552
2026-04-13,3988.56,"3,971.20","3,991.26","3,966.20",54.58B,0.06%,0.0005868500616083359
2026-04-14,4026.63,"4,006.73","4,026.63","3,992.41",57.03B,0.95%,0.009499534331594475
2026-04-15,4027.21,"4,039.47","4,050.62","4,020.90",56.95B,0.01%,0.00014403067381576923
2026-04-16,4055.55,"4,030.14","4,057.83","4,028.91",54.59B,0.70%,0.007012484877623936
2026-04-17,4051.43,"4,043.38","4,058.60","4,038.43",54.88B,-0.10%,-0.0010164081704144515
2026-04-20,4082.13,"4,053.37","4,083.19","4,051.69",58.98B,0.76%,0.007549005796441645
2026-04-21,4085.08,"4,075.85","4,086.64","4,062.13",57.67B,0.07%,0.0007224009492327542
2026-04-22,4106.26,"4,074.81","4,106.84","4,074.68",58.25B,0.52%,0.0051713265963082115
2026-04-23,4093.25,"4,110.79","4,114.84","4,070.46",67.12B,-0.32%,-0.003173363022377924
2026-04-24,4079.9,"4,081.03","4,092.61","4,061.15",60.50B,-0.33%,-0.0032667972256859826
2026-04-27,4086.34,"4,074.81","4,092.83","4,071.08",59.00B,0.16%,0.001577225586079784
2026-04-28,4078.64,"4,076.14","4,090.20","4,062.87",60.05B,-0.19%,-0.0018861043830256505
2026-04-29,4107.51,"4,061.82","4,112.15","4,061.82",61.42B,0.71%,0.007053405982396875
2026-04-30,4112.16,"4,107.30","4,118.76","4,100.97",65.69B,0.11%,0.001131432404477037
2026-05-06,4160.17,"4,135.45","4,166.15","4,129.91",70.12B,1.17%,0.0116075009211138
2026-05-07,4180.09,"4,168.45","4,180.21","4,163.14",68.56B,0.48%,0.004776838582532409
2026-05-08,4179.95,"4,163.85","4,183.06","4,154.25",69.70B,0.00%,-3.349266271774492e-05
2026-05-11,4225.02,"4,201.35","4,229.58","4,186.08",76.27B,1.08%,0.010724709783108993
2026-05-12,4214.49,"4,229.28","4,230.18","4,199.34",71.90B,-0.25%,-0.0024954068338661753
2026-05-13,4242.57,"4,192.31","4,245.07","4,192.31",70.50B,0.67%,0.006640630003610302
2026-05-14,4177.92,"4,256.16","4,258.86","4,177.92",76.42B,-1.52%,-0.015355702662101596
2026-05-15,4135.39,"4,174.17","4,191.81","4,114.09",73.32B,-1.02%,-0.01023187419754334
2026-05-18,4131.53,"4,120.14","4,145.66","4,108.60",62.72B,-0.09%,-0.0009338424178566825
2026-05-19,4169.54,"4,122.96","4,170.29","4,107.99",61.76B,0.92%,0.00915791955733538
2026-05-20,4162.18,"4,152.70","4,169.85","4,139.97",62.42B,-0.18%,-0.0017667425008150001
2026-05-21,4077.28,"4,174.38","4,199.53","4,074.22",72.72B,-2.04%,-0.02060887604614018
2026-05-22,4112.9,"4,096.17","4,120.09","4,067.75",58.95B,0.87%,0.008698276370934831
2026-05-25,4152.57,"4,126.34","4,153.88","4,119.80",61.59B,0.96%,0.009599043878799044
2026-05-26,4145.37,"4,137.32","4,150.29","4,104.46",65.48B,-0.17%,-0.0017353709009482118
2026-05-27,4093.73,"4,138.81","4,153.56","4,077.62",66.05B,-1.25%,-0.01253551388384451
2026-05-28,4098.64,"4,080.30","4,110.78","4,055.83",62.12B,0.12%,0.0011986764728402683
2026-05-29,4068.57,"4,110.52","4,112.96","4,055.89",73.16B,-0.73%,-0.007363625001343388
2026-06-01,4057.74,"4,067.16","4,093.04","4,045.69",67.60B,-0.27%,-0.0026654179847355863
2026-06-02,4075.1,"4,061.46","4,089.57","4,032.58",64.22B,0.43%,0.00426911788895983
2026-06-03,4083.97,"4,068.34","4,107.05","4,059.91",66.85B,0.22%,0.002174268266939138
2026-06-04,4057.78,"4,053.67","4,080.72","4,043.43",62.12B,-0.64%,-0.006433528500443533
2026-06-05,4027.74,"4,044.83","4,078.93","4,015.06",66.29B,-0.74%,-0.007430601425390901
2026-06-08,3959.34,"3,938.71","4,007.49","3,927.85",65.93B,-1.70%,-0.017128079900843297
2026-06-09,4010.03,"3,977.54","4,010.87","3,955.91",57.66B,1.28%,0.012721377877961026
2026-06-10,3993.23,"3,985.12","4,006.31","3,963.44",59.87B,-0.42%,-0.004198295363626935
2026-06-11,3987.01,"3,979.71","3,997.48","3,958.44",56.85B,-0.16%,-0.001558850676059283
2026-06-12,4031.51,"4,017.86","4,060.27","4,008.18",74.31B,1.12%,0.011099419058626126
2026-06-15,4096.47,"4,053.58","4,097.17","4,051.07",67.89B,1.61%,0.015984631641936132
2026-06-16,4091.89,"4,094.21","4,103.93","4,077.87",61.57B,-0.11%,-0.0011186612404972803
2026-06-17,4108.08,"4,074.29","4,109.96","4,073.73",60.81B,0.40%,0.003948800065751396
2026-06-18,4090.48,"4,094.23","4,117.45","4,080.29",65.81B,-0.43%,-0.0042934434915453375
2026-06-22,4163.1,"4,093.95","4,164.42","4,070.17",74.37B,1.78%,0.017597666481101327
2026-06-23,4106.25,"4,153.59","4,175.35","4,085.59",70.90B,-1.37%,-0.013749785812153963
2026-06-24,4110.81,"4,090.10","4,117.28","4,075.49",64.45B,0.11%,0.0011098861315609373
2026-06-25,4120.28,"4,103.48","4,133.10","4,093.01",67.05B,0.23%,0.0023010328348836476
2026-06-26,4027.26,"4,098.69","4,099.78","4,007.86",66.01B,-2.26%,-0.022834878240382696
2026-06-29,4073.9,"4,026.69","4,075.33","3,992.55",65.92B,1.16%,0.011514527625678441
2026-06-30,4094.4,"4,058.17","4,097.42","4,052.17",59.84B,0.50%,0.0050194148208633285
2026-07-01,4112.45,"4,090.76","4,143.31","4,087.54",67.23B,0.44%,0.004398771539481986
2026-07-02,4028.9,"4,054.09","4,093.68","4,019.21",65.62B,-2.03%,-0.020525572116285723
2026-07-03,4043.64,"4,031.34","4,073.88","4,027.26",60.20B,0.37%,0.003651890577544138
2026-07-06,4041.24,"4,059.19","4,060.07","4,005.41",59.04B,-0.06%,-0.0005937008515887038
2026-07-07,3990.24,"4,019.49","4,028.51","3,971.71",51.45B,-1.26%,-0.012700196103788232
2026-07-08,3970.88,"3,996.81","4,016.03","3,967.91",49.62B,-0.49%,-0.004863646864632812
2026-07-09,4036.59,"3,977.55","4,040.54","3,938.88",55.31B,1.65%,0.016412543544286787
2026-07-10,3996.16,"4,031.54","4,074.83","3,995.81",62.75B,-1.00%,-0.010066376123638483
2026-07-13,3913.79,"3,966.02","3,983.05","3,900.67",59.09B,-2.06%,-0.020827686041639017
2026-07-14,3967.13,"3,909.27","3,967.13","3,869.30",58.00B,1.36%,0.013536697367561882
2026-07-15,3955.58,"3,963.73","3,981.67","3,943.70",57.62B,-0.29%,-0.0029156710727374765
2026-07-16,3882.41,"3,912.38","3,940.45","3,867.60",53.53B,-1.85%,-0.018671145446044594
2026-07-17,3764.15,"3,865.32","3,869.21","3,745.17",65.05B,-3.05%,-0.030934022680708523
2026-07-20,3796.28,"3,791.66","3,831.66","3,741.11",70.92B,0.85%,0.00849956773079499
2026-07-21,3864.37,"3,812.16","3,864.60","3,743.36",73.50B,1.79%,0.017777027577576033
2026-07-22,3867.03,"3,839.67","3,884.44","3,839.67",61.43B,0.07%,0.0006881030873984895
2026-07-23,3876.78,"3,868.09","3,878.83","3,851.71",56.21B,0.25%,0.002518141625915916
2026-07-24,3814.2,"3,853.63","3,861.04","3,808.64",50.82B,-1.61%,-0.016273967984603014
2026-07-27,3858.25,"3,808.90","3,858.31","3,793.45",50.49B,1.15%,0.01148276861052285
2026-07-28,3813.31,"3,823.13","3,844.01","3,797.37",49.48B,-1.16%,-0.011716134415101014
2026-07-29,3828.47,"3,823.29","3,845.77","3,782.48",57.12B,0.40%,0.003967667189548004
2026-07-30,3804.69,"3,812.11","3,839.34","3,767.50",59.23B,-0.62%,-0.006230729326305048
2026-07-31,3832.26,"3,833.54","3,847.09","3,822.37",59.75B,0.72%,0.007220191246830096
2026-08-03,3809.66,"3,812.61","3,827.64","3,797.64",52.45B,-0.59%,-0.0059147611823333005
2026-08-04,3822.28,"3,816.37","3,831.94","3,799.52",54.03B,0.33%,0.003307156896510732
2026-08-05,3878.43,"3,815.12","3,884.40","3,815.12",59.22B,1.47%,0.01458332936344907
2026-08-06,3900.35,"3,864.27","3,902.05","3,864.27",58.86B,0.57%,0.005635860127227049
2026-08-07,3940.04,"3,896.49","3,940.93","3,885.62",56.50B,1.02%,0.010124582843943065
2026-08-10,3966.59,"3,943.82","3,967.59","3,938.63",54.21B,0.67%,0.006715907988926215
2026-08-11,3934.09,"3,950.71","3,966.39","3,930.64",52.95B,-0.82%,-0.008227186347923222
2026-08-12,3946.68,"3,933.55","3,950.62","3,927.55",50.33B,0.32%,0.003195121976846139
2026-08-13,3926.96,"3,957.16","3,968.48","3,924.64",57.28B,-0.50%,-0.005009129508964341
2026-08-14,3927.18,"3,930.02","3,932.64","3,903.70",49.95B,0.01%,5.60214103790924e-05
2026-08-17,3982.65,"3,930.10","3,983.51","3,924.47",48.98B,1.41%,0.014025815814357684
2026-08-18,3990.3,"3,979.49","3,994.18","3,955.60",51.12B,0.19%,0.0019189891690292748
2026-08-19,3894.42,"3,952.12","3,961.14","3,879.58",57.22B,-2.40%,-0.024321656668045873
2026-08-20,3903.72,"3,907.21","3,925.06","3,888.10",50.66B,0.24%,0.002385185290096997
2026-08-21,3905.2,"3,891.18","3,912.13","3,883.79",44.69B,0.04%,0.00037905370210498186
2026-08-24,3882.01,"3,902.70","3,910.24","3,855.35",48.69B,-0.59%,-0.005955937634121803
2026-08-25,3889.44,"3,863.37","3,896.21","3,850.86",46.41B,0.19%,0.00191212766313025
2026-08-26,3912.52,"3,881.74","3,926.44","3,881.74",48.96B,0.59%,0.005916479275904804
2026-08-27,3956.57,"3,911.89","3,958.03","3,909.31",51.68B,1.13%,0.011195820641213031
2026-08-28,3952.18,"3,950.24","3,970.31","3,947.80",51.06B,-0.11%,-0.0011101629083928798
