"Date","Price","Open","High","Low","Vol.","Change %"
"08/28/2026","175,665","175,137","176,421","173,894","6.60B","0.30%"
"08/27/2026","175,135","174,584","175,558","173,661","7.12B","0.31%"
"08/26/2026","174,586","174,580","176,296","174,208","8.85B","0.01%"
"08/25/2026","174,577","171,898","174,785","171,179","9.45B","1.55%"
"08/24/2026","171,907","171,031","173,109","169,330","8.44B","0.51%"
"08/21/2026","171,032","167,928","171,980","167,928","10.81B","1.85%"
"08/20/2026","167,927","167,827","169,752","166,966","10.13B","0.06%"
"08/19/2026","167,830","166,337","170,341","166,335","9.25B","0.90%"
"08/18/2026","166,335","166,789","168,389","166,211","7.60B","-0.27%"
"08/17/2026","166,784","166,933","168,007","166,464","9.04B","-0.09%"
"08/14/2026","166,934","167,099","167,099","164,835","10.88B","-0.10%"
"08/13/2026","167,101","167,489","168,515","166,197","10.72B","-0.23%"
"08/12/2026","167,491","167,878","168,310","167,142","10.59B","-0.23%"
"08/11/2026","167,875","172,180","172,386","167,569","9.89B","-2.50%"
"08/10/2026","172,180","172,513","172,936","171,524","7.83B","-0.19%"
"08/07/2026","172,513","175,546","176,117","172,131","9.16B","-1.73%"
"08/06/2026","175,546","177,720","177,720","175,515","7.93B","-1.23%"
"08/05/2026","177,726","177,896","180,195","177,690","7.61B","-0.09%"
"08/04/2026","177,895","178,003","180,679","177,581","7.97B","-0.06%"
"08/03/2026","178,000","178,009","178,557","176,783","7.36B","0.00%"
"07/31/2026","177,999","177,060","178,719","177,014","5.88B","0.47%"
"07/30/2026","177,159","173,891","177,159","173,885","7.20B","1.88%"
"07/29/2026","173,885","176,564","176,564","173,885","7.34B","-1.52%"
"07/28/2026","176,565","175,326","178,539","175,326","6.74B","0.70%"
"07/27/2026","175,334","174,048","175,555","174,048","5.84B","0.74%"
"07/24/2026","174,042","176,720","176,720","174,042","5.42B","-1.52%"
"07/23/2026","176,724","177,546","177,896","176,293","6.35B","-0.46%"
"07/22/2026","177,548","173,330","177,641","173,328","7.44B","2.44%"
"07/21/2026","173,326","173,372","173,720","172,219","5.86B","-0.03%"
"07/20/2026","173,371","173,714","174,311","173,222","5.03B","-0.20%"
"07/17/2026","173,714","173,825","174,505","173,285","7.30B","-0.06%"
"07/16/2026","173,825","176,010","176,011","173,537","6.14B","-1.24%"
"07/15/2026","176,011","176,663","176,663","175,288","7.07B","-0.36%"
"07/14/2026","176,641","175,743","177,179","175,743","7.26B","0.51%"
"07/13/2026","175,739","177,868","178,154","175,567","6.12B","-1.20%"
"07/10/2026","177,866","172,761","177,866","172,761","8.43B","2.97%"
"07/09/2026","172,742","170,655","172,933","170,653","6.83B","1.22%"
"07/08/2026","170,653","172,018","172,018","169,972","7.24B","-0.79%"
"07/07/2026","172,021","172,439","173,544","171,417","6.76B","-0.25%"
"07/06/2026","172,448","174,057","174,057","171,622","5.74B","-0.93%"
"07/03/2026","174,070","172,790","174,664","172,790","4.27B","0.74%"
"07/02/2026","172,788","171,698","174,426","171,697","6.51B","0.64%"
"07/01/2026","171,689","172,017","172,098","169,666","7.66B","-0.20%"
"06/30/2026","172,024","173,205","173,205","170,538","7.69B","-0.68%"
"06/29/2026","173,205","173,294","173,892","172,393","4.91B","-0.05%"
"06/26/2026","173,295","171,990","173,964","171,124","6.92B","0.76%"
"06/25/2026","171,990","170,508","173,277","170,508","7.62B","0.87%"
"06/24/2026","170,507","171,256","171,342","169,668","9.57B","-0.44%"
"06/23/2026","171,259","170,367","171,720","168,495","7.60B","0.52%"
"06/22/2026","170,370","168,334","170,750","168,326","8.54B","1.21%"
"06/19/2026","168,334","168,279","168,787","167,658","9.49B","0.03%"
"06/18/2026","168,278","168,467","169,542","167,911","9.24B","-0.10%"
"06/17/2026","168,454","169,649","171,878","167,916","10.73B","-0.70%"
"06/16/2026","169,648","170,416","170,416","169,121","8.77B","-0.45%"
"06/15/2026","170,415","171,139","174,228","170,351","8.71B","-0.42%"
"06/12/2026","171,133","171,497","172,545","169,993","7.01B","-0.21%"
"06/11/2026","171,497","168,619","171,927","168,280","10.58B","1.71%"
"06/10/2026","168,619","169,812","169,812","168,071","8.73B","-0.70%"
"06/09/2026","169,813","168,673","170,601","168,406","8.44B","0.68%"
"06/08/2026","168,669","169,042","169,646","168,130","7.44B","-0.21%"
"06/05/2026","169,019","170,330","170,457","168,910","8.59B","-0.77%"
"06/03/2026","170,331","174,192","174,192","170,008","9.97B","-2.22%"
"06/02/2026","174,198","172,199","174,894","172,199","7.50B","1.16%"
"06/01/2026","172,197","173,790","173,975","171,793","9.89B","-0.91%"
"05/29/2026","173,787","175,064","175,064","172,686","15.55B","-0.73%"
"05/28/2026","175,063","175,744","176,627","174,686","7.38B","-0.39%"
"05/27/2026","175,744","176,602","177,640","175,555","7.31B","-0.48%"
"05/26/2026","176,589","177,816","177,816","175,516","7.40B","-0.69%"
"05/25/2026","177,816","176,210","177,816","176,210","4.37B","0.91%"
"05/22/2026","176,210","177,649","177,649","174,893","6.76B","-0.81%"
"05/21/2026","177,650","177,352","178,547","175,805","7.35B","0.17%"
"05/20/2026","177,356","174,279","178,199","174,279","9.37B","1.77%"
"05/19/2026","174,279","176,973","176,973","173,544","9.09B","-1.52%"
"05/18/2026","176,976","177,281","177,330","175,811","7.37B","-0.17%"
"05/15/2026","177,284","178,341","178,341","175,417","9.77B","-0.61%"
"05/14/2026","178,366","177,104","179,476","177,104","9.30B","0.72%"
"05/13/2026","177,098","180,342","180,513","176,787","12.62B","-1.80%"
"05/12/2026","180,342","181,897","181,897","179,939","9.06B","-0.86%"
"05/11/2026","181,909","184,103","184,530","181,615","8.78B","-1.19%"
"05/08/2026","184,108","183,222","185,584","183,217","9.21B","0.49%"
"05/07/2026","183,218","187,690","187,779","182,868","9.64B","-2.38%"
"05/06/2026","187,691","186,762","188,674","186,762","8.84B","0.50%"
"05/05/2026","186,754","185,597","187,428","185,364","8.63B","0.62%"
"05/04/2026","185,600","187,318","187,666","185,538","7.54B","-0.92%"
"04/30/2026","187,318","184,759","187,921","184,759","8.99B","1.39%"
"04/29/2026","184,750","188,619","188,710","184,504","9.05B","-2.05%"
"04/28/2026","188,619","189,579","189,579","187,237","7.51B","-0.51%"
"04/27/2026","189,579","190,745","191,340","189,579","6.66B","-0.61%"
"04/24/2026","190,745","191,378","191,390","189,963","7.22B","-0.33%"
"04/23/2026","191,378","192,889","193,347","190,930","7.76B","-0.78%"
"04/22/2026","192,889","196,132","196,132","192,687","8.40B","-1.65%"
"04/20/2026","196,132","195,734","196,724","195,282","6.77B","0.20%"
"04/17/2026","195,734","196,819","198,666","195,368","12.19B","-0.55%"
"04/16/2026","196,819","197,738","198,587","196,354","9.29B","-0.46%"
"04/15/2026","197,738","198,657","199,232","196,966","10.71B","-0.46%"
"04/14/2026","198,657","198,001","199,355","198,001","9.22B","0.33%"
"04/13/2026","198,001","197,324","198,173","196,223","9.95B","0.34%"
"04/10/2026","197,324","195,130","197,554","195,129","9.66B","1.12%"
"04/09/2026","195,129","192,206","195,514","192,206","9.38B","1.52%"
"04/08/2026","192,201","188,261","193,759","188,260","12.59B","2.09%"
"04/07/2026","188,259","188,162","188,259","185,885","8.75B","0.05%"
"04/06/2026","188,162","188,054","189,220","187,811","5.70B","0.06%"
"04/02/2026","188,052","187,923","189,251","185,214","7.08B","0.05%"
"04/01/2026","187,953","187,463","189,131","187,256","10.56B","0.26%"
"03/31/2026","187,462","182,515","187,508","182,515","11.39B","2.71%"
"03/30/2026","182,514","181,561","184,414","181,559","7.70B","0.53%"
"03/27/2026","181,557","182,733","183,351","180,976","8.07B","-0.64%"
"03/26/2026","182,733","185,424","185,424","182,570","7.81B","-1.45%"
"03/25/2026","185,424","182,528","186,401","182,524","9.07B","1.60%"
"03/24/2026","182,509","181,932","182,649","179,915","7.56B","0.32%"
"03/23/2026","181,932","176,221","182,973","176,221","9.87B","3.24%"
"03/20/2026","176,219","180,262","180,305","175,039","15.35B","-2.25%"
"03/19/2026","180,271","179,624","181,251","176,296","12.56B","0.35%"
"03/18/2026","179,640","180,409","181,551","179,576","9.75B","-0.43%"
"03/17/2026","180,410","179,882","182,800","179,850","9.33B","0.30%"
"03/16/2026","179,875","177,656","181,255","177,656","7.37B","1.25%"
"03/13/2026","177,653","179,285","180,996","177,322","9.53B","-0.91%"
"03/12/2026","179,284","183,968","183,992","178,495","12.08B","-2.55%"
"03/11/2026","183,969","183,446","185,714","182,021","8.96B","0.28%"
"03/10/2026","183,447","180,921","185,324","180,693","10.08B","1.40%"
"03/09/2026","180,915","179,367","181,952","177,637","11.42B","0.86%"
"03/06/2026","179,365","180,463","181,091","178,556","9.92B","-0.61%"
"03/05/2026","180,464","185,365","185,366","179,895","10.60B","-2.64%"
"03/04/2026","185,366","183,110","186,306","183,110","9.11B","1.24%"
"03/03/2026","183,105","189,284","189,602","180,518","14.37B","-3.28%"
"03/02/2026","189,307","188,786","190,110","186,638","9.09B","0.28%"
"02/27/2026","188,787","191,005","191,005","188,478","11.00B","-1.16%"
"02/26/2026","191,005","191,248","191,978","188,977","8.80B","-0.13%"
"02/25/2026","191,247","191,491","192,624","190,419","9.13B","-0.13%"
"02/24/2026","191,490","188,854","191,781","188,854","11.04B","1.40%"
"02/23/2026","188,853","190,532","191,003","188,526","9.90B","-0.88%"
"02/20/2026","190,534","188,531","190,727","186,700","9.99B","1.06%"
"02/19/2026","188,534","186,020","188,687","185,928","9.23B","1.35%"
"02/18/2026","186,016","186,464","187,657","185,001","7.79B","-0.24%"
"02/13/2026","186,464","187,766","187,766","183,662","11.59B","-0.69%"
"02/12/2026","187,766","189,694","189,990","186,959","12.36B","-1.02%"
"02/11/2026","189,699","185,936","190,561","185,936","11.64B","2.03%"
"02/10/2026","185,929","186,241","186,959","185,083","10.30B","-0.17%"
"02/09/2026","186,241","182,950","186,460","182,950","8.92B","1.80%"
"02/06/2026","182,950","182,128","183,262","181,391","9.90B","0.45%"
"02/05/2026","182,127","181,708","184,017","181,569","9.83B","0.23%"
"02/04/2026","181,708","185,671","185,671","180,269","10.73B","-2.14%"
"02/03/2026","185,674","182,816","187,334","182,816","10.76B","1.58%"
"02/02/2026","182,793","181,369","182,890","181,348","8.74B","0.79%"
"01/30/2026","181,364","183,133","183,620","180,089","11.11B","-0.97%"
"01/29/2026","183,134","184,692","186,450","181,567","12.95B","-0.84%"
"01/28/2026","184,691","181,921","185,065","181,921","11.86B","1.52%"
"01/27/2026","181,919","178,852","183,360","178,852","11.34B","1.79%"
"01/26/2026","178,721","178,859","179,543","177,694","9.57B","-0.08%"
"01/23/2026","178,859","175,590","180,532","175,590","11.78B","1.86%"
"01/22/2026","175,589","171,817","177,742","171,817","14.02B","2.20%"
"01/21/2026","171,817","166,278","171,969","166,278","14.07B","3.33%"
"01/20/2026","166,277","164,846","166,468","163,575","8.37B","0.87%"
"01/19/2026","164,849","164,800","165,155","164,265","4.80B","0.03%"
"01/16/2026","164,800","165,557","165,872","164,100","11.49B","-0.46%"
"01/15/2026","165,568","165,180","166,070","164,833","9.41B","0.26%"
"01/14/2026","165,146","161,974","165,146","161,974","9.93B","1.96%"
"01/13/2026","161,973","163,146","163,146","161,765","9.67B","-0.72%"
"01/12/2026","163,150","163,370","163,493","162,277","6.90B","-0.13%"
"01/09/2026","163,370","162,938","164,263","162,638","8.30B","0.27%"
"01/08/2026","162,936","161,975","162,936","161,748","8.61B","0.59%"
"01/07/2026","161,975","163,661","163,661","161,746","8.85B","-1.03%"
"01/06/2026","163,664","161,870","164,135","161,870","8.41B","1.11%"
"01/05/2026","161,870","160,542","162,166","160,215","7.99B","0.83%"
"01/02/2026","160,539","161,124","161,957","160,059","7.46B","-0.36%"
"12/30/2025","161,125","160,491","162,075","160,491","5.87B","0.40%"
"12/29/2025","160,490","160,897","161,133","159,702","5.61B","-0.25%"
"12/26/2025","160,897","160,456","160,913","159,359","4.79B","0.27%"
"12/23/2025","160,456","158,144","160,456","158,144","6.57B","1.46%"
"12/22/2025","158,142","158,480","158,634","157,306","8.42B","-0.21%"
"12/19/2025","158,473","157,928","159,552","157,906","9.95B","0.35%"
"12/18/2025","157,923","157,327","158,495","157,124","7.80B","0.38%"
"12/17/2025","157,327","158,578","158,611","156,351","11.34B","-0.79%"
"12/16/2025","158,578","162,482","162,482","158,558","9.92B","-2.40%"
"12/15/2025","162,482","160,766","163,073","160,766","8.23B","1.07%"
"12/12/2025","160,766","159,189","161,263","159,189","7.67B","0.99%"
"12/11/2025","159,189","159,072","159,850","158,098","7.02B","0.07%"
"12/10/2025","159,075","157,984","159,691","157,628","8.24B","0.69%"
"12/09/2025","157,981","158,187","158,851","155,188","8.70B","-0.13%"
"12/08/2025","158,187","157,369","159,235","157,369","9.02B","0.52%"
"12/05/2025","157,369","164,461","165,036","157,007","14.53B","-4.31%"
"12/04/2025","164,456","161,760","164,551","161,759","10.59B","1.67%"
"12/03/2025","161,755","161,094","161,963","161,093","8.29B","0.41%"
"12/02/2025","161,092","158,612","161,092","158,612","8.43B","1.56%"
"12/01/2025","158,611","159,073","159,224","158,029","7.50B","-0.29%"
"11/28/2025","159,072","158,358","159,689","158,078","8.02B","0.45%"
"11/27/2025","158,360","158,554","158,864","158,167","4.47B","-0.12%"
"11/26/2025","158,555","155,915","158,714","155,914","8.60B","1.70%"
"11/25/2025","155,910","155,278","156,373","154,821","6.93B","0.41%"
"11/24/2025","155,278","154,769","155,832","154,529","9.28B","0.33%"
"11/21/2025","154,770","155,381","155,387","153,571","7.85B","-0.39%"
"11/19/2025","155,381","156,522","156,522","155,212","8.82B","-0.73%"
"11/18/2025","156,522","156,990","157,040","155,834","8.72B","-0.30%"
"11/17/2025","156,993","157,742","157,901","156,568","8.42B","-0.47%"
"11/14/2025","157,739","157,162","158,366","156,656","7.98B","0.37%"
"11/13/2025","157,162","157,633","158,319","156,509","10.56B","-0.30%"
"11/12/2025","157,633","157,749","158,134","156,560","11.23B","-0.07%"
"11/11/2025","157,749","155,257","158,467","155,252","12.88B","1.60%"
"11/10/2025","155,257","154,061","155,601","154,058","7.75B","0.77%"
"11/07/2025","154,064","153,339","154,066","152,368","9.47B","0.47%"
"11/06/2025","153,339","153,297","154,352","153,235","9.39B","0.03%"
"11/05/2025","153,294","150,709","153,583","150,296","9.80B","1.72%"
"11/04/2025","150,704","150,453","150,888","149,979","7.54B","0.17%"
"11/03/2025","150,454","149,551","150,761","149,551","7.67B","0.61%"
"10/31/2025","149,540","148,774","149,636","148,774","8.91B","0.51%"
"10/30/2025","148,780","148,632","149,234","147,546","7.30B","0.10%"
"10/29/2025","148,633","147,430","149,067","147,430","8.00B","0.82%"
"10/28/2025","147,429","146,970","147,811","146,575","7.11B","0.31%"
"10/27/2025","146,969","146,174","147,977","146,174","6.45B","0.55%"
"10/24/2025","146,172","145,721","147,240","145,721","6.49B","0.31%"
"10/23/2025","145,721","144,881","146,358","144,881","6.60B","0.59%"
"10/22/2025","144,873","144,094","145,048","144,039","7.02B","0.55%"
"10/21/2025","144,085","144,509","144,795","143,829","6.19B","-0.29%"
"10/20/2025","144,509","143,399","145,216","143,396","6.79B","0.77%"
"10/17/2025","143,399","142,200","143,424","141,248","8.88B","0.84%"
"10/16/2025","142,200","142,604","143,191","141,446","7.39B","-0.28%"
"10/15/2025","142,604","141,683","142,905","141,154","10.32B","0.65%"
"10/14/2025","141,683","141,788","142,589","141,334","7.12B","-0.07%"
"10/13/2025","141,783","140,682","142,303","140,682","5.53B","0.78%"
"10/10/2025","140,680","141,725","142,274","140,231","8.28B","-0.73%"
"10/09/2025","141,708","142,148","143,212","141,603","6.82B","-0.31%"
"10/08/2025","142,145","141,356","142,385","141,356","7.53B","0.56%"
"10/07/2025","141,356","143,606","143,606","141,035","9.27B","-1.57%"
"10/06/2025","143,608","144,202","144,532","143,376","5.98B","-0.41%"
"10/03/2025","144,201","143,950","144,518","143,676","6.18B","0.17%"
"10/02/2025","143,950","145,517","145,621","143,635","7.25B","-1.08%"
"10/01/2025","145,517","146,237","146,879","145,193","8.34B","-0.49%"
"09/30/2025","146,237","146,337","147,578","145,774","9.48B","-0.07%"
"09/29/2025","146,337","145,447","147,558","145,447","7.07B","0.61%"
"09/26/2025","145,447","145,326","146,235","145,146","6.34B","0.10%"
"09/25/2025","145,306","146,492","146,519","145,187","8.29B","-0.81%"
"09/24/2025","146,492","146,426","146,585","146,067","7.29B","0.05%"
"09/23/2025","146,425","145,112","147,178","145,107","8.14B","0.91%"
"09/22/2025","145,109","145,864","145,864","144,117","9.43B","-0.52%"
"09/19/2025","145,865","145,499","146,399","145,496","10.28B","0.25%"
"09/18/2025","145,499","145,594","145,726","144,993","8.37B","-0.06%"
"09/17/2025","145,594","144,059","146,331","143,910","9.60B","1.06%"
"09/16/2025","144,062","143,547","144,584","143,547","8.48B","0.36%"
"09/15/2025","143,547","142,292","144,194","142,292","6.61B","0.90%"
"09/12/2025","142,272","143,151","143,202","142,241","6.39B","-0.61%"
"09/11/2025","143,151","142,349","144,013","142,349","7.57B","0.56%"
"09/10/2025","142,349","141,612","143,182","141,612","7.14B","0.52%"
"09/09/2025","141,618","141,794","142,286","141,605","7.48B","-0.12%"
"09/08/2025","141,792","142,640","143,089","141,329","7.44B","-0.59%"
"09/05/2025","142,640","141,003","143,409","141,003","8.38B","1.17%"
"09/04/2025","140,993","139,832","141,482","139,832","8.03B","0.81%"
"09/03/2025","139,864","140,332","140,496","139,582","7.58B","-0.34%"
"09/02/2025","140,335","141,279","141,279","139,625","8.79B","-0.67%"
"09/01/2025","141,283","141,423","141,950","140,878","4.95B","-0.10%"
"08/29/2025","141,422","141,049","142,379","141,000","9.33B","0.26%"
"08/28/2025","141,049","139,206","142,138","139,206","9.29B","1.32%"
"08/27/2025","139,206","137,773","139,281","137,456","6.61B","1.04%"
"08/26/2025","137,771","138,026","138,037","137,058","8.45B","-0.18%"
"08/25/2025","138,025","137,971","138,890","137,971","5.99B","0.04%"
"08/22/2025","137,968","134,511","138,072","134,511","9.32B","2.57%"
"08/21/2025","134,511","134,664","134,837","133,874","6.52B","-0.12%"
"08/20/2025","134,666","134,430","134,964","134,122","6.85B","0.17%"
"08/19/2025","134,432","137,321","137,321","133,997","8.68B","-2.10%"
"08/18/2025","137,322","136,341","137,902","136,341","8.09B","0.72%"
"08/15/2025","136,341","136,354","136,431","135,583","9.29B","-0.01%"
"08/14/2025","136,356","136,681","137,437","135,588","9.67B","-0.24%"
"08/13/2025","136,687","137,911","137,913","136,535","9.40B","-0.89%"
"08/12/2025","137,914","135,629","138,414","135,629","8.34B","1.69%"
"08/11/2025","135,623","135,913","136,307","135,496","6.95B","-0.21%"
"08/08/2025","135,913","136,526","136,761","135,659","9.89B","-0.45%"
"08/07/2025","136,528","134,538","137,007","134,533","9.50B","1.48%"
"08/06/2025","134,538","133,169","135,241","133,169","8.68B","1.04%"
"08/05/2025","133,151","132,971","134,233","132,682","6.61B","0.14%"
"08/04/2025","132,971","132,440","133,929","132,440","6.14B","0.40%"
"08/01/2025","132,437","132,920","133,237","132,140","8.50B","-0.48%"
"07/31/2025","133,071","133,987","133,987","132,096","9.20B","-0.69%"
"07/30/2025","133,990","132,702","134,368","131,883","8.66B","0.95%"
"07/29/2025","132,726","132,130","133,346","132,130","6.32B","0.45%"
"07/28/2025","132,129","133,538","133,902","131,550","6.63B","-1.04%"
"07/25/2025","133,524","133,820","134,204","133,285","5.56B","-0.21%"
"07/24/2025","133,808","135,357","135,363","133,648","5.98B","-1.15%"
"07/23/2025","135,368","134,036","135,782","133,676","6.53B","0.99%"
"07/22/2025","134,036","134,180","135,300","133,986","7.05B","-0.10%"
"07/21/2025","134,167","133,382","134,865","133,367","6.73B","0.59%"
"07/18/2025","133,382","135,562","135,562","133,296","10.07B","-1.61%"
"07/17/2025","135,565","135,515","135,792","135,016","6.80B","0.04%"
"07/16/2025","135,511","135,250","135,641","134,265","7.83B","0.19%"
"07/15/2025","135,250","135,298","136,022","134,380","6.90B","-0.04%"
"07/14/2025","135,299","136,187","136,187","134,840","7.33B","-0.65%"
"07/11/2025","136,187","136,742","136,742","135,528","7.40B","-0.41%"
"07/10/2025","136,743","137,472","137,472","136,014","9.57B","-0.54%"
"07/09/2025","137,481","139,303","139,331","137,299","7.58B","-1.31%"
"07/08/2025","139,303","139,491","139,591","138,770","6.75B","-0.13%"
"07/07/2025","139,490","141,265","141,342","139,295","6.12B","-1.26%"
"07/04/2025","141,264","140,928","141,564","140,597","3.31B","0.24%"
"07/03/2025","140,928","139,051","141,304","139,051","6.08B","1.35%"
"07/02/2025","139,051","139,586","140,049","138,384","8.81B","-0.36%"
"07/01/2025","139,549","138,855","139,695","138,855","6.35B","0.50%"
"06/30/2025","138,855","136,865","139,103","136,430","7.68B","1.45%"
"06/27/2025","136,866","137,113","137,209","136,469","6.24B","-0.18%"
"06/26/2025","137,114","135,767","137,353","135,756","8.02B","0.99%"
"06/25/2025","135,767","137,163","137,163","135,565","7.71B","-1.02%"
"06/24/2025","137,165","136,552","138,156","136,254","8.08B","0.45%"
"06/23/2025","136,551","137,116","137,130","135,835","7.73B","-0.41%"
"06/20/2025","137,116","138,715","138,719","136,815","11.29B","-1.15%"
"06/18/2025","138,717","138,844","139,161","138,443","8.32B","-0.09%"
"06/17/2025","138,840","139,256","139,497","138,293","8.38B","-0.30%"
"06/16/2025","139,256","137,212","139,988","137,212","7.62B","1.49%"
"06/13/2025","137,213","137,800","137,800","136,586","8.63B","-0.43%"
"06/12/2025","137,800","137,127","137,931","136,175","7.12B","0.49%"
"06/11/2025","137,128","136,443","137,531","135,628","8.77B","0.51%"
"06/10/2025","136,436","135,716","137,369","135,716","8.19B","0.54%"
"06/09/2025","135,699","136,102","136,106","134,119","7.76B","-0.30%"
"06/06/2025","136,102","136,236","136,890","135,601","9.12B","-0.10%"
"06/05/2025","136,236","137,003","137,451","136,031","9.48B","-0.56%"
"06/04/2025","137,002","137,547","138,797","136,695","10.20B","-0.40%"
"06/03/2025","137,546","136,787","137,672","136,175","9.70B","0.56%"
"06/02/2025","136,787","137,026","138,471","136,483","9.10B","-0.18%"
"05/30/2025","137,027","138,546","138,637","136,726","15.14B","-1.09%"
"05/29/2025","138,534","138,869","139,108","137,993","8.83B","-0.25%"
"05/28/2025","138,888","139,541","139,547","138,580","9.73B","-0.47%"
"05/27/2025","139,541","138,136","140,382","138,136","11.19B","1.02%"
"05/26/2025","138,136","137,824","138,800","137,795","5.55B","0.23%"
"05/23/2025","137,824","137,273","137,824","134,997","10.68B","0.40%"
"05/22/2025","137,273","137,881","138,837","137,088","13.22B","-0.44%"
"05/21/2025","137,881","140,109","140,109","137,538","10.15B","-1.59%"
"05/20/2025","140,110","139,636","140,244","138,966","9.65B","0.34%"
"05/19/2025","139,636","139,186","140,203","138,587","9.59B","0.32%"
"05/16/2025","139,187","139,335","139,335","137,713","12.11B","-0.11%"
"05/15/2025","139,334","138,425","139,408","138,321","11.50B","0.66%"
"05/14/2025","138,423","138,965","139,362","138,228","11.16B","-0.39%"
"05/13/2025","138,963","136,565","139,419","136,550","13.07B","1.76%"
"05/12/2025","136,563","136,516","137,519","136,356","10.92B","0.04%"
"05/09/2025","136,512","136,232","137,286","136,105","13.88B","0.21%"
"05/08/2025","136,232","133,458","137,635","133,458","17.20B","2.12%"
"05/07/2025","133,398","133,517","134,110","132,872","9.94B","-0.09%"
"05/06/2025","133,516","133,499","134,135","133,260","11.14B","0.02%"
"05/05/2025","133,491","135,131","135,198","133,390","10.80B","-1.22%"
"05/02/2025","135,134","135,067","135,275","134,355","12.74B","0.05%"
"04/30/2025","135,067","135,094","135,171","133,955","15.45B","-0.02%"
"04/29/2025","135,093","135,017","136,150","134,899","12.76B","0.06%"
"04/28/2025","135,016","134,741","135,709","134,711","11.45B","0.21%"
"04/25/2025","134,739","134,579","134,992","134,186","13.05B","0.12%"
"04/24/2025","134,580","132,245","134,938","132,223","14.11B","1.79%"
"04/23/2025","132,216","130,468","133,318","130,468","11.34B","1.34%"
"04/22/2025","130,464","129,650","130,877","128,726","8.61B","0.63%"
"04/17/2025","129,650","128,316","130,091","127,973","9.98B","1.04%"
"04/16/2025","128,317","129,245","129,605","128,149","11.54B","-0.72%"
"04/15/2025","129,245","129,452","129,927","128,951","8.84B","-0.16%"
"04/14/2025","129,454","127,683","129,955","127,683","10.61B","1.39%"
"04/11/2025","127,682","126,355","128,386","126,078","10.08B","1.05%"
"04/10/2025","126,355","127,796","127,797","124,895","11.46B","-1.13%"
"04/09/2025","127,796","123,928","128,649","122,887","16.92B","3.12%"
"04/08/2025","123,932","125,588","127,652","123,454","12.81B","-1.32%"
"04/07/2025","125,588","127,229","128,411","123,876","14.05B","-1.31%"
"04/04/2025","127,256","131,139","131,139","126,466","13.18B","-2.96%"
"04/03/2025","131,141","131,185","132,552","130,182","12.33B","-0.04%"
"04/02/2025","131,190","131,151","131,424","130,393","8.82B","0.03%"
"04/01/2025","131,147","130,267","131,982","130,081","8.97B","0.68%"
"03/31/2025","130,260","131,900","131,901","130,115","9.99B","-1.25%"
"03/28/2025","131,902","133,143","133,143","131,315","8.91B","-0.94%"
"03/27/2025","133,149","132,522","133,904","132,479","10.02B","0.47%"
"03/26/2025","132,520","132,069","132,984","132,068","9.40B","0.34%"
"03/25/2025","132,068","131,327","133,471","131,325","9.24B","0.57%"
"03/24/2025","131,321","132,344","132,424","130,992","8.30B","-0.77%"
"03/21/2025","132,345","132,005","132,588","131,776","14.19B","0.30%"
"03/20/2025","131,955","132,505","132,713","131,813","14.19B","-0.42%"
"03/19/2025","132,508","131,476","132,984","131,451","12.20B","0.79%"
"03/18/2025","131,475","130,832","131,834","130,722","10.99B","0.49%"
"03/17/2025","130,834","128,959","131,313","128,957","11.06B","1.46%"
"03/14/2025","128,957","125,647","129,194","125,647","14.57B","2.64%"
"03/13/2025","125,637","123,863","125,774","123,590","11.26B","1.43%"
"03/12/2025","123,864","123,507","124,048","122,969","8.25B","0.29%"
"03/11/2025","123,507","124,519","124,625","122,636","8.81B","-0.81%"
"03/10/2025","124,519","125,031","125,031","123,471","9.37B","-0.41%"
"03/07/2025","125,035","123,357","125,822","122,530","9.98B","1.36%"
"03/06/2025","123,358","123,048","124,112","122,681","10.06B","0.25%"
"03/05/2025","123,047","122,799","123,364","122,747","9.60B","0.20%"
"02/28/2025","122,799","124,798","124,916","122,659","24.87B","-1.60%"
"02/27/2025","124,799","124,768","125,497","124,352","12.55B","0.02%"
"02/26/2025","124,769","125,980","126,563","124,732","11.36B","-0.96%"
"02/25/2025","125,980","125,401","126,718","125,382","11.08B","0.46%"
"02/24/2025","125,401","127,129","127,275","125,162","10.15B","-1.36%"
"02/21/2025","127,128","127,601","127,654","126,483","11.09B","-0.37%"
"02/20/2025","127,601","127,309","127,871","127,063","10.64B","0.23%"
"02/19/2025","127,309","128,528","128,528","127,028","9.30B","-0.95%"
"02/18/2025","128,532","128,553","129,294","128,012","10.99B","-0.02%"
"02/17/2025","128,552","128,229","129,534","128,229","9.97B","0.26%"
"02/14/2025","128,219","124,849","128,482","124,849","12.56B","2.70%"
"02/13/2025","124,850","124,372","124,853","123,778","9.05B","0.38%"
"02/12/2025","124,380","126,513","126,513","124,116","14.63B","-1.69%"
"02/11/2025","126,522","125,571","126,886","125,570","11.24B","0.76%"
"02/10/2025","125,572","124,619","126,386","124,619","8.91B","0.76%"
"02/07/2025","124,619","126,219","126,524","124,320","10.95B","-1.27%"
"02/06/2025","126,225","125,531","126,399","125,249","10.03B","0.55%"
"02/05/2025","125,534","125,146","125,846","124,637","9.96B","0.31%"
"02/04/2025","125,147","125,964","125,964","124,694","9.78B","-0.65%"
"02/03/2025","125,970","126,135","126,473","125,566","9.55B","-0.13%"
"01/31/2025","126,135","126,914","127,532","126,057","10.24B","-0.61%"
"01/30/2025","126,913","123,433","127,169","123,432","11.69B","2.82%"
"01/29/2025","123,432","124,056","124,767","123,278","7.35B","-0.50%"
"01/28/2025","124,056","124,861","124,881","123,973","8.31B","-0.65%"
"01/27/2025","124,862","122,443","124,862","122,207","11.02B","1.97%"
"01/24/2025","122,447","122,483","122,908","122,196","7.78B","-0.03%"
"01/23/2025","122,483","122,965","123,958","122,159","9.49B","-0.40%"
"01/22/2025","122,972","123,345","123,865","122,926","9.98B","-0.30%"
"01/21/2025","123,338","122,850","123,462","122,290","7.82B","0.39%"
"01/20/2025","122,855","122,349","123,172","121,511","6.05B","0.41%"
"01/17/2025","122,350","121,258","122,674","121,074","10.24B","0.92%"
"01/16/2025","121,234","122,649","122,660","120,796","11.31B","-1.15%"
"01/15/2025","122,650","119,309","122,988","119,303","11.93B","2.81%"
"01/14/2025","119,299","119,007","119,451","118,223","9.35B","0.25%"
"01/13/2025","119,007","118,856","119,729","118,743","8.16B","0.13%"
"01/10/2025","118,856","119,781","120,052","118,732","9.26B","-0.77%"
"01/09/2025","119,781","119,625","120,145","119,502","6.61B","0.13%"
"01/08/2025","119,625","121,160","121,160","119,351","10.23B","-1.27%"
"01/07/2025","121,163","120,022","121,713","120,022","11.12B","0.95%"
"01/06/2025","120,022","118,534","120,322","118,534","9.69M","1.26%"
"01/03/2025","118,533","120,125","120,356","118,404","9.80M","-1.33%"
"01/02/2025","120,125","120,283","120,782","119,120","9.37M","-0.13%"
"12/30/2024","120,283","120,267","121,050","120,158","8.90M","0.01%"
"12/27/2024","120,269","121,078","121,609","120,252","8.94M","-0.67%"
"12/26/2024","121,078","120,767","121,612","120,428","8.34M","0.26%"
"12/23/2024","120,767","122,105","122,105","120,617","9.95M","-1.09%"
"12/20/2024","122,102","121,183","122,209","120,700","18.13M","0.75%"
"12/19/2024","121,188","120,768","121,770","120,768","13.68M","0.34%"
"12/18/2024","120,772","124,699","124,699","120,457","19.74M","-3.15%"
"12/17/2024","124,698","123,560","125,301","123,560","17.56M","0.92%"
"12/16/2024","123,560","124,610","124,956","123,495","11.07M","-0.84%"
"12/13/2024","124,612","126,102","126,290","124,578","11.76M","-1.13%"
"12/12/2024","126,042","129,587","129,587","125,829","13.45M","-2.74%"
"12/11/2024","129,593","128,228","130,899","127,362","13.17M","1.06%"
"12/10/2024","128,228","127,213","128,511","127,213","9.14M","0.80%"
"12/09/2024","127,210","125,946","127,542","125,946","9.37M","1.00%"
"12/06/2024","125,946","127,856","127,872","125,833","11.22M","-1.50%"
"12/05/2024","127,858","126,088","127,989","126,087","9.53M","1.40%"
"12/04/2024","126,087","126,139","126,720","125,828","9.39M","-0.04%"
"12/03/2024","126,139","125,235","126,417","125,233","9.99M","0.72%"
"12/02/2024","125,236","125,668","125,901","124,734","11.52M","-0.34%"
"11/29/2024","125,668","124,611","126,056","123,946","16.40M","0.85%"
"11/28/2024","124,610","127,667","127,668","124,390","12.83M","-2.40%"
"11/27/2024","127,669","129,923","130,283","127,669","12.32M","-1.73%"
"11/26/2024","129,922","129,043","130,361","129,042","9.75M","0.69%"
"11/25/2024","129,036","129,125","129,495","128,932","14.41M","-0.07%"
"11/22/2024","129,126","126,944","129,126","126,944","9.19M","1.74%"
"11/21/2024","126,922","128,197","128,197","126,594","10.27M","-0.99%"
"11/19/2024","128,197","127,768","128,579","127,235","9.10M","0.34%"
"11/18/2024","127,768","127,791","128,277","127,226","10.74M","-0.02%"
"11/14/2024","127,792","127,734","128,423","127,389","13.14M","0.05%"
"11/13/2024","127,734","127,698","128,100","126,869","12.69M","0.03%"
"11/12/2024","127,698","127,873","128,210","127,411","9.52M","-0.14%"
"11/11/2024","127,874","127,829","128,095","127,306","8.40M","0.03%"
"11/08/2024","127,830","129,647","129,647","126,973","13.18M","-1.43%"
"11/07/2024","129,682","130,341","131,319","129,406","10.52M","-0.51%"
"11/06/2024","130,341","130,613","130,670","128,822","10.54M","-0.24%"
"11/05/2024","130,661","130,515","130,769","129,692","8.56M","0.11%"
"11/04/2024","130,515","128,130","130,609","128,128","9.01M","1.87%"
"11/01/2024","128,121","129,718","129,902","128,070","9.90M","-1.23%"
"10/31/2024","129,713","130,639","130,798","129,642","9.07M","-0.71%"
"10/30/2024","130,639","130,730","131,027","130,473","7.33M","-0.07%"
"10/29/2024","130,730","131,214","131,765","130,693","7.64M","-0.37%"
"10/28/2024","131,213","129,894","131,421","129,894","7.14M","1.02%"
"10/25/2024","129,893","130,067","130,529","129,806","8.51M","-0.13%"
"10/24/2024","130,067","129,233","130,130","128,798","8.31M","0.65%"
"10/23/2024","129,233","129,949","129,949","128,589","7.96M","-0.55%"
"10/22/2024","129,951","130,346","130,346","129,094","8.22M","-0.31%"
"10/21/2024","130,362","130,499","131,124","130,157","7.77M","-0.11%"
"10/18/2024","130,499","130,793","131,725","130,121","8.68M","-0.22%"
"10/17/2024","130,793","131,716","131,716","129,902","7.09M","-0.73%"
"10/16/2024","131,750","131,045","132,233","130,780","10.28M","0.54%"
"10/15/2024","131,043","131,005","131,457","130,200","7.98M","0.03%"
"10/14/2024","131,005","129,992","131,220","129,729","8.50M","0.78%"
"10/11/2024","129,992","130,354","130,354","129,338","7.97M","-0.28%"
"10/10/2024","130,353","129,963","130,418","129,835","7.62M","0.30%"
"10/09/2024","129,962","131,510","131,520","129,719","9.22M","-1.18%"
"10/08/2024","131,512","132,016","132,016","130,371","9.09M","-0.38%"
"10/07/2024","132,018","131,792","132,943","131,676","7.70M","0.17%"
"10/04/2024","131,792","131,672","131,936","131,156","7.05M","0.09%"
"10/03/2024","131,672","133,514","133,514","131,176","9.82M","-1.38%"
"10/02/2024","133,515","132,495","134,922","132,495","9.40M","0.77%"
"10/01/2024","132,495","131,817","133,405","131,817","9.84M","0.51%"
"09/30/2024","131,816","132,761","133,120","131,816","9.13M","-0.69%"
"09/27/2024","132,730","133,010","133,923","132,628","9.34M","-0.21%"
"09/26/2024","133,010","131,595","133,313","131,594","11.62M","1.08%"
"09/25/2024","131,586","132,156","132,982","131,489","10.53M","-0.43%"
"09/24/2024","132,156","130,570","133,073","130,570","9.37M","1.22%"
"09/23/2024","130,568","131,065","131,065","130,100","9.14M","-0.38%"
"09/20/2024","131,065","133,121","133,128","130,907","13.61M","-1.55%"
"09/19/2024","133,123","133,748","134,759","133,123","9.25M","-0.47%"
"09/18/2024","133,748","134,960","135,203","133,748","9.79M","-0.90%"
"09/17/2024","134,960","135,118","135,118","134,180","7.31M","-0.12%"
"09/16/2024","135,118","134,885","135,715","134,870","6.71M","0.18%"
"09/13/2024","134,882","134,031","135,879","134,031","8.87M","0.64%"
"09/12/2024","134,029","134,677","134,777","133,591","7.00M","-0.48%"
"09/11/2024","134,677","134,319","135,087","133,757","7.95M","0.27%"
"09/10/2024","134,320","134,738","134,738","133,754","8.25M","-0.31%"
"09/09/2024","134,737","134,574","135,250","134,399","6.59M","0.12%"
"09/06/2024","134,572","136,508","136,653","134,476","7.56M","-1.41%"
"09/05/2024","136,502","136,112","136,656","135,959","7.53M","0.29%"
"09/04/2024","136,111","134,359","136,838","134,359","9.42M","1.31%"
"09/03/2024","134,353","134,907","135,011","134,171","8.80M","-0.41%"
"09/02/2024","134,906","136,004","136,004","134,497","5.53M","-0.81%"
"08/30/2024","136,004","136,041","136,139","134,910","18.40M","-0.03%"
"08/29/2024","136,041","137,349","137,370","135,858","8.39M","-0.95%"
"08/28/2024","137,344","136,776","137,469","135,746","7.46M","0.42%"
"08/27/2024","136,776","136,888","137,213","136,664","6.75M","-0.08%"
"08/26/2024","136,889","135,608","137,013","135,596","7.56M","0.94%"
"08/23/2024","135,608","135,174","136,478","135,174","8.65M","0.32%"
"08/22/2024","135,173","136,462","136,462","134,836","8.05M","-0.95%"
"08/21/2024","136,464","136,088","137,040","136,086","9.57M","0.28%"
"08/20/2024","136,087","135,779","136,330","135,312","8.11M","0.23%"
"08/19/2024","135,778","133,953","136,179","133,953","11.28M","1.36%"
"08/16/2024","133,953","134,154","134,781","133,852","10.87M","-0.15%"
"08/15/2024","134,153","133,319","134,575","133,319","10.53M","0.63%"
"08/14/2024","133,318","132,398","133,777","132,112","12.16M","0.69%"
"08/13/2024","132,398","131,115","132,430","131,115","9.80M","0.98%"
"08/12/2024","131,116","130,615","131,662","130,615","8.60M","0.38%"
"08/09/2024","130,615","128,662","130,631","128,662","11.32M","1.52%"
"08/08/2024","128,661","127,515","128,793","127,515","8.62M","0.90%"
"08/07/2024","127,514","126,268","127,517","126,268","8.84M","0.99%"
"08/06/2024","126,267","125,270","126,966","125,261","10.05M","0.80%"
"08/05/2024","125,270","125,851","125,851","123,073","10.89M","-0.46%"
"08/02/2024","125,854","127,395","128,104","125,731","9.95M","-1.21%"
"08/01/2024","127,395","127,652","128,762","127,150","9.81M","-0.20%"
"07/31/2024","127,652","126,139","127,853","126,139","9.47M","1.20%"
"07/30/2024","126,139","126,951","126,951","125,973","6.85M","-0.64%"
"07/29/2024","126,954","127,492","127,657","126,606","7.08M","-0.42%"
"07/26/2024","127,492","125,964","127,700","125,953","8.27M","1.22%"
"07/25/2024","125,954","126,423","126,423","125,626","7.13M","-0.37%"
"07/24/2024","126,423","126,596","126,823","126,218","7.30M","-0.13%"
"07/23/2024","126,590","127,860","127,860","126,530","7.02M","-0.99%"
"07/22/2024","127,860","127,616","128,151","127,456","6.10M","0.19%"
"07/19/2024","127,616","127,652","128,360","127,413","7.62M","-0.03%"
"07/18/2024","127,652","129,450","129,454","127,523","7.59M","-1.39%"
"07/17/2024","129,450","129,112","129,658","128,741","6.67M","0.26%"
"07/16/2024","129,110","129,322","129,521","128,761","6.82M","-0.16%"
"07/15/2024","129,321","128,898","129,485","128,723","5.83M","0.33%"
"07/12/2024","128,897","128,293","129,015","128,002","7.21M","0.47%"
"07/11/2024","128,294","127,221","128,326","127,221","7.97M","0.85%"
"07/10/2024","127,218","127,109","127,769","126,928","8.15M","0.09%"
"07/09/2024","127,108","126,548","127,295","125,937","6.68M","0.44%"
"07/08/2024","126,548","126,280","126,551","125,614","7.43M","0.22%"
"07/05/2024","126,267","126,165","126,662","125,556","8.09M","0.08%"
"07/04/2024","126,164","125,666","126,660","125,666","6.54M","0.40%"
"07/03/2024","125,662","124,787","126,581","124,787","8.53M","0.70%"
"07/02/2024","124,787","124,720","125,491","124,310","8.37M","0.06%"
"07/01/2024","124,718","123,905","125,220","123,735","8.23M","0.65%"
"06/28/2024","123,907","124,308","124,500","123,298","9.07M","-0.32%"
"06/27/2024","124,308","122,642","124,308","122,642","8.71M","1.36%"
"06/26/2024","122,641","122,331","122,701","121,402","8.18M","0.25%"
"06/25/2024","122,331","122,634","122,849","121,997","6.94M","-0.25%"
"06/24/2024","122,637","121,343","122,840","121,307","7.84M","1.07%"
"06/21/2024","121,341","120,446","121,580","120,061","12.91M","0.74%"
"06/20/2024","120,446","120,267","121,607","120,156","8.66M","0.15%"
"06/19/2024","120,261","119,630","120,383","118,960","5.65M","0.53%"
"06/18/2024","119,630","119,138","120,109","118,872","8.10M","0.41%"
"06/17/2024","119,138","119,663","119,663","118,685","7.38M","-0.44%"
"06/14/2024","119,662","119,558","120,214","118,828","7.85M","0.08%"
"06/13/2024","119,568","119,936","120,222","119,171","8.54M","-0.31%"
"06/12/2024","119,936","121,644","122,483","119,544","11.28M","-1.40%"
"06/11/2024","121,635","120,760","121,759","120,757","7.49M","0.73%"
"06/10/2024","120,760","120,769","121,421","120,540","6.57M","-0.01%"
"06/07/2024","120,767","122,899","122,899","120,679","9.80M","-1.73%"
"06/06/2024","122,899","121,408","123,246","121,377","8.40M","1.23%"
"06/05/2024","121,407","121,803","122,170","121,253","8.77M","-0.32%"
"06/04/2024","121,802","122,032","122,032","120,878","8.53M","-0.19%"
"06/03/2024","122,032","122,100","122,495","121,496","8.43M","-0.05%"
"05/31/2024","122,098","122,704","122,837","121,929","15.92M","-0.50%"
"05/29/2024","122,707","123,780","123,780","122,458","8.26M","-0.87%"
"05/28/2024","123,780","124,498","125,392","123,537","9.18M","-0.58%"
"05/27/2024","124,496","124,297","124,535","124,081","4.33M","0.15%"
"05/24/2024","124,306","124,731","125,257","124,259","9.21M","-0.34%"
"05/23/2024","124,729","125,650","125,665","124,431","9.99M","-0.73%"
"05/22/2024","125,650","127,412","127,412","125,524","12.40M","-1.38%"
"05/21/2024","127,412","127,754","128,272","127,205","9.14M","-0.27%"
"05/20/2024","127,751","128,151","128,730","127,488","9.34M","-0.31%"
"05/17/2024","128,151","128,280","128,464","127,696","10.26M","-0.10%"
"05/16/2024","128,284","128,029","128,965","127,922","9.86M","0.20%"
"05/15/2024","128,028","128,514","128,646","127,029","10.86M","-0.38%"
"05/14/2024","128,515","128,155","128,965","127,962","11.89M","0.28%"
"05/13/2024","128,155","127,600","128,669","127,599","8.92M","0.44%"
"05/10/2024","127,600","128,188","129,022","127,467","12.57M","-0.46%"
"05/09/2024","128,188","129,468","129,468","127,376","13.37M","-1.00%"
"05/08/2024","129,481","129,210","129,564","128,048","9.79M","0.21%"
"05/07/2024","129,210","128,466","129,745","128,464","10.18M","0.58%"
"05/06/2024","128,466","128,506","129,181","128,294","8.78M","-0.03%"
"05/03/2024","128,509","127,130","128,787","127,130","12.80M","1.09%"
"05/02/2024","127,122","125,926","127,670","125,926","11.55M","0.95%"
"04/30/2024","125,924","127,352","127,352","125,856","10.89M","-1.12%"
"04/29/2024","127,352","126,527","127,352","126,467","8.39M","0.65%"
"04/26/2024","126,526","124,651","126,826","124,651","8.90M","1.51%"
"04/25/2024","124,646","124,718","124,732","123,703","10.09M","-0.08%"
"04/24/2024","124,741","125,149","125,473","124,556","10.53M","-0.33%"
"04/23/2024","125,148","125,572","125,826","124,310","11.26M","-0.34%"
"04/22/2024","125,573","125,124","126,081","124,633","10.26M","0.36%"
"04/19/2024","125,124","124,197","125,509","124,056","13.60M","0.75%"
"04/18/2024","124,196","124,171","125,140","123,397","10.66M","0.02%"
"04/17/2024","124,171","124,389","125,301","123,642","11.37M","-0.17%"
"04/16/2024","124,389","125,316","125,316","123,756","14.01M","-0.75%"
"04/15/2024","125,334","125,946","126,250","125,034","13.50M","-0.49%"
"04/12/2024","125,946","127,396","127,640","125,635","10.25M","-1.14%"
"04/11/2024","127,396","128,051","128,051","127,069","8.88M","-0.51%"
"04/10/2024","128,054","129,872","129,872","127,732","10.45M","-1.41%"
"04/09/2024","129,890","128,858","129,956","128,826","8.49M","0.80%"
"04/08/2024","128,857","126,796","129,178","126,796","8.13M","1.63%"
"04/05/2024","126,795","127,422","127,432","126,394","9.10M","-0.50%"
"04/04/2024","127,428","127,313","129,627","127,178","13.24M","0.09%"
"04/03/2024","127,318","127,546","127,694","126,181","11.03M","-0.18%"
"04/02/2024","127,549","126,990","127,654","126,669","9.07M","0.44%"
"04/01/2024","126,990","128,106","128,659","126,772","9.37M","-0.87%"
"03/28/2024","128,106","127,689","128,364","127,270","9.94M","0.33%"
"03/27/2024","127,691","126,863","127,756","126,223","9.92M","0.65%"
"03/26/2024","126,863","126,931","127,193","126,591","9.44M","-0.05%"
"03/25/2024","126,931","127,027","127,224","126,750","8.06M","-0.08%"
"03/22/2024","127,027","128,159","128,159","126,879","9.37M","-0.88%"
"03/21/2024","128,159","129,125","129,556","128,093","9.57M","-0.75%"
"03/20/2024","129,125","127,534","129,210","127,349","10.82M","1.25%"
"03/19/2024","127,529","126,955","128,000","126,955","11.18M","0.45%"
"03/18/2024","126,954","126,758","127,540","126,272","10.51M","0.17%"
"03/15/2024","126,742","127,682","127,957","126,502","14.99M","-0.74%"
"03/14/2024","127,690","127,992","128,256","127,192","9.29M","-0.25%"
"03/13/2024","128,006","127,668","128,530","127,439","8.84M","0.26%"
"03/12/2024","127,668","126,124","128,039","126,121","9.48M","1.22%"
"03/11/2024","126,124","127,068","127,068","126,065","8.90M","-0.75%"
"03/08/2024","127,071","128,335","128,338","125,802","11.94M","-0.99%"
"03/07/2024","128,340","128,890","129,188","128,033","7.35M","-0.43%"
"03/06/2024","128,890","128,099","129,323","128,099","11.06M","0.62%"
"03/05/2024","128,098","128,336","128,989","127,823","9.69M","-0.19%"
"03/04/2024","128,341","129,176","129,307","128,278","7.97M","-0.65%"
"03/01/2024","129,180","129,026","129,716","128,717","9.77M","0.12%"
"02/29/2024","129,020","130,155","130,155","128,669","12.00M","-0.87%"
"02/28/2024","130,155","131,685","131,685","129,771","9.05M","-1.16%"
"02/27/2024","131,689","129,613","131,696","129,613","10.05M","1.61%"
"02/26/2024","129,609","129,417","129,978","129,077","7.44M","0.15%"
"02/23/2024","129,419","130,240","130,624","129,077","9.23M","-0.63%"
"02/22/2024","130,241","130,035","130,829","129,971","10.77M","0.16%"
"02/21/2024","130,032","129,916","130,034","129,359","12.59M","0.09%"
"02/20/2024","129,916","129,033","129,916","128,326","12.24M","0.68%"
"02/19/2024","129,036","128,720","129,036","128,097","5.80M","0.24%"
"02/16/2024","128,726","127,809","129,069","127,653","10.12M","0.72%"
"02/15/2024","127,804","127,018","127,824","126,932","10.98M","0.62%"
"02/14/2024","127,018","128,026","128,026","126,663","7.75M","-0.79%"
"02/09/2024","128,026","128,216","128,896","127,579","12.12M","-0.15%"
"02/08/2024","128,217","129,950","130,126","127,912","13.63M","-1.33%"
"02/07/2024","129,950","130,412","130,552","129,426","15.43M","-0.36%"
"02/06/2024","130,416","127,593","130,417","127,593","13.78M","2.21%"
"02/05/2024","127,593","127,182","127,834","126,443","9.64M","0.32%"
"02/02/2024","127,182","128,471","128,878","126,628","10.98M","-1.01%"
"02/01/2024","128,481","127,752","128,481","127,284","10.23M","0.57%"
"01/31/2024","127,752","127,402","129,558","127,326","12.50M","0.28%"
"01/30/2024","127,402","128,492","128,492","127,105","10.04M","-0.86%"
"01/29/2024","128,503","128,970","129,068","127,853","8.76M","-0.36%"
"01/26/2024","128,967","128,196","129,252","127,869","8.51M","0.62%"
"01/25/2024","128,169","127,815","128,697","127,803","8.76M","0.28%"
"01/24/2024","127,816","128,275","129,446","127,680","8.82M","-0.35%"
"01/23/2024","128,263","126,612","128,331","126,612","9.37M","1.31%"
"01/22/2024","126,602","127,636","127,843","125,876","9.51M","-0.81%"
"01/19/2024","127,636","127,319","127,820","126,533","11.96M","0.25%"
"01/18/2024","127,316","128,524","129,047","127,316","12.46M","-0.94%"
"01/17/2024","128,524","129,293","129,296","128,312","9.95M","-0.60%"
"01/16/2024","129,294","131,515","131,517","129,147","11.91M","-1.69%"
"01/15/2024","131,521","130,988","131,606","130,253","5.75M","0.41%"
"01/12/2024","130,988","130,652","131,927","130,410","10.66M","0.26%"
"01/11/2024","130,649","130,841","131,308","129,898","9.76M","-0.15%"
"01/10/2024","130,841","131,447","131,628","130,438","8.96M","-0.46%"
"01/09/2024","131,447","132,424","132,426","131,203","9.29M","-0.74%"
"01/08/2024","132,427","132,023","132,498","131,015","8.50M","0.31%"
"01/05/2024","132,023","131,218","132,635","130,579","9.20M","0.61%"
"01/04/2024","131,226","132,831","132,885","131,024","8.97M","-1.21%"
"01/03/2024","132,834","132,697","133,576","132,250","8.70M","0.10%"
"01/02/2024","132,697","134,186","134,195","132,095","8.44M","-1.11%"
"12/28/2023","134,185","134,194","134,392","133,832","7.81M","-0.01%"
"12/27/2023","134,194","133,523","134,195","133,328","6.17M","0.49%"
"12/26/2023","133,533","132,753","133,645","132,753","5.15M","0.59%"
"12/22/2023","132,753","132,182","133,035","132,094","8.23M","0.43%"
"12/21/2023","132,182","130,826","132,277","130,822","8.68M","1.05%"
"12/20/2023","130,804","131,851","132,341","130,710","10.34M","-0.79%"
"12/19/2023","131,851","131,088","132,047","131,086","9.43M","0.59%"
"12/18/2023","131,084","130,202","131,447","130,198","9.60M","0.68%"
"12/15/2023","130,197","130,842","131,661","129,884","15.14M","-0.49%"
"12/14/2023","130,842","129,469","131,260","129,469","15.82M","1.06%"
"12/13/2023","129,465","126,406","129,793","126,299","15.07M","2.42%"
"12/12/2023","126,403","126,923","127,359","126,013","10.27M","-0.40%"
"12/11/2023","126,916","127,093","127,154","126,526","7.09M","-0.14%"
"12/08/2023","127,094","126,010","127,289","125,562","10.75M","0.86%"
"12/07/2023","126,010","125,623","126,581","125,566","10.51M","0.31%"
"12/06/2023","125,623","126,907","127,538","125,614","10.84M","-1.01%"
"12/05/2023","126,903","126,802","127,489","126,491","11.96M","0.08%"
"12/04/2023","126,803","128,183","128,183","126,643","10.27M","-1.08%"
"12/01/2023","128,185","127,331","128,185","126,656","13.70M","0.67%"
"11/30/2023","127,331","126,168","127,399","126,168","19.24M","0.92%"
"11/29/2023","126,166","126,541","127,388","126,018","12.42M","-0.29%"
"11/28/2023","126,538","125,726","126,916","125,388","12.39M","0.64%"
"11/27/2023","125,731","125,517","125,826","124,840","11.01M","0.17%"
"11/24/2023","125,517","126,553","126,553","125,341","9.61M","-0.84%"
"11/23/2023","126,576","126,035","126,760","125,764","7.82M","0.43%"
"11/22/2023","126,035","125,626","126,875","125,439","14.06M","0.33%"
"11/21/2023","125,626","125,957","125,957","125,060","10.79M","-0.26%"
"11/20/2023","125,957","124,773","126,162","124,773","11.11M","0.95%"
"11/17/2023","124,773","124,639","125,431","124,547","15.72M","0.11%"
"11/16/2023","124,639","123,165","124,737","123,165","18.36M","1.20%"
"11/14/2023","123,166","120,411","123,370","120,411","19.43M","2.29%"
"11/13/2023","120,410","120,561","120,606","119,878","11.20M","-0.13%"
"11/10/2023","120,568","119,036","120,823","119,036","11.75M","1.29%"
"11/09/2023","119,034","119,180","120,257","118,446","15.57M","-0.12%"
"11/08/2023","119,177","119,268","119,976","118,464","15.19M","-0.08%"
"11/07/2023","119,268","118,422","119,577","118,026","16.39M","0.71%"
"11/06/2023","118,431","118,160","118,758","118,045","10.17M","0.23%"
"11/03/2023","118,160","115,062","118,502","115,062","15.71M","2.70%"
"11/01/2023","115,053","113,157","115,433","113,157","13.90M","1.69%"
"10/31/2023","113,144","112,534","113,597","112,098","10.56M","0.54%"
"10/30/2023","112,532","113,303","114,204","112,309","9.74M","-0.68%"
"10/27/2023","113,301","114,777","115,342","112,953","12.29M","-1.29%"
"10/26/2023","114,777","112,840","114,886","112,840","12.77M","1.73%"
"10/25/2023","112,830","113,762","114,319","112,680","12.31M","-0.82%"
"10/24/2023","113,762","112,814","114,249","112,814","10.71M","0.87%"
"10/23/2023","112,785","113,145","113,680","112,164","10.70M","-0.33%"
"10/20/2023","113,155","113,996","114,090","112,533","11.74M","-0.74%"
"10/19/2023","114,004","114,059","115,063","113,768","11.50M","-0.05%"
"10/18/2023","114,060","115,907","115,907","113,952","15.49M","-1.60%"
"10/17/2023","115,908","116,526","116,917","115,564","10.37M","-0.54%"
"10/16/2023","116,534","115,760","116,905","115,760","8.99M","0.67%"
"10/13/2023","115,754","117,050","117,070","115,658","10.61M","-1.11%"
"10/11/2023","117,051","116,737","117,099","116,231","9.95M","0.27%"
"10/10/2023","116,737","115,158","116,900","115,158","11.62M","1.37%"
"10/09/2023","115,156","114,169","115,219","113,448","9.47M","0.86%"
"10/06/2023","114,170","113,283","114,491","111,599","13.14M","0.78%"
"10/05/2023","113,284","113,609","114,359","112,705","9.51M","-0.28%"
"10/04/2023","113,607","113,430","114,075","113,036","10.81M","0.17%"
"10/03/2023","113,419","115,055","115,056","113,151","11.10M","-1.42%"
"10/02/2023","115,057","116,565","116,672","114,761","8.52M","-1.29%"
"09/29/2023","116,565","115,742","116,899","115,742","11.14M","0.72%"
"09/28/2023","115,731","114,327","115,954","114,180","10.39M","1.23%"
"09/27/2023","114,327","114,193","115,340","113,366","13.36M","0.12%"
"09/26/2023","114,193","115,922","115,922","114,162","11.24M","-1.49%"
"09/25/2023","115,925","116,009","116,031","115,573","9.58M","-0.07%"
"09/22/2023","116,009","116,147","116,968","115,855","9.44M","-0.12%"
"09/21/2023","116,145","118,695","118,695","116,013","12.69M","-2.15%"
"09/20/2023","118,695","117,864","119,616","117,847","9.24M","0.72%"
"09/19/2023","117,846","118,288","118,458","117,628","11.45M","-0.37%"
"09/18/2023","118,288","118,759","119,486","118,123","11.27M","-0.40%"
"09/15/2023","118,758","119,393","119,780","118,666","16.11M","-0.53%"
"09/14/2023","119,392","118,181","119,748","118,181","13.28M","1.03%"
"09/13/2023","118,176","117,968","119,318","117,722","12.08M","0.18%"
"09/12/2023","117,968","116,885","118,154","116,885","9.19M","0.93%"
"09/11/2023","116,883","115,316","117,131","115,316","8.79M","1.36%"
"09/08/2023","115,313","115,979","115,979","114,839","8.36M","-0.58%"
"09/06/2023","115,985","117,331","117,971","115,984","9.92M","-1.15%"
"09/05/2023","117,331","117,776","117,957","116,637","10.87M","-0.38%"
"09/04/2023","117,777","117,893","118,576","117,590","5.53M","-0.10%"
"09/01/2023","117,893","115,744","117,991","115,744","11.89M","1.86%"
"08/31/2023","115,742","117,537","117,637","115,742","12.95M","-1.53%"
"08/30/2023","117,535","118,404","118,841","117,471","8.92M","-0.73%"
"08/29/2023","118,404","117,124","118,493","117,124","9.63M","1.10%"
"08/28/2023","117,121","115,838","117,253","115,836","9.60M","1.11%"
"08/25/2023","115,837","117,025","117,252","115,397","9.21M","-1.02%"
"08/24/2023","117,026","118,135","118,136","116,848","9.20M","-0.94%"
"08/23/2023","118,135","116,160","118,135","116,159","11.54M","1.70%"
"08/22/2023","116,156","114,433","116,286","114,433","9.83M","1.51%"
"08/21/2023","114,429","115,404","115,425","114,067","9.79M","-0.85%"
"08/18/2023","115,409","114,973","115,729","114,423","10.60M","0.37%"
"08/17/2023","114,982","115,592","116,610","114,859","12.75M","-0.53%"
"08/16/2023","115,592","116,171","117,338","115,534","18.86M","-0.50%"
"08/15/2023","116,171","116,809","117,697","116,033","14.64M","-0.55%"
"08/14/2023","116,810","118,067","118,082","116,530","11.20M","-1.06%"
"08/11/2023","118,065","118,350","119,054","117,415","11.87M","-0.24%"
"08/10/2023","118,350","118,412","119,438","118,113","12.69M","-0.05%"
"08/09/2023","118,409","119,090","119,090","117,901","11.25M","-0.57%"
"08/08/2023","119,090","119,378","119,553","117,492","10.25M","-0.24%"
"08/07/2023","119,380","119,509","120,104","118,894","8.73M","-0.11%"
"08/04/2023","119,508","120,586","121,442","119,215","15.07M","-0.89%"
"08/03/2023","120,586","120,859","122,619","120,365","13.03M","-0.23%"
"08/02/2023","120,859","121,249","121,252","119,798","10.57M","-0.32%"
"08/01/2023","121,248","121,945","121,945","120,154","10.30M","-0.57%"
"07/31/2023","121,943","120,188","122,149","120,188","10.12M","1.46%"
"07/28/2023","120,187","120,002","120,660","119,706","8.46M","0.16%"
"07/27/2023","119,990","122,560","122,599","119,825","10.68M","-2.10%"
"07/26/2023","122,560","122,003","122,747","121,370","9.99M","0.45%"
"07/25/2023","122,008","121,344","123,010","121,344","11.43M","0.55%"
"07/24/2023","121,342","120,220","121,772","120,099","10.49M","0.94%"
"07/21/2023","120,217","118,090","120,373","118,086","11.18M","1.81%"
"07/20/2023","118,083","117,558","118,290","117,484","8.99M","0.45%"
"07/19/2023","117,552","117,842","118,011","116,660","9.73M","-0.25%"
"07/18/2023","117,841","118,218","118,732","117,324","8.58M","-0.32%"
"07/17/2023","118,219","117,711","118,302","116,591","8.20M","0.43%"
"07/14/2023","117,711","119,268","119,329","117,526","8.98M","-1.30%"
"07/13/2023","119,264","117,671","119,739","117,668","9.26M","1.36%"
"07/12/2023","117,666","117,557","119,156","117,557","8.94M","0.09%"
"07/11/2023","117,556","117,942","117,942","115,704","10.59M","-0.33%"
"07/10/2023","117,942","118,897","118,897","117,814","8.10M","-0.80%"
"07/07/2023","118,898","117,427","119,549","117,427","10.52M","1.25%"
"07/06/2023","117,426","119,548","119,548","117,096","11.03M","-1.78%"
"07/05/2023","119,549","119,072","120,200","118,688","10.96M","0.40%"
"07/04/2023","119,076","119,673","119,678","118,830","6.56M","-0.50%"
"07/03/2023","119,673","118,092","119,877","118,092","8.91M","1.34%"
"06/30/2023","118,087","118,388","119,447","118,087","13.82M","-0.25%"
"06/29/2023","118,383","116,683","118,623","116,683","11.06M","1.46%"
"06/28/2023","116,681","117,524","117,937","116,560","10.65M","-0.72%"
"06/27/2023","117,523","118,246","119,212","116,561","13.08M","-0.61%"
"06/26/2023","118,243","118,977","119,148","117,491","10.46M","-0.62%"
"06/23/2023","118,977","118,959","119,386","118,178","12.85M","0.04%"
"06/22/2023","118,934","120,420","120,420","118,018","11.83M","-1.23%"
"06/21/2023","120,420","119,623","120,519","119,332","11.74M","0.67%"
"06/20/2023","119,622","119,858","119,858","118,416","10.92M","-0.20%"
"06/19/2023","119,858","118,757","119,939","118,558","6.78M","0.93%"
"06/16/2023","118,758","119,208","119,555","118,487","15.25M","-0.39%"
"06/15/2023","119,221","119,068","119,686","118,693","12.30M","0.13%"
"06/14/2023","119,069","116,753","119,085","116,745","16.94M","1.99%"
"06/13/2023","116,743","117,337","117,924","116,363","12.39M","-0.51%"
"06/12/2023","117,336","117,022","117,735","116,704","12.02M","0.27%"
"06/09/2023","117,019","115,489","117,603","115,489","13.53M","1.33%"
"06/07/2023","115,488","114,610","115,978","114,610","14.02M","0.77%"
"06/06/2023","114,610","112,697","114,783","112,696","15.03M","1.70%"
"06/05/2023","112,696","112,558","113,071","111,736","9.08M","0.12%"
"06/02/2023","112,558","110,568","113,070","110,567","14.55M","1.80%"
"06/01/2023","110,565","108,339","110,745","108,335","14.67M","2.06%"
"05/31/2023","108,335","108,967","109,137","108,193","15.86M","-0.58%"
"05/30/2023","108,967","110,333","111,291","108,552","11.59M","-1.24%"
"05/29/2023","110,333","110,906","111,168","110,195","5.91M","-0.52%"
"05/26/2023","110,906","110,058","111,706","109,900","11.02M","0.77%"
"05/25/2023","110,054","108,800","111,115","108,800","14.75M","1.15%"
"05/24/2023","108,800","109,920","109,920","108,546","12.98M","-1.03%"
"05/23/2023","109,929","110,213","111,325","109,713","12.33M","-0.26%"
"05/22/2023","110,213","110,745","111,643","110,178","11.77M","-0.48%"
"05/19/2023","110,745","110,113","111,211","109,787","16.14M","0.58%"
"05/18/2023","110,108","109,459","110,206","108,864","13.61M","0.59%"
"05/17/2023","109,460","108,194","109,774","108,188","13.99M","1.17%"
"05/16/2023","108,194","109,029","110,151","108,085","16.90M","-0.77%"
"05/15/2023","109,029","108,469","109,271","108,356","11.60M","0.52%"
"05/12/2023","108,464","108,256","108,817","107,497","11.92M","0.19%"
"05/11/2023","108,256","107,446","108,667","106,419","12.77M","0.75%"
"05/10/2023","107,448","107,114","107,744","106,538","13.58M","0.31%"
"05/09/2023","107,114","106,028","107,731","105,549","13.53M","1.01%"
"05/08/2023","106,042","105,161","106,716","105,161","13.26M","0.85%"
"05/05/2023","105,148","102,175","105,306","102,175","16.70M","2.91%"
"05/04/2023","102,174","101,798","103,321","101,063","14.84M","0.37%"
"05/03/2023","101,797","101,927","102,331","101,433","11.69M","-0.13%"
"05/02/2023","101,927","104,431","104,447","101,569","12.02M","-2.40%"
"04/28/2023","104,432","102,923","104,432","102,449","13.09M","1.47%"
"04/27/2023","102,923","102,310","103,177","101,975","11.30M","0.60%"
"04/26/2023","102,312","103,220","103,668","102,233","10.12M","-0.88%"
"04/25/2023","103,220","103,947","103,947","102,633","10.87M","-0.70%"
"04/24/2023","103,947","104,367","104,822","103,247","10.94M","-0.40%"
"04/20/2023","104,367","103,913","104,615","103,087","12.38M","0.44%"
"04/19/2023","103,913","106,149","106,149","103,604","12.71M","-2.12%"
"04/18/2023","106,163","106,023","106,475","105,122","11.21M","0.14%"
"04/17/2023","106,016","106,279","106,830","105,623","10.25M","-0.25%"
"04/14/2023","106,279","106,458","106,701","104,934","11.50M","-0.17%"
"04/13/2023","106,458","106,890","107,037","106,220","12.18M","-0.40%"
"04/12/2023","106,890","106,218","108,277","106,217","17.35M","0.64%"
"04/11/2023","106,214","101,849","106,455","101,848","18.73M","4.29%"
"04/10/2023","101,847","100,822","102,196","100,819","8.15M","1.02%"
"04/06/2023","100,822","100,978","101,628","100,443","9.82M","-0.15%"
"04/05/2023","100,978","101,869","101,960","99,898","13.26M","-0.88%"
"04/04/2023","101,869","101,505","103,056","101,505","11.70M","0.36%"
"04/03/2023","101,506","101,883","101,916","100,651","12.79M","-0.37%"
"03/31/2023","101,882","103,714","104,041","101,476","15.12M","-1.77%"
"03/30/2023","103,713","101,796","104,085","101,796","14.90M","1.89%"
"03/29/2023","101,793","101,185","102,213","100,248","12.46M","0.60%"
"03/28/2023","101,185","99,672","101,559","99,488","13.50M","1.52%"
"03/27/2023","99,670","98,833","99,997","98,833","9.99M","0.85%"
"03/24/2023","98,829","97,926","99,258","97,688","12.41M","0.92%"
"03/23/2023","97,926","100,221","101,126","96,997","15.66M","-2.29%"
"03/22/2023","100,221","100,998","101,888","100,129","11.50M","-0.77%"
"03/21/2023","100,998","100,923","101,670","100,923","9.67M","0.07%"
"03/20/2023","100,923","101,982","102,328","100,679","10.90M","-1.04%"
"03/17/2023","101,982","103,434","103,434","101,664","17.56M","-1.40%"
"03/16/2023","103,435","102,683","103,911","102,455","14.39M","0.74%"
"03/15/2023","102,675","102,930","103,048","100,692","15.25M","-0.25%"
"03/14/2023","102,932","103,121","104,153","102,482","13.13M","-0.18%"
"03/13/2023","103,121","103,608","103,907","102,255","12.99M","-0.48%"
"03/10/2023","103,618","105,071","105,071","103,201","17.95M","-1.38%"
"03/09/2023","105,071","106,540","106,724","105,053","19.17M","-1.38%"
"03/08/2023","106,540","104,228","106,721","104,228","15.90M","2.22%"
"03/07/2023","104,228","104,700","105,179","103,480","12.58M","-0.45%"
"03/06/2023","104,700","103,865","105,171","103,170","14.28M","0.80%"
"03/03/2023","103,866","103,326","104,440","103,323","13.10M","0.52%"
"03/02/2023","103,326","104,375","104,912","103,321","14.74M","-1.01%"
"03/01/2023","104,385","104,933","105,497","103,105","19.85M","-0.52%"
"02/28/2023","104,932","105,706","106,794","104,932","15.67M","-0.74%"
"02/27/2023","105,711","105,807","106,402","105,227","9.57M","-0.08%"
"02/24/2023","105,798","107,582","107,611","105,360","10.22M","-1.67%"
"02/23/2023","107,593","107,152","108,663","106,731","11.46M","0.41%"
"02/22/2023","107,152","109,174","109,174","106,720","9.36M","-1.85%"
"02/17/2023","109,177","109,941","109,941","108,968","10.06M","-0.70%"
"02/16/2023","109,941","109,599","110,437","108,378","13.00M","0.31%"
"02/15/2023","109,600","107,849","110,210","107,267","15.50M","1.62%"
"02/14/2023","107,849","108,839","109,564","107,557","11.89M","-0.91%"
"02/13/2023","108,836","108,074","109,193","107,420","9.97M","0.70%"
"02/10/2023","108,078","108,002","108,647","107,620","14.46M","0.07%"
"02/09/2023","108,008","109,952","110,046","107,767","12.96M","-1.77%"
"02/08/2023","109,951","107,832","110,175","107,830","13.84M","1.97%"
"02/07/2023","107,830","108,727","109,037","107,234","12.96M","-0.82%"
"02/06/2023","108,722","108,518","108,744","107,416","11.51M","0.18%"
"02/03/2023","108,523","110,141","110,570","108,185","13.24M","-1.47%"
"02/02/2023","110,141","112,072","112,943","109,747","15.24M","-1.72%"
"02/01/2023","112,074","113,430","113,598","110,729","17.82M","-1.20%"
"01/31/2023","113,431","112,273","113,691","112,145","12.90M","1.03%"
"01/30/2023","112,273","112,319","112,920","111,824","11.27M","-0.04%"
"01/27/2023","112,316","114,178","114,191","112,044","10.61M","-1.63%"
"01/26/2023","114,178","114,271","114,835","113,591","10.92M","-0.08%"
"01/25/2023","114,270","113,028","114,426","111,927","11.41M","1.10%"
"01/24/2023","113,028","111,746","113,040","111,669","11.55M","1.16%"
"01/23/2023","111,737","112,041","113,061","111,542","13.70M","-0.27%"
"01/20/2023","112,041","112,922","113,025","111,735","15.44M","-0.78%"
"01/19/2023","112,922","112,219","113,172","111,307","15.59M","0.62%"
"01/18/2023","112,228","111,442","113,306","111,441","14.13M","0.71%"
"01/17/2023","111,439","109,214","111,577","109,214","14.36M","2.04%"
"01/16/2023","109,213","110,908","110,908","108,753","12.51M","-1.54%"
"01/13/2023","110,916","111,843","111,847","110,428","15.94M","-0.84%"
"01/12/2023","111,850","112,516","113,129","110,982","19.84M","-0.59%"
"01/11/2023","112,517","110,816","112,552","110,752","14.46M","1.53%"
"01/10/2023","110,817","109,129","111,193","108,478","13.70M","1.55%"
"01/09/2023","109,130","108,964","109,938","108,134","12.05M","0.15%"
"01/06/2023","108,964","107,642","109,433","107,642","12.63M","1.23%"
"01/05/2023","107,641","105,336","107,743","105,333","15.51M","2.19%"
"01/04/2023","105,334","104,167","105,627","103,915","14.45M","1.12%"
"01/03/2023","104,166","106,377","106,684","103,852","14.47M","-2.08%"
"01/02/2023","106,376","109,734","109,734","105,981","8.13M","-3.06%"
"12/29/2022","109,735","110,237","111,178","109,560","13.39M","-0.46%"
"12/28/2022","110,237","108,578","110,536","108,578","11.19M","1.53%"
"12/27/2022","108,578","108,739","109,353","107,418","11.16M","-0.15%"
"12/26/2022","108,738","109,699","109,755","108,309","5.22M","-0.87%"
"12/23/2022","109,698","107,552","109,994","107,552","12.85M","2.00%"
"12/22/2022","107,552","107,436","108,383","106,510","11.49M","0.11%"
"12/21/2022","107,433","106,866","107,991","106,066","17.63M","0.53%"
"12/20/2022","106,864","104,740","107,792","104,607","19.13M","2.03%"
"12/19/2022","104,740","102,859","105,107","102,770","16.77M","1.83%"
"12/16/2022","102,856","103,737","104,018","102,248","18.26M","-0.85%"
"12/15/2022","103,738","103,739","105,483","103,014","15.57M","-0.01%"
"12/14/2022","103,746","103,536","104,516","101,632","24.92M","0.20%"
"12/13/2022","103,540","105,345","106,689","103,409","17.70M","-1.71%"
"12/12/2022","105,343","107,518","107,561","103,877","15.48M","-2.02%"
"12/09/2022","107,520","107,250","108,566","107,089","10.68M","0.25%"
"12/08/2022","107,249","109,068","109,286","106,906","14.92M","-1.67%"
"12/07/2022","109,069","110,188","110,247","108,612","13.83M","-1.02%"
"12/06/2022","110,189","109,403","110,663","109,217","13.44M","0.72%"
"12/05/2022","109,401","111,922","112,150","109,270","12.31M","-2.25%"
"12/02/2022","111,924","110,926","113,761","109,963","15.98M","0.90%"
"12/01/2022","110,926","112,479","112,479","110,548","15.19M","-1.39%"
"11/30/2022","112,486","110,910","112,486","110,202","19.70M","1.42%"
"11/29/2022","110,910","108,784","112,187","108,784","14.72M","1.96%"
"11/28/2022","108,782","108,977","109,476","108,378","11.49M","-0.18%"
"11/25/2022","108,977","111,831","112,025","108,552","12.31M","-2.55%"
"11/24/2022","111,831","108,846","112,612","108,846","10.30M","2.75%"
"11/23/2022","108,841","109,036","109,285","107,902","13.20M","-0.18%"
"11/22/2022","109,037","109,750","110,224","107,867","15.06M","-0.65%"
"11/21/2022","109,748","108,868","110,235","107,957","16.65M","0.81%"
"11/18/2022","108,870","109,706","111,585","108,512","18.77M","-0.76%"
"11/17/2022","109,703","110,241","110,242","107,245","23.12M","-0.49%"
"11/16/2022","110,243","113,166","113,473","109,512","18.35M","-2.58%"
"11/14/2022","113,161","112,256","114,322","111,930","15.08M","0.81%"
"11/11/2022","112,253","109,775","113,010","109,408","25.04M","2.26%"
"11/10/2022","109,775","113,579","113,579","108,516","26.03M","-3.35%"
"11/09/2022","113,580","116,153","116,183","113,110","20.53M","-2.22%"
"11/08/2022","116,160","115,340","117,072","114,688","14.24M","0.71%"
"11/07/2022","115,342","118,148","118,240","115,221","15.22M","-2.38%"
"11/04/2022","118,155","116,907","120,039","116,904","16.21M","1.08%"
"11/03/2022","116,896","116,927","117,373","114,485","15.63M","-0.03%"
"11/01/2022","116,929","116,037","118,261","115,547","17.97M","0.77%"
"10/31/2022","116,037","114,533","116,763","112,113","21.64M","1.31%"
"10/28/2022","114,539","114,636","114,712","113,336","14.39M","-0.09%"
"10/27/2022","114,641","112,766","116,236","112,765","15.53M","1.66%"
"10/26/2022","112,764","114,626","114,626","112,577","16.09M","-1.62%"
"10/25/2022","114,626","116,016","116,203","114,626","14.73M","-1.20%"
"10/24/2022","116,013","119,922","119,924","115,793","13.28M","-3.27%"
"10/21/2022","119,929","117,170","120,752","116,736","18.58M","2.35%"
"10/20/2022","117,171","116,276","117,367","116,276","16.92M","0.77%"
"10/19/2022","116,274","115,744","116,459","115,264","12.73M","0.46%"
"10/18/2022","115,743","113,627","115,795","113,627","14.74M","1.87%"
"10/17/2022","113,624","112,107","114,406","112,090","11.63M","1.38%"
"10/14/2022","112,072","114,301","114,712","111,631","13.10M","-1.95%"
"10/13/2022","114,300","114,819","115,367","112,690","14.58M","-0.46%"
"10/11/2022","114,827","115,928","115,928","114,297","13.14M","-0.96%"
"10/10/2022","115,941","116,377","116,841","115,261","11.43M","-0.37%"
"10/07/2022","116,375","117,560","117,960","115,924","13.62M","-1.01%"
"10/06/2022","117,561","117,200","118,382","117,144","14.52M","0.31%"
"10/05/2022","117,198","116,231","117,514","115,906","13.56M","0.83%"
"10/04/2022","116,230","116,147","118,280","115,837","16.08M","0.08%"
"10/03/2022","116,134","110,048","116,134","110,048","20.98M","5.54%"
"09/30/2022","110,037","107,664","110,502","107,315","16.54M","2.20%"
"09/29/2022","107,664","108,449","108,449","106,244","14.59M","-0.73%"
"09/28/2022","108,451","108,377","108,970","107,914","13.54M","0.07%"
"09/27/2022","108,376","109,122","110,161","108,120","14.52M","-0.68%"
"09/26/2022","109,114","111,713","111,713","109,022","13.13M","-2.33%"
"09/23/2022","111,716","114,070","114,070","110,732","13.54M","-2.06%"
"09/22/2022","114,070","111,942","114,392","111,819","15.68M","1.91%"
"09/21/2022","111,936","112,517","113,294","111,380","14.73M","-0.52%"
"09/20/2022","112,517","111,824","112,544","111,393","12.57M","0.62%"
"09/19/2022","111,824","109,283","111,976","108,508","12.59M","2.33%"
"09/16/2022","109,280","109,951","109,952","108,489","18.84M","-0.61%"
"09/15/2022","109,954","110,547","111,100","109,524","11.62M","-0.54%"
"09/14/2022","110,547","110,794","111,504","110,118","11.63M","-0.22%"
"09/13/2022","110,794","113,398","113,400","110,522","12.61M","-2.30%"
"09/12/2022","113,407","112,307","114,160","112,305","11.71M","0.98%"
"09/09/2022","112,300","109,922","112,540","109,922","12.16M","2.17%"
"09/08/2022","109,916","109,771","110,768","108,619","13.76M","0.14%"
"09/06/2022","109,764","112,203","112,203","109,348","14.30M","-2.17%"
"09/05/2022","112,203","110,868","112,671","110,865","9.52M","1.21%"
"09/02/2022","110,864","110,409","112,264","110,409","16.69M","0.42%"
"09/01/2022","110,405","109,524","110,405","108,217","14.48M","0.81%"
"08/31/2022","109,523","110,431","111,364","109,523","14.79M","-0.82%"
"08/30/2022","110,431","112,323","112,869","110,103","11.94M","-1.68%"
"08/29/2022","112,323","112,296","113,222","111,689","9.80M","0.02%"
"08/26/2022","112,299","113,533","114,091","111,978","11.16M","-1.09%"
"08/25/2022","113,532","112,898","114,156","112,768","11.84M","0.56%"
"08/24/2022","112,898","112,856","113,888","112,632","13.76M","0.04%"
"08/23/2022","112,857","110,504","112,965","110,503","11.89M","2.13%"
"08/22/2022","110,501","111,487","111,487","109,858","11.01M","-0.89%"
"08/19/2022","111,496","113,807","113,807","111,146","12.68M","-2.04%"
"08/18/2022","113,813","113,708","114,375","113,304","10.64M","0.09%"
"08/17/2022","113,708","113,508","114,146","112,483","14.65M","0.17%"
"08/16/2022","113,512","113,034","113,626","112,690","12.99M","0.43%"
"08/15/2022","113,032","112,767","113,214","111,067","15.55M","0.24%"
"08/12/2022","112,764","109,718","112,764","109,718","18.70M","2.78%"
"08/11/2022","109,718","110,236","111,310","109,604","14.94M","-0.47%"
"08/10/2022","110,236","108,658","110,362","108,657","13.38M","1.46%"
"08/09/2022","108,651","108,403","109,331","107,842","12.15M","0.23%"
"08/08/2022","108,402","106,473","108,489","106,473","12.67M","1.81%"
"08/05/2022","106,472","105,893","107,176","105,518","12.95M","0.55%"
"08/04/2022","105,892","103,777","106,162","103,777","15.50M","2.04%"
"08/03/2022","103,775","103,362","103,878","102,822","12.38M","0.40%"
"08/02/2022","103,362","102,225","103,660","101,694","10.12M","1.11%"
"08/01/2022","102,225","103,165","103,317","101,764","11.63M","-0.91%"
"07/29/2022","103,165","102,597","103,989","102,514","12.93M","0.55%"
"07/28/2022","102,597","101,437","102,686","101,045","11.13M","1.14%"
"07/27/2022","101,438","99,773","101,471","99,772","10.26M","1.67%"
"07/26/2022","99,772","100,270","100,753","99,365","9.14M","-0.50%"
"07/25/2022","100,270","98,926","100,508","98,925","8.62M","1.36%"
"07/22/2022","98,925","99,034","99,724","98,321","10.03M","-0.11%"
"07/21/2022","99,033","98,286","99,057","97,088","10.06M","0.76%"
"07/20/2022","98,287","98,244","98,366","97,277","12.94M","0.04%"
"07/19/2022","98,245","96,920","98,346","96,917","10.30M","1.37%"
"07/18/2022","96,916","96,553","98,291","96,553","10.74M","0.38%"
"07/15/2022","96,551","96,119","96,971","95,267","11.35M","0.45%"
"07/14/2022","96,121","97,879","97,879","95,431","12.58M","-1.80%"
"07/13/2022","97,881","98,258","98,928","97,403","12.21M","-0.40%"
"07/12/2022","98,271","98,212","98,737","97,253","12.57M","0.06%"
"07/11/2022","98,212","100,282","100,282","97,854","8.89M","-2.07%"
"07/08/2022","100,289","100,732","101,577","99,958","9.73M","-0.44%"
"07/07/2022","100,730","98,722","101,420","98,722","12.70M","2.04%"
"07/06/2022","98,719","98,294","99,141","97,423","13.35M","0.43%"
"07/05/2022","98,295","98,608","98,608","96,499","13.36M","-0.32%"
"07/04/2022","98,609","98,952","99,353","98,264","6.28M","-0.35%"
"07/01/2022","98,954","98,542","99,340","97,231","11.61M","0.42%"
"06/30/2022","98,542","99,619","99,619","97,758","14.59M","-1.08%"
"06/29/2022","99,622","100,592","101,313","99,218","10.45M","-0.96%"
"06/28/2022","100,591","100,766","102,237","99,956","10.49M","-0.17%"
"06/27/2022","100,764","98,673","101,106","98,672","9.90M","2.12%"
"06/24/2022","98,672","98,081","99,313","98,031","10.35M","0.60%"
"06/23/2022","98,080","99,523","100,232","97,775","12.41M","-1.45%"
"06/22/2022","99,522","99,678","100,374","98,050","11.68M","-0.16%"
"06/21/2022","99,685","99,854","101,069","99,167","11.07M","-0.17%"
"06/20/2022","99,853","99,824","100,481","98,409","10.90M","0.03%"
"06/17/2022","99,825","102,800","102,801","98,402","18.93M","-2.90%"
"06/15/2022","102,807","102,068","103,952","102,046","16.02M","0.73%"
"06/14/2022","102,063","102,598","103,328","101,325","11.56M","-0.52%"
"06/13/2022","102,598","105,476","105,478","101,700","13.84M","-2.73%"
"06/10/2022","105,481","107,091","107,092","104,648","12.84M","-1.51%"
"06/09/2022","107,094","108,367","108,510","107,068","11.96M","-1.18%"
"06/08/2022","108,368","110,067","110,142","108,045","10.38M","-1.55%"
"06/07/2022","110,070","110,185","110,435","109,394","9.47M","-0.11%"
"06/06/2022","110,186","111,102","111,935","110,015","8.21M","-0.82%"
"06/03/2022","111,102","112,392","112,392","110,935","8.76M","-1.15%"
"06/02/2022","112,393","111,363","112,709","111,218","10.05M","0.93%"
"06/01/2022","111,360","111,351","111,931","110,822","9.79M","0.01%"
"05/31/2022","111,351","111,036","111,903","110,685","15.81M","0.29%"
"05/30/2022","111,032","111,944","112,690","110,655","7.28M","-0.81%"
"05/27/2022","111,942","111,890","112,441","111,558","9.98M","0.05%"
"05/26/2022","111,890","110,577","112,102","110,388","13.08M","1.18%"
"05/25/2022","110,580","110,580","111,006","109,699","10.74M","0.00%"
"05/24/2022","110,581","110,340","110,635","108,399","11.72M","0.21%"
"05/23/2022","110,346","108,500","110,680","108,500","10.69M","1.71%"
"05/20/2022","108,488","107,056","108,795","107,056","12.87M","1.39%"
"05/19/2022","107,005","106,249","107,420","105,760","11.43M","0.71%"
"05/18/2022","106,247","108,788","108,923","106,038","14.75M","-2.34%"
"05/17/2022","108,789","108,246","109,774","108,245","16.50M","0.51%"
"05/16/2022","108,233","106,925","108,795","106,852","10.60M","1.22%"
"05/13/2022","106,924","105,691","107,773","105,691","12.37M","1.17%"
"05/12/2022","105,688","104,395","105,708","103,579","14.00M","1.24%"
"05/11/2022","104,397","103,110","105,374","103,008","13.43M","1.25%"
"05/10/2022","103,110","103,251","104,286","102,386","13.51M","-0.14%"
"05/09/2022","103,250","105,109","105,109","102,768","13.20M","-1.79%"
"05/06/2022","105,135","105,303","106,268","103,984","14.14M","-0.16%"
"05/05/2022","105,304","108,337","108,337","103,923","13.83M","-2.81%"
"05/04/2022","108,344","106,529","108,382","104,933","14.56M","1.70%"
"05/03/2022","106,528","106,640","107,127","106,033","9.94M","-0.10%"
"05/02/2022","106,639","107,876","107,884","105,218","11.94M","-1.15%"
"04/29/2022","107,876","109,922","111,819","107,876","13.66M","-1.86%"
"04/28/2022","109,919","109,349","110,702","108,905","11.13M","0.52%"
"04/27/2022","109,349","108,214","110,107","108,214","11.52M","1.05%"
"04/26/2022","108,213","110,684","110,685","107,978","11.75M","-2.23%"
"04/25/2022","110,685","111,077","111,155","109,222","11.10M","-0.35%"
"04/22/2022","111,078","114,343","114,343","110,591","10.88M","-2.86%"
"04/20/2022","114,344","115,057","115,057","113,945","10.75M","-0.62%"
"04/19/2022","115,057","115,687","115,687","114,277","10.54M","-0.54%"
"04/18/2022","115,687","116,182","116,191","115,177","8.40M","-0.43%"
"04/14/2022","116,182","116,781","116,781","115,624","10.37M","-0.51%"
"04/13/2022","116,782","116,150","117,329","116,150","12.07M","0.55%"
"04/12/2022","116,147","116,963","118,615","116,054","11.41M","-0.69%"
"04/11/2022","116,953","118,320","118,320","116,953","9.56M","-1.16%"
"04/08/2022","118,322","118,861","118,868","117,487","11.23M","-0.45%"
"04/07/2022","118,862","118,226","119,247","117,509","11.52M","0.54%"
"04/06/2022","118,228","118,885","118,885","116,791","13.41M","-0.55%"
"04/05/2022","118,885","121,279","121,628","118,794","11.79M","-1.97%"
"04/04/2022","121,280","121,569","121,570","120,754","8.81M","-0.24%"
"04/01/2022","121,570","120,001","121,579","120,001","13.78M","1.31%"
"03/31/2022","119,999","120,261","120,880","119,999","11.20M","-0.22%"
"03/30/2022","120,260","120,013","120,531","119,775","10.89M","0.20%"
"03/29/2022","120,014","118,740","120,900","118,740","12.93M","1.07%"
"03/28/2022","118,738","119,082","119,444","118,061","9.17M","-0.29%"
"03/25/2022","119,081","119,062","119,729","118,548","13.81M","0.02%"
"03/24/2022","119,053","117,460","119,256","117,151","13.47M","1.36%"
"03/23/2022","117,457","117,270","118,270","117,036","11.08M","0.16%"
"03/22/2022","117,272","116,157","117,541","116,157","11.38M","0.96%"
"03/21/2022","116,155","115,307","116,360","115,208","10.38M","0.73%"
"03/18/2022","115,311","113,076","115,311","112,475","19.55M","1.98%"
"03/17/2022","113,076","111,113","113,088","111,070","14.41M","1.77%"
"03/16/2022","111,112","108,958","111,183","108,958","13.21M","1.98%"
"03/15/2022","108,959","109,925","109,925","107,781","13.65M","-0.88%"
"03/14/2022","109,928","111,716","112,299","109,717","10.48M","-1.60%"
"03/11/2022","111,713","113,664","114,627","111,332","12.48M","-1.72%"
"03/10/2022","113,663","113,900","113,939","111,889","12.98M","-0.21%"
"03/09/2022","113,900","111,210","114,051","111,207","14.71M","2.43%"
"03/08/2022","111,203","111,594","112,390","110,969","15.70M","-0.35%"
"03/07/2022","111,593","114,469","114,529","111,140","14.06M","-2.52%"
"03/04/2022","114,474","115,166","115,166","113,389","10.72M","-0.60%"
"03/03/2022","115,166","115,173","115,948","115,010","12.12M","-0.01%"
"03/02/2022","115,174","113,143","115,429","113,143","10.70M","1.80%"
"02/25/2022","113,142","111,591","113,142","110,673","17.56M","1.39%"
"02/24/2022","111,592","112,001","112,001","109,125","16.79M","-0.37%"
"02/23/2022","112,008","112,892","113,721","111,748","12.12M","-0.78%"
"02/22/2022","112,892","111,727","113,315","111,727","12.71M","1.04%"
"02/21/2022","111,725","112,880","113,405","111,608","7.86M","-1.02%"
"02/18/2022","112,880","113,534","114,213","112,701","11.30M","-0.57%"
"02/17/2022","113,528","115,181","115,214","113,389","10.81M","-1.44%"
"02/16/2022","115,181","114,830","115,734","114,816","12.05M","0.31%"
"02/15/2022","114,828","113,905","114,828","113,882","11.65M","0.82%"
"02/14/2022","113,899","113,643","114,167","113,358","10.76M","0.29%"
"02/11/2022","113,572","113,368","114,899","113,128","18.60M","0.18%"
"02/10/2022","113,368","112,462","113,812","112,163","13.27M","0.81%"
"02/09/2022","112,461","112,233","113,163","111,710","13.79M","0.20%"
"02/08/2022","112,234","111,995","112,251","110,943","10.16M","0.21%"
"02/07/2022","111,996","112,247","112,517","111,490","10.67M","-0.22%"
"02/04/2022","112,245","111,696","112,415","110,321","11.46M","0.49%"
"02/03/2022","111,696","111,897","112,502","111,225","11.04M","-0.18%"
"02/02/2022","111,894","113,228","113,666","111,645","11.75M","-1.18%"
"02/01/2022","113,228","112,143","113,302","112,135","11.13M","0.97%"
"01/31/2022","112,144","111,910","112,678","111,195","12.19M","0.21%"
"01/28/2022","111,910","112,611","112,969","111,407","13.52M","-0.62%"
"01/27/2022","112,612","111,303","113,057","111,303","14.81M","1.19%"
"01/26/2022","111,289","110,206","112,695","110,204","15.51M","0.98%"
"01/25/2022","110,204","107,935","110,711","107,185","13.71M","2.10%"
"01/24/2022","107,937","108,941","108,948","106,624","12.70M","-0.92%"
"01/21/2022","108,942","109,097","109,786","108,368","13.41M","-0.15%"
"01/20/2022","109,102","108,015","109,873","108,014","13.63M","1.01%"
"01/19/2022","108,013","106,670","108,602","106,669","12.60M","1.26%"
"01/18/2022","106,668","106,369","107,013","105,786","11.22M","0.28%"
"01/17/2022","106,374","106,927","106,928","106,097","6.92M","-0.52%"
"01/14/2022","106,928","105,530","107,062","105,028","11.46M","1.32%"
"01/13/2022","105,530","105,686","106,251","104,974","11.71M","-0.15%"
"01/12/2022","105,686","103,779","105,869","103,771","13.03M","1.84%"
"01/11/2022","103,779","101,946","103,780","101,918","12.42M","1.80%"
"01/10/2022","101,945","102,719","102,719","101,038","10.26M","-0.75%"
"01/07/2022","102,719","101,561","102,719","101,104","11.73M","1.14%"
"01/06/2022","101,561","101,006","102,235","101,000","11.75M","0.55%"
"01/05/2022","101,006","103,514","103,514","100,850","12.88M","-2.42%"
"01/04/2022","103,514","103,922","104,276","103,096","11.49M","-0.39%"
"01/03/2022","103,922","104,823","106,125","103,413","11.13M","-0.86%"
"12/30/2021","104,822","104,106","105,269","104,106","11.14M","0.69%"
"12/29/2021","104,107","104,863","105,190","103,851","6.59M","-0.72%"
"12/28/2021","104,864","105,555","105,652","104,503","7.51M","-0.65%"
"12/27/2021","105,554","104,892","105,694","104,798","7.59M","0.63%"
"12/23/2021","104,891","105,251","105,453","104,637","7.28M","-0.34%"
"12/22/2021","105,244","105,499","105,711","104,386","8.05M","-0.24%"
"12/21/2021","105,500","105,020","105,906","105,020","9.04M","0.46%"
"12/20/2021","105,020","107,171","107,171","104,358","10.57M","-2.03%"
"12/17/2021","107,201","108,324","108,324","106,518","14.93M","-1.04%"
"12/16/2021","108,326","107,433","109,034","107,433","13.75M","0.83%"
"12/15/2021","107,431","106,763","107,603","105,697","12.66M","0.63%"
"12/14/2021","106,760","107,387","109,148","106,445","11.60M","-0.58%"
"12/13/2021","107,383","107,758","109,493","107,383","12.51M","-0.35%"
"12/10/2021","107,758","106,296","108,275","106,296","10.47M","1.38%"
"12/09/2021","106,291","108,095","108,095","105,890","11.08M","-1.67%"
"12/08/2021","108,096","107,558","108,521","107,309","13.17M","0.50%"
"12/07/2021","107,558","106,868","108,655","106,868","11.77M","0.65%"
"12/06/2021","106,859","105,070","107,498","105,070","11.13M","1.70%"
"12/03/2021","105,070","104,467","106,814","104,090","14.58M","0.58%"
"12/02/2021","104,466","100,785","104,466","100,785","14.85M","3.66%"
"12/01/2021","100,775","101,916","104,087","100,727","13.76M","-1.12%"
"11/30/2021","101,915","102,814","103,066","100,075","18.20M","-0.87%"
"11/29/2021","102,814","102,227","104,149","102,226","10.28M","0.58%"
"11/26/2021","102,224","105,810","105,810","101,495","10.97M","-3.39%"
"11/25/2021","105,811","104,514","106,400","104,514","7.89M","1.24%"
"11/24/2021","104,514","103,652","105,041","102,464","10.47M","0.83%"
"11/23/2021","103,654","102,124","103,841","101,736","13.03M","1.50%"
"11/22/2021","102,122","103,036","104,613","102,122","10.41M","-0.89%"
"11/19/2021","103,035","102,426","103,975","102,143","11.10M","0.59%"
"11/18/2021","102,426","102,948","103,757","102,014","10.91M","-0.51%"
"11/17/2021","102,948","104,405","105,535","102,551","12.83M","-1.39%"
"11/16/2021","104,404","106,336","106,971","104,113","11.58M","-1.82%"
"11/12/2021","106,335","107,576","107,915","105,842","13.25M","-1.17%"
"11/11/2021","107,595","105,988","108,669","105,988","12.66M","1.54%"
"11/10/2021","105,968","105,535","107,407","105,140","12.28M","0.41%"
"11/09/2021","105,535","104,783","106,674","104,783","11.02M","0.72%"
"11/08/2021","104,781","104,824","105,679","104,182","9.36M","-0.04%"
"11/05/2021","104,824","103,412","105,555","103,412","12.59M","1.37%"
"11/04/2021","103,412","105,617","105,627","102,835","12.08M","-2.09%"
"11/03/2021","105,617","105,547","106,754","104,205","14.70M","0.06%"
"11/01/2021","105,551","103,514","106,136","103,514","10.73M","1.98%"
"10/29/2021","103,501","105,707","105,954","103,430","12.60M","-2.09%"
"10/28/2021","105,705","106,369","107,210","105,282","11.50M","-0.62%"
"10/27/2021","106,363","106,433","108,224","106,045","10.83M","-0.05%"
"10/26/2021","106,420","108,713","108,713","106,321","10.76M","-2.11%"
"10/25/2021","108,715","106,298","109,372","106,296","11.51M","2.28%"
"10/22/2021","106,296","107,714","107,749","102,854","21.17M","-1.34%"
"10/21/2021","107,735","110,767","110,767","105,714","16.51M","-2.75%"
"10/20/2021","110,786","110,677","112,023","110,176","11.74M","0.10%"
"10/19/2021","110,673","114,422","114,422","109,947","14.13M","-3.28%"
"10/18/2021","114,428","114,647","114,927","112,841","11.20M","-0.19%"
"10/15/2021","114,648","113,189","114,776","113,049","11.17M","1.29%"
"10/14/2021","113,185","113,457","113,881","112,708","8.96M","-0.24%"
"10/13/2021","113,456","112,180","114,159","111,807","11.73M","1.14%"
"10/11/2021","112,180","112,834","113,982","112,052","10.28M","-0.58%"
"10/08/2021","112,833","110,586","114,172","110,586","12.87M","2.03%"
"10/07/2021","110,585","110,563","111,522","110,563","10.65M","0.02%"
"10/06/2021","110,560","110,454","110,614","108,180","13.28M","0.09%"
"10/05/2021","110,458","110,397","111,691","110,087","10.38M","0.06%"
"10/04/2021","110,393","112,900","112,900","109,979","11.81M","-2.22%"
"10/01/2021","112,900","110,980","113,020","110,980","10.78M","1.73%"
"09/30/2021","110,979","111,117","112,371","110,743","13.16M","-0.12%"
"09/29/2021","111,107","110,125","112,028","110,125","11.37M","0.89%"
"09/28/2021","110,124","113,584","113,584","109,981","13.19M","-3.05%"
"09/27/2021","113,583","113,283","114,432","112,360","10.74M","0.26%"
"09/24/2021","113,283","114,062","114,062","112,505","9.12M","-0.68%"
"09/23/2021","114,064","112,282","114,330","112,281","11.48M","1.59%"
"09/22/2021","112,282","110,252","113,321","110,251","12.16M","1.84%"
"09/21/2021","110,250","108,859","110,923","108,859","11.25M","1.29%"
"09/20/2021","108,844","111,435","111,435","107,520","11.50M","-2.33%"
"09/17/2021","111,439","113,794","113,794","111,157","14.83M","-2.07%"
"09/16/2021","113,794","115,062","115,062","113,395","10.69M","-1.10%"
"09/15/2021","115,063","116,191","116,312","114,741","9.46M","-0.96%"
"09/14/2021","116,181","116,405","117,270","115,809","9.03M","-0.19%"
"09/13/2021","116,404","114,300","117,046","114,300","9.25M","1.85%"
"09/10/2021","114,286","115,370","116,896","114,286","11.16M","-0.93%"
"09/09/2021","115,361","113,413","116,354","112,435","13.89M","1.72%"
"09/08/2021","113,413","117,866","117,866","113,172","12.32M","-3.78%"
"09/06/2021","117,869","116,926","117,981","116,156","5.11M","0.80%"
"09/03/2021","116,933","116,679","117,396","115,583","12.52M","0.22%"
"09/02/2021","116,677","119,394","119,397","116,534","9.86M","-2.28%"
"09/01/2021","119,396","118,793","119,942","118,067","9.52M","0.52%"
"08/31/2021","118,781","119,738","120,157","117,911","11.54M","-0.80%"
"08/30/2021","119,740","120,677","120,684","119,354","6.39M","-0.78%"
"08/27/2021","120,678","118,725","120,678","118,721","7.32M","1.65%"
"08/26/2021","118,724","120,817","120,833","118,719","8.43M","-1.73%"
"08/25/2021","120,818","120,210","120,818","119,226","7.52M","0.50%"
"08/24/2021","120,211","117,474","120,463","117,474","9.18M","2.33%"
"08/23/2021","117,472","118,053","118,445","117,062","7.85M","-0.49%"
"08/20/2021","118,053","117,163","118,308","116,040","8.93M","0.76%"
"08/19/2021","117,165","116,641","117,453","114,801","10.52M","0.45%"
"08/18/2021","116,643","117,904","118,739","116,489","11.75M","-1.07%"
"08/17/2021","117,904","119,179","119,179","116,248","11.22M","-1.07%"
"08/16/2021","119,180","121,191","121,191","118,684","9.74M","-1.66%"
"08/13/2021","121,194","120,701","121,275","120,045","10.64M","0.41%"
"08/12/2021","120,701","122,056","122,095","120,534","11.07M","-1.11%"
"08/11/2021","122,056","122,203","122,756","120,827","8.69M","-0.12%"
"08/10/2021","122,202","123,021","123,513","122,061","8.30M","-0.66%"
"08/09/2021","123,019","122,809","123,597","122,258","7.17M","0.17%"
"08/06/2021","122,810","121,633","123,287","121,568","7.50M","0.97%"
"08/05/2021","121,633","121,801","123,541","121,128","10.91M","-0.14%"
"08/04/2021","121,801","123,577","123,587","121,072","9.16M","-1.44%"
"08/03/2021","123,577","122,516","123,765","120,807","9.39M","0.87%"
"08/02/2021","122,516","121,803","124,536","121,797","8.57M","0.59%"
"07/30/2021","121,801","125,672","125,673","121,748","9.40M","-3.08%"
"07/29/2021","125,675","126,285","126,476","124,917","7.49M","-0.48%"
"07/28/2021","126,286","124,615","126,712","124,542","9.04M","1.34%"
"07/27/2021","124,612","126,004","126,026","123,670","7.31M","-1.10%"
"07/26/2021","126,004","125,058","126,214","125,006","6.33M","0.76%"
"07/23/2021","125,053","126,140","126,204","124,422","6.05M","-0.87%"
"07/22/2021","126,147","125,930","126,428","125,416","6.48M","0.17%"
"07/21/2021","125,929","125,404","126,112","125,247","7.15M","0.42%"
"07/20/2021","125,401","124,395","125,631","123,631","7.63M","0.81%"
"07/19/2021","124,395","125,958","125,958","123,317","9.21M","-1.24%"
"07/16/2021","125,960","127,468","128,010","125,808","7.36M","-1.18%"
"07/15/2021","127,468","128,407","128,976","126,922","7.42M","-0.73%"
"07/14/2021","128,407","128,169","129,620","128,085","9.21M","0.19%"
"07/13/2021","128,168","127,594","128,420","126,441","7.15M","0.45%"
"07/12/2021","127,594","125,428","127,782","125,428","7.42M","1.73%"
"07/08/2021","125,428","127,013","127,013","124,310","8.88M","-1.25%"
"07/07/2021","127,019","125,096","127,249","125,094","8.15M","1.54%"
"07/06/2021","125,095","126,919","126,919","124,866","7.65M","-1.44%"
"07/05/2021","126,920","127,622","127,633","126,531","5.26M","-0.55%"
"07/02/2021","127,622","125,667","127,672","125,667","7.43M","1.56%"
"07/01/2021","125,666","126,802","127,204","124,994","9.29M","-0.90%"
"06/30/2021","126,802","127,323","127,323","126,199","9.10M","-0.41%"
"06/29/2021","127,327","127,429","127,507","126,184","7.78M","-0.08%"
"06/28/2021","127,429","127,255","128,067","126,629","8.16M","0.14%"
"06/25/2021","127,256","129,513","129,748","126,697","9.36M","-1.74%"
"06/24/2021","129,514","128,433","129,541","128,428","7.24M","0.85%"
"06/23/2021","128,428","128,769","129,901","128,182","7.99M","-0.26%"
"06/22/2021","128,767","129,242","129,259","127,803","9.33M","-0.39%"
"06/21/2021","129,265","128,405","129,412","128,048","7.33M","0.67%"
"06/18/2021","128,405","128,050","128,796","127,595","12.43M","0.27%"
"06/17/2021","128,057","129,259","129,919","127,576","9.66M","-0.93%"
"06/16/2021","129,259","130,091","130,283","128,345","12.88M","-0.64%"
"06/15/2021","130,091","130,208","130,436","129,304","7.21M","-0.09%"
"06/14/2021","130,208","129,441","131,084","129,441","8.16M","0.59%"
"06/11/2021","129,441","130,076","130,294","128,678","7.75M","-0.49%"
"06/10/2021","130,076","129,911","130,527","129,526","8.53M","0.13%"
"06/09/2021","129,907","129,800","130,882","129,281","9.84M","0.09%"
"06/08/2021","129,787","130,776","130,776","129,230","10.35M","-0.76%"
"06/07/2021","130,776","130,125","131,190","129,498","9.66M","0.50%"
"06/04/2021","130,126","129,600","130,137","129,148","9.81M","0.41%"
"06/02/2021","129,601","128,268","129,601","128,167","12.78M","1.04%"
"06/01/2021","128,267","126,218","128,363","126,218","12.50M","1.62%"
"05/31/2021","126,216","125,561","126,216","125,540","5.95M","0.52%"
"05/28/2021","125,561","124,367","125,698","124,284","8.85M","0.96%"
"05/27/2021","124,367","123,989","124,537","123,470","13.14M","0.30%"
"05/26/2021","123,989","122,988","124,256","122,988","8.26M","0.81%"
"05/25/2021","122,988","124,032","124,696","122,701","8.91M","-0.84%"
"05/24/2021","124,032","122,592","124,167","122,526","8.19M","1.17%"
"05/21/2021","122,592","122,701","122,799","121,760","9.49M","-0.09%"
"05/20/2021","122,701","122,636","122,734","122,136","7.91M","0.05%"
"05/19/2021","122,636","122,976","123,013","121,595","8.83M","-0.28%"
"05/18/2021","122,980","122,937","123,544","122,550","7.84M","0.03%"
"05/17/2021","122,938","121,880","123,074","121,680","7.41M","0.87%"
"05/14/2021","121,881","120,719","122,195","120,719","10.14M","0.97%"
"05/13/2021","120,706","119,711","121,426","119,711","9.36M","0.83%"
"05/12/2021","119,710","122,964","122,964","119,458","9.41M","-2.65%"
"05/11/2021","122,964","121,904","122,964","120,145","7.99M","0.87%"
"05/10/2021","121,909","122,038","122,772","121,794","8.22M","-0.11%"
"05/07/2021","122,038","119,922","122,038","119,922","8.87M","1.77%"
"05/06/2021","119,921","119,577","119,966","119,071","8.78M","0.30%"
"05/05/2021","119,564","117,725","119,734","117,725","9.06M","1.57%"
"05/04/2021","117,712","119,209","119,293","117,631","8.77M","-1.26%"
"05/03/2021","119,209","118,951","119,904","118,528","8.89M","0.26%"
"04/30/2021","118,894","120,064","120,125","118,894","11.09M","-0.98%"
"04/29/2021","120,066","121,053","121,498","119,703","8.50M","-0.82%"
"04/28/2021","121,053","119,392","121,276","119,392","9.08M","1.39%"
"04/27/2021","119,388","120,595","121,012","119,003","8.36M","-1.00%"
"04/26/2021","120,595","120,534","121,393","119,860","7.10M","0.05%"
"04/23/2021","120,530","119,372","120,815","119,372","7.62M","0.97%"
"04/22/2021","119,371","120,064","120,995","119,203","8.60M","-0.58%"
"04/20/2021","120,062","120,925","121,354","119,841","7.81M","-0.72%"
"04/19/2021","120,934","121,116","121,974","120,682","10.03M","-0.15%"
"04/16/2021","121,114","120,701","121,333","120,199","7.95M","0.34%"
"04/15/2021","120,701","120,290","121,409","120,084","7.95M","0.34%"
"04/14/2021","120,295","119,298","120,871","119,298","10.08M","0.84%"
"04/13/2021","119,297","118,809","119,529","118,041","8.98M","0.41%"
"04/12/2021","118,812","117,661","118,812","117,661","7.00M","0.97%"
"04/09/2021","117,670","118,313","118,643","117,336","7.74M","-0.54%"
"04/08/2021","118,313","117,624","118,850","117,486","8.78M","0.59%"
"04/07/2021","117,624","117,499","118,303","116,748","8.54M","0.11%"
"04/06/2021","117,499","117,519","118,213","117,176","6.80M","-0.02%"
"04/05/2021","117,518","115,262","117,668","115,262","7.25M","1.97%"
"04/01/2021","115,253","116,644","117,088","114,991","8.02M","-1.18%"
"03/31/2021","116,634","116,850","117,249","115,932","10.66M","-0.18%"
"03/30/2021","116,850","115,414","117,090","114,999","8.14M","1.24%"
"03/29/2021","115,419","114,776","115,553","114,096","7.46M","0.56%"
"03/26/2021","114,781","113,750","115,416","113,305","8.66M","0.91%"
"03/25/2021","113,750","112,065","114,024","110,927","10.31M","1.50%"
"03/24/2021","112,064","113,272","114,823","112,064","9.83M","-1.06%"
"03/23/2021","113,262","114,977","115,599","113,062","8.30M","-1.49%"
"03/22/2021","114,979","116,222","116,225","113,620","8.16M","-1.07%"
"03/19/2021","116,222","114,837","116,446","114,610","12.34M","1.21%"
"03/18/2021","114,835","116,549","116,751","114,302","9.92M","-1.47%"
"03/17/2021","116,549","114,018","116,736","113,428","9.43M","2.22%"
"03/16/2021","114,019","114,845","114,974","113,370","7.80M","-0.72%"
"03/15/2021","114,851","114,093","114,903","113,635","8.22M","0.61%"
"03/12/2021","114,160","114,984","114,984","113,253","8.11M","-0.72%"
"03/11/2021","114,984","112,782","115,127","112,776","12.09M","1.96%"
"03/10/2021","112,776","111,331","112,928","109,999","12.51M","1.30%"
"03/09/2021","111,331","110,611","112,524","109,343","12.14M","0.65%"
"03/08/2021","110,612","115,202","115,202","110,268","13.70M","-3.98%"
"03/05/2021","115,202","112,690","115,504","112,504","13.25M","2.23%"
"03/04/2021","112,690","111,191","114,433","111,163","14.22M","1.35%"
"03/03/2021","111,184","111,529","112,398","107,466","15.14M","-0.32%"
"03/02/2021","111,540","110,328","112,428","107,319","14.82M","1.09%"
"03/01/2021","110,335","110,036","112,445","110,036","11.24M","0.27%"
"02/26/2021","110,035","112,260","113,466","109,827","14.62M","-1.98%"
"02/25/2021","112,256","115,668","116,506","111,764","12.47M","-2.95%"
"02/24/2021","115,668","115,229","116,208","114,668","11.40M","0.38%"
"02/23/2021","115,227","112,676","115,380","112,667","15.17M","2.27%"
"02/22/2021","112,668","118,388","118,388","111,650","21.77M","-4.87%"
"02/19/2021","118,431","119,199","119,250","117,867","10.40M","-0.64%"
"02/18/2021","119,199","120,361","120,845","118,515","10.72M","-0.96%"
"02/17/2021","120,356","119,421","120,597","118,880","8.33M","0.78%"
"02/12/2021","119,429","119,300","119,763","118,163","7.66M","0.11%"
"02/11/2021","119,300","118,440","120,283","118,440","7.57M","0.73%"
"02/10/2021","118,435","119,472","119,738","117,970","8.64M","-0.87%"
"02/09/2021","119,472","119,696","119,975","118,246","7.91M","-0.19%"
"02/08/2021","119,696","120,239","120,844","119,140","8.62M","-0.45%"
"02/05/2021","120,240","119,261","121,117","119,261","8.21M","0.82%"
"02/04/2021","119,261","119,728","120,560","118,918","8.10M","-0.39%"
"02/03/2021","119,725","118,235","120,210","118,234","8.70M","1.26%"
"02/02/2021","118,234","117,520","119,805","117,519","11.63M","0.61%"
"02/01/2021","117,518","115,093","117,862","115,093","8.72M","2.13%"
"01/29/2021","115,068","118,880","118,880","114,973","10.97M","-3.21%"
"01/28/2021","118,883","115,882","119,355","115,734","12.07M","2.59%"
"01/27/2021","115,882","116,463","117,840","114,887","12.38M","-0.50%"
"01/26/2021","116,464","117,381","119,167","116,109","10.68M","-0.78%"
"01/22/2021","117,380","118,318","118,318","116,109","9.37M","-0.80%"
"01/21/2021","118,329","119,628","120,243","117,785","8.57M","-1.10%"
"01/20/2021","119,646","120,644","121,449","118,740","7.95M","-0.82%"
"01/19/2021","120,636","121,250","122,120","119,257","7.89M","-0.50%"
"01/18/2021","121,242","120,351","122,586","120,351","7.22M","0.74%"
"01/15/2021","120,349","123,472","123,472","120,185","9.39M","-2.54%"
"01/14/2021","123,481","121,947","123,896","121,947","8.97M","1.27%"
"01/13/2021","121,933","123,996","124,032","121,016","10.29M","-1.67%"
"01/12/2021","123,998","123,255","124,584","123,227","8.95M","0.60%"
"01/11/2021","123,255","125,075","125,075","122,506","9.54M","-1.46%"
"01/08/2021","125,077","122,387","125,324","122,386","11.09M","2.20%"
"01/07/2021","122,386","119,103","122,697","119,101","11.77M","2.76%"
"01/06/2021","119,100","119,377","120,924","118,917","11.64M","-0.23%"
"01/05/2021","119,376","118,835","119,790","116,756","9.26M","0.44%"
"01/04/2021","118,855","119,024","120,354","118,062","8.74M","-0.14%"
"12/30/2020","119,017","119,410","120,150","118,919","8.24M","-0.33%"
"12/29/2020","119,409","119,130","119,861","118,750","6.77M","0.24%"
"12/28/2020","119,124","117,806","119,213","117,805","7.17M","1.12%"
"12/23/2020","117,807","116,636","118,311","116,636","6.48M","1.00%"
"12/22/2020","116,636","115,825","116,903","115,648","6.95M","0.70%"
"12/21/2020","115,823","118,021","118,021","114,730","10.35M","-1.86%"
"12/18/2020","118,024","118,395","119,370","117,638","8.64M","-0.32%"
"12/17/2020","118,401","117,864","119,027","117,856","7.70M","0.46%"
"12/16/2020","117,857","116,149","118,178","115,496","9.81M","1.47%"
"12/15/2020","116,149","114,613","116,390","114,613","8.20M","1.34%"
"12/14/2020","114,611","115,137","115,740","114,431","8.19M","-0.45%"
"12/11/2020","115,128","115,128","115,527","113,949","8.37M","0.00%"
"12/10/2020","115,129","113,002","115,262","112,732","11.80M","1.88%"
"12/09/2020","113,001","113,799","114,020","112,567","8.43M","-0.70%"
"12/08/2020","113,793","113,590","114,381","112,820","8.81M","0.18%"
"12/07/2020","113,590","113,750","114,531","112,629","9.63M","-0.14%"
"12/04/2020","113,750","112,294","113,864","112,294","8.89M","1.30%"
"12/03/2020","112,292","111,874","113,377","111,874","11.47M","0.37%"
"12/02/2020","111,879","111,402","112,315","110,579","9.81M","0.43%"
"12/01/2020","111,400","108,897","111,840","108,897","11.32M","2.30%"
"11/30/2020","108,893","110,598","110,934","108,829","19.30M","-1.52%"
"11/27/2020","110,575","110,229","111,603","110,161","8.79M","0.32%"
"11/26/2020","110,227","110,133","110,244","109,418","6.17M","0.09%"
"11/25/2020","110,133","109,786","110,596","109,315","8.56M","0.32%"
"11/24/2020","109,786","107,378","109,956","107,361","11.93M","2.24%"
"11/23/2020","107,379","106,050","107,495","106,050","9.69M","1.26%"
"11/20/2020","106,042","106,670","106,764","105,680","7.10M","-0.59%"
"11/19/2020","106,670","106,117","106,973","105,545","8.56M","0.52%"
"11/18/2020","106,119","107,246","107,467","106,043","10.34M","-1.05%"
"11/17/2020","107,249","106,430","107,810","105,847","10.31M","0.77%"
"11/16/2020","106,430","104,729","106,518","104,729","11.72M","1.63%"
"11/13/2020","104,723","102,509","104,726","102,509","9.77M","2.16%"
"11/12/2020","102,507","104,810","105,019","102,034","10.86M","-2.20%"
"11/11/2020","104,809","105,067","105,462","104,143","10.84M","-0.25%"
"11/10/2020","105,067","103,516","105,758","103,453","16.67M","1.50%"
"11/09/2020","103,515","100,954","105,147","100,954","17.41M","2.57%"
"11/06/2020","100,925","100,751","101,104","99,837","8.38M","0.17%"
"11/05/2020","100,751","97,873","100,922","97,872","10.46M","2.95%"
"11/04/2020","97,867","95,992","98,296","95,987","10.70M","1.97%"
"11/03/2020","95,980","93,968","96,350","93,968","10.19M","2.16%"
"10/30/2020","93,952","96,579","96,579","93,559","10.64M","-2.72%"
"10/29/2020","96,582","95,368","96,688","93,387","12.70M","1.27%"
"10/28/2020","95,369","99,598","99,598","95,369","11.05M","-4.25%"
"10/27/2020","99,606","101,017","101,660","99,414","8.67M","-1.40%"
"10/26/2020","101,017","101,260","101,784","99,762","8.07M","-0.24%"
"10/23/2020","101,260","101,918","102,218","101,188","7.56M","-0.65%"
"10/22/2020","101,918","100,553","102,020","100,457","9.56M","1.36%"
"10/21/2020","100,552","100,541","101,586","100,149","8.66M","0.01%"
"10/20/2020","100,540","98,664","100,722","98,664","8.80M","1.91%"
"10/19/2020","98,658","98,310","99,917","98,310","9.93M","0.36%"
"10/16/2020","98,309","99,054","99,172","98,309","7.84M","-0.75%"
"10/15/2020","99,054","99,328","99,486","97,778","8.34M","-0.28%"
"10/14/2020","99,334","98,502","99,571","98,501","8.90M","0.84%"
"10/13/2020","98,503","97,483","98,998","97,336","7.87M","1.05%"
"10/09/2020","97,483","97,924","98,642","97,161","10.81M","-0.45%"
"10/08/2020","97,920","95,530","97,938","95,530","11.16M","2.51%"
"10/07/2020","95,526","95,616","96,380","94,881","9.83M","-0.09%"
"10/06/2020","95,615","96,091","97,405","95,211","11.30M","-0.49%"
"10/05/2020","96,089","94,019","96,414","93,984","8.62M","2.20%"
"10/02/2020","94,016","95,475","95,996","93,897","8.58M","-1.53%"
"10/01/2020","95,479","94,604","95,486","93,599","9.24M","0.93%"
"09/30/2020","94,603","93,586","95,340","93,584","9.49M","1.09%"
"09/29/2020","93,580","94,665","95,505","93,408","8.74M","-1.15%"
"09/28/2020","94,666","97,005","98,314","94,371","10.51M","-2.41%"
"09/25/2020","96,999","97,011","97,012","95,632","7.35M","-0.01%"
"09/24/2020","97,012","95,735","97,955","95,653","9.33M","1.33%"
"09/23/2020","95,735","97,294","97,389","95,728","8.83M","-1.60%"
"09/22/2020","97,294","96,995","97,684","96,390","7.28M","0.31%"
"09/21/2020","96,991","98,283","98,283","95,820","9.74M","-1.32%"
"09/18/2020","98,290","100,098","100,102","98,045","11.37M","-1.81%"
"09/17/2020","100,098","99,674","100,251","98,562","7.86M","0.42%"
"09/16/2020","99,676","100,299","100,663","99,663","7.14M","-0.62%"
"09/15/2020","100,298","100,277","100,949","99,647","9.22M","0.02%"
"09/14/2020","100,275","98,367","100,520","98,367","8.18M","1.94%"
"09/11/2020","98,363","98,839","99,435","97,758","9.11M","-0.48%"
"09/10/2020","98,835","101,291","101,536","98,687","8.89M","-2.43%"
"09/09/2020","101,292","100,050","101,578","100,050","7.96M","1.24%"
"09/08/2020","100,050","101,239","101,239","99,373","8.48M","-1.18%"
"09/04/2020","101,242","100,733","101,582","98,960","11.33M","0.52%"
"09/03/2020","100,721","101,911","103,226","99,751","12.61M","-1.17%"
"09/02/2020","101,911","102,168","102,824","100,872","7.56M","-0.25%"
"09/01/2020","102,168","99,382","102,238","99,382","9.38M","2.82%"
"08/31/2020","99,369","102,142","102,142","99,369","12.23M","-2.72%"
"08/28/2020","102,143","100,631","102,347","100,631","7.67M","1.51%"
"08/27/2020","100,624","100,625","101,548","99,857","7.36M","0.00%"
"08/26/2020","100,627","102,119","102,521","99,359","9.86M","-1.46%"
"08/25/2020","102,118","102,293","102,708","101,623","8.19M","-0.18%"
"08/24/2020","102,298","101,525","102,515","101,525","7.72M","0.77%"
"08/21/2020","101,521","101,460","101,566","100,412","9.10M","0.05%"
"08/20/2020","101,468","100,853","101,749","99,131","9.40M","0.61%"
"08/19/2020","100,854","102,072","102,334","100,800","10.03M","-1.19%"
"08/18/2020","102,065","99,597","102,247","99,597","9.42M","2.48%"
"08/17/2020","99,595","101,348","101,689","98,513","10.82M","-1.73%"
"08/14/2020","101,353","100,469","101,717","100,445","8.58M","0.89%"
"08/13/2020","100,461","102,118","103,237","100,187","10.72M","-1.62%"
"08/12/2020","102,118","102,176","103,116","100,698","10.11M","-0.05%"
"08/11/2020","102,174","103,449","104,409","102,174","9.36M","-1.23%"
"08/10/2020","103,444","102,776","103,722","101,282","8.26M","0.65%"
"08/07/2020","102,776","104,116","104,126","101,956","10.34M","-1.30%"
"08/06/2020","104,126","102,795","104,523","102,795","9.69M","1.29%"
"08/05/2020","102,802","101,220","103,763","101,220","10.92M","1.57%"
"08/04/2020","101,216","102,826","103,012","100,004","12.03M","-1.57%"
"08/03/2020","102,830","102,913","103,863","102,304","10.90M","-0.08%"
"07/31/2020","102,912","105,010","105,462","102,642","12.93M","-2.00%"
"07/30/2020","105,009","105,605","105,607","103,920","9.59M","-0.56%"
"07/29/2020","105,605","104,112","105,704","104,112","9.24M","1.44%"
"07/28/2020","104,109","104,477","104,663","103,592","9.09M","-0.35%"
"07/27/2020","104,477","102,381","104,585","102,381","9.62M","2.05%"
"07/24/2020","102,382","102,292","102,694","100,859","9.80M","0.09%"
"07/23/2020","102,293","104,291","104,949","102,119","10.37M","-1.91%"
"07/22/2020","104,290","104,312","104,980","103,277","10.83M","-0.02%"
"07/21/2020","104,310","104,426","105,449","103,732","11.11M","-0.11%"
"07/20/2020","104,426","102,888","104,439","102,744","8.93M","1.49%"
"07/17/2020","102,888","100,554","103,017","100,554","10.43M","2.32%"
"07/16/2020","100,553","101,791","101,792","100,160","8.13M","-1.22%"
"07/15/2020","101,791","100,444","102,114","100,444","9.29M","1.35%"
"07/14/2020","100,440","98,699","100,632","98,289","10.02M","1.77%"
"07/13/2020","98,697","100,027","100,858","98,697","10.38M","-1.33%"
"07/10/2020","100,032","99,160","100,101","98,739","9.15M","0.88%"
"07/09/2020","99,160","99,770","100,191","98,861","9.47M","-0.61%"
"07/08/2020","99,770","97,765","99,973","97,765","9.14M","2.06%"
"07/07/2020","97,761","98,937","98,938","97,272","8.95M","-1.19%"
"07/06/2020","98,937","96,776","99,257","96,768","9.49M","2.24%"
"07/03/2020","96,765","96,237","96,765","95,803","5.35M","0.55%"
"07/02/2020","96,235","96,206","97,864","96,052","10.06M","0.03%"
"07/01/2020","96,203","95,062","96,852","95,062","10.16M","1.21%"
"06/30/2020","95,056","95,728","96,257","94,806","10.14M","-0.71%"
"06/29/2020","95,735","93,837","95,735","93,825","8.91M","2.03%"
"06/26/2020","93,834","95,979","95,979","93,514","8.44M","-2.24%"
"06/25/2020","95,983","94,382","96,260","94,152","8.70M","1.70%"
"06/24/2020","94,377","95,974","95,974","93,259","9.96M","-1.67%"
"06/23/2020","95,975","95,344","97,486","95,344","9.75M","0.67%"
"06/22/2020","95,336","96,572","96,870","94,869","8.26M","-1.28%"
"06/19/2020","96,572","96,138","97,540","95,874","13.13M","0.47%"
"06/18/2020","96,125","95,547","97,110","94,698","10.01M","0.60%"
"06/17/2020","95,547","93,531","96,611","93,531","11.13M","2.16%"
"06/16/2020","93,531","92,387","95,216","92,387","12.03M","1.25%"
"06/15/2020","92,376","92,780","93,112","90,148","13.32M","-0.45%"
"06/12/2020","92,795","94,677","94,703","90,811","12.79M","-2.00%"
"06/10/2020","94,686","96,747","97,646","94,665","11.74M","-2.13%"
"06/09/2020","96,747","97,644","97,644","95,386","11.29M","-0.92%"
"06/08/2020","97,645","94,640","97,693","94,635","11.10M","3.18%"
"06/05/2020","94,637","93,839","97,356","93,839","13.32M","0.86%"
"06/04/2020","93,829","92,993","94,132","92,221","11.49M","0.89%"
"06/03/2020","93,002","91,048","93,710","91,048","15.14M","2.15%"
"06/02/2020","91,046","88,622","91,046","88,622","11.83M","2.74%"
"06/01/2020","88,620","87,395","89,019","86,837","9.85M","1.39%"
"05/29/2020","87,403","86,951","87,410","85,384","16.55M","0.52%"
"05/28/2020","86,949","87,946","88,091","86,767","10.12M","-1.13%"
"05/27/2020","87,946","85,468","87,946","85,468","11.21M","2.90%"
"05/26/2020","85,469","85,668","87,333","85,396","12.03M","-0.23%"
"05/25/2020","85,663","82,198","85,876","82,193","8.76M","4.25%"
"05/22/2020","82,173","83,027","83,027","81,669","9.28M","-1.03%"
"05/21/2020","83,027","81,320","83,309","81,317","11.40M","2.10%"
"05/20/2020","81,319","80,747","82,290","80,740","9.52M","0.71%"
"05/19/2020","80,742","81,197","82,175","80,647","10.74M","-0.56%"
"05/18/2020","81,194","77,576","81,420","77,571","11.53M","4.69%"
"05/15/2020","77,557","79,011","79,538","77,426","11.72M","-1.84%"
"05/14/2020","79,011","77,770","79,011","75,697","13.82M","1.59%"
"05/13/2020","77,772","77,877","78,911","77,152","11.58M","-0.13%"
"05/12/2020","77,872","79,065","80,344","77,872","10.25M","-1.51%"
"05/11/2020","79,065","80,263","80,723","78,994","9.78M","-1.49%"
"05/08/2020","80,263","78,152","80,557","78,152","10.73M","2.74%"
"05/07/2020","78,119","79,072","80,061","78,061","13.81M","-1.20%"
"05/06/2020","79,064","79,473","79,996","78,056","9.78M","-0.51%"
"05/05/2020","79,471","78,887","81,066","78,886","9.15M","0.75%"
"05/04/2020","78,876","80,501","80,502","77,640","8.59M","-2.02%"
"04/30/2020","80,506","83,169","83,169","80,168","11.80M","-3.20%"
"04/29/2020","83,171","81,313","83,598","81,313","11.72M","2.29%"
"04/28/2020","81,312","78,243","81,427","78,243","12.94M","3.93%"
"04/27/2020","78,239","75,334","78,563","75,327","10.66M","3.86%"
"04/24/2020","75,331","79,667","79,667","72,041","16.53M","-5.45%"
"04/23/2020","79,673","80,690","81,934","78,622","10.82M","-1.26%"
"04/22/2020","80,687","78,973","81,184","78,973","9.85M","2.17%"
"04/20/2020","78,973","78,989","80,106","76,943","8.87M","-0.02%"
"04/17/2020","78,990","77,817","79,846","77,754","8.32M","1.51%"
"04/16/2020","77,812","78,837","80,167","77,452","9.03M","-1.29%"
"04/15/2020","78,831","79,911","80,035","77,546","9.76M","-1.36%"
"04/14/2020","79,918","78,848","81,668","78,848","8.59M","1.37%"
"04/13/2020","78,836","77,682","78,836","76,405","7.65M","1.49%"
"04/09/2020","77,682","78,640","80,428","77,457","10.75M","-1.20%"
"04/08/2020","78,625","76,335","79,058","76,115","10.21M","2.97%"
"04/07/2020","76,358","74,078","79,855","74,078","11.29M","3.08%"
"04/06/2020","74,073","69,556","75,260","69,556","9.69M","6.52%"
"04/03/2020","69,538","72,241","72,241","67,802","10.41M","-3.76%"
"04/02/2020","72,253","70,969","73,861","70,957","10.54M","1.81%"
"04/01/2020","70,967","73,011","73,011","69,569","10.09M","-2.81%"
"03/31/2020","73,020","74,629","75,511","72,385","11.14M","-2.17%"
"03/30/2020","74,639","73,431","75,430","73,184","9.03M","1.65%"
"03/27/2020","73,429","77,708","77,708","73,057","10.30M","-5.51%"
"03/26/2020","77,710","74,956","78,846","74,923","12.76M","3.67%"
"03/25/2020","74,956","69,727","76,714","69,360","12.95M","7.50%"
"03/24/2020","69,729","63,604","71,535","63,604","11.68M","9.69%"
"03/23/2020","63,570","67,067","67,604","62,161","11.96M","-5.22%"
"03/20/2020","67,069","68,344","72,247","66,120","15.15M","-1.85%"
"03/19/2020","68,332","66,883","70,071","61,691","16.14M","2.15%"
"03/18/2020","66,895","74,576","74,576","63,547","16.75M","-10.35%"
"03/17/2020","74,617","71,178","77,255","70,782","14.95M","4.85%"
"03/16/2020","71,168","82,565","82,565","70,855","12.85M","-13.92%"
"03/13/2020","82,678","72,621","83,758","72,621","15.77M","13.91%"
"03/12/2020","72,583","85,103","85,103","68,488","12.01M","-14.78%"
"03/11/2020","85,171","92,202","92,202","80,796","11.79M","-7.64%"
"03/10/2020","92,214","86,071","92,230","86,071","13.53M","7.14%"
"03/09/2020","86,067","97,982","97,982","85,880","14.65M","-12.17%"
"03/06/2020","97,997","102,230","102,230","96,886","11.86M","-4.14%"
"03/05/2020","102,233","107,217","107,217","100,536","8.60M","-4.65%"
"03/04/2020","107,224","105,540","107,809","105,042","8.41M","1.60%"
"03/03/2020","105,537","106,630","108,804","104,405","9.39M","-1.02%"
"03/02/2020","106,625","104,260","107,220","103,779","8.86M","2.35%"
"02/28/2020","104,172","102,984","104,172","99,951","11.23M","1.15%"
"02/27/2020","102,984","105,711","106,656","102,984","11.24M","-2.59%"
"02/26/2020","105,718","113,647","113,647","105,053","9.37M","-7.00%"
"02/21/2020","113,681","114,585","114,585","112,661","5.90M","-0.79%"
"02/20/2020","114,586","116,518","116,552","114,379","6.79M","-1.66%"
"02/19/2020","116,518","114,982","116,545","114,774","6.33M","1.34%"
"02/18/2020","114,977","115,309","115,309","113,532","5.55M","-0.29%"
"02/17/2020","115,309","114,381","115,696","114,381","4.36M","0.81%"
"02/14/2020","114,381","115,663","115,663","114,132","5.34M","-1.11%"
"02/13/2020","115,662","116,660","116,660","114,801","5.64M","-0.87%"
"02/12/2020","116,674","115,371","117,581","115,371","8.16M","1.13%"
"02/11/2020","115,371","112,574","115,576","112,574","6.77M","2.49%"
"02/10/2020","112,570","113,771","114,176","112,134","7.49M","-1.05%"
"02/07/2020","113,770","115,190","115,190","113,769","6.59M","-1.23%"
"02/06/2020","115,190","116,033","117,382","114,723","7.38M","-0.72%"
"02/05/2020","116,028","115,563","117,701","115,562","7.17M","0.41%"
"02/04/2020","115,557","114,631","116,556","114,631","5.83M","0.81%"
"02/03/2020","114,629","113,761","115,299","113,467","5.51M","0.76%"
"01/31/2020","113,761","115,518","115,518","113,148","6.22M","-1.53%"
"01/30/2020","115,528","115,375","115,528","112,825","6.32M","0.12%"
"01/29/2020","115,385","116,494","117,171","115,164","5.10M","-0.94%"
"01/28/2020","116,479","114,482","116,797","114,475","5.23M","1.74%"
"01/27/2020","114,482","118,347","118,347","114,376","6.10M","-3.29%"
"01/24/2020","118,376","119,528","119,593","118,108","4.78M","-0.96%"
"01/23/2020","119,528","118,391","119,535","116,906","6.57M","0.96%"
"01/22/2020","118,391","117,035","118,401","117,035","5.77M","1.17%"
"01/21/2020","117,026","118,861","118,861","117,026","5.09M","-1.54%"
"01/20/2020","118,862","118,478","118,862","117,928","3.84M","0.32%"
"01/17/2020","118,478","116,710","118,479","116,710","4.95M","1.52%"
"01/16/2020","116,704","116,415","117,106","115,961","5.42M","0.25%"
"01/15/2020","116,414","117,632","117,632","116,188","5.57M","-1.04%"
"01/14/2020","117,632","117,325","117,705","116,610","5.36M","0.26%"
"01/13/2020","117,325","115,503","117,333","115,503","5.69M","1.58%"
"01/10/2020","115,503","115,948","116,745","114,952","4.78M","-0.38%"
"01/09/2020","115,947","116,248","116,820","115,411","5.95M","-0.26%"
"01/08/2020","116,247","116,667","117,335","115,693","5.91M","-0.36%"
"01/07/2020","116,662","116,872","117,076","115,965","4.85M","-0.18%"
"01/06/2020","116,878","117,707","117,707","116,269","6.57M","-0.70%"
"01/03/2020","117,707","118,564","118,792","117,341","6.83M","-0.73%"
"01/02/2020","118,573","115,652","118,573","115,649","5.16M","2.53%"
"12/30/2019","115,645","116,530","117,086","115,599","3.67M","-0.76%"
"12/27/2019","116,534","117,205","117,803","115,995","3.91M","-0.57%"
"12/26/2019","117,203","115,864","117,220","115,673","3.79M","1.16%"
"12/23/2019","115,863","115,119","115,863","114,964","4.00M","0.64%"
"12/20/2019","115,121","115,133","115,171","114,526","6.89M","-0.01%"
"12/19/2019","115,131","114,313","115,132","113,712","5.78M","0.71%"
"12/18/2019","114,315","112,618","114,339","112,300","7.94M","1.51%"
"12/17/2019","112,616","111,897","112,695","111,897","5.35M","0.64%"
"12/16/2019","111,896","112,565","113,197","111,896","6.08M","-0.59%"
"12/13/2019","112,565","112,205","112,829","111,780","7.71M","0.33%"
"12/12/2019","112,200","110,963","112,445","110,963","5.68M","1.11%"
"12/11/2019","110,964","110,672","111,227","110,530","5.15M","0.26%"
"12/10/2019","110,672","110,973","111,184","110,133","4.76M","-0.27%"
"12/09/2019","110,977","111,125","111,453","110,870","4.99M","-0.13%"
"12/06/2019","111,126","110,623","111,430","110,623","4.97M","0.46%"
"12/05/2019","110,622","110,297","111,073","110,008","4.40M","0.29%"
"12/04/2019","110,301","108,962","110,301","108,962","4.89M","1.23%"
"12/03/2019","108,956","108,931","109,198","108,190","5.22M","0.03%"
"12/02/2019","108,928","108,233","109,279","108,233","4.71M","0.64%"
"11/29/2019","108,233","108,290","108,708","107,759","4.19M","-0.05%"
"11/28/2019","108,290","107,708","108,333","107,148","3.67M","0.54%"
"11/27/2019","107,708","107,059","107,991","106,312","4.42M","0.61%"
"11/26/2019","107,059","108,424","108,424","106,414","6.90M","-1.26%"
"11/25/2019","108,424","108,692","108,915","108,080","4.51M","-0.25%"
"11/22/2019","108,692","107,497","108,692","107,157","4.80M","1.11%"
"11/21/2019","107,497","105,866","107,497","105,864","5.82M","1.54%"
"11/19/2019","105,864","106,269","106,950","105,367","3.61M","-0.38%"
"11/18/2019","106,269","106,566","107,519","106,246","4.92M","-0.27%"
"11/14/2019","106,557","106,052","106,758","105,820","5.36M","0.47%"
"11/13/2019","106,060","106,751","106,786","105,261","5.34M","-0.65%"
"11/12/2019","106,751","108,368","108,368","106,232","5.22M","-1.49%"
"11/11/2019","108,367","107,622","108,367","106,814","3.93M","0.69%"
"11/08/2019","107,629","109,572","109,572","107,127","5.42M","-1.78%"
"11/07/2019","109,581","108,360","109,672","108,360","6.08M","1.13%"
"11/06/2019","108,360","108,719","109,633","107,446","5.51M","-0.33%"
"11/05/2019","108,719","108,779","109,343","108,253","5.66M","-0.06%"
"11/04/2019","108,779","108,196","109,352","108,196","5.18M","0.54%"
"11/01/2019","108,196","107,221","108,496","107,220","5.47M","0.91%"
"10/31/2019","107,220","108,403","108,403","106,356","5.38M","-1.10%"
"10/30/2019","108,408","107,557","108,408","106,622","5.45M","0.79%"
"10/29/2019","107,556","108,189","108,195","107,313","4.31M","-0.58%"
"10/28/2019","108,187","107,366","108,393","107,362","3.97M","0.77%"
"10/25/2019","107,364","106,990","108,083","106,990","5.40M","0.35%"
"10/24/2019","106,986","107,553","107,744","106,593","5.62M","-0.52%"
"10/23/2019","107,544","107,381","107,959","107,041","4.66M","0.15%"
"10/22/2019","107,381","106,023","107,421","105,927","5.22M","1.28%"
"10/21/2019","106,022","104,729","106,027","104,696","3.50M","1.23%"
"10/18/2019","104,729","105,012","105,464","104,525","4.48M","-0.27%"
"10/17/2019","105,016","105,389","105,891","104,827","4.19M","-0.39%"
"10/16/2019","105,423","104,486","105,462","103,521","4.51M","0.89%"
"10/15/2019","104,490","104,299","105,048","104,052","4.09M","0.18%"
"10/14/2019","104,302","103,834","104,305","103,438","2.99M","0.45%"
"10/11/2019","103,832","101,819","104,381","101,819","4.35M","1.98%"
"10/10/2019","101,817","101,244","102,483","101,152","4.37M","0.56%"
"10/09/2019","101,249","100,005","101,567","100,005","3.94M","1.27%"
"10/08/2019","99,981","100,565","101,296","99,868","4.34M","-0.59%"
"10/07/2019","100,573","102,546","102,546","100,542","3.94M","-1.93%"
"10/04/2019","102,551","101,516","102,580","101,057","4.65M","1.02%"
"10/03/2019","101,516","101,031","101,560","99,826","4.67M","0.48%"
"10/02/2019","101,031","104,049","104,049","100,944","5.07M","-2.90%"
"10/01/2019","104,053","104,745","105,121","103,837","4.10M","-0.66%"
"09/30/2019","104,745","105,077","105,178","104,638","3.90M","-0.32%"
"09/27/2019","105,078","105,319","105,633","104,506","3.47M","-0.23%"
"09/26/2019","105,319","104,485","105,342","104,337","4.14M","0.80%"
"09/25/2019","104,481","103,857","104,481","103,034","4.12M","0.58%"
"09/24/2019","103,876","104,638","104,893","103,504","3.97M","-0.73%"
"09/23/2019","104,638","104,817","104,817","104,020","6.77M","-0.17%"
"09/20/2019","104,817","104,339","105,044","103,914","6.77M","0.46%"
"09/19/2019","104,339","104,555","106,001","104,286","4.92M","-0.18%"
"09/18/2019","104,532","104,616","104,762","103,684","3.88M","-0.08%"
"09/17/2019","104,617","103,680","104,619","103,079","4.57M","0.90%"
"09/16/2019","103,680","103,496","104,005","102,782","6.04M","0.17%"
"09/13/2019","103,501","104,371","104,699","103,275","4.04M","-0.83%"
"09/12/2019","104,371","103,453","104,618","103,453","4.96M","0.89%"
"09/11/2019","103,446","103,036","104,156","103,036","4.88M","0.40%"
"09/10/2019","103,032","103,180","103,503","102,231","5.48M","-0.14%"
"09/09/2019","103,181","102,937","104,260","102,793","5.52M","0.24%"
"09/06/2019","102,935","102,247","103,182","102,246","3.98M","0.68%"
"09/05/2019","102,243","101,204","103,258","101,204","4.81M","1.03%"
"09/04/2019","101,201","99,706","101,201","99,706","4.31M","1.52%"
"09/03/2019","99,681","100,626","101,417","99,406","4.33M","-0.94%"
"09/02/2019","100,626","101,133","101,611","100,626","2.69M","-0.50%"
"08/30/2019","101,135","100,526","101,551","100,526","6.11M","0.61%"
"08/29/2019","100,524","98,194","100,684","98,194","5.16M","2.37%"
"08/28/2019","98,194","97,273","98,346","96,557","4.35M","0.94%"
"08/27/2019","97,276","96,434","97,951","95,855","6.58M","0.88%"
"08/26/2019","96,430","97,687","98,436","95,961","4.14M","-1.27%"
"08/23/2019","97,667","100,007","100,025","97,085","5.67M","-2.34%"
"08/22/2019","100,011","101,209","101,469","100,011","4.50M","-1.18%"
"08/21/2019","101,202","99,227","101,240","99,221","5.97M","2.00%"
"08/20/2019","99,222","99,472","99,665","98,002","5.24M","-0.25%"
"08/19/2019","99,469","99,810","100,948","98,908","4.92M","-0.34%"
"08/16/2019","99,806","99,059","100,567","99,059","5.48M","0.76%"
"08/15/2019","99,057","100,262","101,014","98,200","6.59M","-1.20%"
"08/14/2019","100,258","103,270","103,270","99,955","6.49M","-2.94%"
"08/13/2019","103,299","101,912","103,778","101,414","5.20M","1.36%"
"08/12/2019","101,915","103,946","103,946","101,621","4.51M","-2.00%"
"08/09/2019","103,996","104,102","104,848","103,547","4.69M","-0.11%"
"08/08/2019","104,115","102,782","104,282","102,782","5.71M","1.30%"
"08/07/2019","102,782","102,163","102,784","100,476","5.74M","0.60%"
"08/06/2019","102,164","100,098","102,178","100,098","5.23M","2.06%"
"08/05/2019","100,098","102,658","102,658","99,630","5.16M","-2.51%"
"08/02/2019","102,674","102,122","103,180","101,667","5.08M","0.54%"
"08/01/2019","102,126","101,819","104,056","101,819","7.35M","0.31%"
"07/31/2019","101,812","102,946","103,129","100,950","5.23M","-1.09%"
"07/30/2019","102,933","103,483","103,555","102,596","4.19M","-0.53%"
"07/29/2019","103,483","102,817","103,483","102,461","3.67M","0.65%"
"07/26/2019","102,819","102,654","103,209","102,196","5.30M","0.16%"
"07/25/2019","102,655","104,119","104,440","102,390","5.98M","-1.41%"
"07/24/2019","104,120","103,707","104,570","103,707","5.02M","0.40%"
"07/23/2019","103,704","103,949","104,430","103,518","4.18M","-0.24%"
"07/22/2019","103,949","103,452","104,278","103,452","3.57M","0.48%"
"07/19/2019","103,452","104,716","104,723","103,388","3.59M","-1.21%"
"07/18/2019","104,717","103,859","104,773","103,859","4.55M","0.83%"
"07/17/2019","103,856","103,775","104,453","103,712","3.94M","0.08%"
"07/16/2019","103,775","103,805","104,440","103,361","4.61M","-0.03%"
"07/15/2019","103,803","103,909","104,578","103,495","4.12M","-0.10%"
"07/12/2019","103,906","105,158","105,731","103,903","4.89M","-1.18%"
"07/11/2019","105,146","105,818","105,886","104,814","5.00M","-0.63%"
"07/10/2019","105,817","104,537","106,650","104,537","7.03M","1.23%"
"07/08/2019","104,530","104,090","104,679","103,988","3.61M","0.42%"
"07/05/2019","104,089","103,628","104,176","102,622","4.34M","0.44%"
"07/04/2019","103,636","102,047","104,022","102,047","4.10M","1.56%"
"07/03/2019","102,043","100,576","102,177","100,451","4.95M","1.43%"
"07/02/2019","100,605","101,342","101,565","100,073","5.10M","-0.73%"
"07/01/2019","101,340","100,973","102,432","100,973","424.32K","0.37%"
"06/28/2019","100,967","100,726","101,563","100,726","4.21M","0.24%"
"06/27/2019","100,724","100,689","101,025","99,421","4.28M","0.03%"
"06/26/2019","100,689","100,095","101,126","100,095","5.17M","0.60%"
"06/25/2019","100,093","102,061","102,061","99,890","4.61M","-1.93%"
"06/24/2019","102,062","102,018","102,617","101,589","3.67M","0.05%"
"06/21/2019","102,013","100,305","102,100","100,305","5.66M","1.70%"
"06/19/2019","100,303","99,403","100,327","98,978","4.55M","0.90%"
"06/18/2019","99,404","97,633","99,412","97,633","4.66M","1.82%"
"06/17/2019","97,623","98,038","98,439","97,623","4.05M","-0.43%"
"06/14/2019","98,040","98,776","98,981","97,601","9.47M","-0.74%"
"06/13/2019","98,774","98,321","99,364","98,321","5.77M","0.46%"
"06/12/2019","98,321","98,960","99,240","97,831","5.10M","-0.65%"
"06/11/2019","98,960","97,467","98,985","97,467","5.08M","1.53%"
"06/10/2019","97,467","97,828","97,856","96,782","3.69M","-0.36%"
"06/07/2019","97,821","97,205","98,326","97,205","3.83M","0.63%"
"06/06/2019","97,205","96,002","97,462","96,002","4.18M","1.26%"
"06/05/2019","95,999","97,381","97,686","95,686","3.89M","-1.42%"
"06/04/2019","97,380","97,020","97,723","96,593","4.43M","0.37%"
"06/03/2019","97,020","97,036","97,757","96,430","4.69M","-0.01%"
"05/31/2019","97,030","97,420","97,992","96,792","5.25M","-0.44%"
"05/30/2019","97,457","96,566","97,939","96,511","4.53M","0.92%"
"05/29/2019","96,567","96,389","96,986","95,690","4.70M","0.18%"
"05/28/2019","96,393","94,863","96,552","94,707","6.58M","1.61%"
"05/27/2019","94,864","93,626","95,444","93,626","2.62M","1.32%"
"05/24/2019","93,628","93,912","94,900","93,545","3.59M","-0.30%"
"05/23/2019","93,910","94,360","94,547","93,300","3.90M","-0.48%"
"05/22/2019","94,361","94,485","95,212","93,883","4.36M","-0.13%"
"05/21/2019","94,485","91,946","94,573","91,946","5.56M","2.76%"
"05/20/2019","91,946","90,006","92,117","89,822","4.76M","2.17%"
"05/17/2019","89,993","90,023","91,321","89,409","5.51M","-0.03%"
"05/16/2019","90,024","91,622","91,622","89,778","5.74M","-1.75%"
"05/15/2019","91,623","92,088","92,088","90,295","4.94M","-0.51%"
"05/14/2019","92,092","91,736","92,529","91,562","4.17M","0.40%"
"05/13/2019","91,727","94,252","94,252","91,600","4.81M","-2.69%"
"05/10/2019","94,258","94,809","94,848","93,234","4.22M","-0.58%"
"05/09/2019","94,808","95,597","95,597","93,883","4.28M","-0.83%"
"05/08/2019","95,597","94,389","96,312","94,389","5.07M","1.28%"
"05/07/2019","94,389","95,009","95,009","92,750","5.06M","-0.65%"
"05/06/2019","95,009","95,992","95,992","94,540","3.32M","-1.04%"
"05/03/2019","96,008","95,521","96,315","95,521","4.14M","0.50%"
"05/02/2019","95,528","96,339","96,339","95,312","3.98M","-0.86%"
"04/30/2019","96,353","96,191","96,707","95,613","4.36M","0.17%"
"04/29/2019","96,188","96,254","97,123","96,004","3.33M","-0.05%"
"04/26/2019","96,236","96,552","96,563","95,620","3.88M","-0.33%"
"04/25/2019","96,552","95,027","96,552","94,213","5.03M","1.59%"
"04/24/2019","95,045","95,923","95,923","94,163","4.80M","-0.92%"
"04/23/2019","95,923","94,590","96,315","94,590","4.44M","1.41%"
"04/22/2019","94,588","94,578","95,038","93,720","3.27M","0.01%"
"04/18/2019","94,578","93,285","95,140","93,285","5.09M","1.39%"
"04/17/2019","93,285","94,337","95,042","92,338","6.66M","-1.11%"
"04/16/2019","94,333","93,082","95,062","92,879","4.72M","1.34%"
"04/15/2019","93,083","92,875","93,723","92,697","4.77M","0.22%"
"04/12/2019","92,875","94,747","94,768","92,516","6.93M","-1.98%"
"04/11/2019","94,755","95,954","95,954","94,173","3.64M","-1.25%"
"04/10/2019","95,953","96,292","96,902","95,670","4.72M","-0.35%"
"04/09/2019","96,292","97,366","97,366","95,488","3.85M","-1.11%"
"04/08/2019","97,369","97,110","97,610","96,743","3.54M","0.27%"
"04/05/2019","97,108","96,319","97,493","96,152","3.80M","0.83%"
"04/04/2019","96,313","94,503","96,394","94,334","4.21M","1.93%"
"04/03/2019","94,491","95,392","96,442","94,124","4.44M","-0.94%"
"04/02/2019","95,387","96,062","96,690","94,825","3.83M","-0.69%"
"04/01/2019","96,054","95,423","96,752","95,423","3.87M","0.67%"
"03/29/2019","95,415","94,402","95,863","94,402","4.82M","1.09%"
"03/28/2019","94,389","91,901","94,854","91,584","5.35M","2.71%"
"03/27/2019","91,903","95,297","95,297","91,903","5.90M","-3.57%"
"03/26/2019","95,307","93,668","95,525","93,668","4.80M","1.76%"
"03/25/2019","93,662","93,735","94,384","93,103","4.65M","-0.08%"
"03/22/2019","93,735","96,725","96,725","93,380","6.19M","-3.10%"
"03/21/2019","96,729","98,041","98,046","95,456","5.49M","-1.34%"
"03/20/2019","98,041","99,588","99,708","97,981","4.78M","-1.55%"
"03/19/2019","99,588","99,991","100,439","99,373","5.39M","-0.41%"
"03/18/2019","99,994","99,141","100,038","99,141","4.33M","0.86%"
"03/15/2019","99,137","98,605","99,393","98,597","5.30M","0.54%"
"03/14/2019","98,605","98,905","99,036","97,776","3.70M","-0.30%"
"03/13/2019","98,904","97,831","99,267","97,464","4.96M","1.10%"
"03/12/2019","97,828","98,038","98,150","97,267","3.95M","-0.20%"
"03/11/2019","98,027","95,384","98,027","95,384","4.38M","2.79%"
"03/08/2019","95,365","94,340","95,476","93,305","4.18M","1.09%"
"03/07/2019","94,340","94,216","94,532","93,729","4.23M","0.13%"
"03/06/2019","94,217","94,604","94,889","93,945","2.80M","-0.41%"
"03/01/2019","94,604","95,584","96,113","94,394","4.18M","-1.03%"
"02/28/2019","95,584","97,307","97,528","95,364","5.53M","-1.77%"
"02/27/2019","97,307","97,602","97,782","96,886","3.99M","-0.30%"
"02/26/2019","97,602","97,242","97,904","97,235","3.66M","0.37%"
"02/25/2019","97,240","97,881","98,190","97,087","4.49M","-0.66%"
"02/22/2019","97,886","96,929","97,887","96,929","4.56M","0.98%"
"02/21/2019","96,932","96,546","97,231","95,793","5.99M","0.40%"
"02/20/2019","96,545","97,661","98,544","96,545","6.09M","-1.14%"
"02/19/2019","97,659","96,513","98,185","96,513","4.98M","1.19%"
"02/18/2019","96,510","97,527","97,527","96,239","2.92M","-1.04%"
"02/15/2019","97,526","98,015","98,238","97,083","4.73M","-0.50%"
"02/14/2019","98,015","95,843","98,019","94,915","5.38M","2.27%"
"02/13/2019","95,842","96,169","96,804","95,389","5.99M","-0.34%"
"02/12/2019","96,168","94,420","96,571","94,420","5.07M","1.86%"
"02/11/2019","94,413","95,351","95,499","93,737","3.88M","-0.98%"
"02/08/2019","95,343","94,401","95,486","93,424","5.47M","0.99%"
"02/07/2019","94,406","94,654","95,642","93,507","5.79M","-0.24%"
"02/06/2019","94,636","98,308","98,308","94,636","5.63M","-3.74%"
"02/05/2019","98,311","98,587","98,587","97,596","4.92M","-0.28%"
"02/04/2019","98,589","97,861","98,589","96,901","4.41M","0.74%"
"02/01/2019","97,861","97,395","98,044","96,990","4.43M","0.48%"
"01/31/2019","97,394","96,996","98,405","96,996","6.16M","0.41%"
"01/30/2019","96,996","95,643","97,107","95,643","6.36M","1.42%"
"01/29/2019","95,639","95,508","96,751","95,508","5.42M","0.20%"
"01/28/2019","95,444","97,674","97,937","94,783","7.41M","-2.29%"
"01/24/2019","97,677","96,558","97,677","96,558","5.17M","1.16%"
"01/23/2019","96,558","95,116","96,576","95,116","5.20M","1.53%"
"01/22/2019","95,103","96,008","96,070","94,662","4.39M","-0.94%"
"01/21/2019","96,010","96,093","96,093","94,863","2.80M","-0.09%"
"01/18/2019","96,097","95,386","96,396","95,386","5.04M","0.78%"
"01/17/2019","95,351","94,393","95,682","93,950","5.10M","1.01%"
"01/16/2019","94,393","94,057","94,393","93,687","4.39M","0.36%"
"01/15/2019","94,056","94,474","94,695","93,402","5.01M","-0.44%"
"01/14/2019","94,474","93,645","94,474","93,335","4.63M","0.87%"
"01/11/2019","93,658","93,806","93,961","93,359","5.50M","-0.16%"
"01/10/2019","93,806","93,599","93,987","93,050","4.99M","0.21%"
"01/09/2019","93,613","92,033","93,626","92,028","5.17M","1.72%"
"01/08/2019","92,032","91,699","92,231","91,064","4.64M","0.36%"
"01/07/2019","91,699","91,845","92,552","91,288","4.71M","-0.15%"
"01/04/2019","91,841","91,577","92,701","90,824","5.49M","0.30%"
"01/03/2019","91,564","91,011","91,596","89,922","6.25M","0.61%"
"01/02/2019","91,012","87,887","91,479","87,536","5.79M","3.56%"
"12/28/2018","87,887","85,469","88,044","85,469","3.76M","2.84%"
"12/27/2018","85,460","85,141","85,739","84,876","3.94M","0.38%"
"12/26/2018","85,136","85,684","85,684","83,892","3.46M","-0.65%"
"12/21/2018","85,697","85,269","86,554","85,134","6.26M","0.50%"
"12/20/2018","85,269","85,678","86,584","84,756","6.29M","-0.47%"
"12/19/2018","85,674","86,617","88,101","85,674","5.84M","-1.08%"
"12/18/2018","86,610","86,400","87,274","86,400","4.22M","0.24%"
"12/17/2018","86,400","87,448","87,820","86,328","3.97M","-1.20%"
"12/14/2018","87,450","87,838","88,184","87,106","3.66M","-0.44%"
"12/13/2018","87,838","86,979","87,842","86,856","3.77M","0.99%"
"12/12/2018","86,977","86,420","87,946","86,420","5.16M","0.64%"
"12/11/2018","86,420","85,918","87,520","85,583","4.53M","0.59%"
"12/10/2018","85,915","88,115","88,384","85,915","4.21M","-2.50%"
"12/07/2018","88,115","88,849","89,986","87,907","4.62M","-0.82%"
"12/06/2018","88,846","88,933","88,933","87,025","4.51M","-0.22%"
"12/05/2018","89,040","88,644","89,111","88,449","2.88M","0.47%"
"12/04/2018","88,624","89,820","90,452","88,041","5.03M","-1.33%"
"12/03/2018","89,820","89,511","91,242","89,429","6.12M","0.35%"
"11/30/2018","89,504","89,709","90,246","89,258","6.95M","-0.23%"
"11/29/2018","89,710","89,249","89,910","88,475","4.39M","0.51%"
"11/28/2018","89,251","87,891","89,483","87,153","5.46M","1.55%"
"11/27/2018","87,891","85,547","88,018","85,377","5.12M","2.74%"
"11/26/2018","85,547","86,237","87,147","84,905","4.70M","-0.79%"
"11/23/2018","86,230","87,479","87,479","85,763","4.28M","-1.43%"
"11/22/2018","87,477","87,269","87,656","87,222","2.31M","0.24%"
"11/21/2018","87,269","87,896","87,896","86,254","4.27M","-0.72%"
"11/19/2018","87,901","88,472","88,484","87,047","3.75M","-0.69%"
"11/16/2018","88,515","85,975","88,516","85,975","5.34M","2.96%"
"11/14/2018","85,973","84,898","85,973","84,267","5.76M","1.25%"
"11/13/2018","84,914","85,531","85,941","84,071","4.55M","-0.71%"
"11/12/2018","85,525","85,644","86,227","85,009","3.64M","-0.14%"
"11/09/2018","85,641","85,620","86,233","84,030","4.96M","0.02%"
"11/08/2018","85,620","87,719","88,570","85,620","5.46M","-2.39%"
"11/07/2018","87,714","88,676","89,565","87,541","4.51M","-1.08%"
"11/06/2018","88,669","89,587","89,587","88,066","4.50M","-1.04%"
"11/05/2018","89,598","88,418","89,598","88,347","4.76M","1.33%"
"11/01/2018","88,419","87,428","89,017","87,094","6.06M","1.14%"
"10/31/2018","87,424","86,889","88,028","86,213","6.07M","0.62%"
"10/30/2018","86,886","83,802","86,990","83,802","6.76M","3.69%"
"10/29/2018","83,797","85,728","88,377","82,783","7.97M","-2.24%"
"10/26/2018","85,720","84,084","85,720","83,497","6.67M","1.95%"
"10/25/2018","84,084","83,124","84,831","83,124","5.53M","1.23%"
"10/24/2018","83,064","85,302","85,786","83,035","4.82M","-2.62%"
"10/23/2018","85,300","85,595","85,595","84,032","4.52M","-0.35%"
"10/22/2018","85,597","84,222","85,772","84,222","3.99M","1.64%"
"10/19/2018","84,220","83,845","84,954","83,667","3.87M","0.44%"
"10/18/2018","83,847","85,760","85,760","83,846","4.21M","-2.24%"
"10/17/2018","85,764","85,714","86,167","84,944","5.01M","0.05%"
"10/16/2018","85,718","83,420","85,718","83,420","4.96M","2.83%"
"10/15/2018","83,360","82,922","84,278","82,922","4.93M","0.53%"
"10/11/2018","82,921","83,700","84,749","82,607","5.35M","-0.91%"
"10/10/2018","83,679","86,084","86,085","83,679","5.38M","-2.80%"
"10/09/2018","86,088","86,053","86,573","85,433","6.66M","0.00%"
"10/08/2018","86,084","82,324","87,333","82,324","10.31M","4.57%"
"10/05/2018","82,322","82,972","83,805","82,030","5.56M","-0.76%"
"10/04/2018","82,953","83,275","83,430","81,892","5.09M","-0.38%"
"10/03/2018","83,273","81,624","85,442","81,623","7.85M","2.04%"
"10/02/2018","81,612","78,625","81,778","78,625","6.13M","3.80%"
"10/01/2018","78,624","79,350","79,557","78,091","3.23M","-0.90%"
"09/28/2018","79,342","80,000","80,000","78,967","4.19M","-0.82%"
"09/27/2018","80,000","78,676","80,107","78,676","4.61M","1.71%"
"09/26/2018","78,656","78,634","79,461","78,530","3.85M","0.03%"
"09/25/2018","78,630","77,980","78,688","77,005","3.81M","0.83%"
"09/24/2018","77,984","79,447","79,447","77,857","2.91M","-1.84%"
"09/21/2018","79,444","78,116","80,002","78,116","4.81M","1.70%"
"09/20/2018","78,116","78,169","78,944","77,820","3.23M","-0.07%"
"09/19/2018","78,169","78,268","79,021","77,624","3.90M","-0.19%"
"09/18/2018","78,314","76,781","78,454","76,677","4.30M","1.99%"
"09/17/2018","76,789","75,428","76,893","75,227","3.50M","1.80%"
"09/14/2018","75,429","74,687","75,705","74,445","3.33M","0.99%"
"09/13/2018","74,687","75,126","75,407","74,501","3.16M","-0.58%"
"09/12/2018","75,125","74,680","75,680","74,499","3.82M","0.63%"
"09/11/2018","74,657","76,437","76,437","74,275","3.51M","-2.33%"
"09/10/2018","76,436","76,416","77,293","76,115","3.20M","0.03%"
"09/06/2018","76,416","75,098","76,533","74,986","3.40M","1.76%"
"09/05/2018","75,092","74,712","75,370","74,276","2.92M","0.51%"
"09/04/2018","74,712","76,192","76,192","74,605","3.26M","-1.94%"
"09/03/2018","76,193","76,675","76,675","75,729","1.73M","-0.63%"
"08/31/2018","76,678","76,386","77,202","76,026","4.27M","0.36%"
"08/30/2018","76,404","78,389","78,389","76,372","1.73M","-2.53%"
"08/29/2018","78,389","77,472","78,783","77,399","3.22M","1.18%"
"08/28/2018","77,473","77,928","78,038","77,149","3.06M","-0.59%"
"08/27/2018","77,930","76,264","78,008","76,264","2.84M","2.19%"
"08/24/2018","76,262","75,647","76,629","75,647","3.26M","0.83%"
"08/23/2018","75,634","76,898","77,232","75,466","3.99M","-1.65%"
"08/22/2018","76,902","75,171","76,904","74,876","3.72M","2.29%"
"08/21/2018","75,180","76,327","76,340","74,915","4.20M","-1.50%"
"08/20/2018","76,328","76,029","76,497","75,608","3.69M","0.39%"
"08/17/2018","76,028","76,817","76,817","75,633","3.86M","-1.03%"
"08/16/2018","76,819","77,085","77,704","76,381","3.39M","-0.34%"
"08/15/2018","77,078","78,614","78,618","76,829","4.52M","-1.94%"
"08/14/2018","78,602","77,499","78,742","77,499","3.83M","1.43%"
"08/13/2018","77,496","76,513","77,689","75,931","4.08M","1.28%"
"08/10/2018","76,514","78,766","78,766","76,043","4.83M","-2.86%"
"08/09/2018","78,768","79,171","79,461","78,156","3.83M","-0.49%"
"08/08/2018","79,152","80,347","80,912","78,966","3.95M","-1.49%"
"08/07/2018","80,347","81,093","81,742","79,923","3.98M","-0.87%"
"08/06/2018","81,051","81,445","81,765","80,965","2.59M","-0.47%"
"08/03/2018","81,435","79,656","81,792","79,656","3.92M","2.26%"
"08/02/2018","79,637","79,237","79,896","78,573","3.10M","0.42%"
"08/01/2018","79,302","79,213","79,731","78,769","3.33M","0.10%"
"07/31/2018","79,220","80,279","80,279","79,016","3.46M","-1.32%"
"07/30/2018","80,276","79,866","80,492","79,699","2.71M","0.51%"
"07/27/2018","79,866","79,405","80,251","79,405","3.11M","0.58%"
"07/26/2018","79,405","80,242","80,589","79,081","3.71M","-1.01%"
"07/25/2018","80,218","79,154","80,437","79,154","3.58M","1.34%"
"07/24/2018","79,155","78,005","79,497","78,005","3.38M","1.49%"
"07/23/2018","77,996","78,571","78,639","77,871","2.52M","-0.73%"
"07/20/2018","78,571","77,500","79,489","77,500","4.89M","1.40%"
"07/19/2018","77,487","77,360","77,487","75,890","3.90M","0.16%"
"07/18/2018","77,363","78,124","78,496","77,164","3.50M","-0.98%"
"07/17/2018","78,130","76,653","78,522","76,482","4.00M","1.93%"
"07/16/2018","76,653","76,587","76,924","76,129","3.23M","0.08%"
"07/13/2018","76,594","75,856","76,682","75,554","3.42M","0.97%"
"07/12/2018","75,856","74,403","75,898","74,403","3.62M","1.96%"
"07/11/2018","74,399","74,862","75,025","74,196","3.88M","-0.62%"
"07/10/2018","74,862","75,015","75,895","74,431","4.02M","-0.20%"
"07/06/2018","75,010","74,558","75,065","74,048","2.73M","0.61%"
"07/05/2018","74,553","74,751","75,127","73,756","3.67M","-0.25%"
"07/04/2018","74,743","73,667","74,904","73,450","2.21M","1.46%"
"07/03/2018","73,668","72,848","74,515","72,848","3.35M","1.14%"
"07/02/2018","72,840","72,763","72,840","71,935","2.84M","0.11%"
"06/29/2018","72,763","71,779","73,020","71,779","4.00M","1.39%"
"06/28/2018","71,767","70,609","72,092","70,439","3.62M","1.64%"
"06/27/2018","70,609","71,405","72,032","70,134","3.70M","-1.11%"
"06/26/2018","71,405","70,968","71,622","70,203","3.61M","0.64%"
"06/25/2018","70,953","70,642","71,323","69,779","3.45M","0.44%"
"06/22/2018","70,641","70,077","71,058","69,907","3.15M","0.81%"
"06/21/2018","70,075","72,117","72,207","70,019","3.60M","-2.84%"
"06/20/2018","72,123","71,397","72,617","71,155","4.55M","1.02%"
"06/19/2018","71,394","69,811","72,010","69,069","5.35M","2.26%"
"06/18/2018","69,815","70,757","70,757","69,360","3.58M","-1.33%"
"06/15/2018","70,758","71,421","71,421","69,583","6.66M","-0.93%"
"06/14/2018","71,421","72,151","72,708","71,344","4.41M","-0.97%"
"06/13/2018","72,122","72,757","72,977","71,035","4.50M","-0.87%"
"06/12/2018","72,754","72,308","73,322","72,124","4.01M","0.62%"
"06/11/2018","72,308","72,943","73,716","71,843","3.67M","-0.87%"
"06/08/2018","72,942","73,848","74,031","71,679","6.14M","-1.23%"
"06/07/2018","73,851","76,117","76,117","71,162","8.17M","-2.98%"
"06/06/2018","76,117","76,641","76,967","75,518","5.02M","-0.69%"
"06/05/2018","76,642","78,595","78,892","76,412","4.64M","-2.49%"
"06/04/2018","78,596","77,244","78,637","77,244","4.15M","1.76%"
"06/01/2018","77,240","76,779","78,169","75,524","6.23M","0.63%"
"05/30/2018","76,754","76,058","77,097","75,515","7.67M","0.90%"
"05/29/2018","76,072","75,361","77,214","75,361","6.16M","0.95%"
"05/28/2018","75,356","78,886","78,886","75,337","4.31M","-4.49%"
"05/25/2018","78,898","80,123","80,629","78,622","4.81M","-1.53%"
"05/24/2018","80,122","80,860","80,860","79,027","6.37M","-0.92%"
"05/23/2018","80,867","82,742","82,742","80,867","4.00M","-2.26%"
"05/22/2018","82,739","81,817","83,396","81,613","4.93M","1.13%"
"05/21/2018","81,815","83,095","83,883","81,576","4.37M","-1.52%"
"05/18/2018","83,082","83,614","83,614","81,391","5.91M","-0.65%"
"05/17/2018","83,622","86,537","86,537","83,377","5.68M","-3.37%"
"05/16/2018","86,537","85,122","86,678","85,044","3.82M","1.65%"
"05/15/2018","85,130","85,225","85,231","83,830","4.54M","-0.12%"
"05/14/2018","85,232","85,222","86,105","84,688","4.21M","0.01%"
"05/11/2018","85,220","85,861","86,406","85,183","4.52M","-0.75%"
"05/10/2018","85,861","84,284","86,201","84,284","4.75M","1.89%"
"05/09/2018","84,265","82,977","84,447","82,855","4.84M","1.58%"
"05/08/2018","82,956","82,715","83,409","82,201","4.07M","0.29%"
"05/07/2018","82,714","83,122","83,643","82,602","2.93M","-0.49%"
"05/04/2018","83,118","83,286","83,671","82,746","3.58M","-0.20%"
"05/03/2018","83,288","84,547","84,562","83,178","4.10M","-1.49%"
"05/02/2018","84,547","86,111","86,111","84,383","3.84M","-1.82%"
"04/30/2018","86,115","86,443","86,739","85,979","2.25M","-0.38%"
"04/27/2018","86,445","86,383","87,179","86,262","3.14M","0.07%"
"04/26/2018","86,383","85,051","86,383","85,051","3.23M","1.57%"
"04/25/2018","85,044","85,466","85,466","84,349","3.32M","-0.50%"
"04/24/2018","85,469","85,603","86,578","85,106","2.93M","-0.16%"
"04/23/2018","85,602","85,520","85,746","84,711","2.50M","0.06%"
"04/20/2018","85,550","85,823","85,823","85,025","3.08M","-0.32%"
"04/19/2018","85,824","85,775","86,059","85,197","3.63M","0.06%"
"04/18/2018","85,776","84,090","86,149","84,090","4.33M","2.01%"
"04/17/2018","84,086","82,862","84,191","82,810","2.71M","1.48%"
"04/16/2018","82,862","84,328","84,591","82,762","3.00M","-1.75%"
"04/13/2018","84,334","85,441","85,441","84,144","3.61M","-1.30%"
"04/12/2018","85,444","85,246","85,577","85,025","2.92M","0.23%"
"04/11/2018","85,246","84,494","85,417","84,340","3.47M","0.87%"
"04/10/2018","84,510","83,312","84,538","83,312","3.63M","1.44%"
"04/09/2018","83,307","84,832","85,110","83,155","3.27M","-1.78%"
"04/06/2018","84,820","85,210","85,210","83,833","3.16M","-0.46%"
"04/05/2018","85,210","84,374","86,148","84,374","4.39M","1.01%"
"04/04/2018","84,360","84,610","84,610","82,826","3.04M","-0.31%"
"04/03/2018","84,623","84,669","85,411","84,210","2.66M","-0.05%"
"04/02/2018","84,666","85,365","85,675","84,166","2.68M","-0.82%"
"03/29/2018","85,366","83,874","85,708","83,874","3.25M","1.78%"
"03/28/2018","83,874","83,806","83,889","82,889","3.00M","0.08%"
"03/27/2018","83,808","85,103","85,296","83,542","3.04M","-1.50%"
"03/26/2018","85,088","84,377","85,553","84,357","2.43M","0.84%"
"03/23/2018","84,377","84,766","85,450","84,042","3.28M","-0.46%"
"03/22/2018","84,768","84,984","85,499","84,197","3.34M","-0.25%"
"03/21/2018","84,977","84,166","85,145","84,080","3.36M","0.97%"
"03/20/2018","84,164","83,919","84,412","83,682","2.76M","0.30%"
"03/19/2018","83,913","84,886","84,886","83,678","3.43M","-1.15%"
"03/16/2018","84,886","84,928","85,495","84,525","5.61M","-0.05%"
"03/15/2018","84,928","86,051","86,051","84,720","3.96M","-1.31%"
"03/14/2018","86,051","86,383","86,970","85,691","2.64M","-0.39%"
"03/13/2018","86,384","86,902","87,333","86,119","2.82M","-0.59%"
"03/12/2018","86,900","86,386","87,046","86,386","2.68M","0.61%"
"03/09/2018","86,371","84,987","86,389","84,749","3.59M","1.63%"
"03/08/2018","84,985","85,510","85,830","84,491","3.81M","-0.58%"
"03/07/2018","85,484","85,653","85,653","84,397","3.56M","-0.20%"
"03/06/2018","85,653","86,023","86,931","85,653","3.72M","-0.43%"
"03/05/2018","86,023","85,761","86,165","85,053","3.53M","0.31%"
"03/02/2018","85,761","85,378","85,761","83,897","4.00M","0.45%"
"03/01/2018","85,378","85,337","86,260","84,640","4.48M","0.03%"
"02/28/2018","85,354","86,939","87,109","85,199","6.13M","-1.82%"
"02/27/2018","86,935","87,649","87,839","86,613","3.64M","-0.82%"
"02/26/2018","87,653","87,296","88,318","87,242","4.17M","0.41%"
"02/23/2018","87,293","86,690","87,345","86,138","4.31M","0.70%"
"02/22/2018","86,686","86,050","87,159","86,050","3.65M","0.74%"
"02/21/2018","86,052","85,804","87,358","85,804","4.96M","0.29%"
"02/20/2018","85,804","84,792","86,290","84,261","4.20M","1.19%"
"02/19/2018","84,793","84,525","84,956","84,525","2.15M","0.32%"
"02/16/2018","84,525","84,291","84,575","83,824","3.58M","0.28%"
"02/15/2018","84,291","83,551","84,686","83,551","3.60M","0.90%"
"02/14/2018","83,543","80,901","83,782","80,901","4.03M","3.27%"
"02/09/2018","80,899","81,532","81,897","79,690","4.42M","-0.78%"
"02/08/2018","81,533","82,773","83,501","81,109","4.14M","-1.49%"
"02/07/2018","82,767","83,894","84,410","82,548","4.01M","-1.34%"
"02/06/2018","83,894","81,857","84,162","80,804","5.77M","2.48%"
"02/05/2018","81,861","84,040","84,311","81,861","3.35M","-2.59%"
"02/02/2018","84,041","85,495","85,495","83,831","3.48M","-1.70%"
"02/01/2018","85,495","84,913","86,028","84,833","4.21M","0.69%"
"01/31/2018","84,913","84,485","86,213","84,484","4.36M","0.51%"
"01/30/2018","84,482","84,697","84,697","83,804","3.68M","-0.26%"
"01/29/2018","84,698","85,531","85,531","84,341","4.01M","-0.97%"
"01/26/2018","85,531","83,680","85,531","83,680","5.58M","2.21%"
"01/24/2018","83,680","80,679","83,680","80,679","5.67M","3.72%"
"01/23/2018","80,678","81,676","81,676","80,524","3.83M","-1.22%"
"01/22/2018","81,675","81,220","81,675","80,923","2.78M","0.56%"
"01/19/2018","81,220","80,965","81,429","80,854","3.22M","0.32%"
"01/18/2018","80,963","81,185","81,367","80,498","3.54M","-0.28%"
"01/17/2018","81,189","79,832","81,189","79,828","3.44M","1.70%"
"01/16/2018","79,832","79,751","80,246","79,668","3.07M","0.10%"
"01/15/2018","79,752","79,349","79,847","79,349","2.00M","0.51%"
"01/12/2018","79,349","79,365","79,440","78,861","3.69M","-0.02%"
"01/11/2018","79,365","78,201","79,365","78,201","3.51M","1.49%"
"01/10/2018","78,201","78,864","78,864","78,164","2.85M","-0.84%"
"01/09/2018","78,864","79,379","79,415","78,699","3.57M","-0.65%"
"01/08/2018","79,379","79,070","79,395","78,631","2.63M","0.39%"
"01/05/2018","79,071","78,644","79,071","78,218","2.83M","0.54%"
"01/04/2018","78,647","77,998","79,135","77,998","3.59M","0.84%"
"01/03/2018","77,995","77,889","78,414","77,602","3.24M","0.13%"
"01/02/2018","77,891","76,403","77,909","76,403","2.97M","1.95%"
"12/28/2017","76,402","76,077","76,437","76,077","2.15M","0.43%"
"12/27/2017","76,073","75,708","76,293","75,708","1.85M","0.48%"
"12/26/2017","75,708","75,187","75,837","74,924","1.63M","0.69%"
"12/22/2017","75,187","75,128","75,227","74,623","1.97M","0.07%"
"12/21/2017","75,133","73,367","75,133","73,265","3.15M","2.41%"
"12/20/2017","73,367","72,680","73,492","72,680","2.29M","0.95%"
"12/19/2017","72,680","73,122","73,139","72,347","2.42M","-0.59%"
"12/18/2017","73,115","72,621","73,519","72,621","3.30M","0.70%"
"12/15/2017","72,608","72,428","73,069","72,277","4.80M","0.25%"
"12/14/2017","72,429","72,913","72,913","71,969","3.60M","-0.67%"
"12/13/2017","72,914","73,827","74,622","72,569","4.63M","-1.22%"
"12/12/2017","73,814","72,800","73,814","71,798","3.05M","1.39%"
"12/11/2017","72,800","72,775","73,361","72,498","2.53M","0.09%"
"12/08/2017","72,732","72,489","73,425","72,489","3.18M","0.34%"
"12/07/2017","72,487","73,268","73,268","71,356","3.36M","-1.07%"
"12/06/2017","73,268","72,535","73,418","71,906","3.20M","1.00%"
"12/05/2017","72,546","73,090","74,166","72,319","3.00M","-0.74%"
"12/04/2017","73,090","72,266","73,749","72,266","3.13M","1.14%"
"12/01/2017","72,264","71,955","72,472","71,488","3.10M","0.41%"
"11/30/2017","71,971","72,700","72,700","71,215","5.51M","-1.00%"
"11/29/2017","72,700","74,146","74,515","72,700","3.75M","-1.94%"
"11/28/2017","74,140","74,060","74,989","74,056","3.12M","0.11%"
"11/27/2017","74,059","74,157","74,157","73,159","2.90M","-0.13%"
"11/24/2017","74,157","74,503","74,542","74,093","2.59M","-0.44%"
"11/23/2017","74,487","74,519","74,578","73,851","1.60M","-0.04%"
"11/22/2017","74,519","74,611","75,019","74,242","3.52M","-0.10%"
"11/21/2017","74,595","73,439","75,073","73,439","3.65M","1.58%"
"11/17/2017","73,437","72,512","73,632","72,390","2.83M","1.28%"
"11/16/2017","72,512","70,827","72,896","70,827","3.44M","2.38%"
"11/14/2017","70,827","72,442","72,838","70,825","4.49M","-2.27%"
"11/13/2017","72,475","72,167","72,735","71,776","2.87M","0.43%"
"11/10/2017","72,166","72,932","73,019","71,920","3.24M","-1.05%"
"11/09/2017","72,931","74,363","74,363","72,795","3.41M","-1.93%"
"11/08/2017","74,363","72,468","74,481","72,468","3.51M","2.69%"
"11/07/2017","72,415","74,306","74,306","72,386","5.04M","-2.55%"
"11/06/2017","74,311","73,911","74,445","73,830","3.40M","0.54%"
"11/03/2017","73,915","73,834","74,254","73,094","4.52M","0.12%"
"11/01/2017","73,824","74,310","75,199","73,823","3.78M","-0.65%"
"10/31/2017","74,308","74,798","75,142","74,145","3.66M","-0.66%"
"10/30/2017","74,800","75,973","75,973","74,305","3.93M","-1.55%"
"10/27/2017","75,976","75,898","76,617","75,601","3.54M","0.11%"
"10/26/2017","75,896","76,671","77,061","75,813","2.99M","-1.01%"
"10/25/2017","76,671","76,350","76,883","75,404","3.05M","0.42%"
"10/24/2017","76,350","75,426","76,420","75,426","3.14M","1.24%"
"10/23/2017","75,413","76,398","76,498","75,315","2.71M","-1.28%"
"10/20/2017","76,391","76,291","76,971","76,291","2.73M","0.14%"
"10/19/2017","76,283","76,591","76,591","75,366","2.59M","-0.40%"
"10/18/2017","76,591","76,211","76,730","76,012","3.25M","0.51%"
"10/17/2017","76,201","76,892","76,892","76,046","2.86M","-0.90%"
"10/16/2017","76,892","76,985","77,382","76,565","3.17M","-0.13%"
"10/13/2017","76,990","76,659","77,319","76,659","3.30M","0.43%"
"10/11/2017","76,660","76,910","76,985","76,323","3.90M","-0.31%"
"10/10/2017","76,897","75,745","76,996","75,745","3.60M","1.55%"
"10/09/2017","75,727","76,055","76,067","75,181","2.41M","-0.43%"
"10/06/2017","76,055","76,618","76,618","75,603","3.09M","-0.73%"
"10/05/2017","76,618","76,592","78,024","76,592","4.24M","0.04%"
"10/04/2017","76,591","76,763","77,004","76,422","3.22M","-0.22%"
"10/03/2017","76,763","74,363","76,763","74,363","3.93M","3.23%"
"10/02/2017","74,360","74,295","74,506","73,845","2.59M","0.09%"
"09/29/2017","74,294","73,571","74,518","73,571","3.22M","0.99%"
"09/28/2017","73,567","73,808","74,011","73,277","3.18M","-0.31%"
"09/27/2017","73,797","74,358","74,744","73,125","3.91M","-0.70%"
"09/26/2017","74,319","74,443","74,971","74,319","3.68M","-0.17%"
"09/25/2017","74,443","75,381","75,470","74,303","3.48M","-1.26%"
"09/22/2017","75,390","75,618","75,734","75,029","2.89M","-0.28%"
"09/21/2017","75,604","76,014","76,251","75,282","3.33M","-0.53%"
"09/20/2017","76,004","75,974","76,420","75,074","4.01M","0.04%"
"09/19/2017","75,974","75,990","76,071","75,300","3.12M","-0.02%"
"09/18/2017","75,990","75,758","76,404","75,621","3.54M","0.31%"
"09/15/2017","75,757","74,656","75,820","74,648","4.97M","1.47%"
"09/14/2017","74,657","74,787","74,949","74,397","3.31M","-0.18%"
"09/13/2017","74,788","74,543","75,146","74,196","3.33M","0.33%"
"09/12/2017","74,539","74,322","75,332","74,294","3.70M","0.30%"
"09/11/2017","74,319","73,096","74,636","73,096","3.38M","1.70%"
"09/08/2017","73,079","73,413","73,646","72,925","3.21M","-0.45%"
"09/06/2017","73,412","72,157","73,608","72,157","4.37M","1.75%"
"09/05/2017","72,151","72,134","73,180","71,827","4.36M","0.03%"
"09/04/2017","72,129","71,921","72,141","71,671","2.06M","0.29%"
"09/01/2017","71,923","70,848","72,217","70,846","4.01M","1.54%"
"08/31/2017","70,835","70,887","71,234","70,516","4.38M","-0.07%"
"08/30/2017","70,886","71,328","71,454","70,755","2.75M","-0.62%"
"08/29/2017","71,330","71,005","71,330","70,517","2.35M","0.44%"
"08/28/2017","71,017","71,074","71,390","70,909","2.26M","-0.08%"
"08/25/2017","71,074","71,138","71,506","70,801","2.49M","-0.08%"
"08/24/2017","71,133","70,482","71,238","70,482","3.21M","0.93%"
"08/23/2017","70,478","70,011","70,587","69,947","3.45M","0.67%"
"08/22/2017","70,011","68,645","70,278","68,645","4.03M","2.00%"
"08/21/2017","68,635","68,713","69,068","68,514","2.72M","-0.12%"
"08/18/2017","68,715","67,990","68,808","67,979","3.57M","1.09%"
"08/17/2017","67,977","68,596","68,596","67,866","2.74M","-0.90%"
"08/16/2017","68,594","68,356","68,950","68,304","3.87M","0.35%"
"08/15/2017","68,355","68,296","68,846","68,293","2.84M","0.10%"
"08/14/2017","68,285","67,364","68,642","67,226","2.91M","1.37%"
"08/11/2017","67,359","66,992","67,623","66,678","2.98M","0.55%"
"08/10/2017","66,992","67,671","67,671","66,650","2.91M","-1.00%"
"08/09/2017","67,671","67,894","67,894","67,290","2.56M","-0.34%"
"08/08/2017","67,899","67,936","68,500","67,671","3.24M","-0.06%"
"08/07/2017","67,940","66,898","68,043","66,887","3.09M","1.56%"
"08/04/2017","66,898","66,783","67,104","66,525","2.44M","0.18%"
"08/03/2017","66,777","67,136","67,256","66,705","2.81M","-0.53%"
"08/02/2017","67,136","66,504","67,277","66,305","3.83M","0.93%"
"08/01/2017","66,516","65,925","66,606","65,925","2.85M","0.90%"
"07/31/2017","65,920","65,503","66,048","65,503","2.65M","0.65%"
"07/28/2017","65,497","65,253","65,497","64,953","2.85M","0.34%"
"07/27/2017","65,277","65,013","65,678","65,013","2.56M","0.41%"
"07/26/2017","65,011","65,668","65,873","64,992","3.03M","-1.00%"
"07/25/2017","65,668","65,101","65,749","65,101","2.82M","0.87%"
"07/24/2017","65,100","64,695","65,104","64,678","1.97M","0.64%"
"07/21/2017","64,684","64,936","65,150","64,599","2.21M","-0.39%"
"07/20/2017","64,938","65,178","65,505","64,898","2.34M","-0.37%"
"07/19/2017","65,180","65,337","65,604","64,874","2.70M","-0.24%"
"07/18/2017","65,338","65,208","65,338","64,943","2.28M","0.19%"
"07/17/2017","65,212","65,431","65,478","65,119","2.33M","-0.34%"
"07/14/2017","65,436","65,178","65,624","65,178","2.80M","0.40%"
"07/13/2017","65,178","64,854","65,302","64,854","3.22M","0.53%"
"07/12/2017","64,836","63,840","64,938","63,827","4.24M","1.57%"
"07/11/2017","63,832","63,027","63,891","62,908","2.65M","1.28%"
"07/10/2017","63,025","62,322","63,135","62,322","2.29M","1.13%"
"07/07/2017","62,322","62,474","62,926","62,035","2.98M","-0.24%"
"07/06/2017","62,470","63,156","63,188","62,354","3.13M","-1.08%"
"07/05/2017","63,154","63,215","63,485","62,708","3.27M","-0.12%"
"07/04/2017","63,232","63,268","63,346","63,076","980.07K","-0.08%"
"07/03/2017","63,280","62,901","63,338","62,901","2.15M","0.60%"
"06/30/2017","62,900","62,238","63,038","62,238","2.77M","1.06%"
"06/29/2017","62,239","62,010","62,499","61,689","3.01M","0.36%"
"06/28/2017","62,018","61,684","62,057","61,433","2.80M","0.56%"
"06/27/2017","61,675","62,188","62,424","61,580","3.38M","-0.82%"
"06/26/2017","62,188","61,088","62,251","61,088","2.68M","1.80%"
"06/23/2017","61,087","61,272","61,400","60,992","2.92M","-0.30%"
"06/22/2017","61,272","60,762","61,354","60,758","3.16M","0.84%"
"06/21/2017","60,762","60,783","61,188","60,544","3.38M","-0.01%"
"06/20/2017","60,766","62,011","62,011","60,766","4.08M","-2.01%"
"06/19/2017","62,014","61,620","62,272","61,620","2.84M","0.63%"
"06/16/2017","61,626","61,911","61,921","61,269","5.25M","-0.48%"
"06/14/2017","61,923","61,831","62,475","61,508","4.46M","0.15%"
"06/13/2017","61,829","61,708","62,012","61,510","2.55M","0.21%"
"06/12/2017","61,700","62,219","62,286","61,279","3.12M","-0.82%"
"06/09/2017","62,211","62,755","63,066","62,095","3.20M","-0.87%"
"06/08/2017","62,756","63,171","63,171","62,376","2.79M","-0.66%"
"06/07/2017","63,171","62,955","63,637","62,912","2.98M","0.34%"
"06/06/2017","62,955","62,450","63,302","62,426","3.09M","0.81%"
"06/05/2017","62,450","62,503","62,800","62,010","2.50M","-0.10%"
"06/02/2017","62,511","62,289","62,773","62,161","2.96M","0.36%"
"06/01/2017","62,289","62,711","63,293","62,165","3.47M","-0.67%"
"05/31/2017","62,711","63,961","63,984","62,673","4.68M","-1.96%"
"05/30/2017","63,962","63,765","64,107","63,720","2.30M","0.32%"
"05/29/2017","63,761","64,055","64,055","63,531","1.70M","-0.51%"
"05/26/2017","64,085","63,228","64,170","63,228","3.97M","1.36%"
"05/25/2017","63,227","63,256","63,991","62,762","4.12M","-0.05%"
"05/24/2017","63,257","62,673","64,016","62,673","4.31M","0.95%"
"05/23/2017","62,662","61,670","62,775","61,670","4.90M","1.60%"
"05/22/2017","61,673","62,638","62,638","60,925","6.00M","-1.54%"
"05/19/2017","62,639","61,597","63,488","61,597","6.31M","1.69%"
"05/18/2017","61,597","67,536","67,536","60,315","11.39M","-8.80%"
"05/17/2017","67,540","68,674","68,674","67,163","3.42M","-1.67%"
"05/16/2017","68,684","68,473","68,792","68,124","3.79M","0.31%"
"05/15/2017","68,474","68,227","68,593","68,081","3.39M","0.37%"
"05/12/2017","68,222","67,536","68,429","67,536","3.94M","1.01%"
"05/11/2017","67,538","67,355","67,709","67,191","2.96M","0.28%"
"05/10/2017","67,350","66,284","67,528","66,284","3.27M","1.62%"
"05/09/2017","66,278","65,533","66,536","65,533","2.76M","1.15%"
"05/08/2017","65,526","65,705","66,015","65,295","2.34M","-0.28%"
"05/05/2017","65,710","64,869","65,768","64,863","2.85M","1.31%"
"05/04/2017","64,863","66,069","66,099","64,721","3.90M","-1.86%"
"05/03/2017","66,094","66,720","66,758","65,898","3.55M","-0.94%"
"05/02/2017","66,722","65,404","66,851","65,404","3.61M","2.02%"
"04/28/2017","65,403","64,679","65,403","64,592","3.07M","1.12%"
"04/27/2017","64,677","64,872","65,327","64,292","3.21M","-0.29%"
"04/26/2017","64,862","65,144","65,436","64,679","3.32M","-0.44%"
"04/25/2017","65,148","64,384","65,148","63,875","3.13M","1.18%"
"04/24/2017","64,389","63,761","64,754","63,761","3.29M","0.98%"
"04/20/2017","63,761","63,406","64,163","63,388","2.99M","0.56%"
"04/19/2017","63,407","64,165","64,572","63,219","3.16M","-1.17%"
"04/18/2017","64,159","64,336","64,591","63,717","3.24M","-0.27%"
"04/17/2017","64,335","62,828","64,424","62,828","3.25M","2.40%"
"04/13/2017","62,826","63,891","63,992","62,826","3.31M","-1.67%"
"04/12/2017","63,892","64,362","64,456","63,814","4.39M","-0.73%"
"04/11/2017","64,360","64,650","64,872","63,351","3.28M","-0.45%"
"04/10/2017","64,650","64,593","64,928","64,115","3.08M","0.09%"
"04/07/2017","64,593","64,202","65,197","64,016","2.94M","0.58%"
"04/06/2017","64,223","64,775","64,921","63,762","2.96M","-0.85%"
"04/05/2017","64,775","65,770","66,211","64,493","3.07M","-1.51%"
"04/04/2017","65,769","65,212","65,775","64,990","2.15M","0.86%"
"04/03/2017","65,211","64,989","65,384","64,774","2.95M","0.35%"
"03/31/2017","64,984","65,266","65,597","64,859","2.70M","-0.43%"
"03/30/2017","65,266","65,541","65,775","65,070","2.41M","-0.40%"
"03/29/2017","65,528","64,636","65,551","64,476","3.60M","1.37%"
"03/28/2017","64,640","64,308","64,847","64,042","3.46M","0.52%"
"03/27/2017","64,308","63,829","64,356","63,030","2.76M","0.71%"
"03/24/2017","63,854","63,554","63,997","63,469","2.65M","0.51%"
"03/23/2017","63,531","63,521","63,942","62,840","3.55M","0.02%"
"03/22/2017","63,521","62,980","63,747","62,496","4.19M","0.86%"
"03/21/2017","62,980","64,884","64,965","62,795","3.81M","-2.93%"
"03/20/2017","64,884","64,210","65,136","63,672","3.73M","1.05%"
"03/17/2017","64,210","65,783","66,205","64,152","5.37M","-2.39%"
"03/16/2017","65,783","66,232","66,554","65,531","2.95M","-0.68%"
"03/15/2017","66,235","64,702","66,318","64,537","3.86M","2.37%"
"03/14/2017","64,699","65,511","65,549","64,699","2.91M","-1.27%"
"03/13/2017","65,534","64,674","65,651","64,674","2.23M","1.33%"
"03/10/2017","64,675","64,586","65,725","64,472","3.54M","0.14%"
"03/09/2017","64,585","64,718","65,068","64,203","3.62M","-0.21%"
"03/08/2017","64,718","65,748","65,810","64,496","3.84M","-1.56%"
"03/07/2017","65,742","66,343","66,641","65,668","2.98M","-0.90%"
"03/06/2017","66,341","66,786","66,892","66,119","3.44M","-0.67%"
"03/03/2017","66,786","65,860","66,801","65,860","2.74M","1.41%"
"03/02/2017","65,855","67,000","67,035","65,594","3.19M","-1.69%"
"03/01/2017","66,989","66,661","67,398","66,661","2.45M","0.49%"
"02/24/2017","66,662","67,458","67,458","66,452","3.15M","-1.18%"
"02/23/2017","67,461","68,590","69,488","67,279","4.10M","-1.65%"
"02/22/2017","68,590","69,052","69,052","68,282","3.48M","-0.67%"
"02/21/2017","69,052","68,536","69,112","68,536","3.15M","0.76%"
"02/20/2017","68,533","67,756","68,674","67,756","2.24M","1.16%"
"02/17/2017","67,748","67,814","67,819","67,158","2.87M","-0.10%"
"02/16/2017","67,814","67,979","68,456","67,661","3.66M","-0.24%"
"02/15/2017","67,976","66,712","68,016","66,712","4.25M","1.89%"
"02/14/2017","66,713","66,971","67,110","66,251","3.48M","-0.38%"
"02/13/2017","66,968","66,125","67,094","66,125","3.20M","1.27%"
"02/10/2017","66,125","64,965","66,292","64,935","3.55M","1.79%"
"02/09/2017","64,965","64,850","65,302","64,587","2.72M","0.20%"
"02/08/2017","64,835","64,200","64,835","63,740","3.24M","0.99%"
"02/07/2017","64,199","64,022","64,815","63,938","2.86M","0.32%"
"02/06/2017","63,993","64,957","65,327","63,933","2.63M","-1.48%"
"02/03/2017","64,954","64,579","65,387","64,264","3.59M","0.58%"
"02/02/2017","64,578","64,835","65,132","64,163","3.05M","-0.40%"
"02/01/2017","64,836","64,687","65,594","64,687","3.31M","0.26%"
"01/31/2017","64,671","64,310","64,901","64,284","2.82M","0.57%"
"01/30/2017","64,302","66,025","66,025","64,165","2.33M","-2.62%"
"01/27/2017","66,034","66,195","66,242","65,876","2.66M","-0.24%"
"01/26/2017","66,191","65,842","66,594","65,842","3.60M","0.53%"
"01/24/2017","65,840","65,752","66,173","65,615","3.97M","0.14%"
"01/23/2017","65,749","64,519","65,816","64,500","3.05M","1.90%"
"01/20/2017","64,521","63,951","64,694","63,951","3.52M","0.89%"
"01/19/2017","63,951","64,145","64,456","63,574","2.96M","-0.31%"
"01/18/2017","64,150","64,360","64,680","64,063","3.10M","-0.32%"
"01/17/2017","64,354","63,827","64,658","63,456","3.02M","0.82%"
"01/16/2017","63,831","63,652","64,014","63,556","1.82M","0.28%"
"01/13/2017","63,652","63,940","64,092","63,366","2.82M","-0.47%"
"01/12/2017","63,954","62,448","64,342","62,448","4.68M","2.41%"
"01/11/2017","62,446","62,134","62,674","61,665","3.24M","0.51%"
"01/10/2017","62,132","61,710","62,446","61,710","2.70M","0.70%"
"01/09/2017","61,700","61,680","62,112","61,307","2.56M","0.06%"
"01/06/2017","61,665","62,072","62,072","61,396","2.45M","-0.65%"
"01/05/2017","62,071","61,594","62,409","61,594","3.42M","0.78%"
"01/04/2017","61,589","61,811","61,940","61,302","2.93M","-0.36%"
"01/03/2017","61,814","59,631","61,815","59,631","3.43M","3.73%"
"01/02/2017","59,589","60,227","60,227","59,371","833.73K","-1.06%"
"12/29/2016","60,227","59,782","60,248","59,278","2.19M","0.74%"
"12/28/2016","59,782","58,688","59,911","58,688","2.02M","1.85%"
"12/27/2016","58,697","58,627","59,068","58,402","1.67M","0.13%"
"12/26/2016","58,620","57,941","58,781","57,941","701.23K","1.18%"
"12/23/2016","57,937","57,255","58,143","57,255","2.22M","1.19%"
"12/22/2016","57,255","57,646","57,646","56,829","2.90M","-0.68%"
"12/21/2016","57,647","57,583","58,049","57,221","2.54M","0.11%"
"12/20/2016","57,583","57,116","57,918","57,038","2.76M","0.83%"
"12/19/2016","57,111","58,390","58,600","57,109","3.50M","-2.19%"
"12/16/2016","58,389","58,398","59,312","58,365","3.80M","-0.01%"
"12/15/2016","58,396","58,214","58,635","57,575","3.68M","0.32%"
"12/14/2016","58,212","59,280","59,338","58,212","3.98M","-1.80%"
"12/13/2016","59,281","59,178","59,946","58,758","3.70M","0.17%"
"12/12/2016","59,179","60,517","60,517","59,035","3.24M","-2.19%"
"12/09/2016","60,501","60,688","61,129","60,316","3.44M","-0.29%"
"12/08/2016","60,677","61,430","61,936","60,499","3.03M","-1.20%"
"12/07/2016","61,414","61,111","61,918","61,062","3.96M","0.53%"
"12/06/2016","61,088","59,828","61,235","59,396","3.72M","2.10%"
"12/05/2016","59,832","60,322","60,720","59,635","2.95M","-0.80%"
"12/02/2016","60,316","59,499","60,379","58,092","4.48M","1.36%"
"12/01/2016","59,507","61,906","61,911","59,058","5.52M","-3.88%"
"11/30/2016","61,906","60,994","62,590","60,994","4.73M","1.51%"
"11/29/2016","60,987","62,859","62,859","60,980","3.53M","-2.97%"
"11/28/2016","62,855","61,559","62,934","61,240","2.84M","2.11%"
"11/25/2016","61,559","61,394","61,559","60,573","2.74M","0.27%"
"11/24/2016","61,396","61,999","62,105","61,392","1.65M","-0.95%"
"11/23/2016","61,986","61,956","62,046","61,234","3.60M","0.05%"
"11/22/2016","61,954","61,072","62,550","61,072","4.11M","1.45%"
"11/21/2016","61,070","59,963","61,070","59,963","3.63M","1.85%"
"11/18/2016","59,962","59,770","60,193","59,327","3.57M","0.32%"
"11/17/2016","59,770","60,763","61,493","59,746","3.64M","-1.63%"
"11/16/2016","60,759","59,658","60,915","59,364","4.72M","1.85%"
"11/14/2016","59,657","59,183","59,961","58,322","5.58M","0.80%"
"11/11/2016","59,184","61,199","61,626","58,921","7.81M","-3.30%"
"11/10/2016","61,201","63,261","63,903","60,553","7.86M","-3.25%"
"11/09/2016","63,258","64,157","64,358","61,794","5.80M","-1.40%"
"11/08/2016","64,158","64,052","64,767","63,381","3.37M","0.17%"
"11/07/2016","64,052","61,601","64,193","61,601","3.43M","3.98%"
"11/04/2016","61,598","61,749","62,699","61,491","4.10M","-0.25%"
"11/03/2016","61,750","63,325","63,524","61,750","4.25M","-2.49%"
"11/01/2016","63,326","64,922","65,291","63,019","4.64M","-2.46%"
"10/31/2016","64,925","64,312","65,054","64,312","3.93M","0.96%"
"10/28/2016","64,308","64,251","64,728","63,778","3.91M","0.09%"
"10/27/2016","64,250","63,827","64,609","63,827","3.70M","0.66%"
"10/26/2016","63,826","63,860","63,924","63,084","4.43M","-0.06%"
"10/25/2016","63,866","64,059","64,266","63,248","4.04M","-0.30%"
"10/24/2016","64,060","64,141","64,691","63,914","3.78M","-0.07%"
"10/21/2016","64,108","63,838","64,372","63,379","3.78M","0.42%"
"10/20/2016","63,838","63,495","63,927","62,729","3.53M","0.52%"
"10/19/2016","63,506","63,784","64,089","63,309","3.73M","-0.43%"
"10/18/2016","63,782","62,701","63,937","62,701","4.39M","1.73%"
"10/17/2016","62,696","61,768","62,696","61,719","3.44M","1.50%"
"10/14/2016","61,767","61,120","62,039","61,120","3.81M","1.06%"
"10/13/2016","61,119","61,020","61,329","60,243","5.11M","0.16%"
"10/11/2016","61,022","61,668","61,668","60,885","3.68M","-1.05%"
"10/10/2016","61,668","61,130","61,756","61,130","3.03M","0.91%"
"10/07/2016","61,109","60,645","61,275","60,479","4.37M","0.77%"
"10/06/2016","60,644","60,254","60,724","60,070","3.62M","0.65%"
"10/05/2016","60,254","59,340","60,477","59,340","3.48M","1.54%"
"10/04/2016","59,339","59,461","59,580","58,892","4.02M","-0.21%"
"10/03/2016","59,461","58,370","59,549","58,367","2.86M","1.87%"
"09/30/2016","58,367","58,350","58,900","58,271","2.95M","0.03%"
"09/29/2016","58,351","59,346","59,621","58,292","3.30M","-1.69%"
"09/28/2016","59,356","58,383","59,415","58,353","3.33M","1.67%"
"09/27/2016","58,382","58,066","58,490","57,411","3.04M","0.56%"
"09/26/2016","58,054","58,697","58,697","57,904","2.17M","-1.10%"
"09/23/2016","58,697","58,992","59,131","58,409","2.90M","-0.50%"
"09/22/2016","58,994","58,408","59,462","58,408","3.47M","1.03%"
"09/21/2016","58,394","57,736","58,575","57,326","4.01M","1.14%"
"09/20/2016","57,736","57,356","57,902","57,356","3.09M","0.67%"
"09/19/2016","57,350","57,083","58,025","57,083","2.77M","0.47%"
"09/16/2016","57,080","57,909","57,909","56,794","3.83M","-1.43%"
"09/15/2016","57,909","57,068","58,127","57,068","2.90M","1.49%"
"09/14/2016","57,059","56,812","57,342","56,694","3.43M","0.42%"
"09/13/2016","56,821","58,580","58,580","56,459","4.51M","-3.01%"
"09/12/2016","58,586","57,998","58,595","57,511","3.64M","1.01%"
"09/09/2016","58,000","60,220","60,220","57,961","4.12M","-3.71%"
"09/08/2016","60,232","60,129","60,310","59,743","3.96M","0.17%"
"09/06/2016","60,129","59,566","60,129","59,182","3.25M","0.95%"
"09/05/2016","59,566","59,616","59,986","59,402","1.82M","-0.08%"
"09/02/2016","59,616","58,241","59,655","58,241","3.89M","2.37%"
"09/01/2016","58,236","57,901","58,417","57,638","3.80M","0.58%"
"08/31/2016","57,901","58,580","58,910","57,506","4.20M","-1.15%"
"08/30/2016","58,575","58,610","58,882","58,293","2.81M","-0.06%"
"08/29/2016","58,610","57,717","58,957","57,642","2.85M","1.55%"
"08/26/2016","57,716","57,725","58,655","57,259","3.72M","-0.01%"
"08/25/2016","57,722","57,718","58,124","57,639","3.07M","0.01%"
"08/24/2016","57,718","58,019","58,332","57,456","3.32M","-0.52%"
"08/23/2016","58,020","57,781","58,596","57,781","3.75M","0.41%"
"08/22/2016","57,781","59,080","59,099","57,631","3.23M","-2.23%"
"08/19/2016","59,099","59,158","59,240","58,599","2.74M","-0.11%"
"08/18/2016","59,166","59,324","59,418","58,829","3.72M","-0.27%"
"08/17/2016","59,324","58,847","59,324","58,081","4.31M","0.80%"
"08/16/2016","58,855","59,144","59,187","58,589","3.99M","-0.49%"
"08/15/2016","59,146","58,316","59,324","58,316","3.60M","1.45%"
"08/12/2016","58,298","58,300","58,753","57,987","3.93M","0.00%"
"08/11/2016","58,300","56,925","58,308","56,923","4.03M","2.42%"
"08/10/2016","56,920","57,690","57,953","56,735","3.62M","-1.33%"
"08/09/2016","57,689","57,637","58,095","57,615","3.14M","0.09%"
"08/08/2016","57,635","57,655","57,917","57,504","3.25M","-0.05%"
"08/05/2016","57,661","57,609","57,951","57,290","3.46M","0.12%"
"08/04/2016","57,594","57,076","58,030","57,076","4.32M","0.91%"
"08/03/2016","57,077","56,157","57,101","55,788","4.18M","1.63%"
"08/02/2016","56,162","56,756","56,974","55,696","3.98M","-1.05%"
"08/01/2016","56,756","57,309","57,729","56,676","4.21M","-0.96%"
"07/29/2016","57,308","56,664","57,474","56,340","4.55M","1.13%"
"07/28/2016","56,667","56,853","56,853","55,993","3.91M","-0.33%"
"07/27/2016","56,853","56,788","57,380","56,788","3.91M","0.12%"
"07/26/2016","56,783","56,876","57,309","56,708","3.46M","-0.16%"
"07/25/2016","56,873","57,006","57,205","56,398","3.22M","-0.23%"
"07/22/2016","57,002","56,641","57,171","56,518","3.00M","0.64%"
"07/21/2016","56,641","56,578","56,906","56,233","3.59M","0.11%"
"07/20/2016","56,578","56,699","56,927","56,221","4.00M","-0.21%"
"07/19/2016","56,698","56,487","56,698","56,246","3.91M","0.38%"
"07/18/2016","56,484","55,573","56,509","55,355","4.11M","1.63%"
"07/15/2016","55,578","55,482","55,649","55,233","3.80M","0.17%"
"07/14/2016","55,481","54,601","55,634","54,601","4.54M","1.62%"
"07/13/2016","54,598","54,256","54,647","53,733","4.16M","0.63%"
"07/12/2016","54,256","53,961","54,746","53,961","4.00M","0.55%"
"07/11/2016","53,960","53,143","54,021","53,143","3.31M","1.54%"
"07/08/2016","53,141","52,020","53,166","52,020","3.09M","2.16%"
"07/07/2016","52,015","51,902","52,719","51,888","3.83M","0.22%"
"07/06/2016","51,902","51,842","51,909","50,825","3.38M","0.12%"
"07/05/2016","51,842","52,565","52,565","51,510","3.22M","-1.38%"
"07/04/2016","52,569","52,241","52,918","52,241","2.08M","0.64%"
"07/01/2016","52,233","51,540","52,346","51,411","4.24M","1.37%"
"06/30/2016","51,527","51,001","51,619","50,585","4.51M","1.03%"
"06/29/2016","51,002","50,009","51,229","50,009","4.09M","1.99%"
"06/28/2016","50,007","49,252","50,301","49,252","3.51M","1.55%"
"06/27/2016","49,246","50,106","50,162","48,954","3.33M","-1.71%"
"06/24/2016","50,105","51,561","51,561","49,544","4.27M","-2.82%"
"06/23/2016","51,560","50,161","51,673","50,161","3.26M","2.80%"
"06/22/2016","50,156","50,835","51,239","50,060","3.75M","-1.34%"
"06/21/2016","50,838","50,326","50,870","49,678","3.45M","1.01%"
"06/20/2016","50,329","49,539","50,782","49,539","3.59M","1.60%"
"06/17/2016","49,534","49,409","50,191","49,405","4.38M","0.25%"
"06/16/2016","49,412","48,901","49,412","48,067","4.01M","1.02%"
"06/15/2016","48,915","48,649","49,415","48,324","5.16M","0.55%"
"06/14/2016","48,648","49,662","49,894","48,216","4.01M","-2.04%"
"06/13/2016","49,661","49,419","49,764","48,804","2.71M","0.48%"
"06/10/2016","49,422","51,117","51,117","49,421","3.07M","-3.32%"
"06/09/2016","51,118","51,633","51,633","50,832","3.31M","-0.99%"
"06/08/2016","51,629","50,490","51,812","50,490","4.35M","2.26%"
"06/07/2016","50,488","50,432","50,641","50,005","3.05M","0.11%"
"06/06/2016","50,432","50,627","50,924","50,097","3.11M","-0.37%"
"06/03/2016","50,619","49,888","50,634","49,888","3.43M","1.47%"
"06/02/2016","49,887","49,008","49,906","48,781","3.63M","1.78%"
"06/01/2016","49,013","48,468","49,057","48,200","3.39M","1.12%"
"05/31/2016","48,472","48,963","49,269","48,292","5.80M","-1.00%"
"05/30/2016","48,964","49,051","49,203","48,799","1.21M","-0.18%"
"05/27/2016","49,051","49,481","49,805","48,869","2.80M","-0.87%"
"05/25/2016","49,483","49,347","50,357","49,347","3.58M","0.28%"
"05/24/2016","49,345","49,330","50,002","49,153","3.24M","0.03%"
"05/23/2016","49,330","49,709","49,709","48,695","3.52M","-0.79%"
"05/20/2016","49,723","50,133","50,822","49,723","3.36M","-0.82%"
"05/19/2016","50,133","50,556","50,556","49,588","4.03M","-0.85%"
"05/18/2016","50,562","50,836","51,373","50,301","4.20M","-0.54%"
"05/17/2016","50,839","51,795","51,946","50,689","3.99M","-1.86%"
"05/16/2016","51,803","51,803","52,305","51,585","3.64M","0.00%"
"05/13/2016","51,804","53,236","53,250","51,366","4.45M","-2.70%"
"05/12/2016","53,241","52,765","53,798","52,424","4.77M","0.90%"
"05/11/2016","52,764","53,072","53,976","52,736","4.48M","-0.58%"
"05/10/2016","53,071","50,994","53,071","50,994","4.21M","4.08%"
"05/09/2016","50,990","51,717","51,717","49,908","5.09M","-1.41%"
"05/06/2016","51,718","51,671","52,159","51,204","3.40M","0.09%"
"05/05/2016","51,671","52,569","53,071","51,311","3.65M","-1.68%"
"05/04/2016","52,553","52,253","52,672","51,931","4.40M","0.56%"
"05/03/2016","52,260","53,557","53,557","52,260","4.01M","-2.43%"
"05/02/2016","53,562","53,910","54,113","53,265","3.39M","-0.65%"
"04/29/2016","53,911","54,317","54,705","53,592","5.05M","-0.74%"
"04/28/2016","54,312","54,475","54,978","53,963","4.55M","-0.30%"
"04/27/2016","54,478","53,094","54,560","53,094","5.05M","2.63%"
"04/26/2016","53,083","51,867","53,108","51,838","3.87M","2.35%"
"04/25/2016","51,862","52,911","52,949","51,748","3.81M","-1.98%"
"04/22/2016","52,908","53,630","53,630","52,629","4.39M","-1.35%"
"04/20/2016","53,631","53,711","53,857","53,149","4.69M","-0.15%"
"04/19/2016","53,710","52,894","54,054","52,894","5.19M","1.54%"
"04/18/2016","52,894","53,229","53,479","52,305","4.53M","-0.63%"
"04/15/2016","53,228","52,414","53,390","52,414","5.20M","1.56%"
"04/14/2016","52,411","53,150","53,699","52,242","5.66M","-1.39%"
"04/13/2016","53,150","52,010","53,844","52,010","6.57M","2.21%"
"04/12/2016","52,002","50,166","52,327","50,166","5.31M","3.66%"
"04/11/2016","50,165","50,303","51,089","50,078","4.18M","-0.25%"
"04/08/2016","50,293","48,517","50,486","48,517","5.20M","3.67%"
"04/07/2016","48,513","48,099","48,940","48,099","3.15M","0.87%"
"04/06/2016","48,096","49,054","49,054","47,874","3.93M","-1.95%"
"04/05/2016","49,054","48,778","49,629","48,149","3.66M","0.56%"
"04/04/2016","48,780","50,556","50,556","48,600","3.67M","-3.52%"
"04/01/2016","50,562","50,054","50,768","49,361","4.01M","1.01%"
"03/31/2016","50,055","51,248","51,248","49,642","4.38M","-2.33%"
"03/30/2016","51,249","51,155","52,262","50,900","4.88M","0.18%"
"03/29/2016","51,155","50,839","51,765","50,387","4.45M","0.62%"
"03/28/2016","50,838","49,687","51,149","49,687","3.62M","2.38%"
"03/24/2016","49,657","49,686","49,686","48,778","3.80M","-0.07%"
"03/23/2016","49,690","51,005","51,005","49,491","3.75M","-2.59%"
"03/22/2016","51,010","51,170","51,215","50,812","4.02M","-0.32%"
"03/21/2016","51,172","50,816","51,370","50,765","3.82M","0.70%"
"03/18/2016","50,815","50,915","51,308","50,202","5.62M","-0.19%"
"03/17/2016","50,914","47,770","51,268","47,770","7.47M","6.60%"
"03/16/2016","47,763","47,130","47,814","46,521","5.27M","1.34%"
"03/15/2016","47,130","48,866","48,866","46,684","5.67M","-3.55%"
"03/14/2016","48,867","49,639","50,166","48,757","4.95M","-1.56%"
"03/11/2016","49,639","49,574","50,038","49,156","6.19M","0.14%"
"03/10/2016","49,571","48,667","49,974","47,922","7.70M","1.86%"
"03/09/2016","48,665","49,102","50,001","48,623","6.42M","-0.89%"
"03/08/2016","49,102","49,244","49,914","48,847","7.37M","-0.29%"
"03/07/2016","49,246","49,089","49,639","48,746","5.90M","0.33%"
"03/04/2016","49,085","47,194","50,024","47,194","10.60M","4.01%"
"03/03/2016","47,193","44,900","47,375","44,900","9.31M","5.12%"
"03/02/2016","44,893","44,122","44,983","43,841","5.16M","1.75%"
"03/01/2016","44,122","42,795","44,181","42,795","4.75M","3.10%"
"02/29/2016","42,794","41,599","43,053","41,599","4.61M","2.89%"
"02/26/2016","41,593","41,889","42,495","41,417","3.38M","-0.70%"
"02/25/2016","41,888","42,084","42,327","41,442","4.05M","-0.47%"
"02/24/2016","42,085","42,521","42,521","41,211","3.63M","-1.03%"
"02/23/2016","42,521","43,235","43,601","42,359","3.92M","-1.65%"
"02/22/2016","43,235","41,544","43,345","41,544","4.65M","4.07%"
"02/19/2016","41,543","41,477","41,828","41,071","3.40M","0.16%"
"02/18/2016","41,478","41,624","41,698","41,183","3.64M","-0.37%"
"02/17/2016","41,631","40,958","42,436","40,958","5.47M","1.67%"
"02/16/2016","40,948","40,093","41,206","40,074","4.04M","2.13%"
"02/15/2016","40,093","39,808","40,671","39,808","1.75M","0.72%"
"02/12/2016","39,808","39,324","39,901","39,324","3.43M","1.25%"
"02/11/2016","39,318","40,370","40,370","38,928","3.79M","-2.62%"
"02/10/2016","40,377","40,592","40,592","39,960","","-0.53%"
"02/05/2016","40,592","40,812","41,249","40,566","3.67M","-0.56%"
"02/04/2016","40,822","39,589","41,444","39,589","5.56M","3.11%"
"02/03/2016","39,589","38,597","39,726","38,597","4.37M","2.57%"
"02/02/2016","38,596","40,564","40,564","38,596","4.56M","-4.87%"
"02/01/2016","40,570","40,397","40,570","39,738","3.77M","0.41%"
"01/29/2016","40,406","38,635","40,406","38,635","5.65M","4.60%"
"01/28/2016","38,630","38,376","39,100","37,996","4.60M","0.66%"
"01/27/2016","38,376","37,501","38,766","37,402","4.79M","2.34%"
"01/26/2016","37,497","38,031","38,031","37,112","3.72M","-1.40%"
"01/22/2016","38,031","37,737","38,444","37,737","4.33M","0.83%"
"01/21/2016","37,717","37,647","38,079","37,495","3.89M","0.19%"
"01/20/2016","37,645","38,056","38,056","37,046","4.08M","-1.08%"
"01/19/2016","38,057","37,941","38,857","37,941","3.14M","0.32%"
"01/18/2016","37,937","38,572","38,633","37,937","2.23M","-1.64%"
"01/15/2016","38,569","39,494","39,494","37,986","4.20M","-2.36%"
"01/14/2016","39,500","38,944","39,502","38,459","3.99M","1.43%"
"01/13/2016","38,944","39,518","40,050","38,822","3.68M","-1.44%"
"01/12/2016","39,514","39,955","40,261","39,426","3.49M","-1.09%"
"01/11/2016","39,950","40,612","40,974","39,924","3.18M","-1.63%"
"01/08/2016","40,612","40,695","41,218","40,463","3.32M","-0.20%"
"01/07/2016","40,695","41,772","41,772","40,695","4.16M","-2.58%"
"01/06/2016","41,773","42,410","42,410","41,590","4.06M","-1.52%"
"01/05/2016","42,419","42,139","42,534","42,137","2.64M","0.66%"
"01/04/2016","42,141","43,349","43,349","42,125","3.07M","-2.79%"
"12/30/2015","43,350","43,653","43,662","43,217","2.76M","-0.70%"
"12/29/2015","43,654","43,781","44,042","43,523","1.73M","-0.25%"
"12/28/2015","43,764","44,016","44,087","43,709","1.85M","-0.57%"
"12/23/2015","44,015","43,479","44,233","43,479","2.58M","1.25%"
"12/22/2015","43,470","43,208","43,632","43,137","2.66M","0.63%"
"12/21/2015","43,200","43,912","44,223","43,196","3.56M","-1.62%"
"12/18/2015","43,911","45,249","45,249","43,690","4.71M","-2.98%"
"12/17/2015","45,261","45,016","46,251","45,016","3.12M","0.54%"
"12/16/2015","45,016","44,868","45,099","44,095","3.43M","0.32%"
"12/15/2015","44,872","44,748","45,423","44,748","2.64M","0.28%"
"12/14/2015","44,747","45,258","45,258","44,531","2.56M","-1.14%"
"12/11/2015","45,263","45,630","45,981","45,068","3.38M","-0.81%"
"12/10/2015","45,631","46,084","46,323","45,351","3.75M","-1.03%"
"12/09/2015","46,108","44,444","46,438","44,444","4.58M","3.75%"
"12/08/2015","44,443","45,223","45,233","44,232","3.30M","-1.72%"
"12/07/2015","45,223","45,361","46,157","45,217","2.94M","-0.30%"
"12/04/2015","45,361","46,385","46,385","45,023","3.63M","-2.22%"
"12/03/2015","46,393","44,923","47,142","44,923","4.56M","3.29%"
"12/02/2015","44,915","45,046","45,338","44,579","4.31M","-0.29%"
"12/01/2015","45,047","45,121","45,482","44,775","4.31M","-0.16%"
"11/30/2015","45,120","45,871","45,931","45,106","7.39M","-1.64%"
"11/27/2015","45,873","47,144","47,144","45,812","3.13M","-2.70%"
"11/26/2015","47,146","46,867","47,199","46,867","2.36M","0.60%"
"11/25/2015","46,867","48,270","48,270","46,742","4.10M","-2.93%"
"11/24/2015","48,284","48,143","48,320","47,442","3.55M","0.28%"
"11/23/2015","48,150","48,138","48,745","47,988","3.38M","0.02%"
"11/19/2015","48,139","47,437","48,227","47,437","4.19M","1.48%"
"11/18/2015","47,436","47,241","47,951","47,241","4.09M","0.40%"
"11/17/2015","47,248","46,848","47,698","46,848","3.45M","0.86%"
"11/16/2015","46,847","46,519","46,905","46,399","3.24M","0.71%"
"11/13/2015","46,517","46,884","46,884","46,311","3.63M","-0.78%"
"11/12/2015","46,884","47,065","47,460","46,696","3.25M","-0.38%"
"11/11/2015","47,065","46,207","47,231","46,207","3.17M","1.86%"
"11/10/2015","46,207","46,195","46,207","45,397","2.48M","0.03%"
"11/09/2015","46,195","46,915","47,001","46,057","2.35M","-1.54%"
"11/06/2015","46,919","48,046","48,046","46,397","3.19M","-2.35%"
"11/05/2015","48,047","47,712","48,061","47,430","3.19M","0.71%"
"11/04/2015","47,710","48,059","49,054","47,441","3.74M","-0.72%"
"11/03/2015","48,054","45,869","48,054","45,866","4.75M","4.76%"
"10/30/2015","45,869","45,628","45,975","45,401","3.33M","0.53%"
"10/29/2015","45,628","46,740","46,740","45,628","3.18M","-2.38%"
"10/28/2015","46,741","47,038","47,441","46,388","4.09M","-0.64%"
"10/27/2015","47,043","47,205","47,338","46,742","3.44M","-0.35%"
"10/26/2015","47,209","47,607","47,875","47,105","2.53M","-0.82%"
"10/23/2015","47,597","47,774","48,837","47,502","3.59M","-0.37%"
"10/22/2015","47,772","47,027","47,909","47,027","3.22M","1.59%"
"10/21/2015","47,026","47,077","47,274","46,654","3.05M","-0.11%"
"10/20/2015","47,077","47,447","47,728","46,623","3.40M","-0.78%"
"10/19/2015","47,447","47,242","47,536","46,917","3.13M","0.45%"
"10/16/2015","47,236","47,161","47,727","46,517","3.65M","0.16%"
"10/15/2015","47,161","46,730","47,188","46,321","3.65M","0.97%"
"10/14/2015","46,710","47,349","47,715","46,701","6.14M","-1.38%"
"10/13/2015","47,363","49,339","49,339","47,135","4.35M","-4.00%"
"10/09/2015","49,338","49,105","49,752","48,698","4.69M","0.47%"
"10/08/2015","49,107","48,915","49,247","48,658","3.70M","0.39%"
"10/07/2015","48,914","47,735","49,290","47,715","6.25M","2.47%"
"10/06/2015","47,735","47,598","48,092","47,389","3.37M","0.29%"
"10/05/2015","47,598","47,033","48,081","47,019","3.32M","1.20%"
"10/02/2015","47,033","45,313","47,033","44,973","4.13M","3.80%"
"10/01/2015","45,313","45,064","45,547","44,789","3.89M","0.56%"
"09/30/2015","45,059","44,132","45,294","44,132","4.98M","2.10%"
"09/29/2015","44,132","43,956","44,531","43,956","3.05M","0.40%"
"09/28/2015","43,957","44,832","44,832","43,767","2.86M","-1.95%"
"09/25/2015","44,831","45,300","45,969","44,697","3.23M","-1.02%"
"09/24/2015","45,292","45,340","45,572","44,183","4.47M","-0.11%"
"09/23/2015","45,340","46,263","46,480","45,340","4.08M","-2.00%"
"09/22/2015","46,265","46,585","46,585","45,276","4.32M","-0.70%"
"09/21/2015","46,590","47,263","47,391","46,425","2.68M","-1.43%"
"09/18/2015","47,264","48,550","48,550","46,928","4.52M","-2.65%"
"09/17/2015","48,551","48,553","49,396","48,082","4.31M","0.00%"
"09/16/2015","48,553","47,364","48,681","47,364","4.45M","2.51%"
"09/15/2015","47,364","47,281","47,689","46,746","3.67M","0.17%"
"09/14/2015","47,282","46,400","47,386","46,218","3.69M","1.90%"
"09/11/2015","46,401","46,509","46,558","46,176","3.62M","-0.22%"
"09/10/2015","46,504","46,656","46,819","45,592","4.62M","-0.33%"
"09/09/2015","46,657","46,762","47,840","46,614","3.81M","-0.22%"
"09/08/2015","46,762","46,501","47,243","46,497","2.94M","0.57%"
"09/04/2015","46,498","47,366","47,377","46,320","4.30M","-1.83%"
"09/03/2015","47,366","46,468","47,532","46,279","4.23M","1.94%"
"09/02/2015","46,464","45,484","46,474","45,445","3.86M","2.17%"
"09/01/2015","45,477","46,625","46,625","45,278","3.78M","-2.46%"
"08/31/2015","46,626","47,151","47,151","45,570","4.95M","-1.12%"
"08/28/2015","47,154","47,697","47,872","46,847","3.90M","-1.18%"
"08/27/2015","47,715","46,038","47,997","46,038","4.38M","3.64%"
"08/26/2015","46,038","44,546","46,039","44,540","3.86M","3.35%"
"08/25/2015","44,545","44,338","45,588","44,338","3.84M","0.47%"
"08/24/2015","44,336","45,715","45,715","42,749","4.87M","-3.03%"
"08/21/2015","45,720","46,649","46,649","45,677","2.96M","-1.99%"
"08/20/2015","46,649","46,588","46,781","46,030","3.04M","0.13%"
"08/19/2015","46,588","47,451","47,451","45,977","3.34M","-1.82%"
"08/18/2015","47,451","47,220","48,084","46,676","3.65M","0.50%"
"08/17/2015","47,217","47,509","47,788","47,217","2.49M","-0.61%"
"08/14/2015","47,508","48,010","48,186","47,508","2.97M","-1.05%"
"08/13/2015","48,010","48,390","48,606","47,722","3.29M","-0.78%"
"08/12/2015","48,388","49,064","49,064","48,028","4.37M","-1.39%"
"08/11/2015","49,072","49,340","49,340","48,306","3.29M","-0.57%"
"08/10/2015","49,353","48,578","49,512","48,578","2.93M","1.60%"
"08/07/2015","48,577","50,013","50,013","48,512","3.32M","-2.87%"
"08/06/2015","50,011","50,280","50,534","49,624","3.75M","-0.55%"
"08/05/2015","50,287","50,067","50,853","50,067","2.75M","0.46%"
"08/04/2015","50,058","50,138","50,574","49,827","2.75M","-0.16%"
"08/03/2015","50,138","50,867","50,867","50,054","2.69M","-1.43%"
"07/31/2015","50,865","49,897","50,895","49,892","3.14M","1.94%"
"07/30/2015","49,897","50,245","50,645","49,612","3.26M","-0.69%"
"07/29/2015","50,245","49,602","50,333","49,422","3.75M","1.30%"
"07/28/2015","49,602","48,740","49,871","48,740","4.14M","1.78%"
"07/27/2015","48,736","49,246","49,298","48,640","3.49M","-1.04%"
"07/24/2015","49,246","49,804","49,831","48,624","3.74M","-1.13%"
"07/23/2015","49,807","50,916","51,063","49,668","4.31M","-2.18%"
"07/22/2015","50,916","51,474","51,474","50,592","3.22M","-1.08%"
"07/21/2015","51,474","51,603","51,998","51,244","3.03M","-0.24%"
"07/20/2015","51,600","52,341","52,424","51,525","2.72M","-1.42%"
"07/17/2015","52,342","53,070","53,310","52,221","2.52M","-1.37%"
"07/16/2015","53,070","52,902","53,417","52,714","2.14M","0.32%"
"07/15/2015","52,902","53,239","53,334","52,790","2.61M","-0.63%"
"07/14/2015","53,239","53,119","53,416","52,653","2.74M","0.23%"
"07/13/2015","53,119","52,591","53,164","52,591","2.69M","1.00%"
"07/10/2015","52,591","51,782","52,786","51,782","2.76M","1.56%"
"07/08/2015","51,782","52,343","52,468","51,574","2.97M","-1.07%"
"07/07/2015","52,344","52,149","52,388","51,130","3.65M","0.37%"
"07/06/2015","52,149","52,510","52,679","51,683","2.65M","-0.70%"
"07/03/2015","52,519","53,106","53,106","52,370","1.54M","-1.11%"
"07/02/2015","53,106","52,758","53,357","52,758","3.09M","0.66%"
"07/01/2015","52,758","53,081","53,456","52,603","2.80M","-0.61%"
"06/30/2015","53,081","53,014","53,345","52,812","3.11M","0.13%"
"06/29/2015","53,014","54,013","54,013","52,647","2.63M","-1.86%"
"06/26/2015","54,017","53,181","54,076","53,151","2.79M","1.58%"
"06/25/2015","53,176","53,840","53,840","52,879","3.33M","-1.24%"
"06/24/2015","53,843","53,772","54,236","53,628","2.82M","0.13%"
"06/23/2015","53,772","53,865","54,361","53,772","2.71M","-0.17%"
"06/22/2015","53,864","53,750","54,342","53,655","2.43M","0.21%"
"06/19/2015","53,749","54,236","54,236","53,479","2.95M","-0.90%"
"06/18/2015","54,239","53,251","54,352","53,214","2.75M","1.86%"
"06/17/2015","53,249","53,698","53,755","52,965","3.09M","-0.84%"
"06/16/2015","53,702","53,144","53,969","53,107","3.38M","1.06%"
"06/15/2015","53,138","53,338","53,338","52,548","2.69M","-0.39%"
"06/12/2015","53,348","53,689","53,689","53,033","2.45M","-0.64%"
"06/11/2015","53,689","53,876","54,271","53,444","3.19M","-0.35%"
"06/10/2015","53,876","52,817","54,102","52,817","3.70M","2.01%"
"06/09/2015","52,816","52,810","53,292","52,688","3.79M","0.01%"
"06/08/2015","52,810","52,975","53,325","52,810","2.66M","-0.31%"
"06/05/2015","52,973","53,518","53,518","52,808","2.81M","-1.03%"
"06/03/2015","53,523","54,254","54,254","53,462","3.42M","-1.31%"
"06/02/2015","54,236","53,035","54,236","53,035","3.58M","2.27%"
"06/01/2015","53,031","52,753","53,233","52,666","2.76M","0.51%"
"05/29/2015","52,760","53,974","53,974","52,760","5.73M","-2.25%"
"05/28/2015","53,976","54,230","54,230","53,363","3.00M","-0.48%"
"05/27/2015","54,236","53,631","54,293","53,136","3.58M","1.13%"
"05/26/2015","53,630","54,609","54,609","53,548","3.43M","-1.79%"
"05/25/2015","54,609","54,378","54,868","53,972","1.65M","0.43%"
"05/22/2015","54,377","55,112","55,223","54,038","3.80M","-1.33%"
"05/21/2015","55,112","54,900","55,112","54,526","3.41M","0.38%"
"05/20/2015","54,901","55,497","55,645","54,820","3.38M","-1.08%"
"05/19/2015","55,499","56,204","56,212","55,027","3.32M","-1.25%"
"05/18/2015","56,204","57,250","57,606","55,926","3.90M","-1.83%"
"05/15/2015","57,249","56,656","57,288","56,422","2.98M","1.04%"
"05/14/2015","56,657","56,376","56,921","56,105","3.31M","0.51%"
"05/13/2015","56,372","56,790","56,900","56,199","3.17M","-0.74%"
"05/12/2015","56,792","57,193","57,424","56,753","3.18M","-0.71%"
"05/11/2015","57,197","57,166","57,490","57,013","3.06M","0.08%"
"05/08/2015","57,149","56,965","57,621","56,595","3.41M","0.40%"
"05/07/2015","56,921","57,103","57,290","56,507","3.07M","-0.32%"
"05/06/2015","57,103","58,050","58,575","56,820","4.60M","-1.63%"
"05/05/2015","58,052","57,350","58,147","57,096","3.90M","1.22%"
"05/04/2015","57,354","56,230","57,520","56,230","3.49M","2.00%"
"04/30/2015","56,229","55,312","56,229","55,080","4.95M","1.63%"
"04/29/2015","55,325","55,809","55,809","55,067","3.89M","-0.87%"
"04/28/2015","55,812","55,549","56,018","54,973","4.08M","0.50%"
"04/27/2015","55,534","56,554","56,962","55,515","3.85M","-1.87%"
"04/24/2015","56,594","55,687","56,965","55,687","4.98M","1.63%"
"04/23/2015","55,685","54,616","55,782","54,064","5.54M","1.96%"
"04/22/2015","54,617","53,762","54,848","53,762","3.70M","1.59%"
"04/20/2015","53,761","53,965","54,385","53,510","2.69M","-0.36%"
"04/17/2015","53,955","54,672","54,672","53,896","3.54M","-1.32%"
"04/16/2015","54,674","54,919","54,919","54,316","4.13M","-0.45%"
"04/15/2015","54,919","54,037","54,960","54,037","4.07M","1.74%"
"04/14/2015","53,982","54,240","54,625","53,773","3.75M","-0.48%"
"04/13/2015","54,240","54,214","54,866","54,004","3.66M","0.05%"
"04/10/2015","54,214","53,803","54,413","53,556","3.68M","0.76%"
"04/09/2015","53,803","53,638","54,002","53,292","4.34M","0.26%"
"04/08/2015","53,661","53,732","54,458","53,508","4.78M","-0.13%"
"04/07/2015","53,729","53,738","54,002","53,436","3.49M","-0.01%"
"04/06/2015","53,737","53,124","54,146","53,122","3.32M","1.16%"
"04/02/2015","53,123","52,322","53,312","52,322","4.27M","1.53%"
"04/01/2015","52,322","51,186","52,613","51,186","4.41M","2.29%"
"03/31/2015","51,150","51,243","51,466","50,612","3.51M","-0.18%"
"03/30/2015","51,243","50,100","51,265","50,100","2.80M","2.29%"
"03/27/2015","50,095","50,575","50,575","49,909","3.93M","-0.96%"
"03/26/2015","50,580","51,835","51,835","50,528","3.64M","-2.46%"
"03/25/2015","51,858","51,507","52,319","51,507","4.77M","0.68%"
"03/24/2015","51,506","51,908","52,223","51,006","3.44M","-0.77%"
"03/23/2015","51,908","51,970","52,178","51,516","3.40M","-0.11%"
"03/20/2015","51,967","50,964","52,286","50,964","4.92M","1.99%"
"03/19/2015","50,954","51,530","51,547","50,791","3.26M","-1.11%"
"03/18/2015","51,526","50,284","51,773","49,788","4.46M","2.47%"
"03/17/2015","50,285","48,849","50,384","48,841","4.01M","2.94%"
"03/16/2015","48,848","48,602","49,205","48,394","3.16M","0.52%"
"03/13/2015","48,596","48,858","48,858","47,905","4.48M","-0.58%"
"03/12/2015","48,880","48,908","49,633","48,684","3.83M","-0.05%"
"03/11/2015","48,906","48,309","48,937","48,309","3.84M","1.27%"
"03/10/2015","48,293","49,177","49,177","48,293","4.43M","-1.81%"
"03/09/2015","49,181","49,978","49,978","48,952","3.30M","-1.60%"
"03/06/2015","49,981","50,355","50,401","49,779","2.79M","-0.76%"
"03/05/2015","50,365","50,472","50,734","50,114","2.73M","-0.20%"
"03/04/2015","50,468","51,303","51,303","50,399","3.65M","-1.63%"
"03/03/2015","51,304","51,021","51,432","50,995","2.75M","0.55%"
"03/02/2015","51,021","51,580","51,580","50,775","2.79M","-1.09%"
"02/27/2015","51,583","51,760","52,457","51,474","4.18M","-0.34%"
"02/26/2015","51,761","51,812","51,922","51,181","3.24M","-0.10%"
"02/25/2015","51,811","51,863","51,863","51,051","3.48M","-0.12%"
"02/24/2015","51,874","51,288","51,956","51,049","3.00M","1.16%"
"02/23/2015","51,281","51,238","51,690","50,861","2.82M","0.08%"
"02/20/2015","51,238","51,301","51,450","50,711","2.21M","-0.11%"
"02/19/2015","51,294","51,281","51,638","50,870","2.49M","0.03%"
"02/18/2015","51,280","50,639","51,868","50,639","2.94M","1.27%"
"02/13/2015","50,636","49,546","50,726","49,476","3.89M","2.23%"
"02/12/2015","49,533","48,240","49,690","48,240","3.83M","2.68%"
"02/11/2015","48,240","48,508","48,762","47,841","4.31M","-0.56%"
"02/10/2015","48,510","49,359","49,799","48,510","3.80M","-1.77%"
"02/09/2015","49,383","48,792","49,522","48,416","3.66M","1.21%"
"02/06/2015","48,792","49,231","49,231","48,209","4.59M","-0.90%"
"02/05/2015","49,234","49,299","49,816","49,020","4.00M","-0.14%"
"02/04/2015","49,301","48,965","49,718","48,214","4.81M","0.69%"
"02/03/2015","48,964","47,664","48,993","47,664","4.82M","2.76%"
"02/02/2015","47,651","46,933","47,684","46,760","3.25M","1.58%"
"01/30/2015","46,908","47,759","47,759","46,484","4.85M","-1.79%"
"01/29/2015","47,762","47,696","47,894","47,007","4.41M","0.14%"
"01/28/2015","47,695","48,589","48,589","47,550","4.24M","-1.84%"
"01/27/2015","48,591","48,577","48,864","47,352","3.89M","0.03%"
"01/26/2015","48,577","48,712","48,712","48,004","2.77M","-0.41%"
"01/23/2015","48,775","49,432","49,523","48,496","3.08M","-1.35%"
"01/22/2015","49,443","49,227","50,281","49,227","4.95M","0.44%"
"01/21/2015","49,224","47,888","49,329","47,888","3.56M","2.81%"
"01/20/2015","47,877","47,759","48,687","47,619","2.90M","0.25%"
"01/19/2015","47,758","49,009","49,009","47,503","2.10M","-2.57%"
"01/16/2015","49,017","48,028","49,264","48,028","3.34M","2.06%"
"01/15/2015","48,026","47,648","48,853","47,648","4.46M","0.80%"
"01/14/2015","47,646","48,038","48,281","47,372","3.70M","-0.82%"
"01/13/2015","48,042","48,144","48,939","48,042","3.88M","-0.20%"
"01/12/2015","48,140","48,840","48,840","47,956","3.25M","-1.43%"
"01/09/2015","48,840","49,955","49,955","48,501","3.00M","-2.21%"
"01/08/2015","49,943","49,463","50,261","49,017","3.62M","0.97%"
"01/07/2015","49,463","48,006","49,882","48,006","4.41M","3.05%"
"01/06/2015","48,001","47,517","48,061","47,338","4.56M","1.02%"
"01/05/2015","47,517","48,512","48,512","47,264","3.87M","-2.05%"
"01/02/2015","48,512","50,004","50,004","48,345","2.88M","-2.99%"
"12/30/2014","50,007","50,601","50,841","49,993","2.93M","-1.16%"
"12/29/2014","50,594","50,145","50,903","50,008","1.85M","0.90%"
"12/26/2014","50,145","50,891","50,973","49,914","1.91M","-1.46%"
"12/23/2014","50,890","50,121","50,890","49,815","2.67M","1.53%"
"12/22/2014","50,121","49,651","50,121","49,105","2.68M","0.95%"
"12/19/2014","49,651","48,492","49,658","48,435","3.62M","2.38%"
"12/18/2014","48,496","48,714","49,565","48,296","4.24M","-0.45%"
"12/17/2014","48,714","47,008","49,258","47,008","6.21M","3.63%"
"12/16/2014","47,008","47,016","47,595","45,853","5.34M","-0.02%"
"12/15/2014","47,019","48,002","48,401","46,410","4.69M","-2.05%"
"12/12/2014","48,002","49,861","49,861","47,973","3.76M","-3.73%"
"12/11/2014","49,862","49,549","49,946","48,809","3.83M","0.63%"
"12/10/2014","49,548","50,192","50,192","49,297","3.17M","-1.29%"
"12/09/2014","50,193","50,251","50,260","49,396","3.85M","-0.16%"
"12/08/2014","50,274","51,993","51,993","50,016","3.30M","-3.31%"
"12/05/2014","51,993","51,427","52,024","51,164","2.53M","1.10%"
"12/04/2014","51,427","52,320","52,539","51,074","2.91M","-1.71%"
"12/03/2014","52,320","51,611","52,471","51,611","2.72M","1.37%"
"12/02/2014","51,612","52,278","52,640","51,471","3.30M","-1.27%"
"12/01/2014","52,277","54,719","54,719","52,156","4.31M","-4.47%"
"11/28/2014","54,724","54,731","55,436","54,664","2.64M","0.01%"
"11/27/2014","54,721","55,100","56,065","54,593","2.29M","-0.68%"
"11/26/2014","55,098","55,561","56,100","54,977","3.03M","-0.83%"
"11/25/2014","55,561","55,410","56,387","55,204","5.03M","0.28%"
"11/24/2014","55,407","56,086","57,359","55,292","4.59M","-1.21%"
"11/21/2014","56,084","53,403","56,214","53,403","6.03M","5.02%"
"11/19/2014","53,403","52,062","53,403","52,032","4.25M","2.58%"
"11/18/2014","52,062","51,257","52,122","51,067","3.64M","1.57%"
"11/17/2014","51,257","51,772","52,223","51,047","2.82M","-0.99%"
"11/14/2014","51,772","51,834","51,900","50,886","3.79M","-0.14%"
"11/13/2014","51,846","52,979","53,323","51,846","3.03M","-2.14%"
"11/12/2014","52,979","52,473","53,435","52,187","3.20M","0.96%"
"11/11/2014","52,474","52,718","52,718","52,003","2.68M","-0.48%"
"11/10/2014","52,725","53,223","53,830","52,716","2.97M","-0.94%"
"11/07/2014","53,223","52,637","53,483","52,197","3.59M","1.11%"
"11/06/2014","52,637","53,697","53,697","52,418","3.69M","-1.98%"
"11/05/2014","53,698","54,384","54,384","53,589","2.90M","-1.26%"
"11/04/2014","54,384","53,947","54,384","53,432","3.53M","0.81%"
"11/03/2014","53,947","54,629","54,629","53,054","3.67M","-1.25%"
"10/31/2014","54,629","52,338","54,629","52,335","5.35M","4.38%"
"10/30/2014","52,337","51,049","52,574","51,049","4.30M","2.52%"
"10/29/2014","51,049","52,330","52,330","51,049","4.92M","-2.45%"
"10/28/2014","52,330","50,504","52,374","50,503","5.76M","3.62%"
"10/27/2014","50,504","51,937","51,937","48,722","8.00M","-2.77%"
"10/24/2014","51,941","50,687","53,146","50,596","5.85M","2.42%"
"10/23/2014","50,713","52,409","52,409","50,654","6.35M","-3.24%"
"10/22/2014","52,411","52,427","53,229","52,064","3.76M","-0.04%"
"10/21/2014","52,432","54,300","54,300","51,922","6.58M","-3.45%"
"10/20/2014","54,303","55,720","55,720","54,300","3.87M","-2.55%"
"10/17/2014","55,724","54,298","55,949","54,298","4.41M","2.63%"
"10/16/2014","54,298","56,124","56,124","54,132","5.43M","-3.27%"
"10/15/2014","56,135","58,012","58,012","54,919","5.67M","-3.24%"
"10/14/2014","58,015","57,946","58,856","57,258","3.90M","0.10%"
"10/13/2014","57,957","55,313","58,747","55,313","4.54M","4.78%"
"10/10/2014","55,312","57,266","57,266","55,312","3.64M","-3.42%"
"10/09/2014","57,268","57,079","58,246","57,077","4.50M","0.37%"
"10/08/2014","57,058","57,440","58,191","56,199","4.81M","-0.66%"
"10/07/2014","57,436","57,124","58,318","57,124","4.87M","0.56%"
"10/06/2014","57,116","54,542","58,897","54,542","6.71M","4.72%"
"10/03/2014","54,540","53,519","54,540","53,368","3.71M","1.91%"
"10/02/2014","53,519","52,859","54,022","52,480","3.99M","1.25%"
"10/01/2014","52,858","54,115","54,115","52,647","4.92M","-2.32%"
"09/30/2014","54,116","54,626","54,626","53,536","5.22M","-0.93%"
"09/29/2014","54,625","57,211","57,211","54,124","5.19M","-4.52%"
"09/26/2014","57,212","55,965","57,489","55,946","2.98M","2.23%"
"09/25/2014","55,962","56,822","56,822","55,876","2.85M","-1.52%"
"09/24/2014","56,824","56,539","57,131","55,934","2.85M","0.50%"
"09/23/2014","56,540","56,818","57,332","56,086","3.32M","-0.49%"
"09/22/2014","56,818","57,788","57,788","55,974","3.81M","-1.68%"
"09/19/2014","57,789","58,356","58,516","57,514","3.46M","-1.00%"
"09/18/2014","58,374","59,108","59,267","58,118","3.85M","-1.24%"
"09/17/2014","59,108","59,115","60,025","59,096","3.53M","-0.01%"
"09/16/2014","59,115","57,949","60,243","57,946","4.88M","2.01%"
"09/15/2014","57,949","56,930","57,949","56,852","2.90M","1.79%"
"09/12/2014","56,928","58,336","58,336","56,666","4.62M","-2.42%"
"09/11/2014","58,337","58,202","58,809","58,112","2.89M","0.24%"
"09/10/2014","58,199","58,675","58,675","57,450","3.81M","-0.81%"
"09/09/2014","58,676","59,158","59,485","58,306","4.46M","-0.87%"
"09/08/2014","59,193","60,708","61,513","59,191","4.39M","-2.45%"
"09/05/2014","60,682","60,800","61,030","60,244","3.81M","-0.19%"
"09/04/2014","60,800","61,836","61,836","60,739","4.01M","-1.68%"
"09/03/2014","61,837","61,900","62,305","61,199","4.16M","-0.10%"
"09/02/2014","61,896","61,142","62,231","60,930","4.00M","1.23%"
"09/01/2014","61,141","61,294","62,279","61,141","2.77M","-0.24%"
"08/29/2014","61,288","60,291","61,443","60,273","4.94M","1.65%"
"08/28/2014","60,291","60,945","60,980","60,189","4.46M","-1.08%"
"08/27/2014","60,951","59,822","61,247","59,822","5.39M","1.89%"
"08/26/2014","59,821","59,735","60,093","59,522","4.01M","0.14%"
"08/25/2014","59,735","58,408","59,743","58,408","2.88M","2.27%"
"08/22/2014","58,407","58,992","58,992","58,164","2.33M","-0.99%"
"08/21/2014","58,992","58,878","59,207","58,558","3.32M","0.19%"
"08/20/2014","58,878","58,450","59,010","58,320","3.30M","0.73%"
"08/19/2014","58,449","57,561","58,475","57,371","3.48M","1.54%"
"08/18/2014","57,561","56,968","57,665","56,968","3.27M","1.05%"
"08/15/2014","56,964","55,783","56,965","55,783","3.44M","2.12%"
"08/14/2014","55,780","55,558","55,947","55,437","3.05M","0.36%"
"08/13/2014","55,581","56,454","56,736","55,239","4.81M","-1.53%"
"08/12/2014","56,442","56,613","56,811","56,312","2.15M","-0.30%"
"08/11/2014","56,613","55,578","56,657","55,578","2.67M","1.87%"
"08/08/2014","55,573","56,187","56,187","55,319","3.02M","-1.09%"
"08/07/2014","56,188","56,487","56,923","55,985","3.05M","-0.53%"
"08/06/2014","56,487","56,202","56,797","55,696","4.01M","0.51%"
"08/05/2014","56,202","56,621","56,937","56,064","3.75M","-0.73%"
"08/04/2014","56,616","55,906","56,620","55,586","2.20M","1.28%"
"08/01/2014","55,903","55,827","56,059","55,267","3.23M","0.13%"
"07/31/2014","55,829","56,878","56,878","55,502","3.49M","-1.84%"
"07/30/2014","56,878","57,119","57,439","56,706","2.45M","-0.42%"
"07/29/2014","57,119","57,697","58,013","57,083","2.70M","-1.00%"
"07/28/2014","57,696","57,823","58,040","57,415","2.37M","-0.22%"
"07/25/2014","57,821","57,978","58,069","57,648","2.42M","-0.27%"
"07/24/2014","57,978","57,420","58,122","57,357","3.04M","0.97%"
"07/23/2014","57,420","57,983","57,983","57,142","2.74M","-0.97%"
"07/22/2014","57,983","57,636","58,138","57,500","3.01M","0.61%"
"07/21/2014","57,634","57,014","57,756","56,864","3.03M","1.09%"
"07/18/2014","57,013","55,639","57,484","55,639","5.30M","2.47%"
"07/17/2014","55,638","55,712","56,190","55,237","3.98M","-0.14%"
"07/16/2014","55,717","55,973","56,332","55,573","4.09M","-0.46%"
"07/15/2014","55,974","55,742","56,107","55,629","3.22M","0.41%"
"07/14/2014","55,744","54,786","55,896","54,786","4.17M","1.75%"
"07/11/2014","54,786","54,593","54,952","54,320","3.38M","0.35%"
"07/10/2014","54,593","53,643","54,600","53,643","4.72M","1.79%"
"07/08/2014","53,635","53,814","53,905","53,459","1.85M","-0.31%"
"07/07/2014","53,802","54,042","54,042","53,376","2.19M","-0.47%"
"07/04/2014","54,056","53,893","54,087","53,704","753.84K","0.34%"
"07/03/2014","53,875","53,029","53,877","52,760","3.30M","1.60%"
"07/02/2014","53,029","53,171","53,245","52,735","3.16M","-0.27%"
"07/01/2014","53,171","53,170","53,698","52,887","2.69M","0.01%"
"06/30/2014","53,168","53,158","53,311","52,709","2.45M","0.02%"
"06/27/2014","53,157","53,507","53,614","52,919","2.37M","-0.65%"
"06/26/2014","53,507","53,427","53,790","53,331","2.24M","0.15%"
"06/25/2014","53,426","54,281","54,393","53,363","2.95M","-1.58%"
"06/24/2014","54,281","54,194","55,002","54,094","3.12M","0.13%"
"06/23/2014","54,210","54,637","54,724","54,097","1.40M","-0.78%"
"06/20/2014","54,638","55,192","55,192","54,540","2.35M","-1.02%"
"06/18/2014","55,203","54,301","55,203","54,046","3.27M","1.66%"
"06/17/2014","54,300","54,630","54,638","54,150","1.59M","-0.60%"
"06/16/2014","54,630","54,807","54,855","54,475","2.64M","-0.32%"
"06/13/2014","54,807","55,102","55,104","54,649","2.66M","-0.54%"
"06/11/2014","55,102","54,676","55,284","54,676","3.80M","0.91%"
"06/10/2014","54,604","54,273","54,604","53,960","3.73M","0.61%"
"06/09/2014","54,273","53,129","54,462","53,091","3.66M","2.15%"
"06/06/2014","53,129","51,562","53,175","51,562","4.30M","3.05%"
"06/05/2014","51,559","51,833","52,245","51,470","2.89M","-0.53%"
"06/04/2014","51,833","52,032","52,032","51,609","2.57M","-0.38%"
"06/03/2014","52,032","51,606","52,032","51,377","2.86M","0.83%"
"06/02/2014","51,606","51,239","51,879","51,239","2.60M","0.72%"
"05/30/2014","51,239","52,233","52,233","51,239","4.53M","-1.91%"
"05/29/2014","52,239","52,649","52,889","52,031","2.39M","-0.76%"
"05/28/2014","52,640","52,174","52,858","52,009","2.84M","0.89%"
"05/27/2014","52,174","52,932","53,309","52,079","2.89M","-1.43%"
"05/26/2014","52,933","52,650","53,044","52,650","1.19M","0.58%"
"05/23/2014","52,626","52,807","52,936","52,403","2.46M","-0.34%"
"05/22/2014","52,806","52,206","52,851","52,133","2.94M","1.16%"
"05/21/2014","52,203","52,366","52,875","52,203","3.25M","-0.31%"
"05/20/2014","52,366","53,353","53,843","52,313","3.95M","-1.85%"
"05/19/2014","53,353","53,976","53,991","53,267","3.09M","-1.15%"
"05/16/2014","53,976","53,856","54,382","53,709","3.54M","0.22%"
"05/15/2014","53,856","54,404","54,404","53,565","3.44M","-1.02%"
"05/14/2014","54,413","53,913","54,459","53,867","2.88M","0.94%"
"05/13/2014","53,907","54,056","54,243","53,731","2.96M","-0.27%"
"05/12/2014","54,053","53,103","54,053","53,103","2.74M","1.79%"
"05/09/2014","53,100","53,422","53,639","53,057","3.18M","-0.60%"
"05/08/2014","53,422","54,053","54,249","53,222","3.34M","-1.17%"
"05/07/2014","54,053","53,786","54,226","53,499","4.57M","0.51%"
"05/06/2014","53,780","53,446","53,986","53,094","4.97M","0.62%"
"05/05/2014","53,446","52,989","53,506","52,931","4.44M","0.88%"
"05/02/2014","52,980","51,630","53,060","51,628","8.11M","2.62%"
"04/30/2014","51,627","51,838","51,838","51,251","4.62M","-0.41%"
"04/29/2014","51,839","51,386","52,416","51,386","4.33M","0.89%"
"04/28/2014","51,384","51,397","51,471","50,777","2.71M","-0.03%"
"04/25/2014","51,399","51,817","51,817","51,019","2.95M","-0.81%"
"04/24/2014","51,817","51,570","51,963","51,238","3.19M","0.48%"
"04/23/2014","51,570","51,975","51,975","51,400","2.84M","-0.78%"
"04/22/2014","51,977","52,112","52,460","51,682","3.49M","-0.26%"
"04/17/2014","52,112","51,201","52,338","50,887","3.02M","1.78%"
"04/16/2014","51,201","50,469","51,288","50,469","3.43M","1.48%"
"04/15/2014","50,454","51,593","51,593","49,890","3.86M","-2.22%"
"04/14/2014","51,597","51,867","52,110","51,361","2.69M","-0.52%"
"04/11/2014","51,867","51,127","51,871","50,518","3.40M","1.45%"
"04/10/2014","51,127","51,185","51,522","50,732","3.59M","-0.11%"
"04/09/2014","51,185","51,629","51,629","50,653","4.20M","-0.86%"
"04/08/2014","51,629","52,173","53,394","51,377","5.50M","-1.01%"
"04/07/2014","52,155","51,115","52,229","51,115","3.67M","2.10%"
"04/04/2014","51,082","51,428","52,288","51,034","3.70M","-0.63%"
"04/03/2014","51,408","51,712","51,991","51,059","3.50M","-0.57%"
"04/02/2014","51,701","50,273","51,794","50,201","4.79M","2.85%"
"04/01/2014","50,270","50,412","50,627","49,774","3.50M","-0.29%"
"03/31/2014","50,415","49,770","50,418","49,770","3.65M","1.30%"
"03/28/2014","49,768","49,653","50,181","49,606","4.23M","0.24%"
"03/27/2014","49,647","47,965","49,647","47,962","5.93M","3.50%"
"03/26/2014","47,966","48,182","48,725","47,963","3.44M","-0.44%"
"03/25/2014","48,180","47,993","48,441","47,950","2.95M","0.39%"
"03/24/2014","47,993","47,382","48,142","47,382","3.01M","1.29%"
"03/21/2014","47,381","47,272","47,832","46,721","4.19M","0.22%"
"03/20/2014","47,278","46,565","47,484","46,151","4.36M","1.53%"
"03/19/2014","46,567","46,153","46,803","45,910","3.34M","0.90%"
"03/18/2014","46,151","45,115","46,217","45,075","3.59M","2.29%"
"03/17/2014","45,118","44,979","45,499","44,969","2.93M","0.34%"
"03/14/2014","44,966","45,444","45,562","44,905","3.48M","-1.05%"
"03/13/2014","45,444","45,864","46,176","45,250","3.12M","-0.91%"
"03/12/2014","45,862","45,687","45,916","45,508","3.02M","0.36%"
"03/11/2014","45,698","45,533","46,050","45,401","3.28M","0.36%"
"03/10/2014","45,533","46,242","46,242","45,203","3.67M","-1.54%"
"03/07/2014","46,244","47,093","47,218","46,086","3.98M","-1.80%"
"03/06/2014","47,093","46,592","47,400","46,502","3.16M","1.08%"
"03/05/2014","46,589","47,092","47,154","46,473","2.29M","-1.07%"
"02/28/2014","47,094","47,613","47,813","47,043","4.09M","-1.08%"
"02/27/2014","47,607","46,622","47,781","46,622","3.05M","2.16%"
"02/26/2014","46,599","46,718","47,010","46,403","3.23M","-0.25%"
"02/25/2014","46,716","47,388","47,388","46,614","2.92M","-1.43%"
"02/24/2014","47,394","47,376","47,539","46,991","2.99M","0.03%"
"02/21/2014","47,380","47,290","47,816","47,075","2.61M","0.19%"
"02/20/2014","47,289","47,127","47,600","46,634","3.00M","0.29%"
"02/19/2014","47,151","46,597","47,155","46,134","4.00M","1.18%"
"02/18/2014","46,600","47,575","47,712","46,600","3.86M","-2.05%"
"02/17/2014","47,576","48,200","48,298","47,540","1.88M","-1.30%"
"02/14/2014","48,201","47,816","48,314","47,756","3.19M","0.81%"
"02/13/2014","47,813","48,211","48,211","47,129","3.17M","-0.84%"
"02/12/2014","48,217","48,467","48,669","48,044","2.77M","-0.51%"
"02/11/2014","48,463","47,715","48,604","47,589","3.38M","1.58%"
"02/10/2014","47,711","48,070","48,136","47,465","2.63M","-0.76%"
"02/07/2014","48,074","47,739","48,253","47,557","3.20M","0.70%"
"02/06/2014","47,738","46,988","48,034","46,632","3.63M","2.39%"
"02/05/2014","46,624","46,964","47,148","46,224","3.36M","-0.72%"
"02/04/2014","46,964","46,148","47,132","46,146","3.47M","1.77%"
"02/03/2014","46,148","47,623","47,623","46,109","3.62M","-3.13%"
"01/31/2014","47,639","47,234","47,652","46,814","3.72M","0.84%"
"01/30/2014","47,244","47,554","48,034","47,115","3.11M","-0.66%"
"01/29/2014","47,557","47,839","47,884","47,154","3.32M","-0.59%"
"01/28/2014","47,841","47,750","48,488","47,750","2.69M","0.29%"
"01/27/2014","47,701","47,782","48,147","47,493","2.94M","-0.18%"
"01/24/2014","47,787","48,325","48,327","47,494","3.54M","-1.11%"
"01/23/2014","48,321","49,294","49,598","48,321","3.88M","-1.99%"
"01/22/2014","49,300","48,543","49,487","48,543","3.87M","1.56%"
"01/21/2014","48,542","48,728","49,124","48,440","3.10M","-0.34%"
"01/20/2014","48,708","49,181","49,292","48,673","1.41M","-0.96%"
"01/17/2014","49,182","49,696","49,868","49,174","2.62M","-1.03%"
"01/16/2014","49,696","50,106","50,577","49,628","2.94M","-0.82%"
"01/15/2014","50,105","49,715","50,230","49,715","2.84M","0.81%"
"01/14/2014","49,703","49,421","49,834","49,263","2.89M","0.56%"
"01/13/2014","49,427","49,708","50,003","49,309","2.80M","-0.54%"
"01/10/2014","49,696","49,322","50,145","49,267","3.51M","0.76%"
"01/09/2014","49,322","50,576","50,576","49,259","3.70M","-2.48%"
"01/08/2014","50,577","50,431","50,793","50,424","2.92M","0.29%"
"01/07/2014","50,430","50,982","51,478","50,429","3.34M","-1.07%"
"01/06/2014","50,974","50,980","51,002","50,451","3.73M","-0.01%"
"01/03/2014","50,981","50,348","50,981","50,269","7.36M","1.27%"
"01/02/2014","50,341","51,522","51,656","50,246","3.48M","-2.26%"
"12/30/2013","51,507","51,274","51,996","51,274","2.05M","0.47%"
"12/27/2013","51,267","51,239","51,395","51,207","2.00M","0.09%"
"12/26/2013","51,221","51,358","51,610","51,185","1.81M","-0.26%"
"12/23/2013","51,356","51,188","51,605","51,188","2.31M","0.33%"
"12/20/2013","51,186","51,620","51,641","51,025","3.72M","-0.87%"
"12/19/2013","51,633","50,578","51,633","50,578","2.96M","2.12%"
"12/18/2013","50,563","50,110","50,869","50,110","4.53M","0.94%"
"12/17/2013","50,090","50,279","50,563","50,049","2.68M","-0.38%"
"12/16/2013","50,280","50,049","50,611","50,049","2.80M","0.46%"
"12/13/2013","50,051","50,133","50,519","50,006","2.88M","-0.14%"
"12/12/2013","50,122","50,077","50,331","49,842","3.05M","0.11%"
"12/11/2013","50,068","50,991","51,039","50,068","3.08M","-1.81%"
"12/10/2013","50,993","51,167","51,334","50,956","2.13M","-0.34%"
"12/09/2013","51,165","50,942","51,298","50,832","2.28M","0.43%"
"12/06/2013","50,944","50,788","51,365","50,610","3.35M","0.31%"
"12/05/2013","50,788","50,220","51,124","50,220","3.67M","1.14%"
"12/04/2013","50,216","50,359","50,744","50,114","3.64M","-0.26%"
"12/03/2013","50,349","51,240","51,257","50,224","3.68M","-1.75%"
"12/02/2013","51,245","52,479","52,479","51,245","3.79M","-2.36%"
"11/29/2013","52,482","51,847","52,482","51,847","2.63M","1.22%"
"11/28/2013","51,847","51,862","52,458","51,697","2.42M","-0.03%"
"11/27/2013","51,861","51,448","52,113","51,448","3.11M","0.80%"
"11/26/2013","51,447","52,259","52,410","51,433","3.73M","-1.56%"
"11/25/2013","52,264","52,807","52,995","52,116","3.08M","-1.02%"
"11/22/2013","52,801","52,686","53,221","52,096","3.47M","0.21%"
"11/21/2013","52,688","53,027","53,027","52,190","3.62M","-0.65%"
"11/19/2013","53,033","54,304","54,304","52,831","3.65M","-2.35%"
"11/18/2013","54,307","53,452","54,317","53,452","3.32M","1.60%"
"11/14/2013","53,452","52,233","53,566","52,233","3.61M","2.34%"
"11/13/2013","52,230","51,804","52,271","51,290","3.42M","0.82%"
"11/12/2013","51,804","52,624","52,811","51,636","3.85M","-1.56%"
"11/11/2013","52,624","52,247","52,646","52,072","2.32M","0.72%"
"11/08/2013","52,249","52,739","52,868","51,735","4.11M","-0.93%"
"11/07/2013","52,741","53,390","53,891","52,558","4.87M","-1.21%"
"11/06/2013","53,385","53,840","53,857","53,073","4.26M","-0.83%"
"11/05/2013","53,832","54,436","54,539","53,731","3.33M","-1.11%"
"11/04/2013","54,437","54,014","54,531","54,008","2.73M","0.78%"
"11/01/2013","54,013","54,255","54,387","53,753","4.09M","-0.45%"
"10/31/2013","54,256","54,174","54,466","53,602","12.95M","0.15%"
"10/30/2013","54,173","54,541","54,764","53,917","6.04M","-0.67%"
"10/29/2013","54,539","55,076","55,267","54,224","6.14M","-0.97%"
"10/28/2013","55,073","54,156","55,076","54,070","5.80M","1.70%"
"10/25/2013","54,154","54,863","54,911","54,141","4.94M","-1.32%"
"10/24/2013","54,877","55,440","55,864","54,443","5.65M","-1.02%"
"10/23/2013","55,440","56,459","56,459","55,380","4.02M","-1.81%"
"10/22/2013","56,460","56,074","56,720","55,898","4.61M","0.68%"
"10/21/2013","56,077","55,380","56,109","55,257","4.66M","1.26%"
"10/18/2013","55,378","55,360","56,052","55,004","5.98M","0.04%"
"10/17/2013","55,358","55,966","56,168","55,146","7.21M","-1.10%"
"10/16/2013","55,973","54,983","56,747","54,902","12.96M","1.80%"
"10/15/2013","54,981","54,176","55,190","54,053","8.58M","1.50%"
"10/14/2013","54,171","53,150","54,197","52,833","4.09M","1.92%"
"10/11/2013","53,150","53,000","53,301","52,739","3.05M","0.29%"
"10/10/2013","52,997","52,550","53,133","52,512","4.14M","0.85%"
"10/09/2013","52,548","52,313","52,836","51,955","4.21M","0.45%"
"10/08/2013","52,312","52,413","52,556","51,870","4.00M","-0.20%"
"10/07/2013","52,417","52,841","52,912","52,274","3.47M","-0.82%"
"10/04/2013","52,849","52,489","52,872","52,113","4.30M","0.68%"
"10/03/2013","52,490","53,101","53,429","52,296","3.99M","-1.15%"
"10/02/2013","53,100","53,176","53,474","52,871","4.14M","-0.15%"
"10/01/2013","53,179","52,337","53,179","52,093","5.04M","1.61%"
"09/30/2013","52,338","53,737","53,737","52,291","6.50M","-2.61%"
"09/27/2013","53,739","53,781","54,131","53,611","4.22M","-0.08%"
"09/26/2013","53,783","54,263","54,344","53,429","6.27M","-0.88%"
"09/25/2013","54,261","54,425","54,612","53,968","3.90M","-0.31%"
"09/24/2013","54,431","54,600","54,818","54,164","4.30M","-0.31%"
"09/23/2013","54,602","54,110","54,683","54,027","3.92M","0.91%"
"09/20/2013","54,110","55,095","55,243","54,019","4.42M","-1.79%"
"09/19/2013","55,096","55,703","55,900","54,966","5.13M","-1.09%"
"09/18/2013","55,703","54,272","55,827","53,982","7.54M","2.64%"
"09/17/2013","54,271","53,823","54,271","53,576","4.25M","0.83%"
"09/16/2013","53,822","53,799","54,463","53,559","4.77M","0.04%"
"09/13/2013","53,798","53,311","53,859","52,917","4.94M","0.92%"
"09/12/2013","53,307","53,570","53,839","52,945","6.09M","-0.49%"
"09/11/2013","53,570","53,982","54,304","53,307","6.82M","-0.76%"
"09/10/2013","53,979","54,252","54,740","53,769","6.83M","-0.50%"
"09/09/2013","54,252","53,752","54,531","53,257","7.78M","0.94%"
"09/06/2013","53,749","52,354","54,125","52,354","10.52M","2.67%"
"09/05/2013","52,352","51,715","52,498","51,256","6.19M","1.23%"
"09/04/2013","51,716","51,621","51,830","51,108","5.04M","0.17%"
"09/03/2013","51,626","51,833","52,289","51,422","6.89M","-0.40%"
"09/02/2013","51,835","50,012","51,976","50,012","9.67M","3.65%"
"08/30/2013","50,012","49,932","50,480","49,649","14.23M","0.18%"
"08/29/2013","49,922","49,867","50,558","49,845","7.99M","0.11%"
"08/28/2013","49,867","50,092","50,591","49,530","8.50M","-0.45%"
"08/27/2013","50,092","51,425","51,425","50,018","5.72M","-2.60%"
"08/26/2013","51,429","52,200","52,398","51,429","4.28M","-1.47%"
"08/23/2013","52,197","51,401","52,197","51,166","5.89M","1.55%"
"08/22/2013","51,398","50,408","51,458","50,408","5.57M","1.97%"
"08/21/2013","50,405","50,501","51,171","50,055","5.99M","-0.20%"
"08/20/2013","50,507","51,561","51,561","50,499","5.83M","-2.07%"
"08/19/2013","51,574","51,540","52,089","51,115","6.39M","0.07%"
"08/16/2013","51,539","50,906","51,555","50,800","7.40M","1.24%"
"08/15/2013","50,908","50,880","51,453","50,050","8.36M","0.02%"
"08/14/2013","50,896","50,594","51,364","50,414","11.27M","0.58%"
"08/13/2013","50,601","50,299","50,734","50,040","6.51M","0.60%"
"08/12/2013","50,299","49,878","51,380","49,878","7.04M","0.85%"
"08/09/2013","49,875","48,949","50,000","48,836","6.32M","1.93%"
"08/08/2013","48,929","47,453","49,230","47,453","5.22M","3.12%"
"08/07/2013","47,447","47,422","47,665","47,164","4.46M","0.05%"
"08/06/2013","47,422","48,436","48,522","47,225","5.27M","-2.09%"
"08/05/2013","48,436","48,477","48,707","48,264","3.74M","-0.08%"
"08/02/2013","48,474","49,141","49,550","48,448","4.49M","-1.36%"
"08/01/2013","49,141","48,235","49,281","48,235","4.69M","1.88%"
"07/31/2013","48,234","48,558","48,824","48,140","4.94M","-0.68%"
"07/30/2013","48,562","49,220","49,669","48,560","5.51M","-1.32%"
"07/29/2013","49,212","49,414","49,461","48,975","3.29M","-0.42%"
"07/26/2013","49,422","49,068","49,422","48,633","4.00M","0.72%"
"07/25/2013","49,067","48,372","49,123","48,007","4.94M","1.43%"
"07/24/2013","48,374","48,816","48,888","47,999","5.01M","-0.91%"
"07/23/2013","48,820","48,579","49,379","48,579","4.58M","0.51%"
"07/22/2013","48,574","47,407","48,879","47,407","4.13M","2.48%"
"07/19/2013","47,400","47,650","47,650","47,163","3.47M","-0.54%"
"07/18/2013","47,657","47,404","48,057","47,093","4.29M","0.53%"
"07/17/2013","47,407","46,869","47,710","46,869","5.18M","1.15%"
"07/16/2013","46,869","46,749","47,330","46,417","4.78M","0.28%"
"07/15/2013","46,739","45,533","46,840","45,533","4.84M","2.65%"
"07/12/2013","45,533","46,624","46,624","45,529","5.36M","-2.34%"
"07/11/2013","46,626","45,494","46,719","45,494","5.59M","2.51%"
"07/10/2013","45,483","45,142","45,955","45,142","4.87M","0.90%"
"07/08/2013","45,076","45,211","45,740","44,839","4.66M","-0.30%"
"07/05/2013","45,210","45,757","45,757","44,107","6.99M","-1.21%"
"07/04/2013","45,763","45,046","46,097","45,046","5.10M","1.60%"
"07/03/2013","45,044","45,227","45,827","44,552","7.00M","-0.41%"
"07/02/2013","45,229","47,222","47,222","44,819","8.12M","-4.24%"
"07/01/2013","47,230","47,458","47,674","46,676","6.66M","-0.48%"
"06/28/2013","47,457","47,609","47,639","47,059","5.75M","-0.32%"
"06/27/2013","47,609","47,135","48,053","47,135","5.57M","0.93%"
"06/26/2013","47,172","46,903","47,725","46,903","5.64M","0.59%"
"06/25/2013","46,893","45,967","47,119","45,967","4.77M","2.02%"
"06/24/2013","45,965","47,039","47,039","45,406","6.30M","-2.32%"
"06/21/2013","47,056","48,209","48,209","46,918","6.42M","-2.40%"
"06/20/2013","48,214","47,884","48,214","45,930","8.79M","0.67%"
"06/19/2013","47,893","49,457","49,698","47,838","6.58M","-3.18%"
"06/18/2013","49,465","49,089","49,550","48,414","5.98M","0.77%"
"06/17/2013","49,089","49,337","50,123","49,074","5.32M","-0.49%"
"06/14/2013","49,332","50,415","50,656","49,330","5.83M","-2.15%"
"06/13/2013","50,415","49,758","50,444","48,968","6.23M","2.51%"
"06/12/2013","49,181","49,777","50,380","48,746","7.78M","-1.18%"
"06/11/2013","49,770","51,314","51,314","49,708","5.56M","-3.01%"
"06/10/2013","51,317","51,619","51,836","51,160","4.69M","-0.59%"
"06/07/2013","51,619","52,877","52,877","51,428","5.64M","-2.39%"
"06/06/2013","52,885","52,813","52,937","52,244","4.09M","0.16%"
"06/05/2013","52,799","54,019","54,207","52,774","4.63M","-2.26%"
"06/04/2013","54,018","53,944","54,289","53,498","4.31M","0.14%"
"06/03/2013","53,944","53,512","53,993","53,143","4.34M","0.82%"
"05/31/2013","53,506","54,633","54,776","52,942","8.79M","-2.07%"
"05/29/2013","54,635","56,032","56,032","54,635","5.00M","-2.50%"
"05/28/2013","56,036","56,399","56,979","56,009","4.18M","-0.64%"
"05/27/2013","56,396","56,415","56,562","56,353","2.05M","-0.02%"
"05/24/2013","56,406","56,350","56,506","55,901","4.85M","0.10%"
"05/23/2013","56,350","56,423","56,423","55,379","4.07M","-0.14%"
"05/22/2013","56,429","56,269","57,099","56,037","4.87M","0.29%"
"05/21/2013","56,265","55,699","56,265","55,379","3.90M","1.01%"
"05/20/2013","55,701","55,162","55,705","54,630","4.16M","0.97%"
"05/17/2013","55,164","54,780","55,489","54,780","4.07M","0.71%"
"05/16/2013","54,773","54,943","55,539","54,592","5.08M","-0.30%"
"05/15/2013","54,936","54,668","55,216","54,488","4.90M","0.49%"
"05/14/2013","54,667","54,442","55,030","54,327","5.09M","0.40%"
"05/13/2013","54,448","55,106","55,106","54,389","3.96M","-1.20%"
"05/10/2013","55,108","55,446","55,446","54,832","5.32M","-0.61%"
"05/09/2013","55,448","55,805","56,072","54,905","4.80M","-0.64%"
"05/08/2013","55,805","56,281","56,814","55,805","6.52M","-0.84%"
"05/07/2013","56,275","55,429","56,450","55,207","6.24M","1.52%"
"05/06/2013","55,430","55,488","55,542","54,652","6.45M","-0.10%"
"05/03/2013","55,488","55,330","56,366","55,330","8.86M","0.30%"
"05/02/2013","55,322","55,919","55,919","55,104","5.44M","-1.05%"
"04/30/2013","55,910","54,888","55,910","54,585","7.14M","1.86%"
"04/29/2013","54,887","54,254","55,336","54,254","5.93M","1.17%"
"04/26/2013","54,252","54,963","55,034","54,147","4.66M","-1.29%"
"04/25/2013","54,963","54,989","55,544","54,792","4.35M","-0.04%"
"04/24/2013","54,984","54,875","55,546","54,723","3.95M","0.18%"
"04/23/2013","54,885","54,301","55,282","54,165","5.37M","1.08%"
"04/22/2013","54,298","53,926","54,298","53,420","4.17M","0.68%"
"04/19/2013","53,929","53,169","54,018","53,169","3.73M","1.44%"
"04/18/2013","53,166","52,887","53,474","52,392","4.55M","0.54%"
"04/17/2013","52,882","53,984","53,984","52,540","7.41M","-2.05%"
"04/16/2013","53,991","52,953","54,095","52,953","4.35M","1.97%"
"04/15/2013","52,950","54,952","54,952","52,950","4.71M","-3.66%"
"04/12/2013","54,963","55,398","55,531","54,458","4.81M","-0.79%"
"04/11/2013","55,401","56,190","56,284","55,174","3.84M","-1.40%"
"04/10/2013","56,187","55,913","56,976","55,913","5.39M","0.49%"
"04/09/2013","55,912","55,101","56,305","55,101","5.19M","1.49%"
"04/08/2013","55,092","55,049","55,136","54,333","5.50M","0.07%"
"04/05/2013","55,051","54,646","55,227","53,794","5.97M","0.74%"
"04/04/2013","54,648","55,563","55,579","54,432","4.57M","-1.65%"
"04/03/2013","55,563","54,888","55,574","54,740","4.48M","1.23%"
"04/02/2013","54,889","55,901","56,257","54,809","3.59M","-1.81%"
"04/01/2013","55,902","56,348","56,348","55,897","2.76M","-0.80%"
"03/28/2013","56,352","56,035","56,374","55,874","4.37M","0.57%"
"03/27/2013","56,034","55,677","56,178","55,130","4.05M","0.65%"
"03/26/2013","55,671","54,879","55,763","54,879","3.76M","1.45%"
"03/25/2013","54,873","55,250","55,450","54,648","3.85M","-0.67%"
"03/22/2013","55,243","55,577","55,893","55,098","3.74M","-0.60%"
"03/21/2013","55,577","56,025","56,044","55,382","4.37M","-0.81%"
"03/20/2013","56,030","56,361","56,396","55,831","4.18M","-0.59%"
"03/19/2013","56,361","56,973","57,038","56,100","3.83M","-1.07%"
"03/18/2013","56,973","56,869","57,152","56,139","3.74M","0.18%"
"03/15/2013","56,869","57,275","57,532","56,805","5.18M","-0.72%"
"03/14/2013","57,281","57,386","57,850","56,722","4.58M","-0.18%"
"03/13/2013","57,386","58,204","58,411","57,286","4.54M","-1.41%"
"03/12/2013","58,209","58,542","58,709","58,113","3.81M","-0.57%"
"03/11/2013","58,545","58,440","58,547","57,800","4.13M","0.19%"
"03/08/2013","58,433","58,842","59,031","58,129","4.13M","-0.70%"
"03/07/2013","58,847","57,940","59,472","57,940","6.34M","1.57%"
"03/06/2013","57,940","55,953","58,150","55,953","5.81M","3.55%"
"03/05/2013","55,951","56,508","57,227","55,951","4.26M","-0.97%"
"03/04/2013","56,499","56,878","56,878","56,067","4.03M","-0.68%"
"03/01/2013","56,884","57,422","57,422","56,526","3.89M","-0.94%"
"02/28/2013","57,424","57,273","57,798","56,925","4.44M","0.26%"
"02/27/2013","57,274","56,948","57,402","56,684","5.03M","0.57%"
"02/26/2013","56,949","56,616","57,007","56,047","4.51M","0.58%"
"02/25/2013","56,618","56,698","57,157","56,419","3.97M","-0.14%"
"02/22/2013","56,697","56,159","56,742","56,107","5.11M","0.97%"
"02/21/2013","56,155","56,153","56,227","55,430","4.92M","-0.04%"
"02/20/2013","56,178","57,312","57,569","56,034","4.95M","-1.98%"
"02/19/2013","57,314","57,619","58,061","57,234","3.92M","-0.52%"
"02/18/2013","57,614","57,906","57,929","57,420","2.70M","-0.50%"
"02/15/2013","57,903","58,076","58,352","57,802","3.44M","-0.30%"
"02/14/2013","58,077","58,406","58,406","57,751","2.39M","-0.56%"
"02/13/2013","58,406","58,494","58,754","58,252","2.80M","-0.16%"
"02/08/2013","58,498","58,374","58,638","58,025","3.15M","0.22%"
"02/07/2013","58,372","58,936","59,435","58,116","4.07M","-0.98%"
"02/06/2013","58,951","59,442","59,582","58,588","4.41M","-0.83%"
"02/05/2013","59,445","59,576","59,974","59,132","4.43M","-0.22%"
"02/04/2013","59,576","60,350","60,350","59,256","3.35M","-1.28%"
"02/01/2013","60,351","59,764","60,496","59,742","3.41M","0.99%"
"01/31/2013","59,761","59,344","59,771","59,114","4.75M","0.71%"
"01/30/2013","59,337","60,405","60,405","59,305","4.66M","-1.77%"
"01/29/2013","60,406","60,027","60,428","59,758","3.19M","0.63%"
"01/28/2013","60,027","61,178","61,313","59,921","3.43M","-1.87%"
"01/24/2013","61,170","61,966","62,249","60,838","3.61M","-1.28%"
"01/23/2013","61,966","61,692","61,969","61,543","3.21M","0.44%"
"01/22/2013","61,692","61,904","61,995","61,534","3.47M","-0.34%"
"01/21/2013","61,900","61,962","62,052","61,804","2.14M","-0.09%"
"01/18/2013","61,956","62,197","62,395","61,822","3.50M","-0.38%"
"01/17/2013","62,194","61,806","62,309","61,683","3.38M","0.66%"
"01/16/2013","61,787","61,726","61,787","61,241","2.79M","0.10%"
"01/15/2013","61,728","62,079","62,151","61,695","3.82M","-0.57%"
"01/14/2013","62,081","61,511","62,285","61,511","3.48M","0.95%"
"01/11/2013","61,497","61,662","61,683","61,198","3.16M","-0.29%"
"01/10/2013","61,678","61,578","61,947","61,156","4.10M","0.16%"
"01/09/2013","61,579","61,129","61,812","61,103","3.24M","0.74%"
"01/08/2013","61,128","61,933","62,265","61,081","3.84M","-1.30%"
"01/07/2013","61,933","62,523","62,699","61,639","3.99M","-0.94%"
"01/04/2013","62,523","63,314","63,314","62,415","6.23M","-1.25%"
"01/03/2013","63,312","62,555","63,473","62,341","3.36M","1.22%"
"01/02/2013","62,550","60,990","62,887","60,990","3.74M","2.62%"
"12/28/2012","60,952","60,416","61,066","60,416","2.63M","0.89%"
"12/27/2012","60,416","60,964","61,191","60,233","2.85M","-0.89%"
"12/26/2012","60,960","61,003","61,322","60,861","2.60M","-0.08%"
"12/21/2012","61,007","61,271","61,271","60,221","3.16M","-0.44%"
"12/20/2012","61,276","60,992","61,276","60,622","3.08M","0.46%"
"12/19/2012","60,998","60,461","61,212","60,396","4.43M","0.89%"
"12/18/2012","60,461","59,568","60,539","59,565","4.36M","1.50%"
"12/17/2012","59,567","59,604","59,914","59,323","3.11M","-0.06%"
"12/14/2012","59,605","59,320","59,824","59,273","3.41M","0.49%"
"12/13/2012","59,317","59,459","59,969","59,154","3.57M","-0.26%"
"12/12/2012","59,474","59,626","59,859","59,291","4.75M","-0.25%"
"12/11/2012","59,623","59,257","59,747","58,951","3.99M","0.63%"
"12/10/2012","59,248","58,468","59,248","58,091","3.06M","1.30%"
"12/07/2012","58,487","57,656","58,594","57,636","3.04M","1.44%"
"12/06/2012","57,656","57,685","57,860","57,129","3.20M","-0.04%"
"12/05/2012","57,679","57,597","58,127","57,231","3.58M","0.20%"
"12/04/2012","57,563","58,212","58,520","57,547","3.94M","-1.10%"
"12/03/2012","58,202","57,479","58,332","57,479","3.49M","1.26%"
"11/30/2012","57,475","57,845","58,031","56,704","5.05M","-0.65%"
"11/29/2012","57,853","56,562","57,853","56,562","3.40M","2.32%"
"11/28/2012","56,539","56,206","56,591","55,686","3.47M","0.52%"
"11/27/2012","56,248","56,737","57,420","56,248","3.55M","-0.86%"
"11/26/2012","56,737","57,571","57,572","56,502","2.75M","-1.45%"
"11/23/2012","57,574","56,439","57,574","56,248","3.18M","2.01%"
"11/22/2012","56,437","56,245","56,643","56,242","2.15M","0.35%"
"11/21/2012","56,242","56,453","56,789","55,946","3.59M","-0.37%"
"11/19/2012","56,451","55,387","56,666","55,387","2.78M","1.89%"
"11/16/2012","55,402","56,277","56,277","55,126","3.47M","-1.56%"
"11/14/2012","56,279","57,472","57,472","56,038","3.61M","-2.10%"
"11/13/2012","57,486","57,049","57,529","56,593","3.36M","0.74%"
"11/12/2012","57,064","57,358","57,712","56,988","2.07M","-0.51%"
"11/09/2012","57,358","57,517","58,109","56,862","4.25M","-0.29%"
"11/08/2012","57,524","58,523","59,008","57,420","3.20M","-1.70%"
"11/07/2012","58,517","59,460","59,460","58,274","3.08M","-1.58%"
"11/06/2012","59,459","58,220","59,561","58,174","3.47M","2.15%"
"11/05/2012","58,210","58,374","58,374","57,551","2.62M","-0.30%"
"11/01/2012","58,383","57,065","58,383","56,960","2.98M","2.30%"
"10/31/2012","57,068","57,682","57,935","56,929","2.79M","-1.07%"
"10/30/2012","57,684","57,178","57,764","57,178","1.61M","0.89%"
"10/29/2012","57,177","57,267","57,267","56,581","1.71M","-0.17%"
"10/26/2012","57,277","57,833","57,833","57,061","3.00M","-0.97%"
"10/25/2012","57,837","57,161","58,274","57,161","3.15M","1.18%"
"10/24/2012","57,161","57,686","57,986","57,159","2.93M","-0.92%"
"10/23/2012","57,690","58,679","58,679","57,388","3.40M","-1.72%"
"10/22/2012","58,700","58,925","59,205","58,541","2.80M","-0.38%"
"10/19/2012","58,922","59,701","59,846","58,782","3.00M","-1.36%"
"10/18/2012","59,734","60,087","60,087","59,322","3.32M","-0.59%"
"10/17/2012","60,087","59,742","60,398","59,683","4.21M","0.57%"
"10/16/2012","59,744","59,602","60,412","59,484","3.25M","0.24%"
"10/15/2012","59,602","59,164","59,758","58,790","3.12M","0.74%"
"10/11/2012","59,162","58,460","59,360","58,460","2.82M","1.21%"
"10/10/2012","58,456","58,944","59,320","58,341","2.78M","-0.82%"
"10/09/2012","58,939","59,319","59,697","58,616","3.15M","-0.64%"
"10/08/2012","59,317","58,572","59,318","58,170","2.60M","1.27%"
"10/05/2012","58,572","58,460","59,441","58,414","3.24M","0.20%"
"10/04/2012","58,458","58,627","59,002","58,105","3.37M","-0.29%"
"10/03/2012","58,627","59,222","59,483","58,542","3.20M","-1.00%"
"10/02/2012","59,222","59,575","60,091","59,028","3.20M","-0.59%"
"10/01/2012","59,571","59,171","60,216","59,171","2.76M","0.67%"
"09/28/2012","59,176","60,240","60,240","58,864","3.69M","-1.77%"
"09/27/2012","60,240","60,483","60,889","59,876","3.81M","-0.39%"
"09/26/2012","60,478","60,506","60,506","59,725","3.14M","-0.04%"
"09/25/2012","60,501","61,913","61,947","60,357","3.87M","-2.28%"
"09/24/2012","61,910","61,319","61,932","61,075","3.33M","0.96%"
"09/21/2012","61,320","61,695","62,223","61,300","2.99M","-0.60%"
"09/20/2012","61,688","61,652","61,908","60,961","2.92M","0.06%"
"09/19/2012","61,652","61,806","62,514","61,519","3.39M","-0.25%"
"09/18/2012","61,804","61,806","62,132","61,447","3.20M","0.00%"
"09/17/2012","61,806","62,106","62,692","61,552","3.90M","-0.48%"
"09/14/2012","62,105","61,955","63,428","61,823","5.82M","0.24%"
"09/13/2012","61,958","59,921","62,117","59,629","5.97M","3.40%"
"09/12/2012","59,922","59,429","60,136","59,205","4.85M","0.84%"
"09/11/2012","59,423","58,405","59,515","58,404","3.85M","1.74%"
"09/10/2012","58,404","58,325","59,421","58,325","3.51M","0.14%"
"09/06/2012","58,321","56,868","58,328","56,868","3.62M","2.56%"
"09/05/2012","56,864","56,236","56,904","56,236","3.31M","1.12%"
"09/04/2012","56,234","57,272","57,272","56,202","3.24M","-1.83%"
"09/03/2012","57,281","57,065","57,457","56,954","2.32M","0.39%"
"08/31/2012","57,061","57,257","57,835","56,719","5.75M","-0.34%"
"08/30/2012","57,256","57,366","57,508","56,901","3.13M","-0.20%"
"08/29/2012","57,369","58,414","58,553","57,061","4.11M","-1.78%"
"08/28/2012","58,406","58,109","58,745","57,976","2.73M","0.51%"
"08/27/2012","58,111","58,424","58,462","57,853","2.34M","-0.54%"
"08/24/2012","58,426","58,511","58,750","57,833","3.21M","-0.15%"
"08/23/2012","58,512","59,382","59,382","58,145","3.34M","-1.46%"
"08/22/2012","59,381","58,918","59,585","58,443","3.71M","0.79%"
"08/21/2012","58,918","59,298","60,209","58,684","3.93M","-0.62%"
"08/20/2012","59,283","59,083","59,462","58,629","3.00M","0.34%"
"08/17/2012","59,082","59,443","59,822","58,944","2.95M","-0.61%"
"08/16/2012","59,446","58,190","59,544","58,190","3.48M","2.16%"
"08/15/2012","58,189","58,083","58,375","57,630","4.58M","0.18%"
"08/14/2012","58,083","59,123","59,605","57,904","3.53M","-1.76%"
"08/13/2012","59,123","59,281","59,543","58,601","2.54M","-0.27%"
"08/10/2012","59,281","58,774","59,365","58,128","3.08M","0.82%"
"08/09/2012","58,797","58,950","59,202","58,115","2.86M","-0.26%"
"08/08/2012","58,951","57,723","58,964","57,603","3.23M","2.12%"
"08/07/2012","57,726","58,343","59,316","57,679","3.45M","-1.06%"
"08/06/2012","58,345","57,255","58,996","56,893","3.61M","1.90%"
"08/03/2012","57,255","55,524","57,399","55,524","3.58M","3.13%"
"08/02/2012","55,520","56,289","56,289","55,239","2.84M","-1.37%"
"08/01/2012","56,292","56,091","56,735","55,425","1.32M","0.35%"
"07/31/2012","56,097","57,243","57,466","56,097","692.08K","-2.00%"
"07/30/2012","57,241","56,551","57,241","56,090","2.97M","1.22%"
"07/27/2012","56,553","54,024","57,046","54,024","4.67M","4.72%"
"07/26/2012","54,003","52,638","54,126","52,638","3.02M","2.65%"
"07/25/2012","52,608","52,658","53,233","52,346","2.22M","-0.06%"
"07/24/2012","52,639","53,038","53,416","52,399","2.76M","-0.74%"
"07/23/2012","53,034","54,183","54,183","52,213","2.81M","-2.14%"
"07/20/2012","54,195","55,337","55,337","54,138","2.86M","-2.08%"
"07/19/2012","55,347","54,588","55,491","54,588","2.88M","1.40%"
"07/18/2012","54,583","53,909","54,588","53,551","2.30M","1.25%"
"07/17/2012","53,909","53,403","54,037","53,118","2.52M","0.95%"
"07/16/2012","53,402","54,316","54,418","53,216","2.82M","-1.71%"
"07/13/2012","54,331","53,422","54,428","53,420","2.78M","1.70%"
"07/12/2012","53,421","53,564","53,616","52,489","3.05M","-0.28%"
"07/11/2012","53,569","53,708","54,135","53,233","2.97M","-0.26%"
"07/10/2012","53,706","55,392","55,588","53,668","3.47M","-3.05%"
"07/06/2012","55,394","56,376","56,376","54,967","2.70M","-1.75%"
"07/05/2012","56,379","56,083","56,943","55,828","3.13M","0.54%"
"07/04/2012","56,077","55,780","56,322","55,485","1.72M","0.53%"
"07/03/2012","55,780","54,704","56,228","54,704","4.06M","1.99%"
"07/02/2012","54,693","54,355","54,754","53,961","2.87M","0.62%"
"06/29/2012","54,355","52,656","54,355","52,656","3.74M","3.23%"
"06/28/2012","52,652","53,107","53,306","52,271","3.53M","-0.86%"
"06/27/2012","53,109","53,837","54,006","53,084","3.83M","-1.35%"
"06/26/2012","53,837","53,806","54,193","53,398","2.71M","0.06%"
"06/25/2012","53,805","55,406","55,406","53,694","2.16M","-2.95%"
"06/22/2012","55,440","55,518","56,019","55,083","2.48M","-0.12%"
"06/21/2012","55,505","57,162","57,218","55,505","2.60M","-2.91%"
"06/20/2012","57,167","57,196","57,611","56,529","3.20M","-0.05%"
"06/19/2012","57,195","56,210","57,567","56,210","3.66M","1.78%"
"06/18/2012","56,195","56,066","56,579","55,486","2.96M","0.16%"
"06/15/2012","56,105","55,349","56,105","55,203","3.90M","1.36%"
"06/14/2012","55,352","55,641","55,769","54,952","3.30M","-0.54%"
"06/13/2012","55,651","55,041","55,989","54,523","4.19M","1.09%"
"06/12/2012","55,049","54,001","55,049","53,906","3.89M","1.94%"
"06/11/2012","54,001","54,434","55,401","53,904","2.74M","-0.79%"
"06/08/2012","54,430","54,150","54,432","53,685","2.63M","0.51%"
"06/06/2012","54,156","52,486","54,195","52,486","3.54M","3.19%"
"06/05/2012","52,481","53,413","53,917","52,481","2.53M","-1.75%"
"06/04/2012","53,417","53,408","53,960","53,367","2.36M","0.03%"
"06/01/2012","53,403","54,488","54,488","53,087","2.99M","-1.99%"
"05/31/2012","54,490","53,805","54,509","53,090","4.83M","1.29%"
"05/30/2012","53,798","54,632","54,632","53,382","3.30M","-1.53%"
"05/29/2012","54,633","55,214","55,763","54,554","3.05M","-1.05%"
"05/28/2012","55,213","54,467","55,609","54,467","1.86M","1.38%"
"05/25/2012","54,463","54,062","54,970","53,847","2.99M","0.74%"
"05/24/2012","54,063","54,620","54,820","53,176","4.01M","-1.02%"
"05/23/2012","54,619","55,039","55,052","53,028","4.33M","-0.76%"
"05/22/2012","55,039","56,586","56,586","54,886","3.67M","-2.74%"
"05/21/2012","56,590","54,516","56,678","54,516","3.57M","3.81%"
"05/18/2012","54,513","54,032","54,914","53,856","4.31M","0.88%"
"05/17/2012","54,038","55,886","56,296","54,038","3.71M","-3.31%"
"05/16/2012","55,888","56,245","57,693","55,415","4.33M","-0.62%"
"05/15/2012","56,238","57,540","58,024","56,145","4.19M","-2.26%"
"05/14/2012","57,540","59,443","59,443","57,539","3.05M","-3.20%"
"05/11/2012","59,445","59,703","60,340","59,138","2.53M","-0.43%"
"05/10/2012","59,702","59,796","60,752","59,637","2.70M","-0.14%"
"05/09/2012","59,786","60,346","60,346","59,199","3.26M","-0.96%"
"05/08/2012","60,365","61,218","61,218","59,871","3.09M","-1.40%"
"05/07/2012","61,220","60,802","61,299","60,391","3.37M","0.66%"
"05/04/2012","60,821","62,104","62,167","60,438","4.96M","-2.07%"
"05/03/2012","62,104","62,427","62,783","61,731","3.04M","-0.51%"
"05/02/2012","62,424","61,820","62,502","61,594","2.96M","0.98%"
"04/30/2012","61,820","61,691","61,900","61,231","1.96M","0.21%"
"04/27/2012","61,691","62,203","62,486","61,667","2.55M","-0.82%"
"04/26/2012","62,198","61,750","62,282","61,033","3.13M","0.73%"
"04/25/2012","61,750","61,989","62,441","61,328","3.31M","-0.36%"
"04/24/2012","61,971","61,537","62,001","61,380","2.38M","0.70%"
"04/23/2012","61,539","62,494","62,494","60,897","2.53M","-1.53%"
"04/20/2012","62,494","62,620","63,369","62,431","2.29M","-0.20%"
"04/19/2012","62,618","63,007","63,274","62,478","2.36M","-0.62%"
"04/18/2012","63,010","62,696","63,243","62,429","4.05M","0.50%"
"04/17/2012","62,699","61,959","62,961","61,959","2.70M","1.20%"
"04/16/2012","61,955","62,120","62,688","61,465","2.32M","-0.24%"
"04/13/2012","62,106","63,039","63,039","61,778","2.96M","-1.51%"
"04/12/2012","63,058","61,300","63,061","61,300","3.12M","2.88%"
"04/11/2012","61,293","61,741","62,356","61,291","2.95M","-0.72%"
"04/10/2012","61,738","62,922","62,922","61,344","3.09M","-1.88%"
"04/09/2012","62,923","63,690","63,690","62,462","1.79M","-1.21%"
"04/05/2012","63,691","63,518","64,299","63,384","2.29M","0.26%"
"04/04/2012","63,529","64,301","64,301","63,450","2.74M","-1.17%"
"04/03/2012","64,284","65,218","65,530","64,015","2.77M","-1.43%"
"04/02/2012","65,216","64,515","65,593","64,199","2.97M","1.09%"
"03/30/2012","64,511","64,875","65,363","64,245","3.16M","-0.56%"
"03/29/2012","64,872","65,074","65,074","64,096","2.90M","-0.32%"
"03/28/2012","65,079","66,032","66,032","64,819","2.88M","-1.45%"
"03/27/2012","66,037","66,683","66,968","65,925","2.72M","-0.97%"
"03/26/2012","66,685","65,818","66,776","65,818","2.01M","1.32%"
"03/23/2012","65,813","65,831","66,253","65,576","2.52M","-0.02%"
"03/22/2012","65,828","66,860","66,860","65,534","2.68M","-1.54%"
"03/21/2012","66,860","67,297","67,436","66,762","1.98M","-0.65%"
"03/20/2012","67,296","67,725","67,725","66,704","2.07M","-0.64%"
"03/19/2012","67,730","67,685","68,159","67,547","2.14M","0.07%"
"03/16/2012","67,684","67,749","68,153","67,505","2.41M","-0.10%"
"03/15/2012","67,749","68,259","68,259","67,458","2.30M","-0.74%"
"03/14/2012","68,257","68,386","68,970","67,797","2.73M","-0.20%"
"03/13/2012","68,394","66,386","68,420","66,386","3.17M","3.03%"
"03/12/2012","66,385","66,687","66,687","65,965","2.15M","-0.48%"
"03/09/2012","66,704","66,908","67,419","66,679","2.25M","-0.30%"
"03/08/2012","66,908","66,032","67,272","66,032","2.89M","1.35%"
"03/07/2012","66,017","65,123","66,053","65,123","2.68M","1.39%"
"03/06/2012","65,114","66,962","66,962","64,892","2.74M","-2.76%"
"03/05/2012","66,964","67,782","67,782","66,756","2.32M","-1.21%"
"03/02/2012","67,782","66,810","67,791","66,810","2.56M","1.45%"
"03/01/2012","66,810","65,812","66,931","65,812","2.33M","1.52%"
"02/29/2012","65,812","65,970","66,662","65,533","3.35M","-0.22%"
"02/28/2012","65,959","65,245","66,152","65,240","2.72M","1.10%"
"02/27/2012","65,241","65,938","65,954","65,068","2.23M","-1.06%"
"02/24/2012","65,943","65,820","66,335","65,820","2.12M","0.19%"
"02/23/2012","65,820","66,084","66,329","65,590","2.32M","-0.41%"
"02/22/2012","66,093","66,205","66,291","65,851","1.79M","-0.17%"
"02/17/2012","66,204","66,158","66,562","65,823","2.35M","0.09%"
"02/16/2012","66,142","65,364","66,161","64,798","3.07M","1.18%"
"02/15/2012","65,368","65,041","66,004","65,041","3.83M","0.51%"
"02/14/2012","65,039","65,699","65,855","64,826","2.74M","-0.99%"
"02/13/2012","65,692","63,999","65,713","63,999","2.62M","2.65%"
"02/10/2012","63,998","65,525","65,525","63,880","3.50M","-2.34%"
"02/09/2012","65,530","65,831","66,324","65,189","2.69M","-0.46%"
"02/08/2012","65,831","65,918","66,383","65,647","2.89M","-0.13%"
"02/07/2012","65,917","65,213","65,944","64,801","2.72M","1.06%"
"02/06/2012","65,224","65,217","65,229","64,743","1.92M","0.01%"
"02/03/2012","65,217","64,589","65,619","64,137","3.06M","0.97%"
"02/02/2012","64,593","64,569","64,855","64,224","3.11M","0.04%"
"02/01/2012","64,567","63,085","64,567","63,085","3.90M","2.37%"
"01/31/2012","63,072","62,772","63,394","62,664","3.44M","0.48%"
"01/30/2012","62,770","62,902","62,902","61,989","2.20M","-0.21%"
"01/27/2012","62,904","62,955","63,263","62,769","2.22M","-0.08%"
"01/26/2012","62,953","62,486","63,805","62,485","3.17M","0.75%"
"01/24/2012","62,486","62,386","62,536","61,667","2.73M","0.16%"
"01/23/2012","62,386","62,312","62,693","61,908","2.38M","0.12%"
"01/20/2012","62,312","61,932","62,312","61,593","2.25M","0.62%"
"01/19/2012","61,927","61,726","62,181","61,566","2.84M","0.33%"
"01/18/2012","61,723","60,643","61,723","60,610","2.76M","1.78%"
"01/17/2012","60,646","59,961","60,891","59,961","2.52M","1.15%"
"01/16/2012","59,956","59,146","59,982","59,146","1.70M","1.37%"
"01/13/2012","59,147","59,918","59,918","58,874","5.62M","-1.29%"
"01/12/2012","59,921","59,966","60,504","59,586","2.15M","-0.07%"
"01/11/2012","59,962","59,799","60,094","59,423","2.25M","0.26%"
"01/10/2012","59,806","59,090","60,112","59,090","2.69M","1.22%"
"01/09/2012","59,083","58,601","59,220","58,599","2.24M","0.82%"
"01/06/2012","58,600","58,565","59,261","58,355","1.66M","0.09%"
"01/05/2012","58,546","59,354","59,354","57,963","2.35M","-1.38%"
"01/04/2012","59,365","59,263","59,519","58,558","2.25M","0.17%"
"01/03/2012","59,265","57,836","59,288","57,836","3.08M","2.48%"
"01/02/2012","57,829","56,755","57,993","56,649","2.61M","1.89%"
"12/29/2011","56,754","56,534","56,945","56,313","2.78M","0.39%"
"12/28/2011","56,534","58,006","58,010","56,447","1.61M","-2.54%"
"12/27/2011","58,005","57,666","58,111","57,611","1.62M","0.58%"
"12/26/2011","57,669","57,702","57,856","57,669","592.75K","-0.06%"
"12/23/2011","57,701","57,348","57,792","57,348","1.77M","0.62%"
"12/22/2011","57,348","56,656","57,459","56,557","2.29M","1.23%"
"12/21/2011","56,653","56,865","56,865","56,046","2.26M","-0.37%"
"12/20/2011","56,865","55,301","56,865","55,301","3.23M","2.83%"
"12/19/2011","55,298","56,100","56,376","55,298","2.83M","-1.42%"
"12/16/2011","56,097","56,334","56,823","56,087","2.44M","-0.42%"
"12/15/2011","56,331","56,647","57,332","56,232","2.61M","-0.56%"
"12/14/2011","56,647","57,495","57,495","56,647","4.14M","-1.47%"
"12/13/2011","57,495","57,355","58,153","57,333","2.90M","0.26%"
"12/12/2011","57,347","58,235","58,235","56,839","2.50M","-1.53%"
"12/09/2011","58,236","57,455","58,540","57,455","1.95M","1.36%"
"12/08/2011","57,455","58,664","59,217","57,260","2.72M","-2.06%"
"12/07/2011","58,663","59,534","59,535","58,581","2.17M","-1.47%"
"12/06/2011","59,536","58,910","59,576","58,497","2.18M","1.06%"
"12/05/2011","58,910","57,894","59,245","57,894","2.54M","1.77%"
"12/02/2011","57,886","58,147","58,980","57,618","2.99M","-0.44%"
"12/01/2011","58,143","56,876","58,302","56,876","3.30M","2.23%"
"11/30/2011","56,875","55,307","57,592","55,307","4.89M","2.85%"
"11/29/2011","55,300","56,028","56,364","55,300","2.82M","-1.28%"
"11/28/2011","56,017","54,899","56,444","54,899","2.27M","2.05%"
"11/25/2011","54,894","55,271","55,610","54,742","1.81M","-0.70%"
"11/24/2011","55,280","54,978","55,519","54,537","1.41M","0.56%"
"11/23/2011","54,972","55,879","55,879","54,813","2.43M","-1.62%"
"11/22/2011","55,878","56,290","56,570","55,609","2.68M","-0.72%"
"11/21/2011","56,285","56,722","56,722","55,505","2.89M","-0.79%"
"11/18/2011","56,731","56,989","57,477","56,418","2.30M","-0.45%"
"11/17/2011","56,989","58,550","58,555","56,663","3.05M","-2.68%"
"11/16/2011","58,560","58,256","58,877","57,784","2.70M","0.52%"
"11/14/2011","58,258","58,539","58,717","58,013","1.79M","-0.49%"
"11/11/2011","58,547","57,325","58,747","57,325","2.14M","2.14%"
"11/10/2011","57,322","57,561","58,314","57,294","1.96M","-0.40%"
"11/09/2011","57,550","59,011","59,011","57,201","2.62M","-2.50%"
"11/08/2011","59,026","59,205","59,616","58,505","1.93M","-0.29%"
"11/07/2011","59,199","58,670","59,440","58,645","1.87M","0.90%"
"11/04/2011","58,670","58,186","58,804","57,547","1.95M","0.81%"
"11/03/2011","58,196","57,327","58,481","57,327","2.45M","1.52%"
"11/01/2011","57,323","58,300","58,300","56,099","2.83M","-1.74%"
"10/31/2011","58,338","59,512","59,512","58,094","2.26M","-1.97%"
"10/28/2011","59,513","59,270","59,668","58,760","2.39M","0.41%"
"10/27/2011","59,270","57,146","59,901","57,146","3.67M","3.72%"
"10/26/2011","57,144","56,306","57,334","56,249","2.17M","1.52%"
"10/25/2011","56,286","56,885","56,885","55,770","2.26M","-1.07%"
"10/24/2011","56,892","55,259","57,226","55,259","2.66M","2.96%"
"10/21/2011","55,255","54,014","55,504","54,014","2.15M","2.31%"
"10/20/2011","54,010","54,953","54,953","53,610","2.28M","-1.74%"
"10/19/2011","54,966","55,037","55,244","54,483","2.43M","-0.12%"
"10/18/2011","55,032","53,915","55,225","53,188","2.54M","2.08%"
"10/17/2011","53,911","55,021","55,021","53,536","2.37M","-2.03%"
"10/14/2011","55,030","54,603","55,179","54,447","2.32M","0.79%"
"10/13/2011","54,601","53,836","54,751","53,308","3.57M","1.42%"
"10/11/2011","53,838","53,271","54,113","52,820","2.85M","1.06%"
"10/10/2011","53,273","51,244","53,294","51,244","2.18M","3.96%"
"10/07/2011","51,244","52,290","52,891","50,902","2.63M","-2.00%"
"10/06/2011","52,290","51,016","52,729","51,016","3.15M","2.50%"
"10/05/2011","51,014","50,683","51,199","50,209","2.83M","0.65%"
"10/04/2011","50,686","50,790","50,790","49,433","4.04M","-0.21%"
"10/03/2011","50,792","52,319","52,319","50,792","3.11M","-2.93%"
"09/30/2011","52,324","53,385","53,385","51,897","3.07M","-1.99%"
"09/29/2011","53,385","53,276","54,207","52,849","2.30M","0.22%"
"09/28/2011","53,270","53,921","54,796","53,258","2.34M","-1.21%"
"09/27/2011","53,920","53,751","54,992","53,751","2.45M","0.32%"
"09/26/2011","53,748","53,243","53,873","52,399","2.14M","0.97%"
"09/23/2011","53,230","53,273","53,855","52,754","2.69M","-0.09%"
"09/22/2011","53,280","55,981","55,981","52,706","3.60M","-4.83%"
"09/21/2011","55,982","56,381","57,600","55,915","2.78M","-0.70%"
"09/20/2011","56,379","57,105","57,620","56,379","2.68M","-1.27%"
"09/19/2011","57,103","57,208","57,208","56,060","2.33M","-0.19%"
"09/16/2011","57,210","56,381","57,210","56,257","1.97M","1.47%"
"09/15/2011","56,381","56,287","57,161","56,196","2.14M","0.17%"
"09/14/2011","56,286","55,544","56,776","55,090","2.84M","1.34%"
"09/13/2011","55,544","55,690","56,336","55,166","2.10M","-0.25%"
"09/12/2011","55,685","55,773","55,792","54,310","2.38M","-0.17%"
"09/09/2011","55,778","57,614","57,614","55,528","2.48M","-3.20%"
"09/08/2011","57,624","56,608","58,242","56,608","2.76M","1.80%"
"09/06/2011","56,607","54,998","56,676","54,121","2.85M","2.93%"
"09/05/2011","54,998","56,521","56,521","54,818","1.61M","-2.71%"
"09/02/2011","56,532","58,114","58,114","56,302","4.01M","-2.73%"
"09/01/2011","58,118","56,498","58,589","56,498","4.01M","2.87%"
"08/31/2011","56,495","55,399","56,495","55,399","2.94M","2.00%"
"08/30/2011","55,385","54,861","55,768","54,425","2.34M","0.96%"
"08/29/2011","54,861","53,356","55,027","53,356","2.29M","2.83%"
"08/26/2011","53,351","52,955","53,598","51,971","2.22M","0.75%"
"08/25/2011","52,953","53,796","54,155","52,677","2.38M","-1.57%"
"08/24/2011","53,796","53,787","54,279","52,993","2.49M","0.02%"
"08/23/2011","53,787","52,440","53,787","51,853","2.68M","2.57%"
"08/22/2011","52,440","52,472","53,552","52,397","2.14M","-0.02%"
"08/19/2011","52,448","53,135","53,601","52,336","2.58M","-1.29%"
"08/18/2011","53,134","55,037","55,037","52,246","3.12M","-3.52%"
"08/17/2011","55,073","54,324","55,073","53,828","3.16M","1.38%"
"08/16/2011","54,324","54,651","54,651","53,539","2.46M","-0.60%"
"08/15/2011","54,652","53,478","54,968","53,474","2.54M","2.20%"
"08/12/2011","53,473","53,344","53,643","52,650","3.27M","0.24%"
"08/11/2011","53,343","51,398","53,724","51,398","4.07M","3.79%"
"08/10/2011","51,395","51,151","52,164","49,947","4.36M","0.48%"
"08/09/2011","51,151","48,671","51,151","48,666","5.27M","5.10%"
"08/08/2011","48,668","52,938","52,938","47,793","4.89M","-8.09%"
"08/05/2011","52,949","52,811","53,866","51,153","4.32M","0.26%"
"08/04/2011","52,811","55,999","55,999","52,629","4.46M","-5.72%"
"08/03/2011","56,017","57,318","57,352","55,249","3.49M","-2.26%"
"08/02/2011","57,311","58,526","58,673","57,259","2.70M","-2.09%"
"08/01/2011","58,536","58,823","59,542","58,168","2.11M","-0.49%"
"07/29/2011","58,823","58,703","58,952","58,009","2.37M","0.20%"
"07/28/2011","58,708","58,297","59,167","58,290","2.23M","0.72%"
"07/27/2011","58,288","59,336","59,336","58,169","2.62M","-1.77%"
"07/26/2011","59,340","59,972","60,204","59,261","2.17M","-1.05%"
"07/25/2011","59,971","60,264","60,285","59,640","1.77M","-0.50%"
"07/22/2011","60,270","60,263","60,696","60,077","1.81M","0.01%"
"07/21/2011","60,263","59,120","60,441","59,120","2.16M","1.93%"
"07/20/2011","59,120","59,094","59,552","59,045","1.95M","0.06%"
"07/19/2011","59,082","58,838","59,394","58,677","1.89M","0.41%"
"07/18/2011","58,838","59,479","59,479","58,631","1.96M","-1.08%"
"07/15/2011","59,478","59,679","60,104","59,180","1.96M","-0.34%"
"07/14/2011","59,679","60,673","60,685","59,452","2.36M","-1.63%"
"07/13/2011","60,670","59,718","60,847","59,718","2.28M","1.62%"
"07/12/2011","59,705","60,220","60,516","59,705","1.95M","-0.86%"
"07/11/2011","60,224","61,502","61,502","60,098","1.77M","-2.10%"
"07/08/2011","61,513","62,207","62,207","61,366","1.67M","-1.12%"
"07/07/2011","62,207","62,573","63,206","62,207","1.87M","-0.57%"
"07/06/2011","62,565","63,039","63,039","62,391","1.61M","-0.75%"
"07/05/2011","63,039","63,886","63,886","63,030","1.94M","-1.33%"
"07/04/2011","63,891","63,397","63,891","63,314","1.00M","0.78%"
"07/01/2011","63,394","62,404","63,455","62,148","2.38M","1.59%"
"06/30/2011","62,404","62,337","62,574","61,959","1.81M","0.11%"
"06/29/2011","62,334","62,303","62,625","62,033","1.87M","0.05%"
"06/28/2011","62,303","61,216","62,309","61,216","1.80M","1.77%"
"06/27/2011","61,217","61,017","61,456","60,772","1.63M","0.33%"
"06/24/2011","61,017","61,192","61,459","60,921","1.45M","-0.29%"
"06/22/2011","61,194","61,420","61,859","61,194","1.86M","-0.37%"
"06/21/2011","61,424","61,188","61,543","61,179","1.70M","0.42%"
"06/20/2011","61,168","61,059","61,571","60,784","2.02M","0.18%"
"06/17/2011","61,060","60,883","61,268","60,566","1.97M","0.29%"
"06/16/2011","60,881","61,602","62,040","60,489","1.99M","-1.17%"
"06/15/2011","61,604","62,198","62,198","61,448","2.67M","-0.97%"
"06/14/2011","62,205","62,023","62,697","62,023","1.76M","0.29%"
"06/13/2011","62,023","62,701","62,968","62,022","1.40M","-1.08%"
"06/10/2011","62,697","63,470","63,478","62,495","1.69M","-1.22%"
"06/09/2011","63,469","63,037","63,773","62,872","1.95M","0.69%"
"06/08/2011","63,033","63,204","63,354","62,709","1.81M","-0.29%"
"06/07/2011","63,218","63,072","63,784","63,072","2.09M","0.24%"
"06/06/2011","63,068","64,340","64,512","62,960","1.82M","-1.98%"
"06/03/2011","64,340","64,216","64,979","63,628","2.16M","0.19%"
"06/02/2011","64,218","63,411","64,218","63,277","2.14M","1.27%"
"06/01/2011","63,411","64,616","64,674","63,401","2.16M","-1.87%"
"05/31/2011","64,620","63,961","64,620","63,932","2.43M","1.04%"
"05/30/2011","63,954","64,295","64,460","63,915","629.04K","-0.53%"
"05/27/2011","64,295","64,101","64,548","64,092","1.67M","0.31%"
"05/26/2011","64,099","63,389","64,121","63,232","2.40M","1.12%"
"05/25/2011","63,388","63,329","63,857","63,025","1.92M","0.08%"
"05/24/2011","63,337","62,350","63,415","62,350","2.01M","1.59%"
"05/23/2011","62,345","62,597","62,597","61,659","1.77M","-0.40%"
"05/20/2011","62,597","62,370","63,043","62,086","2.09M","0.37%"
"05/19/2011","62,367","62,844","63,607","62,225","2.29M","-0.75%"
"05/18/2011","62,841","63,675","64,015","62,830","2.49M","-1.31%"
"05/17/2011","63,673","62,830","63,680","62,414","2.21M","1.34%"
"05/16/2011","62,830","63,233","63,829","62,676","2.46M","-0.64%"
"05/13/2011","63,235","64,003","64,165","63,063","2.67M","-1.20%"
"05/12/2011","64,003","63,772","64,329","63,125","2.49M","0.36%"
"05/11/2011","63,776","64,877","64,877","63,622","2.46M","-1.70%"
"05/10/2011","64,877","64,622","65,143","64,619","1.98M","0.39%"
"05/09/2011","64,622","64,416","64,782","64,150","1.88M","0.32%"
"05/06/2011","64,417","63,422","64,704","63,422","2.69M","1.59%"
"05/05/2011","63,407","63,609","64,268","62,973","2.81M","-0.33%"
"05/04/2011","63,616","64,320","64,807","63,548","2.49M","-1.09%"
"05/03/2011","64,318","65,458","65,468","64,244","2.24M","-1.75%"
"05/02/2011","65,463","66,119","66,500","65,346","2.31M","-1.01%"
"04/29/2011","66,133","65,664","66,294","65,461","2.65M","0.70%"
"04/28/2011","65,673","66,249","66,249","65,105","3.09M","-0.89%"
"04/27/2011","66,264","67,143","67,228","65,885","2.15M","-1.31%"
"04/26/2011","67,144","66,972","67,413","66,722","1.73M","0.26%"
"04/25/2011","66,972","67,058","67,124","66,552","1.39M","-0.13%"
"04/20/2011","67,058","66,165","67,077","66,165","2.40M","1.36%"
"04/19/2011","66,158","65,417","66,257","65,417","2.21M","1.14%"
"04/18/2011","65,415","66,689","66,706","65,158","3.06M","-1.90%"
"04/15/2011","66,684","66,281","66,765","65,832","2.15M","0.61%"
"04/14/2011","66,279","66,483","67,042","66,090","2.26M","-0.31%"
"04/13/2011","66,486","66,909","67,411","66,251","2.52M","-0.61%"
"04/12/2011","66,896","68,153","68,153","66,721","2.53M","-1.86%"
"04/11/2011","68,164","68,719","69,177","68,029","2.17M","-0.81%"
"04/08/2011","68,718","69,180","69,430","68,472","2.11M","-0.66%"
"04/07/2011","69,176","69,040","69,334","68,695","2.22M","0.20%"
"04/06/2011","69,037","69,841","70,108","68,954","2.11M","-1.15%"
"04/05/2011","69,838","69,704","70,047","69,465","2.48M","0.19%"
"04/04/2011","69,704","69,270","69,787","69,270","1.92M","0.63%"
"04/01/2011","69,268","68,588","69,387","68,588","2.40M","0.99%"
"03/31/2011","68,587","68,000","68,606","68,000","2.12M","0.87%"
"03/30/2011","67,997","67,423","68,004","67,423","1.86M","0.86%"
"03/29/2011","67,419","67,194","67,862","67,046","1.77M","0.34%"
"03/28/2011","67,193","67,766","68,070","67,193","1.44M","-0.85%"
"03/25/2011","67,766","67,528","68,256","67,497","2.22M","0.35%"
"03/24/2011","67,533","67,799","68,009","67,406","1.82M","-0.39%"
"03/23/2011","67,796","67,570","67,918","67,317","2.15M","0.32%"
"03/22/2011","67,578","66,684","67,631","66,531","2.36M","1.33%"
"03/21/2011","66,690","66,887","67,676","66,656","2.56M","-0.28%"
"03/18/2011","66,880","66,217","67,384","66,217","2.84M","1.00%"
"03/17/2011","66,216","66,017","66,950","66,015","1.98M","0.32%"
"03/16/2011","66,003","67,011","67,502","65,663","3.06M","-1.50%"
"03/15/2011","67,005","67,168","67,168","65,463","2.85M","-0.24%"
"03/14/2011","67,169","66,684","67,333","66,088","1.87M","0.73%"
"03/11/2011","66,685","66,041","67,014","65,559","2.49M","0.98%"
"03/10/2011","66,041","67,256","67,256","65,854","2.38M","-1.82%"
"03/09/2011","67,264","68,010","68,057","67,109","1.41M","-1.10%"
"03/04/2011","68,012","68,138","68,220","67,514","1.84M","-0.20%"
"03/03/2011","68,146","67,284","68,188","67,284","2.25M","1.28%"
"03/02/2011","67,282","66,242","67,282","66,101","2.52M","1.57%"
"03/01/2011","66,243","67,381","67,708","66,243","2.17M","-1.69%"
"02/28/2011","67,383","66,909","67,458","66,687","2.64M","0.72%"
"02/25/2011","66,903","66,952","67,632","66,331","2.39M","-0.07%"
"02/24/2011","66,949","66,909","67,344","66,693","2.70M","0.06%"
"02/23/2011","66,910","66,440","67,266","66,049","3.33M","0.71%"
"02/22/2011","66,440","67,255","67,570","66,342","3.05M","-1.22%"
"02/21/2011","67,259","68,067","68,067","67,085","1.45M","-1.19%"
"02/18/2011","68,067","67,685","68,226","67,386","1.94M","0.56%"
"02/17/2011","67,685","67,580","67,876","67,107","2.15M","0.16%"
"02/16/2011","67,576","66,342","67,793","66,342","2.67M","1.86%"
"02/15/2011","66,341","66,558","66,861","66,117","2.36M","-0.33%"
"02/14/2011","66,558","65,751","66,743","65,462","1.95M","1.22%"
"02/11/2011","65,756","64,582","65,890","64,562","2.40M","1.82%"
"02/10/2011","64,578","64,217","65,106","64,185","2.36M","0.56%"
"02/09/2011","64,218","65,767","65,767","64,016","2.81M","-2.36%"
"02/08/2011","65,771","65,359","66,238","65,110","2.76M","0.63%"
"02/07/2011","65,362","65,272","65,893","64,916","1.98M","0.14%"
"02/04/2011","65,269","66,752","66,946","65,160","2.68M","-2.24%"
"02/03/2011","66,765","66,688","66,849","66,091","2.38M","0.12%"
"02/02/2011","66,688","67,844","68,012","66,643","2.55M","-1.71%"
"02/01/2011","67,847","66,575","67,922","66,575","2.11M","1.91%"
"01/31/2011","66,575","66,697","67,166","66,271","2.25M","-0.18%"
"01/28/2011","66,698","68,051","68,182","65,898","2.54M","-1.99%"
"01/27/2011","68,051","68,717","69,108","67,775","2.30M","-0.96%"
"01/26/2011","68,709","69,427","69,556","68,515","2.54M","-1.03%"
"01/24/2011","69,427","69,134","69,513","68,786","1.47M","0.43%"
"01/21/2011","69,133","69,560","70,027","69,095","2.07M","-0.62%"
"01/20/2011","69,562","70,056","70,083","69,177","2.17M","-0.71%"
"01/19/2011","70,058","70,921","71,190","69,966","1.88M","-1.22%"
"01/18/2011","70,920","70,612","71,094","70,612","1.88M","0.44%"
"01/17/2011","70,609","70,940","70,940","70,544","1.54M","-0.47%"
"01/14/2011","70,940","70,723","71,184","70,397","1.81M","0.31%"
"01/13/2011","70,721","71,631","71,924","70,719","2.24M","-1.27%"
"01/12/2011","71,633","70,429","71,633","70,429","2.52M","1.72%"
"01/11/2011","70,423","70,146","70,647","70,145","2.14M","0.42%"
"01/10/2011","70,127","70,056","70,133","69,666","1.61M","0.10%"
"01/07/2011","70,057","70,580","70,783","69,718","1.76M","-0.74%"
"01/06/2011","70,579","71,092","71,167","70,469","2.55M","-0.72%"
"01/05/2011","71,091","70,311","71,173","69,802","2.31M","1.10%"
"01/04/2011","70,318","69,962","70,318","69,560","2.43M","0.51%"
"01/03/2011","69,962","69,310","70,471","69,305","1.86M","0.95%"
"12/30/2010","69,305","68,953","69,527","68,940","2.10M","0.51%"
"12/29/2010","68,952","68,043","69,040","68,043","1.31M","1.34%"
"12/28/2010","68,041","67,810","68,104","67,810","1.40M","0.35%"
"12/27/2010","67,803","68,476","68,476","67,803","1.04M","-1.00%"
"12/23/2010","68,486","68,470","68,562","68,250","1.23M","0.02%"
"12/22/2010","68,471","68,218","68,472","67,727","1.66M","0.38%"
"12/21/2010","68,215","67,261","68,461","67,261","1.90M","1.41%"
"12/20/2010","67,264","67,979","68,196","67,264","2.35M","-1.05%"
"12/17/2010","67,981","67,304","67,981","66,948","1.98M","1.00%"
"12/16/2010","67,306","67,875","68,377","67,138","2.40M","-0.83%"
"12/15/2010","67,870","68,741","68,741","67,711","1.35M","-1.27%"
"12/14/2010","68,743","69,127","69,127","68,531","1.88M","-0.55%"
"12/13/2010","69,126","68,342","69,221","68,342","2.46M","1.15%"
"12/10/2010","68,342","67,889","68,514","67,866","2.81M","0.68%"
"12/09/2010","67,879","68,173","68,561","67,563","2.45M","-0.43%"
"12/08/2010","68,175","69,338","69,354","68,046","2.67M","-1.68%"
"12/07/2010","69,338","69,563","70,589","69,338","2.59M","-0.31%"
"12/06/2010","69,552","69,759","69,932","69,378","1.89M","-0.31%"
"12/03/2010","69,766","69,529","69,963","68,943","2.83M","0.34%"
"12/02/2010","69,527","69,341","69,943","69,219","2.11M","0.26%"
"12/01/2010","69,346","67,731","69,605","67,731","2.09M","2.42%"
"11/30/2010","67,705","67,901","68,476","67,271","2.16M","-0.30%"
"11/29/2010","67,908","68,218","68,422","67,103","1.78M","-0.47%"
"11/26/2010","68,226","69,349","69,349","68,219","1.56M","-1.64%"
"11/25/2010","69,362","69,634","69,780","69,362","981.63K","-0.38%"
"11/24/2010","69,629","67,955","69,746","67,955","1.99M","2.47%"
"11/23/2010","67,953","69,629","69,629","67,728","2.08M","-2.41%"
"11/22/2010","69,632","70,898","70,898","69,202","1.74M","-1.79%"
"11/19/2010","70,898","70,774","70,898","70,236","1.51M","0.17%"
"11/18/2010","70,781","69,716","70,904","69,716","1.88M","1.54%"
"11/17/2010","69,709","69,189","70,080","69,187","1.99M","0.75%"
"11/16/2010","69,192","70,364","70,364","68,662","2.24M","-1.67%"
"11/12/2010","70,367","71,191","71,191","70,004","1.19M","-1.16%"
"11/11/2010","71,195","71,639","71,639","70,941","1.35M","-0.62%"
"11/10/2010","71,638","71,674","71,854","70,868","1.49M","-0.06%"
"11/09/2010","71,679","72,654","73,045","71,651","1.51M","-1.35%"
"11/08/2010","72,657","72,607","72,875","72,336","1.08M","0.07%"
"11/05/2010","72,607","72,987","72,987","72,534","1.73M","-0.53%"
"11/04/2010","72,996","71,910","73,103","71,910","2.18M","1.52%"
"11/03/2010","71,905","71,560","72,110","71,510","2.15M","0.48%"
"11/01/2010","71,561","70,686","71,751","70,673","1.56M","1.26%"
"10/29/2010","70,673","70,322","70,776","70,322","2.21M","0.50%"
"10/28/2010","70,320","70,573","71,263","70,234","2.23M","-0.35%"
"10/27/2010","70,569","70,735","70,844","70,059","2.20M","-0.24%"
"10/26/2010","70,740","69,582","70,834","69,055","2.58M","1.67%"
"10/25/2010","69,580","69,536","70,231","69,451","3.84M","0.07%"
"10/22/2010","69,530","69,658","70,312","68,847","2.42M","-0.18%"
"10/21/2010","69,652","70,406","70,958","68,952","2.59M","-1.07%"
"10/20/2010","70,405","69,863","70,720","69,814","2.41M","0.77%"
"10/19/2010","69,864","71,735","71,735","69,628","2.50M","-2.61%"
"10/18/2010","71,736","71,830","71,884","71,341","2.11M","-0.13%"
"10/15/2010","71,830","71,699","72,140","71,351","2.02M","0.19%"
"10/14/2010","71,692","71,676","71,961","71,264","2.63M","0.02%"
"10/13/2010","71,675","70,950","71,995","70,950","2.98M","1.03%"
"10/11/2010","70,946","70,810","71,111","70,810","1.17M","0.19%"
"10/08/2010","70,809","69,921","70,828","69,698","2.14M","1.27%"
"10/07/2010","69,918","70,545","70,739","69,314","2.59M","-0.88%"
"10/06/2010","70,541","71,284","71,290","70,343","2.78M","-1.04%"
"10/05/2010","71,283","70,390","71,285","70,390","2.71M","1.28%"
"10/04/2010","70,385","70,230","70,551","70,089","1.88M","0.22%"
"10/01/2010","70,229","69,438","70,243","69,228","2.45M","1.15%"
"09/30/2010","69,430","69,230","69,737","68,924","2.47M","0.29%"
"09/29/2010","69,228","69,225","69,420","68,958","3.07M","0.00%"
"09/28/2010","69,228","68,817","69,431","68,455","1.85M","0.60%"
"09/27/2010","68,816","68,197","68,926","68,011","2.14M","0.91%"
"09/24/2010","68,196","68,800","69,571","68,021","3.44M","-0.87%"
"09/23/2010","68,794","68,321","69,601","67,892","3.31M","0.69%"
"09/22/2010","68,325","67,711","68,549","67,346","2.50M","0.89%"
"09/21/2010","67,719","68,189","68,255","67,528","1.73M","-0.69%"
"09/20/2010","68,190","67,087","68,241","67,009","1.78M","1.64%"
"09/17/2010","67,089","67,665","67,773","66,993","1.63M","-0.85%"
"09/16/2010","67,663","68,103","68,103","67,507","1.46M","-0.65%"
"09/15/2010","68,107","67,690","68,107","67,119","2.23M","0.61%"
"09/14/2010","67,692","68,030","68,093","67,561","2.59M","-0.50%"
"09/13/2010","68,031","66,807","68,142","66,807","2.14M","1.83%"
"09/10/2010","66,807","66,622","66,920","66,459","1.56M","0.27%"
"09/09/2010","66,624","66,411","66,806","66,353","1.44M","0.33%"
"09/08/2010","66,407","66,739","66,739","66,101","1.72M","-0.51%"
"09/06/2010","66,747","66,679","66,949","66,380","651.48K","0.10%"
"09/03/2010","66,679","66,812","67,673","66,541","2.02M","-0.19%"
"09/02/2010","66,808","67,073","67,168","66,405","1.60M","-0.40%"
"09/01/2010","67,073","65,154","67,073","65,154","2.51M","2.96%"
"08/31/2010","65,145","64,262","65,182","64,202","3.28M","1.38%"
"08/30/2010","64,261","65,585","65,585","64,255","1.29M","-2.02%"
"08/27/2010","65,585","63,875","65,589","63,848","1.76M","2.69%"
"08/26/2010","63,867","64,802","65,271","63,804","1.77M","-1.44%"
"08/25/2010","64,803","65,156","65,156","64,164","1.75M","-0.54%"
"08/24/2010","65,156","65,946","65,946","65,013","1.60M","-1.25%"
"08/23/2010","65,982","66,678","67,175","65,982","1.38M","-1.04%"
"08/20/2010","66,677","66,892","66,892","66,337","1.41M","-0.31%"
"08/19/2010","66,887","67,641","67,713","66,824","1.92M","-1.11%"
"08/18/2010","67,638","67,584","67,745","67,006","2.37M","0.08%"
"08/17/2010","67,584","66,702","67,666","66,702","1.75M","1.32%"
"08/16/2010","66,702","66,260","66,868","66,187","1.39M","0.66%"
"08/13/2010","66,264","65,964","66,590","65,921","1.84M","0.45%"
"08/12/2010","65,966","65,788","66,027","65,257","1.55M","0.27%"
"08/11/2010","65,790","67,217","67,217","65,690","1.73M","-2.13%"
"08/10/2010","67,223","67,836","67,836","66,946","1.63M","-0.94%"
"08/09/2010","67,862","68,096","68,513","67,749","1.25M","-0.34%"
"08/06/2010","68,095","68,416","68,509","67,686","1.51M","-0.46%"
"08/05/2010","68,412","68,271","68,471","68,002","1.61M","0.21%"
"08/04/2010","68,272","67,996","68,534","67,577","1.88M","0.40%"
"08/03/2010","67,997","68,517","68,561","67,942","1.90M","-0.76%"
"08/02/2010","68,517","67,524","68,754","67,524","1.77M","1.48%"
"07/30/2010","67,515","66,951","67,608","66,218","2.09M","0.84%"
"07/29/2010","66,954","66,796","67,428","66,596","2.16M","0.22%"
"07/28/2010","66,808","66,670","67,051","66,427","1.94M","0.20%"
"07/27/2010","66,674","66,449","67,102","66,293","1.60M","0.35%"
"07/26/2010","66,443","66,322","66,619","66,151","1.23M","0.18%"
"07/23/2010","66,323","65,748","66,323","65,427","1.54M","0.87%"
"07/22/2010","65,748","64,504","66,213","64,504","2.32M","1.97%"
"07/21/2010","64,477","64,468","65,136","64,209","1.82M","0.02%"
"07/20/2010","64,462","63,290","64,481","62,902","2.43M","1.84%"
"07/19/2010","63,297","62,351","63,300","62,351","1.28M","1.54%"
"07/16/2010","62,339","63,487","63,492","62,298","1.33M","-1.81%"
"07/15/2010","63,489","63,482","63,612","62,960","1.56M","0.02%"
"07/14/2010","63,479","63,686","63,688","63,015","1.45M","-0.33%"
"07/13/2010","63,686","62,964","63,777","62,964","1.58M","1.15%"
"07/12/2010","62,960","63,477","63,972","62,750","1.23M","-0.81%"
"07/08/2010","63,476","63,282","63,596","62,895","1.66M","0.30%"
"07/07/2010","63,284","62,067","63,313","62,004","1.73M","1.96%"
"07/06/2010","62,065","60,870","62,451","60,870","1.79M","1.97%"
"07/05/2010","60,865","61,436","61,667","60,796","759.93K","-0.92%"
"07/02/2010","61,430","61,236","61,812","60,764","1.14M","0.32%"
"07/01/2010","61,236","60,935","61,381","60,056","2.13M","0.49%"
"06/30/2010","60,936","61,972","62,645","60,936","1.96M","-1.68%"
"06/29/2010","61,978","64,216","64,216","61,670","2.20M","-3.50%"
"06/28/2010","64,225","64,825","65,105","64,225","943.30K","-0.92%"
"06/25/2010","64,824","63,937","64,869","63,806","1.26M","1.39%"
"06/24/2010","63,937","65,154","65,154","63,736","1.79M","-1.88%"
"06/23/2010","65,160","64,812","65,161","64,247","1.76M","0.54%"
"06/22/2010","64,811","64,834","65,831","64,690","1.93M","-0.03%"
"06/21/2010","64,829","64,442","65,517","64,442","1.62M","0.61%"
"06/18/2010","64,438","64,542","64,941","64,239","1.87M","-0.16%"
"06/17/2010","64,541","64,745","65,182","64,115","1.89M","-0.32%"
"06/16/2010","64,751","64,442","65,097","63,974","2.44M","0.48%"
"06/15/2010","64,442","63,534","64,554","63,534","1.27M","1.43%"
"06/14/2010","63,533","63,613","64,296","63,529","1.79M","-0.11%"
"06/11/2010","63,605","63,044","63,766","62,371","1.35M","0.88%"
"06/10/2010","63,049","61,484","63,146","61,484","1.72M","2.55%"
"06/09/2010","61,479","61,799","62,684","61,479","1.74M","-0.51%"
"06/08/2010","61,794","61,187","62,000","61,187","1.61M","1.00%"
"06/07/2010","61,183","61,675","62,119","61,099","1.63M","-0.80%"
"06/04/2010","61,676","62,940","62,940","61,422","1.69M","-2.01%"
"06/02/2010","62,943","61,836","63,198","61,814","1.88M","1.78%"
"06/01/2010","61,841","63,033","63,033","61,605","2.25M","-1.91%"
"05/31/2010","63,047","61,950","63,047","61,950","1.20M","1.78%"
"05/28/2010","61,947","62,080","62,247","61,305","2.08M","-0.23%"
"05/27/2010","62,092","60,191","62,262","60,189","2.39M","3.16%"
"05/26/2010","60,190","59,182","60,701","59,179","3.64M","1.70%"
"05/25/2010","59,184","59,912","59,912","57,876","2.48M","-1.22%"
"05/24/2010","59,915","60,255","60,850","59,815","1.79M","-0.57%"
"05/21/2010","60,259","58,192","60,303","57,997","2.56M","3.55%"
"05/20/2010","58,192","59,684","59,684","57,634","3.37M","-2.51%"
"05/19/2010","59,689","60,841","60,850","59,068","3.20M","-1.89%"
"05/18/2010","60,841","62,871","63,529","60,810","2.79M","-3.22%"
"05/17/2010","62,866","63,406","63,593","61,825","2.75M","-0.86%"
"05/14/2010","63,412","64,787","64,787","63,050","2.22M","-2.12%"
"05/13/2010","64,788","65,223","65,427","64,738","1.80M","-0.67%"
"05/12/2010","65,224","64,438","65,351","64,438","1.98M","1.24%"
"05/11/2010","64,425","65,449","65,733","64,425","2.40M","-1.57%"
"05/10/2010","65,453","62,872","66,083","62,872","2.38M","4.11%"
"05/07/2010","62,871","63,416","63,945","61,663","2.90M","-0.86%"
"05/06/2010","63,414","64,915","65,533","60,774","3.21M","-2.31%"
"05/05/2010","64,914","64,859","65,612","63,533","2.68M","0.07%"
"05/04/2010","64,869","67,116","67,116","64,588","2.82M","-3.35%"
"05/03/2010","67,119","67,534","67,969","66,723","1.78M","-0.61%"
"04/30/2010","67,530","67,975","67,975","67,243","2.12M","-0.66%"
"04/29/2010","67,978","66,661","68,012","66,661","1.61M","1.98%"
"04/28/2010","66,656","66,513","67,253","65,914","1.86M","0.22%"
"04/27/2010","66,511","68,868","68,868","66,499","2.06M","-3.43%"
"04/26/2010","68,872","69,509","69,810","68,813","1.18M","-0.92%"
"04/23/2010","69,509","69,388","69,709","68,832","1.37M","0.18%"
"04/22/2010","69,386","69,313","69,528","68,081","1.79M","0.10%"
"04/20/2010","69,318","69,101","69,702","69,101","1.75M","0.32%"
"04/19/2010","69,098","69,418","69,431","68,378","1.72M","-0.47%"
"04/16/2010","69,421","70,522","70,522","69,013","2.04M","-1.56%"
"04/15/2010","70,524","71,036","71,066","70,429","2.26M","-0.72%"
"04/14/2010","71,035","70,794","71,207","70,628","1.76M","0.34%"
"04/13/2010","70,792","70,618","71,053","70,169","1.63M","0.25%"
"04/12/2010","70,614","71,414","71,607","70,505","1.47M","-1.12%"
"04/09/2010","71,417","71,783","71,989","71,307","1.68M","-0.51%"
"04/08/2010","71,785","70,793","71,805","70,462","1.70M","1.40%"
"04/07/2010","70,793","71,092","71,257","70,531","1.72M","-0.43%"
"04/06/2010","71,096","71,290","71,711","70,823","1.70M","-0.27%"
"04/05/2010","71,290","71,148","71,645","71,148","1.32M","0.22%"
"04/01/2010","71,136","70,375","71,401","70,373","1.55M","1.09%"
"03/31/2010","70,372","69,960","70,392","69,573","1.68M","0.59%"
"03/30/2010","69,960","69,942","70,451","69,750","1.49M","0.03%"
"03/29/2010","69,939","68,681","69,943","68,681","1.53M","1.83%"
"03/26/2010","68,683","68,442","68,910","68,024","1.77M","0.35%"
"03/25/2010","68,442","68,916","69,572","68,377","1.48M","-0.68%"
"03/24/2010","68,913","69,382","69,677","68,744","1.60M","-0.68%"
"03/23/2010","69,387","69,049","69,613","68,913","1.61M","0.50%"
"03/22/2010","69,042","68,814","69,121","67,899","1.40M","0.31%"
"03/19/2010","68,829","69,701","69,998","68,773","1.96M","-1.25%"
"03/18/2010","69,697","69,726","70,128","68,972","1.66M","-0.04%"
"03/17/2010","69,723","69,945","70,424","69,376","1.37M","-0.31%"
"03/16/2010","69,942","69,023","69,949","69,022","1.30M","1.33%"
"03/15/2010","69,024","69,340","69,384","68,623","1.45M","-0.46%"
"03/12/2010","69,341","69,901","70,486","69,341","1.57M","-0.78%"
"03/11/2010","69,885","69,981","70,183","69,411","1.63M","-0.13%"
"03/10/2010","69,979","69,578","70,476","69,578","1.91M","0.58%"
"03/09/2010","69,576","68,573","70,144","68,255","2.46M","1.46%"
"03/08/2010","68,575","68,851","69,070","68,318","1.43M","-0.39%"
"03/05/2010","68,846","67,823","68,930","67,823","1.95M","1.52%"
"03/04/2010","67,815","67,643","68,198","66,924","1.40M","0.26%"
"03/03/2010","67,641","67,780","68,813","67,482","2.11M","-0.20%"
"03/02/2010","67,779","67,228","68,250","67,228","1.71M","0.82%"
"03/01/2010","67,228","66,511","67,397","66,511","1.36M","1.09%"
"02/26/2010","66,503","66,118","66,510","65,607","1.73M","0.58%"
"02/25/2010","66,121","65,765","66,325","64,429","1.79M","0.50%"
"02/24/2010","65,795","66,110","66,514","65,534","1.57M","-0.47%"
"02/23/2010","66,108","67,179","67,179","65,660","1.64M","-1.60%"
"02/22/2010","67,184","67,598","68,120","67,035","1.40M","-0.61%"
"02/19/2010","67,597","67,811","67,935","67,210","1.25M","-0.35%"
"02/18/2010","67,836","67,285","67,836","66,550","1.29M","0.82%"
"02/17/2010","67,285","65,863","67,542","65,863","1.04M","2.17%"
"02/12/2010","65,855","66,129","66,133","65,123","873.28K","-0.41%"
"02/11/2010","66,129","65,050","66,145","64,344","1.26M","1.66%"
"02/10/2010","65,051","64,721","65,170","64,320","891.04K","0.51%"
"02/09/2010","64,718","63,164","65,526","63,164","1.36M","2.48%"
"02/08/2010","63,153","62,760","63,923","62,728","1.88M","0.62%"
"02/05/2010","62,763","63,934","64,001","61,341","3.05M","-1.83%"
"02/04/2010","63,934","67,100","67,100","63,750","2.26M","-4.73%"
"02/03/2010","67,109","67,163","67,347","66,774","1.76M","-0.08%"
"02/02/2010","67,163","66,589","67,321","66,539","1.59M","0.89%"
"02/01/2010","66,572","65,402","66,763","65,362","1.49M","1.79%"
"01/29/2010","65,402","65,591","66,576","65,140","1.82M","-0.28%"
"01/28/2010","65,588","65,071","66,049","64,541","1.65M","0.80%"
"01/27/2010","65,070","65,527","65,663","64,553","1.81M","-0.69%"
"01/26/2010","65,524","66,213","66,213","64,719","1.99M","-1.05%"
"01/22/2010","66,220","66,264","66,660","65,445","1.30M","-0.08%"
"01/21/2010","66,270","68,200","68,458","65,996","2.26M","-2.83%"
"01/20/2010","68,200","69,901","69,901","67,546","1.99M","-2.44%"
"01/19/2010","69,909","69,396","70,036","68,867","1.32M","0.73%"
"01/18/2010","69,401","68,983","69,748","68,983","1.14M","0.61%"
"01/15/2010","68,978","69,780","69,788","68,695","1.65M","-1.18%"
"01/14/2010","69,801","70,377","70,508","69,661","1.83M","-0.83%"
"01/13/2010","70,385","70,081","70,626","69,535","1.82M","0.44%"
"01/12/2010","70,076","70,429","70,429","69,284","1.63M","-0.51%"
"01/11/2010","70,433","70,267","71,068","70,158","1.57M","0.24%"
"01/08/2010","70,263","70,455","70,766","70,158","1.63M","-0.27%"
"01/07/2010","70,451","70,723","70,723","70,045","1.55M","-0.39%"
"01/06/2010","70,729","70,236","70,937","70,016","2.24M","0.70%"
"01/05/2010","70,240","70,046","70,595","69,928","1.98M","0.28%"
"01/04/2010","70,045","68,587","70,081","68,587","1.66M","2.12%"
"12/30/2009","68,588","68,277","68,588","67,749","1.18M","0.43%"
"12/29/2009","68,296","67,902","68,309","67,902","669.25K","0.58%"
"12/28/2009","67,902","67,591","68,277","67,591","556.35K","0.46%"
"12/23/2009","67,589","67,418","67,810","66,943","904.33K","0.25%"
"12/22/2009","67,418","65,940","67,421","65,940","1.27M","2.26%"
"12/21/2009","65,925","66,806","67,671","65,925","1.41M","-1.30%"
"12/18/2009","66,794","67,068","67,281","66,322","1.08M","-0.41%"
"12/17/2009","67,068","68,619","68,619","66,792","1.34M","-2.26%"
"12/16/2009","68,622","69,310","69,622","68,466","1.71M","-0.99%"
"12/15/2009","69,311","69,345","69,515","68,822","1.28M","-0.05%"
"12/14/2009","69,349","69,273","69,785","69,193","1.29M","0.12%"
"12/11/2009","69,267","68,750","69,502","68,750","1.49M","0.78%"
"12/10/2009","68,728","68,021","68,912","68,021","1.47M","1.05%"
"12/09/2009","68,012","67,736","68,272","67,484","1.14M","0.42%"
"12/08/2009","67,729","68,511","68,511","67,470","1.55M","-1.14%"
"12/07/2009","68,512","67,611","68,866","67,611","1.19M","1.34%"
"12/04/2009","67,604","68,316","69,361","67,328","1.41M","-1.04%"
"12/03/2009","68,315","68,622","69,336","68,308","1.22M","-0.44%"
"12/02/2009","68,615","68,412","69,139","68,412","1.36M","0.30%"
"12/01/2009","68,408","67,051","68,757","67,051","2.33M","2.03%"
"11/30/2009","67,044","67,082","67,545","66,876","2.22M","-0.06%"
"11/27/2009","67,082","66,371","67,086","65,737","1.17M","1.04%"
"11/26/2009","66,392","67,911","67,911","66,236","825.67K","-2.25%"
"11/25/2009","67,917","67,319","67,997","67,241","1.39M","0.89%"
"11/24/2009","67,317","66,812","67,317","65,969","1.35M","0.76%"
"11/23/2009","66,809","66,335","67,365","66,335","1.58M","0.73%"
"11/19/2009","66,327","66,514","66,564","65,547","1.47M","-0.28%"
"11/18/2009","66,516","67,430","68,060","66,494","1.59M","-1.32%"
"11/17/2009","67,406","66,632","67,409","66,232","1.73M","1.17%"
"11/16/2009","66,627","65,326","66,896","65,326","1.76M","1.99%"
"11/13/2009","65,326","64,452","65,788","64,229","1.86M","1.36%"
"11/12/2009","64,448","66,427","66,614","64,319","1.91M","-2.99%"
"11/11/2009","66,431","66,303","67,170","66,028","1.81M","0.19%"
"11/10/2009","66,303","66,214","66,709","65,706","1.65M","0.13%"
"11/09/2009","66,214","64,475","66,236","64,475","1.60M","2.71%"
"11/06/2009","64,466","64,820","65,094","63,587","1.66M","-0.54%"
"11/05/2009","64,816","63,907","64,830","63,700","1.58M","1.41%"
"11/04/2009","63,913","62,650","64,142","62,650","1.89M","2.03%"
"11/03/2009","62,643","61,539","63,237","60,724","1.90M","1.78%"
"10/30/2009","61,546","63,721","64,226","60,913","2.00M","-3.41%"
"10/29/2009","63,721","60,167","63,907","60,167","1.75M","5.92%"
"10/28/2009","60,162","63,161","63,173","60,146","2.24M","-4.75%"
"10/27/2009","63,161","65,090","65,498","63,161","1.50M","-2.96%"
"10/26/2009","65,086","65,056","65,901","64,501","1.38M","0.04%"
"10/23/2009","65,059","66,144","66,982","64,988","1.39M","-1.63%"
"10/22/2009","66,135","65,490","66,502","65,454","1.27M","0.99%"
"10/21/2009","65,486","65,302","67,157","65,221","1.79M","0.28%"
"10/20/2009","65,303","67,231","67,231","64,076","2.65M","-2.88%"
"10/19/2009","67,239","66,200","67,530","66,194","1.40M","1.57%"
"10/16/2009","66,200","66,703","66,703","65,499","1.48M","-0.75%"
"10/15/2009","66,703","66,199","66,703","65,837","1.33M","0.76%"
"10/14/2009","66,201","64,653","66,393","64,653","2.10M","2.41%"
"10/13/2009","64,646","64,075","64,646","63,967","1.19M","0.90%"
"10/09/2009","64,071","63,772","64,177","63,493","1.15M","0.49%"
"10/08/2009","63,760","62,640","63,816","62,640","1.77M","1.79%"
"10/07/2009","62,638","62,666","63,015","62,104","1.41M","-0.05%"
"10/06/2009","62,671","62,378","63,291","62,002","1.67M","0.48%"
"10/05/2009","62,369","61,178","62,460","61,178","1.34M","1.96%"
"10/02/2009","61,172","60,453","61,333","59,678","1.74M","1.18%"
"10/01/2009","60,459","61,519","61,519","60,306","1.40M","-1.72%"
"09/30/2009","61,518","61,241","61,926","60,978","1.54M","0.46%"
"09/29/2009","61,235","61,316","61,599","60,750","1.18M","-0.13%"
"09/28/2009","61,317","60,357","61,317","60,357","955.74K","1.59%"
"09/25/2009","60,356","60,045","60,472","59,755","989.79K","0.52%"
"09/24/2009","60,046","60,496","60,978","59,600","1.31M","-0.74%"
"09/23/2009","60,496","61,489","61,630","60,478","1.52M","-1.62%"
"09/22/2009","61,493","60,938","62,017","60,938","1.59M","0.93%"
"09/21/2009","60,928","60,703","61,066","60,014","1.36M","0.37%"
"09/18/2009","60,703","60,236","60,710","60,158","1.29M","0.78%"
"09/17/2009","60,236","60,409","61,027","60,116","1.59M","-0.29%"
"09/16/2009","60,411","59,265","60,526","59,265","1.81M","1.94%"
"09/15/2009","59,264","58,868","59,401","58,691","1.13M","0.67%"
"09/14/2009","58,868","58,363","58,868","57,753","990.51K","0.86%"
"09/11/2009","58,366","58,537","58,834","58,145","1.12M","-0.29%"
"09/10/2009","58,536","57,908","58,538","57,615","1.40M","1.08%"
"09/09/2009","57,910","57,844","58,089","57,534","1.36M","0.10%"
"09/08/2009","57,855","56,655","57,855","56,655","1.37M","2.12%"
"09/04/2009","56,652","55,707","56,729","55,656","1.20M","1.70%"
"09/03/2009","55,707","55,389","55,888","55,339","1.27M","0.58%"
"09/02/2009","55,386","55,813","55,948","55,386","1.64M","-0.77%"
"09/01/2009","55,815","56,489","57,002","55,764","1.44M","-1.19%"
"08/31/2009","56,489","57,698","57,698","56,170","1.50M","-2.10%"
"08/28/2009","57,701","57,704","58,136","57,344","1.18M","-0.01%"
"08/27/2009","57,704","57,769","57,878","56,845","1.35M","-0.11%"
"08/26/2009","57,766","57,425","57,791","57,106","1.24M","0.60%"
"08/25/2009","57,421","57,778","58,311","57,401","1.25M","-0.61%"
"08/24/2009","57,775","57,731","58,634","57,698","1.43M","0.08%"
"08/21/2009","57,729","56,836","57,782","56,836","1.24M","1.58%"
"08/20/2009","56,831","56,173","56,897","56,143","1.07M","1.20%"
"08/19/2009","56,156","55,748","56,212","54,918","1.28M","0.73%"
"08/18/2009","55,749","55,219","55,891","55,216","1.13M","0.96%"
"08/17/2009","55,218","56,636","56,636","54,881","1.40M","-2.51%"
"08/14/2009","56,638","57,048","57,190","55,979","1.50M","-0.72%"
"08/13/2009","57,048","56,588","57,367","56,533","1.51M","0.81%"
"08/12/2009","56,588","55,761","56,696","55,714","1.66M","1.48%"
"08/11/2009","55,761","56,816","56,816","55,568","1.41M","-1.88%"
"08/10/2009","56,830","56,329","56,830","56,151","1.19M","0.89%"
"08/07/2009","56,330","55,758","56,644","55,758","1.26M","1.03%"
"08/06/2009","55,755","56,385","56,780","55,361","1.33M","-1.12%"
"08/05/2009","56,384","56,041","56,586","55,407","1.24M","0.62%"
"08/04/2009","56,038","55,998","56,656","55,727","1.51M","0.07%"
"08/03/2009","55,998","54,766","56,200","54,766","1.26M","2.25%"
"07/31/2009","54,766","54,474","54,980","54,206","1.23M","0.53%"
"07/30/2009","54,478","53,735","55,083","53,735","1.25M","1.38%"
"07/29/2009","53,735","54,470","54,470","53,256","1.23M","-1.35%"
"07/28/2009","54,472","54,547","54,547","53,779","1.30M","-0.14%"
"07/27/2009","54,549","54,458","54,886","53,943","1.11M","0.17%"
"07/24/2009","54,457","54,249","54,600","54,037","1.13M","0.38%"
"07/23/2009","54,249","53,074","54,629","53,065","2.06M","2.22%"
"07/22/2009","53,073","53,232","53,664","52,543","1.36M","-0.30%"
"07/21/2009","53,234","53,155","53,716","52,520","1.40M","0.15%"
"07/20/2009","53,155","52,073","53,262","52,073","1.50M","2.08%"
"07/17/2009","52,072","51,918","52,352","51,736","1.23M","0.30%"
"07/16/2009","51,918","51,292","52,338","50,703","1.55M","1.21%"
"07/15/2009","51,297","48,876","51,488","48,876","1.89M","4.96%"
"07/14/2009","48,873","49,186","49,647","48,573","1.43M","-0.64%"
"07/13/2009","49,187","49,221","49,644","48,262","1.33M","-0.07%"
"07/10/2009","49,221","49,175","49,326","48,714","1.04M","0.09%"
"07/08/2009","49,178","49,460","49,846","48,456","1.55M","-0.56%"
"07/07/2009","49,457","50,619","50,621","49,400","1.64M","-2.30%"
"07/06/2009","50,622","50,932","50,932","49,691","1.38M","-0.61%"
"07/03/2009","50,935","51,026","51,167","50,915","487.81K","-0.18%"
"07/02/2009","51,025","51,538","51,538","50,608","1.01M","-1.01%"
"07/01/2009","51,544","51,464","52,383","51,464","1.37M","0.15%"
"06/30/2009","51,465","52,143","52,435","51,102","1.32M","-1.29%"
"06/29/2009","52,138","51,488","52,275","51,488","1.05M","1.27%"
"06/26/2009","51,486","51,516","51,935","51,341","1.22M","-0.06%"
"06/25/2009","51,515","49,668","51,515","49,327","1.59M","3.71%"
"06/24/2009","49,672","49,819","50,758","49,520","1.37M","-0.29%"
"06/23/2009","49,814","49,496","49,902","49,130","1.40M","0.64%"
"06/22/2009","49,495","51,367","51,367","49,411","1.60M","-3.66%"
"06/19/2009","51,374","50,908","51,665","50,908","1.23M","0.93%"
"06/18/2009","50,903","51,050","51,275","50,510","1.16M","-0.28%"
"06/17/2009","51,046","51,197","51,197","50,265","1.64M","-0.31%"
"06/16/2009","51,206","52,035","52,494","51,166","1.33M","-1.59%"
"06/15/2009","52,034","53,558","53,558","51,252","1.66M","-2.85%"
"06/12/2009","53,558","53,411","53,936","53,143","1.42M","0.28%"
"06/10/2009","53,411","53,159","54,048","52,819","1.44M","0.48%"
"06/09/2009","53,157","53,633","54,102","52,845","1.23M","-0.88%"
"06/08/2009","53,630","53,340","53,905","52,483","1.18M","0.54%"
"06/05/2009","53,341","53,474","54,627","53,050","1.44M","-0.23%"
"06/04/2009","53,464","52,094","53,464","51,745","1.40M","2.64%"
"06/03/2009","52,087","53,999","54,001","51,643","2.04M","-3.54%"
"06/02/2009","54,000","54,486","54,955","53,850","1.92M","-0.89%"
"06/01/2009","54,486","53,202","54,857","53,202","1.80M","2.42%"
"05/29/2009","53,198","53,047","53,806","52,432","2.84M","0.30%"
"05/28/2009","53,041","51,795","53,041","51,795","1.52M","2.41%"
"05/27/2009","51,792","51,840","53,092","51,637","1.73M","-0.09%"
"05/26/2009","51,841","50,817","51,934","50,074","1.46M","2.02%"
"05/25/2009","50,816","50,558","50,969","50,558","490.96K","0.49%"
"05/22/2009","50,568","50,089","50,893","49,989","1.31M","0.96%"
"05/21/2009","50,087","51,244","51,244","49,565","1.68M","-2.26%"
"05/20/2009","51,245","51,349","52,640","51,143","2.06M","-0.20%"
"05/19/2009","51,347","51,465","52,145","50,987","2.00M","-0.23%"
"05/18/2009","51,463","49,012","51,490","49,012","1.73M","5.01%"
"05/15/2009","49,007","49,447","49,552","48,796","1.51M","-0.89%"
"05/14/2009","49,446","48,671","49,461","48,284","1.42M","1.58%"
"05/13/2009","48,679","50,317","50,317","48,430","1.71M","-3.27%"
"05/12/2009","50,326","50,980","51,565","49,808","1.85M","-1.28%"
"05/11/2009","50,976","51,389","51,389","50,060","1.29M","-0.82%"
"05/08/2009","51,396","50,066","51,396","50,051","1.69M","2.67%"
"05/07/2009","50,058","51,499","52,079","49,743","2.03M","-2.80%"
"05/06/2009","51,499","50,675","52,096","50,672","2.47M","1.64%"
"05/05/2009","50,670","50,404","50,909","50,013","1.95M","0.53%"
"05/04/2009","50,405","47,290","50,405","47,290","2.50M","6.59%"
"04/30/2009","47,290","47,235","48,126","47,235","2.14M","0.13%"
"04/29/2009","47,227","45,825","47,410","45,825","2.05M","3.07%"
"04/28/2009","45,821","45,819","46,138","44,966","1.79M","0.00%"
"04/27/2009","45,820","46,772","46,772","45,662","1.69M","-2.04%"
"04/24/2009","46,772","45,801","46,946","45,801","1.53M","2.12%"
"04/23/2009","45,801","44,888","45,804","44,888","1.24M","2.03%"
"04/22/2009","44,888","44,434","45,369","44,434","1.36M","1.02%"
"04/20/2009","44,433","45,778","45,778","44,275","1.27M","-2.94%"
"04/17/2009","45,778","46,018","46,187","45,723","1.47M","-0.54%"
"04/16/2009","46,025","45,277","46,211","45,277","1.77M","1.66%"
"04/15/2009","45,273","45,420","45,453","44,811","1.76M","-0.32%"
"04/14/2009","45,418","45,989","46,591","45,284","2.13M","-1.25%"
"04/13/2009","45,992","45,536","46,179","45,226","1.55M","0.99%"
"04/09/2009","45,539","44,183","45,702","44,183","1.92M","3.07%"
"04/08/2009","44,182","43,828","44,390","43,706","1.78M","0.81%"
"04/07/2009","43,825","44,163","44,471","43,593","1.71M","-0.77%"
"04/06/2009","44,167","44,385","44,385","43,429","1.47M","-0.50%"
"04/03/2009","44,391","43,738","44,610","43,520","1.88M","1.50%"
"04/02/2009","43,736","41,977","44,286","41,977","2.36M","4.19%"
"04/01/2009","41,976","40,918","42,005","40,256","1.67M","2.57%"
"03/31/2009","40,926","40,661","41,610","40,661","1.59M","0.67%"
"03/30/2009","40,653","41,909","41,909","40,351","1.51M","-2.99%"
"03/27/2009","41,907","42,589","42,589","41,586","1.34M","-1.60%"
"03/26/2009","42,589","41,801","42,680","41,801","1.64M","1.89%"
"03/25/2009","41,799","41,478","42,623","41,114","1.96M","0.78%"
"03/24/2009","41,476","42,439","42,439","41,476","1.83M","-2.27%"
"03/23/2009","42,439","40,077","42,509","40,077","1.88M","5.90%"
"03/20/2009","40,076","40,453","41,053","40,076","1.39M","-0.93%"
"03/19/2009","40,453","40,146","41,137","40,146","1.90M","0.77%"
"03/18/2009","40,142","39,508","40,551","38,850","1.73M","1.60%"
"03/17/2009","39,511","38,608","39,511","38,080","1.46M","2.34%"
"03/16/2009","38,607","39,018","39,713","38,467","1.53M","-1.05%"
"03/13/2009","39,015","39,152","39,707","38,580","1.60M","-0.35%"
"03/12/2009","39,152","38,806","39,304","38,286","1.63M","0.89%"
"03/11/2009","38,805","38,795","39,310","38,238","1.40M","0.03%"
"03/10/2009","38,795","36,745","38,804","36,745","1.79M","5.59%"
"03/09/2009","36,741","37,103","37,464","36,392","1.07M","-0.98%"
"03/06/2009","37,105","37,367","38,309","36,476","1.48M","-0.71%"
"03/05/2009","37,369","38,391","38,391","36,973","1.35M","-2.69%"
"03/04/2009","38,402","36,468","38,554","36,468","1.80M","5.30%"
"03/03/2009","36,468","36,236","37,085","35,722","1.73M","0.64%"
"03/02/2009","36,235","38,180","38,180","36,196","1.73M","-5.10%"
"02/27/2009","38,183","38,178","38,801","37,324","1.65M","0.01%"
"02/26/2009","38,180","38,234","39,219","38,180","1.52M","-0.14%"
"02/25/2009","38,232","38,712","38,933","37,694","1.22M","-1.25%"
"02/20/2009","38,715","39,725","39,725","38,103","1.71M","-2.55%"
"02/19/2009","39,730","39,675","40,433","39,630","1.16M","0.14%"
"02/18/2009","39,674","39,848","40,434","39,209","1.65M","-0.43%"
"02/17/2009","39,847","41,838","41,838","39,817","1.73M","-4.77%"
"02/16/2009","41,841","41,672","41,841","41,026","1.09M","0.40%"
"02/13/2009","41,674","40,512","41,833","40,512","1.45M","2.90%"
"02/12/2009","40,501","40,827","41,082","39,992","1.78M","-0.84%"
"02/11/2009","40,846","41,207","42,032","40,286","1.67M","-0.88%"
"02/10/2009","41,207","42,101","42,819","40,960","2.28M","-2.12%"
"02/09/2009","42,100","42,755","43,441","41,977","1.75M","-1.53%"
"02/06/2009","42,756","41,110","42,873","41,110","2.18M","4.01%"
"02/05/2009","41,109","40,120","41,373","39,791","1.93M","2.44%"
"02/04/2009","40,129","39,746","41,490","39,746","2.41M","0.96%"
"02/03/2009","39,747","38,665","39,765","38,655","1.55M","2.80%"
"02/02/2009","38,666","39,296","39,364","38,453","1.33M","-1.62%"
"01/30/2009","39,301","39,637","40,273","39,185","1.48M","-0.85%"
"01/29/2009","39,638","40,229","40,229","39,369","1.33M","-1.46%"
"01/28/2009","40,227","38,704","40,438","38,704","2.13M","3.95%"
"01/27/2009","38,699","38,511","39,025","38,422","1.42M","0.49%"
"01/26/2009","38,509","38,130","39,065","37,831","1.49M","0.99%"
"01/23/2009","38,132","37,891","38,660","36,744","1.43M","0.63%"
"01/22/2009","37,894","38,543","38,845","37,255","1.74M","-1.68%"
"01/21/2009","38,543","37,279","38,543","37,279","1.67M","3.41%"
"01/20/2009","37,272","38,828","39,174","37,272","1.42M","-4.01%"
"01/19/2009","38,828","39,351","39,570","38,700","791.08K","-1.31%"
"01/16/2009","39,342","39,149","39,904","38,578","1.73M","0.49%"
"01/15/2009","39,151","37,993","39,197","36,806","2.03M","3.08%"
"01/14/2009","37,982","39,537","39,570","37,658","2.20M","-3.95%"
"01/13/2009","39,544","39,397","40,323","38,623","1.80M","0.36%"
"01/12/2009","39,403","41,585","41,585","39,345","1.55M","-5.24%"
"01/09/2009","41,583","41,992","42,525","41,181","1.57M","-0.97%"
"01/08/2009","41,991","40,819","41,991","40,251","1.56M","2.87%"
"01/07/2009","40,820","42,308","42,308","40,563","1.38M","-3.53%"
"01/06/2009","42,312","41,520","42,363","41,520","1.79M","1.91%"
"01/05/2009","41,519","40,243","41,889","39,526","1.91M","3.17%"
"01/02/2009","40,244","37,550","40,265","37,550","1.06M","7.17%"
"12/30/2008","37,550","37,070","37,783","37,065","1.57M","1.32%"
"12/29/2008","37,060","36,864","37,631","36,638","984.71K","0.53%"
"12/26/2008","36,864","36,470","37,136","36,334","508.53K","1.08%"
"12/23/2008","36,471","37,617","38,005","36,452","859.92K","-3.05%"
"12/22/2008","37,618","39,140","39,452","37,478","1.28M","-3.87%"
"12/19/2008","39,131","39,535","39,785","38,728","1.22M","-1.02%"
"12/18/2008","39,536","39,947","40,498","38,995","1.70M","-1.03%"
"12/17/2008","39,947","39,993","40,361","39,121","2.28M","-0.12%"
"12/16/2008","39,993","38,324","39,993","38,324","1.61M","4.37%"
"12/15/2008","38,320","39,368","39,735","38,320","1.63M","-2.68%"
"12/12/2008","39,374","38,517","39,374","37,014","1.69M","2.22%"
"12/11/2008","38,519","39,009","39,880","38,515","1.95M","-1.24%"
"12/10/2008","39,004","37,972","39,748","37,972","2.23M","2.73%"
"12/09/2008","37,968","38,285","38,863","37,653","2.01M","-0.83%"
"12/08/2008","38,285","35,347","38,426","35,347","2.42M","8.31%"
"12/05/2008","35,347","35,125","35,435","34,013","1.93M","0.62%"
"12/04/2008","35,128","35,311","35,944","35,128","1.26M","-0.48%"
"12/03/2008","35,297","35,001","35,476","33,798","2.24M","0.85%"
"12/02/2008","35,001","34,743","35,734","34,743","1.60M","0.75%"
"12/01/2008","34,740","36,596","36,596","34,396","1.46M","-5.07%"
"11/28/2008","36,596","36,216","37,217","35,944","1.55M","1.06%"
"11/27/2008","36,213","36,470","36,817","36,114","878.65K","-0.70%"
"11/26/2008","36,470","34,814","36,877","34,319","2.08M","4.76%"
"11/25/2008","34,813","34,189","35,532","33,620","1.71M","1.83%"
"11/24/2008","34,189","31,255","34,382","31,255","2.00M","9.40%"
"11/21/2008","31,251","33,403","33,403","31,081","1.89M","-6.45%"
"11/19/2008","33,405","34,098","34,786","33,275","1.57M","-2.02%"
"11/18/2008","34,095","35,698","35,698","33,882","1.75M","-4.54%"
"11/17/2008","35,717","35,777","36,373","34,427","1.39M","-0.20%"
"11/14/2008","35,789","36,003","36,697","35,016","1.63M","-0.57%"
"11/13/2008","35,993","34,374","36,244","33,645","1.89M","4.71%"
"11/12/2008","34,374","37,261","37,261","34,221","2.41M","-7.75%"
"11/11/2008","37,262","36,775","37,629","35,499","1.54M","1.32%"
"11/10/2008","36,776","36,672","38,725","36,298","1.47M","0.30%"
"11/07/2008","36,665","36,362","37,716","36,297","1.76M","0.83%"
"11/06/2008","36,362","37,786","37,786","35,387","2.00M","-3.77%"
"11/05/2008","37,786","40,245","40,245","37,711","2.13M","-6.13%"
"11/04/2008","40,255","38,256","41,003","38,256","2.13M","5.24%"
"11/03/2008","38,249","37,261","38,545","36,938","1.68M","2.66%"
"10/31/2008","37,257","37,447","37,945","35,858","2.00M","-0.51%"
"10/30/2008","37,449","34,852","37,590","34,852","2.49M","7.47%"
"10/29/2008","34,845","33,387","35,766","33,387","2.18M","4.37%"
"10/28/2008","33,387","29,438","33,387","29,438","2.34M","13.43%"
"10/27/2008","29,435","31,480","31,480","29,435","1.70M","-6.50%"
"10/24/2008","31,482","33,809","33,809","30,788","2.25M","-6.91%"
"10/23/2008","33,818","35,069","35,777","32,706","1.96M","-3.57%"
"10/22/2008","35,070","39,043","39,043","35,028","1.65M","-10.18%"
"10/21/2008","39,043","39,440","39,980","38,083","1.53M","-1.01%"
"10/20/2008","39,441","36,401","39,453","36,401","1.55M","8.36%"
"10/17/2008","36,399","36,440","38,342","35,834","1.85M","-0.12%"
"10/16/2008","36,442","36,835","37,394","33,752","2.28M","-1.06%"
"10/15/2008","36,833","41,567","41,567","35,411","2.15M","-11.39%"
"10/14/2008","41,569","40,833","43,753","40,218","2.26M","1.81%"
"10/13/2008","40,829","35,609","40,829","35,609","1.97M","14.66%"
"10/10/2008","35,610","37,079","37,079","33,238","2.44M","-3.96%"
"10/09/2008","37,080","38,594","40,479","36,832","2.18M","-3.92%"
"10/08/2008","38,594","40,137","40,439","37,597","2.83M","-3.85%"
"10/07/2008","40,140","42,104","43,167","39,583","1.97M","-4.66%"
"10/06/2008","42,101","44,502","44,502","37,617","2.08M","-5.43%"
"10/03/2008","44,517","46,155","48,075","44,158","1.58M","-3.53%"
"10/02/2008","46,145","49,805","49,805","45,113","1.68M","-7.34%"
"10/01/2008","49,799","49,538","49,834","47,641","1.50M","0.52%"
"09/30/2008","49,541","46,026","49,541","46,026","1.56M","7.63%"
"09/29/2008","46,028","50,743","50,743","43,766","1.88M","-9.36%"
"09/26/2008","50,783","51,824","51,824","49,902","1.99M","-2.02%"
"09/25/2008","51,828","49,848","51,867","49,848","1.40M","3.98%"
"09/24/2008","49,843","49,598","50,747","49,598","1.20M","0.50%"
"09/23/2008","49,593","51,537","51,856","49,289","1.65M","-3.78%"
"09/22/2008","51,541","53,055","53,455","51,530","1.45M","-2.85%"
"09/19/2008","53,055","48,424","53,168","48,424","2.10M","9.57%"
"09/18/2008","48,423","45,909","49,002","45,295","2.33M","5.48%"
"09/17/2008","45,909","49,218","49,218","45,859","2.32M","-6.74%"
"09/16/2008","49,229","48,404","49,313","46,261","2.05M","1.68%"
"09/15/2008","48,416","52,386","52,386","48,409","1.59M","-7.59%"
"09/12/2008","52,393","51,267","52,591","50,789","1.39M","2.19%"
"09/11/2008","51,270","49,629","51,270","48,217","1.56M","3.30%"
"09/10/2008","49,633","48,439","49,957","47,606","1.90M","2.47%"
"09/09/2008","48,435","50,711","50,711","48,419","1.48M","-4.50%"
"09/08/2008","50,718","51,940","53,706","50,646","1.47M","-2.35%"
"09/05/2008","51,940","51,404","51,940","50,092","1.44M","1.03%"
"09/04/2008","51,409","53,527","53,749","51,157","1.54M","-3.96%"
"09/03/2008","53,527","54,414","55,241","52,891","1.44M","-1.61%"
"09/02/2008","54,404","55,161","55,412","54,207","1.16M","-1.37%"
"09/01/2008","55,162","55,665","55,665","54,933","520.00K","-0.93%"
"08/29/2008","55,680","56,388","56,856","55,678","1.10M","-1.25%"
"08/28/2008","56,382","55,516","56,524","55,516","1.06M","1.55%"
"08/27/2008","55,519","54,366","55,591","54,366","881.67K","2.13%"
"08/26/2008","54,359","54,477","55,088","54,153","836.27K","-0.22%"
"08/25/2008","54,477","55,854","55,906","54,468","653.40K","-2.46%"
"08/22/2008","55,850","55,933","56,430","55,202","823.43K","-0.15%"
"08/21/2008","55,935","55,380","56,144","55,380","1.11M","1.01%"
"08/20/2008","55,377","53,641","55,545","53,641","1.15M","3.24%"
"08/19/2008","53,639","53,326","54,329","52,345","1.01M","0.59%"
"08/18/2008","53,327","54,252","54,928","53,050","846.96K","-1.69%"
"08/15/2008","54,244","55,137","55,307","53,831","945.79K","-1.62%"
"08/14/2008","55,138","54,573","55,725","54,573","1.07M","1.04%"
"08/13/2008","54,573","54,509","55,492","54,035","1.92M","0.13%"
"08/12/2008","54,503","54,721","55,355","54,325","1.23M","-0.40%"
"08/11/2008","54,720","56,590","56,974","54,569","1.21M","-3.29%"
"08/08/2008","56,584","57,018","57,146","56,152","1.05M","-0.76%"
"08/07/2008","57,018","57,546","57,942","56,960","1.12M","-0.91%"
"08/06/2008","57,542","56,473","57,813","56,473","1.27M","1.90%"
"08/05/2008","56,471","55,609","56,974","55,609","1.40M","1.55%"
"08/04/2008","55,609","57,619","57,641","55,367","1.15M","-3.51%"
"08/01/2008","57,630","59,505","59,505","57,492","999.46K","-3.15%"
"07/31/2008","59,505","59,998","60,023","59,225","1.28M","-0.82%"
"07/30/2008","59,998","58,069","59,998","58,069","1.53M","3.37%"
"07/29/2008","58,043","56,869","58,043","56,869","1.12M","2.06%"
"07/28/2008","56,869","57,207","58,176","56,839","887.59K","-0.58%"
"07/25/2008","57,199","57,420","57,711","56,418","1.18M","-0.41%"
"07/24/2008","57,434","59,425","59,641","57,334","1.78M","-3.34%"
"07/23/2008","59,421","59,646","60,242","59,313","1.42M","-0.38%"
"07/22/2008","59,647","60,772","60,780","59,231","1.20M","-1.85%"
"07/21/2008","60,772","60,002","61,275","60,002","1.23M","1.31%"
"07/18/2008","59,988","60,106","61,299","59,479","1.23M","-0.20%"
"07/17/2008","60,109","62,063","62,606","59,985","1.89M","-3.14%"
"07/16/2008","62,056","61,018","62,183","60,863","1.58M","1.71%"
"07/15/2008","61,015","60,715","61,679","58,790","1.47M","0.48%"
"07/14/2008","60,721","60,156","61,306","60,156","970.37K","0.95%"
"07/11/2008","60,148","60,256","61,053","59,603","1.05M","-0.17%"
"07/10/2008","60,253","59,528","60,589","58,338","1.49M","1.20%"
"07/08/2008","59,536","59,081","59,536","57,945","1.24M","0.76%"
"07/07/2008","59,088","59,372","60,795","58,731","1.08M","-0.47%"
"07/04/2008","59,365","59,266","59,779","58,786","642.07K","0.16%"
"07/03/2008","59,273","61,094","61,601","59,243","1.21M","-3.00%"
"07/02/2008","61,106","63,397","63,945","61,028","1.31M","-3.61%"
"07/01/2008","63,396","65,018","65,018","62,911","1.26M","-2.49%"
"06/30/2008","65,018","64,326","65,353","64,326","970.44K","1.08%"
"06/27/2008","64,321","63,951","64,624","63,881","1.10M","0.58%"
"06/26/2008","63,947","65,804","65,804","63,689","1.27M","-2.89%"
"06/25/2008","65,853","64,173","66,308","64,173","1.35M","2.63%"
"06/24/2008","64,168","64,636","65,084","63,713","1.13M","-0.73%"
"06/23/2008","64,640","64,622","65,401","64,440","858.52K","0.04%"
"06/20/2008","64,614","66,584","66,611","64,602","1.14M","-2.97%"
"06/19/2008","66,590","67,090","67,339","66,182","1.17M","-0.75%"
"06/18/2008","67,090","68,431","68,431","66,917","1.36M","-1.97%"
"06/17/2008","68,438","67,284","69,029","67,284","1.20M","1.71%"
"06/16/2008","67,285","67,206","67,618","66,430","1.04M","0.12%"
"06/13/2008","67,204","67,326","67,885","66,906","917.32K","-0.17%"
"06/12/2008","67,320","66,798","67,958","66,798","1.14M","0.79%"
"06/11/2008","66,795","67,775","68,061","66,715","1.25M","-1.45%"
"06/10/2008","67,775","69,275","69,275","67,067","1.26M","-2.17%"
"06/09/2008","69,281","69,786","69,990","68,534","1.03M","-0.72%"
"06/06/2008","69,786","71,208","71,211","69,515","1.20M","-2.00%"
"06/05/2008","71,209","68,674","71,248","68,674","1.22M","3.69%"
"06/04/2008","68,673","70,012","70,012","68,465","1.44M","-1.91%"
"06/03/2008","70,012","71,897","72,019","69,602","1.30M","-2.62%"
"06/02/2008","71,897","72,592","72,592","71,352","1.17M","-0.96%"
"05/30/2008","72,592","71,798","72,862","71,766","1.77M","1.11%"
"05/29/2008","71,798","73,154","73,920","71,695","1.54M","-1.85%"
"05/28/2008","73,153","70,995","73,180","70,734","1.46M","3.04%"
"05/27/2008","70,992","71,629","71,659","70,335","1.41M","-0.89%"
"05/26/2008","71,629","71,452","71,988","71,423","503.20K","0.25%"
"05/23/2008","71,452","72,295","72,295","70,774","1.09M","-1.17%"
"05/21/2008","72,295","73,508","73,780","72,150","1.46M","-1.66%"
"05/20/2008","73,517","73,445","73,522","72,146","1.26M","0.11%"
"05/19/2008","73,439","72,767","73,794","72,458","1.49M","0.92%"
"05/16/2008","72,767","71,496","72,767","71,496","1.35M","1.78%"
"05/15/2008","71,492","70,031","71,492","70,031","1.14M","2.09%"
"05/14/2008","70,027","70,495","70,966","70,027","1.20M","-0.68%"
"05/13/2008","70,503","70,422","71,084","70,108","1.21M","0.12%"
"05/12/2008","70,416","69,646","70,420","69,068","966.70K","1.11%"
"05/09/2008","69,646","69,722","69,722","68,764","841.25K","-0.11%"
"05/08/2008","69,722","69,021","69,877","69,014","975.06K","1.02%"
"05/07/2008","69,018","70,201","70,545","68,599","1.34M","-1.68%"
"05/06/2008","70,195","70,175","70,215","69,561","1.52M","0.03%"
"05/05/2008","70,175","69,366","70,435","69,366","1.35M","1.17%"
"05/02/2008","69,366","67,869","70,973","67,865","1.98M","2.21%"
"04/30/2008","67,868","63,826","68,038","63,826","2.11M","6.33%"
"04/29/2008","63,826","65,678","65,678","63,706","1.11M","-2.82%"
"04/28/2008","65,678","65,191","66,025","65,191","1.18M","0.75%"
"04/25/2008","65,187","64,576","65,253","64,172","1.11M","0.95%"
"04/24/2008","64,576","64,946","65,086","64,223","971.55K","-0.57%"
"04/23/2008","64,948","65,413","65,689","64,914","862.85K","-0.71%"
"04/22/2008","65,413","64,922","65,689","64,922","965.74K","0.75%"
"04/18/2008","64,923","64,554","65,384","64,554","856.82K","0.57%"
"04/17/2008","64,552","64,150","64,945","63,599","908.42K","0.62%"
"04/16/2008","64,152","62,625","64,314","62,625","1.24M","2.45%"
"04/15/2008","62,618","62,151","62,825","62,151","841.67K","0.75%"
"04/14/2008","62,153","62,592","62,733","61,466","926.68K","-0.69%"
"04/11/2008","62,585","63,526","63,526","62,459","696.84K","-1.48%"
"04/10/2008","63,527","63,475","63,646","62,712","909.31K","0.08%"
"04/09/2008","63,477","64,540","64,621","63,167","863.32K","-1.65%"
"04/08/2008","64,540","64,180","64,833","63,453","877.99K","0.57%"
"04/07/2008","64,176","64,447","65,409","63,919","909.33K","-0.42%"
"04/04/2008","64,446","64,177","64,630","63,906","812.76K","0.42%"
"04/03/2008","64,175","63,367","64,731","62,793","1.04M","1.28%"
"04/02/2008","63,364","62,775","63,816","62,775","1.08M","0.94%"
"04/01/2008","62,775","60,965","62,788","60,965","1.21M","2.96%"
"03/31/2008","60,968","60,449","60,982","59,917","2.17M","0.85%"
"03/28/2008","60,452","60,762","61,062","60,192","1.67M","-0.51%"
"03/27/2008","60,762","61,418","62,200","60,679","1.64M","-1.06%"
"03/26/2008","61,415","61,234","61,849","60,759","2.35M","0.30%"
"03/25/2008","61,234","59,820","61,616","59,820","2.52M","2.38%"
"03/24/2008","59,813","58,994","61,083","58,994","2.29M","1.40%"
"03/20/2008","58,987","58,818","59,170","57,824","2.72M","0.27%"
"03/19/2008","58,827","61,936","62,372","58,805","2.23M","-5.02%"
"03/18/2008","61,933","60,040","61,933","60,040","3.08M","3.20%"
"03/17/2008","60,012","61,987","61,987","59,342","2.13M","-3.19%"
"03/14/2008","61,991","62,280","63,028","60,710","2.81M","-0.46%"
"03/13/2008","62,280","62,175","62,413","60,168","3.85M","0.17%"
"03/12/2008","62,177","62,378","63,036","62,022","2.32M","-0.31%"
"03/11/2008","62,368","60,006","62,368","60,006","3.22M","3.95%"
"03/10/2008","59,999","61,869","61,923","59,996","1.90M","-3.02%"
"03/07/2008","61,868","62,973","62,973","61,382","2.49M","-1.76%"
"03/06/2008","62,975","64,631","64,676","62,975","2.25M","-2.56%"
"03/05/2008","64,629","63,653","65,045","63,653","2.32M","1.53%"
"03/04/2008","63,656","64,486","64,530","62,745","2.14M","-1.29%"
"03/03/2008","64,490","63,496","64,644","63,159","2.27M","1.58%"
"02/29/2008","63,489","65,553","65,553","63,482","2.82M","-3.15%"
"02/28/2008","65,555","65,495","66,005","65,248","3.69M","0.09%"
"02/27/2008","65,495","65,178","65,968","64,647","4.84M","0.48%"
"02/26/2008","65,183","64,994","65,399","63,983","3.56M","0.28%"
"02/25/2008","65,001","64,605","65,013","64,060","2.37M","0.61%"
"02/22/2008","64,609","63,780","64,609","63,360","2.08M","1.28%"
"02/21/2008","63,792","63,748","64,631","63,620","2.42M","0.07%"
"02/20/2008","63,747","62,292","63,780","61,634","2.76M","2.33%"
"02/19/2008","62,297","62,801","63,590","62,180","2.09M","-0.80%"
"02/18/2008","62,801","61,292","62,883","61,292","1.50M","2.50%"
"02/15/2008","61,272","61,803","61,803","60,717","2.35M","-0.88%"
"02/14/2008","61,819","62,595","63,224","61,737","2.36M","-1.23%"
"02/13/2008","62,591","61,802","63,002","61,802","4.42M","1.27%"
"02/12/2008","61,805","60,645","62,828","60,645","13.47M","1.92%"
"02/11/2008","60,643","59,081","60,805","59,081","2.57M","2.65%"
"02/08/2008","59,076","58,967","59,520","58,843","2.02M","0.19%"
"02/07/2008","58,965","58,965","59,581","58,030","3.99M","-0.01%"
"02/06/2008","58,969","61,076","61,076","58,742","2.05M","-3.46%"
"02/01/2008","61,080","59,491","61,187","59,491","3.60M","2.67%"
"01/31/2008","59,490","60,288","60,288","57,886","6.16M","-1.33%"
"01/30/2008","60,289","59,522","60,289","58,752","4.31M","1.27%"
"01/29/2008","59,530","58,597","59,715","58,597","3.44M","1.60%"
"01/28/2008","58,594","57,457","58,721","56,360","3.93M","1.97%"
"01/24/2008","57,463","54,242","57,675","54,242","3.80M","5.95%"
"01/23/2008","54,235","56,098","56,098","53,011","3.72M","-3.32%"
"01/22/2008","56,097","53,705","56,541","53,610","3.65M","4.45%"
"01/21/2008","53,709","57,503","57,503","53,487","3.57M","-6.60%"
"01/18/2008","57,506","57,039","58,291","56,241","5.81M","0.82%"
"01/17/2008","57,037","58,773","59,643","56,734","3.59M","-2.96%"
"01/16/2008","58,777","59,906","59,906","58,077","3.46M","-1.89%"
"01/15/2008","59,907","62,180","62,180","59,897","4.08M","-3.67%"
"01/14/2008","62,188","61,950","62,536","61,643","2.83M","0.40%"
"01/11/2008","61,942","63,514","63,514","61,942","2.92M","-2.48%"
"01/10/2008","63,515","62,677","63,615","62,594","3.23M","1.34%"
"01/09/2008","62,674","62,078","62,674","61,487","3.48M","0.96%"
"01/08/2008","62,081","60,771","62,650","60,771","3.31M","2.15%"
"01/07/2008","60,772","61,054","61,505","60,092","2.22M","-0.43%"
"01/04/2008","61,037","62,898","63,436","60,574","2.61M","-2.95%"
"01/03/2008","62,892","62,814","63,129","62,556","1.90M","0.12%"
"01/02/2008","62,815","63,885","63,906","62,659","2.98M","-1.68%"
"12/28/2007","63,886","63,776","64,124","63,598","2.59M","0.18%"
"12/27/2007","63,774","64,287","64,584","63,590","2.04M","-0.80%"
"12/26/2007","64,288","63,101","64,304","63,101","1.82M","1.89%"
"12/21/2007","63,098","61,725","63,398","61,725","2.45M","2.24%"
"12/20/2007","61,716","61,724","62,467","61,416","4.80M","-0.01%"
"12/19/2007","61,722","61,108","61,734","60,915","3.74M","1.02%"
"12/18/2007","61,096","59,832","61,421","59,414","3.62M","2.12%"
"12/17/2007","59,828","62,445","62,445","59,820","2.24M","-4.19%"
"12/14/2007","62,445","62,868","63,455","62,445","3.05M","-0.66%"
"12/13/2007","62,861","64,735","64,735","62,466","2.94M","-2.91%"
"12/12/2007","64,742","64,512","66,171","64,502","3.12M","0.36%"
"12/11/2007","64,512","65,448","66,451","64,127","4.64M","-1.43%"
"12/10/2007","65,446","65,642","65,874","65,228","3.68M","-0.29%"
"12/07/2007","65,639","65,789","66,529","65,278","2.29M","-0.23%"
"12/06/2007","65,791","64,929","65,791","64,692","3.11M","1.33%"
"12/05/2007","64,928","63,483","65,204","63,483","2.59M","2.28%"
"12/04/2007","63,482","63,203","63,722","62,373","1.95M","0.45%"
"12/03/2007","63,200","63,018","63,682","62,729","1.71M","0.31%"
"11/30/2007","63,006","62,157","63,701","62,157","4.85M","1.37%"
"11/29/2007","62,156","61,720","63,190","61,465","5.98M","0.71%"
"11/28/2007","61,715","59,432","61,858","59,432","6.12M","3.84%"
"11/27/2007","59,432","59,067","59,971","58,096","6.15M","0.61%"
"11/26/2007","59,069","60,973","61,560","59,067","6.20M","-3.12%"
"11/23/2007","60,971","60,662","61,334","60,662","8.92M","0.52%"
"11/22/2007","60,653","60,582","61,102","60,124","2.22M","0.12%"
"11/21/2007","60,582","62,335","62,335","59,847","6.54M","-2.81%"
"11/19/2007","62,336","64,609","64,609","62,321","3.82M","-3.52%"
"11/16/2007","64,609","64,634","64,802","63,627","4.45M","-0.03%"
"11/14/2007","64,631","62,919","64,896","62,919","10.89M","2.71%"
"11/13/2007","62,927","61,526","62,933","61,034","5.98M","2.28%"
"11/12/2007","61,527","64,321","64,321","61,452","5.39M","-4.34%"
"11/09/2007","64,321","63,571","65,281","62,279","6.87M","1.19%"
"11/08/2007","63,562","63,503","65,283","63,140","7.20M","0.10%"
"11/07/2007","63,501","64,503","64,603","63,223","112.10K","-1.55%"
"11/06/2007","64,503","62,967","64,524","62,967","4.56M","2.45%"
"11/05/2007","62,960","64,049","64,049","62,720","9.28M","-1.70%"
"11/01/2007","64,050","65,317","65,317","63,774","6.19M","-1.94%"
"10/31/2007","65,318","64,385","65,949","64,385","4.32M","1.45%"
"10/30/2007","64,383","65,044","65,147","64,264","7.82M","-1.02%"
"10/29/2007","65,044","64,275","65,670","64,275","7.74M","1.19%"
"10/26/2007","64,276","62,346","64,320","62,346","6.24M","3.10%"
"10/25/2007","62,341","62,628","63,206","61,968","6.49M","-0.45%"
"10/24/2007","62,625","62,693","62,816","61,448","7.75M","-0.11%"
"10/23/2007","62,697","61,214","62,773","61,214","7.59M","2.42%"
"10/22/2007","61,215","60,884","61,379","59,473","4.19M","0.53%"
"10/19/2007","60,894","63,270","63,349","60,883","5.45M","-3.74%"
"10/18/2007","63,261","63,192","63,322","61,943","4.54M","0.11%"
"10/17/2007","63,194","61,720","63,194","61,460","7.64M","2.39%"
"10/16/2007","61,718","62,965","62,965","61,565","4.90M","-1.99%"
"10/15/2007","62,969","62,455","63,841","62,411","520.87K","0.82%"
"10/11/2007","62,456","63,197","64,169","61,487","5.27M","-1.17%"
"10/10/2007","63,197","63,550","63,565","62,894","4.72M","-0.55%"
"10/09/2007","63,549","62,661","63,658","62,661","7.51M","1.42%"
"10/08/2007","62,661","62,319","62,725","61,841","4.08M","0.55%"
"10/05/2007","62,319","60,408","62,704","60,408","9.08M","3.17%"
"10/04/2007","60,407","60,102","61,080","59,536","8.71M","0.51%"
"10/03/2007","60,099","62,021","62,021","60,094","6.85M","-3.09%"
"10/02/2007","62,017","62,341","62,356","61,241","6.10M","-0.52%"
"10/01/2007","62,340","60,465","62,355","60,465","15.39M","3.10%"
"09/28/2007","60,465","61,054","61,054","60,086","5.43M","-0.96%"
"09/27/2007","61,052","59,713","61,052","59,713","6.39M","2.24%"
"09/26/2007","59,715","58,859","59,825","58,859","6.10M","1.46%"
"09/25/2007","58,858","58,717","58,862","57,969","3.46M","0.24%"
"09/24/2007","58,719","57,799","58,719","57,799","5.82M","1.59%"
"09/21/2007","57,799","56,919","57,899","56,919","7.36M","1.57%"
"09/20/2007","56,906","57,263","57,609","56,607","4.66M","-0.63%"
"09/19/2007","57,264","56,675","58,079","56,675","7.79M","1.06%"
"09/18/2007","56,666","54,351","56,844","54,351","7.55M","4.28%"
"09/17/2007","54,341","54,671","54,733","53,691","4.18M","-0.60%"
"09/14/2007","54,671","54,909","55,465","54,378","5.84M","-0.43%"
"09/13/2007","54,908","53,883","55,087","53,883","3.63M","1.90%"
"09/12/2007","53,883","53,922","54,622","53,718","5.60M","-0.07%"
"09/11/2007","53,921","52,660","53,954","52,660","4.89M","2.41%"
"09/10/2007","52,653","54,554","54,554","52,321","4.08M","-3.51%"
"09/06/2007","54,569","54,413","55,094","54,413","5.90M","0.30%"
"09/05/2007","54,408","55,243","55,243","54,156","2.83M","-1.52%"
"09/04/2007","55,250","54,834","55,566","54,588","9.58M","0.76%"
"09/03/2007","54,833","54,641","54,998","54,519","5.24M","0.36%"
"08/31/2007","54,637","52,874","54,715","52,874","46.50M","3.37%"
"08/30/2007","52,858","52,728","53,645","52,223","28.67M","0.23%"
"08/29/2007","52,735","51,648","52,810","51,647","20.05M","2.11%"
"08/28/2007","51,645","53,072","53,072","51,390","20.72M","-2.70%"
"08/27/2007","53,078","52,995","53,396","52,502","23.48M","0.15%"
"08/24/2007","52,998","51,845","52,998","51,390","48.70M","2.22%"
"08/23/2007","51,848","51,745","52,351","51,082","18.68M","0.20%"
"08/22/2007","51,745","49,815","51,749","49,815","26.17M","3.87%"
"08/21/2007","49,815","49,208","50,064","48,739","25.61M","1.24%"
"08/20/2007","49,206","48,561","49,574","48,561","40.15M","1.33%"
"08/17/2007","48,559","48,026","49,588","46,877","69.14M","1.13%"
"08/16/2007","48,016","49,281","49,281","44,938","94.94M","-2.57%"
"08/15/2007","49,285","50,912","51,286","49,106","108.09M","-3.20%"
"08/14/2007","50,912","52,434","52,945","50,912","49.40M","-2.90%"
"08/13/2007","52,434","52,647","53,670","52,202","48.39M","-0.39%"
"08/10/2007","52,638","53,431","53,431","51,682","58.81M","-1.48%"
"08/09/2007","53,431","55,213","55,213","53,324","50.74M","-3.28%"
"08/08/2007","55,241","53,804","55,616","53,804","64.40M","2.67%"
"08/07/2007","53,802","53,092","54,113","52,746","37.27M","1.34%"
"08/06/2007","53,091","52,846","53,207","51,317","81.61M","0.46%"
"08/03/2007","52,846","54,697","54,725","52,575","83.12M","-3.37%"
"08/02/2007","54,691","54,245","54,959","54,202","46.54M","0.84%"
"08/01/2007","54,234","54,170","54,234","53,036","60.58M","0.10%"
"07/31/2007","54,182","54,602","55,662","54,169","60.29M","-0.72%"
"07/30/2007","54,573","52,925","54,790","52,925","46.19M","3.12%"
"07/27/2007","52,922","53,893","54,407","52,922","64.17M","-1.80%"
"07/26/2007","53,893","55,998","55,998","52,627","80.24M","-3.76%"
"07/25/2007","56,001","55,797","56,409","54,520","79.98M","0.37%"
"07/24/2007","55,795","58,036","58,057","55,165","61.82M","-3.86%"
"07/23/2007","58,037","57,443","58,070","57,443","40.73M","1.03%"
"07/20/2007","57,443","58,125","58,125","57,103","36.50M","-1.17%"
"07/19/2007","58,125","57,556","58,293","57,556","47.26M","0.99%"
"07/18/2007","57,556","57,660","57,660","56,903","33.93M","-0.18%"
"07/17/2007","57,660","57,376","57,799","57,307","49.24M","0.50%"
"07/16/2007","57,374","57,644","57,666","57,035","51.59M","-0.47%"
"07/13/2007","57,644","57,613","57,983","57,327","49.97M","0.05%"
"07/12/2007","57,613","56,380","57,676","56,378","43.54M","2.23%"
"07/11/2007","56,356","55,882","56,495","55,628","42.58M","0.85%"
"07/10/2007","55,883","56,444","56,544","55,678","50.77M","-0.99%"
"07/06/2007","56,444","55,932","56,444","55,932","39.11M","0.92%"
"07/05/2007","55,932","55,696","55,932","55,345","54.02M","0.42%"
"07/04/2007","55,696","55,698","56,000","55,598","23.83M","-0.01%"
"07/03/2007","55,700","55,371","55,783","55,259","33.76M","0.59%"
"07/02/2007","55,371","54,396","55,386","54,396","67.22M","1.80%"
"06/29/2007","54,392","54,150","54,783","53,958","85.40M","0.45%"
"06/28/2007","54,147","54,154","54,648","54,147","89.19M","0.01%"
"06/27/2007","54,143","53,852","54,164","53,202","86.42M","0.54%"
"06/26/2007","53,852","54,045","54,413","53,842","68.43M","-0.35%"
"06/25/2007","54,042","54,270","54,605","53,605","84.71M","-0.41%"
"06/22/2007","54,267","54,644","54,644","53,952","94.64M","-0.71%"
"06/21/2007","54,657","54,030","54,844","53,911","103.58M","1.16%"
"06/20/2007","54,029","54,644","55,003","54,029","120.53M","-1.13%"
"06/19/2007","54,644","54,730","54,797","54,450","99.30M","-0.16%"
"06/18/2007","54,730","54,519","55,000","54,355","115.68M","0.39%"
"06/15/2007","54,519","53,723","54,726","53,723","123.50M","1.50%"
"06/14/2007","53,713","53,011","53,798","53,009","97.86M","1.36%"
"06/13/2007","52,994","51,799","53,226","51,799","175.65M","2.31%"
"06/12/2007","51,797","52,776","52,776","51,643","75.77M","-1.86%"
"06/11/2007","52,777","52,324","52,952","52,184","81.57M","0.85%"
"06/08/2007","52,330","52,045","52,500","50,884","84.33M","0.54%"
"06/06/2007","52,049","53,162","53,162","51,869","92.94M","-2.09%"
"06/05/2007","53,162","53,245","53,271","52,673","89.87M","-0.15%"
"06/04/2007","53,243","53,423","53,423","52,651","90.06M","-0.34%"
"06/01/2007","53,423","52,271","53,423","52,271","148.69M","2.21%"
"05/31/2007","52,268","52,536","52,877","52,098","125.17M","-0.49%"
"05/30/2007","52,528","51,706","52,595","50,607","140.48M","1.58%"
"05/29/2007","51,713","52,121","52,545","51,271","158.10M","-0.78%"
"05/28/2007","52,120","51,616","52,209","51,616","58.69M","0.97%"
"05/25/2007","51,618","50,541","51,633","50,541","93.92M","2.15%"
"05/24/2007","50,531","51,813","51,891","50,214","104.11M","-2.47%"
"05/23/2007","51,812","52,210","52,505","51,670","177.39M","-0.76%"
"05/22/2007","52,208","52,424","52,560","52,039","54.60M","-0.41%"
"05/21/2007","52,423","52,078","52,691","52,078","128.96M","0.66%"
"05/18/2007","52,078","51,633","52,088","51,499","103.17M","0.87%"
"05/17/2007","51,631","51,741","51,959","51,374","100.34M","-0.21%"
"05/16/2007","51,738","50,518","51,738","50,518","154.95M","2.41%"
"05/15/2007","50,518","50,511","51,042","50,370","88.11M","0.01%"
"05/14/2007","50,511","50,910","51,066","50,298","82.39M","-0.77%"
"05/11/2007","50,902","50,235","51,083","50,235","146.07M","1.33%"
"05/10/2007","50,235","51,298","51,298","50,205","183.38M","-2.08%"
"05/09/2007","51,300","50,277","51,369","50,149","129.55M","2.03%"
"05/08/2007","50,278","50,276","50,369","49,526","58.60M","-0.01%"
"05/07/2007","50,282","50,591","50,618","50,154","30.58M","-0.62%"
"05/04/2007","50,598","50,218","50,898","50,218","48.75M","0.76%"
"05/03/2007","50,218","49,472","50,318","49,472","61.50M","1.51%"
"05/02/2007","49,472","48,955","49,630","48,953","82.44M","1.05%"
"04/30/2007","48,956","49,222","49,482","48,744","155.71M","-0.56%"
"04/27/2007","49,230","49,067","49,232","48,311","97.45M","0.33%"
"04/26/2007","49,068","49,678","49,856","49,060","130.52M","-1.22%"
"04/25/2007","49,676","49,072","49,816","49,072","139.46M","1.23%"
"04/24/2007","49,071","49,162","49,259","48,602","85.15M","-0.19%"
"04/23/2007","49,162","49,409","49,477","49,097","84.80M","-0.50%"
"04/20/2007","49,408","48,763","49,459","48,763","155.98M","1.32%"
"04/19/2007","48,762","48,705","48,837","47,917","168.34M","0.11%"
"04/18/2007","48,710","48,760","49,339","48,456","190.93M","-0.09%"
"04/17/2007","48,755","48,923","49,156","48,631","140.11M","-0.34%"
"04/16/2007","48,921","47,925","49,022","47,925","155.06M","2.08%"
"04/13/2007","47,926","47,347","47,968","47,267","122.91M","1.22%"
"04/12/2007","47,347","46,941","47,389","46,506","117.21M","0.87%"
"04/11/2007","46,939","47,173","47,573","46,680","169.05M","-0.50%"
"04/10/2007","47,174","46,855","47,234","46,822","165.43M","0.68%"
"04/09/2007","46,855","46,650","47,239","46,650","124.57M","0.45%"
"04/05/2007","46,647","46,555","46,767","46,418","113.83M","0.20%"
"04/04/2007","46,554","46,290","46,692","46,113","121.56M","0.57%"
"04/03/2007","46,288","45,601","46,481","45,601","208.96M","1.52%"
"04/02/2007","45,597","45,805","45,805","45,225","141.63M","-0.45%"
"03/30/2007","45,805","45,355","45,805","45,138","124.97M","0.99%"
"03/29/2007","45,355","44,493","45,570","44,493","134.40M","1.96%"
"03/28/2007","44,484","45,204","45,204","44,315","132.18M","-1.60%"
"03/27/2007","45,207","45,646","45,646","45,143","95.10M","-0.96%"
"03/26/2007","45,645","45,533","45,712","44,965","78.42M","0.25%"
"03/23/2007","45,533","45,425","45,759","45,168","82.31M","0.24%"
"03/22/2007","45,424","45,631","45,950","45,272","139.70M","-0.45%"
"03/21/2007","45,631","44,350","45,631","44,350","201.40M","2.89%"
"03/20/2007","44,351","43,713","44,353","43,679","165.68M","1.46%"
"03/19/2007","43,713","42,734","43,714","42,734","142.70M","2.30%"
"03/16/2007","42,730","43,278","43,568","42,598","112.35M","-1.27%"
"03/15/2007","43,278","43,289","43,573","42,951","136.95M","-0.02%"
"03/14/2007","43,288","42,749","43,290","42,051","160.33M","1.26%"
"03/13/2007","42,749","44,249","44,249","42,724","159.22M","-3.39%"
"03/12/2007","44,249","44,133","44,406","43,845","116.19M","0.26%"
"03/09/2007","44,133","43,466","44,173","43,466","129.01M","1.53%"
"03/08/2007","43,466","42,672","43,726","42,672","85.35M","1.87%"
"03/07/2007","42,667","43,224","43,396","42,660","128.35M","-1.27%"
"03/06/2007","43,218","41,192","43,218","41,192","119.20M","4.95%"
"03/05/2007","41,179","42,370","42,370","41,117","123.68M","-2.81%"
"03/02/2007","42,370","43,518","43,518","42,297","199.57M","-2.64%"
"03/01/2007","43,517","43,886","43,886","42,037","131.23M","-0.85%"
"02/28/2007","43,892","43,150","43,923","43,122","176.10M","1.73%"
"02/27/2007","43,145","46,190","46,190","42,571","189.35M","-6.63%"
"02/26/2007","46,207","46,021","46,450","45,885","94.90M","0.42%"
"02/23/2007","46,016","46,452","46,517","45,813","76.53M","-0.94%"
"02/22/2007","46,452","46,097","46,752","46,097","121.58M","0.79%"
"02/21/2007","46,090","45,849","46,095","45,558","73.07M","0.53%"
"02/20/2007","45,849","45,955","45,966","45,614","107.39M","0.00%"
"02/16/2007","45,849","45,955","45,966","45,614","107.39M","-0.23%"
"02/15/2007","45,955","45,996","46,178","45,734","140.01M","-0.09%"
"02/14/2007","45,996","45,198","46,106","45,198","232.27M","1.77%"
"02/13/2007","45,197","43,932","45,197","43,932","116.71M","2.87%"
"02/12/2007","43,935","44,286","44,464","43,850","94.84M","-0.79%"
"02/09/2007","44,284","44,894","45,050","44,180","133.30M","-1.35%"
"02/08/2007","44,892","44,585","44,892","44,070","124.66M","0.68%"
"02/07/2007","44,588","45,352","45,425","44,488","114.29M","-1.68%"
"02/06/2007","45,352","45,287","45,486","45,038","109.40M","0.15%"
"02/05/2007","45,286","44,999","45,286","44,851","79.48M","0.64%"
"02/02/2007","44,998","44,815","45,204","44,597","106.51M","0.41%"
"02/01/2007","44,815","44,642","45,212","44,642","120.50M","0.39%"
"01/31/2007","44,642","44,046","44,643","43,824","131.51M","1.36%"
"01/30/2007","44,044","43,573","44,065","43,508","110.70M","1.08%"
"01/29/2007","43,573","44,414","44,435","43,555","95.14M","-1.89%"
"01/26/2007","44,412","44,687","44,687","43,870","102.46M","-0.62%"
"01/24/2007","44,687","44,177","44,808","44,041","114.65M","1.15%"
"01/23/2007","44,177","43,549","44,243","43,432","109.92M","1.43%"
"01/22/2007","43,553","43,431","43,879","43,183","70.80M","0.29%"
"01/19/2007","43,428","42,477","43,428","42,477","651.00M","2.24%"
"01/18/2007","42,478","42,741","43,402","42,407","97.20M","-0.60%"
"01/17/2007","42,735","42,626","42,930","42,252","73.00M","0.26%"
"01/16/2007","42,624","42,916","42,916","42,415","93.09M","-0.69%"
"01/15/2007","42,919","43,095","43,473","42,875","45.03M","-0.41%"
"01/12/2007","43,095","42,669","43,188","42,526","96.84M","1.00%"
"01/11/2007","42,670","42,336","43,128","41,940","84.17M","0.79%"
"01/10/2007","42,336","42,001","42,336","41,266","110.76M","0.78%"
"01/09/2007","42,007","42,831","43,001","41,438","112.99M","-1.92%"
"01/08/2007","42,830","42,249","42,926","42,144","114.01M","1.38%"
"01/05/2007","42,245","44,019","44,081","42,160","164.06M","-4.03%"
"01/04/2007","44,020","44,442","44,442","43,623","86.58M","-0.96%"
"01/03/2007","44,445","45,379","45,379","44,284","122.37M","-2.07%"
"01/02/2007","45,383","44,476","45,388","44,476","75.56M","2.04%"
"12/28/2006","44,474","44,526","44,675","44,373","113.11M","-0.12%"
"12/27/2006","44,526","43,602","44,526","43,602","101.32M","2.12%"
"12/26/2006","43,603","43,356","43,611","43,356","47.33M","0.57%"
"12/22/2006","43,356","43,385","43,602","43,125","65.73M","-0.07%"
"12/21/2006","43,385","43,505","43,689","43,100","80.74M","-0.27%"
"12/20/2006","43,502","43,592","43,946","43,379","111.49M","-0.20%"
"12/19/2006","43,590","43,038","43,590","42,891","119.39M","0.19%"
"12/18/2006","43,509","43,596","44,048","43,400","138.33M","-0.20%"
"12/15/2006","43,596","43,755","44,263","43,447","140.26M","-0.36%"
"12/14/2006","43,755","43,291","43,797","43,291","155.10M","1.09%"
"12/13/2006","43,285","43,026","43,394","42,783","194.33M","0.62%"
"12/12/2006","43,018","43,297","43,297","42,794","94.21M","-0.64%"
"12/11/2006","43,297","42,968","43,432","42,968","99.18M","0.74%"
"12/08/2006","42,978","42,910","43,303","42,818","66.40M","0.16%"
"12/07/2006","42,909","43,097","43,506","42,758","81.58M","-0.43%"
"12/06/2006","43,096","43,158","43,422","42,831","87.84M","-0.14%"
"12/05/2006","43,157","42,652","43,261","42,636","97.89M","1.18%"
"12/04/2006","42,654","41,329","42,660","41,282","86.58M","3.21%"
"12/01/2006","41,327","41,930","42,095","41,192","84.18M","-1.44%"
"11/30/2006","41,932","41,971","42,175","41,497","141.20M","-0.09%"
"11/29/2006","41,970","41,041","41,988","41,041","146.20M","2.26%"
"11/28/2006","41,043","40,915","41,083","40,428","955.37M","0.31%"
"11/27/2006","40,915","41,758","41,758","40,722","159.52M","-2.02%"
"11/24/2006","41,758","42,071","42,071","41,468","92.54M","-0.74%"
"11/23/2006","42,070","41,913","42,308","41,913","91.75M","0.37%"
"11/22/2006","41,913","41,579","41,951","41,308","109.89M","0.83%"
"11/21/2006","41,570","41,029","41,570","40,986","118.53M","1.32%"
"11/17/2006","41,029","41,164","41,164","40,482","117.27M","-0.32%"
"11/16/2006","41,162","41,296","41,781","41,153","157.41M","-0.31%"
"11/14/2006","41,291","40,607","41,342","40,607","141.77M","1.69%"
"11/13/2006","40,606","40,724","40,724","40,038","116.86M","-0.28%"
"11/10/2006","40,720","40,815","40,942","40,322","163.28M","-0.23%"
"11/09/2006","40,815","41,334","41,813","40,657","140.12M","-1.26%"
"11/08/2006","41,334","41,042","41,345","40,624","142.11M","0.70%"
"11/07/2006","41,048","41,247","41,402","40,863","129.70M","-0.48%"
"11/06/2006","41,247","40,437","41,256","40,437","171.53M","2.01%"
"11/03/2006","40,435","39,930","40,482","39,924","160.85M","1.26%"
"11/01/2006","39,930","39,279","40,104","39,279","151.36M","1.70%"
"10/31/2006","39,263","38,900","39,263","38,880","166.83M","0.93%"
"10/30/2006","38,900","39,327","39,340","38,681","94.53M","-1.09%"
"10/27/2006","39,328","39,640","39,746","39,293","115.17M","-0.80%"
"10/26/2006","39,645","39,563","39,843","39,365","98.57M","0.21%"
"10/25/2006","39,563","39,499","39,721","39,341","122.63M","0.16%"
"10/24/2006","39,499","39,227","39,552","39,091","74.33M","0.69%"
"10/23/2006","39,227","38,643","39,227","38,273","101.06M","1.51%"
"10/20/2006","38,643","38,919","38,958","38,440","71.73M","-0.71%"
"10/19/2006","38,920","38,595","38,940","38,561","3.89M","0.60%"
"10/18/2006","38,686","38,898","39,446","38,557","208.40M","-0.55%"
"10/17/2006","38,898","39,226","39,226","38,672","88.85M","-0.84%"
"10/16/2006","39,229","38,852","39,261","38,672","110.70M","0.98%"
"10/13/2006","38,850","38,328","39,177","38,328","112.58M","1.38%"
"10/11/2006","38,322","38,652","38,652","38,091","87.99M","-0.86%"
"10/10/2006","38,655","38,411","38,778","38,407","119.44M","0.65%"
"10/09/2006","38,406","37,930","38,626","37,736","111.50M","1.23%"
"10/06/2006","37,940","37,976","37,976","37,493","88.62M","-0.10%"
"10/05/2006","37,977","37,750","38,205","37,624","147.09M","0.60%"
"10/04/2006","37,749","36,441","37,780","36,441","201.05M","3.60%"
"10/03/2006","36,438","37,057","37,057","36,438","121.79M","-1.67%"
"10/02/2006","37,058","36,450","37,317","36,450","149.99M","1.67%"
"09/29/2006","36,449","36,486","36,570","36,261","128.96M","-0.10%"
"09/28/2006","36,486","36,105","36,487","36,031","124.88M","1.05%"
"09/27/2006","36,106","35,817","36,114","35,611","152.45M","0.80%"
"09/26/2006","35,819","34,972","35,827","34,972","121.51M","2.42%"
"09/25/2006","34,973","34,803","35,054","34,127","126.96M","0.50%"
"09/22/2006","34,799","34,829","34,897","34,397","131.28M","-0.09%"
"09/21/2006","34,830","35,199","35,332","34,624","198.93M","-1.04%"
"09/20/2006","35,197","35,889","36,069","34,928","153.83M","-1.92%"
"09/19/2006","35,886","36,477","36,487","35,555","115.66M","-1.64%"
"09/18/2006","36,483","36,168","36,670","36,134","68.70M","0.87%"
"09/15/2006","36,170","36,154","36,469","35,878","81.90M","0.04%"
"09/14/2006","36,154","36,548","36,680","36,087","91.09M","-1.08%"
"09/13/2006","36,550","36,147","36,726","36,034","142.78M","1.11%"
"09/12/2006","36,147","35,777","36,147","35,626","127.77M","1.05%"
"09/11/2006","35,772","36,561","36,561","35,666","158.48M","-2.15%"
"09/08/2006","36,558","36,705","36,725","36,495","80.36M","-0.41%"
"09/06/2006","36,710","37,368","37,368","36,710","99.02M","-1.76%"
"09/05/2006","37,368","37,693","37,693","37,271","104.15M","-0.86%"
"09/04/2006","37,693","37,330","37,739","37,287","83.71M","0.98%"
"09/01/2006","37,329","36,232","37,329","36,232","98.95M","3.03%"
"08/31/2006","36,232","36,313","36,606","36,013","152.05M","-0.22%"
"08/30/2006","36,313","36,303","36,520","36,125","144.24M","0.02%"