"Date","Price","Open","High","Low","Vol.","Change %"
"08/28/2026","118,173.36","116,806.24","118,515.48","116,803.28","201.10M","1.17%"
"08/27/2026","116,806.24","116,813.45","117,283.39","116,409.34","233.21M","-0.01%"
"08/26/2026","116,813.45","116,828.14","117,310.34","116,621.62","215.46M","-0.01%"
"08/25/2026","116,828.14","116,712.04","116,917.19","115,987.68","216.56M","0.10%"
"08/24/2026","116,712.04","117,747.80","118,182.27","116,712.04","269.71M","-0.88%"
"08/21/2026","117,747.80","115,659.23","118,473.55","115,657.73","274.71M","1.81%"
"08/20/2026","115,659.23","116,051.14","116,411.55","114,209.22","229.11M","-0.34%"
"08/19/2026","116,051.14","113,323.45","116,248.20","113,201.64","212.09M","2.41%"
"08/18/2026","113,323.45","114,672.93","114,871.81","113,323.45","223.43M","-1.18%"
"08/17/2026","114,672.93","114,060.88","114,996.75","114,056.88","153.67M","0.54%"
"08/14/2026","114,060.88","114,115.15","114,214.30","113,455.96","180.82M","-0.05%"
"08/13/2026","114,115.15","114,980.89","114,980.89","113,757.59","238.48M","-0.75%"
"08/12/2026","114,980.89","115,942.72","116,302.50","114,973.97","241.40M","-0.83%"
"08/11/2026","115,942.72","117,518.36","117,774.19","115,942.72","238.17M","-1.34%"
"08/07/2026","117,518.36","115,306.31","117,882.32","115,203.41","188.62M","1.92%"
"08/06/2026","115,306.31","115,415.67","115,789.99","114,930.00","219.97M","-0.09%"
"08/05/2026","115,415.67","114,256.28","115,828.89","114,256.28","201.80M","1.01%"
"08/04/2026","114,256.28","112,675.43","114,293.91","112,645.51","211.50M","1.40%"
"08/03/2026","112,675.43","112,032.40","112,675.43","111,922.67","223.53M","1.06%"
"07/31/2026","111,493.10","111,982.77","112,553.31","110,800.45","304.63M","-0.34%"
"07/30/2026","111,872.70","110,111.95","112,138.74","109,663.53","185.21M","1.30%"
"07/29/2026","110,440.34","111,214.41","111,216.29","109,904.12","175.35M","0.49%"
"07/28/2026","109,904.12","109,736.12","110,401.98","109,378.07","205.67M","-0.19%"
"07/27/2026","110,109.60","111,013.35","111,057.45","109,398.05","196.07M","0.65%"
"07/24/2026","109,398.05","108,060.31","109,661.46","107,979.85","201.36M","0.98%"
"07/23/2026","108,335.05","109,056.35","109,682.63","107,554.27","256.90M","-1.23%"
"07/22/2026","109,682.63","109,123.62","109,875.56","108,645.96","224.74M","0.64%"
"07/21/2026","108,980.05","109,928.09","110,153.92","108,413.22","191.06M","0.04%"
"07/20/2026","108,936.20","109,758.12","110,012.67","108,849.96","142.97M","-0.58%"
"07/17/2026","109,569.92","109,895.33","110,337.36","108,896.66","168.27M","-0.70%"
"07/16/2026","110,337.36","110,348.12","111,575.88","110,049.29","156.38M","0.04%"
"07/15/2026","110,288.71","110,442.51","110,756.05","109,720.97","186.03M","-0.26%"
"07/14/2026","110,572.86","109,811.09","110,572.86","108,911.23","204.76M","0.52%"
"07/13/2026","110,003.37","109,649.04","110,436.23","109,336.85","136.52M","-0.32%"
"07/10/2026","110,355.39","109,658.53","110,385.81","109,488.65","178.11M","0.79%"
"07/09/2026","109,488.65","109,254.11","110,049.74","108,349.44","220.20M","1.05%"
"07/08/2026","108,349.44","110,061.30","110,325.45","107,262.72","239.97M","-1.79%"
"07/07/2026","110,325.45","110,747.47","111,265.20","110,089.31","165.14M","-0.75%"
"07/06/2026","111,164.03","111,491.27","112,139.99","110,566.61","181.41M","-0.31%"
"07/03/2026","111,507.32","111,597.84","111,988.73","110,449.25","176.66M","0.96%"
"07/02/2026","110,449.25","109,466.47","111,448.47","109,466.47","290.59M","0.76%"
"07/01/2026","109,613.16","109,909.83","110,428.01","108,733.17","274.24M","-0.64%"
"06/30/2026","110,313.85","110,402.68","110,716.49","109,807.58","267.29M","0.04%"
"06/29/2026","110,271.44","110,841.29","111,404.33","110,125.31","165.67M","0.04%"
"06/26/2026","110,230.96","110,559.84","110,728.51","110,059.20","179.94M","-0.60%"
"06/25/2026","110,900.74","109,646.41","111,500.31","109,646.41","193.34M","0.98%"
"06/24/2026","109,828.87","111,725.92","111,804.05","109,558.79","234.23M","-1.62%"
"06/23/2026","111,634.87","110,708.67","112,033.92","110,265.94","238.54M","-0.97%"
"06/22/2026","112,730.22","113,287.48","113,558.49","112,319.49","178.83M","0.11%"
"06/19/2026","112,610.79","114,192.59","114,316.21","112,520.41","516.89M","-2.08%"
"06/18/2026","114,997.71","115,504.87","115,513.43","113,771.35","445.95M","-0.89%"
"06/17/2026","116,024.72","115,174.99","116,493.60","115,099.13","226.04M","0.41%"
"06/15/2026","115,556.19","114,554.81","116,302.54","114,554.81","272.92M","2.51%"
"06/12/2026","112,721.27","112,204.90","112,900.98","111,356.16","259.81M","2.24%"
"06/11/2026","110,253.85","109,456.95","110,637.53","109,227.80","250.30M","0.60%"
"06/10/2026","109,593.41","110,780.15","110,780.15","109,202.20","183.73M","-1.38%"
"06/09/2026","111,129.58","111,140.05","112,228.76","110,879.54","222.26M","0.04%"
"06/08/2026","111,089.93","110,338.64","111,446.82","110,338.64","203.85M","-0.17%"
"06/05/2026","111,275.44","112,437.28","113,207.47","111,130.83","","-1.05%"
"06/04/2026","112,453.45","112,796.44","113,206.37","112,222.73","219.43M","-0.47%"
"06/03/2026","112,987.06","113,784.77","114,006.15","112,672.11","220.30M","-0.89%"
"06/02/2026","114,006.15","113,294.17","114,464.01","112,032.26","345.43M","1.76%"
"06/01/2026","112,032.26","114,557.53","114,632.29","112,032.26","212.29M","-2.27%"
"05/29/2026","114,632.29","115,745.19","115,745.19","114,363.89","357.73M","-0.40%"
"05/28/2026","115,096.47","114,159.01","115,426.89","113,831.09","171.19M","-0.29%"
"05/27/2026","115,426.89","115,583.40","115,880.76","114,834.42","211.59M","-0.34%"
"05/26/2026","115,818.32","115,481.37","116,148.46","114,702.38","231.77M","-0.15%"
"05/25/2026","115,994.17","114,704.67","116,278.49","114,704.67","162.95M","2.45%"
"05/22/2026","113,215.96","114,725.86","115,024.40","112,781.54","285.59M","-0.73%"
"05/21/2026","114,052.91","114,268.44","114,802.96","113,556.26","235.82M","-0.51%"
"05/20/2026","114,634.05","113,830.89","115,020.15","113,654.22","208.99M","0.86%"
"05/19/2026","113,654.22","115,035.37","115,483.96","113,603.09","305.89M","-1.10%"
"05/18/2026","114,913.20","114,228.73","115,576.42","113,594.82","192.61M","0.32%"
"05/15/2026","114,544.37","116,047.80","117,362.40","114,223.43","252.27M","-2.40%"
"05/14/2026","117,362.40","117,615.64","118,618.06","116,962.60","156.34M","-0.02%"
"05/13/2026","117,380.17","117,642.93","118,276.23","116,001.89","195.51M","0.53%"
"05/12/2026","116,762.58","117,344.59","118,443.05","115,981.67","243.24M","-1.42%"
"05/11/2026","118,443.05","117,673.72","119,038.15","117,145.77","270.53M","0.47%"
"05/08/2026","117,888.93","118,158.45","119,153.90","117,052.60","181.75M","-1.06%"
"05/07/2026","119,153.90","119,739.05","120,099.03","118,829.07","251.40M","-0.01%"
"05/06/2026","119,165.54","116,254.42","119,970.83","115,017.05","319.66M","3.61%"
"05/05/2026","115,017.05","114,906.50","115,880.23","114,592.68","241.04M","0.31%"
"05/04/2026","114,660.79","115,112.27","115,885.69","114,499.17","178.19M","-0.45%"
"04/30/2026","115,180.53","113,856.06","116,044.87","113,720.27","275.68M","1.15%"
"04/29/2026","113,865.92","114,630.12","115,111.43","113,461.27","219.98M","-0.47%"
"04/28/2026","114,400.33","115,397.32","116,565.97","114,326.37","242.93M","-1.86%"
"04/24/2026","116,565.97","116,165.47","117,273.25","115,834.78","207.91M","0.10%"
"04/23/2026","116,449.09","117,209.42","118,068.33","116,033.18","179.64M","-1.37%"
"04/22/2026","118,068.33","119,077.10","119,078.49","117,775.24","189.94M","-0.29%"
"04/21/2026","118,412.24","119,606.15","120,005.25","118,412.24","217.05M","-1.33%"
"04/20/2026","120,005.25","119,811.97","121,249.37","119,482.38","166.59M","-1.03%"
"04/17/2026","121,249.37","118,335.61","121,524.97","118,085.19","331.81M","2.13%"
"04/16/2026","118,718.54","119,900.65","119,914.33","118,498.46","199.85M","-0.53%"
"04/15/2026","119,353.22","120,074.81","120,074.81","119,065.47","250.40M","-0.37%"
"04/14/2026","119,795.83","119,390.28","120,415.76","118,486.97","229.25M","1.10%"
"04/13/2026","118,486.97","117,766.77","119,025.13","117,359.97","180.18M","-0.45%"
"04/10/2026","119,025.13","118,458.22","119,645.84","117,696.44","153.60M","0.69%"
"04/09/2026","118,205.04","118,960.34","119,524.15","117,745.20","237.70M","-1.10%"
"04/08/2026","119,524.15","117,290.23","122,283.41","114,967.70","504.99M","3.96%"
"04/07/2026","114,967.70","115,848.30","116,122.75","114,153.09","240.96M","-0.99%"
"04/02/2026","116,122.75","114,368.59","116,600.36","113,200.48","207.35M","-0.41%"
"04/01/2026","116,600.36","116,686.56","117,649.68","114,067.56","316.05M","2.22%"
"03/31/2026","114,067.56","112,470.02","114,314.05","112,418.36","313.46M","1.47%"
"03/30/2026","112,418.36","112,276.86","112,511.86","111,194.33","294.59M","0.57%"
"03/27/2026","111,777.98","113,102.91","113,160.58","110,301.27","281.48M","-0.95%"
"03/26/2026","112,847.23","113,203.30","114,312.68","111,320.22","284.50M","-1.28%"
"03/25/2026","114,312.68","112,089.64","114,762.26","110,804.74","385.22M","3.17%"
"03/24/2026","110,804.74","110,265.67","111,001.30","109,299.98","313.34M","0.31%"
"03/23/2026","110,460.06","108,544.10","111,422.12","106,178.72","419.10M","0.35%"
"03/20/2026","110,070.23","110,782.46","113,356.47","110,070.23","747.61M","-0.45%"
"03/19/2026","110,572.12","112,717.72","113,709.76","108,640.61","603.37M","-2.76%"
"03/18/2026","113,709.76","117,256.19","117,701.82","113,126.22","338.96M","-3.02%"
"03/17/2026","117,252.45","116,326.55","117,350.79","115,774.93","350.92M","0.59%"
"03/16/2026","116,562.25","115,576.28","116,981.86","114,320.41","356.76M","1.43%"
"03/13/2026","114,924.21","117,078.79","117,078.79","114,924.21","364.96M","-1.73%"
"03/12/2026","116,948.44","117,158.73","118,091.70","115,663.62","265.27M","-0.38%"
"03/11/2026","117,398.52","119,080.44","119,606.91","115,746.70","306.55M","-1.85%"
"03/10/2026","119,606.91","118,858.13","120,689.51","116,785.77","360.93M","2.42%"
"03/09/2026","116,785.77","115,505.98","117,226.80","115,234.81","477.15M","0.17%"
"03/06/2026","116,583.41","120,630.46","120,760.94","116,047.28","314.13M","-2.98%"
"03/05/2026","120,167.42","122,284.06","122,284.06","119,579.12","268.14M","-0.78%"
"03/04/2026","121,114.33","120,993.84","122,538.61","119,962.82","289.64M","0.96%"
"03/03/2026","119,962.82","126,324.48","126,991.00","119,891.72","348.43M","-5.53%"
"03/02/2026","126,991.00","128,895.03","129,339.03","126,571.57","269.63M","-1.14%"
"02/27/2026","128,455.68","128,780.96","128,780.96","126,583.84","442.00M","1.48%"
"02/26/2026","126,583.84","126,798.60","127,467.05","126,516.61","260.01M","-0.13%"
"02/25/2026","126,742.36","126,456.26","127,186.71","125,162.06","197.78M","1.26%"
"02/24/2026","125,162.06","124,601.52","125,294.57","124,083.39","187.87M","0.09%"
"02/23/2026","125,052.11","124,002.03","125,304.20","123,022.03","204.20M","1.65%"
"02/20/2026","123,022.03","122,192.20","123,356.35","121,844.58","201.31M","0.97%"
"02/19/2026","121,844.58","122,737.81","123,199.41","120,909.06","237.59M","-0.55%"
"02/18/2026","122,517.32","120,466.76","122,517.32","119,410.04","233.08M","2.60%"
"02/17/2026","119,410.04","120,385.27","120,988.65","119,410.04","219.36M","-1.30%"
"02/16/2026","120,988.65","120,545.38","121,552.44","120,545.38","203.15M","0.34%"
"02/13/2026","120,584.07","120,851.02","122,213.40","119,905.61","230.49M","-1.33%"
"02/12/2026","122,213.40","121,484.76","122,608.70","121,366.53","217.11M","0.38%"
"02/11/2026","121,752.86","121,450.89","122,194.92","120,886.62","224.65M","0.72%"
"02/10/2026","120,886.62","120,750.70","121,264.58","119,642.86","218.34M","0.51%"
"02/09/2026","120,276.83","121,057.03","121,057.03","119,300.01","206.33M","0.19%"
"02/06/2026","120,051.24","117,608.60","120,235.69","117,608.60","227.92M","1.27%"
"02/05/2026","118,539.92","119,293.75","120,813.77","117,759.01","337.94M","-1.88%"
"02/04/2026","120,813.77","121,238.30","121,755.26","120,516.30","270.55M","0.25%"
"02/03/2026","120,516.30","120,289.81","121,091.60","118,902.86","315.79M","1.36%"
"02/02/2026","118,902.86","118,886.04","120,045.73","112,738.82","333.04M","-0.95%"
"01/30/2026","120,045.73","123,858.13","125,249.08","120,045.73","417.52M","-4.15%"
"01/29/2026","125,249.08","126,213.67","126,936.57","125,065.26","289.66M","0.14%"
"01/28/2026","125,069.19","125,321.20","125,473.72","123,419.62","240.92M","1.34%"
"01/27/2026","123,419.62","124,222.66","124,790.82","123,419.62","267.97M","-0.92%"
"01/26/2026","124,563.48","123,482.02","124,563.48","122,281.28","231.04M","1.87%"
"01/23/2026","122,281.28","122,414.22","122,683.24","121,434.26","224.64M","0.64%"
"01/22/2026","121,501.68","120,456.71","122,025.23","120,448.47","300.39M","0.60%"
"01/21/2026","120,780.97","121,222.44","121,657.36","120,534.40","245.80M","0.20%"
"01/20/2026","120,534.40","120,630.92","120,671.12","119,866.06","214.28M","0.35%"
"01/19/2026","120,116.38","120,071.42","120,352.94","119,649.18","168.40M","-0.04%"
"01/16/2026","120,169.74","120,612.11","121,041.80","119,758.17","268.87M","-0.58%"
"01/15/2026","120,870.11","120,620.63","121,602.47","120,509.49","246.09M","0.01%"
"01/14/2026","120,856.82","121,017.08","121,629.82","120,536.33","228.39M","-0.09%"
"01/13/2026","120,964.38","120,028.27","120,964.38","119,805.82","212.34M","0.68%"
"01/12/2026","120,148.14","119,244.32","120,148.14","118,110.22","176.92M","1.73%"
"01/09/2026","118,110.22","117,540.36","118,439.44","116,989.26","170.39M","0.96%"
"01/08/2026","116,989.26","117,514.37","118,035.06","116,874.76","181.00M","-0.79%"
"01/07/2026","117,922.55","118,256.56","118,722.83","117,796.72","452.78M","-0.67%"
"01/06/2026","118,722.83","116,395.41","119,052.92","116,395.41","224.43M","1.84%"
"01/05/2026","116,582.66","116,654.50","116,715.35","115,733.20","140.07M","0.42%"
"01/02/2026","116,091.98","116,684.88","116,925.71","115,748.57","97.58M","0.22%"
"12/31/2025","115,832.28","115,832.28","115,832.28","115,832.28","69.15M","-0.57%"
"12/30/2025","116,501.18","115,974.15","117,246.37","115,974.15","97.15M","0.39%"
"12/29/2025","116,047.93","116,873.75","117,427.67","115,979.99","96.52M","-0.89%"
"12/24/2025","117,085.45","117,080.66","117,528.91","116,602.49","42.17M","0.41%"
"12/23/2025","116,602.49","116,105.37","116,855.92","115,909.65","119.54M","0.60%"
"12/22/2025","115,909.65","115,672.88","116,328.88","114,849.89","151.83M","0.92%"
"12/19/2025","114,849.89","114,555.20","115,143.66","113,452.54","568.92M","0.29%"
"12/18/2025","114,515.83","114,183.87","115,286.54","113,744.39","504.57M","0.41%"
"12/17/2025","114,044.15","113,120.73","114,302.86","113,120.73","265.90M","1.05%"
"12/15/2025","112,863.01","112,619.74","113,672.23","112,619.74","200.53M","-0.39%"
"12/12/2025","113,301.77","113,161.84","114,312.90","112,123.60","259.11M","1.05%"
"12/11/2025","112,123.60","111,181.49","112,525.72","111,042.85","256.08M","0.97%"
"12/10/2025","111,042.85","110,841.88","111,115.61","110,730.56","196.86M","0.28%"
"12/09/2025","110,730.56","110,317.36","110,827.39","110,005.28","245.06M","-0.09%"
"12/08/2025","110,827.39","112,594.74","112,594.74","110,790.10","196.28M","-1.47%"
"12/05/2025","112,479.92","111,485.61","112,479.92","110,924.74","278.68M","1.40%"
"12/04/2025","110,924.74","111,041.79","111,383.27","110,546.60","241.73M","-0.37%"
"12/03/2025","111,332.74","110,856.90","111,622.54","110,272.32","228.09M","0.45%"
"12/02/2025","110,836.89","111,140.73","111,947.89","110,836.89","220.22M","-0.99%"
"12/01/2025","111,947.89","111,052.17","111,947.89","110,147.65","254.45M","0.89%"
"11/28/2025","110,958.51","111,616.29","111,616.29","110,458.38","398.38M","0.35%"
"11/27/2025","110,567.85","112,354.86","112,562.88","110,561.89","254.42M","-1.16%"
"11/26/2025","111,861.66","111,043.16","112,328.23","110,295.21","259.52M","1.42%"
"11/25/2025","110,295.21","110,597.90","110,898.31","109,222.46","248.78M","0.25%"
"11/24/2025","110,015.43","110,498.83","110,756.14","109,017.41","862.40M","0.34%"
"11/21/2025","109,641.33","110,112.22","111,896.75","108,263.46","243.58M","-2.02%"
"11/20/2025","111,896.75","112,100.83","112,876.92","111,640.37","286.30M","-0.11%"
"11/19/2025","112,019.34","111,035.14","112,019.34","110,391.91","232.03M","1.47%"
"11/18/2025","110,391.91","110,697.46","112,314.18","109,870.93","330.58M","-1.71%"
"11/17/2025","112,314.18","111,712.82","112,580.99","111,712.82","203.96M","0.30%"
"11/14/2025","111,973.21","112,946.52","114,045.55","110,793.68","194.13M","-1.82%"
"11/13/2025","114,045.55","113,378.76","115,716.46","112,908.47","272.28M","1.01%"
"11/12/2025","112,908.47","111,335.49","112,947.91","111,187.24","282.21M","1.55%"
"11/11/2025","111,187.24","111,331.78","111,791.36","110,841.60","220.41M","0.31%"
"11/10/2025","110,841.60","110,504.82","111,239.42","108,846.44","182.53M","1.83%"
"11/07/2025","108,846.44","109,442.77","110,100.53","108,287.84","190.62M","-1.14%"
"11/06/2025","110,100.53","109,226.56","110,342.92","108,795.92","248.39M","1.20%"
"11/05/2025","108,795.92","107,534.98","108,801.67","107,008.17","277.92M","1.32%"
"11/04/2025","107,381.91","108,179.25","109,080.93","106,789.67","246.12M","-1.56%"
"11/03/2025","109,080.93","109,225.60","109,915.08","108,623.95","215.57M","-0.15%"
"10/31/2025","109,243.56","109,619.04","109,884.40","109,201.27","261.80M","-0.39%"
"10/30/2025","109,669.78","110,178.86","110,371.25","109,095.01","232.97M","-0.64%"
"10/29/2025","110,371.25","110,341.99","111,466.46","109,762.60","229.03M","0.50%"
"10/28/2025","109,818.48","108,049.90","110,033.51","108,049.90","350.63M","1.02%"
"10/27/2025","108,707.33","110,567.46","111,128.04","108,678.92","238.45M","-1.57%"
"10/24/2025","110,443.73","111,051.19","111,223.22","109,472.91","207.16M","-0.27%"
"10/23/2025","110,742.69","109,373.72","110,742.69","108,837.14","224.97M","1.75%"
"10/22/2025","108,837.14","109,073.70","109,654.94","107,637.52","323.84M","-0.06%"
"10/21/2025","108,902.00","111,234.48","111,389.50","108,508.31","325.48M","-2.18%"
"10/20/2025","111,325.70","111,000.07","111,618.62","110,493.48","271.56M","0.53%"
"10/17/2025","110,736.11","112,969.65","113,024.09","110,736.11","269.56M","-2.02%"
"10/16/2025","113,024.09","111,846.89","113,196.77","111,634.60","258.68M","1.24%"
"10/15/2025","111,634.60","111,711.82","112,216.62","110,875.39","350.29M","0.68%"
"10/14/2025","110,875.39","110,370.05","111,028.82","109,986.06","245.19M","-0.14%"
"10/13/2025","111,028.82","110,358.89","111,120.63","110,022.75","211.99M","0.91%"
"10/10/2025","110,022.75","108,880.45","110,304.35","108,880.45","298.79M","-0.20%"
"10/09/2025","110,243.26","110,597.65","111,467.70","110,241.54","","-0.66%"
"10/08/2025","110,970.72","109,993.94","110,970.72","109,448.89","279.72M","1.39%"
"10/07/2025","109,448.89","109,694.55","109,949.00","109,205.66","279.76M","-0.43%"
"10/06/2025","109,925.94","110,138.48","110,350.02","109,497.54","280.81M","0.13%"
"10/03/2025","109,778.12","108,617.97","109,778.12","108,089.86","240.82M","1.56%"
"10/02/2025","108,089.86","109,028.66","109,472.77","107,984.86","268.85M","-0.52%"
"10/01/2025","108,649.81","108,086.19","109,156.96","107,830.67","347.46M","0.66%"
"09/30/2025","107,940.48","107,506.66","108,110.39","106,750.40","341.89M","0.65%"
"09/29/2025","107,243.58","107,914.92","107,914.92","106,700.14","236.95M","0.51%"
"09/26/2025","106,700.14","106,241.37","106,893.82","105,565.98","233.07M","0.85%"
"09/25/2025","105,803.18","106,005.40","106,693.24","105,647.81","296.33M","-0.83%"
"09/23/2025","106,693.24","106,352.91","106,828.29","105,963.07","297.35M","0.69%"
"09/22/2025","105,963.07","106,968.14","106,968.14","105,594.82","244.56M","-0.14%"
"09/19/2025","106,110.83","105,675.58","106,110.83","104,983.85","646.97M","0.65%"
"09/18/2025","105,422.83","104,504.81","105,898.85","104,504.81","444.32M","0.05%"
"09/17/2025","105,367.88","104,845.19","105,446.04","104,257.46","259.34M","0.46%"
"09/16/2025","104,884.98","105,486.83","105,486.83","104,644.52","358.09M","0.20%"
"09/15/2025","104,675.38","104,388.64","104,754.05","104,093.54","221.84M","0.21%"
"09/12/2025","104,458.36","104,456.25","104,613.93","103,927.36","305.23M","0.51%"
"09/11/2025","103,927.36","103,544.26","104,081.91","102,800.93","262.01M","0.33%"
"09/10/2025","103,587.74","103,380.19","103,659.82","103,131.08","283.47M","0.35%"
"09/09/2025","103,227.66","103,181.24","103,759.84","102,771.76","321.06M","0.44%"
"09/08/2025","102,771.76","102,223.26","102,771.76","101,532.28","263.98M","1.22%"
"09/05/2025","101,532.28","101,080.10","102,173.57","100,432.95","295.79M","1.09%"
"09/04/2025","100,432.95","101,287.26","101,540.16","100,432.95","454.16M","-1.07%"
"09/03/2025","101,514.87","101,887.52","101,887.52","100,586.22","344.41M","0.34%"
"09/02/2025","101,167.18","102,405.10","102,405.10","100,589.31","329.39M","-0.72%"
"09/01/2025","101,899.00","102,500.98","102,741.69","101,835.59","283.83M","0.06%"
"08/29/2025","101,835.59","101,850.63","102,110.69","101,398.39","301.52M","-0.02%"
"08/28/2025","101,858.90","102,053.94","102,625.06","101,658.56","281.12M","-0.14%"
"08/27/2025","102,006.75","102,409.17","102,433.16","101,725.29","271.76M","-0.42%"
"08/26/2025","102,433.16","102,856.71","102,978.47","102,157.31","834.00M","-0.53%"
"08/25/2025","102,978.47","102,927.25","103,265.96","102,723.50","210.16M","0.25%"
"08/22/2025","102,723.50","102,007.28","102,723.50","101,750.49","256.47M","0.96%"
"08/21/2025","101,750.49","101,379.74","101,866.63","101,055.87","235.40M","0.69%"
"08/20/2025","101,055.87","100,758.44","101,196.15","100,640.26","233.76M","-0.14%"
"08/19/2025","101,196.15","101,041.08","101,727.26","100,898.14","233.45M","0.05%"
"08/18/2025","101,142.62","102,296.47","102,296.47","101,142.62","196.30M","-0.79%"
"08/15/2025","101,950.32","102,348.94","102,462.70","101,792.37","186.03M","-0.04%"
"08/14/2025","101,993.04","102,193.92","102,553.36","101,529.98","228.25M","-0.28%"
"08/13/2025","102,278.42","101,777.12","102,639.58","101,271.16","254.47M","0.99%"
"08/12/2025","101,271.16","100,810.23","101,386.53","100,630.37","216.25M","0.64%"
"08/11/2025","100,630.37","100,714.75","101,090.13","100,254.87","225.35M","-0.22%"
"08/08/2025","100,855.21","100,630.17","101,058.47","100,603.70","283.44M","0.21%"
"08/07/2025","100,643.36","100,323.35","100,962.91","100,152.77","318.29M","0.49%"
"08/06/2025","100,152.77","99,907.21","100,347.25","99,674.14","212.65M","0.48%"
"08/05/2025","99,674.14","99,760.36","100,092.12","99,312.06","294.69M","0.36%"
"08/04/2025","99,312.06","98,631.52","99,312.06","97,744.15","280.71M","1.60%"
"08/01/2025","97,744.15","98,249.25","98,519.51","97,010.47","269.72M","-0.79%"
"07/31/2025","98,519.51","98,820.01","99,358.90","98,519.51","366.38M","-0.80%"
"07/30/2025","99,314.70","99,043.66","99,430.73","98,827.33","203.46M","0.15%"
"07/29/2025","99,165.06","98,891.04","99,456.26","98,692.31","242.70M","0.47%"
"07/28/2025","98,696.39","99,338.36","99,402.24","98,482.87","188.24M","-0.22%"
"07/25/2025","98,918.87","99,619.88","99,971.12","98,848.18","386.86M","-1.05%"
"07/24/2025","99,971.12","100,133.24","100,521.22","99,463.92","393.50M","-0.21%"
"07/23/2025","100,179.84","100,107.68","100,504.10","99,324.53","337.02M","0.86%"
"07/22/2025","99,324.53","99,567.61","99,653.78","98,822.95","2.00B","-0.33%"
"07/21/2025","99,653.78","98,813.92","99,658.14","98,687.07","258.36M","0.98%"
"07/18/2025","98,687.07","97,886.10","98,867.38","97,353.34","283.94M","1.37%"
"07/17/2025","97,353.34","97,263.80","97,374.64","97,001.62","274.37M","0.30%"
"07/16/2025","97,064.25","97,021.53","97,194.13","96,484.39","259.98M","0.05%"
"07/15/2025","97,019.36","97,254.36","97,653.63","96,799.66","231.98M","0.23%"
"07/14/2025","96,799.66","97,459.64","97,459.64","96,685.30","222.87M","-0.43%"
"07/11/2025","97,221.58","97,819.07","97,819.07","96,703.60","237.37M","-0.15%"
"07/10/2025","97,364.46","97,551.19","98,140.32","97,230.02","195.66M","0.14%"
"07/09/2025","97,230.02","96,888.32","97,583.38","96,888.32","182.23M","-0.03%"
"07/08/2025","97,255.74","97,538.47","97,878.81","97,167.82","253.94M","-0.11%"
"07/07/2025","97,363.36","96,967.21","97,375.13","96,461.90","146.59M","0.19%"
"07/04/2025","97,182.71","96,977.71","97,186.58","96,711.91","124.97M","0.25%"
"07/03/2025","96,937.03","96,968.28","97,284.25","96,609.37","204.04M","0.34%"
"07/02/2025","96,609.37","96,958.19","97,178.55","95,962.01","273.04M","-0.31%"
"07/01/2025","96,911.35","96,984.09","97,300.39","96,429.74","233.61M","0.50%"
"06/30/2025","96,429.74","96,098.65","96,706.28","95,862.28","284.14M","0.59%"
"06/27/2025","95,862.28","96,010.73","96,010.73","95,342.00","256.99M","-0.11%"
"06/26/2025","95,968.26","95,774.03","96,315.73","95,311.22","316.00M","0.69%"
"06/25/2025","95,311.22","95,991.55","96,526.09","94,905.64","297.04M","-0.60%"
"06/24/2025","95,887.03","95,448.53","96,100.77","95,128.20","247.66M","0.80%"
"06/23/2025","95,128.20","94,283.79","95,145.53","94,220.84","194.10M","0.44%"
"06/20/2025","94,710.48","94,819.50","95,527.61","94,710.48","593.88M","-0.22%"
"06/19/2025","94,914.70","94,554.68","94,992.81","94,047.47","343.80M","-0.08%"
"06/18/2025","94,992.81","94,361.01","95,182.82","94,013.92","231.46M","0.35%"
"06/17/2025","94,657.07","95,079.60","95,453.03","94,382.93","335.88M","-0.70%"
"06/13/2025","95,324.34","96,720.49","97,029.34","95,324.34","348.22M","-1.76%"
"06/12/2025","97,029.34","96,465.89","97,182.75","96,134.16","263.20M","0.65%"
"06/11/2025","96,404.14","96,881.31","97,094.28","96,053.16","265.74M","-0.26%"
"06/10/2025","96,657.00","96,577.79","97,055.12","96,407.34","311.95M","0.25%"
"06/09/2025","96,413.48","96,599.34","96,774.75","96,310.89","264.62M","0.05%"
"06/06/2025","96,366.08","96,797.22","96,901.34","96,336.01","260.76M","-0.05%"
"06/05/2025","96,411.77","95,910.14","96,776.84","95,650.16","284.04M","0.80%"
"06/04/2025","95,650.16","95,272.37","95,882.40","94,882.30","228.25M","0.81%"
"06/03/2025","94,882.30","94,812.01","95,097.13","94,545.87","","-0.29%"
"06/02/2025","95,162.33","94,290.33","95,162.33","94,256.84","221.26M","0.88%"
"05/30/2025","94,330.84","94,469.35","95,055.97","94,184.69","495.08M","-0.42%"
"05/29/2025","94,726.12","94,079.95","94,963.41","93,868.87","350.59M","0.91%"
"05/28/2025","93,868.87","93,602.18","94,315.72","93,590.33","215.02M","0.11%"
"05/27/2025","93,764.15","93,079.46","93,965.08","93,079.46","215.21M","0.04%"
"05/26/2025","93,724.31","93,595.29","94,203.95","93,492.61","139.90M","0.21%"
"05/23/2025","93,528.74","93,361.47","93,994.12","92,835.75","182.54M","0.42%"
"05/22/2025","93,135.11","93,193.17","93,397.44","92,490.41","230.85M","-0.28%"
"05/21/2025","93,397.44","93,294.26","93,827.39","92,763.22","267.44M","0.68%"
"05/20/2025","92,763.22","92,527.04","92,763.22","92,172.75","218.15M","0.29%"
"05/19/2025","92,492.11","92,505.19","92,696.70","91,753.14","195.78M","-0.14%"
"05/16/2025","92,618.55","92,483.94","92,618.55","92,084.64","184.84M","0.30%"
"05/15/2025","92,338.44","92,047.80","92,563.33","91,686.96","216.73M","-0.15%"
"05/14/2025","92,473.98","92,680.12","93,072.02","92,295.13","313.89M","-0.18%"
"05/13/2025","92,638.80","92,048.77","92,674.05","91,980.87","241.44M","0.51%"
"05/12/2025","92,170.83","92,476.35","92,992.11","91,861.21","226.52M","0.34%"
"05/09/2025","91,861.21","90,901.01","92,041.66","90,890.08","248.64M","1.07%"
"05/08/2025","90,890.08","91,452.63","91,857.58","90,890.08","191.13M","-0.66%"
"05/07/2025","91,496.59","91,981.38","92,412.94","91,478.34","277.84M","-0.58%"
"05/06/2025","92,027.51","92,628.63","92,653.29","91,004.45","235.81M","-0.04%"
"05/05/2025","92,063.06","92,304.55","92,596.54","91,831.61","245.46M","-0.29%"
"05/02/2025","92,332.59","91,408.27","92,702.80","91,408.27","178.45M","0.82%"
"04/30/2025","91,583.39","91,201.51","91,954.44","91,201.51","282.40M","0.30%"
"04/29/2025","91,311.15","90,654.20","91,447.71","90,654.20","194.00M","0.65%"
"04/25/2025","90,720.33","90,823.05","91,155.37","90,552.77","230.80M","0.19%"
"04/24/2025","90,552.77","89,527.92","90,647.95","89,485.72","276.46M","0.79%"
"04/23/2025","89,846.81","90,428.39","90,868.71","89,652.31","362.68M","-0.07%"
"04/22/2025","89,912.00","90,403.41","90,867.47","89,486.79","283.63M","0.48%"
"04/17/2025","89,486.79","89,839.73","89,936.74","89,216.04","253.19M","-0.23%"
"04/16/2025","89,696.69","89,466.10","90,534.36","89,407.05","247.86M","0.20%"
"04/15/2025","89,521.80","88,431.48","89,631.73","88,263.79","274.12M","0.91%"
"04/14/2025","88,717.11","87,149.86","88,717.11","86,406.46","305.21M","2.67%"
"04/11/2025","86,406.46","86,568.99","86,919.71","85,648.20","301.37M","0.42%"
"04/10/2025","86,041.54","84,776.98","86,704.45","82,485.81","461.90M","4.31%"
"04/09/2025","82,485.81","82,809.31","84,227.34","81,923.54","460.98M","-2.07%"
"04/08/2025","84,227.34","82,485.25","84,693.45","81,303.74","503.39M","2.51%"
"04/07/2025","82,161.52","79,356.56","83,629.39","77,165.00","533.24M","0.75%"
"04/04/2025","81,553.66","85,630.47","86,082.52","80,868.87","534.33M","-5.26%"
"04/03/2025","86,082.52","88,133.30","88,133.30","85,074.31","","-3.39%"
"04/02/2025","89,105.74","89,813.67","90,028.78","88,736.01","267.22M","-0.94%"
"04/01/2025","89,950.79","89,227.49","90,219.42","88,637.45","273.61M","1.48%"
"03/31/2025","88,637.45","89,466.54","89,572.58","88,595.99","274.67M","-1.04%"
"03/28/2025","89,572.58","89,792.15","90,154.19","89,360.77","212.87M","-0.36%"
"03/27/2025","89,897.64","89,851.27","89,994.03","89,261.29","240.20M","-0.03%"
"03/26/2025","89,926.53","89,830.51","90,310.71","89,622.16","218.68M","0.24%"
"03/25/2025","89,713.04","88,931.03","89,773.33","88,822.91","244.12M","0.82%"
"03/24/2025","88,985.61","89,218.50","89,781.45","88,958.96","229.99M","-0.60%"
"03/20/2025","89,518.75","89,640.49","90,264.13","89,395.76","770.06M","-0.70%"
"03/19/2025","90,149.69","88,876.00","90,464.39","88,876.00","308.85M","1.41%"
"03/18/2025","88,893.11","88,864.60","89,639.09","88,525.10","284.01M","0.42%"
"03/17/2025","88,525.10","87,692.82","88,547.93","87,692.82","273.30M","0.69%"
"03/14/2025","87,916.46","87,745.77","88,178.28","87,414.71","","0.97%"
"03/13/2025","87,067.75","86,952.81","87,300.44","86,703.33","300.09M","0.25%"
"03/12/2025","86,853.81","86,964.59","87,472.92","86,821.33","265.88M","-0.27%"
"03/11/2025","87,091.04","87,358.38","87,752.56","86,951.08","332.60M","-0.23%"
"03/10/2025","87,291.39","88,066.24","88,570.16","87,291.39","230.32M","-1.44%"
"03/07/2025","88,570.16","88,200.74","88,603.00","87,713.91","264.75M","0.35%"
"03/06/2025","88,260.08","88,777.48","88,930.31","87,717.58","259.78M","0.62%"
"03/05/2025","87,717.58","87,569.81","88,113.97","86,730.82","283.72M","1.14%"
"03/04/2025","86,730.82","87,389.73","87,564.82","86,634.32","273.04M","-0.95%"
"03/03/2025","87,564.82","86,485.40","87,848.52","85,942.71","244.04M","1.89%"
"02/28/2025","85,942.71","86,658.56","87,325.35","85,942.71","696.11M","-1.58%"
"02/27/2025","87,325.35","88,193.98","88,378.04","87,325.35","248.75M","-1.13%"
"02/26/2025","88,321.76","88,003.70","88,466.09","87,753.79","237.30M","0.65%"
"02/25/2025","87,753.79","87,067.06","88,058.60","87,067.06","242.08M","0.38%"
"02/24/2025","87,423.27","88,211.35","88,913.81","87,423.27","214.09M","-1.68%"
"02/21/2025","88,913.81","89,022.51","89,185.81","88,751.68","227.42M","0.05%"
"02/20/2025","88,873.33","88,408.95","88,953.94","88,261.96","287.23M","0.60%"
"02/19/2025","88,341.89","88,888.79","89,253.73","88,341.89","284.36M","-0.81%"
"02/18/2025","89,061.67","88,622.73","89,198.82","88,399.57","218.99M","0.75%"
"02/17/2025","88,399.57","89,010.76","89,031.43","88,033.00","189.73M","-0.36%"
"02/14/2025","88,717.13","88,634.49","89,008.21","87,841.46","211.75M","1.00%"
"02/13/2025","87,841.46","88,398.08","88,643.75","87,742.03","272.92M","-0.11%"
"02/12/2025","87,942.18","88,018.59","88,525.03","87,562.74","261.00M","0.43%"
"02/11/2025","87,562.74","87,866.36","87,866.36","87,347.82","230.99M","-0.23%"
"02/10/2025","87,765.36","87,583.52","87,956.33","87,448.25","254.24M","0.33%"
"02/07/2025","87,474.49","87,226.56","87,872.05","87,191.22","267.59M","0.32%"
"02/06/2025","87,191.22","86,585.56","87,555.02","86,585.56","276.78M","0.67%"
"02/05/2025","86,610.70","86,547.09","86,965.99","86,452.63","264.90M","0.18%"
"02/04/2025","86,452.63","85,966.93","86,531.84","85,490.14","324.08M","1.13%"
"02/03/2025","85,490.14","84,837.17","85,956.65","84,743.30","241.34M","-0.54%"
"01/31/2025","85,956.65","85,792.89","86,126.77","85,685.49","287.47M","0.32%"
"01/30/2025","85,685.49","85,387.91","85,741.58","85,241.08","202.90M","0.43%"
"01/29/2025","85,314.73","84,563.46","85,472.72","84,447.75","203.55M","1.03%"
"01/28/2025","84,447.75","83,989.69","84,651.70","83,886.16","261.23M","0.31%"
"01/27/2025","84,187.66","83,798.68","84,290.99","83,480.80","223.35M","-0.12%"
"01/24/2025","84,290.99","84,567.71","84,964.86","83,944.07","226.83M","0.41%"
"01/23/2025","83,944.07","84,500.38","84,654.64","83,861.63","239.98M","-0.84%"
"01/22/2025","84,654.64","84,819.88","85,303.40","84,650.33","235.57M","-0.23%"
"01/21/2025","84,845.84","84,834.68","85,092.76","84,486.69","237.16M","0.13%"
"01/20/2025","84,733.17","84,989.59","85,232.45","84,532.82","175.04M","0.04%"
"01/17/2025","84,700.44","83,576.26","84,700.44","83,576.26","184.90M","1.25%"
"01/16/2025","83,658.72","83,380.08","84,302.38","83,380.08","199.68M","0.17%"
"01/15/2025","83,515.29","82,497.48","83,623.05","82,123.89","248.08M","1.69%"
"01/14/2025","82,123.89","82,435.32","82,829.43","82,045.80","219.19M","0.10%"
"01/13/2025","82,045.80","83,242.86","83,466.58","81,784.95","243.41M","-1.70%"
"01/10/2025","83,466.58","83,563.52","84,174.21","83,397.19","204.49M","-0.28%"
"01/09/2025","83,698.32","83,396.91","83,950.44","83,152.56","159.31M","0.66%"
"01/08/2025","83,152.56","84,286.77","84,286.77","83,076.53","189.56M","-1.18%"
"01/07/2025","84,141.54","84,097.09","84,745.52","83,988.05","156.41M","-0.71%"
"01/06/2025","84,745.52","84,563.45","85,419.86","84,537.42","150.98M","0.04%"
"01/03/2025","84,711.80","84,568.77","84,894.93","83,958.44","114.79M","0.30%"
"01/02/2025","84,460.59","84,198.62","84,905.26","84,040.72","118.90M","0.43%"
"12/31/2024","84,095.14","83,718.68","84,486.04","83,718.68","88.56M","0.18%"
"12/30/2024","83,945.55","84,640.15","84,736.18","83,776.16","108.14M","-0.93%"
"12/27/2024","84,736.18","85,012.30","85,243.81","84,413.82","109.48M","-0.23%"
"12/24/2024","84,935.27","84,860.84","85,211.28","84,712.32","37.29M","0.26%"
"12/23/2024","84,712.32","84,748.83","84,932.54","84,128.89","108.10M","0.13%"
"12/20/2024","84,603.29","84,864.98","84,864.98","83,776.74","582.32M","0.16%"
"12/19/2024","84,465.35","84,796.01","85,599.84","84,350.53","504.86M","-1.33%"
"12/18/2024","85,599.84","85,914.44","86,327.98","85,338.61","311.16M","-0.17%"
"12/17/2024","85,746.04","86,607.56","87,129.65","85,746.04","215.05M","-1.59%"
"12/13/2024","87,129.65","86,492.26","87,764.36","86,482.51","228.97M","0.19%"
"12/12/2024","86,965.35","87,400.94","87,658.15","86,881.82","201.83M","-0.17%"
"12/11/2024","87,115.95","87,026.08","87,271.05","86,616.63","203.70M","-0.18%"
"12/10/2024","87,271.05","87,105.72","87,642.76","86,936.01","208.09M","-0.42%"
"12/09/2024","87,642.76","86,817.31","87,694.17","86,627.70","236.51M","0.81%"
"12/06/2024","86,938.44","86,825.62","87,298.85","86,753.93","215.42M","0.11%"
"12/05/2024","86,846.42","86,057.14","87,136.11","86,057.14","246.73M","0.62%"
"12/04/2024","86,314.51","85,892.08","86,598.30","85,818.80","265.91M","0.58%"
"12/03/2024","85,818.80","85,691.60","86,567.63","85,658.25","278.03M","0.10%"
"12/02/2024","85,731.51","84,603.87","85,963.46","84,510.44","191.58M","1.44%"
"11/29/2024","84,510.44","84,815.98","84,937.23","84,510.44","240.44M","-0.33%"
"11/28/2024","84,787.41","85,097.98","85,144.35","84,720.71","218.12M","-0.37%"
"11/27/2024","85,102.34","85,459.91","85,696.03","85,024.77","260.68M","-0.35%"
"11/26/2024","85,397.50","84,684.11","85,414.12","84,467.99","273.92M","0.62%"
"11/25/2024","84,875.24","85,673.67","85,851.71","84,875.24","352.21M","-0.86%"
"11/22/2024","85,608.47","85,696.40","86,100.56","85,418.50","213.83M","0.10%"
"11/21/2024","85,522.57","85,469.08","85,821.12","85,257.68","234.57M","0.29%"
"11/20/2024","85,274.83","84,716.31","85,478.91","84,526.75","216.82M","0.89%"
"11/19/2024","84,526.75","84,681.39","85,164.36","84,382.42","192.92M","0.12%"
"11/18/2024","84,425.00","84,262.66","84,606.98","83,872.74","176.68M","0.66%"
"11/15/2024","83,872.74","83,975.64","84,261.65","83,605.94","189.06M","0.05%"
"11/14/2024","83,834.31","83,567.56","84,145.67","83,432.43","238.15M","0.04%"
"11/13/2024","83,803.11","84,014.28","84,201.75","83,784.17","176.02M","-0.47%"
"11/12/2024","84,201.75","84,455.18","84,771.53","83,861.04","283.02M","-0.67%"
"11/11/2024","84,771.53","84,995.48","85,357.46","84,771.53","159.32M","-0.41%"
"11/08/2024","85,124.52","85,694.45","85,998.22","84,918.20","176.66M","-1.02%"
"11/07/2024","85,998.22","85,521.47","86,208.68","85,329.75","224.56M","0.78%"
"11/06/2024","85,329.75","86,341.47","86,642.86","85,111.29","259.03M","-1.52%"
"11/05/2024","86,642.86","86,168.72","86,642.86","86,168.72","273.42M","0.49%"
"11/04/2024","86,223.60","86,074.05","86,403.36","86,009.98","170.33M","0.03%"
"11/01/2024","86,198.57","85,899.88","86,329.39","85,384.82","202.44M","0.95%"
"10/31/2024","85,384.82","86,403.43","86,759.04","85,254.94","251.58M","-1.58%"
"10/30/2024","86,759.04","87,066.49","87,300.97","86,394.51","292.57M","-0.62%"
"10/29/2024","87,300.97","87,603.71","87,883.90","86,999.06","246.66M","-0.39%"
"10/28/2024","87,643.65","86,839.35","87,753.44","86,761.38","261.98M","0.72%"
"10/25/2024","87,015.81","87,023.36","87,196.78","86,651.92","209.11M","0.09%"
"10/24/2024","86,937.24","86,677.99","87,353.53","86,464.19","217.61M","0.55%"
"10/23/2024","86,464.19","86,936.38","87,023.29","86,238.84","264.28M","-0.33%"
"10/22/2024","86,752.88","86,907.67","87,076.55","86,046.69","225.77M","-0.37%"
"10/21/2024","87,076.55","87,293.73","87,451.36","86,920.79","181.58M","-0.14%"
"10/18/2024","87,201.49","87,001.42","87,467.86","86,582.35","213.78M","0.72%"
"10/17/2024","86,582.35","86,506.05","87,037.27","86,192.11","184.53M","0.22%"
"10/16/2024","86,393.01","86,078.96","86,430.22","85,837.31","374.53M","0.52%"
"10/15/2024","85,949.77","85,838.05","86,398.66","85,528.27","215.54M","-0.52%"
"10/14/2024","86,398.66","86,187.08","86,587.83","85,849.34","167.68M","0.29%"
"10/11/2024","86,149.45","85,332.35","86,279.28","85,321.08","218.78M","0.89%"
"10/10/2024","85,392.82","85,627.25","85,627.25","85,221.71","296.96M","0.07%"
"10/09/2024","85,336.85","85,300.89","85,491.22","84,677.53","266.53M","-0.18%"
"10/08/2024","85,491.22","85,181.95","86,308.92","84,863.13","274.71M","-0.95%"
"10/07/2024","86,308.92","86,453.72","86,655.74","86,166.85","235.79M","-0.03%"
"10/04/2024","86,332.42","86,739.94","86,970.58","86,243.68","195.54M","-0.15%"
"10/03/2024","86,461.05","86,948.18","87,328.62","86,092.65","204.60M","-0.75%"
"10/02/2024","87,115.22","87,566.99","87,587.73","86,619.39","243.23M","0.57%"
"10/01/2024","86,619.39","86,984.11","87,441.14","86,326.87","289.66M","0.08%"
"09/30/2024","86,548.42","87,730.03","87,782.32","86,548.42","316.52M","-1.18%"
"09/27/2024","87,579.71","87,549.86","87,789.80","86,886.25","272.91M","0.29%"
"09/26/2024","87,327.21","86,837.41","87,802.52","85,960.32","278.20M","1.59%"
"09/25/2024","85,960.32","85,899.07","86,197.11","84,777.53","357.47M","1.40%"
"09/23/2024","84,777.53","83,764.71","84,826.99","83,719.43","195.12M","1.13%"
"09/20/2024","83,829.99","83,898.07","84,395.93","83,696.76","772.29M","0.08%"
"09/19/2024","83,760.08","83,465.41","84,218.18","82,718.58","501.25M","1.26%"
"09/18/2024","82,718.58","82,835.52","83,032.71","82,151.38","218.69M","-0.38%"
"09/17/2024","83,032.71","82,298.64","83,247.96","82,007.34","226.92M","1.25%"
"09/16/2024","82,007.34","81,907.39","82,315.77","81,907.39","244.22M","0.04%"
"09/13/2024","81,978.59","81,979.41","82,160.68","81,668.39","265.03M","0.38%"
"09/12/2024","81,668.39","81,649.21","82,037.50","80,827.79","269.43M","1.04%"
"09/11/2024","80,827.79","81,456.64","81,641.90","80,538.94","307.10M","-1.00%"
"09/10/2024","81,641.90","81,300.66","81,730.24","81,150.00","253.29M","0.25%"
"09/09/2024","81,441.63","81,430.90","81,975.29","81,339.39","207.06M","0.09%"
"09/06/2024","81,364.89","81,794.47","82,146.83","81,364.89","208.68M","-0.95%"
"09/05/2024","82,146.83","81,758.92","82,244.53","81,398.34","252.34M","0.28%"
"09/04/2024","81,915.38","81,724.78","82,156.76","81,616.83","309.57M","-0.29%"
"09/03/2024","82,156.76","83,331.28","83,603.13","82,082.58","264.91M","-1.59%"
"09/02/2024","83,483.36","83,540.05","83,749.86","83,138.75","198.50M","-0.32%"
"08/30/2024","83,749.86","84,397.80","84,462.51","83,433.57","290.92M","-0.58%"
"08/29/2024","84,239.42","83,928.61","84,431.80","83,906.23","205.73M","0.26%"
"08/28/2024","84,018.65","84,363.25","84,639.24","83,932.83","235.32M","-0.63%"
"08/27/2024","84,553.54","84,263.35","84,670.69","84,181.23","198.67M","0.43%"
"08/26/2024","84,193.95","84,452.13","84,520.66","84,073.91","201.80M","-0.19%"
"08/23/2024","84,351.57","83,986.18","84,663.62","83,620.81","225.07M","0.87%"
"08/22/2024","83,620.81","84,155.05","84,800.50","83,596.97","180.20M","-0.48%"
"08/21/2024","84,026.18","84,034.11","84,197.24","83,783.30","179.16M","0.29%"
"08/20/2024","83,783.30","83,748.40","84,215.43","83,651.81","186.89M","-0.02%"
"08/19/2024","83,799.30","83,013.26","83,955.76","82,824.44","207.37M","1.18%"
"08/16/2024","82,824.44","82,719.93","83,169.68","82,226.43","247.70M","0.73%"
"08/15/2024","82,226.43","81,380.14","82,868.63","81,380.14","215.57M","1.01%"
"08/14/2024","81,402.32","80,740.19","81,827.99","80,740.19","300.34M","0.55%"
"08/13/2024","80,956.22","80,657.86","80,956.22","80,259.19","185.18M","0.49%"
"08/12/2024","80,560.78","81,034.59","81,034.59","80,398.39","162.23M","-0.22%"
"08/08/2024","80,739.31","79,919.04","80,853.42","79,503.96","287.24M","0.47%"
"08/07/2024","80,364.86","79,817.01","80,405.49","79,430.05","227.18M","1.18%"
"08/06/2024","79,430.05","79,513.22","79,736.45","78,675.95","221.07M","-0.19%"
"08/05/2024","79,577.61","78,961.96","80,538.57","78,306.84","297.99M","-1.19%"
"08/02/2024","80,538.57","81,450.91","81,868.82","80,495.12","213.14M","-1.62%"
"08/01/2024","81,868.82","82,844.47","82,881.44","81,799.99","215.48M","-1.08%"
"07/31/2024","82,765.12","81,640.71","82,765.12","81,198.64","257.92M","1.93%"
"07/30/2024","81,198.64","80,825.42","81,374.83","80,697.10","205.17M","0.23%"
"07/29/2024","81,011.65","81,262.30","81,542.07","80,957.82","180.80M","-0.13%"
"07/26/2024","81,120.51","80,755.35","81,253.06","80,640.01","191.68M","0.55%"
"07/25/2024","80,678.20","79,807.84","80,678.20","79,516.29","173.50M","0.10%"
"07/24/2024","80,595.14","80,486.02","80,816.32","80,366.77","174.94M","-0.14%"
"07/23/2024","80,706.44","80,446.52","80,869.41","79,879.87","199.95M","0.27%"
"07/22/2024","80,492.09","80,248.51","80,679.53","79,922.67","174.08M","0.71%"
"07/19/2024","79,922.67","79,831.16","79,922.67","79,488.40","183.22M","-0.51%"
"07/18/2024","80,334.26","80,770.71","81,007.56","80,301.67","265.68M","-0.15%"
"07/17/2024","80,452.58","81,062.85","81,124.08","80,452.58","246.43M","-0.83%"
"07/16/2024","81,124.08","81,276.81","82,154.07","80,973.32","199.03M","-1.25%"
"07/15/2024","82,154.07","81,379.15","82,154.07","81,058.35","254.95M","0.57%"
"07/12/2024","81,686.49","81,345.87","81,792.55","81,093.99","174.72M","0.73%"
"07/11/2024","81,093.99","80,781.74","81,105.46","80,445.31","276.88M","0.81%"
"07/10/2024","80,445.31","80,550.46","80,660.23","80,280.03","191.75M","-0.22%"
"07/09/2024","80,620.02","80,754.96","80,900.35","80,306.35","208.70M","-0.20%"
"07/08/2024","80,783.51","80,753.45","80,954.49","80,438.72","191.49M","-0.02%"
"07/05/2024","80,797.38","81,122.06","81,289.52","80,665.69","165.99M","-0.44%"
"07/04/2024","81,155.28","80,992.87","81,456.39","80,772.78","213.18M","0.47%"
"07/03/2024","80,772.78","80,051.48","81,032.55","79,435.12","277.37M","1.68%"
"07/02/2024","79,435.12","79,990.64","79,990.64","79,043.65","281.74M","-0.52%"
"07/01/2024","79,853.83","80,244.15","80,581.96","79,707.11","379.08M","0.18%"
"06/28/2024","79,707.11","78,966.01","80,131.50","78,966.01","293.06M","0.93%"
"06/27/2024","78,969.33","79,144.91","79,254.71","78,684.41","245.32M","-0.36%"
"06/26/2024","79,252.39","79,776.42","80,148.70","79,237.26","268.06M","-0.41%"
"06/25/2024","79,577.57","80,177.83","80,263.14","79,385.76","1.19B","-0.85%"
"06/24/2024","80,263.14","79,876.39","80,671.24","79,767.56","253.43M","0.62%"
"06/21/2024","79,767.56","79,961.53","80,548.66","79,664.20","808.43M","-0.38%"
"06/20/2024","80,073.05","80,687.76","81,067.61","80,007.53","504.05M","-0.79%"
"06/19/2024","80,713.72","80,211.54","81,364.39","79,748.83","573.70M","1.21%"
"06/18/2024","79,748.83","77,457.36","80,013.70","77,053.78","458.75M","3.50%"
"06/14/2024","77,053.78","76,421.95","77,635.62","76,349.27","342.50M","0.88%"
"06/13/2024","76,382.02","76,857.61","77,050.80","76,347.68","291.67M","-0.87%"
"06/12/2024","77,050.80","76,226.14","77,271.19","76,077.30","221.73M","1.28%"
"06/11/2024","76,077.30","76,237.67","76,387.51","75,753.44","246.54M","-0.15%"
"06/10/2024","76,188.16","76,425.49","76,851.78","76,036.57","149.08M","-0.86%"
"06/07/2024","76,851.78","77,091.40","77,387.08","76,630.66","211.52M","-0.35%"
"06/06/2024","77,123.64","77,079.25","77,409.76","76,790.02","175.36M","0.38%"
"06/05/2024","76,829.13","77,096.33","77,207.65","76,533.10","222.27M","0.00%"
"06/04/2024","76,832.74","77,747.33","77,854.52","76,832.74","249.20M","-1.17%"
"06/03/2024","77,746.23","77,396.72","77,809.65","76,704.26","249.82M","1.36%"
"05/31/2024","76,704.26","77,068.06","77,323.53","76,653.40","429.23M","-0.59%"
"05/30/2024","77,161.71","77,198.59","78,576.14","76,795.85","312.93M","-1.80%"
"05/28/2024","78,576.14","78,984.52","79,253.32","78,540.24","199.13M","-0.44%"
"05/27/2024","78,920.88","79,111.75","79,358.02","78,920.88","130.54M","-0.29%"
"05/24/2024","79,150.84","78,751.94","79,399.36","78,426.16","173.06M","0.25%"
"05/23/2024","78,956.07","79,313.76","80,025.15","78,956.07","208.98M","-0.67%"
"05/22/2024","79,492.57","79,723.38","80,094.46","79,486.73","254.42M","-0.40%"
"05/21/2024","79,808.07","79,379.87","80,072.99","79,379.87","197.33M","-0.33%"
"05/20/2024","80,072.99","79,762.62","80,213.66","79,530.63","221.65M","0.68%"
"05/17/2024","79,530.63","79,439.15","79,737.06","78,970.42","197.70M","0.03%"
"05/16/2024","79,508.98","79,379.71","79,755.01","79,361.57","285.76M","0.19%"
"05/15/2024","79,361.57","78,869.67","79,574.19","78,632.58","281.31M","0.93%"
"05/14/2024","78,632.58","78,484.48","79,023.03","78,383.74","350.46M","-0.07%"
"05/13/2024","78,686.89","78,436.52","78,860.87","78,365.04","166.80M","0.28%"
"05/10/2024","78,464.22","77,905.24","78,777.73","77,539.15","204.32M","1.19%"
"05/09/2024","77,539.15","77,245.89","77,573.02","76,864.01","206.03M","0.47%"
"05/08/2024","77,177.43","76,889.91","77,230.35","76,673.11","223.62M","0.32%"
"05/07/2024","76,929.48","77,089.83","77,159.02","76,776.45","192.64M","0.20%"
"05/06/2024","76,776.45","76,915.86","77,333.82","76,428.33","163.81M","0.46%"
"05/03/2024","76,428.33","76,544.94","76,978.05","76,046.85","209.94M","0.50%"
"05/02/2024","76,046.85","76,319.27","76,842.08","75,978.31","248.32M","-0.04%"
"04/30/2024","76,076.17","76,253.53","76,671.74","76,076.17","294.38M","-0.50%"
"04/29/2024","76,456.15","75,677.19","76,472.22","75,370.99","255.04M","1.44%"
"04/26/2024","75,370.99","74,922.01","75,576.83","74,329.37","223.64M","1.40%"
"04/25/2024","74,329.37","74,498.83","74,787.66","73,790.52","229.15M","-0.25%"
"04/24/2024","74,513.93","74,421.94","74,730.34","74,010.83","257.42M","0.68%"
"04/23/2024","74,010.83","73,916.55","74,177.64","73,539.83","242.86M","0.63%"
"04/22/2024","73,551.12","73,657.37","73,870.68","73,363.56","227.17M","0.26%"
"04/19/2024","73,363.56","73,207.06","73,375.52","72,534.67","221.26M","0.13%"
"04/18/2024","73,271.43","73,306.67","73,487.36","72,797.43","297.41M","0.38%"
"04/17/2024","72,995.18","72,810.26","73,526.40","72,745.06","287.94M","-0.01%"
"04/16/2024","72,999.60","73,401.27","74,518.63","72,855.08","301.76M","-2.04%"
"04/15/2024","74,518.63","75,024.26","75,311.76","74,460.55","268.25M","-1.05%"
"04/12/2024","75,311.76","75,810.46","75,925.97","75,081.96","309.52M","0.01%"
"04/11/2024","75,303.25","75,588.25","75,744.75","74,894.00","233.74M","-0.29%"
"04/10/2024","75,520.37","75,791.58","76,146.49","74,837.70","329.26M","0.04%"
"04/09/2024","75,486.92","75,418.43","75,905.73","75,258.11","305.51M","0.20%"
"04/08/2024","75,334.92","74,849.09","75,395.77","74,718.83","367.82M","0.75%"
"04/05/2024","74,774.72","74,638.89","75,372.98","74,322.42","236.49M","-0.79%"
"04/04/2024","75,372.98","74,159.03","75,412.67","74,097.93","303.76M","1.72%"
"04/03/2024","74,097.93","74,130.62","74,429.48","73,765.50","258.89M","-0.45%"
"04/02/2024","74,429.48","74,916.40","74,962.16","74,226.47","237.42M","-0.14%"
"03/28/2024","74,535.99","73,940.19","74,535.99","73,909.47","206.73M","0.85%"
"03/27/2024","73,909.47","73,500.49","74,053.60","73,472.65","193.31M","0.41%"
"03/26/2024","73,608.07","73,390.22","73,692.97","73,062.71","181.05M","0.44%"
"03/25/2024","73,282.90","73,192.37","73,493.34","72,874.39","231.99M","0.04%"
"03/22/2024","73,254.19","72,779.07","73,330.68","72,419.70","236.21M","1.15%"
"03/20/2024","72,419.70","71,988.65","72,495.36","71,868.07","415.70M","0.77%"
"03/19/2024","71,868.07","72,445.69","72,445.69","71,663.25","196.55M","-0.78%"
"03/18/2024","72,430.46","73,153.38","73,509.75","72,328.88","250.68M","-0.77%"
"03/15/2024","72,990.70","72,990.70","72,990.70","72,990.70","","-1.19%"
"03/14/2024","73,866.79","74,301.51","74,301.51","73,808.85","","-0.53%"
"03/13/2024","74,258.63","73,282.43","74,258.63","73,222.19","264.07M","1.05%"
"03/12/2024","73,484.56","74,094.82","74,437.40","73,409.37","320.62M","0.00%"
"03/11/2024","73,481.74","73,582.61","73,717.78","73,135.10","195.17M","-0.32%"
"03/08/2024","73,717.78","73,741.62","73,895.59","73,353.96","220.84M","0.15%"
"03/07/2024","73,604.11","73,222.92","73,604.11","72,999.44","196.62M","0.04%"
"03/06/2024","73,578.18","72,521.41","73,578.18","72,241.72","220.36M","1.85%"
"03/05/2024","72,241.72","72,548.81","72,633.15","72,104.48","272.14M","-0.54%"
"03/04/2024","72,633.15","73,292.98","73,707.62","72,597.42","280.81M","-0.20%"
"03/01/2024","72,775.49","72,738.97","72,931.72","72,343.63","234.31M","0.06%"
"02/29/2024","72,729.73","72,439.24","72,879.63","72,204.53","291.87M","0.73%"
"02/28/2024","72,204.53","73,090.84","73,142.11","72,197.56","159.12M","-1.28%"
"02/27/2024","73,142.11","73,429.97","73,621.24","73,029.74","221.24M","-0.65%"
"02/26/2024","73,621.24","73,859.28","74,213.39","73,333.08","161.12M","-0.80%"
"02/23/2024","74,213.39","73,799.20","74,431.97","73,799.20","160.06M","0.14%"
"02/22/2024","74,112.74","73,083.60","74,211.08","73,029.61","206.86M","1.48%"
"02/21/2024","73,029.61","73,009.63","73,162.29","72,547.40","199.72M","0.11%"
"02/20/2024","72,946.01","73,176.25","73,580.88","72,700.22","210.76M","-0.86%"
"02/19/2024","73,580.88","73,255.69","73,799.38","73,157.68","198.90M","-0.05%"
"02/16/2024","73,616.06","73,396.73","73,945.95","73,218.44","273.22M","0.54%"
"02/15/2024","73,218.44","72,690.58","73,347.23","72,690.58","189.15M","0.29%"
"02/14/2024","73,009.74","73,027.80","73,062.59","72,626.17","227.27M","-0.07%"
"02/13/2024","73,062.59","73,718.40","73,893.47","73,027.79","260.30M","-0.89%"
"02/12/2024","73,722.10","73,486.05","73,755.27","73,091.75","214.27M","0.41%"
"02/09/2024","73,423.30","73,650.31","73,855.68","73,336.40","172.78M","-0.41%"
"02/08/2024","73,725.38","74,135.81","74,313.44","73,541.41","227.68M","-0.79%"
"02/07/2024","74,313.44","74,538.49","74,598.66","74,154.30","240.51M","-0.33%"
"02/06/2024","74,558.52","74,658.04","74,783.72","74,033.92","191.48M","0.71%"
"02/05/2024","74,033.92","74,174.29","74,476.13","73,824.56","147.46M","-0.47%"
"02/02/2024","74,381.96","75,064.86","75,440.70","74,143.76","241.41M","-0.12%"
"02/01/2024","74,469.95","73,975.78","74,555.87","73,453.03","224.86M","-0.12%"
"01/31/2024","74,555.87","74,249.83","74,611.45","73,873.34","316.29M","-0.07%"
"01/30/2024","74,611.45","74,466.24","74,853.19","74,322.88","242.57M","0.32%"
"01/29/2024","74,370.53","74,916.43","75,084.38","74,323.14","203.36M","-0.95%"
"01/26/2024","75,084.38","73,707.84","75,084.38","73,447.13","200.76M","1.41%"
"01/25/2024","74,040.54","74,391.21","74,440.30","73,937.28","265.13M","-0.38%"
"01/24/2024","74,320.11","73,231.14","74,455.87","73,231.14","234.89M","1.34%"
"01/23/2024","73,337.19","72,814.33","73,429.22","72,351.50","223.77M","1.36%"
"01/22/2024","72,351.50","72,392.03","72,660.91","72,064.48","179.35M","-0.43%"
"01/19/2024","72,660.91","72,504.14","72,949.16","72,344.40","204.16M","0.44%"
"01/18/2024","72,344.40","72,052.76","72,545.19","71,693.09","239.80M","0.91%"
"01/17/2024","71,693.09","72,287.80","73,007.62","71,635.26","268.52M","-1.80%"
"01/16/2024","73,007.62","73,356.73","73,675.74","72,870.13","174.13M","-0.91%"
"01/15/2024","73,675.74","74,211.34","74,310.27","73,377.77","148.77M","-0.76%"
"01/12/2024","74,240.76","73,885.15","74,287.28","73,608.54","172.99M","0.55%"
"01/11/2024","73,834.28","73,905.12","74,258.33","73,586.98","160.85M","0.34%"
"01/10/2024","73,586.98","73,830.41","73,894.96","73,383.88","157.43M","-0.32%"
"01/09/2024","73,826.15","74,147.41","74,460.16","73,826.15","160.73M","-0.37%"
"01/08/2024","74,103.23","74,126.01","74,488.20","73,576.09","113.61M","-0.52%"
"01/05/2024","74,488.20","74,384.85","74,522.49","73,818.38","126.74M","-0.05%"
"01/04/2024","74,522.49","74,556.54","75,117.58","74,348.05","112.70M","0.02%"
"01/03/2024","74,510.72","75,484.62","75,709.14","74,510.72","132.33M","-1.58%"
"01/02/2024","75,709.14","76,366.24","76,893.15","75,592.08","105.67M","-1.54%"
"12/29/2023","76,893.15","76,635.74","76,893.15","76,225.79","99.75M","0.53%"
"12/28/2023","76,485.73","76,739.19","77,092.88","76,485.73","114.89M","-0.22%"
"12/27/2023","76,657.94","74,789.97","76,817.85","74,379.57","150.63M","3.06%"
"12/22/2023","74,379.57","75,341.37","75,412.93","74,038.44","77.63M","-1.37%"
"12/21/2023","75,412.93","74,740.56","75,441.07","74,344.87","274.28M","0.69%"
"12/20/2023","74,893.50","74,868.00","75,484.94","74,751.72","142.66M","0.07%"
"12/19/2023","74,842.59","74,301.38","74,842.59","73,999.04","153.64M","0.73%"
"12/18/2023","74,301.59","74,854.95","74,915.53","74,301.59","","-1.31%"
"12/14/2023","75,289.86","73,421.10","75,572.04","72,640.51","641.20M","3.65%"
"12/13/2023","72,640.51","72,337.07","73,016.93","72,337.07","233.53M","0.03%"
"12/12/2023","72,621.84","73,907.66","74,640.97","72,621.84","241.17M","-1.72%"
"12/11/2023","73,892.30","73,326.56","73,892.30","73,192.58","219.22M","0.14%"
"12/08/2023","73,790.85","74,522.90","74,907.98","73,710.43","229.47M","-1.33%"
"12/07/2023","74,787.04","75,115.46","75,400.62","74,662.48","233.78M","-0.81%"
"12/06/2023","75,400.62","75,426.41","75,855.14","75,215.49","276.28M","0.25%"
"12/05/2023","75,215.49","75,460.90","75,941.06","75,062.24","260.21M","-0.96%"
"12/04/2023","75,941.06","75,730.59","76,089.52","75,511.43","232.08M","0.31%"
"12/01/2023","75,705.85","75,453.71","76,188.31","75,318.51","226.85M","0.23%"
"11/30/2023","75,534.36","75,460.18","75,921.27","75,241.41","929.14M","0.39%"
"11/29/2023","75,241.41","75,564.76","75,646.69","75,192.75","231.80M","-0.46%"
"11/28/2023","75,589.18","75,271.06","75,610.86","74,992.18","252.55M","0.29%"
"11/27/2023","75,369.88","75,683.73","75,712.40","75,309.75","182.86M","-0.45%"
"11/24/2023","75,712.40","75,232.98","75,712.40","74,955.80","193.96M","0.36%"
"11/23/2023","75,438.71","75,175.15","75,681.00","74,763.96","226.28M","0.90%"
"11/22/2023","74,763.96","74,184.69","74,985.24","74,184.69","260.94M","0.66%"
"11/21/2023","74,270.74","74,463.19","74,677.39","73,922.58","547.74M","-0.07%"
"11/20/2023","74,321.48","74,124.05","74,325.82","73,920.75","205.09M","0.54%"
"11/17/2023","73,920.75","73,485.63","74,135.46","73,423.41","222.19M","0.25%"
"11/16/2023","73,736.61","74,342.58","74,800.29","73,282.07","302.28M","-1.42%"
"11/15/2023","74,800.29","73,799.48","75,388.64","73,443.50","338.10M","1.85%"
"11/14/2023","73,443.50","71,754.31","73,672.21","71,633.17","330.81M","2.53%"
"11/13/2023","71,633.17","71,522.03","71,936.98","71,393.30","185.65M","0.34%"
"11/10/2023","71,393.30","71,992.93","71,992.93","71,002.01","193.57M","-1.15%"
"11/09/2023","72,226.67","72,175.76","72,465.63","71,619.99","227.05M","-0.33%"
"11/08/2023","72,465.63","71,476.82","72,465.63","71,436.77","221.66M","1.25%"
"11/07/2023","71,572.99","72,706.04","73,293.69","71,408.51","330.42M","-2.35%"
"11/06/2023","73,293.69","73,014.13","73,501.04","72,856.18","231.05M","0.60%"
"11/03/2023","72,856.18","71,786.19","73,097.71","71,383.92","287.40M","2.06%"
"11/02/2023","71,383.92","70,084.91","71,383.92","69,740.30","267.78M","2.36%"
"11/01/2023","69,740.30","69,513.10","69,893.61","69,128.49","218.41M","0.12%"
"10/31/2023","69,653.44","69,686.90","70,387.69","69,439.38","264.27M","-0.31%"
"10/30/2023","69,871.16","69,789.03","70,090.10","69,451.97","173.10M","0.60%"
"10/27/2023","69,451.97","70,067.24","70,279.61","69,440.43","171.04M","-0.68%"
"10/26/2023","69,930.52","69,927.77","70,274.34","69,496.56","227.02M","-0.49%"
"10/25/2023","70,274.34","70,367.16","70,578.25","69,931.45","199.74M","-0.43%"
"10/24/2023","70,578.25","70,381.56","70,578.25","70,051.97","173.01M","0.68%"
"10/23/2023","70,100.28","70,097.13","70,306.40","69,631.16","192.50M","-0.14%"
"10/20/2023","70,198.01","70,462.42","70,961.33","70,067.99","221.06M","-1.08%"
"10/19/2023","70,961.33","71,459.45","71,968.67","70,961.33","176.87M","-1.40%"
"10/18/2023","71,968.67","72,837.34","72,924.25","71,762.17","435.20M","-1.19%"
"10/17/2023","72,831.80","72,878.35","73,146.75","72,230.87","204.63M","-0.43%"
"10/16/2023","73,146.75","72,981.49","73,156.95","72,372.97","214.47M","0.31%"
"10/13/2023","72,919.72","73,244.79","73,390.81","72,804.74","211.37M","-0.64%"
"10/12/2023","73,390.81","74,266.22","74,382.25","73,155.67","209.71M","-0.62%"
"10/11/2023","73,849.53","73,383.31","73,936.83","73,368.32","304.08M","0.01%"
"10/10/2023","73,840.50","72,185.38","73,840.50","71,648.39","283.41M","3.06%"
"10/09/2023","71,648.39","71,746.26","72,262.76","71,285.44","287.22M","-0.01%"
"10/06/2023","71,657.25","71,371.04","71,657.25","70,848.14","217.78M","0.57%"
"10/05/2023","71,249.59","70,732.69","71,387.02","70,511.16","239.95M","0.97%"
"10/04/2023","70,564.69","70,670.84","71,208.82","70,271.48","193.89M","-0.29%"
"10/03/2023","70,773.21","71,178.10","71,650.22","70,461.24","209.99M","-0.65%"
"10/02/2023","71,238.06","71,238.06","71,238.06","71,238.06","","-1.58%"
"09/29/2023","72,382.89","73,005.98","73,190.63","72,300.03","205.23M","-0.17%"
"09/28/2023","72,505.99","72,249.46","72,505.99","71,935.73","224.41M","0.46%"
"09/27/2023","72,174.14","72,551.94","72,952.71","72,162.51","236.49M","-0.66%"
"09/26/2023","72,652.10","71,949.62","73,398.78","71,661.71","276.45M","-1.02%"
"09/22/2023","73,398.78","73,475.49","73,731.28","73,238.11","178.76M","0.22%"
"09/21/2023","73,238.11","74,049.78","74,824.09","72,937.21","385.60M","-2.12%"
"09/20/2023","74,824.09","73,744.32","74,824.09","73,704.15","285.57M","1.38%"
"09/19/2023","73,806.42","73,750.08","74,169.08","73,665.87","259.03M","-0.14%"
"09/18/2023","73,908.03","74,760.91","74,760.91","73,736.90","194.31M","-0.91%"
"09/15/2023","74,589.81","74,569.36","75,016.02","74,354.37","706.92M","0.32%"
"09/14/2023","74,354.37","73,296.20","74,354.37","73,296.20","296.01M","1.43%"
"09/13/2023","73,302.56","73,626.20","74,086.62","72,826.06","266.13M","-1.06%"
"09/12/2023","74,086.62","74,109.32","74,194.97","73,606.43","249.87M","-0.03%"
"09/11/2023","74,106.18","74,052.61","74,606.31","73,652.67","194.95M","0.62%"
"09/08/2023","73,652.67","73,363.85","73,654.17","72,964.68","252.42M","0.64%"
"09/07/2023","73,185.12","73,996.75","74,411.02","73,150.73","237.64M","-1.65%"
"09/06/2023","74,411.02","74,439.36","75,016.00","74,138.38","277.98M","-0.81%"
"09/05/2023","75,016.00","75,150.78","75,375.22","74,471.57","256.02M","-0.48%"
"09/04/2023","75,375.22","75,266.35","75,667.77","74,786.79","174.63M","0.79%"
"09/01/2023","74,786.79","75,073.83","75,406.61","74,591.06","215.02M","-0.22%"
"08/31/2023","74,953.73","75,242.02","75,332.08","74,883.44","461.95M","-0.40%"
"08/30/2023","75,256.19","75,050.58","75,296.17","74,776.18","240.29M","0.64%"
"08/29/2023","74,776.18","74,892.23","75,079.61","74,485.58","174.57M","-0.40%"
"08/28/2023","75,079.61","74,328.76","75,103.62","73,836.01","143.01M","1.68%"
"08/25/2023","73,836.01","74,252.91","74,738.57","73,836.01","175.77M","-0.63%"
"08/24/2023","74,301.56","74,467.77","74,937.61","74,022.58","204.43M","0.38%"
"08/23/2023","74,022.58","73,555.81","74,050.13","73,277.88","198.00M","1.02%"
"08/22/2023","73,277.88","73,972.77","74,300.81","73,112.63","246.56M","-0.65%"
"08/21/2023","73,760.21","73,299.53","73,990.65","73,080.87","212.29M","0.93%"
"08/18/2023","73,080.87","73,881.56","74,375.22","72,890.82","230.01M","-1.74%"
"08/17/2023","74,375.22","75,344.57","75,344.57","74,159.15","259.71M","-0.72%"
"08/16/2023","74,914.52","75,123.94","75,590.77","74,453.10","202.30M","-0.89%"
"08/15/2023","75,590.77","76,311.53","76,311.53","75,347.01","181.12M","-0.75%"
"08/14/2023","76,160.87","76,671.22","77,012.51","75,813.59","217.02M","-1.06%"
"08/11/2023","76,974.26","77,341.65","77,749.68","76,923.33","169.32M","-1.00%"
"08/10/2023","77,749.68","76,904.48","78,140.65","76,837.44","234.24M","1.19%"
"08/08/2023","76,837.44","76,662.32","77,036.17","76,542.21","254.26M","-0.23%"
"08/07/2023","77,013.74","76,744.66","77,280.03","76,702.21","154.49M","0.07%"
"08/04/2023","76,960.61","76,858.69","77,118.48","76,368.42","214.31M","0.28%"
"08/03/2023","76,747.20","76,691.25","76,747.20","75,634.00","261.66M","0.35%"
"08/02/2023","76,477.22","77,799.88","78,641.91","76,477.22","289.38M","-2.75%"
"08/01/2023","78,641.91","78,777.56","79,212.41","78,560.55","251.32M","-0.43%"
"07/31/2023","78,977.89","78,583.31","78,981.89","78,176.02","231.58M","0.60%"
"07/28/2023","78,506.90","78,186.51","78,612.34","78,130.90","208.35M","0.31%"
"07/27/2023","78,267.25","77,561.59","78,414.32","77,525.63","342.02M","0.93%"
"07/26/2023","77,546.38","77,318.54","77,637.11","77,219.64","210.30M","0.03%"
"07/25/2023","77,525.62","77,325.12","77,627.39","76,766.07","198.73M","0.99%"
"07/24/2023","76,766.07","76,663.67","77,168.00","76,542.59","155.30M","-0.08%"
"07/21/2023","76,826.63","76,979.29","77,065.48","76,729.96","171.19M","-0.25%"
"07/20/2023","77,016.83","76,875.20","77,319.27","76,831.96","228.93M","-0.08%"
"07/19/2023","77,080.97","77,091.48","77,215.17","76,794.04","179.84M","-0.02%"
"07/18/2023","77,098.55","76,863.39","77,253.51","76,670.49","217.10M","-0.20%"
"07/17/2023","77,253.51","76,808.48","77,750.51","76,791.72","224.46M","-0.64%"
"07/14/2023","77,750.51","77,125.40","77,901.09","77,125.40","191.23M","0.56%"
"07/13/2023","77,317.26","76,728.43","77,570.06","76,530.54","250.00M","1.01%"
"07/12/2023","76,544.79","74,813.41","76,544.79","74,813.41","214.80M","2.23%"
"07/11/2023","74,876.59","74,878.92","75,123.40","74,345.98","177.23M","0.71%"
"07/10/2023","74,345.98","74,442.85","74,823.02","73,915.39","146.67M","-0.64%"
"07/07/2023","74,823.02","74,438.12","74,878.92","74,113.22","160.48M","0.96%"
"07/06/2023","74,113.22","75,166.71","75,909.49","73,993.55","193.93M","-2.37%"
"07/05/2023","75,909.49","75,806.28","76,223.70","75,554.14","155.85M","-0.41%"
"07/04/2023","76,223.70","76,358.65","76,393.95","76,055.70","152.49M","-0.01%"
"07/03/2023","76,233.93","75,960.89","76,458.15","75,960.89","185.11M","0.27%"
"06/30/2023","76,027.83","75,079.50","76,223.09","74,875.63","210.10M","1.52%"
"06/29/2023","74,892.51","74,840.11","75,006.12","74,548.21","181.70M","0.08%"
"06/28/2023","74,831.11","74,664.36","75,168.85","74,542.82","182.90M","0.39%"
"06/27/2023","74,543.48","74,842.71","75,182.23","74,159.94","220.21M","0.37%"
"06/26/2023","74,265.04","74,571.77","74,680.74","74,006.63","190.15M","-0.19%"
"06/23/2023","74,402.90","75,080.39","75,125.55","73,805.30","221.14M","-0.94%"
"06/22/2023","75,105.79","75,244.03","75,629.88","74,807.83","197.64M","-0.69%"
"06/21/2023","75,629.88","76,224.26","76,769.22","75,504.11","259.03M","-1.48%"
"06/20/2023","76,769.22","77,576.16","78,014.35","76,744.82","266.52M","-1.60%"
"06/19/2023","78,014.35","77,644.19","78,531.81","77,613.58","216.91M","-0.66%"
"06/15/2023","78,531.81","77,783.22","78,595.25","77,416.29","793.97M","0.60%"
"06/14/2023","78,060.22","77,830.94","78,200.90","77,706.64","251.80M","0.30%"
"06/13/2023","77,827.73","76,982.34","77,869.69","76,282.13","259.60M","2.03%"
"06/12/2023","76,282.13","77,040.13","77,136.07","76,185.80","247.24M","-0.85%"
"06/09/2023","76,936.11","77,020.78","77,282.85","76,715.08","304.49M","-0.10%"
"06/08/2023","77,015.21","76,840.12","77,355.12","76,671.64","274.87M","-0.14%"
"06/07/2023","77,125.85","76,692.79","77,474.82","76,640.86","","0.37%"
"06/06/2023","76,840.11","76,259.17","76,840.11","76,056.30","285.21M","0.31%"
"06/05/2023","76,602.84","77,113.50","77,126.06","76,372.47","221.78M","-0.68%"
"06/02/2023","77,126.06","76,742.70","77,417.11","75,783.25","258.41M","1.77%"
"06/01/2023","75,783.25","75,631.92","76,061.39","75,067.47","263.09M","0.95%"
"05/31/2023","75,067.47","75,041.90","76,110.69","74,826.19","694.32M","-1.15%"
"05/30/2023","75,939.46","76,366.86","77,179.59","75,938.41","291.92M","-0.88%"
"05/29/2023","76,613.35","76,589.43","76,843.40","76,448.08","169.53M","0.03%"
"05/26/2023","76,589.54","76,223.76","76,672.49","75,584.91","224.51M","0.54%"
"05/25/2023","76,174.61","75,705.17","76,531.27","75,373.90","246.92M","0.73%"
"05/24/2023","75,621.90","76,374.49","76,748.27","75,509.75","226.98M","-1.47%"
"05/23/2023","76,748.27","77,779.66","77,962.73","76,741.36","209.07M","-1.56%"
"05/22/2023","77,962.73","78,205.94","78,206.14","77,900.21","","-0.27%"
"05/19/2023","78,175.82","77,886.42","78,298.08","77,667.96","247.15M","0.65%"
"05/18/2023","77,667.96","78,219.60","78,675.72","77,067.14","259.04M","-0.92%"
"05/17/2023","78,390.74","78,017.16","78,390.74","77,526.75","218.65M","0.54%"
"05/16/2023","77,973.02","78,140.55","78,684.49","77,973.02","191.95M","-0.37%"
"05/15/2023","78,261.65","78,426.53","78,731.97","78,132.22","210.98M","-0.09%"
"05/12/2023","78,330.20","78,506.86","78,815.16","76,997.16","306.05M","1.73%"
"05/11/2023","76,997.16","77,621.93","77,979.63","76,755.15","350.72M","-1.00%"
"05/10/2023","77,775.02","78,355.67","78,511.06","77,534.31","306.55M","0.00%"
"05/09/2023","77,776.87","78,389.90","78,572.33","77,546.41","225.45M","-1.01%"
"05/08/2023","78,572.33","78,264.70","78,868.77","78,132.77","221.54M","0.56%"
"05/05/2023","78,132.77","77,616.71","78,132.77","77,271.13","235.20M","1.12%"
"05/04/2023","77,271.13","78,155.84","78,236.67","77,042.91","263.44M","-1.21%"
"05/03/2023","78,218.60","77,902.63","78,218.60","77,532.90","232.79M","0.88%"
"05/02/2023","77,532.90","78,180.84","78,353.94","77,393.29","266.80M","-0.88%"
"04/28/2023","78,218.37","78,078.62","78,327.09","77,273.63","202.21M","0.12%"
"04/26/2023","78,122.12","77,988.94","78,262.03","77,283.85","227.41M","0.30%"
"04/25/2023","77,891.13","78,070.57","78,123.45","77,650.70","208.38M","-0.29%"
"04/24/2023","78,121.37","77,701.29","78,447.82","77,683.68","184.58M","0.27%"
"04/21/2023","77,910.96","78,180.69","78,883.26","77,869.82","225.07M","-1.23%"
"04/20/2023","78,883.26","78,924.41","79,037.65","78,440.32","192.34M","0.11%"
"04/19/2023","78,796.86","78,919.90","79,294.76","78,257.83","223.63M","-0.63%"
"04/18/2023","79,294.76","78,825.05","79,455.71","78,723.70","288.38M","0.73%"
"04/17/2023","78,723.70","79,036.31","79,155.21","78,596.43","208.79M","-0.19%"
"04/14/2023","78,870.36","78,835.06","79,203.51","78,462.77","211.69M","0.52%"
"04/13/2023","78,462.77","78,237.57","78,566.79","77,740.69","274.72M","0.93%"
"04/12/2023","77,740.69","78,008.31","78,377.23","77,646.47","277.93M","-0.32%"
"04/11/2023","77,990.54","77,762.03","78,434.63","77,113.70","267.64M","1.14%"
"04/06/2023","77,113.70","76,870.65","77,337.67","76,656.42","172.11M","0.60%"
"04/05/2023","76,656.42","77,350.28","77,458.58","76,608.14","274.33M","-1.04%"
"04/04/2023","77,458.58","76,626.72","77,458.58","76,439.24","245.17M","1.10%"
"04/03/2023","76,614.96","76,517.27","76,843.98","76,100.17","253.37M","0.68%"
"03/31/2023","76,100.17","77,072.83","77,072.83","76,057.49","265.69M","-0.79%"
"03/30/2023","76,704.63","76,864.11","77,313.08","76,424.59","184.94M","0.29%"
"03/29/2023","76,480.11","76,122.74","76,676.28","75,879.04","268.36M","0.57%"
"03/28/2023","76,047.34","75,815.03","76,437.03","75,283.68","260.43M","1.01%"
"03/27/2023","75,283.68","75,143.88","75,542.52","74,695.04","199.42M","0.79%"
"03/24/2023","74,695.04","75,502.62","75,585.23","74,047.15","244.39M","-1.18%"
"03/23/2023","75,585.23","75,608.81","75,658.49","75,001.99","289.36M","0.45%"
"03/22/2023","75,243.44","74,892.81","75,243.44","74,271.06","309.65M","1.31%"
"03/20/2023","74,271.06","72,457.48","74,298.37","71,905.80","235.16M","2.40%"
"03/17/2023","72,527.92","73,275.67","74,069.14","72,519.19","","-0.52%"
"03/16/2023","72,905.50","72,857.25","73,670.03","72,269.18","647.55M","0.01%"
"03/15/2023","72,895.54","75,233.34","75,268.74","72,534.77","403.08M","-2.82%"
"03/14/2023","75,008.68","75,241.63","75,502.28","74,250.04","379.05M","-0.65%"
"03/13/2023","75,502.28","77,299.32","77,299.32","74,631.10","374.29M","-1.25%"
"03/10/2023","76,454.36","76,403.31","77,664.05","75,763.62","242.24M","-1.56%"
"03/09/2023","77,664.05","77,581.35","77,785.51","76,914.55","276.80M","-0.10%"
"03/08/2023","77,741.83","78,000.51","78,556.54","77,310.86","265.97M","-1.04%"
"03/07/2023","78,556.54","78,719.09","78,936.90","78,436.13","221.23M","-0.18%"
"03/06/2023","78,697.83","78,544.96","78,747.83","78,269.55","199.02M","0.52%"
"03/03/2023","78,293.01","78,065.87","78,509.81","77,547.01","238.27M","0.96%"
"03/02/2023","77,547.01","78,879.45","78,879.45","77,158.15","287.89M","-1.38%"
"03/01/2023","78,631.45","78,469.28","78,994.18","77,733.87","285.52M","1.15%"
"02/28/2023","77,733.87","77,476.30","78,056.21","77,028.60","536.84M","0.28%"
"02/27/2023","77,513.78","77,155.86","77,702.94","76,725.51","221.91M","0.75%"
"02/24/2023","76,937.77","78,422.63","79,010.83","76,831.41","257.39M","-2.62%"
"02/23/2023","79,010.83","78,141.29","79,217.74","78,141.29","265.29M","1.08%"
"02/22/2023","78,170.14","79,028.10","79,028.10","78,014.96","242.40M","-0.81%"
"02/21/2023","78,811.05","79,349.18","79,829.39","78,613.09","276.55M","-1.28%"
"02/20/2023","79,829.39","79,635.35","79,938.42","79,271.78","191.06M","0.70%"
"02/17/2023","79,271.78","79,842.97","80,227.19","79,175.12","199.24M","-1.19%"
"02/16/2023","80,227.19","79,876.68","80,530.61","79,471.76","229.30M","0.95%"
"02/15/2023","79,471.76","79,700.88","80,265.11","79,275.51","237.91M","-0.48%"
"02/14/2023","79,858.02","79,764.30","80,205.91","79,494.07","218.25M","0.11%"
"02/13/2023","79,770.21","78,859.86","79,770.21","78,859.86","","0.99%"
"02/10/2023","78,985.35","79,849.10","80,021.09","78,730.18","200.96M","-1.29%"
"02/09/2023","80,021.09","80,198.02","80,400.03","79,975.59","710.58M","0.06%"
"02/08/2023","79,975.59","79,720.26","80,038.52","79,534.22","217.72M","0.55%"
"02/07/2023","79,534.22","79,640.24","79,713.79","79,178.84","256.84M","-0.06%"
"02/06/2023","79,582.83","80,025.29","80,240.92","79,267.61","197.97M","-0.82%"
"02/03/2023","80,240.92","79,907.86","80,303.43","79,389.25","220.11M","0.55%"
"02/02/2023","79,802.09","79,986.22","80,273.31","79,501.90","294.48M","-0.02%"
"02/01/2023","79,816.87","80,147.42","80,474.04","79,476.60","259.62M","0.43%"
"01/31/2023","79,476.60","79,824.64","80,324.86","79,252.14","290.42M","-1.06%"
"01/30/2023","80,324.86","79,937.33","80,791.36","79,702.97","192.39M","-0.58%"
"01/27/2023","80,791.36","80,696.99","81,337.95","80,508.97","210.85M","0.35%"
"01/26/2023","80,508.97","80,173.54","80,904.79","79,725.46","221.76M","0.98%"
"01/25/2023","79,725.46","79,973.57","80,471.83","79,447.47","178.40M","-0.39%"
"01/24/2023","80,037.01","80,371.15","80,647.77","79,882.95","196.56M","-0.11%"
"01/23/2023","80,128.63","79,456.27","80,358.84","79,269.77","160.18M","1.08%"
"01/20/2023","79,269.77","79,715.39","80,226.26","79,002.86","205.39M","-0.30%"
"01/19/2023","79,505.06","79,669.09","79,866.91","78,947.52","242.24M","-0.45%"
"01/18/2023","79,865.48","78,952.98","79,981.75","78,952.98","219.32M","0.61%"
"01/17/2023","79,385.11","79,210.08","79,483.63","78,886.59","258.36M","0.27%"
"01/16/2023","79,167.80","79,074.64","79,760.32","79,040.18","173.19M","-0.21%"
"01/13/2023","79,333.72","78,848.14","79,527.33","78,848.14","","0.90%"
"01/12/2023","78,627.55","78,104.73","79,313.57","78,044.25","200.90M","0.13%"
"01/11/2023","78,522.10","78,427.74","78,927.96","78,000.31","189.06M","0.67%"
"01/10/2023","78,000.31","78,113.62","78,342.70","77,597.35","163.40M","-0.44%"
"01/09/2023","78,342.70","77,751.08","78,624.20","76,858.94","209.77M","1.93%"
"01/06/2023","76,858.94","75,764.64","77,069.22","75,439.30","142.62M","1.88%"
"01/05/2023","75,439.30","74,967.98","76,041.39","74,567.61","176.66M","1.17%"
"01/04/2023","74,567.61","74,343.55","74,987.27","74,249.04","158.46M","0.18%"
"01/03/2023","74,436.48","73,147.90","74,612.67","73,048.57","130.46M","1.90%"
"12/30/2022","73,048.57","73,219.49","73,597.14","72,888.21","69.29M","-0.75%"
"12/29/2022","73,597.14","73,948.95","74,277.56","72,841.34","94.75M","-0.92%"
"12/28/2022","74,277.56","73,830.99","74,548.89","73,493.47","110.30M","1.07%"
"12/23/2022","73,493.47","73,032.16","73,577.06","72,877.34","53.31M","0.37%"
"12/22/2022","73,225.13","73,999.50","74,100.10","73,048.89","101.86M","-0.83%"
"12/21/2022","73,836.91","73,057.69","73,836.91","72,938.77","134.74M","1.09%"
"12/20/2022","73,040.51","72,774.72","73,359.60","71,826.47","157.20M","-0.43%"
"12/19/2022","73,359.60","73,152.71","73,588.61","72,572.00","223.92M","0.51%"
"12/15/2022","72,989.34","73,933.20","74,294.67","72,785.85","746.41M","-1.76%"
"12/14/2022","74,294.67","75,187.90","75,835.45","74,049.25","212.68M","-2.03%"
"12/13/2022","75,835.45","74,315.56","76,172.91","74,315.56","210.42M","1.90%"
"12/12/2022","74,422.18","73,885.88","74,773.30","73,554.24","187.23M","-0.17%"
"12/09/2022","74,548.14","74,577.12","75,035.66","74,448.85","194.70M","0.11%"
"12/08/2022","74,467.26","74,179.66","74,628.13","73,947.23","188.33M","0.62%"
"12/07/2022","74,011.12","74,202.80","74,557.31","73,619.91","208.86M","-0.73%"
"12/06/2022","74,557.31","74,403.84","74,961.03","74,215.44","185.49M","-0.18%"
"12/05/2022","74,693.42","75,198.76","75,511.40","74,322.91","229.12M","0.50%"
"12/02/2022","74,322.91","74,890.15","75,020.01","73,356.93","287.92M","-0.93%"
"12/01/2022","75,020.01","75,540.50","76,338.15","74,828.00","389.68M","0.26%"
"11/30/2022","74,828.00","73,070.81","75,093.64","73,070.81","430.61M","2.32%"
"11/29/2022","73,127.92","73,593.25","74,207.78","72,811.67","220.25M","-0.33%"
"11/28/2022","73,368.25","72,719.83","73,524.47","72,539.97","166.85M","0.30%"
"11/25/2022","73,151.38","72,852.04","73,446.34","72,484.33","169.50M","0.03%"
"11/24/2022","73,127.34","72,741.32","73,426.48","72,741.32","171.72M","0.32%"
"11/23/2022","72,891.45","72,329.76","73,028.79","72,242.33","226.23M","0.90%"
"11/22/2022","72,242.33","71,359.51","72,436.98","71,359.51","223.28M","0.42%"
"11/21/2022","71,938.01","72,125.42","72,576.86","71,686.03","243.96M","-0.88%"
"11/18/2022","72,576.86","72,283.73","72,929.33","72,155.29","163.46M","0.58%"
"11/17/2022","72,155.29","72,476.30","72,774.47","71,834.64","242.79M","-0.62%"
"11/16/2022","72,607.46","72,979.91","73,487.96","72,607.46","253.37M","-0.54%"
"11/15/2022","72,998.69","72,870.21","73,489.01","72,702.98","283.62M","0.24%"
"11/14/2022","72,822.47","72,944.40","73,258.08","72,766.66","235.90M","-0.22%"
"11/11/2022","72,982.80","72,114.50","73,435.53","70,710.27","287.32M","3.21%"
"11/10/2022","70,710.27","69,371.38","70,720.06","68,654.35","261.06M","1.54%"
"11/09/2022","69,640.23","69,030.01","69,700.98","68,957.53","226.44M","0.91%"
"11/08/2022","69,011.45","69,387.56","69,439.32","68,690.90","212.93M","-0.62%"
"11/07/2022","69,439.32","68,788.55","69,658.97","68,562.83","214.40M","0.19%"
"11/04/2022","69,305.19","66,572.88","69,437.13","66,046.65","245.63M","4.93%"
"11/03/2022","66,046.65","66,737.35","67,123.10","65,609.55","208.73M","-1.60%"
"11/02/2022","67,123.10","67,795.09","67,913.60","66,990.64","247.92M","-0.43%"
"11/01/2022","67,414.27","66,838.51","68,210.96","66,671.65","282.29M","1.11%"
"10/31/2022","66,671.65","66,566.61","66,843.11","66,385.58","203.41M","0.43%"
"10/28/2022","66,385.58","66,370.00","67,123.41","65,799.52","217.05M","-1.10%"
"10/27/2022","67,123.41","66,646.33","67,371.78","66,641.58","254.81M","0.03%"
"10/26/2022","67,103.09","65,915.89","67,103.09","65,850.84","273.43M","1.90%"
"10/25/2022","65,850.84","65,088.77","66,023.69","64,975.95","254.18M","1.35%"
"10/24/2022","64,975.95","65,607.12","65,823.85","64,662.96","221.85M","-0.86%"
"10/21/2022","65,539.24","65,021.41","66,015.75","64,705.82","218.35M","-0.39%"
"10/20/2022","65,794.28","65,301.24","65,869.44","64,854.32","494.95M","0.22%"
"10/19/2022","65,652.50","65,987.24","66,350.98","65,175.88","267.25M","-1.05%"
"10/18/2022","66,350.98","66,526.68","66,902.27","66,187.81","252.75M","0.24%"
"10/17/2022","66,190.75","64,309.42","66,262.75","64,149.01","251.84M","2.99%"
"10/14/2022","64,271.36","65,593.70","65,774.42","64,082.40","250.56M","-0.19%"
"10/13/2022","64,392.43","64,506.12","64,808.04","63,662.88","241.45M","-0.21%"
"10/12/2022","64,528.23","64,765.42","65,023.38","64,319.94","228.40M","-0.09%"
"10/11/2022","64,588.09","64,476.83","65,146.50","64,121.29","219.71M","-0.28%"
"10/10/2022","64,769.20","65,259.55","65,675.48","64,552.02","196.62M","-1.38%"
"10/07/2022","65,675.48","65,374.75","65,924.46","65,217.00","185.39M","-0.24%"
"10/06/2022","65,832.67","66,070.33","66,562.10","65,612.76","279.58M","0.34%"
"10/05/2022","65,612.76","66,176.02","66,456.39","65,387.75","201.98M","-1.06%"
"10/04/2022","66,312.83","65,058.10","66,312.83","64,227.23","308.41M","3.25%"
"10/03/2022","64,227.23","63,369.21","64,312.56","63,280.34","171.35M","0.79%"
"09/30/2022","63,726.37","63,636.67","63,970.81","63,261.06","288.56M","0.73%"
"09/29/2022","63,263.94","63,775.63","63,945.43","62,598.87","288.82M","-0.85%"
"09/28/2022","63,808.32","63,195.90","64,025.95","62,193.93","331.14M","-0.34%"
"09/27/2022","64,025.95","63,827.75","64,218.36","63,371.27","301.49M","0.63%"
"09/26/2022","63,625.66","63,003.22","63,786.98","62,646.37","251.48M","0.33%"
"09/23/2022","63,416.66","65,173.28","65,276.97","63,267.05","269.22M","-2.85%"
"09/22/2022","65,276.97","65,440.81","66,208.71","65,190.99","282.01M","-1.41%"
"09/21/2022","66,208.71","66,229.57","66,602.84","65,893.16","232.20M","-0.59%"
"09/20/2022","66,602.84","67,089.87","67,439.11","66,425.94","223.38M","0.19%"
"09/19/2022","66,474.86","66,280.54","66,534.69","65,540.16","","-0.16%"
"09/16/2022","66,584.34","67,035.82","67,568.26","66,334.32","573.71M","-1.46%"
"09/15/2022","67,568.26","67,833.71","68,478.31","67,555.83","418.92M","-0.58%"
"09/14/2022","67,964.02","67,774.62","68,273.71","67,435.54","206.86M","-0.45%"
"09/13/2022","68,273.71","69,700.27","69,866.50","68,128.64","281.80M","-2.15%"
"09/12/2022","69,772.41","69,121.06","70,064.69","68,708.48","262.65M","1.55%"
"09/09/2022","68,708.48","67,870.80","69,221.42","67,260.23","285.90M","2.15%"
"09/08/2022","67,260.23","66,790.29","67,524.74","66,596.87","251.83M","0.82%"
"09/07/2022","66,715.83","67,006.22","67,538.77","66,313.29","300.51M","-1.22%"
"09/06/2022","67,538.77","67,509.66","67,954.07","67,143.53","270.99M","0.21%"
"09/05/2022","67,399.39","67,095.80","67,723.33","66,846.07","220.33M","0.03%"
"09/02/2022","67,378.31","66,352.96","67,409.31","66,021.71","229.59M","2.05%"
"09/01/2022","66,021.71","66,790.99","67,257.14","65,830.50","403.41M","-1.84%"
"08/31/2022","67,257.14","68,188.82","68,636.46","67,257.14","329.43M","-0.95%"
"08/30/2022","67,900.48","69,221.62","69,548.62","67,689.43","269.06M","-1.89%"
"08/29/2022","69,207.02","69,184.18","70,173.09","68,627.96","157.38M","-1.38%"
"08/26/2022","70,173.09","70,359.75","71,054.87","70,062.67","188.50M","-0.24%"
"08/25/2022","70,340.70","70,275.61","70,592.80","69,808.71","208.75M","0.76%"
"08/24/2022","69,808.71","69,872.95","70,106.31","69,520.49","189.35M","0.05%"
"08/23/2022","69,772.27","69,320.41","70,032.64","69,123.15","192.03M","0.83%"
"08/22/2022","69,195.60","69,588.87","69,719.43","68,705.84","203.55M","-0.75%"
"08/19/2022","69,719.43","71,028.52","71,081.59","69,594.84","236.44M","-1.82%"
"08/18/2022","71,011.38","71,085.53","71,238.62","70,817.62","199.60M","0.06%"
"08/17/2022","70,967.35","71,329.32","71,504.69","70,742.35","217.84M","-0.75%"
"08/16/2022","71,504.69","71,011.39","71,563.01","70,740.63","234.10M","1.08%"
"08/15/2022","70,740.63","70,831.75","71,159.24","70,629.78","231.13M","0.01%"
"08/12/2022","70,731.32","70,869.56","71,305.04","70,731.32","199.42M","-0.75%"
"08/11/2022","71,264.77","69,899.25","71,399.61","69,744.90","269.37M","2.18%"
"08/10/2022","69,744.90","69,311.97","70,266.13","69,279.19","230.13M","-0.74%"
"08/08/2022","70,266.13","69,504.56","70,480.40","69,308.14","140.66M","1.07%"
"08/05/2022","69,519.27","69,025.90","69,645.77","68,717.02","193.18M","1.17%"
"08/04/2022","68,717.02","68,889.96","69,461.10","68,610.57","250.67M","0.16%"
"08/03/2022","68,610.57","68,060.97","69,107.99","68,002.23","208.87M","0.89%"
"08/02/2022","68,002.23","68,503.76","68,642.59","67,501.73","270.63M","-0.93%"
"08/01/2022","68,642.59","69,023.14","69,424.80","68,263.35","246.00M","-0.42%"
"07/29/2022","68,934.01","68,824.63","69,176.44","68,478.14","318.38M","0.47%"
"07/28/2022","68,610.75","68,897.22","69,464.73","68,424.97","260.57M","0.27%"
"07/27/2022","68,424.97","68,262.77","68,693.25","68,217.77","243.52M","0.00%"
"07/26/2022","68,421.80","68,312.27","68,458.25","67,749.79","240.36M","0.99%"
"07/25/2022","67,749.79","67,714.57","68,252.62","67,322.37","240.03M","-0.47%"
"07/22/2022","68,069.58","67,986.87","68,437.85","67,907.24","243.92M","0.24%"
"07/21/2022","67,907.24","67,472.22","68,099.38","67,053.65","209.03M","0.38%"
"07/20/2022","67,652.46","68,201.94","68,528.66","67,093.01","209.16M","-0.20%"
"07/19/2022","67,785.04","66,470.84","67,797.48","66,418.33","233.23M","1.15%"
"07/18/2022","67,016.14","66,136.38","67,177.28","65,088.90","257.88M","2.96%"
"07/15/2022","65,088.90","64,404.13","65,306.60","64,118.05","232.78M","0.58%"
"07/14/2022","64,712.88","66,074.85","66,381.17","64,348.29","229.37M","-2.16%"
"07/13/2022","66,142.69","67,100.40","67,163.71","65,345.53","259.50M","-1.52%"
"07/12/2022","67,163.71","66,863.02","67,226.75","66,619.87","187.78M","-0.09%"
"07/11/2022","67,226.75","67,006.28","68,327.40","66,615.54","170.78M","-1.61%"
"07/08/2022","68,327.40","67,651.44","68,491.37","67,089.26","260.96M","0.62%"
"07/07/2022","67,909.29","66,636.06","67,971.71","65,756.36","272.49M","3.27%"
"07/06/2022","65,756.36","65,482.93","66,278.88","65,005.81","207.10M","1.15%"
"07/05/2022","65,005.81","67,092.50","67,092.50","64,719.99","272.39M","-3.01%"
"07/04/2022","67,024.82","65,981.22","67,417.82","65,661.73","177.57M","2.08%"
"07/01/2022","65,661.73","65,919.02","66,635.32","65,452.84","200.41M","-0.85%"
"06/30/2022","66,223.31","66,830.88","67,747.41","66,223.31","302.68M","-2.25%"
"06/29/2022","67,747.41","67,351.46","68,058.12","67,139.96","186.82M","-0.46%"
"06/28/2022","68,058.12","68,106.90","68,686.65","67,826.78","199.58M","0.34%"
"06/27/2022","67,826.78","67,104.53","68,360.41","66,348.75","197.63M","2.23%"
"06/24/2022","66,348.75","65,371.92","66,373.23","65,207.00","213.91M","1.61%"
"06/23/2022","65,295.42","65,283.80","65,784.97","64,744.53","220.11M","-0.63%"
"06/22/2022","65,712.68","65,901.30","66,747.23","65,191.10","190.39M","-1.55%"
"06/21/2022","66,747.23","66,963.57","67,508.53","66,350.31","227.07M","0.60%"
"06/20/2022","66,350.31","65,648.69","66,692.73","65,390.88","182.44M","1.47%"
"06/17/2022","65,390.88","66,439.60","66,815.42","65,390.88","","-3.13%"
"06/15/2022","67,502.09","65,799.07","67,544.51","65,225.95","615.65M","2.77%"
"06/14/2022","65,683.52","66,854.22","66,909.86","65,559.37","279.92M","-1.05%"
"06/13/2022","66,381.03","66,904.31","67,803.51","65,961.66","283.53M","-2.10%"
"06/10/2022","67,803.51","68,825.79","68,910.80","67,703.13","290.91M","-1.61%"
"06/09/2022","68,910.80","69,474.01","70,460.74","68,910.80","241.62M","-1.49%"
"06/08/2022","69,950.21","70,706.47","70,706.47","69,879.58","235.87M","-0.52%"
"06/07/2022","70,318.23","70,582.46","71,120.09","69,780.66","216.95M","-1.13%"
"06/06/2022","71,120.09","71,321.90","71,460.82","70,830.62","157.68M","0.28%"
"06/03/2022","70,920.45","71,375.62","71,752.67","70,920.45","164.40M","-0.16%"
"06/02/2022","71,035.00","70,993.04","71,334.63","70,849.38","239.95M","0.26%"
"06/01/2022","70,849.38","71,855.23","72,094.87","70,567.04","266.85M","-1.73%"
"05/31/2022","72,094.87","71,779.98","72,289.88","71,620.27","502.29M","0.19%"
"05/30/2022","71,958.15","70,926.29","72,063.86","70,485.46","257.36M","2.09%"
"05/27/2022","70,485.46","69,423.37","70,607.71","69,423.37","249.10M","1.44%"
"05/26/2022","69,483.76","67,644.75","69,573.31","67,585.25","276.64M","2.81%"
"05/25/2022","67,585.25","67,968.93","68,227.74","66,820.04","294.23M","-0.16%"
"05/24/2022","67,690.72","67,996.32","68,367.37","67,491.28","214.23M","-0.99%"
"05/23/2022","68,367.37","68,271.20","68,798.07","67,575.28","210.66M","1.17%"
"05/20/2022","67,575.28","69,023.91","69,217.65","67,575.28","257.05M","-0.98%"
"05/19/2022","68,245.84","68,323.43","69,083.44","67,512.35","241.81M","-1.21%"
"05/18/2022","69,083.44","69,841.88","70,017.42","68,977.65","221.16M","-0.88%"
"05/17/2022","69,696.39","69,744.13","70,384.41","69,211.76","286.24M","0.70%"
"05/16/2022","69,211.76","68,573.73","69,269.38","68,407.44","206.91M","0.82%"
"05/13/2022","68,650.66","67,420.35","68,650.66","67,250.13","272.06M","2.08%"
"05/12/2022","67,251.89","66,716.12","68,416.41","65,954.36","313.56M","-1.70%"
"05/11/2022","68,416.41","67,750.25","68,489.51","66,820.56","265.91M","2.16%"
"05/10/2022","66,966.73","67,183.73","67,741.57","66,769.12","377.00M","0.30%"
"05/09/2022","66,769.12","67,894.88","67,978.14","66,481.38","264.28M","-1.78%"
"05/06/2022","67,978.14","69,220.19","69,682.65","67,256.72","286.12M","-2.45%"
"05/05/2022","69,682.65","71,082.51","71,082.51","69,682.65","281.48M","-0.96%"
"05/04/2022","70,357.58","71,222.24","71,338.99","70,110.29","634.43M","-1.38%"
"05/03/2022","71,338.99","72,198.96","72,438.25","71,296.64","236.01M","-1.52%"
"04/29/2022","72,438.25","72,208.66","73,130.41","71,534.57","243.59M","1.26%"
"04/28/2022","71,534.57","70,625.10","71,613.58","70,264.11","234.55M","1.81%"
"04/26/2022","70,264.11","70,348.03","70,995.17","69,750.67","250.24M","0.74%"
"04/25/2022","69,750.67","70,666.56","72,264.90","69,692.60","306.57M","-3.48%"
"04/22/2022","72,264.90","72,702.65","73,350.94","72,238.99","211.77M","-1.48%"
"04/21/2022","73,350.94","73,400.71","73,899.86","73,181.64","395.13M","-0.59%"
"04/20/2022","73,783.43","73,865.43","74,205.48","73,480.83","343.90M","-0.06%"
"04/19/2022","73,830.27","73,431.33","74,108.94","73,382.83","242.37M","0.61%"
"04/14/2022","73,382.83","73,753.38","73,753.38","73,128.65","181.54M","0.35%"
"04/13/2022","73,128.65","73,856.35","74,003.80","72,924.71","279.20M","-0.91%"
"04/12/2022","73,801.88","74,468.05","74,468.05","73,405.09","262.03M","-0.84%"
"04/11/2022","74,426.40","74,279.10","74,776.11","74,157.08","267.83M","-0.47%"
"04/08/2022","74,776.11","74,348.75","74,911.41","74,008.07","247.61M","1.04%"
"04/07/2022","74,008.07","74,403.54","74,403.54","73,792.56","242.92M","-0.47%"
"04/06/2022","74,359.03","75,216.64","75,290.64","74,028.75","269.03M","-1.23%"
"04/05/2022","75,286.61","75,835.22","75,835.22","75,097.17","289.16M","-0.72%"
"04/04/2022","75,835.07","76,242.76","76,361.42","75,822.96","223.54M","-0.10%"
"04/01/2022","75,907.90","75,338.37","75,959.96","74,758.77","218.55M","0.54%"
"03/31/2022","75,497.15","75,460.68","75,518.96","74,766.14","260.31M","0.10%"
"03/30/2022","75,425.31","74,826.75","75,425.31","74,606.40","200.70M","0.87%"
"03/29/2022","74,776.39","74,687.41","75,001.44","74,194.35","301.49M","0.78%"
"03/28/2022","74,194.35","74,108.58","74,608.08","73,949.30","227.87M","-0.18%"
"03/25/2022","74,324.67","74,508.19","74,642.22","74,111.04","238.10M","-0.03%"
"03/24/2022","74,349.94","75,244.85","75,408.24","74,304.82","274.57M","-0.65%"
"03/23/2022","74,838.09","75,699.26","76,084.61","74,781.74","269.44M","-1.21%"
"03/22/2022","75,751.41","75,233.99","75,998.97","74,847.63","302.67M","1.21%"
"03/18/2022","74,847.63","74,367.92","74,921.53","74,206.74","","0.98%"
"03/17/2022","74,124.27","73,959.27","74,437.53","73,484.30","493.33M","0.87%"
"03/16/2022","73,484.30","71,962.95","73,484.30","70,628.20","359.32M","4.04%"
"03/15/2022","70,628.20","71,095.12","71,903.72","69,556.99","311.71M","-1.77%"
"03/14/2022","71,903.72","73,157.09","73,685.89","71,470.67","328.70M","-2.42%"
"03/11/2022","73,685.89","73,667.61","74,680.78","73,667.61","281.08M","-0.28%"
"03/10/2022","73,889.41","73,192.45","73,889.41","72,684.82","352.82M","1.66%"
"03/09/2022","72,684.82","72,438.95","73,382.81","72,359.82","361.00M","0.40%"
"03/08/2022","72,398.62","72,860.40","73,295.88","72,060.67","363.53M","-1.22%"
"03/07/2022","73,295.88","74,793.34","74,793.34","73,295.88","471.90M","-1.92%"
"03/04/2022","74,734.37","76,516.65","77,390.85","74,015.37","401.51M","-3.43%"
"03/03/2022","77,390.85","78,003.20","78,297.38","77,339.20","301.81M","-0.19%"
"03/02/2022","77,536.12","76,956.33","77,728.30","76,852.11","342.89M","0.55%"
"03/01/2022","77,110.69","76,600.13","77,306.89","76,090.51","413.78M","1.34%"
"02/28/2022","76,090.51","74,236.56","76,090.51","74,205.69","454.50M","2.54%"
"02/25/2022","74,205.69","73,397.48","74,251.80","73,389.91","235.43M","0.69%"
"02/24/2022","73,697.11","73,825.60","74,987.05","73,350.31","385.13M","-1.72%"
"02/23/2022","74,987.05","75,278.13","75,653.84","74,769.06","222.82M","-0.88%"
"02/22/2022","75,653.84","75,380.22","75,653.84","74,235.39","273.04M","0.17%"
"02/21/2022","75,528.46","76,163.53","76,708.88","75,464.82","198.93M","-1.10%"
"02/18/2022","76,368.34","76,337.27","76,461.76","75,922.37","241.91M","0.28%"
"02/17/2022","76,154.69","76,479.88","76,919.01","75,974.12","256.75M","-0.45%"
"02/16/2022","76,502.59","76,063.08","76,752.10","75,853.16","266.08M","0.86%"
"02/15/2022","75,853.16","76,016.36","76,397.36","75,708.08","288.63M","0.12%"
"02/14/2022","75,765.16","76,529.21","76,529.21","75,495.96","253.90M","-0.81%"
"02/11/2022","76,382.95","76,172.98","76,585.19","75,659.60","236.70M","-0.26%"
"02/10/2022","76,585.19","77,206.47","77,206.47","76,159.28","248.69M","-0.14%"
"02/09/2022","76,690.92","76,944.41","77,050.78","76,090.52","242.86M","0.79%"
"02/08/2022","76,090.52","75,815.00","76,583.13","75,679.56","247.75M","0.54%"
"02/07/2022","75,679.56","75,101.33","75,851.17","75,101.33","269.15M","0.63%"
"02/04/2022","75,206.00","75,171.68","75,528.47","74,766.38","204.15M","0.25%"
"02/03/2022","75,021.67","75,087.72","75,777.81","75,006.66","214.28M","-0.22%"
"02/02/2022","75,190.74","75,342.32","75,672.05","74,889.17","346.79M","0.40%"
"02/01/2022","74,889.17","74,488.61","75,258.45","74,304.56","211.69M","0.79%"
"01/31/2022","74,304.56","74,083.85","74,905.71","73,454.96","266.13M","1.16%"
"01/28/2022","73,454.96","73,756.96","74,015.16","72,856.62","198.28M","-0.07%"
"01/27/2022","73,504.04","72,262.67","73,797.33","72,244.08","239.03M","-0.40%"
"01/26/2022","73,797.33","72,817.09","73,863.17","72,314.81","269.12M","2.05%"
"01/25/2022","72,314.81","72,500.31","73,137.22","72,164.02","287.06M","0.21%"
"01/24/2022","72,164.02","74,618.06","74,834.52","72,164.02","259.86M","-3.57%"
"01/21/2022","74,834.52","75,504.80","76,233.26","74,651.32","219.58M","-1.83%"
"01/20/2022","76,233.26","76,572.44","76,771.08","75,759.12","241.87M","0.07%"
"01/19/2022","76,176.15","75,495.59","76,176.15","74,955.66","223.22M","1.63%"
"01/18/2022","74,955.66","75,417.60","75,593.47","74,606.02","198.87M","-0.84%"
"01/17/2022","75,593.47","75,200.04","75,609.70","75,111.69","200.10M","0.58%"
"01/14/2022","75,160.21","75,650.39","75,925.55","74,950.51","159.09M","-1.01%"
"01/13/2022","75,925.55","75,537.43","75,925.55","75,330.60","174.03M","0.05%"
"01/12/2022","75,884.75","74,569.21","75,897.49","73,971.43","212.10M","2.59%"
"01/11/2022","73,971.43","74,279.98","74,522.06","73,830.47","172.79M","0.19%"
"01/10/2022","73,830.47","74,072.18","74,405.15","73,830.47","138.21M","-0.15%"
"01/07/2022","73,939.71","74,104.52","74,348.68","73,757.28","127.08M","-0.30%"
"01/06/2022","74,165.25","74,541.36","75,060.92","74,025.50","146.62M","-1.19%"
"01/05/2022","75,060.92","74,797.37","75,084.14","74,508.98","133.54M","0.01%"
"01/04/2022","75,052.06","73,883.33","75,052.06","73,722.60","133.28M","1.80%"
"01/03/2022","73,722.60","73,638.72","74,290.93","73,638.72","95.16M","0.02%"
"12/31/2021","73,709.39","73,881.56","73,881.56","73,419.82","57.56M","-0.10%"
"12/30/2021","73,786.45","73,416.87","73,822.93","73,238.01","103.75M","0.75%"
"12/29/2021","73,238.01","72,311.66","73,285.03","72,311.66","97.52M","1.10%"
"12/28/2021","72,444.52","71,592.05","72,599.48","71,568.43","105.74M","1.22%"
"12/24/2021","71,570.64","71,838.94","71,859.54","71,570.64","29.13M","-0.16%"
"12/23/2021","71,684.10","71,845.49","72,052.61","71,359.04","124.40M","0.46%"
"12/22/2021","71,359.04","71,223.31","71,642.27","71,092.14","130.77M","0.34%"
"12/21/2021","71,119.36","70,850.34","71,341.20","70,087.63","137.16M","1.47%"
"12/20/2021","70,087.63","70,682.15","71,203.13","69,473.67","195.64M","-1.57%"
"12/17/2021","71,203.13","71,920.60","72,357.23","71,203.13","605.68M","-0.37%"
"12/15/2021","71,467.17","71,355.22","72,082.08","71,354.32","517.40M","-0.11%"
"12/14/2021","71,544.82","71,323.95","71,765.30","71,264.21","291.47M","0.16%"
"12/13/2021","71,429.88","72,041.91","72,429.55","71,401.50","250.18M","-0.36%"
"12/10/2021","71,686.33","72,158.06","72,345.40","71,664.71","231.91M","-0.72%"
"12/09/2021","72,207.64","72,241.61","72,577.34","71,935.80","260.48M","-0.27%"
"12/08/2021","72,403.88","73,048.06","73,048.06","72,203.51","289.80M","-0.73%"
"12/07/2021","72,939.25","71,324.01","72,954.87","71,016.63","276.02M","2.71%"
"12/06/2021","71,016.63","70,833.72","71,242.44","70,763.91","221.36M","0.30%"
"12/03/2021","70,807.60","71,193.85","71,579.06","70,807.60","258.32M","-0.30%"
"12/02/2021","71,020.76","71,220.16","71,512.55","70,651.31","305.05M","-0.25%"
"12/01/2021","71,198.08","70,652.38","71,251.42","70,475.02","295.84M","1.03%"
"11/30/2021","70,475.02","69,733.44","70,639.33","69,537.83","718.14M","0.67%"
"11/29/2021","70,008.54","69,119.03","70,287.55","68,614.98","282.64M","2.03%"
"11/26/2021","68,614.98","69,669.02","70,554.68","68,523.69","421.15M","-2.75%"
"11/25/2021","70,554.68","70,648.82","70,929.63","70,389.50","193.20M","-0.01%"
"11/24/2021","70,558.89","70,912.12","71,235.21","70,264.72","264.25M","-0.64%"
"11/23/2021","71,015.40","70,704.48","71,079.49","70,422.36","237.14M","0.21%"
"11/22/2021","70,865.85","70,432.32","70,990.73","70,376.42","185.57M","0.70%"
"11/19/2021","70,376.42","71,126.96","71,292.25","70,104.15","227.98M","-0.69%"
"11/18/2021","70,866.57","70,673.46","71,084.16","70,638.53","219.38M","-0.11%"
"11/17/2021","70,942.34","70,886.26","71,447.71","70,886.26","207.86M","0.01%"
"11/16/2021","70,938.41","70,321.35","71,049.07","70,090.54","223.91M","1.21%"
"11/15/2021","70,090.54","69,978.31","70,327.05","69,638.92","199.06M","0.24%"
"11/12/2021","69,921.37","69,585.69","69,995.40","69,131.56","190.39M","1.14%"
"11/11/2021","69,131.56","68,541.07","69,322.38","68,279.40","208.71M","1.25%"
"11/10/2021","68,279.40","68,103.04","68,478.70","67,648.74","268.84M","0.44%"
"11/09/2021","67,983.20","68,202.41","68,292.73","67,710.84","209.38M","-0.10%"
"11/08/2021","68,049.34","67,910.80","68,264.15","67,656.63","235.11M","0.33%"
"11/05/2021","67,825.34","68,207.05","68,712.96","67,738.76","222.63M","-0.49%"
"11/04/2021","68,156.21","69,003.06","69,105.60","68,156.21","217.19M","-0.63%"
"11/03/2021","68,587.27","67,798.32","68,587.27","67,782.20","225.77M","1.19%"
"11/02/2021","67,782.20","67,794.77","68,079.85","67,464.69","294.84M","0.47%"
"10/29/2021","67,464.69","67,459.61","67,975.64","67,338.60","286.02M","-0.44%"
"10/28/2021","67,759.76","67,610.21","68,015.46","67,475.09","259.74M","0.42%"
"10/27/2021","67,475.09","67,173.86","67,615.44","67,159.86","258.76M","-0.21%"
"10/26/2021","67,615.31","66,959.76","67,774.23","66,879.94","228.70M","0.95%"
"10/25/2021","66,980.45","67,279.39","67,323.89","66,937.08","175.26M","-0.10%"
"10/22/2021","67,050.52","66,329.17","67,201.84","66,057.58","146.84M","1.50%"
"10/21/2021","66,057.58","66,352.48","66,894.79","65,942.71","267.06M","-1.25%"
"10/20/2021","66,894.79","66,561.37","66,949.62","66,347.98","198.60M","0.18%"
"10/19/2021","66,776.15","67,053.65","67,249.16","66,675.73","192.49M","-0.02%"
"10/18/2021","66,792.10","67,112.53","67,176.85","66,703.83","180.77M","-0.35%"
"10/15/2021","67,028.86","67,058.95","67,226.25","66,837.89","204.93M","0.27%"
"10/14/2021","66,846.17","66,482.60","66,928.39","66,012.78","292.87M","1.26%"
"10/13/2021","66,012.78","65,675.24","66,012.78","65,534.10","207.59M","0.04%"
"10/12/2021","65,988.12","65,581.37","66,180.38","65,498.03","334.30M","-0.17%"
"10/11/2021","66,101.04","65,743.42","66,375.07","65,242.61","202.56M","1.32%"
"10/08/2021","65,242.61","65,501.69","65,610.39","65,113.36","273.33M","0.13%"
"10/07/2021","65,157.75","64,646.13","65,250.80","63,987.02","281.93M","1.83%"
"10/06/2021","63,987.02","64,388.76","64,542.87","63,442.84","290.78M","-0.86%"
"10/05/2021","64,542.87","63,988.42","64,574.28","63,956.85","286.18M","0.65%"
"10/04/2021","64,129.00","63,495.32","64,303.43","63,463.82","268.16M","0.74%"
"10/01/2021","63,661.02","63,836.71","64,281.77","63,617.39","231.69M","-0.97%"
"09/30/2021","64,281.77","64,460.81","64,726.30","64,278.05","345.34M","-0.13%"
"09/29/2021","64,363.66","63,764.96","64,363.66","63,730.29","258.43M","0.91%"
"09/28/2021","63,784.41","64,191.70","64,330.99","63,551.65","378.85M","-0.64%"
"09/27/2021","64,197.36","64,512.52","64,664.85","64,049.05","311.55M","0.23%"
"09/23/2021","64,049.05","63,865.71","64,086.97","63,353.05","276.35M","1.10%"
"09/22/2021","63,353.05","62,978.31","63,559.60","62,978.31","251.87M","1.59%"
"09/21/2021","62,362.18","61,760.56","62,660.46","61,453.42","267.49M","1.48%"
"09/20/2021","61,453.42","61,850.13","62,012.77","60,894.30","305.06M","-2.24%"
"09/17/2021","62,863.64","63,516.60","63,628.83","62,863.64","647.66M","-0.71%"
"09/16/2021","63,313.75","64,235.36","64,385.13","63,148.92","525.06M","-1.66%"
"09/15/2021","64,385.13","64,177.35","64,470.49","63,840.90","269.61M","0.13%"
"09/14/2021","64,300.46","64,445.50","64,652.32","63,929.69","813.08M","-0.54%"
"09/13/2021","64,652.32","64,296.42","64,841.39","64,055.71","217.88M","0.55%"
"09/10/2021","64,296.06","64,538.90","64,682.48","64,176.53","211.99M","0.19%"
"09/09/2021","64,176.53","64,798.51","65,525.35","63,993.80","251.35M","-2.06%"
"09/08/2021","65,525.35","66,340.89","66,514.91","65,445.68","205.09M","-1.49%"
"09/07/2021","66,514.91","66,407.51","66,698.77","66,377.16","206.78M","0.39%"
"09/06/2021","66,253.80","66,674.02","66,752.76","66,020.21","200.99M","-0.18%"
"09/03/2021","66,371.85","66,838.45","66,972.81","66,188.14","206.08M","-0.42%"
"09/02/2021","66,654.24","66,946.37","66,976.05","66,357.15","263.46M","-0.48%"
"09/01/2021","66,976.05","67,634.06","67,893.71","66,859.58","260.93M","-0.67%"
"08/31/2021","67,427.93","67,373.01","67,645.40","67,064.69","319.32M","0.54%"
"08/30/2021","67,064.69","67,606.30","67,764.92","67,042.37","116.87M","-0.86%"
"08/27/2021","67,646.08","67,065.96","67,659.39","67,065.96","187.62M","0.86%"
"08/26/2021","67,068.74","67,197.74","67,452.86","66,977.05","227.28M","-0.57%"
"08/25/2021","67,452.86","67,265.64","67,496.44","67,169.31","331.98M","0.00%"
"08/24/2021","67,451.54","67,532.03","67,622.86","66,829.21","208.04M","0.93%"
"08/23/2021","66,829.21","66,623.56","67,002.26","66,011.06","185.62M","1.24%"
"08/20/2021","66,011.06","66,660.36","66,660.36","65,677.51","210.89M","-0.15%"
"08/19/2021","66,113.48","65,972.12","67,905.68","65,883.35","277.76M","-2.64%"
"08/18/2021","67,905.68","69,136.15","69,136.15","67,720.86","181.88M","-1.50%"
"08/17/2021","68,939.84","68,685.91","69,490.39","68,673.63","394.66M","0.17%"
"08/16/2021","68,824.70","68,937.84","69,384.76","68,634.61","260.24M","-0.81%"
"08/13/2021","69,384.76","69,402.40","69,557.32","69,215.29","281.46M","-0.02%"
"08/12/2021","69,401.95","69,291.04","69,617.16","69,025.80","222.43M","-0.31%"
"08/11/2021","69,617.16","69,717.66","69,813.78","69,361.08","220.08M","0.02%"
"08/10/2021","69,602.04","69,105.77","69,724.38","68,673.95","244.29M","1.35%"
"08/06/2021","68,673.95","68,819.95","68,819.95","68,371.23","221.22M","0.44%"
"08/05/2021","68,371.23","68,522.12","68,898.04","68,371.23","279.54M","-0.76%"
"08/04/2021","68,898.04","69,239.73","69,281.84","68,639.64","203.56M","0.28%"
"08/03/2021","68,705.73","68,337.70","68,841.27","68,337.70","183.18M","-0.17%"
"08/02/2021","68,822.75","69,150.68","69,584.60","68,822.75","163.77M","-0.21%"
"07/30/2021","68,970.78","68,879.03","69,565.23","68,534.11","267.98M","-0.85%"
"07/29/2021","69,565.23","69,109.87","69,761.38","68,525.54","171.89M","1.52%"
"07/28/2021","68,525.54","66,946.65","68,525.54","66,946.65","147.20M","1.76%"
"07/27/2021","67,340.72","67,937.79","68,051.05","66,902.90","178.00M","-1.04%"
"07/26/2021","68,051.05","67,653.01","68,312.99","67,530.59","174.34M","-0.02%"
"07/23/2021","68,063.70","67,596.87","68,266.15","67,404.27","154.83M","0.98%"
"07/22/2021","67,404.27","66,896.69","67,479.76","66,558.46","180.17M","1.27%"
"07/21/2021","66,558.46","65,725.37","66,694.27","65,693.17","197.12M","1.27%"
"07/20/2021","65,724.68","65,280.49","65,714.48","64,804.74","204.06M","1.42%"
"07/19/2021","64,804.74","65,541.11","66,529.53","64,556.67","187.18M","-2.59%"
"07/16/2021","66,529.53","67,702.65","67,702.65","66,293.33","199.94M","-1.49%"
"07/15/2021","67,538.61","67,971.05","67,991.70","67,313.67","212.33M","-0.53%"
"07/14/2021","67,897.60","67,053.66","68,314.07","66,984.03","270.72M","1.21%"
"07/13/2021","67,088.27","67,362.74","67,605.80","66,828.50","286.79M","-0.30%"
"07/12/2021","67,293.33","66,380.75","67,293.33","65,881.63","224.14M","1.37%"
"07/09/2021","66,385.57","65,639.26","66,399.72","65,243.50","215.58M","1.75%"
"07/08/2021","65,243.50","66,305.12","66,806.36","65,136.18","253.18M","-2.34%"
"07/07/2021","66,806.36","65,985.63","66,967.12","65,849.75","202.33M","1.45%"
"07/06/2021","65,849.75","66,315.52","66,471.33","65,831.27","164.88M","-0.48%"
"07/05/2021","66,166.86","66,035.58","66,323.76","65,638.95","145.17M","-0.24%"
"07/02/2021","66,323.76","66,616.85","66,945.98","66,259.47","125.19M","-0.35%"
"07/01/2021","66,555.78","66,523.45","66,807.36","66,069.37","159.94M","0.46%"
"06/30/2021","66,248.74","66,525.62","66,660.45","66,108.90","245.06M","-0.45%"
"06/29/2021","66,548.71","65,774.33","66,829.94","65,763.88","196.64M","1.12%"
"06/28/2021","65,809.35","66,166.93","66,240.04","65,737.73","208.97M","-0.61%"
"06/25/2021","66,215.47","66,530.22","66,595.41","66,088.13","208.85M","-0.07%"
"06/24/2021","66,263.49","65,755.45","66,358.47","65,574.82","223.37M","0.67%"
"06/23/2021","65,819.63","65,846.30","66,124.81","65,546.69","200.18M","0.41%"
"06/22/2021","65,551.73","65,638.95","65,873.40","65,362.49","225.10M","-0.02%"
"06/21/2021","65,563.48","65,147.68","65,725.58","65,078.44","216.28M","-0.11%"
"06/18/2021","65,635.23","66,508.06","66,593.93","65,635.23","500.58M","-1.43%"
"06/17/2021","66,585.48","66,625.24","67,310.57","66,504.23","568.84M","-1.08%"
"06/15/2021","67,310.57","67,795.64","68,010.62","67,110.39","231.68M","-0.93%"
"06/14/2021","67,941.48","67,913.60","68,228.53","67,644.75","157.46M","0.32%"
"06/11/2021","67,723.91","67,860.09","67,861.82","67,438.61","189.98M","0.27%"
"06/10/2021","67,542.84","67,987.95","68,062.28","67,460.67","224.46M","-0.20%"
"06/09/2021","67,681.47","67,661.90","67,726.40","67,356.23","255.47M","0.05%"
"06/08/2021","67,644.84","67,704.75","67,927.12","67,435.91","245.93M","0.10%"
"06/07/2021","67,575.42","67,596.67","67,825.02","67,179.07","175.28M","-0.37%"
"06/04/2021","67,825.02","67,679.52","68,247.34","67,636.23","209.47M","0.05%"
"06/03/2021","67,791.38","68,686.22","69,049.04","67,614.10","227.31M","-1.82%"
"06/02/2021","69,049.04","69,016.71","69,278.05","68,905.53","232.85M","0.18%"
"06/01/2021","68,922.86","68,323.08","69,141.11","67,964.04","272.25M","1.41%"
"05/31/2021","67,964.04","67,741.43","68,140.85","67,554.86","139.73M","0.61%"
"05/28/2021","67,554.86","67,098.42","67,726.56","66,794.61","297.37M","0.92%"
"05/27/2021","66,940.25","66,107.83","66,940.25","66,102.55","416.20M","1.26%"
"05/26/2021","66,108.23","66,230.36","66,446.37","66,030.35","200.43M","0.05%"
"05/25/2021","66,076.68","66,681.20","66,812.45","66,022.98","292.44M","0.03%"
"05/24/2021","66,054.92","66,222.03","66,493.13","65,940.26","195.28M","-0.28%"
"05/21/2021","66,238.93","66,214.43","66,771.34","66,124.44","189.06M","0.17%"
"05/20/2021","66,124.44","66,149.56","66,423.20","65,757.17","200.55M","0.41%"
"05/19/2021","65,855.81","66,550.75","67,254.92","65,722.69","209.58M","-2.08%"
"05/18/2021","67,254.92","67,817.24","67,989.77","67,057.88","243.29M","0.06%"
"05/17/2021","67,217.11","67,166.99","67,373.62","66,590.34","180.65M","0.93%"
"05/14/2021","66,598.13","66,274.74","66,635.71","66,090.94","275.60M","0.65%"
"05/13/2021","66,168.65","66,795.92","67,424.27","65,362.26","292.92M","-1.86%"
"05/12/2021","67,424.27","68,121.82","68,402.98","67,241.20","193.18M","0.27%"
"05/11/2021","67,241.20","67,932.96","68,377.23","66,993.58","234.85M","-1.66%"
"05/10/2021","68,377.23","69,007.47","69,043.10","68,373.64","240.55M","-0.21%"
"05/07/2021","68,519.53","67,809.81","68,664.36","67,608.89","276.82M","1.35%"
"05/06/2021","67,608.89","67,532.20","67,687.96","67,050.70","257.40M","0.39%"
"05/05/2021","67,346.19","66,741.71","67,400.47","66,173.97","229.92M","1.77%"
"05/04/2021","66,173.97","66,846.92","67,183.52","65,969.09","202.70M","-0.62%"
"05/03/2021","66,586.24","67,101.64","67,101.64","66,320.96","180.83M","-0.52%"
"04/30/2021","66,937.00","67,321.75","67,420.19","66,667.03","278.46M","-0.68%"
"04/29/2021","67,392.73","67,923.16","68,188.19","67,361.08","214.17M","-0.51%"
"04/28/2021","67,740.11","67,490.84","67,983.73","67,444.41","217.92M","0.25%"
"04/26/2021","67,572.58","67,433.39","67,594.42","67,266.61","132.37M","0.41%"
"04/23/2021","67,295.74","66,850.49","67,295.74","66,789.46","195.83M","0.48%"
"04/22/2021","66,971.59","67,244.68","67,395.22","66,803.69","185.50M","-0.26%"
"04/21/2021","67,145.75","67,152.00","67,227.17","66,427.45","197.12M","0.46%"
"04/20/2021","66,835.52","67,975.34","68,106.72","66,786.48","218.53M","-1.85%"
"04/19/2021","68,094.28","68,628.54","68,802.69","68,094.28","188.10M","-0.88%"
"04/16/2021","68,698.78","67,980.05","68,741.83","67,823.09","224.89M","1.29%"
"04/15/2021","67,823.09","67,968.61","68,104.74","67,682.73","210.51M","0.02%"
"04/14/2021","67,812.15","67,201.07","67,839.56","67,072.49","261.27M","1.10%"
"04/13/2021","67,072.49","66,455.66","67,150.35","66,291.78","285.64M","1.03%"
"04/12/2021","66,390.02","66,931.19","67,191.27","66,257.24","221.70M","-1.19%"
"04/09/2021","67,191.27","67,183.90","67,241.71","66,886.89","171.86M","0.20%"
"04/08/2021","67,053.97","67,892.77","67,976.77","66,953.08","200.87M","-0.16%"
"04/07/2021","67,160.42","67,809.92","68,132.18","67,050.73","254.46M","-1.33%"
"04/06/2021","68,063.89","67,720.98","68,092.87","67,236.31","169.27M","1.23%"
"04/01/2021","67,236.31","67,030.95","67,523.32","66,485.29","306.81M","1.13%"
"03/31/2021","66,485.29","67,323.92","67,323.92","66,384.19","242.76M","-1.20%"
"03/30/2021","67,291.66","67,153.39","67,340.06","66,773.33","244.41M","0.30%"
"03/29/2021","67,089.37","66,676.96","67,430.12","66,576.33","228.14M","0.38%"
"03/26/2021","66,833.99","65,557.50","66,861.69","64,783.62","222.15M","3.16%"
"03/25/2021","64,783.62","64,876.82","65,400.33","64,503.03","","-0.73%"
"03/24/2021","65,257.09","64,842.86","65,460.16","64,248.36","314.70M","-0.09%"
"03/23/2021","65,318.52","65,778.50","65,911.27","65,171.35","378.28M","-0.90%"
"03/19/2021","65,911.27","66,509.12","66,509.12","65,609.58","","-1.24%"
"03/18/2021","66,739.74","67,264.30","67,516.34","66,494.49","560.43M","0.37%"
"03/17/2021","66,494.49","67,176.39","67,445.43","66,246.60","310.97M","-1.18%"
"03/16/2021","67,289.37","67,736.86","67,842.30","67,044.52","","-0.41%"
"03/15/2021","67,566.42","67,875.22","68,028.34","67,566.42","","-0.94%"
"03/12/2021","68,209.86","68,580.62","68,775.06","67,675.59","289.05M","-0.82%"
"03/11/2021","68,775.06","68,551.16","68,924.99","68,516.99","292.45M","0.38%"
"03/10/2021","68,516.99","68,219.53","68,655.96","67,941.45","257.59M","-0.20%"
"03/09/2021","68,655.96","68,255.11","69,021.59","68,051.92","321.73M","0.34%"
"03/08/2021","68,426.17","67,947.97","68,493.73","67,922.86","255.46M","0.23%"
"03/05/2021","68,271.19","67,764.10","68,462.38","67,501.45","208.03M","0.78%"
"03/04/2021","67,743.54","68,055.92","68,358.39","67,588.21","255.51M","-0.85%"
"03/03/2021","68,326.79","68,822.57","69,403.75","68,226.70","245.11M","-0.27%"
"03/02/2021","68,510.75","67,349.54","68,543.90","67,277.74","246.21M","1.44%"
"03/01/2021","67,536.96","67,030.96","67,859.91","66,138.05","246.42M","2.12%"
"02/26/2021","66,138.05","66,396.40","67,483.76","65,808.87","441.50M","-1.99%"
"02/25/2021","67,483.76","66,954.28","67,570.98","66,200.76","336.60M","1.94%"
"02/24/2021","66,200.76","65,720.72","66,955.19","65,720.72","275.40M","0.42%"
"02/23/2021","65,921.60","67,326.05","67,696.90","65,775.59","255.11M","-2.14%"
"02/22/2021","67,362.82","67,205.35","67,624.14","67,127.29","236.83M","-0.15%"
"02/19/2021","67,464.86","66,395.45","67,471.95","66,232.20","300.85M","1.34%"
"02/18/2021","66,575.45","66,937.89","67,110.07","66,524.08","365.35M","-0.80%"
"02/17/2021","67,110.07","67,434.93","67,599.27","67,018.41","380.38M","-0.17%"
"02/16/2021","67,227.06","67,246.19","67,736.96","66,989.32","309.45M","0.15%"
"02/15/2021","67,124.83","66,751.64","67,124.83","66,132.24","271.00M","1.50%"
"02/12/2021","66,132.24","65,633.92","66,197.59","65,437.84","263.99M","0.38%"
"02/11/2021","65,882.72","65,889.19","66,222.20","65,635.50","301.89M","-0.41%"
"02/10/2021","66,150.82","65,613.39","66,150.82","65,162.69","408.26M","1.52%"
"02/09/2021","65,162.69","65,119.00","65,342.53","64,897.05","323.36M","0.16%"
"02/08/2021","65,059.16","64,905.35","65,275.17","64,289.48","335.78M","1.20%"
"02/05/2021","64,289.48","63,997.27","64,574.55","63,786.21","428.37M","0.79%"
"02/04/2021","63,786.21","63,034.70","63,887.49","63,010.61","345.63M","1.23%"
"02/03/2021","63,010.61","62,973.54","63,266.49","62,733.65","278.37M","0.44%"
"02/02/2021","62,733.65","63,270.03","63,384.50","62,611.31","266.56M","-0.10%"
"02/01/2021","62,796.65","63,357.02","63,357.02","62,472.10","249.82M","0.52%"
"01/29/2021","62,472.10","63,302.28","63,302.28","62,258.77","344.13M","-1.16%"
"01/28/2021","63,206.72","62,612.37","63,311.71","62,345.25","299.66M","0.67%"
"01/27/2021","62,784.52","63,900.03","63,923.63","62,677.81","347.21M","-1.78%"
"01/26/2021","63,923.63","64,010.99","64,559.85","63,828.39","304.06M","-0.99%"
"01/25/2021","64,559.85","64,340.13","65,346.86","63,987.92","279.86M","0.89%"
"01/22/2021","63,987.92","64,325.61","64,384.15","63,779.10","243.23M","-0.29%"
"01/21/2021","64,174.88","64,316.55","64,511.63","64,100.03","244.35M","0.10%"
"01/20/2021","64,108.51","64,291.98","64,388.35","63,603.26","247.13M","0.79%"
"01/19/2021","63,603.26","63,790.82","64,007.05","63,603.26","223.85M","-0.17%"
"01/18/2021","63,713.87","63,569.01","63,819.63","63,469.19","165.95M","0.26%"
"01/15/2021","63,549.75","64,079.16","64,079.16","63,549.75","259.38M","-0.52%"
"01/14/2021","63,884.77","63,781.29","64,056.33","63,474.53","251.07M","0.65%"
"01/13/2021","63,474.53","63,571.42","63,874.75","63,474.53","319.85M","-0.10%"
"01/12/2021","63,535.10","63,758.90","63,978.72","63,384.46","247.38M","-0.35%"
"01/11/2021","63,759.93","63,617.89","64,021.92","63,382.12","206.37M","0.38%"
"01/08/2021","63,519.18","63,361.57","63,829.19","63,042.88","235.08M","0.76%"
"01/07/2021","63,042.88","61,933.64","63,042.88","61,857.42","202.37M","1.92%"
"01/06/2021","61,857.42","61,115.27","61,977.97","60,921.37","201.64M","1.54%"
"01/05/2021","60,921.37","60,472.65","61,169.50","60,436.93","250.44M","0.73%"
"01/04/2021","60,479.42","59,784.96","60,479.42","59,408.68","180.77M","1.80%"
"12/31/2020","59,408.68","59,560.88","59,634.93","58,994.51","67.17M","-0.38%"
"12/30/2020","59,634.93","59,874.73","60,055.13","59,246.40","103.67M","0.66%"
"12/29/2020","59,246.40","58,889.02","59,681.53","58,745.51","117.77M","0.41%"
"12/28/2020","59,006.07","58,955.67","59,243.61","58,535.21","96.95M","-0.29%"
"12/24/2020","59,175.80","58,956.71","59,175.80","58,764.16","47.28M","0.32%"
"12/23/2020","58,986.72","58,584.76","59,047.41","58,466.80","102.18M","0.63%"
"12/22/2020","58,619.75","58,572.28","58,763.40","58,349.72","186.42M","-0.16%"
"12/21/2020","58,714.87","59,657.52","59,788.12","58,142.43","318.86M","-1.80%"
"12/18/2020","59,788.12","60,339.54","60,544.30","59,788.12","622.82M","-1.25%"
"12/17/2020","60,544.30","59,883.89","60,591.92","59,478.26","574.88M","1.79%"
"12/15/2020","59,478.26","59,356.48","59,577.78","59,059.25","266.03M","-0.05%"
"12/14/2020","59,508.80","59,191.11","59,648.89","59,191.11","263.17M","0.16%"
"12/11/2020","59,412.61","59,161.59","59,424.07","58,908.64","358.54M","0.22%"
"12/10/2020","59,282.77","59,206.38","59,303.94","58,875.49","422.14M","-0.02%"
"12/09/2020","59,291.75","59,045.58","59,669.66","59,045.58","380.81M","0.22%"
"12/08/2020","59,159.36","59,468.03","59,607.85","58,976.12","288.51M","-0.62%"
"12/07/2020","59,527.70","59,422.78","59,527.70","58,999.00","320.29M","0.18%"
"12/04/2020","59,419.37","59,319.74","59,468.12","58,947.48","391.24M","0.80%"
"12/03/2020","58,947.48","58,747.53","59,147.23","58,281.98","445.75M","1.14%"
"12/02/2020","58,281.98","57,710.96","58,281.98","57,509.72","371.89M","1.34%"
"12/01/2020","57,509.72","57,329.86","57,712.36","57,091.89","318.01M","0.73%"
"11/30/2020","57,091.89","57,518.11","57,822.50","56,809.35","867.55M","-1.26%"
"11/27/2020","57,822.50","57,848.96","58,128.81","57,662.31","267.93M","-0.17%"
"11/26/2020","57,923.69","57,943.64","58,097.44","57,741.41","255.37M","0.31%"
"11/25/2020","57,742.19","57,747.68","57,862.70","57,522.84","321.23M","-0.03%"
"11/24/2020","57,761.92","57,289.26","57,885.46","57,289.26","308.03M","1.08%"
"11/23/2020","57,147.31","56,805.28","57,435.85","56,615.28","290.12M","0.94%"
"11/20/2020","56,615.28","56,949.73","56,949.73","56,459.10","251.70M","-0.24%"
"11/19/2020","56,753.49","56,932.34","57,323.67","56,591.20","335.94M","-0.99%"
"11/18/2020","57,323.67","57,048.84","57,522.38","56,686.70","352.82M","0.47%"
"11/17/2020","57,053.01","57,109.89","57,505.45","56,994.48","347.01M","-0.37%"
"11/16/2020","57,267.00","57,557.52","57,585.77","57,159.58","431.99M","0.15%"
"11/13/2020","57,182.60","56,953.16","57,209.65","56,745.58","333.01M","0.27%"
"11/12/2020","57,031.19","57,956.04","57,956.04","56,934.90","472.43M","-1.00%"
"11/11/2020","57,607.30","57,537.61","57,843.76","57,374.69","520.64M","-0.11%"
"11/10/2020","57,672.12","56,961.35","57,741.73","56,671.02","393.15M","0.64%"
"11/09/2020","57,307.49","56,873.46","57,952.01","56,387.04","485.47M","1.63%"
"11/06/2020","56,387.04","55,093.83","56,564.22","54,933.36","278.30M","2.10%"
"11/05/2020","55,225.24","54,383.62","55,239.01","53,656.21","312.48M","2.92%"
"11/04/2020","53,656.21","53,527.37","53,975.53","52,811.67","293.94M","0.88%"
"11/03/2020","53,187.81","52,795.96","53,597.20","52,618.04","246.10M","1.08%"
"11/02/2020","52,618.04","51,867.07","52,695.06","51,684.70","249.21M","1.81%"
"10/30/2020","51,684.70","51,916.44","52,028.79","51,225.53","319.52M","-0.41%"
"10/29/2020","51,896.97","52,853.72","52,853.72","51,420.95","274.16M","-0.79%"
"10/28/2020","52,308.14","54,333.40","54,333.40","52,273.21","252.27M","-3.28%"
"10/27/2020","54,079.43","55,059.95","55,059.95","53,986.37","211.39M","-1.48%"
"10/26/2020","54,890.88","55,150.38","55,339.58","54,819.71","228.49M","-0.81%"
"10/23/2020","55,339.58","54,937.89","55,523.73","54,796.42","356.96M","0.99%"
"10/22/2020","54,796.42","55,121.42","55,345.49","54,731.14","376.60M","-0.99%"
"10/21/2020","55,345.49","55,318.92","55,481.96","54,936.33","268.52M","0.13%"
"10/20/2020","55,271.75","54,997.38","55,328.03","54,838.83","222.31M","0.20%"
"10/19/2020","55,161.03","55,203.84","55,404.80","55,013.02","241.01M","0.21%"
"10/16/2020","55,047.26","55,118.44","55,206.72","54,843.96","234.74M","0.37%"
"10/15/2020","54,843.96","54,769.56","55,394.23","54,359.64","270.04M","-0.99%"
"10/14/2020","55,394.23","55,259.79","55,470.73","55,054.53","248.10M","0.62%"
"10/13/2020","55,054.53","55,576.43","55,599.32","54,992.08","228.28M","-0.90%"
"10/12/2020","55,552.35","55,451.68","55,767.18","55,182.99","264.59M","0.67%"
"10/09/2020","55,182.99","54,764.71","55,182.99","54,554.85","236.06M","1.15%"
"10/08/2020","54,554.85","54,771.13","54,870.69","54,447.24","274.36M","-0.36%"
"10/07/2020","54,749.77","54,354.82","54,749.77","54,032.10","231.64M","1.01%"
"10/06/2020","54,203.83","54,882.42","54,882.42","54,183.92","269.92M","-0.59%"
"10/05/2020","54,524.05","54,467.63","54,698.86","54,219.24","268.83M","0.56%"
"10/02/2020","54,219.24","54,040.41","54,446.78","53,782.18","298.67M","-0.42%"
"10/01/2020","54,446.78","54,394.49","54,815.95","54,171.95","287.80M","0.34%"
"09/30/2020","54,264.96","54,430.57","54,683.03","54,140.34","379.78M","-0.44%"
"09/29/2020","54,506.88","54,603.12","54,734.93","54,352.33","306.62M","-0.39%"
"09/28/2020","54,718.80","53,628.45","54,916.35","53,587.11","224.82M","2.11%"
"09/25/2020","53,587.11","53,861.60","54,247.81","52,963.60","271.57M","-1.22%"
"09/23/2020","54,247.81","53,445.68","54,641.54","53,213.12","264.24M","1.84%"
"09/22/2020","53,265.33","53,430.67","53,578.84","53,059.14","253.90M","-0.10%"
"09/21/2020","53,319.08","54,358.64","54,673.65","53,053.61","268.52M","-2.48%"
"09/18/2020","54,673.65","55,138.46","55,266.63","54,598.80","850.78M","-0.66%"
"09/17/2020","55,035.60","55,253.33","55,960.74","54,785.09","525.53M","-1.65%"
"09/16/2020","55,960.74","56,130.62","56,245.43","55,833.03","386.31M","-0.30%"
"09/15/2020","56,130.78","56,693.96","56,722.80","56,014.07","374.52M","-0.35%"
"09/14/2020","56,327.05","56,536.86","56,658.96","56,034.47","254.74M","0.43%"
"09/11/2020","56,087.84","55,838.19","56,276.95","55,780.46","320.46M","0.24%"
"09/10/2020","55,953.96","55,271.52","56,327.40","55,051.16","436.08M","1.35%"
"09/09/2020","55,211.34","54,489.35","55,211.34","54,438.82","382.62M","1.42%"
"09/08/2020","54,438.82","54,369.94","54,692.20","54,111.56","318.88M","0.07%"
"09/07/2020","54,400.28","53,906.39","54,512.62","53,878.95","207.64M","0.97%"
"09/04/2020","53,878.95","54,170.04","54,596.11","53,684.89","300.99M","-1.18%"
"09/03/2020","54,522.35","55,679.72","55,861.88","54,491.44","298.01M","-2.40%"
"09/02/2020","55,861.88","56,221.06","56,441.67","55,712.29","305.15M","-0.12%"
"09/01/2020","55,927.69","56,146.88","56,478.49","55,484.93","393.34M","0.81%"
"08/31/2020","55,476.11","56,292.70","56,515.39","55,308.85","538.95M","-1.04%"
"08/28/2020","56,057.10","56,838.41","56,926.13","55,820.96","268.94M","-1.43%"
"08/27/2020","56,869.67","56,976.09","57,368.38","56,572.24","293.94M","0.53%"
"08/26/2020","56,572.24","56,161.62","56,598.80","55,853.36","258.84M","0.82%"
"08/25/2020","56,114.23","56,619.12","56,853.20","56,052.67","250.32M","-0.90%"
"08/24/2020","56,625.42","56,291.90","57,046.20","55,949.92","274.33M","1.21%"
"08/21/2020","55,949.92","56,142.63","56,416.52","55,432.08","240.30M","0.58%"
"08/20/2020","55,629.98","55,893.58","56,433.28","55,267.40","276.23M","-1.42%"
"08/19/2020","56,433.28","56,769.39","57,025.16","56,387.23","288.44M","-1.04%"
"08/18/2020","57,025.16","57,593.92","57,664.24","56,891.72","348.30M","-0.71%"
"08/17/2020","57,435.08","57,397.88","57,674.14","57,008.54","288.08M","0.63%"
"08/14/2020","57,077.48","57,342.19","57,419.46","56,923.80","259.37M","-0.60%"
"08/13/2020","57,419.46","57,101.15","57,459.50","56,814.97","383.26M","0.00%"
"08/12/2020","57,417.28","57,045.56","57,610.21","56,862.28","373.86M","0.44%"
"08/11/2020","57,168.24","56,941.85","57,676.49","56,757.73","372.57M","0.72%"
"08/07/2020","56,757.73","57,654.38","57,654.38","56,539.47","274.93M","-1.56%"
"08/06/2020","57,656.69","57,755.26","58,092.12","57,586.00","326.42M","0.05%"
"08/05/2020","57,629.36","56,882.24","57,797.79","56,248.93","314.13M","2.45%"
"08/04/2020","56,248.93","56,110.63","56,368.28","55,829.40","262.30M","0.75%"
"08/03/2020","55,829.40","55,961.73","56,314.24","55,420.12","301.41M","0.19%"
"07/31/2020","55,721.80","56,124.80","56,655.90","55,662.97","382.20M","-0.22%"
"07/30/2020","55,844.90","56,884.57","57,068.43","55,720.78","331.93M","-1.52%"
"07/29/2020","56,707.74","56,312.66","56,829.51","56,312.66","286.50M","0.39%"
"07/28/2020","56,488.11","56,471.91","56,495.34","55,973.39","287.14M","0.29%"
"07/27/2020","56,326.20","55,850.51","56,425.88","55,645.65","332.21M","1.22%"
"07/24/2020","55,645.65","55,310.65","56,070.70","55,300.11","298.97M","-0.76%"
"07/23/2020","56,070.70","56,269.49","56,446.87","55,834.24","317.26M","0.42%"
"07/22/2020","55,834.24","56,349.82","56,488.50","55,547.79","311.07M","-1.04%"
"07/21/2020","56,422.14","57,096.21","57,415.26","56,265.36","338.54M","0.28%"
"07/20/2020","56,265.36","55,945.29","56,455.44","55,731.92","269.81M","0.63%"
"07/17/2020","55,911.80","55,899.54","55,951.13","55,637.86","201.78M","0.33%"
"07/16/2020","55,729.45","55,110.13","55,947.05","54,962.77","282.71M","-0.39%"
"07/15/2020","55,947.05","55,891.66","56,421.68","55,531.05","354.66M","0.75%"
"07/14/2020","55,531.05","55,603.29","56,199.46","55,053.58","332.84M","-1.19%"
"07/13/2020","56,199.46","55,691.52","56,283.92","55,417.89","327.68M","1.41%"
"07/10/2020","55,417.89","55,186.53","55,925.95","54,999.48","355.98M","-0.66%"
"07/09/2020","55,787.90","56,220.45","56,515.82","55,787.90","450.37M","-0.15%"
"07/08/2020","55,870.69","55,565.38","55,920.54","55,243.80","352.04M","1.13%"
"07/07/2020","55,243.80","54,951.03","55,292.34","54,606.84","333.44M","0.72%"
"07/06/2020","54,846.28","54,833.57","55,291.18","54,521.90","260.18M","0.59%"
"07/03/2020","54,521.90","54,628.43","54,925.35","54,403.66","200.70M","-0.17%"
"07/02/2020","54,617.19","54,385.48","54,963.53","53,787.72","297.74M","1.54%"
"07/01/2020","53,787.72","54,306.86","54,568.06","53,572.97","396.39M","-1.06%"
"06/30/2020","54,362.36","54,452.30","54,561.41","54,048.11","486.78M","0.41%"
"06/29/2020","54,141.50","53,668.78","54,240.75","53,335.35","372.36M","0.92%"
"06/26/2020","53,648.05","54,299.16","54,375.14","53,632.34","382.44M","-0.49%"
"06/25/2020","53,914.05","54,150.09","54,447.73","53,650.31","490.65M","-0.98%"
"06/24/2020","54,447.73","55,473.66","55,635.95","54,275.34","613.26M","-1.85%"
"06/23/2020","55,474.93","54,977.02","55,627.06","54,230.17","366.41M","2.30%"
"06/22/2020","54,230.17","54,167.96","54,678.70","54,063.30","339.64M","0.01%"
"06/19/2020","54,224.40","54,418.50","54,651.87","53,941.22","1.09B","0.52%"
"06/18/2020","53,941.22","53,926.41","54,315.71","53,495.12","","-0.16%"
"06/17/2020","54,027.42","53,456.47","54,040.12","52,270.20","429.64M","3.36%"
"06/15/2020","52,270.20","52,408.83","52,408.83","51,965.95","324.24M","-2.55%"
"06/12/2020","53,639.64","52,273.76","53,734.00","52,190.35","309.48M","0.65%"
"06/11/2020","53,295.30","53,226.08","53,672.63","52,398.37","430.42M","-0.70%"
"06/10/2020","53,672.63","54,668.47","54,668.47","53,508.95","411.79M","-1.49%"
"06/09/2020","54,483.48","54,798.69","54,798.69","54,078.01","467.93M","-0.37%"
"06/08/2020","54,684.32","54,453.31","54,912.52","54,293.62","500.07M","-0.07%"
"06/05/2020","54,722.38","53,386.34","54,909.73","53,204.79","595.09M","2.85%"
"06/04/2020","53,204.79","53,645.28","53,673.14","53,040.97","484.22M","-0.82%"
"06/03/2020","53,645.28","52,808.02","53,645.28","52,496.86","599.52M","2.19%"
"06/02/2020","52,496.86","51,446.17","52,715.78","50,929.59","522.20M","3.08%"
"06/01/2020","50,929.59","51,595.58","51,595.58","50,483.00","288.97M","0.88%"
"05/29/2020","50,483.00","51,031.51","51,031.51","50,399.23","1.32B","-1.76%"
"05/28/2020","51,389.12","50,580.18","51,389.12","50,447.41","427.78M","1.77%"
"05/27/2020","50,495.95","50,564.90","50,564.90","50,307.17","","-0.21%"
"05/26/2020","50,602.50","50,530.08","50,819.38","50,074.21","358.91M","1.06%"
"05/25/2020","50,074.21","50,356.60","50,356.60","49,814.10","215.81M","-0.15%"
"05/22/2020","50,147.21","49,973.10","51,022.76","49,530.83","378.57M","-1.72%"
"05/21/2020","51,022.76","51,604.76","51,604.76","51,022.76","414.50M","-2.15%"
"05/20/2020","52,142.75","51,981.38","52,231.57","51,770.20","367.61M","0.37%"
"05/19/2020","51,950.14","51,738.60","52,056.31","51,382.06","383.62M","1.11%"
"05/18/2020","51,382.06","50,134.04","51,382.06","49,628.72","345.65M","3.53%"
"05/15/2020","49,628.72","49,496.78","50,050.63","49,113.06","308.73M","1.05%"
"05/14/2020","49,113.06","49,261.10","49,261.10","48,804.95","342.46M","-2.07%"
"05/13/2020","50,152.05","50,071.14","50,690.00","49,326.66","368.83M","-0.33%"
"05/12/2020","50,319.41","50,285.02","50,795.46","50,202.85","368.10M","0.23%"
"05/11/2020","50,202.85","51,043.89","51,043.89","50,142.21","263.30M","-1.57%"
"05/08/2020","51,003.58","50,568.50","51,126.49","50,019.70","396.37M","1.97%"
"05/07/2020","50,019.70","49,733.18","50,261.07","49,596.41","308.57M","0.38%"
"05/06/2020","49,831.99","49,394.61","49,892.30","48,914.45","310.55M","1.32%"
"05/05/2020","49,184.16","49,442.58","49,442.58","48,969.73","333.11M","0.00%"
"05/04/2020","49,186.59","49,191.47","49,191.47","48,366.49","342.31M","-2.28%"
"04/30/2020","50,336.72","51,047.68","51,047.68","50,068.16","404.78M","-1.02%"
"04/29/2020","50,857.25","50,193.11","50,857.25","49,976.52","574.41M","1.66%"
"04/28/2020","50,029.22","49,934.44","50,349.11","49,494.30","418.15M","1.01%"
"04/24/2020","49,527.23","49,230.74","49,653.05","48,900.00","408.38M","-0.15%"
"04/23/2020","49,601.82","48,460.60","49,682.57","48,108.49","340.40M","3.10%"
"04/22/2020","48,108.49","47,954.00","48,216.67","47,596.34","357.31M","1.01%"
"04/21/2020","47,628.87","48,323.35","48,323.35","47,264.12","376.46M","-2.50%"
"04/20/2020","48,849.52","49,334.14","49,334.14","48,255.05","325.51M","-0.58%"
"04/17/2020","49,134.65","49,350.41","49,350.41","48,245.11","342.25M","1.84%"
"04/16/2020","48,245.11","48,718.68","48,718.68","48,215.08","456.58M","-0.12%"
"04/15/2020","48,301.28","49,690.47","49,690.47","47,977.96","445.08M","-3.15%"
"04/14/2020","49,874.51","48,813.39","49,941.19","48,011.56","464.09M","3.88%"
"04/09/2020","48,011.56","47,469.42","48,016.30","46,583.14","420.17M","2.83%"
"04/08/2020","46,689.90","47,331.14","47,331.14","46,376.33","349.93M","-1.70%"
"04/07/2020","47,496.72","46,780.34","47,496.72","46,240.35","544.79M","2.72%"
"04/06/2020","46,240.35","45,793.91","46,562.34","44,598.70","338.26M","3.68%"
"04/03/2020","44,598.70","44,798.53","44,798.53","44,142.39","364.49M","-1.03%"
"04/02/2020","45,060.69","44,076.24","45,060.69","43,732.44","400.15M","3.04%"
"04/01/2020","43,732.44","43,836.82","43,836.82","42,947.12","413.48M","-1.70%"
"03/31/2020","44,490.31","43,827.69","44,490.31","43,413.63","478.48M","2.48%"
"03/30/2020","43,413.63","43,376.21","43,989.92","42,714.20","696.36M","1.09%"
"03/27/2020","42,946.83","44,877.91","44,877.91","42,644.66","451.08M","-4.66%"
"03/26/2020","45,046.35","43,307.19","45,046.35","43,044.95","548.52M","9.47%"
"03/25/2020","41,149.35","42,073.75","43,278.25","41,149.35","551.96M","0.00%"
"03/24/2020","41,149.35","38,914.50","41,149.35","38,267.21","647.73M","7.53%"
"03/23/2020","38,267.21","39,157.94","39,157.94","38,145.51","642.95M","-4.98%"
"03/20/2020","40,272.00","39,021.90","40,272.00","39,021.90","1.17B","6.08%"
"03/19/2020","37,963.01","38,838.12","38,838.12","37,177.92","936.09M","-1.66%"
"03/18/2020","38,604.88","40,608.87","40,608.87","38,145.51","642.95M","-7.15%"
"03/17/2020","41,579.58","41,210.79","41,579.58","40,390.38","567.03M","2.67%"
"03/16/2020","40,500.23","43,478.75","43,478.75","38,784.34","541.63M","-8.32%"
"03/13/2020","44,177.63","45,001.17","45,001.17","44,069.10","525.63M","-0.28%"
"03/12/2020","44,303.47","47,569.83","49,074.09","44,078.60","696.36M","-9.72%"
"03/11/2020","49,074.09","49,116.90","49,116.90","48,936.28","421.35M","-0.79%"
"03/10/2020","49,466.01","49,806.79","49,806.79","48,819.55","402.58M","1.32%"
"03/09/2020","48,819.55","50,500.67","50,500.67","48,588.67","481.21M","-6.23%"
"03/06/2020","52,064.72","52,063.84","52,936.27","51,506.05","434.68M","-1.65%"
"03/05/2020","52,936.27","53,594.79","53,594.79","52,677.14","413.71M","0.02%"
"03/04/2020","52,926.75","52,730.31","53,380.81","52,726.05","332.96M","-0.06%"
"03/03/2020","52,957.85","52,510.34","53,379.42","51,840.09","371.93M","2.16%"
"03/02/2020","51,840.09","52,231.98","52,231.98","50,875.08","696.36M","1.57%"
"02/28/2020","51,038.18","52,021.01","53,444.83","50,875.08","91.19M","-4.50%"
"02/27/2020","53,444.83","54,432.16","55,047.20","53,420.58","308.92M","-2.91%"
"02/26/2020","55,047.20","54,127.05","55,254.92","53,643.21","440.57M","0.43%"
"02/25/2020","54,809.51","55,287.78","55,496.51","54,697.96","351.96M","-0.13%"
"02/24/2020","54,881.56","56,666.33","57,336.21","54,725.19","395.03M","-4.28%"
"02/21/2020","57,336.21","57,341.85","57,793.03","56,878.16","274.12M","-0.79%"
"02/20/2020","57,793.03","58,126.87","58,270.49","57,739.20","289.75M","-0.26%"
"02/19/2020","57,940.97","57,795.34","58,017.50","57,795.34","393.03M","0.39%"
"02/18/2020","57,714.66","57,842.10","58,187.96","57,483.61","281.76M","-0.81%"
"02/17/2020","58,187.96","58,005.42","58,270.72","57,861.76","265.00M","0.56%"
"02/14/2020","57,861.76","57,896.59","57,992.30","57,590.01","251.19M","0.05%"
"02/13/2020","57,835.69","57,887.44","58,195.12","57,583.81","294.30M","0.16%"
"02/12/2020","57,744.13","57,142.91","57,964.56","56,885.58","323.88M","1.34%"
"02/11/2020","56,981.20","57,062.46","57,323.73","56,753.77","223.07M","0.23%"
"02/10/2020","56,847.74","57,096.95","57,276.49","56,793.69","295.41M","-0.75%"
"02/07/2020","57,276.49","57,438.34","57,661.96","57,065.26","260.01M","-0.44%"
"02/06/2020","57,531.49","57,608.34","57,848.74","57,426.20","232.76M","0.18%"
"02/05/2020","57,426.20","56,827.61","57,532.53","56,799.09","233.61M","1.07%"
"02/04/2020","56,817.03","56,350.35","56,893.23","55,828.49","259.76M","1.77%"
"02/03/2020","55,828.49","56,097.74","56,195.65","55,772.41","196.95M","-0.45%"
"01/31/2020","56,079.54","56,503.60","56,590.93","55,932.89","286.93M","-0.90%"
"01/30/2020","56,590.93","55,979.35","56,618.28","55,656.57","210.76M","0.39%"
"01/29/2020","56,370.72","56,014.78","56,637.55","55,748.24","259.56M","1.12%"
"01/28/2020","55,748.24","55,874.93","56,076.08","55,529.33","226.84M","-0.28%"
"01/27/2020","55,902.94","56,545.16","57,261.04","55,772.87","201.39M","-2.37%"
"01/24/2020","57,261.04","57,060.85","57,350.51","56,894.67","185.36M","0.64%"
"01/23/2020","56,894.67","57,651.79","57,918.89","56,867.91","175.44M","-1.77%"
"01/22/2020","57,918.89","58,164.96","58,399.67","57,897.75","238.26M","-0.10%"
"01/21/2020","57,976.39","58,512.47","58,850.41","57,633.44","228.40M","-1.49%"
"01/20/2020","58,850.41","59,025.17","59,104.61","58,809.06","181.20M","-0.26%"
"01/17/2020","59,001.87","58,232.72","59,098.56","58,217.43","238.19M","1.35%"
"01/16/2020","58,217.43","58,233.07","58,328.90","57,897.94","252.75M","0.26%"
"01/15/2020","58,063.59","57,921.93","58,243.29","57,724.33","189.91M","0.17%"
"01/14/2020","57,967.13","57,638.66","57,967.13","57,572.72","246.85M","0.69%"
"01/13/2020","57,572.72","57,664.96","57,808.70","57,367.06","173.71M","0.15%"
"01/10/2020","57,484.84","57,301.46","57,514.58","57,128.68","142.17M","0.62%"
"01/09/2020","57,128.68","57,488.65","57,737.93","57,026.21","167.67M","-0.34%"
"01/08/2020","57,322.33","57,411.77","57,411.77","57,083.30","177.23M","-0.11%"
"01/07/2020","57,384.41","57,381.63","57,514.58","56,939.81","161.18M","0.33%"
"01/06/2020","57,195.35","57,685.74","57,810.00","57,001.91","146.17M","-1.06%"
"01/03/2020","57,810.00","57,628.29","57,924.20","57,419.75","154.62M","0.16%"
"01/02/2020","57,718.00","57,308.67","57,932.18","57,084.10","91.19M","1.11%"
"12/31/2019","57,084.10","57,529.50","57,703.56","57,084.10","53.25M","-1.07%"
"12/30/2019","57,703.56","57,549.23","57,717.85","57,281.42","102.11M","0.48%"
"12/27/2019","57,430.70","57,459.27","57,923.15","57,244.87","154.78M","0.32%"
"12/24/2019","57,244.87","57,172.81","57,250.47","56,964.34","52.61M","0.27%"
"12/23/2019","57,092.85","57,288.85","57,411.21","56,802.91","135.22M","-0.55%"
"12/20/2019","57,411.21","57,556.64","57,756.75","57,259.46","417.99M","-0.26%"
"12/19/2019","57,558.92","57,673.84","58,046.47","57,439.36","476.24M","-0.36%"
"12/18/2019","57,767.81","57,329.30","58,022.35","57,326.18","272.49M","0.77%"
"12/17/2019","57,326.18","57,248.96","57,808.47","56,749.12","312.51M","1.02%"
"12/13/2019","56,749.12","56,244.41","57,128.31","55,824.08","302.56M","1.66%"
"12/12/2019","55,824.08","56,008.56","56,200.97","55,730.40","263.13M","0.10%"
"12/11/2019","55,766.45","55,413.01","55,766.45","55,413.01","254.35M","0.63%"
"12/10/2019","55,417.93","55,202.84","55,430.24","54,632.05","250.63M","0.27%"
"12/09/2019","55,269.20","55,227.65","55,515.19","55,052.99","172.81M","-0.07%"
"12/06/2019","55,307.31","54,971.72","55,416.22","54,779.76","269.61M","0.96%"
"12/05/2019","54,779.76","55,050.20","55,180.87","54,695.57","281.43M","-0.44%"
"12/04/2019","55,022.87","54,452.94","55,155.59","54,429.97","270.55M","0.99%"
"12/03/2019","54,485.41","54,738.02","54,814.07","54,413.84","345.18M","-0.60%"
"12/02/2019","54,814.07","55,414.20","55,504.92","54,740.61","309.16M","-0.97%"
"11/29/2019","55,349.01","55,605.80","55,702.45","55,057.27","259.00M","-0.63%"
"11/28/2019","55,702.45","56,171.44","56,173.86","55,702.45","207.62M","-0.84%"
"11/27/2019","56,173.86","56,266.47","56,606.56","56,053.38","250.65M","0.21%"
"11/26/2019","56,053.38","56,669.60","56,904.86","56,053.38","1.13B","-1.22%"
"11/25/2019","56,747.88","56,667.59","57,068.02","56,603.93","257.36M","-0.02%"
"11/22/2019","56,759.62","56,620.84","56,887.72","56,311.72","261.94M","0.39%"
"11/21/2019","56,540.25","57,031.79","57,313.44","56,449.91","285.00M","-1.35%"
"11/20/2019","57,313.44","57,174.48","57,372.55","56,904.18","255.45M","-0.10%"
"11/19/2019","57,372.55","56,592.78","57,382.79","56,467.03","262.66M","1.60%"
"11/18/2019","56,467.03","56,299.75","56,798.91","56,054.77","190.79M","0.74%"
"11/15/2019","56,054.77","56,307.35","56,466.05","56,034.94","239.26M","-0.32%"
"11/14/2019","56,235.94","56,238.75","56,511.41","56,161.54","245.84M","-0.18%"
"11/13/2019","56,338.33","56,293.27","56,417.96","55,924.20","270.25M","-0.11%"
"11/12/2019","56,399.10","56,373.34","56,624.27","56,174.93","273.06M","0.40%"
"11/11/2019","56,174.93","56,365.51","56,617.02","55,930.50","241.89M","-0.78%"
"11/08/2019","56,617.02","57,087.04","57,483.00","56,498.96","293.06M","-1.51%"
"11/07/2019","57,483.00","57,527.47","58,018.12","57,414.45","247.24M","-0.29%"
"11/06/2019","57,652.58","57,319.88","57,869.45","57,126.08","283.81M","0.71%"
"11/05/2019","57,246.91","56,976.24","57,420.34","56,928.87","287.77M","0.56%"
"11/04/2019","56,928.87","56,705.31","56,984.37","56,650.01","215.56M","0.49%"
"11/01/2019","56,650.01","56,408.84","56,744.15","56,353.23","205.92M","0.40%"
"10/31/2019","56,425.11","56,057.09","56,775.24","55,872.60","384.82M","0.99%"
"10/30/2019","55,872.60","55,632.78","55,925.49","54,770.10","315.40M","0.28%"
"10/29/2019","55,716.69","55,634.80","55,944.46","55,399.35","231.94M","-0.08%"
"10/28/2019","55,761.98","55,312.18","55,933.03","55,141.98","207.94M","1.12%"
"10/25/2019","55,141.98","55,588.94","55,680.24","54,983.53","217.78M","-0.61%"
"10/24/2019","55,478.45","55,805.41","56,069.49","55,426.88","243.03M","-0.17%"
"10/23/2019","55,571.45","55,735.98","55,936.83","55,361.79","230.87M","-0.65%"
"10/22/2019","55,936.83","55,954.40","56,254.39","55,860.53","291.88M","-0.31%"
"10/21/2019","56,110.78","55,692.91","56,261.96","55,630.26","199.99M","0.70%"
"10/18/2019","55,722.79","55,914.10","56,076.72","55,722.79","406.55M","-0.48%"
"10/17/2019","55,993.42","55,935.82","56,576.80","55,933.75","303.33M","-0.17%"
"10/16/2019","56,090.51","55,649.37","56,125.37","55,350.85","298.02M","0.93%"
"10/15/2019","55,573.79","55,492.76","55,624.54","55,219.21","195.22M","0.64%"
"10/14/2019","55,219.21","55,672.71","55,672.71","54,947.96","174.98M","-0.57%"
"10/11/2019","55,537.02","55,231.82","55,753.98","55,071.77","294.62M","0.84%"
"10/10/2019","55,071.77","54,387.09","55,122.56","54,339.47","258.45M","1.35%"
"10/09/2019","54,339.47","54,323.33","54,535.45","54,205.18","213.95M","-0.35%"
"10/08/2019","54,532.68","54,774.84","54,797.38","54,450.33","241.72M","-0.33%"
"10/07/2019","54,714.75","54,161.93","54,770.34","53,960.03","218.62M","1.34%"
"10/04/2019","53,993.87","53,821.16","54,121.82","53,727.29","311.51M","0.50%"
"10/03/2019","53,727.29","53,955.02","54,024.22","53,537.69","255.84M","-0.51%"
"10/02/2019","54,003.82","54,766.87","54,945.89","53,919.98","311.40M","-1.71%"
"10/01/2019","54,945.89","54,788.04","55,106.58","54,691.50","249.35M","0.22%"
"09/30/2019","54,824.97","55,208.68","55,270.18","54,624.53","262.80M","-0.70%"
"09/27/2019","55,209.03","55,242.84","55,470.63","55,057.74","211.67M","-0.11%"
"09/26/2019","55,271.38","54,967.72","55,628.70","54,876.83","237.31M","0.72%"
"09/25/2019","54,876.83","55,084.78","55,622.80","54,623.08","312.38M","-1.34%"
"09/23/2019","55,622.80","56,434.74","56,434.74","55,357.88","228.24M","-1.39%"
"09/20/2019","56,406.89","56,337.67","56,604.08","56,208.59","781.88M","0.50%"
"09/19/2019","56,123.83","55,926.40","56,226.96","55,731.62","555.23M","-0.17%"
"09/18/2019","56,220.41","56,778.33","56,895.23","56,029.80","259.60M","-1.19%"
"09/17/2019","56,895.23","57,543.23","57,853.90","56,895.23","310.01M","-1.66%"
"09/16/2019","57,853.90","57,179.91","57,853.90","57,123.78","365.64M","1.28%"
"09/13/2019","57,123.78","56,809.12","57,387.72","56,726.85","255.94M","0.60%"
"09/12/2019","56,781.94","56,478.65","57,044.88","56,243.78","289.55M","0.96%"
"09/11/2019","56,243.78","55,470.44","56,243.78","55,335.81","278.17M","1.64%"
"09/10/2019","55,335.81","55,466.48","55,523.07","55,003.80","206.23M","-0.34%"
"09/09/2019","55,523.07","55,623.04","55,771.08","55,289.10","194.51M","-0.12%"
"09/06/2019","55,591.09","55,405.14","55,934.13","55,335.73","223.10M","0.21%"
"09/05/2019","55,476.36","55,042.56","55,738.48","54,907.17","252.71M","1.04%"
"09/04/2019","54,907.17","55,062.60","55,102.82","54,644.34","239.70M","0.30%"
"09/03/2019","54,742.07","54,643.40","54,804.74","54,357.13","233.92M","-0.08%"
"09/02/2019","54,785.18","55,353.44","55,353.44","54,785.18","191.78M","-0.86%"
"08/30/2019","55,259.57","54,426.87","55,305.44","54,282.61","293.82M","1.56%"
"08/29/2019","54,411.47","54,294.75","54,867.07","54,212.87","234.90M","0.29%"
"08/28/2019","54,255.62","53,712.39","54,255.62","53,566.34","250.83M","0.67%"
"08/27/2019","53,895.75","53,845.55","53,947.92","53,529.16","366.26M","0.16%"
"08/26/2019","53,811.89","53,448.40","54,084.55","53,448.40","167.69M","-0.34%"
"08/23/2019","53,995.82","54,315.72","54,387.01","53,756.40","219.91M","-0.35%"
"08/22/2019","54,187.93","54,505.89","54,711.87","54,049.25","268.93M","-0.82%"
"08/21/2019","54,638.03","54,079.12","54,674.68","54,079.12","289.82M","0.66%"
"08/20/2019","54,280.80","54,483.48","54,623.75","54,114.61","225.60M","-0.19%"
"08/19/2019","54,386.31","54,534.71","54,628.68","53,874.52","223.85M","0.95%"
"08/16/2019","53,874.52","53,885.34","53,885.34","53,477.30","260.77M","0.06%"
"08/15/2019","53,840.93","54,155.53","54,256.60","53,260.47","314.10M","-0.35%"
"08/14/2019","54,029.43","55,132.57","55,191.97","53,924.14","269.95M","-2.11%"
"08/13/2019","55,191.97","54,989.24","55,371.53","54,840.95","268.27M","-0.32%"
"08/12/2019","55,371.53","55,878.08","56,091.76","55,273.76","252.03M","-0.29%"
"08/08/2019","55,535.24","55,797.54","55,870.62","55,225.32","228.59M","0.56%"
"08/07/2019","55,225.32","55,304.25","55,451.65","55,002.95","311.11M","0.30%"
"08/06/2019","55,062.01","55,158.07","55,516.47","54,954.93","291.63M","0.16%"
"08/05/2019","54,975.38","55,509.99","56,273.92","54,855.46","268.05M","-2.31%"
"08/02/2019","56,273.92","56,177.89","57,223.61","55,893.37","294.82M","-1.66%"
"08/01/2019","57,223.61","56,573.94","57,223.61","56,218.70","298.59M","0.77%"
"07/31/2019","56,784.61","57,026.99","57,241.55","56,784.61","317.73M","-0.80%"
"07/30/2019","57,241.55","57,962.11","58,159.07","57,081.11","201.42M","-1.37%"
"07/29/2019","58,034.77","57,673.37","58,062.00","57,570.54","155.59M","0.81%"
"07/26/2019","57,570.54","57,488.34","57,736.51","57,415.71","169.72M","-0.16%"
"07/25/2019","57,662.89","57,860.95","58,287.31","57,413.02","254.83M","-0.10%"
"07/24/2019","57,718.10","58,342.97","58,344.21","57,625.42","199.61M","-1.01%"
"07/23/2019","58,309.59","58,146.27","58,528.12","58,015.09","224.93M","0.51%"
"07/22/2019","58,015.09","58,177.64","58,253.42","57,805.42","177.01M","-0.40%"
"07/19/2019","58,248.73","58,237.90","58,554.01","57,872.53","225.04M","0.65%"
"07/18/2019","57,872.53","57,292.20","58,019.06","57,292.20","193.43M","0.41%"
"07/17/2019","57,636.01","57,975.95","58,067.96","57,560.61","441.72M","-0.72%"
"07/16/2019","58,052.72","57,396.43","58,052.72","57,394.10","211.76M","0.90%"
"07/15/2019","57,537.23","57,441.53","57,537.23","57,038.02","159.37M","0.45%"
"07/12/2019","57,277.35","57,162.23","57,548.25","57,162.23","184.33M","0.01%"
"07/11/2019","57,273.14","57,564.27","58,033.39","57,132.06","229.22M","-0.56%"
"07/10/2019","57,597.87","57,146.00","57,852.61","56,963.80","217.59M","1.11%"
"07/09/2019","56,963.80","57,654.72","57,731.40","56,923.85","170.97M","-1.33%"
"07/08/2019","57,731.40","57,462.69","57,794.26","57,402.14","159.37M","0.25%"
"07/05/2019","57,589.82","57,678.28","57,829.47","57,500.91","160.88M","-0.41%"
"07/04/2019","57,829.47","58,092.56","58,092.56","57,607.91","192.10M","-0.31%"
"07/03/2019","58,012.18","58,129.21","58,216.15","57,917.50","216.75M","-0.14%"
"07/02/2019","58,092.48","58,619.73","58,668.84","57,994.92","207.81M","-0.65%"
"07/01/2019","58,472.52","58,683.53","58,987.52","58,203.84","224.65M","0.46%"
"06/28/2019","58,203.84","58,065.62","58,264.28","57,999.50","209.82M","0.24%"
"06/27/2019","58,066.65","58,594.66","58,746.81","58,066.65","183.89M","-0.61%"
"06/26/2019","58,421.72","58,261.82","58,579.08","58,261.82","227.28M","0.13%"
"06/25/2019","58,343.23","58,492.17","58,758.02","58,246.54","257.45M","-0.70%"
"06/24/2019","58,756.01","59,145.94","59,273.23","58,523.56","211.93M","-0.31%"
"06/21/2019","58,941.47","58,764.61","59,181.23","58,698.36","519.27M","-0.05%"
"06/20/2019","58,973.62","58,902.68","59,128.47","58,564.72","495.13M","0.70%"
"06/19/2019","58,564.72","58,876.61","59,117.93","58,526.37","271.99M","-0.11%"
"06/18/2019","58,629.09","58,428.27","58,748.15","58,193.78","284.97M","0.75%"
"06/14/2019","58,193.78","58,482.26","58,809.76","57,969.77","290.80M","-0.86%"
"06/13/2019","58,697.63","58,516.18","59,001.93","58,516.18","230.03M","-0.02%"
"06/12/2019","58,710.55","58,443.72","58,793.12","58,360.89","250.12M","-0.10%"
"06/11/2019","58,767.63","58,521.13","58,925.05","58,481.05","194.55M","0.49%"
"06/10/2019","58,481.05","58,341.39","58,626.00","58,099.84","169.92M","0.66%"
"06/07/2019","58,099.84","57,254.04","58,234.77","57,090.53","227.78M","1.77%"
"06/06/2019","57,090.53","56,967.16","57,360.96","56,953.27","213.05M","0.03%"
"06/05/2019","57,073.38","56,732.52","57,305.53","56,500.38","223.11M","1.01%"
"06/04/2019","56,500.38","55,961.83","56,562.73","55,723.76","359.85M","0.38%"
"06/03/2019","56,286.31","55,821.10","56,286.31","55,650.41","228.16M","1.14%"
"05/31/2019","55,650.41","55,643.31","55,700.59","55,169.79","293.41M","-0.09%"
"05/30/2019","55,700.59","55,032.79","55,774.52","54,997.34","260.13M","1.28%"
"05/29/2019","54,997.34","54,448.63","55,075.82","54,263.52","236.68M","1.04%"
"05/28/2019","54,431.63","54,740.65","54,791.44","54,313.72","662.83M","-0.10%"
"05/27/2019","54,488.15","54,624.34","54,748.75","54,347.47","159.61M","0.12%"
"05/24/2019","54,423.56","54,481.56","54,772.30","54,271.24","265.86M","0.28%"
"05/23/2019","54,271.24","54,558.19","55,231.05","54,107.18","283.24M","-1.74%"
"05/22/2019","55,231.05","55,493.61","55,600.48","55,223.05","243.20M","-0.53%"
"05/21/2019","55,523.95","55,834.90","55,945.10","55,439.56","302.00M","-0.17%"
"05/20/2019","55,616.97","56,022.59","56,183.21","55,454.79","186.52M","-1.01%"
"05/17/2019","56,183.21","56,343.37","56,537.72","55,965.03","237.48M","-0.63%"
"05/16/2019","56,537.72","56,183.51","56,636.63","55,957.46","259.99M","0.88%"
"05/15/2019","56,043.21","56,490.76","56,669.18","55,373.79","255.55M","-0.34%"
"05/14/2019","56,234.28","56,389.59","56,740.87","56,234.28","278.00M","-0.25%"
"05/13/2019","56,373.68","57,032.38","57,120.99","56,202.55","258.56M","-0.72%"
"05/10/2019","56,780.75","57,277.88","57,458.08","56,496.08","250.00M","0.50%"
"05/09/2019","56,496.08","57,684.96","58,043.60","56,496.08","273.48M","-2.67%"
"05/07/2019","58,043.60","58,858.81","58,973.58","58,043.60","212.04M","-1.14%"
"05/06/2019","58,712.83","58,364.87","59,335.90","58,110.95","166.80M","-1.05%"
"05/03/2019","59,335.90","58,824.44","59,365.04","58,743.56","220.58M","1.01%"
"05/02/2019","58,743.56","58,606.53","58,804.27","58,527.12","269.25M","0.37%"
"04/30/2019","58,528.40","58,604.26","58,873.97","58,476.51","238.44M","-0.23%"
"04/29/2019","58,662.68","58,913.10","59,012.08","58,561.58","171.98M","-0.39%"
"04/26/2019","58,894.19","58,671.19","58,894.19","58,505.49","108.61M","0.15%"
"04/25/2019","58,807.07","58,852.70","59,102.68","58,651.56","189.61M","-0.50%"
"04/24/2019","59,102.68","59,341.55","59,544.80","58,785.18","204.50M","-0.74%"
"04/23/2019","59,544.80","59,259.29","59,544.80","59,039.32","149.76M","0.54%"
"04/18/2019","59,222.47","58,757.87","59,222.47","58,643.45","196.43M","0.53%"
"04/17/2019","58,908.31","58,532.59","58,951.93","58,532.59","226.05M","0.01%"
"04/16/2019","58,902.64","58,576.32","58,943.97","58,249.35","265.90M","1.12%"
"04/15/2019","58,249.35","58,340.16","58,405.30","58,068.20","212.89M","-0.27%"
"04/12/2019","58,405.30","58,125.01","58,520.26","58,069.29","196.25M","0.38%"
"04/11/2019","58,186.19","58,442.90","58,453.93","57,887.97","216.13M","-0.39%"
"04/10/2019","58,411.65","57,870.37","58,411.65","57,838.37","317.26M","0.99%"
"04/09/2019","57,838.37","57,910.87","58,164.01","57,838.37","204.25M","-0.25%"
"04/08/2019","57,985.78","58,000.66","58,101.73","57,765.02","198.16M","0.36%"
"04/05/2019","57,776.36","57,788.63","57,978.70","57,711.02","266.83M","0.11%"
"04/04/2019","57,711.02","57,721.96","57,926.01","57,659.01","234.59M","-0.37%"
"04/03/2019","57,926.01","57,557.48","58,056.55","57,158.00","279.60M","1.34%"
"04/02/2019","57,158.00","57,207.40","57,238.27","56,856.80","261.04M","0.08%"
"04/01/2019","57,109.64","56,920.69","57,317.76","56,462.55","236.51M","1.15%"
"03/29/2019","56,462.55","56,190.99","56,578.89","56,059.50","272.40M","0.72%"
"03/28/2019","56,059.50","56,051.98","56,343.47","56,051.98","792.10M","-0.16%"
"03/27/2019","56,149.30","56,046.04","56,576.26","55,671.71","","0.92%"
"03/26/2019","55,638.43","55,389.07","55,707.52","55,187.05","237.87M","0.49%"
"03/25/2019","55,367.11","55,692.73","56,107.48","55,144.23","267.56M","-1.32%"
"03/22/2019","56,107.48","55,987.42","56,433.37","55,846.66","228.51M","-0.07%"
"03/20/2019","56,145.67","56,801.42","56,849.67","56,145.67","442.03M","-1.24%"
"03/19/2019","56,849.67","56,643.61","57,138.36","56,643.61","314.53M","0.14%"
"03/18/2019","56,769.86","56,403.79","56,869.14","56,040.21","247.17M","1.30%"
"03/15/2019","56,040.21","55,961.44","56,380.57","55,789.45","577.40M","0.45%"
"03/14/2019","55,789.45","55,703.43","56,092.79","55,595.80","262.36M","-0.07%"
"03/13/2019","55,829.10","55,611.50","55,932.68","55,539.54","258.48M","0.23%"
"03/12/2019","55,699.80","55,938.35","55,987.31","55,245.88","227.08M","0.21%"
"03/11/2019","55,580.65","55,761.24","55,932.83","55,398.06","210.85M","0.17%"
"03/08/2019","55,488.79","55,582.87","55,857.89","55,401.51","223.72M","-0.66%"
"03/07/2019","55,857.89","55,997.33","56,073.86","55,712.84","246.64M","-0.39%"
"03/06/2019","56,073.86","56,020.09","56,376.59","55,815.43","235.89M","0.46%"
"03/05/2019","55,815.43","56,447.11","56,541.50","55,761.64","234.21M","-0.71%"
"03/04/2019","56,217.13","56,438.06","56,847.12","56,198.85","223.28M","0.02%"
"03/01/2019","56,203.11","56,039.81","56,526.84","56,002.08","257.82M","0.36%"
"02/28/2019","56,002.08","56,047.75","56,297.95","55,828.79","290.94M","-0.53%"
"02/27/2019","56,297.95","56,521.25","56,688.63","56,109.73","239.60M","0.10%"
"02/26/2019","56,242.80","55,662.87","56,242.80","55,657.86","250.06M","0.65%"
"02/25/2019","55,878.20","56,118.52","56,327.88","55,878.20","207.17M","-0.20%"
"02/22/2019","55,992.97","55,576.77","56,170.03","55,483.79","241.79M","0.92%"
"02/21/2019","55,483.79","55,741.87","55,839.19","55,483.79","310.19M","-0.37%"
"02/20/2019","55,691.58","55,188.93","56,039.23","55,188.93","300.01M","0.90%"
"02/19/2019","55,194.62","54,996.57","55,489.59","54,900.28","213.18M","-0.12%"
"02/18/2019","55,259.98","54,882.75","55,307.70","54,628.41","190.00M","1.16%"
"02/15/2019","54,628.41","54,211.95","54,660.03","53,974.83","244.65M","0.19%"
"02/14/2019","54,527.11","54,413.73","54,964.88","54,372.01","261.01M","-0.03%"
"02/13/2019","54,543.22","54,027.66","54,639.06","53,781.38","250.34M","1.08%"
"02/12/2019","53,960.51","53,536.84","54,050.76","53,409.14","223.28M","1.03%"
"02/11/2019","53,409.14","53,399.70","53,783.03","53,244.18","199.11M","0.31%"
"02/08/2019","53,244.18","53,580.59","54,011.46","53,244.18","306.29M","-1.20%"
"02/07/2019","53,888.85","54,463.06","54,574.28","53,631.81","240.79M","-1.26%"
"02/06/2019","54,574.28","54,401.27","54,732.45","54,209.41","224.58M","0.67%"
"02/05/2019","54,209.41","53,541.41","54,209.41","53,391.83","286.75M","1.53%"
"02/04/2019","53,391.83","53,842.01","54,237.03","53,391.83","210.07M","-1.00%"
"02/01/2019","53,930.14","54,084.20","54,242.42","53,733.59","240.37M","-0.42%"
"01/31/2019","54,156.75","54,281.03","54,492.73","54,100.55","354.74M","0.05%"
"01/30/2019","54,131.67","54,230.27","54,426.95","53,999.96","268.40M","-0.47%"
"01/29/2019","54,387.70","53,894.09","54,504.57","53,767.47","302.92M","1.15%"
"01/28/2019","53,767.47","53,840.77","54,173.38","53,767.47","169.83M","-0.52%"
"01/25/2019","54,050.23","53,887.96","54,221.69","53,639.09","238.27M","0.77%"
"01/24/2019","53,639.09","53,745.83","53,915.15","53,435.34","265.83M","-0.51%"
"01/23/2019","53,915.15","53,952.50","54,078.37","53,719.94","178.25M","-0.30%"
"01/22/2019","54,078.37","53,774.51","54,139.05","53,662.67","173.92M","-0.11%"
"01/21/2019","54,139.05","53,800.69","54,238.08","53,731.50","172.34M","0.76%"
"01/18/2019","53,731.50","53,810.42","53,992.65","53,436.21","185.94M","0.55%"
"01/17/2019","53,436.21","53,814.19","53,814.19","53,115.97","288.04M","-0.65%"
"01/16/2019","53,786.74","53,507.15","53,786.74","53,400.54","188.81M","0.47%"
"01/15/2019","53,533.54","53,684.58","53,811.28","53,225.86","195.88M","0.09%"
"01/14/2019","53,485.59","53,266.82","53,653.38","53,010.62","157.84M","-0.31%"
"01/11/2019","53,653.38","53,358.70","53,932.13","53,271.02","181.84M","0.72%"
"01/10/2019","53,271.02","52,968.46","53,296.80","52,798.75","200.48M","0.09%"
"01/09/2019","53,222.89","52,604.41","53,222.89","52,165.47","196.81M","2.03%"
"01/08/2019","52,165.47","52,093.49","52,341.52","51,959.30","187.23M","0.40%"
"01/07/2019","51,959.30","52,437.24","53,199.03","51,813.74","161.60M","-0.47%"
"01/04/2019","52,202.95","51,655.33","52,202.95","51,654.19","142.72M","1.03%"
"01/03/2019","51,669.94","51,171.24","51,870.90","51,135.20","164.13M","0.79%"
"01/02/2019","51,264.06","52,259.74","52,736.86","50,907.45","132.15M","-2.79%"
"12/31/2018","52,736.86","52,729.14","52,791.80","52,444.89","72.33M","0.56%"
"12/28/2018","52,444.89","51,548.65","52,546.00","51,548.65","120.38M","1.73%"
"12/27/2018","51,551.71","52,252.80","52,661.54","51,178.51","149.75M","-1.02%"
"12/24/2018","52,081.11","51,583.69","52,200.83","51,430.36","63.67M","1.27%"
"12/21/2018","51,430.36","51,654.27","52,031.79","51,347.57","503.50M","0.16%"
"12/20/2018","51,347.57","50,998.01","51,569.77","50,698.06","382.35M","-0.43%"
"12/19/2018","51,569.77","51,142.22","51,597.42","51,013.18","212.10M","0.65%"
"12/18/2018","51,237.08","50,804.01","51,560.47","50,566.00","212.21M","-0.63%"
"12/14/2018","51,560.47","51,307.99","51,744.16","51,062.58","219.62M","-0.35%"
"12/13/2018","51,744.16","51,796.10","52,332.16","51,598.10","247.77M","0.28%"
"12/12/2018","51,598.10","51,423.60","51,912.49","51,187.99","252.13M","0.80%"
"12/11/2018","51,187.99","50,663.21","51,372.06","50,434.39","368.67M","1.49%"
"12/10/2018","50,434.39","50,650.27","51,037.69","50,189.18","228.27M","-1.18%"
"12/07/2018","51,037.69","51,076.59","51,457.20","50,806.06","263.40M","0.46%"
"12/06/2018","50,806.06","50,976.15","51,709.16","50,078.56","409.70M","-1.75%"
"12/05/2018","51,709.16","51,815.06","52,234.55","51,469.05","245.40M","-1.01%"
"12/04/2018","52,234.55","52,065.74","52,332.12","51,895.72","265.76M","0.30%"
"12/03/2018","52,079.22","52,011.24","52,801.37","50,663.94","241.07M","2.79%"
"11/30/2018","50,663.94","51,764.24","51,883.93","50,663.94","370.07M","-2.08%"
"11/29/2018","51,737.56","52,099.82","52,276.99","51,459.73","302.00M","-0.30%"
"11/28/2018","51,895.12","51,961.09","52,349.76","51,353.98","369.85M","1.05%"
"11/27/2018","51,353.98","51,833.80","52,053.85","51,230.93","245.58M","-0.65%"
"11/26/2018","51,690.12","50,866.66","51,843.63","50,697.70","274.05M","1.96%"
"11/23/2018","50,697.70","51,018.47","51,187.35","50,344.62","192.90M","-0.96%"
"11/22/2018","51,187.35","51,523.03","51,637.52","51,187.35","345.33M","-0.26%"
"11/21/2018","51,318.65","51,357.48","51,607.90","50,992.56","261.20M","0.49%"
"11/20/2018","51,067.78","51,801.94","52,423.53","51,000.79","269.58M","-2.59%"
"11/19/2018","52,423.53","52,142.42","52,658.47","51,874.44","210.29M","0.63%"
"11/16/2018","52,096.04","52,211.93","52,725.33","51,751.14","213.34M","-0.10%"
"11/15/2018","52,146.04","51,949.08","52,434.09","51,625.28","215.84M","0.28%"
"11/14/2018","51,999.45","51,874.61","52,109.80","51,062.78","237.16M","-0.21%"
"11/13/2018","52,109.80","52,298.55","52,552.90","51,967.35","235.07M","-0.29%"
"11/12/2018","52,259.47","53,163.00","53,295.35","52,118.20","219.72M","-1.94%"
"11/09/2018","53,295.35","53,535.92","54,064.82","52,635.55","245.29M","-1.42%"
"11/08/2018","54,064.82","54,923.39","54,923.39","54,064.82","248.07M","-1.16%"
"11/07/2018","54,700.64","54,436.25","55,077.93","54,294.82","297.46M","0.46%"
"11/06/2018","54,450.55","54,771.21","54,927.01","53,848.71","281.37M","-0.85%"
"11/05/2018","54,915.66","53,897.96","54,915.66","53,839.91","214.33M","1.19%"
"11/02/2018","54,271.19","54,292.26","55,252.70","53,578.76","378.62M","1.29%"
"11/01/2018","53,578.76","52,503.57","53,578.76","52,388.87","305.07M","2.27%"
"10/31/2018","52,388.87","51,176.13","52,584.73","50,756.59","323.67M","3.22%"
"10/30/2018","50,756.59","51,286.80","51,434.49","50,700.86","186.87M","-1.10%"
"10/29/2018","51,320.52","50,996.03","51,700.87","50,798.64","214.28M","0.95%"
"10/26/2018","50,837.57","50,973.20","51,624.86","50,672.27","255.37M","-1.53%"
"10/25/2018","51,624.86","50,120.70","51,624.86","50,032.74","327.34M","1.47%"
"10/24/2018","50,877.34","51,101.61","51,454.02","50,571.58","282.71M","-0.57%"
"10/23/2018","51,168.50","51,509.04","52,204.16","50,955.77","335.51M","-1.98%"
"10/22/2018","52,204.16","52,475.01","52,675.91","51,966.06","229.38M","0.21%"
"10/19/2018","52,092.98","52,229.76","52,328.00","51,747.08","288.56M","-0.08%"
"10/18/2018","52,132.60","52,056.71","52,391.02","51,651.65","275.11M","-0.49%"
"10/17/2018","52,391.02","53,401.26","53,440.04","52,218.56","299.71M","-1.60%"
"10/16/2018","53,241.35","52,490.22","53,241.35","52,052.83","320.43M","1.48%"
"10/15/2018","52,466.98","53,122.07","53,473.11","52,251.57","276.82M","-1.88%"
"10/12/2018","53,473.11","53,047.42","53,684.54","52,229.33","416.39M","2.38%"
"10/11/2018","52,229.33","51,353.02","52,813.37","51,353.02","398.88M","-1.11%"
"10/10/2018","52,813.37","54,019.60","54,187.82","52,684.42","319.64M","-2.54%"
"10/09/2018","54,187.82","53,998.76","54,348.92","53,766.47","247.17M","-0.06%"
"10/08/2018","54,219.20","54,327.27","54,409.47","53,912.37","284.67M","-0.35%"
"10/05/2018","54,409.47","54,841.69","55,030.60","54,238.50","248.34M","-1.13%"
"10/04/2018","55,030.60","54,681.05","55,229.78","54,448.82","370.83M","-0.26%"
"10/03/2018","55,171.50","55,464.30","55,683.18","55,103.37","265.60M","-0.54%"
"10/02/2018","55,472.57","55,202.31","55,789.75","54,783.46","295.38M","-0.57%"
"10/01/2018","55,789.75","55,605.50","56,017.80","55,517.11","225.02M","0.15%"
"09/28/2018","55,708.47","55,886.05","56,142.89","55,030.26","313.09M","-0.50%"
"09/27/2018","55,988.57","56,285.55","56,570.15","55,919.68","286.75M","-1.03%"
"09/26/2018","56,570.15","56,907.71","56,977.63","56,570.15","286.40M","-0.55%"
"09/25/2018","56,882.75","56,927.98","57,164.25","56,159.90","307.98M","-0.49%"
"09/21/2018","57,164.25","56,961.42","57,491.78","56,546.80","886.67M","1.09%"
"09/20/2018","56,546.80","56,517.64","56,728.14","56,218.61","724.30M","0.18%"
"09/19/2018","56,445.57","56,389.62","56,527.40","55,928.13","274.00M","0.11%"
"09/18/2018","56,381.30","56,292.82","56,381.30","55,889.73","301.26M","0.15%"
"09/17/2018","56,298.65","56,326.15","56,581.88","55,849.88","233.50M","-0.50%"
"09/14/2018","56,581.88","56,423.58","56,875.42","56,166.86","309.48M","0.74%"
"09/13/2018","56,166.86","56,543.08","56,635.76","55,406.98","327.99M","0.38%"
"09/12/2018","55,952.05","56,292.67","56,401.70","55,766.54","312.56M","-0.40%"
"09/11/2018","56,174.01","56,409.57","56,715.26","55,689.14","236.26M","-0.95%"
"09/10/2018","56,715.26","57,196.29","57,196.29","56,683.41","221.86M","-0.62%"
"09/07/2018","57,068.45","57,135.02","57,242.76","56,758.86","305.27M","-0.11%"
"09/06/2018","57,130.48","56,873.23","57,493.75","56,820.32","318.68M","0.05%"
"09/05/2018","57,102.13","57,431.36","57,891.82","57,075.96","379.05M","-1.36%"
"09/04/2018","57,891.82","58,923.28","59,165.46","57,891.82","294.14M","-1.40%"
"09/03/2018","58,711.15","58,594.28","58,986.62","58,376.01","238.43M","0.07%"
"08/31/2018","58,668.48","58,890.39","58,890.39","58,407.31","309.82M","-0.23%"
"08/30/2018","58,802.69","59,885.43","60,165.51","58,802.69","316.44M","-2.27%"
"08/29/2018","60,165.51","59,927.37","60,225.34","59,666.91","266.41M","0.21%"
"08/28/2018","60,039.27","59,753.93","60,298.84","59,655.56","258.49M","0.64%"
"08/27/2018","59,655.56","59,137.03","59,806.72","58,797.68","200.82M","1.46%"
"08/24/2018","58,797.68","58,130.99","58,867.87","57,916.63","258.29M","1.02%"
"08/23/2018","58,204.72","58,077.23","58,328.74","58,029.34","240.73M","0.14%"
"08/22/2018","58,125.95","57,305.70","58,125.95","57,186.66","261.12M","1.64%"
"08/21/2018","57,186.66","57,076.65","57,413.89","56,933.36","289.01M","0.07%"
"08/20/2018","57,145.62","57,131.22","57,465.15","56,647.52","147.64M","0.88%"
"08/17/2018","56,647.52","56,761.38","57,241.26","56,469.42","228.50M","0.15%"
"08/16/2018","56,562.34","56,143.07","56,562.34","55,646.15","243.15M","1.65%"
"08/15/2018","55,646.15","57,284.89","57,608.94","55,646.15","250.62M","-3.41%"
"08/14/2018","57,608.94","57,490.00","57,885.26","57,375.75","245.31M","-0.48%"
"08/13/2018","57,885.26","57,845.42","58,142.42","57,703.02","257.04M","0.32%"
"08/10/2018","57,703.02","57,968.72","57,968.72","57,500.92","215.15M","-0.14%"
"08/08/2018","57,786.31","57,545.99","58,117.99","57,485.58","229.04M","0.14%"
"08/07/2018","57,705.64","57,169.74","57,730.37","56,861.21","274.51M","1.49%"
"08/06/2018","56,861.21","57,311.75","57,311.75","56,661.84","151.50M","-0.45%"
"08/03/2018","57,118.03","56,778.42","57,214.57","56,415.18","212.65M","1.15%"
"08/02/2018","56,470.72","56,799.03","57,399.53","56,367.79","232.25M","-1.62%"
"08/01/2018","57,399.53","57,646.11","57,681.21","57,196.57","247.35M","-0.06%"
"07/31/2018","57,432.46","57,112.93","57,594.38","57,079.88","297.19M","0.21%"
"07/30/2018","57,313.14","56,668.65","57,520.89","56,668.65","188.42M","0.26%"
"07/27/2018","57,162.38","56,799.43","57,355.40","56,743.25","180.92M","0.74%"
"07/26/2018","56,743.25","56,394.21","57,092.54","56,387.87","248.98M","0.63%"
"07/25/2018","56,387.87","56,915.36","57,120.75","56,253.97","222.57M","-1.17%"
"07/24/2018","57,054.84","56,667.34","57,346.05","56,556.81","249.89M","0.88%"
"07/23/2018","56,556.81","56,837.51","56,990.20","56,249.06","176.58M","-0.76%"
"07/20/2018","56,990.20","56,321.06","57,018.83","56,276.72","220.32M","1.27%"
"07/19/2018","56,276.72","56,109.75","56,314.16","55,850.50","319.87M","0.07%"
"07/18/2018","56,237.20","56,258.85","56,354.58","55,875.73","244.00M","0.22%"
"07/17/2018","56,113.06","55,452.21","56,113.06","55,090.50","212.45M","1.21%"
"07/16/2018","55,442.04","56,179.89","56,364.14","55,442.04","236.48M","-1.64%"
"07/13/2018","56,364.14","56,801.30","56,924.25","56,237.82","249.75M","-0.85%"
"07/12/2018","56,849.36","57,380.67","57,380.67","56,622.49","267.38M","-0.67%"
"07/11/2018","57,231.01","57,440.06","58,027.11","57,010.02","182.26M","-1.37%"
"07/10/2018","58,027.11","58,113.45","58,334.49","57,776.18","221.56M","-0.33%"
"07/09/2018","58,219.91","58,098.07","58,249.16","57,313.88","220.85M","1.58%"
"07/06/2018","57,313.88","57,459.54","57,650.01","56,893.02","243.02M","-0.17%"
"07/05/2018","57,414.00","57,513.90","57,975.56","57,399.54","337.66M","-0.32%"
"07/04/2018","57,600.02","57,199.97","57,623.73","57,065.64","270.88M","0.19%"
"07/03/2018","57,488.76","57,233.75","57,549.46","56,587.06","273.04M","0.58%"
"07/02/2018","57,159.59","56,696.47","57,610.98","56,589.82","273.65M","-0.78%"
"06/29/2018","57,610.98","56,475.18","57,610.98","55,795.20","370.72M","3.25%"
"06/28/2018","55,795.20","54,784.18","55,832.87","54,752.19","277.25M","0.77%"
"06/27/2018","55,369.26","55,095.99","55,555.14","54,286.27","388.00M","0.21%"
"06/26/2018","55,254.67","56,137.81","56,138.92","55,254.67","379.32M","-1.14%"
"06/25/2018","55,889.26","56,604.27","56,856.66","55,807.42","176.38M","-1.70%"
"06/22/2018","56,856.66","56,366.69","57,174.08","56,234.43","232.70M","1.11%"
"06/21/2018","56,234.43","56,884.12","57,122.49","56,226.37","414.72M","-0.74%"
"06/20/2018","56,651.66","56,728.48","57,174.56","56,253.31","362.64M","0.71%"
"06/19/2018","56,253.31","56,474.74","57,236.84","56,141.15","318.06M","-1.72%"
"06/18/2018","57,236.84","57,660.50","57,660.50","56,860.06","197.55M","-0.73%"
"06/15/2018","57,660.50","58,698.94","58,703.69","57,639.70","628.75M","-1.43%"
"06/14/2018","58,495.67","57,953.73","58,659.02","57,953.73","239.81M","0.10%"
"06/13/2018","58,437.23","58,159.15","58,793.99","58,157.11","249.76M","0.39%"
"06/12/2018","58,207.82","58,274.28","58,466.47","57,983.99","210.93M","0.11%"
"06/11/2018","58,146.10","58,301.53","58,433.19","58,115.71","197.87M","-0.13%"
"06/08/2018","58,223.72","57,878.86","58,391.64","57,768.25","292.11M","-0.29%"
"06/07/2018","58,391.64","58,518.45","58,740.22","58,081.87","341.97M","0.53%"
"06/06/2018","58,081.87","57,966.98","58,382.37","57,779.11","263.29M","0.52%"
"06/05/2018","57,779.11","57,869.70","57,953.05","57,479.75","265.04M","-0.16%"
"06/04/2018","57,870.89","57,774.43","58,166.83","57,282.14","310.51M","1.03%"
"06/01/2018","57,282.14","56,595.33","57,332.30","56,157.89","280.44M","2.00%"
"05/31/2018","56,157.89","55,921.33","56,381.49","55,601.63","882.18M","1.00%"
"05/30/2018","55,601.63","55,793.11","55,978.61","55,274.00","414.77M","-0.60%"
"05/29/2018","55,935.75","56,514.23","56,857.24","55,873.36","234.59M","-1.62%"
"05/28/2018","56,857.24","56,993.31","57,177.43","56,638.95","160.28M","-0.10%"
"05/25/2018","56,916.97","56,705.72","56,942.32","56,535.38","203.41M","0.38%"
"05/24/2018","56,699.20","57,233.36","57,332.63","56,603.99","242.44M","-0.60%"
"05/23/2018","57,043.42","57,841.80","58,121.84","56,999.37","257.49M","-1.86%"
"05/22/2018","58,121.84","57,523.43","58,205.70","57,417.97","232.48M","0.52%"
"05/21/2018","57,821.20","58,061.85","58,529.02","57,701.09","181.27M","0.03%"
"05/18/2018","57,804.33","58,096.11","58,293.37","57,800.10","250.90M","-0.65%"
"05/17/2018","58,184.25","58,278.70","58,621.77","58,091.21","227.27M","-0.75%"
"05/16/2018","58,621.77","58,094.18","58,723.51","57,451.96","215.46M","1.26%"
"05/15/2018","57,891.77","58,218.31","58,614.45","57,873.90","336.90M","-1.23%"
"05/14/2018","58,614.45","58,421.05","58,646.46","58,249.52","189.75M","0.33%"
"05/11/2018","58,422.86","58,196.54","58,550.55","57,756.73","211.94M","0.72%"
"05/10/2018","58,005.62","58,317.91","58,362.86","57,915.13","236.99M","0.16%"
"05/09/2018","57,915.13","57,851.66","58,253.63","57,665.24","230.77M","0.43%"
"05/08/2018","57,665.24","58,018.97","58,179.51","57,465.67","237.48M","-0.37%"
"05/07/2018","57,880.72","57,624.17","58,035.62","57,614.98","159.90M","0.40%"
"05/04/2018","57,648.87","57,479.33","57,996.01","57,273.88","261.61M","0.65%"
"05/03/2018","57,273.88","58,090.19","58,450.44","57,236.84","227.54M","-2.01%"
"05/02/2018","58,450.44","58,269.74","58,530.44","58,158.65","","0.34%"
"04/30/2018","58,252.12","57,769.35","58,252.12","57,453.04","209.64M","1.39%"
"04/26/2018","57,453.04","56,783.85","57,515.26","56,749.18","263.47M","0.82%"
"04/25/2018","56,987.19","57,198.79","57,675.21","56,830.67","251.52M","-1.19%"
"04/24/2018","57,675.21","57,776.83","58,040.80","57,675.21","179.75M","-0.01%"
"04/23/2018","57,679.51","57,542.71","57,723.18","57,449.79","198.16M","0.17%"
"04/20/2018","57,581.73","57,413.27","57,648.56","57,277.66","205.71M","0.10%"
"04/19/2018","57,526.79","57,992.84","58,172.37","57,525.06","239.99M","-0.32%"
"04/18/2018","57,713.29","57,022.46","57,713.29","56,799.12","271.82M","1.56%"
"04/17/2018","56,826.74","56,692.55","56,855.87","56,353.78","191.76M","0.16%"
"04/16/2018","56,733.47","56,495.45","56,836.23","56,379.30","215.71M","0.30%"
"04/13/2018","56,563.17","56,470.81","56,882.29","56,305.16","218.55M","0.15%"
"04/12/2018","56,480.98","55,985.07","56,651.00","55,954.34","225.49M","0.55%"
"04/11/2018","56,170.07","56,608.77","56,790.49","56,129.88","277.98M","-1.02%"
"04/10/2018","56,747.24","56,823.36","56,926.89","56,091.56","245.56M","1.17%"
"04/09/2018","56,091.56","56,012.52","56,200.09","55,647.83","270.72M","0.38%"
"04/06/2018","55,878.81","55,486.03","56,183.42","55,468.10","241.45M","0.21%"
"04/05/2018","55,761.15","55,172.39","55,871.30","54,602.68","244.00M","2.12%"
"04/04/2018","54,602.68","54,653.21","54,864.79","53,027.38","274.26M","-0.48%"
"04/03/2018","54,864.79","55,305.91","55,599.17","54,864.79","271.21M","-1.10%"
"03/29/2018","55,474.52","55,035.37","55,568.57","54,763.97","422.65M","1.30%"
"03/28/2018","54,763.97","55,334.88","56,050.79","54,572.35","359.93M","-2.30%"
"03/27/2018","56,050.79","56,762.21","56,888.37","55,954.20","258.71M","-0.22%"
"03/26/2018","56,176.43","56,385.25","56,450.40","55,821.39","274.43M","-0.41%"
"03/23/2018","56,405.64","56,612.12","57,224.60","56,042.86","618.79M","-1.43%"
"03/22/2018","57,224.60","57,884.54","58,843.65","57,036.22","335.17M","-1.83%"
"03/20/2018","58,288.87","58,086.88","58,423.86","57,996.85","254.51M","0.35%"
"03/19/2018","58,088.42","58,121.97","58,418.87","57,774.79","243.93M","-0.02%"
"03/16/2018","58,101.02","58,298.90","58,554.58","58,033.25","606.97M","-0.18%"
"03/15/2018","58,203.77","58,545.41","58,792.21","58,046.80","563.18M","-0.38%"
"03/14/2018","58,423.17","58,743.79","59,084.51","58,338.47","393.68M","-1.12%"
"03/13/2018","59,084.51","59,275.58","59,303.66","58,802.33","324.07M","-0.19%"
"03/12/2018","59,194.45","59,520.09","59,705.16","59,169.23","255.96M","0.04%"
"03/09/2018","59,169.23","58,935.42","59,169.23","58,659.40","232.96M","0.41%"
"03/08/2018","58,926.01","59,303.96","59,335.38","58,926.01","363.15M","-0.06%"
"03/07/2018","58,962.65","58,663.14","59,242.86","58,289.50","258.37M","-0.47%"
"03/06/2018","59,242.86","58,341.27","59,434.12","57,912.40","256.99M","2.30%"
"03/05/2018","57,912.40","57,613.40","58,300.34","57,475.63","229.75M","0.29%"
"03/02/2018","57,744.70","57,703.52","57,923.16","57,197.00","331.70M","-0.31%"
"03/01/2018","57,923.16","58,272.66","58,452.39","57,918.61","279.53M","-0.69%"
"02/28/2018","58,325.09","58,399.64","59,027.22","58,181.16","358.35M","-1.19%"
"02/27/2018","59,027.22","59,050.58","59,382.27","58,868.93","294.99M","0.27%"
"02/26/2018","58,868.93","58,855.16","59,233.30","58,715.46","252.24M","0.26%"
"02/23/2018","58,715.46","58,290.71","58,848.92","58,155.09","325.70M","0.96%"
"02/22/2018","58,155.09","58,222.47","58,605.97","57,631.39","342.36M","-0.77%"
"02/21/2018","58,605.97","57,924.74","58,813.35","57,696.70","377.65M","1.17%"
"02/20/2018","57,928.78","58,609.19","58,680.00","57,689.33","339.59M","-1.32%"
"02/19/2018","58,701.37","59,294.11","59,294.11","58,636.59","252.54M","-0.71%"
"02/16/2018","59,122.34","59,615.72","59,827.80","58,910.81","418.59M","-0.69%"
"02/15/2018","59,533.10","58,324.45","60,038.35","58,324.45","431.97M","3.72%"
"02/14/2018","57,399.55","57,440.57","57,527.71","56,746.60","339.95M","0.33%"
"02/13/2018","57,208.97","56,677.51","57,276.68","56,529.72","290.01M","1.78%"
"02/12/2018","56,206.76","56,057.32","56,381.10","55,789.05","345.83M","0.54%"
"02/09/2018","55,902.62","55,782.61","56,175.94","55,603.58","453.54M","-1.29%"
"02/08/2018","56,635.69","56,899.85","56,899.85","56,463.15","423.50M","-0.44%"
"02/07/2018","56,886.45","56,534.02","56,922.84","55,883.58","422.39M","0.90%"
"02/06/2018","56,377.21","55,466.52","56,464.59","55,090.23","394.98M","-1.29%"
"02/05/2018","57,113.74","57,991.90","58,028.54","57,047.31","344.88M","-2.63%"
"02/02/2018","58,656.82","59,305.35","59,444.83","58,423.69","388.93M","-1.02%"
"02/01/2018","59,258.37","59,456.87","59,865.28","59,046.19","352.43M","-0.42%"
"01/31/2018","59,506.12","59,716.34","59,856.16","59,384.94","311.07M","-0.07%"
"01/30/2018","59,546.23","60,315.28","60,342.72","59,328.07","358.37M","-2.07%"
"01/29/2018","60,806.90","61,560.15","61,619.24","60,697.12","356.09M","-1.28%"
"01/26/2018","61,595.86","61,768.79","61,776.68","61,422.96","294.05M","-0.14%"
"01/25/2018","61,684.77","61,398.66","61,696.75","61,210.87","273.90M","0.10%"
"01/24/2018","61,623.13","61,597.81","61,704.25","61,377.18","298.51M","0.24%"
"01/23/2018","61,475.44","61,342.45","61,620.98","61,327.72","350.59M","0.68%"
"01/22/2018","61,060.28","61,041.90","61,190.94","60,856.58","297.97M","0.24%"
"01/19/2018","60,912.88","60,953.24","61,023.21","60,613.97","273.31M","-0.02%"
"01/18/2018","60,922.55","61,033.47","61,293.81","60,680.99","351.51M","0.00%"
"01/17/2018","60,924.46","60,633.55","61,309.18","60,434.59","286.11M","0.45%"
"01/16/2018","60,649.60","60,368.58","60,706.97","60,305.80","252.83M","0.68%"
"01/15/2018","60,240.96","60,155.29","60,320.54","60,032.71","190.32M","0.26%"
"01/12/2018","60,083.13","59,884.29","60,083.13","59,732.58","165.48M","0.80%"
"01/11/2018","59,606.02","59,738.20","59,789.08","59,356.89","394.14M","-0.62%"
"01/10/2018","59,979.63","60,000.60","60,182.70","59,689.21","483.82M","-0.22%"
"01/09/2018","60,113.65","60,116.69","60,206.59","59,888.40","204.14M","0.13%"
"01/08/2018","60,038.39","59,857.94","60,082.44","59,604.10","173.36M","0.54%"
"01/05/2018","59,717.20","59,479.19","59,835.12","59,263.93","156.62M","0.40%"
"01/04/2018","59,476.77","59,569.48","59,820.59","59,027.01","221.70M","-0.26%"
"01/03/2018","59,629.64","60,070.74","60,150.69","59,008.78","165.49M","-0.17%"
"01/02/2018","59,731.16","59,728.85","59,790.28","59,308.36","149.54M","0.38%"
"12/29/2017","59,504.67","59,076.94","59,504.67","58,817.11","90.55M","0.94%"
"12/28/2017","58,952.89","58,860.01","59,020.93","58,505.98","133.24M","0.19%"
"12/27/2017","58,844.01","58,800.23","58,844.01","58,398.94","123.69M","0.07%"
"12/22/2017","58,800.23","58,961.90","58,981.96","58,476.04","99.47M","0.05%"
"12/21/2017","58,771.79","58,086.60","59,028.84","58,052.92","737.55M","1.27%"
"12/20/2017","58,032.09","58,190.68","58,473.92","58,032.09","534.33M","-0.24%"
"12/19/2017","58,170.44","57,647.86","58,675.54","57,620.00","659.20M","0.80%"
"12/18/2017","57,707.42","57,225.90","57,998.02","57,225.90","472.82M","0.51%"
"12/15/2017","57,412.76","57,771.88","57,771.93","57,236.97","783.81M","-0.75%"
"12/14/2017","57,845.57","57,336.82","57,845.57","57,257.61","394.69M","0.87%"
"12/13/2017","57,344.41","57,591.78","57,695.54","57,152.27","1.35B","-0.31%"
"12/12/2017","57,523.62","57,780.00","57,811.23","57,315.02","390.34M","-0.82%"
"12/11/2017","57,997.33","58,026.45","58,209.43","57,791.25","330.52M","-0.03%"
"12/08/2017","58,012.31","58,367.62","58,441.15","57,825.85","502.96M","0.00%"
"12/07/2017","58,013.18","58,095.69","58,098.66","57,751.85","1.06B","0.01%"
"12/06/2017","58,010.18","58,512.12","58,563.99","57,860.88","620.37M","-1.64%"
"12/05/2017","58,977.23","59,135.45","59,135.45","58,747.12","316.93M","-1.06%"
"12/04/2017","59,607.34","59,869.05","59,998.05","59,395.83","304.14M","0.27%"
"12/01/2017","59,449.38","59,651.21","59,782.21","59,337.58","287.73M","-0.54%"
"11/30/2017","59,772.83","59,831.56","60,112.84","59,772.83","521.43M","-1.07%"
"11/29/2017","60,418.39","60,085.06","60,528.43","59,954.35","237.23M","0.56%"
"11/28/2017","60,082.79","59,916.76","60,340.58","59,891.94","374.98M","-0.12%"
"11/27/2017","60,157.56","60,192.79","60,497.17","60,079.92","244.07M","-0.28%"
"11/24/2017","60,323.95","60,409.89","60,554.93","60,264.14","191.97M","0.04%"
"11/23/2017","60,298.16","60,714.91","60,848.09","60,254.85","212.19M","-0.75%"
"11/22/2017","60,751.18","61,135.17","61,198.11","60,699.49","255.83M","-0.75%"
"11/21/2017","61,211.52","60,957.58","61,298.60","60,843.22","248.79M","1.18%"
"11/20/2017","60,500.61","60,290.91","60,528.93","60,230.23","252.85M","0.62%"
"11/17/2017","60,128.41","59,767.71","60,183.49","59,733.50","274.46M","0.97%"
"11/16/2017","59,549.22","59,342.22","59,688.73","59,342.22","335.54M","0.62%"
"11/15/2017","59,185.21","59,275.95","59,671.39","59,185.21","296.33M","-0.56%"
"11/14/2017","59,518.90","59,822.17","59,952.88","59,501.81","268.52M","-0.51%"
"11/13/2017","59,821.49","59,938.02","60,150.04","59,762.35","187.24M","0.08%"
"11/10/2017","59,776.12","59,935.15","60,142.35","59,776.12","242.92M","-0.14%"
"11/09/2017","59,862.11","60,064.61","60,270.95","59,790.95","228.42M","-0.36%"
"11/08/2017","60,078.03","60,101.71","60,203.43","59,935.36","261.91M","-0.17%"
"11/07/2017","60,182.60","60,423.53","60,589.77","60,182.60","258.84M","0.35%"
"11/06/2017","59,975.67","60,031.29","60,140.33","59,846.11","172.75M","0.57%"
"11/03/2017","59,638.21","59,585.65","59,760.45","59,473.35","199.55M","0.52%"
"11/02/2017","59,331.20","59,400.74","59,517.01","59,296.79","196.64M","-0.31%"
"11/01/2017","59,514.11","59,387.93","59,787.12","59,377.81","274.27M","0.91%"
"10/31/2017","58,980.11","59,019.05","59,038.37","58,801.72","253.55M","0.17%"
"10/30/2017","58,879.14","58,769.63","58,974.81","58,649.86","280.41M","0.28%"
"10/27/2017","58,714.04","58,578.58","58,825.63","58,466.98","284.29M","0.24%"
"10/26/2017","58,576.29","58,376.95","58,866.95","58,349.97","411.44M","0.78%"
"10/25/2017","58,123.13","57,964.91","58,302.34","57,870.19","244.47M","0.38%"
"10/24/2017","57,904.72","57,989.50","58,048.46","57,761.85","195.24M","-0.16%"
"10/23/2017","57,999.60","58,029.86","58,204.16","57,914.74","188.60M","0.09%"
"10/20/2017","57,948.66","58,233.76","58,262.02","57,948.66","283.63M","0.09%"
"10/19/2017","57,896.83","58,112.19","58,112.19","57,681.26","304.22M","-0.44%"
"10/18/2017","58,152.41","57,770.10","58,197.65","57,668.12","244.94M","0.47%"
"10/17/2017","57,882.67","58,177.02","58,204.66","57,796.71","230.70M","-0.48%"
"10/16/2017","58,163.56","58,229.10","58,372.15","58,163.56","226.57M","0.50%"
"10/13/2017","57,876.60","57,792.10","57,920.52","57,569.63","269.83M","0.22%"
"10/12/2017","57,747.34","57,754.85","57,845.51","57,614.98","264.11M","-0.04%"
"10/11/2017","57,770.73","57,776.56","57,827.74","57,601.21","279.15M","0.24%"
"10/10/2017","57,629.93","57,544.61","57,629.93","57,472.36","243.09M","0.17%"
"10/09/2017","57,530.11","57,297.42","57,750.97","57,297.42","227.72M","0.52%"
"10/06/2017","57,231.87","57,209.79","57,353.43","57,066.21","363.05M","0.41%"
"10/05/2017","56,999.79","56,808.67","57,061.26","56,710.79","247.96M","0.44%"
"10/04/2017","56,750.03","56,435.69","56,750.03","56,435.69","1.31B","0.70%"
"10/03/2017","56,358.26","55,951.42","56,455.18","55,951.42","321.23M","1.04%"
"10/02/2017","55,778.27","55,838.58","56,063.27","55,778.27","288.17M","0.36%"
"09/29/2017","55,579.92","55,300.88","55,677.52","54,993.94","308.66M","1.06%"
"09/28/2017","54,994.35","55,258.23","55,258.23","54,941.64","286.48M","-0.40%"
"09/27/2017","55,214.07","55,258.93","55,333.46","55,114.20","276.35M","0.26%"
"09/26/2017","55,070.38","55,423.38","55,423.38","54,894.11","275.98M","-1.38%"
"09/22/2017","55,839.73","55,749.23","55,903.18","55,544.75","229.95M","-0.05%"
"09/21/2017","55,867.34","55,867.46","56,072.20","55,703.42","846.77M","0.00%"
"09/20/2017","55,867.46","55,880.70","56,026.85","55,705.71","265.09M","-0.26%"
"09/19/2017","56,011.16","56,103.17","56,144.13","55,714.71","281.62M","-0.07%"
"09/18/2017","56,050.10","55,992.03","56,209.57","55,907.14","211.27M","0.73%"
"09/15/2017","55,645.15","55,824.51","55,856.11","55,526.14","494.36M","-0.37%"
"09/14/2017","55,850.32","56,025.30","56,025.30","55,658.37","325.14M","-0.54%"
"09/13/2017","56,152.54","56,331.85","56,426.27","56,152.54","245.99M","-0.38%"
"09/12/2017","56,366.16","56,126.55","56,484.73","56,126.55","186.30M","0.64%"
"09/11/2017","56,008.77","55,928.96","56,107.77","55,867.52","323.43M","0.51%"
"09/08/2017","55,724.67","55,849.44","55,911.45","55,626.66","293.66M","-0.27%"
"09/07/2017","55,878.19","55,328.66","55,927.91","55,149.41","249.15M","0.72%"
"09/06/2017","55,480.20","55,966.12","55,966.12","55,426.79","445.61M","-1.18%"
"09/05/2017","56,144.80","56,236.54","56,377.60","56,144.80","249.74M","-0.30%"
"09/04/2017","56,312.85","56,343.03","56,520.80","56,159.39","183.64M","-0.35%"
"09/01/2017","56,513.46","56,602.19","56,655.09","56,433.36","210.88M","-0.02%"
"08/31/2017","56,522.11","56,199.70","56,538.30","56,196.95","353.73M","0.63%"
"08/30/2017","56,168.00","56,668.43","56,711.27","56,144.32","242.73M","-0.43%"
"08/29/2017","56,409.62","56,384.29","56,414.90","56,066.78","301.97M","-0.26%"
"08/28/2017","56,555.62","56,499.91","56,695.91","56,436.90","160.06M","-0.18%"
"08/25/2017","56,655.88","56,474.08","56,896.89","56,474.08","245.99M","0.12%"
"08/24/2017","56,588.99","56,162.97","56,713.97","56,162.75","395.20M","0.76%"
"08/23/2017","56,162.30","55,918.08","56,326.03","55,918.08","264.26M","0.23%"
"08/22/2017","56,033.96","55,757.24","56,071.90","55,717.29","246.75M","1.05%"
"08/21/2017","55,450.53","55,402.34","55,640.07","55,402.34","180.52M","0.26%"
"08/18/2017","55,304.23","55,239.62","55,477.79","55,193.09","188.46M","-0.20%"
"08/17/2017","55,415.27","55,535.80","55,807.29","55,315.00","205.83M","-0.21%"
"08/16/2017","55,534.60","55,120.13","55,631.97","55,120.13","245.24M","1.00%"
"08/15/2017","54,983.32","55,471.77","55,497.64","54,983.32","192.66M","-0.87%"
"08/14/2017","55,465.65","55,435.49","55,663.28","55,432.86","193.52M","0.56%"
"08/11/2017","55,155.13","55,128.97","55,305.45","55,022.98","198.25M","-0.98%"
"08/10/2017","55,700.64","56,138.27","56,175.95","55,563.71","225.48M","-0.50%"
"08/08/2017","55,980.05","56,342.27","56,342.27","55,899.46","291.73M","-0.33%"
"08/07/2017","56,163.60","56,377.28","56,396.24","56,072.86","228.01M","0.39%"
"08/04/2017","55,944.83","55,874.78","56,032.91","55,769.69","240.00M","0.47%"
"08/03/2017","55,685.01","55,432.52","55,687.82","55,317.60","292.61M","0.88%"
"08/02/2017","55,200.49","55,347.18","55,554.23","55,151.46","273.96M","-0.34%"
"08/01/2017","55,390.07","55,328.98","55,392.19","55,082.91","269.28M","0.33%"
"07/31/2017","55,207.41","55,281.46","55,366.74","55,081.78","309.86M","0.59%"
"07/28/2017","54,883.21","54,520.60","54,933.88","54,520.60","227.46M","-0.01%"
"07/27/2017","54,888.89","55,074.13","55,222.81","54,794.03","267.97M","0.10%"
"07/26/2017","54,836.19","54,475.73","54,914.02","54,424.46","208.53M","0.62%"
"07/25/2017","54,499.11","54,428.74","54,802.03","54,396.96","187.34M","0.24%"
"07/24/2017","54,368.62","54,293.29","54,579.55","54,288.66","","0.38%"
"07/21/2017","54,162.71","54,275.24","54,679.87","54,112.14","190.00M","-0.23%"
"07/20/2017","54,287.32","54,087.95","54,499.20","54,087.95","211.31M","0.36%"
"07/19/2017","54,091.11","53,751.76","54,123.02","53,691.86","253.14M","1.56%"
"07/18/2017","53,261.64","53,610.76","53,666.24","53,237.27","171.96M","-1.05%"
"07/17/2017","53,827.41","53,695.46","53,827.41","53,521.64","204.94M","0.43%"
"07/14/2017","53,597.96","53,236.31","53,597.96","53,191.08","189.79M","0.56%"
"07/13/2017","53,300.96","52,944.35","53,300.96","52,944.35","223.41M","0.75%"
"07/12/2017","52,905.98","52,579.11","52,976.43","52,519.98","","1.01%"
"07/11/2017","52,376.38","52,653.37","52,748.15","52,308.47","262.40M","0.36%"
"07/10/2017","52,187.92","52,034.07","52,187.92","51,782.91","158.32M","0.55%"
"07/07/2017","51,900.26","52,283.75","52,283.75","51,725.48","206.16M","-0.74%"
"07/06/2017","52,285.08","52,533.40","52,719.61","52,189.15","244.63M","-0.38%"
"07/05/2017","52,483.90","51,936.27","52,508.77","51,936.27","223.19M","0.84%"
"07/04/2017","52,049.25","51,809.74","52,174.99","51,734.57","140.27M","-0.22%"
"07/03/2017","52,163.80","51,667.30","52,163.80","51,491.80","234.16M","1.07%"
"06/30/2017","51,611.01","51,304.89","51,721.49","51,146.01","265.81M","0.50%"
"06/29/2017","51,355.97","51,760.74","51,963.66","51,066.13","241.08M","-0.47%"
"06/28/2017","51,596.84","51,329.95","51,628.48","51,296.22","195.07M","0.32%"
"06/27/2017","51,432.24","51,444.64","51,628.46","51,267.01","197.68M","0.28%"
"06/26/2017","51,288.71","51,697.10","51,697.10","51,288.71","219.16M","-0.42%"
"06/23/2017","51,503.52","51,000.64","51,572.75","50,982.68","211.50M","0.84%"
"06/22/2017","51,072.86","51,296.19","51,296.19","50,795.00","225.41M","-0.64%"
"06/21/2017","51,402.69","51,040.49","51,402.69","50,803.87","251.99M","0.47%"
"06/20/2017","51,160.57","51,626.32","51,642.61","51,150.76","269.59M","-0.88%"
"06/19/2017","51,615.90","51,162.36","51,615.90","51,031.55","288.16M","1.54%"
"06/15/2017","50,831.89","51,343.64","51,343.64","50,749.68","815.27M","-1.28%"
"06/14/2017","51,489.16","51,826.15","51,971.17","51,489.16","362.62M","-0.26%"
"06/13/2017","51,625.07","51,783.56","51,959.57","51,594.09","261.01M","0.12%"
"06/12/2017","51,564.00","51,867.78","51,911.19","51,523.88","252.34M","-1.25%"
"06/09/2017","52,216.93","52,075.87","52,302.93","51,947.96","259.24M","0.50%"
"06/08/2017","51,958.52","52,221.53","52,221.53","51,787.89","253.20M","-0.31%"
"06/07/2017","52,117.82","52,172.70","52,450.05","52,117.82","305.61M","-0.26%"
"06/06/2017","52,251.87","52,810.37","52,865.75","52,251.87","302.54M","-1.17%"
"06/05/2017","52,870.12","52,686.50","53,052.25","52,585.84","379.91M","-0.04%"
"06/02/2017","52,889.70","53,012.76","53,169.75","52,639.42","315.96M","0.09%"
"06/01/2017","52,840.68","53,486.24","53,549.79","52,837.90","616.32M","-1.35%"
"05/31/2017","53,562.57","53,806.29","53,950.96","53,394.35","413.55M","-1.10%"
"05/30/2017","54,158.04","53,904.42","54,190.95","53,828.24","170.25M","0.40%"
"05/29/2017","53,944.22","53,906.33","53,988.69","53,806.47","102.25M","-0.10%"
"05/26/2017","53,996.14","53,945.77","54,081.55","53,751.40","190.06M","-0.06%"
"05/25/2017","54,028.39","54,369.50","54,432.60","54,017.03","254.56M","-0.52%"
"05/24/2017","54,308.67","54,209.34","54,519.91","54,080.18","223.18M","-0.44%"
"05/23/2017","54,548.91","54,462.52","54,716.53","54,437.72","220.90M","0.06%"
"05/22/2017","54,517.06","54,662.72","54,666.17","54,347.53","188.68M","0.16%"
"05/19/2017","54,427.30","54,298.50","54,486.91","54,156.08","231.89M","0.42%"
"05/18/2017","54,197.12","54,033.20","54,329.14","53,955.69","341.81M","0.36%"
"05/17/2017","54,001.94","54,006.26","54,296.05","53,817.64","275.15M","-0.04%"
"05/16/2017","54,023.12","53,927.48","54,200.41","53,791.78","203.09M","-0.05%"
"05/15/2017","54,052.18","54,123.45","54,254.37","53,767.13","156.68M","-0.02%"
"05/12/2017","54,063.34","54,056.44","54,090.34","53,896.61","163.44M","-0.09%"
"05/11/2017","54,114.00","54,404.01","54,444.63","53,913.32","207.40M","-0.26%"
"05/10/2017","54,254.35","54,350.10","54,391.04","54,117.04","234.41M","0.15%"
"05/09/2017","54,172.76","53,985.74","54,286.88","53,967.63","199.19M","0.89%"
"05/08/2017","53,696.37","53,561.61","53,728.63","53,442.03","172.15M","0.22%"
"05/05/2017","53,579.01","53,420.35","53,760.28","53,293.46","242.51M","0.32%"
"05/04/2017","53,406.31","53,568.46","53,673.58","53,286.61","297.37M","-0.34%"
"05/03/2017","53,586.63","53,960.53","54,157.53","53,481.45","253.40M","-0.61%"
"05/02/2017","53,915.64","53,871.34","54,103.39","53,826.98","242.13M","0.18%"
"04/28/2017","53,817.31","53,587.11","53,985.99","53,587.11","224.97M","0.25%"
"04/26/2017","53,680.69","53,299.86","53,680.69","53,232.07","218.03M","0.79%"
"04/25/2017","53,257.44","52,851.74","53,302.78","52,851.74","219.10M","0.63%"
"04/24/2017","52,921.41","52,254.84","52,921.41","52,254.84","236.61M","1.39%"
"04/21/2017","52,194.59","52,615.03","52,644.80","52,162.69","187.11M","-0.58%"
"04/20/2017","52,496.62","52,537.15","52,560.48","52,196.34","224.50M","-0.09%"
"04/19/2017","52,545.12","52,876.23","52,944.61","52,539.22","243.92M","-0.24%"
"04/18/2017","52,672.75","53,280.96","53,298.09","52,635.68","248.77M","-1.57%"
"04/13/2017","53,510.22","53,425.62","53,544.71","53,331.20","240.77M","-0.08%"
"04/12/2017","53,551.31","53,699.66","54,002.95","53,432.45","282.81M","0.03%"
"04/11/2017","53,535.16","53,143.23","53,631.78","53,125.57","289.35M","0.74%"
"04/10/2017","53,139.96","53,134.66","53,227.76","53,024.05","276.70M","0.54%"
"04/07/2017","52,853.36","52,583.99","52,853.36","52,416.97","232.25M","-0.12%"
"04/06/2017","52,918.42","52,806.86","52,918.42","52,530.01","312.88M","-0.14%"
"04/05/2017","52,990.08","52,754.32","53,062.48","52,717.79","341.63M","0.63%"
"04/04/2017","52,660.74","52,662.66","53,050.21","52,614.51","316.43M","0.39%"
"04/03/2017","52,457.76","52,267.64","52,565.70","52,215.17","323.39M","0.77%"
"03/31/2017","52,056.06","52,625.83","52,625.83","52,000.89","531.75M","-0.39%"
"03/30/2017","52,261.18","52,388.50","52,480.80","52,038.42","206.48M","-0.35%"
"03/29/2017","52,444.78","52,535.31","52,551.70","52,062.53","281.48M","0.26%"
"03/28/2017","52,309.23","52,244.91","52,309.23","52,013.56","284.97M","1.13%"
"03/27/2017","51,724.92","51,311.14","51,752.75","51,278.28","221.01M","-0.18%"
"03/24/2017","51,816.31","52,007.55","52,117.42","51,759.69","210.43M","-0.41%"
"03/23/2017","52,027.98","52,022.26","52,195.33","51,865.82","190.12M","-0.13%"
"03/22/2017","52,096.71","52,038.47","52,222.00","51,776.16","243.59M","-1.25%"
"03/20/2017","52,753.56","52,686.62","52,866.34","52,487.05","144.30M","0.39%"
"03/17/2017","52,550.99","52,682.99","52,682.99","52,442.04","455.70M","-0.38%"
"03/16/2017","52,748.97","52,082.62","52,762.26","52,082.62","673.84M","2.03%"
"03/15/2017","51,701.60","51,814.83","51,863.87","51,576.51","263.13M","0.00%"
"03/14/2017","51,699.46","51,778.34","52,057.66","51,601.34","240.62M","-0.30%"
"03/13/2017","51,855.38","51,471.95","51,855.38","51,344.10","180.74M","1.14%"
"03/10/2017","51,269.54","51,197.65","51,384.17","50,992.93","199.60M","0.70%"
"03/09/2017","50,910.71","50,973.34","51,111.08","50,737.28","269.35M","-0.76%"
"03/08/2017","51,299.99","51,309.24","51,474.33","51,162.52","253.76M","-0.15%"
"03/07/2017","51,377.78","51,428.09","51,615.85","51,318.97","233.34M","-0.23%"
"03/06/2017","51,498.14","51,805.75","51,805.75","51,426.59","192.49M","-0.41%"
"03/03/2017","51,708.61","51,721.98","51,832.31","51,326.32","232.81M","-0.36%"
"03/02/2017","51,893.19","51,802.36","52,009.14","51,708.45","263.64M","0.41%"
"03/01/2017","51,682.19","51,273.18","51,690.13","51,015.41","253.22M","1.05%"
"02/28/2017","51,146.05","51,439.38","51,563.16","51,146.05","306.24M","-0.68%"
"02/27/2017","51,497.16","51,607.08","51,806.13","51,354.54","186.23M","-0.22%"
"02/24/2017","51,609.86","51,830.59","52,027.13","51,531.56","224.37M","-1.10%"
"02/23/2017","52,183.10","51,900.39","52,354.36","51,640.16","281.20M","0.18%"
"02/22/2017","52,088.56","52,651.22","52,744.94","51,939.20","278.93M","-0.95%"
"02/21/2017","52,586.61","52,661.88","52,700.01","52,286.24","251.04M","0.05%"
"02/20/2017","52,558.61","52,317.09","52,691.66","52,317.09","182.56M","0.64%"
"02/17/2017","52,223.54","52,439.77","52,481.65","52,212.69","208.91M","-0.69%"
"02/16/2017","52,586.37","52,571.79","52,642.10","52,264.66","","0.19%"
"02/15/2017","52,485.16","52,686.88","52,686.88","52,323.55","249.19M","0.04%"
"02/14/2017","52,465.64","52,821.03","52,886.01","52,332.66","244.69M","-0.93%"
"02/13/2017","52,956.71","52,811.34","53,119.41","52,792.09","203.61M","0.51%"
"02/10/2017","52,687.29","52,261.25","52,687.29","52,214.24","309.55M","1.51%"
"02/09/2017","51,904.34","51,919.60","52,225.81","51,820.36","227.23M","0.19%"
"02/08/2017","51,803.48","52,149.99","52,182.85","51,706.02","239.86M","-0.73%"
"02/07/2017","52,181.91","52,181.34","52,181.91","51,876.60","199.88M","0.06%"
"02/06/2017","52,151.16","52,346.06","52,516.75","52,113.79","176.88M","-0.22%"
"02/03/2017","52,265.16","52,520.59","52,528.49","52,186.96","210.58M","-0.86%"
"02/02/2017","52,719.58","52,973.53","53,011.10","52,646.27","272.68M","-0.72%"
"02/01/2017","53,104.12","53,115.48","53,287.26","52,960.97","251.86M","0.60%"
"01/31/2017","52,788.12","52,482.51","52,960.49","52,373.03","216.67M","0.24%"
"01/30/2017","52,660.94","52,997.77","53,017.91","52,570.58","204.79M","-0.59%"
"01/27/2017","52,973.83","53,444.17","53,480.69","52,843.29","230.57M","-0.81%"
"01/26/2017","53,405.74","53,433.74","53,569.74","53,160.04","255.89M","0.29%"
"01/25/2017","53,250.79","53,588.30","53,738.29","53,243.72","231.17M","-0.17%"
"01/24/2017","53,342.04","53,186.65","53,342.04","53,046.76","257.43M","0.57%"
"01/23/2017","53,040.48","52,550.44","53,040.48","52,470.54","188.16M","0.97%"
"01/20/2017","52,532.26","52,802.36","52,802.36","52,399.33","179.53M","-0.70%"
"01/19/2017","52,900.77","52,905.12","53,072.65","52,778.35","205.98M","-0.06%"
"01/18/2017","52,933.28","52,969.74","53,149.05","52,762.03","238.76M","0.22%"
"01/17/2017","52,817.73","52,890.44","53,144.64","52,732.56","303.64M","-0.64%"
"01/16/2017","53,158.54","52,636.34","53,188.77","52,570.37","219.76M","0.69%"
"01/13/2017","52,794.81","52,482.89","52,838.19","52,430.30","205.43M","0.67%"
"01/12/2017","52,444.36","52,408.55","52,837.16","52,322.88","240.33M","0.01%"
"01/11/2017","52,437.91","51,744.50","52,443.97","51,662.46","260.38M","1.35%"
"01/10/2017","51,740.17","51,270.18","51,787.55","51,075.11","179.37M","1.35%"
"01/09/2017","51,049.71","51,299.62","51,571.45","50,990.91","136.16M","-0.32%"
"01/06/2017","51,216.00","50,598.24","51,280.84","50,419.46","141.74M","1.47%"
"01/05/2017","50,474.95","50,874.55","51,038.87","50,338.30","161.90M","-0.56%"
"01/04/2017","50,760.24","50,930.32","51,021.92","50,367.97","175.30M","-0.51%"
"01/03/2017","51,020.66","50,851.51","51,119.06","50,851.51","152.08M","0.72%"
"12/30/2016","50,653.54","50,764.35","50,812.52","50,456.59","83.81M","-0.06%"
"12/29/2016","50,682.08","50,429.23","50,754.06","50,322.60","111.51M","0.71%"
"12/28/2016","50,322.72","49,786.78","50,465.63","49,786.78","114.69M","1.87%"
"12/23/2016","49,400.56","49,814.25","49,814.25","49,340.38","54.55M","-0.87%"
"12/22/2016","49,833.77","50,203.07","50,203.07","49,761.97","127.42M","-0.66%"
"12/21/2016","50,163.92","50,359.22","50,359.22","50,136.15","","-0.36%"
"12/20/2016","50,343.24","49,877.39","50,410.75","49,877.39","","0.93%"
"12/19/2016","49,880.99","50,093.60","50,266.10","49,880.99","208.21M","0.38%"
"12/15/2016","49,691.31","50,389.04","50,530.27","49,691.31","","-2.02%"
"12/14/2016","50,716.25","50,987.29","51,072.40","50,583.88","255.79M","-0.24%"
"12/13/2016","50,839.25","50,414.17","50,849.82","50,385.01","270.60M","0.62%"
"12/12/2016","50,527.86","50,837.17","51,211.03","50,432.01","229.83M","-0.73%"
"12/09/2016","50,899.92","50,312.82","50,900.39","50,269.60","234.23M","0.71%"
"12/08/2016","50,543.44","49,896.75","50,543.44","49,830.82","274.40M","2.16%"
"12/07/2016","49,476.06","49,180.09","49,548.19","49,126.36","234.79M","1.10%"
"12/06/2016","48,935.90","49,769.15","49,842.86","48,935.90","215.16M","-1.56%"
"12/05/2016","49,713.56","49,260.95","49,876.45","49,000.55","253.51M","0.93%"
"12/02/2016","49,256.10","49,621.91","49,666.83","49,054.41","287.60M","-1.34%"
"12/01/2016","49,927.00","50,329.40","50,471.51","49,650.28","415.50M","-0.56%"
"11/30/2016","50,209.43","50,242.15","50,532.42","50,052.11","342.46M","0.10%"
"11/29/2016","50,157.28","50,262.58","50,642.07","50,154.93","264.28M","-0.07%"
"11/28/2016","50,193.64","50,776.58","50,982.26","50,193.64","210.61M","-0.99%"
"11/25/2016","50,696.10","50,695.54","50,696.10","50,297.42","160.26M","0.27%"
"11/24/2016","50,561.43","50,835.66","50,865.81","50,417.34","197.05M","-0.11%"
"11/23/2016","50,616.43","51,187.86","51,374.22","50,517.73","246.06M","-0.98%"
"11/22/2016","51,117.74","51,033.89","51,242.64","51,033.89","274.15M","1.03%"
"11/21/2016","50,596.52","50,510.30","50,886.43","50,412.74","200.32M","-0.06%"
"11/18/2016","50,626.06","50,580.05","50,888.96","50,533.30","196.08M","0.02%"
"11/17/2016","50,617.57","49,937.07","50,617.57","49,903.53","243.45M","1.23%"
"11/16/2016","50,004.82","49,869.19","50,220.45","49,816.19","262.43M","1.16%"
"11/15/2016","49,430.21","49,782.05","49,943.06","49,402.14","245.23M","-0.61%"
"11/14/2016","49,731.89","50,067.75","50,900.18","49,731.89","285.69M","-1.12%"
"11/11/2016","50,294.72","50,948.31","51,038.98","50,294.72","349.56M","-2.33%"
"11/10/2016","51,493.00","51,354.27","51,858.93","51,354.27","318.97M","1.01%"
"11/09/2016","50,977.85","49,557.41","51,017.77","49,451.19","228.82M","0.55%"
"11/08/2016","50,700.70","50,369.94","50,923.61","50,369.94","244.09M","0.79%"
"11/07/2016","50,303.77","50,146.76","50,339.42","49,970.67","186.44M","1.24%"
"11/04/2016","49,686.10","49,996.23","49,996.23","49,610.90","254.65M","-1.10%"
"11/03/2016","50,239.27","50,300.11","50,314.42","50,003.69","311.59M","-0.29%"
"11/02/2016","50,384.87","50,566.51","50,641.68","50,211.69","256.48M","-1.21%"
"11/01/2016","51,002.69","50,704.69","51,037.84","50,704.69","222.96M","0.82%"
"10/31/2016","50,590.08","50,806.62","50,845.47","50,532.60","271.44M","-0.41%"
"10/28/2016","50,797.70","51,008.38","51,008.38","50,586.58","207.67M","-0.67%"
"10/27/2016","51,139.66","51,443.21","51,443.21","51,065.17","205.46M","-0.80%"
"10/26/2016","51,552.32","51,421.56","51,552.32","51,245.12","169.19M","-0.38%"
"10/25/2016","51,749.86","51,891.01","51,955.41","51,577.62","202.89M","0.13%"
"10/24/2016","51,683.39","51,840.70","52,095.05","51,637.62","200.71M","0.10%"
"10/21/2016","51,629.23","51,644.31","51,881.62","51,605.16","226.26M","0.41%"
"10/20/2016","51,420.66","51,749.50","51,755.50","51,335.10","162.00M","-0.16%"
"10/19/2016","51,504.87","51,109.28","51,540.50","51,109.28","220.41M","0.74%"
"10/18/2016","51,126.79","51,012.65","51,363.09","51,012.65","237.80M","0.70%"
"10/17/2016","50,769.01","51,056.71","51,217.99","50,732.34","177.89M","-0.74%"
"10/14/2016","51,146.78","50,911.53","51,326.32","50,750.78","251.08M","1.29%"
"10/13/2016","50,494.51","51,185.36","51,186.64","50,460.75","339.37M","-2.04%"
"10/12/2016","51,548.13","51,800.49","52,084.86","51,445.89","259.02M","-0.68%"
"10/11/2016","51,898.82","51,676.44","52,160.26","51,676.44","399.30M","0.43%"
"10/10/2016","51,675.51","51,560.18","51,812.79","51,432.17","214.75M","0.03%"
"10/07/2016","51,662.07","51,677.23","51,951.65","51,359.15","239.27M","0.10%"
"10/06/2016","51,610.78","51,928.40","52,142.60","51,610.78","271.23M","-0.50%"
"10/05/2016","51,868.53","51,776.17","51,938.66","51,647.56","217.32M","-0.33%"
"10/04/2016","52,040.85","51,723.40","52,224.23","51,677.91","248.35M","0.74%"
"10/03/2016","51,658.99","52,037.93","52,127.45","51,658.99","193.10M","-0.56%"
"09/30/2016","51,949.83","52,088.75","52,379.50","51,949.83","327.51M","-1.42%"
"09/29/2016","52,698.58","52,380.56","52,808.91","52,380.56","455.68M","1.79%"
"09/28/2016","51,773.50","50,982.10","51,920.47","50,982.10","248.06M","1.72%"
"09/27/2016","50,899.66","51,554.33","51,594.10","50,899.66","","-1.13%"
"09/26/2016","51,479.80","51,677.30","51,677.30","51,108.97","256.93M","-1.00%"
"09/23/2016","51,999.45","51,722.01","52,036.14","51,609.97","256.93M","0.20%"
"09/22/2016","51,895.18","51,132.91","51,895.18","50,968.04","282.85M","2.24%"
"09/21/2016","50,757.82","51,365.17","51,365.17","50,757.82","246.58M","-1.13%"
"09/20/2016","51,335.75","51,792.37","51,806.45","51,324.66","258.57M","-1.23%"
"09/19/2016","51,975.89","51,851.56","52,083.60","51,776.05","219.44M","0.28%"
"09/16/2016","51,832.55","52,307.67","52,317.81","51,832.55","452.82M","-0.65%"
"09/15/2016","52,174.26","52,607.75","52,651.47","52,026.47","555.71M","-0.62%"
"09/14/2016","52,501.97","52,462.48","52,695.89","52,330.76","223.64M","-0.58%"
"09/13/2016","52,805.96","52,975.71","53,053.00","52,679.35","251.46M","0.01%"
"09/12/2016","52,802.00","52,430.65","52,830.66","52,241.55","241.77M","-1.02%"
"09/09/2016","53,347.30","53,528.03","53,581.63","53,281.19","277.10M","0.18%"
"09/08/2016","53,250.25","53,373.04","53,394.17","53,052.75","341.68M","-0.39%"
"09/07/2016","53,456.43","53,504.63","53,593.29","53,311.90","239.53M","-0.42%"
"09/06/2016","53,680.43","53,731.12","53,731.12","53,464.50","269.38M","0.11%"
"09/05/2016","53,622.00","53,787.24","53,986.89","53,463.49","217.65M","0.23%"
"09/02/2016","53,500.07","52,772.79","53,500.07","52,772.79","240.00M","1.65%"
"09/01/2016","52,631.33","52,882.05","52,913.01","52,570.32","366.43M","-0.19%"
"08/31/2016","52,733.12","53,123.52","53,275.28","52,682.65","","-1.34%"
"08/30/2016","53,448.69","53,726.87","53,838.01","53,435.40","227.76M","-0.22%"
"08/29/2016","53,563.93","53,403.98","53,619.72","53,238.89","169.14M","0.11%"
"08/26/2016","53,506.62","53,507.74","53,610.61","53,200.59","224.09M","0.04%"
"08/25/2016","53,482.88","53,485.80","53,617.65","53,194.47","260.02M","-0.15%"
"08/24/2016","53,562.80","53,368.50","53,688.85","53,228.57","372.05M","1.14%"
"08/23/2016","52,957.80","52,857.75","53,024.78","52,688.51","211.36M","0.24%"
"08/22/2016","52,828.93","52,854.58","52,993.62","52,667.48","157.46M","0.11%"
"08/19/2016","52,771.95","53,091.86","53,330.35","52,706.56","210.80M","-0.41%"
"08/18/2016","52,989.66","52,393.66","53,010.70","52,393.66","192.15M","1.30%"
"08/17/2016","52,309.70","52,742.10","52,742.10","52,088.70","249.33M","-0.17%"
"08/16/2016","52,396.40","52,427.16","52,908.50","52,287.47","272.10M","0.00%"
"08/15/2016","52,397.97","52,967.74","52,979.67","52,397.97","201.61M","-0.77%"
"08/12/2016","52,806.50","52,660.05","53,071.88","52,660.05","230.10M","0.93%"
"08/11/2016","52,321.78","52,209.66","52,324.15","51,875.17","224.69M","0.20%"
"08/10/2016","52,218.61","52,193.86","52,503.06","52,140.10","334.90M","-0.51%"
"08/08/2016","52,486.65","52,414.84","52,602.01","52,299.38","152.29M","0.26%"
"08/05/2016","52,348.36","52,638.93","52,776.59","52,310.28","221.17M","-0.37%"
"08/04/2016","52,543.37","52,558.72","52,842.42","52,404.49","256.34M","0.02%"
"08/02/2016","52,532.76","52,890.66","52,911.98","52,460.59","","-1.12%"
"08/01/2016","53,126.80","53,296.85","53,371.99","53,035.25","","0.62%"
"07/29/2016","52,797.58","53,343.95","53,343.95","52,795.82","","-0.91%"
"07/28/2016","53,282.16","53,624.61","53,939.33","53,256.00","","-0.90%"
"07/27/2016","53,764.26","53,802.63","53,884.74","53,483.68","","0.24%"
"07/26/2016","53,638.04","53,491.17","53,745.29","53,271.56","","0.65%"
"07/25/2016","53,292.52","53,073.89","53,666.97","53,073.89","","0.54%"
"07/22/2016","53,005.22","52,661.17","53,006.40","52,610.41","","0.06%"
"07/21/2016","52,974.03","53,018.23","53,070.82","52,752.23","","0.26%"
"07/20/2016","52,837.86","52,761.24","52,939.71","52,467.20","240.48M","-0.10%"
"07/19/2016","52,892.92","52,733.39","52,902.94","52,444.82","226.27M","-0.29%"
"07/18/2016","53,046.31","52,900.07","53,046.31","52,701.55","151.12M","-0.08%"
"07/15/2016","53,088.46","52,710.36","53,147.86","52,604.31","197.04M","0.48%"
"07/14/2016","52,837.03","52,835.97","53,001.11","52,564.48","246.50M","0.04%"
"07/13/2016","52,814.88","52,712.03","52,914.40","52,620.27","219.49M","0.51%"
"07/12/2016","52,547.52","52,069.89","52,623.21","52,069.89","272.78M","0.72%"
"07/11/2016","52,170.37","51,834.07","52,170.37","51,582.92","186.45M","1.74%"
"07/08/2016","51,276.40","50,935.68","51,397.10","50,806.51","165.89M","0.35%"
"07/07/2016","51,097.48","51,206.56","51,526.21","51,097.48","211.24M","0.56%"
"07/06/2016","50,811.66","51,401.57","51,557.63","50,786.74","300.62M","-1.66%"
"07/05/2016","51,670.16","52,324.39","52,360.14","51,670.16","244.39M","-1.49%"
"07/04/2016","52,454.24","52,721.73","52,817.69","52,355.11","181.78M","0.18%"
"07/01/2016","52,357.50","52,674.68","52,708.65","51,820.55","238.47M","0.27%"
"06/30/2016","52,217.72","52,047.49","52,684.99","51,969.81","277.66M","0.63%"
"06/29/2016","51,890.42","51,345.72","52,018.96","51,243.87","257.79M","1.47%"
"06/28/2016","51,141.14","50,589.81","51,490.79","50,589.81","296.88M","2.11%"
"06/27/2016","50,086.68","51,523.26","51,523.26","50,017.98","327.40M","-3.08%"
"06/24/2016","51,679.66","51,709.73","51,960.83","50,747.56","360.72M","-3.56%"
"06/23/2016","53,585.53","53,473.88","53,927.30","53,201.31","216.85M","0.05%"
"06/22/2016","53,557.20","53,130.65","53,690.95","53,121.00","231.36M","1.14%"
"06/21/2016","52,955.18","52,799.83","53,002.75","52,588.93","218.23M","-0.15%"
"06/20/2016","53,032.14","52,794.98","53,036.97","52,648.94","232.03M","1.71%"
"06/17/2016","52,140.61","51,754.83","52,150.05","51,667.25","298.24M","0.22%"
"06/15/2016","52,026.71","51,798.52","52,026.71","51,530.99","491.99M","1.23%"
"06/14/2016","51,394.31","52,221.09","52,221.09","51,394.31","278.89M","-2.13%"
"06/13/2016","52,511.52","52,689.75","52,873.46","52,510.34","254.44M","-1.25%"
"06/10/2016","53,175.15","53,390.19","53,390.19","53,004.39","276.61M","-0.33%"
"06/09/2016","53,353.87","53,909.42","53,942.55","53,297.08","220.57M","-1.12%"
"06/08/2016","53,960.18","54,140.96","54,295.51","53,854.91","220.09M","-0.64%"
"06/07/2016","54,305.73","54,209.11","54,422.24","53,963.48","226.34M","0.58%"
"06/06/2016","53,990.76","53,955.02","54,177.73","53,654.31","232.68M","-0.50%"
"06/03/2016","54,259.36","53,857.24","54,259.36","53,810.05","255.04M","1.01%"
"06/02/2016","53,716.91","53,613.48","54,023.81","53,563.48","215.03M","0.37%"
"06/01/2016","53,518.36","53,556.00","53,815.70","53,478.98","268.61M","-0.72%"
"05/31/2016","53,905.21","54,666.61","54,704.22","53,905.21","546.82M","-1.04%"
"05/30/2016","54,474.09","54,049.66","54,501.32","54,030.30","120.06M","0.68%"
"05/27/2016","54,105.37","54,213.80","54,266.17","53,919.41","193.36M","0.34%"
"05/26/2016","53,921.00","53,782.46","54,393.13","53,782.46","247.11M","0.37%"
"05/25/2016","53,721.88","53,283.29","53,828.62","53,278.82","254.99M","1.27%"
"05/24/2016","53,050.76","52,563.84","53,169.72","52,431.86","261.36M","0.80%"
"05/23/2016","52,628.62","52,580.89","52,628.62","52,219.55","","-0.02%"
"05/20/2016","52,638.25","52,470.92","53,057.01","52,470.92","261.97M","0.51%"
"05/19/2016","52,370.10","52,322.09","52,617.86","52,094.91","191.05M","-0.81%"
"05/18/2016","52,797.23","52,350.69","52,899.14","52,267.87","259.02M","0.51%"
"05/17/2016","52,528.84","52,775.84","53,001.81","52,223.85","244.78M","0.22%"
"05/16/2016","52,412.68","52,005.37","52,496.14","51,933.02","200.32M","1.57%"
"05/13/2016","51,602.55","51,331.77","51,602.55","50,923.42","230.77M","0.28%"
"05/12/2016","51,458.48","51,893.29","51,944.62","51,458.48","199.96M","-1.29%"
"05/11/2016","52,130.34","52,139.46","52,425.91","51,962.12","182.37M","0.49%"
"05/10/2016","51,875.26","51,641.61","51,891.22","51,522.46","214.46M","1.03%"
"05/09/2016","51,348.72","51,465.16","52,048.84","51,348.72","225.29M","-0.13%"
"05/06/2016","51,417.38","51,825.71","51,825.71","51,306.96","256.35M","-0.99%"
"05/05/2016","51,933.80","51,672.58","52,258.53","51,417.89","396.35M","0.12%"
"05/04/2016","51,873.50","51,708.98","52,098.08","51,478.23","275.17M","-0.07%"
"05/03/2016","51,912.11","53,203.53","53,203.53","51,892.13","266.81M","-1.97%"
"04/29/2016","52,957.32","53,094.83","53,133.79","52,795.41","241.32M","-0.50%"
"04/28/2016","53,223.98","53,348.50","53,591.31","53,159.56","241.18M","0.30%"
"04/26/2016","53,062.95","52,883.25","53,168.24","52,768.89","192.86M","0.15%"
"04/25/2016","52,985.31","52,955.53","53,031.91","52,401.06","153.51M","0.11%"
"04/22/2016","52,925.75","53,275.60","53,275.60","52,820.66","202.04M","-0.75%"
"04/21/2016","53,323.58","53,780.10","54,039.17","53,191.38","249.97M","-0.87%"
"04/20/2016","53,789.75","53,173.78","53,789.75","52,975.56","260.72M","0.77%"
"04/19/2016","53,380.94","53,365.53","53,434.02","53,107.70","212.07M","0.40%"
"04/18/2016","53,166.59","52,687.85","53,166.59","52,516.00","187.84M","0.24%"
"04/15/2016","53,038.91","52,906.70","53,042.16","52,537.23","169.04M","0.36%"
"04/14/2016","52,848.00","52,908.74","53,064.99","52,667.74","238.63M","-0.17%"
"04/13/2016","52,938.24","52,578.30","53,528.02","52,578.30","306.00M","1.69%"
"04/12/2016","52,059.76","51,472.47","52,059.76","51,341.23","288.25M","1.23%"
"04/11/2016","51,428.08","51,412.73","51,639.25","51,091.44","198.43M","0.01%"
"04/08/2016","51,424.48","51,230.48","51,551.57","51,031.00","223.81M","0.54%"
"04/07/2016","51,146.82","51,540.29","51,540.29","51,029.36","268.78M","-0.07%"
"04/06/2016","51,184.32","51,562.97","51,566.67","51,098.74","263.03M","-0.08%"
"04/05/2016","51,226.09","51,576.04","51,576.04","50,996.33","199.19M","-1.29%"
"04/04/2016","51,895.14","51,471.05","51,963.76","51,334.32","181.87M","0.60%"
"04/01/2016","51,584.13","51,772.56","51,817.32","51,290.50","229.13M","-1.27%"
"03/31/2016","52,250.28","52,295.36","52,436.39","51,800.57","286.61M","-0.47%"
"03/30/2016","52,495.46","52,057.21","52,659.64","52,039.33","259.84M","1.37%"
"03/29/2016","51,787.20","52,382.36","52,562.82","51,724.61","209.37M","-1.03%"
"03/24/2016","52,323.78","52,451.32","52,451.32","51,718.43","214.01M","-0.47%"
"03/23/2016","52,569.55","53,108.92","53,165.39","52,446.86","239.24M","-1.54%"
"03/22/2016","53,392.86","53,618.46","53,618.46","52,953.63","257.08M","-0.80%"
"03/18/2016","53,824.28","53,082.97","53,826.58","53,082.97","405.42M","1.19%"
"03/17/2016","53,190.56","52,920.55","53,606.92","52,795.98","574.61M","0.96%"
"03/16/2016","52,685.70","52,238.59","52,708.17","52,210.21","213.58M","0.83%"
"03/15/2016","52,253.79","52,107.31","52,253.79","51,780.49","","-0.42%"
"03/14/2016","52,471.72","51,999.99","52,498.00","51,951.74","249.34M","1.41%"
"03/11/2016","51,739.83","51,865.94","51,909.05","51,304.57","266.34M","0.40%"
"03/10/2016","51,533.78","51,646.77","51,684.25","51,251.35","282.69M","0.10%"
"03/09/2016","51,484.46","52,070.38","52,319.09","51,445.94","272.12M","-1.46%"
"03/08/2016","52,247.84","52,523.42","52,776.20","52,220.26","297.01M","-0.81%"
"03/07/2016","52,673.79","52,239.42","52,679.07","51,927.71","287.39M","0.91%"
"03/04/2016","52,200.71","51,798.79","52,225.23","51,751.65","261.05M","0.80%"
"03/03/2016","51,787.01","51,055.06","51,839.89","51,027.70","315.28M","1.61%"
"03/02/2016","50,966.93","50,737.75","50,966.93","50,558.64","387.21M","1.30%"
"03/01/2016","50,315.09","49,463.87","50,408.58","49,462.03","274.27M","1.82%"
"02/29/2016","49,415.31","49,185.36","49,648.86","48,947.44","","-0.03%"
"02/26/2016","49,429.40","48,805.10","49,463.65","48,805.10","223.63M","2.18%"
"02/25/2016","48,373.17","48,250.09","48,575.26","48,073.11","252.07M","0.79%"
"02/24/2016","47,995.82","48,051.40","48,112.87","47,388.15","354.83M","-0.88%"
"02/23/2016","48,421.99","49,113.13","49,168.58","48,298.79","276.77M","-1.41%"
"02/22/2016","49,112.80","49,149.66","49,371.65","48,940.76","218.67M","0.35%"
"02/19/2016","48,940.43","49,898.46","49,898.46","48,659.80","278.17M","-1.84%"
"02/18/2016","49,857.70","50,199.23","50,434.36","49,786.83","337.93M","-0.36%"
"02/17/2016","50,039.31","49,420.91","50,166.13","49,306.65","287.34M","1.32%"
"02/16/2016","49,387.10","49,844.08","50,226.37","49,377.24","216.31M","-0.93%"
"02/15/2016","49,851.95","49,074.31","49,851.95","49,074.31","250.06M","2.60%"
"02/12/2016","48,589.69","47,856.85","48,838.02","47,708.80","244.47M","2.48%"
"02/11/2016","47,411.57","48,071.45","48,108.68","47,275.30","289.82M","-1.78%"
"02/10/2016","48,273.24","48,324.33","48,796.71","48,063.35","257.21M","-0.15%"
"02/09/2016","48,344.75","49,116.75","49,171.95","48,231.82","283.46M","-2.19%"
"02/08/2016","49,429.59","49,626.18","49,882.27","49,170.12","227.73M","-0.65%"
"02/05/2016","49,753.29","49,631.92","49,880.14","49,231.25","237.37M","0.25%"
"02/04/2016","49,627.53","49,160.69","49,744.81","49,106.02","339.33M","2.25%"
"02/03/2016","48,535.48","47,753.66","48,789.46","47,725.76","254.24M","1.05%"
"02/02/2016","48,029.24","48,788.94","48,953.65","47,998.97","256.45M","-2.09%"
"02/01/2016","49,055.54","49,339.28","49,508.16","48,643.61","290.23M","-0.18%"
"01/29/2016","49,141.94","48,866.22","49,320.31","48,645.63","408.49M","0.90%"
"01/28/2016","48,702.61","47,894.47","49,028.78","47,894.47","303.23M","1.62%"
"01/27/2016","47,923.92","47,609.87","48,029.82","47,593.56","269.18M","0.82%"
"01/26/2016","47,532.40","46,806.77","47,654.36","46,582.05","292.63M","0.68%"
"01/25/2016","47,210.42","47,794.33","47,960.90","47,156.67","251.25M","-0.95%"
"01/22/2016","47,661.87","46,858.65","47,674.08","46,858.65","293.30M","2.98%"
"01/21/2016","46,282.02","46,377.39","46,430.88","45,975.78","280.98M","-0.10%"
"01/20/2016","46,329.78","46,741.53","46,841.75","46,093.27","285.03M","-2.73%"
"01/19/2016","47,627.76","47,377.05","47,959.55","47,377.05","248.79M","1.60%"
"01/18/2016","46,876.62","47,201.47","47,567.86","46,855.35","225.84M","-0.18%"
"01/15/2016","46,960.37","47,813.12","47,872.83","46,901.92","305.11M","-1.55%"
"01/14/2016","47,697.53","47,952.05","48,142.40","47,697.53","264.54M","-1.48%"
"01/13/2016","48,412.80","48,632.65","48,787.87","48,215.39","263.43M","0.03%"
"01/12/2016","48,396.18","47,998.10","48,764.57","47,883.86","306.36M","0.15%"
"01/11/2016","48,322.68","47,815.05","48,596.30","47,499.57","273.82M","0.45%"
"01/08/2016","48,104.68","48,410.85","48,509.68","47,923.76","205.34M","0.11%"
"01/07/2016","48,052.78","48,491.33","48,491.33","47,637.50","321.50M","-2.10%"
"01/06/2016","49,082.29","49,314.06","49,330.14","48,909.23","191.34M","-1.04%"
"01/05/2016","49,599.72","49,560.43","49,793.19","49,027.60","144.35M","0.57%"
"01/04/2016","49,316.61","50,275.72","50,275.72","49,265.41","149.20M","-2.72%"
"12/31/2015","50,693.76","50,887.39","51,006.38","50,603.23","54.36M","-0.22%"
"12/30/2015","50,805.13","51,018.85","51,149.82","50,777.29","89.15M","-0.31%"
"12/29/2015","50,964.44","51,249.63","51,312.73","50,789.47","102.62M","-0.44%"
"12/28/2015","51,188.72","51,221.20","51,618.61","50,655.41","72.15M","-0.26%"
"12/24/2015","51,324.01","50,589.75","51,407.42","50,589.75","54.48M","0.95%"
"12/23/2015","50,839.81","49,989.22","51,004.45","49,952.57","148.38M","2.13%"
"12/22/2015","49,780.33","49,146.22","49,804.48","49,140.77","153.82M","1.20%"
"12/21/2015","49,189.99","48,742.78","49,311.06","48,646.81","161.16M","0.97%"
"12/18/2015","48,717.28","49,453.22","49,453.22","48,703.72","375.34M","-1.99%"
"12/17/2015","49,706.29","48,965.48","49,807.77","48,965.48","661.82M","2.64%"
"12/15/2015","48,428.77","48,177.80","48,559.68","47,912.57","327.83M","0.72%"
"12/14/2015","48,081.71","47,518.39","49,099.07","47,493.13","407.64M","0.03%"
"12/11/2015","48,067.53","49,081.74","49,196.27","47,802.55","654.77M","-1.87%"
"12/10/2015","48,984.53","49,804.03","49,804.03","48,959.98","661.74M","-1.09%"
"12/09/2015","49,523.56","49,133.61","49,545.73","49,018.64","319.32M","0.90%"
"12/08/2015","49,083.80","49,344.74","49,474.28","49,010.47","291.04M","-1.56%"
"12/07/2015","49,860.74","49,505.51","50,239.83","49,505.51","255.82M","1.17%"
"12/04/2015","49,284.49","49,982.25","50,014.62","49,112.53","414.90M","-2.26%"
"12/03/2015","50,424.89","51,041.37","51,041.37","50,424.89","","-1.44%"
"12/02/2015","51,159.11","51,689.53","51,712.78","51,070.89","","-0.73%"
"12/01/2015","51,535.82","51,948.16","51,973.74","51,487.77","","-0.14%"
"11/30/2015","51,607.83","51,620.97","51,878.19","51,523.11","","-0.06%"
"11/27/2015","51,637.28","52,159.64","52,159.64","51,628.45","308.97M","-1.13%"
"11/26/2015","52,229.92","51,932.15","52,386.11","51,867.89","214.47M","0.61%"
"11/25/2015","51,914.55","51,895.53","52,060.57","51,629.53","235.10M","0.19%"
"11/24/2015","51,817.84","52,091.86","52,193.64","51,594.88","265.60M","-0.72%"
"11/23/2015","52,195.98","52,043.38","52,232.70","51,635.54","225.90M","-0.09%"
"11/20/2015","52,240.58","52,075.18","52,515.24","51,989.28","346.77M","0.24%"
"11/19/2015","52,116.26","51,861.22","52,335.81","51,861.22","240.17M","0.89%"
"11/18/2015","51,654.54","51,901.37","51,979.15","51,415.94","270.27M","-0.63%"
"11/17/2015","51,981.65","51,863.49","52,259.83","51,719.95","292.11M","0.84%"
"11/16/2015","51,547.38","51,054.24","51,723.50","50,989.15","","0.68%"
"11/13/2015","51,199.34","51,728.91","51,836.91","51,185.60","298.38M","-1.65%"
"11/12/2015","52,056.67","52,772.98","52,772.98","51,967.70","240.60M","-1.02%"
"11/11/2015","52,594.10","52,658.72","52,810.48","52,382.20","239.06M","0.05%"
"11/10/2015","52,565.50","53,289.60","53,289.60","52,392.82","249.41M","-1.51%"
"11/09/2015","53,371.23","53,095.13","53,371.23","53,021.60","191.01M","0.77%"
"11/06/2015","52,964.07","53,898.81","53,898.81","52,755.53","204.92M","-2.05%"
"11/05/2015","54,073.01","54,402.74","54,590.77","53,872.43","271.82M","-0.98%"
"11/04/2015","54,609.01","54,246.73","54,760.91","54,246.73","322.34M","0.99%"
"11/03/2015","54,076.07","54,045.86","54,095.43","53,724.19","197.06M","0.40%"
"11/02/2015","53,860.26","53,599.63","53,860.26","53,451.11","183.49M","0.12%"
"10/30/2015","53,793.74","53,627.09","53,863.28","53,396.23","194.65M","0.73%"
"10/29/2015","53,406.32","53,616.69","53,616.69","53,137.62","198.01M","-0.65%"
"10/28/2015","53,755.73","53,627.27","53,775.08","53,463.86","186.60M","-0.03%"
"10/27/2015","53,770.29","54,034.56","54,060.05","53,624.77","199.82M","-0.70%"
"10/26/2015","54,150.70","54,072.58","54,635.56","54,010.44","194.15M","-0.27%"
"10/23/2015","54,298.41","53,516.03","54,315.85","53,477.75","202.82M","1.88%"
"10/22/2015","53,293.97","52,907.22","53,534.49","52,907.22","226.96M","0.56%"
"10/21/2015","52,997.97","53,011.13","53,413.53","52,735.00","206.79M","0.22%"
"10/20/2015","52,880.16","52,921.00","52,921.00","52,525.93","219.91M","-0.57%"
"10/19/2015","53,184.07","52,881.20","53,184.07","52,700.96","211.23M","0.45%"
"10/16/2015","52,945.11","53,184.20","53,247.49","52,945.11","258.25M","-0.04%"
"10/15/2015","52,966.42","53,211.59","53,312.28","52,901.27","191.53M","-0.17%"
"10/14/2015","53,059.06","52,970.01","53,356.06","52,731.69","175.33M","-0.01%"
"10/13/2015","53,063.06","52,736.25","53,293.37","52,662.97","205.19M","0.58%"
"10/12/2015","52,757.60","53,459.79","53,561.54","52,667.80","231.71M","-1.01%"
"10/09/2015","53,295.64","53,124.62","53,626.62","52,945.53","242.49M","1.08%"
"10/08/2015","52,726.60","52,467.80","52,726.60","52,416.03","199.20M","0.31%"
"10/07/2015","52,565.42","52,591.07","52,733.43","52,325.69","280.34M","0.95%"
"10/06/2015","52,070.15","52,013.95","52,324.80","51,814.24","266.83M","0.00%"
"10/05/2015","52,071.31","51,596.90","52,071.31","51,388.38","195.90M","2.19%"
"10/02/2015","50,955.89","50,933.87","51,217.03","50,698.00","183.88M","0.87%"
"10/01/2015","50,516.58","50,522.40","50,841.70","50,418.03","250.86M","0.85%"
"09/30/2015","50,088.86","49,933.38","50,155.09","49,669.36","307.44M","1.43%"
"09/29/2015","49,383.93","49,227.41","49,682.73","49,066.78","209.89M","-0.22%"
"09/28/2015","49,490.81","50,419.98","50,536.24","49,402.79","171.49M","-1.67%"
"09/25/2015","50,331.12","50,470.01","50,638.23","50,263.47","182.55M","-0.10%"
"09/23/2015","50,381.63","49,714.09","50,458.77","49,714.09","204.26M","1.06%"
"09/22/2015","49,853.09","50,584.88","50,584.88","49,758.54","220.63M","-1.74%"
"09/21/2015","50,737.14","50,849.70","50,928.66","50,584.41","181.76M","-0.60%"
"09/18/2015","51,044.58","51,325.50","51,331.84","50,582.10","417.22M","-1.03%"
"09/17/2015","51,573.57","51,301.70","52,019.11","51,292.98","378.30M","1.07%"
"09/16/2015","51,029.24","49,946.72","51,145.24","49,934.52","258.25M","3.11%"
"09/15/2015","49,491.68","49,236.24","49,491.68","48,849.55","217.50M","0.25%"
"09/14/2015","49,366.60","49,187.79","49,513.36","48,982.55","222.83M","0.89%"
"09/11/2015","48,930.64","49,507.51","49,507.51","48,864.41","248.69M","-1.21%"
"09/10/2015","49,528.13","49,449.55","49,647.62","49,112.02","240.04M","-0.39%"
"09/09/2015","49,723.55","50,348.38","50,348.38","49,723.55","285.06M","0.30%"
"09/08/2015","49,573.49","49,266.94","49,685.98","49,266.94","221.27M","1.49%"
"09/07/2015","48,847.05","49,326.05","49,668.05","48,743.90","206.41M","-0.52%"
"09/04/2015","49,102.50","50,030.31","50,050.03","49,090.02","202.90M","-2.60%"
"09/03/2015","50,411.09","49,485.82","50,411.09","49,473.95","203.79M","2.40%"
"09/02/2015","49,228.77","48,839.53","49,577.83","48,839.53","221.13M","1.47%"
"09/01/2015","48,515.13","49,637.00","49,765.93","48,493.04","212.63M","-2.92%"
"08/31/2015","49,972.33","49,797.42","50,018.84","49,559.05","194.15M","0.01%"
"08/28/2015","49,966.80","49,518.79","49,966.80","49,370.81","205.01M","1.71%"
"08/27/2015","49,125.08","48,982.87","49,125.08","48,734.40","249.08M","1.58%"
"08/26/2015","48,359.24","48,522.20","48,828.59","48,240.76","248.59M","-1.27%"
"08/25/2015","48,980.84","48,150.35","49,233.12","47,837.58","290.35M","2.83%"
"08/24/2015","47,631.19","47,801.49","48,013.48","46,530.87","342.96M","-2.85%"
"08/21/2015","49,028.36","49,074.67","49,419.04","49,000.14","265.56M","-1.47%"
"08/20/2015","49,761.67","49,808.91","49,901.53","49,376.70","279.72M","-0.76%"
"08/19/2015","50,140.90","50,806.65","50,858.65","50,056.25","227.62M","-1.64%"
"08/18/2015","50,977.03","50,795.20","50,977.03","50,405.22","222.87M","0.45%"
"08/17/2015","50,751.10","51,016.38","51,159.91","50,569.68","179.98M","-0.14%"
"08/14/2015","50,821.18","51,375.37","51,531.15","50,746.30","148.22M","-1.08%"
"08/13/2015","51,375.44","51,295.02","51,557.93","51,119.39","172.85M","1.59%"
"08/12/2015","50,570.60","51,695.84","51,695.84","50,570.60","223.51M","-3.16%"
"08/11/2015","52,221.17","52,496.84","52,785.38","52,197.77","208.10M","0.40%"
"08/07/2015","52,014.96","52,404.94","52,603.01","52,014.96","163.15M","-0.86%"
"08/06/2015","52,464.59","52,639.10","52,691.67","52,243.25","213.19M","-0.59%"
"08/05/2015","52,774.21","52,539.17","52,930.56","52,539.17","194.69M","0.64%"
"08/04/2015","52,437.84","51,604.58","52,470.54","51,516.61","203.46M","1.57%"
"08/03/2015","51,629.67","51,836.17","51,949.63","51,506.02","175.38M","-0.81%"
"07/31/2015","52,053.27","51,979.23","52,110.70","51,644.97","307.16M","0.54%"
"07/30/2015","51,774.41","51,658.96","51,987.68","51,599.48","279.30M","0.34%"
"07/29/2015","51,598.54","51,179.00","51,624.73","50,934.15","231.42M","1.66%"
"07/28/2015","50,758.42","51,366.74","51,491.85","50,657.38","226.02M","-1.06%"
"07/27/2015","51,301.55","51,339.29","51,595.93","51,046.25","195.45M","-0.11%"
"07/24/2015","51,356.08","52,041.07","52,064.36","51,356.08","275.24M","-1.69%"
"07/23/2015","52,237.02","52,153.04","52,485.96","51,991.91","192.31M","0.50%"
"07/22/2015","51,977.56","52,563.99","52,563.99","51,770.42","239.27M","-1.75%"
"07/21/2015","52,901.42","53,031.70","53,231.02","52,802.75","186.84M","-0.16%"
"07/20/2015","52,988.32","52,799.58","53,060.86","52,708.48","171.72M","0.50%"
"07/17/2015","52,723.72","53,068.53","53,068.53","52,723.72","173.09M","-0.24%"
"07/16/2015","52,849.12","52,665.06","52,859.81","52,476.90","241.53M","0.61%"
"07/15/2015","52,531.13","52,268.22","52,595.78","52,268.22","253.19M","0.81%"
"07/14/2015","52,109.52","52,579.90","52,579.90","52,041.03","161.29M","-0.70%"
"07/13/2015","52,474.82","52,187.69","52,484.04","52,004.36","210.22M","1.30%"
"07/10/2015","51,800.70","51,972.84","52,002.33","51,649.85","264.79M","0.68%"
"07/09/2015","51,452.36","50,662.62","51,452.36","50,662.62","228.20M","2.42%"
"07/08/2015","50,235.76","49,594.00","50,235.76","49,592.40","226.73M","0.48%"
"07/07/2015","49,997.79","51,269.04","51,297.96","49,978.11","232.37M","-2.69%"
"07/06/2015","51,381.22","51,031.00","51,544.26","51,031.00","139.76M","-1.13%"
"07/03/2015","51,967.08","52,145.35","52,222.98","51,854.67","100.41M","-0.48%"
"07/02/2015","52,215.47","51,965.51","52,343.79","51,844.52","188.74M","0.63%"
"07/01/2015","51,888.04","51,877.16","52,142.10","51,703.02","177.89M","0.16%"
"06/30/2015","51,806.95","51,891.99","52,043.23","51,566.03","216.34M","-0.37%"
"06/29/2015","51,999.92","51,663.71","52,113.68","51,543.10","154.72M","-1.27%"
"06/26/2015","52,669.75","52,679.34","52,790.65","52,418.58","151.90M","-0.35%"
"06/25/2015","52,856.39","52,526.62","53,083.66","52,476.77","262.73M","0.14%"
"06/24/2015","52,783.85","52,697.03","52,966.77","52,623.58","200.39M","0.36%"
"06/23/2015","52,592.00","52,346.82","52,638.09","52,311.02","227.47M","0.77%"
"06/22/2015","52,189.32","51,996.10","52,281.16","51,938.59","191.39M","0.74%"
"06/19/2015","51,806.71","51,990.40","52,170.60","51,737.42","322.62M","-0.18%"
"06/18/2015","51,900.53","51,597.76","51,906.96","51,292.47","509.79M","0.59%"
"06/17/2015","51,595.66","51,604.06","51,845.33","51,465.77","264.38M","0.58%"
"06/15/2015","51,297.88","51,620.35","51,892.18","51,270.93","149.07M","-1.02%"
"06/12/2015","51,828.76","51,865.84","52,238.70","51,828.76","169.97M","-0.10%"
"06/11/2015","51,881.45","51,938.43","52,281.71","51,881.45","230.68M","-0.15%"
"06/10/2015","51,958.27","51,182.44","51,958.27","51,141.12","193.94M","1.72%"
"06/09/2015","51,080.26","51,484.78","51,546.70","51,018.56","196.46M","-1.05%"
"06/08/2015","51,623.30","51,543.94","51,747.38","51,365.17","170.63M","-0.14%"
"06/05/2015","51,694.25","51,148.44","51,756.56","51,126.28","177.84M","0.72%"
"06/04/2015","51,323.68","51,518.24","51,609.63","51,323.68","202.80M","-1.02%"
"06/03/2015","51,850.67","52,042.21","52,069.75","51,558.51","224.56M","-0.64%"
"06/02/2015","52,185.61","51,935.03","52,185.61","51,334.39","233.37M","0.21%"
"06/01/2015","52,073.88","52,335.25","52,547.30","51,990.18","198.95M","-0.38%"
"05/29/2015","52,270.86","52,829.60","52,836.84","52,270.86","405.96M","-1.02%"
"05/28/2015","52,810.36","52,638.10","53,127.38","52,484.59","263.29M","-0.23%"
"05/27/2015","52,933.34","52,861.51","52,933.34","52,413.65","252.83M","-0.06%"
"05/26/2015","52,963.39","54,100.20","54,172.79","52,963.39","211.81M","-1.89%"
"05/25/2015","53,985.66","54,148.62","54,216.68","53,896.32","88.26M","-0.13%"
"05/22/2015","54,055.38","54,136.12","54,294.48","54,031.54","172.10M","-0.13%"
"05/21/2015","54,123.89","54,106.73","54,260.98","53,918.66","188.13M","-0.13%"
"05/20/2015","54,192.07","54,199.40","54,334.38","53,970.06","188.83M","-0.25%"
"05/19/2015","54,327.13","54,549.87","54,549.87","54,169.14","223.56M","-0.15%"
"05/18/2015","54,409.43","54,256.09","54,409.43","54,059.43","217.60M","0.71%"
"05/15/2015","54,028.17","54,238.30","54,383.21","54,028.17","188.81M","0.29%"
"05/14/2015","53,874.59","54,109.31","54,109.31","53,874.59","198.45M","-0.33%"
"05/13/2015","54,053.92","54,136.05","54,271.08","54,053.92","249.09M","0.22%"
"05/12/2015","53,934.41","54,164.52","54,231.43","53,795.65","186.59M","-0.42%"
"05/11/2015","54,161.05","54,151.32","54,235.23","53,977.66","161.51M","0.69%"
"05/08/2015","53,790.57","53,907.52","53,935.77","53,657.11","174.39M","1.04%"
"05/07/2015","53,238.17","53,651.44","53,651.44","53,001.44","248.96M","-1.13%"
"05/06/2015","53,848.74","54,224.45","54,380.82","53,740.60","241.98M","-1.33%"
"05/05/2015","54,574.99","54,528.34","54,789.53","54,499.79","183.85M","-0.12%"
"05/04/2015","54,639.86","54,899.70","55,113.76","54,455.32","169.37M","0.37%"
"04/30/2015","54,440.43","54,500.26","54,816.67","54,314.52","211.48M","-0.19%"
"04/29/2015","54,541.74","55,071.90","55,156.46","54,425.92","247.39M","-0.90%"
"04/28/2015","55,039.29","55,252.01","55,252.01","54,855.35","965.48M","-0.27%"
"04/24/2015","55,188.34","54,962.46","55,355.12","54,928.03","207.54M","0.92%"
"04/23/2015","54,686.54","54,467.94","54,686.54","54,327.05","174.73M","0.75%"
"04/22/2015","54,281.56","54,143.85","54,362.44","53,914.95","170.13M","0.26%"
"04/21/2015","54,140.93","54,096.82","54,243.19","53,902.43","172.75M","0.56%"
"04/20/2015","53,839.71","53,691.57","53,980.02","53,611.32","142.37M","0.20%"
"04/17/2015","53,734.04","54,147.98","54,195.40","53,510.41","268.11M","-0.97%"
"04/16/2015","54,262.27","53,904.53","54,262.27","53,903.40","192.83M","1.01%"
"04/15/2015","53,720.57","53,367.13","53,720.57","53,343.60","191.23M","0.77%"
"04/14/2015","53,311.46","53,403.98","53,656.23","53,168.98","183.87M","-0.52%"
"04/13/2015","53,589.31","53,563.12","53,750.37","53,528.26","181.62M","0.32%"
"04/10/2015","53,420.78","53,133.54","53,420.78","53,087.40","156.36M","0.82%"
"04/09/2015","52,984.55","52,943.03","53,078.68","52,765.66","175.15M","0.34%"
"04/08/2015","52,806.00","52,729.81","52,953.80","52,595.30","181.16M","0.40%"
"04/07/2015","52,595.69","52,667.65","52,727.11","52,571.34","173.16M","0.70%"
"04/02/2015","52,229.32","52,299.54","52,446.12","52,148.89","200.10M","-0.10%"
"04/01/2015","52,281.14","52,023.78","52,281.14","51,921.30","218.61M","0.19%"
"03/31/2015","52,181.95","52,519.84","52,619.16","52,103.02","246.41M","-0.52%"
"03/30/2015","52,455.36","52,095.94","52,534.09","52,095.94","241.62M","1.25%"
"03/27/2015","51,810.16","51,700.15","51,821.12","51,456.24","186.67M","0.40%"
"03/26/2015","51,603.93","51,996.32","52,195.29","51,422.20","201.44M","-1.36%"
"03/25/2015","52,313.02","52,663.86","52,727.44","52,145.08","229.90M","-1.03%"
"03/24/2015","52,858.12","52,492.81","53,005.78","52,398.70","193.13M","0.57%"
"03/23/2015","52,559.35","52,870.88","52,886.96","52,481.36","186.67M","-0.14%"
"03/20/2015","52,631.78","52,803.17","52,803.17","52,465.81","471.29M","-0.21%"
"03/19/2015","52,741.02","52,862.38","53,301.90","52,741.02","355.18M","1.06%"
"03/18/2015","52,187.48","52,334.69","52,482.87","52,087.85","191.17M","-0.22%"
"03/17/2015","52,300.24","52,306.07","52,561.52","52,101.79","214.41M","0.31%"
"03/16/2015","52,139.15","51,855.68","52,156.41","51,721.58","180.34M","0.66%"
"03/13/2015","51,798.74","52,194.06","52,404.12","51,706.73","288.59M","-0.84%"
"03/12/2015","52,240.06","51,967.49","52,356.04","51,967.49","244.36M","0.94%"
"03/11/2015","51,753.07","52,043.99","52,214.86","51,649.27","318.86M","-0.64%"
"03/10/2015","52,088.54","52,605.99","52,626.61","51,919.42","","-1.00%"
"03/09/2015","52,614.08","52,887.39","53,027.63","52,610.90","201.54M","-1.37%"
"03/06/2015","53,346.99","53,246.14","53,432.76","53,042.35","253.89M","0.12%"
"03/05/2015","53,285.60","52,818.11","53,374.08","52,818.11","306.67M","0.75%"
"03/04/2015","52,891.30","53,032.36","53,218.78","52,833.50","215.29M","-0.45%"
"03/03/2015","53,130.34","53,055.69","53,198.77","52,871.30","231.51M","0.34%"
"03/02/2015","52,952.91","53,531.95","53,575.23","52,834.82","206.37M","-0.73%"
"02/27/2015","53,344.20","53,337.63","53,381.21","53,092.30","226.92M","0.02%"
"02/26/2015","53,331.16","53,330.51","53,373.11","53,002.66","169.17M","0.21%"
"02/25/2015","53,217.75","53,539.22","53,615.42","53,145.40","201.59M","-0.29%"
"02/24/2015","53,374.88","53,450.86","53,536.45","53,314.21","177.33M","0.07%"
"02/23/2015","53,336.46","53,249.72","53,385.70","53,075.94","165.57M","0.57%"
"02/20/2015","53,035.26","52,825.04","53,077.73","52,734.31","153.41M","0.38%"
"02/19/2015","52,835.55","52,571.04","52,870.76","52,315.77","177.96M","0.57%"
"02/18/2015","52,536.24","53,130.12","53,188.44","52,430.30","221.57M","-0.56%"
"02/17/2015","52,833.48","52,945.00","53,156.17","52,686.25","229.00M","-0.31%"
"02/16/2015","52,995.89","52,964.94","53,097.23","52,803.90","134.05M","0.05%"
"02/13/2015","52,967.63","52,761.90","52,984.63","52,699.09","191.49M","0.88%"
"02/12/2015","52,507.93","52,010.03","52,507.93","51,990.67","206.12M","0.84%"
"02/11/2015","52,069.30","52,139.80","52,274.26","52,027.60","179.66M","-0.08%"
"02/10/2015","52,109.54","52,209.01","52,342.30","51,928.18","218.53M","0.01%"
"02/09/2015","52,105.38","51,817.86","52,105.38","51,707.04","161.26M","0.21%"
"02/06/2015","51,998.32","51,852.44","52,035.84","51,621.31","174.86M","0.60%"
"02/05/2015","51,688.70","51,606.91","51,702.14","51,323.92","190.19M","0.11%"
"02/04/2015","51,630.82","52,064.03","52,154.75","51,565.41","251.38M","-0.61%"
"02/03/2015","51,949.33","51,720.16","52,139.10","51,493.76","203.96M","1.08%"
"02/02/2015","51,394.55","51,324.01","51,497.77","51,086.23","156.63M","0.25%"
"01/30/2015","51,266.81","51,022.68","51,353.37","50,970.88","243.47M","0.63%"
"01/29/2015","50,945.56","50,954.95","51,287.64","50,900.43","193.09M","-0.50%"
"01/28/2015","51,200.57","50,958.42","51,339.86","50,904.17","182.55M","0.97%"
"01/27/2015","50,711.09","50,509.29","50,979.73","50,451.83","218.96M","0.74%"
"01/26/2015","50,337.98","49,694.02","50,366.30","49,649.76","170.28M","1.05%"
"01/23/2015","49,816.57","50,214.96","50,302.17","49,727.29","177.92M","-0.11%"
"01/22/2015","49,872.69","49,982.01","50,343.09","49,822.26","226.18M","0.57%"
"01/21/2015","49,588.79","49,447.13","49,662.48","49,286.91","322.53M","0.94%"
"01/20/2015","49,124.77","49,079.55","49,299.31","49,010.92","179.92M","0.26%"
"01/19/2015","48,996.94","48,632.48","49,025.44","48,546.66","155.82M","1.11%"
"01/16/2015","48,458.25","48,299.27","48,530.28","48,155.14","184.38M","-0.14%"
"01/15/2015","48,524.25","48,506.08","48,879.12","47,960.31","221.28M","0.97%"
"01/14/2015","48,057.46","48,631.74","48,827.28","47,855.72","206.30M","-2.78%"
"01/13/2015","49,433.00","48,622.35","49,522.72","48,591.80","179.83M","1.99%"
"01/12/2015","48,468.39","48,910.14","49,281.67","48,468.39","159.37M","-0.98%"
"01/09/2015","48,950.50","49,695.89","49,695.89","48,950.50","153.64M","-1.30%"
"01/08/2015","49,595.44","49,230.74","49,595.44","48,918.98","129.90M","1.30%"
"01/07/2015","48,961.06","48,392.27","49,032.25","48,260.96","116.61M","0.75%"
"01/06/2015","48,598.19","48,197.56","48,598.19","47,964.95","134.10M","1.60%"
"01/05/2015","47,831.04","49,546.65","49,681.82","47,831.04","127.15M","-3.41%"
"01/02/2015","49,518.48","49,764.00","50,140.82","49,513.27","47.18M","-0.51%"
"12/31/2014","49,770.60","49,876.29","49,876.29","49,757.51","37.82M","0.03%"
"12/30/2014","49,755.61","50,100.26","50,100.26","49,735.40","65.97M","-0.99%"
"12/29/2014","50,254.08","49,668.40","50,254.08","49,656.58","62.85M","1.57%"
"12/24/2014","49,478.57","49,529.27","49,621.22","49,459.64","22.60M","-0.18%"
"12/23/2014","49,568.00","49,289.26","49,650.19","49,080.68","88.85M","0.46%"
"12/22/2014","49,339.32","49,514.80","49,834.11","49,238.85","117.95M","-0.10%"
"12/19/2014","49,386.71","49,634.54","49,797.22","49,210.20","264.63M","0.20%"
"12/18/2014","49,290.56","47,859.80","49,290.56","47,859.80","525.77M","4.25%"
"12/17/2014","47,282.48","46,926.18","47,456.83","46,898.60","287.11M","-0.24%"
"12/15/2014","47,397.44","47,522.65","47,887.89","47,266.81","167.91M","-1.34%"
"12/12/2014","48,043.19","48,005.08","48,115.50","47,732.53","218.37M","-0.14%"
"12/11/2014","48,110.52","48,311.98","48,701.04","48,110.52","228.11M","-1.30%"
"12/10/2014","48,745.43","48,772.23","48,925.43","48,647.80","233.94M","0.39%"
"12/09/2014","48,556.55","48,821.60","49,270.41","48,507.35","228.05M","-2.08%"
"12/08/2014","49,590.20","49,474.59","49,592.46","49,046.22","184.51M","0.17%"
"12/05/2014","49,506.59","49,440.58","49,632.94","49,357.00","237.18M","0.23%"
"12/04/2014","49,392.59","50,004.99","50,122.31","49,283.07","210.49M","-0.93%"
"12/03/2014","49,857.18","49,494.78","49,880.31","49,272.46","191.27M","0.54%"
"12/02/2014","49,591.43","49,338.34","49,593.62","48,992.04","199.99M","1.50%"
"12/01/2014","48,858.76","49,188.87","49,328.46","48,068.13","259.21M","-2.11%"
"11/28/2014","49,911.37","50,146.79","50,365.55","49,903.26","198.16M","-1.28%"
"11/27/2014","50,557.83","50,330.04","50,669.54","50,231.43","166.82M","0.40%"
"11/26/2014","50,355.78","50,580.56","50,580.56","50,217.35","200.79M","-0.30%"
"11/25/2014","50,507.59","50,815.31","50,831.86","50,278.11","450.97M","-0.43%"
"11/24/2014","50,727.22","50,711.69","50,972.21","50,511.56","185.47M","-0.25%"
"11/21/2014","50,855.09","49,515.27","50,855.09","49,450.01","216.75M","3.21%"
"11/20/2014","49,272.05","50,073.02","50,199.03","49,216.66","222.70M","-1.75%"
"11/19/2014","50,150.48","50,337.34","50,378.64","50,006.67","183.87M","-0.44%"
"11/18/2014","50,372.05","50,606.25","50,606.25","50,188.19","228.29M","-0.28%"
"11/17/2014","50,511.52","50,437.02","50,675.47","50,354.30","158.54M","-0.17%"
"11/14/2014","50,598.02","50,751.67","50,778.88","50,360.70","204.90M","0.02%"
"11/13/2014","50,588.40","50,617.06","50,748.76","50,423.02","171.66M","0.42%"
"11/12/2014","50,374.85","50,422.31","50,696.49","50,338.59","213.04M","0.04%"
"11/11/2014","50,355.38","50,453.89","50,508.93","50,308.66","192.28M","-0.25%"
"11/10/2014","50,484.09","50,157.84","50,494.88","50,100.16","208.81M","0.81%"
"11/07/2014","50,079.44","49,754.11","50,281.86","49,645.27","209.15M","0.99%"
"11/06/2014","49,587.24","49,685.46","49,685.46","49,409.15","174.32M","-0.26%"
"11/05/2014","49,717.07","49,869.07","49,876.32","49,605.97","180.69M","-0.14%"
"11/04/2014","49,788.32","49,955.85","50,077.44","49,661.38","180.08M","-0.47%"
"11/03/2014","50,022.64","49,682.58","50,050.52","49,588.62","167.51M","0.60%"
"10/31/2014","49,722.88","49,156.65","49,722.88","49,126.57","236.50M","2.18%"
"10/30/2014","48,660.44","48,992.51","49,149.04","48,505.61","206.24M","-0.93%"
"10/29/2014","49,116.76","48,783.66","49,162.10","48,710.22","199.75M","1.35%"
"10/28/2014","48,460.93","48,219.45","48,661.12","48,091.58","178.67M","0.85%"
"10/27/2014","48,051.05","47,914.12","48,408.71","47,674.87","149.62M","0.36%"
"10/24/2014","47,879.45","47,900.21","48,039.52","47,743.05","156.18M","-0.47%"
"10/23/2014","48,104.66","47,891.99","48,104.66","47,443.56","162.63M","-0.20%"
"10/22/2014","48,202.91","48,675.74","48,704.55","48,048.04","178.72M","-0.67%"
"10/21/2014","48,530.47","47,421.05","48,606.70","47,340.74","204.66M","1.96%"
"10/20/2014","47,599.25","48,046.11","48,046.11","47,573.15","163.00M","-0.50%"
"10/17/2014","47,836.69","46,996.24","47,884.49","46,891.44","281.46M","2.04%"
"10/16/2014","46,881.12","46,942.27","47,195.10","46,068.08","252.99M","0.45%"
"10/15/2014","46,673.38","47,761.23","47,761.94","46,358.62","299.53M","-2.13%"
"10/14/2014","47,686.85","47,329.59","47,839.18","47,004.73","183.64M","0.67%"
"10/13/2014","47,368.34","47,115.35","47,650.05","46,811.10","182.55M","0.59%"
"10/10/2014","47,092.24","47,497.34","47,736.15","47,092.24","196.04M","-2.16%"
"10/09/2014","48,133.52","48,668.86","48,869.80","48,095.61","201.91M","0.21%"
"10/08/2014","48,033.62","48,355.84","48,581.29","48,033.62","208.52M","-1.39%"
"10/07/2014","48,712.45","49,310.58","49,310.58","48,712.45","161.15M","-0.92%"
"10/06/2014","49,166.20","48,727.58","49,374.18","48,609.70","164.85M","1.14%"
"10/03/2014","48,613.19","48,562.18","48,754.10","48,407.22","","0.88%"
"10/02/2014","48,189.06","48,805.74","48,877.80","48,189.06","171.36M","-1.40%"
"10/01/2014","48,875.03","49,258.63","49,543.32","48,859.00","200.70M","-0.93%"
"09/30/2014","49,336.31","49,404.86","49,420.58","49,131.88","216.16M","-0.07%"
"09/29/2014","49,371.12","49,581.84","49,672.68","49,218.39","149.29M","-0.59%"
"09/26/2014","49,663.64","49,390.83","49,692.10","49,198.58","176.74M","0.32%"
"09/25/2014","49,503.55","50,418.23","50,418.23","49,466.96","181.82M","-1.10%"
"09/23/2014","50,053.91","50,627.79","50,627.79","49,809.32","202.41M","-0.85%"
"09/22/2014","50,485.53","51,155.32","51,155.32","50,485.53","176.21M","-1.90%"
"09/19/2014","51,462.42","51,873.90","51,902.92","51,462.42","262.91M","-0.16%"
"09/18/2014","51,547.02","51,241.03","51,578.03","51,136.43","285.72M","0.73%"
"09/17/2014","51,173.03","51,311.41","51,411.25","51,096.01","198.39M","-0.01%"
"09/16/2014","51,178.07","51,215.51","51,231.93","50,918.33","188.62M","-0.39%"
"09/15/2014","51,376.57","51,247.71","51,531.46","51,247.71","196.11M","0.25%"
"09/12/2014","51,247.71","51,503.96","51,521.78","51,128.66","189.08M","0.03%"
"09/11/2014","51,230.89","51,516.31","51,516.31","51,189.23","148.07M","-0.06%"
"09/10/2014","51,263.48","51,605.95","51,628.57","51,230.55","185.94M","-0.86%"
"09/09/2014","51,707.25","51,664.31","51,848.16","51,598.48","146.45M","0.19%"
"09/08/2014","51,610.13","51,590.80","51,866.65","51,574.69","159.23M","-0.35%"
"09/05/2014","51,789.40","52,029.79","52,030.01","51,575.45","144.15M","-0.56%"
"09/04/2014","52,081.22","51,702.62","52,081.22","51,702.62","195.32M","0.56%"
"09/03/2014","51,793.65","51,612.86","51,887.34","51,441.51","188.00M","0.64%"
"09/02/2014","51,462.57","51,141.30","51,534.39","51,141.30","166.54M","0.68%"
"09/01/2014","51,113.87","51,093.22","51,210.01","50,950.45","108.77M","0.30%"
"08/29/2014","50,959.02","51,131.40","51,131.40","50,804.61","200.39M","-0.34%"
"08/28/2014","51,133.13","51,466.89","51,466.89","51,099.24","155.55M","-0.92%"
"08/27/2014","51,610.42","51,731.98","51,862.77","51,536.64","188.70M","-0.23%"
"08/26/2014","51,729.68","51,387.89","51,729.68","51,362.44","148.56M","0.57%"
"08/25/2014","51,437.58","51,264.70","51,437.58","51,098.17","86.18M","0.47%"
"08/22/2014","51,197.16","51,514.59","51,537.98","51,096.93","154.42M","-0.48%"
"08/21/2014","51,443.43","51,376.96","51,582.37","51,187.48","316.02M","0.01%"
"08/20/2014","51,436.59","51,477.50","51,477.50","50,995.90","173.51M","0.14%"
"08/19/2014","51,363.37","51,600.58","51,805.86","51,253.20","157.88M","-0.40%"
"08/18/2014","51,572.19","51,353.11","51,600.05","51,353.11","137.98M","0.61%"
"08/15/2014","51,257.72","51,314.91","51,482.21","51,192.89","153.59M","0.36%"
"08/14/2014","51,073.90","51,146.10","51,296.29","51,066.17","194.68M","-0.38%"
"08/13/2014","51,266.51","51,546.54","51,736.13","51,183.22","243.14M","-0.35%"
"08/12/2014","51,449.01","51,537.64","51,711.29","51,431.32","127.23M","-0.14%"
"08/11/2014","51,523.27","50,989.43","51,591.29","50,978.88","132.84M","1.68%"
"08/08/2014","50,669.95","50,431.38","50,759.12","50,233.11","344.48M","-0.01%"
"08/07/2014","50,674.61","51,056.33","51,123.67","50,669.03","443.34M","-0.82%"
"08/06/2014","51,091.80","51,216.72","51,310.83","50,772.70","301.59M","-0.50%"
"08/05/2014","51,349.11","51,366.30","51,624.82","51,275.59","152.94M","0.21%"
"08/04/2014","51,239.56","50,952.78","51,318.89","50,897.07","152.65M","0.63%"
"08/01/2014","50,917.78","51,248.85","51,251.59","50,628.51","167.83M","-0.93%"
"07/31/2014","51,396.07","51,738.81","51,738.81","51,396.07","167.33M","-0.72%"
"07/30/2014","51,770.59","52,238.79","52,238.79","51,738.34","168.66M","-0.90%"
"07/29/2014","52,242.12","52,188.22","52,323.61","52,154.67","152.68M","0.61%"
"07/28/2014","51,927.57","51,748.02","51,999.90","51,748.02","135.06M","0.73%"
"07/25/2014","51,550.17","51,716.65","51,752.86","51,523.52","158.70M","-0.14%"
"07/24/2014","51,621.52","52,010.61","52,010.61","51,613.51","155.52M","-0.56%"
"07/23/2014","51,910.92","51,885.56","52,052.27","51,766.60","170.61M","-0.04%"
"07/22/2014","51,931.33","51,693.92","52,019.39","51,667.86","186.41M","0.99%"
"07/21/2014","51,420.81","51,672.80","51,721.63","51,354.97","576.26M","-0.53%"
"07/18/2014","51,695.05","51,660.99","51,753.40","51,339.76","144.91M","-0.18%"
"07/17/2014","51,789.74","52,038.07","52,038.07","51,605.12","115.97M","-0.55%"
"07/16/2014","52,076.90","51,739.38","52,183.37","51,677.21","179.49M","0.66%"
"07/15/2014","51,735.29","51,439.88","51,803.93","51,402.60","148.73M","0.38%"
"07/14/2014","51,540.88","51,327.12","51,655.94","51,321.27","137.24M","0.74%"
"07/11/2014","51,161.33","51,122.79","51,196.85","50,887.03","126.34M","0.33%"
"07/10/2014","50,994.46","51,522.76","51,522.76","50,699.06","161.15M","-0.79%"
"07/09/2014","51,401.46","51,457.88","51,480.27","51,205.73","147.78M","-0.40%"
"07/08/2014","51,608.33","51,829.00","51,854.84","51,490.02","175.44M","-0.52%"
"07/07/2014","51,877.11","52,004.40","52,125.99","51,749.22","155.18M","-0.35%"
"07/04/2014","52,060.03","51,929.46","52,060.03","51,864.08","138.74M","0.27%"
"07/03/2014","51,918.44","51,914.82","52,101.34","51,678.93","319.84M","0.07%"
"07/02/2014","51,883.71","51,661.45","51,978.38","51,628.32","163.78M","0.78%"
"07/01/2014","51,480.19","51,051.99","51,480.19","50,947.61","129.87M","1.05%"
"06/30/2014","50,945.26","50,605.43","50,945.26","50,578.06","140.68M","0.63%"
"06/27/2014","50,625.37","50,757.77","50,768.52","50,527.50","129.47M","-0.27%"
"06/26/2014","50,761.82","50,566.81","50,822.64","50,453.62","140.97M","0.82%"
"06/25/2014","50,350.61","50,714.85","50,763.05","50,190.40","136.36M","-1.06%"
"06/24/2014","50,890.92","51,058.86","51,113.67","50,733.67","577.39M","-0.33%"
"06/23/2014","51,058.27","51,206.75","51,235.39","50,842.65","121.31M","-0.52%"
"06/20/2014","51,322.67","51,247.67","51,397.11","51,234.42","249.31M","0.12%"
"06/19/2014","51,263.50","50,937.46","51,324.14","50,860.78","268.69M","1.12%"
"06/18/2014","50,693.95","51,015.57","51,040.49","50,654.01","164.61M","-0.43%"
"06/17/2014","50,911.05","50,903.97","50,917.08","50,733.96","188.40M","0.29%"
"06/13/2014","50,763.71","50,758.76","50,811.70","50,518.19","135.35M","0.33%"
"06/12/2014","50,596.17","50,719.65","50,719.65","50,488.51","161.86M","-0.12%"
"06/11/2014","50,659.44","50,824.99","50,993.35","50,659.44","180.09M","-0.15%"
"06/10/2014","50,736.42","50,267.08","50,736.42","50,193.30","191.57M","1.20%"
"06/09/2014","50,134.53","50,025.35","50,188.70","49,952.85","104.80M","0.40%"
"06/06/2014","49,933.99","50,073.80","50,120.69","49,873.01","140.86M","-0.13%"
"06/05/2014","50,000.43","49,875.96","50,018.61","49,729.71","169.10M","0.08%"
"06/04/2014","49,960.21","49,848.57","50,054.53","49,808.53","135.90M","0.05%"
"06/03/2014","49,936.54","49,819.00","49,936.54","49,685.54","183.57M","0.24%"
"06/02/2014","49,817.89","49,739.63","49,854.65","49,630.62","130.03M","0.37%"
"05/30/2014","49,632.70","49,684.16","49,803.52","49,599.85","336.77M","-0.19%"
"05/29/2014","49,726.64","49,723.69","49,778.08","49,519.68","133.71M","0.07%"
"05/28/2014","49,690.58","49,976.79","49,976.79","49,567.45","157.33M","-0.27%"
"05/27/2014","49,824.45","50,055.62","50,055.62","49,824.45","150.26M","-0.39%"
"05/26/2014","50,021.72","49,996.67","50,021.72","49,819.25","102.06M","0.14%"
"05/23/2014","49,952.69","49,914.91","50,065.89","49,834.22","164.62M","0.12%"
"05/22/2014","49,891.36","49,817.79","50,037.05","49,816.97","197.36M","0.49%"
"05/21/2014","49,648.12","49,518.94","49,648.12","49,427.19","138.93M","0.06%"
"05/20/2014","49,617.00","49,700.91","49,787.41","49,538.31","184.33M","0.22%"
"05/19/2014","49,507.48","49,250.79","49,615.33","49,120.86","142.20M","0.71%"
"05/16/2014","49,159.77","49,439.70","49,562.79","49,072.13","149.73M","-0.60%"
"05/15/2014","49,454.59","49,578.28","49,885.84","49,380.13","154.48M","-0.36%"
"05/14/2014","49,632.23","49,331.76","49,668.46","49,229.04","225.46M","0.88%"
"05/13/2014","49,199.70","49,368.51","49,407.95","49,071.90","162.66M","-0.08%"
"05/12/2014","49,239.29","49,136.73","49,327.96","49,038.89","174.19M","0.79%"
"05/09/2014","48,852.45","48,973.53","48,993.24","48,755.64","139.05M","-0.36%"
"05/08/2014","49,026.95","48,976.21","49,169.39","48,963.57","202.17M","0.17%"
"05/06/2014","48,942.02","49,061.03","49,061.03","48,736.28","177.15M","0.13%"
"05/05/2014","48,880.81","48,957.01","49,170.24","48,785.80","118.58M","-0.43%"
"05/02/2014","49,091.16","48,893.67","49,187.19","48,857.22","139.59M","0.45%"
"04/30/2014","48,870.10","48,769.54","48,924.30","48,743.26","198.02M","-0.13%"
"04/29/2014","48,935.36","48,865.47","48,935.36","48,611.60","164.23M","0.05%"
"04/25/2014","48,910.90","48,828.27","49,052.49","48,824.81","135.16M","-0.05%"
"04/24/2014","48,934.51","48,919.91","49,069.63","48,813.39","177.45M","0.59%"
"04/23/2014","48,647.62","48,643.31","48,909.82","48,643.31","169.66M","0.01%"
"04/22/2014","48,643.31","48,313.51","48,645.66","48,313.51","139.39M","0.58%"
"04/17/2014","48,362.22","48,156.42","48,362.22","48,006.66","143.07M","0.46%"
"04/16/2014","48,139.69","48,089.26","48,193.28","47,877.38","181.07M","0.73%"
"04/15/2014","47,789.76","48,112.88","48,238.11","47,746.11","186.63M","-0.88%"
"04/14/2014","48,213.26","48,040.82","48,248.83","47,922.68","165.69M","0.38%"
"04/11/2014","48,032.41","48,134.79","48,224.51","47,876.62","185.35M","-1.03%"
"04/10/2014","48,529.88","48,476.96","48,683.37","48,233.21","221.23M","0.49%"
"04/09/2014","48,291.88","48,207.70","48,515.63","48,207.70","222.07M","0.46%"
"04/08/2014","48,069.53","48,038.29","48,069.53","47,814.96","226.06M","0.44%"
"04/07/2014","47,857.95","47,844.50","48,107.33","47,798.22","195.11M","-1.01%"
"04/04/2014","48,347.75","48,278.68","48,409.11","48,188.82","218.71M","0.24%"
"04/03/2014","48,231.39","48,350.36","48,611.69","48,132.55","198.76M","-0.36%"
"04/02/2014","48,405.90","48,369.95","48,473.99","48,302.69","266.09M","0.63%"
"04/01/2014","48,104.98","47,925.73","48,262.95","47,878.84","189.22M","0.70%"
"03/31/2014","47,770.92","47,947.00","48,137.67","47,770.92","229.72M","-0.33%"
"03/28/2014","47,930.03","47,538.99","47,930.03","47,492.80","204.97M","1.16%"
"03/27/2014","47,380.98","47,193.57","47,426.54","47,191.39","193.81M","-0.57%"
"03/26/2014","47,652.89","47,545.32","47,766.64","47,545.32","188.40M","0.56%"
"03/25/2014","47,387.56","46,917.98","47,477.00","46,816.63","154.18M","1.09%"
"03/24/2014","46,875.37","46,708.40","47,011.40","46,700.42","174.08M","0.79%"
"03/20/2014","46,508.27","46,465.55","46,685.15","46,300.99","404.20M","-0.34%"
"03/19/2014","46,666.54","47,074.62","47,121.44","46,595.32","200.54M","-0.83%"
"03/18/2014","47,059.19","46,938.08","47,198.13","46,610.83","204.59M","0.52%"
"03/17/2014","46,816.65","46,273.71","46,847.12","46,204.53","160.74M","0.87%"
"03/14/2014","46,412.40","46,245.65","46,448.74","46,070.98","196.06M","-0.88%"
"03/13/2014","46,825.52","47,298.88","47,364.67","46,825.52","182.06M","-0.77%"
"03/12/2014","47,188.84","47,291.79","47,370.48","47,088.98","175.52M","-0.89%"
"03/11/2014","47,612.81","47,391.84","47,612.81","47,220.41","175.96M","0.61%"
"03/10/2014","47,322.46","47,354.58","47,531.71","47,168.98","146.74M","-0.97%"
"03/07/2014","47,786.77","47,866.16","48,002.23","47,766.95","162.78M","-0.07%"
"03/06/2014","47,819.53","47,615.06","47,884.79","47,492.72","172.09M","0.64%"
"03/05/2014","47,514.80","47,626.86","47,691.29","47,412.31","193.90M","-0.18%"
"03/04/2014","47,602.69","47,339.36","47,643.28","47,276.11","219.41M","0.99%"
"03/03/2014","47,138.32","46,896.71","47,138.32","46,824.12","134.29M","-0.40%"
"02/28/2014","47,328.92","47,164.45","47,328.92","46,991.57","241.33M","0.59%"
"02/27/2014","47,049.79","47,215.86","47,321.19","46,905.96","165.37M","0.07%"
"02/26/2014","47,017.19","47,108.65","47,160.75","46,900.94","171.02M","0.13%"
"02/25/2014","46,956.75","47,352.40","47,494.19","46,956.75","193.32M","-0.92%"
"02/24/2014","47,394.00","47,226.39","47,614.47","47,194.43","156.77M","-0.12%"
"02/21/2014","47,452.24","47,539.48","47,616.85","47,256.77","164.16M","0.64%"
"02/20/2014","47,149.35","47,339.09","47,339.09","47,041.41","177.46M","-0.61%"
"02/19/2014","47,438.31","47,296.23","47,438.31","47,174.19","184.84M","0.69%"
"02/18/2014","47,112.43","47,241.76","47,265.19","46,880.13","134.91M","0.18%"
"02/17/2014","47,027.54","46,826.65","47,175.98","46,824.52","147.34M","0.86%"
"02/14/2014","46,628.74","46,493.14","46,689.22","46,488.01","143.44M","0.82%"
"02/13/2014","46,251.77","46,322.27","46,539.07","46,146.84","176.26M","-0.37%"
"02/12/2014","46,425.11","46,073.65","46,430.30","46,029.80","188.05M","1.22%"
"02/11/2014","45,866.02","46,009.99","46,233.30","45,750.21","199.25M","-0.12%"
"02/10/2014","45,920.87","45,577.12","45,942.64","45,521.12","165.25M","1.28%"
"02/07/2014","45,340.76","45,174.38","45,385.17","45,038.73","185.57M","0.79%"
"02/06/2014","44,985.34","44,599.60","44,985.34","44,326.81","252.38M","1.14%"
"02/05/2014","44,477.18","44,388.26","44,571.86","44,220.99","195.97M","0.06%"
"02/04/2014","44,451.57","44,370.30","44,525.25","44,145.42","251.05M","-1.12%"
"02/03/2014","44,956.91","45,005.00","45,417.12","44,826.17","173.14M","-0.39%"
"01/31/2014","45,132.10","45,249.63","45,370.42","44,945.90","284.59M","-0.10%"
"01/30/2014","45,178.25","45,654.26","45,654.26","45,147.73","423.85M","-0.85%"
"01/29/2014","45,564.62","46,093.71","46,394.87","45,392.97","247.78M","-0.35%"
"01/28/2014","45,724.70","45,675.28","45,805.77","45,580.56","168.23M","-0.06%"
"01/27/2014","45,750.70","45,938.40","46,099.13","45,670.44","179.03M","-1.53%"
"01/24/2014","46,462.14","46,998.64","47,052.46","46,395.07","196.30M","-1.24%"
"01/23/2014","47,045.44","46,885.60","47,348.48","46,885.60","195.66M","0.09%"
"01/22/2014","47,000.95","46,971.09","47,000.95","46,766.78","149.60M","0.24%"
"01/21/2014","46,889.64","46,946.91","46,946.91","46,723.68","176.03M","-0.10%"
"01/20/2014","46,934.59","46,643.52","46,974.14","46,481.19","158.20M","0.55%"
"01/17/2014","46,675.88","46,798.01","46,966.36","46,646.37","221.16M","-0.11%"
"01/16/2014","46,728.46","46,470.81","46,798.02","46,110.96","154.96M","0.62%"
"01/15/2014","46,442.45","46,090.08","46,545.89","46,090.08","144.17M","1.00%"
"01/14/2014","45,982.07","45,668.54","46,033.70","45,638.39","145.34M","-0.10%"
"01/13/2014","46,030.25","45,622.39","46,030.25","45,622.39","134.14M","1.06%"
"01/10/2014","45,548.15","45,455.26","45,701.19","45,334.78","145.29M","0.23%"
"01/09/2014","45,444.59","45,686.89","45,795.15","45,444.59","132.76M","-0.55%"
"01/08/2014","45,696.97","45,879.60","46,108.41","45,662.59","118.05M","-0.37%"
"01/07/2014","45,867.52","45,910.32","46,111.84","45,851.49","120.52M","-0.07%"
"01/06/2014","45,897.44","46,021.48","46,351.27","45,842.86","98.14M","-0.67%"
"01/03/2014","46,206.09","46,465.82","46,465.82","46,093.54","65.92M","-0.82%"
"01/02/2014","46,589.70","46,410.01","46,836.02","46,354.30","69.59M","0.72%"
"12/31/2013","46,256.23","46,019.28","46,290.20","45,873.17","38.32M","0.27%"
"12/30/2013","46,131.29","45,901.82","46,131.29","45,898.10","67.84M","0.87%"
"12/27/2013","45,735.26","45,015.06","45,773.92","45,009.77","63.36M","1.83%"
"12/24/2013","44,912.80","44,807.36","44,976.63","44,791.21","27.36M","0.36%"
"12/23/2013","44,753.19","44,589.42","44,843.21","44,589.42","93.06M","0.40%"
"12/20/2013","44,574.25","44,335.46","44,609.07","44,261.82","227.95M","0.56%"
"12/19/2013","44,327.84","44,368.82","44,483.63","44,039.35","303.87M","0.92%"
"12/18/2013","43,925.38","43,887.34","44,007.69","43,669.14","154.25M","0.17%"
"12/17/2013","43,848.95","43,554.59","43,918.07","43,409.98","163.32M","1.54%"
"12/13/2013","43,185.73","43,485.55","43,640.45","42,921.45","197.95M","-0.15%"
"12/12/2013","43,252.17","43,975.42","44,067.53","43,252.17","238.36M","-2.67%"
"12/11/2013","44,436.86","44,481.66","44,649.14","44,281.30","186.10M","-0.46%"
"12/10/2013","44,640.98","44,805.50","44,888.38","44,450.16","175.25M","-0.20%"
"12/09/2013","44,732.42","44,659.82","44,768.35","44,377.90","134.13M","0.26%"
"12/06/2013","44,616.21","44,302.68","44,751.04","44,265.98","183.76M","0.72%"
"12/05/2013","44,297.66","44,064.50","44,563.68","44,064.50","154.87M","0.71%"
"12/04/2013","43,986.37","44,019.31","44,363.90","43,913.22","195.50M","0.05%"
"12/03/2013","43,962.83","44,454.30","44,518.87","43,886.47","196.06M","-1.56%"
"12/02/2013","44,659.37","44,826.90","44,933.07","44,649.93","109.49M","-0.70%"
"11/29/2013","44,975.67","44,984.15","45,025.03","44,786.31","156.72M","-0.18%"
"11/28/2013","45,058.22","44,577.56","45,058.22","44,553.32","197.75M","1.11%"
"11/27/2013","44,564.01","44,068.12","44,564.01","44,037.98","188.85M","1.31%"
"11/26/2013","43,988.14","44,595.54","44,595.54","43,963.49","254.51M","-1.27%"
"11/25/2013","44,552.51","44,517.92","44,788.00","44,495.42","155.83M","0.26%"
"11/22/2013","44,435.61","44,831.16","44,909.00","44,172.30","177.39M","-0.68%"
"11/21/2013","44,741.55","44,919.86","44,919.86","44,613.80","141.33M","-1.02%"
"11/20/2013","45,201.08","44,975.73","45,243.68","44,964.48","266.88M","0.14%"
"11/19/2013","45,138.13","45,350.77","45,350.77","44,948.26","165.42M","-0.64%"
"11/18/2013","45,428.85","45,307.85","45,428.85","45,149.49","159.64M","0.56%"
"11/15/2013","45,174.18","45,126.75","45,333.36","44,958.96","167.12M","0.60%"
"11/14/2013","44,903.85","45,245.46","45,309.57","44,845.81","149.06M","0.62%"
"11/13/2013","44,625.00","45,175.13","45,263.10","44,548.85","256.12M","-1.81%"
"11/12/2013","45,448.28","45,573.32","45,669.47","45,297.42","171.29M","-0.09%"
"11/11/2013","45,488.18","45,629.34","45,732.95","45,426.15","163.95M","0.02%"
"11/08/2013","45,481.19","45,641.67","45,704.76","45,365.12","170.56M","-1.27%"
"11/07/2013","46,068.47","46,169.97","46,286.18","45,980.94","166.46M","-0.27%"
"11/06/2013","46,192.91","45,925.06","46,192.91","45,925.06","185.30M","0.97%"
"11/05/2013","45,750.23","45,723.41","45,991.49","45,712.40","155.68M","0.17%"
"11/04/2013","45,671.44","45,624.26","45,720.15","45,495.68","107.94M","0.24%"
"11/01/2013","45,561.08","45,485.46","45,674.75","45,469.89","133.35M","0.10%"
"10/31/2013","45,517.56","45,507.03","45,659.25","45,392.87","166.07M","-0.21%"
"10/30/2013","45,611.91","45,515.28","45,676.01","45,448.08","130.41M","0.37%"
"10/29/2013","45,443.88","45,248.82","45,572.76","45,222.27","132.58M","0.09%"
"10/28/2013","45,401.67","45,293.68","45,485.02","45,291.70","125.77M","0.62%"
"10/25/2013","45,124.04","45,056.12","45,177.47","44,967.97","145.05M","0.13%"
"10/24/2013","45,063.49","45,128.67","45,189.29","44,919.42","150.40M","0.06%"
"10/23/2013","45,035.78","45,266.63","45,266.63","44,980.26","154.16M","-0.71%"
"10/22/2013","45,357.81","45,058.16","45,486.01","45,022.45","181.56M","0.96%"
"10/21/2013","44,926.71","44,897.60","44,993.13","44,849.39","130.12M","0.53%"
"10/18/2013","44,689.29","44,753.21","44,753.21","44,547.62","161.45M","0.39%"
"10/17/2013","44,514.12","44,494.34","44,623.47","44,375.64","161.71M","0.22%"
"10/16/2013","44,418.01","44,177.79","44,519.96","44,142.76","192.26M","0.27%"
"10/15/2013","44,297.17","43,891.46","44,320.69","43,891.46","160.03M","1.31%"
"10/14/2013","43,723.16","43,483.13","43,774.57","43,346.86","105.37M","0.24%"
"10/11/2013","43,620.57","43,466.19","43,657.10","43,416.92","186.05M","0.69%"
"10/10/2013","43,321.36","42,853.94","43,321.36","42,828.24","","1.27%"
"10/09/2013","42,779.87","43,158.51","43,174.80","42,741.16","161.39M","-1.10%"
"10/08/2013","43,253.61","43,704.21","43,706.08","43,193.29","155.02M","-1.08%"
"10/07/2013","43,725.70","43,661.87","43,725.70","43,529.80","125.57M","-0.46%"
"10/04/2013","43,925.68","43,881.11","44,012.24","43,632.91","135.12M","-0.18%"
"10/03/2013","44,006.86","43,972.24","44,199.22","43,907.87","195.39M","0.09%"
"10/02/2013","43,967.84","44,021.56","44,059.68","43,766.97","153.79M","0.05%"
"10/01/2013","43,946.53","43,876.51","44,058.85","43,788.07","","-0.19%"
"09/30/2013","44,031.83","43,985.80","44,113.04","43,871.59","220.55M","-0.74%"
"09/27/2013","44,358.74","44,499.69","44,571.75","44,230.13","171.45M","0.02%"
"09/26/2013","44,350.31","44,469.72","44,601.69","44,279.05","147.47M","-0.23%"
"09/25/2013","44,453.88","44,020.58","44,453.88","43,965.31","234.08M","0.99%"
"09/23/2013","44,017.73","44,051.46","44,133.37","43,944.91","","-0.17%"
"09/20/2013","44,094.31","44,205.35","44,277.61","44,022.37","330.42M","-0.47%"
"09/19/2013","44,302.94","44,052.72","44,382.72","44,052.72","329.04M","2.15%"
"09/18/2013","43,371.44","43,692.16","43,744.89","43,333.55","177.28M","-0.89%"
"09/17/2013","43,762.87","43,580.74","43,805.24","43,503.31","185.47M","0.39%"
"09/16/2013","43,594.92","43,850.22","43,865.54","43,501.35","151.28M","-0.02%"
"09/13/2013","43,602.64","43,626.90","43,632.76","43,467.32","172.08M","-0.34%"
"09/12/2013","43,752.30","43,373.37","43,776.71","43,359.44","211.98M","0.77%"
"09/11/2013","43,419.32","43,455.82","43,519.14","43,301.83","184.62M","-0.29%"
"09/10/2013","43,545.83","43,099.09","43,545.83","43,067.80","234.75M","1.81%"
"09/09/2013","42,769.62","42,916.98","42,916.98","42,655.23","168.12M","-0.16%"
"09/06/2013","42,837.71","42,768.81","42,971.50","42,514.34","153.88M","0.09%"
"09/05/2013","42,797.21","42,656.47","42,925.15","42,653.69","173.89M","0.65%"
"09/04/2013","42,522.80","42,804.02","42,804.02","42,328.51","156.30M","-0.86%"
"09/03/2013","42,892.25","42,789.13","43,056.34","42,700.36","147.34M","0.39%"
"09/02/2013","42,725.70","42,407.70","42,735.98","42,378.16","165.58M","1.18%"
"08/30/2013","42,228.34","42,495.40","42,596.53","42,001.67","255.55M","-0.47%"
"08/29/2013","42,429.36","42,415.25","42,704.70","42,293.86","219.27M","0.28%"
"08/28/2013","42,311.00","42,794.23","42,817.96","42,301.85","191.24M","-1.79%"
"08/27/2013","43,082.83","43,189.47","43,349.15","42,866.26","244.12M","-0.48%"
"08/26/2013","43,290.55","43,038.22","43,323.01","42,994.94","134.68M","0.69%"
"08/23/2013","42,994.92","42,878.29","43,036.03","42,760.77","169.06M","-0.05%"
"08/22/2013","43,014.44","42,684.70","43,014.44","42,678.81","222.10M","0.59%"
"08/21/2013","42,762.37","42,673.60","42,839.63","42,604.75","141.86M","-0.01%"
"08/20/2013","42,765.22","42,582.85","42,840.13","42,482.57","172.47M","-0.36%"
"08/19/2013","42,920.22","43,098.28","43,098.28","42,811.69","171.97M","-0.28%"
"08/16/2013","43,042.11","42,659.64","43,042.11","42,649.74","151.72M","1.25%"
"08/15/2013","42,509.70","43,097.39","43,097.39","42,458.64","144.13M","-1.18%"
"08/14/2013","43,019.21","42,687.80","43,019.21","42,680.00","159.07M","0.78%"
"08/13/2013","42,685.35","42,516.37","42,685.35","42,469.16","209.84M","0.44%"
"08/12/2013","42,497.30","42,232.36","42,497.30","42,012.54","179.65M","1.80%"
"08/08/2013","41,747.16","41,681.69","41,898.86","41,595.06","141.03M","0.35%"
"08/07/2013","41,600.03","41,430.53","41,600.03","41,282.34","180.54M","0.06%"
"08/06/2013","41,573.71","41,810.00","41,891.31","41,543.67","175.78M","-0.55%"
"08/05/2013","41,803.93","41,764.52","41,998.77","41,565.76","174.70M","0.25%"
"08/02/2013","41,700.19","42,047.44","42,066.67","41,700.19","175.70M","-0.50%"
"08/01/2013","41,909.39","41,352.89","41,909.39","41,352.89","181.20M","1.49%"
"07/31/2013","41,292.84","40,943.97","41,293.58","40,791.78","178.78M","0.74%"
"07/30/2013","40,991.30","40,884.20","41,105.74","40,764.75","184.48M","0.42%"
"07/29/2013","40,819.98","40,681.44","40,892.67","40,610.85","155.26M","0.80%"
"07/26/2013","40,497.81","40,846.56","40,912.67","40,405.95","168.55M","-0.59%"
"07/25/2013","40,739.95","40,944.04","40,944.04","40,398.22","147.73M","-0.36%"
"07/24/2013","40,886.61","41,019.28","41,225.14","40,728.19","196.43M","-0.70%"
"07/23/2013","41,176.57","41,014.60","41,232.58","41,001.16","154.69M","0.69%"
"07/22/2013","40,894.05","40,818.27","40,941.41","40,560.31","159.11M","0.85%"
"07/19/2013","40,549.40","40,967.09","41,063.08","40,549.40","163.21M","-1.45%"
"07/18/2013","41,147.60","40,800.85","41,147.60","40,653.22","177.57M","0.49%"
"07/17/2013","40,946.04","40,562.25","40,994.59","40,525.12","228.75M","1.39%"
"07/16/2013","40,385.34","40,902.46","40,902.46","40,268.53","142.57M","-0.87%"
"07/15/2013","40,740.14","40,876.82","41,097.61","40,644.23","117.35M","0.01%"
"07/12/2013","40,734.89","40,779.82","40,886.24","40,662.18","142.17M","0.47%"
"07/11/2013","40,543.00","40,443.63","40,555.59","40,282.34","156.36M","2.28%"
"07/10/2013","39,638.54","39,791.45","39,992.16","39,384.02","161.99M","-0.33%"
"07/09/2013","39,769.08","39,830.17","40,180.41","39,717.22","138.14M","-0.07%"
"07/08/2013","39,795.17","39,568.36","39,914.96","39,216.13","144.80M","1.60%"
"07/05/2013","39,169.83","40,062.65","40,062.65","39,169.83","145.57M","-2.15%"
"07/04/2013","40,030.19","39,503.68","40,108.35","39,500.68","176.98M","1.75%"
"07/03/2013","39,343.31","39,657.34","39,657.34","39,186.87","247.22M","-1.26%"
"07/02/2013","39,844.70","40,029.68","40,029.68","39,702.90","171.23M","-0.22%"
"07/01/2013","39,932.83","39,385.95","40,204.57","39,195.38","178.91M","0.90%"
"06/28/2013","39,578.10","39,281.25","39,666.60","39,068.47","295.35M","1.27%"
"06/27/2013","39,083.31","39,014.55","39,132.13","38,589.51","266.16M","0.35%"
"06/26/2013","38,946.07","38,478.42","38,984.36","38,231.62","250.05M","1.20%"
"06/25/2013","38,484.19","38,170.26","38,528.24","37,840.23","253.77M","1.07%"
"06/24/2013","38,075.22","38,755.98","38,846.99","37,931.80","220.58M","-2.41%"
"06/21/2013","39,016.62","39,583.28","39,778.84","38,959.13","410.88M","-1.31%"
"06/20/2013","39,536.08","40,148.34","40,290.93","39,522.42","402.31M","-3.06%"
"06/19/2013","40,784.31","41,093.30","41,097.82","40,527.28","253.59M","-0.53%"
"06/18/2013","41,003.25","40,443.47","41,022.65","40,332.07","285.57M","1.69%"
"06/14/2013","40,323.62","40,116.79","40,323.62","39,790.55","242.10M","1.29%"
"06/13/2013","39,811.78","39,164.22","39,851.08","39,018.34","293.80M","0.11%"
"06/12/2013","39,766.53","39,550.04","39,959.90","39,524.47","246.58M","0.37%"
"06/11/2013","39,621.00","40,850.73","40,850.73","39,613.53","321.69M","-3.21%"
"06/10/2013","40,933.88","41,106.29","41,159.64","40,811.70","213.87M","0.30%"
"06/07/2013","40,813.33","40,329.83","40,813.33","40,103.29","694.89M","1.17%"
"06/06/2013","40,341.24","40,717.77","40,777.20","40,247.89","304.06M","-1.11%"
"06/05/2013","40,793.81","40,970.26","40,970.26","40,577.37","281.22M","-0.25%"
"06/04/2013","40,897.68","41,232.85","41,257.08","40,805.09","250.69M","-0.15%"
"06/03/2013","40,957.61","41,586.50","41,619.57","40,815.65","242.83M","-2.52%"
"05/31/2013","42,016.45","42,207.85","42,207.85","41,670.27","","0.18%"
"05/30/2013","41,941.88","41,298.20","41,941.88","41,290.48","281.51M","1.72%"
"05/29/2013","41,233.07","41,831.84","41,831.84","41,233.07","208.07M","-1.76%"
"05/28/2013","41,971.17","41,489.13","41,983.66","41,327.98","206.08M","1.30%"
"05/27/2013","41,432.46","41,069.90","41,432.46","40,998.68","120.14M","1.06%"
"05/24/2013","40,998.58","40,988.28","41,134.90","40,730.18","205.66M","0.35%"
"05/23/2013","40,855.89","41,120.86","41,411.67","40,725.93","246.67M","-2.34%"
"05/22/2013","41,836.02","41,859.56","42,016.65","41,416.49","236.40M","0.05%"
"05/21/2013","41,815.36","41,345.31","41,815.36","41,317.16","293.63M","1.79%"
"05/20/2013","41,079.55","41,614.74","41,614.74","40,770.18","291.91M","-0.81%"
"05/17/2013","41,413.44","41,544.95","41,633.71","41,335.87","225.94M","-0.03%"
"05/16/2013","41,427.76","41,115.70","41,469.10","41,017.80","264.38M","1.01%"
"05/15/2013","41,014.98","40,685.67","41,014.98","40,655.01","236.16M","0.75%"
"05/14/2013","40,711.32","40,465.35","40,711.32","40,291.91","228.16M","0.75%"
"05/13/2013","40,407.27","40,337.53","40,444.53","40,138.96","169.39M","0.44%"
"05/10/2013","40,232.05","40,442.35","40,564.24","40,083.60","197.23M","-0.26%"
"05/09/2013","40,337.81","40,435.10","40,664.82","40,291.89","220.28M","-0.29%"
"05/08/2013","40,456.62","40,028.09","40,456.62","40,003.15","256.49M","1.59%"
"05/07/2013","39,821.48","39,885.49","40,084.17","39,760.33","","-0.02%"
"05/06/2013","39,828.96","39,652.09","39,904.30","39,603.15","148.82M","0.60%"
"05/03/2013","39,592.28","39,054.13","39,636.16","38,896.95","271.09M","1.30%"
"05/02/2013","39,082.85","38,826.85","39,082.85","38,740.86","214.42M","0.90%"
"04/30/2013","38,735.00","39,112.72","39,153.13","38,614.59","250.88M","-0.74%"
"04/29/2013","39,025.64","39,090.00","39,243.15","38,859.50","144.25M","-0.15%"
"04/26/2013","39,082.42","39,061.86","39,274.92","38,997.00","181.88M","-0.12%"
"04/25/2013","39,128.87","38,819.93","39,295.27","38,803.06","206.20M","0.89%"
"04/24/2013","38,783.07","38,815.68","38,901.07","38,554.02","222.34M","0.10%"
"04/23/2013","38,742.43","38,181.82","38,826.65","38,181.82","228.47M","1.50%"
"04/22/2013","38,169.13","38,501.68","38,632.12","38,023.79","201.90M","-0.66%"
"04/19/2013","38,422.21","38,113.72","38,422.21","38,075.97","211.94M","1.50%"
"04/18/2013","37,852.62","37,935.55","38,006.51","37,717.78","204.08M","0.13%"
"04/17/2013","37,801.67","38,568.42","38,568.42","37,801.67","235.02M","-1.63%"
"04/16/2013","38,429.66","38,223.19","38,506.15","38,223.19","203.70M","1.12%"
"04/15/2013","38,003.70","38,352.08","38,378.83","37,736.86","","-1.62%"
"04/12/2013","38,630.54","39,070.61","39,070.61","38,468.74","184.09M","-1.23%"
"04/11/2013","39,109.98","39,083.99","39,146.10","38,878.40","163.32M","0.10%"
"04/10/2013","39,070.57","38,777.63","39,076.91","38,701.93","228.34M","1.37%"
"04/09/2013","38,540.81","38,759.30","38,799.05","38,379.93","223.55M","-0.11%"
"04/08/2013","38,582.95","38,711.92","38,809.19","38,518.23","188.65M","0.21%"
"04/05/2013","38,500.21","39,144.33","39,165.81","38,385.45","236.67M","-1.45%"
"04/04/2013","39,064.88","39,435.37","39,498.45","39,014.90","192.81M","-0.89%"
"04/03/2013","39,414.34","39,987.16","39,987.16","39,408.58","191.06M","-1.57%"
"04/02/2013","40,041.32","39,937.00","40,117.45","39,908.32","174.13M","0.45%"
"03/28/2013","39,860.84","39,924.77","39,943.75","39,778.86","190.54M","-0.05%"
"03/27/2013","39,882.44","40,359.18","40,465.12","39,743.42","207.25M","-0.92%"
"03/26/2013","40,253.25","40,121.04","40,314.93","40,075.80","233.99M","0.61%"
"03/25/2013","40,008.70","40,126.34","40,180.23","39,932.99","179.55M","-0.14%"
"03/22/2013","40,063.38","40,167.45","40,209.05","39,960.93","207.00M","-0.63%"
"03/20/2013","40,318.79","40,336.68","40,502.30","40,309.35","303.28M","-0.07%"
"03/19/2013","40,346.17","40,460.82","40,539.61","40,242.31","209.23M","-0.31%"
"03/18/2013","40,470.65","40,437.59","40,566.05","40,293.40","194.50M","-0.70%"
"03/15/2013","40,757.94","40,946.23","41,023.76","40,757.94","440.83M","-0.37%"
"03/14/2013","40,908.58","40,809.58","41,047.72","40,789.25","243.07M","0.08%"
"03/13/2013","40,876.10","41,002.15","41,040.11","40,829.80","253.09M","-0.19%"
"03/12/2013","40,952.46","40,900.82","41,026.24","40,795.84","193.29M","-0.08%"
"03/11/2013","40,984.22","40,742.18","41,019.89","40,714.69","","0.62%"
"03/08/2013","40,732.81","40,702.07","40,915.90","40,675.21","228.31M","0.03%"
"03/07/2013","40,719.68","40,509.87","40,740.89","40,375.85","225.39M","0.70%"
"03/06/2013","40,437.25","40,511.12","40,668.35","40,420.16","230.47M","-0.27%"
"03/05/2013","40,546.24","39,887.09","40,558.52","39,887.09","216.23M","1.76%"
"03/04/2013","39,844.24","39,975.05","39,975.05","39,800.76","198.26M","-0.72%"
"03/01/2013","40,134.97","39,777.08","40,179.30","39,735.12","232.54M","1.07%"
"02/28/2013","39,709.56","39,604.63","39,746.98","39,397.26","303.38M","1.11%"
"02/27/2013","39,275.37","39,596.53","39,630.35","39,007.27","211.66M","-0.74%"
"02/26/2013","39,568.28","39,425.93","39,568.28","39,403.50","268.68M","-0.55%"
"02/25/2013","39,787.96","39,757.55","40,019.49","39,737.90","217.37M","0.33%"
"02/22/2013","39,657.82","39,843.51","39,883.60","39,561.34","205.38M","-0.03%"
"02/21/2013","39,670.09","40,091.36","40,221.75","39,581.38","278.49M","-1.88%"
"02/20/2013","40,428.28","40,656.18","40,718.44","40,288.09","225.73M","-0.75%"
"02/19/2013","40,732.52","40,577.34","40,755.19","40,519.19","170.19M","0.54%"
"02/18/2013","40,512.76","40,689.52","40,689.58","40,383.75","","-0.41%"
"02/15/2013","40,681.34","40,670.06","40,777.04","40,641.86","307.68M","-0.13%"
"02/14/2013","40,732.86","40,746.46","40,764.07","40,474.76","188.05M","-0.19%"
"02/13/2013","40,808.73","40,794.66","40,837.35","40,633.25","175.90M","0.27%"
"02/12/2013","40,700.45","40,837.91","40,867.57","40,649.54","209.06M","-0.32%"
"02/11/2013","40,832.67","40,899.63","40,959.28","40,817.25","154.61M","-0.15%"
"02/08/2013","40,892.65","40,756.41","40,983.01","40,713.53","166.94M","0.49%"
"02/07/2013","40,694.77","40,577.41","40,792.85","40,563.94","154.97M","0.33%"
"02/06/2013","40,559.67","40,657.77","40,779.83","40,443.05","172.17M","-0.25%"
"02/05/2013","40,663.34","40,466.77","40,668.93","40,416.07","197.22M","0.23%"
"02/04/2013","40,571.82","40,728.28","40,822.08","40,489.71","197.83M","-0.07%"
"02/01/2013","40,601.09","40,570.37","40,763.05","40,556.47","175.43M","0.29%"
"01/31/2013","40,482.92","40,454.57","40,484.74","40,278.21","","0.05%"
"01/30/2013","40,461.18","40,750.24","40,784.76","40,461.18","193.61M","-0.47%"
"01/29/2013","40,652.96","40,635.60","40,707.27","40,535.98","162.04M","0.09%"
"01/28/2013","40,618.32","40,591.70","40,622.89","40,326.78","147.70M","0.20%"
"01/25/2013","40,538.96","40,550.24","40,604.29","40,395.25","","-0.16%"
"01/24/2013","40,604.59","40,257.49","40,604.59","40,252.75","199.19M","1.04%"
"01/23/2013","40,185.19","40,021.87","40,218.16","39,966.17","172.47M","0.68%"
"01/22/2013","39,912.45","39,953.11","39,953.11","39,646.21","167.32M","-0.19%"
"01/21/2013","39,989.57","40,078.24","40,078.24","39,832.61","149.67M","-0.44%"
"01/18/2013","40,166.53","40,171.51","40,222.43","40,089.16","201.66M","0.51%"
"01/17/2013","39,964.56","39,884.66","40,054.28","39,815.01","192.36M","0.21%"
"01/16/2013","39,879.76","39,983.29","40,090.21","39,786.14","211.16M","-0.08%"
"01/15/2013","39,913.08","40,221.21","40,282.06","39,762.10","235.86M","-0.58%"
"01/14/2013","40,144.07","40,323.28","40,428.93","40,108.30","185.58M","-0.34%"
"01/11/2013","40,281.14","40,322.48","40,348.68","40,172.80","148.27M","-0.05%"
"01/10/2013","40,299.59","40,370.29","40,408.42","40,160.58","165.30M","-0.08%"
"01/09/2013","40,330.44","40,243.02","40,330.44","40,179.44","184.85M","0.44%"
"01/08/2013","40,155.62","40,129.47","40,256.24","40,055.84","135.77M","-0.02%"
"01/07/2013","40,162.56","40,301.37","40,341.40","40,132.43","110.71M","-0.28%"
"01/04/2013","40,274.79","40,134.93","40,290.95","40,048.26","131.98M","0.07%"
"01/03/2013","40,245.01","40,042.07","40,245.01","39,936.83","111.16M","0.46%"
"01/02/2013","40,061.75","39,559.30","40,069.23","39,559.30","90.11M","2.07%"
"12/31/2012","39,250.24","39,166.85","39,335.59","39,095.74","31.48M","-0.34%"
"12/28/2012","39,385.04","39,424.88","39,489.62","39,271.95","64.87M","-0.11%"
"12/27/2012","39,427.13","39,200.78","39,435.45","39,154.73","84.35M","0.61%"
"12/24/2012","39,187.38","39,137.51","39,241.61","39,050.30","22.24M","0.16%"
"12/21/2012","39,124.58","39,121.52","39,171.58","39,053.07","148.71M","-0.25%"
"12/20/2012","39,220.96","38,947.41","39,317.71","38,947.41","296.93M","0.14%"
"12/19/2012","39,164.84","38,883.49","39,207.11","38,883.49","196.64M","0.73%"
"12/18/2012","38,879.70","38,758.82","38,910.82","38,749.57","206.58M","0.53%"
"12/14/2012","38,674.48","38,746.55","38,822.68","38,573.44","193.25M","-0.01%"
"12/13/2012","38,676.70","38,720.41","38,797.22","38,616.38","171.39M","-0.22%"
"12/12/2012","38,763.64","38,528.91","38,789.43","38,494.19","208.51M","0.59%"
"12/11/2012","38,535.97","38,401.79","38,535.97","38,325.35","","0.47%"
"12/10/2012","38,357.07","38,214.55","38,357.07","38,008.48","162.27M","0.42%"
"12/07/2012","38,195.89","38,317.92","38,317.92","38,066.14","147.74M","-0.24%"
"12/06/2012","38,287.54","38,194.22","38,387.47","38,125.85","168.54M","0.26%"
"12/05/2012","38,189.82","38,097.92","38,300.56","38,084.29","212.52M","0.52%"
"12/04/2012","37,991.31","37,981.89","38,087.53","37,937.65","145.70M","-0.15%"
"12/03/2012","38,049.74","38,056.58","38,100.23","37,912.74","138.74M","-0.14%"
"11/30/2012","38,104.61","37,857.64","38,104.61","37,801.31","233.79M","0.52%"
"11/29/2012","37,909.31","37,785.91","37,947.93","37,726.18","170.66M","1.26%"
"11/28/2012","37,438.41","37,675.48","37,741.91","37,414.49","187.66M","-0.97%"
"11/27/2012","37,805.80","37,927.19","37,974.53","37,736.52","155.22M","0.10%"
"11/26/2012","37,766.24","37,902.97","37,902.97","37,707.26","111.13M","-0.26%"
"11/23/2012","37,865.59","37,807.53","37,877.70","37,637.53","146.47M","0.06%"
"11/22/2012","37,844.55","37,599.84","37,975.54","37,599.84","205.23M","0.92%"
"11/21/2012","37,498.02","37,319.80","37,498.02","37,302.20","","0.51%"
"11/20/2012","37,306.60","37,363.33","37,363.33","37,234.56","181.45M","0.21%"
"11/19/2012","37,229.64","37,023.29","37,229.64","36,965.65","145.05M","1.12%"
"11/16/2012","36,818.76","36,962.27","37,050.99","36,756.10","317.03M","-0.56%"
"11/15/2012","37,026.72","37,081.58","37,091.43","36,966.51","182.31M","-0.58%"
"11/14/2012","37,241.79","37,415.81","37,504.39","37,241.79","200.40M","-0.41%"
"11/13/2012","37,394.80","37,350.45","37,432.70","37,187.08","255.88M","-0.18%"
"11/12/2012","37,463.20","37,320.84","37,553.99","37,301.10","144.67M","0.32%"
"11/09/2012","37,344.40","37,562.66","37,574.48","37,211.09","172.51M","-0.66%"
"11/08/2012","37,592.86","37,362.21","37,608.88","37,337.36","173.56M","0.32%"
"11/07/2012","37,471.69","37,663.07","37,693.49","37,444.57","198.97M","-0.34%"
"11/06/2012","37,597.68","37,688.91","37,749.90","37,502.54","169.40M","0.05%"
"11/05/2012","37,579.38","37,565.49","37,657.81","37,481.75","148.99M","-0.23%"
"11/02/2012","37,664.81","37,343.83","37,664.81","37,325.38","194.83M","0.77%"
"11/01/2012","37,377.32","37,056.51","37,377.32","36,964.34","195.38M","0.59%"
"10/31/2012","37,156.28","37,182.78","37,279.49","37,075.46","216.12M","0.02%"
"10/30/2012","37,147.02","36,883.56","37,147.02","36,744.82","","0.42%"
"10/29/2012","36,993.06","36,877.20","36,993.06","36,663.38","128.46M","0.33%"
"10/26/2012","36,871.71","36,873.47","36,970.37","36,747.25","239.16M","-0.34%"
"10/25/2012","36,995.65","36,977.18","37,153.27","36,953.14","162.60M","0.12%"
"10/24/2012","36,951.53","36,729.43","36,966.16","36,610.84","172.00M","0.75%"
"10/23/2012","36,678.03","37,080.83","37,080.83","36,645.25","","-0.79%"
"10/22/2012","36,968.50","36,754.85","37,046.37","36,723.11","119.79M","0.50%"
"10/19/2012","36,783.12","36,960.49","37,014.02","36,691.18","135.57M","-0.73%"
"10/18/2012","37,051.95","37,142.25","37,251.79","37,019.64","225.23M","-0.60%"
"10/17/2012","37,274.68","36,949.07","37,339.83","36,935.58","235.08M","0.81%"
"10/16/2012","36,974.24","36,705.19","36,974.24","36,655.08","210.91M","0.97%"
"10/15/2012","36,620.28","36,407.92","36,664.60","36,384.87","115.83M","0.49%"
"10/12/2012","36,440.05","36,321.77","36,487.47","36,291.10","153.15M","-0.16%"
"10/11/2012","36,498.44","36,046.69","36,543.79","36,032.15","203.47M","0.97%"
"10/10/2012","36,147.62","35,909.83","36,147.62","35,909.83","230.94M","0.21%"
"10/09/2012","36,070.74","36,132.09","36,211.83","36,070.74","208.84M","-0.73%"
"10/08/2012","36,337.39","36,453.87","36,504.97","36,276.88","222.29M","-0.69%"
"10/05/2012","36,588.67","36,501.53","36,693.75","36,433.69","191.87M","0.88%"
"10/04/2012","36,268.96","36,213.87","36,362.46","36,121.74","169.29M","0.41%"
"10/03/2012","36,120.45","36,222.44","36,280.23","36,117.46","174.66M","-0.35%"
"10/02/2012","36,247.91","36,161.86","36,419.70","36,021.49","178.34M","-0.06%"
"10/01/2012","36,269.27","35,741.18","36,285.31","35,741.18","166.21M","1.43%"
"09/28/2012","35,757.98","35,862.98","35,880.98","35,601.82","221.96M","0.40%"
"09/27/2012","35,616.60","35,640.05","35,725.15","35,415.07","223.60M","0.57%"
"09/26/2012","35,415.07","35,920.07","36,041.48","35,407.81","218.80M","-1.74%"
"09/25/2012","36,041.48","36,008.07","36,206.33","35,987.17","192.16M","-0.46%"
"09/21/2012","36,206.33","36,463.71","36,484.98","36,085.49","239.23M","-0.42%"
"09/20/2012","36,359.98","36,406.45","36,448.99","36,310.95","299.92M","-0.28%"
"09/19/2012","36,463.14","36,575.31","36,647.98","36,450.52","237.37M","0.05%"
"09/18/2012","36,445.75","36,344.39","36,490.42","36,266.38","213.59M","0.23%"
"09/17/2012","36,362.58","36,543.51","36,552.10","36,264.69","182.71M","-0.51%"
"09/14/2012","36,550.08","36,486.81","36,585.12","36,377.33","343.83M","1.85%"
"09/13/2012","35,885.23","35,649.13","35,885.23","35,630.32","252.09M","0.42%"
"09/12/2012","35,736.41","35,585.95","35,828.09","35,446.66","172.85M","0.82%"
"09/11/2012","35,446.66","35,455.08","35,455.08","35,214.15","169.09M","-0.22%"
"09/10/2012","35,524.90","35,713.94","35,788.52","35,524.90","188.67M","-0.61%"
"09/07/2012","35,744.25","35,765.55","35,789.26","35,587.18","173.69M","0.19%"
"09/06/2012","35,674.73","35,306.44","35,674.73","35,234.15","167.14M","1.80%"
"09/05/2012","35,045.55","35,261.00","35,261.00","34,985.87","177.74M","-0.33%"
"09/04/2012","35,161.01","35,491.13","35,529.60","35,117.06","207.72M","-0.91%"
"09/03/2012","35,485.10","35,310.74","35,560.45","35,228.92","108.71M","0.27%"
"08/31/2012","35,389.45","35,432.44","35,507.74","35,176.17","213.87M","0.23%"
"08/30/2012","35,307.35","35,570.48","35,606.46","35,294.37","146.24M","-1.20%"
"08/29/2012","35,737.18","35,779.92","35,836.28","35,532.00","341.73M","-0.09%"
"08/28/2012","35,767.70","35,877.13","35,936.09","35,767.70","165.02M","-0.36%"
"08/27/2012","35,897.69","35,805.74","35,943.60","35,764.39","94.20M","0.29%"
"08/24/2012","35,794.12","35,777.60","35,867.40","35,655.93","141.59M","-0.14%"
"08/23/2012","35,843.92","35,780.91","35,865.11","35,689.62","173.86M","0.64%"
"08/22/2012","35,616.71","35,701.57","35,722.37","35,616.71","","-0.60%"
"08/21/2012","35,832.84","35,658.06","35,889.57","35,647.59","172.10M","1.02%"
"08/20/2012","35,471.07","35,659.80","35,729.97","35,463.46","164.88M","-0.21%"
"08/17/2012","35,547.33","35,849.49","35,865.11","35,544.43","157.34M","-0.55%"
"08/16/2012","35,743.23","35,631.14","35,743.23","35,510.51","135.81M","0.56%"
"08/15/2012","35,543.93","35,510.50","35,555.22","35,375.83","143.02M","-0.06%"
"08/14/2012","35,564.34","35,571.70","35,646.96","35,430.25","146.62M","0.41%"
"08/13/2012","35,417.94","35,526.89","35,555.68","35,403.06","","-0.44%"
"08/10/2012","35,574.51","35,467.44","35,574.51","35,336.97","140.85M","0.23%"
"08/08/2012","35,494.64","35,506.38","35,757.11","35,414.44","144.90M","0.02%"
"08/07/2012","35,487.26","35,470.37","35,621.11","35,380.84","144.96M","0.05%"
"08/06/2012","35,469.18","35,329.85","35,469.18","35,156.98","146.91M","0.64%"
"08/03/2012","35,244.22","34,898.68","35,344.18","34,875.70","153.64M","0.60%"
"08/02/2012","35,033.09","35,124.07","35,240.00","34,886.19","166.83M","-0.11%"
"08/01/2012","35,070.66","34,678.02","35,070.66","34,678.02","168.67M","1.37%"
"07/31/2012","34,596.90","34,983.55","35,035.76","34,525.64","","-1.03%"
"07/30/2012","34,958.59","34,638.34","34,958.59","34,638.34","141.56M","0.83%"
"07/27/2012","34,671.00","34,348.85","34,692.58","34,325.01","192.36M","1.11%"
"07/26/2012","34,288.98","34,180.27","34,360.53","33,860.05","163.23M","0.64%"
"07/25/2012","34,069.59","33,980.66","34,224.73","33,964.09","170.27M","0.21%"
"07/24/2012","33,998.45","33,959.66","34,112.23","33,809.15","178.28M","0.54%"
"07/23/2012","33,814.83","34,017.20","34,031.86","33,716.07","125.65M","-1.20%"
"07/20/2012","34,225.42","34,339.35","34,397.85","34,174.52","164.29M","-0.19%"
"07/19/2012","34,291.84","34,031.28","34,334.44","34,026.27","182.91M","0.75%"
"07/18/2012","34,035.06","33,746.86","34,035.06","33,668.92","163.19M","0.97%"
"07/17/2012","33,706.57","33,830.82","33,867.84","33,662.62","144.86M","-0.06%"
"07/16/2012","33,728.14","33,786.93","33,803.97","33,657.44","127.64M","-0.19%"
"07/13/2012","33,792.75","33,573.00","33,792.75","33,476.75","208.73M","1.20%"
"07/12/2012","33,390.52","33,646.94","33,646.94","33,382.57","175.97M","-0.99%"
"07/11/2012","33,724.69","33,821.97","33,821.97","33,688.01","157.73M","-0.81%"
"07/10/2012","33,998.60","33,905.17","34,143.27","33,837.35","154.54M","0.20%"
"07/09/2012","33,931.10","34,128.58","34,128.58","33,875.84","147.63M","-0.86%"
"07/06/2012","34,226.21","34,231.63","34,411.71","34,166.49","162.84M","0.01%"
"07/05/2012","34,222.58","34,098.79","34,330.18","34,044.31","184.24M","0.53%"
"07/04/2012","34,041.12","34,069.04","34,163.73","33,954.51","163.12M","0.16%"
"07/03/2012","33,985.71","33,674.46","33,985.71","33,674.46","164.27M","0.99%"
"07/02/2012","33,652.69","33,708.34","33,778.93","33,547.17","","-0.16%"
"06/29/2012","33,708.31","33,252.55","33,829.80","33,252.55","235.38M","1.37%"
"06/28/2012","33,252.55","33,748.13","33,848.75","33,215.79","190.43M","-1.47%"
"06/27/2012","33,748.13","33,851.37","33,990.34","33,578.87","202.35M","-0.30%"
"06/26/2012","33,851.37","33,821.98","33,955.48","33,755.20","168.42M","0.09%"
"06/25/2012","33,821.98","34,118.87","34,194.27","33,821.98","141.27M","-0.87%"
"06/22/2012","34,118.87","34,534.05","34,534.05","34,048.02","181.79M","-1.20%"
"06/21/2012","34,534.05","34,788.37","34,788.37","34,464.25","221.52M","-0.73%"
"06/20/2012","34,788.37","34,714.06","34,808.92","34,569.99","208.90M","0.21%"
"06/19/2012","34,714.06","34,438.76","34,714.06","34,371.79","200.65M","0.80%"
"06/18/2012","34,438.76","33,959.87","34,502.40","33,959.87","200.66M","1.41%"
"06/15/2012","33,959.87","33,826.01","34,003.53","33,794.59","","0.40%"
"06/14/2012","33,826.01","34,037.83","34,037.83","33,678.55","158.54M","-0.62%"
"06/13/2012","34,037.83","33,855.46","34,037.83","33,802.99","179.41M","0.54%"
"06/12/2012","33,855.46","33,616.57","33,855.46","33,491.36","183.94M","0.71%"
"06/11/2012","33,616.57","33,665.71","34,053.13","33,616.57","143.18M","-0.15%"
"06/08/2012","33,665.71","33,904.86","33,904.86","33,549.05","154.54M","-0.71%"
"06/07/2012","33,904.86","33,603.35","34,047.34","33,559.52","241.16M","0.90%"
"06/06/2012","33,603.35","33,117.85","33,603.35","33,117.85","241.41M","1.47%"
"06/05/2012","33,117.85","33,076.30","33,225.89","33,034.34","169.85M","0.13%"
"06/04/2012","33,076.30","33,107.46","33,158.45","32,827.29","133.84M","-0.09%"
"06/01/2012","33,107.46","33,142.61","33,215.62","32,908.36","257.37M","-0.11%"
"05/31/2012","33,142.61","32,968.81","33,298.13","32,968.81","444.90M","0.53%"
"05/30/2012","32,968.81","33,440.20","33,440.20","32,956.47","178.69M","-1.41%"
"05/29/2012","33,440.20","33,104.06","33,440.20","33,104.06","141.57M","1.02%"
"05/28/2012","33,104.06","32,992.25","33,328.52","32,992.25","112.03M","0.34%"
"05/25/2012","32,992.25","33,046.13","33,200.15","32,730.92","193.41M","-0.16%"
"05/24/2012","33,046.13","32,887.45","33,160.37","32,884.92","206.61M","0.48%"
"05/23/2012","32,887.45","33,488.14","33,488.14","32,887.45","156.42M","-1.79%"
"05/22/2012","33,488.14","33,086.00","33,513.81","33,086.00","","1.22%"
"05/21/2012","33,086.00","33,148.39","33,188.26","32,996.80","158.80M","-0.19%"
"05/18/2012","33,148.39","33,538.92","33,538.92","33,063.08","205.68M","-1.16%"
"05/17/2012","33,538.92","33,794.72","33,794.72","33,289.83","219.35M","-0.76%"
"05/16/2012","33,794.72","33,486.08","33,859.06","33,006.17","275.71M","0.92%"
"05/15/2012","33,486.08","33,533.56","33,833.05","33,360.31","174.50M","-0.14%"
"05/14/2012","33,533.56","34,038.46","34,038.46","33,467.07","139.41M","-1.48%"
"05/11/2012","34,038.46","33,869.71","34,038.46","33,709.23","167.91M","0.50%"
"05/10/2012","33,869.71","33,434.04","33,894.90","33,434.04","198.94M","1.30%"
"05/09/2012","33,434.04","33,547.77","33,637.53","33,307.97","205.27M","-0.34%"
"05/08/2012","33,547.77","33,956.08","33,956.08","33,547.77","151.77M","-1.20%"
"05/07/2012","33,956.08","34,127.28","34,127.28","33,711.78","126.16M","-0.50%"
"05/04/2012","34,127.28","34,375.51","34,375.51","34,126.21","210.36M","-0.72%"
"05/03/2012","34,375.51","34,482.43","34,583.36","34,340.54","174.82M","-0.31%"
"05/02/2012","34,482.43","34,399.04","34,647.73","34,369.33","161.68M","0.24%"
"04/30/2012","34,399.04","34,251.43","34,456.35","34,251.43","143.36M","0.43%"
"04/26/2012","34,251.43","34,028.81","34,251.43","34,028.81","172.46M","0.65%"
"04/25/2012","34,028.81","33,820.87","34,065.57","33,820.87","199.60M","0.61%"
"04/24/2012","33,820.87","33,703.21","33,901.24","33,703.21","172.50M","0.35%"
"04/23/2012","33,703.21","34,216.55","34,216.55","33,692.75","148.09M","-1.50%"
"04/20/2012","34,216.55","34,106.92","34,257.13","33,943.29","175.91M","0.32%"
"04/19/2012","34,106.92","34,050.24","34,224.62","34,021.92","165.59M","0.17%"
"04/18/2012","34,050.24","33,777.97","34,071.22","33,777.97","156.57M","0.81%"
"04/17/2012","33,777.97","33,661.21","33,777.97","33,569.01","180.51M","0.35%"
"04/16/2012","33,661.21","33,705.03","33,766.27","33,576.60","213.60M","-0.13%"
"04/13/2012","33,705.03","33,816.96","33,882.61","33,579.06","186.93M","-0.33%"
"04/12/2012","33,816.96","33,632.76","33,816.96","33,486.19","207.52M","0.55%"
"04/11/2012","33,632.76","33,617.74","33,712.41","33,458.51","224.16M","0.04%"
"04/10/2012","33,617.74","33,732.20","33,787.13","33,553.94","174.15M","-0.34%"
"04/05/2012","33,732.20","33,404.32","33,732.20","33,203.64","180.14M","0.98%"
"04/04/2012","33,404.32","34,192.19","34,192.19","33,404.32","234.39M","-2.30%"
"04/03/2012","34,192.19","33,974.63","34,210.76","33,948.47","201.82M","0.64%"
"04/02/2012","33,974.63","33,554.21","33,974.63","33,554.21","192.42M","1.25%"
"03/30/2012","33,554.21","33,483.26","33,733.16","33,483.26","226.07M","0.21%"
"03/29/2012","33,483.26","33,621.93","33,629.42","33,331.69","174.09M","-0.41%"
"03/28/2012","33,621.93","33,858.22","33,858.22","33,612.11","159.61M","-0.70%"
"03/27/2012","33,858.22","33,664.46","34,010.88","33,664.46","156.21M","0.58%"
"03/26/2012","33,664.46","33,572.07","33,726.42","33,461.21","165.91M","0.28%"
"03/23/2012","33,572.07","33,550.89","33,672.42","33,323.26","183.45M","0.06%"
"03/22/2012","33,550.89","33,878.56","33,975.34","33,493.65","227.68M","-0.97%"
"03/20/2012","33,878.56","34,214.07","34,214.07","33,840.09","244.75M","-0.98%"
"03/19/2012","34,214.07","34,221.62","34,312.61","34,035.16","150.79M","-0.02%"
"03/16/2012","34,221.62","34,215.30","34,438.60","34,215.30","279.92M","0.02%"
"03/15/2012","34,215.30","34,426.74","34,601.27","34,156.71","317.14M","-0.61%"
"03/14/2012","34,426.74","34,175.39","34,541.13","34,175.39","287.62M","0.74%"
"03/13/2012","34,175.39","33,901.72","34,239.46","33,901.72","203.20M","0.81%"
"03/12/2012","33,901.72","33,926.20","34,077.08","33,821.12","156.79M","-0.07%"
"03/09/2012","33,926.20","33,758.62","33,926.20","33,758.62","153.35M","0.50%"
"03/08/2012","33,758.62","33,592.32","33,841.32","33,563.07","216.80M","0.50%"
"03/07/2012","33,592.32","33,387.04","33,685.92","33,387.04","169.86M","0.61%"
"03/06/2012","33,387.04","34,031.77","34,031.77","33,330.34","214.78M","-1.89%"
"03/05/2012","34,031.77","34,186.81","34,186.81","33,910.71","136.15M","-0.45%"
"03/02/2012","34,186.81","34,298.48","34,298.48","34,023.12","180.11M","-0.33%"
"03/01/2012","34,298.48","34,296.00","34,298.48","33,948.12","193.91M","0.01%"
"02/29/2012","34,296.00","34,214.53","34,372.53","34,207.42","","0.24%"
"02/28/2012","34,214.53","33,871.32","34,214.53","33,871.32","183.72M","1.01%"
"02/27/2012","33,871.32","34,260.76","34,260.76","33,814.82","230.37M","-1.14%"
"02/24/2012","34,260.76","34,108.20","34,282.02","34,104.09","225.43M","0.45%"
"02/23/2012","34,108.20","34,006.52","34,230.04","34,006.52","212.91M","0.30%"
"02/22/2012","34,006.52","34,142.37","34,249.21","33,974.89","172.05M","-0.40%"
"02/21/2012","34,142.37","34,106.00","34,192.47","34,078.87","163.92M","0.11%"
"02/20/2012","34,106.00","34,082.78","34,239.90","34,082.78","113.35M","0.07%"
"02/17/2012","34,082.78","33,801.64","34,117.41","33,801.64","143.63M","0.83%"
"02/16/2012","33,801.64","34,089.87","34,089.87","33,721.43","161.37M","-0.85%"
"02/15/2012","34,089.87","34,112.44","34,300.54","34,089.87","209.24M","-0.07%"
"02/14/2012","34,112.44","34,207.43","34,245.91","34,044.42","204.39M","-0.28%"
"02/13/2012","34,207.43","33,892.58","34,230.21","33,892.58","161.31M","0.93%"
"02/10/2012","33,892.58","34,268.14","34,268.14","33,829.71","173.68M","-1.10%"
"02/09/2012","34,268.14","34,226.73","34,307.45","34,041.67","204.48M","0.12%"
"02/08/2012","34,226.73","33,974.45","34,282.94","33,974.45","195.43M","0.74%"
"02/07/2012","33,974.45","34,176.30","34,211.35","33,929.16","170.26M","-0.59%"
"02/06/2012","34,176.30","34,386.97","34,456.81","34,156.43","166.76M","-0.61%"
"02/03/2012","34,386.97","34,371.50","34,396.50","34,186.23","187.81M","0.05%"
"02/02/2012","34,371.50","34,139.52","34,460.57","34,139.52","248.15M","0.68%"
"02/01/2012","34,139.52","33,792.48","34,139.52","33,661.23","196.39M","1.03%"
"01/31/2012","33,792.48","33,629.77","33,988.79","33,629.77","252.54M","0.48%"
"01/30/2012","33,629.77","33,895.02","33,895.02","33,451.45","191.70M","-0.78%"
"01/27/2012","33,895.02","34,065.49","34,065.49","33,806.09","169.92M","-0.50%"
"01/26/2012","34,065.49","33,637.27","34,079.54","33,637.27","201.36M","1.27%"
"01/25/2012","33,637.27","33,733.46","33,828.75","33,491.41","195.68M","-0.29%"
"01/24/2012","33,733.46","33,940.48","33,940.48","33,602.31","193.82M","-0.61%"
"01/23/2012","33,940.48","33,703.38","33,949.41","33,651.74","160.61M","0.70%"
"01/20/2012","33,703.38","33,586.15","33,721.32","33,469.72","335.73M","0.35%"
"01/19/2012","33,586.15","33,550.09","33,656.37","33,488.05","210.85M","0.11%"
"01/18/2012","33,550.09","33,424.73","33,557.62","33,209.76","224.05M","0.38%"
"01/17/2012","33,424.73","33,205.01","33,489.91","33,205.01","187.73M","0.66%"
"01/16/2012","33,205.01","32,927.36","33,205.01","32,877.44","102.51M","0.84%"
"01/13/2012","32,927.36","33,008.52","33,189.45","32,841.98","151.08M","-0.25%"
"01/12/2012","33,008.52","32,827.05","33,110.10","32,812.06","165.79M","0.55%"
"01/11/2012","32,827.05","33,020.16","33,136.52","32,812.99","166.77M","-0.58%"
"01/10/2012","33,020.16","32,774.83","33,041.01","32,774.83","305.60M","0.75%"
"01/09/2012","32,774.83","32,749.57","32,855.88","32,627.08","152.04M","0.08%"
"01/06/2012","32,749.57","32,599.06","32,875.20","32,589.13","","0.46%"
"01/05/2012","32,599.06","32,899.68","32,899.68","32,583.91","151.76M","-0.91%"
"01/04/2012","32,899.68","32,768.35","33,006.83","32,720.46","135.62M","0.40%"
"01/03/2012","32,768.35","31,985.67","32,793.07","31,985.67","109.77M","2.45%"
"12/30/2011","31,985.67","31,995.87","32,095.37","31,985.67","39.42M","-0.03%"
"12/29/2011","31,995.87","32,092.87","32,092.87","31,775.44","","-0.30%"
"12/28/2011","32,092.87","32,127.25","32,244.80","32,027.14","132.25M","-0.11%"
"12/23/2011","32,127.25","31,904.14","32,179.35","31,904.14","64.48M","0.70%"
"12/22/2011","31,904.14","31,646.77","31,904.14","31,646.77","114.93M","0.81%"
"12/21/2011","31,646.77","31,783.90","32,022.36","31,554.19","","-0.43%"
"12/20/2011","31,783.90","31,721.37","31,783.90","31,541.18","165.10M","0.20%"
"12/19/2011","31,721.37","32,006.70","32,006.70","31,592.21","194.37M","-0.89%"
"12/15/2011","32,006.70","31,727.03","32,016.73","31,517.68","379.87M","0.88%"
"12/14/2011","31,727.03","32,208.20","32,227.64","31,703.18","250.04M","-1.49%"
"12/13/2011","32,208.20","32,270.06","32,437.90","32,154.79","180.26M","-0.19%"
"12/12/2011","32,270.06","32,632.92","32,670.96","32,237.77","470.89M","-1.11%"
"12/09/2011","32,632.92","32,760.17","32,760.17","32,371.89","157.56M","-0.39%"
"12/08/2011","32,760.17","32,760.27","33,034.15","32,735.75","186.27M","0.00%"
"12/07/2011","32,760.27","32,719.23","32,956.35","32,678.18","176.15M","0.13%"
"12/06/2011","32,719.23","32,832.22","32,832.22","32,572.73","203.97M","-0.34%"
"12/05/2011","32,832.22","32,610.90","32,907.38","32,570.50","238.70M","0.68%"
"12/02/2011","32,610.90","32,748.85","32,903.67","32,529.40","219.39M","-0.42%"
"12/01/2011","32,748.85","32,812.64","32,876.47","32,402.84","199.74M","-0.19%"
"11/30/2011","32,812.64","31,636.36","32,812.64","31,551.43","","3.72%"
"11/29/2011","31,636.36","31,829.34","31,849.40","31,472.45","223.71M","-0.61%"
"11/28/2011","31,829.34","31,123.96","31,829.34","31,123.96","147.63M","2.27%"
"11/25/2011","31,123.96","31,201.82","31,201.82","30,803.57","147.52M","-0.25%"
"11/24/2011","31,201.82","30,956.19","31,342.17","30,956.19","171.58M","0.79%"
"11/23/2011","30,956.19","31,369.74","31,369.74","30,833.89","210.64M","-1.32%"
"11/22/2011","31,369.74","31,116.01","31,430.63","31,116.01","183.59M","0.82%"
"11/21/2011","31,116.01","31,812.66","31,812.66","31,116.01","168.27M","-2.19%"
"11/18/2011","31,812.66","32,438.05","32,438.05","31,770.15","204.57M","-1.93%"
"11/17/2011","32,438.05","32,672.67","32,672.67","32,229.05","173.86M","-0.72%"
"11/16/2011","32,672.67","32,674.18","32,828.99","32,461.88","182.93M","0.00%"
"11/15/2011","32,674.18","32,343.89","32,675.84","32,204.24","168.99M","1.02%"
"11/14/2011","32,343.89","32,261.65","32,599.28","32,211.66","147.87M","0.25%"
"11/11/2011","32,261.65","32,216.61","32,261.65","31,924.73","128.80M","0.14%"
"11/10/2011","32,216.61","32,017.01","32,385.45","31,759.18","169.12M","0.62%"
"11/09/2011","32,017.01","32,670.42","32,840.57","32,017.01","164.55M","-2.00%"
"11/08/2011","32,670.42","32,514.38","32,763.48","32,293.63","149.55M","0.48%"
"11/07/2011","32,514.38","31,917.02","32,514.38","31,757.32","124.77M","1.87%"
"11/04/2011","31,917.02","32,211.88","32,494.61","31,803.63","171.68M","-0.92%"
"11/03/2011","32,211.88","32,196.56","32,296.90","31,818.09","203.90M","0.05%"
"11/02/2011","32,196.56","31,724.22","32,196.56","31,695.08","179.44M","1.49%"
"11/01/2011","31,724.22","32,348.54","32,348.54","31,564.91","259.11M","-1.93%"
"10/31/2011","32,348.54","32,894.11","32,894.11","32,348.54","222.32M","-1.66%"
"10/28/2011","32,894.11","32,452.55","32,894.11","32,452.55","218.92M","1.36%"
"10/27/2011","32,452.55","31,736.62","32,513.66","31,736.62","261.74M","2.26%"
"10/26/2011","31,736.62","31,663.61","31,994.66","31,663.61","200.73M","0.23%"
"10/25/2011","31,663.61","31,654.31","31,921.32","31,419.12","210.77M","0.03%"
"10/24/2011","31,654.31","31,449.99","31,799.73","31,404.78","157.02M","0.65%"
"10/21/2011","31,449.99","30,836.89","31,449.99","30,836.89","194.47M","1.99%"
"10/20/2011","30,836.89","31,197.35","31,197.35","30,689.14","214.71M","-1.16%"
"10/19/2011","31,197.35","31,054.20","31,298.18","31,030.01","239.70M","0.46%"
"10/18/2011","31,054.20","31,095.23","31,095.23","30,817.03","198.50M","-0.13%"
"10/17/2011","31,095.23","31,123.59","31,459.40","30,966.04","133.24M","-0.09%"
"10/14/2011","31,123.59","30,834.39","31,288.95","30,777.99","135.43M","0.94%"
"10/13/2011","30,834.39","31,129.95","31,245.25","30,834.39","148.68M","-0.95%"
"10/12/2011","31,129.95","30,803.88","31,274.19","30,665.53","182.75M","1.06%"
"10/11/2011","30,803.88","30,884.70","30,972.53","30,626.03","154.65M","-0.26%"
"10/10/2011","30,884.70","30,244.90","30,948.51","30,244.90","199.59M","2.12%"
"10/07/2011","30,244.90","29,888.87","30,467.77","29,888.87","151.58M","1.19%"
"10/06/2011","29,888.87","29,468.56","30,147.37","29,468.56","208.51M","1.43%"
"10/05/2011","29,468.56","29,178.27","29,551.07","29,059.67","209.61M","0.99%"
"10/04/2011","29,178.27","29,877.90","29,877.90","28,906.70","263.51M","-2.34%"
"10/03/2011","29,877.90","29,674.20","29,901.11","29,158.01","217.91M","0.69%"
"09/30/2011","29,674.20","29,688.89","29,749.35","29,320.80","278.10M","-0.05%"
"09/29/2011","29,688.89","30,339.03","30,451.14","29,675.71","192.29M","-2.14%"
"09/28/2011","30,339.03","30,752.40","30,909.46","30,280.07","164.00M","-1.34%"
"09/27/2011","30,752.40","29,718.56","30,752.40","29,718.56","213.69M","3.48%"
"09/26/2011","29,718.56","30,061.21","30,112.85","29,547.05","184.74M","-1.14%"
"09/23/2011","30,061.21","30,323.04","30,474.83","29,748.92","274.98M","-0.86%"
"09/22/2011","30,323.04","31,311.17","31,311.17","30,266.27","207.05M","-3.16%"
"09/21/2011","31,311.17","31,343.90","31,614.57","31,259.20","211.19M","-0.10%"
"09/20/2011","31,343.90","30,959.59","31,378.47","30,869.89","158.24M","1.24%"
"09/19/2011","30,959.59","31,051.35","31,051.35","30,730.16","187.42M","-0.30%"
"09/16/2011","31,051.35","30,998.05","31,248.29","30,866.60","222.63M","0.17%"
"09/15/2011","30,998.05","30,459.82","31,006.56","30,459.82","270.10M","1.77%"
"09/14/2011","30,459.82","30,032.71","30,547.14","29,893.15","262.30M","1.42%"
"09/13/2011","30,032.71","29,855.75","30,288.34","29,506.31","232.73M","0.59%"
"09/12/2011","29,855.75","30,440.87","30,440.87","29,584.26","251.03M","-1.92%"
"09/09/2011","30,440.87","30,918.00","30,918.99","30,251.86","204.48M","-1.54%"
"09/08/2011","30,918.00","30,514.60","30,918.00","30,374.16","210.13M","1.32%"
"09/07/2011","30,514.60","29,525.83","30,514.60","29,525.83","208.79M","3.35%"
"09/06/2011","29,525.83","29,888.14","30,175.62","29,418.91","263.29M","-1.21%"
"09/05/2011","29,888.14","30,518.92","30,518.92","29,807.67","236.94M","-2.07%"
"09/02/2011","30,518.92","31,088.12","31,088.12","30,326.18","211.88M","-1.83%"
"09/01/2011","31,088.12","31,005.50","31,199.48","30,582.46","212.28M","0.27%"
"08/31/2011","31,005.50","30,365.13","31,047.19","30,365.13","300.21M","2.11%"
"08/30/2011","30,365.13","30,292.76","30,392.79","30,189.76","198.07M","0.24%"
"08/29/2011","30,292.76","29,425.05","30,318.53","29,425.05","137.83M","2.95%"
"08/26/2011","29,425.05","29,349.45","29,530.44","28,970.94","177.24M","0.26%"
"08/25/2011","29,349.45","29,604.59","29,978.29","29,268.46","192.43M","-0.86%"
"08/24/2011","29,604.59","29,259.86","29,777.12","29,161.27","174.05M","1.18%"
"08/23/2011","29,259.86","29,433.12","29,743.18","29,042.12","174.99M","-0.59%"
"08/22/2011","29,433.12","29,378.69","29,639.62","29,001.60","168.64M","0.19%"
"08/19/2011","29,378.69","29,288.86","29,378.69","28,742.03","181.99M","0.31%"
"08/18/2011","29,288.86","30,178.72","30,178.72","29,099.58","226.82M","-2.95%"
"08/17/2011","30,178.72","29,987.27","30,312.73","29,743.95","271.00M","0.64%"
"08/16/2011","29,987.27","30,159.42","30,159.42","29,726.39","235.52M","-0.57%"
"08/15/2011","30,159.42","29,826.40","30,168.66","29,826.40","124.50M","1.12%"
"08/12/2011","29,826.40","29,490.20","30,077.25","29,286.69","249.98M","1.14%"
"08/11/2011","29,490.20","28,658.57","29,490.20","28,640.02","315.34M","2.90%"
"08/10/2011","28,658.57","28,391.18","29,193.76","28,391.18","424.04M","0.94%"
"08/08/2011","28,391.18","29,256.75","29,256.75","28,305.41","291.70M","-2.96%"
"08/05/2011","29,256.75","29,601.61","29,601.61","28,624.05","386.48M","-1.17%"
"08/04/2011","29,601.61","30,520.43","30,639.45","29,601.61","290.67M","-3.01%"
"08/03/2011","30,520.43","30,871.78","30,878.85","30,354.38","293.88M","-1.14%"
"08/02/2011","30,871.78","31,257.31","31,257.31","30,871.78","192.02M","-1.23%"
"08/01/2011","31,257.31","31,208.04","31,495.53","31,144.41","129.20M","0.16%"
"07/29/2011","31,208.04","31,446.39","31,446.39","30,974.00","178.58M","-0.76%"
"07/28/2011","31,446.39","31,593.99","31,593.99","31,273.73","163.06M","-0.47%"
"07/27/2011","31,593.99","31,868.73","31,946.73","31,521.72","170.66M","-0.86%"
"07/26/2011","31,868.73","32,065.84","32,191.33","31,780.86","128.45M","-0.61%"
"07/25/2011","32,065.84","32,016.30","32,111.73","31,859.22","136.92M","0.15%"
"07/22/2011","32,016.30","32,125.79","32,204.91","31,870.26","146.38M","-0.34%"
"07/21/2011","32,125.79","32,056.06","32,136.91","31,638.84","192.57M","0.22%"
"07/20/2011","32,056.06","32,058.68","32,312.52","31,944.05","207.51M","-0.01%"
"07/19/2011","32,058.68","31,871.59","32,172.02","31,871.59","173.70M","0.59%"
"07/18/2011","31,871.59","32,288.43","32,288.43","31,871.59","177.72M","-1.29%"
"07/15/2011","32,288.43","32,203.94","32,288.43","32,076.27","200.81M","0.26%"
"07/14/2011","32,203.94","32,310.38","32,416.84","32,121.33","210.78M","-0.33%"
"07/13/2011","32,310.38","31,926.55","32,310.38","31,926.55","213.11M","1.20%"
"07/12/2011","31,926.55","31,845.02","31,935.72","31,371.22","256.36M","0.26%"
"07/11/2011","31,845.02","32,002.33","32,030.50","31,793.02","175.85M","-0.49%"
"07/08/2011","32,002.33","32,296.07","32,383.14","31,893.90","197.10M","-0.91%"
"07/07/2011","32,296.07","32,130.71","32,369.32","32,130.71","158.75M","0.51%"
"07/06/2011","32,130.71","32,254.24","32,254.24","32,028.48","180.05M","-0.38%"
"07/05/2011","32,254.24","32,077.79","32,327.29","31,963.32","215.17M","0.55%"
"07/04/2011","32,077.79","31,925.47","32,120.24","31,925.47","136.90M","0.48%"
"07/01/2011","31,925.47","31,864.54","31,992.22","31,705.12","173.85M","0.19%"
"06/30/2011","31,864.54","31,726.30","31,936.37","31,635.00","216.01M","0.44%"
"06/29/2011","31,726.30","31,291.65","31,726.30","31,291.65","205.43M","1.39%"
"06/28/2011","31,291.65","30,897.05","31,291.65","30,822.33","214.13M","1.28%"
"06/27/2011","30,897.05","30,680.23","30,897.05","30,606.59","164.30M","0.71%"
"06/24/2011","30,680.23","30,326.54","30,900.99","30,326.54","223.19M","1.17%"
"06/23/2011","30,326.54","30,792.87","30,792.87","30,295.08","202.69M","-1.51%"
"06/22/2011","30,792.87","30,971.88","30,971.88","30,712.62","199.27M","-0.58%"
"06/21/2011","30,971.88","30,627.65","30,971.88","30,627.65","190.90M","1.12%"
"06/20/2011","30,627.65","30,669.26","30,669.26","30,407.95","158.03M","-0.14%"
"06/17/2011","30,669.26","31,000.52","31,000.52","30,458.91","358.95M","-1.07%"
"06/15/2011","31,000.52","31,229.36","31,366.49","30,960.28","281.26M","-0.73%"
"06/14/2011","31,229.36","31,176.58","31,426.17","31,120.43","245.06M","0.17%"
"06/13/2011","31,176.58","31,164.35","31,305.94","30,987.43","254.38M","0.04%"
"06/10/2011","31,164.35","31,634.17","31,634.17","31,107.02","184.02M","-1.49%"
"06/09/2011","31,634.17","31,521.33","31,703.89","31,414.09","230.17M","0.36%"
"06/08/2011","31,521.33","31,818.30","31,818.30","31,381.60","220.83M","-0.93%"
"06/07/2011","31,818.30","31,578.03","31,854.77","31,578.03","201.45M","0.76%"
"06/06/2011","31,578.03","31,575.65","31,637.97","31,352.93","165.82M","0.01%"
"06/03/2011","31,575.65","31,877.77","31,877.77","31,376.56","195.19M","-0.95%"
"06/02/2011","31,877.77","32,322.10","32,322.10","31,796.47","178.20M","-1.37%"
"06/01/2011","32,322.10","32,565.73","32,565.73","32,266.47","160.63M","-0.75%"
"05/31/2011","32,565.73","32,389.91","32,665.51","32,389.91","536.01M","0.54%"
"05/30/2011","32,389.91","32,384.41","32,484.38","32,254.89","99.60M","0.02%"
"05/27/2011","32,384.41","31,980.11","32,384.41","31,980.11","159.40M","1.26%"
"05/26/2011","31,980.11","31,793.59","32,125.14","31,773.36","169.94M","0.59%"
"05/25/2011","31,793.59","31,731.05","31,811.52","31,506.36","176.37M","0.20%"
"05/24/2011","31,731.05","31,344.53","31,785.24","31,344.53","225.92M","1.23%"
"05/23/2011","31,344.53","31,794.13","31,794.13","31,193.44","220.66M","-1.41%"
"05/20/2011","31,794.13","31,918.93","32,288.68","31,794.13","214.01M","-0.39%"
"05/19/2011","31,918.93","31,843.91","32,098.43","31,814.36","182.76M","0.24%"
"05/17/2011","31,843.91","32,156.01","32,218.73","31,843.91","227.73M","-0.97%"
"05/16/2011","32,156.01","31,959.93","32,156.01","31,678.46","188.11M","0.61%"
"05/13/2011","31,959.93","31,681.83","32,156.68","31,681.83","205.93M","0.88%"
"05/12/2011","31,681.83","32,051.35","32,051.35","31,546.41","193.73M","-1.15%"
"05/11/2011","32,051.35","32,085.56","32,381.75","31,940.74","221.68M","-0.11%"
"05/10/2011","32,085.56","31,609.78","32,129.80","31,609.78","224.77M","1.51%"
"05/09/2011","31,609.78","31,878.83","31,971.86","31,511.57","176.22M","-0.84%"
"05/06/2011","31,878.83","31,582.14","31,959.48","31,300.15","186.71M","0.94%"
"05/05/2011","31,582.14","31,856.64","32,040.37","31,365.08","204.15M","-0.86%"
"05/04/2011","31,856.64","32,325.83","32,325.83","31,763.39","193.20M","-1.45%"
"05/03/2011","32,325.83","32,836.23","32,836.23","32,250.22","187.05M","-1.55%"
"04/29/2011","32,836.23","32,659.95","32,836.23","32,517.98","108.93M","0.54%"
"04/28/2011","32,659.95","32,668.15","32,786.04","32,320.80","146.44M","-0.03%"
"04/26/2011","32,668.15","32,658.86","32,777.30","32,535.05","94.27M","0.03%"
"04/21/2011","32,658.86","32,526.30","32,754.34","32,518.08","160.08M","0.41%"
"04/20/2011","32,526.30","31,837.06","32,526.30","31,837.06","236.21M","2.16%"
"04/19/2011","31,837.06","31,388.63","31,905.73","31,388.63","193.92M","1.43%"
"04/18/2011","31,388.63","32,227.66","32,288.59","31,387.83","215.49M","-2.60%"
"04/15/2011","32,227.66","32,418.33","32,453.71","32,191.14","199.98M","-0.59%"
"04/14/2011","32,418.33","32,353.79","32,418.33","32,094.09","187.95M","0.20%"
"04/13/2011","32,353.79","32,239.87","32,507.55","32,239.87","190.01M","0.35%"
"04/12/2011","32,239.87","32,814.43","32,814.43","32,213.97","179.06M","-1.75%"
"04/11/2011","32,814.43","32,806.27","32,908.83","32,642.51","205.39M","0.02%"
"04/08/2011","32,806.27","32,633.25","32,914.20","32,633.25","264.42M","0.53%"
"04/07/2011","32,633.25","32,887.47","32,887.47","32,464.10","184.86M","-0.77%"
"04/06/2011","32,887.47","32,630.86","32,887.47","32,605.95","206.96M","0.79%"
"04/05/2011","32,630.86","32,437.77","32,645.99","32,393.62","159.03M","0.60%"
"04/04/2011","32,437.77","32,385.32","32,528.36","32,337.61","158.46M","0.16%"
"04/01/2011","32,385.32","32,204.06","32,385.32","32,126.81","205.71M","0.56%"
"03/31/2011","32,204.06","32,274.61","32,335.34","32,098.57","234.89M","-0.22%"
"03/30/2011","32,274.61","31,718.01","32,313.50","31,718.01","229.56M","1.75%"
"03/29/2011","31,718.01","31,377.12","31,718.01","31,377.12","175.04M","1.09%"
"03/28/2011","31,377.12","31,595.89","31,595.89","31,260.05","136.65M","-0.69%"
"03/25/2011","31,595.89","31,647.69","31,771.26","31,365.13","155.20M","-0.16%"
"03/24/2011","31,647.69","31,215.55","31,647.69","31,215.55","193.96M","1.38%"
"03/23/2011","31,215.55","30,868.31","31,330.21","30,843.33","191.75M","1.12%"
"03/22/2011","30,868.31","30,677.08","31,108.00","30,677.08","214.13M","0.62%"
"03/18/2011","30,677.08","30,718.55","31,094.51","30,624.54","230.05M","-0.14%"
"03/17/2011","30,718.55","30,612.41","30,807.50","30,452.43","245.71M","0.35%"
"03/16/2011","30,612.41","30,193.95","30,652.99","30,193.95","264.20M","1.39%"
"03/15/2011","30,193.95","30,878.58","30,878.58","29,944.24","251.20M","-2.22%"
"03/14/2011","30,878.58","31,173.86","31,173.86","30,826.56","165.20M","-0.95%"
"03/11/2011","31,173.86","30,898.94","31,173.86","30,501.86","310.17M","0.89%"
"03/10/2011","30,898.94","31,820.37","31,820.37","30,837.32","266.03M","-2.90%"
"03/09/2011","31,820.37","31,827.42","32,165.37","31,809.78","226.44M","-0.02%"
"03/08/2011","31,827.42","32,298.21","32,298.21","31,733.54","253.46M","-1.46%"
"03/07/2011","32,298.21","32,337.06","32,446.12","31,965.10","209.99M","-0.12%"
"03/04/2011","32,337.06","32,350.12","32,490.40","32,306.64","295.73M","-0.04%"
"03/03/2011","32,350.12","31,973.09","32,351.28","31,934.53","186.45M","1.18%"
"03/02/2011","31,973.09","32,050.73","32,050.73","31,692.89","174.95M","-0.24%"
"03/01/2011","32,050.73","32,272.09","32,460.49","32,050.73","206.91M","-0.69%"
"02/28/2011","32,272.09","31,965.59","32,272.09","31,755.51","208.60M","0.96%"
"02/25/2011","31,965.59","31,706.47","31,965.59","31,440.16","183.79M","0.82%"
"02/24/2011","31,706.47","31,932.07","31,986.38","31,361.39","228.51M","-0.71%"
"02/23/2011","31,932.07","32,444.20","32,444.20","31,932.07","222.14M","-1.58%"
"02/22/2011","32,444.20","32,806.67","32,806.67","32,330.81","244.32M","-1.10%"
"02/21/2011","32,806.67","32,514.03","32,872.62","32,514.03","149.58M","0.90%"
"02/18/2011","32,514.03","32,722.91","32,864.34","32,453.76","179.97M","-0.64%"
"02/17/2011","32,722.91","32,778.12","32,917.48","32,699.19","195.36M","-0.17%"
"02/16/2011","32,778.12","33,060.28","33,203.31","32,691.14","208.13M","-0.85%"
"02/15/2011","33,060.28","33,094.06","33,171.18","32,952.79","208.80M","-0.10%"
"02/14/2011","33,094.06","32,954.33","33,334.55","32,954.33","169.93M","0.42%"
"02/11/2011","32,954.33","32,409.48","32,954.33","32,401.21","223.49M","1.68%"
"02/10/2011","32,409.48","32,677.56","32,678.72","32,304.23","247.80M","-0.82%"
"02/09/2011","32,677.56","32,788.86","32,903.00","32,613.24","240.73M","-0.34%"
"02/08/2011","32,788.86","32,800.23","32,953.24","32,681.98","272.96M","-0.03%"
"02/07/2011","32,800.23","32,902.52","33,122.43","32,800.23","215.58M","-0.31%"
"02/04/2011","32,902.52","32,794.84","33,045.20","32,794.84","225.89M","0.33%"
"02/03/2011","32,794.84","32,487.61","32,794.84","32,487.61","243.74M","0.95%"
"02/02/2011","32,487.61","31,838.16","32,487.61","31,838.16","235.83M","2.04%"
"02/01/2011","31,838.16","31,398.75","31,845.88","31,398.75","230.26M","1.40%"
"01/31/2011","31,398.75","31,543.05","31,543.05","31,135.46","233.63M","-0.46%"
"01/28/2011","31,543.05","32,138.54","32,138.54","31,522.60","228.16M","-1.85%"
"01/27/2011","32,138.54","31,965.24","32,247.90","31,965.24","228.93M","0.54%"
"01/26/2011","31,965.24","31,656.63","32,052.88","31,656.63","221.78M","0.97%"
"01/25/2011","31,656.63","31,869.06","32,058.72","31,594.26","198.30M","-0.67%"
"01/24/2011","31,869.06","32,140.01","32,175.97","31,767.25","164.66M","-0.84%"
"01/21/2011","32,140.01","31,837.14","32,140.01","31,742.91","192.86M","0.95%"
"01/20/2011","31,837.14","32,363.75","32,363.75","31,834.69","275.52M","-1.63%"
"01/19/2011","32,363.75","32,559.72","32,725.87","32,361.12","184.81M","-0.60%"
"01/18/2011","32,559.72","32,316.20","32,755.03","32,316.20","170.38M","0.75%"
"01/17/2011","32,316.20","32,661.06","32,661.06","32,316.20","122.65M","-1.06%"
"01/14/2011","32,661.06","32,632.15","32,661.06","32,397.71","138.13M","0.09%"
"01/13/2011","32,632.15","32,483.94","32,726.03","32,440.79","168.80M","0.46%"
"01/12/2011","32,483.94","32,162.15","32,600.63","32,162.15","181.86M","1.00%"
"01/11/2011","32,162.15","31,698.49","32,162.15","31,698.49","224.00M","1.46%"
"01/10/2011","31,698.49","31,929.72","32,004.83","31,688.84","171.90M","-0.72%"
"01/07/2011","31,929.72","32,115.88","32,115.88","31,732.64","140.09M","-0.58%"
"01/06/2011","32,115.88","32,010.53","32,180.46","32,010.53","124.74M","0.33%"
"01/05/2011","32,010.53","32,427.40","32,427.40","31,879.01","144.75M","-1.29%"
"01/04/2011","32,427.40","32,308.11","32,429.33","32,258.26","111.92M","0.37%"
"01/03/2011","32,308.11","32,118.89","32,308.11","32,117.20","77.73M","0.59%"
"12/31/2010","32,118.89","32,210.04","32,210.04","32,092.82","51.07M","-0.28%"
"12/30/2010","32,210.04","32,123.40","32,227.23","32,097.16","85.45M","0.27%"
"12/29/2010","32,123.40","32,012.31","32,123.40","31,951.17","65.76M","0.35%"
"12/28/2010","32,012.31","32,037.06","32,135.27","31,922.95","55.69M","-0.08%"
"12/24/2010","32,037.06","32,127.31","32,127.31","32,037.06","24.01M","-0.28%"
"12/23/2010","32,127.31","32,058.97","32,167.16","32,006.45","104.66M","0.21%"
"12/22/2010","32,058.97","32,063.81","32,180.64","31,984.49","151.81M","-0.02%"
"12/21/2010","32,063.81","31,732.52","32,063.81","31,732.52","122.61M","1.04%"
"12/20/2010","31,732.52","31,631.07","31,835.24","31,619.55","96.96M","0.32%"
"12/17/2010","31,631.07","31,703.61","31,815.46","31,560.01","232.99M","-0.23%"
"12/15/2010","31,703.61","31,666.64","31,775.23","31,601.40","342.86M","0.12%"
"12/14/2010","31,666.64","31,565.18","31,720.42","31,565.18","238.83M","0.32%"
"12/13/2010","31,565.18","31,488.81","31,661.02","31,488.81","188.11M","0.24%"
"12/10/2010","31,488.81","31,617.66","31,686.61","31,366.47","203.92M","-0.41%"
"12/09/2010","31,617.66","31,769.88","31,898.61","31,568.01","194.15M","-0.48%"
"12/08/2010","31,769.88","31,764.37","31,835.20","31,512.33","198.47M","0.02%"
"12/07/2010","31,764.37","31,655.93","31,976.46","31,623.93","243.88M","0.34%"
"12/06/2010","31,655.93","31,376.93","31,729.48","31,376.93","240.30M","0.89%"
"12/03/2010","31,376.93","31,145.18","31,480.15","31,131.52","248.62M","0.74%"
"12/02/2010","31,145.18","30,787.32","31,145.18","30,787.32","236.32M","1.16%"
"12/01/2010","30,787.32","30,266.40","30,851.15","30,266.40","304.62M","1.72%"
"11/30/2010","30,266.40","30,716.24","30,852.64","30,248.56","294.62M","-1.46%"
"11/29/2010","30,716.24","31,181.38","31,483.26","30,716.24","153.18M","-1.49%"
"11/26/2010","31,181.38","31,298.22","31,298.22","30,924.36","130.21M","-0.37%"
"11/25/2010","31,298.22","31,112.49","31,363.31","31,112.49","122.04M","0.60%"
"11/24/2010","31,112.49","30,895.07","31,166.21","30,801.09","178.03M","0.70%"
"11/23/2010","30,895.07","31,403.81","31,403.81","30,895.07","206.70M","-1.62%"
"11/22/2010","31,403.81","31,398.82","31,672.30","31,264.63","167.32M","0.02%"
"11/19/2010","31,398.82","31,574.00","31,685.19","31,293.76","201.25M","-0.55%"
"11/18/2010","31,574.00","31,345.17","31,693.89","31,345.17","213.68M","0.73%"
"11/17/2010","31,345.17","31,419.68","31,419.68","31,136.60","208.66M","-0.24%"
"11/16/2010","31,419.68","31,816.61","31,816.61","31,419.68","183.88M","-1.25%"
"11/15/2010","31,816.61","31,692.80","31,859.05","31,442.59","155.64M","0.39%"
"11/12/2010","31,692.80","31,560.07","31,692.80","31,201.11","188.44M","0.42%"
"11/11/2010","31,560.07","31,517.83","31,705.38","31,450.96","224.86M","0.13%"
"11/10/2010","31,517.83","31,662.14","31,662.14","31,412.58","252.57M","-0.46%"
"11/09/2010","31,662.14","31,388.98","31,708.17","31,363.10","208.07M","0.87%"
"11/08/2010","31,388.98","31,456.46","31,456.46","31,217.68","160.22M","-0.21%"
"11/05/2010","31,456.46","31,327.90","31,456.46","31,157.09","225.68M","0.41%"
"11/04/2010","31,327.90","30,817.97","31,327.90","30,817.97","251.47M","1.65%"
"11/03/2010","30,817.97","30,609.63","30,951.36","30,609.63","239.22M","0.68%"
"11/02/2010","30,609.63","30,637.96","30,653.18","30,427.22","163.57M","-0.09%"
"11/01/2010","30,637.96","30,430.90","30,646.30","30,377.50","133.55M","0.68%"
"10/29/2010","30,430.90","30,186.58","30,430.90","30,077.02","134.79M","0.81%"
"10/28/2010","30,186.58","29,955.84","30,269.60","29,955.84","148.47M","0.77%"
"10/27/2010","29,955.84","30,133.78","30,188.07","29,942.78","182.02M","-0.59%"
"10/26/2010","30,133.78","30,262.64","30,262.64","29,945.26","176.58M","-0.43%"
"10/25/2010","30,262.64","30,118.16","30,446.63","30,118.16","168.84M","0.48%"
"10/22/2010","30,118.16","30,439.46","30,439.46","30,046.11","150.19M","-1.06%"
"10/21/2010","30,439.46","30,080.50","30,443.35","30,056.74","181.76M","1.19%"
"10/20/2010","30,080.50","30,003.08","30,081.40","29,889.84","213.04M","0.26%"
"10/19/2010","30,003.08","30,177.05","30,442.98","29,959.56","220.37M","-0.58%"
"10/18/2010","30,177.05","30,065.99","30,177.05","29,839.84","126.92M","0.37%"
"10/15/2010","30,065.99","30,251.34","30,299.44","29,965.00","210.83M","-0.61%"
"10/14/2010","30,251.34","30,267.46","30,498.89","30,089.14","190.55M","-0.05%"
"10/13/2010","30,267.46","29,779.15","30,267.46","29,779.15","229.78M","1.64%"
"10/12/2010","29,779.15","29,747.11","29,792.90","29,472.05","167.02M","0.11%"
"10/11/2010","29,747.11","29,647.99","29,830.93","29,635.78","179.44M","0.33%"
"10/08/2010","29,647.99","29,524.11","29,647.99","29,405.97","166.35M","0.42%"
"10/07/2010","29,524.11","29,697.98","29,859.83","29,505.66","205.13M","-0.59%"
"10/06/2010","29,697.98","29,569.04","29,846.59","29,569.04","211.31M","0.44%"
"10/05/2010","29,569.04","29,294.97","29,569.04","29,152.03","178.79M","0.94%"
"10/04/2010","29,294.97","29,266.73","29,411.49","29,238.17","160.25M","0.10%"
"10/01/2010","29,266.73","29,456.04","29,456.04","29,210.25","154.96M","-0.64%"
"09/30/2010","29,456.04","29,069.83","29,456.04","28,996.17","224.47M","1.33%"
"09/29/2010","29,069.83","28,972.47","29,160.18","28,968.18","210.99M","0.34%"
"09/28/2010","28,972.47","28,959.42","29,017.33","28,714.68","194.88M","0.05%"
"09/27/2010","28,959.42","28,714.77","29,109.98","28,714.77","175.23M","0.85%"
"09/23/2010","28,714.77","28,722.72","28,776.22","28,523.18","150.73M","-0.03%"
"09/22/2010","28,722.72","28,724.74","28,804.88","28,489.21","185.98M","-0.01%"
"09/21/2010","28,724.74","28,710.93","28,803.45","28,639.14","178.35M","0.05%"
"09/20/2010","28,710.93","28,413.56","28,718.21","28,402.16","173.51M","1.05%"
"09/17/2010","28,413.56","28,464.93","28,746.90","28,285.30","183.14M","-0.18%"
"09/16/2010","28,464.93","28,502.08","28,502.39","28,349.91","212.46M","-0.13%"
"09/15/2010","28,502.08","28,502.19","28,531.36","28,313.61","213.25M","0.00%"
"09/14/2010","28,502.19","28,491.34","28,561.17","28,345.35","226.39M","0.04%"
"09/13/2010","28,491.34","28,087.10","28,491.34","28,087.10","204.29M","1.44%"
"09/10/2010","28,087.10","27,984.93","28,095.28","27,942.09","152.10M","0.37%"
"09/09/2010","27,984.93","27,911.14","28,207.92","27,830.52","218.33M","0.26%"
"09/08/2010","27,911.14","27,665.29","27,911.14","27,602.72","301.91M","0.89%"
"09/07/2010","27,665.29","27,980.60","27,980.60","27,613.07","133.78M","-1.13%"
"09/06/2010","27,980.60","27,942.89","28,131.55","27,883.88","117.16M","0.13%"
"09/03/2010","27,942.89","27,840.98","28,099.73","27,839.50","159.97M","0.37%"
"09/02/2010","27,840.98","27,979.26","28,047.13","27,823.83","235.90M","-0.49%"
"09/01/2010","27,979.26","27,253.87","27,979.26","27,253.87","185.31M","2.66%"
"08/31/2010","27,253.87","27,142.00","27,255.27","26,723.23","233.04M","0.41%"
"08/30/2010","27,142.00","26,738.91","27,182.72","26,738.91","116.32M","1.51%"
"08/27/2010","26,738.91","26,873.08","26,908.43","26,640.04","165.05M","-0.50%"
"08/26/2010","26,873.08","26,470.47","26,925.55","26,470.47","170.62M","1.52%"
"08/25/2010","26,470.47","27,069.73","27,069.73","26,431.71","189.44M","-2.21%"
"08/24/2010","27,069.73","27,361.70","27,361.70","26,853.51","204.13M","-1.07%"
"08/23/2010","27,361.70","26,989.63","27,444.10","26,974.57","217.99M","1.38%"
"08/20/2010","26,989.63","27,148.75","27,209.15","26,852.20","174.21M","-0.59%"
"08/19/2010","27,148.75","27,287.09","27,491.06","27,078.15","215.44M","-0.51%"
"08/18/2010","27,287.09","27,680.73","27,680.73","27,282.53","189.06M","-1.42%"
"08/17/2010","27,680.73","27,583.09","27,757.29","27,580.78","160.98M","0.35%"
"08/16/2010","27,583.09","27,526.23","27,649.00","27,364.44","121.48M","0.21%"
"08/13/2010","27,526.23","27,467.15","27,742.05","27,355.43","146.92M","0.22%"
"08/12/2010","27,467.15","27,461.76","27,539.60","27,193.68","194.93M","0.02%"
"08/11/2010","27,461.76","27,917.70","27,917.70","27,461.76","163.28M","-1.63%"
"08/10/2010","27,917.70","28,282.12","28,305.61","27,917.70","150.15M","-1.29%"
"08/06/2010","28,282.12","28,527.88","28,716.06","28,282.12","170.56M","-0.86%"
"08/05/2010","28,527.88","28,540.46","28,740.59","28,460.37","186.10M","-0.04%"
"08/04/2010","28,540.46","28,627.17","28,659.22","28,459.67","303.91M","-0.30%"
"08/03/2010","28,627.17","28,883.19","28,908.59","28,594.98","238.33M","-0.89%"
"08/02/2010","28,883.19","28,355.21","28,890.01","28,355.21","231.50M","1.86%"
"07/30/2010","28,355.21","28,550.07","28,550.07","28,084.66","194.27M","-0.68%"
"07/29/2010","28,550.07","28,367.26","28,550.07","28,356.97","169.79M","0.64%"
"07/28/2010","28,367.26","28,461.48","28,659.06","28,276.79","199.17M","-0.33%"
"07/27/2010","28,461.48","28,499.00","28,761.03","28,290.47","149.53M","-0.13%"
"07/26/2010","28,499.00","28,424.17","28,698.34","28,423.68","186.37M","0.26%"
"07/23/2010","28,424.17","28,274.03","28,512.95","28,229.03","205.97M","0.53%"
"07/22/2010","28,274.03","27,833.52","28,292.16","27,649.87","226.93M","1.58%"
"07/21/2010","27,833.52","27,349.61","27,908.61","27,349.61","200.98M","1.77%"
"07/20/2010","27,349.61","27,329.75","27,551.06","27,075.14","195.84M","0.07%"
"07/19/2010","27,329.75","27,529.83","27,561.94","27,271.04","181.90M","-0.73%"
"07/16/2010","27,529.83","27,474.68","27,939.94","27,342.79","232.12M","0.20%"
"07/15/2010","27,474.68","27,443.67","27,761.86","27,309.52","250.48M","0.11%"
"07/14/2010","27,443.67","27,495.94","27,679.32","27,303.67","181.39M","-0.19%"
"07/13/2010","27,495.94","27,192.31","27,556.55","27,058.77","184.54M","1.12%"
"07/12/2010","27,192.31","27,272.31","27,307.48","27,038.84","119.56M","-0.29%"
"07/09/2010","27,272.31","27,061.19","27,282.34","27,061.19","140.65M","0.78%"
"07/08/2010","27,061.19","26,854.92","27,153.66","26,854.92","193.97M","0.77%"
"07/07/2010","26,854.92","26,723.87","26,854.92","26,443.28","123.60M","0.49%"
"07/06/2010","26,723.87","26,182.67","26,723.87","26,182.67","156.25M","2.07%"
"07/05/2010","26,182.67","26,314.56","26,385.39","26,168.18","115.14M","-0.50%"
"07/02/2010","26,314.56","26,009.53","26,363.50","25,969.63","146.32M","1.17%"
"07/01/2010","26,009.53","26,258.82","26,351.74","25,973.20","191.09M","-0.95%"
"06/30/2010","26,258.82","26,698.70","26,709.52","26,243.33","220.69M","-1.65%"
"06/29/2010","26,698.70","27,289.72","27,289.72","26,574.09","118.94M","-2.17%"
"06/28/2010","27,289.72","27,258.07","27,440.13","27,114.74","131.56M","0.12%"
"06/25/2010","27,258.07","27,413.65","27,507.26","27,217.34","127.27M","-0.57%"
"06/24/2010","27,413.65","27,617.91","27,765.92","27,385.84","142.69M","-0.74%"
"06/23/2010","27,617.91","27,917.51","27,917.51","27,518.83","152.42M","-1.07%"
"06/22/2010","27,917.51","28,029.33","28,029.33","27,699.17","187.31M","-0.40%"
"06/21/2010","28,029.33","27,761.70","28,214.75","27,761.70","181.10M","0.96%"
"06/18/2010","27,761.70","27,799.03","28,052.08","27,607.61","244.34M","-0.13%"
"06/17/2010","27,799.03","27,682.72","27,972.72","27,600.96","302.00M","0.42%"
"06/15/2010","27,682.72","27,446.09","27,707.64","27,213.99","212.81M","0.86%"
"06/14/2010","27,446.09","26,849.17","27,446.09","26,849.17","172.77M","2.22%"
"06/11/2010","26,849.17","27,133.87","27,227.28","26,747.95","112.79M","-1.05%"
"06/10/2010","27,133.87","26,650.86","27,133.87","26,560.82","240.98M","1.81%"
"06/09/2010","26,650.86","26,019.71","26,650.86","26,019.71","196.80M","2.43%"
"06/08/2010","26,019.71","26,193.37","26,469.21","25,977.88","201.61M","-0.66%"
"06/07/2010","26,193.37","26,558.14","26,558.14","26,193.37","178.32M","-1.37%"
"06/04/2010","26,558.14","27,135.78","27,266.34","26,433.75","241.70M","-2.13%"
"06/03/2010","27,135.78","27,248.11","27,698.43","27,070.88","208.90M","-0.41%"
"06/02/2010","27,248.11","27,309.06","27,309.06","27,028.38","227.06M","-0.22%"
"06/01/2010","27,309.06","27,145.36","27,357.38","26,741.24","194.08M","0.60%"
"05/31/2010","27,145.36","27,202.72","27,341.63","27,047.38","100.12M","-0.21%"
"05/28/2010","27,202.72","27,449.74","27,516.68","27,149.56","211.59M","-0.90%"
"05/27/2010","27,449.74","27,047.51","27,449.74","27,039.68","208.83M","1.49%"
"05/26/2010","27,047.51","26,179.84","27,047.51","26,179.84","405.70M","3.31%"
"05/25/2010","26,179.84","26,777.79","26,777.79","25,961.34","196.59M","-2.23%"
"05/24/2010","26,777.79","26,258.21","26,802.80","26,258.21","210.00M","1.98%"
"05/21/2010","26,258.21","26,337.51","26,554.89","25,833.89","283.79M","-0.30%"
"05/20/2010","26,337.51","27,175.04","27,240.96","26,195.20","256.81M","-3.08%"
"05/19/2010","27,175.04","27,573.83","27,573.83","26,935.56","196.38M","-1.45%"
"05/18/2010","27,573.83","27,306.74","27,617.44","27,302.39","222.54M","0.98%"
"05/17/2010","27,306.74","27,342.35","27,424.79","26,882.62","168.57M","-0.13%"
"05/14/2010","27,342.35","28,041.85","28,041.85","27,284.04","166.49M","-2.49%"
"05/13/2010","28,041.85","28,178.23","28,338.77","27,921.55","199.68M","-0.48%"
"05/12/2010","28,178.23","27,513.98","28,178.23","27,513.98","260.42M","2.41%"
"05/11/2010","27,513.98","27,661.61","27,661.61","27,345.94","243.74M","-0.53%"
"05/10/2010","27,661.61","26,515.07","27,695.84","26,515.07","260.82M","4.32%"
"05/07/2010","26,515.07","27,512.83","27,512.83","26,379.18","338.05M","-3.63%"
"05/06/2010","27,512.83","27,616.68","27,758.94","27,243.04","272.34M","-0.38%"
"05/05/2010","27,616.68","27,935.85","28,066.85","27,458.80","296.76M","-1.14%"
"05/04/2010","27,935.85","28,630.82","28,741.01","27,935.85","281.86M","-2.43%"
"05/03/2010","28,630.82","28,635.76","28,660.17","28,399.11","131.34M","-0.02%"
"04/30/2010","28,635.76","28,716.27","28,911.42","28,450.28","182.99M","-0.28%"
"04/29/2010","28,716.27","28,524.78","28,716.27","28,299.91","163.38M","0.67%"
"04/28/2010","28,524.78","29,309.47","29,309.47","28,416.48","221.15M","-2.68%"
"04/26/2010","29,309.47","28,931.40","29,320.38","28,931.40","125.72M","1.31%"
"04/23/2010","28,931.40","28,822.34","28,960.20","28,814.94","145.33M","0.38%"
"04/22/2010","28,822.34","28,938.78","29,098.41","28,600.68","210.46M","-0.40%"
"04/21/2010","28,938.78","29,012.46","29,106.79","28,798.84","165.27M","-0.25%"
"04/20/2010","29,012.46","28,731.02","29,124.58","28,731.02","179.37M","0.98%"
"04/19/2010","28,731.02","29,054.40","29,054.40","28,574.76","147.87M","-1.11%"
"04/16/2010","29,054.40","29,565.10","29,565.10","29,054.40","183.01M","-1.73%"
"04/15/2010","29,565.10","29,499.70","29,565.10","29,307.87","202.51M","0.22%"
"04/14/2010","29,499.70","28,941.83","29,499.70","28,941.83","152.81M","1.93%"
"04/13/2010","28,941.83","29,210.09","29,269.81","28,941.83","180.99M","-0.92%"
"04/12/2010","29,210.09","29,357.50","29,499.01","29,170.52","147.47M","-0.50%"
"04/09/2010","29,357.50","29,030.38","29,357.50","29,030.38","200.35M","1.13%"
"04/08/2010","29,030.38","29,265.17","29,265.17","28,912.78","303.77M","-0.80%"
"04/07/2010","29,265.17","29,367.74","29,367.74","29,123.46","213.06M","-0.35%"
"04/06/2010","29,367.74","29,020.02","29,367.74","29,020.02","225.49M","1.20%"
"04/01/2010","29,020.02","28,747.56","29,020.02","28,747.56","161.67M","0.95%"
"03/31/2010","28,747.56","28,735.26","28,828.17","28,581.25","205.12M","0.04%"
"03/30/2010","28,735.26","28,705.82","29,025.05","28,705.82","167.11M","0.10%"
"03/29/2010","28,705.82","28,583.45","28,789.53","28,583.45","181.95M","0.43%"
"03/26/2010","28,583.45","28,555.53","28,659.36","28,476.44","212.11M","0.10%"
"03/25/2010","28,555.53","28,401.68","28,671.85","28,305.45","232.93M","0.54%"
"03/24/2010","28,401.68","28,451.01","28,648.72","28,235.55","258.22M","-0.17%"
"03/23/2010","28,451.01","28,544.15","28,643.15","28,448.20","201.25M","-0.33%"
"03/19/2010","28,544.15","28,806.14","28,851.80","28,491.32","403.73M","-0.91%"
"03/18/2010","28,806.14","28,530.94","28,851.80","28,491.32","403.73M","0.96%"
"03/17/2010","28,530.94","28,252.59","28,542.24","28,252.59","231.12M","0.99%"
"03/16/2010","28,252.59","28,032.87","28,252.59","28,032.87","168.84M","0.78%"
"03/15/2010","28,032.87","28,262.40","28,262.40","28,001.66","178.81M","-0.81%"
"03/12/2010","28,262.40","27,911.43","28,269.66","27,911.43","211.99M","1.26%"
"03/11/2010","27,911.43","28,087.67","28,198.03","27,911.43","244.25M","-0.63%"
"03/10/2010","28,087.67","27,898.14","28,129.20","27,855.54","162.02M","0.68%"
"03/09/2010","27,898.14","28,116.69","28,116.69","27,835.48","208.48M","-0.78%"
"03/08/2010","28,116.69","27,904.65","28,185.03","27,904.65","184.92M","0.76%"
"03/05/2010","27,904.65","27,774.10","27,908.00","27,641.36","187.83M","0.47%"
"03/04/2010","27,774.10","27,683.65","27,817.93","27,506.87","199.44M","0.33%"
"03/03/2010","27,683.65","27,371.92","27,683.65","27,371.92","227.73M","1.14%"
"03/02/2010","27,371.92","27,026.02","27,371.92","27,026.02","213.07M","1.28%"
"03/01/2010","27,026.02","26,764.61","27,076.68","26,764.61","158.67M","0.98%"
"02/26/2010","26,764.61","26,731.85","26,942.92","26,652.34","195.49M","0.12%"
"02/25/2010","26,731.85","26,933.08","26,968.69","26,616.45","237.98M","-0.75%"
"02/24/2010","26,933.08","27,055.50","27,055.50","26,763.10","192.77M","-0.45%"
"02/23/2010","27,055.50","27,284.16","27,474.02","26,950.45","241.27M","-0.84%"
"02/22/2010","27,284.16","27,069.13","27,419.47","27,069.13","222.45M","0.79%"
"02/19/2010","27,069.13","27,280.58","27,280.58","26,885.51","174.27M","-0.78%"
"02/18/2010","27,280.58","27,192.58","27,280.58","26,916.22","232.50M","0.32%"
"02/17/2010","27,192.58","26,939.80","27,290.49","26,939.80","268.48M","0.94%"
"02/16/2010","26,939.80","26,701.36","26,939.80","26,701.36","187.69M","0.89%"
"02/15/2010","26,701.36","26,262.41","26,704.39","26,262.41","132.85M","1.67%"
"02/12/2010","26,262.41","26,350.60","26,681.74","26,149.93","217.23M","-0.33%"
"02/11/2010","26,350.60","26,359.17","26,611.49","26,277.70","187.58M","-0.03%"
"02/10/2010","26,359.17","26,455.10","26,602.64","26,343.09","187.65M","-0.36%"
"02/09/2010","26,455.10","26,041.96","26,455.10","26,041.96","229.10M","1.59%"
"02/08/2010","26,041.96","25,793.06","26,247.48","25,793.06","201.94M","0.96%"
"02/05/2010","25,793.06","26,318.36","26,318.36","25,733.31","264.20M","-2.00%"
"02/04/2010","26,318.36","26,926.46","26,926.46","26,318.36","208.82M","-2.26%"
"02/03/2010","26,926.46","26,812.25","27,089.62","26,805.66","185.26M","0.43%"
"02/02/2010","26,812.25","26,487.48","26,859.34","26,487.48","185.13M","1.23%"
"02/01/2010","26,487.48","26,675.95","26,675.95","26,317.40","155.62M","-0.71%"
"01/29/2010","26,675.95","26,795.30","26,795.30","26,409.55","259.30M","-0.45%"
"01/28/2010","26,795.30","26,802.13","27,040.24","26,795.30","197.05M","-0.03%"
"01/27/2010","26,802.13","26,652.05","26,900.40","26,512.19","214.00M","0.56%"
"01/26/2010","26,652.05","27,080.04","27,080.04","26,562.21","229.63M","-1.58%"
"01/25/2010","27,080.04","27,063.24","27,319.69","26,997.95","186.53M","0.06%"
"01/22/2010","27,063.24","27,489.85","27,489.85","26,929.92","253.31M","-1.55%"
"01/21/2010","27,489.85","27,901.74","27,976.23","27,446.67","283.16M","-1.48%"
"01/20/2010","27,901.74","28,086.66","28,095.63","27,901.74","234.22M","-0.66%"
"01/19/2010","28,086.66","28,099.70","28,161.20","27,946.52","176.11M","-0.05%"
"01/18/2010","28,099.70","27,929.22","28,151.36","27,829.16","198.13M","0.61%"
"01/15/2010","27,929.22","28,141.80","28,178.19","27,877.54","178.21M","-0.76%"
"01/14/2010","28,141.80","28,067.00","28,305.08","28,022.30","184.08M","0.27%"
"01/13/2010","28,067.00","28,057.68","28,155.49","27,909.94","172.22M","0.03%"
"01/12/2010","28,057.68","28,346.78","28,346.78","27,920.44","185.45M","-1.02%"
"01/11/2010","28,346.78","28,266.54","28,591.35","28,266.54","189.21M","0.28%"
"01/08/2010","28,266.54","28,017.81","28,283.26","28,017.81","157.90M","0.89%"
"01/07/2010","28,017.81","28,080.36","28,080.77","27,860.59","147.23M","-0.22%"
"01/06/2010","28,080.36","27,998.87","28,179.20","27,978.20","109.54M","0.29%"
"01/05/2010","27,998.87","27,895.19","28,094.79","27,891.33","139.15M","0.37%"
"01/04/2010","27,895.19","27,666.45","27,934.36","27,660.02","85.19M","0.83%"
"12/31/2009","27,666.45","27,475.25","27,673.74","27,475.25","66.36M","0.70%"
"12/30/2009","27,475.25","27,655.21","27,716.39","27,303.17","69.20M","-0.65%"
"12/29/2009","27,655.21","27,888.91","27,935.38","27,613.14","92.40M","-0.84%"
"12/28/2009","27,888.91","27,580.22","27,888.91","27,580.22","56.11M","1.12%"
"12/24/2009","27,580.22","27,607.92","27,706.36","27,552.84","40.50M","-0.10%"
"12/23/2009","27,607.92","27,621.93","27,724.81","27,585.67","77.92M","-0.05%"
"12/22/2009","27,621.93","27,495.42","27,772.59","27,495.42","113.06M","0.46%"
"12/21/2009","27,495.42","27,346.00","27,548.58","27,258.30","131.25M","0.55%"
"12/18/2009","27,346.00","27,130.01","27,346.00","27,014.34","","0.80%"
"12/17/2009","27,130.01","27,098.45","27,308.33","27,089.43","325.04M","0.12%"
"12/15/2009","27,098.45","27,240.75","27,303.78","26,954.47","191.22M","-0.52%"
"12/14/2009","27,240.75","27,108.89","27,358.59","27,101.91","156.70M","0.49%"
"12/11/2009","27,108.89","26,901.28","27,166.83","26,901.28","209.69M","0.77%"
"12/10/2009","26,901.28","26,730.06","26,901.28","26,614.18","252.64M","0.64%"
"12/09/2009","26,730.06","26,990.92","26,990.92","26,676.18","252.13M","-0.97%"
"12/08/2009","26,990.92","27,144.49","27,215.36","26,801.80","261.21M","-0.57%"
"12/07/2009","27,144.49","27,390.31","27,390.31","26,863.76","240.55M","-0.90%"
"12/04/2009","27,390.31","27,314.09","27,454.38","27,083.94","201.88M","0.28%"
"12/03/2009","27,314.09","27,429.76","27,580.37","27,251.24","221.89M","-0.42%"
"12/02/2009","27,429.76","27,277.50","27,483.38","27,277.50","199.81M","0.56%"
"12/01/2009","27,277.50","26,894.74","27,277.50","26,894.74","234.28M","1.42%"
"11/30/2009","26,894.74","26,808.74","27,141.63","26,808.74","","0.32%"
"11/27/2009","26,808.74","27,025.61","27,025.61","26,426.26","271.88M","-0.80%"
"11/26/2009","27,025.61","27,489.24","27,489.24","27,025.61","203.38M","-1.69%"
"11/25/2009","27,489.24","27,377.54","27,646.79","27,377.54","352.81M","0.41%"
"11/24/2009","27,377.54","27,423.47","27,468.94","27,201.95","154.89M","-0.17%"
"11/23/2009","27,423.47","26,929.25","27,423.47","26,929.25","178.69M","1.84%"
"11/20/2009","26,929.25","27,059.21","27,107.22","26,772.97","187.60M","-0.48%"
"11/19/2009","27,059.21","27,210.64","27,287.37","26,956.82","220.62M","-0.56%"
"11/18/2009","27,210.64","27,246.40","27,459.78","27,210.64","254.16M","-0.13%"
"11/17/2009","27,246.40","27,104.29","27,292.09","27,049.49","254.64M","0.52%"
"11/16/2009","27,104.29","26,695.24","27,135.81","26,695.24","197.32M","1.53%"
"11/13/2009","26,695.24","26,687.98","26,765.55","26,526.04","200.22M","0.03%"
"11/12/2009","26,687.98","26,662.54","26,687.98","26,395.34","226.87M","0.10%"
"11/11/2009","26,662.54","26,375.93","26,715.40","26,375.93","228.97M","1.09%"
"11/10/2009","26,375.93","26,345.01","26,462.81","26,297.82","239.41M","0.12%"
"11/09/2009","26,345.01","25,933.45","26,345.01","25,933.45","140.89M","1.59%"
"11/06/2009","25,933.45","25,897.80","26,106.98","25,694.94","177.31M","0.14%"
"11/05/2009","25,897.80","25,924.50","25,924.50","25,577.86","222.50M","-0.10%"
"11/04/2009","25,924.50","25,755.60","26,065.41","25,755.60","241.86M","0.66%"
"11/03/2009","25,755.60","26,112.73","26,191.53","25,545.33","237.11M","-1.37%"
"11/02/2009","26,112.73","26,360.55","26,360.55","26,003.79","187.78M","-0.94%"
"10/30/2009","26,360.55","26,549.41","26,685.38","26,246.28","203.56M","-0.71%"
"10/29/2009","26,549.41","26,056.48","26,549.41","25,742.41","210.50M","1.89%"
"10/28/2009","26,056.48","26,518.72","26,518.72","25,975.44","230.00M","-1.74%"
"10/27/2009","26,518.72","26,910.08","26,910.08","26,278.16","205.53M","-1.45%"
"10/26/2009","26,910.08","26,802.07","26,910.08","26,652.91","211.03M","0.40%"
"10/23/2009","26,802.07","26,731.89","26,937.86","26,706.53","220.71M","0.26%"
"10/22/2009","26,731.89","26,564.65","26,731.89","26,322.14","215.79M","0.63%"
"10/21/2009","26,564.65","26,444.03","26,650.68","26,256.03","259.80M","0.46%"
"10/20/2009","26,444.03","26,425.06","26,636.80","26,331.58","234.62M","0.07%"
"10/19/2009","26,425.06","25,997.65","26,486.68","25,997.65","182.31M","1.64%"
"10/16/2009","25,997.65","26,182.65","26,297.54","25,933.92","205.49M","-0.71%"
"10/15/2009","26,182.65","26,056.41","26,182.65","25,835.23","270.10M","0.48%"
"10/14/2009","26,056.41","25,670.29","26,067.53","25,670.29","272.18M","1.50%"
"10/13/2009","25,670.29","25,630.16","25,810.19","25,494.88","271.82M","0.16%"
"10/12/2009","25,630.16","25,380.05","25,701.24","25,357.69","196.96M","0.99%"
"10/09/2009","25,380.05","25,528.40","25,578.56","25,281.07","157.17M","-0.58%"
"10/08/2009","25,528.40","25,298.97","25,643.47","25,298.97","217.77M","0.91%"
"10/07/2009","25,298.97","25,019.72","25,343.48","25,019.72","223.32M","1.12%"
"10/06/2009","25,019.72","24,661.53","25,019.72","24,661.53","232.91M","1.45%"
"10/05/2009","24,661.53","24,519.76","24,694.43","24,477.27","197.78M","0.58%"
"10/02/2009","24,519.76","24,966.87","24,966.87","24,338.64","210.18M","-1.79%"
"10/01/2009","24,966.87","24,910.85","25,215.95","24,848.26","209.21M","0.22%"
"09/30/2009","24,910.85","24,855.11","25,226.01","24,845.09","205.69M","0.22%"
"09/29/2009","24,855.11","24,993.96","25,120.27","24,828.60","182.81M","-0.56%"
"09/28/2009","24,993.96","24,944.83","25,025.20","24,631.80","143.98M","0.20%"
"09/25/2009","24,944.83","25,362.93","25,362.93","24,870.10","184.45M","-1.65%"
"09/23/2009","25,362.93","25,456.11","25,590.73","25,312.18","227.44M","-0.37%"
"09/22/2009","25,456.11","25,340.64","25,713.11","25,340.64","181.50M","0.46%"
"09/21/2009","25,340.64","25,792.05","25,792.05","25,271.94","209.79M","-1.75%"
"09/18/2009","25,792.05","25,920.77","25,920.77","25,721.27","273.87M","-0.50%"
"09/17/2009","25,920.77","25,578.75","26,067.97","25,578.75","378.55M","1.34%"
"09/16/2009","25,578.75","25,217.56","25,628.17","25,217.56","192.47M","1.43%"
"09/15/2009","25,217.56","25,164.26","25,280.51","24,991.18","213.92M","0.21%"
"09/14/2009","25,164.26","25,567.39","25,567.39","24,984.81","170.45M","-1.58%"
"09/11/2009","25,567.39","25,315.86","25,798.10","25,315.86","232.02M","0.99%"
"09/10/2009","25,315.86","25,085.92","25,438.82","25,085.92","215.86M","0.92%"
"09/09/2009","25,085.92","25,226.16","25,295.13","24,975.48","182.95M","-0.56%"
"09/08/2009","25,226.16","25,020.93","25,351.24","25,020.93","220.31M","0.82%"
"09/07/2009","25,020.93","24,719.17","25,076.83","24,719.17","144.55M","1.22%"
"09/04/2009","24,719.17","24,623.08","24,737.04","24,607.07","158.05M","0.39%"
"09/03/2009","24,623.08","24,536.21","24,805.06","24,536.21","199.37M","0.35%"
"09/02/2009","24,536.21","24,812.20","24,812.20","24,380.49","242.89M","-1.11%"
"09/01/2009","24,812.20","24,929.42","25,160.91","24,716.62","178.15M","-0.47%"
"08/31/2009","24,929.42","25,241.25","25,241.25","24,828.17","144.54M","-1.24%"
"08/28/2009","25,241.25","24,994.65","25,368.08","24,994.65","188.42M","0.99%"
"08/27/2009","24,994.65","25,113.88","25,183.19","24,930.25","181.57M","-0.47%"
"08/26/2009","25,113.88","25,186.10","25,341.75","24,989.14","196.17M","-0.29%"
"08/25/2009","25,186.10","25,274.69","25,362.89","24,978.16","208.01M","-0.35%"
"08/24/2009","25,274.69","24,878.71","25,306.32","24,878.71","242.16M","1.59%"
"08/21/2009","24,878.71","24,601.69","24,936.35","24,386.10","226.45M","1.13%"
"08/20/2009","24,601.69","24,259.54","24,613.71","24,259.54","215.64M","1.41%"
"08/19/2009","24,259.54","24,255.88","24,285.56","23,977.62","275.17M","0.02%"
"08/18/2009","24,255.88","24,074.12","24,377.84","24,043.42","257.81M","0.76%"
"08/17/2009","24,074.12","24,815.77","24,815.77","24,024.77","238.67M","-2.99%"
"08/14/2009","24,815.77","25,009.89","25,166.69","24,725.33","239.45M","-0.78%"
"08/13/2009","25,009.89","24,588.45","25,136.23","24,588.45","299.23M","1.71%"
"08/12/2009","24,588.45","24,681.68","24,681.68","24,364.46","242.88M","-0.38%"
"08/11/2009","24,681.68","25,071.01","25,071.01","24,449.72","241.22M","-1.55%"
"08/07/2009","25,071.01","25,045.68","25,083.21","24,600.31","247.08M","0.10%"
"08/06/2009","25,045.68","24,908.79","25,211.97","24,904.12","303.31M","0.55%"
"08/05/2009","24,908.79","24,835.58","25,158.54","24,747.78","227.27M","0.29%"
"08/04/2009","24,835.58","24,805.91","24,904.61","24,599.23","214.85M","0.12%"
"08/03/2009","24,805.91","24,258.51","24,847.52","24,258.51","191.05M","2.26%"
"07/31/2009","24,258.51","24,067.41","24,258.51","23,953.89","221.87M","0.79%"
"07/30/2009","24,067.41","23,589.29","24,090.06","23,589.29","185.79M","2.03%"
"07/29/2009","23,589.29","23,768.39","23,768.39","23,449.72","183.96M","-0.75%"
"07/28/2009","23,768.39","23,931.64","24,210.20","23,631.65","237.98M","-0.68%"
"07/27/2009","23,931.64","23,943.98","24,266.17","23,808.41","254.37M","-0.05%"
"07/24/2009","23,943.98","23,913.55","24,864.49","23,874.02","229.37M","0.13%"
"07/23/2009","23,913.55","23,607.81","23,965.99","23,548.70","235.97M","1.30%"
"07/22/2009","23,607.81","23,857.98","23,887.59","23,448.04","258.92M","-1.05%"
"07/21/2009","23,857.98","23,655.48","23,906.38","23,532.67","207.40M","0.86%"
"07/20/2009","23,655.48","23,543.11","23,835.96","23,543.11","146.28M","0.48%"
"07/17/2009","23,543.11","23,499.99","23,689.12","23,347.76","139.07M","0.18%"
"07/16/2009","23,499.99","23,569.19","23,707.30","23,317.06","184.27M","-0.29%"
"07/15/2009","23,569.19","22,956.47","23,582.86","22,956.47","198.45M","2.67%"
"07/14/2009","22,956.47","22,469.77","23,059.04","22,469.77","213.95M","2.17%"
"07/13/2009","22,469.77","22,313.41","22,494.42","21,950.24","160.73M","0.70%"
"07/10/2009","22,313.41","22,157.88","22,313.41","22,036.83","129.69M","0.70%"
"07/09/2009","22,157.88","22,014.05","22,264.49","21,887.54","199.49M","0.65%"
"07/08/2009","22,014.05","21,880.64","22,037.99","21,778.28","232.48M","0.61%"
"07/07/2009","21,880.64","21,665.90","22,136.29","21,665.90","193.38M","0.99%"
"07/06/2009","21,665.90","22,234.35","22,234.35","21,648.53","153.38M","-2.56%"
"07/03/2009","22,234.35","22,185.47","22,355.95","22,118.24","130.00M","0.22%"
"07/02/2009","22,185.47","22,710.16","22,710.16","22,139.80","246.29M","-2.31%"
"07/01/2009","22,710.16","22,049.42","22,714.24","22,049.42","222.14M","3.00%"
"06/30/2009","22,049.42","22,304.23","22,527.73","21,987.45","213.15M","-1.14%"
"06/29/2009","22,304.23","22,308.28","22,550.66","22,252.66","139.53M","-0.02%"
"06/26/2009","22,308.28","22,156.17","22,689.38","22,156.17","159.93M","0.69%"
"06/25/2009","22,156.17","22,391.38","22,420.34","22,093.28","188.94M","-1.05%"
"06/24/2009","22,391.38","21,842.45","22,391.38","21,842.45","221.12M","2.51%"
"06/23/2009","21,842.45","21,941.34","21,972.09","21,457.97","210.86M","-0.45%"
"06/22/2009","21,941.34","22,394.57","22,716.58","21,777.63","190.51M","-2.02%"
"06/19/2009","22,394.57","22,156.41","22,447.83","22,079.19","227.03M","1.07%"
"06/18/2009","22,156.41","21,948.66","22,191.71","21,848.23","198.48M","0.95%"
"06/17/2009","21,948.66","22,618.89","22,618.89","21,818.34","221.97M","-2.96%"
"06/15/2009","22,618.89","22,915.06","22,915.06","22,534.16","135.48M","-1.29%"
"06/12/2009","22,915.06","23,057.32","23,098.65","22,772.73","172.06M","-0.62%"
"06/11/2009","23,057.32","23,286.73","23,343.19","22,971.56","201.37M","-0.99%"
"06/10/2009","23,286.73","23,049.43","23,602.96","23,049.43","205.52M","1.03%"
"06/09/2009","23,049.43","22,949.09","23,203.06","22,793.09","192.76M","0.44%"
"06/08/2009","22,949.09","23,166.38","23,166.38","22,752.33","193.00M","-0.94%"
"06/05/2009","23,166.38","22,862.54","23,536.68","22,862.54","197.73M","1.33%"
"06/04/2009","22,862.54","23,063.18","23,063.18","22,646.28","206.07M","-0.87%"
"06/03/2009","23,063.18","23,661.87","23,868.80","22,993.41","245.96M","-2.53%"
"06/02/2009","23,661.87","23,548.65","23,728.22","23,311.63","240.23M","0.48%"
"06/01/2009","23,548.65","22,770.62","23,577.08","22,770.62","188.10M","3.42%"
"05/29/2009","22,770.62","22,315.32","22,884.01","22,315.32","243.42M","2.04%"
"05/28/2009","22,315.32","22,521.68","22,521.68","22,138.04","195.66M","-0.92%"
"05/27/2009","22,521.68","22,440.84","22,692.05","22,440.84","175.85M","0.36%"
"05/26/2009","22,440.84","22,407.28","22,507.03","21,994.48","200.57M","0.15%"
"05/25/2009","22,407.28","22,425.54","22,742.95","22,287.05","116.38M","-0.08%"
"05/22/2009","22,425.54","22,015.59","22,457.22","22,015.59","160.40M","1.86%"
"05/21/2009","22,015.59","22,674.20","22,674.20","21,992.65","224.63M","-2.90%"
"05/20/2009","22,674.20","22,398.38","22,680.98","22,394.77","270.80M","1.23%"
"05/19/2009","22,398.38","21,945.12","22,471.00","21,945.12","272.23M","2.07%"
"05/18/2009","21,945.12","21,705.14","21,945.12","21,493.62","153.94M","1.11%"
"05/15/2009","21,705.14","21,396.35","21,785.78","21,396.35","178.95M","1.44%"
"05/14/2009","21,396.35","21,289.67","21,396.35","20,925.07","215.07M","0.50%"
"05/13/2009","21,289.67","21,930.52","21,930.52","21,220.69","233.50M","-2.92%"
"05/12/2009","21,930.52","21,861.99","21,932.82","21,695.16","212.96M","0.31%"
"05/11/2009","21,861.99","21,840.51","21,891.42","21,543.88","169.91M","0.10%"
"05/08/2009","21,840.51","21,539.81","21,980.46","21,539.81","169.58M","1.40%"
"05/07/2009","21,539.81","21,783.43","22,172.41","21,539.81","260.87M","-1.12%"
"05/06/2009","21,783.43","21,331.94","21,896.35","21,258.88","282.64M","2.12%"
"05/05/2009","21,331.94","21,383.43","21,492.72","21,241.20","225.38M","-0.24%"
"05/04/2009","21,383.43","20,647.03","21,392.35","20,647.03","174.29M","3.57%"
"04/30/2009","20,647.03","20,481.77","20,985.44","20,481.77","223.54M","0.81%"
"04/29/2009","20,481.77","20,281.12","20,510.04","20,250.39","176.67M","0.99%"
"04/28/2009","20,281.12","20,675.13","20,675.13","20,032.19","211.63M","-1.91%"
"04/24/2009","20,675.13","20,322.48","20,791.93","20,242.36","180.93M","1.74%"
"04/23/2009","20,322.48","19,798.43","20,420.24","19,798.43","155.28M","2.65%"
"04/21/2009","19,798.43","20,092.64","20,151.78","19,709.72","212.96M","-1.46%"
"04/20/2009","20,092.64","20,814.69","20,880.02","19,994.77","172.03M","-3.47%"
"04/17/2009","20,814.69","20,936.87","21,088.32","20,732.50","202.11M","-0.58%"
"04/16/2009","20,936.87","21,319.91","21,392.86","20,844.14","191.16M","-1.80%"
"04/15/2009","21,319.91","21,431.12","21,450.67","21,152.74","205.20M","-0.52%"
"04/14/2009","21,431.12","20,965.89","21,523.07","20,965.89","219.26M","2.22%"
"04/09/2009","20,965.89","20,437.39","21,008.86","20,437.39","187.91M","2.59%"
"04/08/2009","20,437.39","20,492.53","20,681.94","20,054.09","207.91M","-0.27%"
"04/07/2009","20,492.53","20,717.37","20,848.93","20,270.78","218.57M","-1.09%"
"04/06/2009","20,717.37","21,195.49","21,400.70","20,542.35","","-2.26%"
"04/03/2009","21,195.49","21,403.40","21,490.91","21,161.01","259.02M","-0.97%"
"04/02/2009","21,403.40","20,742.01","21,580.49","20,742.01","366.22M","3.19%"
"04/01/2009","20,742.01","20,363.91","20,742.01","20,132.51","214.00M","1.86%"
"03/31/2009","20,363.91","19,929.04","20,495.59","19,929.04","200.08M","2.18%"
"03/30/2009","19,929.04","20,661.32","20,661.32","19,844.85","169.09M","-3.54%"
"03/27/2009","20,661.32","21,113.73","21,349.10","20,606.63","210.66M","-2.14%"
"03/26/2009","21,113.73","21,257.63","21,515.77","21,067.70","233.37M","-0.68%"
"03/25/2009","21,257.63","21,108.17","21,359.90","20,862.46","211.78M","0.71%"
"03/24/2009","21,108.17","21,423.18","21,668.59","21,030.42","274.41M","-1.47%"
"03/23/2009","21,423.18","20,802.31","21,451.42","20,802.31","272.75M","2.98%"
"03/20/2009","20,802.31","20,470.93","20,802.31","20,218.90","352.35M","1.62%"
"03/19/2009","20,470.93","19,355.78","20,529.75","19,355.78","440.88M","5.76%"
"03/18/2009","19,355.78","19,423.00","19,704.64","19,330.29","286.24M","-0.35%"
"03/17/2009","19,423.00","19,732.00","19,890.77","19,310.84","249.79M","-1.57%"
"03/16/2009","19,732.00","19,762.03","19,988.41","19,593.84","190.04M","-0.15%"
"03/13/2009","19,762.03","19,168.62","19,810.91","19,168.62","263.84M","3.10%"
"03/12/2009","19,168.62","19,120.04","19,249.63","18,814.68","315.89M","0.25%"
"03/11/2009","19,120.04","18,587.47","19,120.04","18,587.47","332.03M","2.87%"
"03/10/2009","18,587.47","18,152.43","18,628.57","18,144.57","328.85M","2.40%"
"03/09/2009","18,152.43","18,640.81","18,640.81","18,093.90","210.39M","-2.62%"
"03/06/2009","18,640.81","18,418.95","18,778.52","18,160.67","191.36M","1.20%"
"03/05/2009","18,418.95","18,474.16","18,723.79","18,124.19","341.04M","-0.30%"
"03/04/2009","18,474.16","18,120.69","18,651.32","18,120.69","282.70M","1.95%"
"03/03/2009","18,120.69","18,386.54","18,386.54","17,953.96","227.84M","-1.45%"
"03/02/2009","18,386.54","18,465.33","18,484.60","18,179.66","165.58M","-0.43%"
"02/27/2009","18,465.33","18,998.42","18,998.42","18,258.76","200.38M","-2.81%"
"02/26/2009","18,998.42","18,817.56","19,126.60","18,792.38","168.39M","0.96%"
"02/25/2009","18,817.56","18,813.38","19,194.08","18,801.36","185.85M","0.02%"
"02/24/2009","18,813.38","19,286.78","19,286.78","18,712.42","225.87M","-2.45%"
"02/23/2009","19,286.78","19,402.59","19,664.56","19,286.78","170.24M","-0.60%"
"02/20/2009","19,402.59","20,061.20","20,061.20","19,224.58","293.84M","-3.28%"
"02/19/2009","20,061.20","19,953.32","20,173.90","19,924.57","20.06K","0.54%"
"02/18/2009","19,953.32","20,044.49","20,277.72","19,800.19","207.89M","-0.45%"
"02/17/2009","20,044.49","20,382.12","20,386.95","19,937.82","213.63M","-1.66%"
"02/16/2009","20,382.12","20,650.38","20,650.38","20,232.44","114.24M","-1.30%"
"02/13/2009","20,650.38","20,665.91","21,062.35","20,553.35","200.83M","-0.08%"
"02/12/2009","20,665.91","21,054.49","21,286.08","20,638.07","209.89M","-1.85%"
"02/11/2009","21,054.49","21,440.17","21,440.17","20,853.54","171.43M","-1.80%"
"02/10/2009","21,440.17","21,685.10","21,685.10","21,214.67","152.27M","-1.13%"
"02/09/2009","21,685.10","21,435.91","21,685.10","21,250.17","148.84M","1.16%"
"02/06/2009","21,435.91","20,437.20","21,435.91","20,437.20","198.55M","4.89%"
"02/05/2009","20,437.20","20,639.07","21,077.65","20,437.20","257.22M","-0.98%"
"02/04/2009","20,639.07","20,014.62","20,682.30","20,014.62","185.20M","3.12%"
"02/03/2009","20,014.62","19,924.46","20,111.51","19,600.51","178.64M","0.45%"
"02/02/2009","19,924.46","20,570.05","20,570.05","19,907.38","195.55M","-3.14%"
"01/30/2009","20,570.05","20,581.77","20,752.82","20,335.59","206.96M","-0.06%"
"01/29/2009","20,581.77","21,028.54","21,163.85","20,549.04","174.98M","-2.12%"
"01/28/2009","21,028.54","20,642.74","21,284.20","20,642.74","247.73M","1.87%"
"01/27/2009","20,642.74","20,156.25","20,693.27","20,156.25","205.02M","2.41%"
"01/26/2009","20,156.25","19,581.39","20,242.55","19,581.39","172.67M","2.94%"
"01/23/2009","19,581.39","19,876.34","19,876.34","19,395.57","234.12M","-1.48%"
"01/22/2009","19,876.34","20,049.00","20,445.78","19,695.98","179.05M","-0.86%"
"01/21/2009","20,049.00","20,295.07","20,295.07","19,739.51","227.37M","-1.21%"
"01/20/2009","20,295.07","20,623.30","20,623.30","20,163.66","220.29M","-1.59%"
"01/19/2009","20,623.30","21,029.33","21,313.81","20,511.12","188.99M","-1.93%"
"01/16/2009","21,029.33","20,441.93","21,093.26","20,441.93","186.94M","2.87%"
"01/15/2009","20,441.93","20,843.03","20,843.03","20,276.95","207.66M","-1.92%"
"01/14/2009","20,843.03","21,564.47","21,754.11","20,778.25","179.56M","-3.35%"
"01/13/2009","21,564.47","22,183.09","22,183.09","21,322.17","178.15M","-2.79%"
"01/12/2009","22,183.09","22,220.76","22,379.36","22,022.57","126.22M","-0.17%"
"01/09/2009","22,220.76","22,241.44","22,565.08","22,220.76","131.59M","-0.09%"
"01/08/2009","22,241.44","22,718.97","22,718.97","21,965.04","121.05M","-2.10%"
"01/07/2009","22,718.97","22,919.76","23,046.15","22,570.08","172.68M","-0.88%"
"01/06/2009","22,919.76","22,304.43","22,935.61","22,304.43","136.70M","2.76%"
"01/05/2009","22,304.43","21,764.90","22,544.26","21,764.90","116.00M","2.48%"
"01/02/2009","21,764.90","21,509.20","21,898.89","21,509.20","49.58M","1.19%"
"12/31/2008","21,509.20","21,348.45","21,530.15","21,344.07","40.01M","0.75%"
"12/30/2008","21,348.45","21,237.59","21,369.65","21,122.63","75.97M","0.52%"
"12/29/2008","21,237.59","20,998.49","21,412.11","20,998.49","62.11M","1.14%"
"12/24/2008","20,998.49","21,244.85","21,253.21","20,949.99","37.25M","-1.16%"
"12/23/2008","21,244.85","21,090.86","21,244.85","20,734.39","85.87M","0.73%"
"12/22/2008","21,090.86","21,287.70","21,328.18","20,843.34","133.81M","-0.92%"
"12/19/2008","21,287.70","22,034.63","22,034.63","20,906.59","245.32M","-3.39%"
"12/18/2008","22,034.63","22,409.26","22,409.26","21,813.75","263.73M","-1.67%"
"12/17/2008","22,409.26","21,805.83","22,410.06","21,805.83","225.98M","2.77%"
"12/15/2008","21,805.83","21,355.24","21,912.70","21,355.24","208.12M","2.11%"
"12/12/2008","21,355.24","21,749.69","21,749.69","20,995.23","231.34M","-1.81%"
"12/11/2008","21,749.69","21,930.94","21,978.48","21,328.69","","-0.83%"
"12/10/2008","21,930.94","20,953.22","21,930.94","20,953.22","279.83M","4.67%"
"12/09/2008","20,953.22","20,643.43","21,108.02","20,488.75","205.81M","1.50%"
"12/08/2008","20,643.43","19,279.79","20,667.77","19,279.79","201.98M","7.07%"
"12/05/2008","19,279.79","19,800.93","19,800.93","19,134.46","223.83M","-2.63%"
"12/04/2008","19,800.93","19,113.28","19,829.98","19,113.28","193.61M","3.60%"
"12/03/2008","19,113.28","19,713.95","20,023.02","19,113.28","200.75M","-3.05%"
"12/02/2008","19,713.95","20,245.45","20,245.45","19,546.15","246.21M","-2.63%"
"12/01/2008","20,245.45","21,209.49","21,209.49","20,245.45","194.10M","-4.55%"
"11/28/2008","21,209.49","21,301.01","21,546.01","21,021.52","215.40M","-0.43%"
"11/27/2008","21,301.01","20,474.70","21,301.01","20,474.70","232.17M","4.04%"
"11/26/2008","20,474.70","20,263.11","20,474.70","19,836.24","249.80M","1.04%"
"11/25/2008","20,263.11","18,984.22","20,302.17","18,984.22","345.53M","6.74%"
"11/24/2008","18,984.22","18,066.38","18,984.22","18,066.38","196.66M","5.08%"
"11/21/2008","18,066.38","17,814.42","18,411.01","17,814.42","175.39M","1.41%"
"11/20/2008","17,814.42","18,756.65","18,756.65","17,770.97","253.43M","-5.02%"
"11/19/2008","18,756.65","18,747.16","18,882.93","18,467.28","254.07M","0.05%"
"11/18/2008","18,747.16","18,883.18","18,883.18","18,305.89","222.78M","-0.72%"
"11/17/2008","18,883.18","19,413.70","19,413.70","18,672.59","166.56M","-2.73%"
"11/14/2008","19,413.70","19,094.66","19,883.19","19,094.66","239.53M","1.67%"
"11/13/2008","19,094.66","19,670.53","19,670.53","18,769.07","225.67M","-2.93%"
"11/12/2008","19,670.53","20,098.21","20,427.53","19,670.53","194.23M","-2.13%"
"11/11/2008","20,098.21","21,052.75","21,052.75","20,098.21","188.49M","-4.53%"
"11/10/2008","21,052.75","20,030.48","21,097.32","20,030.48","253.61M","5.10%"
"11/07/2008","20,030.48","20,125.27","20,296.19","19,763.88","213.00M","-0.47%"
"11/06/2008","20,125.27","20,950.98","20,950.98","20,125.27","252.41M","-3.94%"
"11/05/2008","20,950.98","21,649.58","22,278.30","20,950.98","250.81M","-3.23%"
"11/04/2008","21,649.58","21,135.27","21,649.58","20,720.55","208.04M","2.43%"
"11/03/2008","21,135.27","20,991.72","21,293.16","20,906.13","230.61M","0.68%"
"10/31/2008","20,991.72","20,861.52","20,991.72","20,165.81","292.19M","0.62%"
"10/30/2008","20,861.52","19,794.74","21,115.04","19,794.74","385.01M","5.39%"
"10/29/2008","19,794.74","18,549.24","19,925.12","18,549.24","339.15M","6.71%"
"10/28/2008","18,549.24","18,363.70","19,212.17","18,363.70","320.09M","1.01%"
"10/27/2008","18,363.70","18,459.13","18,644.92","17,812.31","253.97M","-0.52%"
"10/24/2008","18,459.13","19,598.57","19,598.57","18,123.93","322.11M","-5.81%"
"10/23/2008","19,598.57","20,288.62","20,288.62","19,177.34","380.01M","-3.40%"
"10/22/2008","20,288.62","21,267.01","21,267.01","20,233.99","313.22M","-4.60%"
"10/21/2008","21,267.01","20,713.26","21,483.37","20,713.26","260.03M","2.67%"
"10/20/2008","20,713.26","20,139.59","20,713.26","20,139.59","185.71M","2.85%"
"10/17/2008","20,139.59","20,095.96","20,527.46","19,616.21","320.68M","0.22%"
"10/16/2008","20,095.96","20,571.87","20,796.81","19,932.08","302.38M","-2.31%"
"10/15/2008","20,571.87","22,117.06","22,117.06","20,571.87","236.84M","-6.99%"
"10/14/2008","22,117.06","21,451.69","22,592.73","21,451.69","317.18M","3.10%"
"10/13/2008","21,451.69","20,595.23","21,451.69","20,595.23","256.22M","4.16%"
"10/10/2008","20,595.23","21,252.29","21,252.29","20,065.19","346.38M","-3.09%"
"10/09/2008","21,252.29","20,954.08","21,655.31","20,954.08","236.52M","1.42%"
"10/08/2008","20,954.08","21,560.99","21,791.23","20,560.15","319.68M","-2.81%"
"10/07/2008","21,560.99","21,022.63","21,687.87","20,905.70","327.14M","2.56%"
"10/06/2008","21,022.63","22,678.25","22,678.25","20,961.26","271.45M","-7.30%"
"10/03/2008","22,678.25","22,560.77","22,754.56","22,317.85","223.86M","0.52%"
"10/02/2008","22,560.77","23,332.65","23,768.46","22,560.77","223.87M","-3.31%"
"10/01/2008","23,332.65","23,835.97","24,114.67","23,332.65","212.51M","-2.11%"
"09/30/2008","23,835.97","23,087.67","23,835.97","22,388.15","291.36M","3.24%"
"09/29/2008","23,087.67","24,499.94","24,499.94","23,052.20","225.11M","-5.76%"
"09/26/2008","24,499.94","24,936.43","24,936.43","24,443.49","173.21M","-1.75%"
"09/25/2008","24,936.43","24,923.34","25,108.12","24,624.59","201.72M","0.05%"
"09/23/2008","24,923.34","25,893.43","25,893.43","24,763.24","249.30M","-3.75%"
"09/22/2008","25,893.43","25,402.11","26,231.55","25,402.11","259.89M","1.93%"
"09/19/2008","25,402.11","24,092.74","25,761.52","24,092.74","388.87M","5.43%"
"09/18/2008","24,092.74","24,323.19","24,587.19","23,988.99","351.24M","-0.95%"
"09/17/2008","24,323.19","24,978.86","25,316.17","24,284.00","306.64M","-2.62%"
"09/16/2008","24,978.86","25,642.30","25,642.30","24,549.28","283.00M","-2.59%"
"09/15/2008","25,642.30","26,154.97","26,154.97","25,154.48","201.37M","-1.96%"
"09/12/2008","26,154.97","25,549.29","26,197.63","25,549.29","228.40M","2.37%"
"09/11/2008","25,549.29","25,273.60","25,623.74","25,187.84","256.20M","1.09%"
"09/10/2008","25,273.60","25,320.51","25,611.78","25,115.15","305.05M","-0.19%"
"09/09/2008","25,320.51","26,238.12","26,290.79","25,320.04","268.84M","-3.50%"
"09/08/2008","26,238.12","25,416.67","26,406.22","25,416.67","112.36M","3.23%"
"09/05/2008","25,416.67","26,190.09","26,190.09","25,416.67","198.85M","-2.95%"
"09/04/2008","26,190.09","26,532.11","26,855.24","26,190.09","223.72M","-1.29%"
"09/03/2008","26,532.11","26,747.82","26,747.82","26,325.28","175.19M","-0.81%"
"09/02/2008","26,747.82","26,857.09","26,913.34","26,255.37","191.24M","-0.41%"
"09/01/2008","26,857.09","27,702.06","27,702.06","26,857.09","121.74M","-3.05%"
"08/29/2008","27,702.06","28,027.74","28,170.07","27,543.46","190.77M","-1.16%"
"08/28/2008","28,027.74","27,426.59","28,027.74","27,329.71","252.45M","2.19%"
"08/27/2008","27,426.59","27,023.37","27,426.59","26,933.94","160.21M","1.49%"
"08/26/2008","27,023.37","26,703.51","27,023.37","26,449.68","151.87M","1.20%"
"08/25/2008","26,703.51","27,161.34","27,256.65","26,703.51","79.07M","-1.69%"
"08/22/2008","27,161.34","27,064.87","27,469.65","27,002.91","179.79M","0.36%"
"08/21/2008","27,064.87","26,794.25","27,064.87","26,476.72","182.35M","1.01%"
"08/20/2008","26,794.25","26,270.46","26,794.25","26,270.46","238.94M","1.99%"
"08/19/2008","26,270.46","26,806.03","26,806.03","26,211.41","227.87M","-2.00%"
"08/18/2008","26,806.03","27,246.63","27,464.75","26,806.03","129.13M","-1.62%"
"08/15/2008","27,246.63","27,819.88","27,819.88","27,130.66","234.54M","-2.06%"
"08/14/2008","27,819.88","27,035.65","27,832.47","27,035.65","232.61M","2.90%"
"08/13/2008","27,035.65","26,922.36","27,104.17","26,868.20","220.74M","0.42%"
"08/12/2008","26,922.36","26,960.95","26,960.95","26,643.47","277.15M","-0.14%"
"08/11/2008","26,960.95","26,759.92","27,302.00","26,740.37","199.69M","0.75%"
"08/08/2008","26,759.92","26,664.58","26,866.18","26,425.07","211.76M","0.36%"
"08/07/2008","26,664.58","26,945.35","27,180.06","26,664.58","176.51M","-1.04%"
"08/06/2008","26,945.35","26,410.98","27,213.05","26,410.98","270.35M","2.02%"
"08/05/2008","26,410.98","25,875.63","26,438.54","25,446.34","232.45M","2.07%"
"08/04/2008","25,875.63","26,504.58","26,507.85","25,875.63","172.86M","-2.37%"
"08/01/2008","26,504.58","27,719.67","27,719.67","26,504.58","194.83M","-4.38%"
"07/31/2008","27,719.67","27,767.57","28,207.05","27,552.65","233.32M","-0.17%"
"07/30/2008","27,767.57","27,164.09","27,767.57","27,164.09","247.17M","2.22%"
"07/29/2008","27,164.09","27,320.04","27,373.69","27,014.64","168.67M","-0.57%"
"07/28/2008","27,320.04","26,995.80","27,343.67","26,995.80","145.50M","1.20%"
"07/25/2008","26,995.80","27,430.12","27,430.12","26,851.68","176.61M","-1.58%"
"07/24/2008","27,430.12","27,373.79","27,653.51","27,270.89","228.73M","0.21%"
"07/23/2008","27,373.79","27,265.45","27,546.62","27,136.92","262.71M","0.40%"
"07/22/2008","27,265.45","27,701.50","28,011.45","27,254.31","251.67M","-1.57%"
"07/21/2008","27,701.50","27,610.09","27,970.99","27,610.09","230.53M","0.33%"
"07/18/2008","27,610.09","27,995.64","27,995.64","27,533.38","279.69M","-1.38%"
"07/17/2008","27,995.64","26,876.95","27,995.64","26,876.95","399.09M","4.16%"
"07/16/2008","26,876.95","27,079.11","27,538.02","26,828.08","237.13M","-0.75%"
"07/15/2008","27,079.11","27,720.65","27,720.65","27,079.11","191.94M","-2.31%"
"07/14/2008","27,720.65","27,735.64","27,969.02","27,665.34","76.86M","-0.05%"
"07/11/2008","27,735.64","27,687.48","28,062.86","27,460.04","161.04M","0.17%"
"07/10/2008","27,687.48","28,009.41","28,009.41","27,650.78","158.55M","-1.15%"
"07/09/2008","28,009.41","27,611.63","28,009.41","27,519.72","198.54M","1.44%"
"07/08/2008","27,611.63","28,173.95","28,173.95","27,610.96","225.75M","-2.00%"
"07/07/2008","28,173.95","28,172.28","28,548.25","27,885.02","162.13M","0.01%"
"07/04/2008","28,172.28","28,392.19","28,616.06","28,045.13","169.08M","-0.77%"
"07/03/2008","28,392.19","29,303.69","29,303.69","28,133.58","252.49M","-3.11%"
"07/02/2008","29,303.69","30,003.76","30,136.42","29,279.15","194.87M","-2.33%"
"07/01/2008","30,003.76","30,413.43","30,507.10","29,859.85","217.74M","-1.35%"
"06/30/2008","30,413.43","30,375.47","30,757.09","30,375.47","193.86M","0.12%"
"06/27/2008","30,375.47","29,988.12","30,375.47","29,613.68","234.93M","1.29%"
"06/26/2008","29,988.12","29,964.55","30,249.56","29,750.97","224.70M","0.08%"
"06/25/2008","29,964.55","30,222.88","30,222.88","29,882.91","250.54M","-0.85%"
"06/24/2008","30,222.88","30,473.44","30,784.39","30,121.44","203.94M","-0.82%"
"06/23/2008","30,473.44","30,580.63","30,893.41","30,370.91","166.90M","-0.38%"
"06/20/2008","30,589.36","31,295.46","31,295.46","30,577.17","","-2.26%"
"06/19/2008","31,295.46","30,981.81","31,369.40","30,842.84","264.83M","1.01%"
"06/18/2008","30,981.81","31,451.04","31,608.21","30,942.75","228.27M","-1.49%"
"06/17/2008","31,451.04","31,067.56","31,535.02","31,067.56","195.29M","1.23%"
"06/13/2008","31,067.56","31,033.30","31,089.10","30,666.46","227.58M","0.11%"
"06/12/2008","31,033.30","30,639.95","31,033.30","30,405.58","227.93M","1.28%"
"06/11/2008","30,639.95","31,047.43","31,181.48","30,559.31","215.52M","-1.31%"
"06/10/2008","31,047.43","31,487.15","31,487.15","30,765.83","254.32M","-1.40%"
"06/09/2008","31,487.15","31,696.42","31,775.19","31,424.96","163.41M","-0.75%"
"06/06/2008","31,724.73","31,741.26","32,172.43","31,570.09","181.33M","-0.05%"
"06/05/2008","31,741.26","31,480.36","31,817.39","31,182.87","212.83M","0.83%"
"06/04/2008","31,480.36","31,688.24","31,688.24","31,249.31","192.23M","-0.66%"
"06/03/2008","31,688.24","31,727.76","31,825.05","31,492.69","220.30M","-0.12%"
"06/02/2008","31,727.76","31,841.27","32,067.60","31,649.73","180.77M","-0.36%"
"05/30/2008","31,841.27","31,894.20","31,894.20","31,337.53","295.49M","-0.17%"
"05/29/2008","31,894.20","32,208.96","32,309.08","31,675.47","247.72M","-0.98%"
"05/28/2008","32,208.96","32,464.77","32,464.77","32,001.74","201.69M","-0.79%"
"05/27/2008","32,464.77","32,722.22","32,760.05","32,292.00","231.82M","-0.79%"
"05/26/2008","32,722.22","32,542.39","32,768.24","32,334.69","117.67M","0.55%"
"05/23/2008","32,542.39","33,232.89","33,232.89","32,542.39","196.35M","-2.08%"
"05/22/2008","33,232.89","32,907.72","33,309.82","32,907.72","258.34M","0.99%"
"05/21/2008","32,907.72","32,958.55","32,975.95","32,756.62","248.34M","-0.15%"
"05/20/2008","32,958.55","33,191.80","33,263.15","32,834.34","226.10M","-0.70%"
"05/19/2008","33,191.80","32,700.98","33,191.80","32,700.98","163.93M","1.50%"
"05/16/2008","32,700.98","32,647.43","32,965.68","32,647.43","168.52M","0.16%"
"05/15/2008","32,647.43","32,387.01","32,647.43","32,126.67","179.64M","0.80%"
"05/14/2008","32,387.01","31,999.02","32,476.76","31,999.02","227.72M","1.21%"
"05/13/2008","31,999.02","32,145.49","32,181.03","31,803.29","174.88M","-0.46%"
"05/12/2008","32,145.49","32,136.15","32,272.91","32,034.47","162.32M","0.03%"
"05/09/2008","32,136.15","32,153.48","32,440.90","32,001.93","172.53M","-0.05%"
"05/08/2008","32,153.48","31,894.69","32,153.48","31,710.92","164.44M","0.81%"
"05/07/2008","31,894.69","31,929.09","32,068.53","31,820.10","236.59M","-0.11%"
"05/06/2008","31,929.09","31,299.93","31,947.11","31,299.93","228.00M","2.01%"
"05/05/2008","31,299.93","30,743.49","31,440.33","30,743.49","146.66M","1.81%"
"04/30/2008","30,743.49","30,584.00","30,772.81","30,408.85","141.51M","0.52%"
"04/29/2008","30,584.00","31,090.15","31,154.85","30,584.00","130.07M","-1.63%"
"04/25/2008","31,090.15","31,194.01","31,434.96","30,998.28","173.81M","-0.33%"
"04/24/2008","31,194.01","31,740.75","31,740.75","31,132.72","164.76M","-1.72%"
"04/23/2008","31,740.75","31,713.29","31,986.40","31,424.05","154.48M","0.09%"
"04/22/2008","31,713.29","31,774.10","31,796.90","31,512.02","145.69M","-0.19%"
"04/21/2008","31,774.10","31,594.07","32,039.89","31,594.07","139.68M","0.57%"
"04/18/2008","31,594.07","31,699.12","31,974.37","31,404.39","150.98M","-0.33%"
"04/17/2008","31,699.12","31,857.30","32,130.75","31,647.86","213.25M","-0.50%"
"04/16/2008","31,857.30","31,280.19","31,961.46","31,280.19","172.48M","1.84%"
"04/15/2008","31,280.19","30,772.35","31,320.54","30,772.35","189.86M","1.65%"
"04/14/2008","30,772.35","31,121.55","31,121.55","30,545.05","136.80M","-1.12%"
"04/11/2008","31,121.55","31,215.17","31,508.86","30,835.36","184.09M","-0.30%"
"04/10/2008","31,215.17","31,360.12","31,439.82","30,906.78","199.78M","-0.46%"
"04/09/2008","31,360.12","30,821.13","31,360.12","30,806.45","182.05M","1.75%"
"04/08/2008","30,821.13","30,970.19","30,970.19","30,598.24","325.61M","-0.48%"
"04/07/2008","30,970.19","30,396.34","31,015.97","30,396.34","156.64M","1.89%"
"04/04/2008","30,396.34","29,980.09","30,510.85","29,980.09","148.86M","1.39%"
"04/03/2008","29,980.09","29,932.97","30,139.62","29,856.82","145.36M","0.16%"
"04/02/2008","29,932.97","29,627.64","30,152.93","29,627.64","233.99M","1.03%"
"04/01/2008","29,627.64","29,587.51","29,678.41","29,322.49","170.78M","0.14%"
"03/31/2008","29,587.51","29,962.18","30,050.88","29,582.18","190.50M","-1.25%"
"03/28/2008","29,962.18","30,095.06","30,266.76","29,871.19","131.14M","-0.44%"
"03/27/2008","30,095.06","29,693.15","30,270.44","29,693.15","194.35M","1.35%"
"03/26/2008","29,693.15","29,152.42","29,759.46","29,152.42","173.15M","1.85%"
"03/25/2008","29,152.42","28,418.73","29,266.47","28,418.73","","2.58%"
"03/20/2008","28,418.73","29,509.06","29,509.06","28,239.10","303.18M","-3.69%"
"03/19/2008","29,509.06","30,044.07","30,637.04","29,509.06","265.37M","-1.78%"
"03/18/2008","30,044.07","29,928.07","30,044.37","29,430.41","189.13M","0.39%"
"03/17/2008","29,928.07","30,648.03","30,648.03","29,241.26","246.61M","-2.35%"
"03/14/2008","30,648.03","30,306.92","30,859.55","30,306.92","197.16M","1.13%"
"03/13/2008","30,306.92","30,710.52","30,710.52","30,246.61","197.68M","-1.31%"
"03/12/2008","30,710.52","30,212.87","30,710.52","30,212.87","203.00M","1.65%"
"03/11/2008","30,212.87","30,114.87","30,426.67","29,813.72","324.60M","0.33%"
"03/10/2008","30,114.87","30,717.58","30,717.58","29,986.82","241.63M","-1.96%"
"03/07/2008","30,717.58","31,079.15","31,125.04","30,669.44","208.47M","-1.16%"
"03/06/2008","31,079.15","30,519.83","31,187.42","30,519.83","211.46M","1.83%"
"03/05/2008","30,519.83","30,885.02","30,885.02","30,340.17","246.95M","-1.18%"
"03/04/2008","30,885.02","30,631.57","31,062.49","30,626.84","199.83M","0.83%"
"03/03/2008","30,631.57","30,673.74","30,857.83","30,237.63","156.35M","-0.14%"
"02/29/2008","30,673.74","30,166.32","30,673.74","30,108.86","209.13M","1.68%"
"02/28/2008","30,166.32","30,058.10","30,340.63","29,939.64","172.11M","0.36%"
"02/27/2008","30,058.10","30,297.29","30,691.03","29,807.97","209.04M","-0.79%"
"02/26/2008","30,297.29","29,813.37","30,306.04","29,734.73","202.00M","1.62%"
"02/25/2008","29,813.37","29,848.89","30,072.14","29,609.44","139.32M","-0.12%"
"02/22/2008","29,848.89","30,181.77","30,181.77","29,841.94","169.59M","-1.10%"
"02/21/2008","30,181.77","29,489.68","30,255.88","29,489.68","214.93M","2.35%"
"02/20/2008","29,489.68","29,572.22","29,572.22","29,231.77","188.50M","-0.28%"
"02/19/2008","29,572.22","29,018.06","29,741.10","29,018.06","196.09M","1.91%"
"02/18/2008","29,018.06","28,505.82","29,018.06","28,505.82","105.91M","1.80%"
"02/15/2008","28,505.82","29,039.56","29,039.56","28,431.80","141.45M","-1.84%"
"02/14/2008","29,039.56","28,502.23","29,141.37","28,502.23","198.80M","1.89%"
"02/13/2008","28,502.23","28,585.60","28,685.08","28,265.55","212.05M","-0.29%"
"02/12/2008","28,585.60","27,633.00","28,585.60","27,633.00","181.75M","3.45%"
"02/11/2008","27,633.00","27,945.55","28,016.39","27,633.00","159.91M","-1.12%"
"02/08/2008","27,945.55","27,749.09","28,021.23","27,648.34","195.89M","0.71%"
"02/07/2008","27,749.09","27,881.38","28,111.04","27,687.30","196.95M","-0.47%"
"02/06/2008","27,881.38","27,764.03","28,026.64","26,939.97","237.44M","0.42%"
"02/05/2008","27,764.03","28,619.54","28,825.26","27,691.17","239.94M","-2.99%"
"02/04/2008","28,619.54","28,751.87","29,151.40","28,449.01","187.59M","-0.46%"
"02/01/2008","28,751.87","27,317.14","28,751.87","27,317.14","272.14M","5.25%"
"01/31/2008","27,317.14","27,068.16","27,480.68","27,005.42","253.54M","0.92%"
"01/30/2008","27,068.16","26,442.71","27,068.16","26,208.38","200.76M","2.37%"
"01/29/2008","26,442.71","25,692.87","26,638.39","25,692.87","193.65M","2.92%"
"01/28/2008","25,692.87","26,502.23","26,502.23","25,604.47","195.90M","-3.05%"
"01/25/2008","26,502.23","26,463.13","26,865.04","26,150.36","273.91M","0.15%"
"01/24/2008","26,463.13","25,135.13","26,463.13","25,135.13","209.38M","5.28%"
"01/23/2008","25,135.13","25,397.17","26,087.49","24,825.40","241.76M","-1.03%"
"01/22/2008","25,397.17","25,423.69","25,948.70","24,005.35","286.57M","-0.10%"
"01/21/2008","25,423.69","26,652.66","26,652.66","25,261.00","214.67M","-4.61%"
"01/18/2008","26,652.66","27,039.97","27,039.97","26,232.99","196.98M","-1.43%"
"01/17/2008","27,039.97","26,911.50","27,135.37","26,218.50","200.28M","0.48%"
"01/16/2008","26,911.50","27,635.97","27,635.97","26,513.23","237.41M","-2.62%"
"01/15/2008","27,635.97","27,951.19","28,007.42","27,635.97","148.16M","-1.13%"
"01/14/2008","27,951.19","27,509.25","28,080.32","27,310.70","169.71M","1.61%"
"01/11/2008","27,509.25","27,903.94","28,094.18","27,509.25","201.98M","-1.41%"
"01/10/2008","27,903.94","28,400.78","28,632.68","27,872.02","199.49M","-1.75%"
"01/09/2008","28,400.78","28,937.43","28,937.43","28,266.11","173.05M","-1.85%"
"01/08/2008","28,937.43","28,640.42","28,941.05","28,533.21","116.21M","1.04%"
"01/07/2008","28,640.42","28,979.73","28,979.73","28,471.83","93.92M","-1.17%"
"01/04/2008","28,979.73","29,124.84","29,627.44","28,915.01","105.11M","-0.50%"
"01/03/2008","29,124.84","29,290.15","29,290.15","28,896.67","106.01M","-0.47%"
"01/02/2008","29,263.41","28,957.97","29,389.67","28,957.97","56.43M","1.05%"
"12/31/2007","28,957.97","29,634.65","29,701.68","28,957.97","43.47M","-2.28%"
"12/28/2007","29,634.65","29,781.39","29,781.39","29,505.68","62.95M","-0.49%"
"12/27/2007","29,781.39","29,505.36","29,931.39","29,505.36","94.76M","0.94%"
"12/24/2007","29,505.36","29,331.99","29,676.36","29,331.99","38.96M","0.59%"
"12/21/2007","29,331.99","28,460.90","29,331.99","28,460.90","","3.06%"
"12/20/2007","28,460.90","28,112.89","28,540.06","28,112.89","256.91M","1.24%"
"12/19/2007","28,112.89","28,526.34","28,690.90","27,765.56","200.27M","-1.45%"
"12/18/2007","28,526.34","28,708.00","28,708.00","27,966.46","182.27M","-0.63%"
"12/14/2007","28,708.00","29,388.65","29,651.21","28,613.66","158.70M","-2.32%"
"12/13/2007","29,388.65","30,307.10","30,307.10","29,388.65","138.36M","-3.03%"
"12/12/2007","30,307.10","30,468.61","30,468.61","30,089.47","143.50M","-0.53%"
"12/11/2007","30,468.61","30,464.38","30,703.44","30,375.15","162.32M","0.01%"
"12/10/2007","30,464.38","30,390.67","30,568.71","30,227.03","139.81M","0.24%"
"12/07/2007","30,390.67","30,133.74","30,710.09","30,133.74","178.02M","0.85%"
"12/06/2007","30,133.74","30,118.15","30,403.52","29,858.39","188.26M","0.05%"
"12/05/2007","30,118.15","29,947.49","30,188.14","29,919.23","169.72M","0.57%"
"12/04/2007","29,947.49","30,303.67","30,319.63","29,793.56","213.29M","-1.18%"
"12/03/2007","30,303.67","30,307.80","30,532.21","30,183.66","169.79M","-0.01%"
"11/30/2007","30,307.80","29,925.76","30,564.54","29,925.76","241.02M","1.28%"
"11/29/2007","29,925.76","29,410.07","29,943.43","29,410.07","226.45M","1.75%"
"11/28/2007","29,410.07","29,286.30","29,410.07","28,789.31","219.67M","0.42%"
"11/27/2007","29,286.30","29,448.69","29,531.44","29,093.92","174.13M","-0.55%"
"11/26/2007","29,448.69","29,602.59","29,997.71","29,281.99","183.88M","-0.52%"
"11/23/2007","29,602.59","29,127.42","29,651.20","29,127.42","125.54M","1.63%"
"11/22/2007","29,127.42","29,146.35","29,208.20","28,707.92","143.57M","-0.06%"
"11/21/2007","29,146.35","29,542.10","29,542.10","29,040.86","","-1.34%"
"11/20/2007","29,542.10","29,222.48","29,542.10","28,805.42","176.53M","1.09%"
"11/19/2007","29,222.48","29,868.06","30,056.83","29,222.48","148.34M","-2.16%"
"11/16/2007","29,868.06","30,144.84","30,144.84","29,616.68","160.33M","-0.92%"
"11/15/2007","30,144.84","30,681.66","30,681.75","30,020.64","170.23M","-1.75%"
"11/14/2007","30,681.66","30,454.76","30,869.09","30,454.76","157.93M","0.75%"
"11/13/2007","30,454.76","30,774.17","30,841.47","30,341.84","118.15M","-1.04%"
"11/12/2007","30,774.17","30,920.21","31,091.82","30,582.62","106.64M","-0.47%"
"11/09/2007","30,920.21","31,055.12","31,516.44","30,904.20","184.83M","-0.43%"
"11/08/2007","31,055.12","30,767.76","31,099.32","30,166.65","191.63M","0.93%"
"11/07/2007","30,767.76","30,764.63","31,069.60","30,715.44","215.97M","0.01%"
"11/06/2007","30,764.63","30,346.38","30,823.05","30,346.38","160.19M","1.38%"
"11/05/2007","30,346.38","30,553.44","30,555.07","30,085.82","169.06M","-0.68%"
"11/02/2007","30,553.44","30,816.19","30,816.19","30,320.35","395.76M","-0.85%"
"11/01/2007","30,816.19","31,334.99","31,518.79","30,687.23","203.05M","-1.66%"
"10/31/2007","31,334.99","31,244.67","31,334.99","31,026.30","187.08M","0.29%"
"10/30/2007","31,244.67","31,211.44","31,388.92","31,141.30","151.50M","0.11%"
"10/29/2007","31,211.44","30,804.86","31,303.21","30,804.86","179.79M","1.32%"
"10/26/2007","30,804.86","30,417.46","30,853.22","30,417.46","","1.27%"
"10/25/2007","30,417.46","30,041.21","30,491.11","30,041.21","265.85M","1.25%"
"10/24/2007","30,041.21","30,449.42","30,487.75","30,041.21","195.23M","-1.34%"
"10/23/2007","30,449.42","30,146.62","30,585.17","30,146.62","166.45M","1.00%"
"10/22/2007","30,146.62","30,766.21","30,766.21","30,060.52","122.06M","-2.01%"
"10/19/2007","30,766.21","31,016.83","31,263.86","30,766.21","152.94M","-0.81%"
"10/18/2007","31,016.83","31,068.26","31,344.09","30,870.21","138.23M","-0.17%"
"10/17/2007","31,068.26","31,033.42","31,150.60","30,713.48","145.10M","0.11%"
"10/16/2007","31,033.42","31,164.38","31,175.95","30,840.44","126.19M","-0.42%"
"10/15/2007","31,164.38","31,225.85","31,395.31","31,164.38","117.54M","-0.20%"
"10/12/2007","31,225.85","31,531.05","31,531.05","30,992.94","172.11M","-0.97%"
"10/11/2007","31,531.05","31,198.73","31,728.18","31,198.73","246.53M","1.07%"
"10/10/2007","31,198.73","30,934.31","31,291.74","30,934.31","177.67M","0.85%"
"10/09/2007","30,934.31","30,788.95","30,934.31","30,596.40","121.87M","0.47%"
"10/08/2007","30,788.95","30,927.64","31,092.71","30,723.04","151.77M","-0.45%"
"10/05/2007","30,927.64","30,890.37","31,045.84","30,817.63","199.83M","0.12%"
"10/04/2007","30,890.37","30,730.10","30,890.37","30,473.76","161.26M","0.52%"
"10/03/2007","30,730.10","30,430.71","30,762.59","30,375.25","243.94M","0.98%"
"10/02/2007","30,430.71","30,167.52","30,567.49","30,167.52","298.35M","0.87%"
"10/01/2007","30,167.52","29,959.19","30,257.34","29,959.19","152.25M","0.70%"
"09/28/2007","29,959.19","29,944.31","30,204.38","29,924.77","202.65M","0.05%"
"09/27/2007","29,944.31","29,812.38","30,177.60","29,800.20","234.92M","0.44%"
"09/26/2007","29,812.38","29,776.03","30,007.18","29,669.14","184.27M","0.12%"
"09/25/2007","29,776.03","29,709.35","30,046.29","29,557.32","180.02M","0.22%"
"09/21/2007","29,709.35","29,832.30","29,978.61","29,686.23","157.44M","-0.41%"
"09/20/2007","29,832.30","29,808.65","29,945.02","29,629.64","240.87M","0.08%"
"09/19/2007","29,808.65","28,766.34","29,808.65","28,766.34","235.46M","3.62%"
"09/18/2007","28,766.34","28,536.42","28,886.23","28,344.27","185.06M","0.81%"
"09/17/2007","28,536.42","28,928.05","28,928.05","28,460.42","161.98M","-1.35%"
"09/14/2007","28,928.05","29,086.37","29,203.61","28,634.41","199.84M","-0.54%"
"09/13/2007","29,086.37","28,730.17","29,121.16","28,729.08","236.13M","1.24%"
"09/12/2007","28,730.17","28,858.14","29,018.11","28,611.10","156.52M","-0.44%"
"09/11/2007","28,858.14","28,240.70","28,873.10","28,240.70","168.36M","2.19%"
"09/10/2007","28,240.70","28,311.77","28,530.17","28,191.14","123.19M","-0.25%"
"09/07/2007","28,311.77","28,850.19","29,037.81","28,311.77","165.35M","-1.87%"
"09/06/2007","28,850.19","28,696.67","29,010.18","28,548.55","169.08M","0.53%"
"09/05/2007","28,696.67","29,051.96","29,127.76","28,587.09","153.26M","-1.22%"
"09/04/2007","29,051.96","28,887.48","29,063.68","28,659.23","155.35M","0.57%"
"09/03/2007","28,887.48","28,660.35","28,945.50","28,616.48","154.10M","0.79%"
"08/31/2007","28,660.35","27,909.94","28,695.04","27,909.94","207.87M","2.69%"
"08/30/2007","27,909.94","27,600.96","27,960.11","27,600.96","157.77M","1.12%"
"08/29/2007","27,600.96","27,479.54","27,637.50","27,108.54","147.73M","0.44%"
"08/28/2007","27,479.54","27,820.58","27,832.44","27,479.54","138.74M","-1.23%"
"08/27/2007","27,820.58","27,417.93","27,958.25","27,417.93","110.09M","1.47%"
"08/24/2007","27,417.93","27,468.07","27,500.33","27,101.23","155.31M","-0.18%"
"08/23/2007","27,468.07","27,241.12","27,813.70","27,241.12","192.79M","0.83%"
"08/22/2007","27,241.12","26,538.95","27,241.12","26,538.95","165.17M","2.65%"
"08/21/2007","26,538.95","26,640.18","26,796.02","26,383.88","174.71M","-0.38%"
"08/20/2007","26,640.18","25,984.85","26,840.57","25,984.85","158.50M","2.52%"
"08/17/2007","25,984.85","25,991.80","26,807.47","25,427.84","276.05M","-0.03%"
"08/16/2007","25,991.80","27,091.13","27,091.13","25,820.31","245.43M","-4.06%"
"08/15/2007","27,091.13","27,369.72","27,369.72","26,714.20","188.66M","-1.02%"
"08/14/2007","27,369.72","27,752.71","27,901.87","27,369.72","166.45M","-1.38%"
"08/13/2007","27,752.71","27,076.30","27,843.57","27,076.30","154.65M","2.50%"
"08/10/2007","27,076.30","28,208.95","28,208.95","26,877.60","185.61M","-4.02%"
"08/08/2007","28,208.95","27,312.07","28,208.95","27,312.07","209.86M","3.28%"
"08/07/2007","27,312.07","26,904.48","27,320.85","26,904.48","178.88M","1.51%"
"08/06/2007","26,904.48","27,582.01","27,582.01","26,904.48","185.04M","-2.46%"
"08/03/2007","27,582.01","27,859.23","28,165.40","27,553.07","180.70M","-1.00%"
"08/02/2007","27,859.23","27,820.11","28,124.79","27,820.11","208.63M","0.14%"
"08/01/2007","27,820.11","28,561.81","28,561.81","27,575.76","218.90M","-2.60%"
"07/31/2007","28,561.81","28,156.23","28,719.55","28,156.23","192.73M","1.44%"
"07/30/2007","28,156.23","27,714.45","28,156.23","27,714.45","186.12M","1.59%"
"07/27/2007","27,714.45","28,585.84","28,585.84","27,714.45","244.56M","-3.05%"
"07/26/2007","28,585.84","29,105.27","29,183.88","28,503.60","197.21M","-1.78%"
"07/25/2007","29,105.27","29,590.81","29,590.81","29,076.33","144.59M","-1.64%"
"07/24/2007","29,590.81","29,885.27","30,041.90","29,429.73","162.03M","-0.99%"
"07/23/2007","29,885.27","29,692.04","29,885.27","29,392.31","156.30M","0.65%"
"07/20/2007","29,692.04","29,621.28","29,876.17","29,621.28","164.26M","0.24%"
"07/19/2007","29,621.28","29,422.66","29,652.94","29,422.66","171.58M","0.68%"
"07/18/2007","29,422.66","29,606.22","29,606.22","29,353.68","167.61M","-0.62%"
"07/17/2007","29,606.22","29,868.22","29,868.22","29,508.25","177.89M","-0.88%"
"07/16/2007","29,868.22","29,961.73","29,967.86","29,633.29","148.44M","-0.31%"
"07/13/2007","29,961.73","29,791.27","30,023.69","29,791.27","181.97M","0.57%"
"07/12/2007","29,791.27","29,643.36","29,872.82","29,620.96","202.00M","0.50%"
"07/11/2007","29,643.36","29,450.59","29,643.36","29,234.80","213.12M","0.65%"
"07/10/2007","29,450.59","29,714.16","29,821.95","29,425.24","200.91M","-0.89%"
"07/09/2007","29,714.16","29,218.33","29,731.93","29,218.33","172.17M","1.70%"
"07/06/2007","29,218.33","28,896.36","29,218.33","28,855.79","147.47M","1.11%"
"07/05/2007","28,896.36","28,844.31","29,085.72","28,844.31","184.71M","0.18%"
"07/04/2007","28,844.31","28,755.03","28,894.43","28,755.03","174.46M","0.31%"
"07/03/2007","28,755.03","28,703.13","28,914.99","28,703.13","208.85M","0.18%"
"07/02/2007","28,703.13","28,337.22","28,703.13","28,149.21","135.04M","1.29%"
"06/29/2007","28,337.22","28,402.79","28,522.24","28,044.31","195.07M","-0.23%"
"06/28/2007","28,402.79","28,285.10","28,537.25","28,178.27","168.06M","0.42%"
"06/27/2007","28,285.10","28,746.43","28,746.43","28,128.72","210.42M","-1.60%"
"06/26/2007","28,746.43","28,914.44","28,914.44","28,636.48","134.24M","-0.58%"
"06/25/2007","28,914.44","29,094.32","29,094.32","28,739.48","100.13M","-0.62%"
"06/22/2007","29,094.32","29,309.70","29,359.65","29,041.28","122.71M","-0.73%"
"06/21/2007","29,309.70","29,510.35","29,714.33","29,160.08","243.74M","-0.68%"
"06/20/2007","29,510.35","29,243.19","29,633.26","29,243.19","178.77M","0.91%"
"06/19/2007","29,243.19","29,318.59","29,438.05","29,145.27","180.88M","-0.26%"
"06/18/2007","29,318.59","29,313.78","29,568.10","29,242.46","145.28M","0.02%"
"06/15/2007","29,313.78","28,988.00","29,364.69","28,942.69","222.25M","1.12%"
"06/14/2007","28,988.00","28,602.95","28,995.54","28,602.95","227.42M","1.35%"
"06/13/2007","28,602.95","28,299.33","28,602.95","28,097.33","164.43M","1.07%"
"06/12/2007","28,299.33","28,545.57","28,672.51","28,230.17","161.66M","-0.86%"
"06/11/2007","28,545.57","28,169.23","28,545.57","28,169.23","147.81M","1.34%"
"06/08/2007","28,169.23","28,554.32","28,554.32","27,881.62","220.63M","-1.35%"
"06/07/2007","28,554.32","28,538.84","28,743.88","28,378.04","227.18M","0.05%"
"06/06/2007","28,538.84","28,865.90","28,929.35","28,493.91","220.23M","-1.13%"
"06/05/2007","28,865.90","28,837.52","29,036.17","28,739.67","219.51M","0.10%"
"06/04/2007","28,837.52","28,942.78","29,108.58","28,810.73","182.33M","-0.36%"
"06/01/2007","28,942.78","28,627.79","28,996.32","28,627.79","195.19M","1.10%"
"05/31/2007","28,627.79","28,439.40","28,770.23","28,439.40","201.62M","0.66%"
"05/30/2007","28,439.40","28,665.96","28,665.96","28,274.72","215.62M","-0.79%"
"05/29/2007","28,665.96","28,637.22","28,867.68","28,614.73","143.32M","0.10%"
"05/28/2007","28,637.22","28,533.03","28,767.34","28,533.03","91.56M","0.37%"
"05/25/2007","28,533.03","28,812.94","28,812.94","28,409.06","177.78M","-0.97%"
"05/24/2007","28,812.94","29,087.49","29,126.96","28,750.29","177.82M","-0.94%"
"05/23/2007","29,087.49","28,629.38","29,087.49","28,629.38","194.47M","1.60%"
"05/22/2007","28,629.38","28,642.40","28,877.40","28,480.88","180.00M","-0.05%"
"05/21/2007","28,642.40","28,331.45","28,642.40","28,223.48","160.03M","1.10%"
"05/18/2007","28,331.45","27,884.36","28,357.77","27,796.93","144.51M","1.60%"
"05/17/2007","27,884.36","28,046.80","28,209.31","27,856.09","176.32M","-0.58%"
"05/16/2007","28,046.80","28,059.27","28,279.71","28,008.12","214.61M","-0.04%"
"05/15/2007","28,059.27","28,094.80","28,169.45","27,779.41","208.83M","-0.13%"
"05/14/2007","28,094.80","28,671.48","28,795.19","28,061.31","202.72M","-2.01%"
"05/11/2007","28,671.48","28,438.86","28,671.48","28,054.16","201.47M","0.82%"
"05/10/2007","28,438.86","28,354.41","28,527.17","28,354.41","147.14M","0.30%"
"05/09/2007","28,354.41","28,161.78","28,496.78","28,161.78","139.48M","0.68%"
"05/08/2007","28,161.78","28,797.79","28,797.79","28,140.85","148.12M","-2.21%"
"05/07/2007","28,797.79","28,649.70","28,854.61","28,649.70","96.45M","0.52%"
"05/04/2007","28,649.70","28,278.23","28,651.21","28,278.23","208.97M","1.31%"
"05/03/2007","28,278.23","28,328.12","28,450.09","28,185.41","205.15M","-0.18%"
"05/02/2007","28,328.12","28,170.60","28,397.35","28,170.60","174.71M","0.56%"
"04/30/2007","28,170.60","28,076.19","28,244.43","28,018.27","121.47M","0.34%"
"04/26/2007","28,076.19","28,223.31","28,456.67","28,031.08","160.55M","-0.52%"
"04/25/2007","28,223.31","28,150.75","28,360.80","28,024.56","170.06M","0.26%"
"04/24/2007","28,150.75","28,501.70","28,636.10","28,147.26","172.15M","-1.23%"
"04/23/2007","28,501.70","28,367.54","28,501.70","28,313.96","128.58M","0.47%"
"04/20/2007","28,367.54","28,098.66","28,432.84","28,098.66","159.73M","0.96%"
"04/19/2007","28,098.66","28,148.52","28,148.52","27,805.70","143.78M","-0.18%"
"04/18/2007","28,148.52","28,506.72","28,513.46","28,066.17","180.48M","-1.26%"
"04/17/2007","28,506.72","28,379.51","28,522.74","28,274.84","181.12M","0.45%"
"04/16/2007","28,379.51","28,132.45","28,427.17","28,132.45","205.56M","0.88%"
"04/13/2007","28,132.45","27,822.27","28,132.45","27,822.27","225.93M","1.11%"
"04/12/2007","27,822.27","27,638.64","27,822.27","27,602.18","142.20M","0.66%"
"04/11/2007","27,638.64","27,875.62","27,923.15","27,638.64","149.30M","-0.85%"
"04/10/2007","27,875.62","27,547.85","27,875.62","27,547.85","121.54M","1.19%"
"04/05/2007","27,547.85","27,525.74","27,547.85","27,343.17","130.32M","0.08%"
"04/04/2007","27,525.74","27,568.17","27,681.58","27,406.20","134.56M","-0.15%"
"04/03/2007","27,568.17","27,418.88","27,688.96","27,418.88","159.34M","0.54%"
"04/02/2007","27,418.88","27,267.24","27,567.74","27,124.57","129.05M","0.56%"
"03/30/2007","27,267.24","27,150.59","27,276.28","27,101.32","200.38M","0.43%"
"03/29/2007","27,150.59","26,829.80","27,150.59","26,829.80","151.11M","1.20%"
"03/28/2007","26,829.80","26,839.63","26,954.15","26,666.24","166.98M","-0.04%"
"03/27/2007","26,839.63","26,756.29","26,995.72","26,756.29","119.28M","0.31%"
"03/26/2007","26,756.29","26,913.62","27,152.65","26,701.48","157.72M","-0.58%"
"03/23/2007","26,913.62","26,654.90","26,913.62","26,583.06","138.30M","0.97%"
"03/22/2007","26,654.90","26,360.93","26,895.65","26,360.93","224.51M","1.12%"
"03/20/2007","26,360.93","26,161.53","26,390.44","26,161.53","175.37M","0.76%"
"03/19/2007","26,161.53","25,839.13","26,203.91","25,839.13","147.30M","1.25%"
"03/16/2007","25,839.13","25,662.31","25,869.54","25,522.48","161.93M","0.69%"
"03/15/2007","25,662.31","25,250.06","25,798.36","25,250.06","287.97M","1.63%"
"03/14/2007","25,250.06","25,853.05","25,853.05","25,073.12","201.36M","-2.33%"
"03/13/2007","25,853.05","26,012.12","26,155.85","25,768.20","187.43M","-0.61%"
"03/12/2007","26,012.12","25,923.48","26,143.54","25,832.70","155.50M","0.34%"
"03/09/2007","25,923.48","25,616.63","25,950.86","25,510.76","170.78M","1.20%"
"03/08/2007","25,616.63","25,280.40","25,651.60","25,280.40","180.39M","1.33%"
"03/07/2007","25,280.40","25,228.11","25,370.41","25,214.15","162.08M","0.21%"
"03/06/2007","25,228.11","24,919.46","25,354.15","24,919.46","198.50M","1.24%"
"03/05/2007","24,919.46","25,561.12","25,561.12","24,754.52","202.78M","-2.51%"
"03/02/2007","25,561.12","25,336.58","25,637.76","25,248.21","170.06M","0.89%"
"03/01/2007","25,336.58","25,795.99","26,052.65","25,299.06","213.52M","-1.78%"
"02/28/2007","25,795.99","26,078.30","26,078.30","25,462.03","230.72M","-1.08%"
"02/27/2007","26,078.30","26,932.15","26,932.15","25,980.81","242.79M","-3.17%"
"02/26/2007","26,932.15","26,792.39","26,981.25","26,792.39","159.77M","0.52%"
"02/23/2007","26,792.39","26,697.70","26,808.90","26,575.67","182.49M","0.35%"
"02/22/2007","26,697.70","26,306.30","26,697.70","26,306.30","163.80M","1.49%"
"02/21/2007","26,306.30","26,514.77","26,564.86","26,292.11","164.31M","-0.79%"
"02/20/2007","26,514.77","26,623.23","26,760.31","26,514.77","119.97M","-0.41%"
"02/19/2007","26,623.23","26,511.08","26,721.59","26,483.16","125.40M","0.42%"
"02/16/2007","26,511.08","26,521.10","26,549.48","26,311.34","154.81M","-0.04%"
"02/15/2007","26,521.10","26,311.42","26,521.10","26,311.42","173.42M","0.80%"
"02/14/2007","26,311.42","26,023.35","26,392.31","26,023.35","201.48M","1.11%"
"02/13/2007","26,023.35","25,820.61","26,026.61","25,683.82","209.79M","0.79%"
"02/12/2007","25,820.61","25,666.81","25,914.71","25,666.81","155.97M","0.60%"
"02/09/2007","25,666.81","25,596.86","25,791.56","25,596.86","167.76M","0.27%"
"02/08/2007","25,596.86","25,915.90","25,915.90","25,560.21","186.67M","-1.23%"
"02/07/2007","25,915.90","25,933.81","26,041.90","25,896.57","202.89M","-0.07%"
"02/06/2007","25,933.81","25,605.18","25,933.81","25,589.57","141.56M","1.28%"
"02/05/2007","25,605.18","25,679.19","25,682.90","25,483.72","133.63M","-0.29%"
"02/02/2007","25,679.19","25,782.38","25,938.53","25,649.13","167.44M","-0.40%"
"02/01/2007","25,782.38","25,447.73","25,806.82","25,447.73","149.41M","1.32%"
"01/31/2007","25,447.73","25,481.25","25,654.05","25,385.50","170.67M","-0.13%"
"01/30/2007","25,481.25","25,341.81","25,548.87","25,244.79","134.99M","0.55%"
"01/29/2007","25,341.81","25,377.29","25,509.57","25,239.89","134.24M","-0.14%"
"01/26/2007","25,377.29","25,572.39","25,572.39","25,368.70","116.02M","-0.76%"
"01/25/2007","25,572.39","25,444.28","25,597.77","25,335.41","161.11M","0.50%"
"01/24/2007","25,444.28","25,103.68","25,481.24","25,103.68","153.22M","1.36%"
"01/23/2007","25,103.68","25,139.78","25,139.78","24,951.93","145.24M","-0.14%"
"01/22/2007","25,139.78","24,920.95","25,267.77","24,920.95","133.58M","0.88%"
"01/19/2007","24,920.95","25,231.50","25,231.50","24,789.29","146.49M","-1.23%"
"01/18/2007","25,231.50","24,980.44","25,261.95","24,980.44","162.52M","1.01%"
"01/17/2007","24,980.44","25,155.45","25,204.42","24,849.39","162.12M","-0.70%"
"01/16/2007","25,155.45","25,194.73","25,287.56","25,041.94","157.83M","-0.16%"
"01/15/2007","25,194.73","24,908.87","25,194.73","24,908.87","130.98M","1.15%"
"01/12/2007","24,908.87","24,677.47","24,968.15","24,677.47","183.79M","0.94%"
"01/11/2007","24,677.47","24,535.63","24,760.63","24,518.45","108.35M","0.58%"
"01/10/2007","24,535.63","24,603.61","24,695.82","24,396.46","163.65M","-0.28%"
"01/09/2007","24,603.61","24,412.47","24,652.21","24,412.47","167.74M","0.78%"
"01/08/2007","24,412.47","24,261.06","24,458.33","24,102.09","94.30M","0.62%"
"01/05/2007","24,261.06","24,201.02","24,372.29","24,011.62","75.17M","0.25%"
"01/04/2007","24,201.02","24,600.96","24,600.96","24,178.62","104.99M","-1.63%"
"01/03/2007","24,600.96","25,156.71","25,156.71","24,600.96","80.57M","-2.21%"
"01/02/2007","25,156.71","24,915.20","25,208.65","24,915.20","44.28M","0.97%"
"12/29/2006","24,915.20","24,985.81","24,985.81","24,891.15","27.02M","-0.28%"
"12/28/2006","24,985.81","24,932.27","25,075.99","24,918.76","54.22M","0.21%"
"12/27/2006","24,932.27","24,631.33","24,998.21","24,631.33","46.34M","1.22%"
"12/22/2006","24,631.33","24,825.00","24,844.57","24,586.42","76.17M","-0.78%"
"12/21/2006","24,825.00","24,447.02","24,825.00","24,245.84","263.00M","1.55%"
"12/20/2006","24,447.02","24,118.23","24,452.26","24,118.23","110.41M","1.36%"
"12/19/2006","24,118.23","24,137.27","24,145.27","23,954.05","129.28M","-0.08%"
"12/18/2006","24,137.27","24,149.06","24,341.76","24,063.54","114.14M","-0.05%"
"12/15/2006","24,149.06","23,965.91","24,187.83","23,965.91","148.44M","0.76%"
"12/14/2006","23,965.91","23,711.17","23,996.86","23,711.17","148.22M","1.07%"
"12/13/2006","23,711.17","23,555.11","23,743.37","23,452.82","144.57M","0.66%"
"12/12/2006","23,555.11","23,703.51","23,733.51","23,447.76","116.54M","-0.63%"
"12/11/2006","23,703.51","23,760.59","23,879.75","23,643.05","126.93M","-0.24%"
"12/08/2006","23,760.59","23,856.59","23,935.75","23,684.03","119.60M","-0.40%"
"12/07/2006","23,856.59","23,946.47","23,961.09","23,783.16","138.57M","-0.38%"
"12/06/2006","23,946.47","24,191.44","24,208.65","23,911.35","147.85M","-1.01%"
"12/05/2006","24,191.44","24,073.20","24,191.44","24,073.20","137.50M","0.49%"
"12/04/2006","24,073.20","24,070.92","24,155.34","23,909.57","114.03M","0.01%"
"12/01/2006","24,070.92","23,949.95","24,108.40","23,856.92","122.41M","0.51%"
"11/30/2006","23,949.95","23,691.74","24,002.11","23,691.74","148.54M","1.09%"
"11/29/2006","23,691.74","23,564.36","23,724.75","23,564.36","130.85M","0.54%"
"11/28/2006","23,564.36","23,809.72","23,809.72","23,536.47","164.14M","-1.03%"
"11/27/2006","23,809.72","23,990.87","24,067.41","23,790.12","119.61M","-0.76%"
"11/24/2006","23,990.87","23,858.28","24,007.18","23,761.57","138.01M","0.56%"
"11/23/2006","23,858.28","23,899.11","23,899.11","23,694.69","162.89M","-0.17%"
"11/22/2006","23,899.11","23,792.06","23,964.05","23,671.22","177.67M","0.45%"
"11/21/2006","23,792.06","23,603.55","23,848.60","23,579.46","147.53M","0.80%"
"11/20/2006","23,603.55","23,188.80","23,603.55","23,188.80","145.07M","1.79%"
"11/17/2006","23,188.80","23,436.27","23,509.07","23,114.37","183.61M","-1.06%"
"11/16/2006","23,436.27","23,659.44","23,725.88","23,429.13","113.51M","-0.94%"
"11/15/2006","23,659.44","23,674.39","23,747.87","23,528.23","142.82M","-0.06%"
"11/14/2006","23,674.39","23,566.96","23,724.98","23,566.54","184.52M","0.46%"
"11/13/2006","23,566.96","23,819.21","23,819.21","23,492.50","122.15M","-1.06%"
"11/10/2006","23,819.21","23,684.67","23,963.60","23,673.87","135.59M","0.57%"
"11/09/2006","23,684.67","23,952.68","24,013.31","23,673.85","162.28M","-1.12%"
"11/08/2006","23,952.68","24,022.61","24,022.61","23,792.71","126.51M","-0.29%"
"11/07/2006","24,022.61","23,950.99","24,188.42","23,907.68","119.80M","0.30%"
"11/06/2006","23,950.99","23,590.57","23,950.99","23,553.63","96.50M","1.53%"
"11/03/2006","23,590.57","23,527.62","23,754.66","23,527.62","107.11M","0.27%"
"11/02/2006","23,527.62","23,600.52","23,755.80","23,456.28","131.78M","-0.31%"
"11/01/2006","23,600.52","23,338.16","23,696.86","23,338.16","201.11M","1.12%"
"10/31/2006","23,338.16","23,200.00","23,353.64","23,129.61","171.83M","0.60%"
"10/30/2006","23,200.00","23,062.26","23,248.29","22,930.63","97.86M","0.60%"
"10/27/2006","23,062.26","23,212.71","23,317.10","22,955.09","148.07M","-0.65%"
"10/26/2006","23,212.71","23,489.48","23,573.31","23,212.71","160.40M","-1.18%"
"10/25/2006","23,489.48","23,532.81","23,648.40","23,412.02","124.38M","-0.18%"
"10/24/2006","23,532.81","23,469.79","23,553.72","23,409.65","128.95M","0.27%"
"10/23/2006","23,469.79","23,337.66","23,469.79","23,260.80","95.40M","0.57%"
"10/20/2006","23,337.66","23,254.90","23,505.31","23,254.90","106.82M","0.36%"
"10/19/2006","23,254.90","23,209.26","23,302.00","23,044.33","126.01M","0.20%"
"10/18/2006","23,209.26","23,155.11","23,327.08","23,130.23","139.85M","0.23%"
"10/17/2006","23,155.11","23,141.09","23,297.58","22,985.60","139.24M","0.06%"
"10/16/2006","23,141.09","22,840.30","23,148.67","22,840.30","126.66M","1.32%"
"10/13/2006","22,840.30","22,751.49","22,920.03","22,695.41","153.93M","0.39%"
"10/12/2006","22,751.49","22,679.38","22,853.89","22,541.69","133.44M","0.32%"
"10/11/2006","22,679.38","22,799.56","22,799.56","22,567.37","152.50M","-0.53%"
"10/10/2006","22,799.56","22,773.36","22,882.94","22,673.58","149.33M","0.12%"
"10/09/2006","22,773.36","22,511.61","22,773.36","22,407.71","108.53M","1.16%"
"10/06/2006","22,511.61","22,475.14","22,573.18","22,363.43","118.20M","0.16%"
"10/05/2006","22,475.14","22,367.15","22,591.86","22,354.98","159.27M","0.48%"
"10/04/2006","22,367.15","22,274.14","22,421.38","22,226.62","142.33M","0.42%"
"10/03/2006","22,274.14","22,552.86","22,552.86","22,198.73","136.11M","-1.24%"
"10/02/2006","22,552.86","22,374.58","22,594.47","22,374.58","114.39M","0.80%"
"09/29/2006","22,374.58","22,491.30","22,718.27","22,337.99","186.18M","-0.52%"
"09/28/2006","22,491.30","22,249.72","22,493.78","22,236.15","137.46M","1.09%"
"09/27/2006","22,249.72","22,162.65","22,454.46","22,162.65","174.94M","0.39%"
"09/26/2006","22,162.65","22,008.98","22,181.41","21,811.33","188.62M","0.70%"
"09/22/2006","22,008.98","21,886.40","22,217.60","21,886.40","174.96M","0.56%"
"09/21/2006","21,886.40","21,627.42","22,012.63","21,627.42","330.10M","1.20%"
"09/20/2006","21,627.42","21,517.40","21,627.42","21,155.31","160.36M","0.51%"
"09/19/2006","21,517.40","21,418.43","21,637.39","21,418.43","161.67M","0.46%"
"09/18/2006","21,418.43","21,380.78","21,495.95","21,262.37","118.57M","0.18%"
"09/15/2006","21,380.78","21,471.20","21,471.20","21,280.76","146.06M","-0.42%"
"09/14/2006","21,471.20","21,318.22","21,689.64","21,318.22","151.52M","0.72%"
"09/13/2006","21,318.22","21,261.70","21,412.84","21,231.10","155.39M","0.27%"
"09/12/2006","21,261.70","21,054.39","21,368.36","20,847.63","174.22M","0.98%"
"09/11/2006","21,054.39","21,718.58","21,718.58","21,054.39","149.18M","-3.06%"
"09/08/2006","21,718.58","21,884.88","21,983.41","21,643.81","163.95M","-0.76%"
"09/07/2006","21,884.88","22,375.73","22,375.73","21,855.98","179.22M","-2.19%"
"09/06/2006","22,375.73","22,438.48","22,511.68","22,286.65","150.82M","-0.28%"
"09/05/2006","22,438.48","22,480.54","22,549.01","22,348.20","144.51M","-0.19%"
"09/04/2006","22,480.54","22,212.57","22,496.99","22,189.09","108.59M","1.21%"
"09/01/2006","22,212.57","21,953.80","22,250.81","21,947.09","144.86M","1.18%"
"08/31/2006","21,953.80","22,051.38","22,183.62","21,833.09","180.40M","-0.44%"
"08/30/2006","22,051.38","21,670.24","22,051.38","21,670.24","149.47M","1.76%"