"Date","Price","Open","High","Low","Vol.","Change %"
"08/28/2026","2,114.93","2,113.27","2,121.94","2,070.46","61.37B","1.03%"
"08/27/2026","2,093.40","2,060.60","2,105.95","2,054.64","58.57B","1.07%"
"08/26/2026","2,071.30","2,098.67","2,109.21","2,067.32","47.23B","-2.17%"
"08/25/2026","2,117.15","2,093.16","2,146.14","2,063.38","71.63B","2.22%"
"08/24/2026","2,071.20","2,089.78","2,097.03","2,051.60","81.87B","-2.99%"
"08/21/2026","2,134.97","2,125.55","2,149.97","2,103.90","39.98B","0.63%"
"08/20/2026","2,121.53","2,169.68","2,189.03","2,113.58","61.86B","-2.34%"
"08/19/2026","2,172.38","2,163.23","2,179.83","2,133.74","48.44B","1.13%"
"08/18/2026","2,148.13","2,115.25","2,164.59","2,100.17","69.52B","2.62%"
"08/17/2026","2,093.22","2,103.39","2,138.96","2,085.14","69.39B","-2.02%"
"08/14/2026","2,136.35","2,232.79","2,245.57","2,130.39","91.40B","-4.29%"
"08/13/2026","2,232.14","2,293.18","2,297.94","2,229.16","73.53B","-3.01%"
"08/12/2026","2,301.43","2,330.92","2,331.67","2,288.01","54.54B","-0.96%"
"08/11/2026","2,323.82","2,320.13","2,328.18","2,309.49","51.40B","1.33%"
"08/10/2026","2,293.32","2,296.41","2,305.23","2,277.56","38.12B","0.53%"
"08/07/2026","2,281.31","2,294.24","2,310.40","2,270.75","51.24B","-0.20%"
"08/06/2026","2,285.88","2,295.11","2,316.85","2,266.11","58.50B","-0.69%"
"08/05/2026","2,301.65","2,278.21","2,301.65","2,278.21","55.03B","1.43%"
"08/04/2026","2,269.23","2,259.53","2,273.70","2,237.08","57.12B","0.29%"
"08/03/2026","2,262.75","2,241.73","2,263.52","2,240.54","39.63B","1.63%"
"07/31/2026","2,226.36","2,202.59","2,232.61","2,189.30","52.57B","0.75%"
"07/30/2026","2,209.84","2,261.30","2,281.20","2,207.28","73.86B","-1.22%"
"07/29/2026","2,237.17","2,210.08","2,238.92","2,203.30","50.57B","2.10%"
"07/28/2026","2,191.18","2,218.03","2,218.75","2,181.12","60.02B","-1.16%"
"07/27/2026","2,216.92","2,162.70","2,224.25","2,154.25","79.59B","2.37%"
"07/24/2026","2,165.54","2,111.00","2,189.51","2,085.90","121.42B","0.96%"
"07/23/2026","2,144.97","2,144.35","2,160.70","2,100.34","71.09B","0.41%"
"07/22/2026","2,136.11","2,060.60","2,144.66","2,045.56","94.69B","2.76%"
"07/21/2026","2,078.78","2,075.21","2,098.70","2,014.90","102.14B","3.90%"
"07/20/2026","2,000.69","1,899.99","2,009.92","1,898.51","110.26B","2.16%"
"07/17/2026","1,958.43","2,027.83","2,035.36","1,954.25","78.02B","-3.16%"
"07/16/2026","2,022.27","2,072.90","2,074.72","2,018.61","91.74B","-4.24%"
"07/15/2026","2,111.90","2,143.35","2,146.43","2,103.04","69.00B","-2.71%"
"07/14/2026","2,170.78","2,179.56","2,194.92","2,155.42","50.23B","0.29%"
"07/13/2026","2,164.42","2,152.80","2,200.99","2,144.39","60.81B","0.87%"
"07/10/2026","2,145.65","2,171.13","2,178.70","2,136.92","49.36B","-1.88%"
"07/09/2026","2,186.75","2,205.93","2,219.43","2,178.28","59.20B","-1.53%"
"07/08/2026","2,220.77","2,208.20","2,227.73","2,165.40","98.83B","1.39%"
"07/07/2026","2,190.39","2,168.29","2,198.87","2,117.50","114.94B","-0.17%"
"07/06/2026","2,194.14","2,241.37","2,259.92","2,164.81","115.15B","-2.17%"
"07/03/2026","2,242.84","2,259.22","2,266.14","2,210.24","65.80B","-0.59%"
"07/02/2026","2,256.06","2,334.26","2,335.45","2,244.36","65.71B","-3.77%"
"07/01/2026","2,344.55","2,360.90","2,374.74","2,333.65","50.50B","-0.15%"
"06/30/2026","2,348.15","2,357.15","2,402.41","2,341.33","72.96B","-0.07%"
"06/29/2026","2,349.81","2,275.45","2,358.63","2,254.60","74.56B","2.81%"
"06/26/2026","2,285.61","2,222.56","2,323.50","2,203.25","123.79B","1.26%"
"06/25/2026","2,257.24","2,266.31","2,278.28","2,217.39","95.51B","0.61%"
"06/24/2026","2,243.47","2,321.80","2,321.80","2,230.47","82.74B","-3.96%"
"06/23/2026","2,335.94","2,278.53","2,341.58","2,273.75","76.38B","0.76%"
"06/22/2026","2,318.28","2,401.97","2,420.01","2,300.42","119.95B","-4.23%"
"06/19/2026","2,420.56","2,447.35","2,459.68","2,401.64","79.60B","-0.85%"
"06/18/2026","2,441.24","2,468.35","2,468.44","2,423.16","84.03B","-1.76%"
"06/17/2026","2,485.05","2,488.53","2,503.63","2,479.83","47.93B","-0.22%"
"06/16/2026","2,490.52","2,546.65","2,550.12","2,475.95","71.45B","-2.06%"
"06/15/2026","2,542.84","2,527.63","2,548.71","2,526.76","45.90B","1.09%"
"06/11/2026","2,515.33","2,528.75","2,528.77","2,506.57","24.73B","-0.22%"
"06/10/2026","2,520.88","2,506.57","2,535.25","2,482.29","55.48B","-0.07%"
"06/09/2026","2,522.77","2,510.29","2,535.85","2,484.40","76.12B","0.20%"
"06/08/2026","2,517.64","2,574.43","2,576.72","2,511.41","49.94B","-1.69%"
"06/05/2026","2,561.04","2,577.07","2,581.69","2,557.52","27.56B","-0.73%"
"06/04/2026","2,579.90","2,596.21","2,606.27","2,577.68","38.03B","-0.82%"
"06/03/2026","2,601.35","2,622.50","2,628.33","2,595.79","37.65B","-0.73%"
"06/02/2026","2,620.39","2,580.98","2,628.58","2,574.47","57.82B","1.96%"
"06/01/2026","2,570.04","2,578.46","2,589.59","2,563.93","37.98B","0.17%"
"05/29/2026","2,565.61","2,571.78","2,575.03","2,556.56","38.98B","-0.71%"
"05/28/2026","2,583.89","2,589.83","2,603.90","2,574.14","38.78B","-0.25%"
"05/27/2026","2,590.24","2,577.97","2,594.61","2,562.22","48.62B","0.39%"
"05/26/2026","2,580.25","2,592.53","2,595.96","2,573.42","57.82B","-0.69%"
"05/25/2026","2,598.20","2,629.05","2,634.98","2,579.76","55.63B","-1.05%"
"05/22/2026","2,625.69","2,656.38","2,679.98","2,620.48","43.20B","-1.45%"
"05/21/2026","2,664.29","2,629.30","2,669.72","2,611.59","49.27B","0.91%"
"05/20/2026","2,640.32","2,654.87","2,655.08","2,631.14","33.36B","-0.87%"
"05/19/2026","2,663.48","2,664.37","2,675.17","2,656.70","31.58B","-0.18%"
"05/18/2026","2,668.22","2,633.59","2,670.93","2,617.59","42.49B","1.31%"
"05/15/2026","2,633.84","2,656.54","2,665.47","2,627.36","36.00B","-0.94%"
"05/14/2026","2,658.84","2,686.10","2,688.56","2,654.76","35.72B","-1.33%"
"05/13/2026","2,694.72","2,689.78","2,697.04","2,680.88","24.79B","0.18%"
"05/12/2026","2,689.96","2,655.78","2,696.53","2,651.61","40.83B","1.24%"
"05/11/2026","2,656.91","2,646.25","2,659.96","2,642.76","17.42B","2.28%"
"05/08/2026","2,597.80","2,610.40","2,614.03","2,597.55","19.29B","-0.67%"
"05/07/2026","2,615.33","2,622.74","2,631.77","2,611.09","26.97B","-0.65%"
"05/06/2026","2,632.50","2,634.93","2,647.50","2,612.46","44.19B","-0.45%"
"05/05/2026","2,644.37","2,617.07","2,652.25","2,590.66","46.07B","0.90%"
"05/04/2026","2,620.82","2,653.73","2,655.46","2,605.24","41.96B","-1.41%"
"04/30/2026","2,658.21","2,652.56","2,674.59","2,648.94","43.83B","0.70%"
"04/29/2026","2,639.82","2,702.11","2,705.69","2,628.98","76.58B","-2.10%"
"04/28/2026","2,696.58","2,736.16","2,736.81","2,695.36","50.77B","-1.31%"
"04/27/2026","2,732.41","2,728.45","2,744.06","2,724.36","30.54B","-0.02%"
"04/24/2026","2,733.00","2,775.48","2,777.89","2,729.64","53.75B","-1.39%"
"04/23/2026","2,771.46","2,770.57","2,777.88","2,762.99","31.35B","0.36%"
"04/22/2026","2,761.64","2,760.12","2,769.04","2,752.73","37.77B","0.14%"
"04/21/2026","2,757.70","2,748.47","2,763.71","2,737.36","51.65B","0.15%"
"04/20/2026","2,753.66","2,742.57","2,757.62","2,727.88","50.67B","1.09%"
"04/17/2026","2,723.94","2,741.81","2,758.66","2,716.80","68.74B","-0.63%"
"04/16/2026","2,741.14","2,750.02","2,764.32","2,737.73","51.29B","0.03%"
"04/15/2026","2,740.45","2,718.99","2,745.64","2,708.00","44.98B","0.55%"
"04/14/2026","2,725.51","2,725.53","2,730.48","2,703.17","41.88B","0.10%"
"04/13/2026","2,722.69","2,743.05","2,746.80","2,709.00","45.83B","-0.10%"
"04/10/2026","2,725.39","2,741.73","2,747.15","2,721.54","33.79B","-0.29%"
"04/09/2026","2,733.40","2,764.78","2,770.31","2,732.50","45.07B","-1.15%"
"04/08/2026","2,765.06","2,775.26","2,776.90","2,758.95","46.72B","-1.15%"
"04/07/2026","2,797.24","2,785.36","2,803.61","2,778.60","56.87B","0.44%"
"04/06/2026","2,784.87","2,748.51","2,788.27","2,747.81","58.93B","0.88%"
"04/03/2026","2,760.70","2,780.86","2,783.05","2,751.90","58.38B","-0.49%"
"04/02/2026","2,774.41","2,787.52","2,787.68","2,767.99","51.71B","-0.03%"
"04/01/2026","2,775.24","2,770.81","2,787.45","2,764.84","54.92B","-0.04%"
"03/31/2026","2,776.37","2,801.02","2,801.10","2,766.28","59.81B","-0.87%"
"03/30/2026","2,800.69","2,796.46","2,814.54","2,775.80","68.08B","0.40%"
"03/27/2026","2,789.61","2,822.09","2,829.75","2,780.38","72.05B","-1.18%"
"03/26/2026","2,822.84","2,846.61","2,847.76","2,814.47","67.97B","-0.61%"
"03/25/2026","2,840.14","2,840.20","2,841.94","2,831.90","40.68B","0.08%"
"03/24/2026","2,837.90","2,836.60","2,843.19","2,826.24","55.56B","0.16%"
"03/23/2026","2,833.43","2,865.85","2,875.22","2,804.51","119.43B","-1.10%"
"03/20/2026","2,864.89","2,879.44","2,889.39","2,864.15","59.16B","-0.14%"
"03/19/2026","2,868.99","2,884.76","2,892.95","2,864.44","99.21B","-0.10%"
"03/18/2026","2,871.72","2,856.45","2,876.49","2,853.77","85.80B","0.64%"
"03/17/2026","2,853.53","2,859.03","2,865.09","2,852.05","44.57B","-0.01%"
"03/16/2026","2,853.72","2,886.58","2,889.23","2,849.93","70.72B","-0.63%"
"03/13/2026","2,871.86","2,877.74","2,891.29","2,866.60","50.24B","-0.01%"
"03/12/2026","2,872.08","2,869.34","2,877.39","2,861.97","45.59B","0.63%"
"03/11/2026","2,854.05","2,862.67","2,873.91","2,851.77","51.74B","0.01%"
"03/10/2026","2,853.86","2,887.60","2,891.54","2,853.04","80.75B","-1.21%"
"03/09/2026","2,888.68","2,912.01","2,912.01","2,870.98","78.09B","1.21%"
"03/06/2026","2,854.11","2,835.37","2,862.80","2,828.89","94.25B","1.03%"
"03/05/2026","2,825.00","2,814.75","2,827.56","2,811.72","53.29B","0.54%"
"03/04/2026","2,809.78","2,824.16","2,837.70","2,803.80","64.93B","-0.54%"
"03/03/2026","2,825.14","2,848.66","2,850.91","2,820.68","93.18B","-0.37%"
"03/02/2026","2,835.65","2,823.19","2,851.00","2,818.91","115.83B","1.30%"
"02/27/2026","2,799.14","2,786.72","2,804.10","2,780.93","41.38B","0.49%"
"02/26/2026","2,785.58","2,799.71","2,803.39","2,782.64","34.98B","-0.35%"
"02/25/2026","2,795.39","2,784.82","2,798.35","2,781.12","48.75B","0.65%"
"02/24/2026","2,777.35","2,794.45","2,809.49","2,776.25","48.99B","-0.12%"
"02/20/2026","2,780.60","2,780.28","2,786.16","2,768.28","48.21B","0.28%"
"02/19/2026","2,772.84","2,785.74","2,793.07","2,770.67","50.41B","-0.22%"
"02/18/2026","2,779.08","2,769.02","2,780.17","2,757.98","58.17B","0.50%"
"02/17/2026","2,765.33","2,788.45","2,791.68","2,765.33","48.91B","-0.62%"
"02/16/2026","2,782.60","2,791.52","2,795.90","2,779.63","59.73B","0.23%"
"02/13/2026","2,776.34","2,753.43","2,781.20","2,747.67","79.42B","0.39%"
"02/12/2026","2,765.66","2,755.94","2,771.40","2,746.64","44.71B","0.29%"
"02/11/2026","2,757.75","2,723.83","2,762.50","2,719.44","70.71B","1.50%"
"02/10/2026","2,717.04","2,728.17","2,740.39","2,716.33","52.26B","-0.32%"
"02/09/2026","2,725.64","2,726.55","2,728.45","2,712.47","41.70B","-0.36%"
"02/06/2026","2,735.43","2,743.33","2,744.98","2,729.77","45.64B","-0.06%"
"02/05/2026","2,737.13","2,754.41","2,758.03","2,720.70","65.63B","-1.41%"
"02/04/2026","2,776.31","2,790.73","2,803.76","2,771.49","66.71B","-0.35%"
"02/03/2026","2,786.15","2,787.32","2,794.19","2,777.41","61.14B","0.64%"
"02/02/2026","2,768.56","2,758.01","2,780.52","2,753.96","65.78B","-0.51%"
"01/30/2026","2,782.74","2,811.73","2,813.82","2,771.97","73.33B","-0.54%"
"01/29/2026","2,797.76","2,808.69","2,843.63","2,786.64","143.30B","0.35%"
"01/28/2026","2,788.01","2,793.20","2,799.85","2,780.66","58.67B","0.24%"
"01/27/2026","2,781.39","2,768.00","2,783.73","2,752.41","62.28B","0.48%"
"01/26/2026","2,768.15","2,780.22","2,780.22","2,760.71","47.83B","-0.33%"
"01/23/2026","2,777.29","2,767.84","2,783.21","2,761.64","30.34B","0.33%"
"01/22/2026","2,768.02","2,778.87","2,790.10","2,754.43","56.69B","-0.09%"
"01/21/2026","2,770.53","2,744.06","2,778.68","2,734.86","64.57B","1.19%"
"01/20/2026","2,738.07","2,745.94","2,746.26","2,727.65","45.00B","-0.44%"
"01/19/2026","2,750.25","2,742.41","2,757.17","2,730.75","43.00B","0.60%"
"01/16/2026","2,733.75","2,711.78","2,740.26","2,708.97","48.83B","1.20%"
"01/15/2026","2,701.32","2,700.11","2,711.59","2,691.25","33.99B","-0.05%"
"01/14/2026","2,702.69","2,686.10","2,716.21","2,674.17","54.95B","0.21%"
"01/13/2026","2,696.92","2,696.73","2,705.25","2,687.10","48.15B","-0.19%"
"01/12/2026","2,701.93","2,731.66","2,733.82","2,696.37","62.79B","-0.84%"
"01/09/2026","2,724.85","2,727.47","2,730.17","2,721.13","13.43B","0.23%"
"01/08/2026","2,718.62","2,720.32","2,732.75","2,714.73","19.04B","-0.97%"
"01/06/2026","2,745.26","2,765.10","2,767.32","2,739.37","23.08B","-0.43%"
"01/05/2026","2,757.09","2,733.01","2,760.06","2,728.44","24.10B","-0.34%"
"12/30/2025","2,766.62","2,758.42","2,775.20","2,749.53","39.76B","0.90%"
"12/29/2025","2,742.03","2,775.62","2,819.33","2,738.95","91.19B","-0.47%"
"12/26/2025","2,754.89","2,737.19","2,760.53","2,735.31","54.59B","1.50%"
"12/25/2025","2,714.12","2,717.90","2,722.91","2,708.39","31.87B","-0.22%"
"12/24/2025","2,720.02","2,723.31","2,733.38","2,709.96","38.93B","-0.20%"
"12/23/2025","2,725.38","2,717.92","2,733.17","2,704.27","50.58B","0.35%"
"12/22/2025","2,715.98","2,741.24","2,741.34","2,712.64","63.60B","-0.99%"
"12/19/2025","2,743.09","2,779.21","2,791.25","2,739.55","99.86B","-0.36%"
"12/18/2025","2,753.07","2,764.09","2,772.87","2,752.06","72.87B","-0.24%"
"12/17/2025","2,759.73","2,780.86","2,781.97","2,740.18","59.48B","-0.52%"
"12/16/2025","2,774.23","2,749.87","2,779.73","2,746.77","48.40B","0.92%"
"12/15/2025","2,748.93","2,734.06","2,751.70","2,723.80","42.45B","0.34%"
"12/12/2025","2,739.49","2,761.36","2,769.35","2,731.98","49.29B","-0.34%"
"12/11/2025","2,748.93","2,733.58","2,761.94","2,733.29","64.57B","1.04%"
"12/10/2025","2,720.66","2,720.42","2,730.60","2,713.19","29.77B","0.66%"
"12/09/2025","2,702.72","2,693.36","2,721.82","2,686.32","38.32B","-0.09%"
"12/08/2025","2,705.17","2,727.14","2,739.74","2,699.79","49.99B","-0.23%"
"12/05/2025","2,711.30","2,662.05","2,718.32","2,656.92","63.73B","2.04%"
"12/04/2025","2,657.13","2,661.39","2,668.09","2,653.99","27.06B","0.20%"
"12/03/2025","2,651.71","2,640.22","2,651.71","2,619.88","38.78B","-0.58%"
"12/02/2025","2,667.20","2,683.76","2,692.22","2,657.52","35.46B","-0.73%"
"12/01/2025","2,686.93","2,674.51","2,698.41","2,662.86","45.87B","0.39%"
"11/28/2025","2,676.42","2,627.90","2,685.88","2,623.38","47.73B","2.10%"
"11/27/2025","2,621.37","2,672.82","2,674.23","2,605.13","48.47B","-1.76%"
"11/26/2025","2,668.38","2,676.81","2,679.97","2,660.88","22.94B","-0.65%"
"11/25/2025","2,685.95","2,672.67","2,695.04","2,639.72","54.44B","1.17%"
"11/24/2025","2,654.84","2,703.18","2,713.02","2,645.91","56.18B","-1.12%"
"11/21/2025","2,685.03","2,679.54","2,695.26","2,650.06","62.10B","2.16%"
"11/20/2025","2,628.31","2,635.22","2,661.12","2,617.57","57.18B","-0.67%"
"11/19/2025","2,646.02","2,576.51","2,669.85","2,558.51","112.97B","3.24%"
"11/18/2025","2,563.07","2,506.61","2,574.49","2,492.20","84.98B","2.09%"
"11/17/2025","2,510.64","2,509.55","2,521.49","2,501.71","44.59B","-0.60%"
"11/14/2025","2,525.68","2,548.74","2,550.93","2,514.92","41.63B","-0.70%"
"11/13/2025","2,543.36","2,542.57","2,550.96","2,528.64","49.24B","0.28%"
"11/12/2025","2,536.22","2,573.61","2,576.65","2,529.06","49.62B","-1.17%"
"11/11/2025","2,566.17","2,562.13","2,576.62","2,550.85","34.17B","0.30%"
"11/10/2025","2,558.60","2,590.59","2,600.19","2,552.16","54.99B","-0.30%"
"11/07/2025","2,566.42","2,545.05","2,573.84","2,544.48","41.25B","0.93%"
"11/06/2025","2,542.70","2,558.87","2,560.25","2,532.02","28.47B","-0.15%"
"11/05/2025","2,546.62","2,552.75","2,579.16","2,537.65","47.54B","-0.95%"
"11/03/2025","2,570.96","2,566.11","2,579.91","2,561.91","17.87B","1.51%"
"11/01/2025","2,532.66","2,524.01","2,534.73","2,520.57","12.29B","0.30%"
"10/31/2025","2,525.20","2,555.63","2,556.72","2,522.73","31.95B","-1.26%"
"10/30/2025","2,557.48","2,531.72","2,567.79","2,528.01","56.07B","1.35%"
"10/29/2025","2,523.35","2,502.84","2,531.25","2,500.89","43.31B","1.13%"
"10/28/2025","2,495.09","2,480.30","2,515.91","2,475.24","59.84B","0.74%"
"10/27/2025","2,476.79","2,500.63","2,506.30","2,457.87","66.50B","-2.64%"
"10/24/2025","2,543.93","2,580.20","2,606.81","2,530.37","71.14B","-1.04%"
"10/23/2025","2,570.67","2,568.42","2,582.67","2,546.26","61.74B","-3.10%"
"10/22/2025","2,653.00","2,659.13","2,678.25","2,636.48","44.65B","0.78%"
"10/21/2025","2,632.42","2,694.35","2,715.78","2,608.42","76.97B","-4.10%"
"10/20/2025","2,744.83","2,736.90","2,757.39","2,726.99","50.21B","0.87%"
"10/17/2025","2,721.14","2,695.86","2,734.79","2,688.36","69.31B","4.35%"
"10/16/2025","2,607.78","2,534.12","2,617.18","2,528.86","68.68B","2.46%"
"10/15/2025","2,545.22","2,537.12","2,564.83","2,521.87","54.82B","0.15%"
"10/14/2025","2,541.49","2,571.87","2,575.76","2,530.17","50.23B","-1.35%"
"10/13/2025","2,576.38","2,602.37","2,611.54","2,549.77","60.67B","-0.47%"
"10/10/2025","2,588.56","2,635.45","2,640.07","2,572.91","56.92B","-1.89%"
"10/09/2025","2,638.37","2,559.14","2,645.81","2,521.43","105.24B","2.96%"
"10/08/2025","2,562.51","2,669.75","2,677.75","2,548.37","86.98B","-3.98%"
"10/07/2025","2,668.60","2,645.04","2,673.27","2,635.79","51.11B","0.76%"
"10/06/2025","2,648.50","2,594.38","2,651.14","2,579.19","70.04B","1.69%"
"10/03/2025","2,604.55","2,639.88","2,649.57","2,600.85","45.15B","-1.05%"
"10/02/2025","2,632.07","2,629.36","2,648.67","2,623.10","47.73B","-0.57%"
"10/01/2025","2,647.25","2,690.14","2,692.19","2,640.56","51.41B","-1.39%"
"09/30/2025","2,684.60","2,681.81","2,689.60","2,651.13","59.40B","0.02%"
"09/29/2025","2,684.09","2,713.14","2,744.80","2,680.53","60.63B","-1.54%"
"09/26/2025","2,725.97","2,701.97","2,725.97","2,686.68","45.15B","0.64%"
"09/25/2025","2,708.68","2,733.53","2,738.58","2,699.42","32.47B","-0.55%"
"09/24/2025","2,723.58","2,683.53","2,745.14","2,675.62","57.98B","-1.27%"
"09/23/2025","2,758.65","2,755.98","2,769.88","2,733.36","46.01B","0.64%"
"09/22/2025","2,741.06","2,735.80","2,748.52","2,702.52","71.91B","-0.25%"
"09/19/2025","2,748.06","2,787.39","2,794.33","2,745.40","73.45B","-1.63%"
"09/18/2025","2,793.58","2,814.63","2,816.84","2,776.12","64.53B","-0.73%"
"09/17/2025","2,814.04","2,793.24","2,823.75","2,784.37","50.23B","0.40%"
"09/16/2025","2,802.77","2,822.85","2,831.80","2,778.51","60.69B","-0.25%"
"09/15/2025","2,809.85","2,826.86","2,834.60","2,801.03","52.31B","-1.05%"
"09/12/2025","2,839.73","2,904.03","2,905.68","2,837.01","87.12B","-2.35%"
"09/11/2025","2,908.14","2,916.27","2,916.35","2,890.68","68.05B","-0.21%"
"09/10/2025","2,914.26","2,919.56","2,938.36","2,912.50","41.62B","-0.74%"
"09/09/2025","2,935.96","2,926.02","2,939.20","2,919.84","47.32B","0.49%"
"09/08/2025","2,921.62","2,914.28","2,921.62","2,906.62","36.85B","0.70%"
"09/05/2025","2,901.45","2,891.09","2,906.70","2,885.92","33.60B","0.97%"
"09/04/2025","2,873.70","2,883.86","2,894.49","2,864.62","39.16B","0.21%"
"09/03/2025","2,867.55","2,863.12","2,875.01","2,846.87","32.61B","0.78%"
"09/02/2025","2,845.39","2,878.37","2,883.35","2,842.80","50.26B","-1.44%"
"09/01/2025","2,886.97","2,923.49","2,925.02","2,886.97","31.77B","-0.43%"
"08/29/2025","2,899.38","2,893.99","2,904.14","2,882.55","66.33B","-0.46%"
"08/28/2025","2,912.72","2,918.92","2,919.01","2,900.33","35.06B","0.04%"
"08/27/2025","2,911.48","2,892.32","2,916.92","2,888.10","45.52B","0.89%"
"08/26/2025","2,885.87","2,906.96","2,915.46","2,878.74","32.55B","-0.05%"
"08/25/2025","2,887.24","2,886.35","2,890.83","2,857.97","42.41B","-0.33%"
"08/22/2025","2,896.76","2,882.95","2,903.48","2,876.26","46.75B","0.46%"
"08/21/2025","2,883.50","2,933.10","2,935.48","2,879.36","71.00B","-1.95%"
"08/20/2025","2,940.78","2,974.56","2,977.26","2,928.85","47.98B","-0.84%"
"08/19/2025","2,965.66","3,000.75","3,006.13","2,962.37","57.80B","0.49%"
"08/18/2025","2,951.26","2,949.46","2,972.97","2,941.70","54.13B","-2.02%"
"08/15/2025","3,012.09","2,987.67","3,014.21","2,978.69","63.54B","1.17%"
"08/14/2025","2,977.34","2,945.01","2,985.27","2,933.82","70.97B","0.15%"
"08/13/2025","2,973.02","2,987.60","2,988.06","2,959.75","61.38B","-0.14%"
"08/12/2025","2,977.18","2,959.97","2,980.01","2,952.34","58.66B","0.44%"
"08/11/2025","2,964.15","2,991.68","2,996.40","2,956.94","83.50B","1.35%"
"08/08/2025","2,924.63","2,894.58","2,926.98","2,872.12","72.58B","1.68%"
"08/07/2025","2,876.43","2,836.05","2,915.43","2,824.78","140.74B","4.04%"
"08/06/2025","2,764.62","2,791.29","2,798.21","2,754.51","51.26B","-0.78%"
"08/05/2025","2,786.37","2,784.71","2,792.51","2,764.77","47.50B","0.45%"
"08/04/2025","2,773.85","2,733.23","2,776.99","2,727.86","44.02B","1.68%"
"08/01/2025","2,727.98","2,749.41","2,755.95","2,724.54","35.70B","-0.15%"
"07/31/2025","2,732.12","2,737.13","2,741.14","2,713.68","56.40B","0.22%"
"07/30/2025","2,726.24","2,751.92","2,754.35","2,718.65","38.49B","-1.16%"
"07/29/2025","2,758.28","2,739.49","2,764.03","2,728.97","55.42B","1.00%"
"07/28/2025","2,730.98","2,760.90","2,783.82","2,726.61","85.90B","-1.49%"
"07/25/2025","2,772.39","2,819.07","2,827.03","2,767.44","84.09B","-1.26%"
"07/24/2025","2,807.69","2,837.72","2,838.22","2,806.64","41.14B","-1.18%"
"07/23/2025","2,841.16","2,839.41","2,849.80","2,829.25","53.23B","0.55%"
"07/22/2025","2,825.61","2,811.64","2,833.84","2,801.11","49.40B","0.14%"
"07/21/2025","2,821.78","2,816.11","2,827.94","2,804.14","57.11B","1.33%"
"07/18/2025","2,784.63","2,758.28","2,789.39","2,715.11","100.40B","0.84%"
"07/17/2025","2,761.48","2,787.80","2,788.30","2,754.86","71.69B","-0.56%"
"07/16/2025","2,777.16","2,758.65","2,784.82","2,747.82","62.78B","0.73%"
"07/15/2025","2,756.95","2,750.37","2,761.82","2,734.80","64.55B","1.58%"
"07/14/2025","2,714.14","2,616.31","2,722.53","2,616.03","81.25B","2.73%"
"07/11/2025","2,642.02","2,705.46","2,707.82","2,638.08","81.02B","-3.31%"
"07/10/2025","2,732.45","2,724.64","2,735.15","2,705.98","53.61B","1.34%"
"07/09/2025","2,696.45","2,733.01","2,735.07","2,684.87","64.57B","-2.15%"
"07/08/2025","2,755.58","2,748.19","2,764.75","2,738.75","50.79B","-0.02%"
"07/07/2025","2,756.14","2,786.06","2,788.67","2,753.69","46.53B","-1.62%"
"07/04/2025","2,801.65","2,808.30","2,821.15","2,788.90","45.86B","-0.77%"
"07/03/2025","2,823.34","2,821.21","2,840.13","2,812.07","77.72B","0.29%"
"07/02/2025","2,815.26","2,838.45","2,840.66","2,810.00","63.64B","-1.16%"
"07/01/2025","2,848.44","2,854.04","2,858.55","2,837.12","69.43B","0.04%"
"06/30/2025","2,847.38","2,818.98","2,847.38","2,806.49","66.48B","1.47%"
"06/27/2025","2,806.11","2,790.67","2,814.29","2,778.57","45.80B","0.32%"
"06/26/2025","2,797.27","2,794.00","2,803.45","2,780.49","38.33B","0.23%"
"06/25/2025","2,790.78","2,762.61","2,790.78","2,759.92","48.30B","1.67%"
"06/24/2025","2,744.95","2,726.43","2,747.90","2,715.79","47.52B","-0.53%"
"06/23/2025","2,759.67","2,753.60","2,768.93","2,736.41","45.78B","0.31%"
"06/20/2025","2,751.04","2,776.11","2,781.08","2,748.57","51.54B","-1.18%"
"06/19/2025","2,783.81","2,793.74","2,800.14","2,761.76","57.80B","-0.29%"
"06/18/2025","2,791.83","2,799.02","2,807.34","2,779.68","46.74B","0.10%"
"06/17/2025","2,788.94","2,737.85","2,791.03","2,730.27","49.56B","1.87%"
"06/16/2025","2,737.83","2,758.97","2,767.51","2,731.24","48.52B","-0.45%"
"06/13/2025","2,750.32","2,732.21","2,762.76","2,732.20","30.85B","0.63%"
"06/11/2025","2,733.20","2,719.60","2,742.45","2,718.98","41.46B","0.40%"
"06/10/2025","2,722.37","2,762.46","2,767.14","2,702.29","55.51B","-0.56%"
"06/09/2025","2,737.76","2,767.94","2,778.40","2,733.75","51.60B","-1.74%"
"06/06/2025","2,786.16","2,856.63","2,910.52","2,784.00","154.53B","-2.47%"
"06/05/2025","2,856.61","2,853.20","2,858.23","2,837.61","40.45B","0.70%"
"06/04/2025","2,836.64","2,854.36","2,871.78","2,825.52","80.57B","0.09%"
"06/03/2025","2,834.06","2,817.23","2,835.39","2,807.63","60.95B","0.16%"
"06/02/2025","2,829.67","2,795.02","2,830.55","2,770.04","65.73B","0.03%"
"05/30/2025","2,828.83","2,814.06","2,837.85","2,793.15","55.21B","0.67%"
"05/29/2025","2,809.94","2,811.66","2,839.97","2,800.93","45.01B","0.89%"
"05/28/2025","2,785.20","2,754.00","2,799.50","2,747.96","71.68B","1.77%"
"05/27/2025","2,736.75","2,718.11","2,740.05","2,705.78","51.81B","1.37%"
"05/26/2025","2,699.84","2,735.78","2,738.27","2,699.84","48.16B","-2.54%"
"05/23/2025","2,770.10","2,779.56","2,790.29","2,762.67","40.90B","-0.79%"
"05/22/2025","2,792.16","2,784.81","2,809.47","2,756.04","79.28B","-0.62%"
"05/21/2025","2,809.58","2,833.08","2,844.04","2,806.38","47.38B","-0.49%"
"05/20/2025","2,823.42","2,859.26","2,862.00","2,823.42","39.77B","-2.05%"
"05/19/2025","2,882.63","2,879.77","2,893.56","2,862.60","39.33B","1.49%"
"05/16/2025","2,840.34","2,848.05","2,876.67","2,781.00","93.56B","0.01%"
"05/15/2025","2,840.05","2,875.03","2,877.46","2,823.19","69.59B","-2.88%"
"05/14/2025","2,924.21","2,917.17","2,946.37","2,909.54","40.66B","-0.39%"
"05/13/2025","2,935.53","2,941.74","2,941.93","2,911.05","44.27B","0.18%"
"05/12/2025","2,930.17","2,936.83","2,947.07","2,904.77","59.83B","2.78%"
"05/08/2025","2,850.93","2,864.76","2,873.66","2,834.59","39.77B","0.63%"
"05/07/2025","2,833.09","2,807.12","2,845.14","2,790.14","58.93B","0.46%"
"05/06/2025","2,820.07","2,740.17","2,826.61","2,738.50","70.34B","2.97%"
"05/05/2025","2,738.80","2,810.36","2,821.54","2,731.74","69.99B","-3.45%"
"05/02/2025","2,836.70","2,872.87","2,877.83","2,835.04","35.55B","-2.80%"
"04/30/2025","2,918.47","2,923.86","2,954.21","2,887.83","83.17B","-1.33%"
"04/29/2025","2,957.66","2,994.64","2,998.68","2,955.18","67.94B","-2.53%"
"04/28/2025","3,034.30","3,009.92","3,053.15","2,979.14","142.38B","0.94%"
"04/25/2025","3,006.14","2,962.11","3,009.48","2,956.80","101.00B","2.10%"
"04/24/2025","2,944.43","2,961.81","2,973.99","2,934.79","56.24B","0.04%"
"04/23/2025","2,943.23","2,929.78","2,946.43","2,900.32","74.90B","-0.38%"
"04/22/2025","2,954.49","2,945.13","2,954.49","2,914.37","71.09B","1.10%"
"04/21/2025","2,922.46","2,881.23","2,929.91","2,880.01","67.85B","1.73%"
"04/18/2025","2,872.77","2,881.79","2,892.01","2,825.41","72.36B","0.26%"
"04/17/2025","2,865.32","2,863.20","2,884.76","2,844.33","63.29B","0.12%"
"04/16/2025","2,861.83","2,801.01","2,870.39","2,790.70","62.51B","2.01%"
"04/15/2025","2,805.55","2,824.64","2,836.00","2,788.26","52.95B","-0.50%"
"04/14/2025","2,819.69","2,848.99","2,856.63","2,806.95","56.67B","-0.36%"
"04/11/2025","2,829.92","2,825.03","2,839.28","2,800.69","77.17B","2.37%"
"04/10/2025","2,764.28","2,790.31","2,801.19","2,742.48","90.69B","4.29%"
"04/09/2025","2,650.69","2,689.77","2,707.15","2,598.85","123.80B","-3.49%"
"04/08/2025","2,746.41","2,775.78","2,780.46","2,727.98","74.15B","0.61%"
"04/07/2025","2,729.89","2,648.09","2,791.28","2,646.70","165.63B","-1.87%"
"04/04/2025","2,781.97","2,886.61","2,902.62","2,778.43","130.18B","-2.71%"
"04/03/2025","2,859.58","2,957.64","2,972.49","2,853.76","91.41B","-2.28%"
"04/02/2025","2,926.39","2,919.67","2,958.40","2,917.94","71.07B","-1.28%"
"04/01/2025","2,964.43","3,032.41","3,044.23","2,952.04","87.84B","-1.62%"
"03/31/2025","3,013.36","3,008.60","3,031.60","2,970.94","77.26B","-0.41%"
"03/28/2025","3,025.65","3,055.81","3,082.26","3,001.62","106.84B","-1.89%"
"03/27/2025","3,083.99","3,120.47","3,124.32","3,076.04","76.69B","-1.98%"
"03/26/2025","3,146.31","3,195.03","3,200.02","3,143.65","47.01B","-0.58%"
"03/25/2025","3,164.62","3,186.87","3,194.43","3,122.61","83.46B","-0.44%"
"03/24/2025","3,178.66","3,201.66","3,202.62","3,171.13","58.38B","-0.41%"
"03/21/2025","3,191.61","3,218.29","3,237.19","3,191.61","73.61B","-0.98%"
"03/20/2025","3,223.14","3,238.00","3,240.50","3,180.46","116.66B","-0.21%"
"03/19/2025","3,229.79","3,213.51","3,236.47","3,192.85","75.79B","-0.85%"
"03/18/2025","3,257.49","3,263.17","3,280.09","3,227.47","96.08B","0.38%"
"03/17/2025","3,245.19","3,249.15","3,257.33","3,213.42","88.62B","1.57%"
"03/14/2025","3,195.08","3,158.40","3,200.36","3,135.00","78.07B","2.35%"
"03/13/2025","3,121.57","3,149.33","3,160.37","3,100.06","102.82B","-1.96%"
"03/12/2025","3,183.97","3,185.44","3,194.93","3,160.01","60.40B","-0.53%"
"03/11/2025","3,200.95","3,193.02","3,215.06","3,178.42","64.26B","0.00%"
"03/10/2025","3,200.81","3,224.63","3,226.58","3,195.24","69.03B","1.07%"
"03/07/2025","3,166.88","3,229.51","3,249.00","3,160.45","142.72B","-1.27%"
"03/06/2025","3,207.70","3,230.89","3,234.26","3,188.78","93.76B","-1.71%"
"03/05/2025","3,263.62","3,242.44","3,282.15","3,231.30","98.51B","0.68%"
"03/04/2025","3,241.63","3,201.83","3,246.09","3,194.28","117.35B","3.05%"
"03/03/2025","3,145.73","3,189.81","3,191.13","3,127.69","100.92B","-1.71%"
"02/28/2025","3,200.48","3,199.93","3,210.07","3,149.37","112.67B","-1.00%"
"02/27/2025","3,232.65","3,249.63","3,261.13","3,190.72","101.07B","-1.32%"
"02/26/2025","3,276.00","3,338.40","3,339.41","3,233.39","134.68B","-1.51%"
"02/25/2025","3,326.14","3,362.15","3,371.06","3,320.24","139.82B","0.68%"
"02/24/2025","3,303.63","3,310.75","3,316.42","3,272.99","87.20B","0.62%"
"02/21/2025","3,283.29","3,310.03","3,320.05","3,258.82","94.60B","-0.28%"
"02/20/2025","3,292.62","3,294.54","3,325.50","3,277.51","105.29B","0.67%"
"02/19/2025","3,270.64","3,273.05","3,287.75","3,221.53","98.15B","0.36%"
"02/18/2025","3,258.76","3,314.88","3,333.38","3,252.74","191.41B","-1.50%"
"02/17/2025","3,308.41","3,255.81","3,316.76","3,244.80","149.87B","3.87%"
"02/14/2025","3,185.00","3,265.12","3,288.32","3,150.82","266.22B","-0.69%"
"02/13/2025","3,206.97","3,226.02","3,247.68","3,144.12","243.31B","5.99%"
"02/12/2025","3,025.63","3,040.72","3,059.35","3,020.60","114.30B","0.25%"
"02/11/2025","3,018.02","2,992.37","3,019.61","2,982.61","88.79B","0.19%"
"02/10/2025","3,012.39","2,991.99","3,020.01","2,982.39","94.34B","1.55%"
"02/07/2025","2,966.53","2,982.88","2,985.36","2,958.04","69.58B","-0.12%"
"02/06/2025","2,970.12","2,962.02","2,984.89","2,949.69","114.89B","1.35%"
"02/05/2025","2,930.56","2,902.15","2,936.42","2,889.87","92.22B","0.44%"
"02/04/2025","2,917.71","2,942.35","2,947.70","2,907.31","61.37B","-0.29%"
"02/03/2025","2,926.17","2,933.84","2,942.79","2,912.51","70.30B","-0.74%"
"01/31/2025","2,948.10","2,984.99","2,995.45","2,940.12","95.24B","-0.65%"
"01/30/2025","2,967.47","2,947.03","2,967.47","2,940.30","75.31B","0.57%"
"01/29/2025","2,950.68","2,930.86","2,957.64","2,925.49","70.53B","0.64%"
"01/28/2025","2,931.97","2,890.62","2,934.65","2,866.81","85.80B","1.40%"
"01/27/2025","2,891.39","2,942.45","2,946.36","2,885.49","74.49B","-1.92%"
"01/24/2025","2,947.94","2,953.18","2,969.31","2,933.71","100.59B","0.75%"
"01/23/2025","2,926.10","2,942.62","2,944.40","2,910.26","73.78B","-1.56%"
"01/22/2025","2,972.62","2,944.63","2,972.83","2,924.74","93.13B","1.29%"
"01/21/2025","2,934.71","2,918.08","2,937.32","2,884.94","90.75B","0.18%"
"01/20/2025","2,929.55","2,974.56","2,983.30","2,918.34","142.17B","-0.54%"
"01/17/2025","2,945.52","2,905.26","2,949.70","2,893.16","112.32B","1.18%"
"01/16/2025","2,911.29","2,893.67","2,929.28","2,892.47","110.68B","2.40%"
"01/15/2025","2,842.96","2,867.93","2,879.64","2,838.59","72.62B","-0.58%"
"01/14/2025","2,859.51","2,847.36","2,881.79","2,828.41","101.09B","-0.23%"
"01/13/2025","2,866.11","2,852.31","2,882.49","2,835.12","143.09B","1.47%"
"01/10/2025","2,824.59","2,767.27","2,843.34","2,744.58","156.14B","1.86%"
"01/09/2025","2,773.12","2,841.61","2,853.96","2,768.58","104.23B","-2.38%"
"01/08/2025","2,840.79","2,814.88","2,847.49","2,813.39","45.26B","0.87%"
"01/06/2025","2,816.26","2,813.32","2,822.34","2,794.20","44.10B","-0.43%"
"01/03/2025","2,828.50","2,892.64","2,898.71","2,815.20","66.66B","-1.89%"
"12/30/2024","2,883.04","2,809.12","2,883.04","2,809.12","83.42B","3.46%"
"12/28/2024","2,786.67","2,763.48","2,798.49","2,763.48","73.07B","1.06%"
"12/27/2024","2,757.45","2,754.56","2,766.03","2,743.18","73.07B","-0.33%"
"12/26/2024","2,766.57","2,749.49","2,776.33","2,738.31","109.31B","1.23%"
"12/25/2024","2,732.83","2,680.25","2,751.11","2,666.38","147.11B","1.56%"
"12/24/2024","2,690.96","2,710.92","2,722.65","2,678.86","122.95B","-0.43%"
"12/23/2024","2,702.48","2,668.72","2,738.70","2,658.64","195.25B","2.43%"
"12/20/2024","2,638.42","2,420.45","2,652.58","2,419.65","241.59B","9.19%"
"12/19/2024","2,416.45","2,428.56","2,468.98","2,410.22","140.86B","0.29%"
"12/18/2024","2,409.35","2,394.47","2,410.19","2,380.50","57.22B","1.35%"
"12/17/2024","2,377.15","2,391.49","2,414.17","2,370.28","70.22B","-1.78%"
"12/16/2024","2,420.30","2,474.62","2,474.62","2,419.57","74.59B","-2.61%"
"12/13/2024","2,485.20","2,478.78","2,487.42","2,466.73","57.52B","-0.30%"
"12/12/2024","2,492.63","2,526.66","2,548.06","2,488.08","70.29B","-0.79%"
"12/11/2024","2,512.54","2,514.78","2,531.95","2,499.82","62.86B","-0.40%"
"12/10/2024","2,522.75","2,570.01","2,570.01","2,515.76","78.01B","-1.95%"
"12/09/2024","2,572.89","2,548.08","2,586.31","2,543.94","73.92B","1.45%"
"12/06/2024","2,536.23","2,527.04","2,552.60","2,505.90","89.32B","1.01%"
"12/05/2024","2,510.83","2,473.75","2,525.45","2,438.84","115.56B","1.01%"
"12/04/2024","2,485.62","2,538.24","2,555.99","2,482.37","86.62B","-2.13%"
"12/03/2024","2,539.64","2,585.34","2,588.87","2,523.54","77.67B","-1.82%"
"12/02/2024","2,586.74","2,584.19","2,600.28","2,578.52","81.91B","0.34%"
"11/29/2024","2,578.00","2,546.13","2,581.88","2,533.99","106.30B","1.18%"
"11/28/2024","2,547.88","2,530.87","2,560.55","2,502.00","112.72B","2.25%"
"11/27/2024","2,491.88","2,468.73","2,512.59","2,426.02","167.85B","1.12%"
"11/26/2024","2,464.35","2,521.89","2,544.83","2,455.47","130.24B","-2.62%"
"11/25/2024","2,530.69","2,583.42","2,592.89","2,517.58","90.55B","-1.95%"
"11/22/2024","2,581.05","2,617.66","2,628.50","2,577.00","86.86B","0.48%"
"11/21/2024","2,568.60","2,596.85","2,606.14","2,557.54","106.85B","-1.09%"
"11/20/2024","2,596.89","2,640.09","2,665.79","2,596.06","92.95B","-1.28%"
"11/19/2024","2,630.51","2,713.73","2,716.38","2,623.59","118.72B","-3.32%"
"11/18/2024","2,720.77","2,703.31","2,729.49","2,687.45","94.83B","-0.67%"
"11/15/2024","2,739.21","2,703.67","2,740.08","2,697.44","","1.55%"
"11/14/2024","2,697.47","2,740.53","2,740.53","2,694.56","","-2.41%"
"11/13/2024","2,763.99","2,748.61","2,771.67","2,740.17","","0.26%"
"11/12/2024","2,756.76","2,779.92","2,779.92","2,747.76","","-1.03%"
"11/11/2024","2,785.31","2,782.97","2,797.94","2,765.18","","1.86%"
"11/08/2024","2,734.56","2,721.64","2,749.62","2,713.50","","1.63%"
"11/07/2024","2,690.63","2,662.87","2,693.93","2,633.59","","1.04%"
"11/06/2024","2,662.87","2,676.85","2,712.29","2,650.60","","1.77%"
"11/05/2024","2,616.51","2,614.13","2,624.13","2,600.48","","0.85%"
"11/02/2024","2,594.38","2,579.11","2,603.10","2,579.11","","0.76%"
"11/01/2024","2,574.71","2,562.49","2,581.47","2,541.82","","0.57%"
"10/31/2024","2,560.20","2,582.47","2,593.11","2,551.20","","-2.11%"
"10/30/2024","2,615.38","2,608.50","2,631.80","2,592.15","","0.60%"
"10/29/2024","2,599.66","2,582.29","2,612.94","2,557.65","","0.96%"
"10/28/2024","2,575.06","2,635.95","2,652.12","2,570.20","","-3.21%"
"10/25/2024","2,660.36","2,723.01","2,751.23","2,657.31","","-2.14%"
"10/24/2024","2,718.42","2,723.04","2,730.58","2,690.83","","-0.60%"
"10/23/2024","2,734.93","2,749.53","2,755.22","2,730.49","","-0.74%"
"10/22/2024","2,755.19","2,772.23","2,783.82","2,754.08","","-0.45%"
"10/21/2024","2,767.71","2,759.58","2,779.73","2,759.58","","0.57%"
"10/18/2024","2,751.90","2,756.30","2,770.45","2,744.36","","-0.42%"
"10/17/2024","2,763.53","2,786.82","2,795.14","2,763.53","","-0.72%"
"10/16/2024","2,783.46","2,805.98","2,827.15","2,781.28","","-0.80%"
"10/15/2024","2,805.79","2,774.56","2,810.13","2,766.79","","1.17%"
"10/14/2024","2,773.36","2,744.93","2,788.18","2,723.30","","0.68%"
"10/11/2024","2,754.52","2,758.11","2,763.00","2,737.96","","-0.25%"
"10/10/2024","2,761.54","2,754.16","2,775.86","2,752.24","","0.46%"
"10/09/2024","2,748.81","2,787.38","2,790.14","2,748.81","","-1.42%"
"10/08/2024","2,788.37","2,786.58","2,799.30","2,774.74","","-0.20%"
"10/07/2024","2,793.84","2,807.85","2,817.45","2,779.34","","-0.38%"
"10/04/2024","2,804.62","2,799.96","2,818.12","2,789.94","","0.80%"
"10/03/2024","2,782.39","2,767.51","2,790.98","2,739.92","","0.56%"
"10/02/2024","2,766.79","2,823.42","2,838.77","2,766.79","","-1.68%"
"10/01/2024","2,814.19","2,831.17","2,837.42","2,792.21","","-1.52%"
"09/30/2024","2,857.56","2,861.37","2,889.87","2,841.30","","-0.03%"
"09/27/2024","2,858.56","2,838.11","2,861.95","2,826.89","","1.02%"
"09/26/2024","2,829.65","2,819.74","2,847.78","2,807.30","","-0.02%"
"09/25/2024","2,830.11","2,878.59","2,887.68","2,829.75","","-1.46%"
"09/24/2024","2,871.96","2,849.00","2,871.96","2,822.19","","1.85%"
"09/23/2024","2,819.87","2,797.00","2,832.22","2,797.00","","1.35%"
"09/20/2024","2,782.35","2,760.12","2,795.72","2,760.12","","0.85%"
"09/19/2024","2,758.91","2,746.41","2,777.93","2,735.67","","0.26%"
"09/18/2024","2,751.73","2,776.38","2,784.15","2,742.48","","-0.80%"
"09/17/2024","2,774.04","2,753.20","2,780.24","2,726.91","","1.09%"
"09/16/2024","2,744.20","2,696.66","2,746.11","2,685.38","","2.43%"
"09/13/2024","2,678.99","2,629.31","2,682.16","2,582.79","","2.45%"
"09/12/2024","2,615.00","2,656.31","2,656.31","2,603.81","","-1.99%"
"09/11/2024","2,668.03","2,675.16","2,690.58","2,657.77","","-0.13%"
"09/10/2024","2,671.38","2,722.13","2,729.73","2,667.06","","-1.18%"
"09/09/2024","2,703.17","2,642.31","2,703.58","2,642.31","","2.97%"
"09/06/2024","2,625.11","2,619.23","2,648.37","2,604.75","59.44B","0.05%"
"09/05/2024","2,623.84","2,631.33","2,661.84","2,607.84","94.48B","0.76%"
"09/04/2024","2,603.97","2,539.40","2,604.94","2,534.49","76.91B","3.05%"
"09/03/2024","2,526.97","2,552.32","2,602.95","2,512.77","117.74B","-0.79%"
"09/02/2024","2,547.02","2,622.55","2,627.16","2,540.66","108.33B","-3.88%"
"08/30/2024","2,649.96","2,717.68","2,724.47","2,641.20","84.96B","-2.16%"
"08/29/2024","2,708.38","2,714.44","2,723.37","2,679.55","85.02B","0.25%"
"08/28/2024","2,701.69","2,729.72","2,729.39","2,664.46","94.59B","-1.17%"
"08/27/2024","2,733.58","2,784.24","2,799.73","2,726.61","73.05B","-1.07%"
"08/26/2024","2,763.21","2,746.97","2,795.46","2,727.10","99.65B","3.78%"
"08/23/2024","2,662.58","2,718.11","2,729.27","2,650.31","110.20B","-2.36%"
"08/22/2024","2,726.81","2,774.49","2,786.76","2,725.63","92.48B","-1.64%"
"08/21/2024","2,772.40","2,771.15","2,783.22","2,744.57","73.18B","-0.01%"
"08/20/2024","2,772.71","2,780.43","2,799.71","2,749.31","76.63B","-0.19%"
"08/19/2024","2,778.02","2,819.72","2,826.14","2,778.02","65.13B","-1.70%"
"08/16/2024","2,826.13","2,838.78","2,847.32","2,825.38","35.42B","-0.36%"
"08/15/2024","2,836.30","2,865.45","2,868.14","2,835.76","42.77B","-1.09%"
"08/14/2024","2,867.65","2,894.30","2,908.63","2,867.65","55.38B","-0.49%"
"08/13/2024","2,881.77","2,858.93","2,895.28","2,861.93","53.55B","1.15%"
"08/12/2024","2,848.94","2,840.33","2,858.93","2,814.65","52.65B","0.10%"
"08/09/2024","2,846.04","2,841.82","2,867.27","2,829.80","34.21B","-0.11%"
"08/08/2024","2,849.26","2,877.80","2,888.04","2,846.94","50.93B","-0.85%"
"08/07/2024","2,873.61","2,840.21","2,875.44","2,803.47","72.94B","1.40%"
"08/06/2024","2,833.85","2,839.41","2,863.45","2,814.15","56.19B","0.10%"
"08/05/2024","2,830.88","2,859.12","2,868.42","2,807.09","94.55B","-2.35%"
"08/02/2024","2,898.92","2,927.77","2,932.16","2,887.34","51.18B","-1.28%"
"08/01/2024","2,936.42","2,950.86","2,966.49","2,935.79","38.98B","-0.30%"
"07/31/2024","2,945.37","2,952.19","2,961.70","2,927.17","54.53B","-0.03%"
"07/30/2024","2,946.31","2,906.66","2,951.62","2,895.32","72.64B","1.31%"
"07/29/2024","2,908.35","2,979.43","2,979.43","2,908.29","80.01B","-2.79%"
"07/26/2024","2,991.78","3,034.31","3,060.68","2,972.58","117.30B","-1.58%"
"07/25/2024","3,039.90","3,044.60","3,045.57","3,019.61","45.40B","-0.36%"
"07/24/2024","3,050.75","3,029.12","3,054.32","3,015.85","54.54B","0.79%"
"07/23/2024","3,026.69","3,032.53","3,033.06","3,003.70","49.77B","0.02%"
"07/22/2024","3,026.17","3,023.10","3,041.83","3,010.15","67.16B","0.74%"
"07/19/2024","3,003.83","2,988.27","3,024.87","2,974.62","76.59B","0.92%"
"07/18/2024","2,976.48","2,922.77","2,979.25","2,908.07","72.51B","0.86%"
"07/17/2024","2,951.21","2,963.21","2,984.14","2,938.48","76.00B","0.15%"
"07/16/2024","2,946.83","2,914.00","2,961.91","2,879.25","105.08B","1.21%"
"07/15/2024","2,911.56","2,986.32","2,994.36","2,910.75","81.30B","-2.15%"
"07/12/2024","2,975.44","3,004.64","3,021.76","2,957.95","71.46B","-0.68%"
"07/11/2024","2,995.87","2,908.02","2,996.33","2,902.97","124.88B","0.51%"
"07/10/2024","2,980.64","3,044.66","3,056.98","2,967.63","104.73B","-2.40%"
"07/09/2024","3,053.80","3,123.91","3,124.74","3,050.23","82.10B","-2.54%"
"07/08/2024","3,133.23","3,159.18","3,174.33","3,122.91","57.83B","-0.54%"
"07/05/2024","3,150.37","3,131.87","3,158.77","3,103.49","78.46B","0.59%"
"07/04/2024","3,132.03","3,190.58","3,195.59","3,123.97","67.80B","-2.12%"
"07/03/2024","3,199.88","3,219.11","3,226.10","3,196.37","66.53B","-0.47%"
"07/02/2024","3,214.91","3,199.03","3,221.47","3,190.50","64.11B","0.92%"
"07/01/2024","3,185.59","3,160.70","3,186.76","3,154.21","52.69B","1.11%"
"06/28/2024","3,150.66","3,150.22","3,165.20","3,141.37","49.11B","-0.02%"
"06/27/2024","3,151.36","3,154.58","3,158.39","3,122.08","57.46B","0.10%"
"06/26/2024","3,148.20","3,129.01","3,155.93","3,130.38","","1.18%"
"06/25/2024","3,111.39","3,097.98","3,112.82","3,074.51","","0.12%"
"06/24/2024","3,107.81","3,109.22","3,123.13","3,107.81","","-0.21%"
"06/21/2024","3,114.35","3,126.25","3,141.25","3,096.63","","-0.24%"
"06/20/2024","3,121.74","3,126.25","3,123.43","2,996.44","","3.11%"
"06/19/2024","3,027.47","3,104.22","3,107.39","3,015.84","","-2.78%"
"06/18/2024","3,114.15","3,171.38","3,176.01","3,109.09","","-2.18%"
"06/17/2024","3,183.68","3,219.29","3,221.84","3,183.68","","-1.00%"
"06/14/2024","3,215.91","3,171.78","3,219.65","3,160.17","","1.39%"
"06/13/2024","3,171.69","3,050.03","3,178.01","3,032.05","","0.02%"
"06/11/2024","3,171.10","3,178.71","3,191.27","3,148.22","","-0.31%"
"06/10/2024","3,180.94","3,245.40","3,255.49","3,180.21","","-1.62%"
"06/07/2024","3,233.22","3,199.75","3,268.89","3,193.57","","1.28%"
"06/06/2024","3,192.38","3,206.74","3,215.99","3,178.21","","-0.62%"
"06/05/2024","3,212.24","3,217.63","3,237.53","3,194.73","","0.79%"
"06/04/2024","3,186.93","3,160.01","3,201.53","3,138.25","","1.45%"
"06/03/2024","3,141.42","3,192.30","3,217.36","3,087.99","","-2.36%"
"05/31/2024","3,217.19","3,258.52","3,270.01","3,211.19","","-1.98%"
"05/30/2024","3,282.18","3,332.77","3,342.59","3,275.54","","-1.08%"
"05/29/2024","3,318.03","3,307.76","3,323.08","3,284.14","","0.46%"
"05/28/2024","3,302.91","3,305.11","3,347.85","3,277.48","","0.11%"
"05/27/2024","3,299.22","3,384.74","3,392.99","3,298.21","","-2.86%"
"05/24/2024","3,396.50","3,438.65","3,442.36","3,377.64","","-1.34%"
"05/23/2024","3,442.79","3,436.81","3,444.79","3,407.41","","-0.05%"
"05/22/2024","3,444.64","3,433.36","3,449.43","3,433.36","","0.47%"
"05/21/2024","3,428.38","3,447.25","3,460.19","3,409.92","","-1.15%"
"05/20/2024","3,468.09","3,516.40","3,521.72","3,468.09","","-0.97%"
"05/17/2024","3,501.89","3,495.25","3,506.91","3,490.17","","0.45%"
"05/16/2024","3,486.26","3,480.48","3,490.77","3,477.85","","0.45%"
"05/15/2024","3,470.72","3,466.35","3,476.49","3,462.86","","0.20%"
"05/14/2024","3,463.93","3,465.83","3,468.28","3,457.31","","0.20%"
"05/13/2024","3,457.11","3,459.05","3,465.62","3,448.50","","0.21%"
"05/10/2024","3,449.78","3,438.50","3,452.33","3,438.50","","0.50%"
"05/08/2024","3,432.54","3,431.84","3,438.75","3,430.10","","0.14%"
"05/07/2024","3,427.61","3,405.82","3,428.37","3,405.82","","-0.25%"
"05/06/2024","3,436.05","3,441.70","3,444.11","3,418.47","","-0.17%"
"05/03/2024","3,441.77","3,443.49","3,450.43","3,424.63","","-0.03%"
"05/02/2024","3,442.83","3,470.87","3,477.42","3,439.58","","-0.78%"
"04/30/2024","3,469.83","3,481.29","3,486.30","3,464.86","","-0.24%"
"04/29/2024","3,478.08","3,468.92","3,480.47","3,467.25","","0.35%"
"04/27/2024","3,465.85","3,453.63","3,467.23","3,453.40","","0.47%"
"04/26/2024","3,449.77","3,446.39","3,459.12","3,438.06","","0.29%"
"04/25/2024","3,439.76","3,429.62","3,443.74","3,427.02","","0.32%"
"04/24/2024","3,428.93","3,438.45","3,445.67","3,423.17","","-0.30%"
"04/23/2024","3,439.42","3,483.26","3,487.55","3,436.83","","-1.14%"
"04/22/2024","3,479.17","3,468.09","3,480.21","3,460.58","","0.24%"
"04/19/2024","3,470.88","3,458.86","3,475.13","3,451.48","","0.44%"
"04/18/2024","3,455.82","3,451.37","3,457.46","3,436.95","","0.05%"
"04/17/2024","3,454.07","3,469.57","3,476.72","3,443.07","","-0.26%"
"04/16/2024","3,462.94","3,478.02","3,479.04","3,459.45","","-0.27%"
"04/15/2024","3,472.19","3,456.38","3,476.98","3,454.06","","0.46%"
"04/12/2024","3,456.24","3,448.60","3,464.00","3,446.79","","0.49%"
"04/11/2024","3,439.53","3,442.84","3,455.61","3,431.18","","0.01%"
"04/10/2024","3,439.11","3,424.75","3,440.03","3,405.46","","0.73%"
"04/09/2024","3,414.26","3,423.41","3,441.18","3,408.99","","-0.09%"
"04/08/2024","3,417.38","3,400.82","3,423.35","3,400.82","","0.65%"
"04/05/2024","3,395.37","3,393.20","3,401.16","3,385.42","","-0.36%"
"04/04/2024","3,407.57","3,399.81","3,409.62","3,392.06","","0.35%"
"04/03/2024","3,395.59","3,381.95","3,397.33","3,376.63","","0.72%"
"04/02/2024","3,371.29","3,369.32","3,375.69","3,357.55","","0.24%"
"04/01/2024","3,363.29","3,343.66","3,367.34","3,343.66","","0.92%"
"03/29/2024","3,332.53","3,313.17","3,332.53","3,305.22","","0.60%"
"03/28/2024","3,312.77","3,308.26","3,313.59","3,301.52","","0.26%"
"03/27/2024","3,304.09","3,291.70","3,304.09","3,280.03","","0.56%"
"03/26/2024","3,285.54","3,286.20","3,291.00","3,275.80","","0.12%"
"03/25/2024","3,281.63","3,251.24","3,281.63","3,234.95","","0.25%"
"03/22/2024","3,273.49","3,289.28","3,299.19","3,260.39","","-0.40%"
"03/21/2024","3,286.69","3,286.75","3,297.46","3,259.03","","0.60%"
"03/20/2024","3,267.10","3,268.87","3,286.72","3,257.72","","0.07%"
"03/19/2024","3,264.97","3,293.93","3,303.52","3,254.30","","-0.95%"
"03/18/2024","3,296.30","3,305.67","3,313.05","3,292.00","","-0.11%"
"03/15/2024","3,300.07","3,295.15","3,313.42","3,292.13","","0.09%"
"03/14/2024","3,297.00","3,314.66","3,318.49","3,287.86","","-0.71%"
"03/13/2024","3,320.68","3,337.56","3,343.56","3,317.19","","-0.36%"
"03/12/2024","3,332.60","3,320.18","3,335.41","3,304.49","","0.37%"
"03/11/2024","3,320.31","3,329.72","3,340.37","3,318.90","","0.14%"
"03/07/2024","3,315.68","3,309.31","3,317.73","3,303.93","","0.15%"
"03/06/2024","3,310.58","3,298.86","3,318.14","3,289.25","","0.29%"
"03/05/2024","3,300.89","3,305.79","3,312.41","3,283.59","","0.13%"
"03/04/2024","3,296.75","3,278.01","3,298.63","3,277.85","","0.92%"
"03/01/2024","3,266.66","3,259.00","3,269.28","3,249.69","","0.30%"
"02/29/2024","3,256.80","3,233.03","3,258.14","3,224.09","","0.92%"
"02/28/2024","3,227.05","3,215.53","3,240.29","3,213.36","","0.56%"
"02/27/2024","3,208.99","3,220.26","3,224.52","3,203.58","","-0.13%"
"02/26/2024","3,213.17","3,186.06","3,213.17","3,186.06","","2.26%"
"02/22/2024","3,142.30","3,152.75","3,166.86","3,141.88","","0.09%"
"02/21/2024","3,139.50","3,173.01","3,185.80","3,135.80","","-2.12%"
"02/20/2024","3,207.49","3,236.85","3,237.34","3,206.07","","-1.14%"
"02/19/2024","3,244.56","3,247.46","3,253.02","3,234.10","","0.06%"
"02/16/2024","3,242.48","3,269.84","3,275.23","3,236.42","","-0.71%"
"02/15/2024","3,265.63","3,249.78","3,265.83","3,238.83","","0.23%"
"02/14/2024","3,258.14","3,261.52","3,267.88","3,251.76","","0.11%"
"02/13/2024","3,254.60","3,250.30","3,259.69","3,245.02","","0.19%"
"02/12/2024","3,248.50","3,241.57","3,248.50","3,227.70","","0.19%"
"02/09/2024","3,242.38","3,231.30","3,242.38","3,219.56","","0.02%"
"02/08/2024","3,241.81","3,261.18","3,266.45","3,236.79","","-0.45%"
"02/07/2024","3,256.58","3,240.57","3,259.24","3,240.16","","0.56%"
"02/06/2024","3,238.40","3,234.44","3,238.40","3,228.78","","0.36%"
"02/05/2024","3,226.79","3,218.91","3,232.38","3,218.91","","0.01%"
"02/02/2024","3,226.35","3,229.48","3,232.35","3,215.00","","-0.11%"
"02/01/2024","3,229.89","3,220.43","3,233.21","3,220.38","","0.49%"
"01/31/2024","3,214.19","3,201.48","3,219.41","3,198.83","","0.57%"
"01/30/2024","3,196.08","3,181.75","3,196.15","3,178.82","","0.61%"
"01/29/2024","3,176.61","3,169.57","3,184.15","3,169.57","","0.42%"
"01/26/2024","3,163.21","3,164.55","3,171.95","3,157.76","","0.17%"
"01/25/2024","3,157.74","3,163.36","3,166.95","3,143.89","","-0.15%"
"01/24/2024","3,162.41","3,176.59","3,183.70","3,152.96","","-0.42%"
"01/23/2024","3,175.74","3,176.19","3,179.75","3,166.66","","0.11%"
"01/22/2024","3,172.15","3,161.44","3,179.11","3,157.37","","0.18%"
"01/19/2024","3,166.37","3,176.13","3,179.21","3,154.46","","-0.39%"
"01/18/2024","3,178.85","3,188.71","3,193.54","3,176.72","","-0.20%"
"01/17/2024","3,185.23","3,174.87","3,189.26","3,169.99","","0.18%"
"01/16/2024","3,179.45","3,186.77","3,187.14","3,162.98","","-0.17%"
"01/15/2024","3,184.88","3,190.62","3,200.78","3,176.73","","-0.01%"
"01/12/2024","3,185.22","3,182.50","3,196.98","3,176.09","","0.12%"
"01/11/2024","3,181.25","3,158.30","3,181.25","3,148.50","","0.52%"
"01/10/2024","3,164.70","3,158.35","3,174.28","3,156.44","","0.29%"
"01/09/2024","3,155.55","3,156.17","3,158.72","3,143.03","","-0.10%"
"01/08/2024","3,158.58","3,140.12","3,158.82","3,139.37","","0.71%"
"01/05/2024","3,136.37","3,138.27","3,142.80","3,128.16","","0.01%"
"01/04/2024","3,136.07","3,140.66","3,144.25","3,133.93","","0.19%"
"01/03/2024","3,130.23","3,099.78","3,132.76","3,099.10","","1.00%"
"12/29/2023","3,099.11","3,092.66","3,102.08","3,086.26","","-0.09%"
"12/28/2023","3,101.99","3,099.56","3,101.99","3,081.98","","0.15%"
"12/27/2023","3,097.49","3,100.99","3,112.19","3,097.31","","0.09%"
"12/26/2023","3,094.72","3,090.39","3,098.69","3,080.92","","-0.14%"
"12/25/2023","3,099.02","3,095.42","3,108.14","3,086.89","","0.21%"
"12/22/2023","3,092.58","3,076.31","3,102.75","3,075.56","","0.62%"
"12/21/2023","3,073.57","3,093.46","3,095.01","3,050.00","","-1.00%"
"12/20/2023","3,104.66","3,091.35","3,113.92","3,088.74","","0.68%"
"12/19/2023","3,083.64","3,084.12","3,091.26","3,066.34","","0.24%"
"12/18/2023","3,076.26","3,052.14","3,090.04","3,048.82","","1.40%"
"12/15/2023","3,033.89","2,959.29","3,037.29","2,959.29","","0.83%"
"12/14/2023","3,008.84","3,046.43","3,057.08","3,005.94","","-0.77%"
"12/13/2023","3,032.22","3,011.99","3,043.42","3,002.38","","0.41%"
"12/12/2023","3,019.89","3,020.61","3,046.81","2,992.50","","-0.21%"
"12/11/2023","3,026.17","3,081.88","3,082.30","3,025.74","","-1.75%"
"12/08/2023","3,079.99","3,079.88","3,100.22","3,067.46","","0.21%"
"12/07/2023","3,073.63","3,065.93","3,084.50","3,041.11","","-0.19%"
"12/06/2023","3,079.50","3,139.89","3,146.52","3,077.94","","-1.59%"
"12/05/2023","3,129.33","3,102.30","3,134.57","3,090.31","","0.48%"
"12/04/2023","3,114.41","3,123.18","3,126.55","3,096.28","","-0.89%"
"12/01/2023","3,142.29","3,155.87","3,162.97","3,136.56","","-0.74%"
"11/30/2023","3,165.79","3,176.50","3,176.53","3,146.53","","-0.24%"
"11/29/2023","3,173.52","3,196.75","3,200.33","3,173.37","","-0.71%"
"11/28/2023","3,196.36","3,189.16","3,197.61","3,157.55","","0.17%"
"11/27/2023","3,191.05","3,220.25","3,224.61","3,178.20","","-0.83%"
"11/24/2023","3,217.76","3,223.75","3,231.77","3,203.62","","-0.10%"
"11/23/2023","3,221.05","3,233.09","3,238.81","3,218.72","","-0.30%"
"11/22/2023","3,230.65","3,221.90","3,239.17","3,220.37","","0.38%"
"11/21/2023","3,218.48","3,198.73","3,219.11","3,193.46","","0.35%"
"11/20/2023","3,207.36","3,205.73","3,216.73","3,194.40","","0.03%"
"11/17/2023","3,206.34","3,172.78","3,208.17","3,151.95","","0.54%"
"11/16/2023","3,189.08","3,209.33","3,215.93","3,184.97","","-0.81%"
"11/15/2023","3,215.11","3,195.43","3,221.22","3,182.78","","0.08%"
"11/14/2023","3,212.39","3,236.48","3,236.48","3,192.32","","-1.10%"
"11/13/2023","3,248.27","3,241.31","3,251.74","3,235.06","","0.19%"
"11/10/2023","3,242.06","3,236.03","3,246.31","3,229.10","","0.07%"
"11/09/2023","3,239.92","3,241.50","3,245.11","3,222.34","","-0.17%"
"11/08/2023","3,245.43","3,238.81","3,257.32","3,233.11","","-0.03%"
"11/07/2023","3,246.34","3,239.98","3,246.65","3,228.46","","0.35%"
"11/06/2023","3,235.11","3,207.47","3,237.09","3,207.10","","0.83%"
"11/03/2023","3,208.63","3,207.04","3,212.81","3,182.17","","0.36%"
"11/02/2023","3,197.22","3,216.92","3,228.46","3,197.22","","-0.29%"
"11/01/2023","3,206.52","3,192.96","3,214.83","3,191.34","","0.17%"
"10/31/2023","3,200.97","3,221.08","3,226.88","3,176.53","","-0.81%"
"10/30/2023","3,227.07","3,232.82","3,246.00","3,219.70","","0.09%"
"10/27/2023","3,224.18","3,219.49","3,241.55","3,185.84","","0.01%"
"10/26/2023","3,223.89","3,272.71","3,283.49","3,221.79","","-1.27%"
"10/25/2023","3,265.28","3,265.18","3,269.76","3,243.25","","0.01%"
"10/24/2023","3,265.01","3,256.29","3,266.59","3,237.08","","0.04%"
"10/23/2023","3,263.68","3,271.76","3,283.80","3,248.39","","-0.17%"
"10/20/2023","3,269.27","3,257.85","3,269.71","3,236.31","","0.43%"
"10/19/2023","3,255.16","3,245.26","3,260.45","3,232.16","","0.18%"
"10/18/2023","3,249.21","3,252.31","3,262.54","3,225.44","","0.06%"
"10/17/2023","3,247.15","3,239.37","3,252.55","3,228.11","","0.38%"
"10/16/2023","3,234.78","3,204.81","3,235.66","3,202.94","","1.33%"
"10/13/2023","3,192.33","3,182.47","3,195.23","3,176.17","","0.56%"
"10/12/2023","3,174.66","3,130.04","3,178.50","3,122.58","","-0.61%"
"10/11/2023","3,194.12","3,174.99","3,196.44","3,168.29","","0.54%"
"10/10/2023","3,177.03","3,175.08","3,182.08","3,162.61","","0.09%"
"10/09/2023","3,174.02","3,166.21","3,185.86","3,164.63","","0.93%"
"10/06/2023","3,144.89","3,138.87","3,145.01","3,121.00","","0.42%"
"10/05/2023","3,131.76","3,126.71","3,138.50","3,112.96","","-0.08%"
"10/04/2023","3,134.25","3,138.62","3,154.97","3,130.03","","-0.31%"
"10/03/2023","3,143.88","3,134.45","3,146.33","3,103.63","","0.37%"
"10/02/2023","3,132.33","3,141.69","3,162.53","3,125.58","","-0.03%"
"09/29/2023","3,133.26","3,121.07","3,141.12","3,106.97","","0.81%"
"09/28/2023","3,108.07","3,080.81","3,108.07","3,076.64","","1.32%"
"09/27/2023","3,067.61","3,053.37","3,081.41","3,052.59","","0.51%"
"09/26/2023","3,051.91","3,034.23","3,051.91","3,001.92","","0.21%"
"09/25/2023","3,045.39","3,051.85","3,056.23","3,025.89","","-0.12%"
"09/22/2023","3,049.07","3,009.87","3,051.69","2,988.04","","0.99%"
"09/21/2023","3,019.22","3,058.20","3,062.68","3,009.89","","-1.59%"
"09/20/2023","3,068.15","3,061.18","3,091.05","3,013.75","","-0.51%"
"09/19/2023","3,083.85","3,134.37","3,141.38","3,054.25","","-1.64%"
"09/18/2023","3,135.18","3,165.06","3,177.23","3,127.37","","-0.55%"
"09/15/2023","3,152.53","3,126.57","3,155.45","3,116.72","","0.42%"
"09/14/2023","3,139.49","3,144.29","3,148.50","3,072.82","","-0.28%"
"09/13/2023","3,148.32","3,189.08","3,191.57","3,148.32","","-0.56%"
"09/12/2023","3,165.92","3,118.14","3,165.92","3,117.70","","1.39%"
"09/11/2023","3,122.37","3,145.26","3,153.61","3,106.92","","-0.65%"
"09/08/2023","3,142.88","3,178.44","3,188.77","3,114.39","","-0.83%"
"09/07/2023","3,169.07","3,247.90","3,262.73","3,145.25","","-2.35%"
"09/06/2023","3,245.47","3,270.84","3,270.84","3,236.79","","-0.58%"
"09/05/2023","3,264.43","3,273.39","3,287.34","3,246.46","","-0.14%"
"09/04/2023","3,268.97","3,242.49","3,268.97","3,242.40","","1.16%"
"09/01/2023","3,231.35","3,230.53","3,232.92","3,214.95","","0.10%"
"08/31/2023","3,227.99","3,218.48","3,234.68","3,211.94","","0.48%"
"08/30/2023","3,212.68","3,214.11","3,220.85","3,193.18","","0.04%"
"08/29/2023","3,211.36","3,205.06","3,218.40","3,191.31","","0.40%"
"08/28/2023","3,198.72","3,161.36","3,202.24","3,161.36","","1.31%"
"08/25/2023","3,157.33","3,150.03","3,158.61","3,132.07","","0.64%"
"08/24/2023","3,137.37","3,117.02","3,137.37","3,108.17","","-0.28%"
"08/23/2023","3,146.20","3,180.39","3,184.17","3,113.24","","-0.57%"
"08/22/2023","3,164.25","3,146.42","3,172.30","3,124.19","","0.77%"
"08/21/2023","3,139.93","3,139.29","3,150.61","3,122.37","","0.92%"
"08/18/2023","3,111.22","3,077.78","3,111.22","3,058.01","","1.71%"
"08/17/2023","3,059.02","3,069.81","3,076.31","3,031.73","","0.31%"
"08/16/2023","3,049.46","3,109.46","3,122.34","3,015.57","","-2.11%"
"08/15/2023","3,115.25","3,083.32","3,163.74","3,068.66","","-0.50%"
"08/14/2023","3,131.00","3,186.47","3,225.78","3,117.31","","-0.78%"
"08/11/2023","3,155.51","3,158.59","3,163.47","3,138.04","","0.21%"
"08/10/2023","3,148.86","3,122.06","3,148.86","3,115.85","","1.59%"
"08/09/2023","3,099.52","3,106.03","3,120.25","3,083.77","","0.46%"
"08/08/2023","3,085.31","3,077.63","3,092.54","3,026.72","","0.04%"
"08/07/2023","3,084.08","3,120.54","3,153.60","3,084.08","","-0.27%"
"08/04/2023","3,092.44","3,158.53","3,194.83","3,073.69","","-1.76%"
"08/03/2023","3,147.80","3,111.70","3,150.28","3,094.27","","1.33%"
"08/02/2023","3,106.46","3,096.72","3,123.45","3,080.63","","0.41%"
"08/01/2023","3,093.64","3,085.97","3,114.56","3,055.25","","0.66%"
"07/31/2023","3,073.50","3,026.93","3,073.50","3,026.93","","2.16%"
"07/28/2023","3,008.61","2,986.35","3,008.61","2,978.12","","0.69%"
"07/27/2023","2,987.85","2,975.52","2,992.47","2,975.52","","0.59%"
"07/26/2023","2,970.42","2,974.21","2,982.47","2,954.90","","-0.17%"
"07/25/2023","2,975.36","2,948.87","2,975.36","2,943.74","","1.29%"
"07/24/2023","2,937.47","2,929.23","2,947.17","2,925.10","","0.48%"
"07/21/2023","2,923.54","2,890.45","2,925.54","2,889.78","","0.21%"
"07/20/2023","2,917.48","2,947.08","2,947.29","2,905.02","","-0.88%"
"07/19/2023","2,943.43","2,959.41","2,966.72","2,938.66","","-0.38%"
"07/18/2023","2,954.52","2,923.69","2,955.81","2,922.74","","1.27%"
"07/17/2023","2,917.61","2,889.09","2,917.72","2,880.11","","0.51%"
"07/14/2023","2,902.72","2,882.96","2,902.72","2,874.44","","0.59%"
"07/13/2023","2,885.63","2,899.98","2,912.15","2,873.00","","-0.39%"
"07/12/2023","2,896.83","2,870.61","2,897.28","2,870.61","","1.28%"
"07/11/2023","2,860.33","2,865.64","2,867.36","2,851.01","","0.12%"
"07/10/2023","2,856.76","2,838.85","2,864.32","2,838.52","","0.86%"
"07/07/2023","2,832.51","2,823.89","2,832.82","2,814.38","","0.46%"
"07/06/2023","2,819.60","2,816.74","2,837.49","2,813.38","","0.52%"
"07/05/2023","2,805.00","2,795.40","2,813.76","2,795.40","","-0.11%"
"07/04/2023","2,808.22","2,798.02","2,808.22","2,776.79","","0.51%"
"07/03/2023","2,793.93","2,795.58","2,804.93","2,790.81","","-0.12%"
"06/30/2023","2,797.37","2,796.00","2,800.12","2,779.61","","0.03%"
"06/29/2023","2,796.41","2,790.27","2,804.80","2,783.53","","0.56%"
"06/28/2023","2,780.92","2,781.10","2,787.52","2,766.93","","0.15%"
"06/27/2023","2,776.63","2,759.61","2,785.33","2,743.07","","0.71%"
"06/26/2023","2,757.13","2,771.52","2,784.28","2,741.33","","-1.36%"
"06/23/2023","2,795.06","2,790.04","2,795.06","2,767.82","","-0.74%"
"06/22/2023","2,815.83","2,817.30","2,820.43","2,805.92","","-0.12%"
"06/21/2023","2,819.30","2,808.87","2,821.88","2,794.68","","0.56%"
"06/20/2023","2,803.69","2,810.14","2,814.72","2,778.00","","-0.40%"
"06/19/2023","2,815.07","2,808.04","2,816.57","2,783.69","","0.51%"
"06/16/2023","2,800.79","2,809.28","2,813.74","2,783.71","","0.02%"
"06/15/2023","2,800.17","2,776.77","2,809.42","2,764.89","","1.27%"
"06/14/2023","2,765.18","2,777.20","2,786.06","2,758.35","","0.29%"
"06/13/2023","2,757.28","2,715.31","2,757.28","2,715.15","","1.82%"
"06/09/2023","2,708.04","2,717.20","2,721.84","2,705.24","","-0.06%"
"06/08/2023","2,709.69","2,693.60","2,709.69","2,688.31","","0.56%"
"06/07/2023","2,694.69","2,690.94","2,711.72","2,674.11","","0.50%"
"06/06/2023","2,681.25","2,667.76","2,687.41","2,628.00","","-0.48%"
"06/05/2023","2,694.14","2,726.17","2,738.82","2,679.30","","-0.93%"
"06/02/2023","2,719.48","2,684.59","2,720.47","2,684.59","","-0.08%"
"06/01/2023","2,721.73","2,720.21","2,729.97","2,709.33","","0.15%"
"05/31/2023","2,717.64","2,698.11","2,718.27","2,676.27","","0.70%"
"05/30/2023","2,698.75","2,712.04","2,748.60","2,687.81","","-1.22%"
"05/29/2023","2,732.00","2,697.46","2,732.00","2,697.46","","1.86%"
"05/26/2023","2,682.03","2,650.38","2,685.14","2,645.54","","1.21%"
"05/25/2023","2,649.98","2,662.85","2,663.51","2,631.03","","-0.19%"
"05/24/2023","2,654.99","2,643.73","2,659.68","2,626.43","","0.50%"
"05/23/2023","2,641.66","2,641.05","2,648.69","2,607.63","","0.32%"
"05/22/2023","2,633.26","2,648.30","2,652.97","2,622.35","","0.27%"
"05/19/2023","2,626.16","2,627.59","2,635.80","2,612.47","","-0.26%"
"05/18/2023","2,632.91","2,650.12","2,658.57","2,624.49","","-0.06%"
"05/17/2023","2,634.48","2,637.51","2,646.61","2,623.15","","0.03%"
"05/16/2023","2,633.71","2,645.94","2,655.73","2,621.59","","0.87%"
"05/15/2023","2,611.07","2,581.64","2,611.71","2,581.64","","1.79%"
"05/12/2023","2,565.17","2,570.65","2,584.91","2,552.05","","-1.15%"
"05/11/2023","2,595.12","2,573.41","2,610.80","2,567.98","","1.82%"
"05/10/2023","2,548.63","2,483.92","2,556.67","2,483.79","","0.83%"
"05/08/2023","2,527.59","2,528.74","2,538.23","2,513.84","","-0.42%"
"05/05/2023","2,538.24","2,544.47","2,555.39","2,529.08","","0.54%"
"05/04/2023","2,524.51","2,524.97","2,547.20","2,524.36","","-0.31%"
"05/03/2023","2,532.42","2,585.40","2,586.17","2,532.42","","-1.86%"
"05/02/2023","2,580.51","2,623.29","2,635.53","2,560.09","","-2.07%"
"04/28/2023","2,634.94","2,653.93","2,657.90","2,608.02","","-0.42%"
"04/27/2023","2,646.18","2,620.65","2,646.18","2,617.04","","0.99%"
"04/26/2023","2,620.33","2,625.62","2,631.13","2,614.98","","-0.25%"
"04/25/2023","2,626.86","2,639.67","2,642.12","2,619.67","","-0.33%"
"04/24/2023","2,635.43","2,636.76","2,651.80","2,609.40","","-0.17%"
"04/21/2023","2,639.95","2,640.99","2,648.21","2,626.94","","0.08%"
"04/20/2023","2,637.85","2,600.71","2,640.78","2,565.61","","1.20%"
"04/19/2023","2,606.55","2,617.91","2,629.01","2,584.96","","-0.35%"
"04/18/2023","2,615.62","2,601.34","2,615.62","2,586.05","","0.75%"
"04/17/2023","2,596.11","2,572.54","2,596.45","2,572.54","","1.61%"
"04/14/2023","2,554.85","2,546.93","2,554.85","2,532.39","","0.42%"
"04/13/2023","2,544.28","2,546.98","2,557.58","2,528.06","","0.23%"
"04/12/2023","2,538.47","2,538.62","2,554.77","2,520.65","","0.19%"
"04/11/2023","2,533.69","2,560.04","2,577.51","2,515.83","","-0.54%"
"04/10/2023","2,547.35","2,523.20","2,548.41","2,523.20","","1.55%"
"04/07/2023","2,508.39","2,504.04","2,511.95","2,491.37","","0.40%"
"04/06/2023","2,498.30","2,504.06","2,521.81","2,498.30","","-0.10%"
"04/05/2023","2,500.80","2,489.18","2,500.80","2,465.77","","0.82%"
"04/04/2023","2,480.45","2,483.47","2,511.49","2,479.24","","0.29%"
"04/03/2023","2,473.32","2,474.37","2,482.54","2,463.00","","0.92%"
"03/31/2023","2,450.67","2,470.12","2,472.53","2,424.45","","-0.62%"
"03/30/2023","2,465.93","2,458.06","2,467.97","2,450.46","","0.21%"
"03/29/2023","2,460.87","2,449.96","2,468.48","2,437.52","","0.76%"
"03/28/2023","2,442.19","2,453.26","2,458.37","2,421.39","","0.06%"
"03/27/2023","2,440.68","2,400.84","2,440.68","2,400.84","","2.06%"
"03/24/2023","2,391.53","2,386.53","2,394.03","2,384.29","","0.13%"
"03/23/2023","2,388.35","2,386.70","2,396.50","2,379.88","","-0.23%"
"03/22/2023","2,393.88","2,387.81","2,398.76","2,374.46","","-0.18%"
"03/21/2023","2,398.15","2,417.43","2,431.23","2,383.08","","0.04%"
"03/20/2023","2,397.16","2,337.83","2,397.16","2,332.80","","3.20%"
"03/17/2023","2,322.78","2,284.78","2,322.78","2,275.48","","2.86%"
"03/16/2023","2,258.22","2,262.61","2,269.01","2,236.77","","-0.17%"
"03/15/2023","2,262.07","2,287.16","2,295.06","2,257.00","","-1.23%"
"03/14/2023","2,290.32","2,266.78","2,290.32","2,261.65","","0.92%"
"03/13/2023","2,269.47","2,279.13","2,289.70","2,250.14","","-0.30%"
"03/10/2023","2,276.25","2,272.61","2,283.18","2,266.33","","-0.61%"
"03/09/2023","2,290.14","2,295.03","2,302.10","2,278.95","","-0.24%"
"03/07/2023","2,295.60","2,294.32","2,298.93","2,281.46","","0.06%"
"03/06/2023","2,294.12","2,286.20","2,297.86","2,283.40","","0.96%"
"03/03/2023","2,272.20","2,250.12","2,273.52","2,249.81","","0.79%"
"03/02/2023","2,254.30","2,284.87","2,286.27","2,235.43","","-1.11%"
"03/01/2023","2,279.65","2,258.89","2,287.48","2,255.45","","1.18%"
"02/28/2023","2,253.16","2,246.26","2,258.68","2,239.59","","0.54%"
"02/27/2023","2,241.10","2,194.39","2,241.10","2,188.95","","1.50%"
"02/24/2023","2,208.03","2,209.10","2,223.23","2,202.25","","-0.20%"
"02/22/2023","2,212.40","2,215.43","2,215.58","2,194.99","","0.00%"
"02/21/2023","2,212.42","2,184.60","2,227.82","2,184.51","","1.32%"
"02/20/2023","2,183.57","2,172.53","2,186.39","2,140.78","","0.68%"
"02/17/2023","2,168.88","2,157.50","2,180.96","2,147.31","","0.69%"
"02/16/2023","2,153.96","2,169.39","2,186.64","2,150.17","","-0.58%"
"02/15/2023","2,166.46","2,216.69","2,216.69","2,164.70","","-2.95%"
"02/14/2023","2,232.23","2,256.59","2,256.96","2,225.94","","-1.42%"
"02/13/2023","2,264.27","2,262.65","2,271.00","2,261.37","","0.12%"
"02/10/2023","2,261.58","2,253.51","2,264.39","2,249.62","","-0.04%"
"02/09/2023","2,262.45","2,258.97","2,269.96","2,241.02","","0.47%"
"02/08/2023","2,251.97","2,273.59","2,283.49","2,244.52","","-0.69%"
"02/07/2023","2,267.69","2,281.69","2,290.51","2,262.30","","-0.21%"
"02/06/2023","2,272.37","2,245.93","2,276.50","2,243.77","","1.07%"
"02/03/2023","2,248.30","2,239.10","2,253.70","2,216.63","","0.21%"
"02/02/2023","2,243.54","2,243.04","2,249.56","2,228.56","","0.60%"
"02/01/2023","2,230.15","2,232.02","2,247.12","2,224.95","","0.20%"
"01/31/2023","2,225.60","2,203.57","2,225.60","2,202.76","","0.96%"
"01/30/2023","2,204.41","2,193.99","2,204.41","2,189.12","","0.69%"
"01/27/2023","2,189.35","2,174.85","2,189.35","2,167.33","","1.04%"
"01/26/2023","2,166.92","2,181.96","2,183.77","2,166.92","","-0.15%"
"01/25/2023","2,170.15","2,168.48","2,176.61","2,160.76","","-0.12%"
"01/24/2023","2,172.75","2,191.64","2,199.29","2,172.75","","-0.57%"
"01/23/2023","2,185.31","2,167.92","2,186.85","2,164.89","","0.86%"
"01/20/2023","2,166.69","2,167.61","2,173.71","2,154.37","","-0.10%"
"01/19/2023","2,168.83","2,190.02","2,193.93","2,162.11","","-1.25%"
"01/18/2023","2,196.26","2,188.90","2,206.66","2,177.65","","-0.03%"
"01/17/2023","2,196.84","2,225.26","2,226.49","2,196.84","","-1.26%"
"01/16/2023","2,224.90","2,204.64","2,224.90","2,204.46","","1.13%"
"01/13/2023","2,199.94","2,188.60","2,204.18","2,179.82","","0.64%"
"01/12/2023","2,185.93","2,193.53","2,194.80","2,177.36","","-0.05%"
"01/11/2023","2,186.98","2,156.28","2,190.40","2,153.55","","1.27%"
"01/10/2023","2,159.51","2,162.70","2,162.92","2,145.14","","-0.18%"
"01/09/2023","2,163.50","2,163.43","2,169.71","2,162.01","","0.33%"
"01/06/2023","2,156.39","2,157.32","2,160.08","2,153.32","","-0.01%"
"01/05/2023","2,156.67","2,170.40","2,171.94","2,154.16","","-0.54%"
"01/04/2023","2,168.42","2,171.54","2,179.56","2,162.06","","-0.20%"
"01/03/2023","2,172.68","2,157.18","2,174.23","2,157.18","","0.86%"
"12/30/2022","2,154.12","2,149.83","2,154.47","2,139.79","","0.33%"
"12/29/2022","2,147.06","2,135.91","2,149.94","2,134.48","","0.34%"
"12/28/2022","2,139.77","2,150.12","2,152.47","2,136.68","","-0.52%"
"12/27/2022","2,150.92","2,142.08","2,154.35","2,138.11","","0.55%"
"12/26/2022","2,139.21","2,126.40","2,139.78","2,126.40","","0.72%"
"12/23/2022","2,124.02","2,121.99","2,128.27","2,110.59","","0.05%"
"12/22/2022","2,122.91","2,124.37","2,134.48","2,114.91","","0.32%"
"12/21/2022","2,116.13","2,135.41","2,139.49","2,102.24","","-0.15%"
"12/20/2022","2,119.37","2,071.10","2,119.37","2,070.58","","-0.50%"
"12/19/2022","2,129.98","2,131.33","2,139.07","2,109.56","","-0.13%"
"12/16/2022","2,132.75","2,118.43","2,135.79","2,116.08","","0.28%"
"12/15/2022","2,126.80","2,151.69","2,151.69","2,115.21","","-1.53%"
"12/14/2022","2,159.81","2,171.12","2,171.31","2,154.65","","-0.67%"
"12/13/2022","2,174.38","2,175.29","2,177.95","2,154.52","","0.06%"
"12/12/2022","2,173.16","2,178.33","2,185.49","2,163.33","","-0.22%"
"12/09/2022","2,177.85","2,178.93","2,183.97","2,169.04","","-0.30%"
"12/08/2022","2,184.43","2,196.17","2,197.77","2,174.57","","-0.39%"
"12/07/2022","2,192.88","2,185.01","2,193.71","2,166.77","","-0.15%"
"12/06/2022","2,196.24","2,204.51","2,208.36","2,184.65","","-0.55%"
"12/05/2022","2,208.28","2,179.79","2,210.70","2,174.17","","1.28%"
"12/02/2022","2,180.44","2,189.19","2,189.35","2,173.48","","-0.31%"
"12/01/2022","2,187.29","2,189.65","2,193.41","2,183.57","","0.59%"
"11/30/2022","2,174.53","2,184.27","2,184.27","2,172.67","","-0.49%"
"11/29/2022","2,185.32","2,180.65","2,191.44","2,178.34","","0.36%"
"11/28/2022","2,177.45","2,180.32","2,182.16","2,163.44","","-0.81%"
"11/25/2022","2,195.17","2,209.31","2,211.10","2,190.67","","-0.71%"
"11/24/2022","2,210.95","2,214.14","2,225.92","2,206.12","","-0.04%"
"11/23/2022","2,211.89","2,196.24","2,217.40","2,180.64","","0.72%"
"11/22/2022","2,196.04","2,179.76","2,200.06","2,169.62","","1.37%"
"11/21/2022","2,166.31","2,204.90","2,204.90","2,161.35","","-1.81%"
"11/18/2022","2,206.32","2,208.39","2,211.70","2,189.93","","-0.30%"
"11/17/2022","2,212.93","2,227.54","2,235.76","2,200.11","","-0.64%"
"11/16/2022","2,227.19","2,199.10","2,232.83","2,191.95","","0.18%"
"11/15/2022","2,223.26","2,249.22","2,254.94","2,211.19","","-0.96%"
"11/14/2022","2,244.77","2,230.80","2,245.90","2,221.31","","1.23%"
"11/11/2022","2,217.44","2,221.68","2,224.97","2,204.33","","0.34%"
"11/10/2022","2,210.02","2,167.96","2,211.21","2,161.57","","2.01%"
"11/09/2022","2,166.56","2,201.06","2,205.92","2,166.42","","-1.84%"
"11/08/2022","2,207.20","2,213.39","2,221.13","2,188.22","","-0.07%"
"11/07/2022","2,208.78","2,176.33","2,208.78","2,172.34","","2.45%"
"11/03/2022","2,155.92","2,145.54","2,156.78","2,123.32","","-0.82%"
"11/02/2022","2,173.84","2,178.25","2,184.89","2,160.56","","-0.02%"
"11/01/2022","2,174.35","2,179.15","2,185.60","2,161.18","","0.36%"
"10/31/2022","2,166.61","2,173.00","2,184.38","2,155.75","","-0.05%"
"10/28/2022","2,167.70","2,154.28","2,171.88","2,130.75","","0.14%"
"10/27/2022","2,164.64","2,133.81","2,164.64","2,123.57","","2.08%"
"10/26/2022","2,120.58","2,131.18","2,144.56","2,093.12","","-0.47%"
"10/25/2022","2,130.65","2,066.28","2,130.65","2,058.09","","3.23%"
"10/24/2022","2,063.95","2,070.36","2,088.31","2,048.37","","0.99%"
"10/21/2022","2,043.71","2,026.44","2,049.00","2,000.68","","0.90%"
"10/20/2022","2,025.51","1,998.74","2,032.58","1,991.09","","2.38%"
"10/19/2022","1,978.40","1,986.67","2,006.06","1,953.74","","-2.66%"
"10/18/2022","2,032.40","2,031.56","2,039.67","1,999.38","","0.97%"
"10/17/2022","2,012.85","1,958.18","2,013.61","1,955.70","","3.17%"
"10/14/2022","1,950.98","1,963.38","1,965.77","1,933.29","","-0.22%"
"10/13/2022","1,955.20","1,950.24","1,975.84","1,941.18","","0.18%"
"10/12/2022","1,951.65","1,965.39","1,974.59","1,937.93","","0.11%"
"10/11/2022","1,949.46","1,928.74","1,952.80","1,909.11","","1.69%"
"10/10/2022","1,916.97","1,783.66","1,917.91","1,775.04","","-1.43%"
"10/07/2022","1,944.75","2,012.95","2,012.95","1,939.54","","-3.76%"
"10/06/2022","2,020.63","2,027.30","2,053.86","2,015.09","","-0.46%"
"10/05/2022","2,029.88","2,041.50","2,045.62","1,971.91","","-0.81%"
"10/04/2022","2,046.42","2,071.19","2,079.67","2,016.59","","0.22%"
"10/03/2022","2,041.96","1,991.88","2,047.54","1,972.43","","4.32%"
"09/30/2022","1,957.31","1,977.75","2,005.21","1,872.95","","0.18%"
"09/29/2022","1,953.77","1,998.24","2,005.80","1,917.62","","-0.51%"
"09/28/2022","1,963.86","1,978.89","2,018.99","1,948.25","","0.53%"
"09/27/2022","1,953.46","1,930.58","1,975.32","1,904.24","","1.04%"
"09/26/2022","1,933.35","2,054.56","2,054.56","1,841.42","","-7.49%"
"09/23/2022","2,089.87","2,192.11","2,192.68","2,071.37","","-4.61%"
"09/22/2022","2,190.87","2,138.39","2,216.85","2,138.39","","2.82%"
"09/21/2022","2,130.71","2,052.89","2,186.43","2,002.73","","-3.83%"
"09/20/2022","2,215.67","2,430.53","2,436.30","2,171.92","","-8.84%"
"09/19/2022","2,430.54","2,436.48","2,453.03","2,427.19","","-0.19%"
"09/16/2022","2,435.18","2,446.09","2,469.02","2,427.68","","-0.47%"
"09/15/2022","2,446.59","2,434.79","2,457.02","2,418.30","","0.44%"
"09/14/2022","2,435.89","2,439.96","2,439.96","2,400.14","","-0.45%"
"09/13/2022","2,446.89","2,459.75","2,465.55","2,438.80","","-0.11%"
"09/12/2022","2,449.65","2,419.77","2,465.22","2,413.55","","0.97%"
"09/09/2022","2,426.06","2,391.69","2,426.81","2,391.69","","1.50%"
"09/08/2022","2,390.27","2,397.59","2,407.39","2,378.30","","-0.47%"
"09/07/2022","2,401.57","2,422.88","2,436.64","2,394.56","","-0.98%"
"09/06/2022","2,425.33","2,487.76","2,492.15","2,382.24","","-2.54%"
"09/05/2022","2,488.44","2,472.10","2,488.44","2,440.88","","0.69%"
"09/02/2022","2,471.45","2,443.76","2,474.71","2,431.54","","1.05%"
"09/01/2022","2,445.77","2,401.98","2,448.50","2,380.01","","1.90%"
"08/31/2022","2,400.08","2,377.02","2,423.12","2,368.42","","4.05%"
"08/30/2022","2,306.62","2,299.28","2,314.53","2,292.44","","0.45%"
"08/29/2022","2,296.33","2,267.43","2,296.33","2,263.99","","1.21%"
"08/26/2022","2,268.89","2,248.98","2,268.89","2,239.66","","1.00%"
"08/25/2022","2,246.34","2,249.39","2,266.18","2,234.87","","-0.08%"
"08/24/2022","2,248.22","2,263.57","2,273.65","2,243.08","","-0.52%"
"08/23/2022","2,260.08","2,230.74","2,261.59","2,230.74","","1.43%"
"08/22/2022","2,228.11","2,193.29","2,231.22","2,187.04","","1.50%"
"08/19/2022","2,195.16","2,199.60","2,199.60","2,179.56","","0.04%"
"08/18/2022","2,194.31","2,188.42","2,197.92","2,176.02","","0.26%"
"08/17/2022","2,188.56","2,213.43","2,225.05","2,186.86","","-0.90%"
"08/16/2022","2,208.33","2,172.40","2,208.33","2,168.06","","2.00%"
"08/15/2022","2,165.12","2,147.76","2,165.75","2,139.45","","0.83%"
"08/12/2022","2,147.33","2,133.93","2,150.90","2,117.08","","0.67%"
"08/11/2022","2,133.11","2,157.17","2,174.90","2,128.38","","-0.85%"
"08/10/2022","2,151.50","2,138.81","2,158.87","2,128.59","","0.69%"
"08/09/2022","2,136.80","2,090.37","2,136.80","2,071.72","","2.32%"
"08/08/2022","2,088.40","2,106.50","2,119.41","2,086.98","","1.66%"
"08/05/2022","2,054.29","2,120.13","2,124.60","2,052.08","","-2.94%"
"08/04/2022","2,116.58","2,126.39","2,137.83","2,111.87","","-0.35%"
"08/03/2022","2,123.92","2,138.76","2,156.54","2,123.92","","-0.63%"
"08/02/2022","2,137.30","2,176.57","2,178.81","2,137.30","","-1.96%"
"08/01/2022","2,180.09","2,213.75","2,220.73","2,178.98","","-1.52%"
"07/29/2022","2,213.81","2,187.67","2,213.81","2,181.07","","1.13%"
"07/28/2022","2,189.16","2,204.01","2,213.21","2,169.21","","-0.32%"
"07/27/2022","2,196.22","2,198.96","2,220.82","2,184.71","","0.17%"
"07/26/2022","2,192.42","2,135.89","2,192.42","2,135.89","","2.98%"
"07/25/2022","2,128.96","2,099.81","2,132.75","2,090.22","","1.54%"
"07/22/2022","2,096.75","2,056.16","2,099.68","2,053.20","","2.10%"
"07/21/2022","2,053.64","2,075.99","2,075.99","2,022.16","","-1.04%"
"07/20/2022","2,075.24","2,076.24","2,098.92","2,067.37","","0.19%"
"07/19/2022","2,071.28","2,089.28","2,089.28","2,047.33","","-1.20%"
"07/18/2022","2,096.42","2,119.02","2,127.96","2,083.01","","-0.62%"
"07/15/2022","2,109.52","2,069.02","2,109.52","2,056.82","","2.24%"
"07/14/2022","2,063.30","2,073.79","2,105.61","2,049.44","","-0.50%"
"07/13/2022","2,073.68","2,138.14","2,142.51","2,064.58","","-2.82%"
"07/12/2022","2,133.77","2,160.74","2,160.74","2,105.26","","-1.32%"
"07/11/2022","2,162.34","2,213.55","2,224.35","2,156.36","","-2.71%"
"07/08/2022","2,222.51","2,225.02","2,234.55","2,202.52","","-0.19%"
"07/07/2022","2,226.65","2,221.02","2,239.59","2,206.16","","0.21%"
"07/06/2022","2,221.88","2,227.02","2,273.24","2,214.04","","-0.21%"
"07/05/2022","2,226.64","2,214.39","2,238.73","2,187.57","","1.00%"
"07/04/2022","2,204.66","2,208.70","2,240.83","2,197.39","","-0.09%"
"07/01/2022","2,206.61","2,197.90","2,237.92","2,165.13","","0.08%"
"06/30/2022","2,204.85","2,380.03","2,407.20","2,184.71","","-7.30%"
"06/29/2022","2,378.55","2,407.49","2,407.49","2,370.41","","-1.25%"
"06/28/2022","2,408.75","2,419.15","2,419.81","2,392.26","","-0.34%"
"06/27/2022","2,417.06","2,387.55","2,417.06","2,384.32","","1.07%"
"06/24/2022","2,391.51","2,405.31","2,414.02","2,372.05","","-0.54%"
"06/23/2022","2,404.54","2,375.60","2,404.54","2,350.10","","1.31%"
"06/22/2022","2,373.52","2,348.04","2,373.52","2,320.87","","0.62%"
"06/21/2022","2,358.81","2,407.63","2,415.59","2,357.27","","-1.90%"
"06/20/2022","2,404.40","2,358.26","2,404.40","2,357.33","","2.14%"
"06/17/2022","2,353.98","2,373.07","2,382.49","2,345.40","","-0.67%"
"06/16/2022","2,369.75","2,321.52","2,374.24","2,317.87","","2.19%"
"06/15/2022","2,318.96","2,290.76","2,320.40","2,282.79","","1.28%"
"06/14/2022","2,289.75","2,280.02","2,308.43","2,261.26","","0.19%"
"06/10/2022","2,285.52","2,282.81","2,296.10","2,273.95","","-0.37%"
"06/09/2022","2,293.99","2,321.57","2,323.39","2,275.22","","-1.07%"
"06/08/2022","2,318.85","2,296.62","2,342.69","2,296.62","","1.19%"
"06/07/2022","2,291.62","2,281.30","2,294.40","2,239.72","","0.41%"
"06/06/2022","2,282.16","2,308.35","2,321.75","2,277.21","","-1.12%"
"06/03/2022","2,308.03","2,341.55","2,348.03","2,286.82","","-1.37%"
"06/02/2022","2,340.17","2,374.67","2,382.23","2,337.53","","-1.45%"
"06/01/2022","2,374.60","2,349.84","2,385.64","2,338.90","","0.80%"
"05/31/2022","2,355.75","2,400.75","2,400.75","2,351.74","","-1.86%"
"05/30/2022","2,400.39","2,418.21","2,433.04","2,376.44","","-0.30%"
"05/27/2022","2,407.59","2,424.70","2,439.89","2,399.92","","-0.23%"
"05/26/2022","2,413.06","2,348.44","2,415.03","2,327.29","","3.11%"
"05/25/2022","2,340.18","2,300.15","2,340.18","2,291.13","","2.03%"
"05/24/2022","2,293.62","2,300.11","2,317.92","2,229.22","","-0.36%"
"05/23/2022","2,301.85","2,379.66","2,389.42","2,300.77","","-3.01%"
"05/20/2022","2,373.26","2,441.56","2,451.02","2,365.81","","-2.60%"
"05/19/2022","2,436.57","2,454.36","2,454.83","2,414.63","","-0.36%"
"05/18/2022","2,445.30","2,438.00","2,490.17","2,438.00","","0.87%"
"05/17/2022","2,424.10","2,378.08","2,425.17","2,371.93","","2.52%"
"05/16/2022","2,364.60","2,308.20","2,379.35","2,306.06","","2.47%"
"05/13/2022","2,307.50","2,309.98","2,321.91","2,283.10","","0.42%"
"05/12/2022","2,297.89","2,382.33","2,386.16","2,283.31","","-3.74%"
"05/11/2022","2,387.14","2,391.91","2,414.87","2,367.48","","-0.25%"
"05/06/2022","2,393.03","2,405.17","2,406.78","2,372.52","","-0.49%"
"05/05/2022","2,404.80","2,379.04","2,412.81","2,379.04","","1.33%"
"05/04/2022","2,373.16","2,444.25","2,464.60","2,373.16","","-2.94%"
"04/29/2022","2,445.17","2,390.83","2,448.52","2,390.83","","2.58%"
"04/28/2022","2,383.66","2,434.86","2,505.94","2,379.12","","-1.68%"
"04/27/2022","2,424.28","2,326.27","2,427.47","2,305.47","","4.56%"
"04/26/2022","2,318.46","2,190.97","2,347.92","2,190.97","","6.05%"
"04/25/2022","2,186.22","2,236.32","2,237.45","2,168.18","","-2.06%"
"04/22/2022","2,232.23","2,271.18","2,290.04","2,223.73","","-1.71%"
"04/21/2022","2,271.05","2,334.97","2,341.21","2,260.68","","-2.56%"
"04/20/2022","2,330.73","2,326.03","2,374.87","2,271.72","","0.57%"
"04/19/2022","2,317.46","2,342.53","2,344.37","2,216.61","","-1.07%"
"04/18/2022","2,342.63","2,430.91","2,447.58","2,338.36","","-3.40%"
"04/15/2022","2,424.99","2,403.16","2,431.91","2,353.13","","0.84%"
"04/14/2022","2,404.73","2,530.90","2,533.77","2,403.86","","-4.89%"
"04/13/2022","2,528.42","2,546.64","2,558.86","2,517.44","","-0.49%"
"04/12/2022","2,540.99","2,559.22","2,570.78","2,472.28","","-0.63%"
"04/11/2022","2,557.16","2,596.17","2,623.64","2,557.16","","-1.37%"
"04/08/2022","2,592.72","2,649.16","2,656.72","2,554.72","","-1.62%"
"04/07/2022","2,635.39","2,618.26","2,653.85","2,618.26","","0.92%"
"04/06/2022","2,611.43","2,641.79","2,696.97","2,594.95","","-1.93%"
"04/05/2022","2,662.79","2,796.56","2,808.27","2,576.34","","-4.48%"
"04/04/2022","2,787.69","2,775.06","2,835.46","2,682.34","","1.02%"
"04/01/2022","2,759.64","2,714.62","2,817.72","2,714.62","","2.08%"
"03/31/2022","2,703.51","2,535.32","2,703.51","2,533.39","","7.58%"
"03/30/2022","2,513.03","2,437.92","2,513.03","2,437.92","","4.34%"
"03/29/2022","2,408.49","2,442.43","2,538.20","2,363.62","","-0.91%"
"03/28/2022","2,430.70","2,479.49","2,484.57","2,407.20","","-2.15%"
"03/25/2022","2,484.13","2,620.62","2,664.74","2,470.69","","-3.66%"
"03/24/2022","2,578.51","2,467.09","2,761.17","2,447.68","","4.37%"
"02/25/2022","2,470.48","2,261.33","2,552.46","2,256.09","","20.04%"
"02/24/2022","2,058.12","2,735.88","2,740.31","1,681.55","","-33.28%"
"02/22/2022","3,084.74","2,909.40","3,113.40","2,756.46","","1.58%"
"02/21/2022","3,036.88","3,458.73","3,460.42","2,910.49","","-10.50%"
"02/18/2022","3,393.31","3,547.04","3,565.52","3,371.05","","-3.35%"
"02/17/2022","3,511.08","3,588.27","3,595.12","3,498.20","","-3.71%"
"02/16/2022","3,646.41","3,682.94","3,683.95","3,608.01","","1.28%"
"02/15/2022","3,600.29","3,532.00","3,614.15","3,514.98","","3.42%"
"02/14/2022","3,481.38","3,442.82","3,524.87","3,404.35","","-1.84%"
"02/11/2022","3,546.62","3,579.69","3,596.74","3,514.12","","-2.99%"
"02/10/2022","3,655.76","3,628.51","3,655.76","3,592.75","","0.46%"
"02/09/2022","3,638.93","3,593.00","3,638.93","3,580.45","","2.46%"
"02/08/2022","3,551.65","3,497.18","3,551.65","3,487.64","","2.33%"
"02/07/2022","3,470.78","3,511.39","3,521.26","3,437.93","","-0.01%"
"02/04/2022","3,471.01","3,499.32","3,556.32","3,464.14","","0.00%"
"02/03/2022","3,471.18","3,498.76","3,519.23","3,446.65","","-2.05%"
"02/02/2022","3,543.80","3,574.87","3,580.22","3,516.17","","-0.12%"
"02/01/2022","3,548.17","3,564.55","3,584.71","3,531.35","","0.50%"
"01/31/2022","3,530.38","3,524.11","3,566.05","3,518.55","","1.20%"
"01/28/2022","3,488.60","3,508.57","3,534.40","3,446.01","","0.95%"
"01/27/2022","3,455.93","3,296.47","3,525.94","3,284.49","","2.93%"
"01/26/2022","3,357.66","3,341.71","3,412.15","3,276.06","","3.04%"
"01/25/2022","3,258.74","3,316.98","3,330.90","3,229.45","","0.73%"
"01/24/2022","3,235.28","3,426.19","3,426.47","3,158.46","","-5.93%"
"01/21/2022","3,439.25","3,420.12","3,503.84","3,407.27","","-2.18%"
"01/20/2022","3,516.02","3,519.02","3,533.61","3,403.74","","2.30%"
"01/19/2022","3,436.82","3,290.31","3,500.27","3,256.60","","3.24%"
"01/18/2022","3,328.94","3,527.77","3,534.56","3,297.12","","-6.50%"
"01/17/2022","3,560.35","3,633.01","3,651.36","3,501.94","","-1.02%"
"01/14/2022","3,596.98","3,703.90","3,723.62","3,512.03","","-2.12%"
"01/13/2022","3,674.73","3,814.98","3,818.97","3,664.48","","-4.05%"
"01/12/2022","3,829.95","3,797.31","3,841.72","3,783.92","","1.18%"
"01/11/2022","3,785.29","3,764.56","3,800.91","3,751.45","","1.25%"
"01/10/2022","3,738.68","3,798.43","3,806.84","3,726.73","","-0.39%"
"01/06/2022","3,753.29","3,758.68","3,784.17","3,720.17","","-1.62%"
"01/05/2022","3,815.05","3,857.90","3,875.25","3,805.06","","-1.51%"
"01/04/2022","3,873.49","3,880.20","3,892.33","3,846.81","","0.54%"
"01/03/2022","3,852.50","3,825.30","3,866.15","3,823.50","","1.72%"
"12/30/2021","3,787.26","3,753.92","3,789.61","3,740.93","","1.23%"
"12/29/2021","3,741.07","3,756.54","3,770.09","3,727.35","","-0.97%"
"12/28/2021","3,777.56","3,766.50","3,790.44","3,751.00","","0.99%"
"12/27/2021","3,740.63","3,711.77","3,742.12","3,709.19","","1.02%"
"12/24/2021","3,702.72","3,700.34","3,703.72","3,653.63","","-0.05%"
"12/23/2021","3,704.60","3,745.52","3,751.37","3,691.04","","-1.12%"
"12/22/2021","3,746.75","3,715.20","3,759.67","3,699.06","","1.45%"
"12/21/2021","3,693.02","3,705.33","3,713.68","3,670.16","","0.65%"
"12/20/2021","3,669.05","3,657.65","3,674.71","3,629.61","","-1.46%"
"12/17/2021","3,723.27","3,725.04","3,739.59","3,696.50","","-0.72%"
"12/16/2021","3,750.36","3,705.57","3,755.07","3,701.35","","3.55%"
"12/15/2021","3,621.82","3,653.16","3,666.53","3,608.60","","0.07%"
"12/14/2021","3,619.39","3,533.82","3,638.49","3,532.29","","0.03%"
"12/13/2021","3,618.31","3,790.10","3,794.52","3,613.88","","-3.77%"
"12/10/2021","3,760.23","3,806.97","3,814.06","3,760.23","","-1.39%"
"12/09/2021","3,813.29","3,801.67","3,847.76","3,780.30","","1.05%"
"12/08/2021","3,773.61","3,904.84","3,915.65","3,773.61","","-2.57%"
"12/07/2021","3,873.20","3,860.83","3,880.84","3,810.03","","1.66%"
"12/06/2021","3,810.10","3,919.10","3,938.10","3,800.76","","-2.63%"
"12/03/2021","3,913.06","3,967.88","3,977.16","3,905.38","","-0.87%"
"12/02/2021","3,947.54","3,940.09","3,972.85","3,914.43","","-0.30%"
"12/01/2021","3,959.29","3,907.17","3,962.22","3,900.16","","1.77%"
"11/30/2021","3,890.59","3,828.25","3,902.72","3,827.55","","0.28%"
"11/29/2021","3,879.54","3,872.19","3,928.52","3,846.12","","1.80%"
"11/26/2021","3,810.98","3,852.99","3,876.13","3,810.75","","-3.47%"
"11/25/2021","3,947.82","3,964.25","3,990.95","3,932.55","","-0.07%"
"11/24/2021","3,950.56","4,001.89","4,021.25","3,913.39","","-0.25%"
"11/23/2021","3,960.33","3,832.33","3,974.76","3,776.61","","2.26%"
"11/22/2021","3,872.77","4,008.13","4,017.02","3,872.77","","-3.58%"
"11/19/2021","4,016.47","4,121.74","4,127.00","4,000.26","","-1.89%"
"11/18/2021","4,093.85","4,120.81","4,150.57","4,082.17","","-1.33%"
"11/17/2021","4,149.02","4,120.23","4,149.02","4,101.96","","0.70%"
"11/16/2021","4,120.02","4,147.69","4,158.31","4,094.15","","-0.37%"
"11/15/2021","4,135.14","4,121.50","4,162.02","4,111.04","","0.33%"
"11/12/2021","4,121.66","4,181.70","4,181.70","4,089.32","","-1.62%"
"11/11/2021","4,189.35","4,141.62","4,189.35","4,126.52","","0.40%"
"11/10/2021","4,172.47","4,192.62","4,196.22","4,151.60","","-0.35%"
"11/09/2021","4,187.33","4,207.59","4,225.82","4,181.75","","-0.73%"
"11/08/2021","4,218.27","4,203.65","4,220.88","4,188.59","","1.04%"
"11/05/2021","4,174.76","4,179.03","4,181.87","4,159.92","","-0.24%"
"11/03/2021","4,184.87","4,192.14","4,192.14","4,158.17","","-0.54%"
"11/02/2021","4,207.53","4,235.89","4,245.32","4,196.75","","-0.33%"
"11/01/2021","4,221.49","4,155.24","4,224.51","4,155.24","","1.72%"
"10/29/2021","4,150.00","4,186.35","4,186.70","4,116.29","","-0.95%"
"10/28/2021","4,189.66","4,210.78","4,220.23","4,157.39","","-0.94%"
"10/27/2021","4,229.53","4,216.76","4,234.99","4,190.68","","-0.15%"
"10/26/2021","4,235.87","4,254.59","4,259.83","4,233.80","","-0.45%"
"10/25/2021","4,254.98","4,216.43","4,254.98","4,184.74","","1.38%"
"10/22/2021","4,196.96","4,218.50","4,246.22","4,196.96","","-0.51%"
"10/21/2021","4,218.63","4,276.94","4,282.46","4,214.82","","-1.61%"
"10/20/2021","4,287.52","4,284.91","4,290.99","4,258.14","","0.26%"
"10/19/2021","4,276.26","4,256.24","4,279.20","4,235.81","","0.66%"
"10/18/2021","4,248.33","4,254.91","4,257.83","4,225.42","","-0.32%"
"10/15/2021","4,261.82","4,278.51","4,282.15","4,247.79","","0.06%"
"10/14/2021","4,259.13","4,280.76","4,292.68","4,259.13","","0.36%"
"10/13/2021","4,243.92","4,260.44","4,260.44","4,189.91","","-0.47%"
"10/12/2021","4,263.80","4,259.03","4,275.60","4,250.03","","-0.38%"
"10/11/2021","4,279.87","4,259.38","4,284.53","4,247.20","","0.99%"
"10/08/2021","4,238.00","4,233.58","4,254.36","4,216.72","","0.24%"
"10/07/2021","4,228.02","4,222.78","4,239.14","4,179.39","","1.35%"
"10/06/2021","4,171.71","4,263.87","4,267.29","4,163.62","","-1.23%"
"10/05/2021","4,223.85","4,129.53","4,225.16","4,129.53","","2.70%"
"10/04/2021","4,112.72","4,106.89","4,131.39","4,100.85","","0.63%"
"10/01/2021","4,086.99","4,078.59","4,104.78","4,065.40","","-0.40%"
"09/30/2021","4,103.52","4,079.46","4,106.72","4,064.50","","1.11%"
"09/29/2021","4,058.37","4,045.16","4,076.61","4,038.06","","-0.17%"
"09/28/2021","4,065.46","4,109.66","4,112.31","4,050.95","","-0.39%"
"09/27/2021","4,081.22","4,069.55","4,083.61","4,061.71","","1.06%"
"09/24/2021","4,038.23","4,055.37","4,057.09","4,017.20","","-0.34%"
"09/23/2021","4,052.14","4,051.36","4,058.15","4,020.50","","0.52%"
"09/22/2021","4,030.98","4,001.79","4,032.38","3,999.82","","1.52%"
"09/21/2021","3,970.48","3,980.02","3,994.56","3,962.05","","0.02%"
"09/20/2021","3,969.61","3,988.45","3,991.39","3,955.19","","-1.62%"
"09/17/2021","4,035.17","4,043.51","4,054.38","4,013.62","","-0.25%"
"09/16/2021","4,045.10","4,069.19","4,073.72","4,028.08","","-0.50%"
"09/15/2021","4,065.53","4,059.08","4,081.98","4,049.69","","0.24%"
"09/14/2021","4,055.70","4,051.81","4,061.99","4,037.23","","0.36%"
"09/13/2021","4,041.16","4,012.97","4,041.83","4,001.63","","0.96%"
"09/10/2021","4,002.66","3,993.53","4,008.56","3,987.53","","0.23%"
"09/09/2021","3,993.56","4,007.82","4,009.66","3,982.60","","-0.59%"
"09/08/2021","4,017.37","4,015.35","4,030.72","3,984.64","","0.18%"
"09/07/2021","4,010.16","4,036.41","4,043.51","4,004.90","","-0.45%"
"09/06/2021","4,028.25","4,004.61","4,028.25","4,003.49","","0.66%"
"09/03/2021","4,001.70","3,976.62","4,001.70","3,964.22","","0.27%"
"09/02/2021","3,990.77","3,983.68","3,994.77","3,968.06","","0.50%"
"09/01/2021","3,971.02","3,924.32","3,972.68","3,924.32","","1.33%"
"08/31/2021","3,918.96","3,934.10","3,938.68","3,904.72","","-0.24%"
"08/30/2021","3,928.50","3,900.96","3,928.50","3,900.96","","1.06%"
"08/27/2021","3,887.38","3,864.11","3,887.38","3,844.49","","0.93%"
"08/26/2021","3,851.57","3,876.99","3,876.99","3,838.63","","-0.90%"
"08/25/2021","3,886.64","3,891.80","3,895.62","3,868.64","","-0.06%"
"08/24/2021","3,888.87","3,897.56","3,904.99","3,864.37","","0.15%"
"08/23/2021","3,883.01","3,861.99","3,884.51","3,856.21","","1.31%"
"08/20/2021","3,832.70","3,868.79","3,871.43","3,826.27","","-0.55%"
"08/19/2021","3,853.98","3,883.20","3,883.42","3,841.15","","-1.81%"
"08/18/2021","3,925.17","3,948.43","3,949.07","3,912.24","","-0.45%"
"08/17/2021","3,943.01","3,893.85","3,944.37","3,893.44","","1.22%"
"08/16/2021","3,895.31","3,862.32","3,896.96","3,855.62","","0.58%"
"08/13/2021","3,873.00","3,882.62","3,895.05","3,866.67","","-0.41%"
"08/12/2021","3,888.86","3,879.01","3,897.92","3,877.23","","0.30%"
"08/11/2021","3,877.37","3,875.23","3,886.78","3,856.61","","0.39%"
"08/10/2021","3,862.32","3,847.12","3,867.09","3,843.42","","0.71%"
"08/09/2021","3,835.11","3,795.48","3,839.72","3,790.63","","0.78%"
"08/06/2021","3,805.36","3,836.49","3,837.35","3,802.44","","-0.74%"
"08/05/2021","3,833.75","3,803.91","3,833.81","3,801.16","","0.61%"
"08/04/2021","3,810.62","3,808.44","3,814.63","3,795.75","","0.45%"
"08/03/2021","3,793.69","3,782.41","3,797.30","3,771.80","","0.15%"
"08/02/2021","3,788.10","3,791.22","3,801.24","3,781.43","","0.44%"
"07/30/2021","3,771.58","3,789.33","3,793.40","3,759.83","","-0.86%"
"07/29/2021","3,804.33","3,794.40","3,806.83","3,789.57","","0.58%"
"07/28/2021","3,782.28","3,747.25","3,782.28","3,743.46","","1.32%"
"07/27/2021","3,733.10","3,756.79","3,762.89","3,733.10","","-0.45%"
"07/26/2021","3,750.10","3,724.20","3,755.52","3,710.14","","0.42%"
"07/23/2021","3,734.54","3,760.33","3,767.40","3,724.74","","-0.53%"
"07/22/2021","3,754.44","3,746.35","3,758.58","3,724.29","","0.85%"
"07/21/2021","3,722.96","3,718.92","3,738.33","3,701.95","","0.50%"
"07/20/2021","3,704.40","3,707.23","3,719.09","3,679.44","","0.30%"
"07/19/2021","3,693.42","3,743.97","3,744.27","3,679.79","","-2.04%"
"07/16/2021","3,770.15","3,795.03","3,812.49","3,756.01","","-0.78%"
"07/15/2021","3,799.97","3,826.45","3,832.50","3,789.31","","-0.86%"
"07/14/2021","3,832.85","3,851.16","3,862.73","3,829.59","","-1.14%"
"07/13/2021","3,877.03","3,888.32","3,891.54","3,852.54","","0.04%"
"07/12/2021","3,875.61","3,864.26","3,882.60","3,848.45","","0.53%"
"07/09/2021","3,855.31","3,865.62","3,874.96","3,850.57","","-0.15%"
"07/08/2021","3,861.08","3,882.15","3,883.47","3,839.40","","-0.87%"
"07/07/2021","3,895.10","3,881.88","3,912.39","3,879.72","","0.28%"
"07/06/2021","3,884.30","3,896.82","3,915.00","3,878.39","","0.04%"
"07/05/2021","3,882.59","3,874.81","3,882.59","3,863.09","","0.44%"
"07/02/2021","3,865.42","3,853.81","3,877.23","3,843.90","","0.18%"
"07/01/2021","3,858.32","3,843.28","3,879.50","3,843.16","","0.43%"
"06/30/2021","3,841.85","3,799.42","3,847.30","3,779.28","","1.35%"
"06/29/2021","3,790.85","3,817.72","3,821.59","3,768.24","","-0.91%"
"06/28/2021","3,825.57","3,833.72","3,852.83","3,822.81","","-0.16%"
"06/25/2021","3,831.84","3,818.97","3,833.32","3,805.70","","0.22%"
"06/24/2021","3,823.44","3,833.73","3,839.64","3,800.50","","-0.36%"
"06/23/2021","3,837.15","3,836.12","3,847.22","3,820.50","","0.40%"
"06/22/2021","3,821.68","3,831.61","3,835.86","3,809.71","","0.22%"
"06/21/2021","3,813.45","3,797.23","3,816.85","3,785.49","","0.28%"
"06/18/2021","3,802.95","3,809.99","3,813.50","3,775.82","","-0.42%"
"06/17/2021","3,819.07","3,807.32","3,832.61","3,801.98","","-0.28%"
"06/16/2021","3,829.67","3,821.45","3,836.91","3,803.54","","0.19%"
"06/15/2021","3,822.40","3,864.36","3,865.20","3,819.64","","-0.98%"
"06/14/2021","3,860.18","3,845.81","3,862.39","3,842.75","","0.49%"
"06/11/2021","3,841.53","3,838.98","3,849.32","3,828.62","","0.36%"
"06/10/2021","3,827.71","3,835.21","3,847.89","3,822.01","","-0.41%"
"06/09/2021","3,843.28","3,821.80","3,843.41","3,805.82","","0.94%"
"06/08/2021","3,807.43","3,819.52","3,833.17","3,799.07","","-0.39%"
"06/07/2021","3,822.21","3,807.96","3,827.66","3,793.96","","0.39%"
"06/04/2021","3,807.43","3,805.94","3,816.24","3,766.62","","0.05%"
"06/03/2021","3,805.45","3,833.77","3,837.73","3,777.98","","-0.32%"
"06/02/2021","3,817.68","3,771.32","3,817.68","3,769.47","","1.41%"
"06/01/2021","3,764.59","3,739.57","3,784.59","3,739.57","","1.15%"
"05/31/2021","3,721.63","3,713.99","3,731.27","3,713.99","","-0.24%"
"05/28/2021","3,730.55","3,750.46","3,752.80","3,724.52","","-0.22%"
"05/27/2021","3,738.68","3,708.77","3,738.68","3,694.59","","0.74%"
"05/26/2021","3,711.05","3,695.29","3,717.33","3,694.13","","0.66%"
"05/25/2021","3,686.76","3,682.42","3,693.39","3,672.27","","0.66%"
"05/24/2021","3,662.51","3,665.96","3,674.77","3,651.09","","0.06%"
"05/21/2021","3,660.48","3,637.50","3,667.87","3,620.60","","0.67%"
"05/20/2021","3,636.16","3,650.07","3,658.27","3,603.40","","0.04%"
"05/19/2021","3,634.76","3,693.82","3,693.82","3,619.54","","-1.44%"
"05/18/2021","3,687.96","3,670.16","3,700.19","3,670.10","","1.33%"
"05/17/2021","3,639.61","3,645.13","3,658.78","3,618.75","","0.06%"
"05/14/2021","3,637.60","3,654.73","3,659.34","3,623.72","","0.01%"
"05/13/2021","3,637.38","3,634.18","3,647.27","3,600.80","","-0.46%"
"05/12/2021","3,654.14","3,659.63","3,674.35","3,643.22","","0.06%"
"05/11/2021","3,652.05","3,644.29","3,658.81","3,625.97","","-1.16%"
"05/10/2021","3,694.78","3,684.18","3,713.49","3,675.13","","0.33%"
"05/07/2021","3,682.69","3,678.19","3,688.81","3,667.77","","0.67%"
"05/06/2021","3,658.27","3,636.71","3,661.28","3,634.45","","0.40%"
"05/05/2021","3,643.56","3,602.17","3,644.15","3,600.88","","1.85%"
"05/04/2021","3,577.21","3,557.62","3,594.69","3,556.08","","0.94%"
"04/30/2021","3,544.00","3,574.03","3,584.64","3,536.53","","-0.76%"
"04/29/2021","3,571.05","3,609.38","3,616.95","3,565.58","","-0.20%"
"04/28/2021","3,578.12","3,608.89","3,613.11","3,558.24","","-0.62%"
"04/27/2021","3,600.60","3,615.57","3,627.91","3,586.39","","-0.29%"
"04/26/2021","3,610.98","3,603.13","3,613.37","3,589.27","","0.38%"
"04/23/2021","3,597.17","3,598.76","3,600.18","3,579.25","","-0.09%"
"04/22/2021","3,600.35","3,576.69","3,607.75","3,557.88","","1.08%"
"04/21/2021","3,561.72","3,554.83","3,572.63","3,545.15","","0.26%"
"04/20/2021","3,552.41","3,581.37","3,596.19","3,536.41","","-0.61%"
"04/19/2021","3,574.08","3,598.47","3,605.49","3,565.39","","-0.68%"
"04/16/2021","3,598.44","3,578.01","3,598.44","3,564.97","","0.84%"
"04/15/2021","3,568.51","3,532.13","3,578.77","3,527.50","","-0.23%"
"04/14/2021","3,576.89","3,567.53","3,576.89","3,546.86","","1.43%"
"04/13/2021","3,526.30","3,533.30","3,542.63","3,511.23","","0.10%"
"04/12/2021","3,522.65","3,476.51","3,541.70","3,472.37","","1.05%"
"04/09/2021","3,486.03","3,510.20","3,511.27","3,480.85","","-0.62%"
"04/08/2021","3,507.83","3,513.21","3,528.39","3,495.34","","0.21%"
"04/07/2021","3,500.34","3,484.22","3,518.13","3,460.39","","0.18%"
"04/06/2021","3,493.89","3,536.26","3,541.04","3,484.84","","-0.88%"
"04/05/2021","3,524.93","3,555.24","3,555.83","3,516.22","","-0.94%"
"04/02/2021","3,558.22","3,553.89","3,564.31","3,538.01","","0.87%"
"04/01/2021","3,527.54","3,556.28","3,576.79","3,526.22","","-0.40%"
"03/31/2021","3,541.72","3,525.56","3,542.00","3,510.40","","0.47%"
"03/30/2021","3,525.23","3,535.72","3,549.09","3,504.06","","-0.12%"
"03/29/2021","3,529.33","3,500.41","3,535.21","3,498.62","","1.13%"
"03/26/2021","3,489.83","3,476.01","3,500.74","3,476.01","","1.47%"
"03/25/2021","3,439.30","3,477.87","3,479.83","3,434.84","","-1.32%"
"03/24/2021","3,485.33","3,459.99","3,489.96","3,445.92","","0.52%"
"03/23/2021","3,467.21","3,481.11","3,483.34","3,450.98","","-0.63%"
"03/22/2021","3,489.07","3,479.06","3,498.17","3,469.09","","0.40%"
"03/19/2021","3,475.26","3,473.84","3,495.98","3,448.99","","-0.84%"
"03/18/2021","3,504.85","3,533.69","3,551.30","3,494.99","","-0.09%"
"03/17/2021","3,507.91","3,579.06","3,587.24","3,498.17","","-2.28%"
"03/16/2021","3,589.83","3,600.68","3,602.18","3,544.29","","0.15%"
"03/15/2021","3,584.49","3,562.69","3,596.31","3,558.62","","1.27%"
"03/12/2021","3,539.50","3,515.44","3,539.50","3,502.37","","0.88%"
"03/11/2021","3,508.51","3,481.26","3,508.51","3,472.40","","1.31%"
"03/10/2021","3,463.06","3,476.91","3,514.35","3,455.42","","-0.45%"
"03/09/2021","3,478.72","3,426.48","3,491.12","3,426.33","","1.89%"
"03/05/2021","3,414.13","3,378.68","3,432.98","3,367.33","","0.49%"
"03/04/2021","3,397.56","3,403.01","3,416.04","3,366.76","","-0.54%"
"03/03/2021","3,416.04","3,432.88","3,450.76","3,408.47","","0.17%"
"03/02/2021","3,410.10","3,380.35","3,418.11","3,375.48","","0.71%"
"03/01/2021","3,386.16","3,369.68","3,393.93","3,354.09","","1.18%"
"02/26/2021","3,346.64","3,354.45","3,385.74","3,332.32","","-1.85%"
"02/25/2021","3,409.76","3,412.16","3,429.20","3,391.77","","0.72%"
"02/24/2021","3,385.48","3,426.07","3,433.09","3,385.01","","-1.41%"
"02/22/2021","3,433.93","3,447.57","3,456.26","3,415.37","","-0.36%"
"02/20/2021","3,446.32","3,454.43","3,455.13","3,435.42","","-0.33%"
"02/19/2021","3,457.68","3,398.40","3,460.85","3,380.89","","1.69%"
"02/18/2021","3,400.17","3,451.69","3,461.15","3,395.98","","-1.07%"
"02/17/2021","3,436.80","3,491.81","3,505.19","3,431.83","","-1.67%"
"02/16/2021","3,495.26","3,502.04","3,510.77","3,475.58","","0.38%"
"02/15/2021","3,481.90","3,461.94","3,483.34","3,455.95","","1.60%"
"02/12/2021","3,427.08","3,403.07","3,427.08","3,343.82","","0.37%"
"02/11/2021","3,414.32","3,405.33","3,416.40","3,390.22","","0.43%"
"02/10/2021","3,399.66","3,437.76","3,447.05","3,393.98","","-0.79%"
"02/09/2021","3,426.86","3,461.15","3,466.51","3,424.39","","-0.55%"
"02/08/2021","3,445.90","3,412.97","3,448.79","3,412.97","","1.57%"
"02/05/2021","3,392.73","3,396.97","3,406.22","3,368.58","","0.61%"
"02/04/2021","3,372.00","3,356.23","3,384.48","3,351.94","","0.85%"
"02/03/2021","3,343.46","3,351.99","3,376.83","3,332.50","","-0.50%"
"02/02/2021","3,360.25","3,324.24","3,366.13","3,321.70","","2.10%"
"02/01/2021","3,291.14","3,287.96","3,305.91","3,268.52","","0.43%"
"01/29/2021","3,277.08","3,335.13","3,337.01","3,272.53","","-1.94%"
"01/28/2021","3,342.01","3,319.16","3,359.10","3,307.42","","-0.05%"
"01/27/2021","3,343.62","3,398.38","3,408.64","3,333.04","","-1.39%"
"01/26/2021","3,390.76","3,384.99","3,408.13","3,374.10","","-0.20%"
"01/25/2021","3,397.48","3,399.28","3,425.78","3,385.74","","0.43%"
"01/22/2021","3,382.92","3,404.36","3,404.36","3,362.01","","-1.16%"
"01/21/2021","3,422.67","3,481.74","3,489.07","3,407.22","","-1.27%"
"01/20/2021","3,466.80","3,453.54","3,482.03","3,447.81","","0.68%"
"01/19/2021","3,443.23","3,479.53","3,491.93","3,439.64","","-0.83%"
"01/18/2021","3,471.92","3,440.56","3,475.18","3,426.11","","0.61%"
"01/15/2021","3,450.95","3,486.02","3,509.24","3,448.54","","-1.14%"
"01/14/2021","3,490.85","3,461.83","3,507.71","3,439.01","","0.59%"
"01/13/2021","3,470.26","3,487.92","3,504.56","3,448.94","","-0.04%"
"01/12/2021","3,471.65","3,494.60","3,520.66","3,451.87","","-0.31%"
"01/11/2021","3,482.48","3,455.67","3,516.90","3,436.66","","0.80%"
"01/08/2021","3,454.82","3,390.23","3,474.66","3,390.23","","2.49%"
"01/06/2021","3,371.03","3,373.37","3,380.63","3,344.43","","0.35%"
"01/05/2021","3,359.15","3,327.94","3,365.32","3,301.88","","0.26%"
"01/04/2021","3,350.51","3,306.12","3,350.81","3,304.17","","1.87%"
"12/30/2020","3,289.02","3,276.04","3,294.62","3,267.39","","0.44%"
"12/29/2020","3,274.67","3,269.71","3,282.23","3,264.33","","0.48%"
"12/28/2020","3,258.95","3,249.41","3,267.61","3,249.41","","0.39%"
"12/25/2020","3,246.35","3,236.38","3,248.63","3,228.74","","0.29%"
"12/24/2020","3,236.88","3,253.73","3,264.60","3,230.62","","-0.47%"
"12/23/2020","3,252.10","3,224.02","3,255.40","3,218.19","","0.48%"
"12/22/2020","3,236.46","3,179.69","3,249.19","3,175.51","","1.57%"
"12/21/2020","3,186.38","3,246.90","3,246.90","3,170.03","","-2.67%"
"12/18/2020","3,273.75","3,281.59","3,283.32","3,245.25","","-0.27%"
"12/17/2020","3,282.67","3,277.67","3,318.39","3,274.45","","0.39%"
"12/16/2020","3,269.95","3,259.89","3,275.68","3,242.70","","0.67%"
"12/15/2020","3,248.11","3,252.68","3,284.84","3,237.87","","-0.21%"
"12/14/2020","3,254.83","3,293.00","3,314.20","3,249.36","","-0.66%"
"12/11/2020","3,276.58","3,257.47","3,278.24","3,248.11","","0.56%"
"12/10/2020","3,258.31","3,194.03","3,258.31","3,189.04","","1.45%"
"12/09/2020","3,211.66","3,184.24","3,226.48","3,182.54","","1.01%"
"12/08/2020","3,179.61","3,184.93","3,198.10","3,150.84","","-0.48%"
"12/07/2020","3,195.08","3,179.14","3,208.53","3,172.29","","0.33%"
"12/04/2020","3,184.72","3,171.44","3,200.23","3,171.44","","0.70%"
"12/03/2020","3,162.67","3,185.78","3,192.98","3,141.40","","-0.84%"
"12/02/2020","3,189.61","3,150.66","3,189.61","3,139.92","","1.33%"
"12/01/2020","3,147.79","3,113.06","3,159.03","3,113.06","","1.29%"
"11/30/2020","3,107.58","3,130.88","3,134.79","3,093.77","","-1.12%"
"11/27/2020","3,142.68","3,132.55","3,150.78","3,112.44","","0.13%"
"11/26/2020","3,138.62","3,141.43","3,149.90","3,119.46","","0.13%"
"11/25/2020","3,134.52","3,111.75","3,134.71","3,089.16","","1.25%"
"11/24/2020","3,095.84","3,071.80","3,098.83","3,053.16","","1.60%"
"11/23/2020","3,047.06","3,066.64","3,094.06","3,042.61","","-0.13%"
"11/20/2020","3,051.04","3,050.81","3,060.91","3,035.56","","0.15%"
"11/19/2020","3,046.49","3,067.06","3,071.25","3,040.66","","-1.11%"
"11/18/2020","3,080.68","3,046.02","3,086.77","3,035.57","","0.93%"
"11/17/2020","3,052.22","3,081.05","3,087.19","3,027.76","","-0.89%"
"11/16/2020","3,079.74","3,054.35","3,081.28","3,046.77","","1.80%"
"11/13/2020","3,025.22","3,007.16","3,027.45","2,995.17","","-0.02%"
"11/12/2020","3,025.83","2,997.79","3,028.52","2,988.03","","0.36%"
"11/11/2020","3,015.03","3,004.63","3,031.69","3,004.20","","0.55%"
"11/10/2020","2,998.61","2,965.92","3,013.57","2,943.43","","0.36%"
"11/09/2020","2,987.75","2,919.08","2,988.88","2,910.42","","3.18%"
"11/06/2020","2,895.62","2,845.74","2,896.07","2,832.98","","1.20%"
"11/05/2020","2,861.39","2,824.45","2,869.91","2,812.67","","2.69%"
"11/03/2020","2,786.42","2,753.97","2,791.77","2,750.26","","1.79%"
"11/02/2020","2,737.54","2,681.19","2,743.98","2,658.49","","1.74%"
"10/30/2020","2,690.59","2,698.94","2,706.34","2,664.44","","-0.68%"
"10/29/2020","2,709.04","2,704.50","2,728.97","2,682.68","","0.58%"
"10/28/2020","2,693.46","2,758.84","2,758.84","2,680.83","","-2.52%"
"10/27/2020","2,763.03","2,784.13","2,790.19","2,758.00","","-0.81%"
"10/26/2020","2,785.59","2,812.48","2,819.05","2,785.59","","-1.10%"
"10/23/2020","2,816.70","2,807.30","2,826.53","2,799.63","","0.48%"
"10/22/2020","2,803.17","2,784.18","2,814.12","2,783.37","","0.61%"
"10/21/2020","2,786.23","2,811.87","2,816.90","2,782.36","","-0.60%"
"10/20/2020","2,803.06","2,785.99","2,817.73","2,774.16","","0.31%"
"10/19/2020","2,794.27","2,797.65","2,809.42","2,787.50","","-0.19%"
"10/16/2020","2,799.54","2,819.04","2,819.04","2,785.85","","-0.63%"
"10/15/2020","2,817.29","2,849.24","2,850.11","2,803.90","","-1.36%"
"10/14/2020","2,856.08","2,829.88","2,857.47","2,824.12","","0.95%"
"10/13/2020","2,829.23","2,846.04","2,859.52","2,822.97","","-0.59%"
"10/12/2020","2,846.14","2,834.33","2,862.36","2,827.52","","0.43%"
"10/09/2020","2,834.09","2,842.59","2,842.59","2,811.05","","-0.43%"
"10/08/2020","2,846.39","2,850.65","2,859.87","2,837.05","","0.13%"
"10/07/2020","2,842.58","2,883.58","2,888.20","2,838.45","","-1.74%"
"10/06/2020","2,892.99","2,885.38","2,906.65","2,883.69","","0.38%"
"10/05/2020","2,881.98","2,860.53","2,882.94","2,845.63","","1.04%"
"10/02/2020","2,852.42","2,840.72","2,859.01","2,824.69","","-1.29%"
"10/01/2020","2,889.80","2,911.08","2,919.25","2,882.81","","-0.55%"
"09/30/2020","2,905.81","2,908.55","2,920.03","2,893.80","","-0.15%"
"09/29/2020","2,910.12","2,935.77","2,947.75","2,889.22","","-0.58%"
"09/28/2020","2,927.17","2,909.62","2,938.94","2,909.62","","1.05%"
"09/25/2020","2,896.83","2,912.83","2,912.83","2,870.16","","-0.55%"
"09/24/2020","2,912.76","2,905.55","2,920.46","2,880.39","","-0.12%"
"09/23/2020","2,916.39","2,933.33","2,968.55","2,916.27","","1.10%"
"09/22/2020","2,884.66","2,874.00","2,907.98","2,868.38","","0.73%"
"09/21/2020","2,863.67","2,946.18","2,946.18","2,857.78","","-2.99%"
"09/18/2020","2,951.79","2,976.10","2,977.13","2,944.22","","-0.67%"
"09/17/2020","2,971.74","2,947.54","2,974.54","2,945.78","","-0.11%"
"09/16/2020","2,975.01","2,982.49","2,990.74","2,960.68","","-0.19%"
"09/15/2020","2,980.58","2,936.42","2,982.20","2,932.36","","1.78%"
"09/14/2020","2,928.38","2,918.29","2,938.24","2,918.29","","0.61%"
"09/11/2020","2,910.51","2,888.92","2,911.71","2,874.47","","0.45%"
"09/10/2020","2,897.55","2,888.09","2,897.55","2,858.65","","0.75%"
"09/09/2020","2,876.07","2,880.83","2,899.17","2,872.92","","-0.44%"
"09/08/2020","2,888.79","2,937.18","2,948.88","2,875.96","","-1.48%"
"09/07/2020","2,932.29","2,929.38","2,947.17","2,925.55","","0.37%"
"09/04/2020","2,921.55","2,920.22","2,944.66","2,910.39","","-0.35%"
"09/03/2020","2,931.92","2,954.62","2,967.61","2,917.24","","-0.83%"
"09/02/2020","2,956.50","2,989.76","3,002.25","2,946.29","","-0.62%"
"09/01/2020","2,975.00","2,976.07","2,993.28","2,967.96","","0.30%"
"08/31/2020","2,966.20","2,993.02","3,012.44","2,962.06","","-0.47%"
"08/28/2020","2,980.17","3,015.70","3,015.70","2,976.34","","-1.06%"
"08/27/2020","3,012.01","3,051.20","3,056.25","3,002.10","","-1.31%"
"08/26/2020","3,051.97","3,041.19","3,053.90","3,024.04","","0.76%"
"08/25/2020","3,029.05","3,042.58","3,051.27","3,020.46","","-0.01%"
"08/24/2020","3,029.42","3,005.86","3,036.63","3,005.86","","1.13%"
"08/21/2020","2,995.61","3,013.40","3,024.71","2,973.11","","0.06%"
"08/20/2020","2,993.69","3,044.92","3,044.92","2,993.69","","-2.06%"
"08/19/2020","3,056.54","3,048.22","3,073.84","3,041.43","","0.19%"
"08/18/2020","3,050.70","3,056.72","3,073.85","3,048.31","","-0.68%"
"08/17/2020","3,071.68","3,070.81","3,072.12","3,070.08","","0.32%"
"08/14/2020","3,061.99","3,075.96","3,075.96","3,044.71","","-0.60%"
"08/13/2020","3,080.44","3,057.63","3,081.15","3,047.74","","0.87%"
"08/12/2020","3,053.99","2,990.90","3,053.99","2,985.25","","1.61%"
"08/11/2020","3,005.63","2,959.29","3,012.58","2,959.29","","1.51%"
"08/10/2020","2,960.78","2,976.49","2,998.78","2,960.78","","-0.39%"
"08/07/2020","2,972.35","2,992.26","2,994.46","2,968.48","","-0.54%"
"08/06/2020","2,988.50","2,998.53","3,004.83","2,981.79","","-0.14%"
"08/05/2020","2,992.78","2,954.41","2,994.08","2,952.15","","1.78%"
"08/04/2020","2,940.46","2,934.91","2,942.06","2,923.36","","0.36%"
"08/03/2020","2,929.97","2,917.68","2,942.77","2,911.19","","0.63%"
"07/31/2020","2,911.57","2,902.81","2,917.69","2,899.58","","1.00%"
"07/30/2020","2,882.63","2,915.94","2,919.35","2,869.99","","-1.23%"
"07/29/2020","2,918.42","2,893.54","2,918.42","2,889.69","","0.79%"
"07/28/2020","2,895.45","2,891.34","2,907.03","2,877.40","","0.37%"
"07/27/2020","2,884.88","2,869.69","2,896.28","2,869.69","","0.76%"
"07/24/2020","2,863.12","2,835.15","2,863.12","2,822.26","","0.40%"
"07/23/2020","2,851.79","2,848.41","2,866.78","2,843.93","","0.60%"
"07/22/2020","2,834.65","2,824.50","2,844.12","2,815.03","","0.32%"
"07/21/2020","2,825.71","2,814.99","2,849.18","2,813.40","","0.84%"
"07/20/2020","2,802.24","2,771.85","2,802.24","2,758.69","","0.99%"
"07/17/2020","2,774.79","2,757.04","2,774.79","2,752.51","","0.54%"
"07/16/2020","2,760.01","2,741.68","2,762.68","2,734.30","","0.44%"
"07/15/2020","2,747.91","2,728.59","2,763.20","2,724.35","","0.12%"
"07/14/2020","2,744.54","2,751.98","2,752.09","2,703.35","","-0.80%"
"07/13/2020","2,766.79","2,805.52","2,818.10","2,765.09","","-1.22%"
"07/10/2020","2,800.94","2,768.67","2,800.94","2,765.49","","0.67%"
"07/09/2020","2,782.43","2,805.85","2,810.74","2,773.48","","-1.19%"
"07/08/2020","2,815.83","2,815.52","2,823.00","2,806.50","","-0.33%"
"07/07/2020","2,825.21","2,829.33","2,835.76","2,814.40","","-0.35%"
"07/06/2020","2,835.18","2,825.88","2,855.94","2,825.51","","1.20%"
"07/03/2020","2,801.66","2,789.27","2,803.32","2,782.65","","0.46%"
"07/02/2020","2,788.79","2,762.56","2,789.92","2,758.92","","1.66%"
"06/30/2020","2,743.20","2,770.69","2,778.09","2,743.20","","-0.89%"
"06/29/2020","2,767.95","2,749.54","2,767.95","2,737.86","","0.22%"
"06/26/2020","2,761.74","2,780.02","2,784.89","2,746.78","","0.04%"
"06/25/2020","2,760.75","2,750.08","2,771.60","2,740.02","","-1.12%"
"06/23/2020","2,791.97","2,773.33","2,794.43","2,767.46","","1.04%"
"06/22/2020","2,763.29","2,754.42","2,763.29","2,726.65","","0.17%"
"06/19/2020","2,758.67","2,739.04","2,769.86","2,738.45","","1.26%"
"06/18/2020","2,724.33","2,734.84","2,738.04","2,700.54","","-0.58%"
"06/17/2020","2,740.10","2,758.97","2,771.26","2,733.90","","-0.30%"
"06/16/2020","2,748.30","2,745.49","2,779.71","2,741.84","","1.08%"
"06/15/2020","2,719.06","2,705.64","2,720.40","2,670.41","","-0.90%"
"06/11/2020","2,743.80","2,756.98","2,758.83","2,726.15","","-1.49%"
"06/10/2020","2,785.18","2,795.10","2,803.35","2,768.30","","-0.38%"
"06/09/2020","2,795.90","2,804.36","2,813.48","2,765.15","","-0.01%"
"06/08/2020","2,796.30","2,806.81","2,825.31","2,782.92","","0.13%"
"06/05/2020","2,792.74","2,780.32","2,800.81","2,769.51","","0.96%"
"06/04/2020","2,766.26","2,822.59","2,825.48","2,757.61","","-2.29%"
"06/03/2020","2,831.08","2,812.82","2,835.06","2,792.24","","1.24%"
"06/02/2020","2,796.51","2,760.63","2,796.52","2,754.85","","1.68%"
"06/01/2020","2,750.24","2,761.23","2,773.56","2,733.28","","0.56%"
"05/29/2020","2,734.83","2,766.62","2,766.62","2,717.80","","-1.62%"
"05/28/2020","2,779.98","2,748.03","2,781.25","2,737.94","","1.42%"
"05/27/2020","2,741.02","2,748.25","2,780.05","2,711.90","","-0.47%"
"05/26/2020","2,754.04","2,777.72","2,796.85","2,750.51","","-0.14%"
"05/25/2020","2,757.93","2,718.72","2,757.93","2,718.72","","1.79%"
"05/22/2020","2,709.38","2,691.58","2,718.48","2,687.18","","-0.34%"
"05/21/2020","2,718.67","2,767.97","2,794.60","2,702.67","","-1.88%"
"05/20/2020","2,770.79","2,706.07","2,771.27","2,700.64","","2.18%"
"05/19/2020","2,711.72","2,702.34","2,720.06","2,683.81","","0.65%"
"05/18/2020","2,694.25","2,623.61","2,694.25","2,623.61","","3.87%"
"05/15/2020","2,593.91","2,616.14","2,633.29","2,593.91","","0.14%"
"05/14/2020","2,590.31","2,596.13","2,606.95","2,564.44","","-0.56%"
"05/13/2020","2,604.98","2,630.79","2,630.79","2,601.25","","-1.40%"
"05/12/2020","2,642.04","2,635.51","2,651.97","2,620.35","","0.02%"
"05/08/2020","2,641.55","2,647.80","2,648.45","2,613.83","","0.29%"
"05/07/2020","2,634.00","2,632.87","2,664.99","2,627.43","","0.07%"
"05/06/2020","2,632.10","2,659.08","2,674.94","2,626.68","","-0.81%"
"05/05/2020","2,653.51","2,652.92","2,666.38","2,634.49","","1.10%"
"05/04/2020","2,624.64","2,623.89","2,641.03","2,599.74","","-0.98%"
"04/30/2020","2,650.56","2,683.86","2,700.97","2,629.57","","-0.47%"
"04/29/2020","2,663.14","2,629.24","2,669.47","2,617.34","","1.95%"
"04/28/2020","2,612.24","2,567.74","2,644.79","2,566.92","","1.61%"
"04/27/2020","2,570.91","2,570.69","2,597.64","2,557.81","","0.35%"
"04/24/2020","2,562.03","2,588.29","2,596.97","2,551.66","","-1.44%"
"04/23/2020","2,599.41","2,600.28","2,620.24","2,558.32","","1.01%"
"04/22/2020","2,573.41","2,474.32","2,584.68","2,471.23","","3.43%"
"04/21/2020","2,488.02","2,487.63","2,500.18","2,431.98","","-1.50%"
"04/20/2020","2,525.97","2,524.31","2,546.14","2,502.38","","-0.36%"
"04/17/2020","2,534.97","2,550.95","2,556.42","2,516.87","","0.79%"
"04/16/2020","2,515.05","2,511.55","2,550.84","2,468.65","","0.64%"
"04/15/2020","2,498.94","2,617.19","2,617.19","2,489.99","","-5.05%"
"04/14/2020","2,631.83","2,649.34","2,667.58","2,619.91","","0.11%"
"04/13/2020","2,628.85","2,675.73","2,677.90","2,610.61","","-1.83%"
"04/10/2020","2,677.86","2,678.30","2,680.89","2,656.45","","-0.88%"
"04/09/2020","2,701.77","2,693.58","2,713.50","2,643.98","","1.19%"
"04/08/2020","2,670.12","2,617.66","2,670.12","2,603.99","","1.34%"
"04/07/2020","2,634.74","2,648.74","2,688.67","2,612.96","","0.46%"
"04/06/2020","2,622.59","2,597.28","2,639.56","2,576.28","","1.96%"
"04/03/2020","2,572.23","2,547.15","2,609.16","2,533.06","","1.03%"
"04/02/2020","2,545.95","2,528.72","2,562.54","2,470.85","","2.92%"
"04/01/2020","2,473.61","2,465.56","2,491.66","2,449.01","","-1.40%"
"03/31/2020","2,508.81","2,466.28","2,526.13","2,459.19","","3.10%"
"03/30/2020","2,433.35","2,377.21","2,435.53","2,357.53","","1.34%"
"03/27/2020","2,401.11","2,491.70","2,498.33","2,378.88","","-3.57%"
"03/26/2020","2,489.97","2,448.76","2,514.92","2,403.60","","1.52%"
"03/25/2020","2,452.69","2,459.30","2,518.38","2,372.34","","1.52%"
"03/24/2020","2,415.97","2,349.47","2,435.27","2,341.21","","7.22%"
"03/23/2020","2,253.35","2,257.88","2,321.76","2,213.49","","-3.36%"
"03/20/2020","2,331.61","2,327.27","2,418.74","2,314.75","","2.46%"
"03/19/2020","2,275.70","2,134.43","2,288.09","2,073.87","","7.72%"
"03/18/2020","2,112.64","2,192.79","2,205.41","2,097.84","","-5.04%"
"03/17/2020","2,224.74","2,263.62","2,313.34","2,172.46","","-1.86%"
"03/16/2020","2,266.90","2,297.04","2,301.19","2,179.12","","-2.14%"
"03/13/2020","2,316.38","2,277.66","2,418.15","2,275.16","","1.31%"
"03/12/2020","2,286.40","2,413.02","2,413.02","2,277.58","","-8.28%"
"03/11/2020","2,492.88","2,532.72","2,555.43","2,457.36","","-0.24%"
"03/10/2020","2,498.94","2,502.70","2,661.63","2,435.62","","-8.11%"
"03/06/2020","2,719.51","2,773.53","2,782.77","2,680.06","","-3.45%"
"03/05/2020","2,816.70","2,852.42","2,861.60","2,800.43","","-0.40%"
"03/04/2020","2,828.01","2,799.18","2,841.13","2,779.85","","0.24%"
"03/03/2020","2,821.37","2,817.58","2,844.04","2,789.76","","2.01%"
"03/02/2020","2,765.77","2,829.47","2,875.30","2,714.36","","-0.69%"
"02/28/2020","2,785.08","2,850.11","2,855.32","2,744.18","","-4.48%"
"02/27/2020","2,915.84","2,989.18","3,002.20","2,910.46","","-3.37%"
"02/26/2020","3,017.42","2,994.22","3,026.26","2,958.46","","0.49%"
"02/25/2020","3,002.68","3,058.33","3,073.27","3,002.68","","-3.33%"
"02/21/2020","3,106.03","3,109.86","3,129.24","3,098.76","","-0.61%"
"02/20/2020","3,125.10","3,120.51","3,139.59","3,117.50","","0.34%"
"02/19/2020","3,114.57","3,089.09","3,117.84","3,086.41","","1.32%"
"02/18/2020","3,074.05","3,103.71","3,104.42","3,064.15","","-1.16%"
"02/17/2020","3,110.06","3,097.18","3,110.06","3,092.45","","0.43%"
"02/14/2020","3,096.88","3,113.72","3,120.89","3,084.57","","-0.42%"
"02/13/2020","3,110.05","3,116.99","3,122.19","3,096.98","","-0.39%"
"02/12/2020","3,122.27","3,103.81","3,122.27","3,095.70","","0.80%"
"02/11/2020","3,097.58","3,072.39","3,109.22","3,069.90","","1.15%"
"02/10/2020","3,062.41","3,088.63","3,092.93","3,049.33","","-0.82%"
"02/07/2020","3,087.63","3,101.08","3,108.28","3,056.85","","-0.29%"
"02/06/2020","3,096.68","3,132.84","3,145.15","3,086.91","","-0.56%"
"02/05/2020","3,114.25","3,105.52","3,137.97","3,083.26","","0.54%"
"02/04/2020","3,097.60","3,082.20","3,105.98","3,071.79","","0.87%"
"02/03/2020","3,070.84","3,062.27","3,085.89","3,058.48","","-0.19%"
"01/31/2020","3,076.65","3,133.40","3,143.29","3,076.65","","-1.03%"
"01/30/2020","3,108.58","3,108.38","3,121.54","3,096.31","","-0.65%"
"01/29/2020","3,128.80","3,125.91","3,140.77","3,115.64","","0.50%"
"01/28/2020","3,113.10","3,097.71","3,115.62","3,068.67","","0.91%"
"01/27/2020","3,085.16","3,123.71","3,123.71","3,076.68","","-1.94%"
"01/24/2020","3,146.20","3,147.28","3,165.86","3,134.70","","0.16%"
"01/23/2020","3,141.20","3,162.68","3,170.41","3,135.15","","-1.05%"
"01/22/2020","3,174.62","3,212.91","3,222.93","3,174.62","","-1.08%"
"01/21/2020","3,209.22","3,212.72","3,213.38","3,185.65","","-0.33%"
"01/20/2020","3,219.92","3,205.64","3,226.89","3,204.32","","0.72%"
"01/17/2020","3,196.88","3,161.25","3,198.32","3,159.23","","1.26%"
"01/16/2020","3,157.23","3,137.52","3,163.20","3,137.52","","0.79%"
"01/15/2020","3,132.63","3,128.38","3,148.29","3,106.41","","0.09%"
"01/14/2020","3,129.77","3,155.63","3,166.07","3,126.00","","-0.70%"
"01/13/2020","3,151.69","3,124.96","3,151.69","3,117.03","","0.90%"
"01/10/2020","3,123.66","3,117.24","3,130.92","3,101.21","","0.18%"
"01/09/2020","3,118.08","3,105.21","3,124.60","3,094.85","","0.26%"
"01/08/2020","3,110.06","3,076.63","3,112.01","3,071.88","","1.01%"
"01/06/2020","3,078.87","3,075.55","3,079.42","3,059.47","","0.08%"
"01/03/2020","3,076.37","3,059.20","3,086.09","3,057.36","","1.00%"
"12/30/2019","3,045.87","3,051.41","3,060.20","3,042.34","","-0.15%"
"12/27/2019","3,050.47","3,029.12","3,054.03","3,029.12","","0.62%"
"12/26/2019","3,031.67","3,025.58","3,034.63","3,021.62","","0.03%"
"12/25/2019","3,030.84","3,032.41","3,036.81","3,024.89","","0.01%"
"12/24/2019","3,030.59","3,035.86","3,039.92","3,025.92","","-0.11%"
"12/23/2019","3,033.81","3,009.89","3,033.81","3,009.07","","0.59%"
"12/20/2019","3,015.93","3,015.64","3,021.05","3,004.21","","0.25%"
"12/19/2019","3,008.39","3,012.29","3,027.88","2,998.05","","-0.51%"
"12/18/2019","3,023.92","3,011.37","3,023.92","3,004.27","","0.35%"
"12/17/2019","3,013.29","3,012.49","3,019.95","3,005.61","","0.24%"
"12/16/2019","3,006.16","3,001.42","3,012.21","2,994.44","","0.32%"
"12/13/2019","2,996.63","2,990.92","3,000.10","2,984.92","","0.46%"
"12/12/2019","2,982.86","2,966.24","2,996.82","2,965.10","","0.96%"
"12/11/2019","2,954.40","2,932.43","2,959.12","2,932.43","","0.75%"
"12/10/2019","2,932.40","2,943.03","2,948.94","2,920.93","","-0.43%"
"12/09/2019","2,945.03","2,932.08","2,947.68","2,926.10","","0.56%"
"12/06/2019","2,928.76","2,900.78","2,928.76","2,897.56","","1.02%"
"12/05/2019","2,899.29","2,903.50","2,909.59","2,882.80","","-0.05%"
"12/04/2019","2,900.66","2,887.39","2,909.11","2,875.50","","0.60%"
"12/03/2019","2,883.48","2,917.46","2,922.81","2,882.65","","-1.29%"
"12/02/2019","2,921.18","2,937.69","2,958.84","2,920.33","","-0.48%"
"11/29/2019","2,935.37","2,925.76","2,936.24","2,911.56","","0.27%"
"11/28/2019","2,927.57","2,926.30","2,931.48","2,911.80","","-0.05%"
"11/27/2019","2,929.05","2,932.25","2,945.60","2,922.48","","-0.05%"
"11/26/2019","2,930.62","2,954.84","2,963.92","2,922.89","","-0.84%"
"11/25/2019","2,955.32","2,953.11","2,959.76","2,945.33","","0.26%"
"11/22/2019","2,947.68","2,948.77","2,968.47","2,935.21","","0.17%"
"11/21/2019","2,942.60","2,940.78","2,947.57","2,930.68","","0.21%"
"11/20/2019","2,936.47","2,935.64","2,948.89","2,914.95","","-0.18%"
"11/19/2019","2,941.69","2,928.10","2,942.49","2,923.10","","0.59%"
"11/18/2019","2,924.48","2,947.39","2,956.59","2,914.25","","-0.35%"
"11/15/2019","2,934.82","2,925.31","2,938.15","2,914.05","","0.42%"
"11/14/2019","2,922.45","2,938.60","2,948.98","2,902.91","","-0.39%"
"11/13/2019","2,933.89","2,942.40","2,942.40","2,924.23","","-0.59%"
"11/12/2019","2,951.16","2,963.70","2,983.48","2,944.00","","-0.35%"
"11/11/2019","2,961.46","2,965.84","2,972.39","2,953.23","","-0.39%"
"11/08/2019","2,973.19","2,997.85","2,997.85","2,958.55","","-1.17%"
"11/07/2019","3,008.54","2,977.67","3,009.11","2,966.20","","0.93%"
"11/06/2019","2,980.84","2,949.70","2,980.84","2,935.15","","1.06%"
"11/05/2019","2,949.55","2,950.78","2,965.48","2,936.48","","0.65%"
"11/01/2019","2,930.40","2,895.47","2,930.40","2,886.59","","1.26%"
"10/31/2019","2,893.98","2,917.22","2,936.26","2,884.30","","-0.59%"
"10/30/2019","2,911.15","2,882.07","2,913.48","2,874.17","","0.85%"
"10/29/2019","2,886.48","2,858.42","2,886.48","2,845.28","","1.04%"
"10/28/2019","2,856.91","2,879.37","2,899.65","2,850.32","","-0.57%"
"10/25/2019","2,873.41","2,876.10","2,879.42","2,848.40","","-0.13%"
"10/24/2019","2,877.05","2,822.37","2,877.05","2,822.10","","1.97%"
"10/23/2019","2,821.58","2,797.44","2,821.89","2,789.75","","0.69%"
"10/22/2019","2,802.23","2,766.21","2,802.23","2,762.49","","1.49%"
"10/21/2019","2,761.15","2,759.79","2,767.76","2,751.95","","0.30%"
"10/18/2019","2,752.91","2,747.80","2,758.73","2,742.24","","0.16%"
"10/17/2019","2,748.64","2,744.43","2,754.70","2,738.92","","0.16%"
"10/16/2019","2,744.35","2,714.81","2,745.00","2,714.81","","1.07%"
"10/15/2019","2,715.26","2,696.60","2,715.26","2,691.29","","0.66%"
"10/14/2019","2,697.46","2,710.56","2,716.15","2,692.59","","-0.39%"
"10/11/2019","2,708.07","2,723.36","2,733.78","2,703.85","","-0.49%"
"10/10/2019","2,721.51","2,709.39","2,725.49","2,695.82","","0.31%"
"10/09/2019","2,713.02","2,704.71","2,724.83","2,702.56","","0.19%"
"10/08/2019","2,707.89","2,720.17","2,724.62","2,700.46","","-0.42%"
"10/07/2019","2,719.22","2,695.54","2,721.16","2,686.15","","0.99%"
"10/04/2019","2,692.55","2,707.90","2,717.70","2,687.00","","-0.55%"
"10/03/2019","2,707.47","2,719.65","2,722.74","2,696.58","","-0.44%"
"10/02/2019","2,719.39","2,756.86","2,758.50","2,716.73","","-1.43%"
"10/01/2019","2,758.83","2,749.83","2,781.33","2,748.51","","0.42%"
"09/30/2019","2,747.18","2,759.94","2,764.31","2,744.47","","-0.39%"
"09/27/2019","2,757.98","2,772.58","2,777.19","2,757.98","","-0.53%"
"09/26/2019","2,772.70","2,755.60","2,779.78","2,754.84","","0.45%"
"09/25/2019","2,760.29","2,749.13","2,760.29","2,739.11","","0.21%"
"09/24/2019","2,754.53","2,785.57","2,789.61","2,749.86","","-1.11%"
"09/23/2019","2,785.46","2,793.03","2,793.03","2,769.60","","-0.39%"
"09/20/2019","2,796.41","2,794.82","2,796.41","2,777.83","","0.06%"
"09/19/2019","2,794.77","2,815.49","2,816.57","2,794.17","","-0.85%"
"09/18/2019","2,818.60","2,818.93","2,824.25","2,809.67","","-0.08%"
"09/17/2019","2,820.86","2,832.42","2,847.01","2,807.33","","-0.47%"
"09/16/2019","2,834.32","2,810.78","2,834.32","2,803.89","","1.53%"
"09/13/2019","2,791.74","2,795.85","2,801.28","2,777.23","","-0.29%"
"09/12/2019","2,799.99","2,816.06","2,816.06","2,789.14","","-0.61%"
"09/11/2019","2,817.05","2,788.19","2,819.75","2,782.95","","1.06%"
"09/10/2019","2,787.52","2,784.80","2,791.02","2,767.29","","0.03%"
"09/09/2019","2,786.63","2,802.49","2,810.91","2,777.63","","-0.39%"
"09/06/2019","2,797.55","2,805.95","2,805.95","2,780.76","","-0.34%"
"09/05/2019","2,807.06","2,800.97","2,815.84","2,796.19","","0.49%"
"09/04/2019","2,793.36","2,787.37","2,799.84","2,784.96","","0.69%"
"09/03/2019","2,774.20","2,770.86","2,781.06","2,757.85","","0.04%"
"09/02/2019","2,773.01","2,742.30","2,774.77","2,735.11","","1.20%"
"08/30/2019","2,740.04","2,716.69","2,740.04","2,715.30","","0.95%"
"08/29/2019","2,714.25","2,679.80","2,714.37","2,679.11","","1.38%"
"08/28/2019","2,677.31","2,658.17","2,677.99","2,649.54","","0.68%"
"08/27/2019","2,659.35","2,660.76","2,663.14","2,636.99","","0.04%"
"08/26/2019","2,658.24","2,651.09","2,672.19","2,640.05","","-0.09%"
"08/23/2019","2,660.74","2,679.23","2,682.95","2,656.97","","-0.54%"
"08/22/2019","2,675.13","2,673.77","2,680.65","2,662.31","","0.04%"
"08/21/2019","2,673.95","2,677.55","2,679.46","2,665.10","","0.04%"
"08/20/2019","2,672.84","2,651.10","2,675.26","2,647.40","","0.93%"
"08/19/2019","2,648.09","2,627.47","2,653.31","2,619.39","","1.26%"
"08/16/2019","2,615.20","2,636.29","2,640.92","2,615.20","","-0.40%"
"08/15/2019","2,625.58","2,643.53","2,651.23","2,620.20","","-0.43%"
"08/14/2019","2,637.04","2,684.63","2,687.93","2,630.82","","-1.61%"
"08/13/2019","2,680.12","2,688.92","2,697.53","2,665.35","","-0.36%"
"08/12/2019","2,689.93","2,687.12","2,698.39","2,682.05","","0.38%"
"08/09/2019","2,679.71","2,696.65","2,700.95","2,678.07","","-0.63%"
"08/08/2019","2,696.69","2,693.17","2,707.62","2,693.17","","0.81%"
"08/07/2019","2,674.98","2,683.11","2,696.53","2,666.41","","-0.31%"
"08/06/2019","2,683.35","2,654.34","2,686.86","2,654.11","","1.29%"
"08/05/2019","2,649.16","2,666.85","2,676.61","2,645.12","","-0.96%"
"08/02/2019","2,674.90","2,707.65","2,716.60","2,673.97","","-2.00%"
"08/01/2019","2,729.42","2,727.68","2,737.91","2,722.48","","-0.37%"
"07/31/2019","2,739.50","2,737.80","2,750.06","2,723.54","","0.18%"
"07/30/2019","2,734.68","2,730.38","2,735.21","2,714.01","","0.23%"
"07/29/2019","2,728.27","2,715.74","2,732.86","2,714.44","","0.46%"
"07/26/2019","2,715.68","2,697.21","2,733.32","2,694.84","","0.54%"
"07/25/2019","2,701.02","2,679.38","2,723.44","2,665.21","","0.68%"
"07/24/2019","2,682.91","2,706.73","2,708.50","2,677.35","","-0.67%"
"07/23/2019","2,701.06","2,686.98","2,709.24","2,683.39","","0.63%"
"07/22/2019","2,684.25","2,699.31","2,705.07","2,684.25","","-0.60%"
"07/19/2019","2,700.57","2,710.44","2,726.89","2,700.54","","-0.07%"
"07/18/2019","2,702.59","2,705.63","2,714.55","2,694.74","","-0.39%"
"07/17/2019","2,713.17","2,715.67","2,726.22","2,704.28","","-1.55%"
"07/16/2019","2,755.88","2,754.05","2,757.35","2,736.44","","-0.02%"
"07/15/2019","2,756.44","2,783.45","2,785.80","2,755.43","","-0.76%"
"07/12/2019","2,777.58","2,787.09","2,788.70","2,760.46","","-0.43%"
"07/11/2019","2,789.66","2,825.20","2,828.72","2,779.41","","-1.17%"
"07/10/2019","2,822.75","2,824.79","2,833.18","2,808.76","","0.00%"
"07/09/2019","2,822.66","2,821.89","2,835.18","2,816.79","","0.00%"
"07/08/2019","2,822.55","2,823.14","2,823.67","2,806.97","","-0.45%"
"07/05/2019","2,835.35","2,842.97","2,848.40","2,827.96","","-0.26%"
"07/04/2019","2,842.78","2,823.33","2,842.78","2,813.66","","0.67%"
"07/03/2019","2,823.95","2,810.10","2,827.76","2,799.60","","0.50%"
"07/02/2019","2,809.81","2,802.82","2,810.02","2,795.36","","0.30%"
"07/01/2019","2,801.47","2,777.08","2,813.44","2,777.08","","1.29%"
"06/28/2019","2,765.85","2,777.94","2,786.66","2,761.46","","-0.50%"
"06/27/2019","2,779.66","2,774.75","2,790.59","2,765.61","","0.16%"
"06/26/2019","2,775.14","2,754.91","2,778.25","2,751.51","","0.77%"
"06/25/2019","2,753.96","2,761.39","2,763.88","2,738.34","","-0.31%"
"06/24/2019","2,762.65","2,762.17","2,772.37","2,758.18","","0.05%"
"06/21/2019","2,761.23","2,777.54","2,779.32","2,750.54","","-0.68%"
"06/20/2019","2,780.20","2,758.53","2,788.19","2,758.53","","0.76%"
"06/19/2019","2,759.12","2,763.07","2,775.83","2,751.58","","-0.09%"
"06/18/2019","2,761.69","2,732.47","2,761.69","2,723.99","","1.00%"
"06/17/2019","2,734.31","2,737.97","2,757.89","2,728.61","","-0.18%"
"06/14/2019","2,739.28","2,757.58","2,772.06","2,738.62","","-0.69%"
"06/13/2019","2,758.36","2,750.42","2,759.16","2,734.40","","0.24%"
"06/11/2019","2,751.75","2,718.13","2,759.57","2,717.75","","0.33%"
"06/10/2019","2,742.59","2,734.16","2,746.80","2,725.65","","0.48%"
"06/07/2019","2,729.61","2,734.94","2,743.11","2,725.43","","0.05%"
"06/06/2019","2,728.25","2,701.55","2,731.73","2,700.30","","0.98%"
"06/05/2019","2,701.84","2,706.66","2,713.82","2,690.43","","-0.16%"
"06/04/2019","2,706.29","2,726.06","2,731.10","2,690.13","","-0.87%"
"06/03/2019","2,729.93","2,660.64","2,743.81","2,649.78","","2.42%"
"05/31/2019","2,665.33","2,655.76","2,665.42","2,639.19","","0.22%"
"05/30/2019","2,659.52","2,645.00","2,665.28","2,642.27","","0.70%"
"05/29/2019","2,641.15","2,607.11","2,642.23","2,600.79","","1.20%"
"05/28/2019","2,609.78","2,634.13","2,640.81","2,596.30","","-0.88%"
"05/27/2019","2,632.95","2,620.00","2,632.95","2,617.63","","0.52%"
"05/24/2019","2,619.24","2,621.94","2,642.40","2,616.56","","0.02%"
"05/23/2019","2,618.61","2,634.19","2,634.19","2,615.70","","-0.76%"
"05/22/2019","2,638.71","2,619.66","2,645.70","2,610.46","","0.85%"
"05/21/2019","2,616.53","2,575.15","2,619.77","2,572.36","","1.75%"
"05/20/2019","2,571.65","2,582.01","2,588.39","2,567.11","","-0.23%"
"05/17/2019","2,577.48","2,576.45","2,587.26","2,569.10","","-0.14%"
"05/16/2019","2,581.11","2,552.69","2,590.46","2,552.34","","1.04%"
"05/15/2019","2,554.49","2,569.33","2,576.56","2,549.17","","-0.31%"
"05/14/2019","2,562.33","2,508.93","2,566.92","2,508.93","","2.13%"
"05/13/2019","2,508.87","2,512.23","2,531.54","2,506.47","","-0.24%"
"05/10/2019","2,514.87","2,538.16","2,540.33","2,511.16","","-1.16%"
"05/08/2019","2,544.43","2,563.66","2,564.38","2,544.43","","-0.81%"
"05/07/2019","2,565.10","2,579.59","2,583.18","2,556.98","","-0.57%"
"05/06/2019","2,579.75","2,569.28","2,579.75","2,552.34","","-0.05%"
"05/03/2019","2,580.95","2,574.11","2,587.09","2,572.84","","0.22%"
"05/02/2019","2,575.22","2,558.81","2,580.92","2,557.69","","0.62%"
"04/30/2019","2,559.32","2,570.19","2,570.33","2,552.86","","-0.41%"
"04/29/2019","2,569.83","2,564.09","2,577.46","2,556.71","","0.24%"
"04/26/2019","2,563.72","2,560.70","2,563.72","2,547.87","","0.11%"
"04/25/2019","2,560.94","2,578.52","2,586.93","2,558.75","","-0.70%"
"04/24/2019","2,579.05","2,587.07","2,587.24","2,567.38","","-0.33%"
"04/23/2019","2,587.48","2,586.06","2,599.58","2,576.82","","0.11%"
"04/22/2019","2,584.74","2,567.24","2,585.76","2,567.24","","0.81%"
"04/19/2019","2,563.90","2,561.11","2,566.88","2,560.73","","0.12%"
"04/18/2019","2,560.80","2,567.34","2,567.34","2,547.37","","-0.29%"
"04/17/2019","2,568.26","2,563.47","2,574.81","2,560.04","","0.33%"
"04/16/2019","2,559.84","2,547.17","2,567.06","2,540.35","","0.58%"
"04/15/2019","2,545.12","2,564.48","2,569.92","2,539.74","","-0.57%"
"04/12/2019","2,559.72","2,550.87","2,569.84","2,547.00","","0.32%"
"04/11/2019","2,551.45","2,578.37","2,587.09","2,551.45","","-1.05%"
"04/10/2019","2,578.58","2,571.70","2,591.69","2,565.33","","0.32%"
"04/09/2019","2,570.28","2,563.85","2,574.07","2,556.37","","0.40%"
"04/08/2019","2,560.07","2,542.61","2,560.07","2,542.61","","0.75%"
"04/05/2019","2,540.99","2,535.50","2,548.52","2,534.78","","0.22%"
"04/04/2019","2,535.50","2,530.56","2,538.36","2,523.69","","0.13%"
"04/03/2019","2,532.32","2,530.90","2,549.56","2,530.90","","0.18%"
"04/02/2019","2,527.77","2,523.03","2,532.34","2,514.55","","0.26%"
"04/01/2019","2,521.25","2,498.73","2,527.06","2,498.73","","0.97%"
"03/29/2019","2,497.10","2,493.77","2,509.65","2,486.72","","0.19%"
"03/28/2019","2,492.40","2,487.70","2,497.65","2,482.82","","0.20%"
"03/27/2019","2,487.48","2,510.69","2,514.48","2,487.48","","-1.00%"
"03/26/2019","2,512.63","2,498.60","2,520.02","2,492.36","","0.60%"
"03/25/2019","2,497.59","2,487.89","2,499.41","2,473.76","","0.20%"
"03/22/2019","2,492.70","2,507.96","2,509.96","2,486.01","","-0.60%"
"03/21/2019","2,507.81","2,505.06","2,514.72","2,497.99","","0.14%"
"03/20/2019","2,504.23","2,493.37","2,504.23","2,484.27","","0.44%"
"03/19/2019","2,493.28","2,485.05","2,497.18","2,484.48","","0.39%"
"03/18/2019","2,483.70","2,477.03","2,488.50","2,467.45","","0.28%"
"03/15/2019","2,476.73","2,459.78","2,476.73","2,457.36","","0.77%"
"03/14/2019","2,457.79","2,469.38","2,475.85","2,454.74","","-0.52%"
"03/13/2019","2,470.61","2,468.26","2,470.61","2,452.09","","0.10%"
"03/12/2019","2,468.25","2,469.60","2,479.40","2,461.26","","0.09%"
"03/11/2019","2,465.94","2,474.45","2,474.54","2,459.78","","-0.43%"
"03/07/2019","2,476.64","2,491.83","2,492.61","2,473.31","","-0.70%"
"03/06/2019","2,494.04","2,467.70","2,497.08","2,467.70","","1.13%"
"03/05/2019","2,466.23","2,472.19","2,473.76","2,458.07","","-0.31%"
"03/04/2019","2,473.79","2,478.91","2,483.27","2,469.50","","-0.17%"
"03/01/2019","2,478.01","2,487.44","2,494.89","2,476.35","","-0.29%"
"02/28/2019","2,485.27","2,489.09","2,490.57","2,468.06","","-0.22%"
"02/27/2019","2,490.65","2,495.52","2,502.59","2,479.44","","-0.14%"
"02/26/2019","2,494.02","2,488.43","2,494.02","2,470.35","","-0.02%"
"02/25/2019","2,494.63","2,491.54","2,506.94","2,481.73","","0.24%"
"02/22/2019","2,488.63","2,470.75","2,490.67","2,468.14","","0.74%"
"02/21/2019","2,470.23","2,488.44","2,494.05","2,462.92","","-0.71%"
"02/20/2019","2,487.82","2,462.15","2,487.82","2,462.15","","1.19%"
"02/19/2019","2,458.55","2,471.17","2,480.29","2,450.17","","-0.56%"
"02/18/2019","2,472.41","2,489.79","2,494.43","2,456.01","","-0.71%"
"02/15/2019","2,490.16","2,465.02","2,490.16","2,465.02","","1.19%"
"02/14/2019","2,460.82","2,468.31","2,475.50","2,448.41","","-1.00%"
"02/13/2019","2,485.76","2,534.57","2,535.96","2,483.81","","-1.88%"
"02/12/2019","2,533.32","2,510.91","2,535.66","2,510.91","","0.92%"
"02/11/2019","2,510.22","2,503.88","2,521.82","2,503.76","","0.30%"
"02/08/2019","2,502.82","2,508.85","2,511.21","2,495.00","","-0.28%"
"02/07/2019","2,509.89","2,537.41","2,540.45","2,506.60","","-1.17%"
"02/06/2019","2,539.73","2,547.53","2,551.97","2,533.92","","-0.30%"
"02/05/2019","2,547.27","2,524.35","2,549.62","2,523.78","","0.94%"
"02/04/2019","2,523.52","2,523.04","2,537.47","2,519.79","","0.07%"
"02/01/2019","2,521.70","2,520.08","2,531.51","2,512.76","","0.02%"
"01/31/2019","2,521.10","2,517.89","2,536.28","2,515.86","","0.37%"
"01/30/2019","2,511.86","2,497.09","2,513.77","2,492.52","","0.54%"
"01/29/2019","2,498.35","2,475.68","2,501.69","2,464.25","","0.87%"
"01/28/2019","2,476.81","2,499.19","2,502.73","2,467.50","","-0.86%"
"01/25/2019","2,498.23","2,485.71","2,498.23","2,482.99","","0.63%"
"01/24/2019","2,482.71","2,490.05","2,494.09","2,470.30","","-0.35%"
"01/23/2019","2,491.49","2,467.91","2,493.06","2,466.59","","0.92%"
"01/22/2019","2,468.73","2,466.35","2,469.87","2,454.19","","0.02%"
"01/21/2019","2,468.25","2,473.67","2,481.88","2,468.18","","-0.22%"
"01/18/2019","2,473.61","2,454.19","2,473.61","2,451.65","","1.06%"
"01/17/2019","2,447.64","2,436.48","2,447.64","2,425.51","","0.54%"
"01/16/2019","2,434.60","2,440.34","2,446.13","2,426.80","","-0.20%"
"01/15/2019","2,439.55","2,442.26","2,457.35","2,423.86","","-0.02%"
"01/14/2019","2,440.15","2,438.35","2,440.15","2,418.65","","-0.18%"
"01/11/2019","2,444.45","2,435.71","2,448.17","2,430.45","","0.42%"
"01/10/2019","2,434.15","2,413.27","2,434.15","2,398.16","","0.83%"
"01/09/2019","2,414.13","2,393.55","2,414.13","2,393.55","","1.02%"
"01/08/2019","2,389.69","2,400.96","2,403.66","2,375.01","","-0.70%"
"01/04/2019","2,406.50","2,377.71","2,406.50","2,377.71","","1.30%"
"01/03/2019","2,375.60","2,370.56","2,387.21","2,350.41","","0.73%"
"12/28/2018","2,358.50","2,329.96","2,369.24","2,329.96","","1.32%"
"12/27/2018","2,327.81","2,316.66","2,340.63","2,316.66","","0.82%"
"12/26/2018","2,308.85","2,291.98","2,315.98","2,291.98","","0.79%"
"12/25/2018","2,290.86","2,318.43","2,318.43","2,258.27","","-1.35%"
"12/24/2018","2,322.27","2,345.98","2,346.36","2,315.43","","-1.06%"
"12/21/2018","2,347.17","2,351.98","2,351.98","2,330.86","","-0.24%"
"12/20/2018","2,352.88","2,348.79","2,352.88","2,317.57","","-0.24%"
"12/19/2018","2,358.58","2,347.28","2,360.36","2,330.72","","0.35%"
"12/18/2018","2,350.29","2,353.75","2,353.75","2,321.57","","-0.37%"
"12/17/2018","2,359.13","2,363.55","2,379.07","2,354.87","","-0.28%"
"12/14/2018","2,365.69","2,376.87","2,376.87","2,351.62","","-0.54%"
"12/13/2018","2,378.50","2,368.30","2,379.18","2,359.83","","0.34%"
"12/12/2018","2,370.35","2,392.84","2,395.81","2,366.76","","-1.00%"
"12/11/2018","2,394.26","2,397.71","2,408.07","2,382.20","","-0.11%"
"12/10/2018","2,396.84","2,426.40","2,429.72","2,396.69","","-1.42%"
"12/07/2018","2,431.29","2,415.04","2,440.03","2,412.70","","0.79%"
"12/06/2018","2,412.31","2,438.79","2,438.79","2,391.63","","-1.36%"
"12/05/2018","2,445.55","2,425.02","2,445.55","2,409.32","","0.09%"
"12/04/2018","2,443.38","2,440.63","2,449.92","2,426.71","","0.09%"
"12/03/2018","2,441.19","2,405.18","2,446.15","2,405.18","","2.04%"
"11/30/2018","2,392.50","2,394.54","2,402.14","2,378.74","","-0.25%"
"11/29/2018","2,398.56","2,387.45","2,410.49","2,377.92","","0.73%"
"11/28/2018","2,381.12","2,341.11","2,386.82","2,341.11","","1.81%"
"11/27/2018","2,338.71","2,311.17","2,345.01","2,310.32","","1.31%"
"11/26/2018","2,308.50","2,344.38","2,346.94","2,284.30","","-1.47%"
"11/23/2018","2,342.97","2,368.39","2,368.39","2,334.00","","-1.12%"
"11/22/2018","2,369.53","2,358.14","2,372.06","2,348.04","","0.49%"
"11/21/2018","2,357.97","2,339.29","2,362.28","2,336.18","","0.70%"
"11/20/2018","2,341.60","2,371.71","2,371.71","2,323.95","","-1.36%"
"11/19/2018","2,373.78","2,375.21","2,391.72","2,368.45","","0.05%"
"11/16/2018","2,372.67","2,384.76","2,398.20","2,365.20","","-0.37%"
"11/15/2018","2,381.45","2,382.43","2,396.93","2,377.48","","0.12%"
"11/14/2018","2,378.59","2,368.89","2,379.67","2,346.68","","0.15%"
"11/13/2018","2,374.94","2,388.27","2,398.95","2,373.61","","-0.79%"
"11/12/2018","2,393.81","2,407.97","2,425.08","2,391.57","","-0.40%"
"11/09/2018","2,403.47","2,431.85","2,431.85","2,385.23","","-1.44%"
"11/08/2018","2,438.62","2,446.23","2,454.84","2,430.84","","-0.27%"
"11/07/2018","2,445.34","2,411.46","2,445.34","2,392.05","","1.37%"
"11/06/2018","2,412.31","2,381.38","2,412.31","2,381.38","","1.44%"
"11/02/2018","2,377.95","2,364.36","2,385.95","2,363.64","","0.79%"
"11/01/2018","2,359.33","2,352.94","2,366.37","2,333.09","","0.28%"
"10/31/2018","2,352.71","2,306.18","2,352.71","2,306.18","","2.29%"
"10/30/2018","2,299.98","2,311.54","2,316.89","2,283.13","","-0.74%"
"10/29/2018","2,317.06","2,290.53","2,321.77","2,287.05","","1.04%"
"10/26/2018","2,293.22","2,328.82","2,328.82","2,275.58","","-1.65%"
"10/25/2018","2,331.59","2,323.03","2,336.68","2,307.06","","-0.21%"
"10/24/2018","2,336.49","2,311.28","2,348.87","2,307.96","","1.34%"
"10/23/2018","2,305.58","2,302.84","2,321.46","2,289.23","","-0.13%"
"10/22/2018","2,308.56","2,347.29","2,361.00","2,306.26","","-1.55%"
"10/19/2018","2,344.79","2,381.06","2,381.83","2,342.05","","-1.42%"
"10/18/2018","2,378.62","2,408.97","2,411.22","2,377.37","","-1.36%"
"10/17/2018","2,411.42","2,422.45","2,433.50","2,400.53","","-0.24%"
"10/16/2018","2,417.26","2,387.35","2,418.65","2,377.81","","1.18%"
"10/15/2018","2,389.05","2,405.53","2,414.16","2,374.80","","-0.58%"
"10/12/2018","2,403.02","2,371.68","2,407.40","2,371.68","","1.54%"
"10/11/2018","2,366.47","2,386.03","2,388.63","2,351.68","","-2.12%"
"10/10/2018","2,417.69","2,445.78","2,454.28","2,411.06","","-1.07%"
"10/09/2018","2,443.83","2,459.63","2,478.87","2,443.83","","-0.43%"
"10/08/2018","2,454.28","2,449.95","2,466.17","2,436.49","","0.14%"
"10/05/2018","2,450.90","2,458.28","2,466.31","2,436.98","","-0.57%"
"10/04/2018","2,465.03","2,492.54","2,498.07","2,459.02","","-1.16%"
"10/03/2018","2,493.91","2,451.45","2,501.78","2,451.45","","1.80%"
"10/02/2018","2,449.70","2,475.65","2,480.19","2,445.51","","-0.91%"
"10/01/2018","2,472.22","2,481.45","2,493.82","2,461.77","","-0.13%"
"09/28/2018","2,475.36","2,467.95","2,476.86","2,446.53","","0.03%"
"09/27/2018","2,474.57","2,423.75","2,474.57","2,423.14","","1.95%"
"09/26/2018","2,427.29","2,445.35","2,449.42","2,421.45","","-0.69%"
"09/25/2018","2,444.22","2,432.76","2,444.65","2,420.30","","0.58%"
"09/24/2018","2,430.01","2,426.41","2,432.64","2,417.45","","0.13%"
"09/21/2018","2,426.80","2,401.35","2,426.80","2,401.00","","1.08%"
"09/20/2018","2,400.89","2,405.36","2,434.94","2,400.89","","-0.15%"
"09/19/2018","2,404.42","2,405.31","2,416.53","2,396.18","","0.08%"
"09/18/2018","2,402.58","2,374.09","2,402.58","2,372.00","","1.21%"
"09/17/2018","2,373.75","2,362.24","2,373.76","2,350.09","","0.57%"
"09/14/2018","2,360.26","2,359.06","2,369.06","2,345.51","","0.12%"
"09/13/2018","2,357.32","2,339.40","2,373.61","2,339.40","","0.71%"
"09/12/2018","2,340.63","2,339.77","2,350.00","2,328.28","","0.23%"
"09/11/2018","2,335.19","2,336.16","2,345.65","2,314.80","","-0.03%"
"09/10/2018","2,335.85","2,322.67","2,335.85","2,320.04","","0.60%"
"09/07/2018","2,321.82","2,321.66","2,330.84","2,305.27","","0.05%"
"09/06/2018","2,320.65","2,320.08","2,342.02","2,320.08","","-0.03%"
"09/05/2018","2,321.33","2,333.04","2,341.37","2,321.33","","-0.64%"
"09/04/2018","2,336.38","2,348.65","2,358.88","2,332.34","","-0.41%"
"09/03/2018","2,346.08","2,344.30","2,353.09","2,339.39","","0.01%"
"08/31/2018","2,345.85","2,328.52","2,345.85","2,310.78","","0.64%"
"08/30/2018","2,330.92","2,352.06","2,359.58","2,325.80","","-0.75%"
"08/29/2018","2,348.44","2,316.73","2,348.44","2,316.66","","1.39%"
"08/28/2018","2,316.28","2,313.85","2,323.45","2,310.99","","0.14%"
"08/27/2018","2,312.93","2,281.87","2,312.93","2,281.87","","1.45%"
"08/24/2018","2,279.76","2,258.94","2,281.74","2,240.71","","0.87%"
"08/23/2018","2,260.04","2,293.98","2,303.47","2,258.11","","-1.61%"
"08/22/2018","2,297.06","2,296.17","2,306.10","2,278.23","","0.23%"
"08/21/2018","2,291.76","2,274.36","2,291.76","2,259.81","","0.85%"
"08/20/2018","2,272.49","2,266.06","2,279.52","2,265.19","","0.77%"
"08/17/2018","2,255.12","2,261.69","2,268.89","2,247.45","","-0.26%"
"08/16/2018","2,261.09","2,269.02","2,273.44","2,249.77","","-0.27%"
"08/15/2018","2,267.13","2,281.40","2,282.34","2,246.45","","-0.69%"
"08/14/2018","2,282.88","2,298.73","2,305.88","2,268.92","","-0.12%"
"08/13/2018","2,285.61","2,264.60","2,298.36","2,255.75","","0.46%"
"08/10/2018","2,275.05","2,295.59","2,308.46","2,259.67","","-1.50%"
"08/09/2018","2,309.58","2,282.02","2,309.58","2,257.51","","0.72%"
"08/08/2018","2,293.01","2,308.62","2,310.65","2,275.15","","-0.83%"
"08/07/2018","2,312.19","2,303.47","2,320.38","2,301.21","","0.54%"
"08/06/2018","2,299.88","2,297.62","2,310.96","2,286.88","","0.08%"
"08/03/2018","2,297.99","2,294.37","2,299.08","2,277.30","","0.12%"
"08/02/2018","2,295.15","2,311.78","2,321.78","2,288.11","","-0.87%"
"08/01/2018","2,315.18","2,317.83","2,326.36","2,307.99","","-0.26%"
"07/31/2018","2,321.11","2,290.76","2,321.11","2,286.84","","1.11%"
"07/30/2018","2,295.72","2,288.29","2,298.76","2,276.68","","0.13%"
"07/27/2018","2,292.72","2,293.87","2,298.07","2,275.23","","-0.02%"
"07/26/2018","2,293.07","2,287.75","2,300.05","2,283.01","","0.45%"
"07/25/2018","2,282.84","2,268.11","2,285.22","2,258.31","","0.20%"
"07/24/2018","2,278.30","2,264.38","2,281.62","2,263.36","","0.75%"
"07/23/2018","2,261.25","2,250.57","2,273.13","2,250.57","","0.60%"
"07/20/2018","2,247.82","2,269.97","2,274.66","2,239.77","","-0.95%"
"07/19/2018","2,269.45","2,297.15","2,297.15","2,262.99","","-1.10%"
"07/18/2018","2,294.78","2,294.22","2,303.39","2,284.45","","-0.70%"
"07/17/2018","2,310.92","2,325.28","2,325.28","2,293.76","","-1.00%"
"07/16/2018","2,334.18","2,343.02","2,352.30","2,321.33","","-0.52%"
"07/13/2018","2,346.43","2,326.76","2,346.43","2,324.90","","1.05%"
"07/12/2018","2,322.06","2,332.23","2,336.52","2,307.95","","-0.60%"
"07/11/2018","2,336.15","2,355.79","2,355.79","2,326.24","","-1.23%"
"07/10/2018","2,365.17","2,368.28","2,379.33","2,359.16","","-0.34%"
"07/09/2018","2,373.17","2,351.69","2,375.83","2,351.69","","1.18%"
"07/06/2018","2,345.38","2,342.62","2,350.97","2,319.94","","-0.06%"
"07/05/2018","2,346.86","2,299.68","2,346.86","2,293.78","","1.86%"
"07/04/2018","2,304.06","2,301.68","2,309.57","2,299.45","","0.10%"
"07/03/2018","2,301.65","2,319.37","2,320.41","2,296.92","","-0.76%"
"07/02/2018","2,319.31","2,294.10","2,327.72","2,287.85","","1.02%"
"06/29/2018","2,295.95","2,262.16","2,295.95","2,261.58","","2.03%"
"06/28/2018","2,250.26","2,254.46","2,264.76","2,246.92","","-0.15%"
"06/27/2018","2,253.60","2,239.75","2,265.33","2,223.28","","1.01%"
"06/26/2018","2,231.03","2,238.35","2,253.30","2,229.47","","-0.25%"
"06/25/2018","2,236.65","2,234.22","2,255.69","2,232.82","","-0.58%"
"06/22/2018","2,249.68","2,250.99","2,262.18","2,236.44","","0.17%"
"06/21/2018","2,245.94","2,255.51","2,268.93","2,243.71","","-0.46%"
"06/20/2018","2,256.27","2,226.49","2,263.76","2,226.49","","1.57%"
"06/19/2018","2,221.42","2,216.94","2,228.84","2,192.63","","-0.05%"
"06/18/2018","2,222.56","2,234.53","2,241.30","2,216.21","","-0.67%"
"06/15/2018","2,237.53","2,254.09","2,261.74","2,235.93","","-0.71%"
"06/14/2018","2,253.48","2,268.94","2,269.10","2,247.96","","-0.76%"
"06/13/2018","2,270.73","2,275.69","2,283.73","2,268.36","","-0.04%"
"06/11/2018","2,271.74","2,283.64","2,285.14","2,260.40","","0.17%"
"06/08/2018","2,267.92","2,313.00","2,316.92","2,267.92","","-2.08%"
"06/07/2018","2,316.07","2,318.28","2,326.44","2,316.07","","0.03%"
"06/06/2018","2,315.45","2,319.33","2,322.05","2,302.70","","-0.12%"
"06/05/2018","2,318.23","2,322.71","2,329.03","2,310.82","","-0.23%"
"06/04/2018","2,323.64","2,299.65","2,324.20","2,299.65","","1.23%"
"06/01/2018","2,295.34","2,297.13","2,311.95","2,292.97","","-0.33%"
"05/31/2018","2,302.88","2,303.34","2,315.15","2,289.65","","0.23%"
"05/30/2018","2,297.60","2,298.52","2,307.82","2,289.21","","-0.02%"
"05/29/2018","2,298.00","2,314.11","2,316.59","2,285.41","","-0.57%"
"05/28/2018","2,311.28","2,306.23","2,314.48","2,301.82","","0.20%"
"05/25/2018","2,306.57","2,297.91","2,316.13","2,296.91","","0.55%"
"05/24/2018","2,294.01","2,298.73","2,310.08","2,289.68","","-0.07%"
"05/23/2018","2,295.57","2,317.00","2,318.77","2,294.98","","-1.35%"
"05/22/2018","2,326.87","2,333.89","2,336.77","2,317.78","","-0.25%"
"05/21/2018","2,332.63","2,328.42","2,347.93","2,328.42","","0.24%"
"05/18/2018","2,326.94","2,323.75","2,338.94","2,321.93","","0.15%"
"05/17/2018","2,323.51","2,342.22","2,346.04","2,323.51","","-0.64%"
"05/16/2018","2,338.39","2,336.52","2,350.49","2,328.86","","0.06%"
"05/15/2018","2,337.03","2,353.22","2,354.11","2,330.59","","-0.87%"
"05/14/2018","2,357.62","2,345.93","2,358.59","2,326.27","","0.53%"
"05/11/2018","2,345.26","2,317.60","2,346.98","2,317.53","","1.40%"
"05/10/2018","2,312.92","2,315.39","2,322.45","2,303.15","","0.47%"
"05/08/2018","2,301.99","2,292.78","2,301.99","2,277.17","","0.21%"
"05/07/2018","2,297.12","2,294.10","2,313.73","2,292.63","","0.33%"
"05/04/2018","2,289.47","2,278.90","2,294.35","2,278.90","","0.68%"
"05/03/2018","2,274.07","2,303.34","2,313.85","2,274.07","","-1.40%"
"05/02/2018","2,306.42","2,304.28","2,317.43","2,298.52","","-0.03%"
"04/30/2018","2,307.02","2,296.11","2,322.38","2,289.33","","0.24%"
"04/27/2018","2,301.49","2,287.95","2,302.54","2,281.49","","0.68%"
"04/26/2018","2,286.02","2,255.66","2,286.73","2,253.92","","1.44%"
"04/25/2018","2,253.50","2,245.06","2,253.50","2,229.66","","-0.01%"
"04/24/2018","2,253.77","2,260.17","2,270.61","2,245.57","","0.12%"
"04/23/2018","2,250.99","2,232.33","2,250.99","2,212.16","","0.82%"
"04/20/2018","2,232.66","2,231.08","2,242.72","2,222.81","","0.09%"
"04/19/2018","2,230.55","2,248.08","2,265.92","2,219.49","","-0.49%"
"04/18/2018","2,241.49","2,193.73","2,246.60","2,191.67","","2.30%"
"04/17/2018","2,191.19","2,173.45","2,191.19","2,165.21","","2.22%"
"04/16/2018","2,143.67","2,156.28","2,179.75","2,141.17","","-1.45%"
"04/13/2018","2,175.16","2,210.02","2,219.10","2,167.90","","-1.58%"
"04/12/2018","2,210.05","2,206.94","2,220.83","2,173.60","","0.82%"
"04/11/2018","2,192.15","2,172.45","2,231.26","2,157.92","","0.85%"
"04/10/2018","2,173.76","2,090.73","2,199.44","2,083.30","","3.96%"
"04/09/2018","2,090.88","2,272.40","2,272.40","2,065.32","","-8.34%"
"04/06/2018","2,281.23","2,286.35","2,293.99","2,274.91","","-0.65%"
"04/05/2018","2,296.25","2,270.16","2,297.69","2,270.16","","1.35%"
"04/04/2018","2,265.60","2,264.74","2,273.53","2,248.48","","0.08%"
"04/03/2018","2,263.85","2,259.80","2,264.07","2,245.83","","0.32%"
"04/02/2018","2,256.64","2,271.91","2,294.08","2,256.64","","-0.63%"
"03/30/2018","2,270.98","2,278.94","2,281.54","2,270.98","","-0.16%"
"03/29/2018","2,274.62","2,251.61","2,274.62","2,251.61","","1.13%"
"03/28/2018","2,249.23","2,260.18","2,260.18","2,241.07","","-0.59%"
"03/27/2018","2,262.50","2,248.11","2,271.62","2,243.08","","0.97%"
"03/26/2018","2,240.85","2,285.15","2,285.15","2,240.85","","-1.95%"
"03/23/2018","2,285.53","2,272.32","2,288.15","2,259.78","","-0.01%"
"03/22/2018","2,285.76","2,311.31","2,317.38","2,279.63","","-1.02%"
"03/21/2018","2,309.36","2,292.74","2,316.08","2,290.18","","0.79%"
"03/20/2018","2,291.18","2,281.53","2,293.85","2,263.48","","0.41%"
"03/19/2018","2,281.72","2,299.01","2,302.78","2,279.50","","-0.56%"
"03/16/2018","2,294.60","2,273.51","2,294.60","2,255.95","","0.97%"
"03/15/2018","2,272.49","2,275.06","2,284.79","2,262.21","","-0.12%"
"03/14/2018","2,275.24","2,316.60","2,316.60","2,275.24","","-1.90%"
"03/13/2018","2,319.38","2,315.24","2,326.06","2,305.25","","0.06%"
"03/12/2018","2,318.01","2,317.19","2,326.41","2,309.60","","0.27%"
"03/09/2018","2,311.69","2,290.77","2,311.69","2,286.23","","0.89%"
"03/07/2018","2,291.23","2,299.38","2,299.38","2,269.90","","-0.52%"
"03/06/2018","2,303.32","2,312.60","2,325.16","2,302.11","","-0.27%"
"03/05/2018","2,309.53","2,291.90","2,317.01","2,291.90","","0.90%"
"03/02/2018","2,288.84","2,295.15","2,301.77","2,263.77","","-0.39%"
"03/01/2018","2,297.90","2,286.41","2,306.51","2,281.22","","0.05%"
"02/28/2018","2,296.80","2,338.26","2,338.26","2,296.80","","-1.93%"
"02/27/2018","2,341.89","2,356.75","2,357.10","2,333.38","","-0.48%"
"02/26/2018","2,353.16","2,353.89","2,376.96","2,346.73","","0.70%"
"02/22/2018","2,336.82","2,316.09","2,336.82","2,307.28","","0.71%"
"02/21/2018","2,320.32","2,268.27","2,320.32","2,265.85","","2.21%"
"02/20/2018","2,270.12","2,256.01","2,271.37","2,254.92","","0.67%"
"02/19/2018","2,254.92","2,255.37","2,266.89","2,251.18","","-0.02%"
"02/16/2018","2,255.27","2,266.42","2,283.65","2,248.30","","-0.45%"
"02/15/2018","2,265.45","2,267.82","2,280.27","2,265.45","","0.33%"
"02/14/2018","2,257.95","2,252.95","2,259.06","2,232.96","","0.33%"
"02/13/2018","2,250.63","2,225.71","2,250.63","2,220.69","","1.37%"
"02/12/2018","2,220.12","2,208.98","2,229.81","2,206.28","","1.05%"
"02/09/2018","2,197.12","2,209.67","2,217.89","2,181.96","","-1.35%"
"02/08/2018","2,227.24","2,248.98","2,259.40","2,227.24","","-1.22%"
"02/07/2018","2,254.64","2,247.99","2,267.35","2,247.99","","0.73%"
"02/06/2018","2,238.24","2,233.31","2,258.79","2,222.85","","-1.70%"
"02/05/2018","2,276.85","2,272.67","2,281.97","2,255.43","","-0.22%"
"02/02/2018","2,281.84","2,303.06","2,309.60","2,272.84","","-0.90%"
"02/01/2018","2,302.57","2,292.22","2,313.21","2,288.31","","0.55%"
"01/31/2018","2,289.99","2,278.83","2,295.88","2,266.95","","0.42%"
"01/30/2018","2,280.36","2,276.37","2,301.98","2,264.16","","-0.17%"
"01/29/2018","2,284.27","2,295.34","2,303.49","2,280.92","","-0.48%"
"01/26/2018","2,295.26","2,317.15","2,317.15","2,281.71","","-1.07%"
"01/25/2018","2,320.03","2,311.56","2,328.48","2,307.62","","0.57%"
"01/24/2018","2,306.99","2,297.69","2,306.99","2,283.20","","0.35%"
"01/23/2018","2,298.95","2,311.99","2,315.77","2,281.52","","-0.42%"
"01/22/2018","2,308.61","2,286.04","2,308.61","2,285.32","","0.97%"
"01/19/2018","2,286.33","2,298.07","2,306.79","2,273.24","","-0.48%"
"01/18/2018","2,297.47","2,279.34","2,299.64","2,279.34","","0.86%"
"01/17/2018","2,277.89","2,250.71","2,277.89","2,231.70","","0.89%"
"01/16/2018","2,257.89","2,262.09","2,265.64","2,232.92","","-0.16%"
"01/15/2018","2,261.53","2,268.01","2,280.17","2,259.66","","-0.04%"
"01/12/2018","2,262.38","2,245.70","2,262.38","2,234.42","","0.71%"
"01/11/2018","2,246.45","2,232.19","2,246.82","2,221.61","","0.64%"
"01/10/2018","2,232.27","2,227.33","2,233.63","2,213.77","","0.31%"
"01/09/2018","2,225.39","2,211.40","2,242.87","2,211.40","","0.81%"
"01/05/2018","2,207.41","2,196.69","2,207.41","2,188.35","","0.45%"
"01/04/2018","2,197.60","2,153.87","2,197.60","2,153.87","","2.07%"
"01/03/2018","2,152.97","2,111.24","2,152.97","2,111.24","","2.05%"
"12/29/2017","2,109.74","2,102.81","2,110.90","2,091.93","","0.33%"
"12/28/2017","2,102.89","2,105.98","2,106.25","2,088.67","","-0.16%"
"12/27/2017","2,106.17","2,099.09","2,108.74","2,091.94","","0.44%"
"12/26/2017","2,097.03","2,105.51","2,107.48","2,086.61","","-0.38%"
"12/25/2017","2,105.06","2,109.38","2,115.68","2,100.76","","0.10%"
"12/22/2017","2,102.94","2,095.56","2,109.44","2,089.60","","0.46%"
"12/21/2017","2,093.38","2,101.23","2,103.62","2,082.29","","-0.46%"
"12/20/2017","2,102.97","2,116.97","2,120.57","2,101.93","","-0.72%"
"12/19/2017","2,118.16","2,133.93","2,139.27","2,112.99","","-0.77%"
"12/18/2017","2,134.58","2,144.92","2,155.92","2,122.05","","-0.44%"
"12/15/2017","2,143.99","2,151.23","2,151.23","2,135.85","","-0.39%"
"12/14/2017","2,152.41","2,132.54","2,152.41","2,127.74","","0.96%"
"12/13/2017","2,131.94","2,152.39","2,158.25","2,127.10","","-1.33%"
"12/12/2017","2,160.75","2,151.96","2,160.75","2,142.06","","0.57%"
"12/11/2017","2,148.60","2,104.62","2,148.60","2,104.62","","2.07%"
"12/08/2017","2,104.99","2,106.38","2,118.71","2,097.29","","0.09%"
"12/07/2017","2,103.15","2,120.80","2,120.83","2,100.87","","-0.99%"
"12/06/2017","2,124.12","2,110.80","2,126.16","2,102.90","","0.49%"
"12/05/2017","2,113.69","2,117.70","2,117.70","2,099.77","","-0.27%"
"12/04/2017","2,119.42","2,104.90","2,123.08","2,087.37","","0.64%"
"12/01/2017","2,105.99","2,102.54","2,109.33","2,091.89","","0.26%"
"11/30/2017","2,100.62","2,121.93","2,123.18","2,092.20","","-1.10%"
"11/29/2017","2,124.08","2,148.95","2,150.88","2,120.24","","-1.18%"
"11/28/2017","2,149.45","2,144.53","2,149.45","2,126.06","","0.17%"
"11/27/2017","2,145.87","2,159.02","2,164.32","2,139.12","","-0.71%"
"11/24/2017","2,161.17","2,148.59","2,163.61","2,144.62","","0.59%"
"11/23/2017","2,148.56","2,159.88","2,160.64","2,143.06","","-0.54%"
"11/22/2017","2,160.16","2,158.33","2,168.01","2,151.30","","0.20%"
"11/21/2017","2,155.82","2,132.50","2,155.82","2,132.50","","1.19%"
"11/20/2017","2,130.39","2,132.40","2,139.91","2,123.76","","-0.07%"
"11/17/2017","2,131.91","2,135.58","2,139.43","2,127.95","","-0.03%"
"11/16/2017","2,132.65","2,135.18","2,147.83","2,112.20","","0.04%"
"11/15/2017","2,131.75","2,159.83","2,162.41","2,131.75","","-1.62%"
"11/14/2017","2,166.83","2,166.11","2,185.56","2,166.11","","-0.04%"
"11/13/2017","2,167.63","2,169.85","2,191.71","2,167.63","","-0.08%"
"11/10/2017","2,169.26","2,184.64","2,190.56","2,166.68","","-0.66%"
"11/09/2017","2,183.61","2,162.00","2,183.61","2,156.48","","0.95%"
"11/08/2017","2,163.01","2,155.21","2,178.42","2,144.98","","0.35%"
"11/07/2017","2,155.55","2,092.78","2,155.55","2,092.78","","3.57%"
"11/03/2017","2,081.15","2,073.17","2,096.04","2,073.17","","0.39%"
"11/02/2017","2,073.04","2,080.53","2,080.53","2,065.69","","-0.47%"
"11/01/2017","2,082.73","2,070.68","2,089.83","2,068.26","","0.89%"
"10/31/2017","2,064.31","2,066.10","2,079.28","2,064.31","","-0.05%"
"10/30/2017","2,065.25","2,069.45","2,076.96","2,064.74","","-0.17%"
"10/27/2017","2,068.76","2,050.35","2,068.76","2,050.35","","1.08%"
"10/26/2017","2,046.69","2,049.66","2,053.53","2,038.26","","-0.14%"
"10/25/2017","2,049.48","2,063.20","2,073.44","2,048.78","","-0.60%"
"10/24/2017","2,061.79","2,064.07","2,066.21","2,057.69","","-0.10%"
"10/23/2017","2,063.81","2,073.55","2,078.59","2,060.43","","-0.39%"
"10/20/2017","2,071.83","2,076.29","2,079.64","2,067.91","","-0.04%"
"10/19/2017","2,072.73","2,094.56","2,099.66","2,071.60","","-1.03%"
"10/18/2017","2,094.40","2,091.40","2,101.35","2,086.45","","0.09%"
"10/17/2017","2,092.57","2,105.74","2,106.49","2,086.41","","-0.66%"
"10/16/2017","2,106.39","2,102.25","2,106.39","2,098.07","","0.36%"
"10/13/2017","2,098.77","2,094.94","2,105.64","2,092.40","","0.18%"
"10/12/2017","2,094.96","2,101.33","2,101.33","2,090.86","","-0.29%"
"10/11/2017","2,101.07","2,087.47","2,103.29","2,087.07","","0.68%"
"10/10/2017","2,086.91","2,096.35","2,096.35","2,084.49","","-0.45%"
"10/09/2017","2,096.29","2,094.16","2,100.29","2,086.74","","0.12%"
"10/06/2017","2,093.86","2,089.39","2,103.05","2,089.39","","0.27%"
"10/05/2017","2,088.32","2,076.78","2,088.64","2,071.19","","0.54%"
"10/04/2017","2,077.09","2,076.50","2,080.05","2,068.73","","0.01%"
"10/03/2017","2,076.81","2,076.53","2,084.03","2,072.83","","0.05%"
"10/02/2017","2,075.72","2,077.16","2,083.43","2,072.72","","-0.07%"
"09/29/2017","2,077.19","2,071.33","2,077.28","2,068.39","","0.27%"
"09/28/2017","2,071.64","2,080.73","2,084.39","2,068.54","","-0.46%"
"09/27/2017","2,081.12","2,072.27","2,085.14","2,065.79","","0.48%"
"09/26/2017","2,071.13","2,071.62","2,086.65","2,070.49","","0.10%"
"09/25/2017","2,069.11","2,050.52","2,070.82","2,046.01","","0.85%"
"09/22/2017","2,051.63","2,059.01","2,059.01","2,046.35","","-0.42%"
"09/21/2017","2,060.24","2,056.27","2,066.41","2,051.68","","0.13%"
"09/20/2017","2,057.53","2,048.86","2,058.08","2,044.23","","0.42%"
"09/19/2017","2,048.99","2,057.36","2,059.16","2,046.61","","-0.49%"
"09/18/2017","2,059.08","2,055.41","2,062.75","2,053.60","","0.26%"
"09/15/2017","2,053.81","2,051.47","2,061.60","2,041.28","","0.08%"
"09/14/2017","2,052.25","2,054.66","2,055.93","2,036.22","","-0.09%"
"09/13/2017","2,054.19","2,059.40","2,072.96","2,054.19","","-0.22%"
"09/12/2017","2,058.80","2,045.85","2,059.96","2,044.07","","0.72%"
"09/11/2017","2,044.13","2,038.78","2,049.07","2,032.92","","0.56%"
"09/08/2017","2,032.75","2,010.55","2,037.48","2,010.55","","1.12%"
"09/07/2017","2,010.17","2,017.52","2,025.37","2,010.17","","-0.22%"
"09/06/2017","2,014.60","2,001.97","2,015.63","1,992.68","","0.53%"
"09/05/2017","2,004.02","2,005.23","2,014.03","1,995.94","","0.03%"
"09/04/2017","2,003.32","2,005.08","2,012.29","1,999.84","","-0.38%"
"09/01/2017","2,010.98","2,021.93","2,030.37","2,008.49","","-0.56%"
"08/31/2017","2,022.22","2,006.07","2,030.86","2,001.66","","0.66%"
"08/30/2017","2,008.88","1,993.00","2,009.29","1,988.78","","0.99%"
"08/29/2017","1,989.12","1,986.10","1,989.12","1,967.11","","0.10%"
"08/28/2017","1,987.15","1,978.79","1,987.23","1,972.76","","0.40%"
"08/25/2017","1,979.14","1,973.44","1,981.79","1,973.39","","0.29%"
"08/24/2017","1,973.50","1,958.83","1,973.50","1,958.83","","0.76%"
"08/23/2017","1,958.52","1,947.77","1,958.58","1,944.30","","0.57%"
"08/22/2017","1,947.40","1,939.95","1,948.28","1,938.90","","0.50%"
"08/21/2017","1,937.66","1,932.25","1,943.78","1,932.25","","0.36%"
"08/18/2017","1,930.71","1,937.51","1,937.51","1,921.34","","-0.56%"
"08/17/2017","1,941.52","1,941.55","1,947.95","1,936.95","","-0.07%"
"08/16/2017","1,942.88","1,952.11","1,957.62","1,941.07","","-0.38%"
"08/15/2017","1,950.28","1,950.42","1,952.60","1,938.58","","-0.08%"
"08/14/2017","1,951.75","1,947.69","1,960.38","1,946.67","","0.36%"
"08/11/2017","1,944.83","1,953.56","1,953.56","1,933.69","","-0.79%"
"08/10/2017","1,960.23","1,977.15","1,983.74","1,959.05","","-0.79%"
"08/09/2017","1,975.91","1,985.31","1,987.95","1,973.08","","-0.69%"
"08/08/2017","1,989.61","1,970.30","1,989.77","1,969.75","","0.98%"
"08/07/2017","1,970.37","1,953.62","1,970.96","1,953.62","","0.86%"
"08/04/2017","1,953.49","1,962.46","1,962.46","1,950.57","","-0.60%"
"08/03/2017","1,965.29","1,965.56","1,976.36","1,961.38","","-0.01%"
"08/02/2017","1,965.48","1,940.95","1,966.97","1,940.77","","1.31%"
"08/01/2017","1,940.14","1,924.77","1,948.62","1,924.77","","1.07%"
"07/31/2017","1,919.53","1,917.34","1,930.27","1,904.56","","0.15%"
"07/28/2017","1,916.75","1,940.79","1,940.79","1,904.26","","-1.46%"
"07/27/2017","1,945.12","1,935.12","1,945.12","1,935.12","","0.62%"
"07/26/2017","1,933.10","1,928.13","1,938.56","1,923.90","","0.49%"
"07/25/2017","1,923.73","1,931.92","1,936.25","1,913.24","","-0.42%"
"07/24/2017","1,931.75","1,921.52","1,934.25","1,914.60","","0.34%"
"07/21/2017","1,925.13","1,946.19","1,946.19","1,921.00","","-1.10%"
"07/20/2017","1,946.51","1,952.10","1,959.33","1,941.38","","-0.28%"
"07/19/2017","1,951.89","1,929.67","1,951.89","1,925.70","","0.21%"
"07/18/2017","1,947.71","1,956.56","1,966.86","1,944.81","","-0.58%"
"07/17/2017","1,959.11","1,963.29","1,972.49","1,949.55","","-0.08%"
"07/14/2017","1,960.69","1,959.86","1,967.60","1,955.09","","0.04%"
"07/13/2017","1,959.91","1,951.66","1,963.37","1,946.61","","0.28%"
"07/12/2017","1,954.39","1,938.36","1,957.02","1,938.36","","0.86%"
"07/11/2017","1,937.64","1,927.34","1,938.11","1,919.19","","0.62%"
"07/10/2017","1,925.74","1,912.76","1,928.10","1,908.99","","0.69%"
"07/07/2017","1,912.48","1,906.72","1,914.29","1,897.87","","-0.56%"
"07/06/2017","1,923.22","1,920.59","1,929.43","1,911.96","","0.10%"
"07/05/2017","1,921.38","1,917.36","1,924.53","1,912.31","","0.21%"
"07/04/2017","1,917.40","1,902.64","1,919.23","1,899.17","","0.78%"
"07/03/2017","1,902.59","1,886.72","1,902.59","1,881.98","","1.23%"
"06/30/2017","1,879.50","1,879.16","1,895.98","1,877.57","","-0.08%"
"06/29/2017","1,881.04","1,896.12","1,902.80","1,877.13","","-0.58%"
"06/28/2017","1,891.98","1,877.04","1,893.65","1,864.88","","0.69%"
"06/27/2017","1,878.94","1,857.24","1,884.41","1,849.42","","1.00%"
"06/26/2017","1,860.39","1,870.33","1,880.11","1,857.03","","-0.38%"
"06/23/2017","1,867.46","1,859.63","1,876.36","1,850.22","","0.40%"
"06/22/2017","1,860.05","1,842.62","1,863.42","1,836.02","","0.50%"
"06/21/2017","1,850.81","1,858.24","1,861.03","1,844.06","","-0.38%"
"06/20/2017","1,857.96","1,850.38","1,870.56","1,846.70","","0.44%"
"06/19/2017","1,849.78","1,820.83","1,851.70","1,820.11","","1.47%"
"06/16/2017","1,822.91","1,818.87","1,833.70","1,811.45","","0.28%"
"06/15/2017","1,817.82","1,833.42","1,833.42","1,774.56","","-1.12%"
"06/14/2017","1,838.32","1,861.50","1,862.30","1,834.51","","-1.23%"
"06/13/2017","1,861.27","1,871.07","1,871.29","1,857.26","","-1.17%"
"06/09/2017","1,883.34","1,873.26","1,888.92","1,866.30","","0.49%"
"06/08/2017","1,874.21","1,869.49","1,874.45","1,851.63","","0.31%"
"06/07/2017","1,868.42","1,870.69","1,889.45","1,867.97","","-0.09%"
"06/06/2017","1,870.04","1,877.36","1,882.94","1,867.88","","-0.41%"
"06/05/2017","1,877.69","1,882.83","1,894.50","1,871.29","","-0.22%"
"06/02/2017","1,881.87","1,868.75","1,881.97","1,849.57","","0.65%"
"06/01/2017","1,869.66","1,900.89","1,904.82","1,862.60","","-1.62%"
"05/31/2017","1,900.38","1,934.03","1,936.65","1,893.39","","-1.68%"
"05/30/2017","1,932.91","1,938.06","1,939.74","1,927.28","","-0.40%"
"05/29/2017","1,940.77","1,934.66","1,945.82","1,931.45","","0.34%"
"05/26/2017","1,934.25","1,944.16","1,945.03","1,930.76","","-0.67%"
"05/25/2017","1,947.26","1,955.83","1,960.95","1,939.97","","-0.24%"
"05/24/2017","1,951.98","1,958.22","1,965.95","1,936.99","","-0.42%"
"05/23/2017","1,960.16","1,950.27","1,966.19","1,945.50","","0.49%"
"05/22/2017","1,950.51","1,966.66","1,966.66","1,941.78","","-0.61%"
"05/19/2017","1,962.40","1,969.73","1,977.03","1,954.32","","-0.27%"
"05/18/2017","1,967.66","1,989.05","1,996.85","1,961.20","","-1.34%"
"05/17/2017","1,994.35","1,989.02","1,999.56","1,982.97","","0.07%"
"05/16/2017","1,992.94","2,000.20","2,002.25","1,987.21","","-0.51%"
"05/15/2017","2,003.12","1,995.60","2,008.11","1,984.06","","0.43%"
"05/12/2017","1,994.58","2,003.92","2,004.03","1,983.83","","-0.40%"
"05/11/2017","2,002.54","2,028.26","2,028.58","1,991.81","","-1.27%"
"05/10/2017","2,028.21","2,012.84","2,028.21","2,005.40","","1.29%"
"05/05/2017","2,002.41","1,989.88","2,002.41","1,982.97","","0.18%"
"05/04/2017","1,998.87","1,994.16","2,015.61","1,989.44","","0.26%"
"05/03/2017","1,993.66","2,024.40","2,027.65","1,992.33","","-1.64%"
"05/02/2017","2,026.85","2,022.19","2,044.24","2,020.55","","0.50%"
"04/28/2017","2,016.71","2,021.74","2,031.06","2,011.02","","0.25%"
"04/27/2017","2,011.67","2,024.49","2,024.49","2,005.35","","-0.75%"
"04/26/2017","2,026.92","2,000.80","2,031.08","1,994.52","","1.43%"
"04/25/2017","1,998.41","1,983.23","2,002.37","1,969.04","","0.95%"
"04/24/2017","1,979.57","1,954.31","1,979.76","1,954.31","","1.79%"
"04/21/2017","1,944.72","1,932.82","1,955.43","1,932.82","","0.65%"
"04/20/2017","1,932.17","1,912.70","1,932.25","1,900.72","","0.82%"
"04/19/2017","1,916.50","1,920.19","1,932.81","1,911.35","","-0.20%"
"04/18/2017","1,920.29","1,944.28","1,949.52","1,914.44","","-1.15%"
"04/17/2017","1,942.72","1,917.13","1,944.93","1,902.48","","1.38%"
"04/14/2017","1,916.29","1,943.65","1,943.65","1,913.71","","-1.46%"
"04/13/2017","1,944.70","1,954.39","1,954.81","1,916.67","","-0.16%"
"04/12/2017","1,947.88","1,985.69","1,986.56","1,942.58","","-1.52%"
"04/11/2017","1,977.95","1,969.12","1,994.26","1,965.80","","0.34%"
"04/10/2017","1,971.23","2,017.75","2,018.03","1,965.58","","-2.43%"
"04/07/2017","2,020.23","2,046.78","2,048.63","2,010.92","","-1.68%"
"04/06/2017","2,054.69","2,052.05","2,058.11","2,043.42","","-0.08%"
"04/05/2017","2,056.32","2,028.71","2,057.03","2,028.12","","1.51%"
"04/04/2017","2,025.69","2,007.90","2,028.01","2,005.61","","0.85%"
"04/03/2017","2,008.61","1,998.55","2,014.18","1,992.67","","0.64%"
"03/31/2017","1,995.90","2,021.16","2,022.24","1,992.95","","-1.28%"
"03/30/2017","2,021.88","2,025.00","2,026.94","2,012.07","","-0.09%"
"03/29/2017","2,023.71","2,032.49","2,037.58","2,013.13","","-0.43%"
"03/28/2017","2,032.54","2,016.95","2,032.54","2,010.92","","0.96%"
"03/27/2017","2,013.16","2,034.10","2,034.10","1,997.92","","-1.30%"
"03/24/2017","2,039.77","2,047.78","2,052.90","2,036.30","","-0.55%"
"03/23/2017","2,051.04","2,065.37","2,072.91","2,040.18","","-0.51%"
"03/22/2017","2,061.53","2,042.65","2,061.53","2,030.55","","0.66%"
"03/21/2017","2,048.07","2,045.19","2,067.40","2,040.55","","0.26%"
"03/20/2017","2,042.72","2,038.99","2,051.50","2,024.85","","0.28%"
"03/17/2017","2,036.96","2,015.59","2,045.85","2,013.82","","1.12%"
"03/16/2017","2,014.37","2,001.82","2,021.05","1,998.24","","1.09%"
"03/15/2017","1,992.59","2,003.09","2,018.39","1,989.12","","-0.43%"
"03/14/2017","2,001.25","2,001.40","2,018.42","1,990.55","","0.06%"
"03/13/2017","2,000.14","1,972.66","2,001.71","1,968.61","","1.33%"
"03/10/2017","1,973.96","1,977.75","1,989.06","1,965.23","","-0.01%"
"03/09/2017","1,974.24","2,010.85","2,020.04","1,971.73","","-2.50%"
"03/07/2017","2,024.84","2,047.59","2,048.98","2,009.00","","-1.10%"
"03/06/2017","2,047.42","2,056.63","2,071.69","2,045.28","","-0.46%"
"03/03/2017","2,056.89","2,046.61","2,056.89","2,032.27","","0.39%"
"03/02/2017","2,049.00","2,062.61","2,076.71","2,044.25","","-0.53%"
"03/01/2017","2,059.87","2,034.28","2,063.67","2,030.49","","1.18%"
"02/28/2017","2,035.77","2,057.74","2,057.77","2,027.05","","-1.01%"
"02/27/2017","2,056.46","2,095.51","2,097.20","2,054.93","","-1.75%"
"02/24/2017","2,093.09","2,106.96","2,106.96","2,081.35","","-0.63%"
"02/22/2017","2,106.30","2,128.98","2,130.80","2,094.85","","-1.01%"
"02/21/2017","2,127.72","2,118.85","2,135.97","2,111.55","","0.41%"
"02/20/2017","2,119.09","2,132.47","2,136.80","2,113.03","","-0.43%"
"02/17/2017","2,128.21","2,148.58","2,148.84","2,125.45","","-0.94%"
"02/16/2017","2,148.48","2,138.70","2,148.48","2,127.04","","0.53%"
"02/15/2017","2,137.08","2,140.20","2,156.36","2,109.93","","-0.21%"
"02/14/2017","2,141.50","2,162.13","2,162.13","2,135.01","","-0.92%"
"02/13/2017","2,161.49","2,165.12","2,174.73","2,150.52","","-0.03%"
"02/10/2017","2,162.19","2,176.79","2,182.18","2,156.81","","-0.54%"
"02/09/2017","2,173.98","2,192.24","2,196.08","2,160.42","","-0.71%"
"02/08/2017","2,189.61","2,215.34","2,217.37","2,180.21","","-1.31%"
"02/07/2017","2,218.77","2,210.87","2,218.77","2,201.22","","0.37%"
"02/06/2017","2,210.51","2,228.85","2,230.86","2,202.20","","-0.72%"
"02/03/2017","2,226.61","2,219.49","2,228.05","2,213.22","","0.41%"
"02/02/2017","2,217.56","2,231.66","2,236.80","2,210.14","","-0.63%"
"02/01/2017","2,231.68","2,219.19","2,231.68","2,214.00","","0.64%"
"01/31/2017","2,217.39","2,233.66","2,240.57","2,215.79","","-0.75%"
"01/30/2017","2,234.14","2,263.63","2,263.63","2,231.40","","-1.41%"
"01/27/2017","2,266.05","2,226.87","2,266.05","2,219.67","","1.65%"
"01/26/2017","2,229.20","2,179.34","2,230.77","2,179.34","","2.44%"
"01/25/2017","2,176.00","2,175.40","2,178.92","2,163.55","","0.06%"
"01/24/2017","2,174.59","2,147.51","2,174.59","2,147.51","","1.33%"
"01/23/2017","2,146.09","2,160.13","2,160.13","2,136.35","","-0.64%"
"01/20/2017","2,159.96","2,162.71","2,165.88","2,147.19","","-0.11%"
"01/19/2017","2,162.25","2,171.45","2,178.22","2,151.43","","-0.36%"
"01/18/2017","2,170.09","2,180.64","2,190.00","2,165.32","","-0.40%"
"01/17/2017","2,178.73","2,189.95","2,195.36","2,167.88","","-0.47%"
"01/16/2017","2,189.07","2,195.67","2,202.39","2,180.78","","-0.28%"
"01/13/2017","2,195.19","2,214.24","2,217.47","2,173.39","","-0.76%"
"01/12/2017","2,212.00","2,224.02","2,228.55","2,205.55","","-0.30%"
"01/11/2017","2,218.61","2,233.62","2,239.87","2,211.16","","-0.84%"
"01/10/2017","2,237.49","2,209.53","2,237.88","2,205.87","","1.19%"
"01/09/2017","2,211.25","2,217.74","2,227.88","2,201.60","","-0.12%"
"01/06/2017","2,213.93","2,221.36","2,230.41","2,195.44","","-0.29%"
"01/05/2017","2,220.35","2,265.72","2,270.94","2,213.45","","-1.92%"
"01/04/2017","2,263.90","2,284.61","2,284.61","2,251.75","","-0.94%"
"01/03/2017","2,285.43","2,231.52","2,293.99","2,231.52","","2.36%"
"12/30/2016","2,232.72","2,206.04","2,232.72","2,206.04","","1.20%"
"12/29/2016","2,206.33","2,182.30","2,210.49","2,169.43","","1.07%"
"12/28/2016","2,182.98","2,191.17","2,201.21","2,182.98","","-0.29%"
"12/27/2016","2,189.43","2,173.80","2,190.91","2,173.80","","0.53%"
"12/26/2016","2,177.86","2,172.86","2,186.02","2,172.26","","0.22%"
"12/23/2016","2,173.18","2,173.62","2,188.99","2,159.51","","-0.07%"
"12/22/2016","2,174.64","2,203.80","2,203.80","2,172.37","","-1.70%"
"12/21/2016","2,212.33","2,227.31","2,237.60","2,210.73","","-0.63%"
"12/20/2016","2,226.36","2,215.31","2,233.84","2,207.39","","0.48%"
"12/19/2016","2,215.69","2,233.99","2,235.12","2,215.69","","-0.70%"
"12/16/2016","2,231.41","2,239.08","2,251.23","2,229.30","","-0.26%"
"12/15/2016","2,237.23","2,217.16","2,240.14","2,202.35","","0.37%"
"12/14/2016","2,229.05","2,248.22","2,258.10","2,215.11","","-0.80%"
"12/13/2016","2,247.02","2,225.74","2,247.02","2,215.70","","0.90%"
"12/12/2016","2,226.89","2,219.13","2,242.17","2,210.06","","0.83%"
"12/09/2016","2,208.53","2,211.29","2,220.01","2,197.49","","0.07%"
"12/08/2016","2,207.02","2,168.40","2,207.02","2,167.93","","2.15%"
"12/07/2016","2,160.51","2,154.02","2,165.21","2,148.54","","0.38%"
"12/06/2016","2,152.35","2,159.25","2,177.94","2,151.07","","-0.28%"
"12/05/2016","2,158.33","2,126.93","2,163.39","2,126.93","","1.38%"
"12/02/2016","2,128.99","2,121.12","2,137.82","2,114.91","","0.34%"
"12/01/2016","2,121.87","2,110.69","2,128.70","2,110.69","","0.81%"
"11/30/2016","2,104.91","2,087.81","2,116.38","2,085.84","","0.87%"
"11/29/2016","2,086.84","2,092.13","2,098.00","2,082.71","","-0.37%"
"11/28/2016","2,094.65","2,098.33","2,104.34","2,086.36","","-0.17%"
"11/25/2016","2,098.15","2,101.47","2,106.60","2,088.40","","-0.23%"
"11/24/2016","2,102.97","2,086.56","2,107.96","2,086.56","","0.83%"
"11/23/2016","2,085.75","2,069.18","2,085.75","2,068.61","","0.95%"
"11/22/2016","2,066.18","2,062.98","2,074.89","2,057.70","","0.36%"
"11/21/2016","2,058.77","2,044.20","2,059.67","2,044.20","","1.00%"
"11/18/2016","2,038.29","2,042.23","2,048.19","2,036.29","","-0.22%"
"11/17/2016","2,042.76","2,029.85","2,045.65","2,029.30","","0.68%"
"11/16/2016","2,028.92","2,024.71","2,049.01","2,022.89","","0.59%"
"11/15/2016","2,017.06","2,025.01","2,032.04","2,009.34","","-0.24%"
"11/14/2016","2,021.99","2,034.97","2,047.03","2,017.22","","-0.49%"
"11/11/2016","2,031.92","2,045.22","2,054.42","2,031.92","","-0.59%"
"11/10/2016","2,044.03","2,017.69","2,076.44","2,016.96","","1.61%"
"11/09/2016","2,011.58","1,941.89","2,011.81","1,939.66","","2.22%"
"11/08/2016","1,967.93","1,959.79","1,973.07","1,959.79","","0.78%"
"11/07/2016","1,952.69","1,964.59","1,970.61","1,952.69","","-0.51%"
"11/03/2016","1,962.71","1,970.97","1,971.56","1,957.53","","-0.31%"
"11/02/2016","1,968.77","1,989.37","1,990.22","1,966.35","","-1.41%"
"11/01/2016","1,996.87","1,991.70","2,003.14","1,991.70","","0.36%"
"10/31/2016","1,989.64","1,984.24","1,992.48","1,976.29","","0.40%"
"10/28/2016","1,981.76","1,979.87","1,982.51","1,975.48","","0.10%"
"10/27/2016","1,979.80","1,975.16","1,986.53","1,973.27","","0.25%"
"10/26/2016","1,974.81","1,975.36","1,979.42","1,967.87","","-0.12%"
"10/25/2016","1,977.19","1,965.63","1,987.07","1,962.24","","0.73%"
"10/24/2016","1,962.79","1,960.97","1,970.36","1,957.65","","0.26%"
"10/21/2016","1,957.70","1,957.63","1,960.56","1,946.78","","0.03%"
"10/20/2016","1,957.09","1,967.52","1,968.11","1,956.61","","-0.53%"
"10/19/2016","1,967.50","1,971.90","1,973.24","1,961.39","","-0.08%"
"10/18/2016","1,969.11","1,958.28","1,974.01","1,958.28","","0.62%"
"10/17/2016","1,956.95","1,964.66","1,965.83","1,954.81","","-0.48%"
"10/14/2016","1,966.39","1,976.34","1,978.96","1,962.35","","-0.50%"
"10/13/2016","1,976.37","1,990.39","1,990.39","1,970.86","","-0.85%"
"10/12/2016","1,993.35","1,999.60","2,005.17","1,986.70","","-0.40%"
"10/11/2016","2,001.42","2,000.46","2,006.66","1,995.93","","0.02%"
"10/10/2016","2,001.10","1,981.11","2,002.53","1,977.43","","1.06%"
"10/07/2016","1,980.02","1,985.04","1,993.65","1,974.89","","-0.19%"
"10/06/2016","1,983.88","1,975.26","1,983.88","1,967.75","","0.41%"
"10/05/2016","1,975.85","1,985.05","1,985.05","1,962.14","","-0.46%"
"10/04/2016","1,985.02","1,987.61","1,989.32","1,975.96","","-0.09%"
"10/03/2016","1,986.80","1,981.02","1,993.55","1,975.74","","0.44%"
"09/30/2016","1,978.00","1,989.43","1,989.43","1,975.23","","-0.91%"
"09/29/2016","1,996.12","1,996.99","2,006.59","1,994.88","","0.78%"
"09/28/2016","1,980.68","1,977.35","1,993.93","1,975.84","","0.26%"
"09/27/2016","1,975.52","1,999.93","1,999.93","1,975.52","","-1.12%"
"09/26/2016","1,997.94","2,003.48","2,007.25","1,993.33","","-0.69%"
"09/23/2016","2,011.83","2,022.28","2,022.28","1,995.14","","-0.67%"
"09/22/2016","2,025.30","2,007.12","2,025.30","2,001.07","","1.38%"
"09/21/2016","1,997.67","1,995.13","2,004.10","1,988.64","","0.30%"
"09/20/2016","1,991.78","1,984.97","1,991.85","1,969.41","","0.24%"
"09/19/2016","1,986.97","1,984.46","1,993.49","1,981.39","","0.25%"
"09/16/2016","1,981.96","1,998.14","2,004.37","1,967.31","","-0.73%"
"09/15/2016","1,996.58","2,003.20","2,004.65","1,982.95","","-0.39%"
"09/14/2016","2,004.48","2,003.74","2,010.47","1,995.70","","0.00%"
"09/13/2016","2,004.50","2,020.60","2,026.57","2,001.34","","-0.76%"
"09/12/2016","2,019.90","2,017.08","2,021.58","2,004.43","","-0.41%"
"09/09/2016","2,028.25","2,044.93","2,045.04","2,028.25","","-1.10%"
"09/08/2016","2,050.77","2,058.73","2,063.13","2,041.01","","-0.15%"
"09/07/2016","2,053.75","2,042.21","2,060.03","2,042.12","","0.70%"
"09/06/2016","2,039.53","2,020.77","2,040.42","2,017.50","","1.10%"
"09/05/2016","2,017.38","2,008.69","2,019.65","2,005.42","","0.68%"
"09/02/2016","2,003.77","1,978.16","2,006.25","1,976.62","","1.36%"
"09/01/2016","1,976.91","1,976.26","1,982.26","1,969.48","","0.27%"
"08/31/2016","1,971.59","1,985.84","1,988.56","1,966.88","","-0.71%"
"08/30/2016","1,985.69","1,989.03","1,999.14","1,983.84","","-0.05%"
"08/29/2016","1,986.72","1,985.99","1,986.72","1,970.53","","-0.33%"
"08/26/2016","1,993.35","1,984.68","1,997.10","1,976.87","","0.39%"
"08/25/2016","1,985.56","1,983.22","1,987.35","1,969.53","","0.10%"
"08/24/2016","1,983.59","1,988.08","1,989.43","1,974.89","","-0.30%"
"08/23/2016","1,989.51","1,976.07","1,992.55","1,973.43","","0.53%"
"08/22/2016","1,979.09","1,956.46","1,979.09","1,948.35","","0.99%"
"08/19/2016","1,959.72","1,972.89","1,974.40","1,959.72","","-0.53%"
"08/18/2016","1,970.07","1,971.26","1,976.71","1,961.35","","0.04%"
"08/17/2016","1,969.19","1,971.49","1,973.02","1,959.44","","-0.33%"
"08/16/2016","1,975.80","1,977.76","1,994.33","1,967.37","","-0.07%"
"08/15/2016","1,977.28","1,969.96","1,983.10","1,964.84","","0.51%"
"08/12/2016","1,967.18","1,955.16","1,968.18","1,952.56","","0.77%"
"08/11/2016","1,952.18","1,941.32","1,952.18","1,933.27","","0.49%"
"08/10/2016","1,942.67","1,956.33","1,959.99","1,940.63","","-0.70%"
"08/09/2016","1,956.42","1,954.05","1,964.58","1,948.89","","-0.03%"
"08/08/2016","1,956.99","1,948.51","1,956.99","1,947.22","","0.65%"
"08/05/2016","1,944.31","1,946.66","1,952.35","1,931.01","","-0.03%"
"08/04/2016","1,944.94","1,924.97","1,945.14","1,924.97","","1.34%"
"08/03/2016","1,919.15","1,913.14","1,922.86","1,902.74","","0.34%"
"08/02/2016","1,912.69","1,946.31","1,946.65","1,908.89","","-1.78%"
"08/01/2016","1,947.36","1,950.49","1,964.27","1,941.58","","0.14%"
"07/29/2016","1,944.62","1,952.82","1,955.07","1,939.28","","-0.50%"
"07/28/2016","1,954.45","1,938.01","1,959.86","1,932.63","","0.81%"
"07/27/2016","1,938.65","1,938.64","1,941.15","1,928.32","","0.01%"
"07/26/2016","1,938.52","1,932.54","1,940.26","1,917.96","","0.35%"
"07/25/2016","1,931.78","1,929.93","1,942.98","1,922.22","","0.25%"
"07/22/2016","1,926.90","1,923.80","1,933.76","1,922.85","","-0.04%"
"07/21/2016","1,927.70","1,920.01","1,930.79","1,911.87","","0.66%"
"07/20/2016","1,915.09","1,915.49","1,921.23","1,896.00","","-0.04%"
"07/19/2016","1,915.89","1,921.12","1,929.11","1,903.10","","-1.04%"
"07/18/2016","1,936.07","1,937.77","1,948.54","1,920.18","","-0.25%"
"07/15/2016","1,940.85","1,931.66","1,943.63","1,928.57","","-0.08%"
"07/14/2016","1,942.46","1,938.54","1,944.85","1,921.75","","0.34%"
"07/13/2016","1,935.88","1,937.35","1,945.76","1,928.50","","-0.13%"
"07/12/2016","1,938.36","1,913.84","1,942.69","1,911.91","","1.32%"
"07/11/2016","1,913.12","1,891.05","1,914.31","1,887.10","","0.99%"
"07/08/2016","1,894.35","1,873.49","1,896.82","1,860.55","","0.63%"
"07/07/2016","1,882.41","1,887.12","1,901.57","1,878.47","","0.16%"
"07/06/2016","1,879.42","1,892.26","1,896.71","1,871.47","","-0.86%"
"07/05/2016","1,895.64","1,902.54","1,904.06","1,887.05","","-0.62%"
"07/04/2016","1,907.48","1,899.35","1,913.48","1,896.40","","0.57%"
"07/01/2016","1,896.62","1,891.03","1,900.41","1,880.63","","0.29%"
"06/30/2016","1,891.09","1,886.47","1,897.36","1,879.33","","0.16%"
"06/29/2016","1,888.15","1,865.63","1,888.15","1,862.25","","1.66%"
"06/28/2016","1,857.23","1,850.75","1,863.53","1,844.80","","0.84%"
"06/27/2016","1,841.73","1,883.76","1,887.75","1,841.73","","-2.26%"
"06/24/2016","1,884.41","1,865.48","1,884.94","1,846.91","","-1.82%"
"06/23/2016","1,919.27","1,894.16","1,919.27","1,883.18","","1.19%"
"06/22/2016","1,896.70","1,908.06","1,912.96","1,892.16","","-0.38%"
"06/21/2016","1,904.02","1,902.44","1,910.25","1,884.64","","0.07%"
"06/20/2016","1,902.70","1,889.26","1,906.46","1,889.26","","1.37%"
"06/17/2016","1,877.07","1,875.96","1,896.28","1,871.88","","0.39%"
"06/16/2016","1,869.78","1,884.22","1,884.91","1,853.36","","-1.06%"
"06/15/2016","1,889.75","1,883.94","1,898.31","1,880.55","","0.20%"
"06/14/2016","1,885.92","1,898.21","1,903.54","1,875.27","","-0.93%"
"06/10/2016","1,903.61","1,926.91","1,930.26","1,903.61","","-1.62%"
"06/09/2016","1,934.92","1,951.80","1,952.42","1,927.72","","-0.85%"
"06/08/2016","1,951.55","1,953.75","1,960.75","1,937.62","","0.01%"
"06/07/2016","1,951.26","1,917.96","1,954.49","1,914.56","","1.86%"
"06/06/2016","1,915.54","1,893.05","1,920.91","1,893.05","","1.52%"
"06/03/2016","1,886.84","1,896.95","1,913.74","1,877.89","","-0.21%"
"06/02/2016","1,890.78","1,895.27","1,898.90","1,876.58","","-0.13%"
"06/01/2016","1,893.18","1,899.14","1,906.86","1,888.88","","-0.31%"
"05/31/2016","1,899.01","1,937.13","1,939.84","1,899.01","","-1.89%"
"05/30/2016","1,935.54","1,931.07","1,938.14","1,918.76","","0.41%"
"05/27/2016","1,927.58","1,913.18","1,930.80","1,910.11","","0.69%"
"05/26/2016","1,914.31","1,905.81","1,931.78","1,895.63","","0.82%"
"05/25/2016","1,898.75","1,889.42","1,910.70","1,889.42","","0.78%"
"05/24/2016","1,884.12","1,868.70","1,887.48","1,868.70","","0.84%"
"05/23/2016","1,868.43","1,889.11","1,889.11","1,861.64","","-1.21%"
"05/20/2016","1,891.33","1,901.27","1,903.58","1,882.16","","-0.01%"
"05/19/2016","1,891.52","1,907.71","1,913.70","1,891.52","","-1.34%"
"05/18/2016","1,917.24","1,907.15","1,921.21","1,899.12","","0.43%"
"05/17/2016","1,909.00","1,913.25","1,915.19","1,876.69","","-0.33%"
"05/16/2016","1,915.33","1,912.16","1,939.22","1,909.18","","0.43%"
"05/13/2016","1,907.19","1,901.51","1,907.19","1,881.41","","0.28%"
"05/12/2016","1,901.90","1,912.43","1,922.51","1,900.17","","-0.37%"
"05/11/2016","1,909.05","1,890.09","1,916.34","1,885.67","","1.26%"
"05/10/2016","1,885.34","1,896.02","1,909.97","1,874.50","","-0.85%"
"05/06/2016","1,901.56","1,905.15","1,906.34","1,889.96","","-0.26%"
"05/05/2016","1,906.48","1,924.28","1,924.28","1,902.66","","-0.99%"
"05/04/2016","1,925.58","1,932.92","1,957.18","1,901.85","","-1.41%"
"04/29/2016","1,953.05","1,970.46","1,974.42","1,941.25","","-0.85%"
"04/28/2016","1,969.89","1,936.05","1,969.89","1,925.27","","1.82%"
"04/27/2016","1,934.77","1,951.51","1,954.93","1,921.58","","-0.61%"
"04/26/2016","1,946.55","1,953.86","1,956.54","1,931.08","","-0.46%"
"04/25/2016","1,955.47","1,962.67","1,963.96","1,944.94","","-0.60%"
"04/22/2016","1,967.26","1,952.33","1,967.26","1,936.72","","0.88%"
"04/21/2016","1,950.08","1,971.75","1,976.69","1,931.66","","-0.52%"
"04/20/2016","1,960.18","1,923.94","1,961.60","1,922.41","","1.56%"
"04/19/2016","1,930.14","1,895.28","1,930.23","1,892.96","","1.98%"
"04/18/2016","1,892.64","1,888.97","1,896.36","1,867.61","","-0.79%"
"04/15/2016","1,907.78","1,914.19","1,918.35","1,899.29","","-0.42%"
"04/14/2016","1,915.85","1,929.87","1,948.84","1,902.64","","-0.88%"
"04/13/2016","1,932.80","1,903.47","1,944.32","1,903.47","","1.77%"
"04/12/2016","1,899.26","1,907.56","1,910.59","1,889.02","","-0.40%"
"04/11/2016","1,906.90","1,875.74","1,907.50","1,872.50","","1.58%"
"04/08/2016","1,877.27","1,860.93","1,879.64","1,857.44","","0.99%"
"04/07/2016","1,858.85","1,865.97","1,872.51","1,848.19","","-0.07%"
"04/06/2016","1,860.17","1,863.30","1,867.96","1,850.83","","0.17%"
"04/05/2016","1,857.09","1,859.51","1,861.39","1,847.62","","-0.51%"
"04/04/2016","1,866.64","1,854.37","1,876.08","1,853.54","","0.53%"
"04/01/2016","1,856.77","1,860.53","1,861.49","1,833.61","","-0.77%"
"03/31/2016","1,871.15","1,865.10","1,876.55","1,851.35","","0.16%"
"03/30/2016","1,868.10","1,853.35","1,876.32","1,847.78","","1.24%"
"03/29/2016","1,845.20","1,849.11","1,850.93","1,825.99","","-0.22%"
"03/28/2016","1,849.31","1,871.93","1,879.47","1,844.73","","-0.91%"
"03/25/2016","1,866.23","1,869.60","1,879.79","1,865.37","","-0.02%"
"03/24/2016","1,866.67","1,872.88","1,875.27","1,857.27","","-0.70%"
"03/23/2016","1,879.89","1,900.09","1,906.38","1,869.32","","-1.24%"
"03/22/2016","1,903.47","1,905.76","1,916.27","1,888.59","","-0.05%"
"03/21/2016","1,904.50","1,905.96","1,906.34","1,886.76","","-0.50%"
"03/18/2016","1,914.02","1,892.81","1,923.50","1,885.15","","1.23%"
"03/17/2016","1,890.79","1,876.61","1,900.12","1,874.39","","1.05%"
"03/16/2016","1,871.20","1,858.01","1,871.20","1,852.92","","0.87%"
"03/15/2016","1,855.06","1,871.79","1,879.00","1,851.49","","-0.55%"
"03/14/2016","1,865.31","1,877.23","1,880.41","1,857.19","","-0.60%"
"03/11/2016","1,876.54","1,886.85","1,888.77","1,868.22","","-0.43%"
"03/10/2016","1,884.63","1,885.97","1,896.06","1,875.62","","0.09%"
"03/09/2016","1,883.00","1,899.19","1,906.99","1,875.51","","-1.39%"
"03/07/2016","1,909.57","1,883.38","1,909.57","1,883.38","","1.67%"
"03/04/2016","1,878.29","1,863.15","1,878.29","1,853.81","","1.05%"
"03/03/2016","1,858.69","1,836.07","1,863.95","1,836.07","","1.41%"
"03/02/2016","1,832.84","1,853.32","1,856.08","1,826.41","","-0.61%"
"03/01/2016","1,844.17","1,841.43","1,851.88","1,838.41","","0.22%"
"02/29/2016","1,840.17","1,811.53","1,841.56","1,798.51","","1.29%"
"02/26/2016","1,816.73","1,815.99","1,831.70","1,811.66","","0.71%"
"02/25/2016","1,803.89","1,802.37","1,819.19","1,777.70","","0.37%"
"02/24/2016","1,797.27","1,811.08","1,812.94","1,784.54","","-1.38%"
"02/22/2016","1,822.38","1,790.46","1,825.00","1,790.46","","1.62%"
"02/19/2016","1,793.37","1,805.82","1,805.82","1,778.96","","-0.77%"
"02/18/2016","1,807.21","1,770.30","1,807.55","1,770.30","","2.08%"
"02/17/2016","1,770.31","1,753.86","1,776.93","1,750.04","","0.94%"
"02/16/2016","1,753.86","1,738.89","1,758.19","1,738.89","","0.88%"
"02/15/2016","1,738.54","1,726.08","1,746.43","1,726.08","","0.72%"
"02/12/2016","1,726.04","1,711.60","1,733.67","1,711.60","","0.84%"
"02/11/2016","1,711.58","1,729.42","1,729.42","1,688.06","","-1.11%"
"02/10/2016","1,730.83","1,722.50","1,740.72","1,710.21","","0.43%"
"02/09/2016","1,723.36","1,744.17","1,752.95","1,715.00","","-1.20%"
"02/08/2016","1,744.27","1,780.26","1,784.56","1,737.02","","-2.04%"
"02/05/2016","1,780.59","1,786.70","1,796.48","1,772.26","","-0.41%"
"02/04/2016","1,787.93","1,745.21","1,792.48","1,745.21","","2.38%"
"02/03/2016","1,746.35","1,757.90","1,766.28","1,744.73","","-0.68%"
"02/02/2016","1,758.26","1,771.37","1,785.75","1,749.87","","-0.84%"
"02/01/2016","1,773.21","1,785.01","1,785.08","1,760.22","","-0.66%"
"01/29/2016","1,784.92","1,772.01","1,788.29","1,758.60","","0.73%"
"01/28/2016","1,771.93","1,747.63","1,771.93","1,739.80","","1.39%"
"01/27/2016","1,747.57","1,705.10","1,747.57","1,705.10","","2.50%"
"01/26/2016","1,705.01","1,716.86","1,719.09","1,695.66","","-0.67%"
"01/25/2016","1,716.56","1,718.25","1,726.96","1,700.35","","-0.08%"
"01/22/2016","1,717.98","1,683.75","1,730.24","1,682.89","","2.43%"
"01/21/2016","1,677.19","1,630.57","1,684.08","1,630.17","","2.87%"
"01/20/2016","1,630.39","1,641.62","1,641.62","1,601.64","","-0.92%"
"01/19/2016","1,645.56","1,622.53","1,675.01","1,622.53","","1.43%"
"01/18/2016","1,622.43","1,607.88","1,631.58","1,583.02","","0.87%"
"01/15/2016","1,608.36","1,680.81","1,686.85","1,597.62","","-4.31%"
"01/14/2016","1,680.77","1,684.77","1,685.63","1,658.80","","-0.24%"
"01/13/2016","1,684.78","1,692.48","1,709.08","1,682.30","","-0.33%"
"01/12/2016","1,690.30","1,682.72","1,705.23","1,660.15","","0.46%"
"01/11/2016","1,682.54","1,748.04","1,748.06","1,681.58","","-3.78%"
"01/06/2016","1,748.57","1,753.75","1,758.76","1,738.84","","-0.32%"
"01/05/2016","1,754.13","1,734.55","1,754.33","1,731.63","","1.13%"
"01/04/2016","1,734.56","1,761.42","1,762.78","1,731.40","","-1.52%"
"12/30/2015","1,761.36","1,763.71","1,770.79","1,751.37","","-0.11%"
"12/29/2015","1,763.38","1,728.23","1,763.38","1,727.05","","1.86%"
"12/28/2015","1,731.20","1,734.21","1,736.19","1,722.90","","-0.17%"
"12/25/2015","1,734.21","1,743.77","1,745.96","1,728.27","","-0.49%"
"12/24/2015","1,742.71","1,747.86","1,757.50","1,738.72","","-0.29%"
"12/23/2015","1,747.85","1,718.65","1,747.85","1,718.65","","1.42%"
"12/22/2015","1,723.35","1,716.92","1,729.08","1,715.00","","0.38%"
"12/21/2015","1,716.91","1,719.44","1,737.12","1,710.32","","-0.13%"
"12/18/2015","1,719.16","1,779.42","1,779.42","1,719.16","","-3.47%"
"12/17/2015","1,780.97","1,754.74","1,786.18","1,754.74","","1.50%"
"12/16/2015","1,754.71","1,743.03","1,759.09","1,743.03","","0.70%"
"12/15/2015","1,742.46","1,708.89","1,749.52","1,708.89","","1.98%"
"12/14/2015","1,708.70","1,720.37","1,721.48","1,698.90","","-0.67%"
"12/11/2015","1,720.31","1,732.90","1,732.91","1,711.81","","-0.73%"
"12/10/2015","1,732.89","1,732.65","1,747.56","1,723.30","","-0.01%"
"12/09/2015","1,733.09","1,719.84","1,740.47","1,719.44","","0.83%"
"12/08/2015","1,718.77","1,740.64","1,741.79","1,712.87","","-1.28%"
"12/07/2015","1,741.14","1,756.11","1,767.34","1,735.01","","-0.80%"
"12/04/2015","1,755.22","1,786.55","1,798.91","1,741.60","","-1.79%"
"12/03/2015","1,787.23","1,770.10","1,792.38","1,764.86","","0.97%"
"12/02/2015","1,770.13","1,773.49","1,793.27","1,760.51","","-0.16%"
"12/01/2015","1,772.97","1,771.05","1,785.29","1,763.05","","0.11%"
"11/30/2015","1,771.05","1,794.25","1,807.57","1,771.05","","-1.37%"
"11/27/2015","1,795.70","1,828.32","1,828.32","1,790.68","","-1.78%"
"11/26/2015","1,828.30","1,833.97","1,850.39","1,816.58","","-0.29%"
"11/25/2015","1,833.53","1,810.02","1,837.06","1,808.88","","1.30%"
"11/24/2015","1,810.05","1,868.08","1,873.53","1,798.73","","-3.11%"
"11/23/2015","1,868.07","1,826.87","1,868.66","1,811.85","","2.26%"
"11/20/2015","1,826.72","1,810.03","1,831.77","1,797.93","","0.86%"
"11/19/2015","1,811.20","1,811.89","1,842.14","1,805.41","","0.04%"
"11/18/2015","1,810.48","1,787.11","1,820.38","1,785.10","","1.30%"
"11/17/2015","1,787.23","1,740.98","1,792.88","1,740.82","","2.73%"
"11/16/2015","1,739.80","1,728.12","1,751.67","1,726.31","","0.67%"
"11/13/2015","1,728.17","1,739.84","1,744.12","1,723.42","","-0.68%"
"11/12/2015","1,739.96","1,739.29","1,750.71","1,732.50","","-0.03%"
"11/11/2015","1,740.56","1,747.02","1,756.09","1,733.61","","-0.37%"
"11/10/2015","1,746.94","1,751.45","1,754.61","1,734.34","","-0.26%"
"11/09/2015","1,751.44","1,754.19","1,763.52","1,742.36","","-0.17%"
"11/06/2015","1,754.36","1,766.18","1,778.18","1,746.17","","-0.67%"
"11/05/2015","1,766.28","1,764.94","1,784.42","1,762.01","","0.15%"
"11/03/2015","1,763.60","1,735.76","1,766.85","1,734.22","","1.60%"
"11/02/2015","1,735.75","1,710.90","1,737.18","1,701.25","","1.42%"
"10/30/2015","1,711.53","1,708.51","1,723.04","1,699.25","","0.17%"
"10/29/2015","1,708.60","1,725.90","1,727.30","1,707.12","","-1.04%"
"10/28/2015","1,726.61","1,725.91","1,727.39","1,708.38","","0.04%"
"10/27/2015","1,725.89","1,712.23","1,725.89","1,692.28","","0.80%"
"10/26/2015","1,712.13","1,725.51","1,731.60","1,696.77","","-0.77%"
"10/23/2015","1,725.45","1,713.65","1,734.98","1,710.36","","0.78%"
"10/22/2015","1,712.10","1,709.93","1,718.82","1,702.65","","0.13%"
"10/21/2015","1,709.94","1,722.70","1,722.90","1,702.14","","-0.74%"
"10/20/2015","1,722.62","1,716.15","1,722.62","1,702.42","","0.38%"
"10/19/2015","1,716.08","1,717.09","1,722.49","1,702.40","","-0.05%"
"10/16/2015","1,717.00","1,731.90","1,746.07","1,715.01","","-0.86%"
"10/15/2015","1,731.91","1,722.84","1,746.67","1,722.68","","0.52%"
"10/14/2015","1,723.01","1,720.80","1,731.57","1,704.22","","0.13%"
"10/13/2015","1,720.81","1,710.60","1,720.81","1,697.54","","0.60%"
"10/12/2015","1,710.60","1,728.43","1,739.29","1,699.74","","-1.03%"
"10/09/2015","1,728.44","1,690.66","1,734.75","1,690.62","","2.32%"
"10/08/2015","1,689.32","1,679.36","1,691.95","1,660.37","","0.59%"
"10/07/2015","1,679.49","1,670.68","1,679.49","1,656.38","","0.53%"
"10/06/2015","1,670.69","1,652.49","1,670.69","1,649.46","","1.10%"
"10/05/2015","1,652.47","1,612.71","1,654.73","1,612.71","","2.47%"
"10/02/2015","1,612.56","1,627.07","1,630.77","1,603.46","","-0.89%"
"10/01/2015","1,626.97","1,644.52","1,649.57","1,616.85","","-0.97%"
"09/30/2015","1,642.97","1,630.53","1,654.38","1,630.53","","0.76%"
"09/29/2015","1,630.51","1,616.36","1,635.46","1,606.83","","0.88%"
"09/28/2015","1,616.36","1,639.64","1,643.94","1,614.35","","-1.42%"
"09/25/2015","1,639.64","1,621.44","1,648.30","1,621.43","","1.12%"
"09/24/2015","1,621.43","1,640.70","1,641.77","1,611.89","","-1.17%"
"09/23/2015","1,640.70","1,664.27","1,667.03","1,638.18","","-1.42%"
"09/22/2015","1,664.25","1,699.92","1,702.47","1,656.18","","-2.09%"
"09/21/2015","1,699.72","1,710.87","1,719.18","1,697.30","","-0.65%"
"09/18/2015","1,710.84","1,730.15","1,739.55","1,703.22","","-1.06%"
"09/17/2015","1,729.20","1,731.81","1,735.50","1,722.44","","-0.15%"
"09/16/2015","1,731.81","1,716.27","1,734.05","1,716.24","","0.91%"
"09/15/2015","1,716.26","1,729.91","1,731.49","1,708.46","","-0.78%"
"09/14/2015","1,729.75","1,717.60","1,740.22","1,716.12","","0.68%"
"09/11/2015","1,718.06","1,718.88","1,727.89","1,713.03","","-0.05%"
"09/10/2015","1,718.90","1,722.05","1,730.10","1,710.46","","-0.20%"
"09/09/2015","1,722.43","1,715.73","1,735.84","1,715.73","","0.48%"
"09/08/2015","1,714.18","1,722.16","1,732.63","1,701.82","","0.76%"
"09/07/2015","1,701.18","1,698.16","1,708.58","1,695.62","","0.18%"
"09/04/2015","1,698.16","1,710.58","1,712.74","1,691.69","","-0.73%"
"09/03/2015","1,710.57","1,690.83","1,717.15","1,690.83","","1.17%"
"09/02/2015","1,690.82","1,697.98","1,716.97","1,687.09","","-0.42%"
"09/01/2015","1,697.99","1,705.81","1,733.68","1,689.24","","-2.03%"
"08/31/2015","1,733.17","1,718.06","1,733.17","1,706.96","","0.81%"
"08/28/2015","1,719.16","1,695.23","1,723.18","1,690.32","","1.41%"
"08/27/2015","1,695.22","1,661.00","1,697.22","1,661.00","","2.06%"
"08/26/2015","1,660.95","1,658.32","1,675.07","1,633.45","","0.17%"
"08/25/2015","1,658.13","1,634.35","1,672.38","1,634.35","","1.47%"
"08/24/2015","1,634.14","1,659.31","1,659.31","1,603.72","","-1.75%"
"08/21/2015","1,663.31","1,695.48","1,695.48","1,663.31","","-1.90%"
"08/20/2015","1,695.57","1,673.96","1,697.70","1,668.66","","1.30%"
"08/19/2015","1,673.86","1,691.29","1,701.42","1,665.62","","-1.03%"
"08/18/2015","1,691.24","1,707.95","1,707.95","1,685.83","","-0.98%"
"08/17/2015","1,707.95","1,712.48","1,714.94","1,694.54","","-0.26%"
"08/14/2015","1,712.47","1,704.14","1,723.32","1,699.32","","0.49%"
"08/13/2015","1,704.11","1,697.59","1,713.25","1,689.99","","0.38%"
"08/12/2015","1,697.65","1,697.90","1,703.59","1,683.30","","-0.01%"
"08/11/2015","1,697.87","1,702.02","1,721.32","1,694.61","","-0.24%"
"08/10/2015","1,702.02","1,690.47","1,702.70","1,674.35","","0.69%"
"08/07/2015","1,690.44","1,676.75","1,695.39","1,676.75","","0.88%"
"08/06/2015","1,675.71","1,693.07","1,698.30","1,670.57","","-1.03%"
"08/05/2015","1,693.07","1,674.63","1,696.80","1,665.12","","1.11%"
"08/04/2015","1,674.46","1,663.31","1,676.58","1,659.16","","0.64%"
"08/03/2015","1,663.74","1,668.13","1,676.26","1,654.45","","-0.32%"
"07/31/2015","1,669.00","1,636.72","1,669.00","1,630.18","","1.97%"
"07/30/2015","1,636.72","1,622.69","1,638.51","1,620.24","","0.89%"
"07/29/2015","1,622.32","1,604.56","1,624.64","1,600.31","","1.11%"
"07/28/2015","1,604.50","1,584.92","1,610.70","1,577.99","","1.24%"
"07/27/2015","1,584.92","1,595.50","1,599.25","1,570.46","","-0.67%"
"07/24/2015","1,595.61","1,615.69","1,622.30","1,593.07","","-1.27%"
"07/23/2015","1,616.14","1,634.79","1,634.90","1,614.97","","-1.19%"
"07/22/2015","1,635.63","1,634.89","1,635.63","1,620.47","","0.00%"
"07/21/2015","1,635.69","1,627.19","1,639.92","1,618.58","","0.55%"
"07/20/2015","1,626.76","1,650.09","1,652.05","1,619.44","","-1.41%"
"07/17/2015","1,650.08","1,652.52","1,660.00","1,646.37","","-0.15%"
"07/16/2015","1,652.59","1,640.81","1,652.97","1,636.99","","0.69%"
"07/15/2015","1,641.22","1,638.30","1,644.01","1,626.17","","-0.35%"
"07/14/2015","1,647.01","1,643.00","1,647.01","1,626.09","","0.25%"
"07/13/2015","1,642.97","1,618.23","1,642.97","1,617.17","","1.17%"
"07/10/2015","1,623.99","1,615.11","1,625.59","1,614.93","","0.58%"
"07/09/2015","1,614.59","1,595.08","1,614.85","1,595.02","","1.23%"
"07/08/2015","1,595.00","1,614.14","1,616.60","1,573.95","","-1.19%"
"07/07/2015","1,614.14","1,621.35","1,629.59","1,606.28","","-0.44%"
"07/06/2015","1,621.27","1,627.71","1,627.71","1,613.71","","-0.64%"
"07/03/2015","1,631.65","1,641.01","1,642.20","1,625.42","","-0.57%"
"07/02/2015","1,641.05","1,639.78","1,646.96","1,633.69","","0.08%"
"07/01/2015","1,639.70","1,654.57","1,659.97","1,638.44","","-0.90%"
"06/30/2015","1,654.55","1,634.93","1,655.25","1,626.02","","1.20%"
"06/29/2015","1,634.93","1,644.45","1,644.45","1,625.71","","-0.58%"
"06/26/2015","1,644.45","1,631.92","1,647.81","1,626.87","","0.76%"
"06/25/2015","1,631.99","1,651.14","1,655.80","1,631.99","","-1.20%"
"06/24/2015","1,651.85","1,658.03","1,664.57","1,642.08","","-0.32%"
"06/23/2015","1,657.23","1,672.27","1,676.22","1,656.39","","-0.87%"
"06/22/2015","1,671.80","1,664.11","1,679.42","1,663.35","","0.53%"
"06/19/2015","1,663.03","1,660.56","1,665.71","1,655.53","","0.17%"
"06/18/2015","1,660.14","1,664.65","1,671.88","1,658.41","","-0.27%"
"06/17/2015","1,664.66","1,668.84","1,678.91","1,661.75","","-0.25%"
"06/16/2015","1,668.82","1,657.37","1,674.11","1,649.16","","0.70%"
"06/15/2015","1,657.29","1,652.29","1,658.32","1,629.81","","0.31%"
"06/11/2015","1,652.24","1,653.06","1,654.91","1,638.13","","-0.05%"
"06/10/2015","1,653.09","1,664.03","1,667.20","1,650.89","","-0.66%"
"06/09/2015","1,664.01","1,646.89","1,666.06","1,637.38","","1.04%"
"06/08/2015","1,646.89","1,652.21","1,668.50","1,642.19","","-0.31%"
"06/05/2015","1,652.07","1,638.12","1,652.07","1,633.49","","0.85%"
"06/04/2015","1,638.07","1,628.80","1,644.36","1,627.02","","0.56%"
"06/03/2015","1,628.87","1,643.99","1,653.53","1,615.96","","-0.88%"
"06/02/2015","1,643.41","1,616.97","1,650.64","1,612.78","","1.64%"
"06/01/2015","1,616.94","1,610.07","1,640.93","1,610.07","","0.48%"
"05/29/2015","1,609.19","1,657.67","1,680.07","1,609.19","","-2.92%"
"05/28/2015","1,657.62","1,660.65","1,678.64","1,656.17","","-0.20%"
"05/27/2015","1,660.98","1,651.73","1,664.29","1,637.42","","0.56%"
"05/26/2015","1,651.66","1,655.85","1,666.87","1,646.09","","-0.23%"
"05/25/2015","1,655.40","1,665.75","1,666.38","1,641.96","","-0.62%"
"05/22/2015","1,665.66","1,659.47","1,667.92","1,653.03","","0.38%"
"05/21/2015","1,659.33","1,637.14","1,663.24","1,632.43","","1.37%"
"05/20/2015","1,636.86","1,659.18","1,662.19","1,631.77","","-1.36%"
"05/19/2015","1,659.36","1,678.31","1,681.24","1,646.85","","-1.14%"
"05/18/2015","1,678.55","1,691.53","1,696.49","1,677.69","","-0.76%"
"05/15/2015","1,691.46","1,677.77","1,694.90","1,677.77","","0.83%"
"05/14/2015","1,677.57","1,682.26","1,694.79","1,672.20","","-0.28%"
"05/13/2015","1,682.26","1,704.50","1,708.47","1,681.08","","-1.31%"
"05/12/2015","1,704.62","1,708.42","1,720.01","1,689.29","","-0.23%"
"05/08/2015","1,708.52","1,686.94","1,713.60","1,684.09","","1.28%"
"05/07/2015","1,686.98","1,713.09","1,713.09","1,676.21","","-1.59%"
"05/06/2015","1,714.31","1,722.16","1,723.45","1,697.86","","-0.44%"
"05/05/2015","1,721.80","1,689.55","1,734.34","1,689.20","","1.98%"
"04/30/2015","1,688.34","1,670.99","1,692.32","1,668.50","","1.04%"
"04/29/2015","1,670.99","1,677.89","1,694.28","1,666.52","","-0.41%"
"04/28/2015","1,677.89","1,676.32","1,682.19","1,667.34","","0.04%"
"04/27/2015","1,677.22","1,682.82","1,698.65","1,677.22","","-0.33%"
"04/24/2015","1,682.70","1,663.15","1,689.71","1,657.66","","1.21%"
"04/23/2015","1,662.64","1,677.89","1,678.58","1,633.12","","-0.89%"
"04/22/2015","1,677.56","1,710.13","1,712.91","1,669.11","","-1.91%"
"04/21/2015","1,710.24","1,683.51","1,711.34","1,682.94","","1.60%"
"04/20/2015","1,683.24","1,657.63","1,691.93","1,655.75","","1.61%"
"04/17/2015","1,656.59","1,686.79","1,694.08","1,656.59","","-1.79%"
"04/16/2015","1,686.79","1,678.04","1,689.29","1,661.38","","0.54%"
"04/15/2015","1,677.70","1,644.76","1,681.83","1,643.11","","1.84%"
"04/14/2015","1,647.39","1,678.43","1,678.50","1,641.80","","-1.84%"
"04/13/2015","1,678.19","1,657.10","1,694.94","1,654.49","","1.28%"
"04/10/2015","1,657.02","1,667.62","1,674.48","1,635.85","","-0.63%"
"04/09/2015","1,667.60","1,683.10","1,683.10","1,648.36","","-0.95%"
"04/08/2015","1,683.63","1,695.51","1,695.59","1,669.88","","-0.71%"
"04/07/2015","1,695.64","1,700.64","1,709.88","1,684.17","","-0.29%"
"04/06/2015","1,700.64","1,681.80","1,701.24","1,679.30","","1.14%"
"04/03/2015","1,681.47","1,679.61","1,692.95","1,676.47","","0.13%"
"04/02/2015","1,679.24","1,661.90","1,682.29","1,656.23","","1.04%"
"04/01/2015","1,661.90","1,625.21","1,663.17","1,613.77","","2.20%"
"03/31/2015","1,626.18","1,612.93","1,626.18","1,606.24","","0.83%"
"03/30/2015","1,612.84","1,571.77","1,615.55","1,571.62","","2.63%"
"03/27/2015","1,571.55","1,581.84","1,594.38","1,569.61","","-0.65%"
"03/26/2015","1,581.84","1,615.54","1,633.27","1,574.11","","-2.08%"
"03/25/2015","1,615.50","1,618.62","1,626.05","1,595.90","","-0.19%"
"03/24/2015","1,618.62","1,602.33","1,623.88","1,590.59","","0.98%"
"03/23/2015","1,602.85","1,629.29","1,639.06","1,597.64","","-1.58%"
"03/20/2015","1,628.64","1,607.97","1,641.84","1,599.57","","1.29%"
"03/19/2015","1,607.97","1,634.77","1,652.73","1,607.25","","-1.48%"
"03/18/2015","1,632.12","1,611.74","1,640.27","1,611.74","","1.27%"
"03/17/2015","1,611.69","1,609.96","1,627.54","1,603.78","","0.11%"
"03/16/2015","1,609.85","1,626.77","1,636.16","1,609.82","","-1.11%"
"03/13/2015","1,627.88","1,664.59","1,669.05","1,621.86","","-2.21%"
"03/12/2015","1,664.70","1,671.71","1,681.09","1,656.35","","-0.41%"
"03/11/2015","1,671.47","1,665.41","1,692.31","1,655.32","","0.37%"
"03/10/2015","1,665.38","1,726.86","1,726.86","1,663.86","","-3.65%"
"03/06/2015","1,728.55","1,761.29","1,766.86","1,723.09","","-1.82%"
"03/05/2015","1,760.55","1,760.67","1,792.04","1,746.06","","0.07%"
"03/04/2015","1,759.35","1,807.71","1,816.23","1,756.33","","-2.67%"
"03/03/2015","1,807.70","1,783.44","1,825.94","1,769.58","","1.37%"
"03/02/2015","1,783.34","1,759.25","1,789.54","1,759.18","","1.39%"
"02/27/2015","1,758.97","1,760.67","1,769.22","1,740.91","","-0.10%"
"02/26/2015","1,760.66","1,746.79","1,769.53","1,735.27","","0.83%"
"02/25/2015","1,746.23","1,772.40","1,773.73","1,727.70","","-1.46%"
"02/24/2015","1,772.16","1,786.49","1,786.49","1,754.81","","-1.15%"
"02/20/2015","1,792.70","1,797.88","1,809.24","1,780.00","","-0.29%"
"02/19/2015","1,797.87","1,809.67","1,819.89","1,757.33","","-0.65%"
"02/18/2015","1,809.67","1,795.83","1,833.14","1,795.59","","0.88%"
"02/17/2015","1,793.82","1,800.92","1,842.59","1,781.80","","-0.38%"
"02/16/2015","1,800.59","1,838.21","1,848.15","1,785.54","","-2.04%"
"02/13/2015","1,838.18","1,802.88","1,839.71","1,802.88","","1.96%"
"02/12/2015","1,802.80","1,764.24","1,816.76","1,747.85","","2.22%"
"02/11/2015","1,763.60","1,744.86","1,787.77","1,744.86","","1.22%"
"02/10/2015","1,742.35","1,748.02","1,774.06","1,729.77","","-0.35%"
"02/09/2015","1,748.55","1,755.70","1,830.00","1,740.58","","-0.39%"
"02/06/2015","1,755.45","1,696.96","1,762.39","1,696.96","","3.50%"
"02/05/2015","1,696.06","1,654.97","1,698.83","1,642.51","","2.42%"
"02/04/2015","1,656.02","1,655.50","1,665.09","1,643.24","","0.10%"
"02/03/2015","1,654.36","1,626.65","1,667.59","1,626.65","","1.79%"
"02/02/2015","1,625.31","1,647.74","1,663.94","1,616.27","","-1.36%"
"01/30/2015","1,647.69","1,640.56","1,664.73","1,631.55","","0.49%"
"01/29/2015","1,639.65","1,647.11","1,675.57","1,639.65","","-0.49%"
"01/28/2015","1,647.71","1,675.30","1,706.39","1,643.42","","-1.57%"
"01/27/2015","1,673.92","1,642.31","1,681.46","1,614.16","","1.92%"
"01/26/2015","1,642.37","1,670.23","1,670.30","1,622.02","","-1.76%"
"01/23/2015","1,671.80","1,667.99","1,700.78","1,662.11","","0.31%"
"01/22/2015","1,666.56","1,618.68","1,676.38","1,618.52","","2.99%"
"01/21/2015","1,618.17","1,570.59","1,619.32","1,570.59","","3.00%"
"01/20/2015","1,570.97","1,576.47","1,594.91","1,561.80","","-0.34%"
"01/19/2015","1,576.40","1,590.54","1,627.53","1,572.94","","-0.94%"
"01/16/2015","1,591.43","1,563.21","1,594.06","1,551.01","","1.81%"
"01/15/2015","1,563.21","1,556.96","1,586.22","1,555.36","","0.56%"
"01/14/2015","1,554.46","1,531.65","1,560.01","1,524.69","","1.39%"
"01/13/2015","1,533.09","1,513.21","1,543.59","1,499.57","","1.31%"
"01/12/2015","1,513.22","1,515.23","1,534.74","1,503.49","","-0.14%"
"01/09/2015","1,515.37","1,547.61","1,557.96","1,496.17","","-2.07%"
"01/08/2015","1,547.39","1,482.12","1,564.87","1,481.93","","4.50%"
"01/06/2015","1,480.73","1,435.39","1,481.35","1,430.47","","3.14%"
"01/05/2015","1,435.66","1,394.66","1,438.91","1,390.53","","2.80%"
"12/30/2014","1,396.61","1,429.68","1,430.01","1,378.54","","-2.54%"
"12/29/2014","1,432.94","1,417.53","1,489.75","1,409.10","","1.07%"
"12/26/2014","1,417.80","1,409.02","1,432.41","1,409.02","","0.66%"
"12/25/2014","1,408.54","1,401.47","1,410.06","1,383.91","","0.50%"
"12/24/2014","1,401.50","1,398.20","1,411.56","1,383.61","","0.24%"
"12/23/2014","1,398.20","1,437.08","1,446.31","1,391.38","","-2.71%"
"12/22/2014","1,437.08","1,452.95","1,466.34","1,421.39","","-0.83%"
"12/19/2014","1,449.13","1,477.36","1,488.34","1,417.68","","-1.90%"
"12/18/2014","1,477.27","1,417.41","1,506.13","1,417.41","","4.49%"
"12/17/2014","1,413.79","1,445.53","1,476.19","1,389.63","","-2.11%"
"12/16/2014","1,444.32","1,424.72","1,484.06","1,309.60","","1.36%"
"12/15/2014","1,424.99","1,459.25","1,483.38","1,402.83","","-2.38%"
"12/12/2014","1,459.68","1,453.80","1,488.40","1,413.04","","0.32%"
"12/11/2014","1,455.04","1,486.89","1,494.07","1,442.79","","-2.14%"
"12/10/2014","1,486.85","1,475.93","1,514.63","1,475.93","","0.79%"
"12/09/2014","1,475.22","1,481.49","1,490.27","1,459.77","","-0.41%"
"12/08/2014","1,481.27","1,529.73","1,551.66","1,476.02","","-3.13%"
"12/05/2014","1,529.20","1,581.89","1,586.60","1,528.65","","-3.34%"
"12/04/2014","1,582.08","1,606.75","1,623.02","1,577.70","","-1.54%"
"12/03/2014","1,606.84","1,583.62","1,608.92","1,578.93","","1.50%"
"12/02/2014","1,583.12","1,578.40","1,596.96","1,555.89","","0.30%"
"12/01/2014","1,578.38","1,532.89","1,598.19","1,525.35","","2.91%"
"11/28/2014","1,533.68","1,531.34","1,540.07","1,518.45","","0.13%"
"11/27/2014","1,531.69","1,537.00","1,548.17","1,528.06","","-0.37%"
"11/26/2014","1,537.43","1,528.83","1,537.43","1,522.50","","0.51%"
"11/25/2014","1,529.57","1,529.62","1,537.65","1,516.18","","0.00%"
"11/24/2014","1,529.54","1,539.95","1,541.75","1,521.83","","-0.61%"
"11/21/2014","1,538.93","1,530.46","1,541.52","1,515.01","","0.56%"
"11/20/2014","1,530.40","1,518.10","1,535.97","1,517.28","","0.82%"
"11/19/2014","1,517.97","1,519.69","1,524.10","1,513.68","","-0.11%"
"11/18/2014","1,519.61","1,506.78","1,524.80","1,495.09","","0.83%"
"11/17/2014","1,507.10","1,500.69","1,512.61","1,494.81","","0.42%"
"11/14/2014","1,500.76","1,491.75","1,507.93","1,481.97","","0.57%"
"11/13/2014","1,492.27","1,514.19","1,522.87","1,492.27","","-1.42%"
"11/12/2014","1,513.83","1,514.85","1,524.72","1,507.45","","-0.06%"
"11/11/2014","1,514.78","1,515.08","1,531.92","1,511.53","","-0.04%"
"11/10/2014","1,515.36","1,498.62","1,518.73","1,498.59","","1.22%"
"11/07/2014","1,497.11","1,496.51","1,526.08","1,486.37","","-0.02%"
"11/06/2014","1,497.46","1,495.47","1,521.14","1,490.66","","0.15%"
"11/05/2014","1,495.26","1,490.66","1,496.19","1,471.25","","0.27%"
"11/03/2014","1,491.19","1,488.15","1,495.86","1,477.06","","0.18%"
"10/31/2014","1,488.47","1,453.89","1,488.47","1,453.89","","2.45%"
"10/30/2014","1,452.89","1,438.80","1,456.88","1,428.36","","0.92%"
"10/29/2014","1,439.58","1,415.53","1,441.98","1,411.00","","1.70%"
"10/28/2014","1,415.51","1,394.75","1,422.75","1,394.24","","1.52%"
"10/27/2014","1,394.27","1,381.95","1,404.07","1,381.95","","1.01%"
"10/24/2014","1,380.39","1,372.40","1,381.83","1,363.55","","0.54%"
"10/23/2014","1,372.92","1,373.43","1,377.96","1,355.24","","-0.09%"
"10/22/2014","1,374.19","1,384.16","1,392.42","1,371.38","","-0.66%"
"10/21/2014","1,383.35","1,375.82","1,389.82","1,361.53","","0.51%"
"10/20/2014","1,376.36","1,385.26","1,395.92","1,369.98","","-0.60%"
"10/17/2014","1,384.72","1,362.06","1,391.07","1,362.06","","1.79%"
"10/16/2014","1,360.33","1,377.43","1,393.40","1,354.60","","-1.22%"
"10/15/2014","1,377.09","1,393.66","1,394.83","1,374.51","","-1.22%"
"10/14/2014","1,394.16","1,383.69","1,408.56","1,383.63","","0.74%"
"10/13/2014","1,383.93","1,364.11","1,393.63","1,358.01","","1.44%"
"10/10/2014","1,364.24","1,382.17","1,382.17","1,359.40","","-1.45%"
"10/09/2014","1,384.33","1,379.89","1,405.38","1,379.89","","0.33%"
"10/08/2014","1,379.76","1,403.56","1,403.56","1,379.76","","-1.69%"
"10/07/2014","1,403.48","1,418.15","1,421.85","1,399.51","","-1.03%"
"10/06/2014","1,418.15","1,385.97","1,424.35","1,385.95","","2.42%"
"10/03/2014","1,384.66","1,377.65","1,397.20","1,375.66","","0.60%"
"10/02/2014","1,376.35","1,399.21","1,400.79","1,372.43","","-1.69%"
"10/01/2014","1,399.99","1,410.33","1,421.66","1,399.61","","-0.79%"
"09/30/2014","1,411.07","1,409.07","1,428.09","1,402.30","","0.20%"
"09/29/2014","1,408.28","1,434.99","1,444.93","1,405.94","","-1.81%"
"09/26/2014","1,434.20","1,435.09","1,440.87","1,424.43","","-0.13%"
"09/25/2014","1,436.05","1,443.03","1,454.26","1,435.31","","-0.40%"
"09/24/2014","1,441.83","1,429.97","1,447.44","1,429.97","","0.87%"
"09/23/2014","1,429.45","1,413.57","1,432.37","1,413.49","","1.18%"
"09/22/2014","1,412.83","1,431.12","1,436.21","1,412.83","","-1.31%"
"09/19/2014","1,431.58","1,448.19","1,454.16","1,423.44","","-1.18%"
"09/18/2014","1,448.63","1,449.37","1,460.13","1,443.75","","-0.05%"
"09/17/2014","1,449.37","1,477.09","1,477.09","1,437.73","","-1.89%"
"09/16/2014","1,477.31","1,454.13","1,483.66","1,451.21","","1.59%"
"09/15/2014","1,454.19","1,457.87","1,466.43","1,441.26","","-0.30%"
"09/12/2014","1,458.52","1,449.40","1,470.49","1,440.23","","0.61%"
"09/11/2014","1,449.63","1,469.40","1,479.05","1,449.10","","-1.29%"
"09/10/2014","1,468.55","1,466.99","1,472.23","1,456.21","","0.03%"
"09/09/2014","1,468.17","1,465.13","1,479.64","1,465.13","","0.23%"
"09/08/2014","1,464.76","1,474.38","1,478.26","1,460.85","","-0.67%"
"09/05/2014","1,474.71","1,456.00","1,481.15","1,446.95","","1.19%"
"09/04/2014","1,457.34","1,449.51","1,462.03","1,439.38","","0.56%"
"09/03/2014","1,449.29","1,400.44","1,452.92","1,400.44","","3.49%"
"09/02/2014","1,400.35","1,392.27","1,401.68","1,386.31","","0.57%"
"09/01/2014","1,392.40","1,401.34","1,419.90","1,389.77","","-0.59%"
"08/29/2014","1,400.71","1,423.56","1,428.72","1,400.44","","-1.62%"
"08/28/2014","1,423.78","1,447.54","1,447.76","1,414.18","","-1.67%"
"08/27/2014","1,447.91","1,444.28","1,454.96","1,444.28","","0.32%"
"08/26/2014","1,443.32","1,454.47","1,460.00","1,441.42","","-0.78%"
"08/25/2014","1,454.67","1,446.86","1,456.72","1,446.09","","0.56%"
"08/22/2014","1,446.60","1,461.79","1,463.71","1,434.09","","-1.04%"
"08/21/2014","1,461.75","1,447.12","1,469.44","1,445.48","","0.98%"
"08/20/2014","1,447.50","1,437.58","1,447.50","1,432.63","","0.69%"
"08/19/2014","1,437.60","1,425.18","1,441.42","1,425.18","","0.87%"
"08/18/2014","1,425.18","1,418.05","1,427.95","1,415.35","","0.52%"
"08/15/2014","1,417.82","1,407.57","1,425.76","1,400.70","","0.73%"
"08/14/2014","1,407.53","1,399.07","1,412.88","1,391.65","","0.62%"
"08/13/2014","1,398.85","1,373.64","1,402.38","1,373.27","","1.79%"
"08/12/2014","1,374.19","1,372.94","1,386.20","1,368.10","","0.13%"
"08/11/2014","1,372.45","1,350.42","1,379.22","1,350.42","","1.80%"
"08/08/2014","1,348.21","1,332.26","1,360.49","1,329.10","","1.10%"
"08/07/2014","1,333.53","1,333.39","1,340.84","1,306.80","","-0.08%"
"08/06/2014","1,334.66","1,357.33","1,362.22","1,333.37","","-1.71%"
"08/05/2014","1,357.89","1,379.50","1,383.36","1,356.20","","-1.53%"
"08/04/2014","1,378.98","1,375.73","1,386.43","1,365.01","","0.30%"
"08/01/2014","1,374.83","1,378.03","1,378.10","1,358.11","","-0.35%"
"07/31/2014","1,379.61","1,383.04","1,399.12","1,376.48","","-0.18%"
"07/30/2014","1,382.14","1,368.72","1,403.60","1,359.65","","0.90%"
"07/29/2014","1,369.83","1,361.22","1,380.29","1,356.62","","0.58%"
"07/28/2014","1,361.94","1,387.12","1,387.14","1,357.03","","-1.91%"
"07/25/2014","1,388.41","1,408.19","1,408.19","1,386.14","","-1.45%"
"07/24/2014","1,408.80","1,405.58","1,410.75","1,394.04","","0.16%"
"07/23/2014","1,406.58","1,406.50","1,421.56","1,395.74","","0.04%"
"07/22/2014","1,405.97","1,386.14","1,414.21","1,386.14","","1.55%"
"07/21/2014","1,384.50","1,422.53","1,424.64","1,384.50","","-2.67%"
"07/18/2014","1,422.53","1,440.54","1,440.54","1,410.48","","-1.26%"
"07/17/2014","1,440.63","1,470.83","1,470.83","1,429.08","","-2.31%"
"07/16/2014","1,474.72","1,475.68","1,482.60","1,459.08","","-0.07%"
"07/15/2014","1,475.77","1,482.23","1,487.49","1,471.95","","-0.52%"
"07/14/2014","1,483.41","1,500.29","1,502.68","1,482.63","","-1.09%"
"07/11/2014","1,499.82","1,495.01","1,502.23","1,488.84","","0.33%"
"07/10/2014","1,494.92","1,513.37","1,521.88","1,480.26","","-1.22%"
"07/09/2014","1,513.38","1,516.29","1,518.60","1,496.79","","-0.22%"
"07/08/2014","1,516.75","1,513.76","1,532.08","1,512.68","","0.20%"
"07/07/2014","1,513.72","1,489.55","1,518.05","1,484.27","","1.62%"
"07/04/2014","1,489.53","1,515.53","1,516.36","1,485.52","","-1.65%"
"07/03/2014","1,514.47","1,514.66","1,522.21","1,510.66","","0.01%"
"07/02/2014","1,514.33","1,482.91","1,514.33","1,482.84","","2.12%"
"07/01/2014","1,482.92","1,476.28","1,483.23","1,461.45","","0.44%"
"06/30/2014","1,476.38","1,477.29","1,478.43","1,460.38","","-0.06%"
"06/27/2014","1,477.32","1,473.31","1,481.29","1,467.94","","0.28%"
"06/26/2014","1,473.18","1,482.13","1,489.68","1,465.15","","-0.59%"
"06/25/2014","1,481.95","1,517.62","1,517.62","1,479.28","","-2.43%"
"06/24/2014","1,518.83","1,487.10","1,519.09","1,487.10","","2.19%"
"06/23/2014","1,486.30","1,486.33","1,498.90","1,478.63","","0.00%"
"06/20/2014","1,486.30","1,494.87","1,496.00","1,480.97","","-0.59%"
"06/19/2014","1,495.09","1,494.99","1,508.95","1,493.52","","0.05%"
"06/18/2014","1,494.28","1,486.47","1,500.39","1,484.51","","0.53%"
"06/17/2014","1,486.38","1,494.08","1,501.62","1,479.97","","-0.51%"
"06/16/2014","1,493.93","1,501.17","1,501.17","1,467.09","","-0.48%"
"06/11/2014","1,501.18","1,490.80","1,501.18","1,487.42","","0.70%"
"06/10/2014","1,490.81","1,485.24","1,490.81","1,475.97","","0.36%"
"06/09/2014","1,485.39","1,485.27","1,497.96","1,484.27","","0.03%"
"06/06/2014","1,484.94","1,470.73","1,486.59","1,457.67","","0.97%"
"06/05/2014","1,470.70","1,476.06","1,483.88","1,465.87","","-0.34%"
"06/04/2014","1,475.79","1,472.06","1,482.68","1,466.02","","0.20%"
"06/03/2014","1,472.83","1,463.62","1,472.83","1,449.78","","0.57%"
"06/02/2014","1,464.47","1,432.67","1,475.11","1,432.67","","2.27%"
"05/30/2014","1,432.03","1,447.76","1,450.76","1,432.03","","-1.06%"
"05/29/2014","1,447.39","1,426.69","1,449.63","1,426.69","","1.50%"
"05/28/2014","1,425.95","1,417.38","1,429.84","1,408.77","","0.61%"
"05/27/2014","1,417.32","1,449.38","1,449.57","1,410.07","","-2.21%"
"05/26/2014","1,449.36","1,439.15","1,456.70","1,438.31","","0.72%"
"05/23/2014","1,438.98","1,430.54","1,440.80","1,422.07","","0.59%"
"05/22/2014","1,430.54","1,440.79","1,446.72","1,420.49","","-0.65%"
"05/21/2014","1,439.90","1,425.57","1,441.93","1,415.28","","1.00%"
"05/20/2014","1,425.58","1,413.86","1,426.10","1,406.85","","0.83%"
"05/19/2014","1,413.85","1,392.51","1,418.88","1,392.42","","1.55%"
"05/16/2014","1,392.30","1,381.44","1,392.30","1,374.24","","0.75%"
"05/15/2014","1,381.99","1,388.68","1,399.52","1,381.20","","-0.51%"
"05/14/2014","1,389.11","1,385.27","1,389.21","1,378.39","","0.28%"
"05/13/2014","1,385.29","1,375.56","1,395.22","1,375.56","","0.73%"
"05/12/2014","1,375.31","1,372.09","1,383.99","1,362.93","","0.28%"
"05/08/2014","1,371.42","1,364.29","1,383.84","1,355.34","","0.58%"
"05/07/2014","1,363.48","1,316.74","1,379.42","1,312.62","","3.41%"
"05/06/2014","1,318.57","1,299.07","1,321.49","1,299.07","","1.56%"
"05/05/2014","1,298.29","1,302.99","1,306.43","1,289.80","","-0.50%"
"05/02/2014","1,304.84","1,304.93","1,306.44","1,292.08","","-0.09%"
"04/30/2014","1,306.01","1,304.76","1,309.53","1,296.24","","0.09%"
"04/29/2014","1,304.78","1,300.83","1,318.36","1,298.66","","0.43%"
"04/28/2014","1,299.13","1,278.12","1,302.13","1,260.39","","1.49%"
"04/25/2014","1,280.12","1,300.53","1,300.53","1,277.92","","-1.57%"
"04/24/2014","1,300.54","1,329.10","1,334.32","1,289.85","","-2.15%"
"04/23/2014","1,329.11","1,335.65","1,335.65","1,324.21","","-0.49%"
"04/22/2014","1,335.62","1,345.00","1,345.19","1,327.04","","-0.70%"
"04/21/2014","1,345.04","1,348.48","1,359.21","1,342.38","","-0.85%"
"04/18/2014","1,356.54","1,330.57","1,362.46","1,330.57","","2.02%"
"04/17/2014","1,329.67","1,322.67","1,336.24","1,310.92","","0.53%"
"04/16/2014","1,322.60","1,310.98","1,326.20","1,300.75","","0.88%"
"04/15/2014","1,311.01","1,344.18","1,347.88","1,308.86","","-2.56%"
"04/14/2014","1,345.45","1,362.04","1,362.10","1,336.98","","-1.44%"
"04/11/2014","1,365.13","1,367.65","1,371.12","1,346.03","","0.33%"
"04/10/2014","1,360.59","1,348.77","1,364.01","1,348.21","","1.15%"
"04/09/2014","1,345.08","1,353.18","1,355.77","1,337.98","","-0.35%"
"04/08/2014","1,349.82","1,349.85","1,352.45","1,334.63","","0.72%"
"04/07/2014","1,340.21","1,380.15","1,380.15","1,334.86","","-2.73%"
"04/04/2014","1,377.84","1,366.43","1,379.91","1,361.61","","0.81%"
"04/03/2014","1,366.83","1,373.57","1,382.08","1,361.53","","0.39%"
"04/02/2014","1,361.57","1,375.97","1,379.88","1,358.46","","-0.84%"
"04/01/2014","1,373.16","1,369.32","1,378.55","1,359.58","","1.43%"
"03/31/2014","1,353.79","1,344.15","1,358.60","1,343.27","","0.74%"
"03/28/2014","1,343.85","1,333.01","1,353.88","1,330.46","","0.96%"
"03/27/2014","1,331.01","1,347.83","1,351.71","1,321.19","","-1.24%"
"03/26/2014","1,347.69","1,324.51","1,359.88","1,324.51","","1.68%"
"03/25/2014","1,325.44","1,297.90","1,332.86","1,288.97","","2.05%"
"03/24/2014","1,298.77","1,307.34","1,332.95","1,297.76","","-0.49%"
"03/21/2014","1,305.20","1,320.12","1,320.12","1,270.55","","-1.14%"
"03/20/2014","1,320.31","1,316.67","1,325.61","1,302.68","","0.04%"
"03/19/2014","1,319.72","1,335.84","1,352.68","1,312.50","","-1.17%"
"03/18/2014","1,335.34","1,285.53","1,340.16","1,278.76","","3.85%"
"03/17/2014","1,285.85","1,237.52","1,288.34","1,237.52","","3.64%"
"03/14/2014","1,240.69","1,248.29","1,248.29","1,182.86","","-0.72%"
"03/13/2014","1,249.68","1,274.24","1,285.93","1,247.70","","-1.79%"
"03/12/2014","1,272.43","1,307.08","1,307.08","1,271.74","","-2.77%"
"03/11/2014","1,308.70","1,338.50","1,338.50","1,304.35","","-2.29%"
"03/07/2014","1,339.36","1,337.50","1,359.45","1,322.08","","0.10%"
"03/06/2014","1,337.98","1,351.50","1,370.56","1,301.96","","-0.97%"
"03/05/2014","1,351.11","1,356.27","1,364.25","1,330.61","","-0.40%"
"03/04/2014","1,356.54","1,288.78","1,365.23","1,288.78","","5.26%"
"03/03/2014","1,288.81","1,438.02","1,438.02","1,261.76","","-10.79%"
"02/28/2014","1,444.71","1,448.78","1,456.45","1,429.25","","-0.28%"
"02/27/2014","1,448.70","1,469.93","1,476.26","1,431.60","","-1.42%"
"02/26/2014","1,469.51","1,478.90","1,486.11","1,465.16","","-0.62%"
"02/25/2014","1,478.64","1,489.59","1,495.13","1,472.43","","-0.70%"
"02/24/2014","1,489.01","1,487.51","1,491.78","1,480.03","","0.09%"
"02/21/2014","1,487.64","1,481.85","1,492.45","1,481.85","","0.45%"
"02/20/2014","1,480.99","1,485.48","1,485.48","1,467.52","","-0.31%"
"02/19/2014","1,485.60","1,504.02","1,507.97","1,482.02","","-1.24%"
"02/18/2014","1,504.24","1,507.81","1,518.13","1,500.39","","-0.22%"
"02/17/2014","1,507.49","1,494.38","1,515.30","1,494.32","","0.76%"
"02/14/2014","1,496.18","1,478.77","1,497.94","1,478.77","","1.19%"
"02/13/2014","1,478.62","1,496.07","1,498.08","1,475.41","","-1.16%"
"02/12/2014","1,496.03","1,484.42","1,498.62","1,484.42","","0.84%"
"02/11/2014","1,483.57","1,475.83","1,488.95","1,473.30","","0.49%"
"02/10/2014","1,476.28","1,478.22","1,485.32","1,475.63","","-0.15%"
"02/07/2014","1,478.48","1,465.18","1,480.60","1,463.96","","0.80%"
"02/06/2014","1,466.70","1,456.00","1,469.18","1,454.43","","0.73%"
"02/05/2014","1,456.00","1,442.02","1,460.75","1,437.54","","1.03%"
"02/04/2014","1,441.16","1,442.52","1,442.62","1,426.29","","-0.12%"
"02/03/2014","1,442.84","1,453.55","1,463.54","1,442.06","","-0.80%"
"01/31/2014","1,454.45","1,463.60","1,470.60","1,448.36","","-0.60%"
"01/30/2014","1,463.20","1,463.05","1,473.45","1,444.39","","0.01%"
"01/29/2014","1,462.99","1,468.35","1,494.47","1,459.87","","-0.45%"
"01/28/2014","1,469.57","1,477.91","1,486.09","1,467.97","","-0.59%"
"01/27/2014","1,478.23","1,494.18","1,495.27","1,476.06","","-1.09%"
"01/24/2014","1,494.58","1,496.90","1,497.76","1,483.66","","-0.15%"
"01/23/2014","1,496.90","1,498.73","1,511.70","1,496.55","","-0.12%"
"01/22/2014","1,498.73","1,503.60","1,505.31","1,490.29","","-0.40%"
"01/21/2014","1,504.68","1,495.92","1,507.16","1,495.92","","0.62%"
"01/20/2014","1,495.36","1,485.75","1,498.37","1,483.25","","0.57%"
"01/17/2014","1,486.88","1,480.63","1,495.05","1,475.23","","0.42%"
"01/16/2014","1,480.73","1,486.37","1,492.58","1,478.45","","-0.39%"
"01/15/2014","1,486.51","1,469.76","1,487.83","1,469.76","","1.15%"
"01/14/2014","1,469.64","1,477.59","1,477.59","1,453.85","","-0.54%"
"01/13/2014","1,477.56","1,469.19","1,482.45","1,466.51","","0.57%"
"01/10/2014","1,469.19","1,465.74","1,470.73","1,454.75","","0.28%"
"01/09/2014","1,465.14","1,462.67","1,470.65","1,460.81","","0.17%"
"01/08/2014","1,462.67","1,465.99","1,470.25","1,460.41","","-0.24%"
"01/06/2014","1,466.15","1,504.14","1,504.33","1,464.97","","-2.52%"
"12/30/2013","1,504.08","1,496.27","1,504.85","1,492.08","","0.62%"
"12/27/2013","1,494.83","1,501.83","1,504.99","1,494.33","","-0.44%"
"12/26/2013","1,501.47","1,501.10","1,506.74","1,499.17","","0.02%"
"12/25/2013","1,501.12","1,506.41","1,510.28","1,500.49","","-0.35%"
"12/24/2013","1,506.41","1,506.89","1,510.90","1,500.66","","-0.07%"
"12/23/2013","1,507.49","1,497.31","1,510.09","1,495.22","","0.69%"
"12/20/2013","1,497.23","1,499.17","1,502.86","1,490.98","","-0.05%"
"12/19/2013","1,497.99","1,488.21","1,509.20","1,485.48","","0.75%"
"12/18/2013","1,486.91","1,480.09","1,488.27","1,478.45","","0.51%"
"12/17/2013","1,479.39","1,469.57","1,483.08","1,468.22","","0.62%"
"12/16/2013","1,470.22","1,452.63","1,470.62","1,445.00","","1.20%"
"12/13/2013","1,452.76","1,449.74","1,457.88","1,449.21","","0.21%"
"12/12/2013","1,449.74","1,465.25","1,465.25","1,442.62","","-1.02%"
"12/11/2013","1,464.67","1,464.14","1,470.00","1,451.00","","0.04%"
"12/10/2013","1,464.14","1,465.70","1,471.27","1,459.02","","-0.11%"
"12/09/2013","1,465.70","1,448.67","1,467.20","1,444.94","","1.18%"
"12/06/2013","1,448.67","1,429.25","1,451.05","1,425.31","","1.36%"
"12/05/2013","1,429.25","1,437.77","1,447.44","1,427.88","","-0.70%"
"12/04/2013","1,439.26","1,450.22","1,455.82","1,436.32","","-0.66%"
"12/03/2013","1,448.84","1,473.56","1,473.56","1,441.36","","-1.66%"
"12/02/2013","1,473.26","1,479.32","1,488.97","1,472.55","","-0.41%"
"11/29/2013","1,479.35","1,480.08","1,484.02","1,467.32","","-0.01%"
"11/28/2013","1,479.46","1,475.16","1,487.50","1,475.16","","0.27%"
"11/27/2013","1,475.42","1,484.60","1,489.49","1,473.23","","-0.60%"
"11/26/2013","1,484.37","1,502.89","1,503.70","1,480.39","","-1.20%"
"11/25/2013","1,502.41","1,504.21","1,513.33","1,501.58","","-0.11%"
"11/22/2013","1,504.10","1,494.10","1,506.11","1,492.23","","0.67%"
"11/21/2013","1,494.07","1,506.62","1,506.62","1,489.98","","-0.96%"
"11/20/2013","1,508.52","1,511.16","1,511.16","1,495.03","","-0.18%"
"11/19/2013","1,511.19","1,510.72","1,517.64","1,505.52","","0.04%"
"11/18/2013","1,510.61","1,494.53","1,511.20","1,494.53","","1.13%"
"11/15/2013","1,493.79","1,489.40","1,503.45","1,488.56","","0.19%"
"11/14/2013","1,490.89","1,466.82","1,494.74","1,466.82","","1.64%"
"11/13/2013","1,466.82","1,499.00","1,499.00","1,464.59","","-2.24%"
"11/12/2013","1,500.41","1,485.45","1,500.84","1,481.29","","1.14%"
"11/11/2013","1,483.46","1,488.89","1,496.47","1,482.82","","-0.41%"
"11/08/2013","1,489.55","1,508.61","1,508.61","1,486.51","","-1.31%"
"11/07/2013","1,509.25","1,499.95","1,515.77","1,495.98","","0.62%"
"11/06/2013","1,499.95","1,507.07","1,510.42","1,498.11","","-0.40%"
"11/05/2013","1,505.94","1,515.15","1,521.02","1,505.22","","-0.61%"
"11/01/2013","1,515.15","1,509.58","1,517.25","1,507.58","","0.33%"
"10/31/2013","1,510.21","1,516.00","1,516.00","1,498.39","","-0.38%"
"10/30/2013","1,516.00","1,516.30","1,527.40","1,510.71","","-0.01%"
"10/29/2013","1,516.17","1,511.51","1,521.12","1,506.65","","0.31%"
"10/28/2013","1,511.51","1,504.70","1,520.53","1,503.45","","0.47%"
"10/25/2013","1,504.48","1,501.94","1,507.18","1,493.18","","0.13%"
"10/24/2013","1,502.46","1,506.87","1,510.38","1,497.35","","-0.32%"
"10/23/2013","1,507.26","1,526.40","1,527.10","1,503.88","","-1.41%"
"10/22/2013","1,528.76","1,535.27","1,535.99","1,523.36","","-0.32%"
"10/21/2013","1,533.61","1,535.22","1,538.75","1,526.62","","0.02%"
"10/18/2013","1,533.35","1,512.32","1,537.28","1,512.32","","1.39%"
"10/17/2013","1,512.32","1,531.57","1,536.39","1,505.89","","-1.26%"
"10/16/2013","1,531.57","1,530.17","1,537.08","1,522.75","","-0.01%"
"10/15/2013","1,531.67","1,510.20","1,532.25","1,510.01","","1.42%"
"10/14/2013","1,510.20","1,511.81","1,511.81","1,501.48","","-0.19%"
"10/11/2013","1,513.03","1,516.80","1,524.35","1,507.06","","-0.24%"
"10/10/2013","1,516.73","1,499.22","1,523.22","1,499.22","","1.05%"
"10/09/2013","1,501.01","1,503.44","1,511.79","1,495.13","","-0.27%"
"10/08/2013","1,505.14","1,480.20","1,505.73","1,479.34","","1.68%"
"10/07/2013","1,480.20","1,474.45","1,481.55","1,462.85","","0.41%"
"10/04/2013","1,474.21","1,456.51","1,474.42","1,449.76","","1.22%"
"10/03/2013","1,456.49","1,454.53","1,466.23","1,452.25","","0.15%"
"10/02/2013","1,454.29","1,472.45","1,474.90","1,450.52","","-1.18%"
"10/01/2013","1,471.73","1,462.82","1,472.98","1,460.09","","0.61%"
"09/30/2013","1,462.82","1,472.23","1,474.57","1,453.65","","-0.62%"
"09/27/2013","1,471.89","1,483.99","1,486.59","1,468.35","","-0.89%"
"09/26/2013","1,485.14","1,479.59","1,490.02","1,475.35","","0.38%"
"09/25/2013","1,479.59","1,464.72","1,480.33","1,459.13","","1.02%"
"09/24/2013","1,464.72","1,466.41","1,472.11","1,459.21","","-0.20%"
"09/23/2013","1,467.62","1,476.69","1,478.61","1,463.61","","-0.62%"
"09/20/2013","1,476.73","1,486.49","1,488.50","1,476.07","","-0.70%"
"09/19/2013","1,487.19","1,464.35","1,501.32","1,463.80","","1.52%"
"09/18/2013","1,464.95","1,472.17","1,482.59","1,462.18","","-0.55%"
"09/17/2013","1,473.03","1,470.71","1,474.02","1,461.86","","0.17%"
"09/16/2013","1,470.48","1,441.06","1,470.65","1,438.79","","2.06%"
"09/13/2013","1,440.74","1,450.66","1,451.89","1,434.74","","-0.65%"
"09/12/2013","1,450.23","1,454.21","1,461.20","1,441.58","","-0.27%"
"09/11/2013","1,454.12","1,452.52","1,459.68","1,449.58","","0.04%"
"09/10/2013","1,453.57","1,451.54","1,464.20","1,446.97","","0.14%"
"09/09/2013","1,451.54","1,423.40","1,455.28","1,421.45","","1.98%"
"09/06/2013","1,423.40","1,421.86","1,448.75","1,418.80","","0.07%"
"09/05/2013","1,422.40","1,375.66","1,422.40","1,373.29","","3.40%"
"09/04/2013","1,375.66","1,372.98","1,376.42","1,365.21","","0.13%"
"09/03/2013","1,373.82","1,366.99","1,384.18","1,366.99","","0.46%"
"09/02/2013","1,367.53","1,364.75","1,373.73","1,364.27","","0.21%"
"08/30/2013","1,364.65","1,372.02","1,373.10","1,357.93","","-0.53%"
"08/29/2013","1,371.89","1,369.64","1,380.61","1,366.79","","0.16%"
"08/28/2013","1,369.64","1,374.27","1,375.39","1,355.70","","-0.33%"
"08/27/2013","1,374.21","1,387.21","1,387.21","1,367.56","","-0.93%"
"08/26/2013","1,387.06","1,392.42","1,403.88","1,382.60","","-0.44%"
"08/23/2013","1,393.21","1,397.54","1,401.67","1,392.59","","-0.25%"
"08/22/2013","1,396.65","1,375.49","1,398.47","1,368.06","","1.46%"
"08/21/2013","1,376.60","1,376.82","1,390.29","1,368.06","","-0.05%"
"08/20/2013","1,377.28","1,381.98","1,383.01","1,365.22","","-0.36%"
"08/19/2013","1,382.32","1,380.56","1,384.33","1,368.95","","0.15%"
"08/16/2013","1,380.31","1,392.98","1,396.50","1,372.03","","-0.79%"
"08/15/2013","1,391.37","1,424.17","1,424.17","1,388.81","","-2.28%"
"08/14/2013","1,423.87","1,408.73","1,425.10","1,407.00","","1.14%"
"08/13/2013","1,407.86","1,387.90","1,409.91","1,387.43","","1.40%"
"08/12/2013","1,388.36","1,382.74","1,390.16","1,378.93","","0.41%"
"08/09/2013","1,382.72","1,360.82","1,384.93","1,359.98","","1.49%"
"08/08/2013","1,362.38","1,364.40","1,370.81","1,353.71","","-0.04%"
"08/07/2013","1,362.91","1,364.31","1,375.09","1,356.24","","-0.13%"
"08/06/2013","1,364.65","1,391.54","1,391.54","1,363.51","","-1.95%"
"08/05/2013","1,391.75","1,391.79","1,400.24","1,388.26","","-0.03%"
"08/02/2013","1,392.15","1,398.75","1,409.61","1,383.28","","-0.45%"
"08/01/2013","1,398.46","1,376.31","1,400.15","1,375.93","","1.65%"
"07/31/2013","1,375.79","1,387.31","1,392.40","1,375.38","","-0.83%"
"07/30/2013","1,387.31","1,398.24","1,409.21","1,386.21","","-0.79%"
"07/29/2013","1,398.30","1,403.31","1,410.73","1,397.93","","-0.34%"
"07/26/2013","1,403.14","1,401.94","1,410.44","1,400.70","","0.09%"
"07/25/2013","1,401.88","1,408.42","1,409.56","1,396.11","","-0.39%"
"07/24/2013","1,407.41","1,418.33","1,419.31","1,402.78","","-0.70%"
"07/23/2013","1,417.34","1,415.48","1,432.30","1,415.48","","0.13%"
"07/22/2013","1,415.52","1,421.67","1,429.36","1,408.83","","-0.43%"
"07/19/2013","1,421.67","1,417.47","1,436.15","1,408.90","","0.36%"
"07/18/2013","1,416.63","1,431.30","1,439.60","1,408.66","","-1.06%"
"07/17/2013","1,431.80","1,409.21","1,432.35","1,407.15","","1.54%"
"07/16/2013","1,410.10","1,403.43","1,416.97","1,399.84","","0.47%"
"07/15/2013","1,403.56","1,396.38","1,409.11","1,393.40","","0.38%"
"07/12/2013","1,398.22","1,368.11","1,398.48","1,366.54","","2.20%"
"07/11/2013","1,368.11","1,333.12","1,370.07","1,332.26","","2.58%"
"07/10/2013","1,333.71","1,345.48","1,349.64","1,330.73","","-0.89%"
"07/09/2013","1,345.73","1,349.80","1,355.14","1,342.51","","-0.23%"
"07/08/2013","1,348.88","1,343.25","1,351.71","1,338.57","","0.46%"
"07/05/2013","1,342.72","1,348.94","1,360.80","1,340.22","","-0.48%"
"07/04/2013","1,349.21","1,333.40","1,349.85","1,331.64","","1.19%"
"07/03/2013","1,333.35","1,338.28","1,338.98","1,324.27","","-0.34%"
"07/02/2013","1,337.92","1,334.44","1,339.92","1,328.85","","0.13%"
"07/01/2013","1,336.17","1,330.46","1,337.04","1,319.81","","0.43%"
"06/28/2013","1,330.46","1,314.68","1,330.81","1,311.08","","1.31%"
"06/27/2013","1,313.23","1,320.39","1,325.71","1,305.03","","-0.54%"
"06/26/2013","1,320.39","1,297.59","1,325.79","1,297.49","","1.76%"
"06/25/2013","1,297.59","1,289.76","1,309.54","1,287.93","","0.57%"
"06/24/2013","1,290.26","1,298.41","1,304.70","1,284.90","","-0.66%"
"06/21/2013","1,298.89","1,297.01","1,316.00","1,290.47","","0.14%"
"06/20/2013","1,297.01","1,323.55","1,325.64","1,293.18","","-2.01%"
"06/19/2013","1,323.57","1,334.66","1,340.26","1,316.88","","-0.87%"
"06/18/2013","1,335.14","1,325.09","1,342.28","1,319.73","","0.74%"
"06/17/2013","1,325.27","1,300.02","1,328.66","1,298.56","","1.97%"
"06/14/2013","1,299.61","1,282.46","1,306.61","1,279.55","","1.38%"
"06/13/2013","1,281.89","1,302.52","1,302.94","1,271.39","","-1.49%"
"06/11/2013","1,301.31","1,335.25","1,340.78","1,298.25","","-2.54%"
"06/10/2013","1,335.25","1,343.90","1,357.18","1,328.38","","-0.64%"
"06/07/2013","1,343.90","1,316.32","1,347.81","1,315.42","","2.05%"
"06/06/2013","1,316.92","1,326.73","1,328.84","1,314.38","","-0.74%"
"06/05/2013","1,326.78","1,341.33","1,343.45","1,321.06","","-1.11%"
"06/04/2013","1,341.62","1,337.52","1,358.05","1,337.44","","0.32%"
"06/03/2013","1,337.40","1,350.17","1,353.47","1,324.54","","-0.95%"
"05/31/2013","1,350.17","1,362.00","1,372.24","1,340.39","","-0.81%"
"05/30/2013","1,361.26","1,361.16","1,373.37","1,355.40","","-0.01%"
"05/29/2013","1,361.43","1,397.54","1,397.54","1,360.89","","-2.60%"
"05/28/2013","1,397.72","1,378.25","1,404.42","1,378.07","","1.41%"
"05/27/2013","1,378.29","1,380.92","1,389.96","1,373.20","","-0.19%"
"05/24/2013","1,380.88","1,397.75","1,404.88","1,376.22","","-1.15%"
"05/23/2013","1,396.91","1,448.56","1,449.62","1,393.12","","-3.56%"
"05/22/2013","1,448.42","1,423.11","1,453.69","1,422.40","","1.79%"
"05/21/2013","1,422.99","1,406.94","1,425.79","1,399.41","","1.15%"
"05/20/2013","1,406.86","1,401.43","1,413.42","1,399.68","","0.36%"
"05/17/2013","1,401.79","1,373.53","1,405.32","1,372.57","","2.05%"
"05/16/2013","1,373.65","1,392.54","1,395.17","1,373.10","","-1.32%"
"05/15/2013","1,391.98","1,405.65","1,409.65","1,384.97","","-0.98%"
"05/14/2013","1,405.76","1,414.79","1,421.14","1,398.65","","-0.76%"
"05/13/2013","1,416.50","1,426.25","1,427.03","1,409.34","","-0.68%"
"05/10/2013","1,426.25","1,431.31","1,446.34","1,421.53","","-0.47%"
"05/08/2013","1,432.94","1,430.12","1,436.07","1,421.41","","0.19%"
"05/07/2013","1,430.18","1,413.02","1,431.06","1,407.95","","1.19%"
"05/06/2013","1,413.43","1,408.03","1,417.99","1,406.20","","0.38%"
"05/03/2013","1,408.03","1,377.45","1,408.05","1,377.14","","2.29%"
"05/02/2013","1,376.56","1,385.88","1,386.69","1,369.52","","-0.67%"
"04/30/2013","1,385.88","1,363.38","1,389.76","1,360.58","","1.71%"
"04/29/2013","1,362.57","1,373.57","1,380.10","1,360.54","","-0.69%"
"04/26/2013","1,372.04","1,372.50","1,375.73","1,358.28","","-0.01%"
"04/25/2013","1,372.20","1,377.33","1,386.31","1,368.05","","-0.35%"
"04/24/2013","1,377.01","1,339.51","1,378.03","1,337.53","","2.77%"
"04/23/2013","1,339.91","1,337.22","1,342.79","1,320.73","","0.23%"
"04/22/2013","1,336.84","1,338.67","1,354.84","1,324.58","","-0.12%"
"04/19/2013","1,338.43","1,335.57","1,346.39","1,330.02","","0.24%"
"04/18/2013","1,335.21","1,335.91","1,350.67","1,333.73","","-0.05%"
"04/17/2013","1,335.89","1,353.41","1,358.61","1,328.84","","-1.22%"
"04/16/2013","1,352.37","1,358.23","1,366.45","1,349.93","","-0.54%"
"04/15/2013","1,359.69","1,385.62","1,387.94","1,351.83","","-1.89%"
"04/12/2013","1,385.84","1,400.92","1,401.46","1,380.57","","-1.13%"
"04/11/2013","1,401.73","1,425.19","1,428.84","1,397.82","","-1.67%"
"04/10/2013","1,425.50","1,425.79","1,432.55","1,419.96","","0.00%"
"04/09/2013","1,425.49","1,408.81","1,427.29","1,408.81","","1.20%"
"04/08/2013","1,408.55","1,417.28","1,430.58","1,406.67","","-0.57%"
"04/05/2013","1,416.69","1,426.61","1,430.55","1,410.47","","-0.71%"
"04/04/2013","1,426.87","1,427.42","1,440.62","1,416.75","","-0.07%"
"04/03/2013","1,427.94","1,430.30","1,433.81","1,422.48","","-0.17%"
"04/02/2013","1,430.30","1,428.29","1,435.12","1,424.90","","0.13%"
"04/01/2013","1,428.47","1,438.84","1,442.70","1,427.83","","-0.70%"
"03/29/2013","1,438.57","1,434.88","1,440.10","1,432.80","","0.31%"
"03/28/2013","1,434.18","1,424.56","1,434.38","1,414.96","","0.64%"
"03/27/2013","1,425.00","1,416.78","1,426.68","1,407.22","","0.56%"
"03/26/2013","1,417.00","1,427.99","1,432.41","1,412.41","","-0.80%"
"03/25/2013","1,428.46","1,441.26","1,458.58","1,425.78","","-0.89%"
"03/22/2013","1,441.36","1,459.17","1,460.39","1,440.27","","-1.22%"
"03/21/2013","1,459.22","1,458.24","1,466.95","1,457.93","","0.01%"
"03/20/2013","1,459.03","1,448.84","1,460.66","1,442.68","","0.68%"
"03/19/2013","1,449.20","1,461.88","1,469.78","1,448.55","","-0.93%"
"03/18/2013","1,462.82","1,495.71","1,497.90","1,449.22","","-2.16%"
"03/15/2013","1,495.11","1,498.83","1,515.16","1,493.61","","-0.26%"
"03/14/2013","1,498.97","1,495.73","1,504.74","1,490.35","","0.17%"
"03/13/2013","1,496.37","1,501.41","1,510.67","1,493.55","","-0.36%"
"03/12/2013","1,501.76","1,503.98","1,506.42","1,494.92","","-0.15%"
"03/11/2013","1,504.05","1,491.14","1,516.49","1,491.14","","0.85%"
"03/07/2013","1,491.35","1,491.99","1,498.29","1,489.02","","-0.01%"
"03/06/2013","1,491.49","1,485.04","1,498.07","1,485.04","","0.49%"
"03/05/2013","1,484.22","1,463.98","1,486.19","1,462.49","","1.35%"
"03/04/2013","1,464.45","1,473.54","1,477.27","1,461.45","","-0.62%"
"03/01/2013","1,473.54","1,486.06","1,487.46","1,466.84","","-0.84%"
"02/28/2013","1,486.04","1,487.17","1,496.61","1,483.24","","-0.08%"
"02/27/2013","1,487.17","1,484.67","1,491.64","1,481.11","","0.17%"
"02/26/2013","1,484.67","1,503.75","1,504.98","1,482.01","","-1.26%"
"02/25/2013","1,503.66","1,496.61","1,506.47","1,493.35","","0.47%"
"02/22/2013","1,496.61","1,493.71","1,501.69","1,491.83","","0.19%"
"02/21/2013","1,493.71","1,511.40","1,512.27","1,486.49","","-1.17%"
"02/20/2013","1,511.40","1,522.69","1,526.34","1,511.08","","-0.74%"
"02/19/2013","1,522.69","1,510.33","1,523.35","1,509.54","","0.82%"
"02/18/2013","1,510.35","1,508.19","1,511.72","1,498.30","","0.14%"
"02/15/2013","1,508.17","1,519.22","1,520.14","1,500.79","","-0.73%"
"02/14/2013","1,519.22","1,537.93","1,550.03","1,514.14","","-1.22%"
"02/13/2013","1,537.93","1,512.03","1,541.00","1,512.03","","1.71%"
"02/12/2013","1,512.03","1,515.87","1,518.75","1,507.54","","-0.25%"
"02/11/2013","1,515.89","1,519.93","1,527.03","1,515.39","","-0.26%"
"02/08/2013","1,519.91","1,526.12","1,527.19","1,510.83","","-0.39%"
"02/07/2013","1,525.88","1,530.38","1,533.06","1,518.86","","-0.29%"
"02/06/2013","1,530.38","1,540.39","1,553.19","1,526.93","","-0.65%"
"02/05/2013","1,540.36","1,535.37","1,540.63","1,528.49","","0.33%"
"02/04/2013","1,535.35","1,547.22","1,553.38","1,533.42","","-0.77%"
"02/01/2013","1,547.22","1,546.52","1,555.83","1,543.13","","0.03%"
"01/31/2013","1,546.76","1,543.43","1,547.37","1,535.52","","0.22%"
"01/30/2013","1,543.43","1,549.75","1,559.47","1,537.08","","-0.41%"
"01/29/2013","1,549.75","1,562.93","1,566.42","1,549.18","","-0.84%"
"01/28/2013","1,562.93","1,544.02","1,563.93","1,543.24","","1.22%"
"01/25/2013","1,544.02","1,533.77","1,544.85","1,526.02","","0.67%"
"01/24/2013","1,533.77","1,537.44","1,537.44","1,518.82","","-0.24%"
"01/23/2013","1,537.49","1,525.28","1,538.13","1,523.81","","0.80%"
"01/22/2013","1,525.36","1,537.68","1,540.03","1,517.01","","-0.80%"
"01/21/2013","1,537.66","1,540.57","1,542.80","1,533.26","","-0.19%"
"01/18/2013","1,540.55","1,523.74","1,542.11","1,523.73","","1.10%"
"01/17/2013","1,523.74","1,514.86","1,524.94","1,513.62","","0.59%"
"01/16/2013","1,514.86","1,515.25","1,517.34","1,507.33","","-0.03%"
"01/15/2013","1,515.25","1,528.48","1,528.48","1,515.16","","-0.87%"
"01/14/2013","1,528.48","1,510.84","1,529.57","1,510.21","","1.17%"
"01/11/2013","1,510.84","1,507.16","1,513.04","1,503.38","","0.24%"
"01/10/2013","1,507.16","1,516.01","1,518.41","1,506.96","","-0.58%"
"01/09/2013","1,516.01","1,514.82","1,517.20","1,510.61","","0.08%"
"01/08/2013","1,514.82","1,474.73","1,517.88","1,474.73","","2.72%"
"12/28/2012","1,474.72","1,478.22","1,480.37","1,472.55","","-0.24%"
"12/27/2012","1,478.24","1,478.61","1,482.35","1,475.82","","-0.03%"
"12/26/2012","1,478.61","1,473.53","1,479.50","1,471.17","","0.34%"
"12/25/2012","1,473.53","1,471.73","1,475.08","1,467.21","","0.12%"
"12/24/2012","1,471.73","1,477.44","1,482.27","1,471.47","","-0.39%"
"12/21/2012","1,477.44","1,487.99","1,490.51","1,470.24","","-0.72%"
"12/20/2012","1,488.22","1,478.81","1,488.60","1,468.90","","0.63%"
"12/19/2012","1,478.83","1,481.54","1,487.46","1,477.03","","-0.18%"
"12/18/2012","1,481.54","1,469.53","1,486.57","1,467.26","","0.82%"
"12/17/2012","1,469.53","1,466.16","1,470.27","1,458.44","","0.23%"
"12/14/2012","1,466.15","1,462.87","1,471.20","1,460.51","","0.22%"
"12/13/2012","1,462.87","1,466.50","1,472.01","1,454.64","","-0.25%"
"12/12/2012","1,466.51","1,448.36","1,469.45","1,448.33","","1.25%"
"12/11/2012","1,448.43","1,447.72","1,453.18","1,441.68","","0.05%"
"12/10/2012","1,447.72","1,441.47","1,455.20","1,438.51","","0.43%"
"12/07/2012","1,441.47","1,438.54","1,443.97","1,427.85","","0.20%"
"12/06/2012","1,438.54","1,435.96","1,449.44","1,434.35","","0.18%"
"12/05/2012","1,435.97","1,411.84","1,441.45","1,411.83","","1.71%"
"12/04/2012","1,411.83","1,421.94","1,421.94","1,407.84","","-0.71%"
"12/03/2012","1,421.97","1,405.97","1,422.20","1,403.70","","1.14%"
"11/30/2012","1,405.97","1,388.31","1,411.21","1,384.18","","1.27%"
"11/29/2012","1,388.31","1,380.94","1,396.37","1,378.70","","0.53%"
"11/28/2012","1,380.94","1,394.85","1,395.54","1,379.46","","-1.00%"
"11/27/2012","1,394.87","1,403.94","1,412.86","1,392.28","","-0.65%"
"11/26/2012","1,403.94","1,413.15","1,417.53","1,399.61","","-0.65%"
"11/23/2012","1,413.15","1,402.64","1,414.05","1,401.44","","0.75%"
"11/22/2012","1,402.64","1,405.70","1,411.91","1,401.57","","-0.22%"
"11/21/2012","1,405.70","1,396.39","1,408.13","1,389.06","","0.67%"
"11/20/2012","1,396.39","1,398.57","1,402.73","1,389.47","","-0.16%"
"11/19/2012","1,398.57","1,383.65","1,400.76","1,383.09","","1.08%"
"11/16/2012","1,383.66","1,386.25","1,388.90","1,375.06","","-0.19%"
"11/15/2012","1,386.25","1,372.19","1,387.67","1,364.36","","1.02%"
"11/14/2012","1,372.19","1,373.84","1,382.07","1,360.07","","-0.12%"
"11/13/2012","1,373.83","1,407.90","1,409.03","1,370.36","","-2.42%"
"11/12/2012","1,407.90","1,401.19","1,410.83","1,394.49","","0.47%"
"11/09/2012","1,401.32","1,407.79","1,408.28","1,392.80","","-0.46%"
"11/08/2012","1,407.79","1,423.36","1,424.31","1,395.46","","-1.09%"
"11/07/2012","1,423.36","1,446.39","1,453.47","1,422.00","","-1.60%"
"11/06/2012","1,446.46","1,440.25","1,450.83","1,436.61","","0.43%"
"11/02/2012","1,440.25","1,430.92","1,444.38","1,428.78","","0.65%"
"11/01/2012","1,430.91","1,425.71","1,432.39","1,407.46","","0.37%"
"10/31/2012","1,425.70","1,421.74","1,436.06","1,420.52","","0.28%"
"10/30/2012","1,421.75","1,431.90","1,439.39","1,419.66","","-0.71%"
"10/29/2012","1,431.90","1,433.51","1,434.69","1,422.34","","-0.11%"
"10/26/2012","1,433.52","1,446.00","1,446.22","1,424.50","","-0.86%"
"10/25/2012","1,446.00","1,451.61","1,459.73","1,444.51","","-0.39%"
"10/24/2012","1,451.61","1,455.31","1,463.09","1,437.39","","-0.25%"
"10/23/2012","1,455.31","1,474.91","1,475.48","1,451.11","","-1.33%"
"10/22/2012","1,474.92","1,460.04","1,476.09","1,451.60","","1.02%"
"10/19/2012","1,460.06","1,475.28","1,476.77","1,458.57","","-1.03%"
"10/18/2012","1,475.27","1,474.29","1,486.88","1,467.40","","0.07%"
"10/17/2012","1,474.30","1,456.07","1,478.12","1,454.02","","1.25%"
"10/16/2012","1,456.07","1,443.42","1,456.07","1,439.79","","0.88%"
"10/15/2012","1,443.42","1,446.01","1,456.25","1,440.53","","-0.18%"
"10/12/2012","1,446.01","1,463.15","1,463.96","1,440.65","","-1.17%"
"10/11/2012","1,463.12","1,460.91","1,468.62","1,453.61","","0.15%"
"10/10/2012","1,460.93","1,472.94","1,472.94","1,458.19","","-0.82%"
"10/09/2012","1,472.94","1,473.61","1,480.97","1,469.72","","-0.05%"
"10/08/2012","1,473.61","1,477.60","1,477.60","1,459.92","","-0.27%"
"10/05/2012","1,477.60","1,456.71","1,488.57","1,454.87","","1.43%"
"10/04/2012","1,456.74","1,472.50","1,478.52","1,451.95","","-1.07%"
"10/03/2012","1,472.50","1,485.61","1,485.61","1,469.80","","-0.88%"
"10/02/2012","1,485.63","1,490.21","1,492.01","1,478.56","","-0.31%"
"10/01/2012","1,490.21","1,458.30","1,491.30","1,452.53","","2.19%"
"09/28/2012","1,458.26","1,453.11","1,468.50","1,450.70","","0.36%"
"09/27/2012","1,453.09","1,445.39","1,459.55","1,438.44","","0.53%"
"09/26/2012","1,445.38","1,482.61","1,483.35","1,442.30","","-2.51%"
"09/25/2012","1,482.61","1,489.92","1,499.26","1,480.79","","-0.49%"
"09/24/2012","1,489.92","1,496.63","1,496.63","1,480.01","","-0.45%"
"09/21/2012","1,496.65","1,499.29","1,511.05","1,495.24","","-0.18%"
"09/20/2012","1,499.28","1,499.15","1,502.49","1,480.82","","0.01%"
"09/19/2012","1,499.12","1,515.30","1,527.86","1,489.74","","-1.07%"
"09/18/2012","1,515.30","1,530.37","1,539.39","1,513.75","","-0.98%"
"09/17/2012","1,530.36","1,535.38","1,539.58","1,520.01","","-0.33%"
"09/14/2012","1,535.38","1,472.60","1,541.70","1,472.59","","4.26%"
"09/13/2012","1,472.60","1,478.51","1,478.81","1,468.33","","-0.40%"
"09/12/2012","1,478.54","1,478.05","1,483.98","1,472.91","","0.03%"
"09/11/2012","1,478.05","1,478.83","1,479.00","1,465.93","","-0.05%"
"09/10/2012","1,478.83","1,474.58","1,479.61","1,464.90","","0.29%"
"09/07/2012","1,474.58","1,455.07","1,484.68","1,454.88","","1.34%"
"09/06/2012","1,455.07","1,421.62","1,456.92","1,420.73","","2.35%"
"09/05/2012","1,421.62","1,436.46","1,437.93","1,420.32","","-1.04%"
"09/04/2012","1,436.52","1,439.31","1,444.18","1,434.07","","-0.19%"
"09/03/2012","1,439.31","1,422.90","1,443.47","1,421.07","","1.15%"
"08/31/2012","1,422.91","1,429.82","1,438.93","1,417.79","","-0.48%"
"08/30/2012","1,429.82","1,437.12","1,441.57","1,425.21","","-0.51%"
"08/29/2012","1,437.14","1,450.81","1,459.92","1,437.09","","-0.94%"
"08/28/2012","1,450.81","1,448.55","1,458.06","1,443.96","","0.15%"
"08/27/2012","1,448.57","1,454.08","1,460.02","1,441.74","","-0.38%"
"08/24/2012","1,454.08","1,453.50","1,455.95","1,439.90","","0.04%"
"08/23/2012","1,453.50","1,446.81","1,470.75","1,446.27","","0.46%"
"08/22/2012","1,446.84","1,454.48","1,454.48","1,436.56","","-0.53%"
"08/21/2012","1,454.48","1,428.75","1,459.44","1,419.95","","1.80%"
"08/20/2012","1,428.75","1,444.26","1,448.34","1,421.66","","-1.07%"
"08/17/2012","1,444.27","1,451.85","1,460.60","1,443.92","","-0.52%"
"08/16/2012","1,451.87","1,448.34","1,458.59","1,442.81","","0.25%"
"08/15/2012","1,448.32","1,462.57","1,465.04","1,433.66","","-0.97%"
"08/14/2012","1,462.57","1,452.42","1,464.55","1,450.26","","0.70%"
"08/13/2012","1,452.42","1,441.88","1,467.19","1,441.88","","0.75%"
"08/10/2012","1,441.59","1,456.41","1,456.69","1,430.02","","-1.02%"
"08/09/2012","1,456.41","1,449.49","1,462.68","1,438.94","","0.48%"
"08/08/2012","1,449.49","1,450.81","1,453.90","1,438.85","","-0.09%"
"08/07/2012","1,450.74","1,439.34","1,451.58","1,433.24","","0.81%"
"08/06/2012","1,439.06","1,421.22","1,449.31","1,417.27","","1.25%"
"08/03/2012","1,421.28","1,395.31","1,422.82","1,391.96","","1.73%"
"08/02/2012","1,397.05","1,411.85","1,430.95","1,386.94","","-1.05%"
"08/01/2012","1,411.85","1,407.01","1,419.54","1,401.48","","0.34%"
"07/31/2012","1,407.02","1,428.62","1,432.43","1,402.05","","-1.51%"
"07/30/2012","1,428.62","1,406.30","1,431.17","1,406.30","","1.59%"
"07/27/2012","1,406.30","1,384.06","1,406.91","1,383.39","","1.61%"
"07/26/2012","1,384.06","1,367.67","1,385.44","1,358.58","","1.20%"
"07/25/2012","1,367.67","1,365.75","1,385.21","1,353.58","","0.14%"
"07/24/2012","1,365.75","1,372.95","1,382.93","1,359.00","","-0.53%"
"07/23/2012","1,372.97","1,415.38","1,416.40","1,367.71","","-3.00%"
"07/20/2012","1,415.38","1,434.49","1,435.62","1,413.92","","-1.33%"
"07/19/2012","1,434.47","1,426.29","1,444.85","1,426.29","","0.57%"
"07/18/2012","1,426.29","1,430.17","1,436.43","1,423.79","","-0.27%"
"07/17/2012","1,430.17","1,422.03","1,442.17","1,421.28","","0.57%"
"07/16/2012","1,422.03","1,416.48","1,423.86","1,412.98","","0.39%"
"07/13/2012","1,416.50","1,394.30","1,418.29","1,394.30","","1.59%"
"07/12/2012","1,394.30","1,405.15","1,406.63","1,379.11","","-0.77%"
"07/11/2012","1,405.15","1,422.58","1,422.58","1,396.72","","-1.23%"
"07/10/2012","1,422.58","1,414.64","1,433.56","1,401.96","","0.56%"
"07/09/2012","1,414.62","1,414.29","1,423.13","1,405.72","","0.02%"
"07/06/2012","1,414.28","1,435.75","1,440.94","1,408.41","","-1.50%"
"07/05/2012","1,435.76","1,444.30","1,458.46","1,430.47","","-0.59%"
"07/04/2012","1,444.31","1,437.19","1,446.39","1,426.02","","0.48%"
"07/03/2012","1,437.45","1,402.74","1,440.67","1,402.74","","2.47%"
"07/02/2012","1,402.74","1,387.52","1,406.21","1,383.67","","1.10%"
"06/29/2012","1,387.52","1,342.91","1,390.08","1,340.66","","3.32%"
"06/28/2012","1,342.91","1,365.93","1,379.17","1,341.01","","-1.69%"
"06/27/2012","1,365.93","1,342.82","1,366.25","1,341.62","","1.72%"
"06/26/2012","1,342.82","1,330.15","1,349.78","1,329.65","","0.95%"
"06/25/2012","1,330.15","1,347.16","1,349.63","1,325.74","","-1.26%"
"06/22/2012","1,347.15","1,363.58","1,363.58","1,342.23","","-1.20%"
"06/21/2012","1,363.58","1,374.69","1,382.67","1,363.14","","-0.81%"
"06/20/2012","1,374.69","1,389.97","1,392.13","1,370.94","","-1.10%"
"06/19/2012","1,389.97","1,389.12","1,397.34","1,382.24","","0.07%"
"06/18/2012","1,389.00","1,375.21","1,393.14","1,375.05","","1.00%"
"06/15/2012","1,375.23","1,346.04","1,379.74","1,346.00","","2.17%"
"06/14/2012","1,346.04","1,346.43","1,348.48","1,333.58","","-0.03%"
"06/13/2012","1,346.43","1,338.07","1,357.53","1,333.37","","1.01%"
"06/08/2012","1,332.92","1,336.38","1,336.44","1,315.94","","-0.26%"
"06/07/2012","1,336.33","1,313.21","1,340.35","1,297.77","","1.76%"
"06/06/2012","1,313.21","1,297.04","1,317.40","1,289.39","","1.25%"
"06/05/2012","1,297.04","1,305.86","1,320.65","1,291.00","","-0.68%"
"06/04/2012","1,305.86","1,298.08","1,314.24","1,280.10","","0.60%"
"06/01/2012","1,298.08","1,306.43","1,320.48","1,278.56","","-0.64%"
"05/31/2012","1,306.42","1,308.30","1,327.26","1,303.67","","-0.14%"
"05/30/2012","1,308.30","1,327.08","1,327.41","1,300.07","","-1.42%"
"05/29/2012","1,327.08","1,290.72","1,329.35","1,290.72","","2.82%"
"05/28/2012","1,290.72","1,281.61","1,304.28","1,280.85","","0.71%"
"05/25/2012","1,281.60","1,284.48","1,295.03","1,273.54","","-0.22%"
"05/24/2012","1,284.48","1,256.55","1,286.58","1,241.58","","2.22%"
"05/23/2012","1,256.55","1,301.02","1,301.81","1,251.92","","-3.42%"
"05/22/2012","1,301.09","1,298.40","1,307.09","1,286.55","","0.21%"
"05/21/2012","1,298.42","1,271.28","1,298.49","1,261.32","","2.12%"
"05/18/2012","1,271.48","1,287.79","1,293.44","1,246.15","","-1.27%"
"05/17/2012","1,287.79","1,335.08","1,342.90","1,282.59","","-3.54%"
"05/16/2012","1,335.10","1,344.76","1,345.08","1,316.40","","-0.72%"
"05/15/2012","1,344.75","1,337.42","1,345.28","1,311.67","","0.55%"
"05/14/2012","1,337.42","1,385.81","1,388.30","1,333.72","","-3.92%"
"05/11/2012","1,392.00","1,408.31","1,409.22","1,373.35","","-1.16%"
"05/10/2012","1,408.31","1,384.02","1,418.11","1,381.66","","1.76%"
"05/08/2012","1,384.02","1,385.14","1,399.58","1,371.20","","-0.08%"
"05/07/2012","1,385.14","1,386.41","1,393.10","1,350.14","","-0.43%"
"05/04/2012","1,391.14","1,442.73","1,442.92","1,385.75","","-3.57%"
"05/03/2012","1,442.71","1,446.04","1,456.54","1,437.19","","-0.23%"
"05/02/2012","1,446.04","1,473.50","1,489.92","1,445.69","","-1.61%"
"04/27/2012","1,469.65","1,447.06","1,469.87","1,439.92","","1.56%"
"04/26/2012","1,447.06","1,461.85","1,467.17","1,440.80","","-1.01%"
"04/25/2012","1,461.85","1,457.42","1,470.20","1,457.14","","0.31%"
"04/24/2012","1,457.40","1,466.27","1,472.13","1,445.80","","-0.61%"
"04/23/2012","1,466.34","1,505.10","1,505.14","1,462.75","","-2.58%"
"04/20/2012","1,505.10","1,496.60","1,506.82","1,485.13","","0.57%"
"04/19/2012","1,496.60","1,468.55","1,503.77","1,467.21","","1.91%"
"04/18/2012","1,468.55","1,471.61","1,485.61","1,465.47","","-0.21%"
"04/17/2012","1,471.61","1,477.75","1,481.25","1,463.02","","-0.41%"
"04/16/2012","1,477.71","1,502.67","1,505.56","1,475.48","","-1.66%"
"04/13/2012","1,502.65","1,501.63","1,516.41","1,496.89","","0.07%"
"04/12/2012","1,501.63","1,505.77","1,512.46","1,488.80","","-0.27%"
"04/11/2012","1,505.77","1,498.08","1,520.37","1,485.83","","0.51%"
"04/10/2012","1,498.07","1,510.51","1,520.12","1,497.64","","-0.82%"
"04/09/2012","1,510.49","1,497.19","1,511.44","1,477.46","","0.89%"
"04/06/2012","1,497.19","1,525.10","1,529.76","1,494.64","","-1.83%"
"04/05/2012","1,525.11","1,512.88","1,527.18","1,495.48","","0.81%"
"04/04/2012","1,512.88","1,550.04","1,550.04","1,506.63","","-2.40%"
"04/03/2012","1,550.05","1,521.90","1,556.53","1,521.74","","1.85%"
"04/02/2012","1,521.90","1,517.33","1,537.73","1,508.30","","0.30%"
"03/30/2012","1,517.34","1,494.86","1,531.92","1,493.87","","1.50%"
"03/29/2012","1,494.86","1,520.37","1,521.60","1,486.93","","-1.68%"
"03/28/2012","1,520.37","1,554.38","1,555.63","1,518.40","","-2.18%"
"03/27/2012","1,554.28","1,565.12","1,574.27","1,549.27","","-0.69%"
"03/26/2012","1,565.12","1,540.39","1,568.86","1,539.52","","1.57%"
"03/23/2012","1,540.97","1,529.51","1,541.68","1,518.24","","0.75%"
"03/22/2012","1,529.51","1,551.76","1,561.11","1,525.60","","-1.44%"
"03/21/2012","1,551.78","1,558.65","1,572.25","1,542.09","","-0.44%"
"03/20/2012","1,558.65","1,586.41","1,594.08","1,556.22","","-1.75%"
"03/19/2012","1,586.41","1,618.99","1,626.83","1,579.14","","-2.01%"
"03/16/2012","1,618.99","1,626.63","1,629.02","1,608.69","","-0.47%"
"03/15/2012","1,626.63","1,631.15","1,639.63","1,618.32","","-0.28%"
"03/14/2012","1,631.15","1,611.88","1,634.31","1,611.46","","1.20%"
"03/13/2012","1,611.88","1,604.26","1,617.53","1,602.21","","0.47%"
"03/12/2012","1,604.26","1,606.37","1,619.24","1,592.53","","2.00%"
"03/07/2012","1,572.83","1,562.19","1,574.84","1,551.07","","0.68%"
"03/06/2012","1,562.19","1,625.72","1,626.02","1,561.19","","-3.91%"
"03/05/2012","1,625.74","1,608.08","1,629.55","1,608.08","","1.10%"
"03/02/2012","1,608.08","1,595.78","1,608.75","1,587.82","","0.77%"
"03/01/2012","1,595.78","1,597.67","1,602.72","1,577.98","","-0.12%"
"02/29/2012","1,597.67","1,574.10","1,599.42","1,574.10","","1.50%"
"02/28/2012","1,574.10","1,592.67","1,604.29","1,570.24","","-1.17%"
"02/27/2012","1,592.66","1,594.50","1,607.69","1,585.44","","-0.12%"
"02/24/2012","1,594.55","1,538.17","1,595.58","1,534.93","","3.67%"
"02/22/2012","1,538.17","1,558.91","1,571.23","1,536.05","","-1.33%"
"02/21/2012","1,558.98","1,579.19","1,580.40","1,555.58","","-1.28%"
"02/20/2012","1,579.19","1,568.54","1,585.75","1,567.29","","0.68%"
"02/17/2012","1,568.54","1,570.36","1,585.15","1,559.82","","-0.12%"
"02/16/2012","1,570.36","1,579.40","1,581.77","1,554.41","","-0.57%"
"02/15/2012","1,579.38","1,562.13","1,582.76","1,555.93","","1.10%"
"02/14/2012","1,562.13","1,559.21","1,574.75","1,553.69","","0.19%"
"02/13/2012","1,559.21","1,525.21","1,560.83","1,524.56","","2.23%"
"02/10/2012","1,525.17","1,541.70","1,544.10","1,521.78","","-1.07%"
"02/09/2012","1,541.64","1,555.09","1,565.90","1,532.60","","-0.87%"
"02/08/2012","1,555.11","1,549.47","1,571.44","1,548.86","","0.36%"
"02/07/2012","1,549.49","1,562.87","1,571.70","1,546.34","","-0.86%"
"02/06/2012","1,562.87","1,564.82","1,570.48","1,557.83","","-0.12%"
"02/03/2012","1,564.82","1,542.44","1,565.52","1,536.30","","1.45%"
"02/02/2012","1,542.39","1,539.36","1,547.62","1,532.40","","0.20%"
"02/01/2012","1,539.36","1,514.02","1,540.48","1,504.13","","1.67%"
"01/31/2012","1,514.03","1,496.24","1,518.36","1,495.80","","1.18%"
"01/30/2012","1,496.30","1,508.04","1,513.96","1,492.03","","-0.78%"
"01/27/2012","1,508.04","1,514.72","1,518.40","1,503.37","","-0.44%"
"01/26/2012","1,514.72","1,498.80","1,519.55","1,498.80","","1.06%"
"01/25/2012","1,498.79","1,488.70","1,507.31","1,488.70","","0.68%"
"01/24/2012","1,488.70","1,499.29","1,502.34","1,480.62","","-0.71%"
"01/23/2012","1,499.27","1,491.05","1,499.84","1,477.02","","0.54%"
"01/20/2012","1,491.15","1,503.71","1,506.84","1,486.16","","-0.83%"
"01/19/2012","1,503.70","1,493.66","1,505.97","1,490.29","","0.67%"
"01/18/2012","1,493.70","1,486.36","1,495.30","1,475.56","","0.50%"
"01/17/2012","1,486.34","1,464.70","1,494.97","1,464.62","","1.50%"
"01/16/2012","1,464.42","1,463.44","1,467.41","1,445.94","","0.07%"
"01/13/2012","1,463.43","1,464.52","1,478.12","1,458.74","","-0.08%"
"01/12/2012","1,464.53","1,465.46","1,485.17","1,457.78","","-0.06%"
"01/11/2012","1,465.47","1,476.86","1,480.28","1,458.72","","-0.77%"
"01/10/2012","1,476.88","1,448.36","1,478.82","1,444.02","","1.97%"
"01/09/2012","1,448.36","1,440.60","1,449.55","1,432.01","","0.54%"
"01/06/2012","1,440.60","1,434.90","1,453.92","1,431.97","","0.40%"
"01/05/2012","1,434.91","1,447.59","1,458.14","1,432.88","","-0.88%"
"01/04/2012","1,447.59","1,444.76","1,453.27","1,437.62","","0.20%"
"01/03/2012","1,444.76","1,402.25","1,445.57","1,401.21","","3.03%"
"12/30/2011","1,402.23","1,387.05","1,409.58","1,382.76","","1.09%"
"12/29/2011","1,387.06","1,383.09","1,387.17","1,360.99","","0.29%"
"12/28/2011","1,383.09","1,386.14","1,391.65","1,379.53","","-0.22%"
"12/27/2011","1,386.14","1,390.08","1,391.05","1,375.96","","-0.28%"
"12/26/2011","1,390.08","1,376.11","1,391.96","1,374.64","","1.02%"
"12/23/2011","1,376.11","1,385.68","1,391.39","1,373.42","","-0.69%"
"12/22/2011","1,385.66","1,385.17","1,393.83","1,372.25","","0.04%"
"12/21/2011","1,385.17","1,409.84","1,420.74","1,380.97","","-1.75%"
"12/20/2011","1,409.84","1,382.87","1,410.22","1,367.40","","1.95%"
"12/19/2011","1,382.88","1,383.42","1,392.62","1,358.65","","-0.04%"
"12/16/2011","1,383.42","1,393.88","1,408.07","1,375.03","","-0.73%"
"12/15/2011","1,393.61","1,371.94","1,396.70","1,350.88","","1.54%"
"12/14/2011","1,372.42","1,377.82","1,406.97","1,360.37","","-0.45%"
"12/13/2011","1,378.56","1,349.96","1,379.33","1,323.20","","2.12%"
"12/12/2011","1,349.96","1,396.28","1,427.29","1,344.82","","-3.32%"
"12/09/2011","1,396.28","1,456.26","1,456.26","1,390.74","","-4.13%"
"12/08/2011","1,456.36","1,448.69","1,482.30","1,448.69","","0.55%"
"12/07/2011","1,448.39","1,458.09","1,471.91","1,437.28","","-0.65%"
"12/06/2011","1,457.90","1,517.45","1,517.45","1,456.03","","-3.95%"
"12/05/2011","1,517.89","1,505.77","1,521.30","1,499.39","","0.80%"
"12/02/2011","1,505.77","1,505.35","1,523.80","1,495.93","","0.03%"
"12/01/2011","1,505.27","1,499.62","1,522.71","1,498.27","","0.38%"
"11/30/2011","1,499.62","1,454.66","1,502.79","1,447.73","","3.09%"
"11/29/2011","1,454.67","1,466.22","1,480.67","1,448.88","","-0.79%"
"11/28/2011","1,466.22","1,411.03","1,469.36","1,411.03","","3.93%"
"11/25/2011","1,410.84","1,392.65","1,411.53","1,363.28","","1.30%"
"11/24/2011","1,392.75","1,404.25","1,417.68","1,391.74","","-0.82%"
"11/23/2011","1,404.26","1,401.91","1,420.74","1,379.50","","0.17%"
"11/22/2011","1,401.91","1,390.55","1,419.98","1,390.10","","0.82%"
"11/21/2011","1,390.56","1,460.54","1,460.54","1,389.13","","-4.79%"
"11/18/2011","1,460.56","1,475.31","1,475.31","1,442.83","","-1.00%"
"11/17/2011","1,475.32","1,483.24","1,494.88","1,447.02","","-0.53%"
"11/16/2011","1,483.24","1,487.84","1,500.04","1,466.36","","-0.31%"
"11/15/2011","1,487.84","1,484.30","1,504.85","1,454.11","","0.23%"
"11/14/2011","1,484.38","1,484.97","1,511.19","1,478.63","","-0.04%"
"11/11/2011","1,484.97","1,489.59","1,498.29","1,464.45","","-0.31%"
"11/10/2011","1,489.58","1,470.78","1,499.65","1,442.57","","1.28%"
"11/09/2011","1,470.80","1,520.93","1,534.63","1,462.41","","-3.29%"
"11/08/2011","1,520.88","1,521.01","1,535.83","1,512.24","","-0.01%"
"11/07/2011","1,521.01","1,501.20","1,522.17","1,486.47","","1.32%"
"11/03/2011","1,501.18","1,501.18","1,501.18","1,501.18","","0.83%"
"11/02/2011","1,488.86","1,456.29","1,490.49","1,455.90","","2.24%"
"11/01/2011","1,456.29","1,498.56","1,498.56","1,440.27","","-2.82%"
"10/31/2011","1,498.60","1,526.22","1,529.73","1,491.95","","-1.83%"
"10/28/2011","1,526.57","1,525.55","1,552.13","1,510.31","","0.07%"
"10/27/2011","1,525.52","1,499.81","1,550.02","1,499.81","","1.72%"
"10/26/2011","1,499.79","1,462.16","1,513.63","1,459.98","","2.57%"
"10/25/2011","1,462.17","1,482.81","1,483.79","1,446.20","","-1.39%"
"10/24/2011","1,482.81","1,447.63","1,483.86","1,447.63","","2.47%"
"10/21/2011","1,447.01","1,418.86","1,447.59","1,411.55","","1.98%"
"10/20/2011","1,418.85","1,420.20","1,425.74","1,390.90","","-0.12%"
"10/19/2011","1,420.50","1,425.30","1,435.39","1,403.34","","-0.33%"
"10/18/2011","1,425.24","1,403.05","1,426.71","1,380.84","","1.58%"
"10/17/2011","1,403.05","1,431.92","1,448.42","1,396.50","","-2.02%"
"10/14/2011","1,431.92","1,388.77","1,434.00","1,386.15","","3.11%"
"10/13/2011","1,388.77","1,396.50","1,413.55","1,381.14","","-0.55%"
"10/12/2011","1,396.51","1,364.06","1,398.19","1,354.93","","2.38%"
"10/11/2011","1,364.06","1,380.84","1,384.13","1,347.12","","-1.22%"
"10/10/2011","1,380.86","1,351.42","1,381.76","1,336.91","","2.18%"
"10/07/2011","1,351.42","1,318.31","1,361.23","1,318.31","","2.51%"
"10/06/2011","1,318.29","1,266.12","1,324.43","1,266.12","","4.16%"
"10/05/2011","1,265.67","1,268.00","1,303.49","1,247.84","","-0.17%"
"10/04/2011","1,267.77","1,344.66","1,350.62","1,242.75","","-5.72%"
"10/03/2011","1,344.66","1,366.45","1,366.45","1,315.98","","-1.60%"
"09/30/2011","1,366.54","1,407.71","1,409.92","1,341.50","","-2.92%"
"09/29/2011","1,407.71","1,377.85","1,419.77","1,363.50","","2.17%"
"09/28/2011","1,377.87","1,380.24","1,395.03","1,358.61","","-0.18%"
"09/27/2011","1,380.42","1,346.90","1,390.69","1,346.90","","2.49%"
"09/26/2011","1,346.86","1,327.19","1,376.14","1,279.23","","1.48%"
"09/23/2011","1,327.19","1,389.43","1,389.43","1,291.87","","-4.48%"
"09/22/2011","1,389.43","1,506.93","1,506.93","1,387.49","","-7.82%"
"09/21/2011","1,507.25","1,519.95","1,528.34","1,505.59","","-0.84%"
"09/20/2011","1,519.95","1,493.19","1,524.33","1,493.06","","1.79%"
"09/19/2011","1,493.19","1,511.48","1,511.48","1,486.05","","-1.21%"
"09/16/2011","1,511.50","1,525.28","1,542.43","1,506.63","","-0.90%"
"09/15/2011","1,525.28","1,504.92","1,552.01","1,504.92","","1.35%"
"09/14/2011","1,504.92","1,498.16","1,520.72","1,482.80","","0.45%"
"09/13/2011","1,498.16","1,493.18","1,514.87","1,476.69","","0.33%"
"09/12/2011","1,493.19","1,518.13","1,518.13","1,469.46","","-1.65%"
"09/09/2011","1,518.22","1,556.41","1,556.41","1,513.38","","-2.46%"
"09/08/2011","1,556.46","1,546.56","1,559.51","1,536.48","","0.64%"
"09/07/2011","1,546.52","1,499.70","1,550.93","1,499.70","","3.12%"
"09/06/2011","1,499.70","1,492.83","1,513.56","1,483.86","","0.46%"
"09/05/2011","1,492.83","1,515.83","1,515.83","1,486.56","","-1.52%"
"09/02/2011","1,515.89","1,549.62","1,549.62","1,510.12","","-2.30%"
"09/01/2011","1,551.58","1,546.05","1,553.81","1,518.42","","0.36%"
"08/31/2011","1,546.05","1,514.11","1,554.18","1,514.11","","2.11%"
"08/30/2011","1,514.10","1,512.35","1,524.93","1,500.23","","0.12%"
"08/29/2011","1,512.36","1,458.82","1,513.95","1,458.82","","3.67%"
"08/26/2011","1,458.84","1,442.54","1,458.91","1,427.31","","1.13%"
"08/25/2011","1,442.51","1,461.64","1,479.91","1,439.83","","-1.31%"
"08/24/2011","1,461.62","1,444.21","1,468.17","1,431.93","","1.21%"
"08/23/2011","1,444.11","1,444.00","1,469.02","1,422.40","","0.01%"
"08/22/2011","1,443.93","1,437.90","1,461.09","1,406.75","","0.36%"
"08/19/2011","1,438.74","1,452.82","1,452.82","1,387.97","","-0.97%"
"08/18/2011","1,452.83","1,509.02","1,509.02","1,429.82","","-3.73%"
"08/17/2011","1,509.19","1,481.19","1,515.76","1,464.88","","1.89%"
"08/16/2011","1,481.18","1,510.66","1,510.66","1,457.43","","-1.95%"
"08/15/2011","1,510.69","1,470.67","1,510.83","1,470.67","","2.73%"
"08/12/2011","1,470.56","1,438.93","1,488.15","1,423.90","","2.20%"
"08/11/2011","1,438.91","1,431.43","1,477.13","1,355.38","","0.52%"
"08/10/2011","1,431.41","1,497.86","1,530.93","1,423.30","","-4.43%"
"08/09/2011","1,497.81","1,499.14","1,515.97","1,387.05","","-0.13%"
"08/08/2011","1,499.79","1,586.95","1,586.95","1,495.05","","-5.50%"
"08/05/2011","1,587.00","1,620.51","1,620.51","1,553.63","","-2.08%"
"08/04/2011","1,620.68","1,655.36","1,670.44","1,619.50","","-2.10%"
"08/03/2011","1,655.36","1,712.91","1,712.91","1,650.77","","-3.38%"
"08/02/2011","1,713.25","1,725.11","1,725.11","1,705.74","","-0.69%"
"08/01/2011","1,725.10","1,705.22","1,741.71","1,705.22","","1.17%"
"07/29/2011","1,705.18","1,720.37","1,720.37","1,690.94","","-0.88%"
"07/28/2011","1,720.38","1,706.27","1,720.82","1,701.25","","0.83%"
"07/27/2011","1,706.28","1,722.12","1,728.44","1,705.10","","-0.92%"
"07/26/2011","1,722.11","1,726.93","1,733.67","1,715.14","","-0.39%"
"07/22/2011","1,728.84","1,729.01","1,735.51","1,720.92","","-0.01%"
"07/21/2011","1,729.00","1,701.48","1,729.00","1,685.22","","1.62%"
"07/20/2011","1,701.37","1,700.19","1,716.62","1,700.19","","0.07%"
"07/19/2011","1,700.13","1,687.71","1,702.46","1,687.71","","0.74%"
"07/18/2011","1,687.63","1,714.60","1,719.86","1,686.12","","-1.57%"
"07/15/2011","1,714.60","1,715.49","1,719.90","1,697.65","","-0.05%"
"07/14/2011","1,715.49","1,714.19","1,723.67","1,698.30","","0.08%"
"07/13/2011","1,714.19","1,705.92","1,714.52","1,691.06","","0.48%"
"07/12/2011","1,705.92","1,701.44","1,706.44","1,684.09","","0.26%"
"07/11/2011","1,701.48","1,724.57","1,725.08","1,699.02","","-1.34%"
"07/08/2011","1,724.57","1,740.47","1,748.32","1,717.76","","-0.92%"
"07/07/2011","1,740.53","1,705.43","1,741.59","1,705.43","","2.06%"
"07/06/2011","1,705.41","1,710.01","1,716.86","1,699.96","","-0.27%"
"07/05/2011","1,709.99","1,706.14","1,717.79","1,697.54","","0.23%"
"07/04/2011","1,706.12","1,698.10","1,708.39","1,695.73","","0.47%"
"07/01/2011","1,698.10","1,666.53","1,702.19","1,656.21","","1.89%"
"06/30/2011","1,666.59","1,659.98","1,668.04","1,653.79","","0.40%"
"06/29/2011","1,660.00","1,651.51","1,666.60","1,651.51","","0.51%"
"06/28/2011","1,651.50","1,626.95","1,651.84","1,626.95","","1.51%"
"06/27/2011","1,626.95","1,633.97","1,634.64","1,616.81","","-0.43%"
"06/24/2011","1,633.99","1,607.97","1,642.62","1,607.97","","1.62%"
"06/23/2011","1,607.91","1,639.94","1,639.94","1,601.12","","-1.96%"
"06/22/2011","1,640.13","1,635.40","1,643.77","1,620.32","","0.29%"
"06/21/2011","1,635.38","1,626.18","1,642.05","1,626.18","","0.57%"
"06/20/2011","1,626.14","1,645.82","1,645.82","1,623.20","","-1.20%"
"06/17/2011","1,645.82","1,671.10","1,671.10","1,638.37","","-1.51%"
"06/16/2011","1,671.10","1,678.82","1,678.82","1,652.72","","-0.46%"
"06/15/2011","1,678.82","1,681.66","1,704.60","1,675.60","","-0.17%"
"06/14/2011","1,681.66","1,683.96","1,696.53","1,676.24","","-0.14%"
"06/10/2011","1,683.96","1,692.28","1,699.02","1,678.72","","-0.50%"
"06/09/2011","1,692.34","1,664.82","1,696.58","1,659.55","","1.65%"
"06/08/2011","1,664.83","1,662.62","1,670.18","1,640.70","","0.13%"
"06/07/2011","1,662.71","1,633.49","1,662.73","1,628.82","","1.79%"
"06/06/2011","1,633.49","1,633.02","1,640.28","1,611.90","","0.03%"
"06/03/2011","1,633.02","1,658.36","1,669.04","1,624.87","","-1.53%"
"06/02/2011","1,658.39","1,650.59","1,658.39","1,627.13","","0.47%"
"06/01/2011","1,650.68","1,666.84","1,672.84","1,647.14","","-0.94%"
"05/31/2011","1,666.30","1,644.99","1,675.72","1,644.99","","1.30%"
"05/30/2011","1,644.99","1,638.06","1,647.59","1,636.00","","0.42%"
"05/27/2011","1,638.06","1,606.27","1,641.27","1,606.27","","1.98%"
"05/26/2011","1,606.21","1,614.86","1,625.35","1,598.23","","-0.54%"
"05/25/2011","1,614.86","1,598.81","1,615.25","1,578.02","","1.00%"
"05/24/2011","1,598.82","1,573.39","1,603.30","1,573.39","","1.63%"
"05/23/2011","1,573.14","1,603.97","1,603.97","1,569.54","","-1.92%"
"05/20/2011","1,603.97","1,630.74","1,641.58","1,600.87","","-1.64%"
"05/19/2011","1,630.72","1,627.03","1,647.05","1,616.81","","0.23%"
"05/18/2011","1,627.03","1,608.67","1,633.80","1,608.36","","1.14%"
"05/17/2011","1,608.66","1,623.05","1,631.50","1,603.08","","-0.88%"
"05/16/2011","1,622.98","1,632.12","1,632.12","1,604.91","","-0.57%"
"05/13/2011","1,632.23","1,630.79","1,646.44","1,626.38","","0.09%"
"05/12/2011","1,630.78","1,654.77","1,654.77","1,616.52","","-1.45%"
"05/11/2011","1,654.78","1,678.27","1,693.83","1,652.30","","-1.39%"
"05/10/2011","1,678.13","1,680.91","1,687.72","1,667.08","","-0.17%"
"05/06/2011","1,681.01","1,644.92","1,681.57","1,621.90","","2.19%"
"05/05/2011","1,644.92","1,657.55","1,673.60","1,627.45","","-0.76%"
"05/04/2011","1,657.54","1,691.45","1,698.29","1,650.08","","-2.00%"
"05/03/2011","1,691.45","1,741.82","1,747.22","1,689.65","","-2.89%"
"04/29/2011","1,741.84","1,749.01","1,749.01","1,723.44","","-0.45%"
"04/28/2011","1,749.65","1,745.87","1,766.96","1,731.62","","0.27%"
"04/27/2011","1,744.95","1,766.28","1,775.60","1,738.66","","-1.21%"
"04/26/2011","1,766.28","1,769.94","1,774.52","1,746.38","","-0.21%"
"04/25/2011","1,769.94","1,793.96","1,814.07","1,767.36","","-1.34%"
"04/22/2011","1,793.96","1,780.60","1,797.53","1,780.14","","0.75%"
"04/21/2011","1,780.60","1,783.59","1,799.09","1,770.91","","-0.16%"
"04/20/2011","1,783.38","1,755.63","1,785.49","1,755.63","","1.58%"
"04/19/2011","1,755.63","1,714.08","1,756.67","1,714.08","","2.42%"
"04/18/2011","1,714.07","1,780.36","1,784.44","1,707.65","","-3.72%"
"04/15/2011","1,780.36","1,781.50","1,792.99","1,772.04","","-0.06%"
"04/14/2011","1,781.51","1,809.83","1,809.83","1,765.15","","-1.56%"
"04/13/2011","1,809.83","1,799.94","1,810.44","1,786.62","","0.55%"
"04/12/2011","1,799.94","1,845.78","1,845.78","1,792.33","","-2.48%"
"04/11/2011","1,845.78","1,855.97","1,864.59","1,836.86","","-0.55%"
"04/08/2011","1,855.97","1,844.33","1,860.01","1,844.33","","0.63%"
"04/07/2011","1,844.33","1,859.99","1,859.99","1,839.35","","-0.84%"
"04/06/2011","1,859.99","1,848.21","1,865.30","1,844.89","","0.64%"
"04/05/2011","1,848.21","1,852.06","1,863.35","1,835.88","","-0.21%"
"04/04/2011","1,852.02","1,843.43","1,858.78","1,841.25","","0.47%"
"04/01/2011","1,843.43","1,813.59","1,844.75","1,806.03","","1.65%"
"03/31/2011","1,813.59","1,815.60","1,820.16","1,802.55","","-0.11%"
"03/30/2011","1,815.60","1,788.17","1,817.26","1,788.17","","1.54%"
"03/29/2011","1,788.14","1,810.74","1,813.82","1,781.20","","-1.26%"
"03/28/2011","1,810.90","1,807.53","1,813.21","1,799.84","","0.19%"
"03/25/2011","1,807.46","1,795.40","1,808.61","1,788.19","","0.67%"
"03/24/2011","1,795.40","1,770.58","1,795.66","1,770.58","","1.40%"
"03/23/2011","1,770.56","1,741.25","1,770.77","1,732.61","","1.68%"
"03/22/2011","1,741.34","1,753.18","1,753.36","1,730.35","","-0.68%"
"03/21/2011","1,753.19","1,747.32","1,760.99","1,742.24","","0.34%"
"03/18/2011","1,747.32","1,737.66","1,753.39","1,732.80","","0.56%"
"03/17/2011","1,737.62","1,705.20","1,739.89","1,703.20","","1.90%"
"03/16/2011","1,705.18","1,700.69","1,732.79","1,698.26","","0.27%"
"03/15/2011","1,700.54","1,726.78","1,726.78","1,681.08","","-1.52%"
"03/14/2011","1,726.78","1,719.95","1,747.18","1,706.88","","0.40%"
"03/11/2011","1,719.95","1,731.80","1,739.36","1,712.35","","-0.68%"
"03/10/2011","1,731.80","1,779.14","1,779.14","1,730.45","","-2.67%"
"03/09/2011","1,779.24","1,780.63","1,793.10","1,769.81","","0.81%"
"03/04/2011","1,764.96","1,772.83","1,783.82","1,758.63","","-0.44%"
"03/03/2011","1,772.83","1,765.38","1,787.69","1,765.38","","0.42%"
"03/02/2011","1,765.38","1,758.44","1,765.87","1,746.11","","0.39%"
"03/01/2011","1,758.44","1,777.84","1,788.53","1,753.13","","-1.09%"
"02/28/2011","1,777.84","1,747.72","1,780.39","1,743.16","","1.72%"
"02/25/2011","1,747.72","1,715.20","1,748.63","1,713.88","","1.90%"
"02/24/2011","1,715.20","1,700.98","1,721.99","1,687.63","","0.84%"
"02/22/2011","1,700.98","1,712.63","1,712.63","1,682.46","","-0.68%"
"02/21/2011","1,712.63","1,690.09","1,717.01","1,683.78","","1.33%"
"02/18/2011","1,690.11","1,692.95","1,700.61","1,680.91","","-0.17%"
"02/17/2011","1,692.91","1,707.14","1,722.24","1,692.32","","-0.83%"
"02/16/2011","1,707.14","1,695.98","1,709.27","1,688.39","","0.66%"
"02/15/2011","1,695.98","1,708.45","1,720.86","1,693.17","","-0.73%"
"02/14/2011","1,708.43","1,714.09","1,732.41","1,703.72","","-0.32%"
"02/11/2011","1,713.93","1,676.77","1,715.64","1,673.95","","2.22%"
"02/10/2011","1,676.77","1,723.32","1,723.49","1,675.95","","-2.70%"
"02/09/2011","1,723.32","1,729.53","1,738.36","1,713.36","","-0.36%"
"02/08/2011","1,729.53","1,767.31","1,770.13","1,729.09","","-2.14%"
"02/07/2011","1,767.31","1,766.53","1,773.04","1,745.29","","0.04%"
"02/04/2011","1,766.53","1,749.78","1,770.06","1,749.78","","0.96%"
"02/03/2011","1,749.78","1,765.43","1,775.47","1,746.78","","-0.89%"
"02/02/2011","1,765.42","1,755.95","1,779.08","1,755.84","","0.54%"
"02/01/2011","1,755.95","1,723.45","1,757.49","1,723.45","","1.89%"
"01/31/2011","1,723.42","1,734.93","1,734.93","1,705.46","","-0.67%"
"01/28/2011","1,735.01","1,751.47","1,751.47","1,730.67","","-0.94%"
"01/27/2011","1,751.54","1,746.55","1,758.16","1,738.15","","0.29%"
"01/26/2011","1,746.55","1,716.24","1,746.91","1,716.24","","1.77%"
"01/25/2011","1,716.24","1,720.70","1,730.90","1,709.66","","-0.26%"
"01/24/2011","1,720.70","1,747.39","1,750.49","1,705.11","","-1.53%"
"01/21/2011","1,747.39","1,733.89","1,752.39","1,723.85","","0.78%"
"01/20/2011","1,733.89","1,764.31","1,764.31","1,732.89","","-1.73%"
"01/19/2011","1,764.44","1,765.30","1,778.27","1,760.23","","-0.05%"
"01/18/2011","1,765.30","1,771.69","1,788.74","1,754.86","","-0.36%"
"01/17/2011","1,771.66","1,745.15","1,773.98","1,745.15","","1.54%"
"01/14/2011","1,744.74","1,749.75","1,757.56","1,731.84","","-0.29%"
"01/13/2011","1,749.75","1,759.46","1,768.24","1,743.72","","-0.55%"
"01/12/2011","1,759.46","1,714.04","1,760.10","1,714.04","","2.65%"
"01/11/2011","1,713.97","1,688.00","1,714.25","1,687.15","","1.54%"
"12/30/2010","1,687.99","1,677.68","1,688.12","1,673.64","","0.61%"
"12/29/2010","1,677.68","1,664.86","1,678.49","1,664.82","","0.77%"
"12/28/2010","1,664.86","1,663.55","1,671.10","1,660.57","","0.08%"
"12/27/2010","1,663.55","1,675.81","1,676.27","1,662.81","","-0.73%"
"12/24/2010","1,675.81","1,684.52","1,686.52","1,673.23","","-0.52%"
"12/23/2010","1,684.52","1,682.74","1,686.31","1,676.92","","0.11%"
"12/22/2010","1,682.61","1,673.84","1,686.50","1,673.84","","0.52%"
"12/21/2010","1,673.83","1,663.29","1,675.85","1,663.29","","0.64%"
"12/20/2010","1,663.11","1,666.84","1,668.90","1,657.88","","-0.22%"
"12/17/2010","1,666.84","1,660.22","1,674.12","1,660.20","","0.40%"
"12/16/2010","1,660.20","1,670.26","1,670.80","1,657.76","","-0.60%"
"12/15/2010","1,670.26","1,666.12","1,680.82","1,653.83","","0.24%"
"12/14/2010","1,666.28","1,662.51","1,667.27","1,648.86","","0.23%"
"12/13/2010","1,662.45","1,656.51","1,673.14","1,656.51","","0.37%"
"12/10/2010","1,656.34","1,660.62","1,663.51","1,646.44","","-0.26%"
"12/09/2010","1,660.62","1,650.36","1,667.88","1,650.36","","0.64%"
"12/08/2010","1,650.08","1,676.41","1,687.20","1,649.28","","-1.57%"
"12/07/2010","1,676.41","1,672.99","1,702.64","1,671.44","","0.23%"
"12/06/2010","1,672.57","1,649.56","1,672.90","1,649.31","","1.39%"
"12/03/2010","1,649.56","1,632.32","1,658.53","1,628.87","","1.05%"
"12/02/2010","1,632.37","1,601.78","1,633.60","1,601.78","","1.91%"
"12/01/2010","1,601.76","1,565.60","1,604.35","1,565.60","","2.31%"
"11/30/2010","1,565.52","1,554.67","1,570.67","1,549.53","","0.70%"
"11/29/2010","1,554.65","1,566.47","1,578.46","1,549.40","","-0.75%"
"11/26/2010","1,566.41","1,571.31","1,576.59","1,555.15","","-0.31%"
"11/25/2010","1,571.31","1,561.97","1,574.40","1,558.92","","0.60%"
"11/24/2010","1,561.97","1,537.67","1,564.75","1,528.15","","1.63%"
"11/23/2010","1,536.87","1,550.42","1,550.42","1,531.65","","-0.87%"
"11/22/2010","1,550.42","1,556.80","1,573.32","1,549.13","","-0.41%"
"11/19/2010","1,556.80","1,552.21","1,557.49","1,542.09","","0.30%"
"11/18/2010","1,552.21","1,533.92","1,552.42","1,533.92","","1.19%"
"11/17/2010","1,533.92","1,526.64","1,535.26","1,515.13","","0.48%"
"11/16/2010","1,526.64","1,556.18","1,556.18","1,524.57","","-1.90%"
"11/15/2010","1,556.18","1,541.10","1,560.77","1,535.80","","0.47%"
"11/12/2010","1,548.96","1,556.37","1,556.37","1,536.95","","-0.48%"
"11/11/2010","1,556.43","1,574.68","1,584.75","1,556.05","","-1.16%"
"11/10/2010","1,574.63","1,594.70","1,594.70","1,570.29","","-1.26%"
"11/09/2010","1,594.72","1,568.26","1,597.51","1,566.56","","1.69%"
"11/08/2010","1,568.26","1,540.11","1,577.94","1,540.11","","1.83%"
"11/03/2010","1,540.11","1,537.29","1,547.03","1,535.29","","0.18%"
"11/02/2010","1,537.27","1,533.70","1,540.35","1,530.76","","0.23%"
"11/01/2010","1,533.70","1,523.40","1,542.23","1,523.40","","0.68%"
"10/29/2010","1,523.39","1,506.50","1,524.90","1,502.21","","1.11%"
"10/28/2010","1,506.60","1,507.05","1,519.77","1,504.60","","-0.03%"
"10/27/2010","1,507.05","1,524.83","1,525.24","1,506.99","","-1.17%"
"10/26/2010","1,524.83","1,528.12","1,532.20","1,516.23","","-0.22%"
"10/25/2010","1,528.24","1,519.35","1,538.43","1,519.35","","0.59%"
"10/22/2010","1,519.30","1,528.00","1,531.02","1,512.93","","-0.58%"
"10/21/2010","1,528.11","1,493.49","1,528.80","1,489.35","","2.32%"
"10/20/2010","1,493.49","1,490.49","1,494.44","1,474.10","","0.20%"
"10/19/2010","1,490.49","1,500.65","1,513.57","1,488.58","","-0.68%"
"10/18/2010","1,500.65","1,491.46","1,502.48","1,479.40","","0.61%"
"10/15/2010","1,491.48","1,489.04","1,500.66","1,484.23","","0.16%"
"10/14/2010","1,489.06","1,493.21","1,500.45","1,483.26","","-0.28%"
"10/13/2010","1,493.21","1,477.80","1,497.75","1,477.80","","1.04%"
"10/12/2010","1,477.78","1,482.07","1,482.07","1,466.73","","-0.29%"
"10/11/2010","1,482.11","1,464.67","1,482.29","1,464.67","","1.19%"
"10/08/2010","1,464.67","1,468.25","1,468.25","1,453.38","","-0.25%"
"10/07/2010","1,468.31","1,475.19","1,480.16","1,465.84","","-0.46%"
"10/06/2010","1,475.12","1,474.15","1,485.64","1,465.68","","0.07%"
"10/05/2010","1,474.03","1,465.09","1,474.45","1,455.97","","0.61%"
"10/04/2010","1,465.09","1,455.63","1,470.78","1,455.12","","0.65%"
"10/01/2010","1,455.63","1,440.30","1,462.30","1,436.32","","1.06%"
"09/30/2010","1,440.30","1,419.18","1,441.24","1,417.42","","1.49%"
"09/29/2010","1,419.18","1,410.11","1,423.78","1,410.11","","0.64%"
"09/28/2010","1,410.11","1,418.67","1,419.42","1,405.42","","-0.60%"
"09/27/2010","1,418.67","1,436.07","1,444.77","1,417.95","","-1.21%"
"09/24/2010","1,436.06","1,430.12","1,436.58","1,418.87","","0.42%"
"09/23/2010","1,430.12","1,431.21","1,440.31","1,420.08","","-0.08%"
"09/22/2010","1,431.21","1,433.90","1,438.97","1,417.57","","-0.19%"
"09/21/2010","1,433.90","1,426.84","1,442.56","1,426.76","","0.49%"
"09/20/2010","1,426.84","1,417.72","1,427.13","1,412.84","","0.65%"
"09/17/2010","1,417.65","1,431.09","1,442.53","1,417.04","","-0.94%"
"09/16/2010","1,431.09","1,436.02","1,439.78","1,427.69","","-0.37%"
"09/15/2010","1,436.38","1,433.22","1,436.58","1,420.92","","0.22%"
"09/14/2010","1,433.22","1,441.58","1,443.32","1,428.01","","-0.58%"
"09/13/2010","1,441.58","1,433.89","1,452.21","1,433.89","","0.54%"
"09/10/2010","1,433.82","1,437.45","1,441.77","1,427.43","","-0.25%"
"09/09/2010","1,437.47","1,422.09","1,445.58","1,416.62","","1.08%"
"09/08/2010","1,422.08","1,398.38","1,423.23","1,393.99","","1.67%"
"09/07/2010","1,398.70","1,408.60","1,408.60","1,390.03","","-0.71%"
"09/06/2010","1,408.64","1,410.17","1,418.54","1,407.19","","-0.11%"
"09/03/2010","1,410.16","1,401.83","1,419.17","1,395.89","","0.60%"
"09/02/2010","1,401.81","1,394.56","1,407.54","1,392.41","","0.52%"
"09/01/2010","1,394.57","1,368.93","1,396.21","1,364.59","","1.88%"
"08/31/2010","1,368.90","1,370.77","1,370.77","1,351.36","","-0.14%"
"08/30/2010","1,370.77","1,366.50","1,379.69","1,366.50","","0.31%"
"08/27/2010","1,366.50","1,356.25","1,367.37","1,344.54","","0.74%"
"08/26/2010","1,356.43","1,334.80","1,357.27","1,334.80","","1.63%"
"08/25/2010","1,334.66","1,339.82","1,352.71","1,328.17","","-0.39%"
"08/24/2010","1,339.82","1,366.68","1,366.68","1,337.46","","-1.97%"
"08/23/2010","1,366.76","1,366.32","1,374.00","1,356.40","","0.03%"
"08/20/2010","1,366.32","1,375.11","1,379.36","1,357.94","","-0.64%"
"08/19/2010","1,375.11","1,386.79","1,400.94","1,374.41","","-0.84%"
"08/18/2010","1,386.80","1,391.47","1,391.47","1,380.21","","-0.34%"
"08/17/2010","1,391.47","1,373.22","1,394.65","1,373.19","","1.33%"
"08/16/2010","1,373.22","1,371.46","1,378.80","1,356.31","","0.13%"
"08/13/2010","1,371.46","1,375.54","1,386.72","1,366.02","","-0.30%"
"08/12/2010","1,375.54","1,376.88","1,387.94","1,364.50","","-0.10%"
"08/11/2010","1,376.88","1,397.65","1,397.65","1,372.29","","-1.49%"
"08/10/2010","1,397.66","1,419.20","1,419.20","1,388.94","","-1.52%"
"08/09/2010","1,419.20","1,403.09","1,427.89","1,403.09","","1.15%"
"08/06/2010","1,403.08","1,414.65","1,423.39","1,397.35","","-0.82%"
"08/05/2010","1,414.65","1,418.18","1,429.22","1,407.14","","-0.24%"
"08/04/2010","1,418.05","1,412.25","1,429.03","1,400.65","","0.41%"
"08/03/2010","1,412.25","1,429.36","1,433.63","1,406.00","","-1.20%"
"08/02/2010","1,429.36","1,397.15","1,431.54","1,397.14","","2.31%"
"07/30/2010","1,397.12","1,418.30","1,418.30","1,382.71","","-1.50%"
"07/29/2010","1,418.35","1,394.89","1,425.01","1,394.89","","1.68%"
"07/28/2010","1,394.89","1,401.56","1,411.38","1,388.79","","-0.48%"
"07/27/2010","1,401.56","1,396.92","1,414.00","1,391.77","","0.33%"
"07/26/2010","1,396.92","1,380.88","1,399.52","1,380.88","","1.16%"
"07/23/2010","1,380.86","1,381.35","1,389.16","1,373.91","","-0.04%"
"07/22/2010","1,381.36","1,354.83","1,381.45","1,343.91","","1.96%"
"07/21/2010","1,354.83","1,328.85","1,360.06","1,328.85","","1.97%"
"07/20/2010","1,328.71","1,336.63","1,349.66","1,319.74","","-0.59%"
"07/19/2010","1,336.55","1,327.55","1,346.66","1,322.37","","0.68%"
"07/16/2010","1,327.55","1,340.22","1,353.70","1,325.23","","-0.94%"
"07/15/2010","1,340.20","1,358.59","1,375.64","1,339.88","","-1.35%"
"07/14/2010","1,358.60","1,367.91","1,379.51","1,353.98","","-0.68%"
"07/13/2010","1,367.91","1,344.57","1,373.23","1,337.14","","1.74%"
"07/12/2010","1,344.57","1,324.17","1,351.21","1,319.65","","1.54%"
"07/09/2010","1,324.17","1,320.68","1,332.38","1,308.56","","0.27%"
"07/08/2010","1,320.64","1,327.77","1,346.65","1,319.54","","-0.54%"
"07/07/2010","1,327.77","1,327.63","1,330.15","1,294.41","","0.01%"
"07/06/2010","1,327.63","1,292.20","1,328.14","1,292.20","","2.74%"
"07/05/2010","1,292.19","1,288.05","1,297.47","1,281.71","","0.32%"
"07/02/2010","1,288.05","1,255.18","1,288.86","1,255.18","","2.66%"
"07/01/2010","1,254.65","1,309.31","1,309.31","1,253.45","","-4.17%"
"06/30/2010","1,309.31","1,323.29","1,329.15","1,301.39","","-1.06%"
"06/29/2010","1,323.29","1,363.40","1,363.40","1,315.85","","-2.94%"
"06/28/2010","1,363.40","1,347.58","1,370.20","1,347.58","","1.17%"
"06/25/2010","1,347.58","1,363.15","1,366.75","1,346.13","","-1.14%"
"06/24/2010","1,363.15","1,377.97","1,389.01","1,360.21","","-1.08%"
"06/23/2010","1,377.97","1,388.24","1,394.66","1,371.06","","-0.73%"
"06/22/2010","1,388.11","1,405.12","1,405.12","1,380.16","","-1.29%"
"06/21/2010","1,406.21","1,367.75","1,407.95","1,367.75","","2.81%"
"06/18/2010","1,367.71","1,356.18","1,368.94","1,350.53","","0.85%"
"06/17/2010","1,356.18","1,369.58","1,383.39","1,351.98","","-0.98%"
"06/16/2010","1,369.59","1,371.31","1,383.39","1,356.86","","-0.13%"
"06/15/2010","1,371.31","1,336.14","1,371.66","1,334.58","","2.64%"
"06/11/2010","1,336.09","1,340.09","1,345.95","1,323.27","","-0.30%"
"06/10/2010","1,340.09","1,315.15","1,340.45","1,301.16","","1.90%"
"06/09/2010","1,315.13","1,301.41","1,323.98","1,301.41","","1.05%"
"06/08/2010","1,301.41","1,322.00","1,338.70","1,297.57","","-1.56%"
"06/07/2010","1,322.00","1,333.49","1,333.49","1,289.05","","-0.86%"
"06/04/2010","1,333.49","1,350.46","1,378.20","1,322.85","","-1.26%"
"06/03/2010","1,350.48","1,341.41","1,371.82","1,341.41","","0.69%"
"06/02/2010","1,341.24","1,325.47","1,344.59","1,301.31","","1.19%"
"06/01/2010","1,325.49","1,332.62","1,332.62","1,297.09","","-0.54%"
"05/31/2010","1,332.62","1,309.08","1,333.23","1,304.67","","1.80%"
"05/28/2010","1,309.09","1,306.47","1,313.37","1,292.40","","0.24%"
"05/27/2010","1,305.99","1,265.18","1,310.49","1,259.67","","3.23%"
"05/26/2010","1,265.18","1,198.18","1,266.13","1,198.18","","5.66%"
"05/25/2010","1,197.39","1,269.10","1,269.10","1,194.92","","-5.67%"
"05/24/2010","1,269.37","1,264.83","1,287.11","1,248.36","","0.35%"
"05/21/2010","1,264.91","1,264.06","1,279.92","1,237.26","","0.07%"
"05/20/2010","1,263.99","1,320.90","1,340.40","1,261.16","","-4.31%"
"05/19/2010","1,320.90","1,362.25","1,362.25","1,311.84","","-3.04%"
"05/18/2010","1,362.32","1,357.51","1,369.36","1,345.95","","0.37%"
"05/17/2010","1,357.26","1,351.92","1,362.40","1,316.37","","0.39%"
"05/14/2010","1,352.01","1,378.69","1,378.69","1,347.06","","-1.94%"
"05/13/2010","1,378.70","1,391.94","1,418.09","1,363.54","","-0.95%"
"05/12/2010","1,391.87","1,334.03","1,395.50","1,323.66","","4.33%"
"05/11/2010","1,334.15","1,289.28","1,342.64","1,289.28","","3.53%"
"05/07/2010","1,288.61","1,365.09","1,365.09","1,282.86","","-5.61%"
"05/06/2010","1,365.13","1,378.43","1,391.51","1,362.97","","-0.96%"
"05/05/2010","1,378.43","1,393.07","1,403.85","1,357.69","","-1.05%"
"05/04/2010","1,393.07","1,436.04","1,448.67","1,392.33","","-2.99%"
"04/30/2010","1,436.04","1,455.12","1,455.98","1,430.91","","-1.31%"
"04/29/2010","1,455.14","1,430.81","1,455.21","1,430.81","","1.74%"
"04/28/2010","1,430.28","1,462.70","1,462.70","1,424.25","","-2.31%"
"04/27/2010","1,464.17","1,484.19","1,484.19","1,454.69","","-1.35%"
"04/26/2010","1,484.26","1,467.64","1,489.41","1,467.64","","1.13%"
"04/23/2010","1,467.62","1,443.36","1,467.62","1,443.36","","1.68%"
"04/22/2010","1,443.36","1,465.87","1,475.41","1,436.48","","-1.54%"
"04/21/2010","1,465.87","1,473.92","1,488.90","1,462.20","","-0.55%"
"04/20/2010","1,473.92","1,459.18","1,482.37","1,459.18","","1.01%"
"04/19/2010","1,459.17","1,494.98","1,494.98","1,438.51","","-2.40%"
"04/16/2010","1,495.08","1,530.92","1,530.92","1,494.53","","-2.34%"
"04/15/2010","1,530.93","1,526.61","1,539.65","1,519.99","","0.28%"
"04/14/2010","1,526.61","1,499.36","1,527.87","1,499.36","","1.82%"
"04/13/2010","1,499.34","1,502.64","1,508.33","1,488.90","","-0.22%"
"04/12/2010","1,502.66","1,496.88","1,512.07","1,493.23","","0.39%"
"04/09/2010","1,496.88","1,476.59","1,502.66","1,476.59","","1.37%"
"04/08/2010","1,476.59","1,478.41","1,479.56","1,460.37","","-0.13%"
"04/07/2010","1,478.44","1,498.64","1,501.45","1,476.60","","-1.35%"
"04/06/2010","1,498.64","1,487.51","1,506.03","1,479.19","","0.75%"
"04/05/2010","1,487.55","1,480.46","1,488.56","1,473.66","","0.50%"
"04/02/2010","1,480.17","1,479.73","1,488.22","1,472.58","","0.03%"
"04/01/2010","1,479.66","1,450.16","1,482.40","1,450.16","","2.03%"
"03/31/2010","1,450.15","1,443.82","1,461.89","1,438.35","","0.44%"
"03/30/2010","1,443.81","1,440.20","1,450.04","1,433.19","","0.25%"
"03/29/2010","1,440.20","1,415.54","1,440.85","1,411.79","","1.74%"
"03/26/2010","1,415.54","1,406.71","1,419.82","1,403.51","","0.63%"
"03/25/2010","1,406.66","1,404.76","1,412.14","1,395.13","","0.13%"
"03/24/2010","1,404.77","1,410.61","1,417.26","1,398.44","","-0.41%"
"03/23/2010","1,410.61","1,417.85","1,427.61","1,404.15","","-0.49%"
"03/22/2010","1,417.55","1,421.00","1,421.00","1,398.02","","-0.25%"
"03/19/2010","1,421.09","1,433.45","1,441.32","1,415.92","","-0.86%"
"03/18/2010","1,433.45","1,435.23","1,449.78","1,425.46","","-0.13%"
"03/17/2010","1,435.31","1,420.76","1,442.14","1,420.76","","1.02%"
"03/16/2010","1,420.76","1,400.25","1,421.06","1,400.25","","1.47%"
"03/15/2010","1,400.19","1,415.68","1,416.85","1,398.97","","-1.10%"
"03/12/2010","1,415.75","1,395.91","1,424.52","1,395.91","","1.42%"
"03/11/2010","1,395.91","1,402.35","1,411.45","1,389.68","","-0.46%"
"03/10/2010","1,402.35","1,412.10","1,423.06","1,397.50","","-0.72%"
"03/09/2010","1,412.55","1,414.34","1,421.14","1,396.57","","-0.13%"
"03/05/2010","1,414.37","1,384.44","1,414.48","1,384.44","","2.16%"
"03/04/2010","1,384.44","1,379.32","1,395.98","1,366.55","","0.37%"
"03/03/2010","1,379.32","1,368.09","1,382.22","1,355.47","","0.82%"
"03/02/2010","1,368.09","1,356.27","1,371.83","1,351.06","","0.87%"
"03/01/2010","1,356.27","1,332.97","1,358.04","1,332.97","","2.46%"
"02/26/2010","1,323.72","1,306.50","1,324.57","1,306.50","","1.32%"
"02/25/2010","1,306.46","1,334.33","1,334.42","1,297.14","","-2.10%"
"02/24/2010","1,334.53","1,353.75","1,353.75","1,324.49","","-1.42%"
"02/19/2010","1,353.75","1,338.77","1,354.05","1,310.65","","1.12%"
"02/18/2010","1,338.77","1,354.07","1,354.07","1,324.90","","-1.13%"
"02/17/2010","1,354.09","1,361.49","1,373.22","1,350.12","","-0.54%"
"02/16/2010","1,361.49","1,319.22","1,361.87","1,319.22","","3.20%"
"02/15/2010","1,319.22","1,304.88","1,319.37","1,301.80","","1.10%"
"02/12/2010","1,304.86","1,329.37","1,346.22","1,294.21","","-1.84%"
"02/11/2010","1,329.35","1,327.24","1,348.20","1,320.55","","0.16%"
"02/10/2010","1,327.24","1,338.16","1,359.12","1,319.68","","-0.82%"
"02/09/2010","1,338.16","1,322.24","1,343.71","1,320.93","","1.21%"
"02/08/2010","1,322.15","1,355.64","1,370.52","1,319.06","","-2.47%"
"02/05/2010","1,355.64","1,395.86","1,395.86","1,344.74","","-2.88%"
"02/04/2010","1,395.87","1,431.08","1,437.04","1,390.54","","-2.46%"
"02/03/2010","1,431.08","1,436.63","1,455.51","1,430.00","","-0.39%"
"02/02/2010","1,436.63","1,417.00","1,436.90","1,417.00","","1.39%"
"02/01/2010","1,417.00","1,419.42","1,419.57","1,395.92","","-0.17%"
"01/29/2010","1,419.42","1,406.46","1,419.55","1,390.32","","0.92%"
"01/28/2010","1,406.55","1,391.25","1,425.60","1,391.25","","1.10%"
"01/27/2010","1,391.25","1,384.79","1,405.28","1,363.03","","0.47%"
"01/26/2010","1,384.79","1,415.81","1,416.03","1,370.44","","-2.19%"
"01/25/2010","1,415.86","1,410.37","1,423.25","1,396.39","","0.39%"
"01/22/2010","1,410.38","1,435.90","1,435.90","1,394.91","","-1.78%"
"01/21/2010","1,435.90","1,461.23","1,470.57","1,435.45","","-1.73%"
"01/20/2010","1,461.23","1,484.03","1,491.36","1,458.21","","-1.54%"
"01/19/2010","1,484.03","1,479.52","1,485.76","1,454.91","","0.30%"
"01/18/2010","1,479.53","1,452.67","1,479.76","1,444.90","","1.85%"
"01/15/2010","1,452.67","1,455.47","1,469.55","1,448.68","","-0.20%"
"01/14/2010","1,455.65","1,435.01","1,456.34","1,435.01","","1.44%"
"01/13/2010","1,435.01","1,427.62","1,444.86","1,412.87","","0.51%"
"01/12/2010","1,427.67","1,444.78","1,445.70","1,424.73","","-1.18%"
"01/11/2010","1,444.78","1,370.30","1,456.78","1,370.30","","5.46%"
"12/31/2009","1,370.01","1,362.01","1,370.75","1,361.96","","0.59%"
"12/30/2009","1,362.01","1,368.51","1,369.81","1,356.53","","-0.47%"
"12/29/2009","1,368.51","1,361.64","1,369.07","1,360.30","","0.51%"
"12/28/2009","1,361.58","1,357.11","1,372.03","1,357.11","","0.33%"
"12/25/2009","1,357.11","1,351.24","1,358.25","1,341.21","","0.44%"
"12/24/2009","1,351.19","1,366.78","1,375.16","1,340.25","","-1.14%"
"12/23/2009","1,366.78","1,366.21","1,376.38","1,359.36","","0.04%"
"12/22/2009","1,366.18","1,377.93","1,378.18","1,358.46","","-0.85%"
"12/21/2009","1,377.93","1,368.72","1,384.34","1,363.19","","0.69%"
"12/18/2009","1,368.43","1,360.48","1,392.80","1,360.48","","0.58%"
"12/17/2009","1,360.48","1,388.59","1,401.38","1,358.46","","-2.02%"
"12/16/2009","1,388.59","1,332.29","1,389.44","1,329.02","","4.23%"
"12/15/2009","1,332.29","1,317.76","1,412.27","1,312.42","","1.14%"
"12/14/2009","1,317.33","1,301.51","1,324.34","1,301.51","","1.23%"
"12/11/2009","1,301.33","1,304.61","1,316.90","1,296.68","","-0.25%"
"12/10/2009","1,304.61","1,302.36","1,311.80","1,285.01","","0.17%"
"12/09/2009","1,302.37","1,310.96","1,320.26","1,293.89","","-0.66%"
"12/08/2009","1,310.97","1,322.09","1,331.25","1,302.72","","-0.84%"
"12/07/2009","1,322.09","1,342.58","1,342.58","1,308.33","","-1.53%"
"12/04/2009","1,342.58","1,310.62","1,344.74","1,296.08","","2.40%"
"12/03/2009","1,311.08","1,325.76","1,349.64","1,310.67","","-1.11%"
"12/02/2009","1,325.76","1,319.36","1,337.22","1,309.93","","0.49%"
"12/01/2009","1,319.35","1,284.99","1,321.21","1,284.99","","2.68%"
"11/30/2009","1,284.95","1,286.11","1,304.81","1,263.30","","-0.08%"
"11/27/2009","1,286.04","1,268.87","1,288.34","1,203.11","","1.35%"
"11/26/2009","1,268.92","1,311.95","1,311.95","1,255.03","","-3.29%"
"11/25/2009","1,312.07","1,331.17","1,342.47","1,300.13","","-1.43%"
"11/24/2009","1,331.12","1,353.50","1,353.50","1,315.37","","-1.77%"
"11/23/2009","1,355.05","1,334.16","1,365.52","1,334.16","","1.57%"
"11/20/2009","1,334.15","1,335.54","1,355.70","1,315.35","","-0.10%"
"11/19/2009","1,335.52","1,371.82","1,371.82","1,334.90","","-2.65%"
"11/18/2009","1,371.82","1,353.90","1,391.79","1,353.90","","1.35%"
"11/17/2009","1,353.61","1,365.18","1,365.18","1,343.16","","-0.85%"
"11/16/2009","1,365.18","1,311.10","1,365.86","1,311.10","","4.19%"
"11/13/2009","1,310.27","1,315.86","1,315.86","1,296.87","","-0.42%"
"11/12/2009","1,315.78","1,316.17","1,318.59","1,294.10","","-0.03%"
"11/11/2009","1,316.19","1,322.80","1,338.22","1,315.39","","-0.50%"
"11/10/2009","1,322.80","1,304.63","1,329.48","1,290.00","","1.39%"
"11/09/2009","1,304.62","1,241.92","1,304.71","1,241.92","","5.05%"
"11/06/2009","1,241.92","1,258.50","1,269.13","1,230.68","","-1.32%"
"11/05/2009","1,258.50","1,218.43","1,258.66","1,217.59","","3.29%"
"11/03/2009","1,218.42","1,266.30","1,266.30","1,214.89","","-3.78%"
"11/02/2009","1,266.30","1,237.06","1,266.69","1,213.86","","2.35%"
"10/30/2009","1,237.18","1,291.99","1,300.37","1,233.83","","-4.24%"
"10/29/2009","1,291.99","1,253.35","1,294.00","1,222.07","","3.08%"
"10/28/2009","1,253.35","1,333.32","1,333.32","1,253.22","","-6.00%"
"10/27/2009","1,333.32","1,358.31","1,358.31","1,310.14","","-1.84%"
"10/26/2009","1,358.31","1,365.05","1,378.79","1,354.00","","-0.50%"
"10/23/2009","1,365.09","1,359.48","1,380.40","1,357.83","","0.44%"
"10/22/2009","1,359.06","1,372.95","1,372.95","1,339.67","","-1.03%"
"10/21/2009","1,373.20","1,361.75","1,373.75","1,327.44","","0.84%"
"10/20/2009","1,361.75","1,365.24","1,388.79","1,352.49","","-0.26%"
"10/19/2009","1,365.24","1,317.09","1,365.61","1,317.09","","3.66%"
"10/16/2009","1,317.07","1,341.68","1,366.06","1,314.24","","-1.83%"
"10/15/2009","1,341.64","1,362.88","1,383.15","1,335.51","","-1.56%"
"10/14/2009","1,362.86","1,320.90","1,376.10","1,320.90","","3.19%"
"10/13/2009","1,320.70","1,357.43","1,366.48","1,310.09","","-2.71%"
"10/12/2009","1,357.44","1,308.14","1,357.95","1,308.14","","3.77%"
"10/09/2009","1,308.14","1,278.54","1,318.64","1,264.75","","2.32%"
"10/08/2009","1,278.53","1,226.44","1,278.68","1,226.44","","4.27%"
"10/07/2009","1,226.17","1,220.48","1,245.82","1,220.48","","0.47%"
"10/06/2009","1,220.45","1,178.22","1,220.72","1,178.22","","3.59%"
"10/05/2009","1,178.17","1,176.01","1,186.99","1,167.77","","0.20%"
"10/02/2009","1,175.83","1,211.38","1,211.38","1,144.83","","-2.94%"
"10/01/2009","1,211.44","1,197.39","1,223.00","1,197.39","","1.19%"
"09/30/2009","1,197.20","1,212.75","1,223.35","1,193.29","","-1.28%"
"09/29/2009","1,212.75","1,208.19","1,218.07","1,200.60","","0.38%"
"09/28/2009","1,208.19","1,187.86","1,208.92","1,168.48","","1.71%"
"09/25/2009","1,187.86","1,177.23","1,199.10","1,171.64","","0.90%"
"09/24/2009","1,177.26","1,198.83","1,220.36","1,176.27","","-1.80%"
"09/23/2009","1,198.83","1,202.92","1,228.92","1,194.64","","-0.34%"
"09/22/2009","1,202.92","1,165.24","1,209.97","1,165.11","","3.25%"
"09/21/2009","1,165.11","1,208.43","1,209.21","1,165.03","","-3.58%"
"09/18/2009","1,208.35","1,205.04","1,219.08","1,187.12","","0.27%"
"09/17/2009","1,205.12","1,217.67","1,241.14","1,199.20","","-1.03%"
"09/16/2009","1,217.67","1,203.97","1,234.59","1,203.97","","1.14%"
"09/15/2009","1,203.97","1,175.01","1,211.06","1,174.95","","2.47%"
"09/14/2009","1,174.95","1,175.13","1,177.45","1,147.72","","-0.02%"
"09/11/2009","1,175.15","1,154.19","1,183.04","1,153.74","","1.82%"
"09/10/2009","1,154.12","1,159.95","1,179.06","1,143.91","","-0.50%"
"09/09/2009","1,159.95","1,149.78","1,163.42","1,141.45","","0.88%"
"09/08/2009","1,149.81","1,111.92","1,150.33","1,111.92","","3.41%"
"09/07/2009","1,111.92","1,086.09","1,112.19","1,085.58","","2.43%"
"09/04/2009","1,085.58","1,093.72","1,112.76","1,077.20","","-0.74%"
"09/03/2009","1,093.72","1,076.71","1,099.50","1,076.69","","1.58%"
"09/02/2009","1,076.69","1,104.79","1,104.98","1,069.83","","-2.56%"
"09/01/2009","1,104.98","1,092.04","1,112.36","1,089.83","","1.19%"
"08/31/2009","1,091.98","1,111.32","1,111.33","1,086.16","","-1.74%"
"08/28/2009","1,111.33","1,080.05","1,120.04","1,080.05","","2.90%"
"08/27/2009","1,080.05","1,099.72","1,105.15","1,075.43","","-1.79%"
"08/26/2009","1,099.77","1,115.85","1,123.31","1,083.46","","-1.44%"
"08/25/2009","1,115.85","1,120.52","1,135.84","1,096.64","","-0.42%"
"08/24/2009","1,120.54","1,106.05","1,129.28","1,098.34","","1.31%"
"08/21/2009","1,106.05","1,062.87","1,106.13","1,046.62","","4.06%"
"08/20/2009","1,062.87","1,034.08","1,063.33","1,034.08","","2.78%"
"08/19/2009","1,034.08","1,035.50","1,039.13","1,013.79","","-0.13%"
"08/18/2009","1,035.45","1,035.41","1,059.33","1,023.03","","0.00%"
"08/17/2009","1,035.40","1,071.86","1,072.74","1,030.94","","-3.48%"
"08/14/2009","1,072.74","1,100.57","1,107.33","1,068.81","","-2.53%"
"08/13/2009","1,100.57","1,086.52","1,118.97","1,079.55","","1.30%"
"08/12/2009","1,086.41","1,069.25","1,089.13","1,043.94","","1.60%"
"08/11/2009","1,069.31","1,101.19","1,115.97","1,067.14","","-2.90%"
"08/10/2009","1,101.19","1,115.36","1,118.53","1,089.76","","-1.27%"
"08/07/2009","1,115.41","1,091.87","1,121.07","1,065.91","","2.14%"
"08/06/2009","1,092.00","1,084.18","1,120.83","1,081.31","","0.72%"
"08/05/2009","1,084.16","1,102.09","1,130.51","1,082.32","","-1.63%"
"08/04/2009","1,102.10","1,098.94","1,102.45","1,078.29","","0.29%"
"08/03/2009","1,098.95","1,053.33","1,099.49","1,053.30","","4.33%"
"07/31/2009","1,053.30","1,046.65","1,055.24","1,024.09","","0.65%"
"07/30/2009","1,046.46","986.80","1,048.61","986.78","","6.05%"
"07/29/2009","986.80","1,002.24","1,006.03","976.78","","-1.54%"
"07/28/2009","1,002.27","1,036.55","1,054.55","997.63","","-3.28%"
"07/27/2009","1,036.27","1,026.95","1,057.41","1,026.95","","0.91%"
"07/24/2009","1,026.95","1,031.45","1,044.84","1,022.45","","-0.43%"
"07/23/2009","1,031.37","980.71","1,032.12","980.71","","5.17%"
"07/22/2009","980.71","1,002.88","1,013.71","974.95","","-2.21%"
"07/21/2009","1,002.88","985.81","1,018.35","977.31","","1.73%"
"07/20/2009","985.81","966.39","1,000.64","966.18","","2.03%"
"07/17/2009","966.18","938.73","968.91","935.34","","2.92%"
"07/16/2009","938.73","941.21","952.89","928.20","","-0.26%"
"07/15/2009","941.21","892.05","941.21","891.41","","5.59%"
"07/14/2009","891.41","881.23","917.63","881.15","","1.16%"
"07/13/2009","881.15","871.31","893.87","852.03","","1.13%"
"07/10/2009","871.33","896.20","899.69","869.76","","-2.78%"
"07/09/2009","896.20","904.58","920.03","892.59","","-0.93%"
"07/08/2009","904.58","927.01","927.01","896.07","","-2.42%"
"07/07/2009","927.01","925.20","955.33","921.45","","0.19%"
"07/06/2009","925.21","974.04","974.07","923.99","","-5.02%"
"07/03/2009","974.07","977.08","985.81","956.10","","-0.31%"
"07/02/2009","977.09","1,012.48","1,012.51","973.10","","-3.50%"
"07/01/2009","1,012.48","971.55","1,013.45","971.55","","4.21%"
"06/30/2009","971.55","989.38","1,014.63","970.87","","-1.79%"
"06/29/2009","989.30","960.15","989.60","945.29","","3.03%"
"06/26/2009","960.16","961.40","994.15","959.52","","-0.10%"
"06/25/2009","961.15","984.89","987.51","950.02","","-2.41%"
"06/24/2009","984.86","917.31","985.37","917.30","","7.37%"
"06/23/2009","917.30","937.97","951.55","881.71","","-2.20%"
"06/22/2009","937.98","1,017.29","1,017.29","937.70","","-7.80%"
"06/19/2009","1,017.29","1,020.98","1,034.37","1,006.41","","-0.36%"
"06/18/2009","1,020.95","1,039.43","1,054.92","983.66","","-1.78%"
"06/17/2009","1,039.43","1,099.37","1,099.42","1,036.05","","-5.46%"
"06/16/2009","1,099.42","1,078.09","1,108.87","1,068.69","","1.98%"
"06/15/2009","1,078.10","1,138.24","1,138.52","1,077.40","","-5.31%"
"06/11/2009","1,138.52","1,133.69","1,141.32","1,112.39","","0.43%"
"06/10/2009","1,133.69","1,113.85","1,147.28","1,113.83","","1.78%"
"06/09/2009","1,113.83","1,120.33","1,143.09","1,107.39","","-0.58%"
"06/08/2009","1,120.32","1,143.50","1,144.27","1,098.54","","-2.09%"
"06/05/2009","1,144.27","1,125.13","1,168.22","1,120.23","","2.13%"
"06/04/2009","1,120.46","1,108.86","1,149.85","1,082.03","","1.01%"
"06/03/2009","1,109.21","1,198.60","1,213.82","1,106.91","","-7.46%"
"06/02/2009","1,198.58","1,206.21","1,226.65","1,168.31","","-0.63%"
"06/01/2009","1,206.20","1,123.40","1,207.10","1,123.38","","7.37%"
"05/29/2009","1,123.38","1,075.02","1,125.72","1,074.99","","4.50%"
"05/28/2009","1,075.02","1,059.58","1,086.10","1,048.07","","1.46%"
"05/27/2009","1,059.60","1,041.13","1,070.41","1,040.90","","1.80%"
"05/26/2009","1,040.90","1,050.95","1,050.97","1,012.29","","-0.96%"
"05/25/2009","1,050.95","1,054.14","1,062.86","1,034.69","","-0.29%"
"05/22/2009","1,054.03","1,034.45","1,066.37","1,034.37","","1.90%"
"05/21/2009","1,034.37","1,094.73","1,094.73","1,033.14","","-5.51%"
"05/20/2009","1,094.73","1,041.84","1,094.77","1,035.01","","5.08%"
"05/19/2009","1,041.84","1,012.89","1,045.88","1,012.89","","2.86%"
"05/18/2009","1,012.89","1,002.19","1,014.23","969.18","","1.07%"
"05/15/2009","1,002.19","1,000.65","1,021.88","982.07","","0.16%"
"05/14/2009","1,000.62","1,007.84","1,007.88","976.81","","-0.72%"
"05/13/2009","1,007.88","1,059.58","1,097.11","996.65","","-4.88%"
"05/12/2009","1,059.54","1,028.90","1,067.21","1,008.97","","2.98%"
"05/08/2009","1,028.91","1,011.67","1,031.03","1,011.67","","1.70%"
"05/07/2009","1,011.67","986.12","1,044.62","986.12","","2.59%"
"05/06/2009","986.12","957.04","993.28","945.55","","3.04%"
"05/05/2009","957.05","957.78","966.44","949.34","","-0.08%"
"05/04/2009","957.77","920.38","959.26","920.35","","4.07%"
"04/30/2009","920.35","922.05","941.04","919.68","","-0.18%"
"04/29/2009","922.01","887.52","922.16","881.16","","3.89%"
"04/28/2009","887.48","902.45","902.45","865.11","","-1.66%"
"04/27/2009","902.45","922.99","922.99","891.05","","-2.23%"
"04/24/2009","922.99","928.14","935.41","915.94","","-0.55%"
"04/23/2009","928.14","904.93","932.08","897.18","","2.56%"
"04/22/2009","904.95","877.23","906.14","877.21","","3.16%"
"04/21/2009","877.21","882.15","898.25","862.07","","-0.60%"
"04/20/2009","882.50","932.90","935.22","881.72","","-5.40%"
"04/17/2009","932.90","917.10","937.79","917.10","","1.72%"
"04/16/2009","917.10","906.01","924.17","902.74","","1.23%"
"04/15/2009","906.00","918.61","918.61","892.80","","-1.37%"
"04/14/2009","918.61","904.82","942.63","892.72","","1.52%"
"04/13/2009","904.86","927.38","927.38","904.86","","-2.43%"
"04/10/2009","927.38","922.68","933.30","905.60","","0.51%"
"04/09/2009","922.68","872.93","926.40","872.74","","5.72%"
"04/08/2009","872.74","843.24","872.81","821.08","","3.49%"
"04/07/2009","843.34","836.05","857.44","815.93","","0.87%"
"04/06/2009","836.09","837.89","877.92","829.24","","-0.22%"
"04/03/2009","837.94","837.91","850.39","821.08","","0.00%"
"04/02/2009","837.91","787.26","838.24","787.22","","6.44%"
"04/01/2009","787.22","772.93","787.84","758.09","","1.85%"
"03/31/2009","772.93","763.36","792.42","763.36","","1.25%"
"03/30/2009","763.36","815.21","815.27","763.19","","-6.37%"
"03/27/2009","815.27","849.53","858.98","807.24","","-4.03%"
"03/26/2009","849.53","851.38","861.96","839.81","","-0.21%"
"03/25/2009","851.35","815.88","856.31","808.69","","4.36%"
"03/24/2009","815.79","849.94","870.45","809.10","","-4.00%"
"03/23/2009","849.82","792.05","851.18","792.05","","7.29%"
"03/20/2009","792.05","784.94","802.07","769.15","","0.91%"
"03/19/2009","784.94","743.13","794.28","743.05","","5.64%"
"03/18/2009","743.05","772.46","791.15","741.22","","-3.80%"
"03/17/2009","772.44","762.75","779.19","760.11","","1.27%"
"03/16/2009","762.75","749.27","762.94","737.59","","1.80%"
"03/13/2009","749.29","728.30","762.59","728.23","","2.89%"
"03/12/2009","728.23","738.95","741.15","706.20","","-1.45%"
"03/11/2009","738.95","750.19","758.92","732.46","","-1.50%"
"03/10/2009","750.19","688.97","755.31","688.87","","8.90%"
"03/06/2009","688.87","671.91","694.47","665.03","","2.52%"
"03/05/2009","671.91","685.65","691.59","663.51","","-2.00%"
"03/04/2009","685.65","654.14","685.86","654.14","","4.82%"
"03/03/2009","654.14","646.23","659.38","638.42","","1.14%"
"03/02/2009","646.79","666.02","666.05","643.64","","-2.89%"
"02/27/2009","666.05","672.32","675.23","650.27","","-0.93%"
"02/26/2009","672.30","633.90","672.82","632.78","","6.25%"
"02/25/2009","632.78","629.29","649.24","629.29","","0.55%"
"02/24/2009","629.31","631.60","635.80","610.01","","-0.37%"
"02/20/2009","631.66","646.42","646.52","620.27","","-2.30%"
"02/19/2009","646.52","628.04","664.05","627.95","","2.96%"
"02/18/2009","627.95","645.18","652.57","602.68","","-2.67%"
"02/17/2009","645.18","711.98","711.99","642.56","","-9.38%"
"02/16/2009","711.99","732.17","742.69","707.01","","-2.76%"
"02/13/2009","732.21","690.34","733.98","690.16","","6.07%"
"02/12/2009","690.34","726.70","737.72","689.04","","-5.00%"
"02/11/2009","726.70","728.01","743.34","698.36","","-0.18%"
"02/10/2009","728.01","698.67","736.67","684.58","","4.20%"
"02/09/2009","698.68","656.06","698.68","654.41","","6.49%"
"02/06/2009","656.09","623.19","656.38","623.19","","5.28%"
"02/05/2009","623.19","635.89","641.66","618.83","","-2.00%"
"02/04/2009","635.89","626.01","639.66","624.73","","1.58%"
"02/03/2009","626.02","626.45","635.38","623.56","","-0.06%"
"02/02/2009","626.41","624.86","629.38","605.68","","0.24%"
"01/30/2009","624.90","619.27","648.71","612.56","","0.91%"
"01/29/2009","619.25","622.58","626.20","608.09","","-0.53%"
"01/28/2009","622.54","602.90","627.66","602.90","","3.26%"
"01/27/2009","602.90","613.56","624.82","595.70","","-1.74%"
"01/26/2009","613.56","553.62","615.24","552.16","","10.83%"
"01/23/2009","553.62","557.57","564.84","534.70","","-0.71%"
"01/22/2009","557.57","583.39","597.42","556.58","","-4.43%"
"01/21/2009","583.39","569.78","592.04","548.76","","2.38%"
"01/20/2009","569.82","586.97","586.97","556.92","","-2.92%"
"01/19/2009","586.97","608.64","617.59","580.52","","-3.56%"
"01/16/2009","608.63","606.95","624.24","603.73","","0.49%"
"01/15/2009","605.69","610.36","627.59","600.70","","-0.77%"
"01/14/2009","610.36","655.16","671.61","610.23","","-6.84%"
"01/13/2009","655.16","653.28","662.41","642.00","","0.29%"
"01/12/2009","653.28","635.40","661.52","633.22","","5.45%"
"12/31/2008","619.53","617.97","620.28","612.77","","0.28%"
"12/30/2008","617.83","613.78","621.32","601.06","","0.66%"
"12/29/2008","613.78","608.65","630.67","608.55","","0.86%"
"12/26/2008","608.55","627.81","636.98","607.63","","-3.06%"
"12/25/2008","627.78","645.21","648.85","621.19","","-2.70%"
"12/24/2008","645.21","661.33","676.24","642.52","","-2.44%"
"12/23/2008","661.33","633.61","662.74","620.78","","4.37%"
"12/22/2008","633.63","612.07","633.99","607.42","","3.53%"
"12/19/2008","612.05","608.05","612.93","588.77","","0.66%"
"12/18/2008","608.06","642.38","647.51","604.78","","-5.34%"
"12/17/2008","642.38","644.83","659.22","634.90","","-0.35%"
"12/16/2008","644.62","642.08","651.23","633.23","","0.40%"
"12/15/2008","642.08","620.91","656.31","620.53","","3.47%"
"12/12/2008","620.53","628.80","628.88","588.92","","-1.33%"
"12/11/2008","628.88","618.64","634.63","617.68","","1.66%"
"12/10/2008","618.64","607.80","624.70","604.89","","1.78%"
"12/09/2008","607.80","618.28","621.19","599.31","","-1.70%"
"12/08/2008","618.28","562.34","619.64","562.34","","9.95%"
"12/05/2008","562.34","567.52","573.81","553.82","","-0.99%"
"12/04/2008","567.94","567.00","581.29","557.05","","0.17%"
"12/03/2008","567.00","579.91","583.43","556.31","","-2.23%"
"12/02/2008","579.91","567.24","581.51","538.12","","2.23%"
"12/01/2008","567.25","611.33","614.04","567.13","","-7.21%"
"11/28/2008","611.32","616.69","622.90","593.30","","-0.87%"
"11/27/2008","616.69","588.33","632.73","588.02","","4.88%"
"11/26/2008","588.02","595.15","609.57","585.16","","-1.20%"
"11/25/2008","595.15","604.90","637.91","590.45","","-1.61%"
"11/24/2008","604.87","516.94","605.33","516.93","","17.01%"
"11/21/2008","516.93","533.70","562.33","515.97","","-3.14%"
"11/20/2008","533.70","558.12","558.12","503.54","","-4.38%"
"11/19/2008","558.12","579.18","579.67","534.22","","-3.63%"
"11/18/2008","579.17","560.79","579.82","520.35","","3.26%"
"11/17/2008","560.86","592.07","596.62","546.68","","-5.27%"
"11/14/2008","592.07","598.44","661.52","591.83","","-1.06%"
"11/13/2008","598.43","647.29","647.80","536.64","","-7.62%"
"11/12/2008","647.80","647.80","647.80","647.80","","0.00%"
"11/11/2008","647.80","740.93","741.51","644.79","","-12.64%"
"11/10/2008","741.51","725.93","787.44","725.93","","2.15%"
"11/07/2008","725.93","700.24","732.54","680.86","","3.62%"
"11/06/2008","700.59","775.18","775.19","700.55","","-9.62%"
"11/05/2008","775.19","769.34","871.52","761.17","","5.91%"
"10/31/2008","731.96","727.38","735.44","688.01","","0.63%"
"10/30/2008","727.39","608.90","729.21","608.88","","19.46%"
"10/29/2008","608.88","534.87","609.37","534.87","","13.84%"
"10/28/2008","534.87","513.63","541.50","493.61","","4.14%"
"10/27/2008","513.62","513.62","513.62","513.62","","0.00%"
"10/24/2008","513.62","598.87","598.87","508.84","","-14.24%"
"10/23/2008","598.87","628.12","628.12","583.25","","-4.66%"
"10/22/2008","628.12","652.50","652.51","612.09","","-3.74%"
"10/21/2008","652.51","626.62","669.45","626.42","","4.16%"
"10/20/2008","626.42","599.77","639.24","599.64","","4.47%"
"10/17/2008","599.64","626.85","666.95","576.52","","-4.34%"
"10/16/2008","626.85","689.70","689.71","611.92","","-9.11%"
"10/15/2008","689.71","755.22","755.22","681.06","","-8.67%"
"10/14/2008","755.22","666.81","775.04","666.37","","13.33%"
"10/13/2008","666.37","700.37","733.30","654.91","","-4.85%"
"10/10/2008","700.37","700.37","700.37","700.37","","0.00%"
"10/09/2008","700.37","637.93","747.98","637.87","","9.80%"
"10/08/2008","637.87","744.56","744.76","631.50","","-14.35%"
"10/07/2008","744.76","752.00","794.72","691.53","","-0.96%"
"10/06/2008","752.00","924.52","924.55","743.32","","-18.66%"
"10/03/2008","924.55","975.96","976.12","904.12","","-5.28%"
"10/02/2008","976.12","1,017.17","1,029.44","974.48","","-4.04%"
"10/01/2008","1,017.17","1,027.71","1,052.27","1,004.74","","-1.02%"
"09/30/2008","1,027.66","1,019.64","1,035.16","945.48","","0.79%"
"09/29/2008","1,019.64","1,079.04","1,084.12","1,015.08","","-5.50%"
"09/26/2008","1,079.04","1,095.51","1,097.23","1,063.03","","-1.50%"
"09/25/2008","1,095.51","1,105.69","1,113.44","1,075.00","","-0.92%"
"09/24/2008","1,105.72","1,071.18","1,122.03","1,071.18","","3.22%"
"09/23/2008","1,071.18","1,105.80","1,105.80","1,047.52","","-3.12%"
"09/22/2008","1,105.73","1,098.95","1,162.55","1,080.31","","0.62%"
"09/19/2008","1,098.95","853.95","1,125.01","853.93","","28.69%"
"09/18/2008","853.93","853.93","853.93","853.93","","0.00%"
"09/17/2008","853.93","881.32","948.31","788.34","","-3.09%"
"09/16/2008","881.17","1,067.45","1,067.45","864.79","","-17.45%"
"09/15/2008","1,067.45","1,137.76","1,137.76","1,040.34","","-6.18%"
"09/12/2008","1,137.76","1,073.02","1,149.78","1,073.02","","6.03%"
"09/11/2008","1,073.02","1,114.67","1,139.62","1,070.93","","-3.74%"
"09/10/2008","1,114.67","1,158.03","1,162.25","1,072.33","","-3.75%"
"09/09/2008","1,158.07","1,273.69","1,273.78","1,148.45","","-9.08%"
"09/08/2008","1,273.78","1,234.72","1,297.16","1,234.71","","3.16%"
"09/05/2008","1,234.71","1,280.61","1,281.86","1,166.03","","-3.68%"
"09/04/2008","1,281.86","1,324.96","1,351.70","1,272.66","","-3.26%"
"09/03/2008","1,324.99","1,368.99","1,368.99","1,323.08","","-3.21%"
"09/02/2008","1,368.99","1,366.24","1,375.67","1,339.93","","0.20%"
"09/01/2008","1,366.24","1,348.90","1,381.00","1,332.27","","1.28%"
"08/29/2008","1,348.92","1,365.11","1,365.29","1,328.54","","-1.20%"
"08/28/2008","1,365.29","1,302.94","1,366.09","1,295.84","","4.81%"
"08/27/2008","1,302.58","1,293.02","1,323.84","1,264.57","","0.75%"
"08/26/2008","1,292.92","1,319.92","1,320.58","1,238.94","","-2.09%"
"08/25/2008","1,320.58","1,375.28","1,383.31","1,319.27","","-3.94%"
"08/22/2008","1,374.69","1,394.73","1,412.29","1,371.79","","-1.42%"
"08/21/2008","1,394.53","1,386.61","1,403.35","1,345.43","","0.57%"
"08/20/2008","1,386.59","1,361.54","1,393.65","1,361.51","","1.84%"
"08/19/2008","1,361.54","1,448.63","1,448.64","1,351.84","","-6.01%"
"08/18/2008","1,448.64","1,460.21","1,471.16","1,447.03","","-0.79%"
"08/15/2008","1,460.20","1,444.76","1,462.37","1,432.17","","1.07%"
"08/14/2008","1,444.76","1,424.46","1,463.02","1,424.44","","1.43%"
"08/13/2008","1,424.44","1,449.30","1,460.67","1,422.70","","-1.72%"
"08/12/2008","1,449.34","1,412.25","1,466.68","1,384.29","","2.63%"
"08/11/2008","1,412.25","1,359.62","1,413.97","1,282.17","","3.87%"
"08/08/2008","1,359.62","1,434.88","1,434.89","1,352.93","","-5.25%"
"08/07/2008","1,434.89","1,412.08","1,453.22","1,406.63","","1.61%"
"08/06/2008","1,412.09","1,398.08","1,438.37","1,352.14","","1.05%"
"08/05/2008","1,397.46","1,451.47","1,451.47","1,396.12","","-3.72%"
"08/04/2008","1,451.47","1,492.55","1,493.07","1,451.35","","-2.75%"
"08/01/2008","1,492.55","1,495.26","1,504.72","1,473.26","","-0.19%"
"07/31/2008","1,495.33","1,501.20","1,540.92","1,490.15","","-0.39%"
"07/30/2008","1,501.20","1,439.05","1,501.52","1,439.01","","4.32%"
"07/29/2008","1,439.01","1,456.29","1,466.13","1,416.17","","-1.18%"
"07/28/2008","1,456.16","1,487.10","1,515.84","1,450.89","","-2.08%"
"07/25/2008","1,487.10","1,572.95","1,573.53","1,478.53","","-5.49%"
"07/24/2008","1,573.53","1,603.04","1,603.12","1,572.70","","-1.84%"
"07/23/2008","1,603.04","1,606.31","1,623.88","1,595.14","","-0.19%"
"07/22/2008","1,606.11","1,633.39","1,634.36","1,602.06","","-1.73%"
"07/21/2008","1,634.36","1,623.09","1,645.57","1,608.96","","0.69%"
"07/18/2008","1,623.09","1,688.23","1,689.30","1,620.56","","-3.92%"
"07/17/2008","1,689.30","1,640.90","1,689.91","1,640.89","","2.95%"
"07/16/2008","1,640.90","1,629.20","1,644.57","1,603.30","","0.71%"
"07/15/2008","1,629.28","1,666.47","1,666.48","1,615.35","","-2.23%"
"07/14/2008","1,666.47","1,621.88","1,666.73","1,621.88","","2.74%"
"07/11/2008","1,622.01","1,659.62","1,674.76","1,618.60","","-2.26%"
"07/10/2008","1,659.57","1,655.75","1,671.71","1,635.28","","0.23%"
"07/09/2008","1,655.75","1,665.04","1,675.78","1,652.21","","-0.56%"
"07/08/2008","1,665.04","1,679.32","1,679.32","1,631.03","","-0.85%"
"07/07/2008","1,679.32","1,666.81","1,690.81","1,666.75","","0.75%"
"07/04/2008","1,666.75","1,695.47","1,702.95","1,662.37","","-1.69%"
"07/03/2008","1,695.47","1,708.86","1,709.17","1,668.83","","-0.80%"
"07/02/2008","1,709.17","1,693.58","1,720.48","1,693.21","","0.94%"
"07/01/2008","1,693.21","1,753.67","1,759.97","1,692.97","","-3.45%"
"06/30/2008","1,753.67","1,765.99","1,779.63","1,739.57","","-0.69%"
"06/27/2008","1,765.91","1,757.39","1,772.80","1,725.50","","0.48%"
"06/26/2008","1,757.46","1,764.32","1,772.34","1,745.05","","-0.39%"
"06/25/2008","1,764.32","1,761.72","1,783.04","1,752.64","","0.14%"
"06/24/2008","1,761.80","1,801.00","1,802.83","1,761.06","","-2.18%"
"06/23/2008","1,800.99","1,829.19","1,830.49","1,792.69","","-1.54%"
"06/20/2008","1,829.22","1,848.46","1,852.66","1,823.23","","-1.04%"
"06/19/2008","1,848.52","1,851.09","1,860.59","1,832.59","","-0.14%"
"06/18/2008","1,851.09","1,856.59","1,875.09","1,846.03","","-0.30%"
"06/17/2008","1,856.59","1,831.95","1,858.45","1,831.88","","1.34%"
"06/16/2008","1,831.99","1,826.77","1,848.84","1,826.67","","0.29%"
"06/11/2008","1,826.67","1,811.29","1,833.79","1,811.26","","0.85%"
"06/10/2008","1,811.29","1,827.88","1,827.91","1,796.73","","-0.91%"
"06/09/2008","1,827.91","1,812.59","1,836.67","1,811.06","","-1.32%"
"06/06/2008","1,852.40","1,843.04","1,875.10","1,842.98","","0.51%"
"06/05/2008","1,842.98","1,842.12","1,855.22","1,823.30","","0.01%"
"06/04/2008","1,842.77","1,900.98","1,901.09","1,831.14","","-3.07%"
"06/03/2008","1,901.09","1,915.37","1,915.84","1,892.45","","-0.77%"
"06/02/2008","1,915.84","1,925.24","1,932.01","1,904.02","","-0.49%"
"05/30/2008","1,925.24","1,908.33","1,926.06","1,899.50","","0.89%"
"05/29/2008","1,908.35","1,871.25","1,911.77","1,871.25","","1.98%"
"05/28/2008","1,871.25","1,856.71","1,873.12","1,839.60","","0.78%"
"05/27/2008","1,856.81","1,894.96","1,916.98","1,851.98","","-2.01%"
"05/26/2008","1,894.91","1,909.66","1,909.67","1,879.42","","-0.77%"
"05/23/2008","1,909.67","1,894.85","1,915.85","1,877.50","","0.78%"
"05/22/2008","1,894.85","1,952.86","1,952.86","1,890.84","","-2.97%"
"05/21/2008","1,952.84","1,930.76","1,963.45","1,912.82","","1.14%"
"05/20/2008","1,930.76","1,956.14","1,956.14","1,914.24","","-1.30%"
"05/19/2008","1,956.14","1,943.47","1,966.32","1,931.21","","0.63%"
"05/16/2008","1,943.88","1,895.30","1,949.64","1,895.30","","2.56%"
"05/15/2008","1,895.30","1,904.20","1,931.78","1,888.39","","-0.47%"
"05/14/2008","1,904.20","1,839.79","1,905.06","1,832.46","","3.50%"
"05/13/2008","1,839.78","1,822.00","1,845.41","1,807.27","","0.98%"
"05/12/2008","1,822.00","1,795.77","1,828.85","1,795.67","","1.47%"
"05/08/2008","1,795.67","1,739.26","1,803.32","1,723.03","","3.24%"
"05/07/2008","1,739.26","1,694.65","1,739.88","1,694.44","","2.65%"
"05/06/2008","1,694.44","1,688.32","1,704.94","1,688.31","","0.36%"
"05/05/2008","1,688.31","1,694.37","1,701.47","1,682.11","","1.26%"
"04/30/2008","1,667.35","1,668.28","1,668.93","1,650.01","","-0.06%"
"04/29/2008","1,668.28","1,675.37","1,680.57","1,668.03","","-0.42%"
"04/28/2008","1,675.34","1,668.87","1,686.93","1,665.51","","0.39%"
"04/25/2008","1,668.86","1,646.75","1,670.14","1,642.60","","1.34%"
"04/24/2008","1,646.75","1,673.61","1,677.13","1,643.71","","-1.60%"
"04/23/2008","1,673.59","1,680.96","1,691.96","1,658.32","","-0.44%"
"04/22/2008","1,680.96","1,686.88","1,695.83","1,677.90","","-0.35%"
"04/21/2008","1,686.88","1,706.63","1,717.74","1,686.11","","-1.16%"
"04/18/2008","1,706.63","1,672.76","1,709.05","1,672.75","","2.03%"
"04/17/2008","1,672.75","1,690.70","1,705.73","1,664.01","","-1.06%"
"04/16/2008","1,690.59","1,661.13","1,692.82","1,658.11","","1.78%"
"04/15/2008","1,661.02","1,638.48","1,661.42","1,638.29","","1.39%"
"04/14/2008","1,638.29","1,647.53","1,649.00","1,625.71","","-0.65%"
"04/11/2008","1,649.00","1,684.57","1,697.40","1,648.41","","-2.11%"
"04/10/2008","1,684.56","1,681.57","1,688.01","1,665.74","","0.18%"
"04/09/2008","1,681.54","1,655.60","1,684.92","1,654.07","","1.57%"
"04/08/2008","1,655.59","1,673.78","1,673.78","1,654.53","","-1.09%"
"04/07/2008","1,673.78","1,635.09","1,677.15","1,635.04","","2.37%"
"04/04/2008","1,635.04","1,631.20","1,642.88","1,623.73","","0.24%"
"04/03/2008","1,631.20","1,652.86","1,666.64","1,631.01","","-1.31%"
"04/02/2008","1,652.86","1,640.76","1,663.09","1,640.34","","0.74%"
"04/01/2008","1,640.75","1,628.43","1,650.60","1,615.79","","0.76%"
"03/31/2008","1,628.43","1,627.87","1,636.24","1,608.22","","0.03%"
"03/28/2008","1,627.87","1,618.64","1,639.52","1,617.01","","0.57%"
"03/27/2008","1,618.61","1,593.73","1,634.24","1,592.32","","1.56%"
"03/26/2008","1,593.73","1,594.03","1,607.05","1,587.41","","-0.02%"
"03/25/2008","1,594.02","1,623.36","1,626.29","1,589.93","","-1.81%"
"03/24/2008","1,623.35","1,576.47","1,623.35","1,568.37","","2.97%"
"03/21/2008","1,576.47","1,569.19","1,589.86","1,569.18","","0.46%"
"03/20/2008","1,569.18","1,602.47","1,602.52","1,550.74","","-2.08%"
"03/19/2008","1,602.52","1,607.89","1,636.35","1,595.90","","-0.33%"
"03/18/2008","1,607.84","1,582.07","1,608.17","1,570.82","","1.63%"
"03/17/2008","1,582.02","1,651.88","1,651.91","1,551.81","","-4.23%"
"03/14/2008","1,651.91","1,647.40","1,691.01","1,644.58","","0.27%"
"03/13/2008","1,647.52","1,677.38","1,677.41","1,644.17","","-1.78%"
"03/12/2008","1,677.41","1,674.48","1,698.41","1,668.46","","0.18%"
"03/11/2008","1,674.47","1,619.28","1,675.17","1,612.15","","3.41%"
"03/07/2008","1,619.30","1,652.00","1,652.01","1,609.28","","-1.98%"
"03/06/2008","1,652.01","1,655.81","1,672.73","1,645.96","","-0.22%"
"03/05/2008","1,655.66","1,636.19","1,655.97","1,626.60","","1.19%"
"03/04/2008","1,636.20","1,643.31","1,672.46","1,623.03","","-0.43%"
"03/03/2008","1,643.31","1,660.39","1,660.42","1,611.14","","-1.03%"
"02/29/2008","1,660.42","1,689.50","1,707.55","1,654.64","","-1.72%"
"02/28/2008","1,689.50","1,710.73","1,712.18","1,687.13","","-1.24%"
"02/27/2008","1,710.73","1,726.03","1,745.05","1,704.45","","-0.89%"
"02/26/2008","1,726.03","1,721.16","1,746.95","1,718.58","","0.29%"
"02/22/2008","1,721.11","1,722.90","1,728.80","1,697.23","","-0.11%"
"02/21/2008","1,723.02","1,683.86","1,732.10","1,683.43","","2.35%"
"02/20/2008","1,683.43","1,705.61","1,706.47","1,670.52","","-1.35%"
"02/19/2008","1,706.47","1,692.38","1,707.10","1,668.41","","0.83%"
"02/18/2008","1,692.38","1,655.46","1,696.24","1,655.31","","2.24%"
"02/15/2008","1,655.31","1,687.71","1,693.58","1,646.64","","-1.93%"
"02/14/2008","1,687.90","1,690.94","1,720.07","1,684.64","","-0.02%"
"02/13/2008","1,688.30","1,665.47","1,695.93","1,635.89","","1.37%"
"02/12/2008","1,665.47","1,605.10","1,666.42","1,605.10","","3.76%"
"02/11/2008","1,605.10","1,568.88","1,617.51","1,561.22","","2.31%"
"02/08/2008","1,568.88","1,581.96","1,610.38","1,553.44","","-0.83%"
"02/07/2008","1,581.96","1,630.97","1,633.77","1,549.56","","-3.01%"
"02/06/2008","1,631.10","1,632.32","1,639.50","1,572.52","","-0.08%"
"02/05/2008","1,632.37","1,677.78","1,710.50","1,625.53","","-2.71%"
"02/04/2008","1,677.78","1,640.50","1,691.65","1,640.49","","2.27%"
"02/01/2008","1,640.49","1,574.33","1,663.24","1,574.33","","4.20%"
"01/31/2008","1,574.33","1,642.64","1,647.54","1,560.19","","-4.16%"
"01/30/2008","1,642.63","1,678.42","1,678.42","1,637.96","","-2.13%"
"01/29/2008","1,678.42","1,636.31","1,679.80","1,635.33","","2.63%"
"01/28/2008","1,635.33","1,705.15","1,705.20","1,627.88","","-4.10%"
"01/25/2008","1,705.20","1,662.05","1,711.58","1,661.99","","2.60%"
"01/24/2008","1,661.99","1,570.92","1,663.60","1,570.90","","5.80%"
"01/23/2008","1,570.90","1,636.97","1,693.90","1,563.26","","-4.03%"
"01/22/2008","1,636.79","1,654.53","1,715.57","1,509.13","","-1.09%"
"01/21/2008","1,654.83","1,788.34","1,788.34","1,645.40","","-7.47%"
"01/18/2008","1,788.34","1,805.40","1,805.42","1,768.22","","-0.95%"
"01/17/2008","1,805.42","1,838.94","1,847.59","1,779.29","","-1.83%"
"01/16/2008","1,839.04","1,921.28","1,921.38","1,818.35","","-4.29%"
"01/15/2008","1,921.38","1,931.13","1,942.36","1,913.90","","-0.51%"
"01/14/2008","1,931.14","1,914.46","1,931.52","1,902.15","","0.87%"
"01/11/2008","1,914.48","1,912.30","1,920.30","1,901.59","","0.11%"
"01/10/2008","1,912.29","1,906.86","1,922.20","1,905.04","","0.28%"
"01/09/2008","1,906.86","1,888.86","1,921.14","1,888.86","","0.95%"
"12/28/2007","1,888.86","1,907.35","1,907.39","1,883.72","","-0.97%"
"12/27/2007","1,907.39","1,904.29","1,917.77","1,896.14","","0.16%"
"12/26/2007","1,904.27","1,918.75","1,919.66","1,901.02","","-0.75%"
"12/25/2007","1,918.75","1,929.36","1,935.00","1,916.17","","-0.55%"
"12/24/2007","1,929.31","1,931.19","1,943.88","1,927.51","","-0.10%"
"12/21/2007","1,931.20","1,926.47","1,939.51","1,917.95","","0.25%"
"12/20/2007","1,926.45","1,899.52","1,927.84","1,899.42","","1.42%"
"12/19/2007","1,899.42","1,908.68","1,920.50","1,884.62","","-0.48%"
"12/18/2007","1,908.63","1,887.60","1,913.41","1,883.50","","1.11%"
"12/17/2007","1,887.61","1,895.12","1,899.04","1,867.97","","-0.40%"
"12/14/2007","1,895.25","1,928.99","1,936.80","1,880.74","","-1.75%"
"12/13/2007","1,928.99","1,969.91","1,969.91","1,921.40","","-2.08%"
"12/12/2007","1,969.91","1,951.38","1,970.46","1,928.34","","0.95%"
"12/11/2007","1,951.38","1,945.53","1,967.74","1,942.05","","0.30%"
"12/10/2007","1,945.53","1,913.41","1,952.24","1,898.65","","1.68%"
"12/07/2007","1,913.38","1,891.16","1,919.31","1,891.16","","1.17%"
"12/06/2007","1,891.16","1,895.40","1,912.57","1,883.14","","-0.22%"
"12/05/2007","1,895.39","1,834.73","1,895.42","1,833.86","","3.31%"
"12/04/2007","1,834.73","1,838.77","1,848.73","1,832.00","","-0.22%"
"12/03/2007","1,838.78","1,850.71","1,857.47","1,836.61","","-0.64%"
"11/30/2007","1,850.64","1,822.59","1,853.10","1,822.59","","1.54%"
"11/29/2007","1,822.59","1,813.15","1,837.58","1,813.09","","0.52%"
"11/28/2007","1,813.09","1,791.92","1,813.58","1,778.29","","1.18%"
"11/27/2007","1,791.89","1,816.81","1,818.58","1,786.96","","-1.37%"
"11/26/2007","1,816.85","1,793.17","1,826.29","1,793.03","","1.33%"
"11/23/2007","1,793.03","1,776.83","1,793.77","1,768.92","","0.91%"
"11/22/2007","1,776.84","1,785.39","1,795.47","1,761.61","","-0.48%"
"11/21/2007","1,785.39","1,815.99","1,816.00","1,778.72","","-1.69%"
"11/20/2007","1,816.00","1,805.84","1,821.70","1,790.70","","0.56%"
"11/19/2007","1,805.84","1,833.28","1,847.91","1,805.41","","-1.50%"
"11/16/2007","1,833.28","1,855.96","1,855.98","1,827.90","","-1.22%"
"11/15/2007","1,855.98","1,878.00","1,878.00","1,854.59","","-1.17%"
"11/14/2007","1,878.00","1,868.63","1,884.20","1,859.51","","0.50%"
"11/13/2007","1,868.62","1,890.00","1,890.01","1,861.74","","-1.13%"
"11/12/2007","1,890.01","1,891.21","1,907.09","1,881.09","","-0.07%"
"11/09/2007","1,891.27","1,917.28","1,933.20","1,888.47","","-1.36%"
"11/08/2007","1,917.29","1,903.54","1,924.62","1,875.55","","0.72%"
"11/07/2007","1,903.55","1,907.63","1,923.96","1,891.81","","-0.21%"
"11/06/2007","1,907.63","1,879.49","1,909.13","1,877.47","","1.50%"
"11/02/2007","1,879.41","1,866.49","1,885.08","1,845.10","","0.69%"
"11/01/2007","1,866.49","1,875.11","1,910.18","1,849.56","","-0.44%"
"10/31/2007","1,874.73","1,855.63","1,877.34","1,847.71","","1.03%"
"10/30/2007","1,855.63","1,872.00","1,872.00","1,845.19","","-0.87%"
"10/29/2007","1,872.00","1,854.47","1,885.10","1,854.47","","0.95%"
"10/26/2007","1,854.47","1,816.90","1,855.01","1,816.90","","2.07%"
"10/25/2007","1,816.90","1,792.04","1,828.11","1,792.04","","1.39%"
"10/24/2007","1,792.05","1,799.36","1,800.92","1,784.51","","-0.41%"
"10/23/2007","1,799.36","1,772.35","1,801.40","1,772.35","","1.52%"
"10/22/2007","1,772.35","1,801.28","1,801.42","1,762.36","","-1.61%"
"10/19/2007","1,801.42","1,799.93","1,815.91","1,794.31","","0.08%"
"10/18/2007","1,799.93","1,827.81","1,833.28","1,792.91","","-1.52%"
"10/17/2007","1,827.74","1,821.52","1,829.66","1,809.06","","0.34%"
"10/16/2007","1,821.53","1,839.38","1,839.45","1,820.70","","-0.97%"
"10/15/2007","1,839.38","1,835.21","1,851.76","1,835.21","","0.23%"
"10/12/2007","1,835.21","1,848.72","1,848.82","1,821.91","","-0.74%"
"10/11/2007","1,848.82","1,817.97","1,849.34","1,817.97","","1.70%"
"10/10/2007","1,817.97","1,828.02","1,839.15","1,815.40","","-0.55%"
"10/09/2007","1,827.99","1,808.30","1,828.43","1,798.66","","1.08%"
"10/08/2007","1,808.42","1,802.47","1,821.21","1,798.69","","0.33%"
"10/05/2007","1,802.45","1,777.82","1,807.26","1,777.80","","1.39%"
"10/04/2007","1,777.82","1,778.64","1,786.12","1,767.29","","-0.05%"
"10/03/2007","1,778.66","1,795.06","1,806.90","1,773.80","","-0.91%"
"10/02/2007","1,795.06","1,733.41","1,796.20","1,733.39","","3.56%"
"10/01/2007","1,733.39","1,759.44","1,759.44","1,724.32","","-1.48%"
"09/28/2007","1,759.44","1,755.50","1,763.33","1,750.47","","0.23%"
"09/27/2007","1,755.48","1,745.65","1,760.45","1,744.91","","0.61%"
"09/26/2007","1,744.91","1,703.72","1,745.12","1,703.72","","2.42%"
"09/25/2007","1,703.72","1,736.38","1,736.38","1,702.50","","-1.88%"
"09/24/2007","1,736.37","1,725.11","1,742.27","1,719.20","","0.65%"
"09/21/2007","1,725.11","1,716.62","1,727.85","1,711.70","","0.50%"
"09/20/2007","1,716.60","1,730.74","1,730.74","1,704.57","","-0.82%"
"09/19/2007","1,730.74","1,669.06","1,731.06","1,669.06","","3.70%"
"09/18/2007","1,669.06","1,648.23","1,672.47","1,646.89","","1.26%"
"09/17/2007","1,648.23","1,660.06","1,660.97","1,638.82","","-0.71%"
"09/14/2007","1,660.08","1,666.49","1,669.13","1,652.66","","-0.38%"
"09/13/2007","1,666.49","1,635.69","1,666.99","1,635.69","","1.88%"
"09/12/2007","1,635.69","1,648.65","1,656.40","1,633.16","","-0.79%"
"09/11/2007","1,648.65","1,641.15","1,651.60","1,641.04","","0.46%"
"09/10/2007","1,641.04","1,638.11","1,645.89","1,630.83","","0.18%"
"09/07/2007","1,638.11","1,673.13","1,673.17","1,633.82","","-2.09%"
"09/06/2007","1,673.14","1,654.06","1,676.54","1,654.00","","1.16%"
"09/05/2007","1,654.00","1,663.24","1,671.30","1,652.99","","-0.55%"
"09/04/2007","1,663.23","1,678.74","1,678.74","1,659.26","","-0.92%"
"09/03/2007","1,678.74","1,677.02","1,686.31","1,669.14","","0.10%"
"08/31/2007","1,677.02","1,641.06","1,681.20","1,641.06","","2.19%"
"08/30/2007","1,641.06","1,640.79","1,663.03","1,639.48","","0.02%"
"08/29/2007","1,640.78","1,642.28","1,642.29","1,617.61","","-0.09%"
"08/28/2007","1,642.29","1,656.32","1,657.06","1,639.76","","-0.85%"
"08/27/2007","1,656.32","1,634.01","1,662.51","1,634.01","","1.37%"
"08/24/2007","1,634.01","1,633.63","1,642.04","1,614.84","","0.00%"
"08/23/2007","1,634.06","1,632.99","1,656.94","1,632.99","","0.07%"
"08/22/2007","1,632.99","1,606.62","1,634.32","1,596.77","","1.64%"
"08/21/2007","1,606.62","1,622.05","1,628.91","1,582.15","","-0.95%"
"08/20/2007","1,621.98","1,637.83","1,646.27","1,621.66","","-0.97%"
"08/17/2007","1,637.81","1,599.39","1,639.80","1,567.40","","2.40%"
"08/16/2007","1,599.39","1,639.64","1,639.68","1,583.50","","-2.46%"
"08/15/2007","1,639.68","1,676.53","1,676.85","1,636.49","","-2.22%"
"08/14/2007","1,676.85","1,680.02","1,684.32","1,666.22","","-0.19%"
"08/13/2007","1,680.03","1,644.14","1,681.68","1,644.13","","2.18%"
"08/10/2007","1,644.13","1,676.32","1,676.36","1,626.17","","-1.92%"
"08/09/2007","1,676.36","1,725.32","1,736.66","1,670.48","","-2.84%"
"08/08/2007","1,725.32","1,692.13","1,725.56","1,692.10","","1.96%"
"08/07/2007","1,692.10","1,689.42","1,710.59","1,687.92","","0.16%"
"08/06/2007","1,689.42","1,715.47","1,715.47","1,680.20","","-1.52%"
"08/03/2007","1,715.47","1,712.37","1,728.94","1,706.22","","0.19%"
"08/02/2007","1,712.20","1,693.14","1,712.88","1,693.14","","1.13%"
"08/01/2007","1,693.14","1,734.41","1,734.42","1,677.77","","-2.38%"
"07/31/2007","1,734.42","1,702.63","1,737.08","1,702.63","","1.87%"
"07/30/2007","1,702.63","1,703.01","1,728.22","1,685.40","","-0.02%"
"07/27/2007","1,703.01","1,724.27","1,724.28","1,677.63","","-1.23%"
"07/26/2007","1,724.28","1,780.66","1,792.04","1,721.06","","-3.16%"
"07/25/2007","1,780.62","1,766.91","1,781.00","1,748.67","","0.78%"
"07/24/2007","1,766.92","1,807.28","1,811.02","1,766.66","","-2.23%"
"07/23/2007","1,807.28","1,791.55","1,812.10","1,775.52","","0.88%"
"07/20/2007","1,791.60","1,799.77","1,817.58","1,783.70","","-0.45%"
"07/19/2007","1,799.74","1,767.64","1,802.82","1,767.63","","1.82%"
"07/18/2007","1,767.64","1,789.63","1,789.88","1,755.86","","-1.24%"
"07/17/2007","1,789.88","1,792.98","1,792.99","1,764.96","","-0.17%"
"07/16/2007","1,792.99","1,791.55","1,798.99","1,777.06","","0.08%"
"07/13/2007","1,791.55","1,787.82","1,807.55","1,785.66","","0.21%"
"07/12/2007","1,787.79","1,737.63","1,789.12","1,737.63","","2.89%"
"07/11/2007","1,737.63","1,723.30","1,744.53","1,709.11","","0.83%"
"07/10/2007","1,723.30","1,753.51","1,753.75","1,721.67","","-1.74%"
"07/09/2007","1,753.75","1,734.63","1,756.05","1,734.63","","1.10%"
"07/06/2007","1,734.63","1,729.26","1,736.07","1,718.97","","0.31%"
"07/05/2007","1,729.26","1,702.20","1,733.78","1,702.04","","1.60%"
"07/04/2007","1,702.04","1,705.55","1,710.50","1,699.50","","-0.20%"
"07/03/2007","1,705.49","1,682.69","1,710.84","1,682.69","","1.35%"
"07/02/2007","1,682.69","1,665.96","1,684.36","1,665.28","","1.00%"
"06/29/2007","1,665.96","1,669.70","1,678.85","1,656.73","","-0.20%"
"06/28/2007","1,669.28","1,654.90","1,677.46","1,654.89","","0.87%"
"06/27/2007","1,654.89","1,672.67","1,672.68","1,649.60","","-1.06%"
"06/26/2007","1,672.68","1,654.93","1,674.16","1,649.51","","1.07%"
"06/25/2007","1,654.93","1,675.60","1,675.65","1,654.83","","-1.24%"
"06/22/2007","1,675.65","1,673.61","1,686.13","1,667.98","","0.12%"
"06/21/2007","1,673.59","1,700.95","1,701.09","1,671.76","","-1.62%"
"06/20/2007","1,701.09","1,670.37","1,703.53","1,670.36","","1.84%"
"06/19/2007","1,670.36","1,682.22","1,692.65","1,665.78","","-0.71%"
"06/18/2007","1,682.22","1,672.29","1,691.01","1,672.29","","0.59%"
"06/15/2007","1,672.29","1,662.71","1,679.30","1,651.00","","0.58%"
"06/14/2007","1,662.71","1,611.57","1,662.71","1,610.83","","3.22%"
"06/13/2007","1,610.83","1,594.03","1,611.73","1,582.71","","1.46%"
"06/08/2007","1,587.66","1,587.93","1,594.41","1,566.32","","-0.02%"
"06/07/2007","1,587.93","1,607.91","1,615.10","1,585.90","","-1.24%"
"06/06/2007","1,607.94","1,615.35","1,628.88","1,596.98","","-0.46%"
"06/05/2007","1,615.31","1,611.81","1,632.14","1,611.81","","0.22%"
"06/04/2007","1,611.81","1,619.89","1,624.54","1,597.73","","-0.50%"
"06/01/2007","1,619.89","1,570.41","1,621.49","1,555.67","","3.16%"
"05/31/2007","1,570.34","1,516.10","1,570.83","1,516.09","","3.58%"
"05/30/2007","1,516.09","1,524.42","1,524.79","1,485.66","","-0.57%"
"05/29/2007","1,524.79","1,560.82","1,574.51","1,518.30","","-2.31%"
"05/28/2007","1,560.83","1,581.51","1,595.63","1,547.43","","-1.31%"
"05/25/2007","1,581.51","1,578.50","1,591.00","1,555.38","","0.19%"
"05/24/2007","1,578.57","1,596.18","1,597.42","1,543.81","","-1.18%"
"05/23/2007","1,597.42","1,645.83","1,645.86","1,595.00","","-2.94%"
"05/22/2007","1,645.86","1,651.34","1,657.95","1,633.98","","-0.33%"
"05/21/2007","1,651.34","1,645.96","1,662.25","1,645.53","","0.34%"
"05/18/2007","1,645.72","1,619.13","1,648.09","1,618.91","","1.66%"
"05/17/2007","1,618.91","1,635.36","1,648.96","1,616.07","","-1.01%"
"05/16/2007","1,635.36","1,605.51","1,635.98","1,603.04","","1.86%"
"05/15/2007","1,605.46","1,632.44","1,632.46","1,600.53","","-1.65%"
"05/14/2007","1,632.46","1,625.85","1,649.71","1,606.33","","0.42%"
"05/11/2007","1,625.69","1,664.89","1,664.89","1,621.04","","-2.35%"
"05/10/2007","1,664.89","1,684.11","1,704.49","1,659.08","","-1.14%"
"05/08/2007","1,684.11","1,697.67","1,702.67","1,681.29","","-0.80%"
"05/07/2007","1,697.67","1,698.33","1,707.23","1,694.36","","-0.04%"
"05/04/2007","1,698.33","1,693.73","1,705.12","1,691.56","","0.27%"
"05/03/2007","1,693.73","1,679.19","1,701.29","1,679.18","","0.87%"
"05/02/2007","1,679.18","1,697.28","1,698.43","1,676.49","","0.05%"
"04/27/2007","1,678.27","1,726.12","1,729.03","1,668.65","","-2.77%"
"04/26/2007","1,726.12","1,741.46","1,757.63","1,723.60","","-0.88%"
"04/25/2007","1,741.45","1,732.77","1,744.28","1,714.05","","0.50%"
"04/24/2007","1,732.83","1,741.22","1,751.45","1,714.74","","-0.48%"
"04/23/2007","1,741.22","1,743.38","1,758.10","1,738.26","","-0.12%"
"04/20/2007","1,743.34","1,692.32","1,743.97","1,692.05","","3.03%"
"04/19/2007","1,692.05","1,726.17","1,726.26","1,671.57","","-1.98%"
"04/18/2007","1,726.26","1,754.60","1,759.44","1,726.26","","-1.62%"
"04/17/2007","1,754.64","1,777.84","1,777.84","1,742.93","","-1.30%"
"04/16/2007","1,777.84","1,770.25","1,780.54","1,760.51","","0.43%"
"04/13/2007","1,770.23","1,734.19","1,772.78","1,734.17","","2.08%"
"04/12/2007","1,734.17","1,754.91","1,754.93","1,730.15","","-1.18%"
"04/11/2007","1,754.91","1,758.01","1,765.95","1,752.09","","-0.17%"
"04/10/2007","1,757.97","1,752.65","1,761.77","1,734.19","","0.30%"
"04/09/2007","1,752.65","1,727.37","1,758.91","1,727.37","","1.46%"
"04/06/2007","1,727.37","1,718.48","1,727.54","1,718.48","","0.52%"
"04/05/2007","1,718.48","1,702.17","1,720.98","1,702.17","","0.96%"
"04/04/2007","1,702.17","1,700.16","1,715.82","1,700.07","","0.12%"
"04/03/2007","1,700.16","1,695.53","1,705.77","1,685.54","","0.27%"
"04/02/2007","1,695.52","1,698.09","1,698.29","1,679.87","","-0.15%"
"03/30/2007","1,698.08","1,717.82","1,730.36","1,690.49","","-1.15%"
"03/29/2007","1,717.81","1,696.59","1,718.00","1,696.21","","1.25%"
"03/28/2007","1,696.58","1,681.06","1,707.16","1,679.17","","0.92%"
"03/27/2007","1,681.06","1,700.92","1,702.85","1,675.97","","-1.17%"
"03/26/2007","1,701.02","1,701.96","1,713.40","1,697.75","","-0.05%"
"03/23/2007","1,701.93","1,680.09","1,703.58","1,671.60","","1.30%"
"03/22/2007","1,680.09","1,646.08","1,688.90","1,646.07","","2.07%"
"03/21/2007","1,646.07","1,629.52","1,650.58","1,629.09","","1.02%"
"03/20/2007","1,629.52","1,647.68","1,657.21","1,617.24","","-1.10%"
"03/19/2007","1,647.64","1,609.80","1,647.79","1,609.80","","2.35%"
"03/16/2007","1,609.80","1,603.14","1,622.49","1,598.78","","0.41%"
"03/15/2007","1,603.15","1,569.87","1,609.95","1,569.87","","2.12%"
"03/14/2007","1,569.87","1,610.88","1,614.61","1,528.54","","-2.77%"
"03/13/2007","1,614.61","1,608.95","1,630.77","1,596.39","","0.35%"
"03/12/2007","1,608.94","1,609.71","1,635.41","1,599.41","","-0.05%"
"03/09/2007","1,609.71","1,566.39","1,625.68","1,565.39","","2.83%"
"03/07/2007","1,565.39","1,561.95","1,583.64","1,548.88","","0.22%"
"03/06/2007","1,561.93","1,539.00","1,571.17","1,538.98","","1.49%"
"03/05/2007","1,538.98","1,591.23","1,591.32","1,484.69","","-3.29%"
"03/02/2007","1,591.32","1,583.33","1,608.68","1,566.48","","0.51%"
"03/01/2007","1,583.28","1,655.23","1,673.11","1,553.01","","-4.35%"
"02/28/2007","1,655.25","1,682.00","1,682.12","1,608.85","","-1.60%"
"02/27/2007","1,682.12","1,754.74","1,754.75","1,672.74","","-4.14%"
"02/26/2007","1,754.75","1,728.44","1,756.85","1,728.44","","1.52%"
"02/22/2007","1,728.44","1,697.98","1,729.13","1,697.21","","1.84%"
"02/21/2007","1,697.21","1,682.48","1,703.14","1,682.48","","0.88%"
"02/20/2007","1,682.48","1,696.59","1,702.97","1,682.34","","-0.83%"
"02/19/2007","1,696.59","1,694.26","1,713.16","1,694.25","","0.14%"
"02/16/2007","1,694.26","1,690.85","1,698.35","1,676.59","","0.20%"
"02/15/2007","1,690.84","1,690.97","1,707.57","1,685.40","","-0.01%"
"02/14/2007","1,690.97","1,678.88","1,693.91","1,676.80","","0.72%"
"02/13/2007","1,678.88","1,639.61","1,679.03","1,618.92","","2.40%"
"02/12/2007","1,639.61","1,695.21","1,695.24","1,639.47","","-3.28%"
"02/09/2007","1,695.24","1,679.76","1,708.25","1,679.76","","0.92%"
"02/08/2007","1,679.79","1,724.33","1,724.39","1,678.70","","-2.58%"
"02/07/2007","1,724.34","1,730.73","1,738.89","1,714.59","","-0.37%"
"02/06/2007","1,730.73","1,713.63","1,735.82","1,708.00","","1.00%"
"02/05/2007","1,713.63","1,701.26","1,714.15","1,698.68","","0.73%"
"02/02/2007","1,701.26","1,702.85","1,712.21","1,682.19","","-0.09%"
"02/01/2007","1,702.85","1,656.95","1,707.47","1,656.94","","2.77%"
"01/31/2007","1,656.94","1,645.03","1,668.30","1,645.02","","0.72%"
"01/30/2007","1,645.02","1,641.97","1,645.54","1,606.44","","0.19%"
"01/29/2007","1,641.98","1,669.82","1,685.03","1,640.44","","-1.67%"
"01/26/2007","1,669.82","1,681.27","1,681.46","1,664.93","","-0.69%"
"01/25/2007","1,681.46","1,662.30","1,695.50","1,662.28","","1.15%"
"01/24/2007","1,662.28","1,664.18","1,690.32","1,658.48","","-0.11%"
"01/23/2007","1,664.18","1,654.64","1,666.30","1,643.39","","0.58%"
"01/22/2007","1,654.65","1,617.09","1,655.56","1,617.09","","2.32%"
"01/19/2007","1,617.09","1,607.54","1,617.43","1,595.60","","0.59%"
"01/18/2007","1,607.54","1,610.76","1,647.88","1,605.36","","-0.20%"
"01/17/2007","1,610.76","1,641.30","1,655.15","1,597.21","","-1.86%"
"01/16/2007","1,641.31","1,650.83","1,680.41","1,636.15","","-0.58%"
"01/15/2007","1,650.83","1,591.67","1,652.93","1,591.47","","3.73%"
"01/12/2007","1,591.47","1,599.57","1,602.85","1,581.30","","-0.51%"
"01/11/2007","1,599.67","1,569.64","1,608.19","1,556.53","","1.90%"
"01/10/2007","1,569.83","1,571.93","1,580.65","1,528.85","","-0.13%"
"01/09/2007","1,571.93","1,692.14","1,693.47","1,567.69","","-7.18%"
"12/29/2006","1,693.47","1,677.16","1,698.44","1,677.16","","0.97%"
"12/28/2006","1,677.16","1,642.90","1,684.31","1,642.90","","2.08%"
"12/27/2006","1,642.91","1,615.17","1,643.25","1,611.46","","1.71%"
"12/26/2006","1,615.21","1,614.42","1,620.30","1,610.36","","0.05%"
"12/25/2006","1,614.41","1,619.47","1,623.31","1,608.99","","-0.31%"
"12/22/2006","1,619.47","1,629.85","1,635.96","1,617.76","","-0.64%"
"12/21/2006","1,629.82","1,625.16","1,630.07","1,614.60","","0.29%"
"12/20/2006","1,625.16","1,604.24","1,631.03","1,604.19","","1.31%"
"12/19/2006","1,604.19","1,631.47","1,631.50","1,582.79","","-1.67%"
"12/18/2006","1,631.50","1,627.69","1,633.72","1,622.21","","0.23%"
"12/15/2006","1,627.69","1,614.38","1,630.08","1,614.09","","0.84%"
"12/14/2006","1,614.09","1,599.80","1,615.03","1,599.74","","0.90%"
"12/13/2006","1,599.74","1,608.44","1,610.69","1,569.53","","-0.54%"
"12/12/2006","1,608.44","1,611.67","1,623.65","1,605.27","","-0.20%"
"12/11/2006","1,611.67","1,613.27","1,627.15","1,597.37","","-0.10%"
"12/08/2006","1,613.27","1,607.14","1,617.74","1,599.82","","0.38%"
"12/07/2006","1,607.10","1,602.36","1,616.08","1,595.47","","0.29%"
"12/06/2006","1,602.42","1,581.00","1,603.85","1,580.94","","1.36%"
"12/05/2006","1,580.94","1,564.14","1,589.53","1,564.13","","1.07%"
"12/04/2006","1,564.14","1,550.06","1,565.00","1,550.04","","0.91%"
"12/01/2006","1,550.04","1,550.70","1,565.52","1,546.42","","-0.03%"
"11/30/2006","1,550.58","1,546.97","1,558.83","1,545.15","","0.23%"
"11/29/2006","1,546.95","1,521.11","1,547.51","1,521.11","","1.70%"
"11/28/2006","1,521.11","1,518.79","1,521.11","1,505.81","","0.15%"
"11/27/2006","1,518.79","1,518.06","1,529.48","1,516.44","","0.05%"
"11/24/2006","1,518.06","1,516.67","1,521.73","1,508.74","","0.09%"
"11/23/2006","1,516.67","1,502.87","1,518.82","1,502.53","","0.94%"
"11/22/2006","1,502.53","1,509.88","1,521.81","1,501.04","","-0.49%"
"11/21/2006","1,509.87","1,490.63","1,513.00","1,490.58","","1.29%"
"11/20/2006","1,490.58","1,500.13","1,505.83","1,485.94","","-0.64%"
"11/17/2006","1,500.11","1,519.00","1,519.01","1,485.55","","-1.24%"
"11/16/2006","1,519.01","1,504.65","1,521.00","1,498.08","","0.96%"
"11/15/2006","1,504.61","1,498.75","1,509.14","1,496.84","","0.39%"
"11/14/2006","1,498.73","1,500.30","1,507.75","1,490.18","","-0.10%"
"11/13/2006","1,500.30","1,503.54","1,511.19","1,495.37","","-0.22%"
"11/10/2006","1,503.55","1,502.86","1,506.76","1,487.28","","0.05%"
"11/09/2006","1,502.86","1,477.41","1,505.11","1,477.37","","1.73%"
"11/08/2006","1,477.37","1,480.88","1,484.38","1,468.62","","-0.24%"
"11/07/2006","1,480.88","1,453.12","1,488.66","1,452.72","","1.94%"
"11/03/2006","1,452.72","1,435.20","1,454.65","1,434.13","","1.22%"
"11/02/2006","1,435.21","1,455.99","1,456.00","1,432.82","","-1.43%"
"11/01/2006","1,456.00","1,426.87","1,458.18","1,426.86","","2.04%"
"10/31/2006","1,426.86","1,403.66","1,427.11","1,399.46","","1.65%"
"10/30/2006","1,403.65","1,434.97","1,434.97","1,400.54","","-2.18%"
"10/27/2006","1,434.97","1,443.07","1,444.39","1,420.02","","-0.56%"
"10/26/2006","1,443.08","1,449.11","1,462.94","1,437.50","","-0.42%"
"10/25/2006","1,449.10","1,429.47","1,449.10","1,424.38","","1.37%"
"10/24/2006","1,429.47","1,439.78","1,444.66","1,416.24","","-0.71%"
"10/23/2006","1,439.74","1,442.80","1,448.06","1,424.77","","-0.21%"
"10/20/2006","1,442.83","1,455.07","1,466.82","1,436.60","","-0.84%"
"10/19/2006","1,455.07","1,448.45","1,455.38","1,438.54","","0.46%"
"10/18/2006","1,448.47","1,424.10","1,451.67","1,422.80","","1.71%"
"10/17/2006","1,424.10","1,438.16","1,457.75","1,421.70","","-0.98%"
"10/16/2006","1,438.13","1,439.69","1,450.99","1,426.53","","-0.10%"
"10/13/2006","1,439.57","1,413.23","1,440.68","1,412.70","","1.90%"
"10/12/2006","1,412.70","1,417.70","1,417.90","1,399.65","","-0.37%"
"10/11/2006","1,417.90","1,409.24","1,418.21","1,387.02","","0.61%"
"10/10/2006","1,409.31","1,412.20","1,421.11","1,394.20","","-0.21%"
"10/09/2006","1,412.24","1,374.72","1,412.95","1,367.00","","2.73%"
"10/06/2006","1,374.71","1,385.14","1,390.05","1,363.06","","-0.75%"
"10/05/2006","1,385.13","1,338.70","1,396.21","1,338.27","","3.50%"
"10/04/2006","1,338.27","1,334.52","1,345.37","1,304.65","","0.28%"
"10/03/2006","1,334.56","1,368.02","1,369.39","1,330.82","","-2.54%"
"10/02/2006","1,369.39","1,367.27","1,384.65","1,358.84","","0.16%"
"09/29/2006","1,367.24","1,368.09","1,379.93","1,351.19","","-0.06%"
"09/28/2006","1,368.09","1,333.55","1,372.75","1,333.55","","2.59%"
"09/27/2006","1,333.55","1,305.87","1,343.28","1,305.77","","2.13%"
"09/26/2006","1,305.77","1,255.51","1,305.77","1,255.48","","4.01%"
"09/25/2006","1,255.48","1,300.21","1,300.21","1,253.38","","-3.44%"
"09/22/2006","1,300.21","1,347.78","1,357.23","1,299.47","","-3.53%"
"09/21/2006","1,347.78","1,368.96","1,376.28","1,338.70","","-1.58%"
"09/20/2006","1,369.40","1,396.06","1,396.07","1,355.67","","-1.91%"
"09/19/2006","1,396.07","1,384.48","1,399.50","1,384.47","","0.84%"
"09/18/2006","1,384.47","1,369.59","1,390.48","1,367.38","","1.09%"
"09/15/2006","1,369.59","1,379.17","1,396.22","1,364.63","","-0.85%"
"09/14/2006","1,381.32","1,384.31","1,412.75","1,379.16","","-0.21%"
"09/13/2006","1,384.16","1,371.46","1,396.04","1,356.99","","0.92%"
"09/12/2006","1,371.58","1,349.81","1,371.83","1,348.82","","1.65%"
"09/11/2006","1,349.28","1,405.86","1,405.87","1,343.57","","-4.03%"
"09/08/2006","1,405.87","1,402.36","1,413.85","1,395.30","","0.25%"
"09/07/2006","1,402.36","1,446.31","1,446.37","1,395.64","","-3.04%"
"09/06/2006","1,446.37","1,481.19","1,481.21","1,443.30","","-2.35%"
"09/05/2006","1,481.21","1,451.30","1,482.21","1,442.70","","2.06%"
"09/04/2006","1,451.30","1,434.05","1,453.38","1,431.26","","1.21%"
"09/01/2006","1,434.01","1,448.72","1,453.72","1,431.33","","-1.02%"
"08/31/2006","1,448.72","1,459.18","1,474.25","1,443.61","","-0.72%"
"08/30/2006","1,459.16","1,450.43","1,466.58","1,450.41","","0.60%"